ID,Target
DFO6773,0.4570551213918222
ACG1537,0.582131548152328
DQL8503,0.5602264193240093
SIM5667,0.2807924277456756
CGP5642,0.17116224297848437
RPR2789,0.22127805697076208
HGL6434,0.3662164797159104
PUI8765,0.529121092456695
RQE9284,0.5380416383668325
IBC5636,0.6141165389968254
ROD6708,0.6802145314934894
PVG1848,0.47187295707771665
THG3807,0.3495430907676365
VAU3040,0.6419055262634946
DWL2697,0.30553427882708006
ZAN7304,0.7043110438388535
TVE9995,0.21793790629453683
PCF6080,0.566324562335559
UPT5060,0.49417915753693414
HKP8843,0.5477282080383391
QJU1928,0.34109915533932506
ZON6991,0.35855642220770007
RAE1398,0.342283280094746
SWH4514,0.48491836398717925
IIG1667,0.4218162024252073
VMS8326,0.44698278264472624
GRQ7156,0.3914335831659254
CAE5003,0.461754452007891
FRS9838,0.32154377334775286
DFN4452,0.7506062337617173
GZO1321,0.1369412891227026
RGA5708,0.6193679004034602
ZJV4081,0.4986930512723231
WXI1643,0.27050747126450125
SBD7132,0.3974035772080333
HZL3502,0.7659321553018025
WKR0537,0.24218140844751027
XLB2397,0.1705666975458092
ACA6327,0.4272703254416077
IOC0400,0.5529553968304294
UCF3461,0.21094246660942942
EAH5172,0.5662964653793922
ZMH9077,0.704148654952719
ETP6377,0.5151036162990277
BRN1398,0.6088605265589407
PFW7493,0.5984610331188676
DTB4517,0.8347926166060017
ILK1949,0.4532273133295962
PBE7941,0.5328210291780034
HJR0365,0.7228470400239513
ZMC9606,0.7735432315474449
FLT3646,0.4309351307884252
PYI1436,0.5134231251160389
MJQ4939,0.3537249920294881
TSY2603,0.8324902420273831
YDG0242,0.7803184477462607
SIZ1523,0.48514065651187593
HSD3272,0.5831632011083817
QGG9170,0.35315666035749643
KUP3285,0.25222519311463154
SRM1677,0.5646633120074878
WUA7908,0.4319510196935638
SID8395,0.17957416702494758
VOK2057,0.6762355897171407
XZK8217,0.6535766066442232
NNT9148,0.3080200370183633
TMJ9163,0.47726826346794265
CNL5625,0.30296816461822274
LDU1725,0.3531105750727606
MCZ6471,0.4839914353172669
CLT8952,0.4817088245814372
ELK6989,0.6095068749286832
BBW4784,0.20612477241110239
QAY3817,0.7407445310651877
AYC4715,0.42888625276067815
BEM7158,0.7554668285742641
BWZ1441,0.4124774661477058
UBF2009,0.3738110178158132
LRC6071,0.7472503447948579
ODN6164,0.7051897775696601
AMQ8363,0.7794574766498313
XZQ0660,0.5307960327389682
BZN0084,0.5190466236539648
PMP2691,0.38774531692034225
ETA5284,0.6655681325764544
OJY4163,0.4705126161511412
IFE1361,0.6031148843300997
GIZ8603,0.6906477854844791
OZI7954,0.37672513772453664
XLJ9298,0.6126543105406634
EPS9448,0.683347127699643
DKV5123,0.5212536043636411
JMM7357,0.16458930998314897
BSP2705,0.6749809346593905
NNH3400,0.39344231094660537
WYY4670,0.43298337597887404
PNS7835,0.3691305189415323
ZJU6296,0.24434453140691784
FBV1095,0.63663141195215
AQY6650,0.5527647743603331
WWO8325,0.29505920819526354
UAR0401,0.28680482390372297
FFJ6554,0.2207188034685352
HQA2546,0.5410669410408937
TIO2245,0.5239208692293406
UYC8813,0.34618815724832697
TFZ3535,0.7458734734310769
WET5158,0.3867885185683724
TYB4328,0.6035946188002727
DJW5769,0.5580568030684231
TFJ7526,0.6445119888368649
IME8210,0.5806765163219423
XAC2820,0.3027511403772229
BCN1457,0.3404302661278159
ZXL1102,0.8021835785301591
NNR7100,0.46991760089927215
LZL5785,0.6307090289104549
HOJ4432,0.3689732632882503
QCK4637,0.3282147157259812
ZVA9791,0.4363528051900968
QRJ4411,0.5547994617896936
UCZ8863,0.44253119089450516
MKX7122,0.35441537057836986
GXA8899,0.5425652522325486
EAX7700,0.24558691583232037
QOH3789,0.6379487661535309
NGC4355,0.47507285459187154
VJQ4277,0.35579404780799434
QZM9978,0.28478218783877346
TAQ3968,0.4834536252671972
XBQ7957,0.6642785741135444
GUP9966,0.7214472680999263
IZD6170,0.1170336082488237
TME9261,0.2693416857990336
DJO2039,0.4070857392162873
RSA0679,0.25162320638769414
SBW0791,0.8571096346395113
QSV7106,0.45980409092223246
JMP1245,0.5673615176116776
GUD9321,0.5174936105995716
LXM2954,0.6036741332946661
LGI4642,0.5996159516598171
BQS7913,0.45964763235631473
XJS3739,0.6160768918832433
BUF1276,0.5197220686959229
JTC1315,0.3003680335351708
WCG0333,0.18102904385337917
AKV2947,0.19700004684021583
BTW7748,0.5068338396340852
OGY1474,0.3658437695794073
SSC6417,0.0958498628248751
RIO4406,0.665823930157075
RWS6732,0.3584869341090915
PAY3626,0.39325005187936474
IWQ0772,0.4647470539859924
CQC7476,0.3961050391600673
FRA2470,0.44931095611481053
LBI8368,0.34129109140694697
VBO9478,0.4054219243685552
XRQ6385,0.34955298122106687
ILW4257,0.2600151589203268
GDS1490,0.43233233425452444
PXX0426,0.667928321146347
XJM2247,0.22309026338288307
DOL0347,0.6212327945390301
WFV1019,0.23987567234658078
UVT5968,0.2769383580791423
BLH0526,0.41189611426747563
JTN3703,0.7739530691674448
BCU6206,0.7686258541313417
UTW6518,0.4513108318202511
AQN4052,0.1696848360948563
TMU2581,0.3455181549322543
EDJ3712,0.5292063581777896
VTR3659,0.589138021984631
FDI2651,0.2594747660138016
OHH3383,0.49299111227338677
XVH7995,0.3016303146531364
IVY6009,0.5292319128847495
YDN1128,0.18897087365309703
NEF1312,0.598875318703367
QEA4547,0.46258330612911563
YKQ7318,0.5982216712698692
ZKQ2426,0.711079913864265
YJQ6360,0.47744523761788776
YDZ5100,0.29058173962854794
LTT2841,0.5911365166997402
TWU6658,0.18111811014785772
LCW9731,0.3167924183128489
MKT5578,0.36311565584974836
DVK9351,0.5287453515473357
ZMP8248,0.22365165494117129
KYY7821,0.2260674462471463
AVJ8974,0.551357529556063
DOK9100,0.28756969580644637
ECD7626,0.47893362501924686
YNF2554,0.38627188535275797
CTU6321,0.724013643180449
GMF7103,0.319997366903708
BRF3061,0.2959266270308848
RJB8313,0.7030479750396612
KMC2649,0.3733447363945941
AAL3606,0.6323399773340016
KIF3467,0.6012576338012803
YBI5203,0.5804818938564313
WLI2207,0.4914881238763315
NXE2716,0.15025847146772858
QDS5954,0.3509771783846048
EKN9573,0.36962235179164016
FNC0226,0.4155794730252919
SJU0287,0.410848728428855
EFB6786,0.7150046852827251
UVC2479,0.23242109079354792
GST7887,0.21115219423217402
IOM4923,0.1981250106007586
SZO9257,0.5113666640767452
FSX6639,0.3291105423360077
EIH7872,0.6000819252609018
DYV7545,0.43430554751987027
SQW3453,0.4376173022807315
ELA4440,0.512716014124164
VOX5185,0.4110146363291642
ZKK2844,0.46028414397185524
OOC9500,0.5535656475396445
HIG7345,0.5848357787386421
UVQ0146,0.40764962368132224
PSS9989,0.44343145391078487
VQN9394,0.7284262479623028
UGY8965,0.6538541307691659
VDG8451,0.6601311181399675
OLT9843,0.6098580607724491
LOG2264,0.33513256060350316
YFS9689,0.7110406426596885
GBE3000,0.39584573344040447
CBK7888,0.34211728946454967
MSJ3134,0.3498978495509443
MJH6242,0.2659478288715849
YZU8809,0.73123624048459
CWG0188,0.6842975833225561
SYG1986,0.688160241165547
NBC1180,0.31608721415936725
SLW9447,0.5087003183257651
WYY2045,0.6156370143739947
MFT2817,0.3535676556274761
ZGJ2969,0.7654471112516595
CUA0202,0.36452971626091135
GGT6416,0.5970787546778816
LZU5185,0.5291115039264547
XNX2676,0.4301946273022567
CFI1200,0.7677428367796648
PAP1874,0.337938724853833
UPZ5905,0.5733884501784137
DQX4472,0.7850393380467627
BZS9230,0.1777796885492538
KQE7116,0.4569360296585668
VBA8686,0.7815885969791848
PKJ0136,0.4299853258143429
TDE1710,0.24304902878110235
UDL9511,0.5001788130941953
OJA7544,0.6024105864994971
WID8415,0.7055864911753528
IXL1208,0.5850113021330879
UWT3931,0.6385985220211209
QGG5977,0.2325608111577369
ANA7964,0.5080839502666271
HEF4116,0.702853296371609
JXQ5032,0.30423685316007953
XRU6956,0.6152133371985595
SME8030,0.4090419515689596
IRZ5669,0.706680095828577
FFX2740,0.602118617632502
JXE7156,0.301647279633768
EOJ6968,0.41749139932586643
UKH4457,0.3490485287481856
QSD0662,0.448550521517867
CDH8767,0.42812921733562326
NCZ1766,0.5159221692923465
CBE7721,0.5974267762686218
JAF1807,0.70313470552524
VZE9639,0.26381116491916157
QVH2896,0.344358975120882
SUF9796,0.3703242259416492
KQD2227,0.3273591153247987
OXN3636,0.41701184362774474
EKX7884,0.46768727796042103
UBB3172,0.31619097697711473
AWZ8951,0.25079786819518424
COQ6853,0.49885368383798495
LHK8813,0.44829544389539394
MMJ3810,0.5517938112104998
DQZ9725,0.1894716859340835
CVH0937,0.4986359662460311
MMZ6751,0.5797577443389197
PVN8363,0.3145258620436259
XWI0820,0.7218294469855505
FSR2001,0.7425204021700536
JYN3021,0.4633984235604074
KPY1302,0.6133214952201754
IDR0248,0.6215560225901124
LHN8416,0.43434397069679415
XRI5806,0.7146003894569622
TAE6093,0.5411334072673087
BUU8360,0.8437939184652052
FJP4956,0.6215814914144029
VIG6768,0.6431946344357731
WYD1366,0.5381415721807418
EHS7518,0.5828725161708947
QJA1196,0.5392251426958893
WCP9282,0.7044295377267201
ELK3640,0.6735032473355695
IRY8613,0.7772645762156859
IGR0423,0.411487638649326
YAH1716,0.5712212684442826
OBG5674,0.1655477958670172
OQQ8607,0.42825194419459106
LXD9398,0.3549871809849348
NGV1153,0.51768781368906
IRE9130,0.2318899547698533
IWL0174,0.33941415244568424
NCY2045,0.22725823473969764
XFE8683,0.3309422332402901
FPB0008,0.5149975435716246
VIP0940,0.49368425202903976
JQR1894,0.699763293383028
ROX1611,0.1840770659591433
ALM5771,0.22252762267753617
LEY6688,0.12051082938743132
VGG4396,0.34430957508197385
RHU7416,0.47173643449602876
MWJ5507,0.7296306689865671
ULY9181,0.5627820772494428
IMG2600,0.6221022834619749
OUP9451,0.5953041565745053
MIR9240,0.5774085412643265
ZRL9800,0.7884773956033718
NWC1345,0.21491588673224968
VNH1391,0.38741608923256554
JXW4828,0.44522958251031847
VBZ7199,0.40555019141303117
WLF0421,0.31326944353240505
UKR0792,0.7449177335902037
QJF9545,0.2755384232238918
LEO5692,0.47694223122751056
DJG6508,0.6988330162678048
AOE3363,0.3800030639558954
OSU3876,0.4936999449618635
WMS2804,0.36022632005530175
KRN6708,0.6137490618124798
IFE5408,0.1973219455007923
ASP4223,0.5193706319350827
ACI7391,0.3700311198488013
DDA0281,0.3117315354305458
LIH6429,0.09616398721754216
HWP8777,0.7283171841579344
LFJ4299,0.32020866003786336
AIY6599,0.4790726472568369
QRB3811,0.5165633967601131
FUE9670,0.6064172085291655
JBM8920,0.3712939898709941
MYX0246,0.46117174996452437
CTC5913,0.8132029470574127
RZN3717,0.36701041708508536
NXF0575,0.5378262963785603
QJQ5816,0.2079219509739389
SMN2492,0.4896406606026004
YNS1825,0.13588703099076163
GDM4311,0.3277638590419719
MPQ9948,0.4997364123266853
BSI2741,0.45630052116208025
MHT9814,0.3919665116705092
KQW4336,0.6648827927959556
SGK9596,0.5619615504865263
WYI2584,0.22416264553153603
JPM3125,0.23879110926954666
TWO6625,0.5770389260048369
ZYR9195,0.2635087379584231
UBX3089,0.3411851219608815
HIY3832,0.2041831734499319
RSQ2014,0.5240774138990917
HBN5862,0.320414461308041
PWI1151,0.5782180034718503
VHV9062,0.3281295218255614
TNG6275,0.6432497924252141
ZGT7648,0.8576533749360469
BTJ5094,0.7094817606318593
OWQ1317,0.6760946063432356
FZJ8283,0.7167103201391128
AAU0759,0.6630843723861737
NXH5986,0.7134939859913321
UAC7517,0.6615572181915521
HQD4364,0.6367573008365462
SRF2584,0.42055094659019004
YYA8087,0.38667603912035925
NBA4065,0.3161386968466168
NZT0627,0.12123839214990588
OEB8359,0.3252715040206995
YPR6624,0.41690519929766984
KCH5008,0.40527471623864103
STC3523,0.658925144347737
MGY3123,0.5584952656759291
LRY1938,0.5356033388285807
SVA7219,0.138734210517934
DNC9467,0.6849054340849096
LRC2676,0.47157377608350887
APM1038,0.5737551135462395
YJZ9859,0.4230559254785355
VYX7142,0.510445612205132
MFK2019,0.36375671179041674
FPE6810,0.5367409893824697
XBT9674,0.47454421510462874
ZPG6061,0.4509821616299487
FCG9088,0.38537647154415916
URC2367,0.17714009047823323
EHT5699,0.5372988860427491
XAJ0279,0.5320057051810063
ORX2274,0.6867026774499942
HJO8517,0.5234735071413271
MIU6675,0.5204703013962411
GWB1362,0.6545359861121596
GJB8260,0.31786165438015135
UWX1200,0.7048066980617161
JXP2884,0.2959486260473138
PNU7995,0.31162594860673554
ICK8620,0.7676016259064579
YVG7100,0.40101093422449385
ZQA6204,0.5831174868741678
PNP3590,0.453972740678237
CTN4936,0.7331100486801447
AFE9344,0.35961200196193965
HJG7797,0.4121035760173754
IMN9206,0.5774107026200184
JAD4840,0.5895437758282682
KKE4285,0.5135325866917737
HDB0095,0.6908080678203443
RCS8492,0.41650384232741605
GNF9509,0.3743939393411972
AAL3161,0.3814273544071649
TGQ7962,0.5125434847994865
CFF9202,0.3172871634378566
CMF9347,0.666242920009533
CIB2416,0.41022675292612537
CBK7203,0.5259860079639882
MRF2491,0.38961651662381
JMG7680,0.3678698479253641
RTC6762,0.6684971461634432
ZVD2009,0.6935291872349245
WFP9497,0.6035909707067256
PEX7134,0.2921035861648973
FHA1852,0.5454189417850718
UAO4501,0.33102820611286465
IQJ8723,0.5706369493509333
BQL5404,0.45913212193923336
KLN7250,0.29290057610210674
BNW3280,0.6767022551597851
AAN8609,0.3778422767571884
MEL1982,0.3707618610326512
QVT9418,0.5359104820678963
FNV8858,0.48112751449359514
KIO8299,0.27390857571832805
RSJ4654,0.139317851390987
BCH3690,0.5258817437883713
SYC9531,0.4045613202417494
KIL6229,0.47345674629401674
NBO4677,0.3370799142530749
EKA8324,0.6816273195360595
ZSQ6837,0.5489750864616743
WXK5001,0.39599854717453525
RUC4832,0.4045634938793955
KJK0672,0.4456458990311892
IQM0593,0.2988619433829906
LPK7313,0.7786763305037895
ZTQ2325,0.35750525629992214
GDC5285,0.7061656428581852
QUR5370,0.2744240868141238
SHR0678,0.5894946342181615
YES8392,0.6962220302197959
TOB4763,0.39603362253215124
YOU7542,0.3254352305000955
GSH8987,0.7573948458518079
WWZ2281,0.5999450637957523
ALA9742,0.6503945166324266
GCN5077,0.48907989065388563
ROO7648,0.3899157109238485
NVR0886,0.4342052868180033
RJF5346,0.5307024175267836
XLF9962,0.4114931602394499
ZGA9831,0.38446873062257253
WOC8918,0.7370714424443529
AHI6284,0.28707994559959027
NIU4213,0.7184764601866839
SQK5201,0.45905388061799773
AJO3590,0.4056902177426952
WZV6293,0.48457698517846126
NWA5890,0.4115162317746923
WVE5452,0.4855034958099143
YGS6044,0.4904479437896305
SUY4237,0.3179147028394327
PWC4767,0.4675783886464909
BPZ0803,0.27286399813669554
KJX2470,0.5181532256372406
KIE5395,0.6530432658318608
SLX0697,0.14676418854598744
UUK9663,0.3593578321886707
IUG5399,0.2504371159761276
ORV6100,0.4194422500310088
OFT6653,0.6143049985699249
XQY9087,0.1417339902665928
KTO5138,0.5602177677595817
JXM1524,0.43479327062351725
PWB2146,0.7443875825160533
FVU2525,0.2888483404753818
LYD1152,0.552792414747009
QTA7916,0.6462913836616023
OIR6331,0.5607867149513223
EYU4023,0.5713744951726151
QPP4425,0.6225776694128543
EBZ2462,0.7358748907977962
PEC0913,0.3645877724668809
RZW4685,0.3024235124803985
ARL1855,0.3162677772950926
GNM5799,0.2982363042804569
UWZ6120,0.7230315920817437
HHH9210,0.27477302549507765
AVB0694,0.2634403328962019
TMT4597,0.3847706227771958
UBS1325,0.29894709782700135
AGL0230,0.43589372438993496
RAY1338,0.7190157635063853
UBO3797,0.26544281604887654
CQF7521,0.25556813505944787
KDP1198,0.5117652701794838
INL0868,0.5949893547991845
GTK3189,0.3565591436540678
WTM4005,0.7396194092875692
FIP8993,0.7787092583859812
FCZ9834,0.4497708542239223
RML3792,0.5171418143979031
PMZ1560,0.49676962118718104
EGE4577,0.2721323504531758
AGD9018,0.26484961683511155
DAK7002,0.7958095180481383
RYM2412,0.5238612501248398
GQK3574,0.396028075202359
KDJ3912,0.44298515295583507
LWS1614,0.22331432333244924
CWL5798,0.5623921905271851
GOY7408,0.4791335496026969
MDY5140,0.48249681136913947
HHY3374,0.6702628127121342
BUJ9611,0.6556426732484825
QIF4923,0.6963635737896661
PAT5605,0.3026982600352716
ZVB1813,0.5937839076139687
SXC2843,0.5773819914624618
HBA6381,0.32404948828458274
RII5546,0.18822147339275694
HXS4855,0.5021397730229605
XBZ6752,0.36218852340053825
LWF5773,0.6300513860512471
DUQ8476,0.327180975806786
SEU1555,0.5504850430625815
RNP9751,0.4391540969823415
WIQ8770,0.4828095295874971
JSG5695,0.30225533645645586
FKO1241,0.35398081313822893
PCC3793,0.4700345703557417
CWD4541,0.2595945190059864
ROG9695,0.7127773431314481
MVR4037,0.6928256324810054
FMM6372,0.4841346058313767
BGB3523,0.8195589198222487
TTF6509,0.35237789296626715
ALW9297,0.4829049158500623
ZOS7568,0.7928838889665539
ABH8279,0.3401975440384498
UEK6628,0.3357632399162757
HNC0717,0.2941236933377224
JGT4554,0.5174957288349431
IJS7638,0.5371518616177106
ZZN6544,0.6529228264896428
YZA9256,0.5525357528297192
GZU9440,0.2494672036166292
ZLK8905,0.7109915919733255
ZWC9267,0.6016728822767762
BVE8079,0.21729620417448595
OYH5249,0.24860854826700315
KYH8521,0.44202716382244756
MZE1888,0.3317349099273147
CDN4250,0.610822631622149
UWE7463,0.6101762216204633
GZN3833,0.47058376554464404
BAO8553,0.6657669130018224
ACB4517,0.5932357707207039
SPU3212,0.572043913623907
BEH3042,0.3107004644616537
RQL3472,0.19282806229462573
MAW0136,0.5494846129242152
KLE0471,0.47030130691599553
ZAY0157,0.48614208906779416
SWT8253,0.6735591240254868
MPI6855,0.511839827186138
FWG3117,0.3949091703323229
CVS0423,0.21865918561431313
GOU2454,0.2989532643764795
PYB3720,0.2931309859938511
JZW5332,0.6964807944685196
ETY4656,0.6077870299789663
ETA7123,0.385689882181932
MOE5691,0.5164324959348305
LDA8763,0.7250691192153678
ZRX5373,0.4955445379339903
IJW7879,0.675694061563414
UZW0758,0.48983081271664913
OAG6186,0.42221075601361385
UAM1818,0.6183729070794395
FNN9065,0.6000027373019599
JLF1780,0.25757299143750445
YEY0893,0.4070091270508042
THB3713,0.3539048401992911
DVN6545,0.34808790771198217
TOM6543,0.4992376015026601
ZVO4515,0.28962420474037526
CYN2809,0.23082979920495306
XKB8356,0.26959612772573566
QPH0628,0.5327307489460126
BMM5092,0.2890528195365253
GYU8973,0.5334840773869332
XQI4092,0.5934238149471968
GSW2383,0.4190541570268502
RTU0647,0.5197773616806295
NRO6275,0.5154185557547745
WHT4713,0.45823176965357404
PSS5199,0.4330813894187716
HES2744,0.30541696402168655
GEJ7100,0.30112155017438175
JDD9640,0.16615648266270086
YTK9530,0.5600831239927614
FVE2799,0.3076741005408321
TSZ4979,0.4096752844419339
FEE4563,0.6612532966218527
VNQ7798,0.3552713050561509
QTG4449,0.382114120332303
GCJ5619,0.22077781641208033
VCM2564,0.18557889920400278
XZG3618,0.5898515180284915
XBU8194,0.2743380532068431
JUF6933,0.219626726576676
XVI8728,0.6407820816711862
RIN7079,0.5052240927026138
SNK1073,0.4195196913464466
WMR9670,0.5177846209290096
PZX8160,0.28597154448049933
TXS9808,0.13370256899239977
MEJ8315,0.5048191526965623
FRQ1522,0.4273665493206144
EGS6505,0.303354448284741
UZR6300,0.4613425404043035
LVL0476,0.41244846627436377
TZL5867,0.3334072415537792
RCS5132,0.13078880934007633
LTI5885,0.6978934499296979
YPS4288,0.4094268000068874
EHB7328,0.4773157624202074
HON1536,0.6894094829299025
GHL5700,0.2291755842276571
ACW4420,0.4385686274934941
GBT3538,0.3799571774580037
YID4243,0.21067432458256813
AYS9891,0.43175053967097615
KVT5468,0.43402729201338686
XRW8396,0.7525041962650375
NPA1002,0.589412398484862
LQR3842,0.5925028028711301
WRB9722,0.29985461706150446
WEC1460,0.6147178367483368
XFU3132,0.34369387074738683
HTE2743,0.6731620958191437
ISN9613,0.4033166429299737
JEQ0297,0.199011421533777
ZJY4720,0.1621904157461812
EOA8137,0.5201659776727258
LTW8046,0.639810169070984
YQH3278,0.618426251037539
CLX9204,0.7801675044933803
QRT0197,0.7077974826615185
OTW0820,0.13110989853483923
NNE6919,0.36932578419445505
LSO4428,0.32814157556450524
LZP5655,0.2623593494991244
LLT3946,0.578335386795576
NPM5272,0.599302533305767
MVF7543,0.3651511277718565
XJP2259,0.7198111914184191
FSO3741,0.39136271456095845
OOO7653,0.5146767157055616
UON4433,0.42421359869893166
MUF3433,0.7367115010729947
RZD7599,0.5748182144507129
RDM3372,0.6267400031124166
LYQ4178,0.17345251705521625
FZE9079,0.5354206273420553
JMS7931,0.776405273706365
BGQ3650,0.16281351485813134
ZFY7024,0.3446993594580667
JNV0033,0.2907010995850053
SNV8933,0.4154114021244134
XQQ5448,0.5279360978045129
JVI6426,0.2368746720593726
AJG2925,0.25747143483690815
XHP0971,0.2909912770294565
TRL3273,0.7406413591972962
INO5257,0.4610519343341554
KTX9283,0.3202851315690954
WAN2047,0.39621913050711405
EZW4173,0.5946127041995056
GVA8261,0.22845779366624253
TRN7688,0.39325749930422105
XXQ2067,0.49396396709889273
TLE5689,0.5755425374604888
XSO7171,0.27048328874770566
SWG9948,0.4575423330904419
EFH1289,0.5982505396487394
IHI0179,0.7579169058901948
CKT9987,0.3216329086497205
NEY7960,0.5652866638190692
IAN9597,0.5043203580543779
HUI4628,0.2524347189034475
RPK2559,0.24130657776307604
ISQ5968,0.601102553408903
GPO8313,0.4269709415510936
BTM1480,0.5631635190826478
CPA4097,0.5354672579609064
YBU6951,0.4334610744445944
NZP5864,0.6265772971804874
GUG5402,0.4080209259202346
ANG8993,0.2291821658892714
HAZ8153,0.4605489904177024
RIY8056,0.28544179433873357
VXL6740,0.35687393015281466
KKD2286,0.27625252662587396
OZJ2377,0.39903223231894674
TPY2223,0.4208645114763216
UGB7070,0.5629631392487804
XMQ6320,0.5986417716300675
WXJ6113,0.2598076662022752
DNT5997,0.47111848555993885
GTN8407,0.21816268329463143
OPX4184,0.3328248090859164
OOO9002,0.6265339101595601
SJM2211,0.5056852169052567
NHI6465,0.5357210135980255
DST5945,0.24835627547010009
IQD1148,0.35360073099624945
SHE0851,0.4048765986498945
BEW4511,0.2458150246081257
JPI0719,0.68753894920701
ZRE3751,0.8055425624163716
PAP1748,0.5061382150956212
SWM4204,0.35470447203863575
MDB2345,0.4393379587816462
IXT9815,0.42495907201877614
XZX1851,0.707886991070652
ODL4468,0.5839877065403521
VMV0614,0.4666676490722416
FFQ0287,0.4073126687997929
JJA5635,0.33841327064275417
QDZ8109,0.4666785231828156
UDK4641,0.7050417925802932
AUA7593,0.5505429287806259
JRT5690,0.5490311155657197
SAY0372,0.16933609496636004
DAP2327,0.5029427144896634
POB2969,0.4228197027408541
WMM5493,0.8228720937594425
ATA8626,0.32016141355912026
RYK7124,0.26760881162698713
WHQ9704,0.6009643547168354
SMI5794,0.6384799350993071
TVK7202,0.5684322719952358
EHX2873,0.6268879376874817
AVI7437,0.2017576787213267
UUX6205,0.8035003046036291
LYV7047,0.47982723260395027
XNK8631,0.6200594341037502
RCU0089,0.2246869659285531
PYY2224,0.21090693273167027
CMY6767,0.5262317263815167
LKU2429,0.22383553974775505
GGL3050,0.2803088418030392
UEB5168,0.6110465881113861
LEQ1966,0.31519171318836303
NPA0528,0.276262509856032
FKR5763,0.4623333341365621
RVG9026,0.4008180439537382
NDD9993,0.4446301765469001
QNU5649,0.38461202390943044
UMN0855,0.5259908663626969
ZSC7988,0.608253931663013
YJJ5065,0.3374084465394561
OQJ8732,0.5702745477633736
IGA4476,0.3851486337180794
BTU5140,0.29874287014388173
RDA0342,0.2458531964140864
EUE3994,0.37387142478529745
SCV4186,0.3542276549452772
CQL4046,0.7944264646556827
GUY2358,0.43925217939627237
URW9904,0.49212239584059214
WRG7171,0.4064643717853164
ACD2246,0.7606837475118231
INO4142,0.23702647158817175
PTY9539,0.18700006024348498
QAS7910,0.5489942070742021
RZJ5292,0.663880772502244
ZYW0866,0.22915812535812852
EMR1813,0.6619549113105013
GRQ2002,0.47970687267777345
SQN7208,0.24651094304238821
HUT1144,0.4577902255491582
LHE5009,0.3246529209197205
EZB0785,0.5971107663148664
PQM0525,0.7380770896691184
STT0519,0.17403884199414613
ZWO2588,0.5671549286425185
RDH0021,0.3493662853043368
THM1978,0.653888062294229
AIR4332,0.506436445423346
PGH1161,0.5182496125708745
SXM4608,0.6294557679561009
WJW5812,0.8147622971319173
RHX5336,0.4334615431655017
HYM1546,0.6564981668234777
KEC8696,0.45090082709850987
OQG2549,0.17187630896230519
XUU0192,0.3361352797519091
AQQ9230,0.5082993692534356
YPM4680,0.3935326438377572
MWF7718,0.6120380468966363
MXD5779,0.19224362781893004
UTB8959,0.3156805998493
TOO8154,0.5256245217901261
LJL8197,0.42348549585197315
CHA3496,0.447173534845334
BBU5421,0.17051948763302185
GSC0915,0.38160623465030197
QDK9607,0.31561868797184056
QIW0738,0.40891733809543435
OZO7612,0.5243836476896282
YSY9501,0.3655996794907999
UEI3008,0.5272669783916684
ULS8507,0.4617637188004735
AHS0758,0.4320081038310509
ENH4743,0.5061176750880706
CQZ5056,0.14375350556019162
JJM8301,0.505467161200454
KQP7442,0.7024749111318557
QUQ4381,0.7252870480467484
LBT0298,0.5609955151312187
QUB5329,0.28099763322397814
WCG2324,0.6481450228066818
YXH8003,0.41643569247261136
GEF3744,0.5094987662737827
JGC7613,0.40003230907620574
YDL6245,0.6014683518572462
MND3837,0.3653510124101339
QSU9207,0.24580417307361038
FID2110,0.5101218489931295
ZFK9137,0.49705789693192187
BZK3777,0.4102414496398899
VEZ6817,0.5079717176625941
JTU0326,0.23613480495483954
BXL4785,0.5179408704998212
UCK4966,0.5536839667069366
WRA0082,0.3478301489853685
GOF4110,0.26977442179741506
XLS6633,0.525759571881091
DGS1210,0.3364868861217802
QWA1794,0.21903200200870065
XFC5853,0.7046444590804517
HGK5319,0.2857918642392346
KQS8229,0.6945213296491356
BLV2818,0.42709991089745736
LZE5011,0.6531364021284012
PYN1910,0.5015192230358068
GUH7132,0.2320601752132633
PBW7602,0.6232702656985111
CNW2475,0.6856254479003208
VXK9874,0.674881009818167
UFZ8218,0.6540523467737697
ADV6084,0.21750219905977586
PFD3487,0.2890570905016907
CRM0707,0.5183549110335164
YLQ2622,0.44420673038315933
FJZ7605,0.48113946855647616
ABU4286,0.18003626827431765
ELP7252,0.35872364127163686
RFT7225,0.6770905304107843
PPK4577,0.41356230826114515
BWE6905,0.5726518752809747
VBQ4322,0.3787621345237869
HXS7343,0.2958225678731589
YSK9022,0.6527168840987497
LZJ3939,0.22908252024843692
WCD6269,0.5600726836842396
CLY6856,0.4411942122114983
PDU3383,0.4217475016351987
VOF4824,0.6126984167299026
QRA5442,0.27054769878109997
YAB0608,0.4020266472567533
PRL3116,0.6494344301141097
RRQ3897,0.6948359197589568
GXP3168,0.7034837756526148
GGS2005,0.3734778371960429
TOO3590,0.5852436158902646
TPB1864,0.740086873404858
NVN5302,0.2752066527619294
EHI6232,0.3305163190368747
VLP9905,0.4736491496797998
AGA1325,0.7593049496791221
ICE4902,0.21499538606585705
WWX6392,0.4592872339665487
RQB4428,0.449588897819293
QYN8884,0.48091614602546184
EUS1159,0.3964926422133132
NKR5443,0.409186218041323
HPC3138,0.4135759783397232
TKQ9049,0.6164355856555719
FBP3340,0.821666768894755
NOO3967,0.612794681980723
GSQ4526,0.284020281439016
ANW1028,0.35983931441201333
LHA8316,0.7321159129167095
WBW1659,0.4397989422034127
XZO3969,0.4448062884420088
TEU4321,0.48130713263280733
XPQ6910,0.44464824919285656
VTQ6246,0.31312846116945237
FSA7655,0.631878304972153
CSY0853,0.32153387871021194
VCY4269,0.54816935487728
UHD9364,0.617823845739266
HIN9530,0.27194503469413134
GOG2550,0.5521369922348043
ZMG6475,0.5560974492506404
QYI6167,0.41879127690403795
LVO7124,0.3832057184519449
JWP6949,0.5232606564120282
DZU1118,0.44254793973006906
AIW0610,0.4605179520303911
QXQ4841,0.6236677438081899
SEZ8373,0.6019501803182187
EQR3786,0.4331513994653263
RPG9584,0.42805224362810973
VIX8570,0.5660298861562157
YQR6271,0.6113105322473333
FYN8286,0.33743356078336945
JVF7588,0.535022182487455
KPC3382,0.6792647555059732
FHE5153,0.4008617626836385
WTY4874,0.32160250542840935
QAB7266,0.6604414457453974
NFH9054,0.7060655595231037
YKB6244,0.6051750342051972
GZZ3339,0.5632815253707737
BBY9981,0.5906114301853251
LSY9026,0.45199500002333154
DUJ3056,0.4701889032190465
FUC1582,0.7629872062780448
XOY2362,0.6668527221806816
LOG9950,0.3066714703142157
ZXN5891,0.5793093264236807
CXV8222,0.6585902128040848
WOH4538,0.25078017082343373
VWD8860,0.2856347635721901
EOP7001,0.4229981174425147
GSX1302,0.5974254538716698
OCT0968,0.5015779458424612
WHL5554,0.5332947591703363
YJE3037,0.37575822543299225
FNN4968,0.5559551279818393
WWY7679,0.4078772165450267
QZD1717,0.8154355122418825
VOB6197,0.2605198580750096
TBA9548,0.11861344155250687
RLU9697,0.5763326669288914
BAS8697,0.5177757174547323
LJR4460,0.6946453514828989
HGO6222,0.5511523663345702
HXW2166,0.6560495138523973
OVP3632,0.17087909746171664
MCQ2270,0.30882810981301134
ICD6182,0.5290906326176066
BFQ5435,0.2259467646872893
DPF3505,0.3863852654788839
SZS2580,0.5573320804192889
LBK8500,0.2527104369234062
TXZ7775,0.54946503110803
BKG3252,0.29956278531287145
ZFB8258,0.4797943863881436
PHV2247,0.38852863769558843
RRK8430,0.31166117064092314
AMH6780,0.47950658986947275
OSH5574,0.49646741287328067
DFI9099,0.5962029793056517
FKU3482,0.4570513530121535
VNO3261,0.5977680623536578
BED5373,0.4947036351724557
MJE9253,0.41963938628633835
HKX3204,0.503473723445726
VQJ2963,0.5126923565029475
ZBQ9287,0.5429801631041431
MZX8398,0.5482655478204433
QEG6705,0.3595893567759355
PQK6783,0.3746275461800378
MBE7976,0.45447162295772286
ALL3849,0.3759993447165064
KXB4677,0.3949198965463128
XOP0754,0.49152364436486734
MLL3293,0.4143140052084596
JSX3868,0.5566261321502507
DIZ5799,0.5686590515125053
NIK8885,0.6160766310534087
GJJ5386,0.570035079836037
ZAT1651,0.5338258301927572
GMP0039,0.2570025881325915
ITI1428,0.5388229459991106
TRY8812,0.729438714886192
UEG2101,0.7588550668464676
ODG6850,0.5553996735837176
VLE3171,0.24360136595398557
RRD3841,0.4130820086783852
YXY8101,0.5803015238789823
OZK6228,0.2846467934919544
SBD5545,0.4936669892839664
IDC8637,0.6721261623126203
VZW5146,0.27014966959326175
PTQ8057,0.5114087693139632
OEF4340,0.5852376918495755
KVD8305,0.5677942141108046
MGZ9268,0.256029946894984
AQJ8176,0.24084933374059322
UXS0840,0.5444129370557274
TCI5572,0.4758489781763133
SHM7627,0.366800373796852
QMA0181,0.8418414627667657
TSV5611,0.7745886435753403
PGW5092,0.3218687195458341
BSD1651,0.6089977060818355
IQJ6229,0.7218573939509023
PPE8142,0.7172763088746823
HVE1566,0.2691640240081551
JPB6828,0.38046996273067873
LMS8961,0.3062171904168115
EGQ8831,0.30847236948340173
YLP6900,0.5518831267515651
TBE2482,0.34690671502098414
YPJ1369,0.7683751984085283
NAX1253,0.3745543572203018
PIP7566,0.38053283909730123
DKU9301,0.7087540209852459
KVA9530,0.4991017021445672
CQV1702,0.7661382977692978
OBG7598,0.4410906883977405
VNB1149,0.24710397493787756
HMI2014,0.5783021610286553
YMG8950,0.4615182892204542
JNQ2962,0.3420449661726084
ANK6820,0.43780439612612815
ZFE0439,0.3497038614608933
CZQ9593,0.3754663828852465
PCJ1585,0.2702264875228309
PBU9519,0.6082593481215955
ENJ8537,0.5725115354119278
RPM5143,0.4478737603482776
SUD6466,0.36894938446021464
HFF5761,0.6790401053772267
SCF5953,0.23550816154505425
HAQ3115,0.21482148210822372
BUK5097,0.7104731057266185
YVA5755,0.4710047097564058
QHD6039,0.6040923787348264
ONT2622,0.43326481068733086
OGF3946,0.3650096273999579
NGV7466,0.4415265412535848
SKM5604,0.6609097250484008
KTE1007,0.32779891254939203
QHE6351,0.44040524546362575
OQM4860,0.6731773360957035
LOQ2210,0.4422947262429789
EXL3021,0.6275272355949519
ASY9425,0.6245420311071154
EFI4290,0.5538766755248871
EJH6568,0.42777146049149145
ESK8758,0.17934331639911763
WPW4521,0.23275842545978254
IEP4997,0.5220867054012653
FCY8976,0.42044727908270757
SNM5031,0.4125071360577963
ZOD3613,0.3963643000015258
NJW9796,0.26228794779231
BFM6246,0.23477416091079464
MLI2180,0.6060765409714
FHR9764,0.551397685141871
BOC1640,0.6251603920424058
EDV0533,0.3512958978732213
DVT4971,0.4432931948233332
FQS6688,0.632006612921857
TIY6714,0.3996023751460429
BBG5427,0.6776887814812678
VVY0236,0.28473527710621593
AGY7111,0.2605769072994988
YIH4148,0.4925919701104169
BPA2613,0.26574513266678046
XGN0040,0.5260304568657939
XIY9154,0.5761454057564839
UBT3433,0.6540514074460699
YNC1880,0.7975208953504374
RQV5395,0.3146487623400595
QYR1720,0.6293859512112189
AGJ5776,0.36907264571945636
YIA9506,0.5992587073654935
IWU6149,0.4440493747118825
KAX4382,0.7030258380203727
ZEN3760,0.6245034201982875
UGP0922,0.38872476823653923
MJX0269,0.5718701071832996
WUQ1092,0.19530655845204756
KLK2362,0.5464820941051954
NHW2173,0.47610775894210733
ECQ4722,0.28191538330325205
DXQ4983,0.5349093135110414
TGH4720,0.7428546997961548
RVV4718,0.6087896993419586
RMN3173,0.7045204919341335
NXZ8964,0.5423496900052819
UYF0960,0.6180058207052638
GFY0485,0.4377196909788458
ELW4685,0.6462573174198674
MTK9048,0.5158349115649535
UVG9381,0.4752564285450776
YHY5021,0.44356479677611854
MML5987,0.6062689887528866
EAJ7823,0.5117533930878051
TIZ1361,0.6071423443534871
YLC2019,0.6729325134105816
JFH0021,0.14532162799727558
LXV4773,0.8362765406712571
XDV4102,0.23334134504563844
GOA5098,0.8250638888944819
MYV6648,0.31921882303781185
CTJ2639,0.5088358638358674
KQB2667,0.34285906154812756
RCQ9055,0.5739924086945499
AMR3084,0.5721597471928098
AWS6964,0.2667962227278508
PXX3164,0.5606642992300258
OTJ7222,0.4586766657942866
HLT8409,0.43028096088974377
XBZ1903,0.19726599441060313
DVD1043,0.10407484745743856
YMN8454,0.37995479142833866
NZH9363,0.6930329960206891
VEV2993,0.3822819283730301
GTV0004,0.6590793398003492
FRY6602,0.5708697853404031
SPC8953,0.23051352674858244
PJO2885,0.6975954441218355
KQQ4757,0.5965492547840203
OUG4136,0.31700748868688194
WVY1999,0.5718993752571319
NNY7188,0.5021372683624441
BIR3043,0.6439343531255984
CVQ0610,0.7003151722554662
NLO7554,0.5462991319750578
FHH6565,0.5821829683691122
QSY4897,0.6440419543348429
RBJ5665,0.5061579168510212
OCA7850,0.5097934392552428
SAT0260,0.4120459069740387
PNM7458,0.36693812977318374
ZQL6865,0.4618695468389889
BYX0793,0.441980944216449
UOJ8877,0.37944311956821924
LGY1944,0.4697442747845766
WTO1199,0.5899116563178416
WZJ6108,0.43268025855859565
YAJ5633,0.3631227105461525
LLO9138,0.480837918788415
LGR1397,0.4130617266012625
ADT7244,0.4046520034551139
HZI6879,0.30790818402901743
JMD4429,0.5949378196013775
YNU8823,0.5238427280267504
PEU5781,0.7566679007766305
VXW5951,0.38207979247163704
DOI4745,0.5277624690035617
XRP0508,0.28816466602832547
BUP7237,0.33850188059355
XZF0997,0.391360676522768
ORE1289,0.6202166075142216
SUJ0824,0.4793780431835351
QZQ8912,0.41603583928624316
IVK8543,0.5429502535921058
KLT0884,0.7456283280084904
ZBB6007,0.38274661554641726
STV1844,0.6116310672473887
AIM8162,0.24004353156579658
BHN2674,0.41320896568673676
BHF2762,0.7126529729778888
FBA9492,0.4205188792654413
PNV0987,0.648595643838043
XRS8392,0.6596130490522351
FJR4109,0.3442182723474547
REP5450,0.5079268737277907
VDS3487,0.32589439054726244
MFT3114,0.8338100820501121
TRE7039,0.5155285806771113
RRP7437,0.6833276371441052
UBN9469,0.44174045819099994
ERD6851,0.3095485508373313
QOF2168,0.4636877396843405
PRF9554,0.4851094739408526
LVX2306,0.4680372704489469
MKR1698,0.25761158279098734
CTP1782,0.3505715316827763
YUX4991,0.5710878046234985
WKU8308,0.23181487682800034
KLM9826,0.3520541510013021
IMJ8928,0.19397008493093168
FFX0134,0.5088358869186612
FPJ9006,0.7008782136466342
UUH5167,0.6376549063295748
VGA6455,0.21362721261760173
CDT3301,0.7468960853999423
KEP8508,0.210344677708635
PNX5528,0.4845011379671627
DMC3452,0.5599871367139617
YPX7333,0.4708981046470043
CSI8065,0.6822491084862817
JGW6825,0.35065734690250144
JBC6586,0.547376114814359
PYB9757,0.64080885307253
VBB5768,0.49487554404284406
XNQ8052,0.31572510631784084
KCJ8578,0.5686670713346985
RAT6428,0.6335439404335175
ECA9346,0.15307083843700278
FIN5470,0.5281468618165199
INH2355,0.29620084563870663
OFC0099,0.6834731019019852
LAF5061,0.6575014295298437
CZL8124,0.535757451132807
DXI7734,0.36625449546836336
UZE5266,0.24801409934462537
NQT7169,0.4649771978633553
ZGI6456,0.5816810630279414
ALD4699,0.6471206969822838
MPP9322,0.5940093899346562
HHZ9924,0.5569142885695844
IOY1053,0.41833731477831804
QFA8583,0.587649872292312
NON7673,0.7594999372953923
GUG3740,0.6753680114484725
BWT9777,0.47000501250941307
YZZ8955,0.19009160270791872
QTQ0151,0.3534449413437585
MQD0086,0.27880375528211904
IEP8756,0.29272583654488255
HLV4294,0.49716017853173144
IWW1700,0.3732352158726241
LMB1742,0.5594990709610478
IZN0947,0.8300787598926769
UGS7726,0.48646146575047433
TGD8975,0.434056174225972
DNP1343,0.32499510135456394
RZJ7547,0.4502210263648883
DGD5941,0.37722774805628595
YAN5151,0.7159098966312358
MSV2708,0.44288734819622166
WFW6623,0.2737702414042764
QPH7678,0.70166323736942
RHF7227,0.5905341710420279
QGG1694,0.26107875626883265
LCP5425,0.5745417999494641
RNR1236,0.4226132323493247
CZR9446,0.3778349840908493
CWM6629,0.4423377373453791
OHR2811,0.7092640565196666
DOB2836,0.4762638452885921
WSR4692,0.3445672600516368
UJX1851,0.5232810598661316
CLF3763,0.5822247409475615
YKY6460,0.6528387739128118
YEE0005,0.5671929674927417
LRK1521,0.40325151865417774
FOB8975,0.6184572260624396
ZJC6844,0.5586394632643793
SQO4595,0.5557781984359491
YJU4611,0.6011635038691016
PKJ5453,0.16401147368449018
NRJ9279,0.6311554606555063
ZLB3853,0.32977252699833515
YPE2843,0.5858691776920726
OMB2404,0.3166101179472969
QXQ5371,0.3508084923265323
DWP4776,0.7687231365761924
DYC3729,0.6475339356757568
SYA5630,0.7682936423760405
FSZ0753,0.36273253649252124
IKJ9927,0.6407422003053678
LLO0013,0.6330325813005444
LJC9413,0.6532499528170292
GZR7220,0.5328275752818104
MLF4890,0.41830213269264144
HKX2217,0.6294573118431045
HLP8891,0.3951393138900357
YSD8942,0.7960951492588255
VJC3345,0.41748965574854174
JQU6225,0.606981502271977
YXV2150,0.7992581509704485
NVJ1683,0.41140268973196215
OFD9452,0.6566877403846848
NII5419,0.46032180048957827
JWC1566,0.43350965507656775
AXY5191,0.6902396502633447
DDA3048,0.4666471877400238
AEU2727,0.6580758412626979
MXK4708,0.6779173608127759
WMU7184,0.5021147093245822
QLP8362,0.623360696172289
WQS3967,0.32651243891808485
RTU5105,0.24297617342439184
VBA4441,0.4187419100045185
CYN3583,0.39137958963011177
BDO4886,0.40155656910562254
YVV6051,0.20115514714455407
WGP1526,0.715873505190881
UDV5640,0.34640321300371596
WVT1418,0.5835258450790105
BLC0999,0.6221858011197337
ENP7533,0.585626262303135
AEY8698,0.5584547805107828
NHP0064,0.567608633407456
AYD3935,0.6387885206872229
UEM2638,0.21677168012606943
GKK6297,0.2338980704100356
PTR1163,0.17197611765996004
GBT2034,0.5743197526282687
WJY4048,0.5074767896230109
TCH2635,0.2947440439633537
NLF0803,0.473747411156734
RPI7686,0.42271711096867753
GNY5436,0.42834314456949435
EXQ5477,0.3089503718640333
IOS5691,0.49439951141228106
VUC7832,0.6760256991617271
SXL6599,0.24522491362743612
KIS6550,0.4611806930125236
IFX6470,0.37232827201656366
QDG2834,0.784748389117338
TML4354,0.469376859981141
VOU6894,0.20322358436145896
LMW5498,0.21811821990477134
IRR9834,0.5320153578227265
XUU3875,0.30296812253302496
PPN1291,0.4185804339409932
GPS4832,0.3339818751069413
BBY4907,0.2998886640849357
XWH0239,0.5484405519348261
GCY7299,0.6791259437964814
SFL0656,0.4089141484631586
ROG6364,0.5554435472946752
CJP1826,0.6948320441274004
XNB4879,0.3208231909347606
GHW7497,0.3925078980819659
CIA7291,0.39380527903245127
JHN6870,0.6558745150290504
UHA4462,0.27191519512728585
WHC6939,0.33199456399775273
LDR6471,0.19403623144565524
PMR0233,0.5785077718026245
MQL6945,0.7739056501254807
DWV0912,0.47172270555172613
UPA3518,0.6843444141699804
BHB0424,0.24323708981424186
AST9794,0.2914675627873842
GSY3503,0.5349488909636932
ECI4878,0.6372604950828344
IOB3543,0.35421535419063704
SLM3548,0.3514614067865513
HBR8681,0.6741058345930014
AIG2884,0.3263261501497817
YBL4627,0.4271165178195554
TCE5274,0.40727370171639093
YWD6282,0.4543875881788948
GYW7356,0.6106933279035331
UOF5714,0.38042846361442606
ACU1723,0.35364387291658816
JYB7426,0.6410323429071776
IAD5127,0.47104421241360017
LQY2307,0.45342070805593193
QNB0256,0.34440819817201074
CNN9280,0.3153622198981947
LJL4826,0.36120958733925385
RLE6077,0.42530262043656386
UBZ8854,0.7919008375143688
PBL9060,0.42189826230960903
HON4195,0.5933277169535827
LKE7887,0.3023026359505116
HOA3501,0.6186115279576335
YSN0341,0.6590424545846477
JKS9027,0.42317170414445515
DSJ0790,0.3225306959704712
RVK7955,0.2308742480925282
GGI6941,0.5267966337562437
BRF3111,0.5425930862408344
WLO6029,0.8235626645351399
HFC6052,0.31882782309877483
CSS4641,0.21380205319589554
HBX0135,0.36108944149313765
CGZ0900,0.6836142168466128
FWF7177,0.7812103973134188
WLX5928,0.6609046302320629
EQD1778,0.14518525363904858
GSQ3416,0.3939049159636186
YUA8278,0.584850113952042
DKX2794,0.19627504024581152
HZW1287,0.5832278840220017
XMC6471,0.5604054519571469
PXA5342,0.45658049747077156
RXW1741,0.06386000201336663
FZX1294,0.21377032186324701
IUC5486,0.6196709178089729
ZZJ2708,0.2889295527105586
DJD5560,0.37410778208051093
OYQ4478,0.6711385161967502
MOA3063,0.5492484171547711
BNA3251,0.436528792958321
TBJ4149,0.5006219526172656
AOD5592,0.3442283161138156
SYU7567,0.17201866239711333
PXB3114,0.5326549998244421
BDQ3004,0.19964680228783457
WVU7296,0.594032105323976
BRQ8431,0.5151810621030324
UHL1758,0.23878096296561516
OYP0446,0.6487932670297034
ILE7594,0.3883986889221267
QUR5960,0.521928756242736
GWX1065,0.17019003593609824
GWE7702,0.20124897326541297
POZ1462,0.5296853351917545
GQG7927,0.8225513034585096
YNP6209,0.6875892308456848
HNR4579,0.4898622506593321
MRX4488,0.42891583008808065
UQM9355,0.7477574490289627
JZQ8372,0.545837748773141
RPL7113,0.3929027001931957
IBK2170,0.47983167709672936
NFR8627,0.1841138479174757
PUV5957,0.76904707246244
FAY4381,0.39410188267429447
ZYZ8976,0.524028109072907
INI0968,0.5110952220007952
POW3290,0.17980795511389705
YUZ6503,0.4964152975912671
MVX2963,0.18954119596946434
JIY3246,0.41314238160523425
JMO6098,0.3593826737755219
CTA9349,0.6261749476457003
MQD7143,0.5259978544233074
LLY6471,0.6552015242670544
CMD5926,0.2986085465632769
WZS7051,0.27438846583394216
CPZ3691,0.528533605604191
ZZQ6371,0.4304628602394404
JTF5577,0.3899336632586044
IYA4493,0.5726312771506106
HJA2325,0.21142053264404828
OXC2277,0.28803981099158515
XDP8467,0.5369951684442789
THA7110,0.5097562702371067
UQI8975,0.15719434275249605
VMD6254,0.5925721972553548
JRV5262,0.63632978505945
CSC1612,0.5275556040095023
TJG5921,0.6745633728603212
DLZ2704,0.6654120740408906
IOV1951,0.38058806934895767
AXC7047,0.2625486899883247
PMO7295,0.34377655746395686
UNB8295,0.25055941767573137
PIM9503,0.44006329710462694
FIX9786,0.6232398626127179
JJG8011,0.5565490189767475
EDD2054,0.35614164955545086
YXD5569,0.7920873541827538
GXZ9714,0.377899498029197
GAV4283,0.3508499884950288
BVO5697,0.6432033408298137
TBF8496,0.29008495044892124
WNJ2132,0.5778259253310343
DBE8617,0.6208524516141317
SUB9272,0.4728005769164477
PLD0627,0.4038051317593944
URA1140,0.5250084536090323
BQO0470,0.6016529490752067
WPZ4520,0.5248765875280181
BPI1396,0.5476052551452256
NNT9739,0.5197482200823348
NLT1918,0.8114994574653379
OPB5945,0.4797197825982584
BQV1931,0.4309910631406008
TNN9944,0.44502645475090147
NIT8064,0.19780325627490777
KTZ6082,0.5141544968577676
TDC8192,0.30881532126124117
UCP3108,0.5097328003327711
VBU2662,0.7014820583753022
BNR2978,0.36015636106377064
TFI3921,0.5612314593635553
LQA2399,0.2840471659827028
WZZ0574,0.3423755285912187
LNP8330,0.5608909653721996
UFP6156,0.3645356524561232
VLG0744,0.6576827357567716
CRG3282,0.5128345604276634
KYV0097,0.22255889206446466
FWW9362,0.6137359430567082
DJS0404,0.298357963868665
ZNM0264,0.5414916154718443
MFS9438,0.24776937826605458
LHG4907,0.5645434645231964
LLV9401,0.16426446114996235
BLO7629,0.5590050080593899
RLY0794,0.349022464967469
VQI9198,0.2097945924679458
GTA5475,0.317278722981373
SSQ8389,0.6516636223167283
ZSF4237,0.48803569284991766
WYW9187,0.4974931876924383
CZJ2345,0.523071243783448
BZL7046,0.5054858537025316
CYS9250,0.2987747663544202
LUR2157,0.47874134508888827
AOH2742,0.36713816200121685
QEL3121,0.3165166610663454
ZFT6399,0.6070228172707066
FDD4728,0.6991646624087673
KPM4245,0.6807388845307193
FQB2129,0.3339856532924252
WGS8262,0.5962208017752617
OWX4064,0.3918231168645337
OUD8979,0.617174960551364
FJE9369,0.7196027043502886
AML3227,0.3857404774075923
PRS9586,0.328861005733163
OFJ0120,0.7567423085508573
ZCN0986,0.23923395000954648
ZRK6279,0.3127138990754265
GQO4179,0.6195123413966235
BON1340,0.4824532296046884
LKG0694,0.1932613710914337
VXZ0803,0.4774467796657467
HHH6742,0.4791735865970663
VPM6117,0.8083004023929811
YTS3483,0.37767367552612774
BYK1773,0.3177595988181812
WIC2466,0.5156273250795453
UCC9614,0.44373022924313454
PJV4989,0.47233871633430796
HTJ6371,0.5215195668848761
HNT9637,0.3091485930753061
MAY3073,0.2592618637255375
PTJ7520,0.5046749056629374
HMO6264,0.42426352940278095
GJC8706,0.5082207394903697
AHC5700,0.39274878607310537
NXW4848,0.518723010506189
BOB1940,0.17911964924734589
IQJ4126,0.29004749375140676
MVI9716,0.6724663837601853
GJP5178,0.3938963722536252
YZM8152,0.33424321898896314
GGT3124,0.43642575532288114
HVW0323,0.46520550486238316
LRA3844,0.19524532975179135
QJS4465,0.4599923983477437
PQX3659,0.2190005554965681
PJP9645,0.3026993066751552
HRL1242,0.5499997617430777
IYR9842,0.4409337625796331
YNH7590,0.16906026155641285
RCR4057,0.5181817407299033
FNQ5041,0.49246728222713354
ORO7997,0.2938434450942087
TBG5645,0.38243032431579554
EPD9107,0.21203635656541917
PXN8761,0.28046749653994946
ETZ4935,0.16878349314051685
OQH2910,0.32860967018860504
PCK2606,0.45439475133891605
XWX8755,0.7248159015878995
MLO6978,0.6170736984843912
WLZ1157,0.17126132938228636
UPS0344,0.2306022082978195
NBO8038,0.36512619002471797
DIB6753,0.3879941251505209
UZE1684,0.4691981183965664
QQG6149,0.4186782540987705
QAU8104,0.3056358356910889
QGA9213,0.34526038147566435
CWO6851,0.2824407819369052
JTM4958,0.36564668938942546
YQS9295,0.5586307305113454
ESJ3848,0.7045547423689974
IWU2032,0.3732588568111569
KPH7842,0.19237339389303187
LRN8162,0.7242085914397454
AXE1699,0.5846989879107022
XKB4966,0.5126109816852947
STK2218,0.37601564539194027
HYQ6433,0.737104200947997
GTU7140,0.1409124287359754
UNR5657,0.27242236650540513
TTM2253,0.6326827402653018
YNV2699,0.42632149614528186
YIY6671,0.3333537917631509
FRE3263,0.3308746204168567
KMF7808,0.19164385520905247
ROL0904,0.3111254820983955
PZK7451,0.41397568275888424
KIH0254,0.44689141145880573
LWI9052,0.39949375449183383
BVC9479,0.2647589605240651
URY0635,0.39438502308839696
XPZ4576,0.4232509724607601
XKZ9102,0.6288804794236004
ZUW9102,0.6378801868156528
UBN0486,0.5577190511545634
BDO4948,0.5036798670844916
UMK7105,0.11180607142856439
BPN3689,0.5609433101149899
LCY3691,0.58744578002127
DAB1719,0.6931842416777797
VOD9149,0.25293123953509383
ADN0299,0.4229421842258858
VWW5498,0.4677789906960215
IDO0436,0.3080122223058894
CSE1995,0.6954183637127872
ZZJ1691,0.4165009047910593
DOT7701,0.409372541519607
MGZ8737,0.2540916461211728
HZX3153,0.32631528784324265
QNL1418,0.5324605453844432
OMF7498,0.2367033955653272
XHX7072,0.7144706694449536
GSB7562,0.32742152060760055
GAE6243,0.22080728890280324
LNJ0511,0.553083570102993
XIW7209,0.2210623524599906
OFS9244,0.516449420054859
ZTU5066,0.5658041564362969
TUL1265,0.28158375802938435
SUB8522,0.21514587864214435
CIN9277,0.22324315424375768
SXQ4671,0.39207178077933985
UFN3622,0.5598098762291496
VZV4722,0.8336010755343914
VLQ2390,0.24352682507005644
SLY4655,0.3864528986560318
VCP3342,0.1286200462099372
OGX1137,0.5384845926380388
ABY7970,0.19058889213229432
LTT4359,0.49202128064391776
RGP6696,0.5404677758007927
ETT3134,0.2453422919593805
VQK5360,0.32839918837468207
TAQ5167,0.6884604269456723
TWG2069,0.12791084834858896
OLL1043,0.5627620145740512
RMR6916,0.6037832152169883
CWW9082,0.2647801626519574
DIS1533,0.34190674999264936
UDW1446,0.37445082794218904
NEY9288,0.40060538398890094
GEQ3261,0.4813888969318677
DDE0864,0.6760171576351429
HRW8057,0.7415714836418233
EDZ5434,0.3127941256473397
XDU4447,0.6170414714973439
HDQ1554,0.28198434952200313
ICD4170,0.6806419861686804
ACN2803,0.5487409231934529
FLB0567,0.5525765762203895
AFW8735,0.4252957631196246
QHF2663,0.6652332773336311
SIS4056,0.5986466778071668
BFB7024,0.15222715054968552
FFD2187,0.5560624198245693
LTU4222,0.759772940906723
HTJ6857,0.3591380240020635
KCJ8116,0.5302044734461727
EBF4220,0.7486159293878264
VKE7153,0.6259254375126698
RDY5024,0.35321712016446627
BYR5509,0.22099631615098442
RJH2016,0.35137196128251025
IKG5514,0.6966732382386588
NVR5085,0.47967747050967974
INF3715,0.6181543074846336
IGM6607,0.4863476389670435
AMP6369,0.39500289410555994
YVK1582,0.32173614801080247
JZB2864,0.23727162932051282
LDO6927,0.5518600174385148
WCG6571,0.5586771250224296
MXU4187,0.5851201710422355
DCZ7738,0.3320182849518907
KWG2188,0.5483324210013815
FTK2655,0.17809529157101492
FBF9527,0.42320137190429424
OJR2867,0.18158630358547534
LZM7871,0.7280193670785966
REQ1736,0.41430070086843046
PSQ9989,0.5773069626310429
OJG0594,0.48514843113775163
PMQ4178,0.6087406746673262
ZMJ4726,0.26540627187145366
CYF4956,0.6863119184858419
PVF6811,0.6261420193502115
UYG7466,0.6682630182591043
IRM5695,0.4965991287409905
YJL8439,0.3074880382063002
XEZ1743,0.48834392016729966
WAH5084,0.33136667564646816
PHY8772,0.3015454027426865
AXR6112,0.5107444120728089
OUC5425,0.1674000620080896
NJK5446,0.39372065474751033
RKP0540,0.47953709617972445
JIJ1460,0.44069419325120895
PTK6472,0.40230725382886295
OXS3977,0.42184312257152357
AOM8900,0.306143870407888
VNR0359,0.40774383076156545
IYU3895,0.5481312027496189
LIH7939,0.6669703423557595
MWB3044,0.16985743586484664
GWW0191,0.25196505356848936
YYZ2592,0.5628963712314311
AMV8743,0.36451289266760095
VGR4206,0.21077918072317878
QQB1582,0.6987951255114848
AIS6545,0.5535068111660074
ENG3349,0.45234247270757494
GLG3671,0.5439350302604954
ESG7838,0.4275218220742544
VJE5970,0.6378620622267153
TJV4032,0.5922366100651488
NPZ0320,0.57979987397876
GLH8560,0.633068882569556
FCK6397,0.4584339576606856
ZND7829,0.6392562618552382
WGY6041,0.7400805918382118
FDI2501,0.5125550945847396
BMN3470,0.40402767670789796
HBW4130,0.3915978846934522
PWK7987,0.4851251943225342
WHO1663,0.35351010342216643
NWK2342,0.827227007995272
UJS7468,0.5095373587838282
BEX0285,0.6045866596479884
UWS5984,0.5602761454872227
WTF7343,0.6982929013427447
RRZ0390,0.49811328634067703
GDN8780,0.4344815700539199
MNU7249,0.4247436960662196
GDI9499,0.24462181415434694
IIU5693,0.648245250603878
OIP2054,0.4029465344290885
LFJ8326,0.44062402024736
CZN4189,0.6485042786135139
UXP6651,0.630308483983624
RGY6659,0.4341240116189585
PDN4232,0.7441472116961723
VND3934,0.1721540768010715
THN8314,0.5443944834707399
NLD9324,0.5411396807485168
UXS8258,0.44120537238933694
KBY6262,0.5368215568427914
CEB8766,0.713820068084193
EVF6778,0.638607526023007
QSN4123,0.15551559410608992
NRU6209,0.5841365989768428
ZFI2630,0.4348871462462802
PBE7043,0.5467352741576254
WKK0810,0.33685844326498227
JGW0377,0.6566261611960951
JPE7891,0.30976821168149116
OGK4654,0.774358236915393
EUP8882,0.4741532240182055
ZZP9215,0.5180804903397839
UJK4511,0.590374779360686
RIO7274,0.5143451274574994
CVK7281,0.436670674982866
YFN6083,0.4668291264735814
ZWB0653,0.6080326053490034
XJF4320,0.2147010567238699
DRZ0501,0.34189319235841514
UUS9592,0.4040251633239552
GYT3367,0.591557608843383
YOW0478,0.41821982485246645
ETM8048,0.4037583559637543
VHI3955,0.27519440991182037
JWY3546,0.20215134253864236
YGE8169,0.16987241167233635
RBG9621,0.46877722028083874
KFH8046,0.4982927150962168
NKO9494,0.4914493551244109
PXL7755,0.41600104231648544
ZEO6020,0.459653609838504
RNI7236,0.6558358545406164
NVM5624,0.42644629024048364
LYF0002,0.6959948800210609
DPI0552,0.3357487428579826
VFL2098,0.32780960616122445
HPU5706,0.7234215050236819
IOG1292,0.5141730278031996
VCG0006,0.19514159141958462
VDT8680,0.7627504060506031
PHN9134,0.47158120669388304
QLY8408,0.48222493395978683
GQF3229,0.5208206821805926
QRU5190,0.4372310117681681
JDY8653,0.27638991179647826
LXP2696,0.18067001007627465
DAU1948,0.3375349548199425
ZKB6852,0.6276710298932214
JOC8182,0.41004121946232275
WPU7243,0.5899770854736174
DHM8155,0.4011557572935157
BKV4337,0.7043444399332919
DJZ1621,0.4296729369850164
RHE8232,0.21360977660247724
RZA3300,0.5567841195441764
RWJ2599,0.7617228936807696
NXU0486,0.38877108545529027
MTJ8168,0.495672444495437
RUK3184,0.390276317628435
THX8305,0.36995895863837136
FUE9305,0.5240202551718781
CLR6222,0.5021240960573785
GEH2238,0.46686776623355875
VMC7749,0.49828343950670445
UVC7051,0.6048106900465945
IQM6307,0.19793328797795234
NQZ4921,0.37393150247321955
KAD0889,0.5619386755812222
FQS6563,0.10855000265241553
TJU1657,0.379672360713847
XRQ2866,0.6587096922214454
YSB7616,0.30047059627105416
CMF8636,0.34367176827077667
AYU6254,0.5716328344014125
VND3349,0.5341508701157824
ALF0873,0.43135757394497937
WEX6547,0.29509000516889206
KZH4174,0.459277062790715
HHL1028,0.5179679869741567
FAU4783,0.3312181377514788
RIP7417,0.8721792179819344
CQB2052,0.7970239966351764
QHR3186,0.7212235253626484
CGJ4146,0.4638761696268282
PQE8422,0.32966958168342925
KRB7101,0.5355444810507688
HPZ4991,0.27510902359214084
RBP6977,0.5202940565752796
XGJ5317,0.25729509288838165
IAN3692,0.5989485423830441
NUM4282,0.579311018133029
YDE7220,0.4582969265652929
GTX0308,0.20435305253304578
RHG0618,0.3702463149331414
QTK3234,0.688470982913462
XFV6894,0.3489744352176622
CSB8399,0.5714530239518885
NOR4701,0.6335688534451427
NLJ3968,0.5010492516385981
ANW2628,0.4079483756162692
DAI3533,0.7858476837649835
YBI9285,0.4236140110411449
CSM7170,0.2216484217773907
ZQW4008,0.2632079752978376
HIK4516,0.34238039120109487
EXB5481,0.2527731724657133
POP9861,0.6893653213895848
ZCD8647,0.4258215609323138
MMW3189,0.15248392866659272
FZX1386,0.228878563465883
XJW6981,0.6277237666594526
IDH4923,0.6378771222879355
TMQ7955,0.40784815262915325
NNO2893,0.32129824633005205
OCP7865,0.35505943351735797
FSV5399,0.5248104227238712
IPV8950,0.4203916227825587
OVV9534,0.4144861427982577
HJV5406,0.11429173683581999
NRX3458,0.47127259453274983
KKR6119,0.4069883488544791
VBK0052,0.304838518817456
ZPW0742,0.7289948178023087
IXO4783,0.3278388289349837
OLE9164,0.7962739545092083
FDO9514,0.26370293975362485
WCY9603,0.36593513951884415
OLP9314,0.45491871528517036
XKS6868,0.17303286994488615
AUA0544,0.21118378630837456
TKO6061,0.385915259816647
ZQI6616,0.2694399028118144
YFX8262,0.4745222439110732
SCQ8450,0.3148858791156624
ILX6428,0.42619685451522066
VYM8610,0.6367760542391014
WJQ5273,0.1533044493155634
HSP3866,0.31330215431527375
COM4021,0.6086775073177129
KTI4978,0.3102312931680152
UNS9134,0.3510133017863129
GZN1159,0.6977396246488566
FEL9461,0.4355817631154042
IOW9233,0.5251237314878169
WHA4761,0.8012414334563537
ZLG8983,0.3839865179251738
QVL5196,0.7532709039416388
XNL8446,0.44138967240487426
FIX0268,0.6276829304959328
MXI1482,0.18677434095148332
SMT7267,0.3049549218973683
SAU4456,0.5270220389140486
LMZ6995,0.385673975639684
EGW7117,0.16877906987474478
OOU1184,0.7248431454615497
PYN2702,0.3318760181000618
ZGF0892,0.4768635016623314
ZOE9846,0.5383973775818991
DWO7481,0.6172779002777751
LPO4681,0.3452718083481153
EPZ9944,0.307524122962676
VDK9305,0.5782501492898058
FWQ3053,0.6845965522002875
YVX1629,0.45055376046808976
IZU3946,0.3796684579805226
UTO2381,0.8037141743167449
OFL6647,0.3748263548763897
RNB2889,0.6593246777129317
OVM6008,0.4778558936555077
ONB6887,0.45110727172509524
FBZ2743,0.2789193135465248
FLW7842,0.5928334425152612
TGR6277,0.6613555124073253
JRW7214,0.5750213872676306
XRX2449,0.1234904792719343
KZW1071,0.5074190544548417
XLB1971,0.44261297135650396
GQG1121,0.33130546215056766
JPH2255,0.6625469330870284
RUA0004,0.41442739072224044
YWA6586,0.3458235531561232
GQB7841,0.2885457927875663
STM7106,0.6307070561119942
AZB5440,0.48419388957011866
XHV9925,0.6395127723746621
QDH6299,0.4271085859942083
WDP7476,0.37200401705735864
NMT6166,0.4337234466841166
VGG1549,0.42159595362261587
RXS1106,0.32801834108659905
XLY3335,0.38977157745806107
GGQ1618,0.5091759029723646
IUQ7048,0.22256831727711857
UYK0965,0.7383091106908438
WMR4750,0.3916711667744362
OQS3013,0.7226239265363036
LLN9525,0.3746922140010511
WFH8896,0.5837129011074808
VOI1089,0.32922459552927635
ALK1216,0.4750682574260725
VYW8970,0.36160069179671905
HRG6795,0.38952329029499094
WAA4157,0.5321295710534087
BMB1791,0.5050421832203726
KQB1175,0.44564112706290615
TIV9623,0.2518169567034614
KYI2691,0.5929806614969483
JWC4499,0.6239528991919521
ODO8213,0.5583684734436657
BYA8224,0.5729825587888674
JBA5116,0.6927731756582587
IHD4177,0.4918892082745252
TVR2929,0.49566778605779743
USI4915,0.30146329727488114
XFA6190,0.4061224621607522
BLS9176,0.7505125133164675
MOR8223,0.7164938205320496
SPY1026,0.8179058008009605
VEW0881,0.4834500460493709
EMW8362,0.1696513898975183
OEJ6592,0.6877884071765356
CXM9033,0.3477336709914558
COZ8513,0.4578651943521197
VAZ4436,0.45336707991229247
RJP2369,0.3767698033507741
XKK0547,0.33119126215877304
CFU5890,0.4717601963322047
KMA1753,0.5110046160682282
AUG1693,0.3166951161953872
UCV9795,0.20051542039226836
RJS4002,0.4606719452505857
NEZ2618,0.25622825413157485
HAB9276,0.499240708236645
ACJ7471,0.4460275219449093
JOF0586,0.5998812299668759
IDU0788,0.12464867662662996
ABN2881,0.41686979139619884
DGE2915,0.28776197003900195
YWU0331,0.5433326893705455
BBW3982,0.5881902016098755
KYI3863,0.5716514025342426
QKM0486,0.4189729389125308
PEW4437,0.3623404098690645
UYE5984,0.40717097530279767
TCF7202,0.36585769336809615
NEW7492,0.5237983408865328
CCD4905,0.5362033427961251
AHF7381,0.5094364961774113
BXP2360,0.5414675813533452
VVS8339,0.468166224560348
HRI1575,0.7288939776870496
EDY7938,0.6688067614951576
JPA9779,0.700547337951796
VHM8071,0.28950746105140474
LVJ5056,0.6989294817975424
SPX8793,0.25008407962480755
UUH9741,0.6254330570193541
IXG2935,0.43139088759083677
GZB7607,0.5318850960225547
EEY2062,0.3177661043137502
ULW0305,0.33858924649133115
NSY1800,0.5696579972063992
KJU0911,0.5442777843365325
NXR5741,0.6002196496393746
NVN2979,0.3554683146198616
DNW3213,0.3414853554630691
PPD5223,0.5663676021646299
GOY4787,0.35963777509270795
IFE6896,0.26272267305254415
NNS7901,0.3195304858864756
BYC8082,0.3633530028339868
WWP2211,0.6943969841794829
FCD5461,0.35594569005195087
JOV0932,0.6240339287454798
UXG2063,0.6276162593448633
AUC0946,0.5438148346831222
ZQW0645,0.30552397289507766
AJX1894,0.41629115318701526
TRF1830,0.27582729055436656
LXF8692,0.7391153317621489
DRW6350,0.2850100810477033
TWC5720,0.5314483854807173
OUB8072,0.3875802378185457
OSL9110,0.49390576757597443
AHA5047,0.5530524803516568
ESM5253,0.18756417629276687
RKL5421,0.578277306210391
IVK9421,0.7899450760234246
GST4391,0.16215183523181856
RGI8636,0.2797831177808159
IOE1286,0.7559215546652341
AGH1193,0.34406858421170416
HBF9445,0.5898785839662678
NSO0462,0.7907432119572633
INQ4034,0.4450131608107004
FOL4515,0.29078406283076585
WKR6036,0.19297279696791708
QKT5763,0.46813440665395684
LFZ7306,0.7556097551297929
RZB9651,0.4445338515064855
YHL0162,0.43364394680706536
UNE5104,0.6423037818473237
DEC3967,0.5969771699577248
JAE7915,0.5045862607672235
CEM5682,0.8068076560084826
WXG2815,0.2918213878319337
YQN3117,0.5797077591188728
ZLK9610,0.5680693831906704
ABH3755,0.3082891777915952
BUB8347,0.5928773533770256
XGX1909,0.4318218844158921
FHU9085,0.44572852628555765
MZE9843,0.37461822570472214
QNW8864,0.34313909754530064
EAV0422,0.33394789574302874
PQD3932,0.6028814087866351
ZKD9795,0.3902428710176662
INJ6803,0.3138117065489267
RIW5780,0.34783573111812044
PNB5177,0.32018259829635815
SGU6485,0.22361275351515664
JNJ0531,0.4685995980167661
PHN7709,0.6876114992912934
HWB4033,0.3414567896637986
FGK3267,0.3386305599480437
RWV2020,0.42973666197066507
ENU6205,0.5345680067437261
CBX9036,0.49079849888553473
YAZ2550,0.6044623792512762
CBG7468,0.43765378011439915
ZFZ1089,0.36143975864194566
VXJ6073,0.33547514277558904
CXS5682,0.1846702353029978
XXG7687,0.6858460095600473
NPB7952,0.51260656165991
LPU0502,0.47494753045917826
NOG9482,0.5501823434376365
DMA0770,0.5723565739733094
WFA8111,0.39441464459663483
MRD7341,0.536449662514844
RAC0923,0.184491516279021
CGI4064,0.25351645490475777
BHF5913,0.554984599489403
TQT9316,0.734224735832524
XTE7211,0.37473864925410194
OSL5694,0.4633785462424432
HLU2560,0.6212030665993249
NJT6734,0.4470818236318364
PDQ6018,0.6109865447348889
VQX0152,0.6025307171450516
RDZ2697,0.6300907643934885
WJH5077,0.48783430700260993
HHI5726,0.5768564501506956
BOS7836,0.231937384960492
APX2161,0.3075863727527736
GWM1482,0.2691848305251928
LCA9291,0.7000560651066895
ZHQ3679,0.30792517800967517
PLD2249,0.2581186932898744
IEA9841,0.3587454257478761
GEI0319,0.7039534576537679
JQE4987,0.15463026858198645
SZL5463,0.1947104885990609
MCI0240,0.32864228263416
FVT7225,0.2617164933258874
UJV3631,0.30680529866227024
QYO1346,0.6728297504235609
VIV4576,0.8126134643491089
CUB7496,0.40671390074679925
KZQ6126,0.3138524803326497
VFK8134,0.3969273666692272
YCN7326,0.42085950058756294
HLB3847,0.3773738954445017
TDW6663,0.49831601684789456
KBK7769,0.7745834462242398
IJP7584,0.4262161689618462
VVI7960,0.4132782245640121
FWL5818,0.8539054354603316
XAK6948,0.7465266530510091
SQG1144,0.48094376144374873
VVA0065,0.5621888179180328
ZOZ0391,0.6021687334277117
MPH6874,0.3966946053754899
ZEY1074,0.15418118002950384
UMA9410,0.4394737082536696
VQC0943,0.4268052380226777
DZL6452,0.44384216176517516
BOM1302,0.4874561387042775
VVJ8185,0.32191892122831134
KNV7050,0.3124425774878813
YWN7078,0.41012218947454115
YTO5069,0.4704965597061968
HUT5107,0.6265493676268495
HBI9011,0.16995690945857328
EJP1062,0.6103132202530748
BLE1407,0.6290598373248367
DOW7737,0.6401406399294189
GWJ0731,0.24598285430330155
DVK0525,0.6938988813701591
ABT0755,0.24020982108504746
KDQ3420,0.665130048844244
GRV3964,0.4806169048149389
TAZ7275,0.4273456601117169
FYQ9788,0.4009347031510575
OYV9502,0.2648809060108437
RZR0683,0.39328417721883
KIS1920,0.33883764710566555
AIZ4304,0.6732868232723226
MNC6867,0.47345777128533095
JHT2975,0.5668001143023059
AWN2202,0.46906036473108953
UXA7661,0.3989544249405546
YHG0100,0.2829487508347241
BGQ6413,0.2759688482231873
OSV9923,0.2433510675272266
WGA1952,0.43133934574046545
ICN2500,0.5208500231892677
GZT7277,0.5565092721616193
PBP4048,0.6997775930154713
XMQ9215,0.5303320465689128
NEK4446,0.1967819922428613
DPN4713,0.5343625445793904
JBG9700,0.5225485327658544
VLK0975,0.15191331188219068
KSE1752,0.840818709967438
UAL0333,0.7257871879361716
HNJ0861,0.8185488071587648
YNE3686,0.8328152583406265
FKI0101,0.6561035380378603
WUP8684,0.4851877627109309
ZPX2126,0.4691365500841538
CTP4152,0.29104649277240396
QLX4092,0.563067848255427
AOK5541,0.615951670185999
AAW0413,0.25751422868721946
NGW7719,0.5786490307710856
FIH1903,0.7429640165800003
TAU8457,0.2806849375198806
COG3558,0.7053162876929502
OBP5338,0.36640328641980463
RHK6186,0.6121388154336626
IMJ7164,0.5929031306855603
YLB6270,0.45318946160300855
QFA8280,0.2613127301616508
OUS9118,0.7355442409013806
HYO2274,0.3125824798336046
CSE9609,0.5343085241647382
UOE3068,0.7304790656644288
JCC9986,0.4221968502147115
KOB3118,0.35569970080827457
SVC9307,0.683117124013156
EAM6064,0.21180242509993336
UVN5572,0.5425643520231647
ZHN4479,0.5461888636859754
ING8369,0.5260615609041591
KDF4616,0.38542240841955516
DEJ9407,0.3002128641345908
CXT4128,0.10768668052103267
TCT6480,0.2166850096075575
UNZ3586,0.6578268483100299
CEL0672,0.6897622921438549
WMW9321,0.26701061718348834
MIU4874,0.825613894367382
GHY7900,0.1853067299665884
QXY3232,0.4238714273697085
JQT4476,0.5428017328047388
NDK8564,0.415718522519362
YMO6206,0.3332267572192122
XMJ5924,0.7062471306334359
XVR8871,0.10603642480384425
XEH9534,0.580026580009249
CYV3256,0.3832724848187369
TJH9274,0.22430059174203246
VTT0304,0.7158443391083753
RMW3853,0.48888031455380243
JDY9215,0.4166461975738852
PZY1904,0.7095173232046257
XHT3697,0.7879143115157772
YBC8532,0.3984987240547602
FBJ2223,0.6040751384384118
EON2993,0.629582668688679
URV6265,0.6838055685477952
XBY8963,0.28724123343206553
VQS0169,0.32776736130527384
ELA8839,0.4658979143226561
GWS0703,0.47745044628877237
TOX8176,0.3496453112955825
ONB3244,0.5101551545822195
PXX6146,0.25666026152439475
YUX0481,0.3522499876522066
EFI0965,0.33272312853987507
DRD0479,0.2942132166423569
DWY6364,0.36140858010306715
ONI0884,0.28315230592846863
MCN8344,0.5092775220820199
YKS4319,0.4921258786195943
XZO0245,0.5168020044553443
GEI0522,0.7791155956629181
IKZ9484,0.43965430898384883
DBN4342,0.554322660390887
NJP9989,0.6146366133462778
UTX9521,0.6299834030020627
AUK8540,0.6507696245392072
PUI1246,0.0996162876600404
PDM0256,0.5440682720942094
YZK7499,0.3937835725766853
GNW4349,0.26856182913838694
CVF1019,0.4655842052310107
ELP7845,0.38184588418473586
YCN2884,0.42120098687055657
BWS7092,0.5556337716009212
KZK3699,0.3129015832954003
XYO7986,0.45128360239467
IRY7916,0.17301995220096936
LQA1132,0.3877425840918309
FTW5458,0.5845638452315888
MIB5596,0.3831269562969315
GMH8226,0.5426970922095483
EOQ6675,0.10165600285151874
QSE8298,0.34544397446516817
VLZ1739,0.613584132193059
OMO6127,0.14645562373745566
ATF1687,0.4469695136167114
LBV6765,0.4853789600933603
CGB8675,0.6949277932143025
ZFX4279,0.5878488525004459
ELF2926,0.4758254250030998
DNN9040,0.469743083107515
NMT3661,0.33038142636335105
UEO6191,0.5951337317513186
IVQ2334,0.35314132879935145
KNW2940,0.43580582027231646
QNB3273,0.43215188296640855
FNH7242,0.2121034068970931
VVS3655,0.3516482856298377
XZA6769,0.5267219897557044
UOM6424,0.6055562698384429
FBO3201,0.4442835899590749
SLY2701,0.3239789678137187
KXS2731,0.4382370722387131
XBW9703,0.24921295371033536
OSW9461,0.4822623286689314
LYU5526,0.6769500160201787
NJU2479,0.4361487711884903
KYM8332,0.6530725460549321
MAB7407,0.324440744263549
YPZ2854,0.8214586775981526
JBF7199,0.6186621569990586
JZD8433,0.4131574570715289
MFP6362,0.6404282554189911
JKW4520,0.72107119807618
QGD7776,0.62213456855146
CHA6808,0.5494129070095576
UBS9220,0.5302885164029423
WMY0640,0.46766229014012733
CRC2190,0.36964031389206503
AVW9491,0.41551657933561226
NGN1485,0.6981483964166879
QQN9296,0.679064709974969
NGR5046,0.44573987436998
LAN8432,0.5172118481063445
TAQ4819,0.31228084600456807
CPI9822,0.37843079820891873
AER6514,0.12045586101465931
SEH8603,0.8720110303636761
ILT4241,0.4133034007837517
HKE8304,0.7104005421625437
TRW3403,0.4417806998269996
RZY1654,0.4009175463501293
NWK2633,0.26260116947447915
CFS3204,0.4664793580850979
NSH7795,0.6045108425668809
UDJ8583,0.5104948436446972
JMO1835,0.6775555416427174
REJ3686,0.2560286692270628
GDF5664,0.6807167521528936
NVV4484,0.5942362353795649
DDP7484,0.15950471602644023
XSF7421,0.2011951818473746
NLT2046,0.6460656859291564
SIQ0790,0.42617476047603653
FZD1147,0.14898992662955615
SAA8955,0.5528798974221587
VCE3631,0.5802739998252509
ECP4298,0.5440273846644967
XIU0799,0.7540666193332888
RBL6086,0.784383015863735
YBP3161,0.5085990422372286
KMY5612,0.5166084641140982
ZBM7911,0.2815265984059958
OCE7294,0.6591518015436831
TZE4540,0.5003468530891392
OYY6449,0.4784421172928104
IJK1308,0.6144629716977057
KPT6842,0.5398673963806778
UKW0215,0.47270361863294696
LRN0774,0.6271256015257044
VCE2379,0.2749807687931732
FMI2837,0.22681139171864834
XLW5979,0.5152649944958636
GOV8873,0.500510712656879
DNF0823,0.6961825227308691
HPH5240,0.5515737400547029
AMU4525,0.48449554246406495
RAZ4524,0.666017067090848
CJX7660,0.5901155115722337
KRD7992,0.5590441236204378
CPT9754,0.2712751874061011
MQZ8423,0.7063338221647197
XZS3817,0.6167543777804155
VCT1670,0.3629817605289261
MPQ8940,0.5084029474897798
QTT2590,0.2533595744407472
RDH4737,0.5172495040492026
TGY9004,0.31756458761875006
QQO7458,0.7893395391990226
LOI8195,0.5445290510875025
XNK4649,0.6304995009541526
ISE5644,0.1548186240060997
QQK7127,0.5548942817986572
TJP4799,0.4067812871518277
OXJ4842,0.10796030681322641
RNA7496,0.5393233976333083
OGL8285,0.4929685808986718
SWE3610,0.35017636685494025
UJB6693,0.5931421170728218
DGQ0428,0.40634394498937115
UAF2108,0.7849627215823589
XSY0056,0.3323281637501247
HLU0539,0.15767664022586186
ODQ9274,0.32661317976592336
KFX6128,0.32263957967566453
YEG5478,0.4723666704127889
HRD5727,0.24262029834978704
ZGE3625,0.38328629959955274
UMD6920,0.4267439378569837
MUJ4332,0.4280178426513488
KIF1692,0.6993781820962085
DFL1502,0.5890897051466968
CHL2034,0.7279656411868419
WLT7867,0.5066342875481719
PXZ3818,0.4325912325458668
FYM9226,0.7200115953379463
DAC6061,0.554639594260547
RHB1657,0.549969216284919
NXO2283,0.5846087909024351
RLR7250,0.7509928068395797
YWK2082,0.612485110569995
BYK5591,0.37575608792464005
ACB7270,0.6871780214568242
EAM2579,0.48313142348410515
HHR7325,0.6323811560343954
VHG9675,0.5742825787547905
RRO6606,0.4226996991214557
ERV7117,0.33277318954564195
MBE3268,0.5608662619285387
VWD2016,0.470121549441862
UDG0132,0.658229884248383
ASO9327,0.38590998963532924
YFX3025,0.4108823971406404
YHO3350,0.5869998253351809
RDJ0057,0.7073952687770466
OVI5461,0.6868580405838659
IIE9717,0.3070438086210314
MQU9813,0.19968881010357878
QBK6167,0.3790775127004672
MQD9120,0.3979222919848012
MPN1782,0.4087071787505099
IAZ0582,0.6202115231947661
WER3297,0.5924773993655624
DKU9622,0.23649895028202447
XZU1389,0.521069197718467
JIV3958,0.4374233628572648
OUU8805,0.3113631038423199
HEA7369,0.1967520178128679
XVP2264,0.27907205849251476
DFR6067,0.4027971569984615
FBL4503,0.504146910209004
LNE6682,0.5036088726366617
ZNT6954,0.15484409529910262
FNV1771,0.6912988942367478
ADK2106,0.24728583629616388
AEZ9340,0.4334210751465915
VFQ4319,0.2494065061629904
XSZ4118,0.6913275396808927
EGA6616,0.6644774022112505
MIZ1027,0.5397280489524086
SRS6744,0.35984991361865
JQM1187,0.4341147295063783
ZHL3139,0.7918764284784404
NEW6706,0.21793918851212396
MQP7394,0.3859575714564095
RUD5319,0.6426094098137164
GJO6846,0.6038528123430545
NWG7741,0.4139044725425086
QRJ9739,0.5420607707808811
UKG2642,0.5630377561524542
UZE6034,0.40924924034617266
JVA3845,0.7590023961445541
SQF8086,0.3635789011727862
ANJ5892,0.32093657141465753
UXX1393,0.4573513966832278
QWT8893,0.2953736820216631
IPI3012,0.2960948477849865
BFJ0934,0.3959663949700235
EGP1636,0.23729318150012868
JOB6556,0.8083211639356008
QRG4068,0.7287585439537025
MKK2644,0.80769594301611
NOT8646,0.46147654847001734
BNU2999,0.48699031457080133
JNR6923,0.7757313151182166
WYV8264,0.706723351794505
MYX1892,0.7542712806634239
MEB3676,0.5840015657427742
XQZ3311,0.4367649155812776
JJX6807,0.3120091663339362
WXK6036,0.11764871088320378
NGT4741,0.3910434944171607
LXO3834,0.7585177480895144
HTC2895,0.7061348581651082
SAX0105,0.26404426429564953
DTR6300,0.44418563591556
DPE0579,0.12769802685156517
WNX2417,0.25222916228631126
XZM4055,0.10605870647874308
LHX7184,0.6355355810685552
KSO6598,0.5721971097860472
OLE4506,0.4903754007956127
NWZ7800,0.7774914617450898
LIU4069,0.3441251141452776
JKO7105,0.6072933476235151
HHU9275,0.7325142387081345
TNV6516,0.43196433529388856
LYT6293,0.4821513860679479
LKU6285,0.536922448552516
YHL4141,0.16481830291706867
KEH4496,0.4130206453871851
DAG2617,0.241306170116368
LWL1497,0.5487183357248757
OQC7661,0.5299350853426757
JJQ5903,0.45810257232456436
QNA7565,0.5871666393100389
GHC8140,0.46146176368843345
SWJ3811,0.44916748565939957
BJI4095,0.6358323885386333
AEA8629,0.24733813380491668
OAX5074,0.5044332424316109
MHX3492,0.2500833441580534
WSM4668,0.37133384638810985
ZVE8493,0.323699857536347
HNI2057,0.5818354461598394
KYB7279,0.3430850440455233
TNR6519,0.43334322891501403
ZAF6488,0.7213743303208882
GFR6971,0.42921438303188286
VEY1968,0.24958003992018352
CQF6416,0.2650009342965427
TUG3248,0.4339361038738324
LEC4955,0.735070237065744
OQR5476,0.3824331573104116
UHA2449,0.4558605362089618
GRP2675,0.2965210159393364
ELA3131,0.36908681347205097
UZT2014,0.2859398724016914
NOR0351,0.728551018548004
SQV1536,0.7049572871042002
MWO2395,0.40930525998617306
JKI8422,0.21458282799953846
CSM3282,0.7527011771297957
MKA1884,0.26230720064870316
OAT4775,0.6413992818193479
WAE6729,0.23028366202693484
PUU7424,0.25380063893115756
BVD6400,0.6663948644927261
FNA8904,0.362642007972148
VJE0900,0.4875237699705304
TOH5347,0.4494859118259988
FVT9140,0.39877931605068273
GRH5559,0.2965662066416023
UBD8889,0.7820290711213709
GFM8976,0.21831126112621918
SNB8067,0.3395359394726894
JAN6657,0.6585420124296454
ZGO5482,0.5679125231492718
WAI7897,0.29222774474886526
TQQ8810,0.5766084629402788
PPR0538,0.591073506278673
IQD3049,0.4567455863816594
EVW3261,0.4031424127431298
QTP0829,0.2623404192726765
ZAR1668,0.7199999241916752
YNM5067,0.24013740986071122
ITH8224,0.20269127327766703
REM1332,0.22083804897201698
SPS6604,0.29231845840003173
AAE3132,0.5499300513730129
HOU6184,0.35614435895370694
CZP4309,0.28686396441421713
LEL3646,0.49050977565284803
KLS2376,0.5699065553295338
SCX6724,0.42819406397424714
JDX2248,0.4502610269518641
CSQ5122,0.29985334973091154
NCV4201,0.664628097402684
RFX4239,0.7288995268402813
MHR9246,0.80978532706986
GBZ6626,0.5008224740194888
RPD5488,0.2941867096530097
HYI3434,0.6474077942065362
MRS2505,0.6748582537943072
AMB4315,0.525318377629234
PMG9403,0.4965836195061433
PJB5201,0.4716355508539092
WNR1849,0.2374068880779346
WIH5320,0.6387936990696113
ZNM8480,0.6441592343073199
XXT0474,0.8472784164312086
QIG9493,0.19372697432991032
AFN6386,0.15116208151736085
PRR9621,0.6276718660978987
XCB9683,0.3687262297641538
DZT6788,0.5128385633391799
WWG8089,0.26381944216876696
UKQ0153,0.48374419424577103
BCZ3036,0.5623214929437516
NVZ9450,0.5582438406776753
CCZ0625,0.42352247392953934
ZLP2972,0.2156501101804985
ZJB5926,0.4988033337439997
CMG8982,0.5292374139994326
WTU0545,0.3507082682621691
FKL8364,0.7163322801057911
PLX5842,0.2735153543611957
JUN3444,0.3403187792961344
SKE9305,0.4561450380548412
ITL4779,0.5076713672760106
JJO0795,0.3894264936098411
NXU9005,0.3011231398033366
QGC9923,0.7835604804498348
MRQ3624,0.28573261950051504
DGH6557,0.5347574480463143
HDE8710,0.3350245085797309
AMV2337,0.3683114740367847
UNQ8256,0.6017109507338522
LOH5505,0.6020052596642044
IQY9989,0.3252511677640877
PLQ0927,0.6963018003724356
ZVH1070,0.5004122651634503
QWM7774,0.7873052359863884
LCA6145,0.43421855364832385
CXS9262,0.5931086209346911
FBG7333,0.562817779076334
OEE9697,0.2805037069838351
VXD2888,0.5336062599962298
JWU4615,0.22204594324494997
PIM7408,0.4716332252864389
KOH1629,0.4538177390869429
FNX6879,0.20891330927955384
JEQ9499,0.6614563892896255
UYE7582,0.6392261802382484
MFM9712,0.5386115994822448
CIW9280,0.6586181182040316
BIH6763,0.48349838006342144
IVR4724,0.29353227581858876
JMG2675,0.2794311508245108
PAL7750,0.28596109432203953
EGQ5337,0.2679161664381119
HNM5599,0.5477864119493439
WWK2226,0.39988400462618034
XMD5380,0.21076961657987411
CMT4787,0.3079778550769081
OTN1938,0.5188467685255905
VIT1701,0.3370920787097285
WMK4466,0.3460105901524457
JJY8197,0.6094953115305977
XCA6285,0.4682696984844291
LSX1698,0.7000281492381571
LIY7658,0.698506074290624
AWN0993,0.4429918376719267
GJQ8756,0.4946943520636042
UQA9509,0.5905638013439225
YMN9110,0.49782073526724074
TPV6824,0.36945171162340384
BHD6476,0.7825385398648237
JSQ7862,0.5998181894826313
IBD7350,0.3882877004906014
WVG9491,0.5168930822144651
ERM6024,0.3462230946468922
EVY4906,0.6816837813931607
HZA1744,0.38928787407247756
JCT4386,0.48298495373809425
GPO6473,0.3203183265598715
MFJ1189,0.40615249521643004
UYB8567,0.5728575255306998
TOE0201,0.35774276935946087
PZV6692,0.3508800487051749
UUY0456,0.5469666813753482
XDE4403,0.40729861063146455
RAY0990,0.7428525122909896
YXS9979,0.31076295077413263
BFQ1956,0.2759864528322192
BNT0970,0.5602760978020256
ILM6904,0.3516930923798682
TTD5928,0.2909850531995198
LRK6522,0.3050804015126663
NWI7548,0.5234166881026167
SBO1935,0.37217429508296934
ANF1816,0.45283164889564853
KOO2576,0.39567816242218146
XJK2683,0.27949458618615014
KXO3550,0.24555998752036512
PXC5758,0.6565441952728152
NQY7197,0.6251404427178576
EWQ8929,0.805279259645792
ULV2580,0.6896301992053667
TCG3740,0.3492385637252641
HLQ7927,0.3738931669571681
RBI8043,0.42937360698105914
XUB9735,0.2889025706886037
YPZ4317,0.3177195284284161
QXZ4385,0.4711450334754213
JBY3887,0.6814401324879508
PMQ9284,0.5011534703022338
WPD6992,0.3824569674555875
OHO9405,0.6894529834834083
JXZ7487,0.3867928076008004
YBC1242,0.3950793952311899
GNC0544,0.38963840578212305
DWG6506,0.27757027098263204
GHE4135,0.28575628171886885
YTY8763,0.600365498306675
KBN2378,0.5508831632479361
AXT5962,0.8165053924518744
BOG9757,0.2856887111928438
JWU4504,0.338792292790997
WFW3920,0.7810773847405169
NUT5984,0.29211802334901643
SRM0734,0.29486763002944755
SXM1210,0.7444747753242807
MNP1285,0.3704199570720129
OLN6828,0.7133326416882777
PND8015,0.7270020215505333
OGX2067,0.5949495672766492
NGW4148,0.3654791322647516
XNQ9739,0.5213968145222967
PVC0396,0.08052843153515658
YQU4379,0.20161248860208106
QCZ9183,0.2442216168090377
HEK1976,0.5973476801199783
IGG2798,0.4535594456678244
LVB5412,0.49794980219114354
GJT0245,0.4641788869428131
UKH9382,0.45816705458161183
MSI8579,0.6384017467020588
ZLG0202,0.49983136129259603
JLT3081,0.23581723550720204
QUS9552,0.25509057988638817
YTA1880,0.5216945335638171
CDK2415,0.38801023974406457
GDK7008,0.44743638569226585
XHB5695,0.5092636231113419
CEL0699,0.42746554356719707
EIU7027,0.32715379248199605
HTM0146,0.4106111144219352
FZO5757,0.5213559407876753
TDL1068,0.5531039662231726
NIW2607,0.5502140385593816
HEO0125,0.2734975165053528
MEX7417,0.3926937433967625
OEN4472,0.37270606454224003
BRT3771,0.14333929712204874
GUG8607,0.7307273391142877
ZOA7096,0.45995735444441305
SDH8992,0.6640145015570752
JMD0120,0.4394958729304625
BMO6026,0.3686027717974163
ENV4544,0.701407225200927
JQH9915,0.26153801362582124
GMK2427,0.5724360602046725
FPA0677,0.45605934552188326
ZVL0171,0.7339910924586869
SYC0712,0.7884754629885989
MHD9822,0.4785525973029268
HPD7237,0.829058209141384
FEL2808,0.5361470235992492
MMC8838,0.36779631448611616
NHK5621,0.4322618593125089
LDO7056,0.5945981971928599
RJU2365,0.47338949124998336
WUT2469,0.18589113646472857
YMA0571,0.18321175000095985
STT6043,0.572253418743948
YGZ8268,0.3910792789519366
TZR7334,0.648802521570919
KVM0019,0.5408271120843495
KCI1006,0.5458886585521573
RJR2607,0.27852421550887113
DNK7474,0.475412345376425
PMY6529,0.37648349885569427
JAT6175,0.5633001323668099
GRH8210,0.7451114136142422
KFU3441,0.7424403709600531
KVB7435,0.28681448033059237
IYP0080,0.5297387827952037
VBV5453,0.4281525094176879
DUA8888,0.5959294463817517
SKS3637,0.2713255459922308
JJK7748,0.5175025007520099
IWD6431,0.41892831291406746
BZE5384,0.29225415413375855
KFY4089,0.2812231843099009
JBZ4242,0.3466535366923206
JMI3553,0.5826928776813637
VJM1864,0.16757461382778846
SVH8709,0.7042473299914241
SOY3070,0.47239615209492253
TUE3956,0.7594413608645103
XIX5596,0.2832527549658312
CZS7133,0.6281730465642725
FIX2641,0.3966720105917473
UXD1841,0.47728244136791026
XIX9094,0.5565222501333205
ZVV5799,0.6730562373609811
VBT2621,0.22274074479931988
SGP4291,0.33072624108479826
VWE1468,0.5715015397569386
QUX9721,0.28296194490889914
OYI6805,0.5606936737255552
PHQ4045,0.43478981220779905
IRE1258,0.5513309315669488
TQY2059,0.39087631253978056
CIN7912,0.6287820414475965
BFT1621,0.2610165548688476
XTV8065,0.6847808613445937
JBN7458,0.25530763676608703
ECA7340,0.6329789762029985
FJV6411,0.4333203807875853
LBI3544,0.3269727218762761
IHF4906,0.7196930469821837
BCF2737,0.6881533850837548
VOX5055,0.3070973766303379
OHX8131,0.6392226607386424
OOJ2242,0.4912432681081908
OYF8344,0.493857052697066
BDP4806,0.3235569870697146
XHM8420,0.5402500308692062
HAJ9645,0.8140700001471941
PDE8624,0.48616670252855165
NLT2148,0.31398345274979383
UHI7991,0.6692018496667873
FWX8897,0.3888464093311479
OWB7178,0.6640154642111605
REU1247,0.4990063348162308
CRO1769,0.4671698649421084
TLD5484,0.37442078812716284
PTV8574,0.4098744823372196
BWS1336,0.23087234290045744
OII8763,0.2952621394037601
LPO1321,0.528094567372911
NHW7391,0.3155447754589695
JUC7750,0.23904352660953695
CZF4822,0.30178862296091696
KBN3400,0.732136930880178
SNF1740,0.2411723774678207
DXF7268,0.619010087159999
EEV9383,0.23902788497048386
WJQ3332,0.47341413549506395
ORN5586,0.5255831829320632
JNZ7774,0.44575466151646226
KGI8277,0.42373991420479
UQV0433,0.3540022001613644
CDJ1262,0.6319451134051973
ELI3656,0.260036846128552
CJF9592,0.8621542030209676
IFV9314,0.48232004960165487
VDJ1118,0.37268864254544576
DTA8682,0.8050118271862945
TGJ4666,0.6643756356592871
IZZ3291,0.5066085650746981
ZWT7505,0.32367789597445956
LTK9250,0.24345418259577314
DVP8940,0.4013076511992017
OJP1964,0.30574970832188075
WNA2120,0.436769818756782
MSO0106,0.49973379611838825
XNB8483,0.29262800144344137
PZM1761,0.324910462209368
ENW1475,0.45984607727198556
AJL7031,0.7031333246475729
LWS0585,0.6500166696226544
TXW9164,0.5533385227442467
EXD4634,0.6435213209459256
KJW6467,0.6760750808350908
EZD2570,0.24784582602641184
ZJV2396,0.5425762643822195
OFC1459,0.5633727829345061
VFR3116,0.4932712320154397
GMO1024,0.697973895926371
BWM2061,0.3925020264620168
QTD8623,0.5996257349924294
KUM5250,0.17309282271906515
RJI3984,0.36387480824096374
VCS6618,0.3757350643455727
XRI7782,0.5758034988242913
TLU8006,0.34302104307322556
KIP1222,0.43167333413107034
ZYW6392,0.8624252686852975
LQG6833,0.35525407293249567
YZS6822,0.3795596049200366
WYB4183,0.7563252200332208
JTZ2381,0.5955036219188399
WOI6716,0.1941760986558136
CAH3623,0.4319955980094264
DHO8082,0.31867982091227237
WBZ5686,0.5263866368330956
PTJ3034,0.4956491917726983
GOH6841,0.3056750997273659
IFK4684,0.3681919232279695
NUC6904,0.5711101039471489
VGA5416,0.4566278522370309
YLK9460,0.5033871290841067
DQW1972,0.6749930935043897
FTN8264,0.6465525663830969
IGT3880,0.5714895796301189
FUA6770,0.6217108883139086
TLV7456,0.2490608216134786
WWE3484,0.5489106824267178
DTR9952,0.7109018059222917
YNO1665,0.2643738451199565
VGE9961,0.37967380905146664
RUA4176,0.132033547770504
IKF0037,0.29794608923256927
YRO9974,0.4035552760660397
GWY9006,0.43759797199524325
FVD7466,0.28812023988652574
UHF3142,0.31512946725104796
DEX6242,0.21227689987600917
QXR3196,0.24288214456186494
IYU8091,0.33579808270201195
BCP0378,0.5631315725422121
IKD6628,0.31407501790328973
NEA8008,0.41790418864496337
IFL0400,0.28794556144558087
OWR3438,0.284619747760257
YTR7954,0.5798503961469923
UAG7922,0.3011949739274799
MWS4567,0.7123585636498638
HYP0579,0.4402643039152727
CWP1122,0.35743338179235357
GRI5844,0.7263870586552007
ZNJ9881,0.6887385786859996
AND9132,0.5267512012486514
OTX1554,0.3260439645261193
JZI9321,0.33373315418487187
LLG6222,0.40576333742447107
MDS9093,0.4906138463914176
QQB0215,0.5762342174618832
QQT6587,0.4881198373691901
LOK7515,0.540073987196278
GYA7750,0.472092917104986
MNV7286,0.7718900659502845
YRI8408,0.6039701430547403
TWE1980,0.5275764976488928
ZVU6266,0.27380405456210666
RRG0247,0.5135967683517123
HHD7862,0.6776602779504605
AJE1820,0.40714646296589063
ZDR0733,0.5827887990775442
GGP3321,0.21823880762860393
CTU8248,0.39171638833396344
ETX7860,0.21438562097263006
BYX4709,0.47449682805031856
JER5258,0.29198030224630606
ATP7809,0.5088897870003305
OOS9657,0.7715246535762292
YBH8650,0.4219499242437778
VPU2235,0.434951632074046
AJE0878,0.46715879679855066
VOM0132,0.5302680579575949
XPU7817,0.787341457026337
MLD9068,0.6435069358663921
GAF5632,0.7417930931781854
KVJ6297,0.7204806464970871
BQD2750,0.5887394424542681
XFK0812,0.23029636931968897
RBI8449,0.7811586563111041
XBJ4755,0.36057537598202893
PUG4486,0.3934588870659686
SOK6661,0.6568292816755715
XXR7349,0.6056439168273452
HKP1866,0.5166983274687132
YPM4023,0.7444315653355338
OZL2864,0.7392279304614232
GQA0832,0.2841625442317227
MXU2531,0.6930554093405984
QYY3922,0.16629541439188977
RZJ6026,0.7225690941606385
LCS1493,0.2413927201779665
QJP7869,0.5853875606161718
VJO6966,0.6709191373841088
OFL4209,0.44495040793977914
PFZ9129,0.3951140566889838
MZR6876,0.7920694910360493
MCV7828,0.2817602842141733
SZN7612,0.47341664507812964
HNX6356,0.40622023066570534
WKH3337,0.5176393243262175
PNI0320,0.6563590714665366
LSK2897,0.32545047342745714
AGY2805,0.3752853703324137
FEB0191,0.6673124406279025
ASI3597,0.28938095945875486
RAW3160,0.372552131848787
SAL3837,0.3422239386165348
QMO1576,0.3448805089367599
XCJ7065,0.31338773307939183
YKO2034,0.5162416592965645
MYM0707,0.6824344761553507
GOD1525,0.5004748833765397
YGS6472,0.4986580907695742
MVR6731,0.3707023657746475
AQY0818,0.5516955301395174
GWL4324,0.5861240749554228
SAL3804,0.5073968542629212
LXN5221,0.4658512417296171
UXM8042,0.2292554171016364
GOH7601,0.2796693774070861
UOH2212,0.6201386517646692
YUH8545,0.7597745495535345
UVO5135,0.41318927190082544
VGV2371,0.29956470103841026
MSD1546,0.4664363774142109
QVY5202,0.5921034851107767
MDH9411,0.438216910776104
XRP3871,0.1779143035069009
IDL4446,0.34068382537708986
SVT0852,0.4370225869065923
STW1369,0.4007587338560107
KDX8757,0.5291734820338747
OKA2718,0.4189772806500557
KGZ0857,0.609584072922063
HXT1988,0.4566221429189008
PPL4821,0.15380265991396913
ZSA7657,0.8011971565784267
CCD7293,0.41045766836748127
XPP4684,0.1905603509106719
MYE1200,0.37956958193624146
DNA6848,0.2287699345610027
WAX9047,0.22325659431339528
JHL5576,0.5326060537724424
HMH5026,0.3074638029689828
EQK7900,0.554069427254744
THU0418,0.30990396907965684
AAN1264,0.606271010686109
FGB5363,0.3624042376235624
CTK2833,0.7282638676118582
DVB6982,0.5893101163769687
RNQ9043,0.4518892137108418
PYH6242,0.2578504207862143
NJQ7029,0.6996775508029885
XXQ2266,0.5631794149142819
TWF8468,0.6832830512592882
PBX1659,0.330528781446667
VYE6525,0.5472695841548948
XGZ7303,0.21448189605432905
JWG0572,0.6644212149644795
GCZ5567,0.28857289305225836
OEK7979,0.22935565875175576
IQR1080,0.6081953658632291
EGP3030,0.3775382698657146
KXD1325,0.7006053285438959
AHW4029,0.4545745444468174
ZDL7831,0.4952549351795387
UUC1303,0.8580478629292102
JHW4195,0.6656985251860625
UQA3823,0.6672017378610635
VHB0197,0.412118204019625
BVR4732,0.44449465312262
MWL6209,0.18233376923594896
USW0558,0.5498482056344942
PED1745,0.3730211748977262
KZU0103,0.6509164441977413
AKF9929,0.5946131161320636
XHX5246,0.48765571042488437
SFA0308,0.5774224369289668
DVD4120,0.4247333424846892
ESO9920,0.514813925484867
SRL6640,0.5461899534862004
CUR0551,0.23416506366002438
ZRZ9828,0.7157102797252938
JHZ8593,0.6193349619987681
NHF5531,0.5341664123317392
FQR9806,0.6598617574315753
ADB1496,0.31231048090087093
CYJ8609,0.47736522655166824
PBY4400,0.4281410118876242
LKQ7118,0.47719007364582205
PJM6055,0.5262938314805866
CDO6881,0.2947427913700765
DRF7884,0.31598155314929677
OLC5061,0.6018020474968526
AKG8619,0.36891163655260073
GES7925,0.5854270078976573
OPE3417,0.19305050066113155
TWP5888,0.4059739636016274
TNJ4880,0.5535937954031566
XYM6908,0.6729055563440693
OTV7462,0.3404218218226443
QDM0499,0.7085364212777921
XXX7106,0.2163086250663108
CEY7529,0.26104889767120726
EQG7914,0.23290791107355568
HQH7800,0.6658705958482213
FDK8158,0.40579518525199915
VLN1057,0.49766374369150357
QYX1812,0.19658873377823952
UFM6656,0.40592693086288334
HIF2994,0.5520870616460452
EPT6107,0.458736258269756
SVH5874,0.4654456749070908
GIO5888,0.37508186659367326
MPK6697,0.538708290801327
JHJ6002,0.38039384758096656
WQB2834,0.2678119949993711
QKK7312,0.4608220791687442
YJZ3677,0.7712421842499836
MBG7300,0.5003197524431661
NGX9445,0.3863616631432448
QTU8109,0.42137188942807663
OLI7614,0.31852310802458644
FSG4468,0.5618997679159212
RCH3872,0.5672829514457705
YXB5864,0.2403766013320121
HOR7464,0.745811558397616
EIC2487,0.3222125247594801
CCJ3339,0.3257545081203033
RQJ9221,0.36026171418920716
HAO7587,0.475733223201086
KNM1584,0.306052623344501
WLN0973,0.5702606963307282
WER8629,0.27896132943453317
SLS0471,0.17901312239864173
RWZ7062,0.5725288927881775
HKX2986,0.5906951717640024
GCY5175,0.283800079055353
AOT2477,0.18780502281545544
HVO1046,0.4408566877715845
NXH0170,0.42140540009202704
GZV4285,0.35757331271538834
XNV7471,0.6646140904734795
BJX4302,0.5470117996877045
VSH5730,0.32640718343386593
FDM7929,0.49467483410786256
PAU3377,0.27430041972590014
PII3257,0.36277520734118607
MMY8958,0.628080233746684
HSJ5714,0.5850901332204769
WUX6406,0.5119715878643217
YAS4032,0.37533711298160954
QZX6944,0.49730655423704795
SBX6305,0.502220161384947
DQH0443,0.5244729256083621
QHJ0432,0.40545259748191687
MEZ1886,0.4433910491584675
FFW5346,0.26570391547265715
GCI5754,0.6145728553375975
YWS2631,0.5900075348884865
BJE6322,0.4580629144356668
QOD5952,0.36096790286717245
PVQ0274,0.39613595277668956
RWA7760,0.4642788229097734
LBD4986,0.21568932041561154
INX2297,0.48479804172099844
SWE8062,0.2664207439002208
CDJ6273,0.34519738984933207
UVR3325,0.44068968956663174
AGA7615,0.21620338444256482
QQF6530,0.4301651399225086
VCP5164,0.367585149360827
IBJ4529,0.32080052713957014
XAP2030,0.1422916468542371
VSZ4334,0.6357429604695437
IDB3510,0.5609850231551444
CVK4116,0.1184043753272521
YRI3393,0.41024408686160085
XWJ4426,0.5719040812781461
CDL2013,0.2223683437534531
YBT2195,0.5832005449441791
XMX7085,0.48103936703701666
TMS4399,0.5493084774226868
VNW3430,0.6444369921757492
FQL9334,0.6291407115753466
BXK1712,0.3513661980082221
KVQ0997,0.23989451795913166
ARP6086,0.36368104690466563
TZA4677,0.7596498538692785
KHL2108,0.47721252838186545
KLH3876,0.40595838898210396
BVO1335,0.47213800470528655
WNP1085,0.6664251949894481
RZU4330,0.42666692353294405
YNC1324,0.5454008281713856
AWY0298,0.5582887240672446
PZK1558,0.36207375176306056
TTN9630,0.266352660768263
BIL0479,0.44181020691311873
QYA2602,0.3651663773564312
UKK4307,0.5645947121266537
DMS0338,0.7237382142581993
VIP9261,0.21200045085080962
NPL9257,0.4975428148255287
POW4586,0.5340535491975205
KXL7076,0.5663389450192269
PFS5716,0.7140873474572151
AKY4887,0.5673353149279701
QPB1967,0.5465349286123499
KFF3495,0.14866880337747956
ZZF6930,0.41565240545645016
NHW3925,0.6021032724592705
BRN8497,0.5383622416438912
UMJ2226,0.1928281819076464
RNJ1710,0.34803190147278157
LUD5116,0.6107337863808971
OLT2214,0.3891470466665774
XXJ7220,0.22102527829079463
VPE1768,0.46338067413694356
MNR3391,0.6764711710681385
JHM0984,0.5509211283674994
FAB0388,0.6317811653868267
OOR0476,0.36818401474957557
IBV7915,0.683103088662769
YFK1866,0.4807439723797581
ZQD4890,0.3796052411039991
WDC9798,0.29513814501027386
CXG8456,0.5778639868660634
DOO3002,0.6826630600034458
YID2854,0.5189651793527812
SNT8269,0.6377220213577249
AJE5284,0.3818027437426278
GLI3826,0.5469804307200851
MPN9544,0.25253551525217877
ZOL7983,0.7115823939249504
VGJ9459,0.4317718461268443
YGU7937,0.5140769402586496
ZHD4984,0.5297921517106596
TQL5044,0.3341351264018326
GZL6126,0.5022134132075735
TED4788,0.3619205782975023
QCB1230,0.5675700861930947
KCU5480,0.19739171844672704
JYA4020,0.6655577339295564
AKI9938,0.42278962388961483
CDZ5280,0.41535641027361886
IJS3257,0.7298552423432808
XHU6926,0.4828993246376435
ZQD9442,0.4535809911307573
XSW2306,0.8489757682560821
QMP1263,0.37080144725554015
LLJ3258,0.18351836451554016
GHM9007,0.28303687187348553
LUC5355,0.7441733462649189
JPJ1369,0.5065778793830586
GHV5643,0.5241927223763958
JNX1312,0.7842791651207789
DNQ9370,0.5896665580376756
WXL4780,0.37296233803843915
WCO3839,0.5424250954261773
IDJ9502,0.6315120704780186
MWF4845,0.7620885818695705
WIA4859,0.32634104230653477
PYN9857,0.19475421891002026
BBK1144,0.4907607989364239
SWH7163,0.21348509819204928
GMF6824,0.08441689654809706
IVT1624,0.41603171333588335
PYR5155,0.7319831202981434
JAN7670,0.48656374408597697
SUL6082,0.6271921370431008
GQN5525,0.47669290921268026
EPR1251,0.4281006720914076
YVF9131,0.5801818903337774
ETE9042,0.35068128871857707
RTU8397,0.46653778041659094
VQL7165,0.8646184178697529
FHF3153,0.510591346152926
YEL7480,0.3494888925251641
QNY9983,0.30197304808690945
WLM4602,0.28321046180860904
BHV5209,0.33441813153719496
EXU2651,0.5069044188335607
QMM0719,0.4222820693592939
JCY7195,0.6008023320103203
OMG3714,0.6666943135586711
PLZ7937,0.42752022899719483
UWY1087,0.677901570827415
KLL3321,0.6653840312083016
FRT0766,0.5419621066445585
AWI8218,0.6362870271356262
VXH3216,0.2390837705788594
USD4961,0.5955417690558564
QDE2276,0.5747417754821311
NQX8981,0.633657072069837
LXQ3911,0.572867580990703
JUS0617,0.25966386523604135
VPF0649,0.29531872155676997
OUU9584,0.8000975033895449
VCE9304,0.45148295953292145
NZI2126,0.20198973634978792
ZVJ8894,0.5717344210597585
EWR8128,0.20417385750241124
GKF7029,0.5524149932494523
FNM7614,0.4923802406962008
FHS8655,0.4762035097772557
KMK7242,0.4686164324942287
AHA8842,0.2565087555002291
CPJ8082,0.5003104900156154
DBC9627,0.5724873937889561
XJW5496,0.3970612924215352
BKG9784,0.6527553715638229
KBD8351,0.3798545439569547
EJG4853,0.3888432247596371
XKA6945,0.4000962251719207
FIS6302,0.33596515046222
VVC7858,0.3131146298475349
RIF2689,0.6044876015284142
AUG6492,0.6244060665905657
YCU0440,0.2732109435010564
UDC2578,0.3132255922761487
RHJ1529,0.3575096751665384
XFC8473,0.4413402558635339
OOA3990,0.5933937895105011
XFL8207,0.7357865417055123
ICS0547,0.4474894918646821
CSV4897,0.4035504375068013
BWU0006,0.5567553029474813
ZIL6789,0.36390241361834125
ZTL2295,0.43458672944401894
ZIX0088,0.6770553944217644
MEU3717,0.23743709093219112
QEF2532,0.3622932710475131
WNE1300,0.7543789203200075
NOF3605,0.40852306424248
BYB0853,0.32253070221016705
VLO7141,0.5503720198972143
KMY8105,0.3834090093399063
OPM4779,0.4236350064484121
JZM6435,0.28309571143094053
MHO6099,0.23553080561458356
JOV5051,0.4211192472775226
QJV9526,0.5662541168948055
HKB9998,0.7402346821917882
GML4512,0.4154735797646278
JVN6993,0.31588061162473635
KCA0947,0.7616872041191273
QRG9446,0.45997091648102756
HBG3407,0.5254173329101789
UBA6870,0.28989967239272313
WLC1148,0.44606928228882525
CBV8051,0.5925850463269766
BEY5463,0.5506227924758731
JGV3234,0.5480805748428763
SJB9840,0.47961561110527257
SSN6235,0.24104047647336146
XSM0027,0.30961765733051916
MSN0593,0.6556291760354716
OQC1881,0.47932897460298896
JPY5172,0.21582523167529086
RYW5823,0.49446082521200524
DFC2221,0.35293104614482973
IKP8033,0.4306800817013502
OGM0827,0.4000019606211958
ABG1050,0.7281676462117946
OST4137,0.3859256800054268
IDC7341,0.34967002667000124
XQO3065,0.4665028938423625
GPA9799,0.6284599448147875
BJY1570,0.6218611396825797
WTF3459,0.6516204835689675
PTO2678,0.49450185317935896
YTJ0953,0.6715021641632265
TPQ8776,0.5502740003293274
PAU6559,0.4306054517540941
GJP2053,0.43498226646748556
RWP9660,0.3470762117218275
ZSD6924,0.21093103583931513
CVN9903,0.2511620605526673
JZH4481,0.6686008741778229
TVO6484,0.6844285393538977
DSW4641,0.49612414452353026
DTC6376,0.4961482404662024
NEQ1445,0.7923169897654436
MGN0204,0.14137314016193042
LFJ2299,0.55932534447864
MBZ9428,0.401546780026868
ERK3686,0.11100878707062921
DMU6787,0.2808576516621888
MNZ9630,0.7032072260270582
PLD3289,0.616279695655966
PYZ0091,0.613338988354517
QYG2595,0.37325728709200867
AFI1911,0.1696680820542059
IUT6554,0.7438935046682805
IID4833,0.5870615845158165
YUM6195,0.28723454325450587
IDK5493,0.5329083633188503
RMZ3418,0.41406266959726373
YOF1202,0.5276112571602891
OBH7504,0.45000831137886027
PBG3271,0.5419160639367565
GYN7033,0.4823872664170225
BRJ6883,0.5020974435385501
QBO3877,0.5509237105101792
YXZ9927,0.513149181217059
OLD0052,0.37319311013811424
CNX1986,0.6331287950447149
JZH5443,0.3112625598477486
DYM5551,0.2669448843774771
NUK9864,0.4505863959855902
SYM9711,0.6419059422614971
TOD4932,0.6592266629476757
BTU0301,0.4499545905587178
AJA9066,0.4252445903103124
FPN7604,0.1245145433324252
IWK5748,0.4013604702399832
OSA5438,0.6432583422248879
IXV7393,0.4097546814984733
FLI2208,0.6219581019879481
WED7235,0.30674945189588065
XBF6820,0.47761081687716106
GTI2773,0.32682391100143005
ETD1365,0.5204074875788557
YBJ4724,0.3890805932710346
TPO5722,0.6521909784898717
SSW1446,0.44733430721956274
AGB9743,0.5608009008733092
TUX4026,0.49872123885042435
LFH5084,0.5614129281917343
MJA0420,0.3785038172373641
OUC5158,0.5591638971597481
QBM6980,0.07770102262222796
MUP4364,0.6654627166734755
LXS8907,0.3414189576002227
TFL1336,0.5963115929149633
DAW9391,0.38093261631770375
ISS1895,0.22476827244623
MCB6789,0.48811519008713483
OXE0035,0.18168641027282081
SPM4129,0.40159911416052113
TFN9819,0.6211791719915247
ZMC3441,0.35457413645814284
VEH5136,0.19084598526374216
HEO2144,0.44922057573770685
TRB9176,0.4598031987394954
FGJ1745,0.15081889806685872
XTX2547,0.46479259363564435
ICV6713,0.317156765041759
CED7966,0.31850505625189557
SDI9954,0.3860014325652144
VLF4370,0.3532885193786162
YBI1526,0.4453004949372588
AKD9529,0.7248483701776324
ZIY2949,0.30372221368656505
SHG0969,0.6668919266937019
ASJ3263,0.4083795556432912
LEB5194,0.5768254817214312
BJV3212,0.49243298794328294
VHW3643,0.13403468897869783
AIC2509,0.7205121541870186
JOD0140,0.5382602160894949
AFU6285,0.591644777855298
BPX1480,0.35565438124912646
FOQ9360,0.39129130480628027
QRV6768,0.9089792940893208
JIO8124,0.5841509234538894
VBG8435,0.5928340656972239
UJK1395,0.5208676134348988
FYB9461,0.43669581121966883
LDQ2649,0.45634158779431777
IBD7077,0.6376519599535181
KRB5307,0.6578557488332991
YMM3305,0.33904731244957514
UPX2572,0.438161833253985
JQH9365,0.38508778052610787
MLW7872,0.4267854018056825
FMW5804,0.33800455634385085
PEG3670,0.4295446388512892
HPV6445,0.14610397271626993
DJJ0601,0.24220096987280915
NCD6920,0.6578851054101849
LHV4605,0.31503309907130644
ZQK5110,0.4910399793187565
GXJ3881,0.2569568581674311
ESS5640,0.6144500828468556
TMB8649,0.5354931550011788
PIM2851,0.16360098289619912
AAY0842,0.5257783039115764
CKF3096,0.5385186481304819
FGV1618,0.6510075039740232
PVS5967,0.23608483121652798
LIM3859,0.525328930812233
RMR1331,0.18514595123734637
BEB3268,0.2565427913961076
IDY9946,0.35451110033686123
ETR4969,0.43900754459184427
PWY8113,0.41249628701153823
WPT5799,0.4864106957901431
SMT5693,0.6905106290525258
MVK3353,0.41623998924972644
PUW5873,0.3736313553083051
NDR3956,0.36865410258994263
NTO7966,0.6882019423645928
TEB7405,0.6649301856046488
GTO9790,0.5277403827707003
KBB5390,0.2238571162119927
JTS4195,0.7819259258403528
FKZ6121,0.37365267094645943
ZYU0285,0.20041023296763597
MYZ6375,0.7474072087512935
YYM4394,0.8107397737437111
MOT2487,0.48490415525465314
EEA6474,0.29030319656471193
UTP6684,0.5364441630130152
KYP4853,0.2633745516601673
EMM0394,0.3553715320144163
ZAQ4179,0.22075704561205592
RFJ5349,0.6000750389030448
HRK0701,0.40192924748936343
KSR8026,0.3523795006751228
RYZ8152,0.4329871491169246
GLA5774,0.29196787920849177
CXM6380,0.6088149509693589
VKS1935,0.3859463428325128
OLY4676,0.4543354142184603
CJU5534,0.3475108053575135
MSE9863,0.3345635333231075
OZM6965,0.6127195509412583
GVX1518,0.4123892087049377
NWR9800,0.40468488098617406
GKG9293,0.4134129225947374
SOI0594,0.476830777660555
UAK9715,0.4423501368175078
HNS4860,0.531658060732882
QQE1863,0.5888323864026053
AOM1139,0.7668561910101341
JND5222,0.6294799838096891
DUR7694,0.23263041140005158
BYJ7605,0.5311905127042644
SCA1279,0.20903938800561234
KIR1085,0.48421117750385284
WYD6141,0.22312556516238688
BGT0275,0.4860054935182831
MMI2820,0.7670699692619548
BWL9777,0.28845956017546703
KSS8555,0.4217337175885884
FRH0417,0.6478942197389799
CGN9405,0.16688284758084593
UKT3236,0.46967811226882883
OTX7862,0.40768321778256883
BSI6803,0.3990770183754173
TTQ0940,0.45624063446189816
TWS2621,0.45294275034671483
LUR7303,0.40085976476095597
YBG1625,0.8727044412666424
FSQ3432,0.309577080379013
JTK0613,0.46811656399921425
WYK3449,0.5050032577442762
ULH3218,0.3284017622582585
JVK5990,0.2966651234206603
FIQ0497,0.6296358060071289
TGB7149,0.18048720522433864
XAU7965,0.6042972127860745
CJF9080,0.608974558395181
REX3620,0.6823391220430658
DXQ8472,0.5311614492009925
AMP5118,0.5883455907412518
PHN1758,0.4737938287872644
QLB7997,0.4048314514572697
FTG6947,0.442227847562294
RBO9223,0.5646628661320068
VVN4722,0.4661958817499606
BMR4527,0.19574327427141217
IJY3353,0.21914931074987343
JSU1713,0.4408315210927472
EWB8475,0.17816075216836658
LWK5584,0.32608668957222453
VCX4463,0.5638971695042343
YOL2804,0.23431753843434477
KAF4464,0.3853911882442253
FIL5551,0.33640936024663176
KTQ5309,0.5102166503135611
UPX7124,0.6198806158707825
JRC4352,0.30831303241133934
UNY7553,0.4624622947866052
MKJ0164,0.7969375338361862
UZD1931,0.7176930717925848
CKO1213,0.28148163861131253
KED8188,0.4407624619133121
ALF8356,0.4853612037070313
USK3232,0.2854971336132421
DNZ7924,0.30512423751528084
NUK2552,0.4320469460974248
TWW3741,0.34013692509035565
UHY2725,0.5900446730451043
SXG3103,0.3989445935383959
KZD5913,0.44927529837526853
LFR3187,0.41351504691977226
EKV5193,0.5100885899500068
YAO3141,0.4741428084363656
GOC0400,0.5634444450275559
MVX8740,0.5872334112866273
ZVL7167,0.7184495065697653
QCL5689,0.5634983633225423
DAM1172,0.6872895606829565
ASK9555,0.4696680940863027
NPL3337,0.35137817585666103
FMY3806,0.40551721597206464
UST2624,0.47434150913005196
HCS9376,0.4488493430407457
WTW2307,0.2790138718754026
SDE7885,0.54074787918319
IAN7977,0.4353710728434986
QEC1993,0.2545182194993713
QJP1557,0.15662430185065707
IUI7963,0.3504821172738073
SDI6665,0.5658208164372337
KFV4209,0.573246524285584
HWF9009,0.6567033027523569
KKV9741,0.4316435741276252
YNH0185,0.7328594782108891
PZK4366,0.16268354354607836
UWS5455,0.4265719446952218
TRP3743,0.5655590741936557
DFO2095,0.4592398460832117
JOF5772,0.736250804876216
ETC9215,0.6231482090877406
ZEH6132,0.528875090296441
NAS2706,0.4917195563896076
TPZ3230,0.569361029940924
WCB9042,0.3938867433702804
QIO7021,0.5716880492740061
IZV1149,0.5358382659119437
CFQ8562,0.30597601075130465
VSS7607,0.4664880970509022
CJJ9855,0.3939499904246793
YTY4845,0.3729063568731296
TWC7330,0.5899891171189486
EIB8160,0.4126416837380056
HFY9382,0.42449926554823103
IEE5503,0.4237502602758318
ROO8981,0.4216908841967984
AOG8492,0.46944474353652355
VOU8833,0.5944410844379835
MSB7854,0.4532223499518342
YVF6589,0.24926565176152576
RQX6209,0.6177933761757664
WZD1341,0.3864193595114578
RXG3147,0.2621293872383841
SYN3470,0.2639850717360248
DWN2532,0.849439181357207
ASF5513,0.44709444048088964
WHS9360,0.6646308926518634
JLP5589,0.4512599237714951
OKS5692,0.6721798174576603
HNV6246,0.5722887680469193
HKL0910,0.43090414534500165
BOX2370,0.7441260111591698
AKE0444,0.41834927637411323
MHG0604,0.26654132884091813
MFQ3423,0.6473089997511439
LFK3506,0.7255408211557737
HCF4579,0.7265208848962682
VWC7373,0.5557670706482132
BIV6976,0.5662440210258988
NTS1702,0.3873165911690556
ZCC5163,0.406714454471622
OGB6889,0.35237355896791717
PHW9074,0.34771629506016816
CET0786,0.6796916591962411
VEC9508,0.17869191438186172
XKS1665,0.37755296857749215
FUG9600,0.3147634265806964
KNU8936,0.6043399800064457
SHC1204,0.2817341053125889
ZPX2229,0.27930340084354355
GCT2462,0.40911966420157364
AYZ7183,0.6701091405718079
BLE2265,0.3524106087280199
BTF8456,0.5172733661853718
QRG3891,0.537016038938684
ZEN0526,0.3226902175516168
DIU4140,0.555463919650215
EIK8980,0.5407198437490833
KSS0055,0.4933363167913307
AZV1285,0.21231779193460693
RLG9209,0.34272160009018393
LVW1887,0.7746011683536558
TAS0098,0.5614538151834478
QKQ5346,0.3602947928555615
LFI6971,0.1975425537580426
BQX0824,0.38807121093933566
XML9945,0.6308666976971417
ZXZ5078,0.579854861388062
IXF4211,0.5417295867400248
KND6746,0.5915168609251886
QQS3620,0.3999907154589837
LVI9628,0.3137707518164295
DUI7864,0.6429389290031956
JUE4551,0.6722613386186945
ZPL2300,0.2267349867393784
YEL7564,0.23475405213786138
UGU2507,0.32333389361648185
ZOI8056,0.26371595640249024
QEA8664,0.549059037471283
QUI8924,0.2704402806406572
OQL3155,0.48231781455121264
ZAL5931,0.35478215514125017
IKV4421,0.4099922390959664
FZA4018,0.37560714645899174
KCO2495,0.33334960906481403
SVS5231,0.6818908132425291
SAW7527,0.8048269206490863
OGM2631,0.37843922383951145
CVB7805,0.36899369584907865
RLF5135,0.3822111628366768
NFE1191,0.5538542919729534
XZF7825,0.39302121683437513
ENJ1626,0.5836211081587339
EEF0190,0.32414199897748774
PTB5659,0.3597296636485974
KTA0598,0.42264356394202784
OPH7503,0.5072702330947397
PFB6052,0.550195785433973
PQP6676,0.25031830753133233
LQY6462,0.48756806948309855
QST8666,0.5660521081003178
KWV7849,0.66671932312449
RWP7421,0.42045843052884924
LJM4775,0.47127490978276654
BKO8359,0.327926494108893
LHH7349,0.25901974470044975
HHY5540,0.4646545975808461
VRG5107,0.4081189273612016
GTY8915,0.4326146426570019
BKP2297,0.2890385863903874
FVO5750,0.6366622553476777
ECD8980,0.5884695511357557
AEA8744,0.4159865313361482
DFA1094,0.460741875623489
VNG4659,0.384343720484927
BYJ7960,0.4898490011418973
AUX9209,0.44588308161892276
YKV9464,0.23839718742984506
ENV2990,0.3505150675272196
UDP3564,0.3934197061995216
LXG1340,0.45374670011156243
WRR3525,0.8584480023901575
ZRR0628,0.39615985734154735
NOI6763,0.6082984810885202
DKT5697,0.816626729598723
OQW8246,0.48898491206724226
EJC9467,0.6375572669054363
EZC0491,0.33558409259991184
QAJ7649,0.36330662261957214
RNR0652,0.7359126345493052
WTF2571,0.7952834691927186
MVZ9434,0.3569510760327811
OJG7664,0.4395886990232053
TTH3651,0.4015032684272325
YBB8917,0.3197481755471272
PSI3002,0.5495195112570426
QFC5037,0.5756213725233441
ALZ0191,0.28269310364985456
HZI4473,0.3709193709240816
RFD1285,0.7207065931351723
BFH0789,0.36453769565782923
JZX9489,0.27821994353305957
DGS2614,0.3134123792316904
VYZ9856,0.3922164005918642
EZM2512,0.608186298785582
DNH8453,0.3357242435924501
ZQR1786,0.34126064002833106
EUN7100,0.616731135063046
FDH8985,0.25719727780366064
UKU6956,0.537633601344717
WCW2836,0.16549459453559642
ENW5898,0.490290254106481
OSP4369,0.4056096129218459
PGT1337,0.10891712859621631
LEG8297,0.6983915041748041
CEP8192,0.5382798686294885
VJO5168,0.41201578856604926
QBW2877,0.499283766907379
VIQ7083,0.14724528447835974
OQI5447,0.565260188701724
UTM9935,0.21830697279908154
AGY4559,0.30322709890734634
JOR6780,0.4808822989251711
MPW8036,0.29580051923641165
EBS9206,0.475483072750237
WZH8778,0.2958026558918533
SDT4780,0.2179531558591459
XEB8025,0.38970070929049944
VLP0594,0.36492581518349215
FGX8087,0.3074158945406958
NZH6934,0.49396405254599735
YME8412,0.5104618061621595
RWK9524,0.4322989602867698
RPP9214,0.6071334265338055
WBK6963,0.6277739347383315
DIG5398,0.38081899848292255
RXB4565,0.2734738931312992
HHK7103,0.19134175105979587
BXO5829,0.28029757128173505
TGW1447,0.5371624182529368
SCG9633,0.48281458906589475
YRH2661,0.6653398279252758
BWM0677,0.5150131647166616
XMI9842,0.4058508210203589
JYV4622,0.6524949589410595
FSJ5438,0.3403313613568403
ZPZ2675,0.44319747961359723
FCT5311,0.47935420297543097
DLU3504,0.48455847214979947
ESU2238,0.8736843367568821
HEY5668,0.7432813772186307
UNN4464,0.4236113305704912
HSF2545,0.22902364991088345
JIA5527,0.189146964171039
ZDA5112,0.780395232262374
HPI8130,0.40243999796731517
JER8240,0.8194043450024405
TAI6687,0.35097934352369115
GHY9750,0.29050159667416653
ZMJ3632,0.4021260994096312
LNL3875,0.5053285406858222
KBN0133,0.7316085788434875
REV6314,0.43967827014602295
BJK1459,0.6041416317351502
MSF4854,0.5066574784049943
FWV0487,0.3675466702947587
RGY6197,0.546033743542868
TSD3692,0.6815324665083076
TVS6288,0.43118695495995635
CZV6542,0.5580921580002307
NFW8789,0.395450405467824
EEE8038,0.5984769647927471
BKX6172,0.5093508154387227
FUG8771,0.5951721168579546
GHN3574,0.24838386220174152
YSQ3489,0.46958462799145034
ARP2492,0.47514112191208735
QHT8444,0.7047090217421166
CVN0729,0.4278342977108793
EJS1772,0.514424675811494
SUZ0883,0.1839653820632271
ZVY2197,0.6407192482858269
QDD5758,0.37606941547974604
TKX2350,0.8789668523979961
HRP1387,0.45284004677734024
MWU5491,0.3103600317576043
VBM5950,0.44931881633195103
GFK1650,0.39572550483558117
BYX3935,0.5130188667713618
SNN8579,0.6335367630136876
UTG6923,0.4321922458583642
XSZ7452,0.7677936122915737
WDB2677,0.8538119828162672
GEW6229,0.3617975322526757
BCF2024,0.33760608115404067
PDL4276,0.34365579910832805
CBG3780,0.8253832107312079
JBX0021,0.37623231766753434
PUC3281,0.2244669730411293
FSE5481,0.5327138332273165
XZU8058,0.5745243832252321
SNX2482,0.5146661702505027
JBY1932,0.30721423927833524
FCF7662,0.2648507462073014
CYF9743,0.32904178473142276
IXO6328,0.716769539557155
BQJ7708,0.4488369706155482
OTJ3739,0.22993592790905626
HWN7895,0.5425368976114766
GRH0857,0.5379986336432492
BLB3672,0.4680275450053942
UJL9519,0.26051254301245846
TWS2222,0.40045369580161133
JMM6461,0.47068170755079664
MIW9885,0.09716800597566519
GJD6146,0.28395501443440957
GKG8118,0.3925218689565647
WLE0388,0.24016281537917827
MNS8646,0.7665254307096783
GRN3294,0.7318884006596794
JUU9607,0.2691350051071671
HJP7251,0.2985216128161819
ZIW6118,0.24635559899889778
ZXD5535,0.7624660511902296
QKA6528,0.6098516647587267
LTG9775,0.38655426218936473
PSG8261,0.6207258256400616
CFT0700,0.3940367864654956
MAQ6578,0.5578287793309525
JBJ6918,0.5765882228492268
LUR6716,0.33373790654537216
LEO9229,0.733692211161847
UWO2302,0.48923139131323384
RPZ9969,0.5509614230065273
DSD9781,0.4728926936775321
PNR9550,0.46051940657970575
VTS9332,0.3581407752422563
PLR7625,0.5407063482120524
ODC6962,0.6670032250146953
VHS8337,0.22566285225082838
WLL4766,0.5880201004456004
OLC7159,0.40363558551037965
VEQ2672,0.6574147285785276
TAM0554,0.8070765147025152
FKW9070,0.5231862083655737
DPV4648,0.6028671704476032
BWW9888,0.48296834048958326
NAY4318,0.5268374894764492
CZS0804,0.3006120012431325
UZF5143,0.340305002147775
JLH3600,0.36680851325060215
KGX5457,0.36141539023920527
GSP7505,0.5073575037899547
YZX4763,0.3817946782563353
XTX1712,0.4444320434610579
VDI9052,0.748428238893281
JCG6240,0.6065780902610582
HNT1528,0.370209058669073
IUV0877,0.7105716598665303
JUB7317,0.32421488786184455
MQY3342,0.5990911767809811
JUR7255,0.46867402055158636
YDH5194,0.5649267936191613
VRQ0437,0.5367350601329726
YXH2028,0.3435312662308457
SHA1662,0.438341030531988
PDT1117,0.6712461946280178
HCW0199,0.2858908624718763
PJX7205,0.8425907359972588
BZH4836,0.5945367204816945
ASG5674,0.5548424931590207
HVV8464,0.6146045032014189
YSA1245,0.39728927817018456
SBV7190,0.8349136017658924
RTA4987,0.6701880550532043
SXY9677,0.8382037212107027
ROO4595,0.7723827987606381
ALO9044,0.36008017081419885
ZPB9438,0.2840540780284946
FMM1892,0.17485007776008155
LDJ7958,0.17638893109871662
BYN6337,0.3775654349823568
YZY1243,0.3160624914417662
FXS0153,0.35001183147938136
DWV3734,0.48585836613944183
ZFU7858,0.5029652873671207
TZR4919,0.32066813298585695
TYW1214,0.4471159826537278
NUL8756,0.3306692016387247
GHL9084,0.3289135250149193
UGS2885,0.22731563621147352
HCZ7735,0.4218892467145745
VZR1727,0.4911468495991509
JAR8765,0.4692084891428809
BAB6072,0.5325969043344477
JHA7215,0.7219186381960905
XCF6915,0.2708964369526465
CXI7076,0.494541343865031
CGV3552,0.7104906111575381
TPY0173,0.565765856104616
XIC4153,0.3601203122859732
ZYQ3231,0.1465139078278834
IGW8709,0.3262327419801137
SXW9627,0.8148546035185865
ODC3755,0.5449160647652637
PMG5727,0.6903484515121024
XZY3938,0.37287468651005884
MIN4748,0.3383086050421703
EVC7553,0.35520391660807255
IKT6186,0.4897286481652051
KDD5931,0.45949523949827564
WDW3223,0.26262538001274877
WSB0329,0.49047070787448055
EKZ7043,0.5340953071937559
QLE5254,0.5135263673075761
OCD4049,0.5462043305740013
YCL7418,0.6020550960265777
WNS4421,0.34455187249459807
NYZ4365,0.5023798993071615
WMV4422,0.3302577369349424
AKT0958,0.5294756428172681
GVA3060,0.7608579846649072
PTL6582,0.6261605407511284
BTB1426,0.6555009740826279
TMX3858,0.4864169124654064
HVS8035,0.5603692761452855
ZJD0061,0.49666372740289055
TXO8401,0.32783659636507095
HQT0893,0.2965425958515288
NNV5095,0.4851505075952048
UAR9616,0.17820471728581705
LYX6274,0.30888731567618616
WTU3373,0.23791701739854312
LRR1839,0.6768847971227182
QXY9142,0.39915171485061435
CCA1626,0.5025315559439535
QUC1235,0.31352238743711697
HPR2520,0.420536921987614
PNJ7376,0.6267156560532845
VQK3788,0.6758488255945222
EJA1949,0.4130159306361576
GOQ2092,0.47686475856995053
TBB5324,0.12248080622251731
OVD9013,0.564839294282002
KNF0091,0.3942707026446363
GCU0368,0.2506919533041788
ZNJ5257,0.45306833199341157
TRR7591,0.3832406828138513
AQC3776,0.2921099834448897
BDK1364,0.861835115656229
XDY3049,0.5036340370281585
QLQ5347,0.5923806337102329
KLG3169,0.6613085552494278
RVT7833,0.1818149325215061
JMF6722,0.18295936835899212
LHH9992,0.7503354433948997
NXQ6998,0.3323499619613553
TGY4950,0.4369826534924083
HFI0890,0.6001779214505295
DJQ2888,0.572252434989795
KJP8382,0.5738057511673738
ZRS5857,0.4012044899523497
QWK4295,0.5840460535960359
GIR9283,0.6686498113767073
OTO3264,0.6067309879434949
RIF4368,0.3927012515390647
NOD6688,0.3252696936459683
WFI8419,0.30256666618236583
PDG4790,0.5284501590276263
LHX4004,0.14591066731357305
KWB6083,0.4433801013522064
STT4648,0.7103050622990796
CQI0027,0.6499893353524244
VBL3943,0.522190591698951
VEI0635,0.4076989523443047
SGZ0280,0.5865034969394776
PCJ9550,0.612161259308199
KBK0047,0.38899072602516904
GWR5964,0.5060066597705053
VKQ5613,0.5315348684352648
KKR6240,0.2736500293518715
SLF2772,0.6191118263144835
LTV5899,0.7819320181969186
EKG3566,0.5596612511446005
ACK7993,0.6889278685109638
YPZ4897,0.7617903642058854
SUD7001,0.44759974569037897
VEL3281,0.44040767636800787
ZGJ2684,0.41648774716181425
MBU1497,0.26310885215657115
AAD2883,0.6516390974407774
RMG3845,0.25676898179720653
RPO5835,0.2921804684593384
QVB0036,0.3275597942969528
SEL8588,0.4110475224660577
VND3841,0.7211897672534987
EFO4204,0.22658347204543083
PXR2287,0.27945736995407033
RIR0031,0.44047614728746465
TDB3761,0.7132359851658818
MBI8114,0.5526747275851368
HVJ0153,0.40833323344017025
ZKR1383,0.5526310009690203
YEF3573,0.4220250123611057
KEI0652,0.4413190489239303
AIZ0672,0.7413187178432754
CXX4478,0.7201692676097198
PDQ3506,0.37434174817524196
HWS3142,0.5549533447022871
LIK1297,0.2946893956282826
JEK4889,0.41067902593178596
BYO6149,0.5160673615665137
FJZ2480,0.28682192438859955
RTM6715,0.5895628461887478
MUN8863,0.3382346528009499
VGK9172,0.4586540017993235
LHA2788,0.4101835957937812
MID4291,0.25907269609513905
YCK5781,0.43603495200356596
KLV7473,0.7519975432776702
QIL9125,0.39585304948138283
JMG2326,0.2561755826926534
CCL8625,0.6641642925465774
RJL8493,0.4429027988321356
ONI5068,0.6262678394385905
JPQ4370,0.3537865935430406
GMB3883,0.4446552428698324
XNS8441,0.6285466917639375
WSK2123,0.3541188239817445
XUR0775,0.19547312706322256
MGS1115,0.26059999626762115
WKK0836,0.5905010614483056
VVP6146,0.4925475664875961
PRC9059,0.49668322546423466
PIW5229,0.6390629195606744
XLN7604,0.3688659555518549
IBW8943,0.7879297776785242
NYY1117,0.24536726507549445
CPN4737,0.49684454428583363
RKL6112,0.5270685663929373
JPW0197,0.2965562718202806
KVR8225,0.49220433323016816
XAH2559,0.548875261743183
HAT9042,0.3766375120126079
OTL7926,0.29609871511229274
RGB6079,0.435457996167242
XNQ6646,0.5712655326598859
DCQ4942,0.5772735144321351
VUH5569,0.48867998922183364
DQW9614,0.34713650673066876
LFA5298,0.36706825168678164
KUE8098,0.47874971119559956
WNQ4841,0.2786558213832572
RRH4963,0.7534931404191898
XTN9896,0.4535464388752319
YOU8712,0.42564956184649344
QNO1150,0.2995683244163479
BHL4463,0.6163365865859188
AZV1070,0.41468857772693074
CDX5736,0.22927326110714927
KZL1871,0.6826465580203859
WIN6633,0.5397687890044112
KFX7900,0.5024169391133679
MOB0956,0.5091067721802948
NOF9696,0.36308227356706546
VKN4884,0.46299924681460697
GZJ3947,0.5094876721305014
ZQB3405,0.34808950198027677
NKN4451,0.785499819218371
IRN8112,0.39370592407530125
FWE5356,0.2727324962439575
MJZ7503,0.6264939910896117
OCP4395,0.6610761083962915
CDU5606,0.35842649366447876
WZN6022,0.38614484905715263
WNF3197,0.35759236311349496
GLO3781,0.3970187066628787
UXD5028,0.1285829476509521
AYM9437,0.41232655719347655
FWG2787,0.15091879263667263
TUS9307,0.5485952594584185
WUL2593,0.6900506087208206
EGT7010,0.4613915354076953
IUW8494,0.27996311339153485
MRO5204,0.5095588377651172
IWR1856,0.2780161456742767
YYX2774,0.33078329418750846
YEZ3269,0.5243912791627177
YME8681,0.37346735467467895
NGQ6258,0.27827211503784405
EXF5432,0.7273178043799303
XTL1593,0.501577743080876
AQA5089,0.18110659498744613
MVS2339,0.6597086043743211
CWV2589,0.5478197572874466
NBO1176,0.5489641232439872
KMN5510,0.535492529663243
UMU2928,0.29432193902388243
LMH1320,0.5048881402354314
PGU3527,0.4852212158339579
NWK6000,0.4174826395489304
RUR4149,0.5009554389170143
MWZ0284,0.4755226040090457
IGY3677,0.6428870434101329
KGJ9267,0.6694097095457269
TMK6440,0.46954154472552445
UNJ6623,0.27869199231674724
SRG6618,0.22053511800800912
GSJ0468,0.25922209524611994
CXP7063,0.4911938836700596
PVR1377,0.5218908062056601
HTO1755,0.3240895813800681
AMS9709,0.46492572044770025
FQT0432,0.3515394647695797
GRA7225,0.15483415952134036
QOW7293,0.436397535271467
USF2198,0.6239269902271601
NIW9339,0.3802931857164943
FRG4201,0.35903722158594986
FGI4742,0.7596894223088269
JFG5680,0.5718674693129482
QYN4491,0.3959637826931658
NZW6090,0.5149755132481098
SJP2560,0.5688615251542076
ZYK6879,0.5658334356179702
YMM2910,0.4872927954654373
TTO1527,0.4978304432667546
EML0665,0.33659726957080643
DPQ4018,0.660760207595991
SSV8285,0.20182004769155076
VID4694,0.39286005777976096
BZA2279,0.4809229435137179
KNO1025,0.45441022746433646
YKT7191,0.4922271630214953
ZJC9138,0.5401549537189954
ZOK9565,0.1494012876155023
GVR4749,0.3956933398249362
FXF4569,0.611219970160142
CAP8569,0.31797085586939555
XFP8700,0.744205414415087
SVX6880,0.5487657574489403
NNK0785,0.3713862957243927
UIR4154,0.35293794601492867
YGN9330,0.3091746429526024
EBR3020,0.632578807924813
HCE5651,0.5249962471322054
NQC5999,0.51743921892429
XGY8160,0.5140467943192464
UWL1133,0.46319225675451575
YKI3142,0.3678280877974433
UCB3986,0.32893707233356556
SYL2415,0.2349087323776241
IPW2222,0.7226380073972475
EVC3607,0.4123376593327698
KOV4171,0.12593422702906992
XMW0193,0.16956787924950967
YMH3925,0.5116034274933502
OZW7701,0.5332561791500824
QNF9556,0.35774293961221404
OTV9414,0.5510784373051297
MAR4449,0.6988364535663327
NFJ2056,0.5201573153831895
HCU1891,0.6475592986781703
HGO4994,0.7788197722583361
ODO6798,0.3109435100160361
PXX9750,0.6965808671245157
SCN3025,0.5152171687813683
VMM9927,0.28273568538913585
TBG8314,0.7753896264077612
URC1145,0.5174718092769688
CSW3521,0.6237816913719719
JBG5644,0.6993009454883242
KXG4715,0.48490841135625484
CXQ0417,0.6847284284956863
GXD8597,0.2770797483383069
QXU3204,0.25948874842055286
KQF6775,0.7081852721079396
MGJ6981,0.1540931892658439
IQW5637,0.5765199249102115
ZXH8766,0.6194209354922969
XEI8670,0.24461524757091502
CFU7715,0.35981832744256875
INK5005,0.43035039984819157
YRM0155,0.424309264313014
VPD2395,0.6804833409205079
DCE8682,0.36632850197604255
UCG4005,0.2763648053672805
ZSI8588,0.38145053347406815
MYM1218,0.679022683202218
MDF8209,0.1996884939569461
EMG5177,0.31545577773832495
YXP1936,0.5088041488902796
IFQ4336,0.3110737812216726
RHK5615,0.48046412606323236
SBA4095,0.31093670497601433
VJA0906,0.363837461308467
FCB2951,0.6499651488384454
DBT2207,0.3247855309311144
DZT2636,0.39679680553264335
TYD3220,0.3919814796446932
VYM7787,0.3623410616230502
REK7574,0.31203781182602586
WXF7530,0.6108971094960911
QQQ8118,0.32673225549784923
HTU2108,0.3590265640962538
NFJ5599,0.5951986616516113
DBL7406,0.5037688935824528
VID4590,0.42809076316423184
UAJ4265,0.15436641596119208
EMK4872,0.5379106133020047
DLC4330,0.6140627053186954
WOP5017,0.8014282874226659
FJM0195,0.5285232866066167
LZH5232,0.6750807805843281
CBX1499,0.545273933406128
PBI8593,0.3734775106027765
QRE2315,0.7015764592345572
FWO2121,0.4327583741724618
MCH7129,0.3804686551251766
JCD3244,0.5553208249623511
GEY2384,0.36743169480137244
EOT0800,0.8473311156680582
CAG1966,0.19953269946943
XOQ8267,0.3644676984635293
HAO2179,0.4936490689399668
YFE2987,0.34835243724339626
AQH4113,0.35258941318241754
VPC7784,0.553879418951572
GAE4033,0.36098583872040546
HFH2832,0.3730517129312637
YNA4748,0.42192689709312065
GPY3239,0.20697783253613283
DUK5098,0.7111851288242477
EVD5179,0.4536409634592431
ETP8404,0.3146275503663835
DDH5472,0.30296101097361466
FRJ7037,0.6512403781188265
ZZN5264,0.6886863425783647
AIL3984,0.5574090496224356
KXO1895,0.47163952348634924
PMS6371,0.3266805702248032
GYC2314,0.6275641203503063
TDB8324,0.2739354746317327
OOS2267,0.4168101606836135
NFA0143,0.4491445507684849
ELV9312,0.38857822901238503
MPB1578,0.4275724238245904
LQI3770,0.38155090208402337
SGE1895,0.32852189791054964
IJL5437,0.4542360446932138
THL4535,0.4247333480817619
ZKV1212,0.10575322560164722
NZM6805,0.6158595884971635
HEB0012,0.5304787514171742
CVY6425,0.30764380655225704
OHO3705,0.43747708648343736
QYL9334,0.2640683337535044
VOQ2687,0.34378292457119203
ZPM3046,0.27023671094827245
TXO7147,0.42535839403463227
BFO2223,0.2706015270458323
MYJ9670,0.39453653197861566
NDD5717,0.5865245195168813
KDA4285,0.34451858068971253
XYI8525,0.4277741974378429
YCG2282,0.4691042524552822
ETL2773,0.13853805605144498
FOH2598,0.47225105587006794
IDO4690,0.28580708037862707
MNG5618,0.30236908327722467
ELJ8701,0.5038853146377721
OGH1319,0.7276021350709816
KYT6714,0.46092401551734935
MHT6742,0.30230004286535966
TKN3033,0.3415866666286711
ABS7187,0.5847422218726014
TVE4444,0.6159380060886767
JKT2068,0.41100508747059267
XZH2442,0.3152254631874933
QLD6078,0.41017476142096054
LJE3409,0.48396525797660406
LIS1441,0.6737212604665518
NHP4867,0.6366886611517323
KPN5066,0.5769118600241913
ICU0848,0.246345762070893
LBR0080,0.43503825307576915
CIV5777,0.4413334983995999
CCS0209,0.39467640229492573
UUT0371,0.45398504659495853
WML3891,0.6603276891100316
ASJ1462,0.22154038214566926
PUO0647,0.5932479719313911
GXH8163,0.44774685533596464
VNC0540,0.447541006371625
AIH9575,0.5392046460153994
OQV6885,0.5913518261653904
TEF4500,0.3487842705294553
PNS6387,0.27789003412390106
HIP4893,0.4617243734360696
QYD4372,0.42848563207346546
UMB7309,0.5913169811084441
UUC5284,0.5919944085148896
NEE1107,0.31646527063817187
CFX4186,0.2320268726039805
ITI2049,0.4846167568271707
PKW9888,0.34694281069839583
CUM8119,0.21537036779444427
KOQ9260,0.29728443655764414
KBD2546,0.2960451604380748
XNO2459,0.7444009760135591
OSP5135,0.3793936956945394
NUK3247,0.513049444784481
LDP7138,0.4287516616849491
AGO9562,0.24858063319544826
EVF8193,0.5006681687579204
JLG0654,0.3493815252953231
RUI6084,0.2672622137080946
POJ2149,0.8095236164516226
ILZ5501,0.2745647872498187
IDF1632,0.6946193302766135
NTI7053,0.2986480343814126
COB7179,0.5498675144748909
IWW3189,0.4101734158609913
XZR3521,0.71312023892722
LDX4603,0.43104621472526256
COL7939,0.30614686225259685
BAY5313,0.3880140401467424
MWQ8997,0.45338966738326875
QTK4473,0.7272094019864483
ALV8552,0.6109519558987452
VPX7439,0.6725213731235388
HLU8266,0.44794780172986753
BBH4360,0.3349400181835785
KGT7542,0.16689020602194757
UKJ5118,0.4956813110868708
DHN0432,0.4084331726568007
DQT3826,0.655633090851802
SUH9864,0.3641522980623282
SQU9444,0.5835296454478576
LUM2519,0.8261940094249007
OQJ3928,0.39402527720575964
HPP1357,0.3630803487657695
NFN5277,0.3130358034459297
TUV0623,0.6555754335686901
OPM2941,0.11625868108269263
KOQ5431,0.5925868783476363
GAP4265,0.6426677501846094
BNZ3638,0.312486364524232
TBJ8716,0.45289176333788156
HWJ0779,0.33415264998601274
KRS2351,0.38798441767105357
POK7367,0.42878681463832535
WGB8580,0.4706387600639929
OBR1097,0.2687938276807732
DVA4039,0.4835561675640408
WZJ6385,0.46019428329473616
POE3029,0.464466235705155
VBV5612,0.3672183191720379
XQL1805,0.6039881992502993
EQL6505,0.6787258773905956
YPX7414,0.39490708982714406
CIT9706,0.3428193042665707
PSE6800,0.45143663665576583
BBC9404,0.4005744305076366
JRG4072,0.3396562564427819
FTS3076,0.5109979394970453
ZSD6556,0.46297910592715225
SKO8584,0.22134862236836475
JOY1325,0.2846563787492995
YEY2871,0.6236558163117244
RVO6834,0.21542643760555416
CLY8255,0.5850239562779372
ITA1163,0.7935544515828
OTL4174,0.29072789326580684
HSF0753,0.5811061912304427
DXH0163,0.4225182059568377
KNE4050,0.8182996121278222
WJD3556,0.2918611990891724
ZWM0368,0.6165357862999014
JVL2234,0.43203348927621166
TFL7433,0.35042242177269756
RPO5369,0.6250291662287248
PMZ0494,0.7709175418719812
AVF3622,0.31639531537386956
BNC1936,0.30581086659248663
ITO5690,0.3370200572810362
JVC1192,0.358674625539351
WND5424,0.6555615963224608
LPV6023,0.7279889491830118
RMM5581,0.522421180905921
MYA1487,0.2801643982534424
MQJ4227,0.2993115196719924
ZVZ0289,0.23388742863399312
BJO4950,0.3685394836177257
YJP3297,0.5826406706328761
FHK4733,0.30143380103371703
SYZ5307,0.23246283157058464
VDD2367,0.44377162935362996
OZK0553,0.39308529826322464
IFM9840,0.40245900879771657
DYP9712,0.5023941463106445
UQB7091,0.5444097048172922
TKH8797,0.571646274418997
JOL1871,0.656877895200154
ZGH3464,0.6365494905261547
CPV1788,0.8515997991604031
VCQ4561,0.7715146478009883
XVJ1667,0.4227585987359186
THF6432,0.38523575367055096
DBL9760,0.6436722627388495
TXI5549,0.6487100350815743
DBY9220,0.34331425214956296
SHM4954,0.20988882596256855
LAV1102,0.17166622976450524
IAP7997,0.28711371984077255
NML0074,0.5652890646718493
TFB2931,0.6781601773983631
KGG6179,0.4248842211536657
FHK0449,0.6292063913609249
ZYK1198,0.6965844073558836
VFY2783,0.4332744651755812
AWP9999,0.4512371317246425
SVW2890,0.21491556255062946
GQP2345,0.31085936197659175
OLK6065,0.11879371834718228
XKI5123,0.4285046019492772
EGV4508,0.4097970187515747
XIR6560,0.42207152376306556
NFK2500,0.37995027321569214
INK4396,0.6743227996360708
LNG9379,0.47732024838940723
WYG9998,0.501075626915011
MHJ5555,0.3486051122078817
CWI6595,0.48112533360510185
JLZ3995,0.3053735178096339
GWN9320,0.6188068369157279
QLI3415,0.2963219519279408
ZAO1147,0.38042265579325285
BJA0530,0.323451634507408
FZH5135,0.17379667585625289
ZCK8951,0.5548230765020463
UYB7252,0.13321345027028864
KYF5284,0.3327814525850675
LZZ0602,0.32770412283749584
CRE4975,0.5633043780958987
WMM8716,0.3674245928815695
VFC6338,0.33846684689348266
BOH4540,0.6555693355210442
MNK3254,0.3528648564111091
BOO1830,0.2384432498458687
VLE0062,0.5184077631648135
BRO3922,0.39395009292767563
MID4006,0.359868633203743
PFU5510,0.5959680011454459
AGD0324,0.2511921279212279
JMM5929,0.4112848720019697
NDN1828,0.6319936871733034
ZDG7808,0.2777246795682515
SET0702,0.6531419887268344
DFO6845,0.42062228262974866
JKN9521,0.1550745435423322
SHS5892,0.154066074841445
CUR6928,0.5204435013173255
OBK5676,0.258512089791263
WSV6530,0.24361137366792454
CBK6753,0.6859522452471123
RMB8469,0.5188529994102511
ZLH1705,0.6777152559926775
AFN3652,0.3691896133736755
ZFW9194,0.30946788926696145
ZKJ5260,0.2837399264977876
TTT2711,0.5912608327788722
BBT4470,0.6183842339901957
SFN0970,0.2121357026586912
XQN5432,0.6915006382738694
COI7295,0.36053604307720666
KLD5054,0.6071191063527329
LTC1596,0.35327971089205706
OSI7867,0.34933136405951465
HQQ0270,0.6612982750721876
FAX2339,0.3267519999737915
ZVT8721,0.3017371447072557
YPD7990,0.2620212652804515
OGM1192,0.5181086339850471
ACT7257,0.43130559671439855
UCE1234,0.32604291239515265
SUQ0374,0.24957737561873428
MVG3260,0.1027151992712162
ZNJ9314,0.2889706138338495
OND2913,0.6056358454638983
ILU2951,0.4014016487920612
ILW0381,0.32054154310378724
ZLF5237,0.7174991811443223
UNQ4162,0.5779188641639509
HCC3659,0.5766089239048128
KQR6108,0.7991595516249026
XLN8445,0.4083608239086642
EPR6798,0.20214094359218263
ROA3504,0.6071334906099279
GEC0457,0.24197526866059696
XED9607,0.45628789050876667
KOZ8984,0.5375300957605719
ZSL6084,0.5417204789135293
VQF8684,0.277766849499875
RPO2216,0.4010663490502242
UYB8063,0.49753979388976693
EGZ4796,0.5569621795867921
SJZ8252,0.5513018320522074
OTA2435,0.6933262732808075
ICK1089,0.6848343976972681
ECO1908,0.23841575694803213
XDZ9260,0.32260832183352833
XLJ0410,0.3483892055565103
LSM9312,0.7114220380602215
MMS9463,0.733301936202734
XEI6088,0.43180902972567947
BUF7457,0.41853657161080093
QGW9320,0.5811416002747177
LKC2597,0.22452191587006648
WMD0994,0.6054687888266842
RRB4455,0.3541923387814708
YYX1233,0.15549397932386141
FTW2672,0.3155994604278607
SBJ7249,0.704054055890046
ZJT9580,0.2738850003822376
YQA3054,0.4729372270264747
JGJ8412,0.7854013619326111
UJA9657,0.4052864765353873
KSI7132,0.24091828880499389
OGF9018,0.5946011109794396
KHZ9617,0.4233473269661989
RXI4358,0.5777192121683673
QWK0300,0.21943176228863476
BLU9500,0.28954622466527996
MNG0422,0.47761312849484944
KBU8158,0.3652717071920111
LKL3006,0.8074511797575399
GKL4338,0.4826633696598848
JWG6293,0.12188341556379897
QAW2515,0.7695167333073746
RRF4752,0.40130523873178314
XNT6274,0.7478399466973314
GNG0750,0.37562722409796223
BYM4470,0.43326226318468763
PFI2164,0.5414274600377803
YVT0040,0.7166230663910407
BIW2656,0.19388764227653588
SJY1333,0.2953464775032889
KYP7177,0.71897744664649
HWL0927,0.41183226835454906
WZT4945,0.5160295776023618
BEX3325,0.11850452340838262
QYE3536,0.33661262642695133
RSA9435,0.4448852144413587
KMX4023,0.24674051448128015
AYW7072,0.19149875073107095
THU4995,0.7311243806628164
DCW1135,0.6906624945686172
LOG2978,0.4904659433957187
PPP9475,0.3477558219632868
LVJ7546,0.2793561100269894
LOJ1062,0.6839723093048483
VRW3439,0.5256051790427755
OSM8631,0.14209524063642004
DEB6956,0.2808259599089568
TLQ3678,0.623759475821885
NIJ0124,0.5459509180328888
YVA8893,0.4705427176953673
MWM7162,0.3686570935684621
BTP4984,0.36805971248235225
QLZ5480,0.4717986986151462
MQI0456,0.2956402883275472
JZB8717,0.24139558852115123
SGS3243,0.5330912199284089
ECG1932,0.42045629141573526
IKL0922,0.40523729192717645
ZEA8656,0.6964054010170064
PQJ3332,0.41504809068068543
JPD8924,0.5513160801003085
UII2018,0.6122404343421828
VOY5170,0.3224494758843602
DIX3994,0.4076116262283049
YYN4667,0.3810342659308723
RTN3895,0.33853920243213265
HWA2899,0.5214042222441326
PFE9704,0.24705420948017354
VSQ7496,0.333395668611739
ZFZ3363,0.3628300398470996
RQN0784,0.5990826608732074
SDA6052,0.7267185033667012
WZP4660,0.194652353030534
LFM1956,0.6157860278526491
JGL9272,0.4593092780999723
GYE1401,0.48230957161140103
PXB0812,0.708280001143759
MHM7208,0.46728117133374736
JUL6037,0.7596507033595434
GKJ9414,0.6081137679295138
KMY2541,0.6874731036461188
ARB0479,0.20448927906943962
ZOB7169,0.4954400715484829
ASW5148,0.29547967220629384
ZDA2366,0.3556748876799795
AVD0872,0.4324765225139728
CCS0420,0.26047366475296224
TTE2860,0.5614531467258476
GTY0260,0.4259340402680926
DXE4385,0.6586171426819968
KUQ6497,0.7062652364145953
SFP7730,0.6403058973412445
CMF1328,0.3659696201322969
LMA8748,0.8106925436568024
VGR6653,0.35937978832872075
RGZ9524,0.3759746532295131
FET5502,0.2545336288136621
JEM2463,0.2725933769369086
AUA6044,0.44162018651685325
HPL9647,0.6100559715920011
BPS1507,0.29536656727609684
CYN0995,0.7892806496225977
QHA8114,0.3041999443920778
FQC1777,0.5471023067983578
DBS4086,0.383101572753355
QVF9227,0.39597251513201087
VIP6915,0.1462295891909831
MUD8340,0.7559920717703672
JQF8966,0.23966121547749925
RQI1364,0.5891362263216223
NUF4509,0.5241424146017172
SWZ3190,0.631595803622467
KXE7933,0.41476021151485826
EYA7729,0.6807962236211957
HYM8302,0.46531796130345526
GCB7154,0.5092697028496114
UUE4847,0.4292659694761
KVU9663,0.29855483018296364
CUK3424,0.4850680672155312
NUI5688,0.530478801481897
CTV6017,0.5018879141957001
DLV6265,0.5723704586141404
JEW6037,0.3809665060410141
RVI2343,0.640402196759961
VZD6811,0.4348397430082041
NOY4863,0.5795696724772009
UCD0369,0.5711136176018978
KOQ1845,0.33694656434855674
SXK9864,0.5725375665236255
QWH1123,0.49247189051306
KET7710,0.5827203838805917
AAA9588,0.7195881612384969
VMI7234,0.605334153022887
MUP3281,0.42956580065900946
BVN3042,0.312427305997445
IGH7033,0.5078835227414005
VWJ7094,0.444466110405898
HHY5559,0.4662638140319265
ZTO9615,0.5062622089405603
TXZ7480,0.7132282548891303
IAV4641,0.785254202380024
YTB5875,0.6117225187255465
ERO8164,0.6657299544809812
EXI5648,0.785919668755351
ZIX0400,0.465549448335383
ZBA8054,0.48915017256954046
IJQ0067,0.251053927543316
MHQ5990,0.37884788634419264
BCI3337,0.20120640848418414
SEY4573,0.3443638127118812
MDI7427,0.4538051256094859
EKB7410,0.529735419588643
YMD6194,0.6447662083418988
OXP3211,0.5686283285627761
EZU4202,0.5272522494128397
QJO6550,0.45609162507996537
DBY2718,0.3914943698589165
JNH8313,0.47865854090096777
UAF9340,0.42236426980680436
EAU6080,0.38496779902109346
MNJ5531,0.5178362263333356
RNX7667,0.32977220237598814
ONU6035,0.4382510588658966
BSC8810,0.45771844393990213
FBQ9869,0.5027727703629249
RIQ7033,0.3536100242584625
LGC4819,0.36233292571038234
EMS0266,0.5826698199107168
DXC6825,0.3122654162277726
TNM0466,0.5842849707591319
LNQ8961,0.23381072866349253
RUP3769,0.8336554972005992
TZX3040,0.6590344391627279
EVV4409,0.7480568908082529
QRC2600,0.4517745369625863
FDA8093,0.8573599557578182
BAS5021,0.8107920924848065
URQ7179,0.5905755859998986
EGO7411,0.544231584649475
VZE2929,0.40664039411148406
GPG9657,0.5626238426491744
UXM4472,0.5931257987586835
GYF4105,0.5182288639438583
PKN9430,0.4021479909852961
GVW3536,0.5300827061482744
MXB4178,0.38693776515782263
JZG3275,0.5451929066879387
YYO2395,0.36640746060787976
ICC2081,0.39834978953045114
DTM0924,0.5551939370240097
NYP4516,0.6731721984015246
UNA9848,0.2828432332925554
BYB5464,0.6031022093384558
DKO1294,0.4425461239584372
PCP7504,0.19433979786148203
IJT3111,0.5806832973914323
AAK9116,0.32925247015659626
XOT1298,0.5420232666351236
QZV9383,0.8370551079476722
IME2259,0.5314631091413066
GNN8970,0.7019668061490479
BQJ3332,0.459152371781827
OXP1204,0.45320472148135216
VNJ4126,0.40906997304371456
TWG5565,0.640292920867103
QLR5710,0.7463730994652155
VJD8728,0.5096221714596577
VXX9955,0.41445190619777367
QOX1929,0.142879345444208
VAL7213,0.696736221655152
PDX5198,0.3214108092571449
LMM2608,0.5209219199002563
DNE1153,0.27017274656665896
AUO0261,0.46409161053520104
ATO7516,0.5923930538122377
ZHX0628,0.6923561332523428
QJF9132,0.6570973333566854
TJY2251,0.6678146831715934
GVH1191,0.5318231850779435
VNG9948,0.11798258611587864
OJN3679,0.26404503792315925
CLS3261,0.48712728205709827
LED9519,0.5162351922836619
WEQ8487,0.20030511539147672
DEK0926,0.32729551513974997
XUO6581,0.6283365123067631
NXY6607,0.8703864360876742
TBC5887,0.59140350993473
YEN9422,0.5952855199827096
IJQ1845,0.28146438908740223
PZC6928,0.5232306587800406
VUG5620,0.6901486155914754
BFK1815,0.49599397785233507
TDA1980,0.45684380971863114
TOW5003,0.27757515132565114
OMN9815,0.23683149955364755
GRE0617,0.49878582550676304
JII4592,0.5769270788980887
AOO6661,0.15809619558880636
CBO0620,0.5043206034751092
SWB7719,0.18872973253241165
BIT4693,0.2629738533697323
MIG5603,0.7932131137674335
HBV4213,0.41482393566520137
OET5314,0.5945826984597784
COB3315,0.3489690981349906
RSY3697,0.5168083539996028
MSE5681,0.6033628911031587
MMH4276,0.33613693768864106
PFW6501,0.4751382992491416
ZSR0004,0.20826174652525592
GKH9197,0.4987138112165688
TRV0849,0.4880571216555629
SIW4146,0.5342709438730746
KRJ0667,0.22589857010343178
DJP8752,0.4096374295635952
BJT9550,0.634634962090154
VZN6590,0.4364728934532205
JWZ1931,0.5439248293544345
QIH6605,0.21184744818180676
YZF6523,0.6850396217821698
QKG9178,0.16456438132278384
QIW2111,0.2035257728185735
SQM9169,0.5243806055517468
OVA8898,0.6106837641407199
YVS2362,0.26558063484428734
FVO7749,0.546610126151258
NNU4088,0.1834773535105665
APE0586,0.23441532737861415
VSX7592,0.44313448706469777
VPF6231,0.4908827616809614
HSR9557,0.15462964129773837
ZAJ8603,0.18641618589081801
TMK2376,0.3521532692558008
GLJ6382,0.609249191801234
ZLQ2374,0.25042713787904375
JLD2056,0.2050107240138447
MRY2653,0.4009446649816383
IKL9848,0.3725367558194674
NUU8477,0.45521721432693646
FKL4317,0.5817901618165723
PPW6729,0.5524896400428754
SQO3135,0.22618780741318514
TPG3348,0.2054458419983135
PRV3805,0.5278499449281918
FOP2376,0.35245157867347565
KWR4841,0.5021800327667703
BMJ2460,0.5178376048289598
JAO1630,0.7897814818355866
NZP0982,0.4161891454397059
IZP9673,0.35312202442159085
AXH4205,0.5994046463723738
EKY2953,0.28091091998598083
ARZ7146,0.5088978438646823
AZW8658,0.41490020538225286
DVA7837,0.5563251169864062
FKH3342,0.482824371893497
GTJ2409,0.540649183985718
YKG5133,0.3741734523946917
HCF8656,0.21102498154133242
CJM6032,0.42411796635728327
PWL3400,0.4003389841442727
FRN6924,0.627716067777709
JUY6087,0.5376897211854371
SES3445,0.5378982830789685
WGI1556,0.21369901843412975
JCY3296,0.6513935204862685
ZYP6649,0.271603404152513
AED3703,0.5818283562520277
MTZ7722,0.6540292033103289
BJG7415,0.2796559871418313
QUQ6472,0.6229809135572547
ZPH0403,0.4835008553928712
TNT9669,0.4119337297308936
UPQ7495,0.8147973849824308
UQN4012,0.2397201303567441
TTO9584,0.5172188700377134
KQR3390,0.5211558010444141
GWH4376,0.2723459958453382
WBC6848,0.5786618281269652
ROT5760,0.40799629723817793
ZIR1901,0.6482941115906096
ZMP0907,0.5839576996180121
EJH4064,0.7330137383003653
IAA4193,0.5012047973868765
JAV8082,0.6901002899780824
BZJ2124,0.5062807732703307
BHS3652,0.4416564967987741
QGN7269,0.30122216660227236
BQB0802,0.43188414905743344
LAN9368,0.2563135312281595
BLR4102,0.48547613865104305
EJL9181,0.3832771199020908
CGJ1367,0.3238723228519903
YGM7289,0.6856149536232177
ANE4633,0.6846517540629673
RVJ5763,0.36623817777785966
EWD0068,0.44325867509492056
KIU4194,0.6484361673460143
QUK9800,0.1401695319349011
ZXV4730,0.23971130882501446
LVO3150,0.6615067605780087
AHH5972,0.4119839045715006
XCC1590,0.6241629837609796
GFT3151,0.5282399003778089
ODI5254,0.5279966995410398
OHC5461,0.1720070379719385
AAV2795,0.28355739960180976
LOZ9316,0.38418482478711613
KWR9727,0.2383466626578522
TPP8062,0.14069808470929868
AVM2870,0.6309676511212255
ODF8635,0.7476325159173438
CFI3776,0.38738429287398785
YFE4650,0.5752369446619857
BCO5854,0.7478700000214525
MMN5992,0.630346663631575
BTQ6212,0.31552245688996927
VXN7611,0.7585731683830254
HXL0687,0.7160633659555944
HCE8316,0.43754880499986265
WZS2541,0.3031313738686295
VPU3401,0.5282180369390825
VEB8716,0.6478178998093048
CJV7406,0.5396050763859641
RJP1923,0.22011905092407671
KBN5171,0.3870435512197336
QPB1565,0.24917866207682507
SHW6134,0.3841954096724307
PVV2656,0.2831142195137259
GBK2327,0.7083306022255743
GSH2269,0.44390455094570735
HQH5342,0.5333543009208166
IOH7276,0.46332886287630043
EEF7466,0.27062992255066354
VGV8594,0.44092633374477413
QSY8941,0.6250301969277252
NYC2081,0.4186882782577167
EGT6687,0.6320407148522063
OEG2338,0.7945229667111064
VMK6024,0.20499469514975935
AHX1094,0.5048543326991942
SMN2302,0.7403683311734056
WBO6639,0.33984806554762476
DWE4874,0.43561983521937875
YGG2124,0.28118634197178144
DLT6927,0.5989263920283063
OMQ5213,0.48700955755851666
HYN3175,0.4718499982791818
MXM1386,0.43309376779005454
YOE8273,0.4120983856861601
SXH2889,0.5338253571399195
CXY0805,0.7275093351192834
VQM5812,0.4534482358930196
DDA7524,0.5690631593358032
WOD5143,0.6611016039748043
OZJ5660,0.5244884869322253
ISX8503,0.7109639284823517
JQX8638,0.45327218526638713
YDL1970,0.6998970550160963
WFU9294,0.20496029070777858
TPM6484,0.6855635384275109
AYC1772,0.3921825782220776
KBW5416,0.1798713166612321
KAG1205,0.3269967530136162
ZVJ7299,0.17694229019823182
JLE0161,0.30434090439837647
LEA1423,0.7210546113061151
YBA3882,0.457520117611188
UHM9085,0.5834901438380706
MIL1434,0.8065412484290855
XPQ5985,0.494402319455244
UPN6139,0.23478995312110423
WJA4580,0.4582420082949811
IMT6969,0.3526829704782795
LIO2897,0.4687464400789379
CXN6801,0.38418994211082896
BLU1556,0.7811075261693003
AWG3946,0.49234534854431006
DLQ9556,0.40531087668103893
XEU7488,0.5842052842549353
FQU7276,0.4985135168263529
NCY7459,0.3765411351308237
BCV7892,0.765159070036988
FLH4618,0.45475693253657273
ZVV3028,0.19479390163251867
QZN1601,0.6956140265130489
XJZ1637,0.6942370990833823
SYB5040,0.5728952338519115
MAT7613,0.34670166945266423
NGH6801,0.5064182596458242
ZOL0059,0.5296706883198792
EXA7114,0.565515637555334
CXM0142,0.296605863734382
PJS4371,0.5845709613151154
JXR1657,0.798200746166913
BEK1391,0.6105181514562766
WXU9583,0.208494737578771
RNZ7098,0.6881254268071849
PMS0890,0.5963903785834558
AQL5980,0.7598770445183093
ERS2016,0.37233560809751415
ZOH1839,0.15362739497246153
FVX0195,0.42840547810041707
BPH3648,0.5154792169232187
ZVF6316,0.32434357044203505
BSK9724,0.7336916887222501
IBD2355,0.2515716071821517
CFW3424,0.46700077787356153
HXP4535,0.38938742155923206
CAT0625,0.55072345197165
MTT2731,0.3789597444152509
IFO0991,0.345389130340535
GVG1586,0.5041033315482117
CFC9673,0.19057925674335563
TEU2111,0.6760358179702425
QPS7127,0.30779905915424977
YBV5242,0.6668350439024334
KOR4670,0.5160759209407944
QTM8492,0.7201063393211875
MYK8510,0.269094780849378
NAG2773,0.5434808337993904
PEC6263,0.5140288119180804
PGD1204,0.3139524460660744
LGI3912,0.7369652359147313
GCF7357,0.5056194421990636
OQQ3585,0.5288421804370427
ARM0626,0.40884785266478546
IAI1021,0.6454888211112134
MFE2142,0.48968634036527187
KPI3589,0.3377973406853909
YKS7999,0.41162970797954673
VGQ7720,0.8271163245776407
PWY5428,0.41210054542872365
VAS9650,0.4018049423764711
VTV0991,0.5700490880579338
HQA7458,0.23101951898987902
LSI5734,0.58882651707109
OKO3668,0.4634828058918299
GZL1877,0.5722985333219001
KWN6422,0.3600578793872843
GUA2567,0.2984755691217281
RPQ6675,0.5365609532144893
YWS6693,0.4725237240744873
MKE5428,0.30512468303399415
LDN0458,0.4151193238156319
GGQ9031,0.3713788164330518
EFY2280,0.18985869397946922
GHV1064,0.31671849301782096
SIT8510,0.5895582542353163
LZK5720,0.3018781322731082
EYY4984,0.25308508582868217
RTR9720,0.1453069844632573
VWC8361,0.3953741691478198
IJA4476,0.586951409940185
DUM8709,0.4296407760029358
FFC0445,0.5004100287738368
JXW3652,0.41297718476361706
YMO3299,0.46537211355723634
NNG1473,0.4212495892714839
ZLQ9497,0.368003949955828
CEG0886,0.24976211522525524
HDH7352,0.5096567039724546
PFY5839,0.7014595838938164
MEK8334,0.6802539236801832
NMS8978,0.5201835197837353
IAK3961,0.33579456630987775
ZKC1865,0.6629615655993001
IZE0994,0.571535078418346
IEF1735,0.62063712938233
KRJ9966,0.20763658023337062
UTW1027,0.5752396144640501
SZS6272,0.7537382029074625
EWF4567,0.642206279758575
RPO1618,0.7242357027656261
WPH0720,0.2583598070666094
RNX3075,0.641336042726476
AEQ9742,0.6391472272610632
AXU6734,0.5389856060304185
YMV2014,0.35861636241320016
DAI6955,0.3028448616808171
ZOG7564,0.30365883542539673
SEZ3317,0.41475766397699676
MUM2400,0.22120781109950957
OXQ4007,0.34890395885971065
YFW6128,0.6508772221661612
JYG5473,0.35817056553023313
LUO0745,0.4333810464090918
ZQF4174,0.34993263608739217
IQD9173,0.4343171166649986
GOI4498,0.5075715742513542
IEA3699,0.23736548435591315
DGM0987,0.48416404892190407
NEI7370,0.3025390430439237
ERV1656,0.31344063792790805
TKS3561,0.3018230043265426
WLW9309,0.595064754282885
CGJ2857,0.6852068741853539
TSV9145,0.2532335275986656
UUQ1311,0.6105470569986085
UCK8281,0.6661554869677663
XPR4649,0.27884499302001364
UZC8409,0.23117878648951914
YQC1970,0.4053998274158942
DFP4363,0.20272196629118625
QZS7440,0.134469502459186
TOP7250,0.5739645147256232
GTO4021,0.4661905316070155
MAY7087,0.31068526330635843
JQE4302,0.5830345103421931
CFU3071,0.42177864742773996
OLL6961,0.3519486850543954
PPP6269,0.594169939331607
VEX9118,0.44176286096949996
NYL5099,0.601362687292597
YGL9131,0.28200295398371783
DGS3906,0.3894813027498461
ZLO3535,0.2519823249362386
FZC9071,0.4271273092472147
WMI3939,0.3471905698733576
JPO9622,0.5732290092800147
VJO1435,0.424032559017204
MEE0643,0.5825823489389925
FEB8548,0.6305178033183779
ZHF8378,0.4073510781620348
QLA4090,0.47496730799150705
RCB2810,0.49322178473124173
ALJ3904,0.16939694683538659
PNR8169,0.6102570686659291
PYZ1926,0.38322136467209555
UJK4426,0.3504163825706889
TSH1599,0.6271747039577538
PWK7163,0.4663952909504495
WLA4833,0.6603733019948352
LDO6548,0.2514830166866534
FQC2356,0.45025367798098803
TCV7063,0.6230200653930207
RVQ7144,0.47610134617896877
CKZ0327,0.5205885952512644
PBL2066,0.4524599109304695
FWD5802,0.44687198280232554
GZL8043,0.39694800793018037
BUR8794,0.3984436400785869
LSD9958,0.4952571370004225
CKP1348,0.6824761306160024
LEO6471,0.6691156135443106
DDE9666,0.24748038512160603
GLF3965,0.4175634138077494
DYX7823,0.5305092342381228
KJT7189,0.4270158708357242
BEE4902,0.3485246404390937
AUL8562,0.30072053643425195
LOU8589,0.41516298458211437
XGX4399,0.6147730906251246
EMH7843,0.24531849863462718
XVW1746,0.7155955828347585
FRA6871,0.665406758004534
BTZ4615,0.5828773156401078
JVK0399,0.5078467263768559
FBY7439,0.22867290743073407
OIK1811,0.4160415619470365
TKN3551,0.40231331238536183
MTB6145,0.30782370689217
TEY1076,0.5230565483958889
RPC8419,0.46100226958311585
CIT5139,0.1909912476135096
MLI3430,0.17305081002855716
RUM2934,0.4114293233160139
GKW1381,0.7045533696862861
GLY4319,0.6459777049456316
JXJ8620,0.6787165166749977
BBG8561,0.691780402525247
NYD6470,0.6398968236618386
UKF9707,0.147134760777004
BJO0932,0.7307237014045963
HQB9105,0.8068527396564655
FGN2844,0.3859634847898003
AXN0878,0.16871542627835584
ZEL1467,0.35762891398360735
HAK5952,0.2490716056973611
UJV9692,0.5634818464038149
VAN2435,0.634870760768956
XMK2800,0.5366570708898439
BRM4559,0.265644730348433
VMA1079,0.6330216073983614
WVE4547,0.5385060378644466
ZXW0932,0.5150552326142832
BNI5636,0.5207669397776427
JSQ5352,0.657670557518637
JIK0732,0.5207760599422914
WCA3320,0.7514319668880194
DGH8126,0.41412109512372786
CHF7735,0.31041645648113775
RVR4678,0.32117330375274195
YCN0564,0.43780551297705655
GTV8271,0.6063150247225648
VWS5640,0.7277083642829091
BVJ8966,0.3150446189189179
COP8976,0.17470597651203967
BOE9059,0.5269004361500091
SBJ6590,0.49936710190833644
UYT4403,0.24326132401860034
KZV1116,0.7076360093393215
BRG4032,0.5000837556086535
WYC4073,0.3343994293310954
IOJ2896,0.3448922507401579
LGG8684,0.5022216659371355
NTQ2843,0.4581339078017645
ZMJ8643,0.3843734688297028
HCT2467,0.2395225224220318
DIA7855,0.6156419690242071
AYZ3084,0.505479482754653
RQO3935,0.47404297171778786
KFL0846,0.53900542603536
JQO2913,0.4309534488449157
DMD1697,0.5375847776547283
GED3979,0.20654363199223788
JBS7118,0.5210255459780431
QQP9322,0.2730882627675257
QXS1157,0.4151144227572536
GNB0143,0.4712958156022813
UNZ5294,0.367799466837159
IQC3186,0.39401208973181734
YWD1004,0.3698009897414598
GDI9314,0.41411961734832425
XEM8565,0.5944518315207433
BHJ2958,0.699732852790719
JSS6390,0.7547161652521672
EFU6084,0.48495493225937913
ERJ1605,0.5693171224717122
MSK2594,0.6461652048983227
WKZ3834,0.4823924550928664
LYR8244,0.6415085623463131
AIA4353,0.24227686845009389
IJU4513,0.5492849215722366
NET1084,0.8641340865635225
FOY8002,0.6850413576288183
IVT7362,0.22224771069089216
MXX0393,0.17708186016566907
MMW2468,0.21125688877622276
EYE8405,0.5412195207308019
CFJ7271,0.5583181096970492
GXG3374,0.5627405306381669
JZR1336,0.46331307597821814
OYB2502,0.42016401628322403
GQP9769,0.5134993152442776
BTM3832,0.47199552762567065
BFE5307,0.38762515736405057
DPV3741,0.6063923326942373
PQF4011,0.8557726906309931
SWH8660,0.36387193200691687
RUJ4124,0.6460855302393169
JIY3874,0.8400491210359932
YTW0738,0.4625148986534542
DAF5576,0.5236626808519659
RME9904,0.33185377207881644
WQD3637,0.4749870828949664
XRC5135,0.3980061311440449
BWV9133,0.6902756989274462
YIE0212,0.4224406577331664
FVP1386,0.3539512486225941
JEV4772,0.48989820612157814
IEQ2327,0.47351551995467583
JGS3639,0.7520736693385197
SLE5494,0.26141433569098554
FXQ4001,0.38794639337193065
BIV7112,0.6422616660662983
MJZ2835,0.37237096346421455
UWI4086,0.5900542127745757
GGL1207,0.37135369689243763
BTO9222,0.4729211291335841
UMS5559,0.36191841993758994
KXR8978,0.5436655364063677
AXU6879,0.4723858483241737
HWM4825,0.48120337236913324
KKR0210,0.49773658406330085
KXI1947,0.4344544923533292
ZJA9996,0.31854804630363914
MIH9177,0.21615218891581717
DTV9213,0.38497241426199813
BNY3169,0.23588789447563632
KLP0815,0.5160795394404151
SDD4646,0.24619179436581887
RIR0329,0.8768510352239443
CBI0742,0.5600683539876462
FJW6585,0.34106773799031725
IGJ0815,0.7382660740076766
HXV3170,0.6968849944964597
CCH9613,0.29122114939449706
SBD3987,0.19170945783794727
RGI4775,0.8776494993060667
BRW3605,0.4886246509880727
ETH1834,0.5773979565180593
QOH0105,0.2228024325000573
NXU2122,0.42531288365922365
SPE1936,0.23645337454036708
ILP5244,0.3393322234904924
DKB4195,0.534514872217851
GGX6644,0.35416381204952796
HDL4118,0.8778632281399508
MUM2925,0.4975890664778562
BXC0675,0.7813819828507004
VBG2014,0.2907304340253958
VLU9792,0.3357364188895897
RMG6391,0.555588670124278
GAY4087,0.44272832304021464
UJQ3777,0.3863202203339548
BII2514,0.3857611014653981
KSH2923,0.20366346875480915
QCF8781,0.5031413825618051
ZBW0966,0.5151613647215688
LAL9849,0.7446502522311796
TTF0318,0.4961249008724085
AXH4028,0.379217758525486
DDA2131,0.6360737533728287
ZHV5176,0.3354420893445145
JUK7771,0.6708437010431613
RMU2942,0.4771972983941228
JAY0661,0.26988693595973134
CNL5981,0.4031098564660219
RQX7816,0.22836516591496178
KUK3137,0.47727736255861547
EWA4218,0.6948484176508701
VEG7294,0.3329900790902522
ENA9649,0.219907723680304
PND1769,0.543568774041548
AIL9603,0.49369197490127203
PBD8901,0.3053490315330119
LRW0566,0.15382102876549297
DSG9297,0.5017435383319291
ORK8776,0.3243989473439739
RAM1246,0.38797512945702656
KQA0613,0.3651036585692371
PPV5408,0.5358621723276374
GYE9182,0.48248993196411183
ZEY1691,0.3124496357262436
TNS2062,0.28957332916643275
CXA2052,0.5282656727883124
IUM9938,0.39298057662237534
KPE8453,0.565974684510882
PPK6428,0.6246455922014051
ZEZ2501,0.4164254481829431
CTP6917,0.5412164660563048
AXP8120,0.46005097018176366
DUU4571,0.4431099266771943
ZQI1951,0.22669079537844247
JEQ3602,0.5292705228355901
PYC9616,0.35123766290134895
MRM9344,0.547592354186615
AZY8792,0.5496652040303598
DBM3331,0.39520068251720003
MQR3184,0.6787792524532303
KMG7587,0.14364331843701447
GGZ5023,0.2427154034615819
PNE9100,0.4213651312033304
KOV1191,0.8452305688432641
QDD7290,0.8365411985948216
YSB2123,0.47115438962643036
WJW3660,0.523173346753731
YIS9227,0.11505939128900952
MXD8938,0.6728610984787117
VTK6219,0.3924617465237919
YEB3982,0.3788980227208304
SRY6422,0.8215667865567762
KWS9373,0.6361314875450748
HOV2809,0.4200381248335575
RPS2710,0.42896329268432803
AGZ7677,0.2594437649341263
NSI9711,0.4707078744324783
AYA7112,0.47506470357979447
JFE0601,0.392844220397105
UQY5571,0.6173444288300711
RYD8898,0.34469140338703846
ROY0244,0.3716982973210331
TNQ5151,0.46827842758298444
BOV0135,0.36141142704012763
BEN5821,0.45695598781847124
JAU8428,0.3775960020792329
MTS3008,0.472912010017336
RQF7412,0.5506480769352271
GWM5403,0.20793810692774584
TOR4862,0.8574055662211391
VXS2017,0.3366005436881499
PNG6506,0.5543144020262262
KTY1630,0.2944659562208984
NEZ0088,0.3682694449817318
AKO4410,0.3992725264127806
LGJ6361,0.7582978151343792
AXY5928,0.359049866079503
UZJ1364,0.7693187405272763
BHK9223,0.20799603395380406
ZRY6611,0.6747314143608193
SYT9117,0.31982605015807336
RHA1752,0.5004571831935651
QHG7774,0.23316488061923268
FZP1221,0.632056906482943
CXT8185,0.5006170789296752
IYS4616,0.6558011329970821
WBG7223,0.5758780710901452
POJ1795,0.15487620164324664
BOX0998,0.612194231646899
PCE0012,0.32921848352387173
LCF0616,0.47605157792184954
QER2016,0.47426839060961506
RGD8830,0.693894821364758
EEI1108,0.28126569937165424
QVC3142,0.540842693412475
UBY1157,0.5552155812360678
JJR8103,0.3806045351740667
GID0753,0.4922025056823041
ALQ2306,0.3481756432244525
PAZ5488,0.6263779648548089
GQD8795,0.28778479819814645
ZKF0734,0.43586853780138163
CJH0968,0.45594786857022834
ILL5777,0.6148873381684422
OCQ6817,0.6308598469363984
ZEU2990,0.5883366188178809
ARU1460,0.4892834178067348
EEB7566,0.5129212846462528
WDY3934,0.63946174499651
IRD9332,0.40634482416757145
GUW6567,0.28000251875964205
HIF0807,0.616052813938573
ZCG0051,0.6683859726009728
ZOK4964,0.4210833292839311
KRJ9215,0.15271309212116219
AJO7833,0.450244125502266
YGZ2186,0.34629425837200856
HAS4692,0.5373304449156178
BCF1980,0.5629365218344967
CCF7489,0.30079090129414576
VYW8259,0.6528733328356643
VLO5119,0.6600068248604498
RKC1431,0.3247177306257885
IZG3588,0.5117704227270776
IKZ5035,0.3160375566762225
VYV2122,0.48773678615490706
FXR8591,0.5751710404605158
PQW0600,0.46396970096433093
LLB7273,0.44047841240360747
RXV9670,0.42222187728486477
CHF3116,0.5369812687716233
QEQ0559,0.46440554357556646
NEJ4604,0.2992765929474197
OAX8431,0.24297240278922777
NFL1683,0.5212688813134476
WXL7207,0.6876022993927734
KWN3865,0.5145844180710681
SEA0000,0.35329133817782826
CDV9089,0.5595243331772017
PTE9060,0.43358915129831094
EZI8293,0.5252218811925109
ZII8284,0.6561978994871476
YQL4011,0.4551175102670707
NWC3918,0.5417025924815295
PGF9316,0.34401834104186857
JMZ2846,0.46797924962517606
XXM8641,0.44254586048317235
MCO0130,0.5253166308729915
YHC4720,0.7411001273877639
JLQ7235,0.8010459785908935
DAF2263,0.3846791259838103
RRP3610,0.708408928629915
SWA4008,0.20524722830927514
NBM3100,0.6781236108901689
NOZ8348,0.8375111790950148
TPY9415,0.4214299205464377
JVH4734,0.7899418547537657
KKD8998,0.7851863602584892
MZU8145,0.4183477008121307
ODJ2354,0.7077337231158304
FPK9517,0.58343841011775
WWT9655,0.32480885834278594
GNF3420,0.5203965772263499
HLY9063,0.6449223087453916
OMP3870,0.3375564921003886
FVB6527,0.19565864296436628
DVO5558,0.8057519893684629
DWI5691,0.3545448334298366
TDT6145,0.3314418682553763
NTN6827,0.6423832791703232
RVA5934,0.4797549702842624
GFR8885,0.28875849533965603
ZCU5825,0.35714347370139693
XQV5298,0.33632348032363046
QIZ4338,0.44353808242377646
GIN1432,0.7458635187074023
RLP1548,0.28950286362361494
BLK7848,0.4727046179054133
WSC0490,0.5853864799428492
ABF3437,0.27424221322837494
HTT8114,0.3889413213155597
CXN2987,0.7794531087124772
KVY1451,0.5896879536118207
ENJ2042,0.2353859606143026
LTD5596,0.6341391754899743
UAF6215,0.5799946945404262
KZS7358,0.630696763159167
HYO5945,0.5170041210149187
JGQ5158,0.5538025016236443
PIN8218,0.779470880856785
WCP7093,0.1825698507752355
ETJ7006,0.4148597955619705
KBX3042,0.3625470204729402
XML0008,0.5561304668621875
ZWH4164,0.732630118886009
VKX0637,0.6784432571204084
EID2749,0.7001735196685629
OEG3398,0.5212496075167116
FSC8722,0.5198609588546166
CKX1541,0.22656693595770622
SMY9467,0.7363567677340929
MTP3016,0.5712187643799933
ZPQ2501,0.4334818762563667
SIV6541,0.5245733685097844
QBA7624,0.4740350636447717
OZL5460,0.19405965224498617
CYJ3102,0.4023824888515232
GWZ1787,0.5493830861944012
FTN0555,0.7720409973678013
HDZ7180,0.6938873630906299
YFY7146,0.6199988408660279
ZKV3967,0.3968107396689357
GHT0372,0.3418345163637008
RYF2512,0.39373696896441046
NVM6318,0.49041951937684586
IZS5973,0.2068588468782253
TJN9956,0.8487335801264838
QLV9442,0.572289177225467
ADP7351,0.28731917869085366
ZZM2561,0.35076692908887974
HTH4326,0.6877902262973236
NNG9589,0.7124363184509085
WCC8086,0.3224808814884343
FES1274,0.5983327568074921
GFJ9304,0.4569111197186905
JKX6384,0.4171653811648965
QCS8665,0.7073236746155742
EZB6534,0.6011696366794856
NBF3809,0.4068609443377456
TYM7948,0.2554267799433348
JPW9435,0.5725973794490045
YYG4777,0.2405291003639322
FME9725,0.33742083219769226
UNW9229,0.2872224531374612
OGO9969,0.3869820431436575
SOC4844,0.38747340377399064
NWJ5906,0.4662185987172215
STF1253,0.5522903201016863
TTB0785,0.22224569586004625
UQE1066,0.63045921791582
WUP4056,0.5714592874946701
XVG5906,0.3600198278189402
VDF4156,0.157308816435703
YUW9552,0.5562810181184968
KME7972,0.4505939353996124
XHY4917,0.3565603502559295
NJV5170,0.3106356614823797
FSX4444,0.6596337905614466
YFF5235,0.36173735853310796
RZX5593,0.2406412686714627
QFS2917,0.6056847116107715
BKL5342,0.8650408109856301
VBS2012,0.370169545202995
YUY2212,0.2786977746810845
SZR5572,0.2449425473937706
TXH2388,0.23513855155789348
TNN3693,0.4674201024033019
UZT3585,0.800747448964347
HQK3080,0.2543828775165992
LLI6154,0.5632280963331402
ZOF1765,0.6144751533198525
RLV8929,0.4120578231398889
XHK0610,0.5165194543399638
OMO4138,0.7341872892390258
DBO3941,0.5411257755274864
NOL1049,0.5630200673344088
VPE9687,0.7867696634230367
PUT1722,0.833492906184976
LXR4166,0.4176153521218873
MRS2780,0.38528180776542287
BGO6644,0.5092150226510417
SLZ1775,0.524476354127666
QVU4211,0.40039222450973627
ZIF3745,0.4442530154432683
QVV9581,0.14499524552303603
KMW6719,0.47278355928567894
BTY6651,0.395143879188005
SQJ2079,0.6290705425209246
IJM3039,0.6088968584279445
QHL6081,0.5645720936573773
XYY3704,0.6570927139590668
RSD8940,0.3135819155438652
MWQ9427,0.5306112090892565
KDS2281,0.4428379895110253
ZGF8036,0.7260396727330213
EIF1456,0.5019736502096251
GZB1521,0.16838258647748022
POI6224,0.781601540857274
OEY3483,0.67132230405419
QNW0395,0.6839772021724202
FXF9036,0.5494613229528732
ADE6109,0.8166878533193304
JCK1521,0.5081568045934598
PHH7643,0.3179201582502177
OTG5928,0.3794841280256227
XOP7071,0.6084564204734066
WMK3106,0.35329447412495096
EKA5575,0.5702126967366442
FVO3531,0.23566462806430172
DLN0234,0.7466254242677562
UIY4652,0.490333996493036
YRY8615,0.43041828112006664
ZDG1261,0.1486511603364504
AWD2190,0.43824445954287944
KHV6984,0.23300392730058167
RAD4091,0.6168004970106465
IGT1178,0.8543936066011673
FMF0970,0.48894802471622245
MDD3279,0.4311745226550346
FIL0048,0.4562252349082279
DNX7324,0.6027574740270287
LLN2770,0.6994642034533733
QEE6829,0.5120899022858808
AJL8427,0.13621740127666157
GHH5153,0.4634027380876876
OSM7311,0.25461597220466786
BBF2867,0.2868776117785704
WJA5248,0.194465525841082
JFV9029,0.4018114100571443
ONY3338,0.39289331496808017
RYV7167,0.5978577535298527
XYK5207,0.27639881575219916
VQL2467,0.48677248962204334
QTV3905,0.47874183383095914
ZXC9568,0.5519745417209636
XVZ4297,0.3317270363275762
TLF4772,0.21518760167166517
VXS3827,0.4573224941713721
VKZ6866,0.32223659650596076
IHT0941,0.41768394620693644
GSQ7558,0.3208250438511444
USE8246,0.3555753325252989
OUK4608,0.3173308385031838
YYY2709,0.1302110447248055
YIV4482,0.8024964398438876
KUF8780,0.6580977242662892
JIG2780,0.4477465780545409
KFC7566,0.761216826264166
IVC8672,0.7780703848994087
URG7195,0.3115418805482428
LEY1887,0.46575230685325114
MTO8300,0.309015474976793
NOY3485,0.31393221902784313
DWK1635,0.6397752076542601
VWI8259,0.45684377852814834
TVC6021,0.5116577418280186
RZS4121,0.6130405390191842
MDP9088,0.45729353426576375
IDD8680,0.5536179277515035
CJJ0067,0.3524179094153103
HXQ3855,0.7501161942410944
ARR3600,0.3237104515058618
HDG9113,0.8514272310023271
EXP2649,0.2800499430829509
COM1513,0.4322534825359698
BSI6025,0.5228325490851198
QTF2549,0.38344735884776143
DEA4939,0.30078189199664573
MEY5478,0.4775275748841729
WFN3819,0.689981893219898
DLE7102,0.3430781579796851
SVZ7837,0.4110080749488173
JPG9474,0.6108847153081186
PST1973,0.3662128023652564
VLA2925,0.5384943968611116
GFQ6921,0.7364284537611784
SVQ3659,0.5392614032012822
HFJ5560,0.36303550241698634
TJO9482,0.3366029579837675
KEF1283,0.2555713204509061
XPE5334,0.3811351096311244
XDD4731,0.6982293259469922
DTC7666,0.39656610172217177
MAV8739,0.44577835900884033
GCG0006,0.2546766019718815
EDJ2014,0.5928272402517688
EPX8664,0.2546174419228996
POW6716,0.6196235427589556
KAZ2977,0.6882201931990736
XCX8052,0.3756460348539504
ZNV2307,0.5104959213925349
TCG4082,0.1454077771109368
NLD4865,0.3325304370208547
DRT1162,0.25471004030234384
NYV8017,0.5941540641953863
YVO0721,0.863712056197811
MMN3031,0.4072690634116253
KFS4774,0.3387474183568147
CCW9949,0.23485065249906814
QZZ4039,0.14053776902832993
NKY0219,0.25191744240849895
JHT0528,0.08905365335966843
KVQ0049,0.4931086420566819
OHY5260,0.394233587187374
MOV3618,0.5650532185101824
MUN1785,0.5251991533618605
IES0974,0.5972382021836975
FJL0266,0.6201040679225154
OQD2211,0.8334150930549007
OMC7899,0.31104032411818094
EHN2289,0.4100028686925703
YBO3438,0.5384970458094316
XGC6121,0.5689192341638512
KLZ8117,0.584625151173287
QZV3301,0.4292995870572279
KAB4183,0.509727068875526
MJU7092,0.5642351823424733
SIG4960,0.34573814881125914
QLK5702,0.3818379798101605
WPI6483,0.5283724664682656
ZUH8446,0.5035201620006705
PPJ5717,0.49497554505533775
MAL4596,0.29296779690244
OWN8577,0.23584233835997834
OSN2565,0.22242798795949872
FGV2111,0.14783197738508283
XYO9485,0.7770895632641068
CEJ0840,0.47890156579679444
BMZ8322,0.39988535241938383
BGS4330,0.7341485546136584
JEI1597,0.6428808074187236
ZXQ3606,0.5023762722501118
QZD2155,0.6123305482294873
ZBT7709,0.3004074865356121
QYV6318,0.6126220684700822
XDO7573,0.41843352757567837
HPM7246,0.4413196639492547
CYG6666,0.33153548938780897
AVE8214,0.4922670816994462
AFZ8966,0.4069664482459389
FOD9580,0.45033226543382904
AXA4301,0.3791125413453607
EKA3091,0.5641951381333176
XCJ5568,0.26240152082603246
WND2059,0.5445385531585897
SWK2288,0.18326809557254892
IWZ2880,0.361502071726586
PIT5158,0.5891547420509261
MKF9945,0.48219144336553077
ZCG1930,0.49431163882519963
JZL2900,0.6581140225935199
GSG6048,0.43527105670134036
NVU5467,0.5427268753321086
HKW8901,0.4777029747504468
UHC9744,0.6443377084079085
RLU9682,0.5753553487250036
OIA1294,0.43788529474257104
SZE3233,0.6308004839423791
IRU4838,0.20619396719443392
JES1785,0.39359515080932583
UCY6561,0.3853537676254542
OTB5118,0.4014739051823673
JCN9706,0.7347289761167876
IOH5588,0.569304919523821
QOW4543,0.2227074694107493
UHK7473,0.6641486099156737
BDH3448,0.48657999981149364
PXM1687,0.33507246154588105
FPU4247,0.395365333433907
AOX3969,0.5808366475077058
MGM4489,0.6502035201385599
NSJ5694,0.49820980094507894
KHY5361,0.32237501557827497
IDE2014,0.6578980833887527
CLG4527,0.1806793164803364
PAE0187,0.4479184849074761
TZX0712,0.49305186651185096
MSI7288,0.49722413836009305
OPH1133,0.8340022906191774
GIW1153,0.697415945050757
PNL8766,0.24572715108168777
RJE9943,0.3309985420431467
TZF9992,0.6434863829765504
OAI9854,0.21861528382702175
BMY3167,0.7231743407362066
HUA2243,0.17922512078279967
WPV5328,0.2872250656522965
CKV5562,0.7146359037110084
XTM2180,0.6670370988301458
JCE2465,0.48066371424279675
ZPG5413,0.44919660453534804
DZU7019,0.2047606421216764
VXG1725,0.48890325139792684
OPM6059,0.7619979488630747
JSB1729,0.8177321346745744
KUT3144,0.3229321581362731
AMH3165,0.17267051478309958
NFK7084,0.37489719350069867
YJN6123,0.4082571508789548
ZYV6499,0.2671267915061116
DYE9365,0.6203540935971791
CYH0071,0.6550650169319243
PLD7359,0.8636056462313514
OQB2795,0.6120332921360533
YJG4869,0.43891574907749575
VYH0021,0.4333414703076656
KIS6502,0.1263969334172214
UUY3020,0.5734736427476949
PHQ0092,0.42047342803473103
BVY0985,0.7361634554738568
YRD6672,0.48915680063428946
CVW3569,0.5041936562044399
RMR0822,0.3543052815001884
NEM7093,0.53896023020159
AJG7697,0.2626230400269928
KDH9406,0.25457367589757157
MQS9876,0.5967979001582558
BBR0344,0.545416705246129
MJR5449,0.6648703688926595
NKV4242,0.6231953864186147
ERZ7613,0.4526046971304505
YHF4884,0.6789306397021849
SHY3389,0.42237518426794224
DYR0315,0.554271801989973
QRJ0474,0.2364715170600954
WSR1971,0.15604173761451415
BRJ2331,0.4647550144039784
ZNU5088,0.27715146367156723
LGB3949,0.3920925055819043
DDN0916,0.47916732509101684
VNO4744,0.689810438697224
HAM0625,0.1000627314145108
VNS0417,0.569070091857569
ADY2431,0.48633068480742875
JHO2864,0.6521364158667368
SUH1250,0.23520134388012603
TEL6348,0.8521583046017497
ANO2014,0.4658094932470733
NIH2178,0.4183477659195128
LYD9788,0.752192921315989
YMS9619,0.418076683699677
DDJ8939,0.5228151263603117
IGY2653,0.3225043428049739
ZOE8875,0.6400065351798556
FAX4808,0.31029331829449375
VMM4007,0.3055657827472198
YMD1401,0.389433345391173
VKT1013,0.13149469042133805
YKE1591,0.3351662302198178
ZNJ7114,0.3908606673006659
JBU9048,0.4391591672686748
RPL3665,0.5023540613843577
DOZ0297,0.5623361065870054
KXW3156,0.3993447981407968
XHI3128,0.565656553736448
PEN6055,0.6387880073489887
KRV1729,0.7416361412181001
IYP8988,0.7439027551272492
NQJ5272,0.5935099203064902
IAU7186,0.3904500649200316
QIS0846,0.550362222850946
WRB6555,0.7122331461758364
PAO8178,0.5974482128698918
FQB3317,0.34108023271152743
XOA6073,0.19492983190513474
VYY2200,0.6492361973961414
ASL2036,0.54315299557726
YBZ3502,0.6590621976787605
PZJ0490,0.4332233138942274
LTY8297,0.3157440617758918
YCZ1142,0.2162182463808464
TCD6914,0.6087816637138783
GLY8970,0.4533278531709896
UFH6676,0.3959301956682178
PJE8049,0.373528334866193
ZGL9870,0.5082841875154328
JHB3243,0.3586413791784332
QCT2926,0.13437255823270858
JZB8726,0.690011891716525
ZWI7654,0.3822363517944518
YBX9273,0.5926186010606688
ATY7236,0.29018790532644645
XPU6142,0.16661868915249362
KZS3494,0.6048592454807842
YWO4932,0.3289564842515631
VSU1745,0.418669800268834
CUG6548,0.5115464493912003
JJI8874,0.30246144532398206
RNA2808,0.336553699228243
FZP4826,0.4441212878588308
GYZ6456,0.3324427567950283
ZBN2884,0.527953115011945
ZJQ0471,0.2457996386117615
DLA5530,0.26678184224914686
NUT8542,0.7433414307565576
VNK6354,0.8355054222321021
UXU8427,0.3987117417354213
GFD3985,0.5927584322760536
QQR5737,0.45799220989851336
AFC7665,0.2606308038693989
SLD5495,0.7396068369462494
VHD7317,0.6739116528785695
YAL5508,0.32333849361400785
OKH9384,0.6597334015446952
GEH9340,0.5747637077604464
KDT6136,0.43882222792186654
PGO8069,0.401554584278187
PLJ3715,0.4361543330360416
BKM1964,0.2561831790568181
ILT1034,0.43512042974278353
NKT5664,0.3931644315099519
DFI0560,0.6066071880020126
WTZ5124,0.689657149200459
GJP9524,0.36242506306763245
IDH3670,0.566089291729808
LHV6715,0.7125128189261193
SOD1257,0.6071371982805568
XUT0094,0.4195677007385782
WLY2791,0.5887040368937786
ZJN7497,0.3980998123880827
OTP9424,0.6605075723493863
KOG2427,0.5281386286492599
DGT2607,0.32089504387015605
IGV9153,0.23838378367617483
SNK8485,0.20660824417134707
GIH8293,0.36557031204318496
ZYN4270,0.6262854971384838
HAD5689,0.5342677933498046
KGR5948,0.4700647624158444
XRO7658,0.5713988794125056
YLV9908,0.5264681003446131
EAP5638,0.71529715534299
IFX9842,0.4768898891547652
OMU3958,0.42262081482068725
QFL6187,0.49284324851511485
FVE0231,0.4777704255485797
BYG4627,0.8780131631329012
GLU8969,0.5353327984726339
IZD9452,0.43015575955957425
EYW4468,0.5447527689490189
AGT1201,0.46671288829178437
IHI9922,0.5619468994722786
QRN6335,0.1673326248763514
FZU8851,0.5349455354398535
GYP0381,0.34549480198068583
NHT4249,0.1990538150734682
FYT7747,0.5521305858318319
KMR5833,0.6720261759901429
XKY8972,0.37259844958387334
JAG2909,0.3011951139434945
CBU6594,0.4553189566570629
KUP6171,0.3123490676394088
WJC1017,0.5749433956725533
EUO4937,0.46899888934670225
CIU7319,0.6964901818553028
IHE9927,0.20740680335430825
TPK7407,0.3653494974507637
QGV7700,0.4509295206671354
YND3412,0.447177565168369
PLP7642,0.6084669725631706
QQH3030,0.10059857754349776
XGS7797,0.4540794419970413
MAG9468,0.35666006887137947
EQK1178,0.4706323433752136
OFC1169,0.3061386339431164
ZYB3704,0.42206135113165016
TXE9669,0.3170879663257008
EDY7478,0.37767410823486675
ZRM3482,0.5896329559701942
OLR8983,0.5327285918923917
KZO2848,0.31521882551811337
YUL2449,0.34550366476506894
MQF8373,0.3455256299078233
JIO0650,0.2528258017573053
YLC8229,0.606565363749887
CIQ3019,0.7302477159204682
LID4577,0.5056426054958586
FHF4230,0.6029303241848291
VHY9741,0.5414908085140204
ACZ6656,0.786646515202461
XPK9673,0.2052403817698035
TDS9357,0.43582263914007147
NCY1055,0.1656483748263002
YUP2078,0.363379555746079
NFA4698,0.35307800058236755
NGC2448,0.4047403744242212
MCP9761,0.39901997828694497
OWJ2412,0.19824835156161988
PHK9684,0.6053494815078158
BOP1305,0.3782450719494792
YGK0608,0.3959722851305305
BJV3737,0.36987046590101597
QAD4506,0.33819499966411504
RCU1459,0.5545776316812614
ROB4774,0.14993741240168504
QPA1500,0.4741966478452322
ASI9484,0.4500705676140769
ADC5158,0.35816398252587567
TGI2756,0.878990483352537
XWZ0948,0.2716643213855354
BCZ6218,0.4903803071964162
AZI6548,0.4456553318901734
NJG6414,0.29929727920860555
RYT3911,0.41650250607636663
FAH5419,0.18863335998031233
XDW3658,0.48415427352370377
YFQ7483,0.5035648386432413
OLH0534,0.3861122847287033
MOW4518,0.8411865925466083
JLR5477,0.5389348741495277
RCS1192,0.5145750338254262
BPH1146,0.5058079463665891
FAG8556,0.2155098531125251
ASH8711,0.35346689488627664
OZI5872,0.551438651031085
USZ1437,0.2752637294859593
MUX0020,0.7758775024902235
TCL8035,0.40130863852123333
FXA0346,0.8207391693211822
DGW1711,0.6616834541390304
MPI3843,0.3733642338449582
ZGJ7391,0.20914604068932177
UXU2443,0.448370968304527
VMG4433,0.32554573391012875
YPL6662,0.5578781470962069
XZI3703,0.7537049715622526
CHM5321,0.40573353268119844
CZD0003,0.24138433334186393
UAE6199,0.4121260575072111
ZHP3348,0.6282895474153128
CAY9941,0.49368924394103103
IDA0149,0.6903796567056123
ZRV0689,0.5481674928559833
KAG0964,0.34020802149353196
BIV1231,0.5699002181900911
OFY6640,0.5330884500949767
DCD9303,0.44942105194968274
BXK9899,0.5960628028130823
ZFH3397,0.44343140586532037
DWF6920,0.275296154381861
XJB0970,0.5056771440131979
YVY7207,0.3625448920965554
NYK7788,0.7706208605034145
MLS4709,0.7140517674207941
YMW3766,0.6025855664738449
GTT5147,0.4461762905247275
BRO1762,0.4878592604052512
JWL9572,0.33097563149549125
WMD8920,0.7543483322691098
EAE4795,0.46806231292858785
CGY2385,0.38996853658191233
ADX0708,0.3962325644594788
JGD1227,0.6078477200778646
ZQQ0815,0.25455595833457295
LGB2539,0.6403525043923661
DIY1538,0.7251772804918302
SXD0066,0.5979148198176696
DHG4347,0.3125918600933911
IVL2875,0.4880911748752939
DXJ1576,0.44944313827999066
XXD3056,0.46488424443089926
FKR8136,0.24573272391748488
XHS7469,0.6424530383695689
JXY8304,0.15057368712485497
XCO8396,0.7029752034158087
SJW6493,0.3510848915962967
WNW9509,0.5006315247338958
IIQ7956,0.33920948198701734
ZGN8635,0.48545362721637325
OYS1674,0.5472957094651187
LFN5026,0.5635194383646787
QFM4433,0.34642893608648806
SRP0203,0.6769448545603435
GTE8180,0.5743104948151051
BUV2825,0.49499943782777556
UXO7662,0.31501744642470936
FBP0568,0.5933072839726847
UDU8112,0.44769087492668086
PAO7740,0.31303914540053657
YAK8421,0.43650264010266815
GVN2038,0.6437459100774918
ZQP0382,0.1629320187380465
CNQ6513,0.4675753336314625
PUY6632,0.5178206051622406
BVP7323,0.41211463162706796
RLM4016,0.42504444742987313
YFG3055,0.3783825459260302
IWU5623,0.6282072286280672
HRN6899,0.25399274702947794
QEE6261,0.5123925077645304
MTQ0293,0.5992233074780351
MVC1429,0.5604257522697582
WRG2254,0.30690700625656625
ZCN9897,0.394846485135561
OZP4495,0.6553849308576737
DLN5343,0.3803260509991836
JEK4684,0.3511301751982782
SJL6931,0.4027085705824575
ZSW8276,0.5504728285905195
WSV2609,0.6707078281981468
MHV7737,0.4492724764461363
YRR8549,0.1156317621137989
ERV1528,0.5282309770682557
NOF6559,0.6877147664425342
TBX6932,0.5307612606271743
TRM8176,0.6948516645318936
ARS4511,0.4991861526463951
HRW1770,0.36468214631285806
KBM1789,0.6914262752356729
CLS5313,0.47133433865116703
SYP7066,0.325619451017584
BAC6711,0.2646872218881809
SKE2290,0.607860729631593
JIQ6981,0.3046918126040268
BVO7960,0.42496578105923816
ZUA2626,0.6052638693601932
MSG8259,0.23662412403670108
PCC0360,0.38266408855067247
JFE9003,0.412855677980055
FLS9182,0.6242859829261287
PAM1280,0.17563445068414937
BYU2321,0.37005695842511543
CXM5506,0.2954801404523967
QBY7302,0.3443141528284897
JUK1901,0.4801614418857277
BWP0584,0.21585168916651254
UXP8211,0.41271875151685805
ZAY8802,0.41849293638563456
QGZ5092,0.4703003760900282
PLT2750,0.3149354459610622
RET4270,0.648291725953666
SVB9714,0.31568580583386663
PGJ2505,0.7217670511531518
XCR2667,0.4850793618585686
RLL3403,0.40130307374771723
XMP9341,0.6956743436206817
WSF4408,0.21841975356310764
KQS5528,0.7212462382527604
ORQ2079,0.4933526404356626
DYG9890,0.4024835589227583
JCO9274,0.4863436894214763
RTZ6364,0.28807846186014585
MZW1799,0.3976799989959799
EJB1355,0.5939730851009775
DXW3959,0.17203234590709393
XBW1111,0.34431978122908447
KBU6474,0.2414145714501869
FCK8370,0.1332783168981859
DEK2690,0.5737783544559927
AHU3775,0.36674775840252294
OYF9560,0.35519913473818016
PPE7467,0.2718200717730413
QFZ6666,0.33313419364880914
SND9604,0.44804244641066626
JCH0911,0.39179944858098903
XCZ5219,0.36018080363838867
DFS7754,0.3670873115349001
QER0038,0.35940154491228526
PIQ5708,0.539475410046507
SBM3940,0.11349434650404794
REU8468,0.810080034766578
KUN9469,0.5860801056469592
FNG6130,0.3046193340208228
AMV7041,0.543210477326156
VQC3734,0.4726074285185173
BCG6211,0.5295887257274858
FCV0094,0.45259618101379034
LJO1761,0.4823120269805625
VXQ1519,0.5989512580145434
XDG0394,0.48218259222310705
ZCA2183,0.34654278129002936
DEY5036,0.28329300308405675
DOA2936,0.17078934971633813
ZBZ1111,0.24317066881288196
KTE4563,0.40787245568299224
JHM5827,0.4675040857280907
IDF9791,0.1571086000732145
YWO8363,0.5304579579413237
ZQU9039,0.8034357729986764
RLW7170,0.7881944556062188
RXK9841,0.48586309856414833
ALU4463,0.706968460165196
SFE0721,0.7796548788698225
SQE0323,0.4020954303563099
QDZ4395,0.769527219329911
GBJ3518,0.4145437869717844
ZGE8545,0.3270606963649539
XKA3092,0.36264242073899283
YKI5936,0.6399656567283075
PZK1377,0.532270070309022
JLZ9491,0.37956463584827854
ZVR0041,0.4815919346499946
MJP3198,0.49130763479980255
UQE0138,0.16591676888561993
TUW0269,0.5815486321983433
ISP0465,0.5051629291194818
XAL5847,0.7575856691764616
PRM3708,0.4861157942312349
AYO1985,0.7014253462715109
EGX0726,0.235281926671198
JDR7035,0.35417233491784683
MSS9255,0.5471127443312455
WIY7208,0.16694263300323142
VAD2698,0.42806470540594244
ITS5025,0.8059308345933291
ACG1389,0.40005784365324365
JNT1094,0.2674722786163506
SEY5120,0.5355231528412296
XDA2651,0.4318826794357748
BIL0129,0.3060498927659019
TZN3360,0.7338359951767162
OHS4922,0.5319596834825969
YOJ2699,0.31470413830131166
HUM6721,0.33543821325599465
EHP7372,0.7326922173461943
MDW3871,0.633289750929094
HAM5349,0.4614324421021911
VVV0077,0.5157857172571327
JYP6084,0.44245726568123844
AZX2542,0.11588931639331708
QKX4992,0.4974819919150577
VJZ2239,0.4498345473374808
ZFT9927,0.539441809623091
EPV1130,0.40451768949893957
ESO4684,0.8114906453941272
RBA8751,0.7254753661253037
IBD6200,0.4042444254840314
TCC0838,0.24405388804297284
OTO4045,0.8009254257162829
FQZ1755,0.3113046163648572
TKQ7781,0.26211587177522594
GHB9539,0.26697260700951236
QKV0677,0.6958398403758859
MDC4556,0.47719272252864114
OXD2801,0.6518125582085138
AAW5921,0.6209361066800447
ZXO5432,0.574291677509381
YKE0773,0.642896850771043
ZQT9439,0.5314820416764975
BBX5445,0.43153748333809505
OLD3422,0.7318574695051244
HBD7837,0.31781310038103977
LII4395,0.3096294332616208
VXV0165,0.6380475342298709
IZS6375,0.45017489183908443
ZNC6270,0.6005207697663282
VEV9487,0.3751516289998268
KYX6211,0.43690110825480016
GRI7834,0.5864720395088246
BKJ6883,0.31555158664464056
NHZ4308,0.46969246499230016
IHH3352,0.5480175113882021
WGE0940,0.6327345980042448
JIY9209,0.6072688270240072
RMW4099,0.6592491518139064
ACX5394,0.6585684098807547
JMY2884,0.5893877539813799
HNN4412,0.3268523092534719
ZRE8689,0.3627124383898696
NLX7791,0.3989441226605763
NCE8146,0.8089023074519577
PAJ8142,0.5895445635105967
BXL6079,0.47247943025574124
RVE9218,0.5794821745869113
CYM7511,0.5706777152139424
ULZ7896,0.19963831537750107
VFR0394,0.7441959229847892
DLM5418,0.8957718830686012
LJA7283,0.4297502581046865
VJJ7556,0.44582924279360236
MSY4225,0.3414917239807001
FGM7178,0.633315478414879
KCA2760,0.48536278341513267
XVI9392,0.4965417926787945
ILG8180,0.7072507069963145
EJA0426,0.33348684605663154
ZYT5283,0.5903745308954235
MBD4028,0.6055732166527449
DET8036,0.24793973113890064
NPU3306,0.6843252223979032
MAF5198,0.6517260278130783
YVR9937,0.7316213196797836
NPF0956,0.40386255460658654
UMZ8342,0.5692524983470355
CTA7936,0.29956210435740843
WTS5507,0.6833355180649903
YHU2823,0.5506690267683351
GCI9262,0.17946663051393358
JWG0958,0.7278383962202681
HTQ3691,0.41238090233589403
JSY8006,0.4868048451784988
BDL2992,0.6276022952637138
PPY3602,0.638436114318442
NRH4217,0.37401261574704464
JZU9096,0.29609380786399947
BEC9902,0.5701242807807984
PUK3777,0.6610580244894814
QAI2611,0.40569282875500484
SZE9978,0.228877690540934
ZQB1293,0.4170922154393164
DLT6582,0.21563551053060784
MBP7717,0.43509332723322497
TSL7315,0.5937228138991449
ILX4971,0.8233022163985115
VUT2632,0.36250423328578973
NHI1174,0.6770574525529288
XBH4571,0.36349339469224445
ONG0233,0.7043729326570196
EOT6883,0.19631587159485317
WAA4403,0.2767740810019094
NRP5939,0.3982193182214423
CFT0261,0.1118207528020212
WBB3199,0.506560042939075
OXW2554,0.12509016038078422
OTX8021,0.7426439356195447
HKM5973,0.2158165921141059
WOB5773,0.7172381387247652
XJP8738,0.29623496490346435
OFA9596,0.7006752800504078
YUU3704,0.69127267567777
DAA7058,0.7682743477171249
QEI4621,0.4738995604943186
JJN0270,0.31040699777590586
VLN5464,0.27198240202418955
TKY2278,0.7878260357060368
QVB1146,0.8131465670136044
GZG9726,0.5026282232712581
WAG8989,0.5679116648500321
WYG7915,0.4206048242850529
JKR7298,0.2550535635944587
NKC9965,0.3448251983273527
OLX7030,0.4068590714838742
NUM1967,0.4537226089114774
VPG0102,0.7218823191010088
WYP6798,0.6103142762070017
XVX0001,0.48947173330157834
ENE5821,0.5082267873927772
PXT8963,0.41884447147737763
NAK6905,0.6883687212940456
ROJ5124,0.526725747193015
EGP9963,0.3604630383784704
EJD6191,0.4007881365070673
VVI9738,0.4103251996542913
GZB6774,0.5146801486941712
ZSQ0383,0.30279637125974773
VMN2008,0.5136953893872793
VSW9307,0.4719736730267064
SXC7989,0.33279856968692856
JRP5911,0.6383895305470246
FQM6684,0.6114010658863862
JTZ1972,0.44434184481099226
YRK8678,0.6488269390039648
YUX6245,0.46525704485226954
OZT0083,0.548362425552465
WWU3357,0.5688228514000301
GIP8061,0.24588791883271094
GAP2506,0.4393655929624612
MTV2911,0.5035943991664582
EYC2947,0.23343439853976045
KFJ0398,0.5268516175043625
KVP8638,0.6462593067267238
IEN7559,0.5783730618845165
ISM8366,0.41859539549467145
QRB2092,0.4223665275487958
ZEF9982,0.4115950229363843
PVQ8431,0.32435262164945206
JYR6904,0.3244070973438863
VYN2284,0.17620795288424088
RRD4317,0.4275629951739289
SIW7452,0.6848143320000327
BNK6722,0.7442764005404258
EAC3647,0.3840163587797598
UZY7255,0.20041355954831497
NJR3268,0.47872202660555707
SXJ2106,0.7868845557272037
UOL8150,0.7344363556081127
GFG8118,0.3755325315844089
BTJ8291,0.2951203377575485
IWD4843,0.2872871768797618
UJH1928,0.39943302846588613
CTQ8211,0.4140545152754576
ZBU3909,0.47922125631119356
CHH0005,0.8557140986414403
LOH2075,0.4115630113701859
SOZ9505,0.459479582627566
IDZ8560,0.7141039721353776
XTH4023,0.3256259677843749
QWM3456,0.2400840161264728
ZWT5514,0.373629874826499
JGY6248,0.7631284285968283
YNI9415,0.4711603043456537
YHB7736,0.7628054158933529
HRY3458,0.7265978762539808
NHO1841,0.2445101765611625
SJT4275,0.20552984559259851
JBC0455,0.5224197293320195
YSV6272,0.4375291952098025
SYR7039,0.5129274753442558
VTH8070,0.26966563779620656
CFL9774,0.2463151695701668
HWL0255,0.21270713300145247
PWW1560,0.6909633422901799
ZXV8075,0.16394206514549145
AEI0906,0.3466954713275858
ZKT4898,0.3155487464070749
OVZ2889,0.4831143517882661
JNK0707,0.3182310765453958
FHI9082,0.6095175379029264
CZC7195,0.4873758881659674
EUS8425,0.7252257031078416
VQF7120,0.2736861367759748
GZF3442,0.6476997420605689
QHH8798,0.4717403040255178
SVY2210,0.7149969570740198
DDE2452,0.35512373693344373
UOD1909,0.2722335832508905
LFI5893,0.3436782628641785
VFH7810,0.3006557103052917
AEA3832,0.31134495906830856
ECF6645,0.6731839157909422
KVT6536,0.4077261149656818
GJR9253,0.40000181182979816
FMI2663,0.3432836279888659
VQF2039,0.5053470510354237
NLZ7990,0.4303981024501323
QBO6904,0.32745183824178703
ZBO6514,0.5624804380582297
AMJ7143,0.311261329257965
PPA4216,0.44440715979468737
UNG4672,0.22047860070503295
JKR1254,0.6083087922832026
VEB3556,0.20701953680151383
RMY5487,0.5627396964228245
YAL0969,0.6837180002205689
PWY2348,0.6168818406587173
IHD5140,0.2810923201942538
XAR1535,0.5255300676667876
MOI8849,0.23043641189290065
TDA1772,0.13335495291420446
FRP3664,0.5027594735063674
QXQ3920,0.4510451237209458
WZM4928,0.3617362641949878
FEI7112,0.2735262356332573
ZWH2382,0.558060267159457
YXE2782,0.7759715825194236
RYR6789,0.6046913548678191
DOY0839,0.42763316523908557
KOZ7559,0.6638525085772332
CGG3378,0.5496160335843006
MTV9217,0.3872799589232925
AEY3302,0.6491728394775845
SNN3415,0.508513869425767
DLH2120,0.41639706579280616
LMC5561,0.35442988953951665
JVR3739,0.2330086368357743
YDK7231,0.36453083187132035
LKP2717,0.3864459143193887
NLD0288,0.7263931902609824
QWZ3328,0.6977666440945743
AQB8755,0.4526510180358586
ZPO6482,0.48917861454875583
VJA4011,0.1763701695784438
UNR1034,0.5518173192837206
JET8498,0.3736134370452121
KZM1206,0.515474883499204
ZHM9357,0.43452040704333544
DQJ5519,0.6141795416102837
WPQ7065,0.3479225922080186
ANP6398,0.3500622214367382
TWV6276,0.5252566372164318
UIG4581,0.3607845701779961
MCK4510,0.5309080329008299
WCQ8946,0.3234726398964083
VPL5439,0.39227546211792974
QUL4939,0.5458093748216164
DTB0595,0.4491601211190496
WGZ0312,0.40963462934764877
ORU3710,0.6968803288543614
BMU3842,0.6625205021787414
WAS1041,0.7255814130001706
RUV8304,0.3806793143301559
NXF7025,0.5215441966987128
SMT6291,0.4828621746940596
COY6762,0.5565569599851631
UXX8278,0.4430168192781221
QOP8824,0.2758086323215573
XVT5952,0.43924386899836054
HWE7781,0.40981260404442915
SRR9343,0.5019570700192096
FMT3981,0.4380619408349942
RWK1255,0.5044658445116765
GUX1313,0.7061629984152562
VED0121,0.8422321388436542
SQR9285,0.1951005878178916
PSQ9368,0.45977837194255
DFU2564,0.4733842106208434
OLC5603,0.31278066120073156
ZAH6196,0.5509234537250296
GQZ5053,0.40826996289057343
NSL2545,0.3398828016106978
PRO0137,0.4567889851486299
STU0764,0.22420396044074467
KTK7805,0.16112591464807569
EYS9609,0.7258258621535464
KZG5885,0.5444861085806916
PCB8761,0.17903059628620469
WGW9568,0.7924875913019892
BEP3948,0.7389276875955306
DMJ2590,0.3249435073587933
CTW5615,0.39615744933646574
OPB8278,0.532486610840583
CWB2561,0.7164408044175512
XIJ2478,0.3323037613301427
FDX4097,0.6308659087631999
YJG5740,0.4831189908221723
SRX6811,0.1307847698214032
PRK4060,0.2704191893611519
ZSQ2949,0.2619361752972996
HES7557,0.529956110794382
UWQ9670,0.7145165554867512
BAJ2081,0.48895532816782616
DXX9121,0.5538019210268075
VZD1340,0.6391155759678805
KCX1429,0.3615161599963639
JUZ7305,0.20339566919974233
AMD7755,0.46445006792832316
AOT6315,0.3708291264128655
YXO2209,0.4427609550498709
EWV1407,0.3670549408912227
GWG3380,0.4836323570652205
YUU4145,0.7934062299844692
TZW5104,0.4094157911874642
SVI0226,0.7298649702540948
KOO3080,0.7455375957539887
RCR7780,0.7397798211801597
DDZ1864,0.4127765019567868
MSG9202,0.34687143561533507
GNC7973,0.4737446682567546
TNB6317,0.16631420312498654
CKP5184,0.7558530235672689
FAN3835,0.3235635475806716
ASP0506,0.6831286661711813
XEP8902,0.39055929283744817
GFQ0333,0.3212618701056053
STU7442,0.25916513318700823
KZH7721,0.32821113514983047
QFV2858,0.7073795056592307
CNA2475,0.21916626807147677
VPQ2939,0.41722215861711887
XTL1241,0.45289879127706767
RTH9839,0.7192358066211288
YVY5308,0.405275939252346
FZY1694,0.6946493676752552
YCA2616,0.6136932434612621
HMU3975,0.28823944907475174
FDU1357,0.14949946626620542
COI6888,0.7106099418823685
YQQ9816,0.4957187883789885
DCJ0598,0.12406281052389492
QAF1690,0.466912423143528
SSF8640,0.5566054699839481
QZS7048,0.5494040619576709
UMU0017,0.14554022025388225
NHR0599,0.29671248383149185
TBH5424,0.14234028638701476
ASQ3055,0.4745721115499992
YJL2807,0.3153053854670924
REM8079,0.36703720517262
PYI6606,0.4852277405871443
FIO0648,0.7761118811248281
KCL5134,0.41565321755426016
XFA4921,0.15161017436691349
MFS7445,0.5442716429307647
LJN7166,0.7589968195632594
ZSB8267,0.7060359138256629
NOY2382,0.23011602894383856
VID0540,0.5850269515027593
PUI7231,0.7056463927537286
DIU7827,0.34783407265543614
LMS1840,0.1584496918264702
JSI0972,0.16827868401426505
VWH4510,0.3040607278981736
XPZ8442,0.5599064392318737
IVR6080,0.46021980578853877
DAE7056,0.4964240574089704
XSF9221,0.6929189807871167
WDQ3723,0.7971762177664903
SDI9085,0.23154369030811897
SZA0713,0.6594431519644738
OHE7288,0.32283093226002996
RKN4919,0.6021569844046503
UEP2190,0.46364997588191886
CLT5723,0.13282349939506255
VJI8551,0.2894103854233849
XPK3889,0.7022504523614148
SGT3305,0.3401655219747958
SAL4070,0.2395522748900922
WVM8211,0.7352031348657876
PCS1722,0.25193232083826556
XKR6147,0.7287701147201645
XUR2232,0.5600956156279999
JKT7149,0.5708166442675923
KYO3320,0.6160944820762602
BCR7281,0.4396555584752459
RGW1489,0.34394729929885665
AXN6618,0.5042653361656808
PJA2115,0.4620905334600057
OQO8884,0.6236048572458504
YNZ8560,0.4502676849020265
DHB9103,0.4346024665683232
YIO0165,0.6120317481289529
EPR3439,0.5408577549102236
BXC6882,0.6075795947208439
JDH1113,0.38811498492576735
ZOI7409,0.4741969785414463
NMP2912,0.2867648201486586
GOJ4289,0.692625926075955
XHX1364,0.7676441682173075
VVZ4851,0.6018009110969786
WTK2653,0.3451382128051437
MAE0737,0.5160063953038391
IMV3149,0.5601909077140695
KTR9193,0.6580473828644121
TOD3591,0.2255913246033176
FRB8474,0.24406685569950426
QZV0518,0.4662104062125768
VIP6808,0.13367884677626224
KXI8109,0.370319525873291
ZFJ7032,0.8068638112952845
KFB2661,0.5112774016063278
DMG4116,0.742812346897825
APL5877,0.43672722842076434
THY5809,0.32931854808747046
GJJ4558,0.41855753975417376
BPW7388,0.5163107724190215
XST7223,0.667749430291356
JEE4921,0.16929072299103898
LLE1425,0.5871409258014808
KUE4150,0.6078393664343362
WWE1408,0.12847511641595794
RUE5821,0.5762966592838875
RUJ2756,0.7146082311659847
IXU0926,0.3008141354448775
YBZ8802,0.31565517557345985
KKN8936,0.768188534456239
VMI2245,0.35552778336875496
SMJ0545,0.3627250971176926
DAS8749,0.4467652272920828
YER8134,0.7122207983701591
UYH0872,0.25564513857099874
ZPD2531,0.7469574100759045
KTL1545,0.526927206633184
EKQ2049,0.6492299264825716
GJL6540,0.5850539932937324
XZV6966,0.772421776974368
LVM7923,0.44596154102895297
IEB7788,0.6901141267704198
UJV8655,0.7241064768162695
GMZ9526,0.6176046015852693
YBZ1017,0.48497953939142446
ALX8013,0.2873646346106879
GER5584,0.3626159271029521
MWX9044,0.25190923547170496
ERU1857,0.19056808144295576
RVZ4998,0.5814841047081146
UEQ7217,0.44340842072321995
WNU3314,0.3598277938683069
FYP5922,0.40887146541387465
WEW4166,0.7046897720957956
GQL0285,0.4779116679928081
GBA5352,0.19026787351249635
WJL9492,0.3592074640403721
HSM3570,0.6785132462739449
HCT5417,0.5049616204839562
HJH6473,0.6751994036387207
OGM5986,0.3898778806498634
GLG4293,0.18582331463259638
VWN3938,0.5325340076468693
GXA0045,0.3379180011743133
HYI7006,0.5553602581123753
MKZ6848,0.8990933510490892
KDF2835,0.5181624180173742
JKP5380,0.5081715970870425
OIM8727,0.7152773629032378
VUI2290,0.16374661390934384
WDW2129,0.7262208226959576
SAR8093,0.4897634283526627
RAT9039,0.3678912000571059
WIK5954,0.28196198500151626
NVL7088,0.5590608711601973
QFF2987,0.6328223817746879
WOQ3211,0.5475052060578466
GWQ2895,0.6434658395583128
XFB2979,0.5950143173682122
JUR2499,0.37117734794690566
FTD3973,0.4940623281787487
GAF1548,0.17396059946678807
CFV3986,0.706964875290144
CWY7712,0.6355406585111438
AHR9467,0.2962281008486152
MUR0716,0.5895601899796167
PZZ4271,0.5617937651327058
UMW6557,0.5117737215947471
UDL6067,0.6243811457731976
ZHI4043,0.3540598081545982
BKU7239,0.36126355896996565
AWV1442,0.37987179700054974
LTU9152,0.44516860535471925
GAA7231,0.13262028425252223
TYZ2295,0.5867591021945171
TFC7836,0.1673615063514202
GRX4717,0.4330604330190415
PHZ3014,0.1560354272318373
SQY7131,0.5018688148540261
SZP8923,0.33610043613866847
SHF8940,0.5074847323536343
SIY6976,0.5999923270463692
OUU7553,0.6303941370503008
IZY8370,0.24814230301790197
UFP6673,0.6702131643381436
YCD0298,0.726090968766204
GYV4279,0.24645730147163994
UOH6028,0.5138280986034607
URM1669,0.3647289998553495
WOK3312,0.3558645579499117
VKM9785,0.40346713077908314
DEY0553,0.33836876413533973
KOE0267,0.7565969683442079
QDY7816,0.5828279912577842
VQI2890,0.4358791465096988
LRX7049,0.40365450883871107
QPV0099,0.4076790098387032
KRV8762,0.3996580825753622
VAC7571,0.5526013825372119
HZB5860,0.33452973331292046
SWN2244,0.5948434265899719
LOO3134,0.2235698826037083
CJC9458,0.8315747812555201
RGQ5084,0.5143450851562832
QTL8583,0.3442072548472316
TJF9910,0.3602509903595287
ZTS7674,0.40018520065048874
CIF9346,0.6313272724541237
PLT4718,0.3787854688353335
OGH1176,0.3969320141664358
BBM2431,0.5338972634328571
MMC1438,0.3495347197047035
JLL4117,0.31820088406695457
SYK4331,0.5377389258833141
QSY9890,0.19531085120290687
DJX4643,0.30316626101129446
COJ6421,0.553898969200987
HNO4349,0.7117109284798808
XAC1384,0.7606442577444092
VQZ2493,0.8255287299373939
AOO7588,0.31453785132153744
NPG6848,0.3658445558140377
COW1344,0.5264622861272203
MWE5697,0.502149714781426
VMY8506,0.3200472516904094
EML3806,0.7272921199531673
KOM3157,0.10567270406242071
OLX0382,0.49068602317926024
QAA9380,0.5119686528715683
ANW5580,0.4076622062822767
ESW6215,0.4147908030835099
ASX6995,0.2070323182189183
POP5770,0.37431679392344536
BAG5404,0.6791665168177974
LYG2422,0.6487943954686645
VNF0722,0.5157342489477366
JEH6392,0.2621263767747486
UPJ1865,0.31730986412081785
FKS7618,0.654570629221451
ILV6048,0.2969744151245685
MQI3920,0.4815538877517022
BYF0970,0.5136046691550114
WCO6481,0.39252265384713597
KLW5610,0.6116291013112962
TRL9207,0.3693621919178714
JXJ5162,0.6985749178022229
IQM4120,0.3423067316517959
FTE5233,0.4266055984968272
GUD3977,0.4131806562139953
ZPP0234,0.6276862338831856
EEF1466,0.22591538680194895
VOV8606,0.7021951233455106
HPR5191,0.5026913171530611
LYA8405,0.5567095537057944
WBU8735,0.6116893686611413
TQR2275,0.4129735720762708
JPW5875,0.820485014109459
TLJ7924,0.6045550149767314
XMY2043,0.20924546430820345
QRO2231,0.4580676189091733
HLF4845,0.482925222886638
UJU3717,0.5668165189643959
ORB7785,0.1814616154896319
URX8712,0.4623764683473494
GFL4830,0.504894748845277
QRI3011,0.6716901152367933
TWL7361,0.15446044362512817
GSY8311,0.48785538992658495
ZAB8662,0.40709803439614123
INE5446,0.5163073870460569
NAT5345,0.4172364899833588
BUD2177,0.3765817831684104
OGP8515,0.4605104646988019
QPY6663,0.4018827104920615
RLJ9691,0.2957313726788415
UKF6131,0.39439839014238953
IGK5300,0.22080214249538382
BOA2857,0.5409345252721879
OUJ7375,0.5463257288467908
ODW2622,0.6773980919625336
EFV9929,0.8314968309350028
UMB6250,0.35559895534243147
ARY2581,0.19699176474939617
FWD1267,0.5253381474468202
QWK4961,0.5390684194152491
RWR6816,0.24119746151790772
DHZ0702,0.6312237655445401
CRC5041,0.7706769685735845
XOF2459,0.7093315386501736
WKQ9187,0.3135301245266838
AZV9085,0.3718749260926335
YSZ6492,0.6858095652846073
CNK2218,0.5853814976569
OBF4098,0.37474120481163226
LMY9061,0.4241123166386875
SPA0324,0.3773647276672826
QMB9576,0.1946948934206523
EPE0986,0.574747619908196
YPH0413,0.5287733492788895
RWU2048,0.2549538834641002
XXL3715,0.33294919530994155
LMY8761,0.7912754848655279
VZX6168,0.17696321143370727
TQC6813,0.25574576173274627
UDQ1869,0.3808976781428116
DNH5723,0.6845240049466387
QXG6300,0.48039431237911406
SKP0307,0.16573117141159835
KYD6619,0.5189215804298604
UBI4597,0.4838934624091094
XJZ0694,0.4517967961618511
VCB7873,0.5948217954679885
DVP8229,0.2913915911304268
ENQ7050,0.8279769228510313
VSO8083,0.3432205903857918
IVW3734,0.44403722052426975
STS4967,0.5289710542028064
NQY3007,0.4460761787981265
RPA2336,0.27256672759942924
NKE0904,0.41098063833090304
IQI3842,0.37466972848143815
HKA5518,0.571876602113445
GOS8577,0.34871860307264146
ZQE8717,0.16606804773560038
PVL0488,0.33666681039063556
BNJ8623,0.7795124429179485
GEN3250,0.49079491053385127
LWY0125,0.6893316395782522
PAJ0655,0.24814059240057224
DSJ8355,0.5676178192396562
ZTM3982,0.5269744875406445
GTG0544,0.27053779010271106
YNX2835,0.4418811381615401
TGN2850,0.4259010759583025
BXX5261,0.4147946520938697
HSE2409,0.37210353983730043
DLZ1901,0.4738016880869376
GEJ1320,0.629057557467358
VWQ6022,0.3923038542577752
YOK7020,0.6707459803705321
CBJ3105,0.4357265110254658
VSY3899,0.5507161983746035
VTA4221,0.5498615173892593
HHB5509,0.6183988262310324
TGZ6086,0.4405672134186815
RMP4380,0.41207106995578696
UPX5708,0.38898487342588134
ENL9282,0.3530605724741169
LZH7750,0.3610458845304695
IBS9693,0.4749202503918436
PKI0279,0.47130336936560735
MNM4404,0.35388540184591866
LHG3702,0.6249079119736846
QXS2664,0.42962622818916624
ZJE8725,0.4457890365528068
OJA7001,0.4541099050850721
ZSQ7961,0.20464564058808207
YVV8348,0.2468364382682457
YEM8450,0.657267636901898
OWZ3181,0.4168825448807306
VJT5618,0.3403068443796634
IAD0845,0.32660943989474883
KSU8228,0.6122032755853949
AKD2635,0.483526936613644
DPT3746,0.25558454934711405
HBB8000,0.25498700707873345
XKS7078,0.46128491577525116
BSW6379,0.6004939343804486
NMD9061,0.3866324387172083
DQB2981,0.37577950159882006
CFD9987,0.3536390924789738
XYJ7765,0.40349897024040376
CCO6993,0.3373166240385417
LMK8623,0.2832388744071497
MHO6527,0.27572609132001596
MPD1810,0.4879413925167508
BTH9628,0.5438544006873723
WRF4157,0.5139389911105784
XXN2403,0.590619695555198
FFJ6322,0.30943364855169925
WZD2412,0.3045072856385415
OEE0398,0.3118535955521353
GMF4223,0.3802309381908812
EVD1832,0.5843262276089224
EAO6665,0.6681009941079762
ZTE0996,0.3597831533015316
WJI7604,0.396613508617448
GXB5604,0.3094863559300856
FRS8324,0.41045722121303607
ICR2183,0.7345135804896407
SQI8245,0.2690236293441363
ZEI2787,0.7416959654286893
UHX8290,0.2873904566599735
TTO8119,0.7422469567423091
EWT7697,0.4256826985528428
LKC1392,0.40818145282121987
KZA3127,0.6544097848120264
FTW6416,0.6709851163466871
GFW7003,0.7077500062513401
YTT4302,0.43205699369815576
EOE9840,0.2711521064247846
RWM7830,0.4837401842657734
GOB8336,0.2348761660534717
LFV9110,0.18780688986210087
JPW2124,0.3809870291882273
BKF9745,0.3124207831531848
ZRA5115,0.27077698132184846
LFH2159,0.6318777806957003
VMS1291,0.17301843905548894
PMX7872,0.7656832147495055
QXX7294,0.25081572779534983
FBP6560,0.13025110551747482
VEK2855,0.19854325317989158
ZVI3482,0.4574380274317161
WID7204,0.6199837555533422
UXR9283,0.41528321632829174
GCR0520,0.12364039233361061
ECC9768,0.4077134635185356
BPF2428,0.17039184780550984
DEJ5473,0.334866478669579
XYO6541,0.29085263161886954
NJU1327,0.44050469383005775
WSK2569,0.658279101811819
MEY6847,0.7000640094397893
OCI5920,0.45200098062763683
BFM7635,0.9178472643896668
XVU0737,0.24415704207518785
ZOS1822,0.4274801587027829
SKD0534,0.3475431932397358
ZBX7132,0.4893094361560229
MMO9244,0.269597916520113
PRR0310,0.2562687752612038
TJG4761,0.5652526787687808
BBN2496,0.21474984027294614
JIW5388,0.8323618885305663
KSN0005,0.49108703499031425
MOK8564,0.43143743861950734
EUB5732,0.47161680623789953
NLQ5109,0.4031794104578144
ZXP4295,0.30379285797817435
PAG8472,0.3853698294392152
LXR1978,0.29352232174602066
BRZ3164,0.4066366429671133
DKT7237,0.3891977488052988
ZCE2914,0.3505168334407794
VHI6516,0.42443647936235523
UTV4967,0.4905260536378325
USJ4246,0.634472558040653
HWH1249,0.32743129934909937
ITF4864,0.6378924029610348
KNB6126,0.373271713653536
QYO5313,0.5123639191619628
WIJ2188,0.5890540672746299
ZBJ6751,0.29249123470522137
VST3056,0.20600644780498814
UEA4586,0.41317964589245215
QOT0490,0.2831737504402046
KAG3392,0.7819436579626332
SUX3398,0.1612605711219922
GXR5119,0.727622791221721
WVZ9101,0.4428460499713447
XQQ6405,0.56916935743977
ZWH9628,0.3722989334467975
OMZ6112,0.532222972101498
LYP1066,0.7612035197027288
ERN5227,0.6997929940708671
DOA5901,0.3296322564881711
IVS2527,0.5049164747407464
LJE2834,0.3828234683593537
OPH7321,0.6585800917024753
OWH9677,0.7691929897104932
XGF4872,0.37208941062296547
PKM2654,0.3320044659231939
RVE3128,0.697082285065889
HCZ1235,0.7240466978360982
QUZ4412,0.45837591469081695
AGT2111,0.29414102668399367
PSF8463,0.24799786499297402
KBU3273,0.744583403523568
XZD4636,0.6621452567162036
DOO2539,0.5291709282740769
HFY8294,0.1417645771043566
EFC4627,0.7467239674243628
MSV3690,0.224816418322695
TIR2213,0.49457452016608605
OHJ3283,0.5351906277683669
TVM6927,0.7889712072488761
TCQ4437,0.4899798180891282
TWF0211,0.35484948053695725
SCV6838,0.24536243601872648
DMN4994,0.5209774570514113
INI8518,0.49931714316619796
SDY1000,0.6029135086580931
JXM4061,0.4648317475063938
PMA6094,0.352222454171337
WTH9861,0.6930143129180966
XXB6736,0.4596772830812154
IJU7206,0.6410274227220436
RJZ7847,0.4206919086427449
BJK4564,0.25886653719168384
NDX0091,0.3035970713509848
NFD6321,0.18275784134140713
TEN1858,0.18596906498180912
ITC4358,0.3530921281244932
FGY4048,0.29140674068551986
CPQ0026,0.44319087325965845
PZA3978,0.421179070164285
JOR3671,0.36218159577372333
PKI3568,0.35794771220698507
TBJ6999,0.6396321589653209
ZVM0946,0.3190617249604577
OQT3041,0.8062414598845866
DJB0799,0.502623966843623
HBV5727,0.6658592298103166
APF9285,0.39406435401044204
UXG0628,0.552675567035635
COL6410,0.6276311172931175
QPZ9639,0.50680698696183
UON2161,0.324590515567483
IUA6276,0.4531072238216617
SLE2186,0.394013135865307
TLT4666,0.3810915062104298
SCO7140,0.5720534681837178
BID4149,0.5270572221988622
BYF4218,0.30368354125902075
MNR0110,0.5428474645909228
ULV2517,0.5511836756464791
PAR5191,0.49394453044724046
YFP3399,0.5013393389852709
WUZ3632,0.3218940249279538
QDA3476,0.4451303970546941
OGF7039,0.7699025438301762
GPS1812,0.6743935910957627
ZAJ2495,0.6583860272879986
CJP5768,0.6292939636000757
GYY4735,0.5745797668604896
WHD6815,0.2514227350778464
RAM3944,0.2602469198431742
AHF2562,0.4271756585229877
PHX3766,0.3142717080557113
IMO2872,0.2936381433375463
CNP5354,0.28801073908408503
CTN6782,0.33538717821542796
PTO4108,0.39211355699161166
KTY2623,0.33272582195301437
UDY4764,0.727630239436435
DZF4635,0.39414333751242336
BCW2803,0.517799689496112
RFG2472,0.6359227059081836
EAF3848,0.25525745271107875
CZM2079,0.26827079666008796
ZKL4083,0.6092201406454868
MIK0805,0.3044318031948319
UZI2506,0.8337933988020965
XAM1154,0.5716208475740002
PVI6541,0.8565393081619216
VZG6189,0.8352817069387938
BRF5316,0.599561891373086
LHF0941,0.6220175785402559
GTE5510,0.38237739346476707
GYX6928,0.3233479974116023
QCY9581,0.310096860047916
JDV1123,0.302947907621142
PXK5315,0.2615366987892472
NKW7035,0.515146294515906
VQX9879,0.38889591765735204
VAD2981,0.7249067598745905
LHV7423,0.587776615829398
DRJ3471,0.42846140651276804
NAD7807,0.4832255748753792
JWY7649,0.4403841985695577
THO7074,0.3946035878403873
HXZ2367,0.6244090501053143
ZSW8883,0.46936996495964206
TQL1788,0.5014540063439372
MHA3207,0.6822296798394348
ESX7797,0.1827034231611811
AZN4578,0.24766506050265416
BVH2792,0.3689388452615949
EOL8504,0.5977754715257385
DLL3527,0.508626723608642
FRU5617,0.44164954158238
DOA2423,0.3690506359420389
LWW8841,0.40637805172452346
BGJ1341,0.43544876030471086
UWA7636,0.5428412886863248
FNS6374,0.14198426524878843
ZKU9184,0.47907715251604216
MYM9229,0.7589897612382058
CNL4026,0.45462004120363236
BGN9072,0.6324370243110259
UNQ1367,0.22322585697075292
XOQ9765,0.4770986517604181
FTD2271,0.4679559850946404
UUM5139,0.5507478228538655
EIS3052,0.5421365875232849
JKF8552,0.4631844568718258
KRN7329,0.34443259830774625
OUO2432,0.492357339501078
QBK4624,0.5990456984698812
FGN0012,0.5540892746917766
GAI2781,0.5913407401733747
KLU5273,0.19308373600315326
YOL0313,0.727279140985492
USN6075,0.45668186102216324
SGK7112,0.6486986507302144
YUE5724,0.41685124399828677
UAW7134,0.42331992616502506
RHQ8345,0.5332013293885925
RQF2533,0.499918689889203
ZBT6866,0.5684431745317818
KYG8599,0.28376347376148225
UPQ9522,0.30210772824154614
UCU4704,0.4648100177869346
XAD0851,0.14307783661187196
XPT9850,0.6245854999731505
OLV0463,0.5870455791749637
CUI5604,0.274256738306003
WQU7921,0.23365815342366975
RLI5225,0.4321945187438151
EED2034,0.24916943757010426
AKL8171,0.32848745242240585
WEE6596,0.4758974846850163
PTJ7041,0.7104290234257638
GDT0244,0.6114469154859709
RSQ4934,0.13104959322459522
VRX9705,0.5443427057050421
GPE3631,0.22678223359514504
JOW9926,0.8618140063808644
VIK1863,0.6562953232618804
NVL6534,0.5690194905516888
QHG8919,0.17327270871861417
WCP7148,0.46851401088209216
TLY9214,0.34815892102395474
DJK3149,0.5944277307327749
FEZ0727,0.5216854391140932
YOM9469,0.5523343226773048
UBK5070,0.5189331175479753
AAS0547,0.4757113041637231
VWD1732,0.4222378652990772
HIY9904,0.5008259947855472
BVQ7153,0.6027038962838555
LGY8368,0.6719086402654683
BMA3899,0.4335004595951235
VVX4694,0.2028833480267436
IMK2918,0.5805526247570743
YUZ6270,0.4585230170397016
ZYM9424,0.3792300185962602
XRJ2315,0.6742536600229323
IDD7799,0.27023622058370006
FRN8579,0.3508270345418487
JHU6135,0.5201422870355087
VDS1337,0.6016309513863355
PER4129,0.3540236138372436
RUC7755,0.5158866753640419
NZN0284,0.7158787657868336
UKP7195,0.751796576672174
SEJ4725,0.4163615078782104
FTP5392,0.6593732263282918
BOQ7717,0.6818941570819447
JNM9386,0.7820937119497059
UAJ7272,0.13883093617061693
PRI5009,0.46486141413400583
SHM1712,0.31595035251100306
SWO6965,0.5839366908200877
KFB9546,0.4541073759343561
QQB4653,0.5089042745806885
PHA0404,0.15877616146027781
SSR4486,0.3424592645284851
UKI2868,0.3059512213435049
AXB2199,0.4330454029877361
UOS7094,0.6882543540678799
LYF6455,0.40996145274867873
LOS3155,0.5116451358072921
AXQ3876,0.5756291455618217
GWM1097,0.736409701351488
ZEH8158,0.8574713525052111
OBD8591,0.6968526488448102
MLR5938,0.3590246898021488
OCJ0092,0.5898667107818362
OVH4365,0.7589202187013689
CYN9635,0.5368391690741758
BMN5555,0.2774266933316182
WZC6296,0.4785052429416982
DBQ3455,0.34183232491814036
OHA5515,0.40944757926088654
EHX4627,0.6964379755787902
LGJ9688,0.36698856110975053
NJN8094,0.46887280105899143
HRH3000,0.49253633733403124
THR1355,0.3550081094269579
LCC4833,0.4019397417134882
KZZ3219,0.7595868288030622
SYH8984,0.3959184965835988
NER9898,0.12512585915281288
CJD4837,0.31499212566801393
NKV5527,0.6215785737148961
LKS5211,0.14864610703085052
IAF6833,0.41093196928580533
EEU4202,0.24614599964658793
XGW9909,0.6193929525179453
UPK2830,0.11134015287037705
LII6921,0.38578815740035743
BDH0866,0.3638328327709852
IIB5822,0.39010732367907947
ACM2835,0.8266025571723946
FGH1485,0.38750024799138777
HKZ7723,0.4853763950528977
UMU6066,0.6393087463886931
HXY8339,0.6120035862322585
XLD6579,0.3385882826763136
DHQ3602,0.46912338765287165
HBU7419,0.20908698509330934
HHJ7156,0.46381209895252745
LBN2287,0.3657791250727315
QTG3237,0.4362191853461857
FXH4110,0.5180392541236312
WJG4417,0.40762240978322667
RIJ0802,0.3297665946813036
YDQ3107,0.45725037009119435
UBK4003,0.5372338775230503
HVJ6067,0.39461221145147335
LUA3795,0.11510378000060253
NUI3132,0.3193427559555531
AJM7387,0.6702867551937964
AZG6236,0.32631247824985904
BSI2619,0.6279571824153739
DHM1013,0.4636946300367193
XKD9271,0.19716263002570272
NMU4177,0.4400698209158385
CWJ2732,0.5576396325030567
BTH7777,0.3559777593038543
IIN3898,0.6463667131405503
YZK9083,0.33239303749503923
SDC0837,0.5826255166690997
FWI2945,0.26650519696012875
OMD5376,0.1402846862936867
REO1188,0.33229843602524306
FRM7796,0.6459281332734259
JWH4432,0.3780351274272641
GRQ8737,0.3837218168092096
LVV2133,0.2134720609091548
QQB8724,0.2546422567182903
YUT9546,0.42355819368644493
WXC6361,0.41740433362918955
BHY1451,0.27011465397318923
ZII1542,0.44823318323014616
DOO9843,0.8910976711934088
RZK1351,0.2769927782957865
YYM1312,0.42733114067607747
MMK7965,0.7207779603346728
TTU6295,0.7391626120399073
DAH6958,0.4302416485083349
PCO8490,0.8214229832584189
DJP3433,0.43623673424874265
OAA6548,0.2606580272813458
SFP2263,0.518275194394689
CJT7713,0.31909697326416936
BJB0699,0.4852563314636804
PJF0726,0.21015152584687816
HPA0283,0.45899304313189015
ZJS3044,0.6200626892586913
OPN6394,0.23245547157616883
UYM2119,0.2282387258008152
ORI6815,0.45791762764977073
PND7208,0.47883574006030094
HHH5760,0.425898889250016
LIQ5670,0.5332912723691882
QUB2406,0.4714169124008092
MIY0143,0.3269252083234406
MCG8811,0.6052126339662253
MHW2096,0.480767264944342
LQK0997,0.5330845914619169
OBR4658,0.47901816832938704
QZJ3393,0.6265901859663906
RTY0569,0.13469117516070353
YOB4544,0.40663573692913224
QAL2426,0.5793464003862417
PDU5166,0.4773885323758746
KUU2207,0.3216825973325939
NJX5033,0.7011392230024167
OXK7667,0.4183665559665429
KLI4744,0.244534615708221
FES2855,0.5134839912068446
ZAB8325,0.8538653814690891
CQC9277,0.3850139808935041
MBF7782,0.41521162420639307
SZZ6788,0.6098052419357071
SDR4540,0.3840311936135889
DIL7710,0.6457264929989271
TKN4878,0.6954056235971047
XGD1675,0.771535071636667
QEL3927,0.18841811478924322
RTY6219,0.560149448641426
WWJ6659,0.22869015628165412
ASU8300,0.2428905628565731
XYB1679,0.10774569722094843
RBU0914,0.3853094416217998
UQV8798,0.38843791881789597
JLP9320,0.390232035485845
QWQ7004,0.4286276611215646
JSD5400,0.4058511968684966
WON5434,0.3080703772206297
YMT2795,0.39898116601721295
LIB2206,0.630268051948619
BCP8558,0.7269906061610645
SXM4193,0.3905764821231445
XNJ3271,0.21075133482795558
WXC1747,0.3912115445747547
SKX5603,0.486400739322572
AAJ5590,0.3544084666621854
JPT4045,0.46900862996252674
TCX6417,0.3221445391060759
NND5256,0.5123075181959907
AWM4830,0.4123988634362222
CCO2782,0.6606024955798594
XYB3729,0.29646235378644936
PXP3498,0.4498651391987842
XGG7955,0.7250162069626083
LYJ5084,0.37577390886856277
ZJO9311,0.2647964318658346
DHK9700,0.29232443519477835
XVI2143,0.6873687411773451
WBP7682,0.3809210216247974
UVG9357,0.6547095105964703
FRD1898,0.3255113956111485
VQN9954,0.21728585092553615
UDU8569,0.7239673469665442
GIS5379,0.4516936505528561
AQL5845,0.7337413317204057
JDA9258,0.47747169645945425
BIL6692,0.7690738986427277
WTD8139,0.37828237302851486
NNS8064,0.25737988069248213
IQT2995,0.4293383073415436
RWW1032,0.6247461226987527
KYU9106,0.5368362306079689
PJL5141,0.38785570432829775
MRF9734,0.5103262299015
TSZ1464,0.5595083345908599
VOD0368,0.5588122000980298
ZJO4648,0.5135340980087009
KUF9356,0.3242504101057353
SHA2863,0.5245775582878248
ARZ0060,0.254257195351928
UPP9315,0.5119774287627772
JPH0891,0.25761801216715285
WJC6264,0.5099379605457134
XHB8908,0.3242135771184377
FGS1465,0.5565719721549325
TNN7189,0.272956851018495
GBV1525,0.4982110455929766
UNM3035,0.4963232558341381
OTH4354,0.4505218427504564
MWK9161,0.5653373036790573
XBJ1523,0.5908703936266777
OTQ1307,0.7399296906273645
QUI8859,0.693784457187672
FXA1974,0.336851868043305
HQZ4083,0.286806212947798
JRX8081,0.5036996143611515
SMA9339,0.46169002932766395
ZRV1847,0.5365311311323541
GSY8940,0.4191714059658951
HDH6951,0.3458958430054325
OZX5767,0.7064278060264956
BKN2732,0.5410950252365272
MON4409,0.5314561621681405
VEH2084,0.5529641896104186
OXR2175,0.3765768470559912
QIT2040,0.49056782607011584
NDZ7253,0.6008489992284941
DGN1477,0.41677801560398847
XKG5616,0.3448344002242671
GFT3859,0.5641156532724538
ZEG3074,0.3908676269899003
ERC8823,0.41811636763167637
ANN1757,0.7818307063603727
HVT1416,0.5350049285196203
FNA5079,0.3617306762820259
YTT3689,0.14109595989366513
ZRB4114,0.7427868676518878
LKC5167,0.7249745382497654
QKO7079,0.49223351945961297
NXS4393,0.3443584218117385
LET0397,0.5090503579678521
XVM6189,0.48259460065058796
MDW7993,0.37856742123371606
YFY9264,0.45072413734632916
MFA0286,0.31689359326625816
TRX1943,0.42173924584793315
AVG8200,0.42649886158433464
ZFJ3116,0.6402046121434104
DKB8692,0.6505293016940678
JEE2838,0.19344814354210732
EED4838,0.24562690223098158
BPP1288,0.3040456905785839
DOW2822,0.6995185086896256
NQI7015,0.725250234483886
ARJ1652,0.5300542161197462
MKV9833,0.6722816003643431
BAG5364,0.5460229862025585
QLK0972,0.29330179144302015
QBM3534,0.37476833049383046
XXO5042,0.3166999897665193
BWD4481,0.5725782817659535
DUE1526,0.3946888820983786
CNP6504,0.3378539610706402
UDL7915,0.4615861510080751
CTQ7672,0.5545313695493282
EQY5043,0.28671851542855764
RLZ1107,0.20230126214967928
DXK7889,0.7361893251783524
HOS6888,0.28267602503994105
WFP2253,0.48964851172419044
ABK1979,0.18211694410531942
NSB9683,0.34122195164263014
GQZ2156,0.3794236459710961
TNP6583,0.5849045699724499
UNX8157,0.4906079861968444
OPH9058,0.7466184000650675
ARA1083,0.7569647939462242
CPR3859,0.3257443174899882
DIT8983,0.5885932227415348
JXX4274,0.37317937053552347
DGQ2285,0.7376784419453492
TEO4197,0.3363952108511576
VLS2232,0.4881994091969622
VSL3471,0.49786858862388805
VKV3009,0.4743156958532161
VQG9824,0.4425629438044461
UDZ0523,0.5340214086794318
RTZ3365,0.2294324021030931
DUM4265,0.4480654914439444
OCW4594,0.5104355232219447
PNY3340,0.6661608251448563
TKO2407,0.492235383830177
RBK7640,0.3492171065804355
VWO0656,0.30225314728123226
PVH8216,0.41732001249109574
PFV6207,0.6772110204357987
ARD6927,0.7373676899218488
BXX3179,0.1804653057880519
EJA6722,0.3504767888000147
RKB7690,0.5045373615111035
GSU7345,0.6512693930308612
MTF6536,0.39085795832440917
EEK1731,0.2832424983562343
XKE2034,0.5965892072931027
XFZ4451,0.5537464809767926
DNV7450,0.17253922782674183
DBM7804,0.44751532232087493
OSN2115,0.4130699128725726
DIE2462,0.6287765558675813
NCR1938,0.5621253229782568
SLI3385,0.4491633969570272
IMV6618,0.6601376807947177
MWI9236,0.2609879586701666
CPZ7415,0.5399433358616724
GVA3046,0.43381341021474984
VCF7450,0.30907508761824565
RWR5955,0.7566235012665694
UNR6482,0.47603691057183073
ZSW6504,0.49770592705329914
WHF7797,0.2977529315074042
JRZ1587,0.3141391664965199
WKN1856,0.6671733277230079
OKO5198,0.572388789294355
ZOF6714,0.5816966780091136
HOV1633,0.3647292520441318
HHL8001,0.2326735552736134
KSC5408,0.4996382875869781
RVG8305,0.6967450331318452
PXV8041,0.4769718535357136
JCG5205,0.19702321789046878
EWG3114,0.35577659803691813
AWF8804,0.5139400953288356
MRI9171,0.24955234607619428
BES4026,0.47067783719477585
PWB2790,0.19685655422688705
MKZ4027,0.6908037957763045
YRJ8304,0.309428648753956
BJE4168,0.37224015655294246
WJI4276,0.3325744340637866
SMG2272,0.44944159959160906
SBB1777,0.5470165013097237
PQK3153,0.5295061768671546
EDF5544,0.6249272473040478
NWV3159,0.4514953415539154
OPH4418,0.5211980654256968
UVX1686,0.39694237669847127
LTL4424,0.42736927008388076
HTP9675,0.13976817098136343
JHE5718,0.5295424991444062
QWF4463,0.3791569324134829
UFC9328,0.41358259201122527
QWG8477,0.7048226130773225
FLU7651,0.4225510055382449
HML6971,0.39601689624348274
JCO8536,0.3234680869808087
VJR7001,0.6966280737480162
HKE7026,0.33792000532972255
NAZ5847,0.3924177264666079
DLH1235,0.4357343995109681
VWC1889,0.46006083240963613
LQG2414,0.358228176008598
BTP3447,0.44943420656451655
NIH2856,0.6229555722244319
OFF1083,0.4659839286755675
ZQA8799,0.7370436089147493
IJK6751,0.3301358440775763
BOB6176,0.44707418253058995
XFP3339,0.4284828178586593
TAS3348,0.2975338132373314
BHN6210,0.5455755732750893
GNW5149,0.5817921004853723
VVH8291,0.6062562560647283
HVW6558,0.47676360371838455
LHP6615,0.3405834444913453
RNJ4226,0.5295323758613161
IZN2011,0.24147288686854732
SLM7035,0.2959375486936716
XQJ1139,0.48214327659067296
AMJ0335,0.6686977501984362
SIB3087,0.6072813630658853
NLJ4328,0.30698851096534974
LUL8746,0.4363879709526346
XTZ0050,0.5360555449408392
JVQ0976,0.3254512561187043
ELW9308,0.3969061516897324
QYH1973,0.40342263738697004
AAL6035,0.48325916690939
EQI6267,0.4485828529936246
ZNO8211,0.3346127129091002
DJG8036,0.5062039115644982
LMG4322,0.4475991120664748
ZRB5371,0.40239152220889013
WPV2188,0.7414874298089474
PAP5839,0.5230773071525925
VXA5180,0.32029592660604445
GYS4742,0.3587143928813499
UTG8994,0.43384084706270726
WZJ4218,0.4160230562691987
MVR2420,0.27633562912084314
MRB5680,0.519767991845971
WNO2118,0.5437576500917013
NGV3962,0.24084837417613553
HTR2914,0.5886116318182376
PKM7354,0.3604623094735175
UAL0916,0.48434955797896473
TQM0482,0.43946722994960247
ZIB0347,0.40134444582131823
UYN6870,0.5821740091155504
GRT4611,0.6394889968378209
XFY3621,0.744104715384536
VFC2623,0.5360646449046935
WZF6184,0.6628283925517928
OOJ4678,0.4771320600301289
RJP5764,0.4016633248892219
AHZ8000,0.7210251195922399
HDE0780,0.20217467787724241
JLW1736,0.5351071359386924
AWU2812,0.6180791489513994
AGX4063,0.39160779642889115
XCL3451,0.5347645922124425
OVB6800,0.3416844633865786
IXQ8744,0.40277110087016865
EZP3118,0.43085242742395413
QWN0794,0.8025429174432408
VEV4096,0.4651837212935218
VEU1076,0.5636962045022174
YDV5701,0.612281561503293
PMJ7354,0.43679516683519476
LSK0936,0.5497148720038277
OWL8934,0.4976432151654826
SDV7836,0.6038290302223216
QIL6179,0.2640267898484011
HSX4903,0.5668349258673484
XOU4343,0.38743248219076554
KFI1941,0.587933768154526
QJE0535,0.5203560352918649
SLE6915,0.2291452415448634
SCO9217,0.3473492901689314
MVT7781,0.5743320032490827
TMG7575,0.8062923917293087
IHQ8441,0.4652349362902559
HXB2178,0.33766467218208696
QGW3324,0.7814181526308558
ZRV6802,0.4705966725237938
UQN6219,0.4868361801519162
KSO7707,0.3219516785841933
LMG8449,0.2541088159730414
SSY7236,0.48827436048072154
AXI9652,0.44570837520180584
JWO8793,0.21586627467035063
UUB0607,0.5247388117545209
ECD6444,0.4233285084414519
BBJ5618,0.38331417671571516
MHX3291,0.4302138581292496
PZG8347,0.5065717929016637
UKO0197,0.468216052018755
DYK7152,0.333756760881218
DWL1376,0.5014256533083191
OMX1967,0.46146116173664414
AIV8783,0.4760068110809893
CRE5923,0.4746015432799238
HIC4011,0.4334725929767914
HOV6112,0.48750230176186454
KBF3850,0.3966590406786228
VUI9301,0.5206645972096455
XWS7934,0.49824789791049073
BEE5677,0.36697482452124
JSY3976,0.6641486905409775
BMY1563,0.6824898616542414
HXQ4485,0.7432090896145577
TIS5890,0.45428157579677236
FKX3159,0.44993879264405207
YMK9880,0.5010553383815077
VCD5495,0.47723636740154607
FOO0472,0.6034846981822735
QZU8396,0.46849235392618255
HTC6808,0.20192191281372046
BYL2752,0.30973061119728135
ZAM8218,0.5622922327986547
IXN9654,0.5235091331730563
TTL5403,0.3112747144898741
QYE5349,0.6475736403332725
EIC7153,0.5922721531958424
XTA6550,0.5882104503666384
LJX4501,0.21221034556377774
SQP2640,0.4971314299751981
IZO4596,0.437904590694033
FWI3799,0.6527591847887837
AZU7246,0.5570394461455004
ECB5710,0.6924957181980016
BQD5122,0.656645426542845
UYU9430,0.3108346829121951
PCK7063,0.3429335117733917
IEN2498,0.5036206161195103
TNY8680,0.6755069754022466
UCK0106,0.507227444479363
AOB4977,0.48314060959121774
PPE2382,0.5519690482090936
FYU2252,0.38772655403867046
SIU7145,0.5167022399891749
HVR5096,0.2968125166700582
OGB0163,0.671267836100732
JRS7729,0.18055288890356677
IGR8562,0.3140648407263981
JEX0834,0.3630754958699177
TFN6722,0.6648657652181019
XKG8280,0.32484564259681115
FOP8068,0.4832242163920725
AYU1495,0.5143193558212364
VQP3744,0.3641049091591272
NOC9056,0.3612244207324608
DTA0824,0.402949167180334
NPD9854,0.47495192076114795
FXK6082,0.2705857629920663
EIN7977,0.147302403050971
FTW6027,0.7276781869949954
KBR3556,0.4419431745800649
EHC3947,0.24734656072565744
LQQ2433,0.42998410824666844
IDG2104,0.551395070502591
UZF5415,0.40807704181072657
MBP8060,0.5545985572372929
BEV2395,0.3016194224581033
VSU6747,0.24720892079092854
BCL2284,0.2951642395343871
RAZ1360,0.39935563419988956
EWY1556,0.8299095486085297
NNE0522,0.5839417381268608
XQM5627,0.19646007122315143
AOX3558,0.6823872240521979
WUN9170,0.8484840332010395
XZJ3149,0.20024765321643914
OKL4921,0.660075627882492
IZO0258,0.3226518736088748
WRF2650,0.648967940989265
YZR0011,0.35720423174705307
RJO4245,0.7322523280320655
CRM2675,0.44976151324504837
DKL7615,0.49210944851636784
SQG4906,0.5339499382749318
IXO4087,0.28068634312516116
NBW4124,0.5872642684181759
SJN3966,0.3492786157434825
KKR4361,0.36945477803437005
HEK3882,0.4693117859659878
QOY8848,0.32024513340824373
ZQV3715,0.15881209773602525
UXJ9385,0.517322536613124
VVE5601,0.5188501092692569
NHI7594,0.5444002252250487
WQW8250,0.5316458966037453
KID1021,0.3574892347719186
MVW5606,0.2700307646241644
VDJ9872,0.6037253625485549
TUJ6907,0.3468763545761323
KVD7026,0.3617206822586595
GPM3013,0.34434543215637126
YPX1846,0.26966653836013127
DHB3654,0.8128113324394187
XXS9902,0.27502282236269154
IOY7072,0.2669629592154491
DLS5038,0.7538465441893685
NLD9930,0.25245010616686764
APM7094,0.6600751768934272
UFW9487,0.5406735406527321
LTY5277,0.6014551732794898
BNR2104,0.5416211711509792
GXQ8493,0.4089960748583837
TXJ5088,0.7706517552196389
HRQ6010,0.6791577106935611
YWN0709,0.4370476400236476
ZXE9454,0.6019783761180165
OXB8970,0.5307950562183636
TZV1176,0.33519362578388173
BTP3681,0.47067035497100934
ICO3585,0.5296030594270535
RDF9417,0.703626622133152
VHF0605,0.22900092757114845
IAG9096,0.5112439353877075
RQF5460,0.5962461399793393
FER2233,0.361423171862357
DDX8572,0.18856990335359106
SXI1042,0.35555972941716124
KTM2552,0.24875541526647726
LXB4245,0.4706805772242642
QYH8445,0.699729878537664
FPH7362,0.4566433592456351
WMO6968,0.3701743344838538
YVY9123,0.7040243556608508
PWI7008,0.2704465038963484
EWE8647,0.5555943011801724
UGH5821,0.5069904106350999
CCC6358,0.4054260528038436
NJM4224,0.3275480726401462
JLN8569,0.5103089131764645
SBS8635,0.3080011663429718
TCK0667,0.346912972230354
TTJ8073,0.2569771313237757
FYM4884,0.3726431170975393
BAH6808,0.21643907080078434
SMS1066,0.6386111215893917
BZV7110,0.3755432843360986
QUC3244,0.26713634596169594
NCH5512,0.5398822617588177
MWJ2009,0.3111438141910204
LMJ6900,0.5672623191725485
NRJ7601,0.6783768208008156
XHN7398,0.45525573671334907
VVK7366,0.40103147037646036
OOJ7340,0.3691586789067174
ODG4805,0.3069943288086983
TEH7221,0.5372918943071394
RVA6521,0.520511514309862
LDO5407,0.555750916612714
USN1312,0.4250691499687661
JPE7604,0.32854782515217634
CWI1855,0.389256476839459
RUG6092,0.38366205833917627
YBW0147,0.6240270265679184
FOL7863,0.35891695170380467
YFD5576,0.25951054874712975
UMH1775,0.2821455892485752
ILG2801,0.6095261755286185
IYC4401,0.5399589583688776
DGU6130,0.25783951095664537
GXN6308,0.09142664062672204
VVJ6567,0.4410374170928788
QGT3401,0.696035665279575
EHV5543,0.5784065463313871
XPH1693,0.573017690064382
XVI6143,0.21812604604374886
MVT5363,0.4704641636075535
BJP4782,0.3270069178320916
VEI6692,0.5355525436617613
LSH8066,0.2553721628033825
OES5230,0.2180526287158433
GUS7697,0.5192792436996022
GIZ4545,0.2829760983509309
YSJ9267,0.6314582978244676
LQM2884,0.3911589138509587
VXK8098,0.5067195356109577
LHQ6161,0.29513493681346925
NIB7023,0.7244842346920504
YGT5746,0.343367600350417
OAN1929,0.7150186235549447
RSD3480,0.2085911070354523
GFU7927,0.32434029858422025
QPX8297,0.3090710869711251
MDE2942,0.5042929736936744
EMC6814,0.5260636410092477
RHB7538,0.5922332471503006
QVA1519,0.7110671346552333
IYH6561,0.3605974407946082
XBT4342,0.44236616706398985
WVS5347,0.4979623743458054
RYC9887,0.362331224710197
OWG0725,0.473409391114564
PDQ7527,0.5842008655464892
AAA8650,0.45695382883741775
MPS1872,0.7330751025644286
XPC3180,0.5555008430471172
ERE3203,0.4425907156299467
JNS2424,0.7882920111532238
QIP5472,0.3632921595847358
KRI1406,0.4299539573308613
LCG0245,0.16709194323342227
UGQ3179,0.2616063800867258
QTL9465,0.5999646570036654
WXX7131,0.34138519200587164
UBL8285,0.39452627920427913
CFN7090,0.4031831328958033
TPW2557,0.11176966340948599
FNI8664,0.22773595037482475
PIO9382,0.485270542990829
CCZ6527,0.6478686136112165
QOK1729,0.5735877226766396
DKE8863,0.4599700159236228
CRV0203,0.7352133653537376
ZNN4201,0.42657234151175494
CDV7774,0.5097946448263284
EMG5794,0.27373359062429775
WNJ0629,0.7983074439087451
GGP7119,0.4804384680707495
PAH1172,0.49418148267526524
PJG5643,0.49342742158239183
IAM1828,0.2663788234138938
DIK3154,0.4580502760138609
CTT5887,0.6234100592227081
PLX1043,0.344641727421793
SIJ6453,0.5036066014779015
UGI7847,0.48001604378244217
KGO6514,0.44000769818275826
ARC6739,0.3100339871355915
YAW0653,0.40014383892092603
YQM6980,0.43619037412911355
HFE2279,0.7980263137155296
VZF6216,0.3874491038616205
ZCH6489,0.44640725671424836
TVP7259,0.28099779924857377
GAV1656,0.5576037263811657
WPT0894,0.7182959075915266
YWS0422,0.6319128835757065
XUK7427,0.37586329391915385
HLU2704,0.20530809309994497
YFZ6065,0.4627055948921692
YPM4038,0.44149613235802454
XLE1332,0.2864351870867437
WWQ9108,0.22132782991645739
OBA3645,0.9085724641886838
GUE8114,0.655582855729309
LDI5459,0.6020435424730505
SIJ7030,0.4217276592193821
SGF2166,0.5071224475599134
IUS8573,0.5490962909885125
OAV3919,0.4226867727558054
NSC7363,0.5806345355188972
BPV9497,0.37889964707412827
ILU0718,0.5310695650428598
QDB3206,0.4371289417019864
ELT3255,0.2947309087632919
XKQ2938,0.3290694511380652
AQA0422,0.6467904395172954
PLP7326,0.22827401879146986
PLY6486,0.346839975471536
TXV3058,0.4543296112516301
HZU6833,0.8801152016768111
OYN1376,0.2801863208202177
RKZ2520,0.553967996766612
VJK1168,0.5859146990583257
ZBV7530,0.586955742368892
LWZ3926,0.7007689023508267
OZK7168,0.1710698708653652
DIC4454,0.5479703733299445
AQE1099,0.3319389219784691
FVI6751,0.627113989377318
JHS9927,0.6448740824238435
DBB3746,0.5555959779214088
CWX6774,0.613759719723056
JXD3194,0.5796287080935184
EWS5489,0.6330817644883261
YOO0895,0.1450417738249158
QMM3659,0.3814655921568402
OKZ7721,0.5398071990883878
MZB2572,0.5420276249670382
JWR7273,0.44448086417859534
JVR1502,0.2605073443387823
BII5034,0.13880872753562024
YST1582,0.4972305974861132
FRZ2719,0.5547201985676197
LJL4583,0.2857151627323169
IVK1262,0.21511915777594257
AGO2014,0.23498121003521222
VOY4391,0.4752574455871975
DIA7288,0.7825859703221025
KTJ8937,0.5689973237498034
GHZ6620,0.307905381584324
EIQ5825,0.27277006874611776
DMT3024,0.4383064701449031
NSA3551,0.2635055644577748
HGA5858,0.38525010831340484
SYY9291,0.3203515465433238
ELM2280,0.8909070448615269
OVQ2692,0.30317194707884254
PRA5342,0.7993628385933778
FEX1797,0.6045061407368266
UNW1268,0.7720619045171663
UNF3809,0.4531804186138322
AGW7178,0.37394282699809256
ZRE1357,0.4830459223224196
IMT4399,0.33977913373420005
MWK5375,0.37257602110077037
QVR4912,0.681165669260134
CYK6709,0.462097490367272
LJJ2126,0.6388369281142576
RUA9027,0.5133321539176922
ACA1080,0.5682274516297525
ZPH3170,0.5140210700497292
IDM4207,0.6446142378735922
ZTP7739,0.14913840045120444
YDV5815,0.816111909703714
BQO0017,0.6866362688742303
XUA9984,0.6684198929565702
INW7958,0.6371028772210192
KFQ2870,0.42680831572076594
KOY1613,0.36105240419272816
YCT7342,0.6563442118339998
QQA9782,0.4254021835714912
BAO5422,0.532608218770697
KAS6278,0.459461019653829
XNS2468,0.32141916254256303
VIU6714,0.5074554384504638
SMA2660,0.5576341773904807
CEZ5920,0.10091657654870705
JJX6153,0.5292805749783637
ZCT4811,0.631975923340369
ISM2735,0.41560310684128277
KMP9746,0.4210175717664251
LLQ4055,0.4076161990204211
RRF8912,0.6350411365803014
QBW7406,0.30217029582449145
OJS1596,0.802097133029589
RHO4507,0.5323150060150873
LKP7516,0.23903972385638372
XZH6228,0.6552591755843542
NAA2800,0.5021311555972742
BGZ5066,0.5041827495782596
CMI7750,0.5679826915452403
UWS1232,0.8335169725836503
UCU1562,0.3975975976372373
CXZ1451,0.727208215289332
XZI0704,0.5797887086697224
DQZ9741,0.7364166191814073
HHO4419,0.5559082760104282
RZA0154,0.34043019142458475
XCM7012,0.5549340311921283
SYQ5872,0.5684814678501161
WGT9197,0.6684669201318402
ZPP2318,0.6734197193524282
YNY5682,0.5502022191390877
DTI5849,0.4021390246222104
MRL8735,0.5124222683993676
NZT5187,0.44518932062820715
HBD0405,0.4325495998795524
FQS4223,0.23192185577852972
OMN1338,0.4896536297487176
TNK1463,0.3498845375630448
WJW5789,0.42755569180519826
FIM7054,0.5910926069769228
FBZ6525,0.41138439144697553
ZFM8609,0.48606001175483193
DVS8106,0.5280684535757791
WQG8515,0.5000096348742329
XMX7499,0.48439862122654254
YEM3557,0.21863364169807065
VAN8479,0.42584583034321066
EEX1705,0.18194219771128048
MLP6187,0.5067781088114062
ZZT9034,0.35801238166408467
PYC1906,0.337996963753934
XKX0417,0.4141417597924198
IKQ1892,0.8757315951035108
JPS7984,0.4635918151318757
YJP4939,0.5328231899292346
QLY7451,0.29105666656753937
CAQ1761,0.3130788624080878
RHS3194,0.31228644398922
URH2223,0.550942828982804
EBV5526,0.3796009816495034
VPE7690,0.08534199127761508
MQX2555,0.5063526606922699
LGF8647,0.37346530350593327
ZZE1862,0.45321172101283097
TEL1237,0.35014227431298056
IHX5741,0.5244843604043371
QHN6664,0.4999148792488926
WIH9047,0.7305489957992997
SPR8036,0.5768247458127207
XLY2971,0.35327288447480437
NFX0427,0.20540199710465104
IUO5128,0.5223223602511743
ZBK1450,0.4391585989756029
RIH8440,0.45809788546165453
WZA0097,0.34211823121018153
ANN3748,0.5969819301624998
BPC0427,0.4721426743093423
NCR6054,0.7151505193556706
VEV1335,0.6285653750182264
YBY0166,0.6510474286740418
IEN9002,0.3689246468781399
EIK5210,0.2932455397427223
YPX7615,0.45504792491513996
GGN2096,0.6669323026119565
ROY7283,0.6364826358077142
DBD6207,0.546873739362189
YDH7665,0.23103165271446166
PTU4988,0.4115911592724977
HNV9512,0.3953779343250864
AJD4806,0.41106419001090017
FYX9557,0.3837176573798053
FWL1743,0.5802650678695275
OFR8910,0.761546785644968
EPU4284,0.6317107086198114
FSX1358,0.2010941344647462
HAA2935,0.2558115052504045
DSP0219,0.27972865874539576
FBK1277,0.4321138926073903
IQQ1006,0.3715680649223073
UGB5004,0.5766665256520889
LVR9175,0.5566915444217966
KDB8963,0.37527288525189106
LNL1742,0.638988317234113
DXT3232,0.4611750442084496
FWE5809,0.4145676940653621
WTS9172,0.6205069284139769
YWE2221,0.6051399087342852
VYH7939,0.5537894921346186
CDH8864,0.6255422648384807
XLJ2088,0.2915625946941955
IXG2936,0.7467523071642971
SWZ2844,0.47528287057276997
AFK3912,0.2797841248688281
GMR8075,0.39511163569756247
JKS3370,0.21465135538431196
QUQ3329,0.6472248261094111
CTY1175,0.5472494369753655
PJW6595,0.2701775415198021
FHG7478,0.5581312311037268
PDK2198,0.4658780109403884
TLV8472,0.5123799974418647
VSE1384,0.3767628915148289
BBA9440,0.5733754586098849
ZAZ6128,0.3221273941693067
ALO3534,0.3830553947735762
ASR0646,0.13317747094014926
JCY7418,0.34712767393166083
JEW5959,0.2867420655151976
WTP7859,0.45264910784842083
AVU1700,0.49055920240674494
YYU6072,0.44535960890631515
NKM6522,0.7509696012178433
MWZ9346,0.31344593567454365
GTK5704,0.3456826372457458
BXV7167,0.22365913747906443
QHC3452,0.23836674929906834
MPG2391,0.5465083849820876
BNA2789,0.6661373599837586
MVP6799,0.4528447819846752
CIW8623,0.23950965803003188
VPA4812,0.4755229543800223
XOO5653,0.5286126574841856
BQL6282,0.4791870268467596
ZKI4872,0.43934774564994467
DCP6169,0.14273729631227067
RGC1823,0.40526544962232197
VHU7518,0.4769301160028903
RXK1646,0.40970824355033697
IVV1740,0.55873011834389
VDF8766,0.6602560064617089
JQK6477,0.21341027863538886
UUP1334,0.5471209579585691
XAP8677,0.5966100564340857
MQA8873,0.3251503554354566
RYP7886,0.5394317589759644
AFW6003,0.36961400169394315
NIF1838,0.3830141211213557
QKY3033,0.5999244119784195
MRI7916,0.3228764387588436
PQX0971,0.4024970392207875
XQB9992,0.7865418690521286
AGV1957,0.1661134265912842
VCH3197,0.704819876442411
QLF7152,0.29126167498835576
GRR7219,0.46966048297226143
SVQ8097,0.15279297148016985
COL9431,0.3752267451384153
HHB8171,0.3566355929304669
BXG5131,0.3599172115518776
FOF8111,0.4103335756622118
RTV2240,0.4822447952820036
LIJ5511,0.4429848937087775
KMK4275,0.5951613166609042
CPY9285,0.5250151520449335
PRO7683,0.5583350566316215
QSM5588,0.29234140751698
OQS7196,0.4444749385723994
TCA1389,0.46931804352160406
ENI0173,0.3991577358933637
EMQ6425,0.41972770127013925
ZLT9131,0.7174641178482151
DRN1504,0.3186618783612861
MZI4502,0.7971575738366166
STS6672,0.46008159452954905
WGQ4961,0.41694504480237576
PHS4900,0.608152882276693
MFR0763,0.40834314425094115
HJC0056,0.29675183790062526
TXD5361,0.2735922667749964
ZDI7351,0.5078338602456758
MJC3046,0.5096772085302876
SPR6183,0.3016035286996484
MXO9018,0.7658001967853099
CUH7592,0.20698151706447734
PQN0513,0.33930317249739433
PZO4069,0.4951892536680461
TNX6536,0.6243718679760454
ZXZ6487,0.34201523983316384
OEY5873,0.4079068561079639
EPM0672,0.6185367120612089
UAK7607,0.5529918396105952
PUR4801,0.6871485914748648
SIZ0903,0.6931534401277318
QAK5501,0.6820081152734979
ERQ1003,0.30000990091338964
JHS5395,0.2372383605839623
FOP0128,0.7043289743619383
CMF5213,0.6003639861279553
QON0449,0.5721989383724512
ERS2335,0.46008153266558793
ANU9281,0.6200200868049224
ILZ7555,0.6865215424206299
MIS9792,0.1883085612441413
ZIQ7762,0.3751701670923855
NDG7924,0.32284457565743885
FQG8979,0.5554840748128925
LSZ0654,0.6202902961134369
SHP1082,0.47881341731706994
WIM1278,0.5419491755321272
AUR6868,0.39860287971777103
XKU0997,0.2572257961305788
VQW1327,0.6103975477157989
DSW7214,0.34950850216702745
ZOV6208,0.46221749320294037
PGR6688,0.34548990097983806
KEA8009,0.3615190588184015
LNC6328,0.35697818288156713
GMA7529,0.6292540047870089
GUY1739,0.6014605621479889
BQS3910,0.5862933330240083
IMV3273,0.4322233821654901
WUW8672,0.7047491522440309
XZZ1931,0.4155584365579109
JVK1763,0.23100715344885125
QQU7584,0.33073488822933167
RII1341,0.5639113893658526
ECF2001,0.19460195650822024
IJH8267,0.7594134002877022
GJK5821,0.6259316145036774
HNR0653,0.6967467240090613
ASA2572,0.5054344013430125
JAL4562,0.7419402188592306
KXD6314,0.5478144276337102
PFJ2186,0.24396644569234913
WES6815,0.6777568816465775
PHS6750,0.17185004629193049
RMM7844,0.3504633517543603
GDC4179,0.3589343918593224
QUK5788,0.38520694208536066
GJL4316,0.7600227302907178
OEC5147,0.8501353181366466
HNT7828,0.4477153217830026
GCK6333,0.38015116800726767
HNZ5414,0.6543772168106903
CVK2844,0.35989663224065727
MRZ6686,0.2823722175256575
VEB7548,0.42219367320716933
ZFK6222,0.6605681254124652
TCP7362,0.5769461493223952
AEX8842,0.7468741646206056
INS6906,0.19418834768793874
XQP9889,0.23050544331393588
FNH2173,0.5001094762034602
OOI6909,0.2109333569609616
IVU7217,0.3620170128247994
TLQ5774,0.8335135149560097
OJA2961,0.45317377212550014
SEH7834,0.7077664308546682
XKI2459,0.4602167298801315
GME1877,0.5463183878100292
RKI7230,0.3273608556294346
CFQ6408,0.3432684877033875
XMG3875,0.22263550250533584
HXK3423,0.5201684047352013
JXU8966,0.12771083901177455
GAT0080,0.3076721853373823
SXJ2606,0.47177533301012936
QSF2441,0.42206707175197233
TQS5006,0.5763748226173159
DOP1780,0.255558366135454
ESM6222,0.48832250628917306
EKA5363,0.4981740562872751
IZB3771,0.2786445809773201
XYD0602,0.11861645838931945
GNP3501,0.5429066950350633
AQC9120,0.29580061604136304
HNV4885,0.44504159357940104
JBX9545,0.47918073810183787
SWU3965,0.4454273203083955
YSB2339,0.21281570548009887
WDZ5490,0.7767380789066984
KYR2691,0.32509903063578754
MRF9654,0.7026943919888163
IET0507,0.6435919736507971
CXW8897,0.34873479085150777
RHO8502,0.3788867063082696
DGI5875,0.7407642978837202
CBG8496,0.20063543615469603
JMO9215,0.42589332926379203
WHH0842,0.6454003674450349
IRT3982,0.5778618157129404
ZNY3995,0.24259883719895953
RWA3263,0.479712156965172
RRW5248,0.3432618403730317
KSX1126,0.10902770425840455
ZGP1344,0.7145056488526045
TAP0740,0.3518613257383576
SBV4244,0.07749436068320134
VNM7279,0.41916479696960535
XVN5713,0.6242136380045573
PNI6616,0.4559372780449807
DHK0115,0.4833760024249793
ELZ1893,0.5783169887940276
MMD9376,0.39674084160354484
HHO0755,0.34046225949948367
AGI6103,0.49941720842296333
DSJ1568,0.350453857922899
OGQ3745,0.597091634747014
EWU3335,0.5536213354070352
IBI8973,0.2646652020387152
MNM0998,0.3200841225859959
ZFN4243,0.36088007701066266
TAE3942,0.7687331941544955
CEQ9038,0.11794025996951778
YDW7588,0.24180036234225533
FLB0221,0.5814400483588518
IFS3000,0.2982340446935303
GOX2033,0.36289298776815443
RCR6392,0.08417091389459946
ZMZ4534,0.8281180069053969
DPW5768,0.6472847939840153
KKG5808,0.6429975132153389
IBC0776,0.42606194711269296
QJQ0583,0.41315471851499536
YHT6044,0.5417609026475186
IZD5201,0.7124869730318992
FQQ6014,0.6988304810837354
HUG2535,0.5375587901411151
AWE7337,0.47631064369026577
AFX6015,0.3034239938408014
JJA3465,0.41153629443608064
YWQ6319,0.3116877901532003
UTL8063,0.5421596591496233
IRB0365,0.4885404176699716
DQC8790,0.5585877171383713
OKS8792,0.40319911998948216
RPI9883,0.4634399376142781
KJD6196,0.6157126392715293
AVL0382,0.5205744082596095
WHR7833,0.45086598141436224
DTG7149,0.6775879354910636
ZPD3564,0.6425001185275064
FOG9482,0.5988187324917624
ZFV2720,0.6136038738407861
KWX6049,0.5618756217671196
UEF4956,0.5681478493740253
JEK7287,0.5951478078964098
WPG6950,0.5916362895593084
QBJ7505,0.620327142702401
GWN8595,0.4369043909590846
BZN6603,0.4840902572200244
XFZ2764,0.45602709622741994
IGC0378,0.28848975745921956
MMP1537,0.40522864670800596
SCY5429,0.5584095397357635
SMJ5723,0.564200695691375
SVM8665,0.6054196013046614
JUC4326,0.7168851715542636
POJ2305,0.5646180099052555
TGL1412,0.6064803821027859
TLB7079,0.4860568144526197
LMR6185,0.40221304508032496
KHK7436,0.636561344034364
OGI4322,0.5806371564237374
RVZ4835,0.3830221397830274
BJN0689,0.2685998281488312
UXE5576,0.3847753459426724
RZS9370,0.5593051590033298
XFQ2974,0.21340915881981418
UZO8276,0.2891530428190553
GSL3386,0.36974331121136506
AWS3695,0.7230674389700096
IRT2345,0.4286927103117152
JLA0351,0.38630090807502515
UDG0334,0.7453878891387679
BKE8828,0.49439205849550044
BSS5927,0.7863104178067888
QFM4192,0.4235926183684726
UOL8406,0.4415855850020311
DVB9995,0.37322328595156
ZFM1248,0.46950027386343934
FAH0757,0.6797392878100073
YNP2161,0.5099297438124752
TUH2095,0.4864964801834096
BAY9049,0.474644402481111
SZZ4113,0.47073650520033017
IAH5734,0.3436110563969819
IWZ1372,0.4168585561907893
YBR4638,0.463382947091245
MOB7614,0.30638881634079257
ATG7894,0.663488428237097
QQM8288,0.3870577118642434
XMU6369,0.33712795236271714
DSD2182,0.4004999348516082
JEF9970,0.7253697883832974
BJU6237,0.4400597775862063
MCP1196,0.8444478201522899
WQZ2473,0.4905903275071311
EXP3813,0.4716681645896961
ANY6979,0.33454790561187986
MJT9896,0.3245568110835372
RZF0126,0.49689447353259286
WNT3190,0.3361691599172905
SXR8785,0.6889874173660884
VEZ9878,0.42602605396087834
IQR1803,0.6105947583897756
GKP5747,0.4997470322471862
KWZ1032,0.6210250660906415
UNG2441,0.7151822323547105
DEZ7950,0.7266337287327578
LWQ5268,0.6591983360213324
ZMD0621,0.5346355619274622
LXS2378,0.31922254554303503
TNA8704,0.12954063107265737
SXG9064,0.4098175872857039
TCJ5769,0.5790541738802871
HFW8197,0.7454246324407255
GHB7075,0.40564937610836693
TXW6272,0.544772720659006
XYC9775,0.41246028215722386
ICN4734,0.6347123153112869
ZMN0832,0.35091171022830414
IRZ8003,0.6682326340766293
HUF3490,0.4203000560297689
FCD5431,0.5761484996459675
VXK6316,0.7085972986084172
YHN4722,0.39271346600108603
RTM1575,0.5512995281999254
YSB2112,0.21654271736614167
KCM1722,0.4532382107148206
OTS8869,0.4978557411780837
NHB2867,0.4392087232701829
UTP7979,0.5633461367989244
HSM0794,0.8767861243674446
RMZ6032,0.2689645630107113
IMW1976,0.575527654823099
NFP1572,0.4973470899260447
UMQ1245,0.5790000245348602
VPI3440,0.4750653150040426
IAR8050,0.310038107233822
LZR8401,0.6477144971194265
SHF9433,0.5288218582854767
UJL4817,0.8355587995557126
TRR3958,0.2361438712175917
TXD8258,0.6427629001600188
FCO4051,0.32097331236693794
OSB4374,0.39528295899727384
FVW1939,0.7153643475609571
PEX5881,0.32979124612808713
UZO1865,0.6668591097279953
LWE1790,0.24098981620586987
GWB7700,0.5676276226171995
ZOP8654,0.6478395605298608
XLA1817,0.40590699471411973
HWW7112,0.5432297000910411
SFB9784,0.6828847092316924
OBN4261,0.1267556251968019
VRM2547,0.426673317572953
DOC8167,0.4151540181961829
SWJ1035,0.3579755726721321
FLF2496,0.6575845585251785
JYX8578,0.8188655729065085
AEU2982,0.5589295426743589
YVH2306,0.6794052438873879
QKL4250,0.3835560837716881
LBW6479,0.6177033001700396
XQN5681,0.622076045288692
CEP4086,0.6415294392067316
YGX0420,0.37923704625495047
BKB7512,0.5475663408748457
IXG9725,0.4412000029045239
BOF5544,0.3826032541135948
UYN7747,0.20035337670749429
ROF4670,0.4736771604004573
UGV7717,0.09264589093881069
OEI6069,0.2990328621375203
EZO4175,0.6002215303342265
OIF7758,0.812305450677127
JEH2919,0.4831914621928254
JCE4705,0.501361834067657
BOD3734,0.40948474260352447
HRI5660,0.4119256322794106
OOO8613,0.10113505920546692
XCU4599,0.32630648882304597
KRX9049,0.5265148766111386
JOB6245,0.3608649843650581
QNM0137,0.5810041106235019
WIM6665,0.22211956550358988
LNU5227,0.49019097754856616
YQN9605,0.4397125438448381
UQJ8425,0.3367337158581036
PSC0175,0.33327034453683285
DJY2431,0.4363662200911873
ISL8214,0.5162678727865799
IIU0389,0.38247700052628725
SZT2166,0.6778477952762875
QGG3461,0.3211184746013481
XCL2050,0.5404233511252324
QMQ1245,0.36938102158650005
DWG4532,0.30921394021506765
VPI6024,0.6234666878467559
ZYV1950,0.4580629907703245
ZFG5023,0.50602590095487
VSF0357,0.41093330608188305
OEY6081,0.1969716731558269
TUB2085,0.25694978350529324
MNC6692,0.4784486515488826
VRR1008,0.4719278070557829
YVT6450,0.332422068968105
FAO6275,0.5339115358367319
PTD9190,0.329522076543612
JSO5437,0.5505152750227273
MFH9979,0.5390443127408817
SLW2279,0.6255677205520324
AUZ0340,0.5567846832695149
AWU2833,0.6936508016501028
LFN0157,0.6207957779704885
GPR0346,0.7466593952580897
MMU5621,0.4568788457090671
IJC0456,0.18368956029766628
HJI0200,0.21184800875526186
PUI7508,0.5327793146773178
QWI3198,0.6551607357655524
VRD3282,0.4234332381492439
IXU9829,0.5871822887584476
NSR4945,0.6070765019005528
CJY2412,0.1725798123723012
SUL1935,0.27034351386322536
WAU9525,0.40420868327138876
VAR5218,0.22555085735442684
OIQ8584,0.44090655141535373
TXN4932,0.3922912365357831
FST0470,0.6605358417458154
YVU3745,0.4918493533985016
VRX1810,0.7235323311892712
ANZ2576,0.34979763793119845
DFT7074,0.5754816575576807
GLT4950,0.5539117877420204
WBD1290,0.1299030369895589
KLD9539,0.35799207099631514
UFD2281,0.3235894078583132
AGV8920,0.3641692908435213
EZM8303,0.3577019349730566
VHB2724,0.662065324715688
CGS7371,0.3079882234333643
KRX8325,0.3400777764488954
HQM2559,0.7121748305948934
OAS4314,0.5969235411904851
REU0208,0.4611787953271835
BCK4124,0.695303601853739
YXF7483,0.38361880862418435
EJI6128,0.6432788696518796
ZMZ5134,0.6761230533404002
YAV1162,0.39308081784428944
NRB1641,0.49632392672730324
YBA0436,0.7945513864684345
WDM4803,0.28915170087695713
APA0477,0.24285170532894523
DJJ7857,0.4992329063733365
DDO2541,0.6842809562949698
DTT0915,0.48896884177068917
DIO9974,0.510661647912465
RTS4274,0.6489978125279187
EVQ9390,0.3972739636948797
GSS9218,0.35895015890397264
QPV1399,0.14325821219717963
ZGP9947,0.5567080150277054
VXZ0953,0.41061654453723856
AKN4052,0.20478946881219162
GGP3877,0.8073918645333108
AVK5211,0.4602205894097639
CBU4492,0.4803686881725893
LGY4995,0.5446727848364237
DPF8787,0.496720325534285
ZLU0244,0.37485384619642087
GKG9739,0.47627590048390134
XWD6996,0.2927734550486367
AKF5899,0.6076810349931576
UBN8639,0.525955382426351
UOV8935,0.5875370968570527
SCV5979,0.5084349199247261
WCH0782,0.7678413755518073
ARH6872,0.30949016330890616
NMM7694,0.6325071625125477
ICX6399,0.3517134391006037
TCX4933,0.31325580871425013
UMW1034,0.59590959667144
YYP8138,0.47449582440671817
SCB9443,0.48088523079529255
ITC6113,0.7676762681250071
FCL9477,0.5872064158599708
OXN4850,0.44228961092981195
JYD3480,0.6222247090263363
VRQ7885,0.8234688388444746
FUP7384,0.626633006686705
QWF1930,0.35191066534931625
XJR3753,0.41445027842614446
JYQ8107,0.469731623504918
RLK1604,0.24897474922918247
WWU5537,0.8302796693939556
HYS7523,0.6046395033044475
ZJR0568,0.3396763563879444
BRG1099,0.4827266760495729
JVW7197,0.3153960142565717
ULE4248,0.5345389929072644
FBK1312,0.5807711887284601
VSH8159,0.37768158006707825
DMQ5786,0.369569536244931
GCB3430,0.49181159390061363
OLF0501,0.43858118400464574
JWD0044,0.7025824542765824
TJP7761,0.5124536889118079
BQX3256,0.19613057981356832
XYX5749,0.640867174554743
MRK3909,0.38140321649070597
XEA7163,0.42400721349948234
HCW6650,0.619414758787486
TZP4079,0.47645326249840886
RYR3568,0.41731696386289735
KAA8266,0.5236083144026611
EJP3492,0.6732521994109627
NGH6480,0.37470659587485616
RBK3849,0.3944420419723153
AVU5986,0.5351661495016994
BVU1715,0.4132222780790478
WDM1181,0.3976154458068751
FMT3576,0.45178882045663515
YTJ2895,0.6299538503021406
LYE8184,0.46729148222664224
TGB5296,0.3852639806466982
PAM8552,0.5348237968129139
FOB2099,0.6710164009201646
PGW0709,0.6582015137661298
WZF7186,0.6625566215999109
YZJ1826,0.3867230982049975
CUK6688,0.5034845648957256
JJL9592,0.26341055018042603
BLJ1552,0.21254947517898784
CKE5978,0.4848823729556078
KEP7251,0.741047095130768
CWA1833,0.42999412340097226
DIG4152,0.44128701953731614
QJO2482,0.3256435733355553
QFS9248,0.34087199109380806
VPB6339,0.8122539890228644
BBN5975,0.5674532612310359
XCZ5265,0.5243748288471168
ALH6740,0.5958255063273766
VFE1712,0.16440914727637537
PBU6519,0.14433840575318788
JIL1820,0.410383814215981
TKO3377,0.5231218052774264
XOL1792,0.7312031411786053
HUQ7289,0.43848343993226957
EIH7258,0.39613746955743884
XHL3600,0.4777118112370783
BLG6557,0.3702854133814552
XOH4990,0.6225692519132251
SFG9400,0.3202351253248503
CTW0716,0.4633763840907529
EPQ1022,0.33928239694655327
DDF4807,0.2605849387278259
JHE1802,0.4151083041677613
XKA0286,0.4506405134659228
KJS4977,0.15161444051150547
KIX5898,0.6457715706153198
KAJ5890,0.13463570619021878
HTN5032,0.48533061348635953
XBG3646,0.731902069979726
STF0095,0.2470594441696875
XYS3253,0.4782210905585585
YFM9412,0.5440832852825183
EIC9765,0.5833990597689034
SJW3302,0.2705675069593108
GQS6751,0.40271342225649853
VHY1313,0.5256504358401783
JFS7189,0.5861523895479105
UGC3514,0.6732032901698111
CNX2296,0.5515613577073818
FZA8058,0.2717148548571314
ITU2802,0.3675962888235563
WIJ2095,0.7554581094721574
KPD2769,0.3115326466856547
SZO7824,0.6684297781475481
VSF0918,0.25999053092227625
QPO6163,0.42148714041917157
QJG9094,0.2951392083611244
WSN4732,0.3987716681250156
QAH7760,0.49164541659878286
QJQ6048,0.5790298855595696
QSS0205,0.36209464694903826
ZJH8058,0.34302903859393713
QIP0730,0.46195556113726716
SZC2380,0.6778260675891725
RGL9560,0.23846050369764868
WBE3412,0.4350021800127864
ZRW2620,0.24049030801020602
VLM7962,0.24466500438055994
ART9792,0.18784266179320397
ZJN9258,0.7945491957026803
LSD5527,0.7893234015440378
XFA9780,0.3519911294289623
YZX0939,0.17527518572827783
CYB1866,0.37479488981558734
EHO3159,0.5122682461275794
SIG0318,0.7121007158538596
VGM0574,0.36726815310674843
VHH6882,0.16740038995080994
ZNX3901,0.6298962310845416
GHC3228,0.44177947309005355
SQG0318,0.36954126257991143
IEY6901,0.38604369118399146
HUS2611,0.4740435186173206
YEH8272,0.1758627859524686
ZPJ4887,0.3884624682116499
FVM9271,0.22465866995296122
BYC7251,0.5788190557314985
VZV4566,0.4219087609897931
HJQ9078,0.44525277188048196
EGR2718,0.6358959851092338
BQW0054,0.41412840388564853
NWE8918,0.23975761985327482
GWU4698,0.6110512277197393
CZX9272,0.371200634135473
EYB9921,0.31707832221034826
XJP5950,0.2996105813753016
IFJ6475,0.49722379653122784
XNM9426,0.7033949167934055
TSQ8268,0.149197105083748
KPO2933,0.4158577303773472
LXQ7529,0.4173537397304558
XRF7014,0.6446949752991046
DNC4443,0.5466279133632292
AXH1658,0.5324989404527871
AHZ7652,0.6475191394905979
NWH3193,0.2124987051653374
TID1716,0.7955686746259555
ANP3440,0.7158776710834225
OUG4685,0.6011627895980819
MWD7907,0.5530446510611257
TPQ4836,0.48727019879351086
AAJ6531,0.5488880639638029
XKG7418,0.567365236930025
LJF8014,0.5140988359170119
IWF7341,0.24546560729028732
USH9806,0.5301344526097331
HOT8154,0.4071408388360012
DAX4292,0.42735278400469345
KYM4729,0.45838990426703746
LKI9763,0.33973840475229217
JAY7470,0.6317228697508833
VAG9407,0.1595323665580896
AXD1373,0.5470860047536754
KZV1736,0.4360884018918429
ION0603,0.5341652357233744
IBD4973,0.5267839106222592
HAX1381,0.49140769702843956
GDV3204,0.38538329381671926
GQU7798,0.6780758587290858
GAQ1597,0.5728297801814229
KVP9269,0.6099921954204464
RDH8031,0.28126435088500734
QLJ5966,0.6420520262772806
OUM7825,0.3521322752221103
OPJ7108,0.7171601617309725
XXV5331,0.6680408584729047
NIA3272,0.7180186192045396
IPQ4779,0.326731927274138
OGH5544,0.3659561959520739
IDS6311,0.45972048125957826
ZAL6103,0.421869022849921
QMH1755,0.4001204437907959
AXF6974,0.48818195007347215
GCI3630,0.25713132891476115
VZW2401,0.3915280166697879
OVE3990,0.6437165102991605
NOV1064,0.2657495115602723
QYK7288,0.6857323829810508
EUR5124,0.5786010420369072
UXL5796,0.552481236893814
TDZ5862,0.6253167284036228
UNT1852,0.46610530242812
ZQT3434,0.4012357877382615
RBL0406,0.5410928837932175
NVN3331,0.4567015596549344
QYU6181,0.26982259919455265
MCR9458,0.5659131189931066
INV8873,0.4835777841182888
CBR7213,0.2968561773636107
JHG9105,0.6200219677983386
TMB3670,0.2720884952139137
PGJ5657,0.8044678827916735
UGV5295,0.3965081034550597
OXI5106,0.6627968362250335
DNV3094,0.588237713765763
VAH0839,0.6960894923331395
CCY9074,0.556479323014061
HSC7757,0.6100988118399657
BRT3178,0.6673889378696042
TMT4944,0.6994387668825289
XTK9260,0.5637745083363563
MXU6827,0.3880626402265833
VPJ7122,0.4136364136425775
NGU4725,0.41454190172754735
XHW4190,0.4235442605723009
YAY5524,0.39266710131671606
SSM0392,0.4460303635927146
FXD1708,0.3750159902581436
MPV0672,0.596947833227237
IGZ9386,0.2839273975598285
TOI1490,0.6577909163043557
QAZ9933,0.5672055964005689
CRM2978,0.31481887653828355
OIB9991,0.4687014222131336
KVN4822,0.4559095251676744
GCG5533,0.5852250309522818
VTK8111,0.37092524395505483
KAE9168,0.2493735021368953
RGV6468,0.4405400609384754
LWX7015,0.630726710423003
PZK8396,0.5828675268894536
RHE1717,0.46888528077257136
VCQ2207,0.737839669506926
VQT9580,0.793532858185953
IOB0677,0.5514778294969452
QPJ4092,0.6105006771541436
AVY1533,0.3956937665129801
QDJ1312,0.4060757112832113
XSX5863,0.6931597663741119
RNZ7687,0.7415819999540247
FUE4559,0.6439579572333151
KFB0998,0.46735545259609645
BJW4567,0.3772218675239152
KUC9637,0.5482645822672346
QLT3222,0.6211346839041768
FOK0149,0.5658978476988232
KEJ2913,0.2928714739157017
KCM5467,0.6190282789848414
RYH8245,0.6723282655014239
RUE5771,0.09406254477768991
HNH0868,0.4753746542894745
XBC4033,0.6313792201444285
ZLF9201,0.6802548824226252
FKK0636,0.4509668526614588
WCN3474,0.7283236888417567
DGN9413,0.544114246680289
ZVT9034,0.3964040941171391
GYU5540,0.22682768990299826
FDX4205,0.3208304116928674
IPD1251,0.6037744204555352
ZFT9168,0.2232937877907307
PYN3393,0.48244764000668977
FTZ6683,0.2719684885824828
AKI7936,0.5537160753297643
MPY2709,0.5443215290894377
NTP2659,0.7030725999321178
IDE2433,0.46349186756856275
SVO8258,0.48947034051438226
TNE9256,0.5611732652126534
LEG2561,0.4593651577924244
UKA9422,0.49314922745309153
MCH1289,0.4103525485723983
IND7831,0.5644815291137367
WLX0704,0.3545227828186334
NJG1634,0.14684634910985642
CBU6288,0.44522303422886556
BBK2710,0.6597021487326632
HZL9836,0.3808596447628433
CHC3948,0.47247538088431795
ZUS6740,0.24393785335713794
VFH7531,0.5925320790050793
GWE2897,0.2488120954766383
CAS5155,0.2624748575191328
GMW9681,0.4886421032253931
MES0461,0.5701377085776832
TWZ5436,0.3700387712478634
TVV2529,0.3342413491994772
AQZ6865,0.7212920720896319
OIC4021,0.44836487791783985
MOQ3911,0.22829500122851829
DNS8201,0.3561051509049091
ZUI6325,0.40381800139907675
NJA8351,0.5624570704753685
ODB5040,0.8042952224146266
IPW5152,0.6320431275037255
XZY2224,0.5501110617962913
FZB2992,0.32156360842985243
ZRO4379,0.5749264994374406
RJI7678,0.48168655868973376
LVN5225,0.4868401195904621
OYF4788,0.49183209924769794
CIS4067,0.5815115191753354
KIR6566,0.321394265211512
WRS7799,0.25014049089012524
ISB9210,0.3994038595923512
BKG1713,0.6989770742273244
NIG7239,0.34865934261350084
UHJ2010,0.19456574666210508
SGE7571,0.5904797401492899
DJH7886,0.4753504669071866
TML0327,0.5273946389292471
JSU6205,0.8261817274511348
UBA1024,0.40819062911387866
ZWM3611,0.4905913737099103
AQD1119,0.49649090871722795
UHR8841,0.6183299837066384
EZL8963,0.568415355363482
VEY3609,0.4406391770753344
IMN3213,0.6151029620512063
ZFI4055,0.3897893802034929
ISJ7190,0.3242932505956442
YRK0679,0.5087835520693218
SEP9777,0.38192888496825556
XIM9647,0.27273410597390174
IJF2788,0.5025227642543443
HXU6751,0.5359095537917618
LSM8308,0.6065103332610584
FGQ0847,0.4908518903610934
MUT3329,0.2509805005604827
EVW3568,0.5579933098377085
FSK9108,0.40704334236701334
EGK0077,0.7078121011612915
RTH7598,0.5884274807350836
OEZ7029,0.36534768544404495
UIN0383,0.45767901182986664
NVR7308,0.4883095182341463
LFN0770,0.39740794934013496
WYE4302,0.6001379295986136
OFR1250,0.4565311501127474
HVR7961,0.41038471337215077
WDT2838,0.39424023851371476
QER6562,0.24998049017898955
ZDE4635,0.38223634365272585
BDM2485,0.5740986723455385
FIC2222,0.6473527485911544
HKB7207,0.28475286962086754
KYQ7812,0.31029273180529676
IIM0404,0.25702045969835385
XCD1483,0.4699777707760029
AVJ1401,0.4504940835396625
DZC5973,0.8499685526045465
APX1161,0.8266298453748288
GOQ0389,0.4073026282316512
XAE6247,0.47138078802322547
AQX5762,0.3446464758114419
BRS9830,0.6323243245853489
PRJ3006,0.17235150767171598
UBS4074,0.38507769645179185
KAM8647,0.3810771693522917
EBX3166,0.4531129082006695
UNT5825,0.3927066809416915
ATV6282,0.37992201258820585
NFY8031,0.561831207008745
GDC9171,0.08265241083457905
RID8507,0.41632362493798314
OEY2607,0.6916703978057117
PSW0387,0.33769652848050136
MVW4654,0.2899328562610283
EZS6596,0.7232199764029857
CVB8449,0.5531021813276484
XSF7433,0.5106738169484167
SPN0794,0.36720498883996205
NAB4031,0.49801875064357254
RDP5976,0.3943794464169836
ODE7386,0.5756532844668405
MST1998,0.36812966816157844
BZM9077,0.5820015794717588
DNS0664,0.7274028683127978
NZQ2516,0.5444327319168746
MUT8357,0.6838760683753983
NUL1408,0.30057626002155274
MXT6982,0.3618200620347018
ILD5756,0.32043411483346
SNX5115,0.36256222664141247
VDE5638,0.4445184228867095
XDT6352,0.7072134256356545
ITP3953,0.4988826316760389
SJL0243,0.27076711745004123
YLU6132,0.728218415714375
ITV2576,0.22372019837834467
OVU3708,0.4127691193346646
FHX7449,0.3968367450853175
TMT6978,0.3666758801850129
BPN2368,0.22867328227834052
HMT7274,0.5654880574034008
ULH3666,0.17514233815585661
GMU7686,0.47695846372957035
QII9327,0.2932627865451736
LBF3051,0.3595656763919276
ONT8863,0.4855087256239427
ZYP5276,0.5632238224846402
LUD5291,0.27298631284511915
TDZ8382,0.28008296370035807
TPG6394,0.42566399498849083
RMR6937,0.47171528248807665
LMY0729,0.4535670447818086
AMC0445,0.5099643327627772
SSB1104,0.7786300311553955
JNF8209,0.4173307962363864
RRE2084,0.6149872592170593
WZZ5459,0.5091977520425812
JNF4249,0.2032439562656518
DBO1637,0.6320295803549841
AKR7639,0.20434287067234846
QUR9661,0.5111493176959925
LUS4900,0.48306568284003054
DNT6503,0.5455434750234334
HZR5957,0.409865633695957
XWR2281,0.34851231480284645
YST3431,0.5958191709858619
IEH3003,0.20835177991033008
NYB9148,0.7265197490537876
PII9352,0.3361901855782457
LEV9553,0.8352987224687946
OCE4351,0.19040319859591587
DNY8601,0.5253468222184414
DFL5337,0.5036265126812254
MDZ1058,0.20298613285028294
ADW7699,0.2903247540262732
BBX5076,0.46660102507504503
WUQ6007,0.43168367354646736
ZEY1800,0.4699832789663769
JOP6452,0.4578659046055855
KIT4113,0.31369184487304536
LIN3185,0.45446252470802173
QHT8208,0.31868219470775194
JJM5633,0.4731795089883273
RNT6014,0.5393828753502007
YPM1923,0.6828930434977762
HHL5681,0.16969322213443813
ABP4829,0.3269617187900556
IFX0205,0.2550467803726125
UEH3912,0.7319863990820605
TKW1098,0.3011987261176225
WYN1877,0.2093476333409934
PPN3139,0.12768731523362153
RUP9504,0.4629272132634891
TFK5517,0.7292479170110592
JEC2726,0.3520784715960934
SCP7748,0.23475022893490793
MGW6057,0.489107055346312
YYN2755,0.15367772500446994
VNB5918,0.5612574051787601
JCG4440,0.599300858495829
IBD2156,0.2803783358073584
VIX2519,0.4364203896965657
XZT8966,0.7207878481432247
JKW8832,0.6100811387804022
XQR4664,0.5569848414224482
HOS7277,0.5273274286798839
ZIH4509,0.4114458142220401
FZM2635,0.17327013140194886
BQQ2812,0.5823260495624791
QTT1172,0.45966698179580184
EIR5523,0.4510145678561409
XZO0242,0.5615999571861464
AZV3528,0.4530084281391921
SFX1939,0.4774718401341239
WZV5563,0.28660944097919866
QZB7687,0.14756567828168957
FUH8115,0.4028731305530068
TMM9869,0.246776038353856
NCG1476,0.2118665188896627
WJN4297,0.3485105582955736
RAT4822,0.40895743776725213
RIC5857,0.4639647600004411
VSO0563,0.6272746585800908
VMA1558,0.46796128962413974
BOL7206,0.37817598448703693
CZQ3950,0.24650699229838643
NJU4912,0.49964732077266466
GAZ8594,0.5892782249555066
FOX4419,0.24911768998472691
LBN4213,0.5821801094504586
ADA1940,0.5055892914280565
ZPG0651,0.6467269681665884
KEJ8705,0.15402751357558797
UHB5802,0.2661127756460242
KMZ7327,0.3776608095517424
NJT8387,0.5355638827160325
XAP3954,0.4518893728140313
FEL1637,0.696128932044673
IKV7714,0.3533357809730631
DPZ1880,0.6052607602870882
RGT7421,0.1897900195833569
AEK9286,0.5702552818016354
ROM8234,0.48164330223890395
XQX7484,0.5467492284650965
OLH5732,0.332392883930021
EXQ7424,0.43558681284478673
FVH0886,0.3705654301485214
KYL6652,0.2568266900550616
KTM5656,0.7119402970626248
MIG6527,0.5287276588070053
SVR7025,0.4251259095792553
NCJ4089,0.2834130192629199
FHS2667,0.1889362970579512
VHZ2363,0.43622192773605134
OXW0223,0.4735096060626505
PJU5928,0.36071005475515727
IKH2812,0.48242059998200354
VMA0683,0.38637729580223135
TGG9176,0.16134937195809493
NLQ2220,0.3671482591705891
JEG1496,0.699787865632331
KDZ6336,0.41041520037967016
JQL9820,0.5369743524794554
GRD7737,0.6507319933729228
GFP8654,0.6155063887229608
SDO8567,0.2951726376038112
EZH1168,0.47703582514293474
CQI1581,0.4432660562779114
GDQ8895,0.25574861484517103
YRC6765,0.5749800638965555
OCH0693,0.3119216923531081
DRE2586,0.5107626443802956
EWP2402,0.291255916646299
RIN1708,0.5509872086639948
LKO2402,0.642633876505317
RHW2826,0.49860954992745654
NNX9566,0.729630785945843
UNW5036,0.6675089710867386
SIZ4373,0.41432525181840635
XDX8398,0.29244106753462557
BVY9650,0.42314037029736756
UBZ6506,0.6934519570991835
BOP0282,0.41484130443823214
XIU8129,0.7291455121105169
NYD0344,0.5894393638861883
VVO5031,0.4623106872565677
XHV3554,0.4158238426280516
KZH9892,0.4090987413050574
TYJ4103,0.44730840583156684
ZMK7102,0.4644081914221507
FFI0442,0.6764785209954008
COH3368,0.5099986929074098
MID8808,0.6511826238602422
RUV2796,0.4800056411949023
QJK7408,0.35166801933160585
JRH4838,0.316152887423005
QQX6215,0.5226853493207876
NWZ2697,0.5927945943976387
EZU1406,0.5877084565718185
ZYV2745,0.19466308946534944
SIN0801,0.6581114061297131
EJO5929,0.5549949909616226
KLU4765,0.31026000793403086
KMG1756,0.5254647742751453
XGY8792,0.5330309853295663
TZF4711,0.6049266863437123
TFO2196,0.2835792712492931
YSD2730,0.4130269270041604
UBB5348,0.12415774080924133
JKJ0093,0.2948863489604362
SOS9493,0.4354103347994207
CPV1365,0.37564072069697
BSO9027,0.713491182245729
XJA8753,0.6686664594713009
GWN9096,0.5470466594738996
MNK4884,0.6577320696355141
PRK6362,0.6202233605918059
LQN5334,0.42025121650196867
OGJ5702,0.4961818109047107
WTD5629,0.43254832674295113
DIE4208,0.5092144631956038
GNE5232,0.36734352622319577
OZH1950,0.1628863918046151
ELX6331,0.5334971450438618
NPC3191,0.2512132878596301
PAH1597,0.6817376910619457
BVJ4858,0.5344844642791867
OJP4439,0.26315058729032526
TDR3485,0.5469805636828329
AXV1661,0.38290233156707887
RGG1369,0.6582095047786881
PNI7364,0.30148634509584177
OTI7000,0.5586246865802766
XRG0070,0.27709235759353085
PIP8809,0.46948813124745786
GWY1981,0.2109088450888996
VZI6264,0.364082825547816
WVO9284,0.5267078415698537
RYX2969,0.6569552894587631
HUI0041,0.3310586789009553
REF0444,0.29668786050470985
NCF8710,0.5736940757600618
JIH5267,0.49531307807483954
SLV2360,0.6482014555441803
FCQ3915,0.3452284289319743
PYL7123,0.3670359390839335
HKH5725,0.25780099564935294
XLO3239,0.23704849477309736
OLN1336,0.2807210940093416
ECP4621,0.47740367986844195
KPS0064,0.56836946886941
CLU5954,0.3814680074204493
UNG6284,0.19212196884831054
VYF7983,0.6082549262381547
URN1834,0.6415452991025767
OCH6913,0.6922913919872211
ACR1583,0.24609623203972875
ZYQ4775,0.15456445939793892
BNU8024,0.13670888869386877
PSC4692,0.5376010416472806
MWK1300,0.6979031213474046
VTZ7837,0.37699868893021465
GVY3459,0.4424687068722574
ZXH8781,0.3206343778216948
PCN7228,0.6275921802599571
ORQ0272,0.21868191878474444
WKW0910,0.4797326878234145
IFM5092,0.428736543109743
HDJ4116,0.6443750953542964
OQB5335,0.2774127116762416
OFX7490,0.5897661835071409
OOU2927,0.5025236157905075
WLT8543,0.5526696707224338
DYZ0643,0.4259342667472224
BHE7518,0.1929435731098069
OTE8834,0.39596541980925115
JKZ8611,0.6159895484513243
DXF2796,0.3056008577858337
BKD4940,0.5968770800216726
LJO5796,0.5026233607110138
DDJ7985,0.3850077735403191
NEG4016,0.7467841859164879
MTS4859,0.2959819482109538
ZIQ3070,0.11904254784828108
MQR1484,0.5325395056659422
SPG2102,0.383528519924498
ZPG2396,0.579994717915723
BWG1095,0.5207940868848434
IRG5962,0.5006188966499519
EDN5025,0.45296833417314464
TLO0577,0.514484816199547
RJM5646,0.7484636349234987
KUP5538,0.33395396022766827
ZMH6406,0.5592718225514433
TQI4631,0.7609173319659202
VRA1232,0.25437262983235476
YHS6319,0.36549808665611033
FDR8571,0.3999518792136443
UMU7047,0.30449218518511395
FCY4622,0.6823121026952466
GMN0416,0.6219654005202442
HVO6893,0.5986073711887632
ZWR3316,0.36794964389204804
FPP0788,0.3391940573764325
SBF5209,0.40099164091124223
FCJ4472,0.4389068463788737
KMK8317,0.48659449626659734
YGK4233,0.4192770374365759
VDZ0820,0.5610962218238276
EWA2578,0.5244662002828486
API8763,0.2991295199689894
NSQ5830,0.3208711359558694
XIV6334,0.38986561317892543
RYE8536,0.523722608253431
BYZ2502,0.39570782183945685
CVW3012,0.20909497578626687
XSP9376,0.9156731823145466
DPX6274,0.726109319755062
YAV7462,0.33003865363165596
TCX1554,0.49150063360553997
OSC7642,0.1334419310039665
BZL4977,0.17124783397608143
GWJ7994,0.5615318866018664
JLQ1365,0.6098612187070351
BHN2813,0.4428350399160734
BKI1459,0.48944310183647416
WBD6906,0.3990494467745957
RNM5558,0.5258348212974397
OSX5974,0.5027256939687355
OVX5430,0.21974350238466026
IJG8643,0.6497709687744914
MER4585,0.6316165188724586
YGH0528,0.621763621579749
MXN5427,0.33034295710920114
IFD3298,0.6532806140213021
WNY9805,0.7168094823596416
NOL8760,0.3848655517767003
HRT4289,0.5416549353168544
FTM3729,0.4030918070872808
JPA1525,0.4983118365461541
AAC4913,0.5362003531681492
GTA1400,0.42739574576353223
ENL6464,0.8079030450651401
CHE9991,0.32880198122949134
XDY1278,0.5858698375550753
MVZ9561,0.31857353373100805
NGC4607,0.23393257116240196
BSB1812,0.7790047407390275
GCQ9238,0.7622336718901506
QBW1615,0.644185666921079
OJO8099,0.25214323870434163
OUX2052,0.25266194963656124
MWX6680,0.3549843130258595
AXZ0961,0.3395947050402514
XPN8077,0.5743394114978159
FZL1982,0.4748868800132571
WIC9070,0.5958201362873728
HDF3459,0.4365483287688986
NGD0004,0.3529475171096518
TGG3926,0.4332738249400389
IGK0243,0.20924903251817928
BGV2526,0.7584112214231645
BLC9364,0.4469122312493913
OFD7539,0.674054152630263
OAH1823,0.26337888196057246
NQZ4084,0.4933390627978075
IYX3416,0.3681168719420894
HDQ2252,0.5462915504142289
VBY5671,0.38844244455463056
LCW1193,0.4576324520306397
TNU8061,0.48881112883412503
LKL6935,0.3030117824667728
SUS3751,0.45515878566583645
VGW0131,0.5646666753474574
WZM8088,0.5653354572552499
MYJ2040,0.6369612589509162
KPI8713,0.7403581447803306
HAY6713,0.29242201577474475
DZA1378,0.4931140830017404
KEE7365,0.21262188481290953
OWA8647,0.4611429202645134
TUJ0235,0.670002909412021
ITC8151,0.4591511366050911
IFG6313,0.375578872781204
MOK3205,0.731866761616919
FTY6144,0.4076709221873316
KOA3700,0.7041549355989299
PYP7703,0.6111632300172736
LHC5900,0.319894521395418
JGZ2115,0.4382849183890755
UNI1663,0.21786734835908259
ZFG6509,0.32020154282497043
UNE9379,0.2676284136326548
XYH6411,0.2761070175461109
QTW5754,0.8232909996804718
FSO3694,0.6750695223465898
HOY4148,0.349317198651797
VFR5550,0.4643922073611624
RJC9683,0.4259680320403465
JMP4506,0.8614533913211815
EZN3332,0.656948719371439
ECU2366,0.5334102732150378
OQI9772,0.5490877071072421
DEG0862,0.09011908397879483
IZU0386,0.4316941216112881
TGE4171,0.37259770778770396
HGU0195,0.5837693378936539
HYW1345,0.13941949061310888
KWJ9347,0.38921033298214586
NEN7347,0.4269325972879991
FWV5794,0.5030431680823668
AME1301,0.5442795396491077
YHQ2814,0.4083301037767815
STY4964,0.23776252384875227
DRD8345,0.5965035687868444
JRK6366,0.350415505836214
NYD0866,0.569189061046513
CFQ2102,0.3035416113222744
VOS7787,0.654054903039501
ZGN3501,0.44509114404999095
VIU6738,0.37469356179303376
OEJ7985,0.2564229062996991
QVP6329,0.3743353877317045
EJE3330,0.17761746995607833
NZV9061,0.42989710778075624
KZF6644,0.5542611746993786
OCA2457,0.738469279269907
NKJ4924,0.5772571324839102
SLS1109,0.1886196311907481
BID8669,0.22835384996467203
AMX9569,0.4913757731767848
AKU8460,0.41083040405640464
RVB6841,0.7377420190732976
BJP9895,0.2582474054689635
NUI4528,0.6275225089296379
YLV9127,0.32544831765830184
NRU0188,0.39120302756990166
MSB7840,0.2808374909263347
OUZ2583,0.8591640734039575
IBB3805,0.7440975662472773
SAZ9515,0.22711108109066516
CVL2907,0.6518637337511587
QUY5674,0.48831786540156785
DGM8734,0.8329256200435652
EXD0090,0.39875142849438155
JLL6388,0.36067878447047136
XPI0088,0.7129735170792569
FFS4989,0.5544111317780314
FKX1094,0.42618831810028257
HOS1189,0.49306802365909413
DMC9213,0.32292489313920736
USS8184,0.5423438268808553
NLR9778,0.6609849194546389
UVB2218,0.325384110216357
UOY1581,0.2721318952880396
YGK7391,0.5434446668886085
EGA6066,0.43529236743756
DXI2554,0.4791061796955604
JYQ1182,0.6238840963582659
TJF7046,0.4855839169253897
HBV3751,0.45835736819742934
HIO2881,0.5044947538810532
KKW1949,0.2407920461622527
EXO5445,0.5628223299997916
SHJ8274,0.4447215502399533
PVD6218,0.43846466028817493
GBR0983,0.7439252707655766
QFH9826,0.841314894740306
NKJ6268,0.22719913969041472
LOD1596,0.2634695539313937
KZO1947,0.16081934992910205
WJY9773,0.3123134464830331
OAB1566,0.26783569049089473
ODN6043,0.33893286143390444
LQC3204,0.42131158754001746
FUG0693,0.4130701370957497
FON4316,0.3699380319072148
QRL2739,0.5792922225384076
EUV8682,0.31039993178921127
CPU0483,0.2903057450453462
DBC4185,0.32944318723991983
RHI4955,0.40365223969808556
DGP8509,0.7047129239463918
UTG5131,0.4123487985773838
ULJ6592,0.6030894822577565
BBE5979,0.6983319166929474
BBR0750,0.47464741077162176
RNF0523,0.5566669897362013
RMX0277,0.5742643477119644
FHW5229,0.6598814715034288
JAB9481,0.3352401231929687
PEX1813,0.3490173609106564
KOI3974,0.4487438512232716
TCS4563,0.5157300356634943
RBV5707,0.7435603620732402
FTH0281,0.5475442801876969
UAH5815,0.3921200440962586
EUB9838,0.5342182651182391
ZMQ2617,0.547007883067887
PXN4987,0.5979548927547432
NJW8728,0.430956584496108
NSF4229,0.318630682264271
SXU5601,0.5441692493428597
WCG5642,0.4694377416673218
IWH0066,0.28714230871887964
IZI8962,0.6914035247280815
ZXI3114,0.7082774683309849
TRH0877,0.35503433037333926
DWS1156,0.2912283832201222
BNU5172,0.33209584991667257
HSW5481,0.34143939495630143
KWN7089,0.5042956954501863
LFF8505,0.6019868644273566
GVX5582,0.4948357346671355
VDU0832,0.4955936356810353
VIJ4798,0.48448429657675424
YMM0458,0.2913872627148501
OGB3564,0.365118504532993
MEQ6866,0.6465522712327888
AOE6958,0.3620135259811916
VEK5561,0.24583881409163597
WLL6206,0.6212719090142933
LNR3498,0.2957458175428519
YPZ7612,0.6988468558176567
GCX1531,0.6250359952679176
TXA7847,0.5276433139271665
FJZ0116,0.551855789256044
LJZ2683,0.486675591726823
EIM7860,0.3318005882476424
AUU3823,0.5741908996228768
CHX4581,0.6835722719805444
YRD0437,0.37868495015437215
DAB0671,0.5197384963664686
XDO5057,0.46600324324008685
ZKW5475,0.5574743898167475
CGO7243,0.43804323811452306
EWZ2252,0.6084471085938159
BWC2297,0.4160531733596015
HVF8197,0.41272546824823164
AYH9061,0.6075256792329895
AME3933,0.1766456639926974
XNC2032,0.22692617544438615
VTH8783,0.32033695912804794
XCY4881,0.3804386468366339
GSJ8580,0.34546535172414583
WQQ5955,0.5920822411922624
OMK1405,0.7191879526644074
APA3758,0.29282968406030013
LMZ3692,0.6440438332727565
CBX0707,0.33029400413294674
HUD3876,0.26064753048875783
FRU5905,0.4435811187276569
PMS6526,0.7862360923791226
ZXJ7471,0.49619128178460686
ZBY6746,0.6595026779837243
NJT9868,0.7437099895594308
UVY0564,0.20700223946738866
SKW1143,0.3999625629035939
ABG2525,0.4115176786778606
UFU8390,0.6598187161612884
NGT9960,0.5699781095280566
ZRY4907,0.5492201957961813
BGA9143,0.3624871328846454
SBI9198,0.40357240634025154
TPZ2821,0.3523897865108237
ZHI2106,0.47121502171843477
GJS5356,0.7020475197334141
SAR1513,0.49504303975422953
CWB9113,0.5410830090391916
XEL8841,0.36997839945499383
ERY3718,0.2721436514138936
RJE5240,0.17336755949101182
QJG6699,0.561444414924338
RGX4351,0.6144277200812682
KOQ1552,0.6265797240852323
DFX2670,0.25086590171900447
UTW6638,0.5168606760641414
PBX0575,0.5869997576069983
DJU8355,0.27043134544555925
OBM5317,0.7399022477981656
UHI0457,0.31775234495677634
CWC8353,0.6608287704672813
GTN3770,0.4106410985189582
PWP6352,0.44349548205972267
BVD4367,0.23440691825514823
EZU7351,0.5605861145458819
LMC8257,0.7075110030924414
WXD5973,0.5674216240902342
BQS8990,0.4344051953070753
LZL3343,0.36888027254438527
SMQ1462,0.5033344003958631
TFY5736,0.4858850135661378
NEW9673,0.4838624546938234
WTI0208,0.7290886148812143
GOL9753,0.6425778828274832
HRK1159,0.516897484392591
QEK9330,0.46206696427862604
RXH2280,0.3697200755645381
ZFI2141,0.5394229467498067
FBP4085,0.584359070361238
LRW6457,0.25733645914780107
MSA7617,0.22107030407435507
HXJ0847,0.35586489855464865
FNI8232,0.22763676236467362
LRM8286,0.6200053184737258
PFV9823,0.16949986697432812
JCE3764,0.6732575975565328
ZHX8548,0.5500610156579034
QFC8467,0.48020271521826724
VNH7366,0.6332897974386982
DGR6762,0.3272340899285624
CQO4483,0.3539556964216005
JRA4800,0.569568774267514
VEL6171,0.5505146101968007
ILO6000,0.5587281523111876
UGZ3030,0.4548530739261348
BSB4917,0.3653634205827442
THD2413,0.5014767710602149
CED2110,0.5568687555584636
LOR3260,0.2717481259331312
SIO5381,0.5712118420445852
AOZ0664,0.17598939828925286
VHR7684,0.10572619188712189
TFV5435,0.6060262380894637
VNV6240,0.6799571655325085
VJM9383,0.2209650949739915
EKP3156,0.47110986168080826
CKL4208,0.7832460093498174
QMQ2073,0.17563619806631625
ODP4214,0.5855135134363636
EMQ4270,0.7178603703588947
NCO2846,0.8283875511545249
ZKW4912,0.589223852300795
FSY0685,0.4092490964451026
PMV3303,0.6527206523368244
MHM7359,0.305213631041795
AMU5446,0.7145047620991082
VOP0406,0.28657782734469495
XWN2574,0.1474427762310616
USF3234,0.3360924623743802
BWZ8496,0.7190917712423327
RGY4012,0.23589869321908075
YQH6242,0.6117104086221549
NXM9286,0.5988292328007382
VPK3577,0.42664156537815767
ANQ2382,0.5853934957312686
CXF3459,0.4311137444175272
YYD2813,0.38547824569030076
DSE7516,0.2953110044288493
BIJ6208,0.523505300446229
HKR9614,0.7702338128918389
MBY2881,0.34386170804452837
RNM1234,0.23677859077052757
CVF5149,0.7444619267008497
DQT9935,0.6149536909800153
UXD3629,0.16492166160905014
ZPM2559,0.41643050956502037
SUF0190,0.4504000968238852
UQC7394,0.6811159517705778
MLL2713,0.2609621526727694
MVW1001,0.3421000306832902
ZOL0937,0.4207820731631103
ERS5113,0.3337824492166363
OIQ3452,0.7066304543855195
KFJ9679,0.22690452304288888
UOI3318,0.6584882233485834
TIL3217,0.5854179955878499
LIT9079,0.6924154889453104
MGN3958,0.46147321779374534
UJS5723,0.34065688418930024
NFP4748,0.5317365164415553
SBB7768,0.6198980555983478
NBT7826,0.559173664730117
XTT9899,0.5926467732027935
DHM3901,0.6373798186186563
UBU1016,0.6367898843700653
QEO5046,0.537828020509163
YQK8315,0.35118281499177195
JEM8731,0.6949802291591426
TJP5066,0.49710857221257476
ZJU7735,0.15975257310546948
SDI6080,0.6470233269620469
CZV3482,0.7412318145872352
PQX5630,0.613056928556046
NKZ0214,0.443163936776513
HLX7206,0.42256907713380676
YZX8841,0.18974528712600047
ECQ2509,0.6381284342521143
MYL9728,0.601762754583883
XAQ8230,0.3667783872204167
RKG9466,0.7615706239043356
GFM9961,0.44127272678510576
ECR8128,0.11325439469955474
UUR4860,0.36426355635159563
XFW2308,0.25501978837746814
EGP4520,0.47772923528352934
KCR3281,0.5694168207086199
LBZ5822,0.25220494874197286
MSP5345,0.3675805283863908
UZX5829,0.5114334789416946
VLK8520,0.6800493424305817
UFA7337,0.3207897739217276
NZL9708,0.5149473526251634
NPS8684,0.5342933391751797
DAB4074,0.4704811399489499
KHQ2631,0.2746869843130773
LYE7723,0.5177327495637133
IGH2607,0.8363993343853896
TAI1258,0.6176152371638461
BOM8677,0.37820350021216037
RIA2278,0.48689650808824614
MCP2020,0.3446777013476199
DMU7521,0.4043478597470673
OAN2005,0.2775608502362291
QNX1018,0.10550838532470519
PIP0182,0.44065700372989675
GFF0570,0.15665995249032522
YXA8986,0.18847418677242453
JLU8438,0.4502803212254413
ZYW9004,0.39471585881595267
NFM3278,0.40948655583735094
KIU5533,0.5088603185557486
FBW2168,0.43404959585105607
NPG4374,0.20959707109078998
FJL3478,0.2570585803221788
CFC6920,0.46847285880394807
YLG9645,0.5430206864288616
HQA1719,0.24759402550737566
AWQ8996,0.2675032227748243
ZXA8304,0.43208689395328825
UYR1714,0.5716441137112586
IWS8403,0.4230140873146848
BGN8123,0.5781407569080486
JQP2398,0.3803038984668238
XBS8326,0.3065654836093355
FNI7163,0.5887484562073374
SOP6458,0.3680938685165034
PIF5803,0.4424885839399069
MKD6010,0.43019840170208523
FMP7211,0.4734905590055921
VHF3016,0.19217794496218518
IWS3982,0.4588979684211157
TQQ4585,0.36764908110203165
ADE5557,0.29166961551548976
EGQ3082,0.5251061694748905
HQD0501,0.45227857714970976
KMK3923,0.5509890308620166
DAH8950,0.3337634792151308
CYI7850,0.5153995197957015
LKI8677,0.3733571307835478
WPJ1514,0.5261833561923718
SFZ0122,0.3697313276300648
FHA4722,0.29157488615873717
WNY7098,0.5776530201178351
UEP3307,0.4605951647502325
GAJ4574,0.12906631961465528
KYG4754,0.608321190144624
BCY3028,0.4891461190385645
LFF1558,0.3328488900486058
YBS7007,0.4729847416366127
NKO2158,0.7101928218796004
SPX9613,0.18389910919152763
NON7604,0.6523338573090726
FFN7247,0.5201290271809522
SQG1697,0.5176278906393581
YDA3984,0.2537192298438574
DFB8435,0.4734051946987006
VYJ0443,0.28325463537955753
VCP7262,0.6998267308672961
WRN3435,0.48090126579303055
BTT2446,0.4446470488880922
LAH5377,0.43374833429434123
HSW3806,0.511746166868777
HRO1928,0.46258090401135277
XLU8146,0.34568351960826954
SIN1614,0.536299972031571
BLN1988,0.3864863743767628
XHK7418,0.3114276346889483
ZCA7979,0.34368868700250327
XLB2047,0.47826429060085607
QAU3695,0.4272104880608375
GOG3970,0.5241460191179752
ISN5239,0.2738328659456797
CPU1536,0.6943584652500749
MKX9001,0.3840954441131817
KOR9892,0.37436964077690366
NLU9073,0.514919236227674
KIU5875,0.34441930869377
WDP5238,0.701511976652691
UDM5755,0.6100234017285151
GUK5794,0.29780687922795035
FYM8868,0.29149698021533926
BHK2487,0.5695062388425574
ZRG1286,0.7787407309593175
XUH3076,0.47969824222376406
UUM2341,0.8386759533105129
ZJX6721,0.5361951638956476
SXV7548,0.591362315882456
ETL5828,0.3988920204887619
YBV0249,0.7040064983594768
YWV0248,0.6722231631320779
LHV5651,0.47838756156424095
PIJ2107,0.37381799705446606
BAZ2922,0.4396927266348047
BFN7414,0.13644917352137337
LCJ4382,0.3954652890291882
MSZ7963,0.8394177465841963
LLQ7511,0.5212091431604013
EZQ8929,0.395545109010699
EYW3271,0.5014069891610138
LUR2550,0.7044795461580932
KWV5171,0.4029206267911252
BJP6002,0.5948615448137387
GAZ6352,0.47284168519844383
NOE5899,0.3851416268704622
GSO6330,0.29502249575349837
DAH7009,0.6355437066069912
SLF0607,0.5528268239368842
PSS4938,0.5324329692198501
YGX9689,0.39546855920342094
BYQ1680,0.662258403991924
NSD5065,0.6900566908248573
SBI5104,0.13720522969840096
URW5994,0.5345639444379408
LPU4091,0.4904622731959614
UVH6494,0.5249954196688744
OIA6408,0.5398756156309724
KJF9569,0.43891933896973656
XSB8188,0.7318451222610616
KPN3155,0.5198261728447782
FSZ2003,0.6585917977049955
ESE6389,0.4312824623807743
EQS2051,0.418759821179504
JXM7806,0.6008672423096789
FAG4187,0.20843464934916364
PSW9861,0.33751728589685576
ZZA4074,0.28664240981379857
HAU2809,0.7248065568136447
VPW4006,0.5278219213711374
GEK2385,0.5714125522647526
PSK0074,0.38826233997924514
JDP9071,0.5897959794012778
BJT2367,0.619392118396989
WZL3394,0.195972784788083
YMZ2832,0.2941284085835834
CAV4415,0.2825010915910118
IWC6782,0.6315504420881132
FYS1072,0.5714889293976918
BKO8859,0.3913348166018447
XPA1096,0.19790773143885004
UTK9333,0.16565231459726001
JUH0752,0.6207955350876415
CWE4540,0.6086592405300177
GTT5772,0.4975848209030427
NMS7261,0.4618634093582406
NFC6092,0.6865214569294993
SGY9017,0.3383609307245069
IQE8101,0.5843332024760359
SCV6718,0.6989552942410372
CHG1677,0.360916185593488
FXY2129,0.1476624228935116
GDF6179,0.7401417754277962
VLB7065,0.645801954037447
HUT0035,0.6513704202573536
CQT4321,0.4360854517849899
EJC5633,0.45749492056103414
XFS1411,0.2756002583355858
SZP6865,0.6159973645219688
PRT5108,0.36440627483728505
MFG7332,0.760519699245043
IES6695,0.2242904933049839
BGF6096,0.4157326116157667
KMX2095,0.5472772359716286
BXV0396,0.5991859006301848
AAS7113,0.44783111979083506
LXU4185,0.36180933111888874
AMZ2875,0.38499525552258956
VTO9083,0.519567563235238
OYV2826,0.31794184750308047
RVB3422,0.4419862377771587
VQL8869,0.42246667191830295
FHI3975,0.5450993186485888
MRT5122,0.6492808164135631
NZT2696,0.5882624294846398
UJV3086,0.4437699194289038
MWX2959,0.7128555550171934
JRH4241,0.636809016297605
WDY5282,0.6486148466815256
PFI9861,0.37526155707964975
NLH1159,0.3988929105810335
UMO9863,0.5532236791681866
WUA2558,0.19196526726124752
BOV2617,0.5086941081645202
HUF8662,0.5889023975780873
ZGV6167,0.7740290935166649
FJI7768,0.5413434533659731
NYX8294,0.43593933663450096
WCS2391,0.42879594172620566
YXT8825,0.415258035606906
UYD1555,0.6329444961974164
KDE4661,0.3162861066095523
LFW3799,0.26808326547233585
BOI3325,0.3754516299374309
JBD3230,0.5485630565661935
XOO2590,0.7031299625593908
VPY3256,0.5160053690892786
FWK6396,0.5283812745468194
AAQ3587,0.3561797506803147
USX9973,0.3294536348454072
ZFQ2099,0.6664346367620573
NSP0769,0.31344755705429117
VZW2794,0.43694466475702176
FPQ9097,0.2994532563234586
FKC0825,0.3681782741422529
RNJ6469,0.18710555982326896
FHX5987,0.5772798806599558
VKA7541,0.5131428120346546
ENB5449,0.6761004601943184
PAY7678,0.39189545620809463
KZS3695,0.21017241637291423
WNU0768,0.4664728046466013
TJL7779,0.3643135230939523
HUU6061,0.8067691039933952
GIA7202,0.3129599124002786
JWY3275,0.7323275200011381
LRR3413,0.12806529660464308
PSO2484,0.8380819798950068
AMN4190,0.4239783605384932
CMM7729,0.4468500413047231
WMY3696,0.20658935334883147
VDS7382,0.3265133605724512
JCU7529,0.37448297529786667
NDV4582,0.26964756891074626
ATG3843,0.5791051519356385
BVB6806,0.5987463730715928
OVJ7342,0.5211549093328387
EWF4593,0.4211382998333992
VCY9319,0.2535901037820853
JYE6112,0.607769253957153
XJZ7853,0.27061680663755283
ICI4338,0.33377506316010125
XMZ0098,0.7462339221749918
GEE3464,0.38567379702723936
WYH5383,0.16341816758666539
IOA7460,0.5540024626804984
BGH0751,0.24859569984444793
BZZ8446,0.5793757028095262
UAL3684,0.2977555930215296
DBG4584,0.4436975968619861
BNH6408,0.20278796086826925
ZIQ5333,0.6190555699191894
IVJ7741,0.6777608148131509
NTP5344,0.4504050332038929
GVG0103,0.41813533767160016
YJM9336,0.37311967963938725
QFS7363,0.26173662364852235
PDI2374,0.6425146764636159
KXT0789,0.33545592708470945
QFP8139,0.19886380979942667
PUN5266,0.42816475649856944
SVH2177,0.41337740578394755
YJR6111,0.41420365394950265
DSS7133,0.5493975415819287
NCL7062,0.32267129135519423
AJU0855,0.42680113538325987
XPK4890,0.6459820701988104
WIZ9924,0.4167274742575662
MGV2706,0.7900342276695814
WFZ7199,0.688654787713046
DWL8248,0.35337906296362387
LAN6798,0.5464486289350735
PFP3113,0.65262056082637
UXE5171,0.4282866226936242
BWO7771,0.7413098411118604
BCK9106,0.6222116928899359
KFE5862,0.575582240491364
OSV8609,0.6072983131866186
GBW7920,0.7417445384032351
LKC5945,0.7197283357016998
UGZ4314,0.0910145737871046
JWR3503,0.18419488090075412
JQG1138,0.5008438257816281
DVR8493,0.46351733542558066
JOT3091,0.6478635798754391
QUF3899,0.7485309289467152
ISF5324,0.3699777957671505
MEC7902,0.4075472517976524
JXL4357,0.3857335923161451
LLR5129,0.3172629237792108
LLX6667,0.5414765821959596
WTI7122,0.49284681779707223
PYY3836,0.2564518112733116
CWM5708,0.5563216695209975
ZWD0729,0.5603692671309736
AWZ1380,0.4878480756076203
YUY9265,0.5755521958329326
ZOP8692,0.3269779127382457
LTZ6008,0.38293065804449683
IBA5631,0.686943492569593
GEO1078,0.36206486879188743
MTP5467,0.22459404543731756
KFZ7463,0.33253411491292323
ULX1591,0.6356566988487145
IGH0605,0.35565175973089497
QMP2561,0.3131485810142037
OPY8179,0.7981771830674955
ONI1797,0.46542553831088385
DRK4458,0.2730761304419841
OEJ7372,0.4921849407047605
GOS8120,0.3548201300118419
WPR9475,0.7048826322376456
TQS9197,0.5937360157455792
KZV0779,0.2862234651093066
HYL5313,0.2953971224072838
ISD8532,0.7285758377789043
XWV4369,0.7126127170733969
YBN0441,0.5927285731533497
XJM7641,0.1326883812607572
UOL9545,0.2761935211777331
GTK2540,0.6568623849731179
OIV8849,0.2812028713315584
VEL5401,0.5122710478712762
VON6500,0.7485066833280488
QXN3582,0.43690314249075807
KCS2600,0.25773077608557077
LNL3239,0.21220983988127765
ANZ7871,0.7243073246144119
TXH4345,0.186847109849059
IGO7620,0.7256265310046606
YUW2965,0.6725359455438307
RUS8416,0.18583575138928735
DHZ2877,0.7870061552431079
CGE1904,0.36382550443723805
DJA6086,0.5190711872508592
JVF2534,0.6508657196162503
MDR1905,0.6856228472823653
FDM8444,0.32704487836984697
MYR9045,0.8625096301659554
CHH7599,0.2720334761357
YKM3043,0.27839681962473317
PCX2311,0.4226542115950573
BPP3429,0.45225314082310747
XLF7396,0.6968107351379517
QVD6861,0.4945269770012635
EAC9541,0.39498795968475814
JNY0669,0.8038883493141936
CMY7360,0.44240190035787164
RTG5042,0.72350253038548
VPT3891,0.2351454995357514
WPR3809,0.6153225738886274
EZG4620,0.5015527558133666
PVO0967,0.6326986332950392
APS3407,0.2078566507885058
EXM6711,0.4999683810183144
ASQ3605,0.49464496774013417
EMZ9496,0.3478302133164206
PRQ5952,0.7678933394241964
CSV0355,0.2110935597115156
OWR0811,0.30333423977312063
STE2994,0.49900906034602305
UCX8064,0.24902091334824702
AEO9747,0.41185825927761355
NHE1342,0.4428518760688281
FIM2448,0.2673464325555894
VVI2122,0.3887219527251398
CHU5307,0.2983380558646884
VGS2219,0.6391431410719862
SKG5089,0.4368282106514038
QZX0534,0.33081989942541645
KVW4203,0.4182824444243322
BTY4771,0.5339565880113166
VWD3593,0.6702810919496787
EGA7849,0.3859395143370163
NSO0204,0.4013604162229072
BII3399,0.45197468402343266
DIK3381,0.5336766368903612
ZAD0002,0.37248616331727863
FZR0923,0.20777417767954998
KFJ7839,0.43325617999318
FDW9073,0.5379372122490567
CDA5025,0.6502423817718951
ZNO3134,0.5453939926646127
UJR5843,0.6692499254758384
BAY7500,0.5975899399607487
LBK4717,0.6376707441617212
JPW6842,0.8200435177537718
UTN7073,0.30358509069761713
PLA9363,0.40819770790789894
BHU8373,0.6534110897331945
VEL7874,0.5287186607420123
OWV4701,0.6601875114219095
YGU1647,0.41242619955200854
DPR2681,0.37805567069537477
AHG3945,0.3492001782481747
HBA6797,0.49915586731451717
LIR6551,0.37654859417788017
QQA3477,0.42987385590795996
RLK8064,0.3522066817351297
FZE9803,0.2931159611362573
XHC4412,0.5686488077219765
KIC5437,0.7000210277779401
UJK6515,0.38030623583781686
WRR8006,0.49793600273672445
LIH6194,0.5238294170915868
HOM9326,0.40847114658691697
RVL6761,0.418333013356793
OYJ9371,0.4894024097869107
PAS8310,0.606628845190606
LWP0450,0.5465637725227962
QCO7801,0.5470600610317421
VPB2229,0.24284239531405544
SFD0686,0.7064499179878487
PBN6180,0.4721080013701808
OFV4378,0.858244903213149
RJG6648,0.40192830403487206
TJG3580,0.4274995971620118
JMD7331,0.6956946051441355
ZVK6303,0.359899501243811
GXN7069,0.4643296300584468
MVH2014,0.7815380261732081
DYT8927,0.569284004862611
NBL0712,0.9123032455702522
GYO0155,0.4831398547811019
IAC9902,0.10630718460884843
DCT4033,0.7726620061319385
QWI7337,0.39750313516577607
TPQ6194,0.512898107900546
CXL1729,0.36819169948735964
TQQ5065,0.14981551048476008
ORZ3223,0.4147737722143164
ZJT2723,0.24745788481574493
GJX5455,0.12397788950137874
GAJ3499,0.363273348891289
QJA2746,0.5973200768430887
IPN4571,0.5267468503914726
THG8073,0.38560065745160144
UPD6273,0.39707204532336826
JYL9827,0.4822898145995634
UQX7522,0.40477809474931453
RJE7226,0.636132713629981
PXO0226,0.5550477886197243
RVA5201,0.5399180725723141
AEV1617,0.5221384819924897
QCA6988,0.6067480423441092
BUP5917,0.40459276434299485
EUC7877,0.2303145002862132
LMA1495,0.5123769077331849
DMS1343,0.27732695499716326
BEY3736,0.574727546152302
REI3559,0.4454595760719754
VFR8526,0.5880522618839754
DXP3708,0.2764554682081399
CYB7594,0.5278835147477143
ZKB0497,0.4699058942079962
BXD9603,0.4242481646301587
TBV3936,0.7105068725406053
MEK8872,0.5695162549009023
AXR8386,0.3961849710136815
HBK0550,0.1936568348931046
MYM7993,0.15808255159825785
BFP0803,0.5577096920240955
OHY6574,0.3053539950367882
XVS7344,0.4676844296636579
FWE2319,0.592771243860486
GGE4068,0.47628513403267364
SFQ5356,0.41117047894209646
IUR5201,0.34492344972550276
HIZ5925,0.45827421453738815
FLM9708,0.6144025511168212
LCR3080,0.5614408566962421
LFV7294,0.3022669904516167
GTV8967,0.3826147617030236
XIW4088,0.7157658861298412
PDB5618,0.5590107224128391
IKW5382,0.31634813901304276
QSW5028,0.3542116849739822
PQK1609,0.41211725359294643
KFA3706,0.46239720827527314
ROG5869,0.346789660852522
IZB7057,0.6411527862702746
UGT0576,0.45566763343005384
IKE6341,0.3508621088255469
WFD0657,0.3414653579810675
NRR3437,0.15821538158579937
PON1393,0.6853277485914198
IKG9157,0.44570583518353313
STA4873,0.39350705413205
FGT3217,0.4025999275060094
DPJ2630,0.3574009710156504
XKR2285,0.3909607572743408
TGU4244,0.25505618142957753
WXE0371,0.8245856137625658
SKV1611,0.5602705329964371
WEM7796,0.27361712234715485
HKF5825,0.30143606465940986
MMB8694,0.33788031811642544
YSC5977,0.48930697734101425
ALD0226,0.49039056103502315
RUJ1149,0.6932462480264044
BIT9596,0.4527300504066548
QDY5235,0.4423893714060336
OBF2010,0.476558518312093
DNI4141,0.3478959653291667
FIO3277,0.3676519686745913
EBU9897,0.42029280060589985
JBB1038,0.679085536464684
HOK8117,0.5035546126043554
ATI2837,0.5589645276719393
WJN7406,0.22857997998926113
TBD3532,0.7543078154103598
NIP9564,0.8412948430448312
JFT7708,0.4425849962911632
JCX3888,0.7004689432454173
ZJT7098,0.6738733980330549
HMK4154,0.4917890117203584
UAO0030,0.27793322251562746
VUF9010,0.4513548123362682
DWT8749,0.657951562158484
IZG9580,0.38754181625561307
NAV6508,0.304340318210839
PVN0440,0.7503063556290994
RBV2680,0.8279859994896318
KIO7475,0.21055849993029083
QIK9112,0.3682480969861969
YNP7424,0.33874229866798927
LNP2526,0.7693058205771544
JSS7069,0.6102429288549822
BOF6549,0.3390245600804658
ACZ8821,0.45437902825439164
BDE3165,0.7140603891711302
MHK2146,0.611667618953761
CFC1014,0.7072560586184901
NVF3938,0.49058091914143326
BKE1559,0.3330560795801491
XZY2744,0.2755103475766614
WIA5017,0.6717449302483602
ZIX2511,0.5456597044221893
WGU1584,0.4287198424870664
HMQ7762,0.5727270764521193
DZA1512,0.326001885679805
BZT6517,0.7746984245033417
LDX9294,0.3072217456152239
AVJ1407,0.6868438737254773
LVY1540,0.2193494364345273
OAQ8445,0.5873694146066373
IER3992,0.4122218236699235
GSH7565,0.23427165962329002
MZL1445,0.5286428505414574
UTR9251,0.3158925444023406
CWQ8289,0.6608582826271218
PKY0579,0.40408830561153536
BBG2676,0.3358058037150532
FJE1300,0.49215289665722245
SVU4532,0.14757265152367569
HLR5621,0.3294219143315389
ZKG2634,0.4283162337896668
EMJ4291,0.49106272667435186
KTM9004,0.4153206622870866
FEQ8164,0.48047909190462457
ZXH0943,0.3797284291243496
TYU9186,0.44969980845728635
EEB0624,0.7738232949296956
LWQ9693,0.270054938307097
AYO6751,0.47235084276561945
MEM7039,0.6906970985877575
XCJ2719,0.3674401390199658
VBI9490,0.5314097285709999
JPN6438,0.45338308750375633
YOP4022,0.28239911597936485
WIE1670,0.32720767191411776
ZZG1279,0.4755516193609991
IBY4892,0.5063237989065902
VRH3683,0.42470325426041855
KTV1619,0.3268940496528759
GQB7094,0.5931384236378172
YCU3371,0.386684483800807
DTP4491,0.48308703993683044
WIV9796,0.40838470744758715
MJI5663,0.44841475363452044
WCR3433,0.546266276805401
VYN4221,0.3248897007280389
HVJ2795,0.6324607291570848
WTT4377,0.21919549781164574
LDS2388,0.15067541476195223
UTE4496,0.3617955190110562
VJY4583,0.5752738681247441
LSA7964,0.6698575057725357
BZV3649,0.3622752495972182
LWS1272,0.48203878494540575
VLH0947,0.3363326047624431
ZVO2998,0.235355592589812
PBJ7693,0.783192644649111
KQH2058,0.3998719106449546
ITP6992,0.6901140862584696
WKQ2030,0.42356205858631174
TKJ4454,0.28477286217340214
MCT7093,0.33075751392542785
LQQ6326,0.7466699206728092
RKB6395,0.2176743513865002
ZAH9261,0.5346858102051553
GZI1127,0.2473852951879826
CVV6331,0.6674141138237268
XQA2811,0.5084830996357325
SYI6054,0.6688191241747603
AMY0655,0.19750419248123913
HZK4281,0.18810447352527848
WNT8145,0.340065906114069
CCX6236,0.733279631899343
OAE2016,0.22386905205679974
HHZ0542,0.367852962487394
DZV5764,0.45114510649033895
WXR4271,0.28626861306998935
NJL1519,0.5936989236980236
ZBX8960,0.32884429784116176
TCO1239,0.8062107325799552
IZE0277,0.5081739839015117
WXK9583,0.4176634677935158
FBE6451,0.5666325813703947
FTX0418,0.3756616125961633
UVJ1190,0.6018617106259638
ZQD5170,0.30865807534717526
MMG0954,0.22487180639623652
QTH7652,0.4887919149473383
EPL8454,0.6980626030516481
ECP8252,0.7271581673389715
ZAU0784,0.7915179992089899
ECW3835,0.6577788030872973
CMS0318,0.6539084855372226
WLW5649,0.3134048975272389
JHX5386,0.570426579428328
PCH3333,0.5921371645047505
CJD4090,0.32739556381244683
ZHQ5954,0.6491345690347289
TFC5723,0.5242497409776592
WRQ7331,0.44391712551312335
KAN4912,0.2740070082115091
EPD8279,0.44764704914345527
PDC5099,0.632453781300671
DPY3938,0.3973496193924202
UDO2330,0.386116868672384
WKK8778,0.4156277117964624
KJM7083,0.4890874905325476
DCA2616,0.36470581024087084
XEH0275,0.2632007617587144
BVJ8088,0.4748227870315498
ZAQ8758,0.36454372813902175
HRF6526,0.592483206133054
QQJ4189,0.8214196725129066
ABK5848,0.7288213382889287
OEH5253,0.719282328305648
FOT2445,0.6138339390223603
UXU8867,0.2969726921034966
HUX7982,0.5207467928514607
SMV5436,0.721803611580983
FBQ4481,0.2343654126384641
IUV9080,0.16558662450991068
LRN0740,0.5052183082895053
CBT9092,0.5965077237181826
CQG4678,0.44554954458535406
JGQ8837,0.19669889440644858
RSE5980,0.37221425537174835
WSZ8728,0.46079736386847653
SAD7889,0.7551295444225916
DPH0398,0.7812444923971072
UQR7067,0.2828505232665426
UUY9624,0.7884994629192071
PVA1710,0.8014947281525385
BOT5603,0.4702995833664732
LWY7653,0.3720233266148859
YDH2973,0.45863121343896285
MEE9924,0.5656811367665586
DFH2841,0.5257163913919921
JHI3131,0.4140115368385822
AGP6903,0.3878138501981139
RSK5328,0.3863454373659882
VWE4596,0.3745458129840708
EVB4879,0.3332448116588063
QHA7457,0.7248832665948893
BTH4717,0.6965124251835348
ZYR3814,0.41885437316320057
IHS6850,0.7009837685275063
EBB5326,0.3349771081231356
UOC8757,0.4823845691190664
VGX1724,0.46106869043400966
ZZW2620,0.3635223860857138
WGP0738,0.3649352902082407
NDT9688,0.4501361405931765
RDG5759,0.132015546401041
MBZ3219,0.5460218122158984
VOA2778,0.2820950569686387
TER1659,0.4011979533208242
CPG1677,0.37669766314974934
MTD7705,0.5781943359761165
TXG5920,0.49602005833342155
MYX1390,0.525928995176854
XMW2906,0.5144939487714177
NVX6011,0.3552122801257218
LYR1389,0.4897015936185079
ZQS9453,0.5182914723042512
KVY6771,0.3523466088838683
JQP6097,0.37799589219075175
ADB1236,0.37572299274878534
FAA0655,0.3692199678130293
RUP3785,0.4704072040963367
VTO4977,0.37376597017539953
OWY9257,0.41890335252586064
INZ9599,0.3489320555853669
UYV9434,0.36185177391861334
QCN3988,0.6171970586460855
AIJ4474,0.3063503540190607
GMF6125,0.5732832480544318
RWZ2877,0.5615082980316881
CVR4043,0.3891017068550602
RZY7054,0.4150893886187335
QPL5273,0.5574195634965141
KKO1796,0.78565321134363
DHQ9595,0.7156181401515
OUT6240,0.2073178078020196
LIR4665,0.39916102206117143
VBS5912,0.3785357467651036
IEK4502,0.3081973294903499
FYA8853,0.6258099752958666
FOH4659,0.7835884802516725
XNC2504,0.35701123153491743
SHN6071,0.6539373052837794
FPE9638,0.1860533568053961
MIQ2318,0.38641285790158564
NKE5145,0.5598910795034501
BNP0383,0.22385467296537098
OXQ4019,0.5246463969624667
QLG7535,0.28600061631014845
NFG2213,0.3872985513976051
EWY0202,0.6139547905627704
LXZ6473,0.6546460597119879
XLJ8555,0.6664650307467802
EIU1933,0.5768307473773253
YGT7289,0.530158582385115
YNB7874,0.4941425758992513
NTW5371,0.3067765542990867
VSN3165,0.45059610589541294
BCO5595,0.7715020552794086
NZB4891,0.5679612299266347
UTK5485,0.587951059080026
SZO8539,0.216256930896126
DEP0199,0.5591041504837787
ULJ4832,0.4442746268751897
NLA4883,0.4374652896950245
ISZ1044,0.3818727137044285
VOD3596,0.49287361071599545
PNU9920,0.17562175969037733
VBP9681,0.5954678729957804
UFA6698,0.3144579834495712
IJP9499,0.28539938332540266
FDY6857,0.300356270347609
LSM4366,0.29605706672201276
BSH4545,0.3323595933881702
VNF0492,0.4620738957408358
NRN3248,0.660234334905682
CFL2795,0.42138708650023987
UPY6262,0.6843381752748839
JWA5753,0.7211826237902934
YSL7643,0.37030814637561055
IJE2413,0.6038431842732845
HMG6508,0.5699863080796198
OND1652,0.6026536232011206
RCD9204,0.5631481479911069
CVX3958,0.47981298881317275
SUD2927,0.4812179404407097
ECC5428,0.2964932339149705
VVF6053,0.6676734085554572
ZUW8629,0.4162869615965998
QCW0913,0.48234887992297776
UCQ2988,0.33587619772411764
VTI1308,0.3751985193653239
YPL6010,0.5342223729433629
FQY4754,0.6771599561457328
IMB0115,0.5826308999012444
TGG0560,0.47853882137576703
LOW8153,0.7323118611556542
PMQ6674,0.5562613973187505
ZFY4122,0.3578816780169155
GDB4295,0.43019604385629884
IXI1781,0.3810791351101299
VJW0795,0.5847882715415701
VBO9417,0.6378372051452155
NBE9866,0.19963523288000717
VGC0338,0.4497167214613403
JMS7867,0.30461809342824037
CSE8479,0.3193225548346745
BPR3060,0.8119881812214274
SWM8178,0.6469089892248117
ZAW6991,0.25638401596134475
GZW7919,0.4548176271955135
QLK2483,0.55036651732775
FBN7235,0.49687694250171155
DPI4700,0.5339881399175418
JML5008,0.5487233610062753
EWV8051,0.5938077923842106
NAY8513,0.4302539881923003
GKN9646,0.4483739917484191
IQF6763,0.1326826797963427
QLJ2322,0.3642069674137168
EGR2384,0.32599985728132197
LDI6232,0.8836729792055055
IXP9686,0.18543290805405194
WIS5869,0.7577818241300931
QPG4120,0.6790545191586869
ZFO1888,0.4828016008097868
GJX9033,0.24046259329148295
HZG9332,0.3589659287529399
RIV1782,0.38131168147767835
ORG0034,0.42668856749871753
MBO0090,0.6191261448972513
JCK6531,0.1648527388451767
VYQ0919,0.6896977266662925
TOC5703,0.2377886531491503
CHD7768,0.6222520250590347
TZO3960,0.2513846267412936
KYP2401,0.10839611412637913
GTU1888,0.7283140633203359
LVV0631,0.5168664701880513
NXY1801,0.4399053836665763
LDF0276,0.8368828389331407
QCD5470,0.7202752626096792
XGA1603,0.3853943766002904
BKD5139,0.5880218569325383
RIV7224,0.6845630996655571
HAC3956,0.6733988861330096
CIX5564,0.6788539662325825
POL3249,0.7456620945942596
NVJ1952,0.5714272968629589
LJP8831,0.5837964845444097
CMR3851,0.43580541164183273
BOL6020,0.7739894256494135
QOT7252,0.4089690623075144
SET4895,0.7225913878355553
AOM9004,0.16241833427891175
WRL8060,0.49717984357562706
YRI9524,0.29832722834382797
LRB8922,0.5375174585212236
NCP8644,0.46787282315623874
WTS4018,0.308055067756507
DTI7426,0.4423040115661281
ZGR0098,0.37284113436450006
SAD4571,0.30025887452084665
KEF3478,0.5896294430186144
KVP4733,0.542739824893493
TQW7158,0.4952648757280745
VBW5493,0.5349012962254748
MPB0399,0.21940118851028698
BYK7045,0.4165421155823081
EZV1040,0.28857537926098953
LIX4967,0.4111954674724888
YPX9462,0.8131229502708375
GUC7779,0.5400732292424101
EIW0176,0.6683579083339315
JPP3633,0.2960192054171706
ICE8497,0.21509749534872427
JCB5870,0.27157912163362397
TSX8703,0.652424956348835
WTN8881,0.3931992084133768
VTX2950,0.26985583195193386
OXO0872,0.5227870417846485
SLL9902,0.19686465661399893
CJD1628,0.24217945308528396
YME3555,0.6268305855352504
XKF9852,0.5551288787833802
DRE7767,0.4452210809584503
ZWO1818,0.4570221554965172
FEX6317,0.7748596836839343
SNQ7014,0.3149013933534614
GQN3038,0.7576966964914598
PFF5514,0.49694626337858583
HPV1117,0.5247592568361671
III5054,0.11638290575732388
LNW6654,0.6246156412951175
ARC6596,0.34459146263866874
IPP4620,0.6933907534618508
NLR3257,0.5471522545574085
CTB9878,0.7525039873825808
VMT5143,0.4259415713476498
AHM4211,0.34315290307678525
KCL9551,0.6844047598771908
NHK4195,0.4388882373719752
INQ8214,0.31325901623518104
LAX7318,0.5102692725211395
TYJ1073,0.5941422783866701
KHR8174,0.43980009881744764
FXV0272,0.8275712769667545
QYA8718,0.2244303563071884
MGB8317,0.607318165409122
WYJ0017,0.44502688354129377
YCB1541,0.1286785363522414
OCO9701,0.6385365795440142
QOT4213,0.5116069103717421
IZB8133,0.347166933050912
JQT1085,0.5588442667302131
BCD5519,0.5924140925544915
XBP4686,0.4938679533748383
BUH6163,0.35841448144134636
YCL4225,0.5310625392508628
ZGN1837,0.5575104309319971
VWT7951,0.657342504467193
WCU2909,0.2618315002509077
ECJ8667,0.2245129657632445
FIZ8807,0.20632183214239905
WEB7022,0.45282555826649373
UMV5479,0.5389650050464964
NTU3115,0.28550442772943685
OHS0889,0.26132574211925114
JRT4331,0.5160061226306382
AWU8320,0.5055645444596552
FZQ6790,0.5480972240321192
SAW2413,0.7819422121262701
MBR1935,0.8402192740978015
EUM7981,0.3197599124854762
SXQ9635,0.38025014742268654
CSK8727,0.5490922645658635
BJA6633,0.2917397038033731
ZTS4215,0.20414890976218805
CXW2502,0.34569815713702784
VON6528,0.6544492814873335
XBC1483,0.38152594765175074
BPK9428,0.2672504022791887
IJM2804,0.23022144502703373
JAU0056,0.6575715775592534
SKG7687,0.39196000988406254
LUE7177,0.8258738819886414
TFE7449,0.22405350714915204
KUU3033,0.19695609492552751
BSC6214,0.503803476249438
UPB6992,0.18278833054682944
LPO9433,0.3771810644185451
GRR5260,0.34749179550449183
ZYX2775,0.6478054696487464
CRR7571,0.5597693272370863
NVR7579,0.4728388360249515
TRO6653,0.41536219749539854
QAZ5784,0.4843377481426042
CSA7855,0.5914861046525838
SKR7049,0.44960356730893913
VDC5945,0.26198075438323165
RQG6441,0.43254334535667527
UTK3942,0.44996057250133653
GIS5276,0.473266353593823
LZC3931,0.2286389943929085
AQZ8439,0.4677751944041726
HWR8277,0.7615597218587282
QSW7544,0.4530037274681581
QMO6786,0.471605355989596
FFT1267,0.43656886747015144
WBL1699,0.2693778974725641
DLN4360,0.4276817290110536
QVK9371,0.7056762626298833
PAJ5923,0.7430244004267087
VXF7049,0.6351126695581701
ETT8073,0.37816326085950336
AVE9956,0.3947861189283896
TPT4243,0.4931162540303178
EVT5415,0.3642844781921771
NRY2349,0.6019992732172798
KPL2000,0.6385619419758933
JQC8916,0.339179923199601
IGT4727,0.24359792618819692
FOQ4697,0.46494190243242955
JMD2554,0.6693430903754298
EWK4862,0.4237430737340339
SFG4231,0.7265282916028776
OUW6979,0.8565789309110513
PAT9207,0.2380264461052721
XTB1114,0.4158219468974365
SUR8024,0.7539101658403619
JMJ3446,0.159666630562823
FLT1779,0.5349194620275942
ODI3507,0.3728757911255817
VKX4649,0.6151891604295023
LXH0711,0.6184338175399723
GOH3012,0.6947019874616968
XZK2864,0.6996555687870567
FSA2525,0.3468133730629133
OML8735,0.2588247608700443
CKW6247,0.27870374928376784
BZK1475,0.4413838406132237
BGZ3773,0.42622924580045013
IHZ1914,0.7715819721190887
XYA6636,0.6182642996226068
RWD5233,0.6750611414814048
GPV8030,0.5081910731656277
NVZ8701,0.7670127714950624
XSF4318,0.5521858796856678
WXM7923,0.5173821966855305
CVQ0880,0.4633189071785552
QOQ2863,0.2626618058831478
RXX0623,0.3794093517862266
CKY6595,0.31192988987947995
EXP5590,0.40999761766261084
JWS0195,0.4149867603648962
DNV3342,0.38020122479847646
WHY0533,0.2533769891239365
IJR6798,0.46497391113511827
SVJ2157,0.5151629816146839
YLW4737,0.41900820689292023
HUH1315,0.7131359807398081
XMX5505,0.3807119081393642
TBK7519,0.2886134847325971
KXA1414,0.5795995710512486
FQH2166,0.6148478562218973
RQN7624,0.5733371228376698
EES6771,0.6535583453092477
JPZ4794,0.17286569408771527
SYU0185,0.2724931858404719
OWS0031,0.43153322344911726
NGE4427,0.5362693853590628
FGO3834,0.5084959995821664
OFI9247,0.7128488818028809
AHB9803,0.7554386001990192
LXD2374,0.5924418006334599
PBZ7120,0.5816426300260764
NIF8371,0.5472250734575892
XST8100,0.1612778459658745
CPB8339,0.3303526471698923
NLP6754,0.2529460968153191
JSI2170,0.16226485633491106
QFM3680,0.18732169868539333
BHN6631,0.44332543365903593
CEL0556,0.533386624321216
XBD4029,0.39285992482906495
RYE7752,0.49884860535880027
QOV3032,0.38183488817280076
XIL7243,0.18612899705171773
KAD8756,0.44074016386203335
UDU3246,0.4532893000559055
BKS8607,0.46828990067880144
NNH7225,0.5789641742038376
CON6996,0.40793998043377944
HXS4917,0.4168522082089273
PWS7531,0.1332582906729309
CPA8641,0.8585630910234051
RTW1393,0.6778756637346836
QRM8880,0.569007152667663
SYU1247,0.3991021090891042
BKP7999,0.5013193305808193
RWQ2872,0.4826314704149348
VET6669,0.3190285585378309
BBR8345,0.5351437288429486
FMC0185,0.47281568063325524
YWX0652,0.3747444232859399
FEU3392,0.5093168882115522
MAI9069,0.4126818853562823
KSE3648,0.6555028973796543
JRU2012,0.3692490793292808
LAG3972,0.5017063806363085
XDU6150,0.38615140834764095
BZO3678,0.7407557938829819
UUL7578,0.4923387923721421
ENT4935,0.14261629528377465
WXU2063,0.447129804767625
MFJ3188,0.3813146894797241
LFN1743,0.460005249289867
FEB3954,0.2963563894387867
XJJ5859,0.49970574137202406
VIM4571,0.43378310759882927
EHY5432,0.43725889215617275
QRH8342,0.5310418964873951
XMG1831,0.3978448179090623
TJC9764,0.40764655622109924
XUX2979,0.38997455692897576
QIX8136,0.1675822262573723
NOD6437,0.7768786094042301
JDV4500,0.5344595373859476
TSU3436,0.481831660487422
YQE3043,0.47728797428310554
PEN4600,0.2725770575290577
VXG2069,0.3527843551773078
PGV2258,0.41475289291276907
PPB0159,0.4620872194773766
EEZ5587,0.25957221982769857
NKJ6134,0.4341547297690622
GNL8515,0.6224402988308334
UDB4012,0.8222616731394783
EUV8082,0.26049370680814965
FKA1499,0.37602690706965713
TDW1832,0.42868662596210727
UYL3937,0.38543290887708664
WZQ9514,0.28932433432323273
YRA1133,0.3446944658134905
AUE4212,0.4749360426737513
AIO5707,0.3277532297758261
ANY3654,0.6302598782606792
CCJ1581,0.493713131238966
RVJ5539,0.5448865424396646
JQV8142,0.5800411147545024
LKP7864,0.4564231998888674
QYO2749,0.463489978831573
VTS0473,0.3875108323571452
PGN4080,0.576880679887305
BDC3366,0.29122202990443863
ZSZ5292,0.2986667942992785
RLE9918,0.294659716023971
EXF1515,0.5651048007126044
UTE0139,0.48305007807260714
OFR2518,0.5667218436549897
JJF2590,0.40583441846939233
LJL1360,0.44150252878836865
CIC4708,0.539162514402927
BCA4110,0.4660015262695815
YSR8537,0.14390487235951832
ESH9012,0.3799284074636011
XQW1169,0.4810910897538092
SIK2342,0.42528923817871234
EFQ6319,0.4247407956184206
XQE1526,0.4267732025431135
AKR9099,0.5676381135554854
JAI3468,0.29148459101263935
WTY4270,0.30978035208375965
COV5080,0.19795537509236352
LMM1024,0.37117463176687865
IGE2896,0.783951171859464
JBT5109,0.44133966214208703
DST8276,0.42291256989437553
BQC4343,0.5942830825985578
FKR4884,0.21494162210099363
EEZ9582,0.2971716734846156
KEM7815,0.370043587114603
ZIC4531,0.6020335451689989
TXY3351,0.6055046576699623
SVT4843,0.37392797664250904
MCY8318,0.2172044376978312
ZHD5694,0.6997756645678663
EYL3435,0.3441624987899263
FAK8590,0.4592781232445023
MMA6648,0.8081028183496867
ZXU7819,0.6741462730675454
TXT5173,0.6477093118455914
NOW6615,0.2976789370480162
NCZ7758,0.6552911472314215
REI3094,0.4640511904405238
GKU4570,0.8359130014167201
QPM4563,0.5808331201128185
LIF0935,0.40782634186818245
QFT7638,0.518155250406096
LDD7909,0.6095431774274446
PMD6356,0.697999058776709
XSM2533,0.21999019424782498
ZAA9704,0.7274109173401961
PKQ6825,0.3233561047277563
WAJ3293,0.5337778027381644
FJC4376,0.43840989941039515
WOD5328,0.5092869060672292
OOV7630,0.107419556999824
JLE0045,0.5976384588496599
TRT6193,0.5002605866696992
WRI6749,0.5115803025840582
SKX1054,0.44477864555756724
WOT9749,0.45523490157394403
LUO0920,0.6383051860424725
FED9755,0.25666841123673634
KSC2280,0.7110149710699315
SVJ6815,0.5846573218210651
NGF1992,0.28723493092178226
PZX7839,0.23283028586107077
FQJ6322,0.3593009506308824
JNH8656,0.2239793276481692
UEK6875,0.22128672450793269
FVT7847,0.4159949895911628
VYM9686,0.6090568907376183
HUZ5652,0.4106218342819845
UGP0737,0.3579703037403371
PML3266,0.23061569262674542
SLY8923,0.6001259691904128
QBQ3841,0.5093803473143861
DRH0163,0.4594476400997825
NDQ9001,0.6745547381080516
DVM2517,0.5131665700022562
LDX6766,0.3564150579293885
ETF3376,0.22769864406858972
PPV8379,0.6137180109089642
GWG6827,0.3667085975752045
QPP6524,0.4572938758834254
ZMG3395,0.27054139208150274
RYA6828,0.5945145181013175
TLJ4903,0.6569327245843385
QSJ8380,0.487522296954239
HVA7599,0.6028083671894299
INA3184,0.45062454987986483
LIC9006,0.3800835826995873
CRX5646,0.216051967499259
CJR7973,0.443059240316021
SIX4048,0.3267659427090228
HIJ7224,0.4488706969676564
IDF6143,0.7523947488760372
LHA4851,0.4466341862955153
DUP1250,0.2057671009450832
ETW3839,0.5448744668659754
TOS2521,0.1542806768117478
TXU5196,0.5353605548419279
UTN9806,0.25362619422087024
UPT6736,0.34759563420461476
QLO4437,0.3818897215966792
FDB4146,0.7684284171897137
CJN3294,0.44901081007906
IGX8925,0.44861248640181717
BRN1292,0.475240152090905
JVG5455,0.3100741616313216
OWV0422,0.3346497867613244
EUF5580,0.6326760854447411
WVI2357,0.5672915067266041
GMI3091,0.2596108762637653
OKX7088,0.3363534959704926
FHX3427,0.28485380340917443
IUX3518,0.6140252159332745
XHT2960,0.4898118313165847
BFO4768,0.14753024875252022
QCZ2397,0.5080108249246286
HUY9240,0.23240857984244354
RUG7309,0.3527160350995575
VMV0997,0.4464442811285563
ADM0827,0.5858799573597789
ODT3808,0.44195689311372177
CDQ3303,0.33963704514602766
GQT5475,0.48991654080955277
MAQ3766,0.19743010272712846
QJS1732,0.4507388432967977
INZ3983,0.296850233440554
QGT0911,0.5754475960544135
VKB0890,0.5273192419180694
ZIX4904,0.6618412161377659
WNB7111,0.6349944730550353
QVL5835,0.5713594989217409
OVN3723,0.5712584647422422
ZHH4408,0.45098968404639544
AGR0025,0.2576484925384952
XBP6656,0.3939111792695335
XZV8150,0.19700531158787926
LHG6661,0.39943866273898354
PMC6232,0.6418132525612269
FIF4321,0.5389806015472957
ODY3807,0.5410154208779121
RXP3675,0.38871933208185
WDE8034,0.6239744104381895
DXW0967,0.42342261048330193
TEB1181,0.5987672829720067
GRC8180,0.4359240860347728
MYP5419,0.4347737133591254
DEH8750,0.5349533740829486
XDN9367,0.6204435004885274
LCB1865,0.3407534622883819
NTT5170,0.6892585129935975
SOQ1632,0.4576868944853406
YUH9692,0.4307647346919576
JYD2074,0.38837904966612324
QQG2862,0.5401895035899873
CXM1623,0.24237393901253113
FUJ9930,0.4272019022853861
CNB6992,0.20311207998131853
ZVR3165,0.5962191326871759
VIG3338,0.5874993366312362
ECX6390,0.5730614931120414
CVZ4208,0.522209137479867
NYS5963,0.533869751549347
QYV6805,0.6200074952699909
RPM1362,0.6773888808731099
HZT5933,0.604743985576214
HAB9073,0.5881182678530767
UMP0408,0.3357482588824025
LDP7953,0.23647450420745836
HJO5548,0.41067932932265294
SWL2951,0.639854732498037
HQJ7509,0.34773379646127517
YXE3238,0.5984369719649447
QBA1659,0.8117439151766266
UGQ9648,0.5790151378872161
UUZ0902,0.7134267475197217
YIK0290,0.3056214871587131
TKL9885,0.7740658799485486
TAV6410,0.3931028580463743
ULZ5016,0.5480672897569341
EBN6340,0.4818972359080946
SXG4078,0.6118498750668685
RGS4046,0.7068633115717508
ZEN1745,0.2958294222595866
EQP7859,0.38406546435437616
XZG0749,0.5102689625508592
MUR1259,0.7344244448025394
GNH1572,0.3551122609292925
RNT1103,0.31639795749968463
KQP5148,0.45936705019020196
YPL9606,0.271376175879238
GEC6684,0.6154199979100413
OJV3269,0.3943691431927398
KBU9669,0.4009120858351351
EXK0686,0.19763174469339123
TXD5026,0.6278043044613252
WBE7793,0.31985748567284394
FOW7270,0.40195935971613506
SQT6432,0.5583118018504207
YZN0545,0.501343787776221
JWG9773,0.7887281698286915
RYL1835,0.5694372563934953
VGS9426,0.37173941022934087
LLE5822,0.7718695690756071
CYU7374,0.8124009394242068
JCR4090,0.4960796474982981
SPD9900,0.4975366519090416
GDM0800,0.47593306134682434
GPN2716,0.1955177643269309
HYB7458,0.6757146904844642
YMD4662,0.863662988005045
IGD0921,0.6736445226948232
CJT1561,0.07536045875885561
DEI4249,0.5935151129154946
ZOO1036,0.43226197432482444
ZWD9803,0.5258558319530833
GUH4927,0.37611119123578396
FLS8480,0.316071963001474
POE9287,0.49009737648326696
QFK9602,0.4387460644929911
FEF1920,0.48254064902961324
ZQK8721,0.49698912192078143
KGP5853,0.6167386922036749
HME7697,0.43153736093382955
LCF2931,0.35952129452895454
XXY7874,0.5997921108815218
ZEL2095,0.7010839898484559
GUR3247,0.38511418229103694
JDL4331,0.5354104296556532
EHE7119,0.5273245838777689
UHH0658,0.6301119415929598
END5028,0.3839259037923859
HZE4718,0.6491140866724285
TPN7250,0.5275058154588047
JHI5936,0.10597598367246452
UDI6384,0.5599171939132077
RHD2687,0.38516095333900974
BXS8111,0.5295615194442027
TJK7138,0.840140821473632
JQI3533,0.6093039343124069
GNX8347,0.7380033328893564
RXD9228,0.5296373926542549
FNH3965,0.2401076424596202
EMP8062,0.710240128693611
MEJ4356,0.3994342340572693
UIZ6838,0.7020879188602286
UMV2455,0.5537198097029373
HDQ9910,0.5108485509708962
DZK2637,0.7651203265447475
MFA0957,0.7770105964727675
FHG5382,0.16548445158248407
QCU3035,0.31824137619496023
YCK3225,0.3130262797119622
VEK9874,0.44584158541177316
NTY2368,0.30726614077611103
LVT3457,0.47873509041803575
ZVH5381,0.2682915335513218
FCE1353,0.45382299019194733
WQW2081,0.29193842635535394
JUQ6158,0.4645875392729169
OHS2466,0.6340234768683595
KPF2140,0.5228152987779549
BAO9938,0.3061357132257377
BEB9268,0.49390160042164105
PEP2360,0.19477434081293893
KBJ3393,0.3835025783531774
KJP8929,0.502913801897511
IRS9319,0.7827973975811198
GNA6559,0.6361970816105978
GDD3535,0.2731027719433906
XHK3076,0.7910266501039075
OPT3877,0.45981529724571424
KDM5132,0.48202852754183195
ZGH1260,0.5400188370171091
ZPC3616,0.3215772955396334
CCD7521,0.2589119894055311
RLR6078,0.4105358524972711
XHW4339,0.4377434172179181
NEA4125,0.3479380657259575
FYT9337,0.3438399325512506
MZA5737,0.3443996337616091
IWX8525,0.240066385261704
UXY3602,0.5969263059272079
KAY9863,0.48994376711254123
ICL0681,0.4716747463827001
STV8662,0.5146065944023462
NXA3158,0.4731482349575896
WUT1669,0.42802006807051307
WHX4931,0.5689878965267219
QMF2498,0.6249312146093333
FAR8609,0.45199597159237126
MJN8543,0.5357321230562594
ANC1727,0.4846746435894588
CMY5018,0.4892798686545636
NUY5204,0.19503523110484192
YIR9679,0.4136309546077461
XDM6706,0.36928307997173637
ANT8269,0.3147982797859635
ZQP3525,0.5263589377228453
UKG7598,0.31786700007568364
KIS2908,0.594942515263772
AIL7774,0.22499882349084444
WYW7672,0.6345094018281965
QCX5525,0.2350378422671289
JZV0769,0.3654458771820094
DLR0932,0.3766836098606063
VXC8863,0.6358030431375301
KOH2895,0.5654454215717571
WMY6508,0.6448219056480724
IFX7040,0.6142942570965692
KZO2590,0.19068677183492638
HLW7095,0.42489495766694
MRQ4796,0.5199939590004071
NUA9006,0.5486588797138997
BSN6358,0.5472606150362028
AAB1308,0.3294833336915269
MFD6294,0.5434061962387998
CPM1668,0.31136172860497163
ASC0080,0.5854041066168092
MFS1546,0.6590525412760877
GTV8803,0.2688214227275112
BTB9943,0.34592528487037644
SWM6904,0.6262440096470039
VRE5552,0.4701074563388079
PPV2663,0.7233009652603695
NPR4084,0.6297986614302765
FIN5241,0.3499988024448374
MLF9852,0.5101626157949092
PFX8404,0.40684902119409266
NZT8763,0.730092492432528
SYP8802,0.4787886448180512
RKG6794,0.32074611175873863
HUT3552,0.7863558811536433
GHQ1739,0.33104854824744534
NHM3753,0.5255157511572305
NXA4981,0.2350891498734698
JKD5635,0.4265180854049374
NDH9283,0.1087815416374427
DRI7386,0.6311218858354984
NTM3474,0.47401251808384376
BQR0893,0.7002057343120426
EGR9812,0.7664478867914257
KLO8178,0.6365215737841855
RPY1835,0.27739839152148665
BZL8581,0.47594363782984517
QYH1854,0.5130672676132324
PGK9212,0.24567144697516627
UUE1033,0.36976300207296725
ZAP8815,0.6032129155971927
WON0228,0.5537790323395524
RSO2008,0.46294894081543453
EHH7629,0.3097157786344968
ABQ4338,0.6744596128221074
EBY8977,0.4162639135430092
FWF2890,0.5676857814884414
HKI0609,0.5805057602431138
PAB5947,0.4825915322863118
HEA7016,0.6507196538414103
HDW8123,0.615325598974257
LLZ5422,0.35300142966086334
ZPT7132,0.6252311190686545
JEU8627,0.7205620461511313
UQY3173,0.4950325859889422
BLM2089,0.5772708240623403
DCD5221,0.24736131065723196
PHS2469,0.19734744703322352
WII3386,0.2639712734463212
OSB6146,0.38118544958965905
ZYE8393,0.4034447721263959
NRS5494,0.567703791747706
VCK3879,0.29821974800716905
QBK1287,0.6901238770360613
OOT2673,0.4638473712539998
PLD4712,0.4780355089560186
BCA6861,0.2800078203719134
BKB3148,0.21659993093213037
UYT2460,0.22675248290573574
CGV2591,0.41959218329751446
XSE3563,0.14753018807056156
HRZ3422,0.809895301733533
WKP4106,0.2028245409766411
EOH2042,0.5190221645262161
MKW1588,0.5845461795802916
VKV4425,0.3824117350722209
JIH0956,0.6924125041340825
IWV4857,0.31954353929202584
HJX5465,0.575019742737106
YRJ6285,0.447741377524699
APA9822,0.4728259659245564
ETJ7252,0.43710863601856653
UAZ5155,0.41684010926473364
JCO5005,0.44418576165451684
PON2616,0.3221818186656164
GZZ9302,0.5318162890209782
EXM0909,0.486322835239537
YPF0123,0.5148392084942169
JPO5490,0.33665874046511707
SWN1165,0.7295829899887876
DTI8446,0.39116851309328926
BSX9409,0.4583205550464077
ILF8133,0.5269817028089222
TAP4650,0.8096060995268971
NQB1919,0.10235380080002664
EVN2619,0.7007477706518158
FKO1395,0.3979078146348885
KQL9739,0.392113803542486
GTP7103,0.3526561123908277
FAB5180,0.493882601190435
DNG5054,0.4698208842696689
PIV5711,0.3365617596670651
RDS0818,0.45987171215122413
NVL0735,0.256933528689802
JHS0345,0.4681033355400902
AOW0183,0.4053851460785202
JWB1663,0.15872275927203694
QBI8434,0.34265998115146334
YGY5084,0.20644258439401175
LAJ2381,0.6511841750990504
MVQ8426,0.6679272535166557
XEU3341,0.4068106963338426
WBB7069,0.44380047395830907
HSV9997,0.5621527454090326
HPZ7235,0.4827660352029805
LEQ9893,0.5049763091994659
SRX0685,0.5321803356766888
TJE0525,0.6075499170526016
CBV9705,0.5546079575673645
NFH7701,0.5214850935286861
MRJ7981,0.4923882659779246
LRQ4994,0.1866414941979429
TPZ2644,0.7388687776873363
DPE2366,0.3918529898872397
GSL8285,0.4204908508896262
ASE9553,0.5012044681937631
GCQ4270,0.48341249624216254
JOI9750,0.1708161039788692
UTD0147,0.455943847748284
KZW1095,0.5242253488563194
GSL0577,0.7883661200498323
OTP1368,0.8134466304694643
JHZ6457,0.4152444715944272
MKI6175,0.6596181393591279
GTG8406,0.6059752049699261
VZP1954,0.6646676473652392
LES8781,0.288637031266496
PCF0526,0.5485296089770103
WPW2050,0.6933096243210184
DTH9411,0.5032549349611558
YBA7820,0.6888135858964699
VSR8739,0.6762637823140486
OOR8305,0.6761358128698477
KDF3451,0.3380403242229935
HRS7842,0.35960486720521284
XZU3965,0.5334164523244099
NWL3338,0.3943164682013496
GWS6777,0.2514716936410442
PWO4056,0.29893678895202813
XRN4973,0.28260666603383255
EJB1687,0.43742528207395653
BUT3103,0.32315470071711655
WQW1045,0.36333931581762086
MDG3445,0.21551813361579975
XUJ0717,0.324193850839044
HXD0371,0.5034503152156492
FGD6466,0.37618350724629057
YZW8155,0.3633581902690162
YSW6454,0.3923528076219472
XRS1062,0.5344753884457542
SBK5282,0.6067391144880064
UMT8393,0.20015822891390225
MLC7262,0.7340244349012806
CHE7839,0.5189134290544822
ENK0333,0.2868489022039576
WGN8449,0.343177741290875
FAM3458,0.1940084508577793
LIJ4989,0.8321068695102883
WCJ1614,0.37593783170049966
LCJ0354,0.4812865757941397
MAS7337,0.5481977287388173
WMR6816,0.11388914950474179
QPD3244,0.5376997846797027
DYR2618,0.43587385118597166
LZY6766,0.29012003770443984
XPA5745,0.2584236763342544
OHE1207,0.8045851933342387
GMB5921,0.7673510892577162
PUN6155,0.44289967536094055
UWY5599,0.7709338563297992
BZP2422,0.6498295045460575
BFA6296,0.6700348788487493
FOC9534,0.6355328082133759
NIT3559,0.5732363162240228
QWM8810,0.3353022107612752
XUO7622,0.29496362643881013
ZYR6469,0.386775286915791
FQV3213,0.5330032488026315
HMI8445,0.21201742087395656
VSX6822,0.7355907740679615
CUD3348,0.1853159894551827
OPN2109,0.6308576030653932
NQD6519,0.7266992356926238
EAH9489,0.6349711954035899
PUT4775,0.49139237690221166
DQA2691,0.420597791484712
MXS8930,0.6836860357328207
GGJ4008,0.7726138103163859
MKH2409,0.15416215250381526
UOZ4237,0.7566092777806158
DSH0462,0.5987607182791719
PPZ1079,0.8240100195088111
YUO8157,0.647990167243849
EVN8189,0.610456227166238
BJR1526,0.5459236873035221
ZHB8179,0.6797811910154671
ZLR5824,0.33907004874355745
CFC2212,0.5902763540038318
MTE3132,0.4633471327073825
RUD7931,0.48826756362969403
ZOJ5082,0.174250333036552
VQD3919,0.22649811545339563
EFW1850,0.42857874345441166
BWX5427,0.4524495478355879
KCJ9813,0.5436009862135192
WHY7887,0.5767147653920072
LIJ6032,0.22605768622801542
YKE3129,0.42937107651733497
XNC4926,0.617546744050236
ZVN8083,0.44499322275680475
FHS7261,0.6348447307728394
JCH6559,0.36711546590973376
XSV3662,0.3286104110325835
OFE0816,0.3842545104370763
MZK6467,0.394212656091599
WKI8810,0.6232140490450607
QZY3155,0.6514924068347789
ZGQ3169,0.7137449434699089
BSK8553,0.2882153409526152
DPI5831,0.6807152483444681
DAN7614,0.29827500794460454
MHS4201,0.4815643459760182
LBN7990,0.17526453671708783
ZEW3244,0.26113111823882895
GVI6361,0.266191504743244
SUU7959,0.5084687387288908
KJY0103,0.3011504769115871
LSI9574,0.2765122522535395
UUI4640,0.7573564945447762
APN0763,0.4668134426978922
HTC6582,0.5708892229642263
LRJ2531,0.49908460230698914
RCX0166,0.5155591657742962
WLS1334,0.46420350254416815
GHU5711,0.5680639691565784
GXN6885,0.37679106620626585
SUL0918,0.19179651649816057
WUB3727,0.32640950412128583
RTU6031,0.5958507632778982
MOQ2182,0.5745133875994799
SKU1753,0.27518795002937535
CYF7753,0.5632073241537788
TPW5388,0.6531892797537109
BNS2586,0.7173195801299199
KEN2166,0.2038468559813338
OCJ6547,0.4937987179392239
NJP2923,0.44971003184089936
ZQV2760,0.4551663497077658
VWU6539,0.5746954743096508
FHB5662,0.5050331499399682
FLJ5568,0.2524870192770994
NYZ3610,0.7216905379606512
XBS0822,0.7474905422416838
CBC1282,0.5540882433107106
RJE0984,0.706137385715435
EGL3373,0.6961725520419808
ACY6703,0.8443825170979368
RYV5129,0.26160460916895895
PEX4835,0.5683945494469428
KGZ3991,0.5535776469552501
GCP0419,0.4609863993206767
VJN5659,0.42419788436614464
XIL6278,0.44651454216872505
CSD2119,0.39111685602952984
NTC9929,0.15996758833164176
LQD1080,0.6210708243003219
SEJ9531,0.403772148152189
RZQ0003,0.3047279130948091
PZW2114,0.293056457454398
QML3842,0.17876097760819126
TJA2905,0.45704328524526283
PIJ4611,0.5217384704833237
HAM5599,0.2190338191056157
TXM2652,0.48712646842473095
GAB3659,0.7015636168050887
KCA1906,0.5161515611314762
SVC9075,0.29349832137142157
PJV3622,0.29232926577287627
SBX7333,0.4639060996227917
HYM0481,0.7676051041825045
DFY0681,0.5703901157217612
RSF3235,0.3609257645261777
PFP2410,0.3886799757930987
YZC6174,0.2779921924574646
FMI6039,0.6456548060497476
KSY3204,0.43715544332124584
JHS9734,0.2647167610559296
WKC7792,0.5205597959941036
IOY1200,0.6333063293951405
XUE4561,0.3649059799731557
KCT7437,0.47269936314496297
NMP8623,0.2968803422442708
QRU9935,0.45126812399820526
DMD4641,0.5182407620732943
NCA7180,0.24009599028152118
FEY4017,0.3482190633271951
EUG2066,0.4438883489243896
XRR3806,0.35181012829413333
HVJ6716,0.5826688522159901
OLP0692,0.4410538798322515
ERC6469,0.6709391472807549
AWA4755,0.5866849138820454
YQQ9139,0.5232161825643794
OSX9492,0.5331907234124024
QGU8564,0.1945272099669258
YAO4151,0.28134171732721175
AMC9558,0.44566795118166747
VWB0124,0.2602595289641373
ZJD1609,0.33023514732740217
HVK5251,0.6996170300598931
MZL9303,0.26744129839916453
YOD6029,0.19040675288923245
CNL4438,0.5287426829038302
ZSW2054,0.3695750604984508
NXC5824,0.269876264707352
BDO4892,0.4915684609598539
VLK0339,0.5521298926429603
XYU4157,0.23606152349516513
XMN6548,0.5169656067448641
LXW9245,0.27175419046566485
JYZ3206,0.710055641349511
SIV3918,0.6234748843360352
RDI2951,0.6831932530933326
CKS8961,0.40436078852194357
GGD3196,0.5080268058679693
ETB0894,0.6063107917869004
MLA9778,0.6106299339511279
DWK1986,0.10584033339468349
EBT0068,0.49687273148425043
DHA1853,0.6652716056000504
HWU2594,0.19592818155219233
QPH8016,0.3791324380425169
QZI2250,0.435445964861932
ELO0702,0.4985467161573501
FHW7284,0.45544603744640266
JXO7389,0.801001635690062
AYC0810,0.5130689920502848
GWJ3254,0.4703230162793648
IBO1945,0.43393894073932887
NSE2304,0.6833169336476194
SQB4852,0.32534667739960743
FQH0034,0.510467060723551
QGG5280,0.6261355724312209
VJB9962,0.44144649541882847
ASL7482,0.28029562062023505
YYR0976,0.3606824844513906
TID4683,0.6313841862411579
MQF4406,0.6661551507217351
PXU1703,0.13091409848206703
UJM2633,0.4954224106105818
ZSC9815,0.48259126214784276
WAU6889,0.7553877898540833
IIR5545,0.6426720854557098
YWD8219,0.6855545329049721
OVU5964,0.388726998323044
SOX1774,0.7458645832561982
YMN0357,0.4123727194349854
UNK0731,0.4496499077606493
AWV4949,0.26605990387733097
LIA2179,0.6004838067200886
KOJ2933,0.34534999415759654
OFN2940,0.39562097936402213
XLH4413,0.26241694792842446
CAM8238,0.2856353268596646
OUI0191,0.5195382057657363
TVZ9158,0.4687163742286847
QZU7391,0.336684451718759
YTC8533,0.614182588464657
ZUL9082,0.3505091652601946
QDH0283,0.8233926438892216
JOY2839,0.5789871565549326
UZE0497,0.1348772580968089
GUN6865,0.3849642030659546
OQQ7043,0.4455861761779848
QSY2045,0.5287360879836949
SNL4417,0.25927320437412654
SAH0586,0.41898771807927143
WUM7977,0.6995333652122574
LUE1768,0.54148039575377
TFG3357,0.3727264924522209
BES6653,0.5793276270191466
KLU2053,0.2919255700514798
EDZ4179,0.587747248345251
KQO4708,0.4587886348327002
NPT4412,0.4400992009271578
HJG3099,0.509729412318916
HZV4375,0.6437134084585808
KDS4463,0.6206600043238195
AXB4934,0.5654709914467362
GYM0773,0.5049076279247964
GJC1483,0.5679582128932076
SAF1656,0.5220124396143084
OMF0261,0.35143894716861046
WDA0383,0.7626697577916937
XUQ9842,0.38543669795393287
KZA0317,0.44275787764610697
XNF1437,0.17584941185349412
BGA5764,0.5367450960503999
TKG7900,0.21181376841719235
OTV1030,0.6145013751607487
VWK2998,0.5271655529240498
QKQ6320,0.5106475428555097
WPC9633,0.3783879449360249
EKW6480,0.16755338347286022
EFQ0392,0.17909519817772343
MRZ7379,0.8035578396182773
WAC5824,0.6484914954919632
OMT9415,0.4600809802095899
XMG9583,0.25667744132326653
UFF1261,0.6642419988289612
DCP0796,0.21482977377938667
HBE8442,0.4719642205227552
YQS4458,0.49649399869952937
SQU4407,0.5498412529529391
NPS6601,0.4368599900142492
XMN8380,0.44522331794792475
PVM3035,0.772883352142792
IWD3752,0.3465247811607347
GLF9686,0.7411063471742109
RRX0963,0.4561951992248815
UAB7848,0.32863575382921745
TDS0452,0.7978686729016732
HSK3153,0.6081957538864649
SQA3360,0.5905958306759095
ECI1955,0.4508382076187864
BTU2947,0.34061970446411155
PEZ7733,0.15159895096828369
RPE1400,0.20126991898682503
QKS3138,0.17963159086348926
WOT7140,0.6048749397465302
CIH5726,0.5474087751447126
LUE0157,0.7629776302019726
KFW0111,0.7170383927263985
OAI9172,0.5281311918508793
LAH1856,0.24289982249968808
NFK8809,0.6069952293971295
EGP0512,0.46691170888296485
BXM5911,0.6629080872127543
NWJ6522,0.5338663948476731
FAB8496,0.5431447537625247
UGD0885,0.27348347874307
NLE4038,0.6792212815487315
RMT8564,0.5933148771193844
LPN5269,0.5161213658077292
SRF1001,0.6117317463459075
IPO5628,0.33439132281923045
YAB2836,0.7526603736337311
EAK7493,0.5350871421491987
VZS8779,0.5800146733267358
ZHU5296,0.5874757490431334
EHL7819,0.7072721162645205
ITI5109,0.6565420315605942
ZJJ6069,0.34571126098596844
UXQ8523,0.4757840774350013
BJZ5615,0.4275068815525626
BFK8030,0.4680369448960788
NOH6334,0.44566509212745103
QCJ0449,0.30052737236652893
LGV7177,0.5859002045275675
YUU8227,0.4737655313750306
EYU5539,0.35384414871613695
FXQ9279,0.5312760757879876
KVN0414,0.5096343139601828
BWO7564,0.40685830684266344
SHA4528,0.31979947640928186
LCV5905,0.6519010910932727
PPJ8929,0.4524064209536432
ZTY0059,0.14643667864342857
AYY0072,0.38026949105020297
TUR5072,0.6848319433803326
DPA2836,0.5559504365307645
MWP0809,0.5247076224388388
NIT5344,0.5052785944725201
EMF9379,0.5128992166440267
FDW7329,0.3333162889278271
KAA7544,0.5615386143407893
QYA6379,0.401200320968001
HLA1104,0.38223484985765477
ZTB7327,0.7253290543104146
VSX6645,0.7083989087590149
MKX0188,0.35932482685960226
MYK6810,0.29168655887938266
UJZ3099,0.7389410042335738
NLQ6953,0.34627061300700146
THD3997,0.3685349174004656
DHW1898,0.42803809097578427
CAZ6419,0.39295816353143553
HCE9029,0.6113564769859656
BPO3584,0.4425484397706234
DCW6953,0.6633573587441987
WJW5631,0.7448210785646371
JMU4733,0.3842364940303914
AUQ3924,0.500876468039701
WOB4261,0.2744046140844112
FAA0395,0.6517583495990368
SJJ3512,0.47421774423475244
MDD5141,0.5003327138666429
UFL6151,0.5214622425653506
RNV2828,0.4446547014676738
IBG4905,0.23696527598597558
EWQ2853,0.6794677972401422
DKT1418,0.30916620212869583
RCA6055,0.5297470877274375
PTU0261,0.427233432385302
RQM8471,0.20148884283513496
FIO1669,0.22540610837434813
RWA3084,0.5924683830317105
MWJ3622,0.3819517067708316
ZWO7580,0.38496312176936726
ZNN5139,0.33051475763118776
XKW2878,0.5190322754379365
SOB1176,0.26323799361092903
XCK6612,0.6104616516089082
ASP8488,0.30418778450131945
ZJQ7036,0.5457274078047292
KSE8052,0.8269124607689644
BDQ1385,0.5198023879514865
VXR0368,0.5710559978936964
ZHB4902,0.21064544335751342
POY8883,0.32743674717599586
GIQ3177,0.3483365427393926
ONY1016,0.5471276747251097
CHQ4117,0.523597990229332
XID9340,0.5392826483064219
PEC4135,0.5109265090444115
ADP3518,0.5002850542469458
WUD9379,0.47698218471947507
RCT6710,0.4925952628882877
YPK9577,0.3968024380973251
KOX2113,0.2248699024123363
UJG4961,0.5182922377845736
HAY5847,0.7293992004150442
PHI6345,0.3774488125934919
PEQ3550,0.4958843781017006
KAJ4969,0.7532983840617818
UEE9718,0.611171158082686
FNT7313,0.6506052749528177
OQO5683,0.4276314737672313
NWQ3973,0.45242904053794186
GTI1384,0.5325948891108898
AHK9950,0.449047708173693
GPZ4054,0.5946306331059074
HFK9029,0.4969914310146513
PXA5874,0.4011445694272193
QQK0987,0.7290331155088651
KOB6393,0.2986736368278399
UCS9907,0.711850062559598
ZUD7019,0.7054702379732443
JUM0665,0.41237904495309013
TPP9015,0.5722469504822434
MXR4724,0.3876616639045293
HOD5285,0.5032064005968478
DHM7054,0.608592003976498
CQJ0272,0.3308754360059722
KLO3196,0.5241047540839076
GFB1649,0.6699063594901045
NOQ5877,0.2634216048030077
CYI8589,0.3612565416383529
FWO7157,0.5743595686584128
OWE0183,0.6514816332216437
QXU5403,0.4153703857836876
MWK4766,0.8707614991119924
XLG8768,0.40617022979891515
VKS3432,0.4313324743132646
GMC1606,0.45916895984024336
PNE3192,0.5679181832195014
ZDH0081,0.6710921554194248
BUQ0384,0.5283867435247462
SDJ1245,0.728208022693559
YHI0373,0.2153151188969442
HTB2148,0.6184981390164253
ESJ8744,0.46609966599403807
OKZ6934,0.6796086416145068
IWJ2087,0.19452102683990055
YQW6666,0.21203772497379267
DRL1639,0.43478780904133313
HSB5951,0.8450379421556374
RLN3664,0.4117016827885823
DQX4439,0.38702912121398664
BRL1853,0.5182267465083922
WTV4777,0.6366650156164847
UYI1073,0.6783891645834534
EZM9046,0.6635465430320636
NGH1312,0.6513503395332689
ZPJ3568,0.27753324410740854
GCU3692,0.3688483940110965
KQP8149,0.316213862690784
XRE6790,0.44422167369143944
WOB4424,0.4577187757051753
TZX2171,0.535545802263278
KLB6758,0.7005830294313713
NJZ1004,0.3165096520540575
SLC8186,0.4514351552661455
ESD3201,0.619146839871012
GIL8255,0.5240087648249758
VIA2238,0.44575104166693297
BIK2002,0.32987567586193933
IGN2069,0.39648940550508344
WDC3985,0.2753717217596161
GTD3498,0.2682981682866591
ZRR6014,0.35127425855350336
FUQ8627,0.7284292948447986
RUY4061,0.562251340506021
DDH0817,0.39161439831228406
DKE5313,0.3095894197083836
GQB8062,0.2267022778335442
MJW1038,0.7007522804473395
MGE4928,0.6083276575380876
WMX3148,0.4866294240027276
BCL4088,0.342985111192764
POH1215,0.5262459737650041
DBJ2669,0.38395527596339335
ZTQ2278,0.6556849363029964
QPC2404,0.7122289220168913
FOA9641,0.1420809811796854
UZR2198,0.31521835205904714
RJD8220,0.6015506490341181
YPO7168,0.6754799174497804
ZSO7284,0.5951731352182766
YKC3947,0.468260726434267
RAX5623,0.6257782900126942
NDN3928,0.6295048380200263
XBG4294,0.3652049105336191
URI6844,0.36176913606954786
LPC1008,0.2769746905158719
MQN7236,0.31961922596447395
FTS0705,0.4133736366984793
XRV5896,0.2331505154168795
FNK1549,0.35007962064756304
QVG3369,0.3344140051509292
UEF7361,0.20156340596966726
OYI0421,0.18489957201116652
RGN7073,0.5985661942340936
DTB7149,0.3691853628265113
WAS9056,0.5809458418819596
ZDM4647,0.6522919272408011
TVA1688,0.5938188696788258
AUN6131,0.7071496581024783
WLN1597,0.8070266502985152
QJD7373,0.3379352757735078
PUS0461,0.39341791355310574
VHL5519,0.5415030733319541
DGF8059,0.3857630411963314
ZDP8152,0.37642452388006925
KIT9995,0.4877464442675867
HXV5931,0.20665159023817048
COI0100,0.39008074986764174
CMW1744,0.39297411561792317
NLQ4471,0.16984721867827643
TKC3707,0.44874460359262275
IEX1198,0.38942580673862237
ELK8724,0.40428775538518746
MXV3637,0.27131934910694977
WCJ6522,0.7551510352542473
OEQ6921,0.4655429239453534
HHM4121,0.588442470889819
LOH3133,0.6535723445437779
WGF4780,0.5062670293216357
IED5984,0.6628018697317052
PLN6758,0.49548705121232944
OLC5808,0.20147695274102723
CJW9798,0.2856146475083139
GAI6119,0.5363443589233742
BKC5625,0.7838997240304355
YSD5776,0.6273274816948875
XTN1465,0.7228547822312734
YST8825,0.5525238165554421
PWA9731,0.37926872597021744
WZF0204,0.4239484169640661
JOO6585,0.22674248978055095
FAY5510,0.40825252156184977
HLI5171,0.2778165035885798
HXG8092,0.4110504666947396
KKM2246,0.6031284765388397
LPR8244,0.32332148294754426
VDY3830,0.6221920179205848
SCQ8086,0.29170049774679385
SLB2171,0.8267406949110713
NRH4257,0.30004197940415783
CNC6073,0.2118471931612676
ZOU1261,0.1502868757572911
SPT2697,0.3881092159205205
ZQW1536,0.7270525950875223
ATU6677,0.3257147370740823
KLW4229,0.3787135376253756
HVE5828,0.6409366898092239
GBI3333,0.5746279893742513
LVX7085,0.41947723509554563
GQQ6522,0.3907138177858937
CHQ1313,0.6113687957824178
IUD5304,0.3989924223114236
UPF0845,0.5432968975224027
DFN3122,0.626833247579506
WSE2433,0.6604215586527769
FXK1875,0.2801836100379803
XQO2229,0.16252224090232462
EHE2388,0.47222670358494945
DFO2542,0.42591678620534523
VYB8146,0.6263282691258633
UPI6716,0.24579417402775508
AZV8887,0.6382473102338004
IIT8345,0.35115092631273076
NSR4067,0.4504754798170844
UND4463,0.3442335039218121
DJH5832,0.5526189060456801
RPJ8255,0.5929152624808309
BXX3872,0.8658204306511748
YMQ3196,0.23313367296493615
ZDV7390,0.22701846440958726
PIP9062,0.5098338205303405
LNL0304,0.5900227407097096
WYQ6546,0.4721326843645361
NET5300,0.3132765226290667
WGH1231,0.31682327706379393
HAL3239,0.3073095255967032
LBR9014,0.22669434828241353
ITU9867,0.31795315285542736
KIJ7291,0.6360901966135625
FVP7293,0.6227689383106719
TNR9657,0.3333513644669023
XSE5958,0.3038842454593444
MAQ1010,0.41642770404194546
YSJ0631,0.6907572664976819
SGE9558,0.3279012212072669
BDN2933,0.45224154946207445
LLT6330,0.7497593236569859
HRY3373,0.3084566506625745
UHW9589,0.39706989208189947
NWK7279,0.47944599257117054
LQT5241,0.7711277604789939
SNZ7816,0.39098534464850004
VWP2460,0.5861804297904197
VSV7263,0.5561073012587315
PAI2981,0.750148341372512
AAT2571,0.4883635928506764
XNM3039,0.21537967226645602
OYQ3855,0.4672491252169046
OXT6838,0.6096931729447768
MIO5543,0.2946486748514645
BOM2763,0.6024456197701455
SFZ9405,0.62460226539221
ACB8398,0.3114589281433755
CYD6578,0.6111294684111127
OCJ4962,0.32747348423786315
QEA6309,0.596580781066201
SUI4465,0.7957881228305563
FMR3924,0.14155519424899635
PTI8284,0.6944595075977001
PZT1362,0.4602649017742337
PIK1727,0.19958689021980247
TDM7158,0.28510579132139174
OFG8429,0.5342605793054643
YGQ0653,0.6356834425339013
CRQ3454,0.30752200064955415
LZI6201,0.5575092907610454
DUN7031,0.6482522198959221
EAF4040,0.3913386404815646
AEY6897,0.4439107736202782
SCZ3033,0.3042757240942666
BHB5455,0.6109712122440893
DMA3129,0.32424348934789726
EPJ7195,0.49178578459746064
XXL9376,0.32425926180831005
FXG1204,0.4751431601311448
SCJ5893,0.29611066651873136
JAB5413,0.3553125434560246
ECI4724,0.725697288897483
VJW5200,0.3097908328376889
GPQ7753,0.20490629282873912
MGM0506,0.4334574638821437
IJF8157,0.37584465379384896
UAJ6492,0.5415632396934756
OMN7687,0.4709691999974385
UJE0913,0.5822100768682374
EYQ7148,0.6159275182366852
PLJ2057,0.3093586924764705
VWC6238,0.19219499931498785
JAZ3904,0.21499290016640968
SLF2540,0.5164439548794846
ACW2850,0.3151730418734238
IAO0540,0.6191655237539636
UZW5012,0.4717955256005466
UMB1656,0.4091861818654773
JYZ3579,0.5046122808762388
NQE6140,0.6488428669678623
TNN1819,0.5902426267108337
LQE8452,0.5624781520683575
DDO6847,0.4175662372473859
RPF7802,0.3379991396156811
FNE2013,0.25277799612044355
WWQ2829,0.5808294036424013
FPZ8406,0.4964838537429847
THE2609,0.32066657918857905
YFV2493,0.5045233744843153
TPG5056,0.555692080763156
CKT1474,0.7158062713271367
UWN8033,0.6593558224934907
VZZ8105,0.7452346825730657
CQB7810,0.8339837049377621
RPA2932,0.6029564080980041
HVN2303,0.5595078403953644
DNE2280,0.36421345953031853
QZS6625,0.45950010884034787
IXJ3391,0.4463176525863283
IBJ7457,0.26557471587814147
QWK4411,0.33223770192920654
THI8299,0.28552248997233803
WQI8618,0.38899634341088934
EHL5492,0.4101577852004598
DCE6168,0.2644076700105285
NQJ8766,0.5591599412003875
VTG2380,0.489584644355349
LNF2835,0.4566516747598545
JJR4127,0.3035058595727585
GJW8107,0.6012718513639822
WOT4362,0.6671576396895083
LTV7533,0.3614489582163456
HLS3172,0.6221387075440681
BCV9335,0.2178281180145863
VKX7361,0.17027768303506152
UPR0212,0.36664506914335887
GAD7822,0.4308209179503958
FTY3806,0.4083573774878819
EQY7009,0.2541601004559239
EDS6036,0.7085017523940599
ANI4768,0.4870312046916102
BTQ2124,0.2542121747768027
YQT0133,0.5102329163030219
WCL2270,0.5896316442947253
UMS8559,0.6225007447456292
GFR4574,0.6919187516243774
SEY9322,0.27009042902742736
VZZ3704,0.5233818535379855
RCA7209,0.6417725571693322
WMT0282,0.2554766578951999
ZGZ3238,0.28887380752889863
PCH5579,0.702861860947252
KVQ5659,0.7054964713322319
DXW7491,0.4518348115781163
UGO5322,0.31933693302195937
ZFA1134,0.14323504046363322
PMA9220,0.4644059458532986
EXB8441,0.5331169514761649
ZEY4073,0.23568405073006216
VRB9328,0.08225799378916204
IXY2561,0.4609566095165851
TCC6535,0.3302721275620012
OJU3724,0.7244720787110575
XDL7709,0.4213950428735773
ORF5661,0.2527352669496791
FLD1463,0.4368987900010983
BJP9208,0.7612209129563574
TAC9100,0.39965660110091633
SBF6739,0.3795332984412817
TXT2079,0.3075895401523423
KKH5705,0.44470319240901124
QSJ1521,0.3668537514864233
SPZ2638,0.5508619333686788
QKS3066,0.41492761437969206
HLI8086,0.29751506607435046
RVP4550,0.6292453318535014
HNJ9495,0.2869342834184826
YOJ3693,0.5095823627745428
GJS0697,0.6859898023037427
EQR1972,0.40083914499673756
OND0210,0.49727997903679916
ZKT9269,0.2476867840858221
UOP5878,0.600816720409785
LHQ8463,0.1350697523163972
VTK5721,0.31106877364973873
DFT1373,0.39316078102015867
ZZQ4322,0.6123328905521547
TEG7575,0.8587353275886493
ZDN8364,0.42650695545054224
PMH3356,0.6222039505843698
ZKC0601,0.4799026132779458
WCE9841,0.5591409242114735
MQZ4133,0.7747825625718763
QUJ2416,0.6432777684026811
UIQ1872,0.37431855147763615
TPR4093,0.6943409917845096
UNY6653,0.6903687058031005
KED9088,0.27789377614315797
GJV9147,0.28475884342917007
YYK1409,0.3220537788244781
BDP1730,0.2333664392744294
IIS1162,0.5530883783660067
QDK0707,0.5429236479401512
SBM6710,0.4019631184555968
LZD3025,0.4225039695783719
SCN0463,0.5953105656747353
WYZ3750,0.13553762015495285
WJE7625,0.5857281551930383
LVH9493,0.6778503942407113
OGP3197,0.33425582057460884
VVY0930,0.5857785402215777
PVD6484,0.5445466267536252
VFA1552,0.7161221343546597
IGX6687,0.29749283891383294
VGB9010,0.33157246452203526
GRG2410,0.32597296022654565
UGC8879,0.49934946605199115
WUZ4473,0.4834870568591895
XSF5046,0.582025797531773
TCF1709,0.5798526621848751
QGP8200,0.6745490168617576
TWD0882,0.6728740795588033
XXL7278,0.36198064968110494
UBQ9279,0.4148142224346239
YIL3942,0.5668850076500322
BFA1695,0.5585463303636043
GKS6057,0.6635193828884783
CEN5283,0.4344114796558205
URI5280,0.37683524864374085
ERO9064,0.18950835104686534
WSF6571,0.6091718818374793
BVH9547,0.1931922672591422
ZJS4141,0.4514112269229864
RBF2204,0.17568155824254633
ZZV5719,0.4461868504371222
PBW0578,0.4622433736784499
OJH9892,0.4311539651131162
IEW3033,0.4797425889764436
VRF2412,0.5050368189633307
AEC5051,0.46559567150521913
FGL7789,0.3039776221815709
MJZ4395,0.45866438036823265
DUX4345,0.3800796665948388
CSQ8628,0.5689437919454436
TOT1468,0.6343301491234498
YCS1207,0.3894028738926451
UVT9591,0.3946050663431652
KOY5019,0.6359846686895554
NSL3572,0.24700286840428418
UIC6064,0.6118020109644954
RFW6714,0.5567344273959635
EAJ9097,0.254601609746661
JOU4957,0.619269817275644
TEE7042,0.6182376528980783
KJD2151,0.2587509402914854
XQL4738,0.730684571974179
BFU8118,0.2716698913381483
ZET2122,0.4595752822606871
FUK4311,0.3777778897538707
QUE3466,0.22493482281785895
SWM1601,0.6054700193313876
JDO4667,0.19075454440654901
KLB4904,0.5192828901413614
MNL4989,0.23006146855651438
PIK2814,0.5080102857331239
SJU8294,0.5023857615750916
HLB3116,0.6605749831103578
ZCR4661,0.72614503542336
HRT2532,0.4113110870333152
QPI4398,0.5136511950604515
BHE2901,0.6399662541360606
BGA4649,0.49783429175860844
BIE1986,0.38966559985632254
CWT0763,0.6767339165115385
WPR4507,0.41525892987593693
PAR8871,0.580491090280451
VPV9675,0.6901154944755366
ZCN4019,0.7231215734719733
QXH9868,0.5726444860846336
IGL2036,0.2071203491102513
PXG0071,0.7430675172320773
JKJ4473,0.5463997219999573
JDM0244,0.38829049099896423
NFS4819,0.5075634372629335
VGF0668,0.4246667044634563
XEU5703,0.4669290207655502
RUO0833,0.31229648092989465
EQV2141,0.7023390619950056
GBO6128,0.4076880988606712
ICW7329,0.2983176732322882
PPR4284,0.6628636707838921
EWD8008,0.37776920919044216
WII0655,0.6350394127525292
RTW5196,0.4695640847727031
PXK4242,0.5890436768777703
FBW4362,0.6862552495242036
NKX1957,0.4064238033940129
FPX9711,0.46808169495208896
BDR5063,0.24687634034058017
ALG5020,0.4126416724184832
UPU4766,0.5059081181136682
NJD9805,0.16147031253385202
OXI7734,0.2864005761808877
LCI2089,0.6805119001176918
DMF6569,0.4069796420598435
GYS8804,0.6050809123055166
RXQ7168,0.5608218621687557
AXU3149,0.3407232555488384
QQV1056,0.658098271483813
UDI7181,0.6021578931066062
ZTG9882,0.43943040532874744
XKZ3080,0.1806635171128585
WXB4285,0.33993445118686766
ZFP0139,0.4717373699012971
RKY6757,0.31623173682761074
RNL9971,0.3878252102926204
MOV1007,0.43409279858355526
EUF9193,0.5433492569527034
ATY5952,0.5536616542309765
HDI2450,0.53522050785889
DCP3341,0.7046181277773681
YVW2924,0.5339928145849353
AMQ9367,0.13718602817451106
QRH8014,0.24131765746945366
NDQ2138,0.7851119763247414
TTO9585,0.3058751143676431
XIT6623,0.30663006485045136
VFW0657,0.39149795754767647
BZD1767,0.4805179433098376
LJL3808,0.2304379165388241
ALN1220,0.5215199392973257
EGO9071,0.2029766265530697
JOC9153,0.43646664659030393
INT7734,0.2035062216194949
NID3881,0.3344402756310857
VSR9271,0.2031476284504089
CNJ2189,0.4436289667302807
WQX1820,0.5444244301038084
DFR9329,0.442553315998478
ZPL9559,0.5549283223069752
VEB5415,0.2460688634946105
NDJ1733,0.5300539428270498
ZGR2446,0.3653018150967205
AQZ9907,0.5273992437282347
HKN3098,0.32763720391591866
GQE7545,0.5328663532396721
APS8818,0.5578981597077334
SYB1914,0.3096715851169564
SWB2082,0.27822333907442703
LLU8086,0.5944946186217896
NXQ5035,0.48174368225325515
GJX2850,0.41785731360627876
YKM9772,0.376260265024692
CNZ8777,0.40860111942008215
UOG5029,0.6510853116426817
KTY2647,0.1872075684807908
ZYR9156,0.2545292736661466
RHH0385,0.8151632369813586
LOH9986,0.7219762976758592
OLB3222,0.6029537760241797
TGM6913,0.3418992689763819
TRM5291,0.24848982649751505
JSH2786,0.18561450093418072
FAG8343,0.6877763154523141
XXI9968,0.5512708228377802
XVX0630,0.37680392428357756
ZGL2012,0.3993846768234877
CMY3122,0.7892689168885848
RHA7400,0.6195127411170808
WOT8084,0.6162694372146064
RMI9464,0.4920567677473286
ZRL2727,0.6098081540172104
JSC4855,0.5738924826711065
PIU6931,0.5234768759532341
WAI8374,0.3461085283177576
XQU0774,0.6867905544360805
HLP2424,0.5717882611007599
HRM1429,0.5204625931744141
VVC1093,0.40448219404329155
LZJ5353,0.232696669862002
RIQ9136,0.41533025851452565
TYC4355,0.4981050309874489
USX4346,0.2750800009897711
JCD4951,0.20199602543351067
AQE0764,0.3305791102092523
JBG8345,0.594776824234312
LRK3576,0.2185310588803756
ZLR7960,0.4602163842811593
LQG5244,0.19796225210727425
MHK1073,0.6264358609307319
RCZ7157,0.3924124885950337
SSB7551,0.5228634701678276
PXO5302,0.1037373659475574
JPI9674,0.5537371179695211
BLY7604,0.4555918145055805
OWQ7804,0.710590564607667
KTY3963,0.3146401949251509
PPM4319,0.27387396708317324
JLP1821,0.13646933085088983
MPR4339,0.6336604389697699
SPE3315,0.28088847501752434
GSQ2343,0.4793441489407102
RRD2557,0.49790491064419423
SEH3346,0.4750162446630035
OMZ7979,0.7093509306175269
TVX0902,0.4392449007968636
QMD7998,0.40896634463802795
GIY7765,0.4303782090744214
WRA8283,0.5134824008347153
VRN2912,0.5071949551673245
WOW0457,0.26376388216928914
AAY9915,0.38774265966516697
MCV8852,0.4130401784236702
ZKK0483,0.44631515264031385
IUV2370,0.307091881746248
BQT2347,0.3215237622289902
RAB0460,0.44568206150670303
VYY2503,0.23600480489561626
BQA4119,0.3609317404500562
OBX3043,0.5774810676885952
AWJ8508,0.1335123067335386
XTH2006,0.4115431041220714
LOS6758,0.2858297197710195
FNG5006,0.38584464645691796
PQA3617,0.1934252274915706
TMK1023,0.29434577215849245
KUG7819,0.7719451928935818
GEM2691,0.5116403909866165
XYK0485,0.5479393184780377
KDG4735,0.6374777936734739
WGV0890,0.36125246432860814
YWM6922,0.44207297798772566
XMW6050,0.2289294892433619
FVR5417,0.5778097030789736
TWB8895,0.419366516094958
PER0203,0.28285423666644377
DAD8582,0.31079674115944267
QVW5666,0.27587004365632434
XTU3993,0.37266594992613483
QJS0135,0.7786636249882865
SVI6098,0.2618808692384305
OXA0211,0.4897167464370242
MSD2642,0.23935629184103563
GAJ7911,0.7451435439178753
RNJ5292,0.4659047539723162
XUF3740,0.5008847598875026
MTP2791,0.4381520274405385
LDJ8976,0.5521384474855237
TUZ5834,0.5919563006740071
BWA2307,0.543457219878366
YWO6436,0.34867801524701575
OKM6664,0.19642147860428952
TGG6922,0.3318391911528489
TGG8868,0.46669488467837655
KMH3623,0.22608927891996217
SHU4421,0.5111634449075405
AWU4246,0.2828924713171837
TKC7338,0.1489106829715718
DXZ1314,0.6704709733370826
RAC3921,0.5006666635679258
TJN6899,0.45753920376124735
NUE6631,0.533628527459541
SPK2793,0.22886627664874976
EEV4381,0.4497574919034585
YLP6088,0.3289869868464985
DUL2848,0.40693006369766105
USU5289,0.5501085356181384
KNZ9821,0.5410616714899569
ALO7156,0.3112648494523418
QHH4547,0.6002996799325983
LIX0583,0.4025659625827349
DVI1262,0.6769818474530233
SPU6876,0.5652013003267267
FYF1334,0.4862315505111773
HGT5795,0.8144193708042157
IMP8425,0.48816658140957814
JXZ9197,0.6506631962623384
VVQ4339,0.3224702805429
DAO4421,0.2703017682121872
TOK7160,0.6067989870252095
YJS6181,0.6606011000771477
XFJ4423,0.2915476293445061
TZR7612,0.4405184942727711
OCB0159,0.315733593992036
NKL4707,0.45955348587139777
IDS2174,0.1861941060689058
DRZ5494,0.5720353416178376
DDI6072,0.5548973498965826
ZZH9609,0.41834683481882096
ZVP2569,0.6383850961248773
CUD1746,0.4495845588510788
YCV2081,0.26518856837667404
BQP9020,0.4830776373092461
YGK2060,0.3838010998453371
YKW5527,0.7904668150149922
ACX5115,0.46867371533459495
SCM0059,0.4893696095488614
LQI8710,0.41161045797988655
AGB9768,0.6887488903381014
ETJ7781,0.3071732763874648
BPL9331,0.4054815362562731
OMU8839,0.5148372947901712
DFP5387,0.2203287986368246
MHX5145,0.29542142114108244
GCH3336,0.1541481762313138
PON4432,0.5747063990041538
MLF6966,0.36915540763677396
HZY4130,0.7430102996665094
ARZ2060,0.4469706940523597
LKU6595,0.31371855437281604
PLL5967,0.1184459905628299
SLK2959,0.397154141809893
DHN1111,0.6093635076601751
MPP7301,0.444742420028977
ZZB8437,0.5458233745255792
NQF3212,0.6443234788322105
MNK0960,0.24453899103847673
PWU1684,0.42592728219903714
LWL2689,0.6824027363478286
QYI7393,0.2709173138855104
CMX2357,0.23736815716590887
SOH8850,0.4591314018615554
ZGL1552,0.2481966301585692
GNU1789,0.7083107019882324
CBT8745,0.4954643569987641
GGC9923,0.6001028542078198
TCU0568,0.18537006277326462
DXR6816,0.5826214023618016
BYZ3907,0.397025190135892
CNT5049,0.7761255798070601
BFM2923,0.40907506221802675
QUO8903,0.3756255477185705
GLN2683,0.5441642559556943
DXZ7938,0.5271544329026662
QXH6973,0.5354408991667512
VDP1152,0.8286848271603597
CLT4807,0.5404122601504893
LVU3472,0.3014402835102554
IZE7631,0.3651418485429941
CNO7276,0.18520802667517852
CUU7270,0.6831012502576785
VKX4593,0.30539959919638865
UCG4902,0.6734332767267148
ZDS1307,0.6321435870361214
GKK5693,0.5151119465886644
YUJ8464,0.6037653694799686
MMY8083,0.5713946450821756
EWU1072,0.3982613299533099
TXS7897,0.6078250833766392
RDH3093,0.6850832304992329
DOQ0911,0.37124153697532375
DHD4872,0.5894948478321733
NOE2039,0.2245531154085551
GFZ2202,0.33493359981092813
TPY4290,0.30558369893375975
YOH9978,0.3790115096887119
ETP6944,0.29190037572476313
WBK0769,0.19897158847029175
JKS7151,0.42299583703175425
BLR6983,0.2504817710713458
OCR6516,0.6921176716227078
XUK8738,0.46247112284716346
TXE9195,0.3630158344222887
WTE8394,0.2830702672415132
NDJ9703,0.3757279660352523
FUY4600,0.5665204731231814
JMN9165,0.7696035953769425
DLW2837,0.8770169776369553
BBU2488,0.620171608150779
GQX3493,0.3350951762741496
LTK8258,0.4568924391514335
FAI4079,0.5391593594309658
VGW8609,0.28607177615080087
XEC8503,0.3664453163285938
YIB2036,0.5398574662753669
RBG7787,0.823140515343439
QUG9785,0.3314233711858985
AYM1556,0.3567563786770997
DCI8918,0.36294344868286665
SFC3662,0.4818244718912112
YZE2133,0.32024577439060625
YYF5693,0.621955858870727
YIR0910,0.6016345932964255
RTC0158,0.43922843181182714
CYF8027,0.2967480307948594
JVA6010,0.515501614229572
VMR7339,0.5611424324592004
ZVQ7756,0.543179378411732
EPB1902,0.6863732998622379
HMA1683,0.555132622754798
UDW9896,0.7964972671906349
INJ2839,0.6334794234343649
XPW5468,0.34421366067962156
EWN3886,0.3338522039792081
RLG4571,0.40002468383508666
YRT9372,0.49579365237783635
YRH8201,0.708472950200646
BRU3883,0.4542176547274873
SKZ8473,0.27836981527030824
XRY4887,0.37449933302675653
ULE8976,0.6353039503712465
PNW3961,0.06539813269609275
ZLV4477,0.30963087139752477
EME2296,0.2746118463158535
OJE7672,0.4592327240136419
UFA2792,0.3885076151522413
HYK2764,0.4227662405466299
EMJ4193,0.7922916029896844
TRY9793,0.24181662876799853
UND8104,0.5108717865909433
INW7518,0.5509037846418894
YSQ4508,0.4402486236878048
KWU5608,0.7788785558492012
MKP8589,0.5511364423904834
LWG9686,0.2412743877980729
KUJ8182,0.3978711247922743
DPR0998,0.3106884565298925
SST6383,0.45468874661463643
KJK7433,0.6176756622591569
RYF9809,0.6705709924182394
WSG6782,0.5395091435090481
XHZ3894,0.8465793649875981
CRW6764,0.4229531255523901
IHK0142,0.23712542524731214
KPI1673,0.4431039777982557
VJJ0920,0.4963121221837324
QHN1317,0.6164507487362954
QVL0117,0.40888977524041437
CYG6976,0.3245061518710981
WQJ5266,0.706127478772911
EFV8152,0.39909988717410694
EYR8430,0.13285979886997357
CSS3873,0.3733456762924107
DAF1550,0.28560138665492446
ARG3013,0.2293166796017838
ZQR7323,0.4884732482257724
PSP9513,0.18685557334843292
QOI4229,0.5652115992873387
RKU4120,0.26700382111513965
AYL9666,0.3543334412092125
LIG8137,0.2742294438404292
TLN4120,0.39960803826337193
PII4855,0.4921270761459441
KKC4781,0.6196051434280495
UGJ9148,0.6283687313908056
NAH1937,0.7105855528572014
IBS6724,0.3095986574366948
YOM1813,0.6471689154664279
UQB5928,0.22154536704892902
EXM5263,0.41296965100807304
SKZ9545,0.4010444295433141
YXX8481,0.6044003655371212
EKE1509,0.6040610578537838
XFH9691,0.3417865956280862
YSC6667,0.577025743357878
HJA8242,0.584679533347737
MMG4678,0.7672891179448406
GHM3350,0.23395275621526032
CPH4470,0.29532235111010974
RVE8333,0.5758925793411231
BJQ8824,0.5924394205619965
APV4434,0.559960343970311
GQX9495,0.5855275507475184
LFE6178,0.49632327124590486
SUR5735,0.5689282591391773
SOU2853,0.5353805761554983
MYB4068,0.3443045010236161
HOI6711,0.35730879294256873
IVQ9537,0.49433634694709877
APQ9887,0.4390848057172854
OYI5611,0.5169168229396176
SQP0394,0.46890766153812435
OAD9860,0.7172335532467545
XQI3680,0.5437573694194989
CQA0273,0.47613594434745843
JZE7318,0.36100500797307383
ASS2736,0.42730653679908515
BWM4784,0.7957075714356923
HOZ0409,0.5562747251152864
MQR7431,0.6275602363775473
XHM8073,0.5226472190688622
XJP0014,0.5486928250527149
TZC5853,0.6359627195890661
GOO7415,0.6418416896147474
JHN1039,0.6664569095756342
GJC1812,0.6531412842913377
NGR7410,0.463168110302006
JOP3400,0.4057447072133631
IAQ2910,0.6488996689688566
NKK9441,0.28291033875410976
JWQ2070,0.35167747949852524
FUA2972,0.46769427503816857
OBK8154,0.39851519590310414
LTX0849,0.6208593487852871
RYG2522,0.5738194891717295
ALN2547,0.5066067416511845
VQR5900,0.5854049372549497
YXW0430,0.26942010198339433
QIF1562,0.5302159717029287
ENC2948,0.7089706162051391
TYA6116,0.3046420959808005
MYN2101,0.8187249323400456
MPH1858,0.3725107517160422
PVD2935,0.2552285088458311
PQA1895,0.5200867251933702
ZXL4357,0.6169951713827391
FWN0813,0.2350217047397596
FJQ4108,0.39930207233596576
OOX8926,0.17961930804826942
XCI6898,0.3997855601197437
JLT2782,0.449156002908529
GXY9486,0.6341545362188578
QSF6937,0.4191770786167254
DNL4265,0.4009050364313187
HXK2025,0.4834932426715191
UCF6307,0.9032002765347252
TZZ4995,0.5781909928263222
VPW8963,0.4403083939383701
SZC7086,0.3255807653523683
RKI4428,0.7841578190511982
DSE7424,0.5844794533742902
BYK2560,0.5082712473229404
HCV6851,0.5819861404479403
MCN6330,0.24467159664009563
QHX3606,0.5916353320642782
LIG7352,0.543282429296095
OCB7121,0.07437964447517757
RND2956,0.3552226904478581
VJM9312,0.5278985681507966
CNI4759,0.4792966549464468
XGX8361,0.6264329248880498
RSN8872,0.6923018804511935
WUJ9752,0.5439488519117794
ECJ7109,0.2635466355137307
VKN0521,0.633636855672177
FMF2687,0.7068774034079266
QRN3278,0.47198815551974943
OIK7662,0.6843321727041602
WFS5713,0.34840584071493774
RKK1023,0.287220096088017
JAC6138,0.5896246940684152
YLK5805,0.39086363773803146
CJI4621,0.5999018381009599
QAD4256,0.8349572612218011
FMS5517,0.5996562873427074
QEI8904,0.2810625964366659
FKQ4280,0.5564170052217765
DNM6555,0.24588920564956096
FXD2467,0.3882520975422514
MAA1936,0.5625361545031591
LCQ0642,0.31231796701476683
IYR9562,0.30451197929845447
ARI3219,0.26451359843197647
YQX8862,0.7675446216411811
QNC6999,0.5314547795376067
FLM8038,0.4131462349898886
EOW9067,0.5790396914039447
DIY7061,0.7618991022688331
CMJ9389,0.42415329922953493
FKB4069,0.1351687049255167
CGT6928,0.6097800332563087
TLQ3658,0.5001794339356996
MHQ0302,0.6028207556464688
AFK3676,0.4082793664117622
QRB7722,0.652880717861811
SJC0158,0.5294169902205441
RCH3812,0.6680330753566378
GEN6842,0.36018998889952336
FNE4328,0.48468813376014636
WXG9684,0.5541462918965506
FCV8286,0.4856694100795646
RVQ0084,0.25721369324893556
PGF1168,0.5289983449252572
FTZ5809,0.5188090468822243
ZTK7324,0.4361545545598749
XRZ6099,0.5766586182683554
IPD6107,0.5614059632933119
PQY5066,0.3861272563629893
PRU0629,0.6938245984085584
AYP8708,0.7529166179834353
OBQ4700,0.2786436250756598
UJR8468,0.250430578139071
PXT5309,0.35340105406457856
POT6788,0.6919011844616297
JVW1000,0.5732525102448243
NSK0652,0.6855029129163805
ICA3637,0.23483208012455847
DCP1085,0.34335273767896557
DCZ6187,0.31797344930212695
DFZ5791,0.7921800332848743
DUI8399,0.43027102251592386
TGF8462,0.4406234699164195
STK2892,0.17425995793256524
KGC2143,0.5584383649600063
MRJ5417,0.6560939589886237
KNE4875,0.2552156777495343
WWU8717,0.39329003180908645
XBA1009,0.3592156881854734
URC7565,0.4743041947055387
FGH8879,0.3850389473616879
TDY8258,0.41187125102613975
XYG9380,0.14589559652230838
VXC2814,0.40269046223460997
LIX0857,0.5521852837716313
WIV1316,0.44186842812926713
WJB0796,0.46386515511125415
WDF6414,0.3838153240548078
RMW4668,0.5822633770113772
FUU6581,0.22342222575326
XMJ4060,0.5583281382065501
SOY6474,0.5570459620166264
ZRZ7446,0.7275852755431673
WUN0078,0.36049958277611754
ZQD0286,0.4784688204575682
PUK7832,0.440173978224915
CBW5745,0.8216249084203315
CZN9299,0.2907976735047292
WRT2255,0.5687182753597285
UQF2952,0.3624670457171406
RVM1295,0.33438745557264654
PRO7906,0.32658234426448624
QCH0078,0.7318028508358664
XYW3022,0.4149114613212094
UDJ1243,0.6321572200592658
LSM4498,0.47747394526197406
PHI3536,0.6435431793351989
MPU6302,0.4304662563311804
LYN7774,0.07451285286586766
QUS1468,0.8081780108535218
OTC5448,0.2731057472699426
XKE5180,0.31040733539161
URN0347,0.17704597386348037
FZE4687,0.43113096842650417
BVQ7673,0.6990287768048296
EZM9452,0.23421385568898634
GPS3302,0.35720324916737556
GUN5844,0.3587330295066775
AYN8791,0.3834029485766968
LGX8830,0.3469191976174886
PIY9509,0.36936340970423354
RUW9586,0.7344616432954266
LQL5669,0.4352062114908219
PLO8760,0.4119421040530232
BGZ2838,0.43065389947859456
WHS1751,0.6910331037049472
LDC1774,0.8210453469756694
AXJ6702,0.3691763856255395
HCL1779,0.6504132456325152
EFH2183,0.21123280084833196
XOA3736,0.5202147428391771
UGK6327,0.4097683004311248
ESV8661,0.6861878169240014
MZE3278,0.4444532805248318
CTL6582,0.6476692374530938
BZD1651,0.6022074844474357
SOM1304,0.18924383955415228
GTQ0095,0.5677905189918772
YYP6016,0.33175353956474923
ZLW8020,0.48577737546888894
LGF0331,0.6200858044885762
WRY2911,0.5613027352626481
INE9421,0.14784348730935304
ZYZ8989,0.7898720572336064
TBI2765,0.4049271441505783
ITS7667,0.36736970467890817
ICK6739,0.4462714566300918
BXK4237,0.3991128241921425
VNI7499,0.382879797370669
GCU1033,0.5374319603764969
HUG5452,0.853941551557854
VWA6897,0.5725309342296554
FVT7281,0.4901254537642647
LMY8193,0.8670838321095177
NRR7838,0.5900004847012246
JXS1528,0.4995858444621816
GTJ5916,0.5445106368929624
ZVO6581,0.49991638820956485
CRM6164,0.5763621757892717
TFC8917,0.23672861848875043
LTP2350,0.40728098017647596
CCJ8697,0.5320948040874938
VUR3194,0.36716139633480355
MEG1780,0.5201497989290874
ZAA9723,0.4048910044851749
RPX4079,0.2831311384685914
SOM0507,0.4645456952019883
LCS1549,0.4461689489614627
CCV0759,0.4526741684747886
QAN7266,0.5075035490430635
PNL4797,0.3327741372882132
RJQ1884,0.18873922215130956
DQZ4278,0.39185920388483275
WFG7626,0.44007172247381127
POT0131,0.6158438233004195
JMS5345,0.45834649163414315
RGD9707,0.4480459616922816
TGT3516,0.5605750933750255
CBI0263,0.3564103707999468
FTN7519,0.3817707973877993
TWG7257,0.4802565060347829
LCN4343,0.47571131901908825
ZVL6847,0.6325304936716158
CZO8241,0.3996743877567232
CDO0664,0.3950061803884786
IEI2406,0.250963420807438
JTE2790,0.15097771607412994
PLX0698,0.5846579950507711
GQF0238,0.3196532073902613
DWC7982,0.41635998443760003
FTO3822,0.13257479950601453
WEG6221,0.3841291437085312
AZG2944,0.7759263491339381
XMV0741,0.3094145051549889
UGH1295,0.46253614000060633
HQR9335,0.3746934650146159
NKQ9327,0.8301483666849906
XTY9372,0.5043542664247984
EYB1405,0.6194476274780508
AGO5581,0.4511002864390182
QCB4606,0.6850711867730469
XPY7960,0.5178582062325342
SEC6669,0.2951144023684901
QLW6555,0.5704821494675658
XLG1609,0.43596481839898904
HPI2607,0.5641522439004389
EVB4443,0.7571898969251417
ODN7655,0.4567670599453046
RPG2644,0.5812104626834184
OYL2687,0.5467870698329924
GTM6270,0.3689599366389275
BHF6755,0.26155885221756153
GJK9666,0.4626900532833301
CYF6186,0.30733049305344295
FAX1132,0.253698562555612
OND2893,0.6458346639197364
MWW1847,0.32615052834570796
EDM4225,0.4235610702890699
PHR9695,0.6340210003168895
AEH6740,0.5206555048333609
ZMQ3615,0.4161919841037743
GOT7201,0.6725516308088191
ZLQ5494,0.7058738386660125
KHZ2516,0.39650920494468367
BVJ4973,0.578667549705502
CWX4561,0.7091106700021403
GJI2743,0.4489285370896606
OMG2647,0.6064985151540037
FUR1115,0.24958634612804445
FCZ9083,0.47845889548520854
UFL4356,0.2421817780579264
ZBS4925,0.4172056817103261
HPB5006,0.11217141955292358
RSG0748,0.3659826898649773
CBF6533,0.27930441195784195
EKV4020,0.3878909838111286
EWQ4926,0.17102061672263033
MSK3451,0.44728831301662125
YQE8855,0.26350690256911163
OXR3527,0.8067710851581873
DOZ1481,0.5909828813072048
OXP9987,0.2799394223373661
ANN7983,0.3994860614561914
HLD8743,0.6694437137455941
VTK6628,0.7413672390125144
SRO9037,0.2604640807551388
UBQ9686,0.6782895931236861
MVG6267,0.32829023412216773
EMO1696,0.6779640490253035
TGD1798,0.43755430096610715
FHK2988,0.3579521245463316
XNR9052,0.7911667514040082
AXR4132,0.3439159120999266
WGH6565,0.4573584388351128
FML6794,0.5226171970746021
DVJ9838,0.714208636222044
DIC6615,0.4206245998025811
RBU0373,0.4710715599263659
LVE5589,0.6129603268694835
ILK9645,0.2821440495518625
QNO7435,0.736249490418966
LPL3544,0.18340641538149924
DZS1655,0.503479062260687
BMZ5036,0.26579003620609115
ENQ2648,0.08848511184933132
QHS5121,0.31968744855594183
JRU0425,0.10986591846840807
AJC1854,0.5020677049821175
BCI8265,0.4979347516807384
LAP7008,0.5264349013313263
PRQ8360,0.6316516192536417
WRO2076,0.47171929901926046
NBP8599,0.5907481123042206
HXZ6061,0.47585864271275724
RQB8738,0.6132420734473273
WQX3133,0.5213105940604875
OFG6256,0.32915307858061715
CDG2022,0.4922669439952803
TFP6421,0.27396814994632507
OWX9646,0.3770074458152113
LTT8237,0.6079126186770184
BOF3129,0.33327050443238226
VOW9109,0.66554908104639
CWN0691,0.5171486824452795
HYS1355,0.4100358106462748
NZJ3062,0.6838102699650263
LRT8091,0.2852246218049259
QSG6295,0.7155005761406583
RWL6854,0.24779315389948936
MNM3630,0.6394445846191171
YUI6791,0.3961622983354262
FJX0190,0.4089138256433411
QQF5096,0.6509152721200212
AJS6206,0.7583483923700088
STF2875,0.7658109584769872
OUS3364,0.3105845475504085
GUC8571,0.2356186914668974
FXH1573,0.3924466753058091
CTI4900,0.4932113766203094
BAF9737,0.6739847754776945
XPJ2696,0.42389144859713623
HXT1930,0.46299950890518426
WMQ8645,0.6956157856657724
XZF3932,0.39868372379798184
EHC2456,0.5360274199649846
WLR3209,0.374597092627372
TMW3776,0.5082134181791635
BYI9884,0.48304332941593175
TVL4976,0.5418839077522221
JMS3751,0.5054618448394389
EHD8569,0.5435466579027949
UXK4747,0.5856502045770479
KWC7487,0.21131035085908673
LME1343,0.18201522142563553
SJS5024,0.5206291584017942
EBP0107,0.5012483857522583
MXW7089,0.4769548568505022
XLW7075,0.5417287636931007
VLE0044,0.22856826903165545
MVW2125,0.737911908551617
ROL3261,0.7617624569583366
NEF0732,0.633907554287651
TNH4937,0.3836783336816701
NHD9630,0.5284123678592874
VBV1330,0.30140237582480434
NGK5798,0.2918414328734025
TIB3609,0.6909716650574061
CQX9257,0.6960707383969794
JJB2918,0.5775465057265983
QGE0385,0.20679990619012822
XPH3100,0.2467541475695123
MXQ1607,0.19198103096462862
WQB9441,0.4742893267763075
IFX4669,0.6266976881514389
LTE9151,0.40412862758602497
QXD6741,0.4422703224670468
BTJ7572,0.35657834781086645
ILG3077,0.6192141536550583
IQM1201,0.3670229786290506
BLE7111,0.18478306791390892
KAW7370,0.36900477237865636
OAI3127,0.5889484655458329
IOJ5332,0.44596952801349954
ZSF3534,0.21213934411313534
RQU4937,0.4084471421221277
MPZ5602,0.3229017051714721
ZOD9642,0.5550382273479175
TEO8067,0.6115950118620245
TKM5696,0.48840810104789095
AOD2802,0.27116922898503265
HUK7613,0.38841650801853617
JGD9511,0.47162116037031554
AYZ8798,0.6360035277915774
ZDM3945,0.38182693521437716
LTH5029,0.4550764800672849
MXT2148,0.5506513302378238
GVM6956,0.4281222553000032
WDW2862,0.42107335314414995
QJQ9522,0.3873625856375088
FRU3187,0.7135690576588062
DPK0141,0.6888425349398744
LTR5585,0.3800387276162309
XJF5775,0.35735940004743844
TOQ6204,0.7374624854053234
QXS0144,0.5978155823040503
TBX5804,0.2671711281033235
PMY9951,0.2773039871428635
EIV4595,0.5499463668585968
YUU6633,0.45708335154263463
UGJ3843,0.46935786316546135
UWK0037,0.7699316907897806
VNK7348,0.36967485052483545
CPA3848,0.8858582924200328
KPD9994,0.6843959763233728
KCJ9439,0.15708226270736167
PEW6534,0.36989629364221616
RSC8075,0.5562223265161871
YCJ9085,0.21088772596202612
PRL0472,0.6758100401513979
FWK6361,0.477030964804361
YLG8442,0.39642515726355965
GEH5854,0.4879724196604655
SAL7389,0.28745590656942455
YMS7341,0.40098658295360423
IKD2768,0.38587451363090286
TJF3331,0.5249729990269639
KWE2891,0.2996559560857106
ZKN1526,0.7106738935640168
FYN0193,0.6051168226590916
LDW7977,0.583467037356818
UHQ3906,0.4038857512993068
AZQ5561,0.4594782453313863
PJH4687,0.605845163000129
XKX6806,0.6905244295222976
HAM9575,0.356972378063653
NAT7573,0.392315664979979
EYL8899,0.19808652600311977
GTH7212,0.4375121805205075
QID8015,0.2744876445554887
RNN0054,0.539999975579197
CSG0726,0.7850354019938887
ATT3526,0.43506499557556977
EFF5669,0.43794879236109896
YZY4981,0.6733143252047058
NKD2183,0.41322839775345294
ZRM7482,0.38212027898604933
SJK5331,0.4154789828205199
GUB3614,0.592453638406618
NTC7862,0.8498166845169386
ICO2684,0.21495590253997748
MVW8128,0.2205424001698998
BDS8123,0.3788850508731422
YVT3141,0.13934754205460634
RGI2704,0.48570907885074105
HTP8585,0.6427486538851285
HZU3585,0.5885516013413904
XSF9432,0.603387760997057
NGC0638,0.7048769470496936
DZE7578,0.42800176494929826
YDC3343,0.667922937258834
FDG5520,0.5375615835408466
VEP9395,0.3718794245857114
GGK4791,0.28506427524107825
WZS8541,0.2639393780171729
QHX3936,0.5513381986318556
QDG4818,0.5368505107005824
ZUQ7887,0.5614020564045006
AGY1309,0.5098928233755946
UVW4100,0.417534988694073
BWN9219,0.762424459736762
FHL4572,0.7152040573806835
HWT7241,0.47384388255936605
UOV5896,0.21989221013318463
RMW6133,0.2010486599274153
QXR6850,0.12861532737307294
YFQ4304,0.17160849909970308
BYG6143,0.4743967379772579
UCW0671,0.5536690085425615
QDL1220,0.31535034787941135
RPC9516,0.5073076579918155
LIX2357,0.7212656485915709
ARW4463,0.7214968835040474
NER5135,0.38677803714538866
TIT4262,0.36880211840364374
KOP8740,0.36641814356789665
ENR5341,0.38719608825913976
SVI1672,0.6405575127972513
NJA0713,0.2666389845736765
CZY8688,0.3735443405602076
FMS2015,0.1826377704661558
QHK0296,0.4123245497306012
TIB0285,0.2875796782711329
KWF8147,0.3891469876390642
MKT7416,0.5069702873360667
BAS7787,0.6242516778160659
WBA8393,0.4398397561484279
BPN3486,0.41621528859939605
HMG0854,0.6747469765248808
BZA4231,0.5180998416521827
OPQ4102,0.7334918238522518
LUR4054,0.2862342391266271
UKX7997,0.32258052218137423
BAT8245,0.46797476647067626
GUE9488,0.6552553172539408
DNG9558,0.7817732487414388
NEP1395,0.1978391808101326
YFU0433,0.36667004415249727
OWG0002,0.2570295977307481
XYQ1238,0.2330615473207237
MTZ3600,0.43411226806726616
LUB2819,0.6533869465357588
XYG6240,0.7210852321118396
BYU2818,0.27813012628836187
YNE0190,0.4077355861202497
XPB8615,0.43666289909308664
ANV7632,0.405422267947111
UBK9497,0.27328906530768104
QRB7048,0.4514096677677229
SUJ0543,0.6634775953427762
OUY4612,0.851579086165296
CEY1822,0.15771735764673792
BAU8123,0.3428512009029517
IJY1244,0.42316120679391817
JAL3784,0.6661351732079382
NMJ4281,0.5661778122403828
MEE9328,0.4315812764120082
WJK2404,0.4961574746060665
AKW2898,0.6028731040298662
RDN5018,0.3305439293548007
YDN6409,0.7504876085195489
HYA0471,0.7010614374610532
KAZ7187,0.1794408754433356
TYM3126,0.46574721021030613
KOA5634,0.3684896105635051
EMR5325,0.5821426077303766
PFV6163,0.4448088600886094
UNY3920,0.3631835618030024
KUT6020,0.2913562376567239
LJG4273,0.4086694961906913
SDC1469,0.1834955760026679
CMU0635,0.44000922195319964
OSN6352,0.4591716180577782
TME9410,0.5789490427782402
WDI8148,0.32686250475306194
PPQ8383,0.531377001059842
HXN4016,0.7221526287823031
EPG2440,0.7087713069152617
DFC0443,0.5317435090677415
NQL4457,0.6356994825786877
