ID,Target
DFO6773,0.47190971298071827
ACG1537,0.5881093369650383
DQL8503,0.5569801920912483
SIM5667,0.2881879502139486
CGP5642,0.1777705317229329
RPR2789,0.22892470041974772
HGL6434,0.3477614675180796
PUI8765,0.5345141892557788
RQE9284,0.5643571998869203
IBC5636,0.6104123009633499
ROD6708,0.6646937392896698
PVG1848,0.4846204219487648
THG3807,0.350003674158188
VAU3040,0.6395967640496099
DWL2697,0.31018262471055047
ZAN7304,0.7157479757072516
TVE9995,0.21661475208006403
PCF6080,0.5467655575836659
UPT5060,0.4892428977845576
HKP8843,0.5301134855541549
QJU1928,0.34340711189593254
ZON6991,0.3570780462067459
RAE1398,0.3287894294601985
SWH4514,0.476562827533476
IIG1667,0.4452689587992109
VMS8326,0.4462768895071104
GRQ7156,0.4023886939778082
CAE5003,0.45595427889914797
FRS9838,0.32171950389834203
DFN4452,0.7281153547859858
GZO1321,0.13231330283236417
RGA5708,0.615198708270172
ZJV4081,0.4694774531383563
WXI1643,0.2788230597123862
SBD7132,0.38710862451230105
HZL3502,0.7537231858383131
WKR0537,0.2500642093415936
XLB2397,0.16730203792248594
ACA6327,0.4275872487591068
IOC0400,0.5623924623312943
UCF3461,0.2069926075929876
EAH5172,0.5565229027620179
ZMH9077,0.7119687385227
ETP6377,0.5137276668414196
BRN1398,0.6130303587491355
PFW7493,0.5994844711701179
DTB4517,0.8459784797169079
ILK1949,0.4510948675731111
PBE7941,0.5250297666986428
HJR0365,0.7181742718167035
ZMC9606,0.7693171543848556
FLT3646,0.4278291595496737
PYI1436,0.49397911793340576
MJQ4939,0.33417700846504195
TSY2603,0.8258993168428497
YDG0242,0.784315949925811
SIZ1523,0.4703526291551625
HSD3272,0.5814642217721794
QGG9170,0.33771157882015584
KUP3285,0.25478028118176566
SRM1677,0.5610597791314723
WUA7908,0.4159582513453476
SID8395,0.1906269717447987
VOK2057,0.6745450448785186
XZK8217,0.6499612824277456
NNT9148,0.2931431338364745
TMJ9163,0.46791613881435545
CNL5625,0.3179455365981855
LDU1725,0.35349683511039387
MCZ6471,0.4818544035543651
CLT8952,0.470642525281738
ELK6989,0.6149106303944306
BBW4784,0.21171842762080018
QAY3817,0.742825550218476
AYC4715,0.41694983855478807
BEM7158,0.7520751396068368
BWZ1441,0.4048525128530616
UBF2009,0.36406760898441337
LRC6071,0.7511596068221296
ODN6164,0.7039621930280232
AMQ8363,0.7811709563804597
XZQ0660,0.5203080189653221
BZN0084,0.5294561647036637
PMP2691,0.39448569969053926
ETA5284,0.6373821618950118
OJY4163,0.47795424491255994
IFE1361,0.6210704510379366
GIZ8603,0.69767537744413
OZI7954,0.36846349772112374
XLJ9298,0.6049207829146901
EPS9448,0.6879932312255358
DKV5123,0.5267333761599393
JMM7357,0.163015903004685
BSP2705,0.6719523498204426
NNH3400,0.396055992633078
WYY4670,0.429567769301916
PNS7835,0.379539774881102
ZJU6296,0.2322305230474276
FBV1095,0.6481113030124069
AQY6650,0.5550466155329112
WWO8325,0.28017971982065615
UAR0401,0.298024420697095
FFJ6554,0.23588393375685854
HQA2546,0.5293526793812373
TIO2245,0.5206871084769595
UYC8813,0.33326372518108416
TFZ3535,0.7375477985270791
WET5158,0.37232203571959344
TYB4328,0.598933225519191
DJW5769,0.5556612949651833
TFJ7526,0.6428973512094255
IME8210,0.5730686415825968
XAC2820,0.29144219115560294
BCN1457,0.3560525568531441
ZXL1102,0.8042074981699439
NNR7100,0.4593753589856048
LZL5785,0.6257859242931102
HOJ4432,0.358646315659723
QCK4637,0.3238305496982592
ZVA9791,0.43607909904405084
QRJ4411,0.5436380111730502
UCZ8863,0.4465766928788359
MKX7122,0.3782481531716827
GXA8899,0.5371920355265011
EAX7700,0.24421890996146622
QOH3789,0.6251065494768933
NGC4355,0.47625846483786094
VJQ4277,0.3386996074220525
QZM9978,0.2990152990464216
TAQ3968,0.4695134148278422
XBQ7957,0.6639340906663951
GUP9966,0.7253585033978399
IZD6170,0.12398580362848782
TME9261,0.24360944974558263
DJO2039,0.4124219581541976
RSA0679,0.2506878196163852
SBW0791,0.8581171608706948
QSV7106,0.4515952522559936
JMP1245,0.5585312886571903
GUD9321,0.5311418605392588
LXM2954,0.6041888561924939
LGI4642,0.5810860855477735
BQS7913,0.4637135140467322
XJS3739,0.6075715619987496
BUF1276,0.5196010545806613
JTC1315,0.294301896295213
WCG0333,0.17768999938388064
AKV2947,0.20906265648344985
BTW7748,0.48954727461064984
OGY1474,0.3620692726919652
SSC6417,0.0922256435133332
RIO4406,0.664419860625545
RWS6732,0.35972867078507853
PAY3626,0.36519385042931274
IWQ0772,0.45584321341531675
CQC7476,0.37711594965866574
FRA2470,0.42861964381350726
LBI8368,0.332785198700685
VBO9478,0.3983913788924469
XRQ6385,0.3471972974562356
ILW4257,0.2838982057773132
GDS1490,0.42748502445671677
PXX0426,0.6637873750131142
XJM2247,0.2113165577050452
DOL0347,0.6205266467834005
WFV1019,0.24610147614148187
UVT5968,0.2632845143922497
BLH0526,0.40937299754350853
JTN3703,0.7758435177700891
BCU6206,0.7700800010273791
UTW6518,0.4498270093100963
AQN4052,0.17754385110073095
TMU2581,0.3513840755510944
EDJ3712,0.5254587475696639
VTR3659,0.5857510502596195
FDI2651,0.2584034417779102
OHH3383,0.48729175441215644
XVH7995,0.2978549977770776
IVY6009,0.5172058587825128
YDN1128,0.1891390665315132
NEF1312,0.6041895350221237
QEA4547,0.45831390947890066
YKQ7318,0.5945718065266181
ZKQ2426,0.6950214301756898
YJQ6360,0.4851841082921667
YDZ5100,0.28615735328938857
LTT2841,0.5921192200405567
TWU6658,0.17400186341616852
LCW9731,0.3192455468935008
MKT5578,0.3627778221648495
DVK9351,0.5176190657098764
ZMP8248,0.23410718472043396
KYY7821,0.2272406124558236
AVJ8974,0.5327701856826335
DOK9100,0.2710772253861097
ECD7626,0.4565638020304339
YNF2554,0.378028539075722
CTU6321,0.7396824357417038
GMF7103,0.3190584522645762
BRF3061,0.29214853707845245
RJB8313,0.7081822151231367
KMC2649,0.37057107918455345
AAL3606,0.6302401472311044
KIF3467,0.606007873878482
YBI5203,0.5678465577271912
WLI2207,0.4787890007372082
NXE2716,0.14694317485072755
QDS5954,0.35132734836845014
EKN9573,0.3686678184531842
FNC0226,0.4317989110640408
SJU0287,0.40123040769288854
EFB6786,0.7161761025553924
UVC2479,0.22917058277122765
GST7887,0.2164384267514718
IOM4923,0.185561171670522
SZO9257,0.4941650105675852
FSX6639,0.32535362148390784
EIH7872,0.6012212179439632
DYV7545,0.4740368477270478
SQW3453,0.43416625522712304
ELA4440,0.4871469414629545
VOX5185,0.4134041502354978
ZKK2844,0.4644929061310018
OOC9500,0.49331501511123
HIG7345,0.5727077248318202
UVQ0146,0.41016513129389875
PSS9989,0.40927455684988
VQN9394,0.7264390746209859
UGY8965,0.6481260628738699
VDG8451,0.6612419677706756
OLT9843,0.6105355076041679
LOG2264,0.3372010356885054
YFS9689,0.7016262593894564
GBE3000,0.39176298215498445
CBK7888,0.3366859558348378
MSJ3134,0.36389484888528834
MJH6242,0.26828646889881713
YZU8809,0.7333911342110455
CWG0188,0.678145660100754
SYG1986,0.6905078492275928
NBC1180,0.330829949606047
SLW9447,0.49329235269113747
WYY2045,0.6170913729536215
MFT2817,0.358206161900278
ZGJ2969,0.7734563324060666
CUA0202,0.3615459620996908
GGT6416,0.597523374683244
LZU5185,0.5276906008621525
XNX2676,0.41407534014032776
CFI1200,0.7580689295158805
PAP1874,0.3445319220514991
UPZ5905,0.5272995744962865
DQX4472,0.7845181566627142
BZS9230,0.17912669376959592
KQE7116,0.45515899777362395
VBA8686,0.7906991556897232
PKJ0136,0.4249070121987254
TDE1710,0.24625221137534709
UDL9511,0.49251029961845205
OJA7544,0.6095605388451375
WID8415,0.6987359360536163
IXL1208,0.5811072456181565
UWT3931,0.6344232806117616
QGG5977,0.22782327649353729
ANA7964,0.49352884977434797
HEF4116,0.702008732149977
JXQ5032,0.29105903991550997
XRU6956,0.6049451360457094
SME8030,0.41452280269103015
IRZ5669,0.7006561490888349
FFX2740,0.6080904197920758
JXE7156,0.31082945292031794
EOJ6968,0.4113356977283049
UKH4457,0.32867650851036645
QSD0662,0.4657493079980636
CDH8767,0.4361642322335578
NCZ1766,0.5230366453080766
CBE7721,0.5953957456519263
JAF1807,0.6924381678274066
VZE9639,0.2796155696239965
QVH2896,0.3317434213741698
SUF9796,0.36416012752584415
KQD2227,0.30824862890700605
OXN3636,0.41313541321247804
EKX7884,0.4330446965654553
UBB3172,0.31644248239177886
AWZ8951,0.26955520918908477
COQ6853,0.5090160659185242
LHK8813,0.45416638395485487
MMJ3810,0.5368294594478578
DQZ9725,0.20228803385410843
CVH0937,0.49230249840526197
MMZ6751,0.5747835125281167
PVN8363,0.30209068390433835
XWI0820,0.7343061610236865
FSR2001,0.7364795786824975
JYN3021,0.4748395180848643
KPY1302,0.5946629534078786
IDR0248,0.6350626710362954
LHN8416,0.4365336383610392
XRI5806,0.7167979355411882
TAE6093,0.48146868400367815
BUU8360,0.845311599882114
FJP4956,0.6238620250871313
VIG6768,0.6453272828739368
WYD1366,0.531933478456426
EHS7518,0.5746379324654711
QJA1196,0.5281521909701015
WCP9282,0.713729408301136
ELK3640,0.6822408606535455
IRY8613,0.7760016061129812
IGR0423,0.4127148797319108
YAH1716,0.5873484506525006
OBG5674,0.1617625845305818
OQQ8607,0.4324706306659037
LXD9398,0.35259256756567675
NGV1153,0.5269123438746475
IRE9130,0.23664344067480886
IWL0174,0.3294887962028359
NCY2045,0.23315907791916457
XFE8683,0.3281852841829542
FPB0008,0.5034095126551581
VIP0940,0.4803381153314429
JQR1894,0.6960531969033081
ROX1611,0.17808910904126096
ALM5771,0.22335023140741306
LEY6688,0.11291457747127456
VGG4396,0.3219794286088291
RHU7416,0.454787432201302
MWJ5507,0.7236813224642551
ULY9181,0.5602324500926267
IMG2600,0.630640210520105
OUP9451,0.5820275492489742
MIR9240,0.5742972158408268
ZRL9800,0.783896601120341
NWC1345,0.20095965081018685
VNH1391,0.3817584459261608
JXW4828,0.44500091886843685
VBZ7199,0.4000089005597297
WLF0421,0.29941075673430206
UKR0792,0.7428354992603707
QJF9545,0.26609043256629067
LEO5692,0.47457952232713485
DJG6508,0.7037735760109027
AOE3363,0.3983700988626759
OSU3876,0.48671375058344113
WMS2804,0.3365304872932825
KRN6708,0.6131012125165638
IFE5408,0.19839892456963387
ASP4223,0.5066588265214791
ACI7391,0.3729071142299627
DDA0281,0.30809678016546926
LIH6429,0.10430484060818866
HWP8777,0.7311067033578169
LFJ4299,0.3270207153600293
AIY6599,0.4800738736658344
QRB3811,0.5295596563787099
FUE9670,0.5933733869917803
JBM8920,0.3715925260094645
MYX0246,0.45766509243335685
CTC5913,0.8069762172932331
RZN3717,0.376278585055593
NXF0575,0.5293798638357374
QJQ5816,0.20245744687477268
SMN2492,0.48350479676510916
YNS1825,0.13532613510041283
GDM4311,0.3408022144006471
MPQ9948,0.47740567419142027
BSI2741,0.4485356918722638
MHT9814,0.3968653881108906
KQW4336,0.6645176843265637
SGK9596,0.556118236003488
WYI2584,0.22104908379192373
JPM3125,0.2259217794736838
TWO6625,0.567071773510728
ZYR9195,0.2544277464825606
UBX3089,0.32344465962975133
HIY3832,0.21079491122090618
RSQ2014,0.5166217848135002
HBN5862,0.3051124891515092
PWI1151,0.5648874328709013
VHV9062,0.3454028405519284
TNG6275,0.639322262472948
ZGT7648,0.8548188032176485
BTJ5094,0.7290308821196099
OWQ1317,0.6746833922988086
FZJ8283,0.7116395534448579
AAU0759,0.6653458073605187
NXH5986,0.7228815997448912
UAC7517,0.6641170581024232
HQD4364,0.6358035684300491
SRF2584,0.40949656807881474
YYA8087,0.3700338626170867
NBA4065,0.30718368729778384
NZT0627,0.12347816831073387
OEB8359,0.31865017697381715
YPR6624,0.4187225163644147
KCH5008,0.40240033715044776
STC3523,0.6487831324154131
MGY3123,0.5620209346245643
LRY1938,0.5354864572891962
SVA7219,0.13409929071773263
DNC9467,0.6810005355459416
LRC2676,0.469566069975217
APM1038,0.5685334897303159
YJZ9859,0.4238018877715345
VYX7142,0.5050711116242668
MFK2019,0.3573289799425186
FPE6810,0.5339339298339818
XBT9674,0.48584980322890936
ZPG6061,0.46104277132686633
FCG9088,0.36778078764462596
URC2367,0.1820188087811723
EHT5699,0.5400542933293062
XAJ0279,0.5269268755819285
ORX2274,0.6917937626738901
HJO8517,0.5156301589657137
MIU6675,0.5199358733024844
GWB1362,0.6486570788570116
GJB8260,0.3228380423430871
UWX1200,0.6979187981589953
JXP2884,0.29975267013211393
PNU7995,0.30378515665807193
ICK8620,0.767620569192969
YVG7100,0.4137723969650654
ZQA6204,0.5803497556567954
PNP3590,0.44006021852988153
CTN4936,0.7382471241747024
AFE9344,0.35061337063385517
HJG7797,0.4038097419928519
IMN9206,0.5793572376560879
JAD4840,0.5950389885429662
KKE4285,0.5084455928048711
HDB0095,0.6837811679799731
RCS8492,0.4128133353822342
GNF9509,0.38189013323157817
AAL3161,0.4011666038798485
TGQ7962,0.5097028118684872
CFF9202,0.3001988350312743
CMF9347,0.6698420661940141
CIB2416,0.39096721739379614
CBK7203,0.5274782282341954
MRF2491,0.3661396653899415
JMG7680,0.36391097709691106
RTC6762,0.6683056547163657
ZVD2009,0.6925440723804428
WFP9497,0.5936572305120411
PEX7134,0.2978347269227538
FHA1852,0.5407736148307197
UAO4501,0.33437279757841526
IQJ8723,0.5593057990650903
BQL5404,0.4623830956364078
KLN7250,0.3035350013246819
BNW3280,0.6777457558933762
AAN8609,0.36975382705056065
MEL1982,0.3850395830121675
QVT9418,0.5429497511690782
FNV8858,0.4848022811839646
KIO8299,0.2571636037800429
RSJ4654,0.1345438276323628
BCH3690,0.536124801291394
SYC9531,0.409473381907627
KIL6229,0.46443789842881866
NBO4677,0.3436145655604448
EKA8324,0.6666396425833556
ZSQ6837,0.541169425421709
WXK5001,0.3968869302212366
RUC4832,0.4123263231487659
KJK0672,0.4393741906198394
IQM0593,0.2829243082186709
LPK7313,0.7771928277212461
ZTQ2325,0.35798977715030206
GDC5285,0.6865547965612551
QUR5370,0.28260747462153735
SHR0678,0.5879181121277126
YES8392,0.6777873670745446
TOB4763,0.4039601134179515
YOU7542,0.33275896478717426
GSH8987,0.7490698549861544
WWZ2281,0.5940141960536147
ALA9742,0.6439337230229744
GCN5077,0.4709154893360432
ROO7648,0.37256323817557263
NVR0886,0.4244373142126482
RJF5346,0.5179719255022084
XLF9962,0.40924684244375764
ZGA9831,0.3904701805976801
WOC8918,0.728110351142514
AHI6284,0.2922991082231563
NIU4213,0.717085308343449
SQK5201,0.4488278916492485
AJO3590,0.3920377799383812
WZV6293,0.48532568625608297
NWA5890,0.4101827748989622
WVE5452,0.482945627208469
YGS6044,0.5093579107074271
SUY4237,0.3072686161704953
PWC4767,0.4816389528092617
BPZ0803,0.29001932941271
KJX2470,0.5333999342958912
KIE5395,0.6593565365610405
SLX0697,0.15869716705713066
UUK9663,0.40534128667416347
IUG5399,0.24265123788378856
ORV6100,0.40557419876239753
OFT6653,0.6108456414626955
XQY9087,0.146031488298413
KTO5138,0.5548376068953196
JXM1524,0.4299504203788965
PWB2146,0.744935450817297
FVU2525,0.28616168850574086
LYD1152,0.5506159315681607
QTA7916,0.649789199938718
OIR6331,0.5506210971605945
EYU4023,0.5398268972583173
QPP4425,0.6186084104530861
EBZ2462,0.741722507318547
PEC0913,0.34941414635289114
RZW4685,0.2996817565553051
ARL1855,0.334088345029364
GNM5799,0.2806290311666519
UWZ6120,0.7267949795869371
HHH9210,0.2636273631686541
AVB0694,0.25028363566797907
TMT4597,0.3835314871547637
UBS1325,0.2880144265797241
AGL0230,0.4438137974707774
RAY1338,0.7124416273376639
UBO3797,0.25499841963365044
CQF7521,0.25464695437614115
KDP1198,0.5118616089305319
INL0868,0.569171436497402
GTK3189,0.33898671602533526
WTM4005,0.7345918828006451
FIP8993,0.7727617456093709
FCZ9834,0.4370281545140043
RML3792,0.5179413335234399
PMZ1560,0.4980328412868364
EGE4577,0.2646521250361452
AGD9018,0.2547714139521134
DAK7002,0.7886589707120764
RYM2412,0.5051411788075679
GQK3574,0.3846485988780296
KDJ3912,0.4532408064791753
LWS1614,0.22674205878197354
CWL5798,0.5702321236323168
GOY7408,0.47538461414787503
MDY5140,0.47517788975026815
HHY3374,0.6683385612414032
BUJ9611,0.6537469963411158
QIF4923,0.694495639880262
PAT5605,0.29389592391358554
ZVB1813,0.5876014243824041
SXC2843,0.5669981620337561
HBA6381,0.33803758125795613
RII5546,0.18632685407178068
HXS4855,0.4938682492966999
XBZ6752,0.3547895320448
LWF5773,0.6430164777789811
DUQ8476,0.3329833707997141
SEU1555,0.5600148470879236
RNP9751,0.45566324605470265
WIQ8770,0.47000714528840537
JSG5695,0.3046030599076932
FKO1241,0.3568662339009931
PCC3793,0.47471549709507993
CWD4541,0.2634524538812753
ROG9695,0.7240626629984246
MVR4037,0.6876172619838363
FMM6372,0.48914792835499166
BGB3523,0.8225922713971151
TTF6509,0.3601298055413298
ALW9297,0.4856090469898357
ZOS7568,0.7851813844787898
ABH8279,0.33901097594217244
UEK6628,0.3203144353882179
HNC0717,0.2957564051252708
JGT4554,0.5171893115809238
IJS7638,0.5347941271267058
ZZN6544,0.6481980747003806
YZA9256,0.5645888736017262
GZU9440,0.2442781845839797
ZLK8905,0.7017146374170838
ZWC9267,0.6092689150303114
BVE8079,0.20265008131720566
OYH5249,0.23477241402259175
KYH8521,0.4324559562669745
MZE1888,0.31510867223439687
CDN4250,0.6130889863929754
UWE7463,0.6111315756965486
GZN3833,0.49494771415844674
BAO8553,0.6716907698700443
ACB4517,0.5898546163748406
SPU3212,0.5717897797750011
BEH3042,0.30530459421331696
RQL3472,0.1831896598487268
MAW0136,0.5546029078596048
KLE0471,0.4677222039202289
ZAY0157,0.482224556049401
SWT8253,0.6777842480406913
MPI6855,0.4942236984154799
FWG3117,0.4141063708462135
CVS0423,0.21370090827179966
GOU2454,0.31244330174630525
PYB3720,0.29627002047691037
JZW5332,0.6938220934872998
ETY4656,0.5969814543224169
ETA7123,0.3768002751924317
MOE5691,0.5258091006563652
LDA8763,0.7234086135226298
ZRX5373,0.47896281647662536
IJW7879,0.6781760070968375
UZW0758,0.4727418424953809
OAG6186,0.4100965315892908
UAM1818,0.6123749717798717
FNN9065,0.6011130660739039
JLF1780,0.24789200928951882
YEY0893,0.41190737884096135
THB3713,0.3514048669037664
DVN6545,0.3626640472656467
TOM6543,0.48674589429320025
ZVO4515,0.28918606131286617
CYN2809,0.22817409244318487
XKB8356,0.255071752779324
QPH0628,0.5328285193243345
BMM5092,0.29779371056464643
GYU8973,0.5113464348066414
XQI4092,0.5912920267580097
GSW2383,0.4361037724724307
RTU0647,0.521630243149442
NRO6275,0.5087642692959531
WHT4713,0.43525605505150405
PSS5199,0.43021486357116867
HES2744,0.3140432274104994
GEJ7100,0.3202117939837917
JDD9640,0.16263125413421078
YTK9530,0.5504368459143141
FVE2799,0.2970693983679862
TSZ4979,0.40511015690008145
FEE4563,0.6534727737974866
VNQ7798,0.34996949263991417
QTG4449,0.39632422185118255
GCJ5619,0.2205082051882849
VCM2564,0.13126940977169957
XZG3618,0.5867749721788551
XBU8194,0.2677293012660782
JUF6933,0.20253239421888894
XVI8728,0.6378842665839473
RIN7079,0.5054351292517134
SNK1073,0.4145484064258623
WMR9670,0.5170169432054652
PZX8160,0.2848319776751663
TXS9808,0.13686370728940234
MEJ8315,0.4961669334159349
FRQ1522,0.41229695807886685
EGS6505,0.3057725730582301
UZR6300,0.45492824717232855
LVL0476,0.40206152958537755
TZL5867,0.31148110686025987
RCS5132,0.1289048413482755
LTI5885,0.6950069835297166
YPS4288,0.39009984232256334
EHB7328,0.4728771836717567
HON1536,0.6979203367199953
GHL5700,0.23982299417781597
ACW4420,0.4330641089587718
GBT3538,0.37236186419576417
YID4243,0.2126429270684314
AYS9891,0.4324906799814564
KVT5468,0.4303690089750466
XRW8396,0.7599683754521516
NPA1002,0.5694845597454568
LQR3842,0.5989642195889884
WRB9722,0.30054080892713286
WEC1460,0.6081275702547682
XFU3132,0.3504164971480064
HTE2743,0.6590009310201281
ISN9613,0.3976499623126728
JEQ0297,0.19540092180115826
ZJY4720,0.16415707929369436
EOA8137,0.5152116987856425
LTW8046,0.6463515082525624
YQH3278,0.6102785811330123
CLX9204,0.7729056570985471
QRT0197,0.7013543511058671
OTW0820,0.12676179789796832
NNE6919,0.36783394571967276
LSO4428,0.3339150771256043
LZP5655,0.23717173012389092
LLT3946,0.5785682489785986
NPM5272,0.5982613505584065
MVF7543,0.34313522098624993
XJP2259,0.7288193875327054
FSO3741,0.38698617692883097
OOO7653,0.5034369158724452
UON4433,0.422980998394708
MUF3433,0.7324243762237592
RZD7599,0.5717431095111665
RDM3372,0.6391360083008959
LYQ4178,0.16653889018204543
FZE9079,0.5468213074325223
JMS7931,0.7724241973907091
BGQ3650,0.11278807714126005
ZFY7024,0.34990638427401194
JNV0033,0.3125675184746476
SNV8933,0.41357250642815646
XQQ5448,0.5262559882369792
JVI6426,0.23180859163966533
AJG2925,0.26115769745250705
XHP0971,0.3112788511850332
TRL3273,0.7396606035916288
INO5257,0.4701638411502479
KTX9283,0.30345453609298495
WAN2047,0.3807665726855185
EZW4173,0.5916515820147727
GVA8261,0.26185349974839667
TRN7688,0.3748213782852462
XXQ2067,0.4927771353712531
TLE5689,0.5683303915408167
XSO7171,0.294161982310294
SWG9948,0.45124328140394243
EFH1289,0.5964593345761486
IHI0179,0.7516158195850653
CKT9987,0.33403099306166767
NEY7960,0.5746379219816633
IAN9597,0.503945890266419
HUI4628,0.2427167475023096
RPK2559,0.233520080811127
ISQ5968,0.6075892145495696
GPO8313,0.40115520558317863
BTM1480,0.563605873517012
CPA4097,0.5321772105805579
YBU6951,0.4397300548649232
NZP5864,0.6258945791523971
GUG5402,0.38812179170042926
ANG8993,0.2160411683890019
HAZ8153,0.46773953172888005
RIY8056,0.2811214032024315
VXL6740,0.3611469217402723
KKD2286,0.27482869009885735
OZJ2377,0.41555876771504885
TPY2223,0.41690411627539214
UGB7070,0.5584129504871262
XMQ6320,0.6100470362779007
WXJ6113,0.2559819252064268
DNT5997,0.4575026501509699
GTN8407,0.21194267366313124
OPX4184,0.32731271612671775
OOO9002,0.6344253583773377
SJM2211,0.5071768100291132
NHI6465,0.5360916863874191
DST5945,0.23087622529422636
IQD1148,0.35936114500137395
SHE0851,0.4015571727329507
BEW4511,0.2394218203675574
JPI0719,0.6841656587057536
ZRE3751,0.8074772306473719
PAP1748,0.5095950310528908
SWM4204,0.3501008013490462
MDB2345,0.412762385487325
IXT9815,0.39793833909192106
XZX1851,0.7191078229802316
ODL4468,0.5740219208407347
VMV0614,0.46051476350127774
FFQ0287,0.4120025691013114
JJA5635,0.3268014718547315
QDZ8109,0.4492604132515753
UDK4641,0.6977208773092525
AUA7593,0.5519283975020544
JRT5690,0.5488396468064449
SAY0372,0.16322503955983192
DAP2327,0.4934871289389865
POB2969,0.423264774482089
WMM5493,0.8298398373952187
ATA8626,0.32277882209123965
RYK7124,0.26280644354784866
WHQ9704,0.5804944276315174
SMI5794,0.6387912498260166
TVK7202,0.5681352865443556
EHX2873,0.615934514729302
AVI7437,0.19789516929529216
UUX6205,0.8109916359136611
LYV7047,0.45294387835487426
XNK8631,0.6002439048119141
RCU0089,0.23463127402203723
PYY2224,0.22519858816041463
CMY6767,0.5153677486288523
LKU2429,0.21945317264053105
GGL3050,0.2801712071196031
UEB5168,0.6043303837640794
LEQ1966,0.31208438333222843
NPA0528,0.3085129460508508
FKR5763,0.45861851299150047
RVG9026,0.3938860609543789
NDD9993,0.45169367612938405
QNU5649,0.36141907579629773
UMN0855,0.5413289293638734
ZSC7988,0.6007121036859439
YJJ5065,0.33315531504730916
OQJ8732,0.5665425429903042
IGA4476,0.3826661820186497
BTU5140,0.31863701645015075
RDA0342,0.2737080389323898
EUE3994,0.36343662718625336
SCV4186,0.35990254802067534
CQL4046,0.7922047363345472
GUY2358,0.4565462449274395
URW9904,0.4818303456353451
WRG7171,0.4057401255833656
ACD2246,0.7631089822520067
INO4142,0.23415467087697528
PTY9539,0.17627119647357192
QAS7910,0.5548802264544168
RZJ5292,0.6642644435434923
ZYW0866,0.23064770964704914
EMR1813,0.6724205066202287
GRQ2002,0.47462502964948
SQN7208,0.2476100922189352
HUT1144,0.447472331205929
LHE5009,0.3277955134140539
EZB0785,0.5956722095534571
PQM0525,0.7295919482272658
STT0519,0.17892824977188682
ZWO2588,0.5659540240038704
RDH0021,0.3498932412698203
THM1978,0.6522272195455301
AIR4332,0.5122317160838175
PGH1161,0.5160428607479616
SXM4608,0.6589482561058552
WJW5812,0.8116370632921
RHX5336,0.4364971186584897
HYM1546,0.656548101019719
KEC8696,0.4336092213327452
OQG2549,0.16915936401540016
XUU0192,0.32934118650398453
AQQ9230,0.49652245177961496
YPM4680,0.3880078675358677
MWF7718,0.6028580274676714
MXD5779,0.19942964038723254
UTB8959,0.32930217381011095
TOO8154,0.509020381356019
LJL8197,0.3992873439235429
CHA3496,0.4492469061856177
BBU5421,0.17357330365141954
GSC0915,0.38292006219631936
QDK9607,0.3274209767308607
QIW0738,0.4215901575650519
OZO7612,0.5241297573014929
YSY9501,0.3733690438076434
UEI3008,0.5171145109572828
ULS8507,0.4637968478757396
AHS0758,0.4352364192989243
ENH4743,0.49706891161243444
CQZ5056,0.14630965161386025
JJM8301,0.5351041918242062
KQP7442,0.702277867146188
QUQ4381,0.7144037542232905
LBT0298,0.5505206466248614
QUB5329,0.28209380691779473
WCG2324,0.6568359478408036
YXH8003,0.4028796042957421
GEF3744,0.5018955792689171
JGC7613,0.40466092224714784
YDL6245,0.5853152276483622
MND3837,0.3594034583271532
QSU9207,0.2518462539593835
FID2110,0.5125046001069667
ZFK9137,0.4707864903841599
BZK3777,0.41166352564439324
VEZ6817,0.487541614119752
JTU0326,0.24290969680072155
BXL4785,0.5120481941465076
UCK4966,0.5555873761432752
WRA0082,0.34255622897263227
GOF4110,0.270166163678086
XLS6633,0.5076928125990596
DGS1210,0.31646507509101307
QWA1794,0.2179167387841492
XFC5853,0.7016214913640101
HGK5319,0.27946445055164587
KQS8229,0.7006280326683082
BLV2818,0.4331323978316961
LZE5011,0.6534550964829436
PYN1910,0.47863040159113995
GUH7132,0.21757830199333683
PBW7602,0.60575027073642
CNW2475,0.6840273395871685
VXK9874,0.6838382059997444
UFZ8218,0.6550022144671814
ADV6084,0.21534707255395336
PFD3487,0.3307605027535269
CRM0707,0.5169788963645349
YLQ2622,0.4450181350515389
FJZ7605,0.461687190518632
ABU4286,0.18995820387341622
ELP7252,0.34934444730011893
RFT7225,0.6699568920203787
PPK4577,0.4099749216277446
BWE6905,0.5715304183196429
VBQ4322,0.37089640476774244
HXS7343,0.2985359668661003
YSK9022,0.6532201729097651
LZJ3939,0.23263732233790957
WCD6269,0.5606110773920034
CLY6856,0.4439173146265659
PDU3383,0.417196663011556
VOF4824,0.60726952277718
QRA5442,0.24326129360794363
YAB0608,0.3902372051804908
PRL3116,0.6570477149100051
RRQ3897,0.6868841359779285
GXP3168,0.705242335947371
GGS2005,0.3870586387913605
TOO3590,0.5751574030856522
TPB1864,0.7435108568893659
NVN5302,0.2666606918295956
EHI6232,0.327307301873075
VLP9905,0.4610045777758519
AGA1325,0.7571413439123568
ICE4902,0.2084138010692856
WWX6392,0.447734544063605
RQB4428,0.44888386429103566
QYN8884,0.4799828807522112
EUS1159,0.38465835922262015
NKR5443,0.3968525374598456
HPC3138,0.4120396947125865
TKQ9049,0.6264444483755922
FBP3340,0.8206078905645753
NOO3967,0.5961910422799273
GSQ4526,0.2718532311168764
ANW1028,0.35717809370716136
LHA8316,0.7315837682155089
WBW1659,0.44388128752177525
XZO3969,0.43714301854733617
TEU4321,0.47085409336198947
XPQ6910,0.45629497091658927
VTQ6246,0.3312701608263575
FSA7655,0.6328701977794946
CSY0853,0.3253472807090348
VCY4269,0.5578173652386205
UHD9364,0.6153741696800643
HIN9530,0.2732084878696097
GOG2550,0.575805653432206
ZMG6475,0.5488085798955975
QYI6167,0.4310634629012112
LVO7124,0.39751468206949647
JWP6949,0.5113748933618566
DZU1118,0.44148250528681565
AIW0610,0.4645916168948935
QXQ4841,0.6190497069043879
SEZ8373,0.5783359517562106
EQR3786,0.4270993601223865
RPG9584,0.40218408012545614
VIX8570,0.5740390512610904
YQR6271,0.6079669177392591
FYN8286,0.3398082488280516
JVF7588,0.5158782962921473
KPC3382,0.6705564496650778
FHE5153,0.39745746976332835
WTY4874,0.30782857818718
QAB7266,0.6517222907107096
NFH9054,0.7071453540930809
YKB6244,0.6047287365422223
GZZ3339,0.566800913821541
BBY9981,0.5776880395507509
LSY9026,0.4490925940648093
DUJ3056,0.4539459593147904
FUC1582,0.7722510354459853
XOY2362,0.6704164385138403
LOG9950,0.3046174754843047
ZXN5891,0.5875408328340816
CXV8222,0.6653493446324548
WOH4538,0.24418301474639859
VWD8860,0.29651346287941593
EOP7001,0.4053357903872575
GSX1302,0.5958311204613393
OCT0968,0.5031666552593437
WHL5554,0.538511489232385
YJE3037,0.3715943588840999
FNN4968,0.5484280772723715
WWY7679,0.4097848714036626
QZD1717,0.811558245775686
VOB6197,0.24931004531796175
TBA9548,0.11533346207923938
RLU9697,0.5676880697926459
BAS8697,0.5161787651769911
LJR4460,0.6938275120710671
HGO6222,0.5543646752062973
HXW2166,0.6449188650023479
OVP3632,0.14227103443242745
MCQ2270,0.3202107234449056
ICD6182,0.5319897485025404
BFQ5435,0.22124059870747376
DPF3505,0.3808343983878789
SZS2580,0.5546638550072098
LBK8500,0.25854677265317094
TXZ7775,0.5405670659664277
BKG3252,0.30803852178178587
ZFB8258,0.4846741574855682
PHV2247,0.3887343700971031
RRK8430,0.3109825432563307
AMH6780,0.4741621634846664
OSH5574,0.4919694300247719
DFI9099,0.5995149911859174
FKU3482,0.4420673367062767
VNO3261,0.566140744313441
BED5373,0.47410308844676874
MJE9253,0.4225583682812589
HKX3204,0.5007277993301789
VQJ2963,0.4997580071782609
ZBQ9287,0.5461917214967678
MZX8398,0.5558824694272151
QEG6705,0.3382994362733911
PQK6783,0.3844687183820883
MBE7976,0.4557837317034965
ALL3849,0.3813141103819353
KXB4677,0.37890799085036064
XOP0754,0.49290216211734206
MLL3293,0.39811268771038777
JSX3868,0.5504970931084521
DIZ5799,0.5573684711260605
NIK8885,0.600651832360743
GJJ5386,0.559471832085418
ZAT1651,0.5313666411637955
GMP0039,0.24634299009769844
ITI1428,0.5261423059285835
TRY8812,0.728922301414271
UEG2101,0.756303012865422
ODG6850,0.5480848334099917
VLE3171,0.23132782503152438
RRD3841,0.4254833055171746
YXY8101,0.5726801758161766
OZK6228,0.28670134810864867
SBD5545,0.49882011286438077
IDC8637,0.6709704360295019
VZW5146,0.26821444047085263
PTQ8057,0.5234071256581128
OEF4340,0.586117718560949
KVD8305,0.5503828075635346
MGZ9268,0.2672405857186538
AQJ8176,0.2257409936212258
UXS0840,0.5506531023334991
TCI5572,0.47233274907878886
SHM7627,0.3795894674691235
QMA0181,0.8314619862318713
TSV5611,0.7750397081108449
PGW5092,0.30095184080378345
BSD1651,0.6142531033819747
IQJ6229,0.7171177342931847
PPE8142,0.7178345681464066
HVE1566,0.2741051499664058
JPB6828,0.36703809194992154
LMS8961,0.31518774106923164
EGQ8831,0.2998451601966721
YLP6900,0.5501005715078346
TBE2482,0.3365977721392104
YPJ1369,0.7592791392321656
NAX1253,0.37567107207980505
PIP7566,0.37133327493598706
DKU9301,0.7005688594239888
KVA9530,0.49598714975521185
CQV1702,0.7672309665095034
OBG7598,0.42885842953093756
VNB1149,0.24455750424202588
HMI2014,0.5876864123181249
YMG8950,0.4629221695359008
JNQ2962,0.34162208202326105
ANK6820,0.43235775185475744
ZFE0439,0.3219640799389947
CZQ9593,0.3726731990635703
PCJ1585,0.27947625841696117
PBU9519,0.6022912522558262
ENJ8537,0.5634261613190499
RPM5143,0.4444938944721306
SUD6466,0.35938954463235867
HFF5761,0.6872880274836354
SCF5953,0.23910585012204177
HAQ3115,0.21045293547198793
BUK5097,0.7086810020024945
YVA5755,0.47073498469736647
QHD6039,0.5877665451046776
ONT2622,0.4182546652641148
OGF3946,0.3630466396237334
NGV7466,0.42904686642317735
SKM5604,0.6652371234574912
KTE1007,0.3220368101584967
QHE6351,0.43190242718777727
OQM4860,0.6742859800369708
LOQ2210,0.4356644441397321
EXL3021,0.5848560658545394
ASY9425,0.6174232977955779
EFI4290,0.5693090348421701
EJH6568,0.4187561766283898
ESK8758,0.17320150024972988
WPW4521,0.23581677785233116
IEP4997,0.49673980085305114
FCY8976,0.4132646194772802
SNM5031,0.4261159686052402
ZOD3613,0.40172967833514084
NJW9796,0.25948819698410286
BFM6246,0.2564764280999181
MLI2180,0.6013695706337363
FHR9764,0.5577527219712087
BOC1640,0.6332326055889825
EDV0533,0.3357905033237091
DVT4971,0.4891871595846221
FQS6688,0.6319994782366214
TIY6714,0.3902901930596031
BBG5427,0.6807247236866759
VVY0236,0.26854466661048826
AGY7111,0.23730741386350296
YIH4148,0.4847878650850065
BPA2613,0.25071310195498525
XGN0040,0.5070739439096208
XIY9154,0.5692036948758963
UBT3433,0.6609717790115697
YNC1880,0.7936433922921143
RQV5395,0.3091580423997831
QYR1720,0.617340055436491
AGJ5776,0.3668264139458273
YIA9506,0.586303264122723
IWU6149,0.45217939461358814
KAX4382,0.6990667711164269
ZEN3760,0.6044713304640188
UGP0922,0.38440644350458864
MJX0269,0.5599699181295308
WUQ1092,0.18624428688054517
KLK2362,0.5276705078848393
NHW2173,0.4689105070198475
ECQ4722,0.26672508149478735
DXQ4983,0.5416859291147984
TGH4720,0.7492188916360425
RVV4718,0.5770696178965611
RMN3173,0.7055972289884387
NXZ8964,0.5374596107785496
UYF0960,0.6103990950123064
GFY0485,0.42892342717806986
ELW4685,0.6301515420318117
MTK9048,0.5121202372828189
UVG9381,0.4676398869715839
YHY5021,0.427866618132179
MML5987,0.6399658092296483
EAJ7823,0.4985031634021583
TIZ1361,0.5982835786736312
YLC2019,0.67530627910608
JFH0021,0.15516194203084938
LXV4773,0.8489061922386975
XDV4102,0.24837416083872338
GOA5098,0.8236322372650684
MYV6648,0.31643670167023696
CTJ2639,0.5023825289366707
KQB2667,0.34441893505987364
RCQ9055,0.5632463982909066
AMR3084,0.5745327320950431
AWS6964,0.266598939370591
PXX3164,0.5695193341932254
OTJ7222,0.45441934478672763
HLT8409,0.4241534736236626
XBZ1903,0.2078594736993979
DVD1043,0.1034062638226533
YMN8454,0.3672039581555243
NZH9363,0.6897167987134403
VEV2993,0.36761566789803385
GTV0004,0.6480343436007532
FRY6602,0.5707417252487872
SPC8953,0.22701010794345827
PJO2885,0.6919568512351264
KQQ4757,0.5900510648670847
OUG4136,0.31937262098758756
WVY1999,0.5583133562261388
NNY7188,0.49774904506411094
BIR3043,0.649501606626867
CVQ0610,0.6919208454568251
NLO7554,0.5437635422295601
FHH6565,0.5718935595408564
QSY4897,0.6245347776400444
RBJ5665,0.47499476571201354
OCA7850,0.5003188307455565
SAT0260,0.42458658098255775
PNM7458,0.3553204412248797
ZQL6865,0.4465708071560359
BYX0793,0.43249266663854913
UOJ8877,0.3876603682034685
LGY1944,0.4762009514192401
WTO1199,0.5829572543628313
WZJ6108,0.42801734605754127
YAJ5633,0.37530160965335874
LLO9138,0.4870600914407464
LGR1397,0.38019881063621447
ADT7244,0.4071376955903452
HZI6879,0.30552737308215927
JMD4429,0.579100564670574
YNU8823,0.5175677261960078
PEU5781,0.7377181973818049
VXW5951,0.3966752790840856
DOI4745,0.5281771983693011
XRP0508,0.26953754442689665
BUP7237,0.33728138246862405
XZF0997,0.3954414004117601
ORE1289,0.6260963220761442
SUJ0824,0.4625985649838401
QZQ8912,0.4117638560824779
IVK8543,0.5346702505664602
KLT0884,0.7430884468729986
ZBB6007,0.3563315211074449
STV1844,0.6145190928980527
AIM8162,0.25514276416429965
BHN2674,0.421727630967891
BHF2762,0.7135954752860723
FBA9492,0.39735443277477006
PNV0987,0.6490212501299073
XRS8392,0.6387513578396453
FJR4109,0.33472207135480103
REP5450,0.4822896907646369
VDS3487,0.327744317766236
MFT3114,0.8310939297858599
TRE7039,0.5035673335899654
RRP7437,0.6841567987777196
UBN9469,0.4574019317325609
ERD6851,0.30810264151742617
QOF2168,0.4498529641693425
PRF9554,0.4876428015779377
LVX2306,0.45603183846291984
MKR1698,0.25920786112366184
CTP1782,0.3455321996435764
YUX4991,0.5673583928955133
WKU8308,0.2280594957183
KLM9826,0.33459352138114046
IMJ8928,0.19814867328518856
FFX0134,0.5098567939527674
FPJ9006,0.6984330730852694
UUH5167,0.6357444095349336
VGA6455,0.20500965055618336
CDT3301,0.7510885152233775
KEP8508,0.20599625247497055
PNX5528,0.4540288987223897
DMC3452,0.5670708258356718
YPX7333,0.46891458345332493
CSI8065,0.691529506584025
JGW6825,0.33876295618025754
JBC6586,0.5428056918265166
PYB9757,0.6504396426318579
VBB5768,0.48442332191001813
XNQ8052,0.31836872471388383
KCJ8578,0.568814635922434
RAT6428,0.6252520632867252
ECA9346,0.14686303873944123
FIN5470,0.5238558343758128
INH2355,0.29999371067453995
OFC0099,0.6935880048363595
LAF5061,0.6481254649403094
CZL8124,0.525664158286241
DXI7734,0.3546645433850553
UZE5266,0.2434681842993187
NQT7169,0.4749964842052218
ZGI6456,0.5769880971938635
ALD4699,0.6433518680687583
MPP9322,0.6069126854237435
HHZ9924,0.5289782026891637
IOY1053,0.4095748869900374
QFA8583,0.5624292326794846
NON7673,0.7553481090825236
GUG3740,0.6687619216230296
BWT9777,0.45922931795522126
YZZ8955,0.18750826041212937
QTQ0151,0.3550495657444803
MQD0086,0.3095880977630941
IEP8756,0.27373375823821805
HLV4294,0.4905971838524529
IWW1700,0.36818066244272535
LMB1742,0.5481512040884502
IZN0947,0.8268466518034707
UGS7726,0.4792421839207644
TGD8975,0.4301663244748185
DNP1343,0.31998837317959117
RZJ7547,0.44970933080732023
DGD5941,0.3681722978971794
YAN5151,0.7163703861428161
MSV2708,0.4447605016036286
WFW6623,0.2692883847702905
QPH7678,0.698912539453136
RHF7227,0.5906811669757874
QGG1694,0.24287113996312565
LCP5425,0.5931871777745081
RNR1236,0.4289356856623505
CZR9446,0.3742952111808149
CWM6629,0.43348933415777874
OHR2811,0.6979741752630286
DOB2836,0.4837965639386276
WSR4692,0.3580603785233726
UJX1851,0.5322278693750495
CLF3763,0.5836989199570051
YKY6460,0.6442440409571054
YEE0005,0.5600131001467717
LRK1521,0.395106488300017
FOB8975,0.6200504794743578
ZJC6844,0.5305439545658845
SQO4595,0.5735735423492597
YJU4611,0.5989534747767998
PKJ5453,0.178053592621702
NRJ9279,0.6285795553876761
ZLB3853,0.3253745704607576
YPE2843,0.5772488887370029
OMB2404,0.34786311514090695
QXQ5371,0.3503637023744905
DWP4776,0.7588324812707664
DYC3729,0.6309218867719357
SYA5630,0.7714016982347847
FSZ0753,0.36693811683494326
IKJ9927,0.6270826264394205
LLO0013,0.6366554158822865
LJC9413,0.6594997856438581
GZR7220,0.539100150610173
MLF4890,0.3849421999832812
HKX2217,0.6552257851273686
HLP8891,0.3968616931383069
YSD8942,0.7959280988461364
VJC3345,0.4110785653538531
JQU6225,0.6109440830315294
YXV2150,0.8060640699934305
NVJ1683,0.41018785811026315
OFD9452,0.6549028925941982
NII5419,0.46873574128658424
JWC1566,0.3937406160967555
AXY5191,0.6657538557536644
DDA3048,0.4631919317926654
AEU2727,0.6342678680481684
MXK4708,0.666637366169732
WMU7184,0.49679853640498495
QLP8362,0.6133647230881727
WQS3967,0.343882651596003
RTU5105,0.23548801244233059
VBA4441,0.40933614083692943
CYN3583,0.3936823259162597
BDO4886,0.39788818313020746
YVV6051,0.20248242433678465
WGP1526,0.7107304817641465
UDV5640,0.33727972810891343
WVT1418,0.5884148455533764
BLC0999,0.6338130679731853
ENP7533,0.5784920207461627
AEY8698,0.5394043265085764
NHP0064,0.5594451821587724
AYD3935,0.6313318267979078
UEM2638,0.21680367051933203
GKK6297,0.23119998484102494
PTR1163,0.16687506113888767
GBT2034,0.563784563911015
WJY4048,0.4562701423280834
TCH2635,0.29463203929951265
NLF0803,0.4744548453924225
RPI7686,0.4220603253369769
GNY5436,0.40468661027830033
EXQ5477,0.3126485370751647
IOS5691,0.498265101723275
VUC7832,0.6786814165009736
SXL6599,0.2554394647351562
KIS6550,0.4610806011498563
IFX6470,0.3634438040994911
QDG2834,0.768447154134184
TML4354,0.4579434095638216
VOU6894,0.20550525734288833
LMW5498,0.21491216219179993
IRR9834,0.5239845557061938
XUU3875,0.31592176071694456
PPN1291,0.42042317577658117
GPS4832,0.3339130437969433
BBY4907,0.29291602637956493
XWH0239,0.5357522106655186
GCY7299,0.6687841108115002
SFL0656,0.41177539326218016
ROG6364,0.5537019576254206
CJP1826,0.6917385119350277
XNB4879,0.3296189208904169
GHW7497,0.3887260155201309
CIA7291,0.40334863101208307
JHN6870,0.6510420029852015
UHA4462,0.26917336459296554
WHC6939,0.3474351830552131
LDR6471,0.19881490162937826
PMR0233,0.5827664898226884
MQL6945,0.7817598806578174
DWV0912,0.469715970677262
UPA3518,0.6845950102348857
BHB0424,0.23678361481963345
AST9794,0.28767376917089277
GSY3503,0.5240782698604771
ECI4878,0.6253301776460936
IOB3543,0.35164734131294695
SLM3548,0.3577740976734004
HBR8681,0.6722165315321706
AIG2884,0.31723637757673784
YBL4627,0.43415048701173864
TCE5274,0.41475022446965737
YWD6282,0.4701333898300476
GYW7356,0.6064964265826029
UOF5714,0.38555748156166597
ACU1723,0.36462841707492155
JYB7426,0.6444358897060183
IAD5127,0.4642425178902517
LQY2307,0.42843495296315337
QNB0256,0.3338960540595368
CNN9280,0.32547431591195547
LJL4826,0.3562713827901042
RLE6077,0.38316637591558517
UBZ8854,0.7917237655915303
PBL9060,0.41443573945618506
HON4195,0.600818307853416
LKE7887,0.2995371256427145
HOA3501,0.6306788424096372
YSN0341,0.6500595647627696
JKS9027,0.41066640548509287
DSJ0790,0.32900433333570933
RVK7955,0.2327541463219265
GGI6941,0.45506015174185027
BRF3111,0.5402014406586381
WLO6029,0.8355586612222969
HFC6052,0.33248842348891616
CSS4641,0.23137998548299776
HBX0135,0.35830889373654085
CGZ0900,0.6840108649558974
FWF7177,0.7831595337469481
WLX5928,0.6709530279481577
EQD1778,0.14413958845304892
GSQ3416,0.38619847752104774
YUA8278,0.5937886323423842
DKX2794,0.18951491267219878
HZW1287,0.5874792462104058
XMC6471,0.5317359068346713
PXA5342,0.4648135608164272
RXW1741,0.07025527974792334
FZX1294,0.2138567518505064
IUC5486,0.6373474186506856
ZZJ2708,0.298602351611879
DJD5560,0.37120317340955195
OYQ4478,0.6663563679332463
MOA3063,0.5512557555366999
BNA3251,0.42948660600129895
TBJ4149,0.4953336401662431
AOD5592,0.3093616085075641
SYU7567,0.1755996617181672
PXB3114,0.5320546898379008
BDQ3004,0.21978908185826773
WVU7296,0.5761050713200142
BRQ8431,0.501509801790482
UHL1758,0.2426013725275879
OYP0446,0.6206216273727185
ILE7594,0.3825258771246285
QUR5960,0.5059448095198571
GWX1065,0.16895503210353094
GWE7702,0.19205878624916126
POZ1462,0.5193659086654603
GQG7927,0.8195877198663706
YNP6209,0.6841915825752249
HNR4579,0.47029258648709926
MRX4488,0.4142139962173772
UQM9355,0.737812466510368
JZQ8372,0.548211397573241
RPL7113,0.38960193294148143
IBK2170,0.4710885679582203
NFR8627,0.1918596235897631
PUV5957,0.7731936968403552
FAY4381,0.38640150569553655
ZYZ8976,0.5206121420934797
INI0968,0.5029830172357157
POW3290,0.17677657316986006
YUZ6503,0.48133771408667125
MVX2963,0.1807697848967193
JIY3246,0.4072181089969803
JMO6098,0.3677007882238503
CTA9349,0.618924308369128
MQD7143,0.5165563827969091
LLY6471,0.6636783086508855
CMD5926,0.289232069420178
WZS7051,0.2771239224612863
CPZ3691,0.536044871546367
ZZQ6371,0.4187569786569873
JTF5577,0.3926418513615597
IYA4493,0.5676017163345648
HJA2325,0.2084901645582521
OXC2277,0.29582448194601574
XDP8467,0.5270040842510217
THA7110,0.5048054440583422
UQI8975,0.1635532199971629
VMD6254,0.5972787206713344
JRV5262,0.6358316658960244
CSC1612,0.5342222897132805
TJG5921,0.6742108128489833
DLZ2704,0.6402945752456892
IOV1951,0.3754010341963171
AXC7047,0.2695271690961726
PMO7295,0.3363402825560162
UNB8295,0.2267882738972471
PIM9503,0.431926478587675
FIX9786,0.6200527953147135
JJG8011,0.5386804315092815
EDD2054,0.34752603578709196
YXD5569,0.7900490519581993
GXZ9714,0.3727664290741669
GAV4283,0.35697909118366467
BVO5697,0.624671557965935
TBF8496,0.29874919716022447
WNJ2132,0.5822862468497274
DBE8617,0.6230853235041083
SUB9272,0.46137756310976025
PLD0627,0.4071280898896599
URA1140,0.5219755750523063
BQO0470,0.5976455134550004
WPZ4520,0.5200670624676065
BPI1396,0.5382503705222927
NNT9739,0.51092049993175
NLT1918,0.8073266428979253
OPB5945,0.4777633589103003
BQV1931,0.4326401870793416
TNN9944,0.4411958346696279
NIT8064,0.2077133408658313
KTZ6082,0.5089277015355782
TDC8192,0.3017483185435663
UCP3108,0.49442842005466425
VBU2662,0.7106171341008289
BNR2978,0.3644427235425093
TFI3921,0.5612621804272055
LQA2399,0.2848463764842735
WZZ0574,0.33171850065782504
LNP8330,0.5586441388093816
UFP6156,0.37231682110556213
VLG0744,0.6498418491617243
CRG3282,0.5128670259116764
KYV0097,0.2123331623967083
FWW9362,0.6068814898365971
DJS0404,0.29308264310887994
ZNM0264,0.539296839356963
MFS9438,0.24918827992514325
LHG4907,0.5636052969018364
LLV9401,0.15993735909471882
BLO7629,0.5491560858168036
RLY0794,0.3533340443748461
VQI9198,0.1962143410137893
GTA5475,0.3425979142611518
SSQ8389,0.6345772195997348
ZSF4237,0.4720245011522578
WYW9187,0.490830287602956
CZJ2345,0.5249835578064042
BZL7046,0.5033381319597662
CYS9250,0.3005507221420687
LUR2157,0.4812333057358863
AOH2742,0.37299715618910934
QEL3121,0.320831417411394
ZFT6399,0.5959631068347488
FDD4728,0.6882308838688493
KPM4245,0.6793475457274852
FQB2129,0.33985044606446096
WGS8262,0.6000653025306717
OWX4064,0.35761272204034056
OUD8979,0.617678172577202
FJE9369,0.7088224933214716
AML3227,0.3926437735486228
PRS9586,0.3264245880085373
OFJ0120,0.7508075514801296
ZCN0986,0.23741926242294245
ZRK6279,0.31671386424573233
GQO4179,0.6057811499453849
BON1340,0.45735422464824416
LKG0694,0.19527088696414127
VXZ0803,0.4684467395849823
HHH6742,0.46032311396063175
VPM6117,0.8117317180474883
YTS3483,0.3874823797145573
BYK1773,0.30866324651643684
WIC2466,0.5047247800358706
UCC9614,0.4477708255542753
PJV4989,0.46925647374321516
HTJ6371,0.5181207276921964
HNT9637,0.301890568168531
MAY3073,0.25229090119497954
PTJ7520,0.4888446823091585
HMO6264,0.4245655946547884
GJC8706,0.5141497192392301
AHC5700,0.39110860744238163
NXW4848,0.5145692369093617
BOB1940,0.17847016753027817
IQJ4126,0.29300189791704845
MVI9716,0.677885621035808
GJP5178,0.380804503563495
YZM8152,0.34797891132835107
GGT3124,0.45240958194772596
HVW0323,0.46417694251547315
LRA3844,0.17611462574536207
QJS4465,0.44794773893642037
PQX3659,0.21526486660787814
PJP9645,0.2960261227792867
HRL1242,0.5467478319592329
IYR9842,0.44034222922473254
YNH7590,0.17276201556544243
RCR4057,0.5105474631294665
FNQ5041,0.5083971885316467
ORO7997,0.2882375977993995
TBG5645,0.3736465237589017
EPD9107,0.23060187777485344
PXN8761,0.2933442893939374
ETZ4935,0.17972455053080538
OQH2910,0.3146142289214675
PCK2606,0.4678717488165181
XWX8755,0.7285636418149484
MLO6978,0.6139861110598506
WLZ1157,0.16353126613705318
UPS0344,0.25664065126449764
NBO8038,0.3870101239859691
DIB6753,0.3849176603922241
UZE1684,0.4727973211255019
QQG6149,0.4106051770728873
QAU8104,0.3034756906234728
QGA9213,0.333711521928172
CWO6851,0.2958902656365222
JTM4958,0.3686020843272657
YQS9295,0.5668483269696831
ESJ3848,0.7018811846178923
IWU2032,0.37774721567294517
KPH7842,0.18036146444861742
LRN8162,0.7222471345201035
AXE1699,0.5861165353529669
XKB4966,0.5132069750382915
STK2218,0.3910848384073492
HYQ6433,0.7445075347193784
GTU7140,0.1349313319414973
UNR5657,0.27257701460030126
TTM2253,0.6356834266384565
YNV2699,0.43337050088216955
YIY6671,0.33978731146435504
FRE3263,0.3413455089971957
KMF7808,0.183732997471918
ROL0904,0.3170755156784436
PZK7451,0.4407533432777996
KIH0254,0.4505457046039285
LWI9052,0.4108700486346904
BVC9479,0.2672717904796841
URY0635,0.39907599080993605
XPZ4576,0.4229515729168179
XKZ9102,0.6284403432602222
ZUW9102,0.638192374169763
UBN0486,0.5315178513706225
BDO4948,0.5030786696436484
UMK7105,0.10387121708935887
BPN3689,0.5461316090852244
LCY3691,0.5799595945400073
DAB1719,0.6591490157615589
VOD9149,0.25489036137823595
ADN0299,0.4104461412781429
VWW5498,0.4948591786003624
IDO0436,0.2927487554797209
CSE1995,0.705599138244722
ZZJ1691,0.406326364473226
DOT7701,0.4204087083645378
MGZ8737,0.25145951354975377
HZX3153,0.3238279698990508
QNL1418,0.5210783478900838
OMF7498,0.22996534617794445
XHX7072,0.7277737241538486
GSB7562,0.32123357581071776
GAE6243,0.22082987502953122
LNJ0511,0.5411952968350171
XIW7209,0.2126301367673109
OFS9244,0.5062815208900475
ZTU5066,0.5596907741710819
TUL1265,0.282665290349797
SUB8522,0.2248915959889819
CIN9277,0.22087718416431773
SXQ4671,0.3948405545114573
UFN3622,0.5531524796817746
VZV4722,0.8255410630352245
VLQ2390,0.2394986201789034
SLY4655,0.3858959662798933
VCP3342,0.12495455259933883
OGX1137,0.5357241074108802
ABY7970,0.1916814587988023
LTT4359,0.4955407399041445
RGP6696,0.5368183264706978
ETT3134,0.25307456946973145
VQK5360,0.3209928737883569
TAQ5167,0.679500756075859
TWG2069,0.12272724284681624
OLL1043,0.5712272363625941
RMR6916,0.5888978306623724
CWW9082,0.2556084490227155
DIS1533,0.3258657497618318
UDW1446,0.36523465356477847
NEY9288,0.39069416219541886
GEQ3261,0.48198436922857846
DDE0864,0.6737488650258114
HRW8057,0.7454552211690499
EDZ5434,0.3251090892319467
XDU4447,0.6014253096042327
HDQ1554,0.2840735832939148
ICD4170,0.6720793312184761
ACN2803,0.5569954089483493
FLB0567,0.555987264627127
AFW8735,0.4268131624107089
QHF2663,0.6674381284045032
SIS4056,0.6073837126941348
BFB7024,0.1724344034875534
FFD2187,0.5565041500830394
LTU4222,0.7609206569039323
HTJ6857,0.36077925873274175
KCJ8116,0.5283778806109065
EBF4220,0.752600035881761
VKE7153,0.6256485325427681
RDY5024,0.33498961737269456
BYR5509,0.22112940741658343
RJH2016,0.3528830938075427
IKG5514,0.6837050695394108
NVR5085,0.4784600127472048
INF3715,0.615690493916262
IGM6607,0.48466529163023353
AMP6369,0.39149721079847855
YVK1582,0.3201406155104467
JZB2864,0.23020990491572774
LDO6927,0.5490508032642107
WCG6571,0.556139315629776
MXU4187,0.5881462018929142
DCZ7738,0.3183773176642142
KWG2188,0.5489236827777542
FTK2655,0.19689073056215506
FBF9527,0.4196197136610049
OJR2867,0.17914949204275382
LZM7871,0.7332427164301007
REQ1736,0.411929849930995
PSQ9989,0.5984671438179447
OJG0594,0.46988388424798233
PMQ4178,0.5994868136069764
ZMJ4726,0.2628326457582052
CYF4956,0.6918122659092294
PVF6811,0.625231343106982
UYG7466,0.664112296651928
IRM5695,0.49267342213572657
YJL8439,0.31114356111449193
XEZ1743,0.47045193204674085
WAH5084,0.34069742091023564
PHY8772,0.29124362760978584
AXR6112,0.5063003414725752
OUC5425,0.1643611944517679
NJK5446,0.38361375495436334
RKP0540,0.4708130183095842
JIJ1460,0.42880459598863097
PTK6472,0.4082907732187113
OXS3977,0.41175493102487604
AOM8900,0.3009239476960499
VNR0359,0.4193188191986249
IYU3895,0.5406030086666551
LIH7939,0.6584955675667495
MWB3044,0.17436039928851532
GWW0191,0.25511861046949463
YYZ2592,0.5577774899656729
AMV8743,0.3676664597859644
VGR4206,0.20080776192766073
QQB1582,0.6939521555189317
AIS6545,0.5535210887886846
ENG3349,0.44244127786879345
GLG3671,0.5461412574129969
ESG7838,0.4283251675807266
VJE5970,0.6448409110245213
TJV4032,0.568764491779528
NPZ0320,0.5553399166219865
GLH8560,0.6357102280966148
FCK6397,0.450358797241038
ZND7829,0.6345862185514518
WGY6041,0.7436683888621358
FDI2501,0.5112167847318727
BMN3470,0.4070097173596554
HBW4130,0.39137356579666227
PWK7987,0.4855961990182913
WHO1663,0.35158585295884615
NWK2342,0.8239386828302316
UJS7468,0.5144059211034747
BEX0285,0.6020596701034131
UWS5984,0.5646954327860156
WTF7343,0.689522214256111
RRZ0390,0.5112853208731629
GDN8780,0.4218986119624679
MNU7249,0.41963315993913763
GDI9499,0.2440861787943843
IIU5693,0.6478850361258188
OIP2054,0.39692908826186524
LFJ8326,0.4178992296893934
CZN4189,0.6327709073505344
UXP6651,0.6221584681561418
RGY6659,0.4227295117991061
PDN4232,0.75574807080602
VND3934,0.17339106770354712
THN8314,0.5406560760739132
NLD9324,0.5452600958554291
UXS8258,0.4468874902206671
KBY6262,0.5253789059452194
CEB8766,0.7013893000576229
EVF6778,0.6295217104733803
QSN4123,0.15798833274929897
NRU6209,0.571464976859559
ZFI2630,0.4433796108589422
PBE7043,0.5385932991907894
WKK0810,0.34059633438383863
JGW0377,0.6594416750320653
JPE7891,0.30395636815413285
OGK4654,0.7556355214472676
EUP8882,0.4711329712491523
ZZP9215,0.5177772174286452
UJK4511,0.5684764517062453
RIO7274,0.4993749269681108
CVK7281,0.44230541730334966
YFN6083,0.46620142958995786
ZWB0653,0.6361436995800216
XJF4320,0.2095608874426571
DRZ0501,0.33490188661590403
UUS9592,0.4024888055380553
GYT3367,0.5807506787443613
YOW0478,0.40219815651686974
ETM8048,0.4025750368371002
VHI3955,0.29700768982042014
JWY3546,0.22603368546726577
YGE8169,0.17162929870924762
RBG9621,0.4552596614211535
KFH8046,0.4858581200766764
NKO9494,0.47900524971375813
PXL7755,0.4227021594851359
ZEO6020,0.46767579423679384
RNI7236,0.661669733745097
NVM5624,0.41515628210518635
LYF0002,0.6775703790744565
DPI0552,0.3226770119857627
VFL2098,0.336079043144213
HPU5706,0.7073929258893314
IOG1292,0.5081453478554556
VCG0006,0.20319777285305712
VDT8680,0.7672889942990233
PHN9134,0.4697359519238645
QLY8408,0.4807849042829087
GQF3229,0.5083923783522604
QRU5190,0.43348257516487587
JDY8653,0.2785646579806298
LXP2696,0.18181510185033634
DAU1948,0.32783648113062647
ZKB6852,0.6290875867431622
JOC8182,0.4109884784548815
WPU7243,0.569357941811811
DHM8155,0.39350065999506323
BKV4337,0.7101694067911604
DJZ1621,0.4473828766143209
RHE8232,0.208767889255678
RZA3300,0.5437974963101722
RWJ2599,0.7610748123910942
NXU0486,0.38527006459335655
MTJ8168,0.5109018858879717
RUK3184,0.37742594657631073
THX8305,0.3638738531613417
FUE9305,0.5276329681430295
CLR6222,0.5002947620100947
GEH2238,0.46819535142356494
VMC7749,0.5089815115383405
UVC7051,0.5982227808480449
IQM6307,0.19327776083685355
NQZ4921,0.37705859715178663
KAD0889,0.4956658587542765
FQS6563,0.10114808448757162
TJU1657,0.35575768076855446
XRQ2866,0.6580165600824777
YSB7616,0.3015077403107139
CMF8636,0.35276132924818904
AYU6254,0.5729378649810433
VND3349,0.537227467387647
ALF0873,0.42541681070267295
WEX6547,0.2903248309071896
KZH4174,0.45424239515421516
HHL1028,0.5058424210842696
FAU4783,0.3386632926356541
RIP7417,0.870886686902467
CQB2052,0.8014403308308654
QHR3186,0.7070365243726464
CGJ4146,0.4600517061625977
PQE8422,0.3155347308773143
KRB7101,0.5390098431981147
HPZ4991,0.2720672774596554
RBP6977,0.5016713223469559
XGJ5317,0.25170768160491264
IAN3692,0.5797054804352216
NUM4282,0.555526250263674
YDE7220,0.45446023951157644
GTX0308,0.20120698492528366
RHG0618,0.3643814800779919
QTK3234,0.6737853997116234
XFV6894,0.355527256914723
CSB8399,0.5688822141007637
NOR4701,0.609693060687771
NLJ3968,0.49974556515594515
ANW2628,0.42701638472869796
DAI3533,0.786811888383027
YBI9285,0.4477921559041245
CSM7170,0.21173308544585115
ZQW4008,0.2736997134425737
HIK4516,0.3436073012418882
EXB5481,0.24202411825394832
POP9861,0.6820408441923087
ZCD8647,0.4326009661664267
MMW3189,0.16204990624118853
FZX1386,0.22168381037614293
XJW6981,0.6261051244555874
IDH4923,0.6260071702634264
TMQ7955,0.39525866033546325
NNO2893,0.317551068907057
OCP7865,0.35885801322864797
FSV5399,0.5092671003939444
IPV8950,0.42291042130595835
OVV9534,0.4176576713957296
HJV5406,0.10720867135867486
NRX3458,0.48483054137620607
KKR6119,0.38894599211267333
VBK0052,0.27451896000878473
ZPW0742,0.7289880504787987
IXO4783,0.3290605654610528
OLE9164,0.7953450933267379
FDO9514,0.2622931678241182
WCY9603,0.3483591662335227
OLP9314,0.4589473737405112
XKS6868,0.15560678611848733
AUA0544,0.20351281603118376
TKO6061,0.38618433574135913
ZQI6616,0.27487530330337834
YFX8262,0.476973597425842
SCQ8450,0.31835272519720914
ILX6428,0.42685255671972644
VYM8610,0.6463426862625813
WJQ5273,0.16385057273974063
HSP3866,0.29840198828268655
COM4021,0.6142508187820415
KTI4978,0.28896923048953094
UNS9134,0.36783794382073637
GZN1159,0.6862037421240341
FEL9461,0.42741624428299707
IOW9233,0.5155378829314874
WHA4761,0.7913180656942176
ZLG8983,0.3814785349916504
QVL5196,0.751431281246836
XNL8446,0.4307413387241961
FIX0268,0.623150931132922
MXI1482,0.20174994889678716
SMT7267,0.301121434051998
SAU4456,0.5357192890706034
LMZ6995,0.37760060153263253
EGW7117,0.1718110020309872
OOU1184,0.7279631658425595
PYN2702,0.33112089327053174
ZGF0892,0.45761899417196605
ZOE9846,0.542948696339447
DWO7481,0.5912093034455101
LPO4681,0.3266942471728195
EPZ9944,0.3051915784790218
VDK9305,0.5804492469908771
FWQ3053,0.6737566673622614
YVX1629,0.44280564959901314
IZU3946,0.37491775535428473
UTO2381,0.8005072607274302
OFL6647,0.36701437047572
RNB2889,0.663530380189227
OVM6008,0.4591915498629695
ONB6887,0.44541762418004627
FBZ2743,0.28248443179168153
FLW7842,0.6006149230302926
TGR6277,0.6454192872277118
JRW7214,0.5802834756026585
XRX2449,0.11978350720587463
KZW1071,0.4997124533386962
XLB1971,0.4430707704822991
GQG1121,0.3383892093336076
JPH2255,0.6489559392859447
RUA0004,0.39598796608884634
YWA6586,0.33403456044748836
GQB7841,0.2920960422089378
STM7106,0.6326303070784474
AZB5440,0.470699492001422
XHV9925,0.6382200035512648
QDH6299,0.41134231895245316
WDP7476,0.3637433236345633
NMT6166,0.43083345360642733
VGG1549,0.4269121645262536
RXS1106,0.3373778047109797
XLY3335,0.3887239811154299
GGQ1618,0.4918104571920353
IUQ7048,0.2314043140200024
UYK0965,0.740585076201637
WMR4750,0.3794590592926426
OQS3013,0.7304917064387842
LLN9525,0.373988025881834
WFH8896,0.5789983447139679
VOI1089,0.3199891722710199
ALK1216,0.4572870799551613
VYW8970,0.3590210613429
HRG6795,0.3810175776069763
WAA4157,0.5327457039678318
BMB1791,0.4806902916056022
KQB1175,0.4171560215739189
TIV9623,0.25741222956253174
KYI2691,0.5905565448797898
JWC4499,0.6226216250715276
ODO8213,0.5646953327751221
BYA8224,0.5705286177610369
JBA5116,0.7102661596497053
IHD4177,0.4569193709503584
TVR2929,0.48985687987901044
USI4915,0.3095266021671286
XFA6190,0.4092635741016966
BLS9176,0.7482589603306349
MOR8223,0.7178380193391075
SPY1026,0.8119045075126428
VEW0881,0.48779964701903483
EMW8362,0.18633598028911735
OEJ6592,0.6691454158942385
CXM9033,0.3467445235230536
COZ8513,0.4358571767337921
VAZ4436,0.4437807157444212
RJP2369,0.36995519786468956
XKK0547,0.339310178097322
CFU5890,0.46168330574587113
KMA1753,0.48540923002973196
AUG1693,0.2993371771986856
UCV9795,0.19929723707937025
RJS4002,0.46073113648715447
NEZ2618,0.2584796925246669
HAB9276,0.4965543033087765
ACJ7471,0.4456809385808521
JOF0586,0.5901683213876732
IDU0788,0.1331225234474943
ABN2881,0.4020841218595659
DGE2915,0.27984871253365007
YWU0331,0.554819734189906
BBW3982,0.5874227418627376
KYI3863,0.5638944076085124
QKM0486,0.3951066279179154
PEW4437,0.35832732015804925
UYE5984,0.40771535870145215
TCF7202,0.37715296130021647
NEW7492,0.5335236324499182
CCD4905,0.512180754092885
AHF7381,0.5200655363484452
BXP2360,0.5423470476051908
VVS8339,0.45345052035342015
HRI1575,0.7263274701889162
EDY7938,0.6580462312183686
JPA9779,0.6908685990469621
VHM8071,0.2919224732456387
LVJ5056,0.6931656072398753
SPX8793,0.24386546779835028
UUH9741,0.6248246307575932
IXG2935,0.41902573859089043
GZB7607,0.5310230062748306
EEY2062,0.30071207376110476
ULW0305,0.33567685511606443
NSY1800,0.5718321442202194
KJU0911,0.5342017625102038
NXR5741,0.5935482302625273
NVN2979,0.3631694721831098
DNW3213,0.3223482317996266
PPD5223,0.5665454642410569
GOY4787,0.35578736238375763
IFE6896,0.26221424502641716
NNS7901,0.32086866269160824
BYC8082,0.38341404166816684
WWP2211,0.6909012158193641
FCD5461,0.34039624194352613
JOV0932,0.612505589413872
UXG2063,0.6255799761033666
AUC0946,0.557730780114921
ZQW0645,0.3076425321246832
AJX1894,0.4234689732216454
TRF1830,0.25732170013335476
LXF8692,0.7558382269192658
DRW6350,0.28921593465901163
TWC5720,0.5358169266259265
OUB8072,0.3813914817985792
OSL9110,0.501930211553444
AHA5047,0.5490947322337376
ESM5253,0.1792999349162041
RKL5421,0.5641361885462979
IVK9421,0.788155540417419
GST4391,0.16265291258949038
RGI8636,0.2823965097464112
IOE1286,0.7551402434261636
AGH1193,0.3395762454183292
HBF9445,0.597861559530825
NSO0462,0.7844058817170344
INQ4034,0.4449782010309329
FOL4515,0.30311302023677933
WKR6036,0.18982834460429196
QKT5763,0.47207744718915134
LFZ7306,0.7547700544921332
RZB9651,0.4343633330152479
YHL0162,0.4362619629139471
UNE5104,0.6478651237543599
DEC3967,0.6015947163426167
JAE7915,0.48601549683062395
CEM5682,0.8067960532481868
WXG2815,0.2924014766974487
YQN3117,0.5685866276053078
ZLK9610,0.5709116660784317
ABH3755,0.30799252340159733
BUB8347,0.5843027550342451
XGX1909,0.42400300213015074
FHU9085,0.4260309150406979
MZE9843,0.37338187518313304
QNW8864,0.3405899221886976
EAV0422,0.3243494232731286
PQD3932,0.5956345340978701
ZKD9795,0.3848386844614541
INJ6803,0.3176405576550152
RIW5780,0.350549411629973
PNB5177,0.3348865730623304
SGU6485,0.23299698106054617
JNJ0531,0.4406937130251137
PHN7709,0.6828572818918657
HWB4033,0.33650991624650717
FGK3267,0.3355575250071845
RWV2020,0.43349171795599206
ENU6205,0.539426351993805
CBX9036,0.49268095693664554
YAZ2550,0.6113961236105379
CBG7468,0.4258431076717364
ZFZ1089,0.3956811828211339
VXJ6073,0.32982230329957146
CXS5682,0.17990885671988194
XXG7687,0.6855231734720089
NPB7952,0.5111292843808484
LPU0502,0.46386636850755747
NOG9482,0.5551053678990807
DMA0770,0.5632819530569422
WFA8111,0.37291866401610907
MRD7341,0.5245999387343352
RAC0923,0.18783916215337645
CGI4064,0.28558554161201744
BHF5913,0.5556972793787058
TQT9316,0.752040806714035
XTE7211,0.37559948421187983
OSL5694,0.4567135686372854
HLU2560,0.6094153613443687
NJT6734,0.4487810965295309
PDQ6018,0.6147169586306078
VQX0152,0.5954584069777382
RDZ2697,0.6127259021660234
WJH5077,0.4861669625838866
HHI5726,0.5861270196741626
BOS7836,0.22744734708123898
APX2161,0.3019267296617577
GWM1482,0.2612764200204206
LCA9291,0.687251546089285
ZHQ3679,0.30302524466320435
PLD2249,0.26218722206889655
IEA9841,0.34515881147178873
GEI0319,0.6978528750812503
JQE4987,0.14894907417085013
SZL5463,0.18519853628708877
MCI0240,0.32909937921670823
FVT7225,0.2519487253845706
UJV3631,0.2963955806371672
QYO1346,0.6639010884835167
VIV4576,0.8071120620860182
CUB7496,0.41276008785169516
KZQ6126,0.307606183797699
VFK8134,0.3899365988938609
YCN7326,0.41764874465948365
HLB3847,0.3765197894781178
TDW6663,0.4894690926857946
KBK7769,0.7781377055414591
IJP7584,0.42315585859310717
VVI7960,0.41767111642262855
FWL5818,0.8512739449740261
XAK6948,0.7520990182274356
SQG1144,0.4727207486658209
VVA0065,0.5579146933595662
ZOZ0391,0.6196566933366761
MPH6874,0.40168262640964486
ZEY1074,0.16349805022578873
UMA9410,0.40781785107672164
VQC0943,0.4142403911030882
DZL6452,0.45180559359652694
BOM1302,0.49110609540067623
VVJ8185,0.30691121224999846
KNV7050,0.3101976558156755
YWN7078,0.42287939669823693
YTO5069,0.4593144300502868
HUT5107,0.6191772280685197
HBI9011,0.17459294472398287
EJP1062,0.5920376846888924
BLE1407,0.6495349814628266
DOW7737,0.6477395952931734
GWJ0731,0.2365227748590639
DVK0525,0.6941039832605336
ABT0755,0.23000726572322416
KDQ3420,0.6601908244560701
GRV3964,0.49474442933060786
TAZ7275,0.4418000498395309
FYQ9788,0.4006403543087594
OYV9502,0.26537644745749256
RZR0683,0.3950831486053893
KIS1920,0.3356905166430753
AIZ4304,0.6783300730453619
MNC6867,0.46351710641620714
JHT2975,0.5738969996790442
AWN2202,0.47851903007342156
UXA7661,0.41248955158254963
YHG0100,0.2775316986479771
BGQ6413,0.2810193701003475
OSV9923,0.23946283357865278
WGA1952,0.42941297064978584
ICN2500,0.5246435942903774
GZT7277,0.5517170820158459
PBP4048,0.7017174722184776
XMQ9215,0.5337809420191875
NEK4446,0.21324132821263952
DPN4713,0.5269801843342931
JBG9700,0.5169663988993927
VLK0975,0.15256407987176995
KSE1752,0.8503632915517083
UAL0333,0.7402601910197135
HNJ0861,0.8255889391629591
YNE3686,0.8290130530544193
FKI0101,0.6563592801294035
WUP8684,0.47630144511754946
ZPX2126,0.4668874227404647
CTP4152,0.2832936519690485
QLX4092,0.5607623468462002
AOK5541,0.615242542673019
AAW0413,0.25069575504091157
NGW7719,0.5837985541443484
FIH1903,0.7499747378469879
TAU8457,0.29254638836560143
COG3558,0.7158137798973918
OBP5338,0.35545290267942425
RHK6186,0.6074577648826383
IMJ7164,0.586411506304023
YLB6270,0.4446502972289037
QFA8280,0.2620793256183791
OUS9118,0.7472011990752768
HYO2274,0.31128983004541444
CSE9609,0.5269326724947994
UOE3068,0.7303075648154314
JCC9986,0.42168648490081384
KOB3118,0.36547473651938345
SVC9307,0.6898729619811377
EAM6064,0.20321152507340065
UVN5572,0.5371282501075771
ZHN4479,0.5342159720383848
ING8369,0.5075146718259917
KDF4616,0.3730996398612292
DEJ9407,0.2979021915960395
CXT4128,0.107961319154253
TCT6480,0.22900418379705864
UNZ3586,0.6506887951158169
CEL0672,0.6869080369302139
WMW9321,0.2626717043509308
MIU4874,0.8228122171894994
GHY7900,0.18222057214902243
QXY3232,0.43079555897595084
JQT4476,0.5316752230141673
NDK8564,0.40543126650681405
YMO6206,0.3315771142880988
XMJ5924,0.6974852922768142
XVR8871,0.11242405715197576
XEH9534,0.5751959048323435
CYV3256,0.37547650961126133
TJH9274,0.21509039397211646
VTT0304,0.7085946859775819
RMW3853,0.48580593977787656
JDY9215,0.40654887687138197
PZY1904,0.7038122621385929
XHT3697,0.7873033638200702
YBC8532,0.39354987167201894
FBJ2223,0.5992201533977883
EON2993,0.6185325197435303
URV6265,0.7019788282409272
XBY8963,0.26119891001687895
VQS0169,0.324679425243405
ELA8839,0.4607174374935239
GWS0703,0.45677807999376707
TOX8176,0.36446660626501304
ONB3244,0.5081614875739784
PXX6146,0.25452055044786587
YUX0481,0.34805198479949373
EFI0965,0.34184700209569324
DRD0479,0.2968890660043678
DWY6364,0.338832265698754
ONI0884,0.271194803810455
MCN8344,0.49640197287901866
YKS4319,0.4975302256617495
XZO0245,0.5141422324640038
GEI0522,0.7794531877779719
IKZ9484,0.42772907761367873
DBN4342,0.5362040866407067
NJP9989,0.6173640850928328
UTX9521,0.6187791676229468
AUK8540,0.6396926929524358
PUI1246,0.09495302218145371
PDM0256,0.5387853654066974
YZK7499,0.3986601607370423
GNW4349,0.268628074617163
CVF1019,0.4643943839567862
ELP7845,0.3805856126834043
YCN2884,0.42573051586624144
BWS7092,0.5560401529704511
KZK3699,0.30992889747898644
XYO7986,0.45067252763529964
IRY7916,0.17686346625280572
LQA1132,0.38434251028162236
FTW5458,0.5734628104116237
MIB5596,0.3722627627889489
GMH8226,0.5319143849482779
EOQ6675,0.09924787012843156
QSE8298,0.35232677554302216
VLZ1739,0.6162503458583444
OMO6127,0.13938928872014664
ATF1687,0.45838562214268347
LBV6765,0.47144772278762015
CGB8675,0.7025416756143776
ZFX4279,0.5821701181477192
ELF2926,0.4645744353834083
DNN9040,0.4570604431663559
NMT3661,0.33507843520148095
UEO6191,0.5927213046457451
IVQ2334,0.3693809539420887
KNW2940,0.4279516957170891
QNB3273,0.4308112699511384
FNH7242,0.21038200472441032
VVS3655,0.34290007181461435
XZA6769,0.5262854662629702
UOM6424,0.6105082495543679
FBO3201,0.4416245351367049
SLY2701,0.3161614078423457
KXS2731,0.449546109112358
XBW9703,0.23141962705850916
OSW9461,0.47259797195299
LYU5526,0.6622937848466222
NJU2479,0.421071935537756
KYM8332,0.6478858547894166
MAB7407,0.3160766009374242
YPZ2854,0.8207501267786335
JBF7199,0.6268942382033753
JZD8433,0.3974442169006322
MFP6362,0.6325779964797549
JKW4520,0.6991847542304185
QGD7776,0.6194109635071845
CHA6808,0.5126952729463236
UBS9220,0.5235520320805007
WMY0640,0.470717106741723
CRC2190,0.3496127591244567
AVW9491,0.41270781628194375
NGN1485,0.6938188120187829
QQN9296,0.6771587849818761
NGR5046,0.43944595273879283
LAN8432,0.5118425183069547
TAQ4819,0.32329674969317523
CPI9822,0.3729322066080062
AER6514,0.11487763634032302
SEH8603,0.8703265042313588
ILT4241,0.418238844002074
HKE8304,0.7077172293428979
TRW3403,0.44191668703158266
RZY1654,0.41439585083017977
NWK2633,0.25771033658966735
CFS3204,0.4601569842431556
NSH7795,0.5968244239894929
UDJ8583,0.4841791876708891
JMO1835,0.6748628738435708
REJ3686,0.25450614606370103
GDF5664,0.6826581470524218
NVV4484,0.581395153447929
DDP7484,0.16403463034276822
XSF7421,0.2087090391544935
NLT2046,0.6315323065742227
SIQ0790,0.41934056676918385
FZD1147,0.1588683932774449
SAA8955,0.5223012561801169
VCE3631,0.5887990441734179
ECP4298,0.5400127302134722
XIU0799,0.7561267117126578
RBL6086,0.7844468611160196
YBP3161,0.5023417197560671
KMY5612,0.5053231776261724
ZBM7911,0.28085899580813145
OCE7294,0.649513145664024
TZE4540,0.4974886937447264
OYY6449,0.4881315505121491
IJK1308,0.6238025682353555
KPT6842,0.5152041302518138
UKW0215,0.4358237870369513
LRN0774,0.6149493506968671
VCE2379,0.28505500578184384
FMI2837,0.2266917459885594
XLW5979,0.5282070466866273
GOV8873,0.4999929529841721
DNF0823,0.6961631555114758
HPH5240,0.550278343825598
AMU4525,0.4590933970701803
RAZ4524,0.6755934857273445
CJX7660,0.5811096160527369
KRD7992,0.5617818790706707
CPT9754,0.26348925443348203
MQZ8423,0.7008000789293715
XZS3817,0.6197749857751966
VCT1670,0.35117858578419303
MPQ8940,0.504569218351189
QTT2590,0.2510595910656429
RDH4737,0.5274410007754541
TGY9004,0.305379070934064
QQO7458,0.7971660468095756
LOI8195,0.5423798607613222
XNK4649,0.6220968704966554
ISE5644,0.14513230169572816
QQK7127,0.5444766425813117
TJP4799,0.3968328753351816
OXJ4842,0.10670266117427066
RNA7496,0.5426850252454464
OGL8285,0.47952133729569446
SWE3610,0.34173940354431964
UJB6693,0.6042041711681023
DGQ0428,0.4141481603770263
UAF2108,0.7590100042602492
XSY0056,0.33762171377874883
HLU0539,0.1633828037263037
ODQ9274,0.3064577534987284
KFX6128,0.3283015175994204
YEG5478,0.4639636185713233
HRD5727,0.2552672168841266
ZGE3625,0.3675263988966482
UMD6920,0.41422411776229395
MUJ4332,0.41164236293931666
KIF1692,0.7007923145101449
DFL1502,0.5867100797784667
CHL2034,0.7034607614894618
WLT7867,0.48689723581502276
PXZ3818,0.43460953535890173
FYM9226,0.7372071784011207
DAC6061,0.5621572719646846
RHB1657,0.5366746423272757
NXO2283,0.5786490234176841
RLR7250,0.7532908903648088
YWK2082,0.6038533159148902
BYK5591,0.382895355247655
ACB7270,0.6893994194939179
EAM2579,0.47637363692698664
HHR7325,0.6341287881395397
VHG9675,0.5678714316482247
RRO6606,0.4180507509470103
ERV7117,0.3354244251141286
MBE3268,0.5581819211393031
VWD2016,0.4637579912471024
UDG0132,0.6494256777518406
ASO9327,0.3880342704206404
YFX3025,0.397918069064879
YHO3350,0.5952238656845754
RDJ0057,0.7084637163685457
OVI5461,0.67298601746758
IIE9717,0.3218857131758862
MQU9813,0.20208642940958094
QBK6167,0.37852279963424595
MQD9120,0.3907859164550218
MPN1782,0.38280798563376606
IAZ0582,0.6180388255760257
WER3297,0.588875610360113
DKU9622,0.23888277664247692
XZU1389,0.527973300873519
JIV3958,0.44941611601419307
OUU8805,0.2901518869126374
HEA7369,0.19609165934912304
XVP2264,0.26187666450435454
DFR6067,0.38841076608716296
FBL4503,0.5056388113785276
LNE6682,0.49866021905468505
ZNT6954,0.14508543766889231
FNV1771,0.686949457313746
ADK2106,0.24448241921658953
AEZ9340,0.43831133546412815
VFQ4319,0.24239337062503785
XSZ4118,0.6824216579400186
EGA6616,0.6593858949899642
MIZ1027,0.5414181473714266
SRS6744,0.36560335392624643
JQM1187,0.43331428769385893
ZHL3139,0.7962901083748444
NEW6706,0.2121941908090736
MQP7394,0.3934502573783123
RUD5319,0.6334947126851367
GJO6846,0.6004739297869639
NWG7741,0.43517249344972875
QRJ9739,0.5361579614149838
UKG2642,0.5633862571893256
UZE6034,0.4144044618182349
JVA3845,0.7559080359669006
SQF8086,0.38118410395522695
ANJ5892,0.31890225340976414
UXX1393,0.46644367564837863
QWT8893,0.29727981173921214
IPI3012,0.2894727277989456
BFJ0934,0.39160111142153387
EGP1636,0.2279726715747982
JOB6556,0.8098197988814697
QRG4068,0.7322531467445811
MKK2644,0.8097090776116195
NOT8646,0.4635124802609808
BNU2999,0.4784156651022677
JNR6923,0.7716819018125232
WYV8264,0.7162138722357303
MYX1892,0.7663765769635664
MEB3676,0.5850588064082218
XQZ3311,0.4163981802196523
JJX6807,0.29755505247196945
WXK6036,0.11978282766732798
NGT4741,0.38285263262216773
LXO3834,0.749375135623935
HTC2895,0.6926319256349669
SAX0105,0.28100246252469824
DTR6300,0.4488825389025741
DPE0579,0.1316784258277624
WNX2417,0.24877885675004444
XZM4055,0.10338958363880467
LHX7184,0.6381318682557722
KSO6598,0.5638536762006554
OLE4506,0.4788071784329737
NWZ7800,0.7836199633610249
LIU4069,0.3582777820376447
JKO7105,0.5943579375372413
HHU9275,0.7312116136340132
TNV6516,0.4337508448475283
LYT6293,0.47949776477539663
LKU6285,0.5407245333186763
YHL4141,0.1718643936493628
KEH4496,0.4001599749204522
DAG2617,0.2254651038857325
LWL1497,0.5408128475260526
OQC7661,0.5138337864063897
JJQ5903,0.4501507170145579
QNA7565,0.5728919539641787
GHC8140,0.44878036701767077
SWJ3811,0.43940454585202326
BJI4095,0.6392332178968976
AEA8629,0.24278824830431323
OAX5074,0.49777224603286596
MHX3492,0.24753869326172204
WSM4668,0.36607811313651595
ZVE8493,0.3217511328735465
HNI2057,0.5814119404513395
KYB7279,0.32980652574576735
TNR6519,0.41921172601896306
ZAF6488,0.7225984994876326
GFR6971,0.4235292575405602
VEY1968,0.24936355202553745
CQF6416,0.2609874256798904
TUG3248,0.4354010164894297
LEC4955,0.7370963497944822
OQR5476,0.3892045686018393
UHA2449,0.45159739433735
GRP2675,0.2990028734941188
ELA3131,0.3690581752624741
UZT2014,0.2846753303569234
NOR0351,0.7304106535690321
SQV1536,0.7074859999773251
MWO2395,0.42909854895629473
JKI8422,0.2348246551420804
CSM3282,0.7534959350997329
MKA1884,0.25282638042972244
OAT4775,0.6455815775961105
WAE6729,0.22525170200404154
PUU7424,0.26591143881089524
BVD6400,0.6654706436243539
FNA8904,0.3688700149566006
VJE0900,0.49494460666057083
TOH5347,0.44825583874673247
FVT9140,0.4067243707757031
GRH5559,0.29376213379670274
UBD8889,0.7775695799153561
GFM8976,0.22391042793432725
SNB8067,0.32502623696212446
JAN6657,0.6692077605843418
ZGO5482,0.5561882041131917
WAI7897,0.2996414832948904
TQQ8810,0.5787210126406224
PPR0538,0.587572564239962
IQD3049,0.44468485193153345
EVW3261,0.3962248030281065
QTP0829,0.25745485464435214
ZAR1668,0.7173952354685874
YNM5067,0.23241988143790468
ITH8224,0.19385633386805723
REM1332,0.23651123190801843
SPS6604,0.2933838465761178
AAE3132,0.5441040419149437
HOU6184,0.3673128986122388
CZP4309,0.2931673003949599
LEL3646,0.4681666293997382
KLS2376,0.5641583430971625
SCX6724,0.4249992346568467
JDX2248,0.4400150112208185
CSQ5122,0.2842699856550379
NCV4201,0.6654694764567979
RFX4239,0.7275393498344509
MHR9246,0.8078607721839495
GBZ6626,0.49571464140563903
RPD5488,0.30232605188692907
HYI3434,0.6395845019784026
MRS2505,0.6765213972708518
AMB4315,0.5234814685389486
PMG9403,0.5084872547577254
PJB5201,0.4839219366805421
WNR1849,0.23321985651138377
WIH5320,0.631502986886534
ZNM8480,0.6480631460273285
XXT0474,0.8468200618385524
QIG9493,0.19313839442497935
AFN6386,0.16316667190896889
PRR9621,0.6222085930765044
XCB9683,0.3419161297084471
DZT6788,0.5197647608499
WWG8089,0.26879483360003237
UKQ0153,0.48838320469331675
BCZ3036,0.5638431901941559
NVZ9450,0.579885288176887
CCZ0625,0.43965045937249736
ZLP2972,0.20620469840619615
ZJB5926,0.5156012348433532
CMG8982,0.5160385274664931
WTU0545,0.3461166318376156
FKL8364,0.7118225402691385
PLX5842,0.25384505189173234
JUN3444,0.34018583490477544
SKE9305,0.45402748217114297
ITL4779,0.5039392903601143
JJO0795,0.37769694335187853
NXU9005,0.2968949600712223
QGC9923,0.7857155535902762
MRQ3624,0.2798571258495966
DGH6557,0.5308926765524548
HDE8710,0.3297726234211627
AMV2337,0.3756999012928486
UNQ8256,0.5910893006187825
LOH5505,0.5985205654608285
IQY9989,0.320046423527911
PLQ0927,0.7077511766933682
ZVH1070,0.4961303858145871
QWM7774,0.7818080850603106
LCA6145,0.44442912279675356
CXS9262,0.5869870326401808
FBG7333,0.5525377100486968
OEE9697,0.2945327613549721
VXD2888,0.5264102207056174
JWU4615,0.23169452482090813
PIM7408,0.47662580410788513
KOH1629,0.45384500377735226
FNX6879,0.21582803122177727
JEQ9499,0.6621433248780589
UYE7582,0.6456448066124808
MFM9712,0.5366231138738731
CIW9280,0.669389641000883
BIH6763,0.47865448145171086
IVR4724,0.31064066072814817
JMG2675,0.2695989949499584
PAL7750,0.286157413768351
EGQ5337,0.27512397297435953
HNM5599,0.5333719659307967
WWK2226,0.39911734043601704
XMD5380,0.20566303018098203
CMT4787,0.3044880675668207
OTN1938,0.4910570173794775
VIT1701,0.3341706120762372
WMK4466,0.33733658967019275
JJY8197,0.6117971850886985
XCA6285,0.4675942400769172
LSX1698,0.702735935103631
LIY7658,0.7020127919842789
AWN0993,0.46190065244642237
GJQ8756,0.4830914344979187
UQA9509,0.5747266901200144
YMN9110,0.47878179869505133
TPV6824,0.36437693872267796
BHD6476,0.7855557433793898
JSQ7862,0.5809703349629152
IBD7350,0.39294857193578725
WVG9491,0.5197142492312462
ERM6024,0.34466396905729646
EVY4906,0.6767597468146542
HZA1744,0.3896193720570758
JCT4386,0.4761878007932112
GPO6473,0.30905860472789126
MFJ1189,0.4106411191847627
UYB8567,0.570803690236639
TOE0201,0.3492786346267387
PZV6692,0.376215137458915
UUY0456,0.5589096957114397
XDE4403,0.4073178262827732
RAY0990,0.7455243601249435
YXS9979,0.33528262375539253
BFQ1956,0.2749413412715297
BNT0970,0.5534231726065326
ILM6904,0.36193657739868024
TTD5928,0.3006744494680382
LRK6522,0.2892843688942095
NWI7548,0.51830649629229
SBO1935,0.3749866670698254
ANF1816,0.4423916667100903
KOO2576,0.3930935123230972
XJK2683,0.26526596324963725
KXO3550,0.24838664904517901
PXC5758,0.6639588480538015
NQY7197,0.6219899478005899
EWQ8929,0.81871304665295
ULV2580,0.6941361632369566
TCG3740,0.34548722440616164
HLQ7927,0.3563221753890453
RBI8043,0.41032928377319355
XUB9735,0.3099341784847298
YPZ4317,0.3087900969302689
QXZ4385,0.46873312909083525
JBY3887,0.6719033275042501
PMQ9284,0.5086450714781342
WPD6992,0.3882354167537769
OHO9405,0.6851487709524204
JXZ7487,0.3868072150147618
YBC1242,0.37724296001150603
GNC0544,0.39094978755482757
DWG6506,0.25788724106784866
GHE4135,0.28731135289258414
YTY8763,0.5840259501604194
KBN2378,0.562669104634434
AXT5962,0.8149854051368539
BOG9757,0.288045474645243
JWU4504,0.3288585015143675
WFW3920,0.7707951001145911
NUT5984,0.2840714288348871
SRM0734,0.29687644193685525
SXM1210,0.7454514562236241
MNP1285,0.3674418325170081
OLN6828,0.7020598155327777
PND8015,0.7267506489137375
OGX2067,0.5894466913690163
NGW4148,0.37260651160300207
XNQ9739,0.5157026618598465
PVC0396,0.08172247244853059
YQU4379,0.19638184714703505
QCZ9183,0.24170868175521798
HEK1976,0.5890348584386786
IGG2798,0.4493198222331066
LVB5412,0.491817933116213
GJT0245,0.4554319131053529
UKH9382,0.45413543670982115
MSI8579,0.6435447578211644
ZLG0202,0.4906889016714534
JLT3081,0.2287897525693966
QUS9552,0.250067117515841
YTA1880,0.5206003646331867
CDK2415,0.39405042435810417
GDK7008,0.4294612371090764
XHB5695,0.5214549036283679
CEL0699,0.42856304020678704
EIU7027,0.2971870958893526
HTM0146,0.41630508599946137
FZO5757,0.50335810986241
TDL1068,0.5465390587852316
NIW2607,0.5405193776145558
HEO0125,0.2801643205302059
MEX7417,0.3928650511785474
OEN4472,0.3533578635954627
BRT3771,0.1459375294222767
GUG8607,0.7354939516573696
ZOA7096,0.4649205960842127
SDH8992,0.6633423011132836
JMD0120,0.43535494013626497
BMO6026,0.3753344915879484
ENV4544,0.7002954391269098
JQH9915,0.2481575953352702
GMK2427,0.570890640969075
FPA0677,0.46156262153726824
ZVL0171,0.7348584303072825
SYC0712,0.7897328737318952
MHD9822,0.48210138364685245
HPD7237,0.8342061619295714
FEL2808,0.5387826348214289
MMC8838,0.3606202854643076
NHK5621,0.4207479251288963
LDO7056,0.592582607478651
RJU2365,0.48195945763752185
WUT2469,0.1861352281354352
YMA0571,0.18673997853268207
STT6043,0.5683941904063381
YGZ8268,0.3957179201435046
TZR7334,0.6479280775698568
KVM0019,0.5453704208846438
KCI1006,0.5252037926770599
RJR2607,0.280093825895543
DNK7474,0.4758803450543426
PMY6529,0.3639626421316988
JAT6175,0.5523146678364733
GRH8210,0.7447670484263372
KFU3441,0.7270554414288364
KVB7435,0.291899537788055
IYP0080,0.5328218069678765
VBV5453,0.4231723630015838
DUA8888,0.5745044768558413
SKS3637,0.2709922956215959
JJK7748,0.5148099526126635
IWD6431,0.4135678370118238
BZE5384,0.28741044416248107
KFY4089,0.2846083559516714
JBZ4242,0.3379555242248583
JMI3553,0.569892468430618
VJM1864,0.15912532397261486
SVH8709,0.6929679674175232
SOY3070,0.46490032280555993
TUE3956,0.7449518192232742
XIX5596,0.28598760403278
CZS7133,0.6196227475758787
FIX2641,0.41105442418057103
UXD1841,0.4864711233211035
XIX9094,0.5547121332559348
ZVV5799,0.6700008772971624
VBT2621,0.2261928611763236
SGP4291,0.32031198824741647
VWE1468,0.5376662518876887
QUX9721,0.2888243604716929
OYI6805,0.548426859485626
PHQ4045,0.44834040989154544
IRE1258,0.5510243364886565
TQY2059,0.39743444006855216
CIN7912,0.6223837957392515
BFT1621,0.26323574114671544
XTV8065,0.6825998813571998
JBN7458,0.2275812822173123
ECA7340,0.6377119385755337
FJV6411,0.43030978592052505
LBI3544,0.3127591614156284
IHF4906,0.7201936735333831
BCF2737,0.6969797763828697
VOX5055,0.2997617867305378
OHX8131,0.6283944216179979
OOJ2242,0.4740794286644921
OYF8344,0.48524632067960316
BDP4806,0.3236064041430367
XHM8420,0.5380109989903432
HAJ9645,0.811759387390482
PDE8624,0.47006371960719495
NLT2148,0.30763744867371157
UHI7991,0.608479074736848
FWX8897,0.3983626652657393
OWB7178,0.6497267127845388
REU1247,0.499668307713273
CRO1769,0.4620540222514862
TLD5484,0.3664007495898387
PTV8574,0.4173802849455776
BWS1336,0.22830341175870084
OII8763,0.2984727498127464
LPO1321,0.5265735540745455
NHW7391,0.31932293209227874
JUC7750,0.245020001039941
CZF4822,0.29969550266914
KBN3400,0.7371469484042767
SNF1740,0.23698115868375633
DXF7268,0.6199970914120778
EEV9383,0.2319522126787537
WJQ3332,0.47126346605206954
ORN5586,0.5240189472509519
JNZ7774,0.450295411843172
KGI8277,0.4204616436457357
UQV0433,0.3442749607239002
CDJ1262,0.6342405975197329
ELI3656,0.2669949420694529
CJF9592,0.860224901598017
IFV9314,0.4689068671865609
VDJ1118,0.3705353738478516
DTA8682,0.8038527322717881
TGJ4666,0.6645078603000576
IZZ3291,0.5013996116843314
ZWT7505,0.3246729252581946
LTK9250,0.24311890039271536
DVP8940,0.3788800049847302
OJP1964,0.3085196742535382
WNA2120,0.41484891781224487
MSO0106,0.497379542696362
XNB8483,0.2952387878989319
PZM1761,0.32323939053210526
ENW1475,0.4471327098095697
AJL7031,0.7000495396257451
LWS0585,0.6470292380102787
TXW9164,0.5549407339702563
EXD4634,0.6253681010899217
KJW6467,0.6818417192833166
EZD2570,0.25226422538759286
ZJV2396,0.5364087852079052
OFC1459,0.5561008059286348
VFR3116,0.49909939376753165
GMO1024,0.7045650608952028
BWM2061,0.3848790765169248
QTD8623,0.5991769970738192
KUM5250,0.1665619060096036
RJI3984,0.362409936991277
VCS6618,0.368824707347446
XRI7782,0.5686881423531007
TLU8006,0.34471089748423456
KIP1222,0.42995264631092744
ZYW6392,0.8612295432428608
LQG6833,0.3810539690552286
YZS6822,0.37672852556704817
WYB4183,0.7546789686132682
JTZ2381,0.5990047000107019
WOI6716,0.1917236373413212
CAH3623,0.41508079476519666
DHO8082,0.3159695222202338
WBZ5686,0.5193194676483422
PTJ3034,0.47681769727916873
GOH6841,0.2999666203049405
IFK4684,0.36629404702963597
NUC6904,0.5680408677512789
VGA5416,0.4699818889761356
YLK9460,0.49882078425826704
DQW1972,0.6750408846994396
FTN8264,0.654882067363896
IGT3880,0.5583162076849753
FUA6770,0.6281884340496279
TLV7456,0.250312699458036
WWE3484,0.5433762185888038
DTR9952,0.7113152838691432
YNO1665,0.3020778171784022
VGE9961,0.3835236972800705
RUA4176,0.13991566527846352
IKF0037,0.28746392308078805
YRO9974,0.37830852649968394
GWY9006,0.42900720669295356
FVD7466,0.28696417851872313
UHF3142,0.3065070072088961
DEX6242,0.20393713981464623
QXR3196,0.24442197238910868
IYU8091,0.32862944392371934
BCP0378,0.5545100348977113
IKD6628,0.29417706277868905
NEA8008,0.40105525732179365
IFL0400,0.3256676036526703
OWR3438,0.2846200399369341
YTR7954,0.5793501278028478
UAG7922,0.2663688371530416
MWS4567,0.7185978784255651
HYP0579,0.426343824344078
CWP1122,0.3545691568037942
GRI5844,0.712596788299837
ZNJ9881,0.6754069002989596
AND9132,0.5317061947424948
OTX1554,0.31566077414219035
JZI9321,0.3398300030624397
LLG6222,0.4112173407957565
MDS9093,0.48513802395886274
QQB0215,0.562886763118345
QQT6587,0.47793227944015837
LOK7515,0.5445881079519167
GYA7750,0.4595020160105623
MNV7286,0.7637191386326551
YRI8408,0.5771311329349511
TWE1980,0.5251906535227802
ZVU6266,0.2685127306912535
RRG0247,0.5034397771988357
HHD7862,0.6966043277681733
AJE1820,0.4034855958035388
ZDR0733,0.5838653753995917
GGP3321,0.21646460302702794
CTU8248,0.400964955657716
ETX7860,0.208616004777818
BYX4709,0.46625286351232365
JER5258,0.3115832006079488
ATP7809,0.5011770679344705
OOS9657,0.7707296247996669
YBH8650,0.4188892260544392
VPU2235,0.4105094975865274
AJE0878,0.4619561105538389
VOM0132,0.5227844801647821
XPU7817,0.7742239588984545
MLD9068,0.6489184426517216
GAF5632,0.7500610067693867
KVJ6297,0.7138430801302938
BQD2750,0.6037855685630147
XFK0812,0.21513382706463482
RBI8449,0.7847438301774998
XBJ4755,0.3659687521740068
PUG4486,0.39111391963911657
SOK6661,0.6517144231409671
XXR7349,0.5842012022329328
HKP1866,0.5146312015995298
YPM4023,0.7470710697512999
OZL2864,0.7394636996824862
GQA0832,0.2672941517300316
MXU2531,0.7011208207828497
QYY3922,0.18103916697829225
RZJ6026,0.7244370546759392
LCS1493,0.23767580558531776
QJP7869,0.5778743332387272
VJO6966,0.6823218603011597
OFL4209,0.45320577243929094
PFZ9129,0.38509127365983276
MZR6876,0.7923684083020968
MCV7828,0.2868149940219888
SZN7612,0.4509038416540027
HNX6356,0.3851742808794016
WKH3337,0.5268944082772832
PNI0320,0.6560198783793438
LSK2897,0.3230959699842458
AGY2805,0.36391470938499715
FEB0191,0.6725466740638343
ASI3597,0.2885840556001964
RAW3160,0.3511392927978694
SAL3837,0.3818276248718919
QMO1576,0.3303957196007753
XCJ7065,0.3149037457417909
YKO2034,0.5077331934017947
MYM0707,0.6853780413689764
GOD1525,0.4870408236035203
YGS6472,0.49028356370913506
MVR6731,0.3659446806571507
AQY0818,0.5469346898501397
GWL4324,0.5827361652834725
SAL3804,0.4993115062871999
LXN5221,0.46391208645060633
UXM8042,0.22843217390607679
GOH7601,0.27739710723981625
UOH2212,0.6299112716287013
YUH8545,0.759206920044415
UVO5135,0.3890066443949967
VGV2371,0.29639732525711976
MSD1546,0.46628221792758745
QVY5202,0.5759406945453602
MDH9411,0.42722022652256575
XRP3871,0.18571101698581063
IDL4446,0.33474468852570083
SVT0852,0.4468280141273852
STW1369,0.4089873834064224
KDX8757,0.5245599059387014
OKA2718,0.4247760004057721
KGZ0857,0.596258282544648
HXT1988,0.4468707132626697
PPL4821,0.1574674976980171
ZSA7657,0.8105695338647809
CCD7293,0.41634557186130483
XPP4684,0.18736606183012594
MYE1200,0.36915020075397065
DNA6848,0.22956817717999622
WAX9047,0.2354583911320371
JHL5576,0.5476438686408259
HMH5026,0.3151472574804941
EQK7900,0.5595855328861717
THU0418,0.31612095638069043
AAN1264,0.6062609278923916
FGB5363,0.38718845683563874
CTK2833,0.7375173397473679
DVB6982,0.5903848340686142
RNQ9043,0.44588057879844356
PYH6242,0.2527693676989352
NJQ7029,0.695201264916218
XXQ2266,0.5535131293094206
TWF8468,0.6758991908860967
PBX1659,0.3151453222437982
VYE6525,0.5501104403635426
XGZ7303,0.22356044002748182
JWG0572,0.6620559222912217
GCZ5567,0.308506417500157
OEK7979,0.25602874885352034
IQR1080,0.6037846941735616
EGP3030,0.36790625577941716
KXD1325,0.703839689292899
AHW4029,0.4442798229570705
ZDL7831,0.4901123603916808
UUC1303,0.857969151985787
JHW4195,0.6552488842244333
UQA3823,0.6817627717361711
VHB0197,0.4203088378612585
BVR4732,0.43504090777374804
MWL6209,0.16534636920097942
USW0558,0.5637822378442782
PED1745,0.38735763439939885
KZU0103,0.6544264855580078
AKF9929,0.5733001928646142
XHX5246,0.48389135059674804
SFA0308,0.5559239390855837
DVD4120,0.4232183109352945
ESO9920,0.5022956585075652
SRL6640,0.5494338009889645
CUR0551,0.22427490936154815
ZRZ9828,0.7247910993528874
JHZ8593,0.6158978716954469
NHF5531,0.5218497169030054
FQR9806,0.6469379769892176
ADB1496,0.30068169269449463
CYJ8609,0.4687044874868047
PBY4400,0.42459000242264544
LKQ7118,0.47129103829084307
PJM6055,0.5264956784003805
CDO6881,0.28906234381274387
DRF7884,0.31630698645434996
OLC5061,0.5905159589985893
AKG8619,0.3528523348075713
GES7925,0.5921256542760971
OPE3417,0.18422170822966
TWP5888,0.39738935307967993
TNJ4880,0.5535584727305465
XYM6908,0.6673778987652736
OTV7462,0.347175333722594
QDM0499,0.7047373249492881
XXX7106,0.2105663795105186
CEY7529,0.26206431393536667
EQG7914,0.24321994123159163
HQH7800,0.6653791553862428
FDK8158,0.4132754716697359
VLN1057,0.4899271770145659
QYX1812,0.1906661588535596
UFM6656,0.3952817256989267
HIF2994,0.5444309056276522
EPT6107,0.44691497572446515
SVH5874,0.47533194541270407
GIO5888,0.3701113097100279
MPK6697,0.5406691073329932
JHJ6002,0.3761742636459452
WQB2834,0.27643285639183435
QKK7312,0.438981763332119
YJZ3677,0.7713012056134392
MBG7300,0.4918592753588379
NGX9445,0.38956770246777817
QTU8109,0.4223388295386813
OLI7614,0.31744681396436003
FSG4468,0.5636157334871668
RCH3872,0.5644352760675938
YXB5864,0.23386916926781598
HOR7464,0.747206621983085
EIC2487,0.3155517687257092
CCJ3339,0.3229287875865381
RQJ9221,0.37743182674177655
HAO7587,0.4809213784905951
KNM1584,0.30224974042688435
WLN0973,0.5543005715418903
WER8629,0.2978891870696983
SLS0471,0.17450014324116442
RWZ7062,0.5703284182763956
HKX2986,0.5787167476062953
GCY5175,0.2862895928850261
AOT2477,0.18297781604149277
HVO1046,0.4304457688792046
NXH0170,0.42771368238495405
GZV4285,0.37087719098162586
XNV7471,0.670327820690712
BJX4302,0.5501319813824572
VSH5730,0.31054628635606274
FDM7929,0.49781159756010185
PAU3377,0.2832192624602413
PII3257,0.3726604059656758
MMY8958,0.6111834976576971
HSJ5714,0.5858171254851723
WUX6406,0.5063314679421396
YAS4032,0.38248907708240076
QZX6944,0.5038145500056955
SBX6305,0.49107146646883404
DQH0443,0.507958705895416
QHJ0432,0.4074557709573323
MEZ1886,0.44568897638324423
FFW5346,0.27805784458678345
GCI5754,0.6046873976418792
YWS2631,0.5854221831380493
BJE6322,0.4369433455414865
QOD5952,0.36077895586839365
PVQ0274,0.3938479860731575
RWA7760,0.4592432374868193
LBD4986,0.2158914800887992
INX2297,0.45580840221995356
SWE8062,0.2667244951541722
CDJ6273,0.32524662644781255
UVR3325,0.4369097812785352
AGA7615,0.2225314926948112
QQF6530,0.4360225141513683
VCP5164,0.3795497419634932
IBJ4529,0.3115140911208751
XAP2030,0.13242208239842868
VSZ4334,0.6266960237503486
IDB3510,0.5166688261447652
CVK4116,0.11491804473318787
YRI3393,0.41351029006706097
XWJ4426,0.5654059875862965
CDL2013,0.24606837107777685
YBT2195,0.5795384461468279
XMX7085,0.4753525421611433
TMS4399,0.5251749339897411
VNW3430,0.6426333610497275
FQL9334,0.6290228526201286
BXK1712,0.34980549925690096
KVQ0997,0.23690304829626418
ARP6086,0.36287261916519997
TZA4677,0.7649754984715789
KHL2108,0.4671694774050631
KLH3876,0.4082522296539751
BVO1335,0.4707648087051992
WNP1085,0.656964525668265
RZU4330,0.42644039609870366
YNC1324,0.5488257445849614
AWY0298,0.5601464890236061
PZK1558,0.35305160888134335
TTN9630,0.30044795636550614
BIL0479,0.4432017679376469
QYA2602,0.35595088087686577
UKK4307,0.5609747783342267
DMS0338,0.7380442191507245
VIP9261,0.21055180774757937
NPL9257,0.5013270845783444
POW4586,0.5354515200356202
KXL7076,0.5667462078329024
PFS5716,0.72058009034242
AKY4887,0.5797187158981704
QPB1967,0.5551009953690853
KFF3495,0.14534439982288166
ZZF6930,0.4052533489961908
NHW3925,0.6045696449794143
BRN8497,0.504107076722399
UMJ2226,0.18912326705693405
RNJ1710,0.33035185062431865
LUD5116,0.5978278264152481
OLT2214,0.38174205353055035
XXJ7220,0.22329118310350476
VPE1768,0.45145345235900614
MNR3391,0.6626256800422601
JHM0984,0.5423650105725594
FAB0388,0.6247591818837681
OOR0476,0.36733390837911917
IBV7915,0.6831492199355602
YFK1866,0.4704047580185917
ZQD4890,0.37295218202078606
WDC9798,0.2995720289483304
CXG8456,0.5791084973609691
DOO3002,0.6650275012161999
YID2854,0.5151562692147331
SNT8269,0.6159346530727181
AJE5284,0.3864107210656791
GLI3826,0.5391211066352743
MPN9544,0.2587200135071699
ZOL7983,0.7183779214617944
VGJ9459,0.4424689880103403
YGU7937,0.5110849185892942
ZHD4984,0.5216151495459492
TQL5044,0.3378031007072271
GZL6126,0.4919007010769737
TED4788,0.3559229720865227
QCB1230,0.562324884386438
KCU5480,0.19723621727247884
JYA4020,0.6519043302857506
AKI9938,0.4246054983079596
CDZ5280,0.41997471000549214
IJS3257,0.7226508065902519
XHU6926,0.4759091486749731
ZQD9442,0.46321895627960885
XSW2306,0.8540868115774172
QMP1263,0.36265262604488796
LLJ3258,0.2030284183531183
GHM9007,0.2832245283742353
LUC5355,0.7405464092790371
JPJ1369,0.5073352816885204
GHV5643,0.5425359327919899
JNX1312,0.782802695652564
DNQ9370,0.582372371430598
WXL4780,0.3595852120734115
WCO3839,0.5347513582606855
IDJ9502,0.6272403384004748
MWF4845,0.7393568556658857
WIA4859,0.31219171229248516
PYN9857,0.20035553170931258
BBK1144,0.4811441557929994
SWH7163,0.23388774474572008
GMF6824,0.08760845466450141
IVT1624,0.4289925120160839
PYR5155,0.7275093219772601
JAN7670,0.4960410925238266
SUL6082,0.6207850196851274
GQN5525,0.45156324749624144
EPR1251,0.43846810447897266
YVF9131,0.5978787680603299
ETE9042,0.3538008909010312
RTU8397,0.4556405312848819
VQL7165,0.8755161285883373
FHF3153,0.5100108410082056
YEL7480,0.3525534162626407
QNY9983,0.3112453380678851
WLM4602,0.2662021037943366
BHV5209,0.34011453343490483
EXU2651,0.4946586508242997
QMM0719,0.42549807951046986
JCY7195,0.5832998815095283
OMG3714,0.6713891987567652
PLZ7937,0.4274839720899143
UWY1087,0.681030784650324
KLL3321,0.6634572523015122
FRT0766,0.5371009897036578
AWI8218,0.6222120597237032
VXH3216,0.25243149820147864
USD4961,0.6021051091907172
QDE2276,0.5618230160047779
NQX8981,0.65478883523722
LXQ3911,0.5613962567232936
JUS0617,0.28052187087969516
VPF0649,0.2955028438950613
OUU9584,0.7902075864662437
VCE9304,0.4472902200572357
NZI2126,0.20562225565309056
ZVJ8894,0.5766219795399143
EWR8128,0.20781035326239244
GKF7029,0.5428204334687381
FNM7614,0.4934043854224056
FHS8655,0.4904181587911218
KMK7242,0.47682438075580913
AHA8842,0.249310773987031
CPJ8082,0.488576809879377
DBC9627,0.5686598684810683
XJW5496,0.39585766049652527
BKG9784,0.6347970405782952
KBD8351,0.3745884193043464
EJG4853,0.3855389103845062
XKA6945,0.37677591701047386
FIS6302,0.3294769469811781
VVC7858,0.3022307903480662
RIF2689,0.6018456099297866
AUG6492,0.6109897239810318
YCU0440,0.27311684636009553
UDC2578,0.29846394196118
RHJ1529,0.3533140832252313
XFC8473,0.4392042945242497
OOA3990,0.5827561956079748
XFL8207,0.7250028470659757
ICS0547,0.450849562325729
CSV4897,0.38075183628780085
BWU0006,0.55401693312284
ZIL6789,0.3596423445824851
ZTL2295,0.42495538286023116
ZIX0088,0.6671841745794622
MEU3717,0.23242018366609069
QEF2532,0.3671104291738867
WNE1300,0.7550255795406475
NOF3605,0.3906354423313786
BYB0853,0.3239427683564794
VLO7141,0.5456180529958837
KMY8105,0.3775071083430862
OPM4779,0.41362367708871184
JZM6435,0.2740469798761542
MHO6099,0.2368496785628874
JOV5051,0.4331641286354606
QJV9526,0.5580939881392699
HKB9998,0.7427642364444871
GML4512,0.428657907146283
JVN6993,0.323082131604681
KCA0947,0.7592648355491431
QRG9446,0.4514316880296109
HBG3407,0.5259331635574083
UBA6870,0.29581877175864496
WLC1148,0.4467775533010502
CBV8051,0.584282120076673
BEY5463,0.5334890726695931
JGV3234,0.5572021118668233
SJB9840,0.45375101863515915
SSN6235,0.27155809292804883
XSM0027,0.3082139342669131
MSN0593,0.6519320126537574
OQC1881,0.4653296345507475
JPY5172,0.22680974054744263
RYW5823,0.49375062441912754
DFC2221,0.3427713035263218
IKP8033,0.4419315381189562
OGM0827,0.3916927237350728
ABG1050,0.7438285646085001
OST4137,0.3805746023135531
IDC7341,0.3176245043418717
XQO3065,0.4624985883282229
GPA9799,0.6273090259045326
BJY1570,0.6091348901123632
WTF3459,0.6559949222313042
PTO2678,0.5005206898942253
YTJ0953,0.6588821170287144
TPQ8776,0.5552986192445812
PAU6559,0.3821082186732089
GJP2053,0.420122962851059
RWP9660,0.320509086896401
ZSD6924,0.21830404048436639
CVN9903,0.24810176464056166
JZH4481,0.6697037084423819
TVO6484,0.6815036425402576
DSW4641,0.4810418337930324
DTC6376,0.49112305320331606
NEQ1445,0.7867205855335451
MGN0204,0.15218558107610441
LFJ2299,0.5528327017977281
MBZ9428,0.39777934864154596
ERK3686,0.10407445376647578
DMU6787,0.29017396284833724
MNZ9630,0.7094582641764902
PLD3289,0.6132020057726404
PYZ0091,0.608436092041611
QYG2595,0.38623431614402803
AFI1911,0.174354683475515
IUT6554,0.7374908398344167
IID4833,0.5907737497063745
YUM6195,0.28476435194933947
IDK5493,0.5443287805073671
RMZ3418,0.4057176215271338
YOF1202,0.5257529600564619
OBH7504,0.46274218934684536
PBG3271,0.5338480861580672
GYN7033,0.48096215508325457
BRJ6883,0.5021835821757334
QBO3877,0.5366774735081428
YXZ9927,0.5133263095187153
OLD0052,0.3649155153313033
CNX1986,0.6359482117748645
JZH5443,0.29729551808638105
DYM5551,0.26823651054531805
NUK9864,0.43675448942426276
SYM9711,0.647691142413145
TOD4932,0.6351251766716346
BTU0301,0.44504916132759437
AJA9066,0.42298823392231144
FPN7604,0.12717825550488115
IWK5748,0.4012024062574645
OSA5438,0.6461693994720491
IXV7393,0.3944219795512345
FLI2208,0.6153022746594248
WED7235,0.2973860719664135
XBF6820,0.48259444383073213
GTI2773,0.31169512254059584
ETD1365,0.5181364403384299
YBJ4724,0.3740767689540056
TPO5722,0.6447284628409786
SSW1446,0.4352317713695314
AGB9743,0.5615306648076268
TUX4026,0.488278714227801
LFH5084,0.5587819869536879
MJA0420,0.39010352528637326
OUC5158,0.5662138368402003
QBM6980,0.07940985225185082
MUP4364,0.6655196943273954
LXS8907,0.3493821823005384
TFL1336,0.6022031961926855
DAW9391,0.365075998914135
ISS1895,0.21562880124239314
MCB6789,0.4926362737837322
OXE0035,0.17897922194863614
SPM4129,0.3808014950690666
TFN9819,0.6387649005592014
ZMC3441,0.35874934909641676
VEH5136,0.1783022188395297
HEO2144,0.45104527885995344
TRB9176,0.4538433068756973
FGJ1745,0.1547692372640787
XTX2547,0.4547355252574069
ICV6713,0.3293052295690817
CED7966,0.3180670615929222
SDI9954,0.3801342194341637
VLF4370,0.34925903334427866
YBI1526,0.4642795894285052
AKD9529,0.729501440148753
ZIY2949,0.27241849480963487
SHG0969,0.6536302927951994
ASJ3263,0.40550904404599486
LEB5194,0.5742450943865471
BJV3212,0.5027066601537461
VHW3643,0.12524895951905696
AIC2509,0.7157780094555328
JOD0140,0.5372206555936601
AFU6285,0.5901059763764781
BPX1480,0.36067479231681066
FOQ9360,0.410036924341757
QRV6768,0.911776276639612
JIO8124,0.6034099873852985
VBG8435,0.5829077943940545
UJK1395,0.5028738269952912
FYB9461,0.43395095679123186
LDQ2649,0.4469124210725611
IBD7077,0.6426862237977675
KRB5307,0.6672069326532253
YMM3305,0.33867100879149226
UPX2572,0.4222074417202737
JQH9365,0.37831270059464484
MLW7872,0.43310625998352303
FMW5804,0.3430624341300428
PEG3670,0.436601941394779
HPV6445,0.15597954514209456
DJJ0601,0.24749628172886548
NCD6920,0.6620166853223355
LHV4605,0.32022745457955504
ZQK5110,0.4793713640937778
GXJ3881,0.24781756140397398
ESS5640,0.6278946998360151
TMB8649,0.5204045451388541
PIM2851,0.16817482982207213
AAY0842,0.5063297742973856
CKF3096,0.5349806112793825
FGV1618,0.6425767217673912
PVS5967,0.22332194763788515
LIM3859,0.5216928931571687
RMR1331,0.18663629096916634
BEB3268,0.2575657477513492
IDY9946,0.34113875904751656
ETR4969,0.4310977168139706
PWY8113,0.4081313902778493
WPT5799,0.47288974930989136
SMT5693,0.7028796982604182
MVK3353,0.4265078949984399
PUW5873,0.3866841713529311
NDR3956,0.36740446205726096
NTO7966,0.6897932543611489
TEB7405,0.6656691226135729
GTO9790,0.5315798018084408
KBB5390,0.226597961830585
JTS4195,0.77675904642315
FKZ6121,0.36400607570275906
ZYU0285,0.19603616933206686
MYZ6375,0.7311605106249506
YYM4394,0.8146326447833276
MOT2487,0.4565842721343129
EEA6474,0.28786242532129824
UTP6684,0.5251209248627375
KYP4853,0.24920804904908292
EMM0394,0.37866972083280737
ZAQ4179,0.21886600373824688
RFJ5349,0.5964401618327502
HRK0701,0.3996185181296854
KSR8026,0.3563811379541306
RYZ8152,0.4427120652833644
GLA5774,0.29432948619257004
CXM6380,0.6093575699075642
VKS1935,0.3960473293158349
OLY4676,0.45550107988315963
CJU5534,0.37657032327600237
MSE9863,0.33857514864819016
OZM6965,0.600485079741319
GVX1518,0.4006683783348321
NWR9800,0.4058358490631724
GKG9293,0.4158675653180531
SOI0594,0.472308490639603
UAK9715,0.43061456480079635
HNS4860,0.5295761514458202
QQE1863,0.5784295177180633
AOM1139,0.7704182430895417
JND5222,0.6230360906210913
DUR7694,0.21684904790656673
BYJ7605,0.5211527181464449
SCA1279,0.23169142167382145
KIR1085,0.4807262196332578
WYD6141,0.22257818549990208
BGT0275,0.4732376722647032
MMI2820,0.7694020472311842
BWL9777,0.2873396505420183
KSS8555,0.4204005037169321
FRH0417,0.6404533230838396
CGN9405,0.15959377396679258
UKT3236,0.46618712731687084
OTX7862,0.4006868441293859
BSI6803,0.40728448195168354
TTQ0940,0.441662248457484
TWS2621,0.4547996917057762
LUR7303,0.3886256493144642
YBG1625,0.8706812532924585
FSQ3432,0.31211956272762365
JTK0613,0.45953163094418337
WYK3449,0.5084018286391854
ULH3218,0.3292017239155578
JVK5990,0.29867881145415687
FIQ0497,0.6287610183905136
TGB7149,0.17745671117092207
XAU7965,0.602997488680791
CJF9080,0.6071027727040965
REX3620,0.673360954132049
DXQ8472,0.5159563126325186
AMP5118,0.5937198729340525
PHN1758,0.45449833321912597
QLB7997,0.39310234075554773
FTG6947,0.4246907427061315
RBO9223,0.5562687683022155
VVN4722,0.4662968681936528
BMR4527,0.19904547786776644
IJY3353,0.22688788338357918
JSU1713,0.4582338628415572
EWB8475,0.18521853216978024
LWK5584,0.31445816392653236
VCX4463,0.5639999459812111
YOL2804,0.23346137044257087
KAF4464,0.3746991427544339
FIL5551,0.3314267177158061
KTQ5309,0.512795757519892
UPX7124,0.6217418214529877
JRC4352,0.3077252382700692
UNY7553,0.4580546373754564
MKJ0164,0.7918525140049375
UZD1931,0.7291474745745976
CKO1213,0.28703614392101007
KED8188,0.4157378894645619
ALF8356,0.47825164471945114
USK3232,0.27764172166369666
DNZ7924,0.2950429399838662
NUK2552,0.42958776925232306
TWW3741,0.3448315557922913
UHY2725,0.5765703171909162
SXG3103,0.4003177157278901
KZD5913,0.4419775465230341
LFR3187,0.4134762676509727
EKV5193,0.49255087918883345
YAO3141,0.4723222136503731
GOC0400,0.5609968669934169
MVX8740,0.5789541313469773
ZVL7167,0.7114238351327848
QCL5689,0.5549056150934292
DAM1172,0.6949435285055917
ASK9555,0.48137053093824167
NPL3337,0.3364677394147845
FMY3806,0.4017152147011374
UST2624,0.4790004260542268
HCS9376,0.4446975362523826
WTW2307,0.27244488063001
SDE7885,0.5363214832389053
IAN7977,0.4295260674569507
QEC1993,0.25841480316023413
QJP1557,0.16667177884277884
IUI7963,0.3474956314990846
SDI6665,0.5636684551041731
KFV4209,0.5727855166602753
HWF9009,0.6670371077491485
KKV9741,0.41375225479367217
YNH0185,0.7381231302653656
PZK4366,0.15871479152637508
UWS5455,0.45704064875110817
TRP3743,0.5499439565534365
DFO2095,0.4628510395342752
JOF5772,0.736659880633237
ETC9215,0.6069969024967237
ZEH6132,0.5446416157055411
NAS2706,0.4920594642114503
TPZ3230,0.5640692206578212
WCB9042,0.3897189875407008
QIO7021,0.5692573984064984
IZV1149,0.5398512081178253
CFQ8562,0.31948452402778305
VSS7607,0.460506672707948
CJJ9855,0.3654938115757443
YTY4845,0.368042759355414
TWC7330,0.5814322582353284
EIB8160,0.4110146861399318
HFY9382,0.412511915401224
IEE5503,0.4462261399450442
ROO8981,0.4238255939023319
AOG8492,0.4749103974349054
VOU8833,0.5946227994077034
MSB7854,0.45917359477200287
YVF6589,0.24671411337342666
RQX6209,0.6093802869809938
WZD1341,0.38483650345356035
RXG3147,0.25735469472213923
SYN3470,0.2641735217110522
DWN2532,0.8515135663978799
ASF5513,0.4547695146091396
WHS9360,0.6618891484996723
JLP5589,0.4439448769239137
OKS5692,0.6683922240089546
HNV6246,0.5679093372014544
HKL0910,0.42666546331403926
BOX2370,0.7421783265210247
AKE0444,0.4193900722168197
MHG0604,0.3141846369732968
MFQ3423,0.658313286953148
LFK3506,0.7291750209677237
HCF4579,0.7447886818952716
VWC7373,0.5431308602982663
BIV6976,0.5534495272887089
NTS1702,0.3859306523401981
ZCC5163,0.40449153649739367
OGB6889,0.3182971393368923
PHW9074,0.3770989512035001
CET0786,0.6709568437752009
VEC9508,0.17747026175018082
XKS1665,0.3789918438404609
FUG9600,0.33268351931731105
KNU8936,0.5990362157241167
SHC1204,0.2791779152886871
ZPX2229,0.2717221566431781
GCT2462,0.4049361558041735
AYZ7183,0.677373296670972
BLE2265,0.37975990741214516
BTF8456,0.5077278646557908
QRG3891,0.5437639975232411
ZEN0526,0.3164635035800253
DIU4140,0.5141645853918065
EIK8980,0.5404774784316944
KSS0055,0.5053688848865678
AZV1285,0.20907704266626898
RLG9209,0.35523949497134766
LVW1887,0.766865648500174
TAS0098,0.5594704568959509
QKQ5346,0.34899084353009735
LFI6971,0.19561999022971527
BQX0824,0.38356614799974653
XML9945,0.6326103241351161
ZXZ5078,0.5769372189493529
IXF4211,0.5258740452916095
KND6746,0.5928203182240556
QQS3620,0.3817800878546074
LVI9628,0.2943486685743199
DUI7864,0.6530870736745826
JUE4551,0.6660571595063831
ZPL2300,0.22759430918198922
YEL7564,0.22596547452992138
UGU2507,0.33997878073270216
ZOI8056,0.2630927938625918
QEA8664,0.5461328433421073
QUI8924,0.278874769474462
OQL3155,0.4824487139852017
ZAL5931,0.3471271467059186
IKV4421,0.40313327997419024
FZA4018,0.38551514347745414
KCO2495,0.3588789498254019
SVS5231,0.673972910095143
SAW7527,0.802359964999479
OGM2631,0.3719293595792156
CVB7805,0.35957127312715387
RLF5135,0.37490414150300105
NFE1191,0.5467944174243003
XZF7825,0.38294394715128444
ENJ1626,0.5928465703265746
EEF0190,0.32615734031678106
PTB5659,0.3575169303111856
KTA0598,0.42559949321927304
OPH7503,0.49235522469813525
PFB6052,0.5761721690799446
PQP6676,0.2564393343606205
LQY6462,0.4793527388215326
QST8666,0.5597631812837885
KWV7849,0.6044062134467598
RWP7421,0.4163512707475614
LJM4775,0.4676737660116523
BKO8359,0.32621004560580946
LHH7349,0.26061324722005585
HHY5540,0.4641715620602398
VRG5107,0.4084677611220089
GTY8915,0.4292310487289892
BKP2297,0.2779053633071571
FVO5750,0.6394200913343793
ECD8980,0.5761116671988544
AEA8744,0.414732182310483
DFA1094,0.4545044224853372
VNG4659,0.37974153814787137
BYJ7960,0.500224588316322
AUX9209,0.4505544159787972
YKV9464,0.2416559882880887
ENV2990,0.3440379859280658
UDP3564,0.3998341780621214
LXG1340,0.4526635089169315
WRR3525,0.855751451620241
ZRR0628,0.3818836316981402
NOI6763,0.5938971189782691
DKT5697,0.8191976375042409
OQW8246,0.47002410981001375
EJC9467,0.6404294930079237
EZC0491,0.31507385882001815
QAJ7649,0.36806377038956417
RNR0652,0.738252260684793
WTF2571,0.7849274885814348
MVZ9434,0.34900192822112913
OJG7664,0.4069361386280158
TTH3651,0.39731849176514383
YBB8917,0.3184268782980785
PSI3002,0.5401193313139379
QFC5037,0.5718791581692075
ALZ0191,0.26486698540279874
HZI4473,0.3767215231514073
RFD1285,0.7282888846086041
BFH0789,0.3582020085472366
JZX9489,0.25792848063989443
DGS2614,0.3065367816734483
VYZ9856,0.38270937793322857
EZM2512,0.595033972128221
DNH8453,0.3289231008249952
ZQR1786,0.33789258486067886
EUN7100,0.6132984156013748
FDH8985,0.2701326214022241
UKU6956,0.5504248702971117
WCW2836,0.16280407819923312
ENW5898,0.4825994784063241
OSP4369,0.3994540439887527
PGT1337,0.10155441473900895
LEG8297,0.698619059998777
CEP8192,0.5475888686418144
VJO5168,0.4102546849260962
QBW2877,0.4988165315191329
VIQ7083,0.14170745412482283
OQI5447,0.5486073254492174
UTM9935,0.21728320200202933
AGY4559,0.2877854743430849
JOR6780,0.44805763615568917
MPW8036,0.30699727027964685
EBS9206,0.46690330341956077
WZH8778,0.31275832924361624
SDT4780,0.21414060829433929
XEB8025,0.41157484843216274
VLP0594,0.3582181852495897
FGX8087,0.30315460638128466
NZH6934,0.5276735758414537
YME8412,0.4895959287343523
RWK9524,0.4200957268845051
RPP9214,0.6131970331567862
WBK6963,0.6193724208001964
DIG5398,0.3804078660414516
RXB4565,0.2843922581662506
HHK7103,0.18641518057026835
BXO5829,0.27766921976993586
TGW1447,0.5430213002250639
SCG9633,0.4794460411401623
YRH2661,0.6624579097493584
BWM0677,0.5050990760534666
XMI9842,0.4067651505641902
JYV4622,0.6555552376888935
FSJ5438,0.33115083182986804
ZPZ2675,0.43417813519594645
FCT5311,0.4702436290322066
DLU3504,0.48720074421755505
ESU2238,0.8701464236744938
HEY5668,0.7429836346523919
UNN4464,0.4260257066826969
HSF2545,0.22820507042017354
JIA5527,0.17233272730640148
ZDA5112,0.781516441399339
HPI8130,0.3912730757445806
JER8240,0.8170140602939602
TAI6687,0.3516661593449699
GHY9750,0.30950999766093973
ZMJ3632,0.4073849232189739
LNL3875,0.5068689824420651
KBN0133,0.7197457372617097
REV6314,0.4209314601942471
BJK1459,0.6016735347727424
MSF4854,0.5086756863305391
FWV0487,0.37376285400663034
RGY6197,0.5392312953420664
TSD3692,0.6835099510407061
TVS6288,0.4278567307946379
CZV6542,0.5473196444880587
NFW8789,0.421304767225843
EEE8038,0.5898143509607225
BKX6172,0.5126363769663274
FUG8771,0.5733193237048216
GHN3574,0.2512040830825479
YSQ3489,0.46110998782019824
ARP2492,0.44735019617314786
QHT8444,0.7049407152141512
CVN0729,0.4196157506059699
EJS1772,0.521380088049829
SUZ0883,0.1875643691981201
ZVY2197,0.6390231349024706
QDD5758,0.3544665958935287
TKX2350,0.8738540911629192
HRP1387,0.4569106630114468
MWU5491,0.30779510919246744
VBM5950,0.44960700817913446
GFK1650,0.35885344981250444
BYX3935,0.5040795161734253
SNN8579,0.6547943327893035
UTG6923,0.42279354433072835
XSZ7452,0.7694419163112158
WDB2677,0.8526385996291984
GEW6229,0.3550226693132532
BCF2024,0.3394542568900336
PDL4276,0.3610615997313189
CBG3780,0.8256942609367054
JBX0021,0.3911859902371854
PUC3281,0.21678567270702925
FSE5481,0.518573755628025
XZU8058,0.574785864372825
SNX2482,0.5142292452542098
JBY1932,0.3112088133625224
FCF7662,0.2663354786603066
CYF9743,0.33163132670292306
IXO6328,0.7192883390036562
BQJ7708,0.43030615568352126
OTJ3739,0.23949136221693051
HWN7895,0.5545414577318669
GRH0857,0.5349178787087114
BLB3672,0.46729219751500084
UJL9519,0.29315217981763486
TWS2222,0.4062375632408658
JMM6461,0.4813489555355729
MIW9885,0.09101857057235066
GJD6146,0.28442412116276095
GKG8118,0.4196419126136539
WLE0388,0.2397070954357062
MNS8646,0.7618137871565276
GRN3294,0.725287629162336
JUU9607,0.2590992114384828
HJP7251,0.2896559349764629
ZIW6118,0.2364708913964884
ZXD5535,0.7594464674709215
QKA6528,0.5891125786513751
LTG9775,0.3858819989289368
PSG8261,0.5980390819521882
CFT0700,0.388285009434725
MAQ6578,0.5376250931872597
JBJ6918,0.5707281144063769
LUR6716,0.3551282224038407
LEO9229,0.7339395695914472
UWO2302,0.47880516263509265
RPZ9969,0.5480901865831713
DSD9781,0.4708698208246561
PNR9550,0.46616529915901356
VTS9332,0.35678048793389416
PLR7625,0.5411403171807355
ODC6962,0.6676259067046679
VHS8337,0.2226758561101746
WLL4766,0.6028922085296335
OLC7159,0.38316243423236784
VEQ2672,0.6652713635442176
TAM0554,0.8122914539270033
FKW9070,0.5012189169606168
DPV4648,0.5972427005800891
BWW9888,0.47546596180944745
NAY4318,0.5299122633111263
CZS0804,0.2946505567739773
UZF5143,0.3241383566854896
JLH3600,0.36781429490918327
KGX5457,0.36740361503082947
GSP7505,0.5046106920701852
YZX4763,0.371649889581262
XTX1712,0.439316484907498
VDI9052,0.7455380694089206
JCG6240,0.598202022372104
HNT1528,0.3649523526485859
IUV0877,0.704160457159356
JUB7317,0.3230224586366698
MQY3342,0.5947102577615593
JUR7255,0.4525935237437504
YDH5194,0.5537488129264422
VRQ0437,0.5302970827115396
YXH2028,0.3368766605522624
SHA1662,0.4315054479575425
PDT1117,0.6768011534906638
HCW0199,0.28242945215177206
PJX7205,0.8444937814689566
BZH4836,0.5832009410968864
ASG5674,0.5290116753154203
HVV8464,0.6188187342409095
YSA1245,0.39906304195267933
SBV7190,0.835868823084494
RTA4987,0.6737186646153187
SXY9677,0.8332078453212272
ROO4595,0.776075729355509
ALO9044,0.35165866250158206
ZPB9438,0.2850589412100976
FMM1892,0.1780999299025311
LDJ7958,0.18561537616537882
BYN6337,0.3865614423408118
YZY1243,0.31472730980320235
FXS0153,0.3343211263803584
DWV3734,0.475557998268163
ZFU7858,0.5042820753637163
TZR4919,0.3176646287844843
TYW1214,0.44757275502668703
NUL8756,0.3254559383055763
GHL9084,0.32783037992458375
UGS2885,0.21710604832875866
HCZ7735,0.4276662493416425
VZR1727,0.4952347810878015
JAR8765,0.46261015666076694
BAB6072,0.5441421362900964
JHA7215,0.7219701630997748
XCF6915,0.2740646435812595
CXI7076,0.5005548339525531
CGV3552,0.7096655518265911
TPY0173,0.5615254819977542
XIC4153,0.3468629615872849
ZYQ3231,0.13638355679327496
IGW8709,0.31673395254007053
SXW9627,0.8153812800253397
ODC3755,0.5459973158453503
PMG5727,0.6882143271268808
XZY3938,0.392984899347138
MIN4748,0.3291483243434011
EVC7553,0.33301548212320514
IKT6186,0.48389644980833796
KDD5931,0.44178494657338685
WDW3223,0.2559906489055591
WSB0329,0.47483922904384723
EKZ7043,0.530524257759327
QLE5254,0.5064712054001221
OCD4049,0.5545928996989388
YCL7418,0.6021347118858991
WNS4421,0.3400056776059624
NYZ4365,0.501643559445018
WMV4422,0.3195448919247181
AKT0958,0.5258095355658841
GVA3060,0.7592410550557315
PTL6582,0.6277280849025673
BTB1426,0.6505982741751093
TMX3858,0.4894712272789712
HVS8035,0.5583331512232137
ZJD0061,0.47545934833608233
TXO8401,0.31883161397789456
HQT0893,0.31498966588639454
NNV5095,0.48978610677550594
UAR9616,0.18912569150554437
LYX6274,0.3074426289775033
WTU3373,0.23852437187453218
LRR1839,0.6685492279030891
QXY9142,0.4003337078731669
CCA1626,0.5046046513606198
QUC1235,0.31383728063881894
HPR2520,0.4024824239415481
PNJ7376,0.6239217062692191
VQK3788,0.6743871508059764
EJA1949,0.39860528705449877
GOQ2092,0.5072677754685384
TBB5324,0.1228889104611636
OVD9013,0.5673956564058238
KNF0091,0.3988357116612932
GCU0368,0.2508939305940182
ZNJ5257,0.4578507065785961
TRR7591,0.37743543689321685
AQC3776,0.2835890385223554
BDK1364,0.8579679191667989
XDY3049,0.5049994141446805
QLQ5347,0.5870931164294207
KLG3169,0.6607917374243858
RVT7833,0.1942030695021907
JMF6722,0.17928949021175855
LHH9992,0.7323946779398538
NXQ6998,0.31789127174389553
TGY4950,0.42905184101293214
HFI0890,0.5911896374884165
DJQ2888,0.553250025089651
KJP8382,0.565487591663093
ZRS5857,0.3993380674775989
QWK4295,0.5843226235734573
GIR9283,0.6668674701408085
OTO3264,0.609450839485992
RIF4368,0.385064776673229
NOD6688,0.31404592008112775
WFI8419,0.30852264336170393
PDG4790,0.5320720746089082
LHX4004,0.13253443352570557
KWB6083,0.4455052550677021
STT4648,0.7095042006213541
CQI0027,0.6379477436721331
VBL3943,0.530016480763884
VEI0635,0.4138845027460671
SGZ0280,0.5696841413758603
PCJ9550,0.6052980647732057
KBK0047,0.41309560010982316
GWR5964,0.5077577583321995
VKQ5613,0.5466373698547211
KKR6240,0.2759458383943486
SLF2772,0.6172071049729551
LTV5899,0.7735834227491933
EKG3566,0.5566611962754572
ACK7993,0.67928473917293
YPZ4897,0.757634886134536
SUD7001,0.45234131781262893
VEL3281,0.44071630694596053
ZGJ2684,0.41464065925220556
MBU1497,0.2618393876310702
AAD2883,0.6503178691161566
RMG3845,0.25953840807754014
RPO5835,0.30049959905980095
QVB0036,0.34342983060385357
SEL8588,0.39016739366858977
VND3841,0.7196556097611648
EFO4204,0.20763250218901957
PXR2287,0.3159029595461248
RIR0031,0.4413338741137238
TDB3761,0.7159360241945638
MBI8114,0.5358198351601394
HVJ0153,0.4014265004863161
ZKR1383,0.5565600860576765
YEF3573,0.41260612078376335
KEI0652,0.4481735681866573
AIZ0672,0.7516478763409395
CXX4478,0.7237080414135375
PDQ3506,0.3644645867232097
HWS3142,0.5513028497236762
LIK1297,0.287550943045502
JEK4889,0.40131651813160135
BYO6149,0.5010441774971974
FJZ2480,0.27783386200065174
RTM6715,0.5746635065479195
MUN8863,0.3357753625635608
VGK9172,0.45276848566115885
LHA2788,0.42552691293914074
MID4291,0.26177087059970966
YCK5781,0.43059675115387974
KLV7473,0.7473338133488765
QIL9125,0.4005500091895847
JMG2326,0.25328461551535353
CCL8625,0.66320096409873
RJL8493,0.4217667905768301
ONI5068,0.6387082323016297
JPQ4370,0.3249738693351224
GMB3883,0.44265705119163273
XNS8441,0.6295876406889267
WSK2123,0.36636359262162
XUR0775,0.18970989636902613
MGS1115,0.2674709780645718
WKK0836,0.5766577375099515
VVP6146,0.48997610569799255
PRC9059,0.5055789700406348
PIW5229,0.6321825231615881
XLN7604,0.3635166041101478
IBW8943,0.7950511135010341
NYY1117,0.22604333007713023
CPN4737,0.4959485212196828
RKL6112,0.5348370880487374
JPW0197,0.2885218338734781
KVR8225,0.48641096607552425
XAH2559,0.5516504930192687
HAT9042,0.35661606561085807
OTL7926,0.27931827693415257
RGB6079,0.4396345659715347
XNQ6646,0.5669555505267438
DCQ4942,0.5610675532931776
VUH5569,0.4729375565698015
DQW9614,0.34063888889494515
LFA5298,0.3662880506055652
KUE8098,0.4802882795434771
WNQ4841,0.2753179607355076
RRH4963,0.7660186627562042
XTN9896,0.45625754004976027
YOU8712,0.42649351390438595
QNO1150,0.2981269615618899
BHL4463,0.6160790968393943
AZV1070,0.4284841664513036
CDX5736,0.23947262150709248
KZL1871,0.693968648766278
WIN6633,0.5374839455596725
KFX7900,0.4789667840645294
MOB0956,0.5056175006980959
NOF9696,0.36762442243841953
VKN4884,0.46028255457890216
GZJ3947,0.5122099379536251
ZQB3405,0.372148896993854
NKN4451,0.791366598025449
IRN8112,0.3870352345433573
FWE5356,0.2764534485261497
MJZ7503,0.605746242512889
OCP4395,0.6589051125278078
CDU5606,0.3514189383431022
WZN6022,0.3793753023871991
WNF3197,0.36543530969959936
GLO3781,0.4149227147541147
UXD5028,0.12260406909484356
AYM9437,0.40296774511769806
FWG2787,0.14711888203187065
TUS9307,0.5441717099861709
WUL2593,0.6909475941562937
EGT7010,0.4682498655421002
IUW8494,0.2749245052546818
MRO5204,0.5014418644725623
IWR1856,0.2822520336291201
YYX2774,0.3210968220860789
YEZ3269,0.511891367389109
YME8681,0.30902440581581214
NGQ6258,0.28662833677908683
EXF5432,0.7328416598902213
XTL1593,0.5092840694222784
AQA5089,0.19081241339142774
MVS2339,0.6615292358328115
CWV2589,0.5339905729745129
NBO1176,0.5392495136152373
KMN5510,0.5463992885295761
UMU2928,0.30842050965559437
LMH1320,0.4938468217907781
PGU3527,0.4934515746779742
NWK6000,0.41516001006698794
RUR4149,0.4980028908902636
MWZ0284,0.46328674481874044
IGY3677,0.6458162792650113
KGJ9267,0.6800603610003082
TMK6440,0.46569513809224605
UNJ6623,0.2727423983301448
SRG6618,0.21715477741960465
GSJ0468,0.2583552684144799
CXP7063,0.5173266361477735
PVR1377,0.524615699452913
HTO1755,0.329580720610692
AMS9709,0.46500556645627866
FQT0432,0.3175063021869725
GRA7225,0.13590326645475406
QOW7293,0.434773150741006
USF2198,0.6231162496910806
NIW9339,0.38140815373745607
FRG4201,0.3533283032462683
FGI4742,0.75809105898923
JFG5680,0.5659335784640542
QYN4491,0.39325300968721344
NZW6090,0.5179424775271486
SJP2560,0.5670950435469634
ZYK6879,0.5692425172508994
YMM2910,0.4761747566066177
TTO1527,0.4833835119161294
EML0665,0.32841734179599275
DPQ4018,0.6600340004813532
SSV8285,0.1991496679652508
VID4694,0.41469201066105355
BZA2279,0.48896412390825356
KNO1025,0.431685672933835
YKT7191,0.4843459685675599
ZJC9138,0.5350515055225502
ZOK9565,0.1440489159480221
GVR4749,0.3899203414792839
FXF4569,0.620159604873274
CAP8569,0.31310885694031243
XFP8700,0.7303066254570126
SVX6880,0.5561397130921308
NNK0785,0.3731196266318289
UIR4154,0.3386187597558442
YGN9330,0.30554906431676015
EBR3020,0.6173675647848675
HCE5651,0.5024979053732554
NQC5999,0.5100377662373047
XGY8160,0.512211542711772
UWL1133,0.45539474207977304
YKI3142,0.3717975361813774
UCB3986,0.3396568380637035
SYL2415,0.23814022774325416
IPW2222,0.7268735041188663
EVC3607,0.4017141944432636
KOV4171,0.12239671034864064
XMW0193,0.16452729660899962
YMH3925,0.49761660785728995
OZW7701,0.5389574408304099
QNF9556,0.3473056891902037
OTV9414,0.5525986674972436
MAR4449,0.6862993090514666
NFJ2056,0.5094298330193248
HCU1891,0.6494010008090372
HGO4994,0.7729222685562492
ODO6798,0.2998090232574289
PXX9750,0.7050185037988521
SCN3025,0.4997869503612321
VMM9927,0.26928497092502285
TBG8314,0.7790538776641627
URC1145,0.5151942949007414
CSW3521,0.6205712260931634
JBG5644,0.7012788534545797
KXG4715,0.4597316591267482
CXQ0417,0.693688087601141
GXD8597,0.2654060118262668
QXU3204,0.25743029410183693
KQF6775,0.7178101623584007
MGJ6981,0.1508725348076163
IQW5637,0.5548781932778373
ZXH8766,0.6165695997787128
XEI8670,0.24400120686551507
CFU7715,0.36242406579868675
INK5005,0.42172935438966186
YRM0155,0.42104588304289897
VPD2395,0.6638979381367675
DCE8682,0.36387652570216167
UCG4005,0.2715612305798376
ZSI8588,0.38866554677278686
MYM1218,0.6816376604585899
MDF8209,0.1750105218579463
EMG5177,0.3057072781810634
YXP1936,0.4733585739675651
IFQ4336,0.30560881274490337
RHK5615,0.4682315107202146
SBA4095,0.3318556024217513
VJA0906,0.36651339506819824
FCB2951,0.6518749418460659
DBT2207,0.3348134101235283
DZT2636,0.3937085622187872
TYD3220,0.3947531305792277
VYM7787,0.37213756793861436
REK7574,0.2956267690046281
WXF7530,0.6025941545238511
QQQ8118,0.32584358414417236
HTU2108,0.3680076759780857
NFJ5599,0.592003414752476
DBL7406,0.48920123719419933
VID4590,0.42919409329015745
UAJ4265,0.15023263347016608
EMK4872,0.5442091351819442
DLC4330,0.6080005845296013
WOP5017,0.8028199230242811
FJM0195,0.5032508949843495
LZH5232,0.6684216903004494
CBX1499,0.5399115519962606
PBI8593,0.3852573168067108
QRE2315,0.6990276707410619
FWO2121,0.4283725401074024
MCH7129,0.3899920910269718
JCD3244,0.5405849856191167
GEY2384,0.36273515338096696
EOT0800,0.8508726573061944
CAG1966,0.2002172851016886
XOQ8267,0.3651230843844434
HAO2179,0.47964323808676956
YFE2987,0.34269599318352406
AQH4113,0.3605407479409162
VPC7784,0.5525039409094179
GAE4033,0.3512488869999707
HFH2832,0.3742610426440494
YNA4748,0.40862812583269126
GPY3239,0.21223404865784556
DUK5098,0.6988278201061382
EVD5179,0.45549812351914476
ETP8404,0.34053431047533744
DDH5472,0.31008944278810546
FRJ7037,0.637597109808508
ZZN5264,0.6789309391306
AIL3984,0.5477645967154965
KXO1895,0.47433348705788925
PMS6371,0.3426478463556302
GYC2314,0.632303782178435
TDB8324,0.25946640427510015
OOS2267,0.4086223183520865
NFA0143,0.4554003629709804
ELV9312,0.4002913030868719
MPB1578,0.4050572406801748
LQI3770,0.37896016913618225
SGE1895,0.33789171532717843
IJL5437,0.44980542915482874
THL4535,0.42113278169039603
ZKV1212,0.09438565401303105
NZM6805,0.6277193002559456
HEB0012,0.5370235108743082
CVY6425,0.2974288401366941
OHO3705,0.4329467132477085
QYL9334,0.2607394283044908
VOQ2687,0.3396666813272985
ZPM3046,0.26089624223928587
TXO7147,0.4153484661640159
BFO2223,0.25688334358881737
MYJ9670,0.3819193263870561
NDD5717,0.5711359342453337
KDA4285,0.3285954302046492
XYI8525,0.4135924582017727
YCG2282,0.45658373235371913
ETL2773,0.1376251403845618
FOH2598,0.4551847209045258
IDO4690,0.29230420160007614
MNG5618,0.2855691653622827
ELJ8701,0.5022803846436685
OGH1319,0.7453128610851921
KYT6714,0.4632381269505249
MHT6742,0.2980503566031842
TKN3033,0.3490353786260084
ABS7187,0.5747090877188614
TVE4444,0.6227807651422719
JKT2068,0.4174629703449725
XZH2442,0.29147865405940876
QLD6078,0.3933312239130961
LJE3409,0.4909353465994923
LIS1441,0.6787607132000834
NHP4867,0.6347823271390685
KPN5066,0.567026446946035
ICU0848,0.24706084951378038
LBR0080,0.42381677531590856
CIV5777,0.41057992102366303
CCS0209,0.3862198102651862
UUT0371,0.4513767097420841
WML3891,0.656371490274477
ASJ1462,0.2231407167472308
PUO0647,0.5954085388709048
GXH8163,0.45140247466921324
VNC0540,0.4577358983924399
AIH9575,0.5322604839505443
OQV6885,0.5820803904390406
TEF4500,0.34472945625590923
PNS6387,0.27203825305676865
HIP4893,0.4444098490596053
QYD4372,0.42713137518792144
UMB7309,0.5821977677875143
UUC5284,0.564665631041223
NEE1107,0.3156215453560237
CFX4186,0.23517840820057023
ITI2049,0.46808007123144685
PKW9888,0.3657108929473639
CUM8119,0.22769896855228564
KOQ9260,0.2967020870708945
KBD2546,0.30620517641011924
XNO2459,0.7374395188852398
OSP5135,0.3662515320740872
NUK3247,0.5136469064836746
LDP7138,0.4409047874920915
AGO9562,0.2569372701342056
EVF8193,0.48499930557284626
JLG0654,0.34489964051704997
RUI6084,0.25823828975228313
POJ2149,0.810452545209573
ILZ5501,0.27755912088790224
IDF1632,0.6775877528398713
NTI7053,0.2866054182487324
COB7179,0.5504063139462203
IWW3189,0.40517996553257857
XZR3521,0.7134968867675173
LDX4603,0.44053562407903735
COL7939,0.28866624176159517
BAY5313,0.37974628496693785
MWQ8997,0.4500524558126685
QTK4473,0.7212473218484514
ALV8552,0.6092017137752155
VPX7439,0.6713441245005918
HLU8266,0.4077257076249423
BBH4360,0.31872617297447176
KGT7542,0.1510002034473549
UKJ5118,0.492950188096956
DHN0432,0.4087351762237877
DQT3826,0.6523772849741413
SUH9864,0.3501095914579813
SQU9444,0.5847761624012721
LUM2519,0.8244168097673903
OQJ3928,0.3929785332133542
HPP1357,0.35696633043100634
NFN5277,0.31762822776221905
TUV0623,0.6478148033321884
OPM2941,0.11720329024694877
KOQ5431,0.5963699147887477
GAP4265,0.6310042464058501
BNZ3638,0.2990862064088448
TBJ8716,0.4522577808032103
HWJ0779,0.339377523590095
KRS2351,0.3850249372859138
POK7367,0.431910189963379
WGB8580,0.45679557214915445
OBR1097,0.2738313765709943
DVA4039,0.47688905737568377
WZJ6385,0.45873827683193036
POE3029,0.4149481411463107
VBV5612,0.38260937329020994
XQL1805,0.5962661444977344
EQL6505,0.6807081146255891
YPX7414,0.39798957821585357
CIT9706,0.3489213666642026
PSE6800,0.46479280270425427
BBC9404,0.37507291732959425
JRG4072,0.32498821949606893
FTS3076,0.4965631842190595
ZSD6556,0.4480089595486735
SKO8584,0.21220232365771474
JOY1325,0.2808436206467726
YEY2871,0.6281354492922058
RVO6834,0.21581589905638643
CLY8255,0.5681366101140528
ITA1163,0.8075638088430253
OTL4174,0.31536400807023485
HSF0753,0.6076818549178793
DXH0163,0.4124079504657856
KNE4050,0.8140767001898304
WJD3556,0.2923569678156969
ZWM0368,0.6151014627300665
JVL2234,0.43999013387764696
TFL7433,0.3413448876757008
RPO5369,0.6050969304777332
PMZ0494,0.7634222114859923
AVF3622,0.3076728864629896
BNC1936,0.306522761730535
ITO5690,0.33280817631422266
JVC1192,0.35082058388271126
WND5424,0.6474577507116566
LPV6023,0.7191298144076734
RMM5581,0.5016662043758071
MYA1487,0.2932884860762557
MQJ4227,0.2983946681597469
ZVZ0289,0.23001903372769195
BJO4950,0.3591985989412444
YJP3297,0.586223115316699
FHK4733,0.30074435695038737
SYZ5307,0.22967207388405622
VDD2367,0.4423040321887818
OZK0553,0.3866338856742214
IFM9840,0.4067390381127116
DYP9712,0.5076713230815394
UQB7091,0.5419367294699348
TKH8797,0.573816064236808
JOL1871,0.658396317661174
ZGH3464,0.6165862648483145
CPV1788,0.8523875792014961
VCQ4561,0.7793750495112031
XVJ1667,0.42056673331223776
THF6432,0.38847982689465144
DBL9760,0.6205915126925271
TXI5549,0.627704009380228
DBY9220,0.3328730478666907
SHM4954,0.21381785123185226
LAV1102,0.16586725735829128
IAP7997,0.2770767839420531
NML0074,0.5621796671986685
TFB2931,0.6812875506929864
KGG6179,0.39945266666269236
FHK0449,0.6242982752934828
ZYK1198,0.7042433976320019
VFY2783,0.43562400461154605
AWP9999,0.460868899953673
SVW2890,0.2170873933560586
GQP2345,0.32421890796147934
OLK6065,0.12521520107763578
XKI5123,0.43612996020657857
EGV4508,0.39158045551917053
XIR6560,0.42278631430777003
NFK2500,0.39538581726585126
INK4396,0.6763967882663089
LNG9379,0.4566459723034685
WYG9998,0.49175049150844674
MHJ5555,0.33726000285932317
CWI6595,0.4824896442583968
JLZ3995,0.29134220769878605
GWN9320,0.6145710546080503
QLI3415,0.2889317646128039
ZAO1147,0.3765580115488065
BJA0530,0.2984866562763113
FZH5135,0.1689109386863782
ZCK8951,0.5474403694668513
UYB7252,0.12719409628940404
KYF5284,0.3196839519275061
LZZ0602,0.3358797512015178
CRE4975,0.564175686695539
WMM8716,0.3696493899172043
VFC6338,0.34182953140608396
BOH4540,0.653423267049134
MNK3254,0.34705481012147027
BOO1830,0.2327004545911205
VLE0062,0.5134877000467192
BRO3922,0.3910287726695605
MID4006,0.370006907944349
PFU5510,0.5934655733540803
AGD0324,0.2548059865119699
JMM5929,0.386399469662408
NDN1828,0.6197519278994434
ZDG7808,0.2684677764024439
SET0702,0.6423376551139476
DFO6845,0.4276404661497292
JKN9521,0.16817177169629743
SHS5892,0.1526672770850718
CUR6928,0.5229804636345547
OBK5676,0.25321596313734496
WSV6530,0.2422146102183519
CBK6753,0.6681523571313472
RMB8469,0.5185844934907449
ZLH1705,0.6730858850106572
AFN3652,0.3842168043833154
ZFW9194,0.32047251583878833
ZKJ5260,0.2774518882664786
TTT2711,0.5852366684665689
BBT4470,0.6139336212515567
SFN0970,0.20983251488708077
XQN5432,0.6857949583956398
COI7295,0.36452074155255454
KLD5054,0.6087175681400254
LTC1596,0.3678773869709175
OSI7867,0.34808154762068333
HQQ0270,0.6613799642940394
FAX2339,0.3283907427706313
ZVT8721,0.30027194476966423
YPD7990,0.3075140550151274
OGM1192,0.5039269891655427
ACT7257,0.4462815935649634
UCE1234,0.3128154545852413
SUQ0374,0.2376937820543242
MVG3260,0.0987340978957754
ZNJ9314,0.2658837216610931
OND2913,0.6055212300032238
ILU2951,0.39977695509401423
ILW0381,0.31706128816364343
ZLF5237,0.7347988700588006
UNQ4162,0.572999594983469
HCC3659,0.5741079506992894
KQR6108,0.7959216168214306
XLN8445,0.41824945882211195
EPR6798,0.2046464462977899
ROA3504,0.6172178058901541
GEC0457,0.22340717670370563
XED9607,0.45536404904638184
KOZ8984,0.5380217711115929
ZSL6084,0.5476783144923041
VQF8684,0.290378253653481
RPO2216,0.38092111411661816
UYB8063,0.48426782034829396
EGZ4796,0.5536336009615919
SJZ8252,0.5379600226892994
OTA2435,0.6934894012557478
ICK1089,0.6865718164594288
ECO1908,0.23857982348098322
XDZ9260,0.329470495014625
XLJ0410,0.35231626519298037
LSM9312,0.7134787233973763
MMS9463,0.738671447640519
XEI6088,0.40996402603613114
BUF7457,0.4064271331563112
QGW9320,0.5871345975673329
LKC2597,0.22114888024579485
WMD0994,0.5991221119985888
RRB4455,0.35637220331181296
YYX1233,0.1607174456692863
FTW2672,0.3090373360400525
SBJ7249,0.6908053394823199
ZJT9580,0.2724232466127692
YQA3054,0.47064109517539066
JGJ8412,0.7863258609611963
UJA9657,0.38813846267140395
KSI7132,0.2406250672113206
OGF9018,0.5992349849708757
KHZ9617,0.40196422958687594
RXI4358,0.5796113493156398
QWK0300,0.198460072754509
BLU9500,0.29254005179810116
MNG0422,0.4692663992545363
KBU8158,0.34099280507529445
LKL3006,0.815510062540864
GKL4338,0.49375975880264333
JWG6293,0.1297301822737457
QAW2515,0.7579518262037481
RRF4752,0.4058579179462303
XNT6274,0.7612249516827616
GNG0750,0.40169419251164773
BYM4470,0.4213477949547862
PFI2164,0.5366481588121725
YVT0040,0.7178288945283431
BIW2656,0.1814828592406631
SJY1333,0.27835024249084184
KYP7177,0.7220221368526675
HWL0927,0.4055177216436186
WZT4945,0.5076850444005161
BEX3325,0.10461684134705795
QYE3536,0.35786363580694314
RSA9435,0.43776216143797675
KMX4023,0.251155118780531
AYW7072,0.19293906791410742
THU4995,0.730704945933848
DCW1135,0.6938312342653445
LOG2978,0.4938213774217415
PPP9475,0.3546542532343697
LVJ7546,0.27491495552765854
LOJ1062,0.6864282302249599
VRW3439,0.5256930033329407
OSM8631,0.13802870576196746
DEB6956,0.26996178162375767
TLQ3678,0.5845162596435214
NIJ0124,0.5469373484067377
YVA8893,0.48190914806984936
MWM7162,0.364884599409403
BTP4984,0.3453084035796592
QLZ5480,0.4532903885322591
MQI0456,0.2882237732331914
JZB8717,0.23902595176888114
SGS3243,0.5259205185163576
ECG1932,0.4263464279463762
IKL0922,0.3870566577190136
ZEA8656,0.6843990264041426
PQJ3332,0.4118060539732084
JPD8924,0.5433651054843337
UII2018,0.6134760372786595
VOY5170,0.3228355977816493
DIX3994,0.40064128823080014
YYN4667,0.3739927599392905
RTN3895,0.34647221763838104
HWA2899,0.5397377897007554
PFE9704,0.2708943224034084
VSQ7496,0.3349318462111084
ZFZ3363,0.3678566849644256
RQN0784,0.5939007099081648
SDA6052,0.7324198050095017
WZP4660,0.19647227996697517
LFM1956,0.6124312922038433
JGL9272,0.45685391629261396
GYE1401,0.47856006690167374
PXB0812,0.7136428808337023
MHM7208,0.47090560101483125
JUL6037,0.7704688949190588
GKJ9414,0.5811167297440603
KMY2541,0.6779399078923152
ARB0479,0.20949137479586644
ZOB7169,0.48277044326483
ASW5148,0.29674440340660757
ZDA2366,0.3602715982142173
AVD0872,0.4150780962237415
CCS0420,0.28021758218464154
TTE2860,0.549994587739739
GTY0260,0.3997658581004645
DXE4385,0.6449823512881596
KUQ6497,0.7118632486228301
SFP7730,0.6234870248989841
CMF1328,0.34447387364022586
LMA8748,0.8114773103305746
VGR6653,0.3746326909821057
RGZ9524,0.3575372790515239
FET5502,0.2659022349036425
JEM2463,0.2512776460269135
AUA6044,0.4390609398813369
HPL9647,0.6029480528278321
BPS1507,0.30396815879558914
CYN0995,0.7790984858666574
QHA8114,0.29673096206893856
FQC1777,0.5381980347003494
DBS4086,0.3837166206635636
QVF9227,0.40128381000657287
VIP6915,0.15290827853946187
MUD8340,0.7552687085468441
JQF8966,0.23745024132530873
RQI1364,0.5818411335160121
NUF4509,0.5188931166688788
SWZ3190,0.6215098344894852
KXE7933,0.4178233227899685
EYA7729,0.6702267319031514
HYM8302,0.47063691702262184
GCB7154,0.5151049884904855
UUE4847,0.41193290225185597
KVU9663,0.3171014861825763
CUK3424,0.4804293296102725
NUI5688,0.5211750952442626
CTV6017,0.5041847256389449
DLV6265,0.5870833473919812
JEW6037,0.3632443068701414
RVI2343,0.6308019480317135
VZD6811,0.4179102229125421
NOY4863,0.5625919001225042
UCD0369,0.5601568843177918
KOQ1845,0.3369515975066552
SXK9864,0.5665892008043667
QWH1123,0.4865330441054668
KET7710,0.5758638506249276
AAA9588,0.7247468017157966
VMI7234,0.6133987800224405
MUP3281,0.41932434814372194
BVN3042,0.31059072538345994
IGH7033,0.5238588569479643
VWJ7094,0.4341825208960567
HHY5559,0.4858594362639628
ZTO9615,0.5140499495587199
TXZ7480,0.7153804048701509
IAV4641,0.7806795525463552
YTB5875,0.6052099073198186
ERO8164,0.637696430532552
EXI5648,0.7820900012989256
ZIX0400,0.4392628079387135
ZBA8054,0.4958526835308703
IJQ0067,0.2712785474474585
MHQ5990,0.3770934894218607
BCI3337,0.20408660146841562
SEY4573,0.3338727661699672
MDI7427,0.4492756116824484
EKB7410,0.519074192586217
YMD6194,0.64804979006129
OXP3211,0.5636935356093087
EZU4202,0.5480487749561458
QJO6550,0.4501331697085301
DBY2718,0.40053875505207476
JNH8313,0.4581186926027776
UAF9340,0.42519977992074676
EAU6080,0.3854133569706864
MNJ5531,0.5250975460048926
RNX7667,0.3270439589985432
ONU6035,0.435709290120318
BSC8810,0.4609940849173306
FBQ9869,0.5048420625576431
RIQ7033,0.37462515869246604
LGC4819,0.366118977147769
EMS0266,0.5772182311630913
DXC6825,0.31085162226206
TNM0466,0.5852695976496212
LNQ8961,0.23096398118948597
RUP3769,0.8259400573968435
TZX3040,0.6541034228037051
EVV4409,0.7449255043566168
QRC2600,0.456273484929262
FDA8093,0.8425261504279906
BAS5021,0.811346110289278
URQ7179,0.576515342069926
EGO7411,0.5454450456326296
VZE2929,0.401707351290821
GPG9657,0.5788934446159848
UXM4472,0.5905742094124322
GYF4105,0.5134771354065479
PKN9430,0.40411935082998873
GVW3536,0.5079824515537618
MXB4178,0.3941872476572551
JZG3275,0.5529791697922045
YYO2395,0.36856882466760854
ICC2081,0.3939088902656499
DTM0924,0.5443552115597591
NYP4516,0.6638402863624905
UNA9848,0.2755622901254704
BYB5464,0.5931559489251541
DKO1294,0.4340959085073605
PCP7504,0.18720932008292918
IJT3111,0.5615817321847558
AAK9116,0.33376521662848485
XOT1298,0.5372534168201397
QZV9383,0.8370673607582622
IME2259,0.5508026695411321
GNN8970,0.7146674456625239
BQJ3332,0.45422165227767264
OXP1204,0.442511583253137
VNJ4126,0.4171375157628173
TWG5565,0.6287866640570579
QLR5710,0.7381319663715884
VJD8728,0.5156957507605778
VXX9955,0.40841478616273635
QOX1929,0.149265588688749
VAL7213,0.7096128169411389
PDX5198,0.326711046334969
LMM2608,0.5234270111360543
DNE1153,0.26713879079396363
AUO0261,0.45370497832868484
ATO7516,0.5790941420249427
ZHX0628,0.6938777558391485
QJF9132,0.6657645874392568
TJY2251,0.6604325145382163
GVH1191,0.5342924718551949
VNG9948,0.11921113160102173
OJN3679,0.2587703160276551
CLS3261,0.467489127670517
LED9519,0.5093501553895161
WEQ8487,0.19533215790265113
DEK0926,0.3328816681033364
XUO6581,0.6078010799200577
NXY6607,0.8685366551583837
TBC5887,0.6095417375637231
YEN9422,0.5872298169012744
IJQ1845,0.28553909260410704
PZC6928,0.5277222917424762
VUG5620,0.6576707860818285
BFK1815,0.5147176502139879
TDA1980,0.46475503198250034
TOW5003,0.2811389068956146
OMN9815,0.24144335787950966
GRE0617,0.49833843481600504
JII4592,0.5763146140890889
AOO6661,0.15619454217505122
CBO0620,0.5070505115638334
SWB7719,0.18915407408582352
BIT4693,0.2721578956060787
MIG5603,0.783844764279104
HBV4213,0.40388365637036955
OET5314,0.602521506260483
COB3315,0.35406893035739123
RSY3697,0.5079591728492507
MSE5681,0.5883981230815144
MMH4276,0.3450507990389935
PFW6501,0.4901689772973642
ZSR0004,0.20286763859719598
GKH9197,0.49681220589572506
TRV0849,0.49425912841612857
SIW4146,0.5343898385193264
KRJ0667,0.23208840970362707
DJP8752,0.42124683015148545
BJT9550,0.6230431093931732
VZN6590,0.43505734268202334
JWZ1931,0.5465830078327893
QIH6605,0.20163963566527882
YZF6523,0.6808800819345613
QKG9178,0.16256965658805791
QIW2111,0.19435600626058824
SQM9169,0.534955715832756
OVA8898,0.6044191638107723
YVS2362,0.26022412097077263
FVO7749,0.5295357546881265
NNU4088,0.18446542219740217
APE0586,0.22170199406255248
VSX7592,0.4231854334692695
VPF6231,0.5013072456001444
HSR9557,0.14259046729407665
ZAJ8603,0.1964173398879141
TMK2376,0.34410484219520165
GLJ6382,0.6054899944719491
ZLQ2374,0.24375578769345013
JLD2056,0.20224781871364822
MRY2653,0.39711367820935795
IKL9848,0.35538284003148723
NUU8477,0.4530363000332587
FKL4317,0.5635606341217537
PPW6729,0.5563714183803902
SQO3135,0.2212628954282601
TPG3348,0.2061498220335104
PRV3805,0.5193255869648927
FOP2376,0.3418350246349233
KWR4841,0.5025801447048026
BMJ2460,0.5305536359990226
JAO1630,0.781285104208098
NZP0982,0.40830897614404527
IZP9673,0.3376898043277052
AXH4205,0.6027984776869824
EKY2953,0.275725473330027
ARZ7146,0.5078539164216607
AZW8658,0.3989102566369331
DVA7837,0.5418478235392539
FKH3342,0.4818765312159843
GTJ2409,0.5552628989274538
YKG5133,0.35491150867174137
HCF8656,0.2023189217832629
CJM6032,0.42239697905436036
PWL3400,0.4023601225479142
FRN6924,0.6420032340767949
JUY6087,0.5515864790048597
SES3445,0.5467685335276405
WGI1556,0.19542422595773914
JCY3296,0.6464112612374301
ZYP6649,0.2715556164546996
AED3703,0.5826982093135216
MTZ7722,0.6598707397256973
BJG7415,0.2579580596210498
QUQ6472,0.6185904879996487
ZPH0403,0.45499934758047983
TNT9669,0.4083437622478595
UPQ7495,0.8124431381671022
UQN4012,0.2732276892727771
TTO9584,0.5204550761947699
KQR3390,0.5042132594147859
GWH4376,0.2606932289224161
WBC6848,0.575502501973812
ROT5760,0.41296245626686123
ZIR1901,0.6398742190210962
ZMP0907,0.5838067091447705
EJH4064,0.7337154555686813
IAA4193,0.49195908870315685
JAV8082,0.6937020015309561
BZJ2124,0.49206847073343635
BHS3652,0.4359015726464003
QGN7269,0.29547778931194857
BQB0802,0.4196609977631376
LAN9368,0.25736800019873
BLR4102,0.48566798510223275
EJL9181,0.3686890231816272
CGJ1367,0.3287353352857568
YGM7289,0.6823306497321663
ANE4633,0.7115430147295709
RVJ5763,0.3459180989683077
EWD0068,0.4394351157458708
KIU4194,0.6268891412711447
QUK9800,0.13824639208100298
ZXV4730,0.24287373352120917
LVO3150,0.6713018229813034
AHH5972,0.4372418066902474
XCC1590,0.6206990522951306
GFT3151,0.5238382986874499
ODI5254,0.504215366457631
OHC5461,0.16398235903529282
AAV2795,0.28383763311343213
LOZ9316,0.391557232504823
KWR9727,0.26054764844926914
TPP8062,0.13686269812775054
AVM2870,0.6414812998194581
ODF8635,0.7494163654003719
CFI3776,0.39992409088166736
YFE4650,0.5646880110848166
BCO5854,0.7439560819725248
MMN5992,0.6203099887848623
BTQ6212,0.31843005268176244
VXN7611,0.7641446194184364
HXL0687,0.6958768638357504
HCE8316,0.43077097299536743
WZS2541,0.2924909964487271
VPU3401,0.534897771742536
VEB8716,0.6455951010495211
CJV7406,0.539439606965444
RJP1923,0.2203041168204407
KBN5171,0.4002311615254333
QPB1565,0.23689282421721966
SHW6134,0.38017893078077053
PVV2656,0.291534723453992
GBK2327,0.7133193859276787
GSH2269,0.4242180045126551
HQH5342,0.5275542972476145
IOH7276,0.37085392905966463
EEF7466,0.2954472995070311
VGV8594,0.43593562083672954
QSY8941,0.6417985806495479
NYC2081,0.4164765170530351
EGT6687,0.6308780262179635
OEG2338,0.7980255436186172
VMK6024,0.20021195705260242
AHX1094,0.5083641749593906
SMN2302,0.7323361859426588
WBO6639,0.3314747845571443
DWE4874,0.44006272658762113
YGG2124,0.2729537124351735
DLT6927,0.5946772078385285
OMQ5213,0.4541714598961003
HYN3175,0.44765166881476615
MXM1386,0.4268724365303533
YOE8273,0.40897843580355275
SXH2889,0.5310152434499048
CXY0805,0.7230381919321819
VQM5812,0.45121565014525267
DDA7524,0.5603550495068477
WOD5143,0.6447882704376398
OZJ5660,0.5216956152007994
ISX8503,0.6974788639381955
JQX8638,0.46071952048351783
YDL1970,0.7032198220949197
WFU9294,0.22464174598613146
TPM6484,0.6955676069387147
AYC1772,0.38699597221272036
KBW5416,0.18916554915412181
KAG1205,0.32190128588765154
ZVJ7299,0.1724298860105744
JLE0161,0.3078440209595976
LEA1423,0.7256502331547284
YBA3882,0.44791890832310477
UHM9085,0.5805349188557222
MIL1434,0.8045014816392307
XPQ5985,0.502042942698135
UPN6139,0.2548826543837802
WJA4580,0.46743628681694127
IMT6969,0.3280956232868625
LIO2897,0.47488920719135097
CXN6801,0.3829071363442369
BLU1556,0.7756101643397783
AWG3946,0.49430754411451194
DLQ9556,0.39784659755659785
XEU7488,0.5820922772214867
FQU7276,0.5081592330355182
NCY7459,0.36844322471874524
BCV7892,0.7722886929018429
FLH4618,0.4396799405174854
ZVV3028,0.19832657210482568
QZN1601,0.6871894088914603
XJZ1637,0.6909915150450032
SYB5040,0.5591770579204351
MAT7613,0.3347732040403784
NGH6801,0.49602014455404864
ZOL0059,0.5278604156595019
EXA7114,0.53832388657715
CXM0142,0.295277040065135
PJS4371,0.5700524852671859
JXR1657,0.8030278586029198
BEK1391,0.5910637385211236
WXU9583,0.20563299093401355
RNZ7098,0.6768430162412447
PMS0890,0.5905726278812571
AQL5980,0.7521641272798834
ERS2016,0.3848883203615036
ZOH1839,0.16350576553478102
FVX0195,0.42260100617136187
BPH3648,0.5006041514288073
ZVF6316,0.3219806399873015
BSK9724,0.7319786465486925
IBD2355,0.24957734629650136
CFW3424,0.4683596768743452
HXP4535,0.3713987216300062
CAT0625,0.5561421381069249
MTT2731,0.37328237884901655
IFO0991,0.352387390203469
GVG1586,0.5031579987293592
CFC9673,0.19744280591866906
TEU2111,0.6821012752770678
QPS7127,0.3035570125888518
YBV5242,0.6581532636382499
KOR4670,0.5199704379815786
QTM8492,0.7279308307592123
MYK8510,0.2866751691060391
NAG2773,0.5407798092760085
PEC6263,0.5123656380620822
PGD1204,0.29409197104118356
LGI3912,0.7352446708649689
GCF7357,0.4883148962648051
OQQ3585,0.5089789438413888
ARM0626,0.4163630095522489
IAI1021,0.647780188408408
MFE2142,0.4849740554299766
KPI3589,0.3319345987662422
YKS7999,0.413547717265704
VGQ7720,0.8352309451442226
PWY5428,0.4107542959800367
VAS9650,0.3923836329889741
VTV0991,0.5657952916474597
HQA7458,0.21151357182798877
LSI5734,0.5799269249247253
OKO3668,0.47096660313302996
GZL1877,0.5653892718476897
KWN6422,0.34942671939121195
GUA2567,0.3050506484575076
RPQ6675,0.5253138737434311
YWS6693,0.45796737562195255
MKE5428,0.29628098341339804
LDN0458,0.40869140326147435
GGQ9031,0.35804901110047815
EFY2280,0.1848693707612133
GHV1064,0.31636542395041395
SIT8510,0.5871615542450206
LZK5720,0.31458080659297893
EYY4984,0.24750328382116774
RTR9720,0.13523704537769543
VWC8361,0.37416226797280416
IJA4476,0.5956464995293353
DUM8709,0.4161073128097408
FFC0445,0.49739918980236253
JXW3652,0.3930777714830904
YMO3299,0.46905431259356145
NNG1473,0.41827063641627865
ZLQ9497,0.36947330216069185
CEG0886,0.2501548458700748
HDH7352,0.5194638106478091
PFY5839,0.7120866992673992
MEK8334,0.683731501104128
NMS8978,0.5165947291067017
IAK3961,0.3316864658433841
ZKC1865,0.6467965025116001
IZE0994,0.5543457397156126
IEF1735,0.6373897101086334
KRJ9966,0.19539623169646042
UTW1027,0.5758363501881445
SZS6272,0.7489491679960159
EWF4567,0.6340397810852632
RPO1618,0.7277286001816496
WPH0720,0.2522503013601678
RNX3075,0.6391016369285927
AEQ9742,0.6378297299390827
AXU6734,0.5370624579116647
YMV2014,0.3464542229352821
DAI6955,0.3060335982326504
ZOG7564,0.2947721774596735
SEZ3317,0.4212742446166432
MUM2400,0.22663387788199343
OXQ4007,0.35034708153573624
YFW6128,0.6471920845027361
JYG5473,0.3564366688854739
LUO0745,0.4532495044637417
ZQF4174,0.34457523176976596
IQD9173,0.4143752620469696
GOI4498,0.5018175831971534
IEA3699,0.23159561289725483
DGM0987,0.463191290826918
NEI7370,0.28537533280418015
ERV1656,0.30216934643131643
TKS3561,0.29798529793378425
WLW9309,0.5724387629792984
CGJ2857,0.6782009484892213
TSV9145,0.24282009436108318
UUQ1311,0.6050025081751241
UCK8281,0.6607991252665733
XPR4649,0.2674738868109183
UZC8409,0.23192723915257868
YQC1970,0.4005339903873162
DFP4363,0.19875233613047177
QZS7440,0.13561515365354732
TOP7250,0.5585846535061971
GTO4021,0.4659503763377736
MAY7087,0.31302716027199373
JQE4302,0.5819667544987863
CFU3071,0.4022704722246977
OLL6961,0.40233051356652083
PPP6269,0.5786319695414216
VEX9118,0.4231838414974839
NYL5099,0.6007908839807264
YGL9131,0.2843189879043895
DGS3906,0.3763371246014241
ZLO3535,0.25574856586352424
FZC9071,0.4299318721287917
WMI3939,0.3406284949246202
JPO9622,0.5688433057230549
VJO1435,0.4167159585492419
MEE0643,0.5777547211922268
FEB8548,0.6356996961730378
ZHF8378,0.41127971195178903
QLA4090,0.4718856468238382
RCB2810,0.47666641977158386
ALJ3904,0.16360630258793918
PNR8169,0.6064734150960629
PYZ1926,0.3915640134637517
UJK4426,0.35710344423790896
TSH1599,0.6248293435500487
PWK7163,0.4484992972902584
WLA4833,0.6706250344464485
LDO6548,0.25847585923638866
FQC2356,0.4343635278337665
TCV7063,0.6152247757336278
RVQ7144,0.4860804737935361
CKZ0327,0.5009532692819328
PBL2066,0.45540640946185273
FWD5802,0.44031962096743915
GZL8043,0.3822537244726476
BUR8794,0.4023184683334514
LSD9958,0.5094611084805659
CKP1348,0.6756292618752247
LEO6471,0.6732563057933477
DDE9666,0.25120709443964206
GLF3965,0.42683207424030223
DYX7823,0.5200323023597937
KJT7189,0.4299083308372291
BEE4902,0.34299900301572883
AUL8562,0.3042282889640247
LOU8589,0.41009906352557624
XGX4399,0.6065779169274128
EMH7843,0.25572719097041025
XVW1746,0.7018122293101773
FRA6871,0.6619276927551381
BTZ4615,0.5902953787669805
JVK0399,0.49658833003398023
FBY7439,0.2337280969955704
OIK1811,0.4151686491251827
TKN3551,0.39192632117521725
MTB6145,0.2901803577141445
TEY1076,0.5002392166118252
RPC8419,0.47249668642467274
CIT5139,0.18538050815995075
MLI3430,0.17784070967434273
RUM2934,0.40667875497349915
GKW1381,0.700374040810779
GLY4319,0.6383078071160455
JXJ8620,0.6848132871907762
BBG8561,0.6887758396380121
NYD6470,0.6275247207365933
UKF9707,0.13946828411418305
BJO0932,0.7267406941242018
HQB9105,0.8130154320907157
FGN2844,0.38504929923895126
AXN0878,0.1668970808417065
ZEL1467,0.34104731712597247
HAK5952,0.24955219313437593
UJV9692,0.5566401933496503
VAN2435,0.6270897398705417
XMK2800,0.5205894207221585
BRM4559,0.2507316788939143
VMA1079,0.6479321414102885
WVE4547,0.5317707140484542
ZXW0932,0.5173586310566238
BNI5636,0.5054446795664252
JSQ5352,0.6562251687707716
JIK0732,0.5156229487008983
WCA3320,0.7622922212662417
DGH8126,0.4320912245428177
CHF7735,0.30462505136698514
RVR4678,0.32012034088418073
YCN0564,0.4237190609704241
GTV8271,0.5948899158127996
VWS5640,0.7294800817278502
BVJ8966,0.319965861181389
COP8976,0.18468195924226444
BOE9059,0.5329213522904301
SBJ6590,0.5002004621511538
UYT4403,0.2452330032887734
KZV1116,0.7086607087064825
BRG4032,0.49087037442263237
WYC4073,0.3195635426570277
IOJ2896,0.3447910572301802
LGG8684,0.48785100141146964
NTQ2843,0.4497277144942632
ZMJ8643,0.38631592322974173
HCT2467,0.2532206460471126
DIA7855,0.6087046553144579
AYZ3084,0.523753429955778
RQO3935,0.4735618589961944
KFL0846,0.5169615863994055
JQO2913,0.41686893980142803
DMD1697,0.5537086418145769
GED3979,0.1993504246735776
JBS7118,0.5160153248961525
QQP9322,0.2789325131535081
QXS1157,0.3932445204988281
GNB0143,0.46458294910534437
UNZ5294,0.37784079187150427
IQC3186,0.398922731780627
YWD1004,0.33761269451618514
GDI9314,0.40766170167281723
XEM8565,0.5850382557050016
BHJ2958,0.7012886899368121
JSS6390,0.7622197151644761
EFU6084,0.4851798128299689
ERJ1605,0.5681503968787449
MSK2594,0.6527357558784377
WKZ3834,0.47734463814900574
LYR8244,0.6382189719173892
AIA4353,0.24385166101703526
IJU4513,0.5415027442594522
NET1084,0.8635491664559634
FOY8002,0.6839506912567459
IVT7362,0.2157798895442875
MXX0393,0.17790781846065845
MMW2468,0.21693768541938208
EYE8405,0.539047618480007
CFJ7271,0.5558009134302078
GXG3374,0.5611155318377476
JZR1336,0.4413708225518709
OYB2502,0.4117719686677085
GQP9769,0.5048608092090816
BTM3832,0.4662014313631624
BFE5307,0.3774265259124705
DPV3741,0.6195800646623544
PQF4011,0.8594719706762137
SWH8660,0.35706033167867973
RUJ4124,0.6304443294974176
JIY3874,0.849271560877559
YTW0738,0.4558767855244589
DAF5576,0.5083146639800039
RME9904,0.32210413295921825
WQD3637,0.4801277245725805
XRC5135,0.3920443641626807
BWV9133,0.6899125697930384
YIE0212,0.3669302688017515
FVP1386,0.3404646895069895
JEV4772,0.5177361412727148
IEQ2327,0.48237588545704696
JGS3639,0.7492733461653079
SLE5494,0.2653522074544733
FXQ4001,0.3775587028539952
BIV7112,0.6375980190736877
MJZ2835,0.37008707586255096
UWI4086,0.5891407163254364
GGL1207,0.3737134056378786
BTO9222,0.46108996519181816
UMS5559,0.3605247771004103
KXR8978,0.543495032916173
AXU6879,0.4475622249351423
HWM4825,0.46394509933194267
KKR0210,0.4765307995793834
KXI1947,0.43968604683605783
ZJA9996,0.309785926718256
MIH9177,0.21659874561207798
DTV9213,0.38618245071588353
BNY3169,0.23910479614127797
KLP0815,0.5245183218541238
SDD4646,0.2591419332747383
RIR0329,0.8749250875647142
CBI0742,0.5690741594961823
FJW6585,0.33105579112047623
IGJ0815,0.7320677883769178
HXV3170,0.698360730670212
CCH9613,0.30191233495478076
SBD3987,0.18937635107953543
RGI4775,0.8728514049350515
BRW3605,0.4802457360423418
ETH1834,0.5716630469688335
QOH0105,0.24373463854364374
NXU2122,0.43108058019802686
SPE1936,0.23850827983755435
ILP5244,0.32902859284417496
DKB4195,0.5267317297406078
GGX6644,0.3677420361182747
HDL4118,0.8748985973587159
MUM2925,0.5082636706706083
BXC0675,0.7788125678656983
VBG2014,0.29425064631326464
VLU9792,0.33424367876049016
RMG6391,0.5499395347784146
GAY4087,0.4398140646200208
UJQ3777,0.38995304260172714
BII2514,0.37940673292297533
KSH2923,0.20627580558681974
QCF8781,0.49571634655000507
ZBW0966,0.5027353262164057
LAL9849,0.7435892266184625
TTF0318,0.48368867162681106
AXH4028,0.3666089522444436
DDA2131,0.6341568614735547
ZHV5176,0.33971523396331305
JUK7771,0.6854642370972657
RMU2942,0.4780487701128189
JAY0661,0.2691459498705069
CNL5981,0.3843692050724569
RQX7816,0.21745851402576083
KUK3137,0.487942333246506
EWA4218,0.6967361110240198
VEG7294,0.3235096912514628
ENA9649,0.17029805787857133
PND1769,0.5213882594624328
AIL9603,0.48884080546373965
PBD8901,0.2979608149708486
LRW0566,0.17013815763781465
DSG9297,0.5003601489697996
ORK8776,0.3320141986657628
RAM1246,0.40507005076532654
KQA0613,0.358227582487464
PPV5408,0.5353177521541006
GYE9182,0.49028291868791485
ZEY1691,0.3110958357647401
TNS2062,0.3154064346459211
CXA2052,0.5268679376237868
IUM9938,0.3873687122076413
KPE8453,0.5654918493415702
PPK6428,0.6160524860287291
ZEZ2501,0.4128735153310079
CTP6917,0.5444904456508926
AXP8120,0.4542788583371049
DUU4571,0.442734071661138
ZQI1951,0.23399275926666302
JEQ3602,0.5129854448597778
PYC9616,0.37919427492193414
MRM9344,0.5269372121774012
AZY8792,0.54142267712452
DBM3331,0.3706865194182568
MQR3184,0.6893979541384088
KMG7587,0.13359166487135934
GGZ5023,0.2518595605941581
PNE9100,0.39743275191104216
KOV1191,0.8486411587286502
QDD7290,0.8371813888780133
YSB2123,0.47110964862898363
WJW3660,0.5010725000639098
YIS9227,0.11051524612948813
MXD8938,0.6670520538087733
VTK6219,0.37815739396684767
YEB3982,0.38344697729872523
SRY6422,0.8285482623633547
KWS9373,0.6458374199534637
HOV2809,0.4157479277772635
RPS2710,0.4295812642695895
AGZ7677,0.2625206561997725
NSI9711,0.4610912455629326
AYA7112,0.46151622890969796
JFE0601,0.40155286852272226
UQY5571,0.6207561172069914
RYD8898,0.3016126730857187
ROY0244,0.3903282245895358
TNQ5151,0.469859256959101
BOV0135,0.35866298228391935
BEN5821,0.4608473075203772
JAU8428,0.379046707088991
MTS3008,0.4652008113397818
RQF7412,0.5509556224458311
GWM5403,0.20519372613620054
TOR4862,0.8558745464465422
VXS2017,0.33068006897385366
PNG6506,0.5414716942964215
KTY1630,0.28390829149476593
NEZ0088,0.3487225040803337
AKO4410,0.4030943138819803
LGJ6361,0.7392883727809412
AXY5928,0.36511287879884335
UZJ1364,0.7708191981038365
BHK9223,0.1956560946461307
ZRY6611,0.6789266620171348
SYT9117,0.30293951636652794
RHA1752,0.5136588032110929
QHG7774,0.22756166612692416
FZP1221,0.6371290679169891
CXT8185,0.4864227973919729
IYS4616,0.6531892704278734
WBG7223,0.577977509774914
POJ1795,0.15328571324165616
BOX0998,0.5988065512382414
PCE0012,0.3341414442077004
LCF0616,0.4847900627735122
QER2016,0.4494626100793903
RGD8830,0.7051774414107087
EEI1108,0.2898231197966763
QVC3142,0.5340616977223773
UBY1157,0.5535842337951042
JJR8103,0.37212491464788133
GID0753,0.4876369661637413
ALQ2306,0.3634572383383367
PAZ5488,0.6235218202939021
GQD8795,0.27828395651411875
ZKF0734,0.42853041484631316
CJH0968,0.44120063726911196
ILL5777,0.6181974508587811
OCQ6817,0.6342832333373221
ZEU2990,0.5864139275114618
ARU1460,0.4925616021497854
EEB7566,0.5103646453077317
WDY3934,0.6375854541762591
IRD9332,0.4041156311650807
GUW6567,0.2819957744506328
HIF0807,0.616246312285064
ZCG0051,0.6684907797896964
ZOK4964,0.4123700544859924
KRJ9215,0.1539449926644094
AJO7833,0.43945450071488923
YGZ2186,0.34261699761192377
HAS4692,0.5335810556072761
BCF1980,0.5632726029529871
CCF7489,0.2832907167387345
VYW8259,0.6517643223544687
VLO5119,0.6581071067028135
RKC1431,0.31138929780849844
IZG3588,0.5163436007510845
IKZ5035,0.3217726352355127
VYV2122,0.47908189224101905
FXR8591,0.5754798568112405
PQW0600,0.46731262320376654
LLB7273,0.4410663834645998
RXV9670,0.4268245194154497
CHF3116,0.5470852654630991
QEQ0559,0.4666171896389729
NEJ4604,0.2958864607497613
OAX8431,0.24324406080297162
NFL1683,0.5040684701094087
WXL7207,0.687592771428913
KWN3865,0.5297033300541849
SEA0000,0.3626317167121542
CDV9089,0.5581667706461866
PTE9060,0.43907126015457554
EZI8293,0.5290301759032744
ZII8284,0.6594690368429228
YQL4011,0.44820047298962784
NWC3918,0.5215879794691893
PGF9316,0.3455994702355953
JMZ2846,0.4553363404796974
XXM8641,0.444930497508295
MCO0130,0.5222170467654064
YHC4720,0.7459742307135102
JLQ7235,0.8016908480003249
DAF2263,0.3368859925440244
RRP3610,0.7058744222645823
SWA4008,0.190114446710126
NBM3100,0.6637250754305368
NOZ8348,0.8340148224355115
TPY9415,0.4168210955037027
JVH4734,0.79049594604804
KKD8998,0.8002132899104213
MZU8145,0.4010293759419609
ODJ2354,0.6867790972632364
FPK9517,0.589832603921799
WWT9655,0.3323434718044095
GNF3420,0.5300333421075079
HLY9063,0.63255703701409
OMP3870,0.34201921247365824
FVB6527,0.19863100475423826
DVO5558,0.7942977109415528
DWI5691,0.35719597052107455
TDT6145,0.328261828674151
NTN6827,0.6394061440277168
RVA5934,0.46363702579396837
GFR8885,0.30008843428545073
ZCU5825,0.3491212261363822
XQV5298,0.33067152296615354
QIZ4338,0.40925816178826346
GIN1432,0.750768124475255
RLP1548,0.289828917679673
BLK7848,0.46081583591951625
WSC0490,0.5874650259482481
ABF3437,0.2701954846130193
HTT8114,0.3663258710298801
CXN2987,0.7648237572029388
KVY1451,0.5931916392405376
ENJ2042,0.23075991692135467
LTD5596,0.6402037702085284
UAF6215,0.5683764092772219
KZS7358,0.6229491070641732
HYO5945,0.49512071006642466
JGQ5158,0.537692707788579
PIN8218,0.7813906926181106
WCP7093,0.18470353088339725
ETJ7006,0.41784168245250985
KBX3042,0.363958400620055
XML0008,0.5388269691957308
ZWH4164,0.7354301489098071
VKX0637,0.6798639671653861
EID2749,0.6894646681692376
OEG3398,0.5187718296837245
FSC8722,0.5156761075669403
CKX1541,0.20481970945697994
SMY9467,0.7412300067028301
MTP3016,0.5705443279792415
ZPQ2501,0.43391597269346016
SIV6541,0.5186683063978623
QBA7624,0.4341711039962918
OZL5460,0.18745607530542707
CYJ3102,0.4113579992530339
GWZ1787,0.5073249515612013
FTN0555,0.7834558042557382
HDZ7180,0.6924459682848698
YFY7146,0.6229722736755801
ZKV3967,0.3954605259719277
GHT0372,0.3265834969527926
RYF2512,0.3978080287394752
NVM6318,0.49676759653565805
IZS5973,0.21455209715987864
TJN9956,0.8427120274452229
QLV9442,0.5509278099824269
ADP7351,0.2680053075193762
ZZM2561,0.3577282293730024
HTH4326,0.6971018598407299
NNG9589,0.7092972310684481
WCC8086,0.32842348700165647
FES1274,0.5970304287171637
GFJ9304,0.45463914749456247
JKX6384,0.4226948147956693
QCS8665,0.7081864869842798
EZB6534,0.6023151449048378
NBF3809,0.4010970348043993
TYM7948,0.2657134852093112
JPW9435,0.5831309456616343
YYG4777,0.23944803213529994
FME9725,0.34092740993470116
UNW9229,0.27656015809212503
OGO9969,0.38612510824615387
SOC4844,0.3864224478689938
NWJ5906,0.47013112804987073
STF1253,0.5354284835059178
TTB0785,0.2368670621580502
UQE1066,0.6368306691757291
WUP4056,0.5691697072154216
XVG5906,0.3539474386214236
VDF4156,0.14112376526677295
YUW9552,0.5319315038909269
KME7972,0.439488851485848
XHY4917,0.36237809463144355
NJV5170,0.3099153236879587
FSX4444,0.6696839415826797
YFF5235,0.3666404975713276
RZX5593,0.23624701744773585
QFS2917,0.5989091852159251
BKL5342,0.86659581470285
VBS2012,0.368547867335432
YUY2212,0.283594559344713
SZR5572,0.2244667015889512
TXH2388,0.23265319352043434
TNN3693,0.4691144132248386
UZT3585,0.8066435925491797
HQK3080,0.25508170319176426
LLI6154,0.5765929888806888
ZOF1765,0.6030694630565134
RLV8929,0.4052454999582231
XHK0610,0.4923556175132105
OMO4138,0.7281730800771707
DBO3941,0.5498006785733374
NOL1049,0.5599374525782033
VPE9687,0.7838300696336986
PUT1722,0.8305249376008756
LXR4166,0.41642448388647396
MRS2780,0.391855035318024
BGO6644,0.505891665781627
SLZ1775,0.5188375785010586
QVU4211,0.41226619017829497
ZIF3745,0.44550243010573
QVV9581,0.14461536162275884
KMW6719,0.45665283644059995
BTY6651,0.3871394914324908
SQJ2079,0.6448461146089783
IJM3039,0.5995119739390706
QHL6081,0.5578769010487783
XYY3704,0.6599498295149278
RSD8940,0.29955755270984075
MWQ9427,0.5236941169317447
KDS2281,0.4382442678202209
ZGF8036,0.7347398549124824
EIF1456,0.49072745144109814
GZB1521,0.16478101084393645
POI6224,0.7834784702550399
OEY3483,0.6750278581821378
QNW0395,0.6741495602381249
FXF9036,0.5526067060799424
ADE6109,0.8080474006891107
JCK1521,0.5005370438485006
PHH7643,0.3147061744681336
OTG5928,0.38310439561935716
XOP7071,0.5951773793021526
WMK3106,0.34495295970294504
EKA5575,0.573660771061494
FVO3531,0.23444746761639637
DLN0234,0.7425937883996037
UIY4652,0.5011049229680229
YRY8615,0.4481859040344989
ZDG1261,0.14891388368205355
AWD2190,0.4477765033050549
KHV6984,0.24555228684753494
RAD4091,0.6084187723671948
IGT1178,0.8508187739358958
FMF0970,0.4836043348963494
MDD3279,0.43447130305400194
FIL0048,0.4463356263943591
DNX7324,0.6032199303371621
LLN2770,0.7084133823685315
QEE6829,0.5065394882525622
AJL8427,0.17089938536365679
GHH5153,0.4656213927749422
OSM7311,0.2427806294472709
BBF2867,0.27997490005494485
WJA5248,0.1971518488323709
JFV9029,0.3901861678494565
ONY3338,0.39931063589402177
RYV7167,0.6013744349079022
XYK5207,0.2803874051918983
VQL2467,0.4898605363269859
QTV3905,0.47411918106251805
ZXC9568,0.530048932685018
XVZ4297,0.3116400890954183
TLF4772,0.2143621287417245
VXS3827,0.468365539425296
VKZ6866,0.32604407640663313
IHT0941,0.41910577952783945
GSQ7558,0.3214408683923916
USE8246,0.35841427885408944
OUK4608,0.3214778359023799
YYY2709,0.1440016637622567
YIV4482,0.8019095494175772
KUF8780,0.6511771081369424
JIG2780,0.4347513182985135
KFC7566,0.7612365195358766
IVC8672,0.7732916790299735
URG7195,0.3237466543937322
LEY1887,0.45699554111052987
MTO8300,0.2950640820136017
NOY3485,0.31594682379574557
DWK1635,0.6350500894867783
VWI8259,0.46055161250381443
TVC6021,0.5245481666347346
RZS4121,0.6147715696917266
MDP9088,0.45917931761849307
IDD8680,0.5430375178094995
CJJ0067,0.35151786481206926
HXQ3855,0.744709783565747
ARR3600,0.323034247121739
HDG9113,0.8531580737775155
EXP2649,0.283984080970874
COM1513,0.4256022394684339
BSI6025,0.508084116538343
QTF2549,0.376562061655642
DEA4939,0.2835074363230201
MEY5478,0.4943079424864059
WFN3819,0.6821839385015649
DLE7102,0.32874033465393565
SVZ7837,0.40128591550954607
JPG9474,0.6106613903272821
PST1973,0.35694493988337994
VLA2925,0.5373200869390555
GFQ6921,0.7341472809519282
SVQ3659,0.5331852984024827
HFJ5560,0.3482825596071788
TJO9482,0.3376128622218785
KEF1283,0.2580775674398976
XPE5334,0.36759340837898785
XDD4731,0.6936400498465269
DTC7666,0.40773648187176426
MAV8739,0.4348050369115968
GCG0006,0.2608994148412106
EDJ2014,0.5811635993382374
EPX8664,0.26581254616228933
POW6716,0.628753016880651
KAZ2977,0.6743763907587427
XCX8052,0.3584747096179604
ZNV2307,0.4954146209262559
TCG4082,0.15112473109629504
NLD4865,0.3391961116553059
DRT1162,0.24928729584818374
NYV8017,0.5888771270462934
YVO0721,0.8675005858685607
MMN3031,0.39722623918506283
KFS4774,0.3508105613484335
CCW9949,0.23815070612788664
QZZ4039,0.138524553215804
NKY0219,0.24600627338406844
JHT0528,0.08542750127974574
KVQ0049,0.4810249467034106
OHY5260,0.38827802319992255
MOV3618,0.5845336910095114
MUN1785,0.5137965820884876
IES0974,0.5934918728746537
FJL0266,0.6048791292913742
OQD2211,0.8312980417392029
OMC7899,0.31324080853157116
EHN2289,0.4064450671519924
YBO3438,0.5253773882624084
XGC6121,0.5595004611462809
KLZ8117,0.5884724488147411
QZV3301,0.4368134123274422
KAB4183,0.5002028340277146
MJU7092,0.5719608737721829
SIG4960,0.33679968066647725
QLK5702,0.38599640266861973
WPI6483,0.5352150616437668
ZUH8446,0.49245751352717226
PPJ5717,0.4903916313764576
MAL4596,0.2764196579170826
OWN8577,0.23765317106936656
OSN2565,0.23053295860080764
FGV2111,0.15611906569065634
XYO9485,0.7711496281451518
CEJ0840,0.47778325294752977
BMZ8322,0.38099147949267786
BGS4330,0.7253975529918675
JEI1597,0.6355583352983558
ZXQ3606,0.4996265881530465
QZD2155,0.6077863122889045
ZBT7709,0.2955915283579972
QYV6318,0.615555856719262
XDO7573,0.4130736347841192
HPM7246,0.44302841826954803
CYG6666,0.332139514725419
AVE8214,0.49254212053873137
AFZ8966,0.40821884216378085
FOD9580,0.4472335926390067
AXA4301,0.37630807384025466
EKA3091,0.5555638772867415
XCJ5568,0.2564088100091815
WND2059,0.5531259241826296
SWK2288,0.1832728451246043
IWZ2880,0.36204779747000526
PIT5158,0.5918564437989084
MKF9945,0.4768952872874065
ZCG1930,0.4925841601044565
JZL2900,0.6449331280796922
GSG6048,0.43087777151467377
NVU5467,0.5408068572461973
HKW8901,0.4723377201270934
UHC9744,0.6342651855146686
RLU9682,0.5729794553971423
OIA1294,0.44196526945936393
SZE3233,0.6230992371248292
IRU4838,0.20168563828858033
JES1785,0.40175040735235884
UCY6561,0.3941138922136168
OTB5118,0.4070969194886427
JCN9706,0.7234770522848307
IOH5588,0.5634315960560471
QOW4543,0.26160632294895014
UHK7473,0.6682610046811129
BDH3448,0.490861477475348
PXM1687,0.32819637026881693
FPU4247,0.38788166939551777
AOX3969,0.5767422078231224
MGM4489,0.6474618032764878
NSJ5694,0.49035380608639256
KHY5361,0.32572538782703014
IDE2014,0.6761840743753769
CLG4527,0.17475965403893284
PAE0187,0.4477993958568437
TZX0712,0.48461522687779957
MSI7288,0.49475351097839704
OPH1133,0.831592769042544
GIW1153,0.7016198492658879
PNL8766,0.2338157854814758
RJE9943,0.33208503096859704
TZF9992,0.6552388293568908
OAI9854,0.21494602647507027
BMY3167,0.7250305242278661
HUA2243,0.1766430788381262
WPV5328,0.287611923533752
CKV5562,0.708315638662453
XTM2180,0.6618657256527803
JCE2465,0.4852831845407915
ZPG5413,0.4488782274005923
DZU7019,0.20509851860634065
VXG1725,0.4919244290773308
OPM6059,0.7564854867943789
JSB1729,0.8249159017689326
KUT3144,0.3194438566711546
AMH3165,0.1700510313134142
NFK7084,0.3716730600967333
YJN6123,0.4093072437017007
ZYV6499,0.2681445131174487
DYE9365,0.6412118881615054
CYH0071,0.6568741360362143
PLD7359,0.8628698309585355
OQB2795,0.6092396860020324
YJG4869,0.4204055281296547
VYH0021,0.4231125594212941
KIS6502,0.12158666344683991
UUY3020,0.5602899049629069
PHQ0092,0.40506858726939443
BVY0985,0.7206226786740213
YRD6672,0.47200518339375985
CVW3569,0.5146836738317959
RMR0822,0.34468498839817896
NEM7093,0.5181585097285617
AJG7697,0.26058711616305397
KDH9406,0.250090448587636
MQS9876,0.6037518829050914
BBR0344,0.5416012245296824
MJR5449,0.6666812751258917
NKV4242,0.6294613708946145
ERZ7613,0.43199189967054774
YHF4884,0.671818357613073
SHY3389,0.4400426912170281
DYR0315,0.5399045051552287
QRJ0474,0.25156006352958993
WSR1971,0.150526631316793
BRJ2331,0.4674277846058241
ZNU5088,0.28925711869119125
LGB3949,0.38909185680718067
DDN0916,0.4671132784419759
VNO4744,0.6820760496319382
HAM0625,0.10402927015043584
VNS0417,0.5449672742134162
ADY2431,0.4973083370768676
JHO2864,0.6582505713283897
SUH1250,0.22550810694616974
TEL6348,0.8460152494408115
ANO2014,0.4430578196476752
NIH2178,0.4103204084814778
LYD9788,0.7407095418088758
YMS9619,0.41868636876800397
DDJ8939,0.5289167641992514
IGY2653,0.3137821030927297
ZOE8875,0.6327145755613626
FAX4808,0.29765481155488194
VMM4007,0.3057488868078777
YMD1401,0.3881782419193016
VKT1013,0.13126037582338546
YKE1591,0.3304734737510893
ZNJ7114,0.392560126764938
JBU9048,0.4353952435283158
RPL3665,0.4987821004035894
DOZ0297,0.5631209971774667
KXW3156,0.4056119603148882
XHI3128,0.5626693431133551
PEN6055,0.6345348506362665
KRV1729,0.7497359571006752
IYP8988,0.7331996983781286
NQJ5272,0.5904608168922951
IAU7186,0.38385936714810404
QIS0846,0.5532605288134849
WRB6555,0.6987163974033992
PAO8178,0.6090103902003787
FQB3317,0.3360003403250612
XOA6073,0.19690836073109455
VYY2200,0.6595677928845157
ASL2036,0.5408717291185863
YBZ3502,0.6611553843164013
PZJ0490,0.42952195660326237
LTY8297,0.3166087024424302
YCZ1142,0.21989460490030827
TCD6914,0.6148218857398842
GLY8970,0.448477397028352
UFH6676,0.36704983967603155
PJE8049,0.3627639005709345
ZGL9870,0.4972915123981264
JHB3243,0.3609539845226777
QCT2926,0.12802795236988762
JZB8726,0.6874753476894726
ZWI7654,0.3877314904762835
YBX9273,0.5945106578283148
ATY7236,0.2852110672277949
XPU6142,0.1657149669149861
KZS3494,0.6033689677798697
YWO4932,0.3225895212729375
VSU1745,0.41487115736342406
CUG6548,0.5026952229598902
JJI8874,0.303752279922503
RNA2808,0.3425275946014531
FZP4826,0.4225243144872496
GYZ6456,0.3351232101100664
ZBN2884,0.5103777402909646
ZJQ0471,0.2514850459633685
DLA5530,0.2421470017726498
NUT8542,0.7462823513037049
VNK6354,0.8269058956660249
UXU8427,0.39418696583648033
GFD3985,0.6231629285275204
QQR5737,0.466124487541763
AFC7665,0.2591773152902712
SLD5495,0.7359182186128391
VHD7317,0.6770190459436859
YAL5508,0.3015195328324575
OKH9384,0.6510040068162489
GEH9340,0.5368107705027327
KDT6136,0.39524781509036394
PGO8069,0.4055826817226347
PLJ3715,0.42459039775684815
BKM1964,0.24633792140929878
ILT1034,0.42592968306751344
NKT5664,0.38207010294289384
DFI0560,0.5875801184221281
WTZ5124,0.6805220552864759
GJP9524,0.37103217612231065
IDH3670,0.5590742140933209
LHV6715,0.7200106701613631
SOD1257,0.5927003722135333
XUT0094,0.4205429965029088
WLY2791,0.587991253421401
ZJN7497,0.390334684306217
OTP9424,0.6573654466009229
KOG2427,0.534722893203764
DGT2607,0.31757826125856753
IGV9153,0.23885275628759967
SNK8485,0.20665970925118854
GIH8293,0.3818432614103575
ZYN4270,0.617182489206912
HAD5689,0.5166681029050063
KGR5948,0.4354016998003831
XRO7658,0.5721123668913359
YLV9908,0.5328630009468862
EAP5638,0.7236176861827806
IFX9842,0.4615898128343282
OMU3958,0.43086303947608406
QFL6187,0.48101642842770564
FVE0231,0.45671378257553147
BYG4627,0.8781880329939009
GLU8969,0.5405751414280782
IZD9452,0.4397574692785148
EYW4468,0.5372234429263013
AGT1201,0.45412365104682906
IHI9922,0.5952675290736105
QRN6335,0.1576842872146799
FZU8851,0.5265810329208256
GYP0381,0.33533051174342965
NHT4249,0.19099402224885836
FYT7747,0.5444191205267239
KMR5833,0.6667464810973648
XKY8972,0.3765192623255593
JAG2909,0.28560949641947464
CBU6594,0.43946599768744854
KUP6171,0.31227592946952276
WJC1017,0.5723545140611308
EUO4937,0.4491204794616763
CIU7319,0.6900077951899738
IHE9927,0.21658636175031123
TPK7407,0.3851661931163045
QGV7700,0.4583453676669352
YND3412,0.4452699772425922
PLP7642,0.6027147973116047
QQH3030,0.09742841448741649
XGS7797,0.4577253837988604
MAG9468,0.3290241397431008
EQK1178,0.45565963784873037
OFC1169,0.3119971726045662
ZYB3704,0.4217749282000568
TXE9669,0.3129876010756909
EDY7478,0.355891119008477
ZRM3482,0.5794052455554932
OLR8983,0.5261490048807751
KZO2848,0.3220300613146889
YUL2449,0.3567529478744744
MQF8373,0.3526207027646934
JIO0650,0.24876789537766375
YLC8229,0.5911511616395503
CIQ3019,0.7244162444172049
LID4577,0.5068971738881684
FHF4230,0.597842464875185
VHY9741,0.4985857450700692
ACZ6656,0.7925209463203318
XPK9673,0.21568107654103558
TDS9357,0.4309469752935837
NCY1055,0.1667786458971319
YUP2078,0.3511835239919968
NFA4698,0.3477057609013501
NGC2448,0.3991286424935092
MCP9761,0.38157645362387604
OWJ2412,0.19522501058341551
PHK9684,0.6084869744368515
BOP1305,0.3825363538708753
YGK0608,0.3967467195020349
BJV3737,0.3617895124409386
QAD4506,0.33823557012097993
RCU1459,0.5559810357428968
ROB4774,0.14927685892956138
QPA1500,0.4867145998387601
ASI9484,0.4475554772890108
ADC5158,0.3430945755830589
TGI2756,0.8814393337860237
XWZ0948,0.2762166578748243
BCZ6218,0.4739648277303766
AZI6548,0.44287045939447844
NJG6414,0.29473010626215
RYT3911,0.4101454093505086
FAH5419,0.16649625533426726
XDW3658,0.49038841762768787
YFQ7483,0.49740376731759045
OLH0534,0.37631428077854
MOW4518,0.8359426614507732
JLR5477,0.5374430033252385
RCS1192,0.5114637349887285
BPH1146,0.5067718703462774
FAG8556,0.21176702174195675
ASH8711,0.34985984856413455
OZI5872,0.5355720521615597
USZ1437,0.2716333471475638
MUX0020,0.7775248574779958
TCL8035,0.40279452809791705
FXA0346,0.8218902234325138
DGW1711,0.657692906087851
MPI3843,0.36085768208470187
ZGJ7391,0.21241549524474862
UXU2443,0.45414388787991217
VMG4433,0.3232021808238743
YPL6662,0.5441841343494207
XZI3703,0.7583878668290789
CHM5321,0.3852485475437328
CZD0003,0.24247121739408078
UAE6199,0.4182291168869139
ZHP3348,0.6188831506320631
CAY9941,0.4912449959843622
IDA0149,0.7021882929153331
ZRV0689,0.5546436712366543
KAG0964,0.3303951398501606
BIV1231,0.566046175931755
OFY6640,0.5292900458029414
DCD9303,0.46234109580518834
BXK9899,0.6048379315404955
ZFH3397,0.42637984191835937
DWF6920,0.277266766955235
XJB0970,0.5093775874271137
YVY7207,0.3623739840750476
NYK7788,0.7703671604951174
MLS4709,0.7177292121959546
YMW3766,0.6079520417131345
GTT5147,0.440401969585025
BRO1762,0.5039527698907778
JWL9572,0.33428655624622
WMD8920,0.7573803236118001
EAE4795,0.4696251695742968
CGY2385,0.4009075465662415
ADX0708,0.3879085979883196
JGD1227,0.5697838799892019
ZQQ0815,0.23658513107611234
LGB2539,0.651506121587581
DIY1538,0.7066607290540385
SXD0066,0.5999757852246419
DHG4347,0.31792514289945467
IVL2875,0.47236979836402826
DXJ1576,0.4461087221973682
XXD3056,0.4593403175866415
FKR8136,0.2562406935113992
XHS7469,0.6427743197533958
JXY8304,0.1539705187834398
XCO8396,0.699614442646775
SJW6493,0.3523847505625466
WNW9509,0.4991063403674404
IIQ7956,0.3452012785928912
ZGN8635,0.4846093849380937
OYS1674,0.5356708397322414
LFN5026,0.5491353924528481
QFM4433,0.34241119629623457
SRP0203,0.6489374892988673
GTE8180,0.5811756030678819
BUV2825,0.4901476775588015
UXO7662,0.3170375687564462
FBP0568,0.5891540198205764
UDU8112,0.4370469899899574
PAO7740,0.33377987417674726
YAK8421,0.43648710235725674
GVN2038,0.633567863154568
ZQP0382,0.1705443619418806
CNQ6513,0.44615664566936347
PUY6632,0.5280356337677368
BVP7323,0.40681871485486987
RLM4016,0.4212391997102336
YFG3055,0.37031300483118923
IWU5623,0.6277053666892868
HRN6899,0.26712452997056346
QEE6261,0.5268145739454646
MTQ0293,0.6058168743794883
MVC1429,0.5421521554522531
WRG2254,0.2951152388939482
ZCN9897,0.3607489756548441
OZP4495,0.6630354030974709
DLN5343,0.36569948217626225
JEK4684,0.34124766800149053
SJL6931,0.4060494736303881
ZSW8276,0.5421721330421463
WSV2609,0.6676296377450734
MHV7737,0.44785000354293475
YRR8549,0.12296487645043275
ERV1528,0.5453271734995527
NOF6559,0.6793785696842705
TBX6932,0.5268279382939449
TRM8176,0.7009243613207137
ARS4511,0.5112114023045243
HRW1770,0.36207918837755093
KBM1789,0.6850828980709138
CLS5313,0.4517708885388467
SYP7066,0.3236204534429363
BAC6711,0.2850237976963346
SKE2290,0.5999307551352078
JIQ6981,0.225785458325926
BVO7960,0.4035723288865627
ZUA2626,0.6100693644956391
MSG8259,0.2541347509174773
PCC0360,0.36366168697729395
JFE9003,0.4174396401406477
FLS9182,0.6181377837246147
PAM1280,0.18589785669326075
BYU2321,0.37001817665758946
CXM5506,0.302702574759959
QBY7302,0.3495240168502687
JUK1901,0.45328051088843446
BWP0584,0.2176398881813014
UXP8211,0.4026476861106245
ZAY8802,0.4145695745000496
QGZ5092,0.4749132249397775
PLT2750,0.30816667963375166
RET4270,0.6535538581450278
SVB9714,0.3061061934071113
PGJ2505,0.7116596829106545
XCR2667,0.49909527993899194
RLL3403,0.4096526452769663
XMP9341,0.6902560267344535
WSF4408,0.21851992082269323
KQS5528,0.723988623508486
ORQ2079,0.49303352387037613
DYG9890,0.40265798246589435
JCO9274,0.4780425355796968
RTZ6364,0.2881163611066889
MZW1799,0.4053567293903334
EJB1355,0.5833776379207127
DXW3959,0.1608023697271015
XBW1111,0.3412609367005426
KBU6474,0.24347355362117337
FCK8370,0.1365916939861206
DEK2690,0.5777238622502614
AHU3775,0.37494551339332016
OYF9560,0.3756963889566841
PPE7467,0.2747262799973515
QFZ6666,0.3313048357211522
SND9604,0.43935430557328226
JCH0911,0.3832267618027254
XCZ5219,0.32718876812819814
DFS7754,0.37101597514226725
QER0038,0.3610050898891481
PIQ5708,0.5527065398316655
SBM3940,0.11074838143053806
REU8468,0.8073291800459188
KUN9469,0.5851302575924833
FNG6130,0.2985263420043106
AMV7041,0.5502047838142187
VQC3734,0.4721893116462237
BCG6211,0.5266377158616979
FCV0094,0.4545165948865987
LJO1761,0.4978365731395047
VXQ1519,0.5990687584882917
XDG0394,0.48796554530827396
ZCA2183,0.3341800517384356
DEY5036,0.26807306215891524
DOA2936,0.17157573558314212
ZBZ1111,0.2373900003284166
KTE4563,0.40125015040909384
JHM5827,0.4546662920089128
IDF9791,0.1701155029499312
YWO8363,0.5270247442304017
ZQU9039,0.8003668141699688
RLW7170,0.7857963985509302
RXK9841,0.4779276171416893
ALU4463,0.7075794879924238
SFE0721,0.7732402025021863
SQE0323,0.40435860607663243
QDZ4395,0.7607944477025566
GBJ3518,0.4063057478627995
ZGE8545,0.33941284933680466
XKA3092,0.3678384206191061
YKI5936,0.644331538321817
PZK1377,0.5337707056747811
JLZ9491,0.38377632146868673
ZVR0041,0.4867668982889005
MJP3198,0.4752263411231658
UQE0138,0.14974010560964565
TUW0269,0.5714041580816078
ISP0465,0.4929844191260708
XAL5847,0.7626919714074155
PRM3708,0.4705518626851746
AYO1985,0.6992566106593778
EGX0726,0.23389933480733904
JDR7035,0.35341271544223735
MSS9255,0.5533345091090148
WIY7208,0.16990648745595666
VAD2698,0.43775157990174857
ITS5025,0.7964649815739825
ACG1389,0.39434493921086317
JNT1094,0.2802465972352821
SEY5120,0.5291576625632322
XDA2651,0.42572910368362515
BIL0129,0.31671472783116394
TZN3360,0.7328208529461772
OHS4922,0.528002827095363
YOJ2699,0.30923243579686654
HUM6721,0.3604867160798697
EHP7372,0.7259610360382773
MDW3871,0.630789936425155
HAM5349,0.45550710981064624
VVV0077,0.5246657252002869
JYP6084,0.4353052617253436
AZX2542,0.09952699524827635
QKX4992,0.4884032307056633
VJZ2239,0.4453370674058289
ZFT9927,0.5317909140065604
EPV1130,0.40586577629670095
ESO4684,0.7901759924575438
RBA8751,0.7384584017349447
IBD6200,0.4115606070131324
TCC0838,0.2542958099428607
OTO4045,0.7885825575867962
FQZ1755,0.32605613937549177
TKQ7781,0.2563846281496067
GHB9539,0.25008366424384676
QKV0677,0.6890092119374407
MDC4556,0.46745182158072657
OXD2801,0.6555643117247338
AAW5921,0.6198096484144027
ZXO5432,0.5770537571348682
YKE0773,0.64554312616445
ZQT9439,0.5268939048322421
BBX5445,0.4278933791862333
OLD3422,0.7309365880948718
HBD7837,0.3052701174381025
LII4395,0.3140737878200429
VXV0165,0.6207214749002175
IZS6375,0.4407991045260785
ZNC6270,0.5919566499637343
VEV9487,0.3805426139402617
KYX6211,0.4370698807936451
GRI7834,0.580528801807918
BKJ6883,0.31432702012227853
NHZ4308,0.4679213068515128
IHH3352,0.548170981851988
WGE0940,0.6348003283984387
JIY9209,0.6038794804755683
RMW4099,0.6432858275271327
ACX5394,0.6470311274936699
JMY2884,0.5916926144131711
HNN4412,0.32132525827374014
ZRE8689,0.3537419758869559
NLX7791,0.39548041699238556
NCE8146,0.7940330810862934
PAJ8142,0.5769525645694633
BXL6079,0.4768645535259073
RVE9218,0.5822230469930918
CYM7511,0.56901252572546
ULZ7896,0.20208208972264513
VFR0394,0.7335618741102121
DLM5418,0.8896929252041332
LJA7283,0.42566832447052744
VJJ7556,0.436171746338482
MSY4225,0.3364961428253568
FGM7178,0.6326970526447928
KCA2760,0.47418223308415464
XVI9392,0.4711095334335283
ILG8180,0.7074175878741321
EJA0426,0.33616565082162664
ZYT5283,0.5929139349612553
MBD4028,0.6067780860842563
DET8036,0.25438974131343817
NPU3306,0.6816463074382517
MAF5198,0.6648208030546295
YVR9937,0.732925218225901
NPF0956,0.39852931213279646
UMZ8342,0.5628125217367004
CTA7936,0.305371960429644
WTS5507,0.6940741070794869
YHU2823,0.550905780138593
GCI9262,0.17941368756348938
JWG0958,0.7185554323874248
HTQ3691,0.4112396366931087
JSY8006,0.48178407280236046
BDL2992,0.6226358028995556
PPY3602,0.6347796236478722
NRH4217,0.3851857282347915
JZU9096,0.2998883004582001
BEC9902,0.5561009952250764
PUK3777,0.6575388207150531
QAI2611,0.4144063477084194
SZE9978,0.2367696996235934
ZQB1293,0.4042057182912264
DLT6582,0.21261122311070518
MBP7717,0.41425322634899764
TSL7315,0.5855229593878966
ILX4971,0.8222382107368504
VUT2632,0.33655685477177266
NHI1174,0.6748858068175094
XBH4571,0.3357168433833711
ONG0233,0.7037291515097579
EOT6883,0.20070831249533203
WAA4403,0.2750810113784892
NRP5939,0.39828485196421404
CFT0261,0.11366489375119859
WBB3199,0.5205251501750674
OXW2554,0.11382458839849048
OTX8021,0.7411912459579693
HKM5973,0.22010251607966858
WOB5773,0.7054225948749102
XJP8738,0.2864673506404481
OFA9596,0.6877836324862554
YUU3704,0.716780556865132
DAA7058,0.7504442867997447
QEI4621,0.44329323722000213
JJN0270,0.30263934762507305
VLN5464,0.26494451868745583
TKY2278,0.7837399279122312
QVB1146,0.8154860736465441
GZG9726,0.49585550801554157
WAG8989,0.5418525914498576
WYG7915,0.4114329141730613
JKR7298,0.2487788407539993
NKC9965,0.35605059938774
OLX7030,0.39795193988379673
NUM1967,0.4542002787154532
VPG0102,0.7135091130306028
WYP6798,0.6170599532211467
XVX0001,0.47713494431491843
ENE5821,0.5145669395226509
PXT8963,0.3873863013135568
NAK6905,0.6926793696744912
ROJ5124,0.528244223615689
EGP9963,0.3497556949308931
EJD6191,0.4262204404738123
VVI9738,0.4034654946526828
GZB6774,0.5220640075144278
ZSQ0383,0.30720833709963585
VMN2008,0.5055117574926322
VSW9307,0.47158179992897464
SXC7989,0.3322885810077165
JRP5911,0.6378538828331723
FQM6684,0.6027571281400967
JTZ1972,0.437284754499908
YRK8678,0.6497609129888691
YUX6245,0.4761278472255235
OZT0083,0.5354876403897435
WWU3357,0.5741790732851249
GIP8061,0.2340588457923522
GAP2506,0.42354698232741916
MTV2911,0.4970313090598387
EYC2947,0.23727525269356495
KFJ0398,0.529901552507265
KVP8638,0.6488776523790807
IEN7559,0.5678331718498753
ISM8366,0.41244153702348046
QRB2092,0.42779859134434994
ZEF9982,0.4072022906141722
PVQ8431,0.3130376555729998
JYR6904,0.3198524075163053
VYN2284,0.1773278532283887
RRD4317,0.4276017959125562
SIW7452,0.6691263823710568
BNK6722,0.7321535893346647
EAC3647,0.3615966137247673
UZY7255,0.19644318658701296
NJR3268,0.48155125550843014
SXJ2106,0.7868915539464683
UOL8150,0.7278308020865123
GFG8118,0.3686174807588255
BTJ8291,0.2894656212252388
IWD4843,0.29630587561695915
UJH1928,0.35357175722291223
CTQ8211,0.4070570266170039
ZBU3909,0.49801743962072564
CHH0005,0.8579372784698512
LOH2075,0.4044241594237614
SOZ9505,0.45603576743413415
IDZ8560,0.7045530768408396
XTH4023,0.3354285746644444
QWM3456,0.24022650225745068
ZWT5514,0.37605198181444044
JGY6248,0.760665319315271
YNI9415,0.46926802187605887
YHB7736,0.756183762827239
HRY3458,0.7263102229235614
NHO1841,0.24396669691234255
SJT4275,0.2066714704638194
JBC0455,0.5053414233256511
YSV6272,0.43680612049215534
SYR7039,0.5090408948876213
VTH8070,0.2672290701629081
CFL9774,0.24529743254073644
HWL0255,0.2173483153250437
PWW1560,0.6958376563986655
ZXV8075,0.16014407235364542
AEI0906,0.3347293195559202
ZKT4898,0.317191414380526
OVZ2889,0.49447567819016874
JNK0707,0.3104948483273181
FHI9082,0.5954772346526914
CZC7195,0.49237667344372954
EUS8425,0.720623969797684
VQF7120,0.2653322207575518
GZF3442,0.6402730791480284
QHH8798,0.4639435184867771
SVY2210,0.7330251437600539
DDE2452,0.3436584445260957
UOD1909,0.27345650234873986
LFI5893,0.34644245387485006
VFH7810,0.30883899547081334
AEA3832,0.3352807526291395
ECF6645,0.673960291469929
KVT6536,0.4065241905104455
GJR9253,0.40756754601294976
FMI2663,0.32344667957325623
VQF2039,0.5087349047851586
NLZ7990,0.43348518753049287
QBO6904,0.3824582361577824
ZBO6514,0.5662294889978878
AMJ7143,0.3176178684024621
PPA4216,0.4340425578795091
UNG4672,0.23130764263111908
JKR1254,0.613804958221492
VEB3556,0.20456514050946412
RMY5487,0.5660765220830756
YAL0969,0.7097514770707307
PWY2348,0.6094747303538871
IHD5140,0.2777796444117061
XAR1535,0.5138110592916285
MOI8849,0.23111147930307316
TDA1772,0.12992056382250639
FRP3664,0.5124672315741758
QXQ3920,0.4859078696901337
WZM4928,0.3577310622271352
FEI7112,0.28216323065608206
ZWH2382,0.554601233104484
YXE2782,0.7796343357666692
RYR6789,0.5992624336836889
DOY0839,0.42427631667688503
KOZ7559,0.6543459104174123
CGG3378,0.5474273881702757
MTV9217,0.3781058601648369
AEY3302,0.6505338205117133
SNN3415,0.5213571870002979
DLH2120,0.4151404336489504
LMC5561,0.35105150438838184
JVR3739,0.22348694107219136
YDK7231,0.3526568995965229
LKP2717,0.39531156590924277
NLD0288,0.7264590530585823
QWZ3328,0.6944601840575041
AQB8755,0.4474224832359874
ZPO6482,0.48607171127729787
VJA4011,0.17950995127295136
UNR1034,0.5393262785128037
JET8498,0.3572410793247748
KZM1206,0.5188352598606698
ZHM9357,0.43562863286685016
DQJ5519,0.6347668623764975
WPQ7065,0.37000332083187554
ANP6398,0.34540378839498614
TWV6276,0.49817293989637834
UIG4581,0.371207036647702
MCK4510,0.5342344398542895
WCQ8946,0.33721693474697423
VPL5439,0.39262840024867174
QUL4939,0.5374569218488021
DTB0595,0.44859076848490803
WGZ0312,0.3879668524134475
ORU3710,0.6953463560893169
BMU3842,0.6769489217466882
WAS1041,0.7356547835551995
RUV8304,0.3675509161449204
NXF7025,0.5239217379980619
SMT6291,0.49082905046474357
COY6762,0.5563855880069363
UXX8278,0.4316484252049082
QOP8824,0.2728664274607594
XVT5952,0.4396746721025828
HWE7781,0.40616763469560313
SRR9343,0.5009472236971042
FMT3981,0.4323864207177369
RWK1255,0.501046103662969
GUX1313,0.7086421851132495
VED0121,0.8226489550993178
SQR9285,0.1937499574404971
PSQ9368,0.4525328310075
DFU2564,0.48088182295377513
OLC5603,0.30840479037471424
ZAH6196,0.560313510240863
GQZ5053,0.3995706189189234
NSL2545,0.3352642710809238
PRO0137,0.4639008506173682
STU0764,0.22858278895701628
KTK7805,0.1509855025777863
EYS9609,0.7057378109222425
KZG5885,0.5505626797521268
PCB8761,0.1761740415045152
WGW9568,0.7922683972406517
BEP3948,0.7394564521077444
DMJ2590,0.31127687664487613
CTW5615,0.4085612987332058
OPB8278,0.5346698906861531
CWB2561,0.719565544171286
XIJ2478,0.30909934000081873
FDX4097,0.6197890892229363
YJG5740,0.4788614560232775
SRX6811,0.13592245007260373
PRK4060,0.26180332760819647
ZSQ2949,0.25194268193018465
HES7557,0.5321667177551512
UWQ9670,0.7155057133956775
BAJ2081,0.47671596559275864
DXX9121,0.5451770099654332
VZD1340,0.6357725636333916
KCX1429,0.3569894147892888
JUZ7305,0.2175846041216749
AMD7755,0.4614690269342201
AOT6315,0.37526007503492986
YXO2209,0.43771024265859837
EWV1407,0.3558262886911919
GWG3380,0.48020274062705803
YUU4145,0.7958218474658441
TZW5104,0.39247055033460065
SVI0226,0.7200775756901953
KOO3080,0.7391924321477275
RCR7780,0.7458858211624868
DDZ1864,0.43090589797866885
MSG9202,0.35213730039872526
GNC7973,0.47238149995111245
TNB6317,0.16788618552930967
CKP5184,0.7654865591547959
FAN3835,0.30149435417110126
ASP0506,0.6817419034696379
XEP8902,0.3999942538444342
GFQ0333,0.3239530639624304
STU7442,0.2620807978138222
KZH7721,0.32257655235979243
QFV2858,0.7038491003633991
CNA2475,0.20742434989222525
VPQ2939,0.4195690439639077
XTL1241,0.46237424809801714
RTH9839,0.7230436374963559
YVY5308,0.409858110193032
FZY1694,0.6876652693342976
YCA2616,0.5982195970271377
HMU3975,0.30187520003583
FDU1357,0.15042571661872628
COI6888,0.7130996033495421
YQQ9816,0.47809665986823874
DCJ0598,0.12562028963005503
QAF1690,0.42974789309286143
SSF8640,0.5762488898046936
QZS7048,0.539586344541042
UMU0017,0.14264448341871522
NHR0599,0.30192084733412294
TBH5424,0.14090514464000822
ASQ3055,0.47448100395102677
YJL2807,0.31075116752771204
REM8079,0.3547104671039213
PYI6606,0.4794382760405925
FIO0648,0.7753836201079901
KCL5134,0.4191939165356508
XFA4921,0.1472096853105811
MFS7445,0.5421439603726668
LJN7166,0.7521411414672174
ZSB8267,0.7017269445704397
NOY2382,0.22735832866812988
VID0540,0.5875663180294697
PUI7231,0.7107150415809401
DIU7827,0.3396219122658004
LMS1840,0.17657478951946154
JSI0972,0.18039631175578452
VWH4510,0.2977306547302645
XPZ8442,0.5381319303836938
IVR6080,0.45695131439671766
DAE7056,0.4778832314599475
XSF9221,0.6966267070182076
WDQ3723,0.7865823611222589
SDI9085,0.21764758155465222
SZA0713,0.6559554082623578
OHE7288,0.31826229099737935
RKN4919,0.6044305657236968
UEP2190,0.4539874983808162
CLT5723,0.1241388732938494
VJI8551,0.2815289379643114
XPK3889,0.6829609073448888
SGT3305,0.34148369945607704
SAL4070,0.2219446805359959
WVM8211,0.7404907329618408
PCS1722,0.249844235530369
XKR6147,0.7257155201165346
XUR2232,0.5756857911621275
JKT7149,0.5691755867450188
KYO3320,0.6033511789576247
BCR7281,0.4436749771866798
RGW1489,0.3327282864564516
AXN6618,0.49089906900384583
PJA2115,0.4504872161160684
OQO8884,0.6266764059586704
YNZ8560,0.44980291136552597
DHB9103,0.434248827235736
YIO0165,0.6118528000128994
EPR3439,0.5325462466500946
BXC6882,0.6104963594275086
JDH1113,0.39069836654279255
ZOI7409,0.46960189481842696
NMP2912,0.2794054733622812
GOJ4289,0.6846106722834764
XHX1364,0.767006538932046
VVZ4851,0.6032331566802124
WTK2653,0.32671993806889466
MAE0737,0.5022958125272614
IMV3149,0.5578425436576959
KTR9193,0.6451837605958078
TOD3591,0.23531990124827043
FRB8474,0.2305690673267879
QZV0518,0.44672844354715446
VIP6808,0.13483463409554586
KXI8109,0.38443638121028034
ZFJ7032,0.7959123777137804
KFB2661,0.4982811926825267
DMG4116,0.7400497584225969
APL5877,0.44624115130685926
THY5809,0.3342525153133771
GJJ4558,0.39258276004099146
BPW7388,0.510793104399188
XST7223,0.6757740722809804
JEE4921,0.1876480543969976
LLE1425,0.6034059062338935
KUE4150,0.5949353463073713
WWE1408,0.1222009507700999
RUE5821,0.5855307724662696
RUJ2756,0.7206111900125995
IXU0926,0.3043431626139984
YBZ8802,0.30681516036842527
KKN8936,0.7631228310821725
VMI2245,0.3534474054318776
SMJ0545,0.3760990147579652
DAS8749,0.4453776033917168
YER8134,0.7163498445051886
UYH0872,0.25074750334893836
ZPD2531,0.7505258494016949
KTL1545,0.518775967170648
EKQ2049,0.6287298067696078
GJL6540,0.5828897070647631
XZV6966,0.7632151903764659
LVM7923,0.44153430472466265
IEB7788,0.720927668048202
UJV8655,0.7247912984972997
GMZ9526,0.616294552261193
YBZ1017,0.4832274783447206
ALX8013,0.2905100545106488
GER5584,0.34687136216171877
MWX9044,0.24942038763208213
ERU1857,0.19322647053237224
RVZ4998,0.576455182147185
UEQ7217,0.4542001479502751
WNU3314,0.36309200772673667
FYP5922,0.3997504713675092
WEW4166,0.7103395407635844
GQL0285,0.47501879342279874
GBA5352,0.17695761715409444
WJL9492,0.3812204954819939
HSM3570,0.6794654694976653
HCT5417,0.4829379374942476
HJH6473,0.6633479615031619
OGM5986,0.39161741436783176
GLG4293,0.17923295568204506
VWN3938,0.5293973407005594
GXA0045,0.3481298002948996
HYI7006,0.5529237674798243
MKZ6848,0.89309406001162
KDF2835,0.5030855572925395
JKP5380,0.5030728744540456
OIM8727,0.7131562903054929
VUI2290,0.17393585051928717
WDW2129,0.7239824481670649
SAR8093,0.5009414810413468
RAT9039,0.3495996895175987
WIK5954,0.2788655546159277
NVL7088,0.5493195713875998
QFF2987,0.6268458643558066
WOQ3211,0.5604581300967977
GWQ2895,0.627014549380839
XFB2979,0.5749980447824243
JUR2499,0.3668121437566183
FTD3973,0.4741116738306854
GAF1548,0.17054649563120491
CFV3986,0.7089798401436704
CWY7712,0.6313638102009735
AHR9467,0.2898091034590412
MUR0716,0.5922171499243638
PZZ4271,0.5532744084982184
UMW6557,0.5003367276562318
UDL6067,0.6170929349188121
ZHI4043,0.3616223303129492
BKU7239,0.35937052098043454
AWV1442,0.3928752153394592
LTU9152,0.453817819277053
GAA7231,0.1356544213416901
TYZ2295,0.5838348902088291
TFC7836,0.15746232226713053
GRX4717,0.4010495789079335
PHZ3014,0.16147364260239558
SQY7131,0.5035903830693618
SZP8923,0.32574556487385575
SHF8940,0.5136406688916106
SIY6976,0.5905157584880536
OUU7553,0.6204301869936144
IZY8370,0.23407908433530628
UFP6673,0.6653732832420456
YCD0298,0.7211318487448652
GYV4279,0.24116116276297103
UOH6028,0.512188542068625
URM1669,0.36145053752255696
WOK3312,0.36152174080153876
VKM9785,0.39673472041805685
DEY0553,0.3450740637491945
KOE0267,0.7557856404625427
QDY7816,0.5799539781344643
VQI2890,0.42321829781054954
LRX7049,0.3936543009228123
QPV0099,0.41505756142626793
KRV8762,0.38958048753569985
VAC7571,0.5462448977994717
HZB5860,0.3437517029122207
SWN2244,0.5808254829611946
LOO3134,0.21227290566090512
CJC9458,0.8278077408308537
RGQ5084,0.48853239528919357
QTL8583,0.334940356436413
TJF9910,0.3744790805226822
ZTS7674,0.39391414509353906
CIF9346,0.6346469488087596
PLT4718,0.3719035796020578
OGH1176,0.3838975863858396
BBM2431,0.522299972405576
MMC1438,0.3458117111967953
JLL4117,0.31192988918280273
SYK4331,0.534148362578291
QSY9890,0.18937709394166344
DJX4643,0.2977822105889274
COJ6421,0.5656012701101838
HNO4349,0.7166255812982932
XAC1384,0.7580054036357569
VQZ2493,0.827276401532137
AOO7588,0.3158584226954493
NPG6848,0.3790771449621909
COW1344,0.4664990493269452
MWE5697,0.5046767088231355
VMY8506,0.3306816655432414
EML3806,0.728083957511287
KOM3157,0.10451490284363474
OLX0382,0.4868259556841774
QAA9380,0.5036081778669861
ANW5580,0.4190693220112407
ESW6215,0.40293760093647923
ASX6995,0.1975637356742519
POP5770,0.372271756403561
BAG5404,0.677468405998169
LYG2422,0.6507041377281958
VNF0722,0.5087386620343904
JEH6392,0.2550834106982659
UPJ1865,0.31188876575994684
FKS7618,0.6071656401487644
ILV6048,0.2909958658963563
MQI3920,0.4691127396171696
BYF0970,0.5159647922872979
WCO6481,0.3949340856259925
KLW5610,0.6099776597484405
TRL9207,0.35800642633042057
JXJ5162,0.6983678748411015
IQM4120,0.33540470068151673
FTE5233,0.4265641011018815
GUD3977,0.40834328131371245
ZPP0234,0.6262759056395565
EEF1466,0.25379620051008467
VOV8606,0.7086023121425853
HPR5191,0.4907288725631552
LYA8405,0.5498407467316564
WBU8735,0.6198599338838231
TQR2275,0.4162551866079972
JPW5875,0.8161880599220745
TLJ7924,0.5700482083114857
XMY2043,0.19260105907491692
QRO2231,0.4654184462969401
HLF4845,0.4859233038665814
UJU3717,0.5743123060779675
ORB7785,0.17813176534923303
URX8712,0.46037650648733575
GFL4830,0.50505226827763
QRI3011,0.6725571393857309
TWL7361,0.15648851919255002
GSY8311,0.46767838672857176
ZAB8662,0.393093351370548
INE5446,0.5199286071286808
NAT5345,0.42391643718122973
BUD2177,0.35414614880173206
OGP8515,0.44760924146441744
QPY6663,0.4007336865234565
RLJ9691,0.3005402398486562
UKF6131,0.4016276095223351
IGK5300,0.2123298311624532
BOA2857,0.5338129902322722
OUJ7375,0.55535042648555
ODW2622,0.6663965045541076
EFV9929,0.8316821284611915
UMB6250,0.35557706787474264
ARY2581,0.19290568577726486
FWD1267,0.5248273837940749
QWK4961,0.547237831371512
RWR6816,0.24114223043063718
DHZ0702,0.6373256719151446
CRC5041,0.756674194645993
XOF2459,0.7085936664559399
WKQ9187,0.301564832775603
AZV9085,0.36760549215216415
YSZ6492,0.683364935651452
CNK2218,0.5848590638073067
OBF4098,0.3690746553878387
LMY9061,0.372827848182938
SPA0324,0.3858666300963456
QMB9576,0.199998367084243
EPE0986,0.5630452564899884
YPH0413,0.5265288437890865
RWU2048,0.2634286780383892
XXL3715,0.3494478186620397
LMY8761,0.7949873261191418
VZX6168,0.1752189877555303
TQC6813,0.2510592088871827
UDQ1869,0.38650495248975203
DNH5723,0.6864044118771961
QXG6300,0.4724416769388318
SKP0307,0.16311619946610695
KYD6619,0.50332243404692
UBI4597,0.47421837056099303
XJZ0694,0.4395174242945952
VCB7873,0.5859770578256404
DVP8229,0.2798676947835368
ENQ7050,0.8299724876961643
VSO8083,0.3383193237619142
IVW3734,0.4531191533402863
STS4967,0.52778773849401
NQY3007,0.45307773199636836
RPA2336,0.2520390562737229
NKE0904,0.408121562204467
IQI3842,0.36534778133417806
HKA5518,0.565376048858593
GOS8577,0.33233891915476454
ZQE8717,0.15164749237516884
PVL0488,0.3529434973521377
BNJ8623,0.7822475678547727
GEN3250,0.4989302464897404
LWY0125,0.6878825546127281
PAJ0655,0.2489640954828324
DSJ8355,0.5552742293720581
ZTM3982,0.5274025850783532
GTG0544,0.2659672811400318
YNX2835,0.4428713944089114
TGN2850,0.4158717258749832
BXX5261,0.4111769535945726
HSE2409,0.36222928833909307
DLZ1901,0.4746875172768556
GEJ1320,0.6257877425929825
VWQ6022,0.4008147794970759
YOK7020,0.6543207472793195
CBJ3105,0.44196999263498515
VSY3899,0.5405167683434624
VTA4221,0.5393170656734094
HHB5509,0.6203596879298541
TGZ6086,0.4232196017356835
RMP4380,0.3962905527756229
UPX5708,0.3880435617465714
ENL9282,0.35381409426955307
LZH7750,0.3633909384263872
IBS9693,0.4694447778647169
PKI0279,0.46588403701530356
MNM4404,0.35052297526598375
LHG3702,0.6146949613938354
QXS2664,0.42296192446411507
ZJE8725,0.44909103307282805
OJA7001,0.4504213771046788
ZSQ7961,0.21128277447588162
YVV8348,0.23754780205597054
YEM8450,0.6658511523322581
OWZ3181,0.42571034742903635
VJT5618,0.3441062710873812
IAD0845,0.31062115524296263
KSU8228,0.6406351118064373
AKD2635,0.4904020266280708
DPT3746,0.2668003178625476
HBB8000,0.258910523116465
XKS7078,0.4519049601970433
BSW6379,0.6027818723103929
NMD9061,0.3932454986366515
DQB2981,0.36445437790500596
CFD9987,0.3516206704066581
XYJ7765,0.4039718726616971
CCO6993,0.3278779911641222
LMK8623,0.27840241173459956
MHO6527,0.2737760537553346
MPD1810,0.4846710734845795
BTH9628,0.5321782449889974
WRF4157,0.5272807319611006
XXN2403,0.5819184849822976
FFJ6322,0.3273450051422163
WZD2412,0.31129277237710584
OEE0398,0.31885911484155394
GMF4223,0.37153934843184266
EVD1832,0.5688455745853835
EAO6665,0.6561196459544036
ZTE0996,0.3567411773951641
WJI7604,0.37931234573745287
GXB5604,0.29627020777502916
FRS8324,0.41340097575062223
ICR2183,0.7207649050927948
SQI8245,0.24601955765178535
ZEI2787,0.7403621978018244
UHX8290,0.2885637006708629
TTO8119,0.7490325151159762
EWT7697,0.4232465754101107
LKC1392,0.42345390816433015
KZA3127,0.6491729379039105
FTW6416,0.6659747924525352
GFW7003,0.6993213673603415
YTT4302,0.44599160683105077
EOE9840,0.26352940579274187
RWM7830,0.48317541160547306
GOB8336,0.24241987863729156
LFV9110,0.17245759746515277
JPW2124,0.3822284572733122
BKF9745,0.33154241416194064
ZRA5115,0.27555316784334594
LFH2159,0.6332061459773058
VMS1291,0.16738289873484014
PMX7872,0.7678537124741438
QXX7294,0.2656835919690894
FBP6560,0.1377554137222955
VEK2855,0.19943607282691403
ZVI3482,0.47513801639792863
WID7204,0.6168869826384423
UXR9283,0.41250870698119413
GCR0520,0.12005941077976962
ECC9768,0.40782934212784694
BPF2428,0.17054225967208345
DEJ5473,0.3242858613201052
XYO6541,0.2945806947219403
NJU1327,0.43691522120968906
WSK2569,0.6511459552012744
MEY6847,0.7030037873928762
OCI5920,0.4236739155009587
BFM7635,0.9212517216011145
XVU0737,0.2577433122096826
ZOS1822,0.4120691525760872
SKD0534,0.34614562614698896
ZBX7132,0.4924400180874509
MMO9244,0.2734199967036991
PRR0310,0.2510511007259667
TJG4761,0.5614518025701148
BBN2496,0.2041693997600179
JIW5388,0.8305832828840972
KSN0005,0.48359830463403863
MOK8564,0.44437007385626504
EUB5732,0.46775232667898436
NLQ5109,0.389650537378851
ZXP4295,0.3108278313277324
PAG8472,0.4036929742218033
LXR1978,0.2975663685961952
BRZ3164,0.39910048568341755
DKT7237,0.3856274143026487
ZCE2914,0.34006442868240216
VHI6516,0.4168457295635988
UTV4967,0.4980080413112288
USJ4246,0.6269544503241657
HWH1249,0.3722594137385338
ITF4864,0.6368499231815343
KNB6126,0.35137504676949005
QYO5313,0.5089050437968932
WIJ2188,0.596846852294338
ZBJ6751,0.2997155218938281
VST3056,0.21515927104015958
UEA4586,0.40841524744993235
QOT0490,0.2843674283787249
KAG3392,0.7804600380565964
SUX3398,0.14883631583750856
GXR5119,0.7259809116824136
WVZ9101,0.4538523753322695
XQQ6405,0.5653381402975601
ZWH9628,0.35707350548118055
OMZ6112,0.5250285486756472
LYP1066,0.7578087939315732
ERN5227,0.6899355108606342
DOA5901,0.3025904252926427
IVS2527,0.4689409816378771
LJE2834,0.3754981010746743
OPH7321,0.6494202513898982
OWH9677,0.778017344519218
XGF4872,0.3440641840947968
PKM2654,0.3209308140849814
RVE3128,0.6968763566764518
HCZ1235,0.7169642878392044
QUZ4412,0.47902273068940004
AGT2111,0.2996857610167726
PSF8463,0.24341423589000494
KBU3273,0.7329370225795231
XZD4636,0.6628752584695959
DOO2539,0.5155350649407374
HFY8294,0.13534754901648682
EFC4627,0.7437025970131281
MSV3690,0.21741268939380207
TIR2213,0.5024047368534446
OHJ3283,0.536124362618845
TVM6927,0.7824527677831545
TCQ4437,0.49372658452897383
TWF0211,0.34799818263390847
SCV6838,0.24063001865688538
DMN4994,0.5023884233486955
INI8518,0.4890722429514073
SDY1000,0.5973531300686172
JXM4061,0.46128450544392835
PMA6094,0.3477941110088662
WTH9861,0.6889315209768391
XXB6736,0.43672717994122123
IJU7206,0.6384365766404507
RJZ7847,0.41550499345256736
BJK4564,0.2690799923073625
NDX0091,0.31114133025661783
NFD6321,0.1804180662056174
TEN1858,0.1818808300930872
ITC4358,0.35829150417755157
FGY4048,0.2940604903537886
CPQ0026,0.44553979634515806
PZA3978,0.4319732090994999
JOR3671,0.36520640122853465
PKI3568,0.3599666143702853
TBJ6999,0.6509363923193783
ZVM0946,0.29925983666481154
OQT3041,0.8143711852450068
DJB0799,0.5019293170646779
HBV5727,0.6604994326167842
APF9285,0.3861830469628494
UXG0628,0.5473112591245823
COL6410,0.6158829666696493
QPZ9639,0.49518858716153524
UON2161,0.31741434406839564
IUA6276,0.4482916200226307
SLE2186,0.3900409060322908
TLT4666,0.38999708354859874
SCO7140,0.5868308414992511
BID4149,0.5210585371712728
BYF4218,0.29059622946890695
MNR0110,0.5408105083846468
ULV2517,0.5562968900489172
PAR5191,0.4948579883585209
YFP3399,0.5037589152396761
WUZ3632,0.3143456969302084
QDA3476,0.4492299899414567
OGF7039,0.7689235377670531
GPS1812,0.6778862100943545
ZAJ2495,0.6604794823049476
CJP5768,0.6291292660219732
GYY4735,0.5779090374584734
WHD6815,0.24357799632454202
RAM3944,0.25524417544121203
AHF2562,0.4190143449028914
PHX3766,0.3158508929990721
IMO2872,0.287783151926592
CNP5354,0.29337295722357826
CTN6782,0.34533582209310915
PTO4108,0.3648202527340183
KTY2623,0.3390118101885994
UDY4764,0.7219807831265481
DZF4635,0.41283077261931533
BCW2803,0.5154017836719059
RFG2472,0.6344405309629866
EAF3848,0.24919725192654993
CZM2079,0.2702407328375155
ZKL4083,0.5910940970920883
MIK0805,0.3100124796059691
UZI2506,0.8330286655352069
XAM1154,0.5644313230262277
PVI6541,0.853098236942385
VZG6189,0.8390074363643201
BRF5316,0.6038372213854681
LHF0941,0.6264070156084433
GTE5510,0.3849815390841248
GYX6928,0.3255301571437034
QCY9581,0.29944376446614734
JDV1123,0.3072158744401259
PXK5315,0.24994840228669563
NKW7035,0.5086966637028979
VQX9879,0.3961155116856494
VAD2981,0.7245412276638374
LHV7423,0.6013491682001552
DRJ3471,0.4218793898446657
NAD7807,0.4722099935481137
JWY7649,0.4243866528917477
THO7074,0.38218164227334606
HXZ2367,0.6121598218258478
ZSW8883,0.45880012012914806
TQL1788,0.5112099557268346
MHA3207,0.6710747421999907
ESX7797,0.1817174464361649
AZN4578,0.2654838542536912
BVH2792,0.34842735289225557
EOL8504,0.5816628183965555
DLL3527,0.5278290272021754
FRU5617,0.4403105457631561
DOA2423,0.36748085485624266
LWW8841,0.41390947808143047
BGJ1341,0.43800761116087333
UWA7636,0.5506399177875503
FNS6374,0.1419437361837943
ZKU9184,0.47380152993020463
MYM9229,0.7559573397575039
CNL4026,0.4571162061064741
BGN9072,0.628536776175636
UNQ1367,0.21709936480169845
XOQ9765,0.47727245685749176
FTD2271,0.45151246715857096
UUM5139,0.5469833483954213
EIS3052,0.5461603145813625
JKF8552,0.4604632616187082
KRN7329,0.3330502794569363
OUO2432,0.4881972714474873
QBK4624,0.600581612534282
FGN0012,0.5626875300192529
GAI2781,0.5806946726923269
KLU5273,0.19490015650009623
YOL0313,0.7297570988548876
USN6075,0.4424594372583556
SGK7112,0.6477784102815707
YUE5724,0.40896220170309117
UAW7134,0.4108073993784085
RHQ8345,0.5167217022090851
RQF2533,0.45395614062519646
ZBT6866,0.5664656160154392
KYG8599,0.30434659173188516
UPQ9522,0.29041996928518565
UCU4704,0.459063767399936
XAD0851,0.1445204276753752
XPT9850,0.6175846780408922
OLV0463,0.5759250107141901
CUI5604,0.2720315326408598
WQU7921,0.23396193787045239
RLI5225,0.43523565562271144
EED2034,0.25849136689209096
AKL8171,0.3169375755411009
WEE6596,0.47794294046243735
PTJ7041,0.6984584924227664
GDT0244,0.6185471982517903
RSQ4934,0.1381490092515388
VRX9705,0.5309466011001143
GPE3631,0.23482860961463414
JOW9926,0.8502469197067234
VIK1863,0.6446114465199273
NVL6534,0.5624767855050764
QHG8919,0.16729866894678525
WCP7148,0.47486518561551416
TLY9214,0.34852175884635217
DJK3149,0.5883997596608495
FEZ0727,0.5050786581643819
YOM9469,0.5437529775911094
UBK5070,0.5060248140400216
AAS0547,0.4808536668999171
VWD1732,0.41877363370390375
HIY9904,0.4893828487208627
BVQ7153,0.5973371316832915
LGY8368,0.6649198714170923
BMA3899,0.4276559354976926
VVX4694,0.2014905517240338
IMK2918,0.5787271959498022
YUZ6270,0.4291517785916235
ZYM9424,0.3707164107916899
XRJ2315,0.6749499981544032
IDD7799,0.2764940115940294
FRN8579,0.34751976350163283
JHU6135,0.5129632557724059
VDS1337,0.6005921821703277
PER4129,0.36431114047219926
RUC7755,0.5467488463968796
NZN0284,0.7118691870958485
UKP7195,0.7525557338240603
SEJ4725,0.4162231623689958
FTP5392,0.6584083249334602
BOQ7717,0.6705603348320001
JNM9386,0.77128307052672
UAJ7272,0.11726052639427781
PRI5009,0.45732835394220644
SHM1712,0.31561429984757255
SWO6965,0.580494321904095
KFB9546,0.45379638457332305
QQB4653,0.5050748984394137
PHA0404,0.1651062506150053
SSR4486,0.3366044554062302
UKI2868,0.315155018768423
AXB2199,0.4398605226893074
UOS7094,0.6755981937536304
LYF6455,0.4193896161072439
LOS3155,0.4829279819914147
AXQ3876,0.5799663683534573
GWM1097,0.729962460954138
ZEH8158,0.849528062487236
OBD8591,0.7073812801926339
MLR5938,0.3654515218637051
OCJ0092,0.5822076106535843
OVH4365,0.7583525044856778
CYN9635,0.5360926347929145
BMN5555,0.2812004801402751
WZC6296,0.4712866386321426
DBQ3455,0.3329455629196797
OHA5515,0.41403789631107485
EHX4627,0.6869540231853095
LGJ9688,0.37561894599213425
NJN8094,0.469814040084211
HRH3000,0.4803070844989481
THR1355,0.3622073202686008
LCC4833,0.3832450774091025
KZZ3219,0.757139771217251
SYH8984,0.3614632227201682
NER9898,0.12253963442214685
CJD4837,0.2941858503136914
NKV5527,0.6024678896400656
LKS5211,0.14873759813918552
IAF6833,0.40541930484599964
EEU4202,0.2561268687570374
XGW9909,0.6091000549946124
UPK2830,0.11124485324106971
LII6921,0.3797611031875275
BDH0866,0.35571829950021966
IIB5822,0.3720663451412277
ACM2835,0.8317280780439633
FGH1485,0.3826230347468393
HKZ7723,0.4827439137115822
UMU6066,0.6431295974606225
HXY8339,0.6139009475457293
XLD6579,0.34456440053078174
DHQ3602,0.4609004374213843
HBU7419,0.22328202009493978
HHJ7156,0.48653318025557035
LBN2287,0.36797546150440974
QTG3237,0.43931893007604383
FXH4110,0.515803863225509
WJG4417,0.3997407523966792
RIJ0802,0.3397314485033377
YDQ3107,0.4628914994908218
UBK4003,0.5463793705807355
HVJ6067,0.3860076892255593
LUA3795,0.11414190364776725
NUI3132,0.3031360910966313
AJM7387,0.6692740368406799
AZG6236,0.3123731393984085
BSI2619,0.6228428715606193
DHM1013,0.46576107593005345
XKD9271,0.19437916655234969
NMU4177,0.43253725032712403
CWJ2732,0.5541075326983944
BTH7777,0.34933124502909474
IIN3898,0.640243440399032
YZK9083,0.32531789904444014
SDC0837,0.5814973813449085
FWI2945,0.26129603155083836
OMD5376,0.13519845448091722
REO1188,0.3394510734045193
FRM7796,0.6468850180463659
JWH4432,0.39296931692864373
GRQ8737,0.37290941849650927
LVV2133,0.21996991537991367
QQB8724,0.2341478752700713
YUT9546,0.41163098394169073
WXC6361,0.4236539445056311
BHY1451,0.27610179962401943
ZII1542,0.44776711413010917
DOO9843,0.8891582492480029
RZK1351,0.2787739601768736
YYM1312,0.4208185639296622
MMK7965,0.7066890612524444
TTU6295,0.7359200237734799
DAH6958,0.43684516688404806
PCO8490,0.8274856645023867
DJP3433,0.4338778713109089
OAA6548,0.268593801605077
SFP2263,0.5077901775234084
CJT7713,0.31665416379738826
BJB0699,0.4912226221777506
PJF0726,0.2031247585852271
HPA0283,0.45760900363190216
ZJS3044,0.632163246400281
OPN6394,0.24852261867270425
UYM2119,0.21643640959143004
ORI6815,0.4444859862033713
PND7208,0.45900972509028015
HHH5760,0.4166658535284864
LIQ5670,0.5387498711968044
QUB2406,0.47659597584306757
MIY0143,0.3383241230600243
MCG8811,0.6126807768947351
MHW2096,0.4864369923457649
LQK0997,0.5194418359381914
OBR4658,0.476497366556077
QZJ3393,0.6181049830783849
RTY0569,0.1399036603856063
YOB4544,0.3999951296462129
QAL2426,0.5622226530344747
PDU5166,0.4706247995100953
KUU2207,0.3365018449599445
NJX5033,0.6978633646622594
OXK7667,0.4355967633995406
KLI4744,0.2338175421088231
FES2855,0.5420165705419597
ZAB8325,0.8479188866041925
CQC9277,0.3781161416146458
MBF7782,0.4195059110935493
SZZ6788,0.6157380524451751
SDR4540,0.3681321463359849
DIL7710,0.6626679564531691
TKN4878,0.6918751981756861
XGD1675,0.7571569827392806
QEL3927,0.19968728168265565
RTY6219,0.5515224986762035
WWJ6659,0.21685138438210372
ASU8300,0.26011552315760433
XYB1679,0.10052719922471241
RBU0914,0.38851036446478815
UQV8798,0.3873941432283553
JLP9320,0.3929133739666508
QWQ7004,0.4292856670882152
JSD5400,0.32116751697273815
WON5434,0.3151950271264771
YMT2795,0.3910682169685441
LIB2206,0.6277495449164379
BCP8558,0.7312165201415115
SXM4193,0.4008320072911884
XNJ3271,0.21395516145004784
WXC1747,0.37377172810297266
SKX5603,0.4869402851119373
AAJ5590,0.3531980143530971
JPT4045,0.4526381180458464
TCX6417,0.3371760372163717
NND5256,0.5052998764463059
AWM4830,0.4245873530147811
CCO2782,0.6603405804918417
XYB3729,0.31105447560287036
PXP3498,0.4606978645358271
XGG7955,0.7212963399872541
LYJ5084,0.4035700611082639
ZJO9311,0.24397670559554643
DHK9700,0.2879525006262359
XVI2143,0.6885017604582049
WBP7682,0.37288282537377365
UVG9357,0.6515803942880549
FRD1898,0.32160977654548667
VQN9954,0.2220095291641467
UDU8569,0.7095506816375909
GIS5379,0.4454615384325751
AQL5845,0.7263524639141523
JDA9258,0.4768995423458712
BIL6692,0.7808232315191194
WTD8139,0.38569935734137223
NNS8064,0.27307889598206664
IQT2995,0.42455465294645234
RWW1032,0.5876966045909627
KYU9106,0.5288558922320187
PJL5141,0.3892235948856611
MRF9734,0.4983279294998445
TSZ1464,0.5665528784359266
VOD0368,0.5500027151851448
ZJO4648,0.5066568447136028
KUF9356,0.31884389782449396
SHA2863,0.5278878355626231
ARZ0060,0.3016316463097893
UPP9315,0.5093485286741413
JPH0891,0.2589781393710564
WJC6264,0.4989825613980401
XHB8908,0.3226535973078676
FGS1465,0.5508269525316314
TNN7189,0.27510649971205825
GBV1525,0.48514164200600185
UNM3035,0.4966458587417704
OTH4354,0.45401847654176763
MWK9161,0.5626781845329314
XBJ1523,0.5892639237673363
OTQ1307,0.7406056817542787
QUI8859,0.695305105721872
FXA1974,0.34497464864881716
HQZ4083,0.28224780028810703
JRX8081,0.4761618412677913
SMA9339,0.4446781448253736
ZRV1847,0.5295706597193581
GSY8940,0.41821186405551275
HDH6951,0.3509256832920242
OZX5767,0.7060913046419182
BKN2732,0.5441953582493233
MON4409,0.5360808035686222
VEH2084,0.5499594013953177
OXR2175,0.37468343859269565
QIT2040,0.4823288991256669
NDZ7253,0.5818093974262212
DGN1477,0.392776130970726
XKG5616,0.3423936545342568
GFT3859,0.5543319826866407
ZEG3074,0.3583011178080997
ERC8823,0.40522311577176073
ANN1757,0.7852295389374295
HVT1416,0.5215863245456824
FNA5079,0.3665036375515851
YTT3689,0.13945371998091274
ZRB4114,0.7448824431450425
LKC5167,0.7184870634043095
QKO7079,0.47470538041594773
NXS4393,0.3377272875937109
LET0397,0.5037720357247745
XVM6189,0.47407093118774674
MDW7993,0.38760258525900804
YFY9264,0.4392121688375182
MFA0286,0.3172705074497857
TRX1943,0.4170594658021646
AVG8200,0.43022882378691174
ZFJ3116,0.6501778685527655
DKB8692,0.6464466742025782
JEE2838,0.17728330371439766
EED4838,0.24332971067303966
BPP1288,0.3105864857092553
DOW2822,0.6960548697583258
NQI7015,0.7186323101447325
ARJ1652,0.5166840680658463
MKV9833,0.6607472108414012
BAG5364,0.5310727686936145
QLK0972,0.32608980529169396
QBM3534,0.37497493280268945
XXO5042,0.3108194484774067
BWD4481,0.5557576762088627
DUE1526,0.3933999422063015
CNP6504,0.34660060934364206
UDL7915,0.4642496735087878
CTQ7672,0.5521405182707735
EQY5043,0.26670116077617356
RLZ1107,0.22205401446323347
DXK7889,0.74210205053446
HOS6888,0.2765485271648023
WFP2253,0.4987665641191663
ABK1979,0.1975414054335315
NSB9683,0.35629662233379894
GQZ2156,0.37128944714051887
TNP6583,0.6001553944790345
UNX8157,0.4920154564425971
OPH9058,0.7399872965963818
ARA1083,0.7383587540376465
CPR3859,0.3285525223354412
DIT8983,0.5939581413185209
JXX4274,0.37179022096607917
DGQ2285,0.737233527209592
TEO4197,0.35582252839130424
VLS2232,0.48580957217244475
VSL3471,0.4800732731492109
VKV3009,0.454546153218484
VQG9824,0.4344190696634258
UDZ0523,0.5289983642143831
RTZ3365,0.22307987211878832
DUM4265,0.4537279204608461
OCW4594,0.5029998086127747
PNY3340,0.6566546633705754
TKO2407,0.48506971452182923
RBK7640,0.3571600694097885
VWO0656,0.29889082856491167
PVH8216,0.4032125991984945
PFV6207,0.6711963566052762
ARD6927,0.7300045850281942
BXX3179,0.1881973615254769
EJA6722,0.35053284663244855
RKB7690,0.483993059109437
GSU7345,0.659048947198223
MTF6536,0.39107775211353935
EEK1731,0.2934844430952414
XKE2034,0.5800477432070251
XFZ4451,0.552429279122014
DNV7450,0.1726837627583371
DBM7804,0.44489136056611445
OSN2115,0.4089935560368437
DIE2462,0.6200245888727571
NCR1938,0.5680715780211434
SLI3385,0.4316515957841014
IMV6618,0.6499839394790612
MWI9236,0.27417985054629757
CPZ7415,0.5421350667737703
GVA3046,0.4204468033271387
VCF7450,0.31543512536329976
RWR5955,0.7512528769299078
UNR6482,0.478803358473185
ZSW6504,0.4946566657583211
WHF7797,0.28364025309470936
JRZ1587,0.34065490094839346
WKN1856,0.6684467266695575
OKO5198,0.5730905345119481
ZOF6714,0.569698998612127
HOV1633,0.3608711678248828
HHL8001,0.22278171230830585
KSC5408,0.48983838015769776
RVG8305,0.7014516558433891
PXV8041,0.4780520526698165
JCG5205,0.2059067968105046
EWG3114,0.3564308211373397
AWF8804,0.487173088148513
MRI9171,0.24811400859106483
BES4026,0.45691431648003994
PWB2790,0.2361707472149739
MKZ4027,0.6861697347904203
YRJ8304,0.316288247305626
BJE4168,0.37654447635779065
WJI4276,0.33682041675877317
SMG2272,0.4458371760646562
SBB1777,0.5397299915748682
PQK3153,0.5190252556887753
EDF5544,0.613049144659624
NWV3159,0.4562149240830826
OPH4418,0.5152196994357666
UVX1686,0.40829696175495933
LTL4424,0.44181067765740284
HTP9675,0.14357282881767777
JHE5718,0.5325012564741409
QWF4463,0.35483039041161524
UFC9328,0.40548088216319733
QWG8477,0.7113719159464498
FLU7651,0.42103595319947007
HML6971,0.40478923020822066
JCO8536,0.32332255274267974
VJR7001,0.6779834833859775
HKE7026,0.3492968347136654
NAZ5847,0.3976795772292945
DLH1235,0.43402992067354984
VWC1889,0.4483160967674543
LQG2414,0.33393840074172665
BTP3447,0.45079576909318797
NIH2856,0.6197248930257435
OFF1083,0.4363859808792593
ZQA8799,0.7240545280432572
IJK6751,0.3140525498096298
BOB6176,0.4390824905513775
XFP3339,0.4377696782821392
TAS3348,0.29641082954346276
BHN6210,0.5427138642685735
GNW5149,0.5795337923522164
VVH8291,0.5959484136102375
HVW6558,0.47062130316123696
LHP6615,0.3446021452936605
RNJ4226,0.5239000681970203
IZN2011,0.22606739119281477
SLM7035,0.30091487471797396
XQJ1139,0.4919980794475629
AMJ0335,0.6705391186245484
SIB3087,0.6113762506075537
NLJ4328,0.31219415041085175
LUL8746,0.4288784130868801
XTZ0050,0.5323633023934793
JVQ0976,0.3085773296150889
ELW9308,0.3969396223948446
QYH1973,0.39528263310012185
AAL6035,0.4893294984776486
EQI6267,0.43572165149592434
ZNO8211,0.3286525149941275
DJG8036,0.5017954285481324
LMG4322,0.45825672356225877
ZRB5371,0.40357837579589667
WPV2188,0.7409438589060702
PAP5839,0.5043604943630755
VXA5180,0.31472577618481795
GYS4742,0.3369135291690952
UTG8994,0.41815231372003886
WZJ4218,0.4056448367955713
MVR2420,0.2549902771480812
MRB5680,0.5228606584996348
WNO2118,0.5389158102677922
NGV3962,0.23994989755316487
HTR2914,0.5810752413888705
PKM7354,0.35468953623176785
UAL0916,0.45971711567822204
TQM0482,0.4441700787950798
ZIB0347,0.4062402065476428
UYN6870,0.5871527066410109
GRT4611,0.643119896043045
XFY3621,0.750863889981109
VFC2623,0.5325330184162911
WZF6184,0.6452702224625262
OOJ4678,0.47182127014707864
RJP5764,0.40747065220314743
AHZ8000,0.7199221624556222
HDE0780,0.2019542847539405
JLW1736,0.5304695384266385
AWU2812,0.6128355705510395
AGX4063,0.40645270738310635
XCL3451,0.5224176177372233
OVB6800,0.3361955538022526
IXQ8744,0.4079432733947912
EZP3118,0.41222054872685293
QWN0794,0.8047046500486579
VEV4096,0.47847776444147777
VEU1076,0.5555241555765942
YDV5701,0.5941142898161094
PMJ7354,0.4217039683627368
LSK0936,0.5465280324327693
OWL8934,0.4960074982840442
SDV7836,0.6111086330378586
QIL6179,0.25884364290992445
HSX4903,0.564184488304434
XOU4343,0.38274239358306994
KFI1941,0.5825400111917216
QJE0535,0.5100946497313827
SLE6915,0.22972291170476997
SCO9217,0.3513823568814415
MVT7781,0.5574331516732893
TMG7575,0.8083168300876894
IHQ8441,0.4863919065044789
HXB2178,0.3474555382458099
QGW3324,0.8015238164196268
ZRV6802,0.4732552334649912
UQN6219,0.4842112158366686
KSO7707,0.32344742674907834
LMG8449,0.25369742319260913
SSY7236,0.4792285825184244
AXI9652,0.4353449097000148
JWO8793,0.21137974719061686
UUB0607,0.5082852351651985
ECD6444,0.42511458567248217
BBJ5618,0.4062387709979811
MHX3291,0.42112431736547495
PZG8347,0.49682581777423795
UKO0197,0.47498623183940825
DYK7152,0.3428679099471865
DWL1376,0.4913965938977157
OMX1967,0.45365481794028484
AIV8783,0.4784462636865792
CRE5923,0.4571882729582834
HIC4011,0.44560241876322904
HOV6112,0.5021533932912845
KBF3850,0.4067231155119866
VUI9301,0.5134584255704926
XWS7934,0.49731832683664035
BEE5677,0.3509650517114557
JSY3976,0.6642186120969726
BMY1563,0.6771139821242416
HXQ4485,0.7387606638061747
TIS5890,0.4705354556584031
FKX3159,0.4396387645094679
YMK9880,0.5096134833305368
VCD5495,0.48812969339900303
FOO0472,0.5977321027529447
QZU8396,0.48705909864481456
HTC6808,0.20466762060097438
BYL2752,0.3164265756105862
ZAM8218,0.5652270090132314
IXN9654,0.5180957106514033
TTL5403,0.3304062238848181
QYE5349,0.6485739679656287
EIC7153,0.5964397677180611
XTA6550,0.5866928616233014
LJX4501,0.22331739570475
SQP2640,0.4976529551346149
IZO4596,0.432159375171399
FWI3799,0.6416791462756499
AZU7246,0.5388665749683559
ECB5710,0.6937933814390278
BQD5122,0.6574930139184794
UYU9430,0.31995487852321647
PCK7063,0.3398392483274425
IEN2498,0.4807155632465169
TNY8680,0.697304687762041
UCK0106,0.49775430269636467
AOB4977,0.47778538876530047
PPE2382,0.5595817138261577
FYU2252,0.3943624825156189
SIU7145,0.5182981262474371
HVR5096,0.2976798923869355
OGB0163,0.6758138442145061
JRS7729,0.18415356457355328
IGR8562,0.31398348085236594
JEX0834,0.36357073294321784
TFN6722,0.6569836462597578
XKG8280,0.3379123020363257
FOP8068,0.48469574948797933
AYU1495,0.5144851259974883
VQP3744,0.35493608080698086
NOC9056,0.35798646738191087
DTA0824,0.3962494263138212
NPD9854,0.4622352396336586
FXK6082,0.2948143651291174
EIN7977,0.1517030660771565
FTW6027,0.7168334557251776
KBR3556,0.44631948098616003
EHC3947,0.24141170218533897
LQQ2433,0.3743877623288395
IDG2104,0.5530197015992836
UZF5415,0.4134081294455068
MBP8060,0.560212238020787
BEV2395,0.2896472116434686
VSU6747,0.24090434059466462
BCL2284,0.29266861527277244
RAZ1360,0.39977228052201713
EWY1556,0.8164633781110693
NNE0522,0.594181216260699
XQM5627,0.19426083142877426
AOX3558,0.6896178892877791
WUN9170,0.8487473589984909
XZJ3149,0.20356607472372742
OKL4921,0.6290947497650057
IZO0258,0.32231773200965014
WRF2650,0.6521227657694552
YZR0011,0.3753073682246598
RJO4245,0.731372194643114
CRM2675,0.44258861669106253
DKL7615,0.4967373837869138
SQG4906,0.5449113113095425
IXO4087,0.270570503964603
NBW4124,0.5719558373019937
SJN3966,0.3628856498875265
KKR4361,0.37529926551227855
HEK3882,0.44783508110870823
QOY8848,0.30910607375882415
ZQV3715,0.1401054965868869
UXJ9385,0.5036840817635528
VVE5601,0.5177578753615222
NHI7594,0.5385000271347173
WQW8250,0.5361875671372933
KID1021,0.3518497863100042
MVW5606,0.2827256069814332
VDJ9872,0.5972514321774315
TUJ6907,0.3475589601032065
KVD7026,0.353119683581162
GPM3013,0.3428261435910062
YPX1846,0.25658678290806264
DHB3654,0.8152035256959144
XXS9902,0.27062302140387173
IOY7072,0.274916313612233
DLS5038,0.7443321088638806
NLD9930,0.2202483345432057
APM7094,0.6593909834664127
UFW9487,0.5472288026142347
LTY5277,0.5974829489637825
BNR2104,0.545734344380852
GXQ8493,0.40916166190874115
TXJ5088,0.7617605100387875
HRQ6010,0.6743793415802124
YWN0709,0.4451715201858716
ZXE9454,0.5998792308193017
OXB8970,0.530087966418003
TZV1176,0.319235532100317
BTP3681,0.46655305392332813
ICO3585,0.53609052147243
RDF9417,0.6986846003486951
VHF0605,0.24381035353527947
IAG9096,0.5066521861013096
RQF5460,0.5962980265532851
FER2233,0.4019879868566605
DDX8572,0.1843585959292085
SXI1042,0.2884484917394228
KTM2552,0.24179006734807457
LXB4245,0.47821422359605925
QYH8445,0.6865087068478138
FPH7362,0.45601996344552354
WMO6968,0.35291826314632063
YVY9123,0.7016748901504637
PWI7008,0.26622699444395453
EWE8647,0.5365490466623377
UGH5821,0.5054706948678547
CCC6358,0.4460330450746496
NJM4224,0.34676597371624157
JLN8569,0.506100576067075
SBS8635,0.3190771394572677
TCK0667,0.3418305244836999
TTJ8073,0.2504714038521987
FYM4884,0.3426835580718613
BAH6808,0.20555916097317511
SMS1066,0.6509818801361165
BZV7110,0.3769632018330288
QUC3244,0.2562374648034776
NCH5512,0.5411861297726455
MWJ2009,0.3060738815743266
LMJ6900,0.5468023634554369
NRJ7601,0.6619484369995785
XHN7398,0.4592682674123516
VVK7366,0.3962900068922802
OOJ7340,0.37315525064326893
ODG4805,0.3229713051841716
TEH7221,0.5303349705077975
RVA6521,0.5229707205856904
LDO5407,0.5556052267849613
USN1312,0.40774066710163115
JPE7604,0.32453342854676814
CWI1855,0.38226021362278495
RUG6092,0.407862775968684
YBW0147,0.6184024429998068
FOL7863,0.35451532766622584
YFD5576,0.25329198079288096
UMH1775,0.2961218379979047
ILG2801,0.6142532380229109
IYC4401,0.5570019672244713
DGU6130,0.23616223762475536
GXN6308,0.08938998787229635
VVJ6567,0.4319000708841207
QGT3401,0.6893043876190263
EHV5543,0.5799065267881556
XPH1693,0.5700151300355448
XVI6143,0.21875134283756748
MVT5363,0.47369630776504923
BJP4782,0.3499387982356761
VEI6692,0.5271555798283167
LSH8066,0.2562589259948599
OES5230,0.21876076953468737
GUS7697,0.4806787221382409
GIZ4545,0.2668854256311576
YSJ9267,0.6376597791470194
LQM2884,0.3923383098296251
VXK8098,0.5106184147767444
LHQ6161,0.2773755660461579
NIB7023,0.7288912819415525
YGT5746,0.3521406201342922
OAN1929,0.735313139654291
RSD3480,0.20408591082523025
GFU7927,0.32071140176698665
QPX8297,0.3078565433133758
MDE2942,0.4942740315698283
EMC6814,0.4975430380394963
RHB7538,0.5870120215470425
QVA1519,0.7031306537800991
IYH6561,0.3664109776735722
XBT4342,0.43215717673691806
WVS5347,0.4911913111729368
RYC9887,0.3662570409227136
OWG0725,0.46235422953151406
PDQ7527,0.5824210773251246
AAA8650,0.46565827349285294
MPS1872,0.726186516148915
XPC3180,0.5549125038391389
ERE3203,0.43916350732697035
JNS2424,0.783985704098551
QIP5472,0.35184974355667664
KRI1406,0.43012549795260113
LCG0245,0.16567905874418004
UGQ3179,0.255060795828742
QTL9465,0.593772193199589
WXX7131,0.32309040283898904
UBL8285,0.39186146168032443
CFN7090,0.3970853872583744
TPW2557,0.1299510270497374
FNI8664,0.21648520462625498
PIO9382,0.4955117394007657
CCZ6527,0.6545035504885746
QOK1729,0.5671575228445878
DKE8863,0.4684071687481418
CRV0203,0.7385205006075011
ZNN4201,0.42487694428393574
CDV7774,0.5050545781906493
EMG5794,0.28557389967614216
WNJ0629,0.7987727241797954
GGP7119,0.48327845032411576
PAH1172,0.48144529756745397
PJG5643,0.5035921758641455
IAM1828,0.26590002016478315
DIK3154,0.45632315731621265
CTT5887,0.6220289880718024
PLX1043,0.3568483559565933
SIJ6453,0.5076467121884431
UGI7847,0.4690730486735455
KGO6514,0.43837982168488643
ARC6739,0.2849769925262433
YAW0653,0.4045431342970348
YQM6980,0.4424722283615368
HFE2279,0.7913336172054941
VZF6216,0.3826704231601494
ZCH6489,0.4607700760244702
TVP7259,0.27464323762524434
GAV1656,0.553045407028328
WPT0894,0.7284058026316742
YWS0422,0.6331771557419819
XUK7427,0.3670206301384411
HLU2704,0.20401397338187865
YFZ6065,0.45422716272609365
YPM4038,0.4343160631362007
XLE1332,0.29890279048815727
WWQ9108,0.21953373546637434
OBA3645,0.9153179148618616
GUE8114,0.6432448635576715
LDI5459,0.5926402418954473
SIJ7030,0.4069797555851069
SGF2166,0.47781327557949205
IUS8573,0.5486351202829787
OAV3919,0.42765122928452426
NSC7363,0.580503123412292
BPV9497,0.382589688489529
ILU0718,0.5344962468154821
QDB3206,0.4331528082112306
ELT3255,0.29236208531373664
XKQ2938,0.32035727954160814
AQA0422,0.6400392926338038
PLP7326,0.23254059744599398
PLY6486,0.34392584619797
TXV3058,0.4603116673513916
HZU6833,0.8794341085505183
OYN1376,0.28781353537542703
RKZ2520,0.5437917744205512
VJK1168,0.5789730486230771
ZBV7530,0.5907051612191552
LWZ3926,0.7022317972531267
OZK7168,0.17080793450396298
DIC4454,0.5362953698600331
AQE1099,0.338789224712282
FVI6751,0.6393752164202322
JHS9927,0.6183468281057657
DBB3746,0.5528961029862998
CWX6774,0.6102488426425532
JXD3194,0.5796915758412349
EWS5489,0.6336371353577919
YOO0895,0.1424584799499951
QMM3659,0.3659116363376854
OKZ7721,0.5249799232825714
MZB2572,0.5467261865090708
JWR7273,0.43653556787976644
JVR1502,0.24510737957823525
BII5034,0.14416009025638704
YST1582,0.5072362777023881
FRZ2719,0.551443244565833
LJL4583,0.28499239188561953
IVK1262,0.2263361097182742
AGO2014,0.24347449082106998
VOY4391,0.48165348982900724
DIA7288,0.7859519630470024
KTJ8937,0.5501258317006672
GHZ6620,0.3253181568503004
EIQ5825,0.25494757629625614
DMT3024,0.4460077866640927
NSA3551,0.26322732727722165
HGA5858,0.39112856768723625
SYY9291,0.31884382925527266
ELM2280,0.89182729452335
OVQ2692,0.3007824217753406
PRA5342,0.7945017156114149
FEX1797,0.6011290841552397
UNW1268,0.7770893851864749
UNF3809,0.47492780116190736
AGW7178,0.3751281483279053
ZRE1357,0.468779888095992
IMT4399,0.33858097689685795
MWK5375,0.3730394690047841
QVR4912,0.6779302590153394
CYK6709,0.4642201389567219
LJJ2126,0.6386494337829314
RUA9027,0.46572739269984165
ACA1080,0.5655962156479197
ZPH3170,0.526070449625065
IDM4207,0.6318493377698736
ZTP7739,0.15253114262879458
YDV5815,0.8093167192313699
BQO0017,0.6704913420557881
XUA9984,0.6720530670567084
INW7958,0.6217840265118685
KFQ2870,0.41478318828243643
KOY1613,0.36788969824184115
YCT7342,0.6502791396185719
QQA9782,0.4167416491058659
BAO5422,0.5424838630249231
KAS6278,0.44731618156202047
XNS2468,0.3572484911300297
VIU6714,0.4996693207996852
SMA2660,0.5713036823850197
CEZ5920,0.1020557903765337
JJX6153,0.5357107744104868
ZCT4811,0.6304485809824593
ISM2735,0.4166167101107421
KMP9746,0.41206415325168355
LLQ4055,0.4022648654313269
RRF8912,0.6077828031267668
QBW7406,0.28840724169173515
OJS1596,0.8084795149913182
RHO4507,0.5270762495925256
LKP7516,0.2383071075707766
XZH6228,0.6566478302498995
NAA2800,0.5008272728393132
BGZ5066,0.511066855106358
CMI7750,0.5505477806437642
UWS1232,0.8264856717530586
UCU1562,0.3872008873620688
CXZ1451,0.7212475369457588
XZI0704,0.5757970195538725
DQZ9741,0.7332901886024425
HHO4419,0.5390518672117204
RZA0154,0.35586944828180767
XCM7012,0.5412942817457911
SYQ5872,0.5649507675085769
WGT9197,0.6643855565157327
ZPP2318,0.6765763459944212
YNY5682,0.5593675251058368
DTI5849,0.401723920639524
MRL8735,0.5209563162633155
NZT5187,0.4476683104762633
HBD0405,0.4286768226306169
FQS4223,0.21659259459986283
OMN1338,0.49498972865484203
TNK1463,0.3731549321914353
WJW5789,0.4232292146216319
FIM7054,0.5912263970381042
FBZ6525,0.4144193791249088
ZFM8609,0.4748503318542149
DVS8106,0.5261339578677444
WQG8515,0.4904064402926873
XMX7499,0.47651669631770555
YEM3557,0.22279657279131515
VAN8479,0.4228582023416014
EEX1705,0.18891684542628318
MLP6187,0.4874408370453751
ZZT9034,0.3653821102368705
PYC1906,0.35003546195609353
XKX0417,0.4113746943180079
IKQ1892,0.8732079541239659
JPS7984,0.46245132018765217
YJP4939,0.5380350442344979
QLY7451,0.29774299802393966
CAQ1761,0.2914544151564008
RHS3194,0.3089254133334339
URH2223,0.5378028549792954
EBV5526,0.3853236599851064
VPE7690,0.0860900252398428
MQX2555,0.507723029711763
LGF8647,0.37176005003565804
ZZE1862,0.4507310547455581
TEL1237,0.3537866738627855
IHX5741,0.5127118202525142
QHN6664,0.479754388695666
WIH9047,0.7321054199615957
SPR8036,0.5778941265011311
XLY2971,0.3483954534323481
NFX0427,0.2018672103845574
IUO5128,0.5168955689248338
ZBK1450,0.45100033458885713
RIH8440,0.45410030600997053
WZA0097,0.34023494243797425
ANN3748,0.5962820325140292
BPC0427,0.45277276957633555
NCR6054,0.7056390912026577
VEV1335,0.6362464550388017
YBY0166,0.6487344690501611
IEN9002,0.3659281789690307
EIK5210,0.2930356479854057
YPX7615,0.44143014048426354
GGN2096,0.6637660292094051
ROY7283,0.6176470910601344
DBD6207,0.5443863894256016
YDH7665,0.2291562589799081
PTU4988,0.40192011284978696
HNV9512,0.3956017915945961
AJD4806,0.41236546373870275
FYX9557,0.3821534004580427
FWL1743,0.5682061446568178
OFR8910,0.7621909781105252
EPU4284,0.6123914871876383
FSX1358,0.2019149519688821
HAA2935,0.26230103605413185
DSP0219,0.2932892469900597
FBK1277,0.4271109765331818
IQQ1006,0.37903086907414896
UGB5004,0.5781199492257127
LVR9175,0.5325599226854598
KDB8963,0.3721169899120115
LNL1742,0.6355861531418068
DXT3232,0.45131339670738857
FWE5809,0.40079976044384136
WTS9172,0.6115698116397739
YWE2221,0.5902143382801526
VYH7939,0.552178886655708
CDH8864,0.6241188196046912
XLJ2088,0.28666641154518063
IXG2936,0.7255259093236585
SWZ2844,0.47890010342483075
AFK3912,0.28149718548580105
GMR8075,0.4072626662656995
JKS3370,0.21818605351336273
QUQ3329,0.6494797720362262
CTY1175,0.5333229992646012
PJW6595,0.2680717560585054
FHG7478,0.5554207548622182
PDK2198,0.45345087769556414
TLV8472,0.5090999387351647
VSE1384,0.3675134337998529
BBA9440,0.581444367387765
ZAZ6128,0.3586719579024182
ALO3534,0.376897159706827
ASR0646,0.1319411944124671
JCY7418,0.32132238759343856
JEW5959,0.28808125625725167
WTP7859,0.4478255846549699
AVU1700,0.5030472898953847
YYU6072,0.4356554964121415
NKM6522,0.7419152961512057
MWZ9346,0.3099139352529886
GTK5704,0.3572596125187696
BXV7167,0.22124437010824174
QHC3452,0.23127842148871922
MPG2391,0.5414514163133328
BNA2789,0.6597332886061071
MVP6799,0.44319976465860733
CIW8623,0.23186834248641822
VPA4812,0.4628772976194325
XOO5653,0.534046550544964
BQL6282,0.4730404974302767
ZKI4872,0.44322251590330997
DCP6169,0.13819827676424612
RGC1823,0.4212417273583736
VHU7518,0.47314932186026737
RXK1646,0.40875482762845294
IVV1740,0.5520000884509876
VDF8766,0.643527275165886
JQK6477,0.21497075200133953
UUP1334,0.5526974834668146
XAP8677,0.5923658577550122
MQA8873,0.3187255545467938
RYP7886,0.5336144477097159
AFW6003,0.3761741042210516
NIF1838,0.37072982382697317
QKY3033,0.6002128000800657
MRI7916,0.32460054533121374
PQX0971,0.39230015256238904
XQB9992,0.7890338949571274
AGV1957,0.15931505791100137
VCH3197,0.6954682048839671
QLF7152,0.28957092901587433
GRR7219,0.4756028806060617
SVQ8097,0.16521740323593465
COL9431,0.3773419240397069
HHB8171,0.37326058211156576
BXG5131,0.3542670768452312
FOF8111,0.42023834740036947
RTV2240,0.4832476813118331
LIJ5511,0.4414927424726053
KMK4275,0.5915546474804014
CPY9285,0.527167566983495
PRO7683,0.5629386659517226
QSM5588,0.3014360503293955
OQS7196,0.4386399968410003
TCA1389,0.47875666358156554
ENI0173,0.4030442874892593
EMQ6425,0.42608625102626274
ZLT9131,0.7141256371197262
DRN1504,0.3106998285591721
MZI4502,0.7946820981326199
STS6672,0.4661152603640612
WGQ4961,0.41864457662217464
PHS4900,0.607402216318632
MFR0763,0.40533734928405907
HJC0056,0.3207188488067677
TXD5361,0.266166785097339
ZDI7351,0.5034972346349629
MJC3046,0.5089785589522972
SPR6183,0.2953522266390836
MXO9018,0.7689192997687772
CUH7592,0.20939106810388147
PQN0513,0.331640814489059
PZO4069,0.48921520148050074
TNX6536,0.6098169336377568
ZXZ6487,0.3477918599794835
OEY5873,0.4258103675266691
EPM0672,0.5866715022503222
UAK7607,0.5578627420150037
PUR4801,0.6901804518468799
SIZ0903,0.6915944660770061
QAK5501,0.6793963272063203
ERQ1003,0.2944409178929229
JHS5395,0.23782458583013658
FOP0128,0.7010766156400776
CMF5213,0.599937893299112
QON0449,0.5711268870770132
ERS2335,0.46056109714526117
ANU9281,0.6059148546531627
ILZ7555,0.6808559078985683
MIS9792,0.1819537634663756
ZIQ7762,0.37854237766680887
NDG7924,0.2944236685236574
FQG8979,0.5577746853368046
LSZ0654,0.601490741004408
SHP1082,0.47953162329061333
WIM1278,0.5465953743518922
AUR6868,0.39781550287737716
XKU0997,0.2725937750900146
VQW1327,0.6145957587579816
DSW7214,0.36479892595752383
ZOV6208,0.45975925713757365
PGR6688,0.33916203939350664
KEA8009,0.34073820667932814
LNC6328,0.3490410918657565
GMA7529,0.6074762061507323
GUY1739,0.5998314745360831
BQS3910,0.5919836887328724
IMV3273,0.4313014547728101
WUW8672,0.701322104440659
XZZ1931,0.4006155348794621
JVK1763,0.23010958069146714
QQU7584,0.32550007828455824
RII1341,0.5341242725679516
ECF2001,0.18978133910071793
IJH8267,0.7537086719354387
GJK5821,0.6128155765196104
HNR0653,0.6872578004851149
ASA2572,0.49542749708159395
JAL4562,0.737261316728355
KXD6314,0.531345524882361
PFJ2186,0.23714998855472294
WES6815,0.6772001839010462
PHS6750,0.15781798924259924
RMM7844,0.3275904535887504
GDC4179,0.35554362098040515
QUK5788,0.38315359292705176
GJL4316,0.7564850254237374
OEC5147,0.8419103408019537
HNT7828,0.4669086791494346
GCK6333,0.37500963345419475
HNZ5414,0.6422199527745638
CVK2844,0.34346896627735995
MRZ6686,0.2851079747286841
VEB7548,0.41334006147228447
ZFK6222,0.6493164395294875
TCP7362,0.5697135333428316
AEX8842,0.7427820037301056
INS6906,0.19754267618279603
XQP9889,0.22578966046726429
FNH2173,0.5158067858430524
OOI6909,0.23831258633938684
IVU7217,0.35550096101873974
TLQ5774,0.8287273426589289
OJA2961,0.44625593875818
SEH7834,0.7128911262209645
XKI2459,0.4452268609783076
GME1877,0.5432670363773799
RKI7230,0.3240496045372523
CFQ6408,0.36408334352516547
XMG3875,0.22030859069220327
HXK3423,0.5126381162972293
JXU8966,0.11954509718928785
GAT0080,0.2968979789654649
SXJ2606,0.46320858491167866
QSF2441,0.4177964132291806
TQS5006,0.5699598353950256
DOP1780,0.27448404900726625
ESM6222,0.48460069843071113
EKA5363,0.48178110242273486
IZB3771,0.2917533704356793
XYD0602,0.1150018270369657
GNP3501,0.536132115664498
AQC9120,0.2847915416328099
HNV4885,0.427301111344662
JBX9545,0.4833948909361331
SWU3965,0.4601692597292084
YSB2339,0.21059100091325716
WDZ5490,0.7715528979287039
KYR2691,0.32827178499803394
MRF9654,0.7031247682686463
IET0507,0.6388295222703647
CXW8897,0.31123143721457985
RHO8502,0.3733647993979966
DGI5875,0.7441012716827206
CBG8496,0.1979808865212052
JMO9215,0.4403901796054444
WHH0842,0.6414361865762412
IRT3982,0.5643919550334885
ZNY3995,0.24782618984959812
RWA3263,0.46048249518529055
RRW5248,0.3473358914493476
KSX1126,0.11303774838578581
ZGP1344,0.7035626288366779
TAP0740,0.34090789284994183
SBV4244,0.08321924610361472
VNM7279,0.4154511134712975
XVN5713,0.6175149355830167
PNI6616,0.4386214901651173
DHK0115,0.4698294084652501
ELZ1893,0.5736355982659552
MMD9376,0.41367257432362947
HHO0755,0.3210299354876627
AGI6103,0.49641142315259684
DSJ1568,0.35031865285613417
OGQ3745,0.6006759754967201
EWU3335,0.5624045203100609
IBI8973,0.25492828768869025
MNM0998,0.3173093396370904
ZFN4243,0.341620251118093
TAE3942,0.7547882034218276
CEQ9038,0.11869556353887814
YDW7588,0.24482120712634586
FLB0221,0.5638438300132229
IFS3000,0.3172277915539629
GOX2033,0.3727648018865456
RCR6392,0.08362774809636289
ZMZ4534,0.8264709900884075
DPW5768,0.6650768818943886
KKG5808,0.6470012786171955
IBC0776,0.43625739948753517
QJQ0583,0.3976408585808183
YHT6044,0.5330761076490346
IZD5201,0.7157591078291478
FQQ6014,0.7159633177136615
HUG2535,0.521935565602323
AWE7337,0.47777246622029357
AFX6015,0.2935254262674273
JJA3465,0.42063706990490246
YWQ6319,0.34129881656991606
UTL8063,0.5364298594065355
IRB0365,0.4909614307236163
DQC8790,0.5542771234842849
OKS8792,0.4041370576445078
RPI9883,0.4575630809765783
KJD6196,0.5891594768961179
AVL0382,0.518900459905351
WHR7833,0.45692861402721274
DTG7149,0.6743622338473522
ZPD3564,0.6407879902347814
FOG9482,0.5957385127069343
ZFV2720,0.6081286200870955
KWX6049,0.5571725424401155
UEF4956,0.5819765087756499
JEK7287,0.5893284918938242
WPG6950,0.5945589258147774
QBJ7505,0.6224237577176557
GWN8595,0.43117712990696005
BZN6603,0.5082046677330433
XFZ2764,0.45190246109565496
IGC0378,0.28404681128968634
MMP1537,0.3957413868990681
SCY5429,0.5528871159775347
SMJ5723,0.5485483054642685
SVM8665,0.5988011051785468
JUC4326,0.71638724540317
POJ2305,0.5662017650292728
TGL1412,0.5961929595816347
TLB7079,0.4863648505270861
LMR6185,0.39448190120106263
KHK7436,0.6151064549471777
OGI4322,0.5746849331320095
RVZ4835,0.3801941788629686
BJN0689,0.25999703868502
UXE5576,0.3869953077415009
RZS9370,0.5795835109032086
XFQ2974,0.2106298812818197
UZO8276,0.29146634757627665
GSL3386,0.35348365011293315
AWS3695,0.7190663732390731
IRT2345,0.42234521712231277
JLA0351,0.3780378350864049
UDG0334,0.7488227225925368
BKE8828,0.4980316176062821
BSS5927,0.7896226404297563
QFM4192,0.42174175374344247
UOL8406,0.43360288357427434
DVB9995,0.37642435973076793
ZFM1248,0.45928127772302296
FAH0757,0.674017072591542
YNP2161,0.47999797733035243
TUH2095,0.48057016174383893
BAY9049,0.4539812817409802
SZZ4113,0.4713555716325426
IAH5734,0.36796068589006914
IWZ1372,0.41641900363914414
YBR4638,0.4599266760504035
MOB7614,0.3112473200679078
ATG7894,0.664200795006956
QQM8288,0.3730773414424874
XMU6369,0.33312631494328115
DSD2182,0.4100961483956157
JEF9970,0.7338440400904138
BJU6237,0.4397009554447228
MCP1196,0.8439803983661112
WQZ2473,0.4924411384392794
EXP3813,0.46158858381563056
ANY6979,0.33381027754603204
MJT9896,0.32792866663903375
RZF0126,0.46639034462780116
WNT3190,0.3328582067942707
SXR8785,0.6951920051206344
VEZ9878,0.42223478964205824
IQR1803,0.602141331931332
GKP5747,0.49899815854644014
KWZ1032,0.6093202403816684
UNG2441,0.7049414261294642
DEZ7950,0.7284625795924721
LWQ5268,0.6591698636821399
ZMD0621,0.5350482574223339
LXS2378,0.3436436063541918
TNA8704,0.13355478944128188
SXG9064,0.4075773818871204
TCJ5769,0.5837977582135119
HFW8197,0.7460700108087421
GHB7075,0.4070832761079576
TXW6272,0.526345901404235
XYC9775,0.3813207410948598
ICN4734,0.6384107408032025
ZMN0832,0.34666359570921573
IRZ8003,0.6668822098200718
HUF3490,0.43100431141655127
FCD5431,0.5730299481070823
VXK6316,0.6925917454924848
YHN4722,0.3973698570970383
RTM1575,0.5438438197093751
YSB2112,0.20672564770773794
KCM1722,0.449645335361893
OTS8869,0.4910822245820095
NHB2867,0.4453523790214746
UTP7979,0.5587046513309093
HSM0794,0.8817200551659223
RMZ6032,0.24644004812320294
IMW1976,0.5712390956904903
NFP1572,0.49463171660723837
UMQ1245,0.5664392740558805
VPI3440,0.4634377056373254
IAR8050,0.32126248635606425
LZR8401,0.6486160406640147
SHF9433,0.5185044688878382
UJL4817,0.8350348363595115
TRR3958,0.22494292342524447
TXD8258,0.6511266248537545
FCO4051,0.3252834325972057
OSB4374,0.39576477560566325
FVW1939,0.7064345998852651
PEX5881,0.32332566182503875
UZO1865,0.6787019144509788
LWE1790,0.23759789973364903
GWB7700,0.5554662900352557
ZOP8654,0.6424238559352807
XLA1817,0.3784582127889883
HWW7112,0.5417308913610523
SFB9784,0.6752064011767198
OBN4261,0.12356270183163848
VRM2547,0.42962778277236946
DOC8167,0.41914789686246884
SWJ1035,0.35906597126677986
FLF2496,0.6520775720349661
JYX8578,0.8172981302051682
AEU2982,0.5534081048824369
YVH2306,0.6672162534530797
QKL4250,0.39796615122581275
LBW6479,0.6218330810326516
XQN5681,0.6150726515953986
CEP4086,0.6432910658810463
YGX0420,0.36957245132260574
BKB7512,0.5406286824386193
IXG9725,0.44593119944247106
BOF5544,0.3766474704114616
UYN7747,0.1926966084819534
ROF4670,0.47459703486781973
UGV7717,0.09273228579502583
OEI6069,0.3083019600995042
EZO4175,0.5859784534185488
OIF7758,0.8037866423688886
JEH2919,0.4746776086817807
JCE4705,0.49761275350671175
BOD3734,0.41292486204672896
HRI5660,0.40456865381703666
OOO8613,0.09782760864324196
XCU4599,0.3168405272390648
KRX9049,0.5385397511784994
JOB6245,0.33655854587424455
QNM0137,0.5755767342629663
WIM6665,0.21768310322041523
LNU5227,0.4758143782978005
YQN9605,0.44286230965991924
UQJ8425,0.33861070423647754
PSC0175,0.3257212191048727
DJY2431,0.4364247286693447
ISL8214,0.5038908814238456
IIU0389,0.36827527188228837
SZT2166,0.6748332928636465
QGG3461,0.3123491327407244
XCL2050,0.5313404354361984
QMQ1245,0.38277265516092673
DWG4532,0.2943514040281755
VPI6024,0.6146676651461958
ZYV1950,0.4451402857978522
ZFG5023,0.5086592313035019
VSF0357,0.41206337370286755
OEY6081,0.20181864779396036
TUB2085,0.2465186303199539
MNC6692,0.5160885656791125
VRR1008,0.4699909147340423
YVT6450,0.3605793163941099
FAO6275,0.5217900163092041
PTD9190,0.33371954140510357
JSO5437,0.5399720019171546
MFH9979,0.5368983514904273
SLW2279,0.6283878352427338
AUZ0340,0.5461086399960193
AWU2833,0.696040218236972
LFN0157,0.6240189957223654
GPR0346,0.7403042520385859
MMU5621,0.44456738776880367
IJC0456,0.1806979715058079
HJI0200,0.20486723775896137
PUI7508,0.5123522782656789
QWI3198,0.6561301398763054
VRD3282,0.4473386813263328
IXU9829,0.5803911412436453
NSR4945,0.6003725663281714
CJY2412,0.16541222205451572
SUL1935,0.2711838441915506
WAU9525,0.4110356215498383
VAR5218,0.23214729833033843
OIQ8584,0.45276551725929604
TXN4932,0.37053501584612003
FST0470,0.667194372539111
YVU3745,0.47861785010715596
VRX1810,0.7205691787238477
ANZ2576,0.3467582003590252
DFT7074,0.5842741328950163
GLT4950,0.5493402031335416
WBD1290,0.1506751973227554
KLD9539,0.33477012653772165
UFD2281,0.3244974423577427
AGV8920,0.35170671516432284
EZM8303,0.356637236861579
VHB2724,0.6609596585895376
CGS7371,0.3057142753438077
KRX8325,0.342026229471709
HQM2559,0.711065272636631
OAS4314,0.610861812120403
REU0208,0.4526976329053117
BCK4124,0.6886921786081948
YXF7483,0.3925599151133199
EJI6128,0.6442049308324376
ZMZ5134,0.6754087522319301
YAV1162,0.3896666316003878
NRB1641,0.4890296208442746
YBA0436,0.8047775446159096
WDM4803,0.3019337192877142
APA0477,0.24896014869254388
DJJ7857,0.4966490589752213
DDO2541,0.6845278588317141
DTT0915,0.49326627922531263
DIO9974,0.5073386912266595
RTS4274,0.6440722869803146
EVQ9390,0.3746821941922221
GSS9218,0.37883526954468727
QPV1399,0.1521018377429147
ZGP9947,0.5439120206904677
VXZ0953,0.3965189437890175
AKN4052,0.19384663979778982
GGP3877,0.8061341050445292
AVK5211,0.4620190324128143
CBU4492,0.4749612325876666
LGY4995,0.5419905864831394
DPF8787,0.49038834359122785
ZLU0244,0.35412931132220293
GKG9739,0.4757598857097862
XWD6996,0.3069353813212954
AKF5899,0.5997949785080898
UBN8639,0.5302333348079709
UOV8935,0.5814102158107677
SCV5979,0.5099336024043363
WCH0782,0.7680643907386979
ARH6872,0.2763878765221938
NMM7694,0.6137836176515306
ICX6399,0.3381801982798149
TCX4933,0.3111168818133898
UMW1034,0.5986151830824036
YYP8138,0.47240954561980364
SCB9443,0.4756521763682928
ITC6113,0.7584375265244678
FCL9477,0.5872033739004987
OXN4850,0.44188158836135377
JYD3480,0.623968117629043
VRQ7885,0.8294513542918771
FUP7384,0.620238667518648
QWF1930,0.3415726159189782
XJR3753,0.3969970286521568
JYQ8107,0.4675718684520016
RLK1604,0.2787066269797538
WWU5537,0.8297664774889151
HYS7523,0.5962243817129355
ZJR0568,0.33875110102984896
BRG1099,0.4859796209801912
JVW7197,0.3082899351636048
ULE4248,0.5374339297399995
FBK1312,0.5807220345152284
VSH8159,0.38150783192083343
DMQ5786,0.3607038019740515
GCB3430,0.49822805934806236
OLF0501,0.42657436091498113
JWD0044,0.6924728487360845
TJP7761,0.502665275067363
BQX3256,0.196919006580138
XYX5749,0.6372323447283295
MRK3909,0.36982401150019506
XEA7163,0.4273094803332419
HCW6650,0.6256516483090973
TZP4079,0.46368034522890056
RYR3568,0.41082774846298414
KAA8266,0.4863736157039163
EJP3492,0.6697479567529635
NGH6480,0.3800424214141643
RBK3849,0.40141634747066735
AVU5986,0.5295895537319459
BVU1715,0.40789201114523377
WDM1181,0.4304573402828583
FMT3576,0.4517798338288873
YTJ2895,0.6345498891344254
LYE8184,0.4695587078001774
TGB5296,0.3934328309258966
PAM8552,0.5302425892082965
FOB2099,0.6654255593071574
PGW0709,0.6589888931509809
WZF7186,0.6527079479088008
YZJ1826,0.39751854132780995
CUK6688,0.5088690042999489
JJL9592,0.24668669041829183
BLJ1552,0.21556409301071383
CKE5978,0.4764041838069873
KEP7251,0.72368728126351
CWA1833,0.4252711972767179
DIG4152,0.4452110700340982
QJO2482,0.3296929859814335
QFS9248,0.32217301952872157
VPB6339,0.8183441581858675
BBN5975,0.5636990872998959
XCZ5265,0.5146877295565444
ALH6740,0.6055212754804373
VFE1712,0.1603399766956498
PBU6519,0.13892625185394514
JIL1820,0.4075092370061755
TKO3377,0.5056776456157301
XOL1792,0.7263760737999256
HUQ7289,0.41727276355820564
EIH7258,0.4049592797591809
XHL3600,0.46799584381311443
BLG6557,0.36778208090290787
XOH4990,0.6131822421588303
SFG9400,0.2989535396834785
CTW0716,0.45580519407960457
EPQ1022,0.37879068074830313
DDF4807,0.26183247912150365
JHE1802,0.3947355537541031
XKA0286,0.437560710175789
KJS4977,0.15401287364141514
KIX5898,0.633410237223253
KAJ5890,0.12925036699365638
HTN5032,0.47460226088182406
XBG3646,0.7272213550035596
STF0095,0.22016475291298576
XYS3253,0.46652334183088273
YFM9412,0.5390449030753336
EIC9765,0.5612365314508496
SJW3302,0.2697709758440682
GQS6751,0.4040362820316653
VHY1313,0.5202426177904258
JFS7189,0.5787009813469348
UGC3514,0.6559146392674965
CNX2296,0.528939260685046
FZA8058,0.2673629421034117
ITU2802,0.37690852322689006
WIJ2095,0.7561701105986349
KPD2769,0.3041498287029748
SZO7824,0.6672956892175175
VSF0918,0.2526593078519851
QPO6163,0.4283230712061192
QJG9094,0.2912340311013437
WSN4732,0.39530385228852283
QAH7760,0.4896268384360556
QJQ6048,0.5795602386373077
QSS0205,0.367041225137243
ZJH8058,0.34654857059647326
QIP0730,0.4618049029200605
SZC2380,0.6730334951581571
RGL9560,0.2508449105032043
WBE3412,0.44107776232066753
ZRW2620,0.2510562832789189
VLM7962,0.24866038325146084
ART9792,0.18612397686464832
ZJN9258,0.7935529169165193
LSD5527,0.7787049873873431
XFA9780,0.35258649479590165
YZX0939,0.16859248285428757
CYB1866,0.3837892050056371
EHO3159,0.5090996746712486
SIG0318,0.7062418092416144
VGM0574,0.3735569249712112
VHH6882,0.17108971398620737
ZNX3901,0.627253711867772
GHC3228,0.4273840210763943
SQG0318,0.37309575259102834
IEY6901,0.38591380315090773
HUS2611,0.47916908681763615
YEH8272,0.18104132148501692
ZPJ4887,0.39895347091074446
FVM9271,0.21298325523625755
BYC7251,0.5800482096862472
VZV4566,0.42495572458335357
HJQ9078,0.4668870085400767
EGR2718,0.6474998561591296
BQW0054,0.44478715006607517
NWE8918,0.2389505406294386
GWU4698,0.6161873098927388
CZX9272,0.3677790621373154
EYB9921,0.32425513145491924
XJP5950,0.30730804100980913
IFJ6475,0.49696213781315207
XNM9426,0.7135512946135297
TSQ8268,0.14448835793982057
KPO2933,0.41054475516699784
LXQ7529,0.4346004695461778
XRF7014,0.6425268233053917
DNC4443,0.547733617378884
AXH1658,0.5348905805364308
AHZ7652,0.6410702380754227
NWH3193,0.214650837671608
TID1716,0.7937341953877439
ANP3440,0.7159800397975524
OUG4685,0.5882194054335268
MWD7907,0.5515439240918586
TPQ4836,0.48396413276450523
AAJ6531,0.5511950150449797
XKG7418,0.562583537954189
LJF8014,0.5119620310289552
IWF7341,0.246290359815913
USH9806,0.5158637867836504
HOT8154,0.4037547837786174
DAX4292,0.4254069771852962
KYM4729,0.4542488379068489
LKI9763,0.34670080219733823
JAY7470,0.6090833694361322
VAG9407,0.15548951793744586
AXD1373,0.5633715851489773
KZV1736,0.41793425494922687
ION0603,0.5311843794905982
IBD4973,0.522629328451953
HAX1381,0.486948070487263
GDV3204,0.39385936170574476
GQU7798,0.6529432696736259
GAQ1597,0.5716657134938177
KVP9269,0.6141375985064391
RDH8031,0.27481302755088277
QLJ5966,0.6345127153709932
OUM7825,0.31971866713354957
OPJ7108,0.7242364914834507
XXV5331,0.664239362022528
NIA3272,0.706386004667289
IPQ4779,0.3244656095987569
OGH5544,0.35446882987690614
IDS6311,0.45136875752877015
ZAL6103,0.43880485721326856
QMH1755,0.3871715411986212
AXF6974,0.4678232697461283
GCI3630,0.2590086084788301
VZW2401,0.38775177559529217
OVE3990,0.637765118713562
NOV1064,0.25796317853168227
QYK7288,0.6840892636886842
EUR5124,0.5798294198272981
UXL5796,0.5502935076573388
TDZ5862,0.6274894703066707
UNT1852,0.4702151310394952
ZQT3434,0.3703917882625598
RBL0406,0.5263832426259865
NVN3331,0.45537593036438784
QYU6181,0.3092482166395011
MCR9458,0.5629131797100266
INV8873,0.4809089367474628
CBR7213,0.2963420582423525
JHG9105,0.6281836641839051
TMB3670,0.2711294604447617
PGJ5657,0.8053729691376956
UGV5295,0.3949950653333274
OXI5106,0.6604617809449964
DNV3094,0.5862947907736795
VAH0839,0.6941729349968163
CCY9074,0.5501194656919408
HSC7757,0.6247365623703389
BRT3178,0.6617939070948129
TMT4944,0.6969960889339017
XTK9260,0.5563772073139706
MXU6827,0.383181489750801
VPJ7122,0.41752200510003745
NGU4725,0.4150485376845756
XHW4190,0.42877974141733144
YAY5524,0.40960497989204203
SSM0392,0.4472352765803038
FXD1708,0.3664145440390506
MPV0672,0.5774803546945309
IGZ9386,0.2819240099478439
TOI1490,0.6640960427112471
QAZ9933,0.5667570517696665
CRM2978,0.3175955858448828
OIB9991,0.4569611566113606
KVN4822,0.4598231495334785
GCG5533,0.5757410025464397
VTK8111,0.3661832924193753
KAE9168,0.2695469978455669
RGV6468,0.4423356258592317
LWX7015,0.6357393403713475
PZK8396,0.583509276022727
RHE1717,0.4658854480921186
VCQ2207,0.7364089745075195
VQT9580,0.7907652312272582
IOB0677,0.5443779428140683
QPJ4092,0.6024585653861301
AVY1533,0.38691386382662074
QDJ1312,0.4066435402605531
XSX5863,0.6952408599106001
RNZ7687,0.7407270286909389
FUE4559,0.6357022608273603
KFB0998,0.46765442269405644
BJW4567,0.3815631424499196
KUC9637,0.5502614133267192
QLT3222,0.6344110933211335
FOK0149,0.5598215296310038
KEJ2913,0.2918915441137832
KCM5467,0.5870361370277063
RYH8245,0.6793135309454684
RUE5771,0.09341679883446628
HNH0868,0.46824660307946486
XBC4033,0.635771023905066
ZLF9201,0.6816030108921383
FKK0636,0.44753584026352666
WCN3474,0.7320763819087103
DGN9413,0.5437609841933593
ZVT9034,0.36468640014262144
GYU5540,0.23207718864789056
FDX4205,0.31988879457818103
IPD1251,0.5946957918432081
ZFT9168,0.22414683395127194
PYN3393,0.45052461173411085
FTZ6683,0.2752144741042773
AKI7936,0.5317739251630846
MPY2709,0.5389087937598498
NTP2659,0.6991752568329049
IDE2433,0.4377210943188667
SVO8258,0.48626824921472966
TNE9256,0.5541098535382675
LEG2561,0.4419678526348044
UKA9422,0.4972115421531248
MCH1289,0.39281641207010876
IND7831,0.5638518521008908
WLX0704,0.33501939629710326
NJG1634,0.13120301223149805
CBU6288,0.45240910129402184
BBK2710,0.6614661030227861
HZL9836,0.38640744586462994
CHC3948,0.4674087546235628
ZUS6740,0.23796595359282033
VFH7531,0.584298520221239
GWE2897,0.24006067967630046
CAS5155,0.25948166906529135
GMW9681,0.4942482802751128
MES0461,0.5686853956556799
TWZ5436,0.36315083154482136
TVV2529,0.3315035105159263
AQZ6865,0.7133211957332248
OIC4021,0.43763182767637665
MOQ3911,0.23714191924235484
DNS8201,0.37299905118402554
ZUI6325,0.41905776939721545
NJA8351,0.5566235925767979
ODB5040,0.7970305648748542
IPW5152,0.636395234574078
XZY2224,0.5487395672017088
FZB2992,0.3176030885622697
ZRO4379,0.5779231906517122
RJI7678,0.48143453471834385
LVN5225,0.48261160235914885
OYF4788,0.4587806723466177
CIS4067,0.5957197884094829
KIR6566,0.33412324135766536
WRS7799,0.25015270220901076
ISB9210,0.40088063358191506
BKG1713,0.697374640909727
NIG7239,0.33673434610336117
UHJ2010,0.17659536459045821
SGE7571,0.5957575363910987
DJH7886,0.48385254047974674
TML0327,0.5402206458351855
JSU6205,0.8238666392438143
UBA1024,0.4030399562117386
ZWM3611,0.46716393896327085
AQD1119,0.49621640581218185
UHR8841,0.611768577308454
EZL8963,0.5690973969901618
VEY3609,0.4387122767974728
IMN3213,0.625050596652931
ZFI4055,0.3877240450363714
ISJ7190,0.32768788363849477
YRK0679,0.5137658068226967
SEP9777,0.39388543158891776
XIM9647,0.2631141519981137
IJF2788,0.49123837213331756
HXU6751,0.5224932696096705
LSM8308,0.6010098497744599
FGQ0847,0.48000583978851497
MUT3329,0.2524825257966093
EVW3568,0.5473084021101147
FSK9108,0.40936006512694506
EGK0077,0.7184666942751274
RTH7598,0.5896083231212335
OEZ7029,0.35916008661370386
UIN0383,0.4405310557853215
NVR7308,0.4664367334168894
LFN0770,0.4086379518029193
WYE4302,0.5991471708051783
OFR1250,0.44362091480930266
HVR7961,0.4087840369860526
WDT2838,0.4010305384567059
QER6562,0.25249318067131044
ZDE4635,0.37751428635059836
BDM2485,0.5790156592513662
FIC2222,0.6421453401863344
HKB7207,0.2847195536662944
KYQ7812,0.29780220946766867
IIM0404,0.2617712497319592
XCD1483,0.46375661597079654
AVJ1401,0.4546482513527738
DZC5973,0.8439401994704477
APX1161,0.8272223908439829
GOQ0389,0.4092178540160931
XAE6247,0.4855280953250368
AQX5762,0.336007911243019
BRS9830,0.6239823557461733
PRJ3006,0.1715388193478373
UBS4074,0.3773348472560114
KAM8647,0.3787422135996331
EBX3166,0.4463516873670064
UNT5825,0.3926027733674011
ATV6282,0.35268576730893514
NFY8031,0.5680832060240426
GDC9171,0.08016120064070278
RID8507,0.3968012177628221
OEY2607,0.6880062457374894
PSW0387,0.3311039822991122
MVW4654,0.28687637018263384
EZS6596,0.724788625264757
CVB8449,0.5587162145895306
XSF7433,0.5196445149913183
SPN0794,0.3819029136341465
NAB4031,0.47918785630931404
RDP5976,0.3864999357861213
ODE7386,0.573434849056392
MST1998,0.36511711945938535
BZM9077,0.5611294025242646
DNS0664,0.7318305513815162
NZQ2516,0.5495552629315231
MUT8357,0.6852683774755022
NUL1408,0.3020872922545614
MXT6982,0.36170164216447737
ILD5756,0.32738170415844087
SNX5115,0.3490587578724823
VDE5638,0.4386689711162361
XDT6352,0.6990364980962491
ITP3953,0.5062346752813203
SJL0243,0.24205181217389235
YLU6132,0.7202142458466227
ITV2576,0.2348838196734037
OVU3708,0.4109185868499169
FHX7449,0.3884632769630712
TMT6978,0.39342466804194254
BPN2368,0.21303823390942694
HMT7274,0.5637719418949689
ULH3666,0.17473092666002418
GMU7686,0.4551308843975631
QII9327,0.2800003395931733
LBF3051,0.36065038562898877
ONT8863,0.48507641655879097
ZYP5276,0.556051031611865
LUD5291,0.2714619554490729
TDZ8382,0.2981065757143546
TPG6394,0.44625191312963264
RMR6937,0.47438160847829386
LMY0729,0.45690672687348055
AMC0445,0.5004210854953554
SSB1104,0.7742968730397244
JNF8209,0.4151697835499362
RRE2084,0.6136529060231589
WZZ5459,0.5177149653242292
JNF4249,0.19610691339375927
DBO1637,0.6279405086331191
AKR7639,0.21116329393095462
QUR9661,0.5045190645411433
LUS4900,0.4712972535981215
DNT6503,0.5455998127019488
HZR5957,0.40068666002768505
XWR2281,0.3269220953017119
YST3431,0.5829267784470389
IEH3003,0.22581607132450787
NYB9148,0.7129200211200396
PII9352,0.32556236724169674
LEV9553,0.8353731395076538
OCE4351,0.16971966121237125
DNY8601,0.5223544895073555
DFL5337,0.48617144008659874
MDZ1058,0.19368564100366337
ADW7699,0.2893694846478446
BBX5076,0.46458646969087014
WUQ6007,0.42968945814616266
ZEY1800,0.4594858414397659
JOP6452,0.46974073538169925
KIT4113,0.301232724988172
LIN3185,0.42598802626826837
QHT8208,0.314151021271701
JJM5633,0.4791505962656948
RNT6014,0.5477709149339032
YPM1923,0.6867411021771117
HHL5681,0.19239085352110952
ABP4829,0.327272435496466
IFX0205,0.28018161051597124
UEH3912,0.7309086416579931
TKW1098,0.312732355182074
WYN1877,0.19792139080918092
PPN3139,0.14634268400615436
RUP9504,0.4676664487104927
TFK5517,0.7367961806568466
JEC2726,0.35376999465294523
SCP7748,0.23192906423759602
MGW6057,0.4841219019277393
YYN2755,0.15694466861176964
VNB5918,0.557455763209171
JCG4440,0.5943034525490182
IBD2156,0.28798202791453964
VIX2519,0.4298830519442979
XZT8966,0.7162736030336692
JKW8832,0.6028995875320977
XQR4664,0.5297002244100143
HOS7277,0.5307450793370561
ZIH4509,0.41602071080802816
FZM2635,0.18436078016883814
BQQ2812,0.5639218954899758
QTT1172,0.46721404333018735
EIR5523,0.4287614759009042
XZO0242,0.5496850508217341
AZV3528,0.45718048468654265
SFX1939,0.48562198807070145
WZV5563,0.29271015948611845
QZB7687,0.1525894447624017
FUH8115,0.3954030836131851
TMM9869,0.25068793685131646
NCG1476,0.20135242979574464
WJN4297,0.3526271985337106
RAT4822,0.41418770666740073
RIC5857,0.45846013685437986
VSO0563,0.6277377593939708
VMA1558,0.4775448418072347
BOL7206,0.3740077800481777
CZQ3950,0.24283348629494167
NJU4912,0.5117058901688656
GAZ8594,0.5875927165682582
FOX4419,0.22984360102161766
LBN4213,0.5735971155101749
ADA1940,0.5005139334403922
ZPG0651,0.6511594869217334
KEJ8705,0.15188750790864874
UHB5802,0.25340650958202054
KMZ7327,0.3744181686078978
NJT8387,0.5208873190784937
XAP3954,0.448850792156836
FEL1637,0.6998096027132138
IKV7714,0.3322556171600348
DPZ1880,0.6025303926336998
RGT7421,0.1907527304380905
AEK9286,0.57149512463927
ROM8234,0.4910686747261618
XQX7484,0.5477555658081803
OLH5732,0.3155912066260759
EXQ7424,0.4202790258469138
FVH0886,0.3856204466857842
KYL6652,0.2545057231978147
KTM5656,0.7179156491631269
MIG6527,0.5145454240446
SVR7025,0.42651088045019414
NCJ4089,0.28602805751527915
FHS2667,0.18774477527302896
VHZ2363,0.4372241122824523
OXW0223,0.45051506528958135
PJU5928,0.34781944704383594
IKH2812,0.49578421911914294
VMA0683,0.3772481571525667
TGG9176,0.15130590389722148
NLQ2220,0.36493295008856175
JEG1496,0.6980071817999699
KDZ6336,0.39505031064922175
JQL9820,0.5292162880101408
GRD7737,0.6542075261129392
GFP8654,0.5837174665264054
SDO8567,0.2934267938762366
EZH1168,0.47026765447488506
CQI1581,0.4229558509741761
GDQ8895,0.24452119265585234
YRC6765,0.5871945581278732
OCH0693,0.32449018521566764
DRE2586,0.5028305015819039
EWP2402,0.2904772557515194
RIN1708,0.5358492910871893
LKO2402,0.6541651548700063
RHW2826,0.49323918463284866
NNX9566,0.7196136021473271
UNW5036,0.6702945335115555
SIZ4373,0.3921564680672204
XDX8398,0.2756006243787189
BVY9650,0.41999498887246894
UBZ6506,0.6784372911382718
BOP0282,0.4119672073482644
XIU8129,0.7350647248369402
NYD0344,0.5863091316630658
VVO5031,0.4622197650338352
XHV3554,0.41225191825519625
KZH9892,0.400189802192367
TYJ4103,0.45217911086267915
ZMK7102,0.4631141264083696
FFI0442,0.6749962368562731
COH3368,0.4924913806202541
MID8808,0.6335604015414442
RUV2796,0.4758253397788053
QJK7408,0.34920904710044265
JRH4838,0.3252441481181314
QQX6215,0.5176568091960123
NWZ2697,0.6068160140702472
EZU1406,0.5848734034341063
ZYV2745,0.1943979651586043
SIN0801,0.6550880874070768
EJO5929,0.5376185806498976
KLU4765,0.3184363190075383
KMG1756,0.5239715051362496
XGY8792,0.5323699469552823
TZF4711,0.6157619851206735
TFO2196,0.2968550756897421
YSD2730,0.4039905016405967
UBB5348,0.13174939881649148
JKJ0093,0.2839823356971919
SOS9493,0.41892435887916724
CPV1365,0.3815599590676463
BSO9027,0.716829900429014
XJA8753,0.6615935046823544
GWN9096,0.5359488193822783
MNK4884,0.6589551355244346
PRK6362,0.6189690625012627
LQN5334,0.4211767508718379
OGJ5702,0.49744205584597617
WTD5629,0.43574359469505036
DIE4208,0.508666342435738
GNE5232,0.3742857032867063
OZH1950,0.16333039022706158
ELX6331,0.5443305262763216
NPC3191,0.28966563311405225
PAH1597,0.6952964916982078
BVJ4858,0.5464523665713173
OJP4439,0.24328266537243134
TDR3485,0.5352693670367386
AXV1661,0.38079896983936906
RGG1369,0.6563769020378736
PNI7364,0.29600722211761143
OTI7000,0.5543367632082783
XRG0070,0.2640667361830574
PIP8809,0.46804769152036746
GWY1981,0.21193034733110167
VZI6264,0.34688815445030485
WVO9284,0.5024748884679213
RYX2969,0.6527074161768815
HUI0041,0.3321640202959748
REF0444,0.302306820426261
NCF8710,0.5806351160640388
JIH5267,0.5027032532091481
SLV2360,0.6302667499737902
FCQ3915,0.34843466669521445
PYL7123,0.35253931076658446
HKH5725,0.26199317786487253
XLO3239,0.23788320093791365
OLN1336,0.2918629385647563
ECP4621,0.4638549581683331
KPS0064,0.5807490408841185
CLU5954,0.37483440158985604
UNG6284,0.1928437994564486
VYF7983,0.6028971270194009
URN1834,0.6373208194165643
OCH6913,0.6802636644020488
ACR1583,0.25766884514672206
ZYQ4775,0.14427942788735762
BNU8024,0.1323566972095036
PSC4692,0.4859514269832501
MWK1300,0.7080157193902425
VTZ7837,0.39417799743758947
GVY3459,0.4488192929898992
ZXH8781,0.31017737873202855
PCN7228,0.6002538987585433
ORQ0272,0.22632382955235536
WKW0910,0.4867966216341124
IFM5092,0.4196633406339514
HDJ4116,0.6479979537281059
OQB5335,0.2781454346563697
OFX7490,0.5836317746125492
OOU2927,0.5023756815943731
WLT8543,0.5553811069815777
DYZ0643,0.421744093785552
BHE7518,0.18809238788034655
OTE8834,0.3894416983572045
JKZ8611,0.611000573644688
DXF2796,0.2934679852719072
BKD4940,0.6053763741123135
LJO5796,0.5037693408048962
DDJ7985,0.38184870076303834
NEG4016,0.7486073250883745
MTS4859,0.30062577507904414
ZIQ3070,0.12573885372050528
MQR1484,0.5449006423274978
SPG2102,0.39392216789053236
ZPG2396,0.5810517255711114
BWG1095,0.5119772350690187
IRG5962,0.49516746602518535
EDN5025,0.4602007139067154
TLO0577,0.49739299599742814
RJM5646,0.7364732258192299
KUP5538,0.32539325819491766
ZMH6406,0.5697320187617276
TQI4631,0.7649901984753803
VRA1232,0.23963843132079501
YHS6319,0.3501028739640331
FDR8571,0.39595775158332636
UMU7047,0.2890476487377017
FCY4622,0.6937021716412852
GMN0416,0.6175644513986933
HVO6893,0.5927697171031621
ZWR3316,0.3538702614531932
FPP0788,0.32738050726153023
SBF5209,0.39766285189056827
FCJ4472,0.42576525274083066
KMK8317,0.47571648965131874
YGK4233,0.4042818992268603
VDZ0820,0.5320373358978503
EWA2578,0.530936660095134
API8763,0.28760293625797884
NSQ5830,0.3117712938627868
XIV6334,0.37326342183679606
RYE8536,0.5080339040532359
BYZ2502,0.40663566746237634
CVW3012,0.20780576562180061
XSP9376,0.9140975851734997
DPX6274,0.7207148170445727
YAV7462,0.33175545529659634
TCX1554,0.4907221189120916
OSC7642,0.1357522898634963
BZL4977,0.1689488862147413
GWJ7994,0.5271538554533728
JLQ1365,0.6107569406032474
BHN2813,0.43927597028425125
BKI1459,0.48116025041276617
WBD6906,0.39888657713610803
RNM5558,0.5262389342568957
OSX5974,0.5034911034950913
OVX5430,0.23156981813491057
IJG8643,0.6551018844569896
MER4585,0.6154603837188035
YGH0528,0.6244793828222058
MXN5427,0.34274480987438743
IFD3298,0.6654095510053799
WNY9805,0.7180413815333679
NOL8760,0.3975076760272558
HRT4289,0.5305699564761388
FTM3729,0.403428604127852
JPA1525,0.5038334087030076
AAC4913,0.5292107112570326
GTA1400,0.41965358912290684
ENL6464,0.8136193273600161
CHE9991,0.30871506743642196
XDY1278,0.589417451936312
MVZ9561,0.3216336903999008
NGC4607,0.2233442649925036
BSB1812,0.770082880408712
GCQ9238,0.7637582003607113
QBW1615,0.6245903085827861
OJO8099,0.2531320133543329
OUX2052,0.2621473449164075
MWX6680,0.34726136573158695
AXZ0961,0.3412031718082338
XPN8077,0.5849700873632577
FZL1982,0.4956971552059021
WIC9070,0.5925853451669361
HDF3459,0.433109206336438
NGD0004,0.3689535240076187
TGG3926,0.45943417130667963
IGK0243,0.2309139786499823
BGV2526,0.7562776434781034
BLC9364,0.44068989912062173
OFD7539,0.67288845814351
OAH1823,0.2683967761470835
NQZ4084,0.47979906880574996
IYX3416,0.37614958572111024
HDQ2252,0.5347240900805356
VBY5671,0.39133466687945717
LCW1193,0.4313853306253578
TNU8061,0.4711118433313294
LKL6935,0.28790016078048003
SUS3751,0.4666973814127008
VGW0131,0.5621852544858504
WZM8088,0.5685966816244592
MYJ2040,0.6443006654703326
KPI8713,0.7357774611396342
HAY6713,0.29396089775868883
DZA1378,0.49324426012339595
KEE7365,0.2154248428413042
OWA8647,0.45891718120704383
TUJ0235,0.6548397049285627
ITC8151,0.46982229495879746
IFG6313,0.3641959069009413
MOK3205,0.7289479993622276
FTY6144,0.40319557959097496
KOA3700,0.6958243781075542
PYP7703,0.6140336552743718
LHC5900,0.3032148812507681
JGZ2115,0.43773619033009015
UNI1663,0.2097787466650177
ZFG6509,0.315116360193036
UNE9379,0.26468776211041495
XYH6411,0.24674078174880562
QTW5754,0.8175175689589151
FSO3694,0.6617202059420152
HOY4148,0.31960033131423266
VFR5550,0.4684420553805069
RJC9683,0.4253954141284924
JMP4506,0.8632981468748016
EZN3332,0.6466111362861251
ECU2366,0.5401080277995776
OQI9772,0.5329646912741459
DEG0862,0.10380624905614183
IZU0386,0.43652546939274606
TGE4171,0.37271796554200765
HGU0195,0.5719517577338503
HYW1345,0.13913445156429427
KWJ9347,0.38168489304991926
NEN7347,0.4173124039874464
FWV5794,0.5172789333103118
AME1301,0.534099412893127
YHQ2814,0.4052728663187425
STY4964,0.22109256773367086
DRD8345,0.611172891839598
JRK6366,0.3516574349625615
NYD0866,0.5789979204095975
CFQ2102,0.3011501688500705
VOS7787,0.6603286597667839
ZGN3501,0.4402289639392388
VIU6738,0.3514094516316827
OEJ7985,0.256966858474163
QVP6329,0.3688830885554037
EJE3330,0.16980695750138278
NZV9061,0.42226947144382176
KZF6644,0.5504754575068621
OCA2457,0.7374164834554459
NKJ4924,0.5600875069772866
SLS1109,0.20173083493652688
BID8669,0.213843737468991
AMX9569,0.4648907459198645
AKU8460,0.4183439245426456
RVB6841,0.7259019575728343
BJP9895,0.27482340167022234
NUI4528,0.6173702007071217
YLV9127,0.33486357807411676
NRU0188,0.3958721081929092
MSB7840,0.28021023421186164
OUZ2583,0.8577753931724343
IBB3805,0.7520010366746912
SAZ9515,0.22300973738918073
CVL2907,0.6510193111560025
QUY5674,0.47109915432951666
DGM8734,0.8312293426185116
EXD0090,0.3697972109218761
JLL6388,0.36644219962830704
XPI0088,0.7158566081803531
FFS4989,0.5350256900573145
FKX1094,0.4306433869025036
HOS1189,0.5010192072136549
DMC9213,0.3190110162814802
USS8184,0.5404881675153139
NLR9778,0.6564195418539824
UVB2218,0.31661375040273554
UOY1581,0.27020940393007586
YGK7391,0.5387799255382857
EGA6066,0.4342485834636637
DXI2554,0.47543901267292593
JYQ1182,0.6242303973239366
TJF7046,0.48073824880305943
HBV3751,0.45210412646255593
HIO2881,0.5094837870493634
KKW1949,0.22564581378291382
EXO5445,0.5644620029689764
SHJ8274,0.4497093295729049
PVD6218,0.45104812055752336
GBR0983,0.7407062502498871
QFH9826,0.838075650145536
NKJ6268,0.22123149228425018
LOD1596,0.25829655462084544
KZO1947,0.17586651976978016
WJY9773,0.3024928644546226
OAB1566,0.2496779662105284
ODN6043,0.3443976583241093
LQC3204,0.43551366834382466
FUG0693,0.4284277970338424
FON4316,0.3657195995787885
QRL2739,0.5604188465473636
EUV8682,0.2973152865570058
CPU0483,0.29177471167515623
DBC4185,0.32359422319699616
RHI4955,0.37820146950039607
DGP8509,0.6978862536859531
UTG5131,0.36476973589488504
ULJ6592,0.5986794579491651
BBE5979,0.6923513347322251
BBR0750,0.47070347418146696
RNF0523,0.547616834190455
RMX0277,0.578996677214094
FHW5229,0.6590536663047007
JAB9481,0.32816713757633764
PEX1813,0.35114196673381814
KOI3974,0.43655850901453874
TCS4563,0.500385988611658
RBV5707,0.7444354548986271
FTH0281,0.5448198545317371
UAH5815,0.38805584564829015
EUB9838,0.5312594921897846
ZMQ2617,0.5408482412166213
PXN4987,0.5879468406313624
NJW8728,0.4306310203970709
NSF4229,0.3249609943850935
SXU5601,0.545852539613557
WCG5642,0.4488751369791506
IWH0066,0.2896336510829707
IZI8962,0.6912682389523241
ZXI3114,0.7097686573572747
TRH0877,0.36250548856514964
DWS1156,0.2923547862378734
BNU5172,0.3370810147658968
HSW5481,0.3223085943563595
KWN7089,0.5104727141521568
LFF8505,0.600501211770953
GVX5582,0.4842522012878637
VDU0832,0.4916318367584628
VIJ4798,0.4911980992984448
YMM0458,0.28988882565552565
OGB3564,0.3735071234202213
MEQ6866,0.6365596827784548
AOE6958,0.36982072119171394
VEK5561,0.24383144223536307
WLL6206,0.6274069616702928
LNR3498,0.2982127520845256
YPZ7612,0.69675909665402
GCX1531,0.6215015966029345
TXA7847,0.5267378049496598
FJZ0116,0.5400380774463007
LJZ2683,0.4819523769251478
EIM7860,0.3317322339974107
AUU3823,0.5829307388542089
CHX4581,0.6886853523976433
YRD0437,0.3532462556435774
DAB0671,0.5224916069359442
XDO5057,0.4450095803061773
ZKW5475,0.5499994829682204
CGO7243,0.42581442296023647
EWZ2252,0.6050659426603251
BWC2297,0.40747774098588485
HVF8197,0.4055557798925705
AYH9061,0.6181588515535608
AME3933,0.18331981211237092
XNC2032,0.23397724622905192
VTH8783,0.3171829664726993
XCY4881,0.385645766379207
GSJ8580,0.33701087182685385
WQQ5955,0.586779148106521
OMK1405,0.7200399299262631
APA3758,0.2843646119597001
LMZ3692,0.6264507308723362
CBX0707,0.3224562661858371
HUD3876,0.28792311467992726
FRU5905,0.4410838214363605
PMS6526,0.7781015939687925
ZXJ7471,0.48599832540133153
ZBY6746,0.6519991702962646
NJT9868,0.7386794054947541
UVY0564,0.1996694969893845
SKW1143,0.37471760706394897
ABG2525,0.4046812382867895
UFU8390,0.6727949598071148
NGT9960,0.5639882191705163
ZRY4907,0.5449311234069231
BGA9143,0.3691512307043082
SBI9198,0.40339069498475744
TPZ2821,0.3387198432009552
ZHI2106,0.4879267643387408
GJS5356,0.6971066207776015
SAR1513,0.48501724101662064
CWB9113,0.5395556821869998
XEL8841,0.37033717100918573
ERY3718,0.28444700658822464
RJE5240,0.16889887112630925
QJG6699,0.5633005290651923
RGX4351,0.6090629523385593
KOQ1552,0.6304095524691065
DFX2670,0.23837873668463147
UTW6638,0.5100895094484754
PBX0575,0.5862901553678566
DJU8355,0.2688102421042684
OBM5317,0.7359401231421515
UHI0457,0.32300331593970266
CWC8353,0.671076656411653
GTN3770,0.41284110683350134
PWP6352,0.4396359819058824
BVD4367,0.23127240494300927
EZU7351,0.5607749826594288
LMC8257,0.7113184822785805
WXD5973,0.567710526350967
BQS8990,0.433011005754229
LZL3343,0.37162523752310206
SMQ1462,0.5078838074270404
TFY5736,0.4941321444100425
NEW9673,0.4792037068148645
WTI0208,0.735913177558797
GOL9753,0.6421159477731155
HRK1159,0.5237366074350648
QEK9330,0.43874251956315435
RXH2280,0.3461819810749557
ZFI2141,0.5362540629937551
FBP4085,0.5828402860047117
LRW6457,0.2585783943589743
MSA7617,0.2315905335065695
HXJ0847,0.3383665731215847
FNI8232,0.2400907568872356
LRM8286,0.6207468304472414
PFV9823,0.17798429884065153
JCE3764,0.6739070698853042
ZHX8548,0.5505160066440318
QFC8467,0.45017782043998816
VNH7366,0.6305506579628168
DGR6762,0.3122476248194801
CQO4483,0.3535701184181208
JRA4800,0.5791857388768158
VEL6171,0.5438975101406449
ILO6000,0.5546491751476551
UGZ3030,0.45265212608703165
BSB4917,0.38258530060203894
THD2413,0.4880989985031855
CED2110,0.5569748169946966
LOR3260,0.2723803800950362
SIO5381,0.5668550982154371
AOZ0664,0.17729067557178865
VHR7684,0.101465859385608
TFV5435,0.6046340355683055
VNV6240,0.6792472923201569
VJM9383,0.21972141712548676
EKP3156,0.4750258111567123
CKL4208,0.7741863207968471
QMQ2073,0.19556184593487771
ODP4214,0.5664545716786471
EMQ4270,0.6959393004813283
NCO2846,0.8280867188538281
ZKW4912,0.581648953945603
FSY0685,0.4088217845812559
PMV3303,0.6589478012567684
MHM7359,0.30413402681999435
AMU5446,0.706530330652106
VOP0406,0.27728463194465924
XWN2574,0.15044549169060278
USF3234,0.32072026763677586
BWZ8496,0.7124595688695873
RGY4012,0.23764956238679114
YQH6242,0.6114929006837493
NXM9286,0.5997703188665753
VPK3577,0.4188437647774734
ANQ2382,0.6021645404728067
CXF3459,0.40604076217556795
YYD2813,0.3912305665541707
DSE7516,0.30260580205102383
BIJ6208,0.5089098629174098
HKR9614,0.7756060332391199
MBY2881,0.3389746455998338
RNM1234,0.21252247932078672
CVF5149,0.7308819879024925
DQT9935,0.6033091967478984
UXD3629,0.16252433208847125
ZPM2559,0.4283543001290178
SUF0190,0.435153816254521
UQC7394,0.6880810099974872
MLL2713,0.2630571496863904
MVW1001,0.3416652300998743
ZOL0937,0.4184311377466348
ERS5113,0.33918703931632077
OIQ3452,0.7041278776588202
KFJ9679,0.20714771107953414
UOI3318,0.6531613338651974
TIL3217,0.58462782615997
LIT9079,0.6935079918629083
MGN3958,0.45811949704262905
UJS5723,0.3322136989170975
NFP4748,0.5257939306298853
SBB7768,0.6288062916027204
NBT7826,0.5645497942193871
XTT9899,0.5841551132371559
DHM3901,0.6382670455330883
UBU1016,0.6335089567475756
QEO5046,0.5250044443116548
YQK8315,0.3351945215709278
JEM8731,0.6996103316812102
TJP5066,0.4929834907793357
ZJU7735,0.14392868514108526
SDI6080,0.6570173084465548
CZV3482,0.7408478522696571
PQX5630,0.6118362766356505
NKZ0214,0.4526380931092207
HLX7206,0.38017145087453896
YZX8841,0.20107613846609748
ECQ2509,0.6509195255977328
MYL9728,0.6016472115845979
XAQ8230,0.35996088640341517
RKG9466,0.7569386714082642
GFM9961,0.43347015974714875
ECR8128,0.10449576040288294
UUR4860,0.3661696202742912
XFW2308,0.24685662893960103
EGP4520,0.4721651839391965
KCR3281,0.5677519260036903
LBZ5822,0.25319414211758196
MSP5345,0.36952407686483857
UZX5829,0.4957189840142193
VLK8520,0.6776043193387409
UFA7337,0.32164119278023007
NZL9708,0.5057166172467029
NPS8684,0.5264011071760704
DAB4074,0.4650635194621441
KHQ2631,0.2748832861404029
LYE7723,0.5141942830165173
IGH2607,0.8370346782561109
TAI1258,0.6205371985409969
BOM8677,0.3785491482663601
RIA2278,0.46669574994629115
MCP2020,0.36812500160126954
DMU7521,0.40743336817246023
OAN2005,0.26977961720377963
QNX1018,0.10757690225149386
PIP0182,0.44216199712727927
GFF0570,0.16562741499164302
YXA8986,0.1814442037861363
JLU8438,0.4261192485946469
ZYW9004,0.4014807858835018
NFM3278,0.39719554532221923
KIU5533,0.5067012448886365
FBW2168,0.4336565296999132
NPG4374,0.2151362137173204
FJL3478,0.25642627289662556
CFC6920,0.5083778461873931
YLG9645,0.5350085743948261
HQA1719,0.25383272420230296
AWQ8996,0.2522206839230062
ZXA8304,0.4399936262688067
UYR1714,0.5617122426906551
IWS8403,0.4260791784215659
BGN8123,0.5691664013225659
JQP2398,0.37225619564550105
XBS8326,0.312791719153139
FNI7163,0.5757502674913483
SOP6458,0.3743443752672217
PIF5803,0.4429654579334429
MKD6010,0.42404404478962565
FMP7211,0.47498721166185853
VHF3016,0.1795593420380976
IWS3982,0.4447636827888494
TQQ4585,0.3551291131763164
ADE5557,0.28170249401053227
EGQ3082,0.5117701245124993
HQD0501,0.4502200706108226
KMK3923,0.5409179457580668
DAH8950,0.34033133455548414
CYI7850,0.509696658269146
LKI8677,0.37093578727860077
WPJ1514,0.5194311054672089
SFZ0122,0.377477925050326
FHA4722,0.3039087616969288
WNY7098,0.5824176773154449
UEP3307,0.45906579942690573
GAJ4574,0.12955447706120915
KYG4754,0.6165987552238088
BCY3028,0.4593010645678092
LFF1558,0.3467507277463387
YBS7007,0.47225352260980047
NKO2158,0.715213422393365
SPX9613,0.17221238480339432
NON7604,0.6517051035342558
FFN7247,0.5298535094940662
SQG1697,0.5191419571570215
YDA3984,0.24672439240908814
DFB8435,0.4728700159796345
VYJ0443,0.27305167329441093
VCP7262,0.6964856929059542
WRN3435,0.47797312573000805
BTT2446,0.43476513904563996
LAH5377,0.4269787289251997
HSW3806,0.5154405075808326
HRO1928,0.4629879908761902
XLU8146,0.34524740272514165
SIN1614,0.5249595775505853
BLN1988,0.37233108566138995
XHK7418,0.32352066833002757
ZCA7979,0.3116637612912544
XLB2047,0.4309351762456167
QAU3695,0.45450544892615785
GOG3970,0.49525076805149015
ISN5239,0.27057009749466854
CPU1536,0.6768259138996648
MKX9001,0.38955069504582684
KOR9892,0.35078508758255245
NLU9073,0.509997340301815
KIU5875,0.3359175293932114
WDP5238,0.7007694159419957
UDM5755,0.5949527040974565
GUK5794,0.2930845227896838
FYM8868,0.2963554247278685
BHK2487,0.5616009929331454
ZRG1286,0.7893107883870787
XUH3076,0.4779301444894326
UUM2341,0.8385988078929889
ZJX6721,0.5175498934759382
SXV7548,0.5756582922089699
ETL5828,0.4076705167708625
YBV0249,0.6926310677809144
YWV0248,0.6640821663392078
LHV5651,0.4772685617049508
PIJ2107,0.38788818229650734
BAZ2922,0.44979957254630787
BFN7414,0.14157897199480818
LCJ4382,0.3793206140999499
MSZ7963,0.8409838556603113
LLQ7511,0.5173081428269254
EZQ8929,0.3905039715039581
EYW3271,0.49235915975296385
LUR2550,0.6977928004806214
KWV5171,0.38805070595797314
BJP6002,0.6010762000960734
GAZ6352,0.45481182985504964
NOE5899,0.38463457388490774
GSO6330,0.28935879440671575
DAH7009,0.6216648919399994
SLF0607,0.5252667600412184
PSS4938,0.5241704916223295
YGX9689,0.39430210619350514
BYQ1680,0.6661370510502782
NSD5065,0.6920184953761106
SBI5104,0.15654340437491132
URW5994,0.5352736922755348
LPU4091,0.48110634643477124
UVH6494,0.5237139748074621
OIA6408,0.5503500540116524
KJF9569,0.43370855710324085
XSB8188,0.7431583343270703
KPN3155,0.513052433174818
FSZ2003,0.662510056095587
ESE6389,0.42667571533147797
EQS2051,0.4300712084012597
JXM7806,0.6051303358640845
FAG4187,0.19642928858041322
PSW9861,0.3330685070205085
ZZA4074,0.28690961859771036
HAU2809,0.7200991437093067
VPW4006,0.5286333812211561
GEK2385,0.5555943203870404
PSK0074,0.3892837948843629
JDP9071,0.5841539311183694
BJT2367,0.6266527195591175
WZL3394,0.20389752721905033
YMZ2832,0.3006470083818331
CAV4415,0.27074438362022324
IWC6782,0.640435111206285
FYS1072,0.565400239519976
BKO8859,0.3655786586791401
XPA1096,0.17598773515266725
UTK9333,0.18363593494365615
JUH0752,0.6095208596826702
CWE4540,0.6067247608034718
GTT5772,0.4933247755764401
NMS7261,0.4554006925202654
NFC6092,0.682577859442993
SGY9017,0.3296139852752867
IQE8101,0.5951075008941413
SCV6718,0.6913299579328911
CHG1677,0.3605207264659074
FXY2129,0.14661117183720368
GDF6179,0.7465731334315967
VLB7065,0.6477084998011821
HUT0035,0.6267214278281533
CQT4321,0.44028890950685085
EJC5633,0.45614066732636727
XFS1411,0.26902370063858516
SZP6865,0.5998159829036078
PRT5108,0.35627478125090284
MFG7332,0.7623534386261637
IES6695,0.21545645937411217
BGF6096,0.3996091884685291
KMX2095,0.5488940606560735
BXV0396,0.5986060429970094
AAS7113,0.4312691573755413
LXU4185,0.36492004391612615
AMZ2875,0.36865308945169695
VTO9083,0.5185150330901335
OYV2826,0.30264020340320336
RVB3422,0.430097116677591
VQL8869,0.4264331071863729
FHI3975,0.5358416731210378
MRT5122,0.6347342331173316
NZT2696,0.5701679699602444
UJV3086,0.4474948108726599
MWX2959,0.699966065867869
JRH4241,0.6407223439348779
WDY5282,0.6591652898837863
PFI9861,0.38112772456447375
NLH1159,0.4059945236504998
UMO9863,0.537753122375787
WUA2558,0.2332344582380081
BOV2617,0.49609615963992976
HUF8662,0.5932995392545604
ZGV6167,0.7659629244219495
FJI7768,0.5292935356665125
NYX8294,0.43952183088643615
WCS2391,0.43032500223961667
YXT8825,0.4049522617186384
UYD1555,0.6331165189234955
KDE4661,0.31401944315466346
LFW3799,0.2620989151996548
BOI3325,0.3746406080741741
JBD3230,0.5422897408825398
XOO2590,0.7005858223279667
VPY3256,0.5100870202293972
FWK6396,0.5224712545667953
AAQ3587,0.3538793345951732
USX9973,0.33080368762760753
ZFQ2099,0.6481111819098587
NSP0769,0.3135515327277274
VZW2794,0.430620488672815
FPQ9097,0.30385336064462387
FKC0825,0.37403157727950603
RNJ6469,0.19298622250502848
FHX5987,0.5680111445081841
VKA7541,0.5241741943700633
ENB5449,0.6706582740589533
PAY7678,0.3860745300669439
KZS3695,0.21310531702532573
WNU0768,0.457474147009289
TJL7779,0.3610047503128879
HUU6061,0.8116006439080432
GIA7202,0.3028598117401886
JWY3275,0.7379881407612108
LRR3413,0.12684597586843857
PSO2484,0.8580626742914952
AMN4190,0.42185995107975655
CMM7729,0.4402438723902875
WMY3696,0.21128542663691002
VDS7382,0.31670883513583115
JCU7529,0.36344826839077604
NDV4582,0.2719821716853861
ATG3843,0.575730045468858
BVB6806,0.5950267401160354
OVJ7342,0.5323505471681935
EWF4593,0.41249721064594064
VCY9319,0.2936568416941559
JYE6112,0.6032785294137639
XJZ7853,0.2668137280567285
ICI4338,0.33379733404407996
XMZ0098,0.7446904953361341
GEE3464,0.36287587777226027
WYH5383,0.16997276283674015
IOA7460,0.543069792038607
BGH0751,0.258397043302639
BZZ8446,0.581618581775749
UAL3684,0.30054885703536083
DBG4584,0.44999046975632584
BNH6408,0.2120598271499739
ZIQ5333,0.6082386630552705
IVJ7741,0.6740148214523225
NTP5344,0.4543065364017165
GVG0103,0.41790037123518164
YJM9336,0.3822758646482911
QFS7363,0.25488768458310207
PDI2374,0.6391044806488535
KXT0789,0.33886681533845936
QFP8139,0.20290400712514578
PUN5266,0.4273446100770957
SVH2177,0.4054786072075629
YJR6111,0.4044262425441102
DSS7133,0.5402296045762567
NCL7062,0.33201230410709814
AJU0855,0.4028682380981524
XPK4890,0.6545132001071361
WIZ9924,0.39655911404121524
MGV2706,0.785194309208941
WFZ7199,0.6916870051087571
DWL8248,0.3554881450421135
LAN6798,0.537573757487879
PFP3113,0.659601055427071
UXE5171,0.42420141531848976
BWO7771,0.7403199705679906
BCK9106,0.6233964729483179
KFE5862,0.5752917805714948
OSV8609,0.5994691941791863
GBW7920,0.7420933471831264
LKC5945,0.7206565020527127
UGZ4314,0.09100581922328514
JWR3503,0.18459561019193244
JQG1138,0.4848501541845049
DVR8493,0.455745504305194
JOT3091,0.6461897637195559
QUF3899,0.7333502047338903
ISF5324,0.37599882511393745
MEC7902,0.3878683198550097
JXL4357,0.39321811949241486
LLR5129,0.3134762622466579
LLX6667,0.5472196631441534
WTI7122,0.4869970888341605
PYY3836,0.26708321077685515
CWM5708,0.5554874341627183
ZWD0729,0.5635765812957803
AWZ1380,0.49341701472105953
YUY9265,0.5732813365678031
ZOP8692,0.3237962343989659
LTZ6008,0.3693726086543365
IBA5631,0.6791207689351837
GEO1078,0.38383371475996836
MTP5467,0.22351420770556607
KFZ7463,0.3206969820107613
ULX1591,0.6475568930275268
IGH0605,0.3476554648819712
QMP2561,0.3285529428286903
OPY8179,0.8020287464099759
ONI1797,0.45491386666214934
DRK4458,0.2670903979800368
OEJ7372,0.49802911040160264
GOS8120,0.3517362269215609
WPR9475,0.7038537612923672
TQS9197,0.5984857274271675
KZV0779,0.31622560285098134
HYL5313,0.28784414410892833
ISD8532,0.723839489418808
XWV4369,0.7110178724615419
YBN0441,0.5831547675492001
XJM7641,0.12979083317994206
UOL9545,0.315574057070626
GTK2540,0.6618979447608908
OIV8849,0.26864285976954894
VEL5401,0.5211810236489981
VON6500,0.745480462491732
QXN3582,0.4263626318754523
KCS2600,0.25618630669652837
LNL3239,0.20264102316474825
ANZ7871,0.730080925188334
TXH4345,0.20077268818033228
IGO7620,0.7293472023087011
YUW2965,0.6738332758789969
RUS8416,0.19004928172830607
DHZ2877,0.7919145183685629
CGE1904,0.35883162725850154
DJA6086,0.5140915174382787
JVF2534,0.6441812730922731
MDR1905,0.6801693743248611
FDM8444,0.3133633983345869
MYR9045,0.8686516897320511
CHH7599,0.26964702741188273
YKM3043,0.28435321701784977
PCX2311,0.42503811240387557
BPP3429,0.4428380944963709
XLF7396,0.6957548753160716
QVD6861,0.49005439082869123
EAC9541,0.39552365764586567
JNY0669,0.8041984851583397
CMY7360,0.4347658142800233
RTG5042,0.7109595090709759
VPT3891,0.2302939461288569
WPR3809,0.6117694661048438
EZG4620,0.49047921996418964
PVO0967,0.6293000413574392
APS3407,0.22466610448355462
EXM6711,0.46295465039438466
ASQ3605,0.4982609659265316
EMZ9496,0.340298380453143
PRQ5952,0.7640321575576081
CSV0355,0.213854315399707
OWR0811,0.29410415210575674
STE2994,0.5010658541500433
UCX8064,0.26275201801441533
AEO9747,0.4055279947117737
NHE1342,0.4468335157139916
FIM2448,0.28643381529916984
VVI2122,0.3754421309659548
CHU5307,0.30053155182055513
VGS2219,0.646178329344536
SKG5089,0.43286141430084035
QZX0534,0.329971617451954
KVW4203,0.4230078601339812
BTY4771,0.5365205476442831
VWD3593,0.6640015198955349
EGA7849,0.3880231621242489
NSO0204,0.39995177629378975
BII3399,0.38410583143206956
DIK3381,0.5249769119444483
ZAD0002,0.35531562958355556
FZR0923,0.21311384049918008
KFJ7839,0.434119065394256
FDW9073,0.5290704428935454
CDA5025,0.6588957037349663
ZNO3134,0.5289426692098407
UJR5843,0.6727425385058212
BAY7500,0.5845364165826611
LBK4717,0.6398071281633342
JPW6842,0.8156223990717392
UTN7073,0.30447534324319997
PLA9363,0.4140128619336775
BHU8373,0.6545198571155817
VEL7874,0.5229805247211898
OWV4701,0.6488427579317604
YGU1647,0.40995464026137507
DPR2681,0.3748726218161661
AHG3945,0.3529081028285799
HBA6797,0.5045569443760083
LIR6551,0.3836642268570278
QQA3477,0.44550337948336294
RLK8064,0.3579756550147105
FZE9803,0.28948457015998924
XHC4412,0.5486579313049158
KIC5437,0.7004764858056785
UJK6515,0.37503743516241395
WRR8006,0.4932823481601357
LIH6194,0.5340474232144514
HOM9326,0.4108459612729969
RVL6761,0.4362424853471878
OYJ9371,0.4858021495447873
PAS8310,0.6052639175570771
LWP0450,0.5362782944969374
QCO7801,0.5355889631785679
VPB2229,0.24285380385639477
SFD0686,0.7028165784716442
PBN6180,0.47567805124863694
OFV4378,0.860782690060387
RJG6648,0.3985915595786438
TJG3580,0.4242329848527526
JMD7331,0.6692557324114977
ZVK6303,0.3245082312611095
GXN7069,0.4549159154427209
MVH2014,0.7836957022280369
DYT8927,0.5547021164759599
NBL0712,0.9093533790676709
GYO0155,0.4805689507367854
IAC9902,0.10790984999401837
DCT4033,0.7672421345927545
QWI7337,0.3872999537224544
TPQ6194,0.5030535697365963
CXL1729,0.38396059394895654
TQQ5065,0.15304081421528654
ORZ3223,0.413261554065118
ZJT2723,0.25458939584336093
GJX5455,0.10884871250464848
GAJ3499,0.35531078347582246
QJA2746,0.5985093272793893
IPN4571,0.5268340829350855
THG8073,0.3857071344626263
UPD6273,0.38746848155659364
JYL9827,0.47520016559740386
UQX7522,0.3902706332614798
RJE7226,0.6410942245803679
PXO0226,0.5503996250267282
RVA5201,0.5359678552462888
AEV1617,0.5258342665744404
QCA6988,0.5987929515054558
BUP5917,0.386414305460807
EUC7877,0.21937245338963843
LMA1495,0.4993565814730573
DMS1343,0.2702718833901552
BEY3736,0.5697868144319719
REI3559,0.4136105921677139
VFR8526,0.5860120765155249
DXP3708,0.2904764985534013
CYB7594,0.535004184442422
ZKB0497,0.46364135771422693
BXD9603,0.43437461230541397
TBV3936,0.7217009048906398
MEK8872,0.5656607388127377
AXR8386,0.38242561652791796
HBK0550,0.18941239606468221
MYM7993,0.1568301338503078
BFP0803,0.5345340829240319
OHY6574,0.2865142363114273
XVS7344,0.4476372827075765
FWE2319,0.5734824014704203
GGE4068,0.4813714037569653
SFQ5356,0.3886725650385304
IUR5201,0.3501193268709443
HIZ5925,0.4539665771918435
FLM9708,0.6121339813872197
LCR3080,0.5626623067624544
LFV7294,0.29643771463840807
GTV8967,0.37987470190440775
XIW4088,0.696338756835391
PDB5618,0.5616677404116188
IKW5382,0.3154076106410021
QSW5028,0.3317130271966968
PQK1609,0.3990348455708479
KFA3706,0.4724656699948576
ROG5869,0.33724842173944236
IZB7057,0.6442342181743289
UGT0576,0.4583711209560024
IKE6341,0.3501241671535924
WFD0657,0.3357433760645602
NRR3437,0.16120333336913628
PON1393,0.673035245843476
IKG9157,0.4557581152359307
STA4873,0.3794794175760044
FGT3217,0.419596320191875
DPJ2630,0.3541110755616459
XKR2285,0.37822555115656126
TGU4244,0.23915801765398298
WXE0371,0.8230400197005161
SKV1611,0.5622239546111979
WEM7796,0.28001299273681995
HKF5825,0.30727009219196644
MMB8694,0.32534551182718385
YSC5977,0.4850697688842378
ALD0226,0.48882398249060593
RUJ1149,0.6872531411285564
BIT9596,0.4417556456018527
QDY5235,0.4426976675343837
OBF2010,0.4719295705567901
DNI4141,0.34526734429148936
FIO3277,0.3738647102227911
EBU9897,0.3895154383467233
JBB1038,0.6905949758865086
HOK8117,0.49290516065167067
ATI2837,0.5602519935796535
WJN7406,0.22341533308216865
TBD3532,0.7476112791772049
NIP9564,0.8408435126098164
JFT7708,0.44386162921386935
JCX3888,0.704545631517399
ZJT7098,0.6756034507893955
HMK4154,0.48990871644358147
UAO0030,0.27151564813817053
VUF9010,0.44127866045822
DWT8749,0.6518795534592936
IZG9580,0.393947642624603
NAV6508,0.2961843450367706
PVN0440,0.7563266320898497
RBV2680,0.8236610935493789
KIO7475,0.2081884393408931
QIK9112,0.3625768594650536
YNP7424,0.3417124145383945
LNP2526,0.7740708233712241
JSS7069,0.6167257125935686
BOF6549,0.3409098011097628
ACZ8821,0.45143835673524035
BDE3165,0.7263379466004598
MHK2146,0.6164088633522786
CFC1014,0.7099518283785666
NVF3938,0.4844005194625511
BKE1559,0.3396836248265821
XZY2744,0.27027665132096157
WIA5017,0.6650394631087175
ZIX2511,0.546030089434551
WGU1584,0.42957719330907307
HMQ7762,0.5849096083075946
DZA1512,0.32672676906286896
BZT6517,0.7736101015868464
LDX9294,0.31289423680605954
AVJ1407,0.675105219052329
LVY1540,0.21204725890828602
OAQ8445,0.5874960337364122
IER3992,0.4319231471286804
GSH7565,0.22499140887367738
MZL1445,0.5427204245920763
UTR9251,0.3074515424761696
CWQ8289,0.6566254862678663
PKY0579,0.38396110746902734
BBG2676,0.31901516550987685
FJE1300,0.48326072201172177
SVU4532,0.15674282770857362
HLR5621,0.32802348578362883
ZKG2634,0.42956570665056704
EMJ4291,0.4891334319556532
KTM9004,0.40630609674111695
FEQ8164,0.4621668025986586
ZXH0943,0.3763630370535122
TYU9186,0.35834111070060815
EEB0624,0.7750770986164108
LWQ9693,0.2877944232022024
AYO6751,0.4776373342453666
MEM7039,0.6812603154469066
XCJ2719,0.3628565279080034
VBI9490,0.5216386107860096
JPN6438,0.4447533952177036
YOP4022,0.2755403419027207
WIE1670,0.31900298593116866
ZZG1279,0.4738439782952301
IBY4892,0.49684237889957444
VRH3683,0.42577185888083213
KTV1619,0.32709628860190965
GQB7094,0.5818228936882286
YCU3371,0.40162839766799463
DTP4491,0.47648384633984464
WIV9796,0.4064708758178237
MJI5663,0.46334362096025
WCR3433,0.5678173871589597
VYN4221,0.36409574459782057
HVJ2795,0.6277691608762901
WTT4377,0.22178471005517533
LDS2388,0.15601297626422747
UTE4496,0.3611481963252411
VJY4583,0.5746830185931404
LSA7964,0.658287544361948
BZV3649,0.36935428706808276
LWS1272,0.45679217170695885
VLH0947,0.3179060217057377
ZVO2998,0.24126681819172843
PBJ7693,0.7786898470157504
KQH2058,0.38862783497412556
ITP6992,0.6851803675298129
WKQ2030,0.40752593443221785
TKJ4454,0.28255437978438125
MCT7093,0.32070734243174226
LQQ6326,0.7582143917313158
RKB6395,0.21823232556494696
ZAH9261,0.528097166729822
GZI1127,0.23923209595319556
CVV6331,0.664925338446984
XQA2811,0.4989528009071335
SYI6054,0.6470835087524298
AMY0655,0.20784623839348715
HZK4281,0.19312215812907652
WNT8145,0.340328637939378
CCX6236,0.7384062296685359
OAE2016,0.23756063716376802
HHZ0542,0.35144713515522125
DZV5764,0.44139272338579905
WXR4271,0.29347705521025214
NJL1519,0.5954415620472994
ZBX8960,0.3148091535033054
TCO1239,0.8067874410394931
IZE0277,0.49868244842246406
WXK9583,0.42163373595502884
FBE6451,0.566624843620956
FTX0418,0.3789252990168976
UVJ1190,0.6067152803300585
ZQD5170,0.31025952427905346
MMG0954,0.224294085402834
QTH7652,0.47929956187228717
EPL8454,0.6783963763393185
ECP8252,0.7356495097833982
ZAU0784,0.7892070582897597
ECW3835,0.6601878945456441
CMS0318,0.6706828820216342
WLW5649,0.2837069970057996
JHX5386,0.5682306733783227
PCH3333,0.5876734558166217
CJD4090,0.3137286307984991
ZHQ5954,0.6505540893059283
TFC5723,0.5172173525448449
WRQ7331,0.42249892144811485
KAN4912,0.2792800770933639
EPD8279,0.46329854798147874
PDC5099,0.6357505931401806
DPY3938,0.39778398900822526
UDO2330,0.393868061727906
WKK8778,0.4060482024988427
KJM7083,0.47541474515407356
DCA2616,0.36198817949329987
XEH0275,0.2693913712841118
BVJ8088,0.466362819811677
ZAQ8758,0.34164066139053106
HRF6526,0.583902361708901
QQJ4189,0.8191874356631144
ABK5848,0.7329576032819263
OEH5253,0.7209959863928102
FOT2445,0.6151673592201035
UXU8867,0.28487860415941946
HUX7982,0.5089595699556516
SMV5436,0.7210058424476288
FBQ4481,0.23779633268883257
IUV9080,0.16354854635909727
LRN0740,0.5012773865732417
CBT9092,0.5960941209941684
CQG4678,0.43375999914672536
JGQ8837,0.18779504572234915
RSE5980,0.36728588244542026
WSZ8728,0.46785367669003064
SAD7889,0.7597584388478695
DPH0398,0.7749156774192684
UQR7067,0.28853188194408785
UUY9624,0.7713077703259532
PVA1710,0.8080295251769938
BOT5603,0.47474781370851127
LWY7653,0.3615591299924519
YDH2973,0.45003382412514215
MEE9924,0.5391991700588639
DFH2841,0.5372302264863328
JHI3131,0.4086517543226894
AGP6903,0.3997156738590477
RSK5328,0.3828019495721064
VWE4596,0.3771408554679049
EVB4879,0.31931396060300754
QHA7457,0.7379539864476906
BTH4717,0.6930132561853275
ZYR3814,0.4200689731052465
IHS6850,0.7020576660831828
EBB5326,0.33470588319539807
UOC8757,0.4774768444885098
VGX1724,0.46345168045443413
ZZW2620,0.3682498518821966
WGP0738,0.351667742181781
NDT9688,0.4531705207759349
RDG5759,0.12978337620937513
MBZ3219,0.5581467340884648
VOA2778,0.29002508888983275
TER1659,0.39612874864923997
CPG1677,0.38428820897810084
MTD7705,0.5781758097700394
TXG5920,0.49322277249794355
MYX1390,0.5360772321714351
XMW2906,0.5218271359559836
NVX6011,0.36015736578313556
LYR1389,0.4811858828984915
ZQS9453,0.5239683826268438
KVY6771,0.345642956699325
JQP6097,0.38283544065248365
ADB1236,0.40715672589923196
FAA0655,0.3448180230489738
RUP3785,0.4606396301443454
VTO4977,0.3724159733100127
OWY9257,0.4286300258871316
INZ9599,0.3294777856015547
UYV9434,0.3654228992498008
QCN3988,0.613557569218554
AIJ4474,0.31086085877835845
GMF6125,0.5448534465955174
RWZ2877,0.5482497224944978
CVR4043,0.3943525148443632
RZY7054,0.4191217273471822
QPL5273,0.5778824643308631
KKO1796,0.7815172007054919
DHQ9595,0.6943112425612822
OUT6240,0.20673081683362596
LIR4665,0.38386565266972705
VBS5912,0.3767889207795689
IEK4502,0.314819155322343
FYA8853,0.6117028017195236
FOH4659,0.7924616303550648
XNC2504,0.3608878420906018
SHN6071,0.6602595699147031
FPE9638,0.19469989778319755
MIQ2318,0.3779108393201689
NKE5145,0.5652304359954294
BNP0383,0.22455127612081985
OXQ4019,0.5275542198194398
QLG7535,0.2776495446192109
NFG2213,0.4059626685846609
EWY0202,0.607097871078065
LXZ6473,0.6555085470276707
XLJ8555,0.67114805479963
EIU1933,0.5867209807717264
YGT7289,0.5290477254193503
YNB7874,0.4884800553210077
NTW5371,0.30394130816463305
VSN3165,0.43201380260694616
BCO5595,0.7768499023757175
NZB4891,0.5543534406416519
UTK5485,0.574145602141934
SZO8539,0.22291006554186346
DEP0199,0.5325214814531156
ULJ4832,0.44538927425294716
NLA4883,0.4553446238493038
ISZ1044,0.3715992262583282
VOD3596,0.48413940116727694
PNU9920,0.1639007545106137
VBP9681,0.5930446281540654
UFA6698,0.3147822767835044
IJP9499,0.28741321485121263
FDY6857,0.28429544826608083
LSM4366,0.28412049747805124
BSH4545,0.3272078083130371
VNF0492,0.4640519010300438
NRN3248,0.6570830199232774
CFL2795,0.42470421868367236
UPY6262,0.6907585583200594
JWA5753,0.7125603300380443
YSL7643,0.37364974436641124
IJE2413,0.61050446717687
HMG6508,0.5518933922645851
OND1652,0.6015229386972247
RCD9204,0.5584744157679066
CVX3958,0.4865233326146823
SUD2927,0.4669736301368848
ECC5428,0.29399321235190734
VVF6053,0.6648356656816079
ZUW8629,0.40563598585943006
QCW0913,0.48151623989719616
UCQ2988,0.34683457696839237
VTI1308,0.3862002202722977
YPL6010,0.5484971664228815
FQY4754,0.6641228207423459
IMB0115,0.5772544101788935
TGG0560,0.46849950382113303
LOW8153,0.7412580113370076
PMQ6674,0.5472874505525167
ZFY4122,0.35465487091541054
GDB4295,0.44107878797733147
IXI1781,0.37790210848638633
VJW0795,0.5688136528834019
VBO9417,0.6400731867579741
NBE9866,0.20314775040510674
VGC0338,0.4541672669237755
JMS7867,0.3089993772854662
CSE8479,0.32430163848261195
BPR3060,0.8040301093860149
SWM8178,0.6443560878838241
ZAW6991,0.2702685257877482
GZW7919,0.45284204759499586
QLK2483,0.5481742954292965
FBN7235,0.4987154663512007
DPI4700,0.520709607848931
JML5008,0.5528231053607321
EWV8051,0.5928640810622663
NAY8513,0.4184576372476697
GKN9646,0.44820263261552834
IQF6763,0.129817955999947
QLJ2322,0.34798465268794965
EGR2384,0.3508021276716713
LDI6232,0.8835915803156267
IXP9686,0.18311806583533202
WIS5869,0.7571669988385217
QPG4120,0.6705629622655278
ZFO1888,0.4876383770641317
GJX9033,0.252202080210239
HZG9332,0.3589690102509061
RIV1782,0.3762675131629982
ORG0034,0.4325483746135968
MBO0090,0.6180786730095149
JCK6531,0.156207024526838
VYQ0919,0.6932325011659891
TOC5703,0.23475012564665249
CHD7768,0.6155632071844748
TZO3960,0.2643206680400149
KYP2401,0.09451259095964565
GTU1888,0.7230664760205123
LVV0631,0.5096577414984981
NXY1801,0.42762931506287394
LDF0276,0.8322054616318038
QCD5470,0.7265981595026698
XGA1603,0.37747009578576074
BKD5139,0.5936348142561696
RIV7224,0.7140207222303693
HAC3956,0.6736331955224825
CIX5564,0.6756270391235187
POL3249,0.7366882865427649
NVJ1952,0.5530835060713764
LJP8831,0.5953147929893738
CMR3851,0.4465256030404158
BOL6020,0.7749312463911404
QOT7252,0.41923128797393805
SET4895,0.7258181950959044
AOM9004,0.15114374131022146
WRL8060,0.5007646040126079
YRI9524,0.3046860504556316
LRB8922,0.5381270476649578
NCP8644,0.46746614494516314
WTS4018,0.3219554199655895
DTI7426,0.4290561998523961
ZGR0098,0.3809753000431471
SAD4571,0.29530836662170934
KEF3478,0.5874146210694362
KVP4733,0.5445366678991372
TQW7158,0.4824265982869255
VBW5493,0.5277374444191233
MPB0399,0.21261858387134436
BYK7045,0.40359876023215246
EZV1040,0.2965020006772301
LIX4967,0.4141605139866782
YPX9462,0.8157972415772343
GUC7779,0.523691455295916
EIW0176,0.6655846680728734
JPP3633,0.24994594570928066
ICE8497,0.21353257302383588
JCB5870,0.2755482821187595
TSX8703,0.647033950724099
WTN8881,0.3962137387597828
VTX2950,0.26882235348453143
OXO0872,0.5067585688515552
SLL9902,0.19472861611143216
CJD1628,0.25067590787314614
YME3555,0.6303024134390082
XKF9852,0.5326444512239668
DRE7767,0.4357375530512714
ZWO1818,0.45629714538862787
FEX6317,0.7811294032921273
SNQ7014,0.30570287258177925
GQN3038,0.7657322173988883
PFF5514,0.4827373317012602
HPV1117,0.5114348199734051
III5054,0.11442408833614746
LNW6654,0.6236749519568543
ARC6596,0.3298177693831684
IPP4620,0.6936912514894509
NLR3257,0.5479516115061274
CTB9878,0.7476356005769808
VMT5143,0.4372920780159803
AHM4211,0.3146847502088689
KCL9551,0.6676508089828471
NHK4195,0.4297751038753499
INQ8214,0.3051629006372423
LAX7318,0.47719651670485874
TYJ1073,0.5921159756410412
KHR8174,0.4174568243586596
FXV0272,0.826693199163817
QYA8718,0.22984361870721048
MGB8317,0.6040431205727805
WYJ0017,0.423568204953094
YCB1541,0.1418191462552404
OCO9701,0.6303097163468564
QOT4213,0.49767536674539525
IZB8133,0.33303133862432027
JQT1085,0.5702383487512956
BCD5519,0.5756159010334525
XBP4686,0.49511940307572316
BUH6163,0.38003698663508834
YCL4225,0.5211274710669145
ZGN1837,0.5658291525346887
VWT7951,0.6489542435577522
WCU2909,0.2611124900279001
ECJ8667,0.22037883469872327
FIZ8807,0.19594488492082557
WEB7022,0.44289408128711116
UMV5479,0.5261931930609194
NTU3115,0.2768697846616724
OHS0889,0.2592442275419242
JRT4331,0.49994002313690244
AWU8320,0.5044422831698359
FZQ6790,0.5379216808765845
SAW2413,0.7942712601339426
MBR1935,0.8392912866324448
EUM7981,0.30425579399166713
SXQ9635,0.3709231429196844
CSK8727,0.5420026275747896
BJA6633,0.27530248100812726
ZTS4215,0.20577246465561858
CXW2502,0.3219277209840373
VON6528,0.6643045172203741
XBC1483,0.41051235537569775
BPK9428,0.26616369841224086
IJM2804,0.22896203126138528
JAU0056,0.6453915802924685
SKG7687,0.3796895170719923
LUE7177,0.8309715419665689
TFE7449,0.22577316820990273
KUU3033,0.19721117436583158
BSC6214,0.5032338254284436
UPB6992,0.17890886167139397
LPO9433,0.3431154092985188
GRR5260,0.3698174109903118
ZYX2775,0.6436220498447414
CRR7571,0.5568423272485101
NVR7579,0.4711992758107
TRO6653,0.4012812867199547
QAZ5784,0.47945878672950587
CSA7855,0.5844307072880722
SKR7049,0.4588241106643449
VDC5945,0.2614520053234905
RQG6441,0.43389946532687196
UTK3942,0.4512139112589333
GIS5276,0.4779943949159059
LZC3931,0.2248393229758251
AQZ8439,0.4703573437212005
HWR8277,0.7667197785126887
QSW7544,0.44738243021953106
QMO6786,0.4791330232802416
FFT1267,0.4305870727278135
WBL1699,0.27176814993131937
DLN4360,0.4257382261046518
QVK9371,0.7045881028385508
PAJ5923,0.7352175183786986
VXF7049,0.6277939261069718
ETT8073,0.37258953734319455
AVE9956,0.3811334354133635
TPT4243,0.4815535223759371
EVT5415,0.36809342788543875
NRY2349,0.5979518482825565
KPL2000,0.6288937603802094
JQC8916,0.3389833457803785
IGT4727,0.2377964607589542
FOQ4697,0.49897911817635826
JMD2554,0.670220848586218
EWK4862,0.4219278971390883
SFG4231,0.7304363514325732
OUW6979,0.8650863394221001
PAT9207,0.23459255046808422
XTB1114,0.40529039240225706
SUR8024,0.7383074166919306
JMJ3446,0.1553792537544016
FLT1779,0.5206400751466816
ODI3507,0.3722485689982035
VKX4649,0.6266541377876673
LXH0711,0.616175952292561
GOH3012,0.7035922762772955
XZK2864,0.7035028185688426
FSA2525,0.3456198848445681
OML8735,0.25563135787839375
CKW6247,0.27341618052542305
BZK1475,0.4345151573019768
BGZ3773,0.4275036576222807
IHZ1914,0.7747365720780272
XYA6636,0.6123080217678356
RWD5233,0.6796322669418206
GPV8030,0.5080367773964206
NVZ8701,0.7636664677273794
XSF4318,0.5534107403715283
WXM7923,0.497724167070861
CVQ0880,0.4700049063876658
QOQ2863,0.2649315264533404
RXX0623,0.3743456381801734
CKY6595,0.27206228136877986
EXP5590,0.39398492642904825
JWS0195,0.40774812785202874
DNV3342,0.37020132487782975
WHY0533,0.2593674398292365
IJR6798,0.4654909641698538
SVJ2157,0.5125554122035008
YLW4737,0.4212317009069859
HUH1315,0.7256764319120379
XMX5505,0.37366605940118713
TBK7519,0.2932148198128921
KXA1414,0.5690044117290888
FQH2166,0.6074282112083319
RQN7624,0.5777847278229117
EES6771,0.6535757682958538
JPZ4794,0.18027571452504482
SYU0185,0.2650679351999394
OWS0031,0.42630717486163816
NGE4427,0.5256345696267439
FGO3834,0.5032090334873254
OFI9247,0.6978641509816524
AHB9803,0.7546727576163881
LXD2374,0.5831115673185552
PBZ7120,0.572182835329356
NIF8371,0.5262145771689772
XST8100,0.16143311099739555
CPB8339,0.3520675346085731
NLP6754,0.24226554193864058
JSI2170,0.16133010526704455
QFM3680,0.1843617645548785
BHN6631,0.45152158158042
CEL0556,0.5413417076921296
XBD4029,0.3824757242599539
RYE7752,0.4949562396312118
QOV3032,0.3840344764688184
XIL7243,0.20070345245926735
KAD8756,0.44167943720608227
UDU3246,0.4518333688791719
BKS8607,0.4571554933377435
NNH7225,0.5743594373688525
CON6996,0.4179708524181867
HXS4917,0.3997475657356091
PWS7531,0.13588550597748278
CPA8641,0.8665775161723224
RTW1393,0.6613016596542594
QRM8880,0.5771475847395436
SYU1247,0.39369266187633384
BKP7999,0.4912501030715256
RWQ2872,0.49683429765128084
VET6669,0.31757555359971923
BBR8345,0.5164761853512378
FMC0185,0.46705146144781695
YWX0652,0.3591901254132899
FEU3392,0.503246091134093
MAI9069,0.40352215072850395
KSE3648,0.6480537505240245
JRU2012,0.36652059965692474
LAG3972,0.500536549814885
XDU6150,0.3793876796735888
BZO3678,0.7363780372609727
UUL7578,0.47906269027823295
ENT4935,0.14984606693382813
WXU2063,0.4483039046152225
MFJ3188,0.37679827396839727
LFN1743,0.4518840708449523
FEB3954,0.2905867657556992
XJJ5859,0.509746348814426
VIM4571,0.4311690332943109
EHY5432,0.4209490740725802
QRH8342,0.5351437368000601
XMG1831,0.41183225672849094
TJC9764,0.41422935717124576
XUX2979,0.3904722043150125
QIX8136,0.15390480341135962
NOD6437,0.7706309609934958
JDV4500,0.567097613376383
TSU3436,0.4939220994619144
YQE3043,0.48644949198210896
PEN4600,0.27722297208673774
VXG2069,0.3589614397071438
PGV2258,0.4054314288485915
PPB0159,0.46225088835263356
EEZ5587,0.2627210378580991
NKJ6134,0.4416927981388534
GNL8515,0.619492981420054
UDB4012,0.8091455477385673
EUV8082,0.2601969632976511
FKA1499,0.36982783178619894
TDW1832,0.4218992406509332
UYL3937,0.387208142944951
WZQ9514,0.2851679608331963
YRA1133,0.35152106222417145
AUE4212,0.4794107535801233
AIO5707,0.30475284915684264
ANY3654,0.612290366529479
CCJ1581,0.4996603893700531
RVJ5539,0.5403066272352195
JQV8142,0.5817143097594992
LKP7864,0.4499226113458331
QYO2749,0.46196090893092473
VTS0473,0.3899213753411935
PGN4080,0.5586849330218362
BDC3366,0.3059646117379712
ZSZ5292,0.29440968363323194
RLE9918,0.27460986154734973
EXF1515,0.562529910822728
UTE0139,0.4938031045400294
OFR2518,0.5491495471142478
JJF2590,0.40270091449451945
LJL1360,0.440733970825275
CIC4708,0.5385613943716058
BCA4110,0.4601179779772249
YSR8537,0.1463490662521006
ESH9012,0.36494077595813895
XQW1169,0.47367844309466023
SIK2342,0.42053342049917053
EFQ6319,0.41233197789651127
XQE1526,0.4346143623321835
AKR9099,0.5639205930863017
JAI3468,0.2801642601319566
WTY4270,0.3107306686297642
COV5080,0.18738334644892712
LMM1024,0.3740262823368167
IGE2896,0.782847310241205
JBT5109,0.4345087705275668
DST8276,0.42357194460074776
BQC4343,0.5749484480649449
FKR4884,0.21579885690960815
EEZ9582,0.29598626646332116
KEM7815,0.36467428931751655
ZIC4531,0.5908533764352389
TXY3351,0.6206180121888564
SVT4843,0.37212665058218947
MCY8318,0.2139322761331939
ZHD5694,0.6818040667104797
EYL3435,0.31850120391356884
FAK8590,0.4609353268446365
MMA6648,0.8074201369424434
ZXU7819,0.6701849460333975
TXT5173,0.6459233613563351
NOW6615,0.2942024350724306
NCZ7758,0.6623928686603031
REI3094,0.45499631160653287
GKU4570,0.8382145095520277
QPM4563,0.5774593326185451
LIF0935,0.4056031962107114
QFT7638,0.5022040579099579
LDD7909,0.6018421749168944
PMD6356,0.6921985983670911
XSM2533,0.20866511911743524
ZAA9704,0.7230548954194904
PKQ6825,0.3145927984280692
WAJ3293,0.5278441056396622
FJC4376,0.43440874385200123
WOD5328,0.5120609173352502
OOV7630,0.11265879345243057
JLE0045,0.609585990349196
TRT6193,0.4986105408930953
WRI6749,0.504655792668825
SKX1054,0.43367539694818275
WOT9749,0.4535984093424847
LUO0920,0.6461748385323336
FED9755,0.266314232588854
KSC2280,0.7049952906254637
SVJ6815,0.5832434552643879
NGF1992,0.2866504270834985
PZX7839,0.25048660455033583
FQJ6322,0.34913135504369064
JNH8656,0.20965907344606338
UEK6875,0.2137208767433606
FVT7847,0.41302298407597987
VYM9686,0.6111226236628355
HUZ5652,0.43156879604701615
UGP0737,0.3561458157793316
PML3266,0.25342778035408897
SLY8923,0.5953830661624331
QBQ3841,0.49810862099110925
DRH0163,0.45670547692844676
NDQ9001,0.6780813840643156
DVM2517,0.5194619847639339
LDX6766,0.358618142015177
ETF3376,0.22756753123026316
PPV8379,0.6042783840112562
GWG6827,0.36411037554548337
QPP6524,0.46261698411527524
ZMG3395,0.27886200275948014
RYA6828,0.5949103270008731
TLJ4903,0.6511765675760197
QSJ8380,0.4851384301951068
HVA7599,0.6029278285579656
INA3184,0.4509179874806595
LIC9006,0.3714635456508657
CRX5646,0.22823006805389565
CJR7973,0.4433347537844777
SIX4048,0.30249997201300033
HIJ7224,0.45724891961598335
IDF6143,0.7344928400200463
LHA4851,0.42363805260548476
DUP1250,0.19562628262197973
ETW3839,0.5451127030514078
TOS2521,0.15416115387227275
TXU5196,0.5250795297445368
UTN9806,0.258517164157953
UPT6736,0.35442903163704553
QLO4437,0.3682124962193707
FDB4146,0.7665309825623001
CJN3294,0.44189895082442654
IGX8925,0.447871162136896
BRN1292,0.4696631391072231
JVG5455,0.3483192519707827
OWV0422,0.3151404779347372
EUF5580,0.6239911378684746
WVI2357,0.5568289181510312
GMI3091,0.2403786625562878
OKX7088,0.3048000553767178
FHX3427,0.29533292333674044
IUX3518,0.5969601755768965
XHT2960,0.49933791696551966
BFO4768,0.1592001766496309
QCZ2397,0.5015612543077216
HUY9240,0.2369980194880897
RUG7309,0.34805714535849697
VMV0997,0.43828367932346257
ADM0827,0.566479341600328
ODT3808,0.44843166204230894
CDQ3303,0.38434001466510304
GQT5475,0.4908585236855781
MAQ3766,0.18925935386915976
QJS1732,0.454191339076208
INZ3983,0.3023786916491803
QGT0911,0.5663367699143413
VKB0890,0.518820031955626
ZIX4904,0.6842221928892223
WNB7111,0.631518899046271
QVL5835,0.5663487462108353
OVN3723,0.5737661487957191
ZHH4408,0.44799723272825975
AGR0025,0.24926039974648118
XBP6656,0.376335902563836
XZV8150,0.14869489277085907
LHG6661,0.43175945465490106
PMC6232,0.6529959085700334
FIF4321,0.539140724992641
ODY3807,0.5199878336719618
RXP3675,0.38193040544904167
WDE8034,0.6281877200290915
DXW0967,0.4167268878938055
TEB1181,0.5822149002226282
GRC8180,0.4283143573846936
MYP5419,0.4205457747334495
DEH8750,0.5301616449946716
XDN9367,0.6190382988590444
LCB1865,0.3308916692258115
NTT5170,0.6840343164531171
SOQ1632,0.44508801923059427
YUH9692,0.4302013916590624
JYD2074,0.3798662684026816
QQG2862,0.5318443835809574
CXM1623,0.24782279846764416
FUJ9930,0.44468303196480485
CNB6992,0.22203476682596363
ZVR3165,0.5935523505984844
VIG3338,0.5877755385506158
ECX6390,0.5616059271230143
CVZ4208,0.5105952369899235
NYS5963,0.5502066112426265
QYV6805,0.6256449932011237
RPM1362,0.6844008250438552
HZT5933,0.6067523662898329
HAB9073,0.5759670198323883
UMP0408,0.3282050946792244
LDP7953,0.22460507491035625
HJO5548,0.41579210834092095
SWL2951,0.638587432407707
HQJ7509,0.3498828838890442
YXE3238,0.6087371935068769
QBA1659,0.8067806887536887
UGQ9648,0.588900821335796
UUZ0902,0.7003427907588129
YIK0290,0.30498140842607496
TKL9885,0.7645082260696356
TAV6410,0.3825287675974596
ULZ5016,0.5359627446309683
EBN6340,0.4728770281980164
SXG4078,0.5902591045126724
RGS4046,0.7072759754796907
ZEN1745,0.2983668834341021
EQP7859,0.35453022370566445
XZG0749,0.5149519205382228
MUR1259,0.7240889540855915
GNH1572,0.3476054410994561
RNT1103,0.3182522789560701
KQP5148,0.4322489508574392
YPL9606,0.2728515734626472
GEC6684,0.6281727277682949
OJV3269,0.3624732303022469
KBU9669,0.40385249839702475
EXK0686,0.19904048833000806
TXD5026,0.6282867386718318
WBE7793,0.3122127237383764
FOW7270,0.4124399011848736
SQT6432,0.5547865182899865
YZN0545,0.5055934087769105
JWG9773,0.7931869538738767
RYL1835,0.5666770755878456
VGS9426,0.37578794480344646
LLE5822,0.7724342797224999
CYU7374,0.8098086372871554
JCR4090,0.49785064381561334
SPD9900,0.49607033428018366
GDM0800,0.45947203187199626
GPN2716,0.20224775587017685
HYB7458,0.6797045343238962
YMD4662,0.8641415164083162
IGD0921,0.6933161785411944
CJT1561,0.08294385959261953
DEI4249,0.5774704551589889
ZOO1036,0.42619029883084225
ZWD9803,0.541266858580102
GUH4927,0.37377672422405905
FLS8480,0.3128378116459627
POE9287,0.47986923764012
QFK9602,0.43966201114567005
FEF1920,0.4850251327177655
ZQK8721,0.4967296351656527
KGP5853,0.615620127089508
HME7697,0.4267854693174751
LCF2931,0.36854105875119614
XXY7874,0.5998299555268944
ZEL2095,0.6998704962730288
GUR3247,0.3713066278902788
JDL4331,0.5302658453301425
EHE7119,0.5071600717101358
UHH0658,0.6191957169754561
END5028,0.3787682242629484
HZE4718,0.6448185725849045
TPN7250,0.5207046583711301
JHI5936,0.13093066460849995
UDI6384,0.5478688852790439
RHD2687,0.38439680461432596
BXS8111,0.5119006271901754
TJK7138,0.8426888806171564
JQI3533,0.5963330569336438
GNX8347,0.7395508511194464
RXD9228,0.524415687832108
FNH3965,0.2514302190920421
EMP8062,0.730939977905336
MEJ4356,0.4087997593326098
UIZ6838,0.7121881016890024
UMV2455,0.5561014018864316
HDQ9910,0.495868574286511
DZK2637,0.7596358385900539
MFA0957,0.7580362170540687
FHG5382,0.162566009769947
QCU3035,0.31790924888921357
YCK3225,0.3076627500853163
VEK9874,0.3995129251781716
NTY2368,0.3194109824338396
LVT3457,0.47866040903444707
ZVH5381,0.267781767291099
FCE1353,0.45148354724097467
WQW2081,0.2759867922927527
JUQ6158,0.456333906756073
OHS2466,0.6361807905643952
KPF2140,0.5223146575601905
BAO9938,0.3000250554227277
BEB9268,0.49144586871312507
PEP2360,0.1848633346291474
KBJ3393,0.3695774145474955
KJP8929,0.4890450525470631
IRS9319,0.7798192046754564
GNA6559,0.6380979748865012
GDD3535,0.2643074010882952
XHK3076,0.7786524947075817
OPT3877,0.4636626753742079
KDM5132,0.478153391247071
ZGH1260,0.5383230976266005
ZPC3616,0.30843249282667884
CCD7521,0.26558124457874993
RLR6078,0.41409960684553404
XHW4339,0.4424093646468996
NEA4125,0.34907898457762077
FYT9337,0.3335601118666985
MZA5737,0.3369399594966953
IWX8525,0.24430146385517737
UXY3602,0.5977362568539863
KAY9863,0.4884596515939222
ICL0681,0.45288330542780275
STV8662,0.5158432580334954
NXA3158,0.49106544678595726
WUT1669,0.4043178547431461
WHX4931,0.5598855250187895
QMF2498,0.623879001852214
FAR8609,0.45386967044727233
MJN8543,0.5355550009330637
ANC1727,0.5003227016804968
CMY5018,0.4817972530730461
NUY5204,0.1867724113332377
YIR9679,0.41668018228933545
XDM6706,0.3666845775323754
ANT8269,0.3252602658964798
ZQP3525,0.5317095056177665
UKG7598,0.3406090647437584
KIS2908,0.5899838737362417
AIL7774,0.2357463274805791
WYW7672,0.6207922441555165
QCX5525,0.2664814527616575
JZV0769,0.35265273621728643
DLR0932,0.36486228172463353
VXC8863,0.62567472932667
KOH2895,0.5668554634750351
WMY6508,0.6539782230860238
IFX7040,0.6097106350543442
KZO2590,0.19973327806937177
HLW7095,0.42131638151549144
MRQ4796,0.5138312573013475
NUA9006,0.544741506654667
BSN6358,0.5385379977012879
AAB1308,0.32609968852238025
MFD6294,0.5427728864244851
CPM1668,0.2987379282304563
ASC0080,0.5756895587910646
MFS1546,0.6558292590166246
GTV8803,0.277948545915912
BTB9943,0.336525514517759
SWM6904,0.6380574081330216
VRE5552,0.45502889284931114
PPV2663,0.7107408156886531
NPR4084,0.605917246812927
FIN5241,0.3257276342631904
MLF9852,0.4915954516356703
PFX8404,0.41269594207297594
NZT8763,0.7193034466751419
SYP8802,0.4759879904130128
RKG6794,0.32056046732052124
HUT3552,0.7926185133472472
GHQ1739,0.3482832433267097
NHM3753,0.5241956499586091
NXA4981,0.23142406910853747
JKD5635,0.4288291776687919
NDH9283,0.12184387580665698
DRI7386,0.6372760617324076
NTM3474,0.47113893658370154
BQR0893,0.6925269123843828
EGR9812,0.7564686749560777
KLO8178,0.6268019967469851
RPY1835,0.27134488857422534
BZL8581,0.4729334585809247
QYH1854,0.5145880355016716
PGK9212,0.23977219026923707
UUE1033,0.3578293999678759
ZAP8815,0.5920286432092619
WON0228,0.5367781460899972
RSO2008,0.47552298213077726
EHH7629,0.302394149055946
ABQ4338,0.6838792726410325
EBY8977,0.4092446543597418
FWF2890,0.5634698117324655
HKI0609,0.571859601992158
PAB5947,0.4973681133255716
HEA7016,0.6282737832645982
HDW8123,0.6100750183996493
LLZ5422,0.33400909731296496
ZPT7132,0.6352028532021927
JEU8627,0.7171906793932156
UQY3173,0.4795603943133264
BLM2089,0.5927335216755656
DCD5221,0.2305569039097153
PHS2469,0.2149001884500615
WII3386,0.2638369649797956
OSB6146,0.3668663322829395
ZYE8393,0.4028062207512916
NRS5494,0.5548245115068036
VCK3879,0.2943292481821389
QBK1287,0.6753907731871369
OOT2673,0.46585149551944505
PLD4712,0.4590369120246865
BCA6861,0.27568015516604927
BKB3148,0.2220545841200375
UYT2460,0.2210656396699282
CGV2591,0.4204747761740165
XSE3563,0.14210291497049662
HRZ3422,0.8140964029182081
WKP4106,0.19152301478249412
EOH2042,0.5051710118474328
MKW1588,0.5876883742146031
VKV4425,0.3905584878923559
JIH0956,0.6894503181663626
IWV4857,0.31775675210875354
HJX5465,0.5863901851280006
YRJ6285,0.45336209872913724
APA9822,0.46632332145073696
ETJ7252,0.43879568854206874
UAZ5155,0.4176725976819956
JCO5005,0.4267456489803416
PON2616,0.3407409785208585
GZZ9302,0.5336831152308208
EXM0909,0.4750756217024513
YPF0123,0.5188208741177189
JPO5490,0.3387322052261339
SWN1165,0.7239858792168162
DTI8446,0.3837668335342734
BSX9409,0.44247954984980475
ILF8133,0.5217061216690092
TAP4650,0.8120266773320886
NQB1919,0.10784484728436786
EVN2619,0.7022445724415538
FKO1395,0.39461289082956164
KQL9739,0.39131366342936524
GTP7103,0.3419950739184213
FAB5180,0.49156199594965727
DNG5054,0.4700152736030304
PIV5711,0.3567088523557179
RDS0818,0.4600892350844985
NVL0735,0.24868010607705177
JHS0345,0.4812693246906262
AOW0183,0.3981253866085293
JWB1663,0.15352617650262163
QBI8434,0.3282676118081864
YGY5084,0.19612260720339741
LAJ2381,0.6403282446092393
MVQ8426,0.6614632616496612
XEU3341,0.4167330789255691
WBB7069,0.4374196006001957
HSV9997,0.5620485114221492
HPZ7235,0.4773915572064348
LEQ9893,0.48340051584649246
SRX0685,0.5181626322286987
TJE0525,0.6129613274018932
CBV9705,0.5583020351361504
NFH7701,0.5324207087591442
MRJ7981,0.47122506968506017
LRQ4994,0.1884056446818233
TPZ2644,0.747527475216609
DPE2366,0.40437102935665686
GSL8285,0.4044381092557768
ASE9553,0.4969172713165292
GCQ4270,0.46896337142882727
JOI9750,0.17611956591823724
UTD0147,0.4544554977249521
KZW1095,0.5213097418788721
GSL0577,0.7851156664239259
OTP1368,0.805494025711619
JHZ6457,0.4121805453675036
MKI6175,0.6624516905495828
GTG8406,0.6001555977039013
VZP1954,0.6499315380524318
LES8781,0.28624578511201815
PCF0526,0.5455093046053462
WPW2050,0.6919769014084607
DTH9411,0.4906759609162987
YBA7820,0.6788890091706105
VSR8739,0.6835098190745386
OOR8305,0.6813533218456513
KDF3451,0.3387558492936714
HRS7842,0.35666398421710055
XZU3965,0.5394111784567185
NWL3338,0.41538465043243
GWS6777,0.24386802497650534
PWO4056,0.3063737434019985
XRN4973,0.279220128579751
EJB1687,0.4316415604737325
BUT3103,0.33408604992075797
WQW1045,0.3802308661825106
MDG3445,0.22227301547728218
XUJ0717,0.3414397775456579
HXD0371,0.49366312919688304
FGD6466,0.38647409968240864
YZW8155,0.3614891085566131
YSW6454,0.38943856701330193
XRS1062,0.5410231502631871
SBK5282,0.594655284958169
UMT8393,0.20693139677944855
MLC7262,0.7228712634571592
CHE7839,0.5172460635942975
ENK0333,0.29073197948289325
WGN8449,0.33842331569091844
FAM3458,0.20254142102007963
LIJ4989,0.832864764382147
WCJ1614,0.3738453604098988
LCJ0354,0.46166621603834346
MAS7337,0.5263560808698194
WMR6816,0.11630808288534773
QPD3244,0.5352874040699886
DYR2618,0.4249216849120897
LZY6766,0.2964087444920257
XPA5745,0.2664180501888361
OHE1207,0.8051584748959228
GMB5921,0.7609153378571134
PUN6155,0.43491895474172004
UWY5599,0.7685713804644415
BZP2422,0.6468815384186861
BFA6296,0.6722399975358131
FOC9534,0.6435543148968654
NIT3559,0.5808134005474707
QWM8810,0.32921940061154786
XUO7622,0.2989445326266116
ZYR6469,0.39836939832449614
FQV3213,0.539258821575792
HMI8445,0.20622127079803182
VSX6822,0.734612829587713
CUD3348,0.19283557015567288
OPN2109,0.6355209516505607
NQD6519,0.7172660835935877
EAH9489,0.6347557700766568
PUT4775,0.48906195657345364
DQA2691,0.40505801352933546
MXS8930,0.6907279431258342
GGJ4008,0.7818368995676968
MKH2409,0.17563136765154436
UOZ4237,0.7543825412637262
DSH0462,0.579141945773519
PPZ1079,0.832503341238992
YUO8157,0.6451649656906717
EVN8189,0.5970639179142442
BJR1526,0.5367752207239036
ZHB8179,0.686162866982742
ZLR5824,0.34170963824475353
CFC2212,0.5903409639285392
MTE3132,0.4414169587822966
RUD7931,0.4997006788032506
ZOJ5082,0.17094748983532618
VQD3919,0.2209854198875238
EFW1850,0.42832371526771196
BWX5427,0.46387280912594814
KCJ9813,0.562763418128246
WHY7887,0.5808557543776238
LIJ6032,0.22437945174812018
YKE3129,0.4328077571681651
XNC4926,0.6142848147501394
ZVN8083,0.44509722136815233
FHS7261,0.6350386087171835
JCH6559,0.3643100927990548
XSV3662,0.3186315240146001
OFE0816,0.3775952246404027
MZK6467,0.3702837250878003
WKI8810,0.6226031927393527
QZY3155,0.6493967836367436
ZGQ3169,0.7152663597361637
BSK8553,0.2920335298686113
DPI5831,0.668540246193615
DAN7614,0.3023426625035966
MHS4201,0.47673778963794283
LBN7990,0.17760609786092255
ZEW3244,0.2807334305051793
GVI6361,0.24971415428809185
SUU7959,0.5004779481650206
KJY0103,0.30190408065828256
LSI9574,0.2908680643130754
UUI4640,0.760951305936908
APN0763,0.45545104552146326
HTC6582,0.5634446518356551
LRJ2531,0.5065500970219384
RCX0166,0.5263597209817126
WLS1334,0.46525240709654847
GHU5711,0.5578111105394608
GXN6885,0.3721133972327919
SUL0918,0.19142047526831008
WUB3727,0.33373527158921523
RTU6031,0.5877616646168337
MOQ2182,0.577753050169598
SKU1753,0.26260834752413
CYF7753,0.5549764306970736
TPW5388,0.6588491284834453
BNS2586,0.7212856090594335
KEN2166,0.17531060325592493
OCJ6547,0.4975690309619343
NJP2923,0.44697444778382944
ZQV2760,0.4539102363940629
VWU6539,0.567037542172184
FHB5662,0.4988059174537929
FLJ5568,0.25347278943726126
NYZ3610,0.7195483110452923
XBS0822,0.7542189795243086
CBC1282,0.5344789204255256
RJE0984,0.7079141361579165
EGL3373,0.7044253390698109
ACY6703,0.8538324229439386
RYV5129,0.2481880328850104
PEX4835,0.5675781442547261
KGZ3991,0.530638947293208
GCP0419,0.4533651382998838
VJN5659,0.4075147104275757
XIL6278,0.45194014216505274
CSD2119,0.39098394465274844
NTC9929,0.15537570122069627
LQD1080,0.6109698893979705
SEJ9531,0.3954940363073314
RZQ0003,0.2984485839091752
PZW2114,0.298158690724872
QML3842,0.17839237022910676
TJA2905,0.47056973979136857
PIJ4611,0.5056232795218716
HAM5599,0.2157150893845431
TXM2652,0.4853074536715057
GAB3659,0.7003220564641626
KCA1906,0.49245394151075284
SVC9075,0.29097039937779945
PJV3622,0.29809603963771725
SBX7333,0.43801846467407796
HYM0481,0.7663883811617771
DFY0681,0.5674396505517785
RSF3235,0.33344000406973284
PFP2410,0.3921980306429592
YZC6174,0.26423396904657126
FMI6039,0.6341876947347949
KSY3204,0.43722874715800547
JHS9734,0.278795237301792
WKC7792,0.5163008510485407
IOY1200,0.5809280653764305
XUE4561,0.37156694452701833
KCT7437,0.47580828683950294
NMP8623,0.2894459934006909
QRU9935,0.4500040478312034
DMD4641,0.5116522117269958
NCA7180,0.2435557956550063
FEY4017,0.3470682030394612
EUG2066,0.44625673083023343
XRR3806,0.341204424819989
HVJ6716,0.5783714847275727
OLP0692,0.4427707995715407
ERC6469,0.6693098667273252
AWA4755,0.5866572077265717
YQQ9139,0.5353896250095287
OSX9492,0.5059250414401054
QGU8564,0.1974696670395169
YAO4151,0.2894546123614872
AMC9558,0.44087484533452914
VWB0124,0.25989082303114863
ZJD1609,0.34047320408043263
HVK5251,0.7053239726825598
MZL9303,0.2716670865959633
YOD6029,0.19877589208047514
CNL4438,0.518939043545253
ZSW2054,0.39753252721806054
NXC5824,0.27511742149910823
BDO4892,0.4782385595900391
VLK0339,0.5466440377980767
XYU4157,0.21682890066339136
XMN6548,0.4996268843105725
LXW9245,0.2805120366600554
JYZ3206,0.7095244601865763
SIV3918,0.6175826140326836
RDI2951,0.6755628794997174
CKS8961,0.4077159657337217
GGD3196,0.5162648919814516
ETB0894,0.6245016757525546
MLA9778,0.5960020303334713
DWK1986,0.10872472062149618
EBT0068,0.46730441920767973
DHA1853,0.6668448907692696
HWU2594,0.1915322402966783
QPH8016,0.39423189751994736
QZI2250,0.4350950890830222
ELO0702,0.5110724600526898
FHW7284,0.44955497113133747
JXO7389,0.7875148833896011
AYC0810,0.5050871781654682
GWJ3254,0.4719866099782458
IBO1945,0.3905210330711964
NSE2304,0.6845875340701979
SQB4852,0.3058360847439622
FQH0034,0.5041243054022864
QGG5280,0.6183198359320531
VJB9962,0.42763680514877356
ASL7482,0.26454178270189854
YYR0976,0.3575926912915209
TID4683,0.6294513993034461
MQF4406,0.673810598987109
PXU1703,0.1238760704887718
UJM2633,0.493782215618626
ZSC9815,0.4728511534755228
WAU6889,0.735240946070471
IIR5545,0.6427969866623073
YWD8219,0.6877637629244593
OVU5964,0.3770001125214316
SOX1774,0.7451309929794128
YMN0357,0.4060980899651385
UNK0731,0.43727589070770534
AWV4949,0.2593208666182828
LIA2179,0.6057822727448984
KOJ2933,0.34259974831808193
OFN2940,0.38490805259479677
XLH4413,0.26099840954220566
CAM8238,0.2818899813582231
OUI0191,0.5179923425219286
TVZ9158,0.46517090363670405
QZU7391,0.31768439552221994
YTC8533,0.6133007188853823
ZUL9082,0.3807063660962744
QDH0283,0.8184511341160816
JOY2839,0.5771384317194901
UZE0497,0.1584710264903762
GUN6865,0.3965873814823223
OQQ7043,0.4289136073800184
QSY2045,0.5350861943212704
SNL4417,0.2583347448919855
SAH0586,0.41132701182984355
WUM7977,0.7076099770386455
LUE1768,0.5267183546050316
TFG3357,0.3555319335836735
BES6653,0.5762227472526298
KLU2053,0.28606611011177896
EDZ4179,0.5947180130735816
KQO4708,0.4588561123515733
NPT4412,0.43331135478624716
HJG3099,0.5080937765412725
HZV4375,0.642663760740953
KDS4463,0.6165106041265812
AXB4934,0.5637872549948317
GYM0773,0.47915493856061053
GJC1483,0.5656338072423251
SAF1656,0.507417037961652
OMF0261,0.3470137374575035
WDA0383,0.7643544277243735
XUQ9842,0.39561590843952243
KZA0317,0.4164036258624475
XNF1437,0.17654548302669854
BGA5764,0.5443037824552801
TKG7900,0.21338044970145154
OTV1030,0.5510876696661955
VWK2998,0.5202967338416015
QKQ6320,0.5050974501950513
WPC9633,0.36792087259557954
EKW6480,0.16845919127634845
EFQ0392,0.18334371235790625
MRZ7379,0.7997547832639157
WAC5824,0.6583998346913675
OMT9415,0.4503835797550825
XMG9583,0.23982562458307416
UFF1261,0.6614134378369334
DCP0796,0.20860617860070813
HBE8442,0.47618032319718495
YQS4458,0.4885613336170508
SQU4407,0.5387921046643309
NPS6601,0.41848060176754126
XMN8380,0.43507211429789827
PVM3035,0.7694081471166264
IWD3752,0.3538229697146081
GLF9686,0.7337314166114673
RRX0963,0.4350226093357498
UAB7848,0.35728294823219336
TDS0452,0.7971290998950453
HSK3153,0.5875404774023111
SQA3360,0.5999566357885473
ECI1955,0.443953556695069
BTU2947,0.33308129418090227
PEZ7733,0.14328403778881965
RPE1400,0.18799292302365755
QKS3138,0.18429889097350183
WOT7140,0.6107526181423609
CIH5726,0.5484357442504965
LUE0157,0.7673303608350832
KFW0111,0.7288600485972458
OAI9172,0.5178201178610817
LAH1856,0.24261019751773888
NFK8809,0.6062511194520268
EGP0512,0.46582569171599597
BXM5911,0.6418404741630102
NWJ6522,0.526187678753502
FAB8496,0.5530996095670265
UGD0885,0.2622106719790971
NLE4038,0.6739037585059935
RMT8564,0.5763331040445687
LPN5269,0.5051173735351786
SRF1001,0.5942627877593412
IPO5628,0.34363858462147445
YAB2836,0.7497275369165517
EAK7493,0.5415205954165587
VZS8779,0.5820488841596145
ZHU5296,0.5823173562226935
EHL7819,0.7100059575505449
ITI5109,0.6525285298983514
ZJJ6069,0.34151104570917934
UXQ8523,0.47479928556821205
BJZ5615,0.4086909021510149
BFK8030,0.4689901378814677
NOH6334,0.45060069043655065
QCJ0449,0.2996719566099125
LGV7177,0.5782047550884326
YUU8227,0.4752256937618467
EYU5539,0.3600885787241913
FXQ9279,0.5327692703604299
KVN0414,0.5031380399768773
BWO7564,0.40687950433856895
SHA4528,0.3156862943049965
LCV5905,0.6495484207808935
PPJ8929,0.44901534904096996
ZTY0059,0.14754644156724467
AYY0072,0.3741957190729487
TUR5072,0.6903361106833336
DPA2836,0.5502794368081402
MWP0809,0.5234998388594894
NIT5344,0.4884114287061402
EMF9379,0.532708197590352
FDW7329,0.33937464389628336
KAA7544,0.5630632051141709
QYA6379,0.3971540485989659
HLA1104,0.3855800129608911
ZTB7327,0.720360418772928
VSX6645,0.7051011037783228
MKX0188,0.3536523358029968
MYK6810,0.2941782385006304
UJZ3099,0.7334169161171042
NLQ6953,0.3295281659208093
THD3997,0.3681131514052856
DHW1898,0.4253441942153736
CAZ6419,0.3966099036792925
HCE9029,0.6088219039285586
BPO3584,0.428514337183067
DCW6953,0.6639332477740396
WJW5631,0.7295319515799146
JMU4733,0.37994340599290083
AUQ3924,0.48167409689969165
WOB4261,0.270387200503504
FAA0395,0.6578435331210002
SJJ3512,0.4811386690646904
MDD5141,0.49602259432633544
UFL6151,0.5227954411768929
RNV2828,0.45863683029393626
IBG4905,0.24133842060942656
EWQ2853,0.6815971071911491
DKT1418,0.3147619902415961
RCA6055,0.5155123367434962
PTU0261,0.4136888092944855
RQM8471,0.20709674986236204
FIO1669,0.22950410499404272
RWA3084,0.5962100161953034
MWJ3622,0.38316144689800424
ZWO7580,0.3803669226147237
ZNN5139,0.3308694379768168
XKW2878,0.5095497129500401
SOB1176,0.26413004257865913
XCK6612,0.60643814150271
ASP8488,0.2942353952578315
ZJQ7036,0.5357395023211262
KSE8052,0.8218295317631759
BDQ1385,0.5233716639690871
VXR0368,0.5610291784976327
ZHB4902,0.21485509306778378
POY8883,0.3159821314610902
GIQ3177,0.3536701768062503
ONY1016,0.5396269481934257
CHQ4117,0.5337057901850747
XID9340,0.5429682074623938
PEC4135,0.5066351500128788
ADP3518,0.5019457917651975
WUD9379,0.43930494828371724
RCT6710,0.4984462289379321
YPK9577,0.3756812600876025
KOX2113,0.21719700377028525
UJG4961,0.4968704668616418
HAY5847,0.7307973888018674
PHI6345,0.36706355162883353
PEQ3550,0.5004316941325273
KAJ4969,0.7576537639953995
UEE9718,0.6098237263784703
FNT7313,0.6411365161734335
OQO5683,0.4215312354481928
NWQ3973,0.4435824881661976
GTI1384,0.5274508177839705
AHK9950,0.43242610477837196
GPZ4054,0.6039123241853803
HFK9029,0.49654314776906217
PXA5874,0.3990153251610969
QQK0987,0.7216148832913507
KOB6393,0.3164367970327593
UCS9907,0.7127539422495712
ZUD7019,0.708251971620387
JUM0665,0.4049803496741493
TPP9015,0.5769019384582563
MXR4724,0.3813317196277428
HOD5285,0.4942860912637759
DHM7054,0.5934352200200252
CQJ0272,0.3273303997725233
KLO3196,0.5100835432034274
GFB1649,0.667594026492686
NOQ5877,0.2661119847601579
CYI8589,0.34753718804722017
FWO7157,0.5527820793384632
OWE0183,0.6302183776761551
QXU5403,0.4227217198046962
MWK4766,0.8721681991478822
XLG8768,0.4110417254470699
VKS3432,0.4289230071366973
GMC1606,0.43228333192655655
PNE3192,0.5580852516810115
ZDH0081,0.6707205921893795
BUQ0384,0.5197517299023695
SDJ1245,0.7313159225706966
YHI0373,0.20284539882884717
HTB2148,0.6020603702867877
ESJ8744,0.462196518956288
OKZ6934,0.66068942415279
IWJ2087,0.19714948230482063
YQW6666,0.21352534593705355
DRL1639,0.4332702499499017
HSB5951,0.8493681178915322
RLN3664,0.41894090689644375
DQX4439,0.3847115331750941
BRL1853,0.5114369344108333
WTV4777,0.637726066271298
UYI1073,0.6558261808191197
EZM9046,0.671927112710033
NGH1312,0.6335541640312838
ZPJ3568,0.2618443183241582
GCU3692,0.3644095089948882
KQP8149,0.3149194622007552
XRE6790,0.4353574616853312
WOB4424,0.44512346474011555
TZX2171,0.5318577482524001
KLB6758,0.6931024115628177
NJZ1004,0.3148456321706224
SLC8186,0.43777889360139877
ESD3201,0.6126438730386538
GIL8255,0.5207271419348414
VIA2238,0.45012561799068995
BIK2002,0.3377139706305923
IGN2069,0.4087181047742984
WDC3985,0.2678136022574104
GTD3498,0.3154517432683281
ZRR6014,0.3468857741662623
FUQ8627,0.7309421865812809
RUY4061,0.5692340791861312
DDH0817,0.39941010172789077
DKE5313,0.30340773336788485
GQB8062,0.23408682764173308
MJW1038,0.7203171745038164
MGE4928,0.602519008256208
WMX3148,0.4927907674959945
BCL4088,0.3328382285803962
POH1215,0.5232431240011644
DBJ2669,0.3935838815984053
ZTQ2278,0.6539887057804852
QPC2404,0.7159019064209632
FOA9641,0.150796305619429
UZR2198,0.3228145948305451
RJD8220,0.6037911840298714
YPO7168,0.6790572094175066
ZSO7284,0.6020099554786038
YKC3947,0.45368794437698956
RAX5623,0.6342446359665105
NDN3928,0.621123516589355
XBG4294,0.3672076494591602
URI6844,0.3527307630658673
LPC1008,0.28231034334630556
MQN7236,0.31497072501508017
FTS0705,0.4020885457688487
XRV5896,0.23547027676942334
FNK1549,0.3409062396786525
QVG3369,0.3306607081669384
UEF7361,0.19322106370886494
OYI0421,0.1907649644147308
RGN7073,0.5861714966186982
DTB7149,0.38530952468637536
WAS9056,0.5827743939656956
ZDM4647,0.6371767440279008
TVA1688,0.5973366427570483
AUN6131,0.7221709674242497
WLN1597,0.8149321334089917
QJD7373,0.3194964949312925
PUS0461,0.3518685804475611
VHL5519,0.5319679813859175
DGF8059,0.37049755890846614
ZDP8152,0.37016020619809253
KIT9995,0.4838744276423659
HXV5931,0.21800808509871322
COI0100,0.378144339157366
CMW1744,0.388505471631452
NLQ4471,0.16685103855548392
TKC3707,0.43139210641366516
IEX1198,0.40037502462857627
ELK8724,0.4030686512015649
MXV3637,0.27579241480792877
WCJ6522,0.7671189790481404
OEQ6921,0.46753760606586636
HHM4121,0.5766348338661704
LOH3133,0.6455837057571727
WGF4780,0.4991860047509207
IED5984,0.6505413866837437
PLN6758,0.48724569316119637
OLC5808,0.2011343122420377
CJW9798,0.2837857121892011
GAI6119,0.5406730393357215
BKC5625,0.7818681492337316
YSD5776,0.6266498816093568
XTN1465,0.7202602724435405
YST8825,0.5525961821738923
PWA9731,0.3715871529385435
WZF0204,0.4198398642952559
JOO6585,0.2227194487652958
FAY5510,0.4055757124788478
HLI5171,0.2767470227607697
HXG8092,0.41650830741708733
KKM2246,0.6016267111466951
LPR8244,0.3411966589612376
VDY3830,0.6173514597639356
SCQ8086,0.2939281922277735
SLB2171,0.8042924423166167
NRH4257,0.2898540993437042
CNC6073,0.21944011931960464
ZOU1261,0.15033546586445243
SPT2697,0.39638539246690874
ZQW1536,0.7263953967669722
ATU6677,0.3279931768172456
KLW4229,0.3772308569982038
HVE5828,0.6363833450665366
GBI3333,0.555369931325441
LVX7085,0.40018530103486366
GQQ6522,0.3893034150587106
CHQ1313,0.6045511715716465
IUD5304,0.3990037973342426
UPF0845,0.5276853860466161
DFN3122,0.6260341587508398
WSE2433,0.6535703927443011
FXK1875,0.2784767957336496
XQO2229,0.160299934597728
EHE2388,0.48815477915510885
DFO2542,0.41548587354384314
VYB8146,0.6074006940432451
UPI6716,0.23637966021235088
AZV8887,0.6366500435675766
IIT8345,0.3444844748402633
NSR4067,0.430769402963303
UND4463,0.34532069116460906
DJH5832,0.5291714613773137
RPJ8255,0.5891266921190104
BXX3872,0.8648311610963103
YMQ3196,0.23641492775209894
ZDV7390,0.22908794058237225
PIP9062,0.5120229504510349
LNL0304,0.5887479378828788
WYQ6546,0.465367611172949
NET5300,0.30601122276822507
WGH1231,0.3172428673481453
HAL3239,0.30556913359600957
LBR9014,0.22503743103655766
ITU9867,0.317721304898381
KIJ7291,0.6233019111198006
FVP7293,0.6206051251901288
TNR9657,0.33178980267869773
XSE5958,0.2898599223381909
MAQ1010,0.4143397636926166
YSJ0631,0.680723468451334
SGE9558,0.3314247359725918
BDN2933,0.4510383307217314
LLT6330,0.7573603552716852
HRY3373,0.299416073431825
UHW9589,0.3963338998205924
NWK7279,0.4635127316428015
LQT5241,0.7729938957856632
SNZ7816,0.38653062939285954
VWP2460,0.5866852117992714
VSV7263,0.5556430599180371
PAI2981,0.7343179009275417
AAT2571,0.4920629619206787
XNM3039,0.20536846419640836
OYQ3855,0.45321891581060847
OXT6838,0.6032256219332618
MIO5543,0.29493957805945653
BOM2763,0.6033078117686493
SFZ9405,0.6211348053108172
ACB8398,0.29726273997622604
CYD6578,0.5878442020397204
OCJ4962,0.3204399335114254
QEA6309,0.5907715911550806
SUI4465,0.7927306076614595
FMR3924,0.12001377277861783
PTI8284,0.7034619617984169
PZT1362,0.46691359796081566
PIK1727,0.19501753604565672
TDM7158,0.27172435423150804
OFG8429,0.5258865420183445
YGQ0653,0.6354111410446392
CRQ3454,0.30962150034311164
LZI6201,0.5635858292556833
DUN7031,0.6362819399860699
EAF4040,0.3912225504941006
AEY6897,0.4413232595803915
SCZ3033,0.28493588286244276
BHB5455,0.6035800452798601
DMA3129,0.31724617821047235
EPJ7195,0.4904666926912621
XXL9376,0.32126094177649966
FXG1204,0.47356327112139796
SCJ5893,0.2965222717395988
JAB5413,0.3443576538422899
ECI4724,0.72296970100979
VJW5200,0.31233309175594837
GPQ7753,0.2100249788611528
MGM0506,0.432667057111637
IJF8157,0.3628067519462964
UAJ6492,0.5103609665198295
OMN7687,0.46722976144579265
UJE0913,0.5870854531257259
EYQ7148,0.6208504460993851
PLJ2057,0.2944529170788396
VWC6238,0.18415971878628834
JAZ3904,0.21518094295890433
SLF2540,0.4509321866567221
ACW2850,0.31072684956451596
IAO0540,0.6170109419401415
UZW5012,0.4708226722914399
UMB1656,0.3851088274982404
JYZ3579,0.5084528517845612
NQE6140,0.6419436661244322
TNN1819,0.5897854944684171
LQE8452,0.5698936601481579
DDO6847,0.41798927540705705
RPF7802,0.33778166178870406
FNE2013,0.2456774390148801
WWQ2829,0.5904864690682923
FPZ8406,0.512538322963287
THE2609,0.3223883301595045
YFV2493,0.5031397146171956
TPG5056,0.5584542948127398
CKT1474,0.7190548395253643
UWN8033,0.6421759460306857
VZZ8105,0.7296340566889237
CQB7810,0.8353575608596515
RPA2932,0.5919340676009639
HVN2303,0.5673812963799447
DNE2280,0.3545342256016625
QZS6625,0.4631006584170754
IXJ3391,0.44122776221753635
IBJ7457,0.2591531423107327
QWK4411,0.3214161743477227
THI8299,0.28159024315503617
WQI8618,0.3648032348338584
EHL5492,0.4042971898358402
DCE6168,0.2677136148523409
NQJ8766,0.5522802176550776
VTG2380,0.5093829869551817
LNF2835,0.4544290682845751
JJR4127,0.3001576221208937
GJW8107,0.5901955336428965
WOT4362,0.6604336564612032
LTV7533,0.35697322420315364
HLS3172,0.6308184909357903
BCV9335,0.22304594334508404
VKX7361,0.17710605991806572
UPR0212,0.3523156945574845
GAD7822,0.41577223847239014
FTY3806,0.40261999308851204
EQY7009,0.2513181027301776
EDS6036,0.7178046759945532
ANI4768,0.49003559148016207
BTQ2124,0.24980998447766672
YQT0133,0.4964906183410869
WCL2270,0.6091453748592266
UMS8559,0.6090971149361034
GFR4574,0.7022594096372479
SEY9322,0.2707149845706498
VZZ3704,0.5205350699888133
RCA7209,0.6557814171193621
WMT0282,0.2509175958929594
ZGZ3238,0.29310524064454446
PCH5579,0.7068929527030599
KVQ5659,0.7086067408765699
DXW7491,0.4677907213205791
UGO5322,0.3159808700669209
ZFA1134,0.1435542999423379
PMA9220,0.44168336959896026
EXB8441,0.5177817300509058
ZEY4073,0.2325832192306032
VRB9328,0.07597597152957378
IXY2561,0.43899563646898954
TCC6535,0.3242588014622546
OJU3724,0.71816857022704
XDL7709,0.4155323982331586
ORF5661,0.2652795040821414
FLD1463,0.4279054529340007
BJP9208,0.7597438156795835
TAC9100,0.3828082290468887
SBF6739,0.3735652450686081
TXT2079,0.3166447887400712
KKH5705,0.4367533790667706
QSJ1521,0.36293496032081113
SPZ2638,0.5553194242238944
QKS3066,0.4055901475079776
HLI8086,0.29940455644232933
RVP4550,0.6365438442417544
HNJ9495,0.2696807145512231
YOJ3693,0.506924896139729
GJS0697,0.679986340766576
EQR1972,0.3895619749486371
OND0210,0.5025877038063319
ZKT9269,0.2358269565893016
UOP5878,0.6073304359224501
LHQ8463,0.13035338424427062
VTK5721,0.3137833047968973
DFT1373,0.3997806753979758
ZZQ4322,0.6179566003836011
TEG7575,0.8538136208015201
ZDN8364,0.4194279193532814
PMH3356,0.624369572263618
ZKC0601,0.4847520892928775
WCE9841,0.5511077943361483
MQZ4133,0.7711110937280574
QUJ2416,0.6352105538030145
UIQ1872,0.37747392891024534
TPR4093,0.6933548966177692
UNY6653,0.6844400800947879
KED9088,0.25569176221321105
GJV9147,0.26640321021075153
YYK1409,0.3350408921828606
BDP1730,0.22235608022559633
IIS1162,0.5585210749050276
QDK0707,0.5406219243050123
SBM6710,0.3917857514562771
LZD3025,0.4198530270702169
SCN0463,0.6019510482641867
WYZ3750,0.13161495678221213
WJE7625,0.5824588405604141
LVH9493,0.6664252871571088
OGP3197,0.31916673125570644
VVY0930,0.5647594930230814
PVD6484,0.5496729592576481
VFA1552,0.7187653266849587
IGX6687,0.2934229155728898
VGB9010,0.3229860515475257
GRG2410,0.32490895902449257
UGC8879,0.4772600404399333
WUZ4473,0.4771123805760018
XSF5046,0.5816521622710727
TCF1709,0.5820970815052972
QGP8200,0.6704519053088965
TWD0882,0.6557779833008689
XXL7278,0.3566537329364047
UBQ9279,0.4073119632822497
YIL3942,0.5687209272267671
BFA1695,0.5591172688179152
GKS6057,0.6676113233583615
CEN5283,0.4297269230300608
URI5280,0.37156590994557787
ERO9064,0.18742119736930005
WSF6571,0.6055549163367148
BVH9547,0.20039177832368477
ZJS4141,0.4722881349588921
RBF2204,0.19124052671418318
ZZV5719,0.450006355041189
PBW0578,0.45909156856452693
OJH9892,0.419731372560513
IEW3033,0.4821416960919508
VRF2412,0.4986584764291889
AEC5051,0.4528176237949584
FGL7789,0.2744458743887355
MJZ4395,0.44711611581937016
DUX4345,0.3925179962883206
CSQ8628,0.5579355819675478
TOT1468,0.6171046368996909
YCS1207,0.38365940303173074
UVT9591,0.3945716216131493
KOY5019,0.6202940827822381
NSL3572,0.23548852610920906
UIC6064,0.6148863046655197
RFW6714,0.5494429574085142
EAJ9097,0.24621927127413415
JOU4957,0.6114633315002458
TEE7042,0.6139353125768713
KJD2151,0.2989596773703501
XQL4738,0.7349645317638811
BFU8118,0.26541109123753065
ZET2122,0.47204320806559685
FUK4311,0.3735224585894015
QUE3466,0.2210416472389164
SWM1601,0.6084109045812429
JDO4667,0.19164375080612855
KLB4904,0.5222847885733435
MNL4989,0.22898438012639546
PIK2814,0.5072035088973976
SJU8294,0.5074112120923551
HLB3116,0.6583149508727841
ZCR4661,0.7337054382833907
HRT2532,0.41242681981576546
QPI4398,0.5167876927745415
BHE2901,0.6480400826807733
BGA4649,0.4914611733984971
BIE1986,0.39840105579939045
CWT0763,0.6694613177037854
WPR4507,0.409902208477027
PAR8871,0.5777724440417611
VPV9675,0.6918749021322839
ZCN4019,0.7232334842700825
QXH9868,0.5625852997874861
IGL2036,0.20022291880432813
PXG0071,0.73677564042157
JKJ4473,0.553239636220213
JDM0244,0.358277587044436
NFS4819,0.5089885965737908
VGF0668,0.41281611371491683
XEU5703,0.47247802439078296
RUO0833,0.297804391883568
EQV2141,0.7108922043870196
GBO6128,0.39476004468543946
ICW7329,0.306312319291559
PPR4284,0.6607371122873187
EWD8008,0.37171712322988026
WII0655,0.6312899795963878
RTW5196,0.4668588905935225
PXK4242,0.5846972578382492
FBW4362,0.6848638656647661
NKX1957,0.39467669861587207
FPX9711,0.4439285013006443
BDR5063,0.24040490249582153
ALG5020,0.40745706013346344
UPU4766,0.49633111114427514
NJD9805,0.15973705384687897
OXI7734,0.2877164453055252
LCI2089,0.6752299884230835
DMF6569,0.3966863989280572
GYS8804,0.6159753347077142
RXQ7168,0.5663190024403568
AXU3149,0.34248617333125
QQV1056,0.6590101274760972
UDI7181,0.5974910977741642
ZTG9882,0.42039748561306567
XKZ3080,0.17987259067110672
WXB4285,0.32419530804387137
ZFP0139,0.43059227218903706
RKY6757,0.3017970761898095
RNL9971,0.3860726674972663
MOV1007,0.42668739254819577
EUF9193,0.5597351850423096
ATY5952,0.5542644522473699
HDI2450,0.5250552698835468
DCP3341,0.7002065281340228
YVW2924,0.5188351831764855
AMQ9367,0.13481913571434498
QRH8014,0.25275807514309784
NDQ2138,0.7896438487974011
TTO9585,0.2964611831401632
XIT6623,0.30376492999669613
VFW0657,0.3889155083632425
BZD1767,0.4740492305760652
LJL3808,0.2294309692526953
ALN1220,0.5250040829099993
EGO9071,0.20139112400037568
JOC9153,0.4378397919493888
INT7734,0.20633184975439547
NID3881,0.3197789378705388
VSR9271,0.20872579062032054
CNJ2189,0.451862499567715
WQX1820,0.5265947147751711
DFR9329,0.4241355771648833
ZPL9559,0.551508323732727
VEB5415,0.24626520524019685
NDJ1733,0.5245616262711108
ZGR2446,0.3564052357179811
AQZ9907,0.532031815759662
HKN3098,0.316246210394035
GQE7545,0.5262426717943531
APS8818,0.5560407159924101
SYB1914,0.2785044791211164
SWB2082,0.29108534299014666
LLU8086,0.6086545254538425
NXQ5035,0.4707072771978944
GJX2850,0.4248895999754832
YKM9772,0.37275321113320914
CNZ8777,0.404389660975476
UOG5029,0.6560115786016666
KTY2647,0.17808301315484615
ZYR9156,0.2504648921895017
RHH0385,0.7908204500297333
LOH9986,0.7255168808365191
OLB3222,0.6037395860417332
TGM6913,0.3312627201737892
TRM5291,0.2572007679026958
JSH2786,0.1852485644962503
FAG8343,0.6871097093227423
XXI9968,0.5467906461200556
XVX0630,0.3655682602373373
ZGL2012,0.3924975548501094
CMY3122,0.7967370734511943
RHA7400,0.6026926081780268
WOT8084,0.6214579686880863
RMI9464,0.4774947095692663
ZRL2727,0.6065516335283463
JSC4855,0.5739748990678717
PIU6931,0.48997029748885135
WAI8374,0.33928618208146283
XQU0774,0.6865958961540132
HLP2424,0.5689477143198118
HRM1429,0.5053205581993927
VVC1093,0.3865140079286454
LZJ5353,0.2354036070716196
RIQ9136,0.4166833755585628
TYC4355,0.4891311852754649
USX4346,0.26914663207728157
JCD4951,0.18387076898039698
AQE0764,0.3171864453148463
JBG8345,0.6021299585121977
LRK3576,0.21684092981335729
ZLR7960,0.45424872674933314
LQG5244,0.2140657977029929
MHK1073,0.6217228145865163
RCZ7157,0.37819243051293666
SSB7551,0.5194305544435379
PXO5302,0.10706085309250694
JPI9674,0.5541843355737818
BLY7604,0.45982318489928875
OWQ7804,0.7102700714181758
KTY3963,0.3249068357480862
PPM4319,0.2652998338823006
JLP1821,0.14565684020232944
MPR4339,0.6333473130373887
SPE3315,0.2896932067750054
GSQ2343,0.4789943767665663
RRD2557,0.4942209153339628
SEH3346,0.46264311063488717
OMZ7979,0.7161511416159536
TVX0902,0.44833784329922366
QMD7998,0.39348639212699416
GIY7765,0.431830401811644
WRA8283,0.5098267271359684
VRN2912,0.4935027355847612
WOW0457,0.25511892650727047
AAY9915,0.36518377693485
MCV8852,0.3839020851423962
ZKK0483,0.45530691497807374
IUV2370,0.29243680995299415
BQT2347,0.3222009283644315
RAB0460,0.43889163232165584
VYY2503,0.21858592566034535
BQA4119,0.3681969786039636
OBX3043,0.5534334492302542
AWJ8508,0.13172220780761734
XTH2006,0.39822654286722126
LOS6758,0.2852234103523224
FNG5006,0.38173585484991895
PQA3617,0.18698869516097288
TMK1023,0.30627346319807547
KUG7819,0.7669026651183517
GEM2691,0.519259856204782
XYK0485,0.5214822412054161
KDG4735,0.6400249094068998
WGV0890,0.36522393254765795
YWM6922,0.42647338101269805
XMW6050,0.21564769429527836
FVR5417,0.579861991531945
TWB8895,0.41835984298895773
PER0203,0.27586320421573896
DAD8582,0.3124043105845246
QVW5666,0.2835110703837601
XTU3993,0.354388929965071
QJS0135,0.7626479693281627
SVI6098,0.254631653628822
OXA0211,0.4554842562155773
MSD2642,0.22716032883135928
GAJ7911,0.7499103758531276
RNJ5292,0.44408194903684856
XUF3740,0.490044342174368
MTP2791,0.43730576325960313
LDJ8976,0.5699316643631485
TUZ5834,0.5843784074438454
BWA2307,0.5339573956378915
YWO6436,0.34248219499318167
OKM6664,0.19881698621151106
TGG6922,0.3338356220042796
TGG8868,0.4768666685771342
KMH3623,0.2235138323540904
SHU4421,0.5126170159072647
AWU4246,0.27445217915369985
TKC7338,0.1531248363686809
DXZ1314,0.6625050343792647
RAC3921,0.4901606557628795
TJN6899,0.44619822581544943
NUE6631,0.5165317048773409
SPK2793,0.21396606787888697
EEV4381,0.428210517817583
YLP6088,0.3357162340187135
DUL2848,0.4043648888298391
USU5289,0.5331246426317663
KNZ9821,0.5331125294632011
ALO7156,0.2925251734127936
QHH4547,0.6122016090497455
LIX0583,0.4033838544414619
DVI1262,0.6720635464507707
SPU6876,0.5612686337162747
FYF1334,0.48413645463804045
HGT5795,0.8207694741765477
IMP8425,0.4862453694234561
JXZ9197,0.6517740139991091
VVQ4339,0.3255185814163053
DAO4421,0.24822918441738268
TOK7160,0.6127074370111554
YJS6181,0.6640639366154544
XFJ4423,0.29874280846348084
TZR7612,0.4360014794408499
OCB0159,0.3432668843931608
NKL4707,0.452441033865262
IDS2174,0.17712107641274377
DRZ5494,0.5612388309425822
DDI6072,0.5523733729167721
ZZH9609,0.4174368977548292
ZVP2569,0.6411998217527647
CUD1746,0.4409116766470036
YCV2081,0.26738114282789505
BQP9020,0.47162194005351477
YGK2060,0.38494527611797436
YKW5527,0.7899396299699528
ACX5115,0.46255387710560386
SCM0059,0.48509879604570944
LQI8710,0.4081249728878357
AGB9768,0.6829663950259188
ETJ7781,0.2824550304264528
BPL9331,0.3977084772375015
OMU8839,0.5230580153233992
DFP5387,0.2047388760640213
MHX5145,0.30090914059175944
GCH3336,0.1528909887081844
PON4432,0.5704797756332582
MLF6966,0.380900163957473
HZY4130,0.750473785573571
ARZ2060,0.4488745746734262
LKU6595,0.3204813542354418
PLL5967,0.12865917953585168
SLK2959,0.3980596538925821
DHN1111,0.6096532906922392
MPP7301,0.43296430094400457
ZZB8437,0.5319312562154441
NQF3212,0.6297402350023602
MNK0960,0.23666775129880824
PWU1684,0.4151153728459152
LWL2689,0.6579273519400499
QYI7393,0.2754332291687066
CMX2357,0.23786781659075962
SOH8850,0.46362340073102537
ZGL1552,0.24913188723314172
GNU1789,0.7100399739327701
CBT8745,0.4700276250545887
GGC9923,0.5810856872891399
TCU0568,0.18528337700854194
DXR6816,0.570449785539278
BYZ3907,0.39243151046844277
CNT5049,0.7816911975076299
BFM2923,0.40461903618943673
QUO8903,0.3783927466217138
GLN2683,0.5451744328720173
DXZ7938,0.5204106769903549
QXH6973,0.5442331788637393
VDP1152,0.8317085111363002
CLT4807,0.5407213319440493
LVU3472,0.34446205665981056
IZE7631,0.3642079687275663
CNO7276,0.1757088704795149
CUU7270,0.6863787476551411
VKX4593,0.2955603787960973
UCG4902,0.6830328660366443
ZDS1307,0.624525674039234
GKK5693,0.5125212838612618
YUJ8464,0.5922729950656038
MMY8083,0.5775203488037576
EWU1072,0.38981502796077605
TXS7897,0.6069730704118367
RDH3093,0.6878739599181445
DOQ0911,0.3684526366987569
DHD4872,0.5825802103828903
NOE2039,0.2302876171386603
GFZ2202,0.3498133925719551
TPY4290,0.3037520970992469
YOH9978,0.37684716864464585
ETP6944,0.2752436469081746
WBK0769,0.19418688220558683
JKS7151,0.41753628502060897
BLR6983,0.2659982574597615
OCR6516,0.6944688688842009
XUK8738,0.45955577447919427
TXE9195,0.3603579075817121
WTE8394,0.289788782305767
NDJ9703,0.374380025325907
FUY4600,0.5787297954138092
JMN9165,0.7594572654734018
DLW2837,0.8722674282915095
BBU2488,0.6095555372369754
GQX3493,0.3465964792349824
LTK8258,0.44505501757296917
FAI4079,0.5328758142685491
VGW8609,0.2871619438131515
XEC8503,0.34764324918337497
YIB2036,0.5378629604811505
RBG7787,0.8128885202170837
QUG9785,0.34019249952613817
AYM1556,0.3658329871725785
DCI8918,0.40109942433256757
SFC3662,0.48408245342686057
YZE2133,0.3210951349440523
YYF5693,0.6143289645136167
YIR0910,0.5939685060163922
RTC0158,0.4405561364323023
CYF8027,0.29017834312207086
JVA6010,0.508782079032481
VMR7339,0.5606872806568444
ZVQ7756,0.5355603446976487
EPB1902,0.6885138028473534
HMA1683,0.56060532039928
UDW9896,0.8021860408144278
INJ2839,0.6166116602101519
XPW5468,0.3521190759822288
EWN3886,0.31134622748652085
RLG4571,0.4033322529455642
YRT9372,0.483131398373837
YRH8201,0.7063307450049294
BRU3883,0.446251995793571
SKZ8473,0.2778667430120937
XRY4887,0.3534313148464491
ULE8976,0.6235099086611124
PNW3961,0.06135173892187261
ZLV4477,0.31513419649881536
EME2296,0.25897596694324554
OJE7672,0.4314367198180862
UFA2792,0.3893051558392002
HYK2764,0.4391790512011027
EMJ4193,0.7923497163242978
TRY9793,0.24087948682702887
UND8104,0.49579860337514914
INW7518,0.5450988550964598
YSQ4508,0.44908208981810804
KWU5608,0.7764451151577773
MKP8589,0.53808392258785
LWG9686,0.2401324300504235
KUJ8182,0.39480805537922026
DPR0998,0.3049020189716525
SST6383,0.4440257918919407
KJK7433,0.6021574624502747
RYF9809,0.6759384647832688
WSG6782,0.5411039927453265
XHZ3894,0.8472492946575342
CRW6764,0.42138128763834765
IHK0142,0.2542712517902157
KPI1673,0.434700139642779
VJJ0920,0.4992406459556148
QHN1317,0.6208321188276507
QVL0117,0.40566062971706535
CYG6976,0.33178840621370465
WQJ5266,0.7004586816354758
EFV8152,0.3918443981895388
EYR8430,0.1402075452214373
CSS3873,0.36328645371673296
DAF1550,0.27870091015249426
ARG3013,0.23388552134138407
ZQR7323,0.47868210859250215
PSP9513,0.19388227830005714
QOI4229,0.5419342971957823
RKU4120,0.3008998192629606
AYL9666,0.3396012732737006
LIG8137,0.2675015651107826
TLN4120,0.4054311245028118
PII4855,0.4865712028239899
KKC4781,0.6250120068559867
UGJ9148,0.6332119416255395
NAH1937,0.7196859235469417
IBS6724,0.31744895428656417
YOM1813,0.6476027230844184
UQB5928,0.21696511401774266
EXM5263,0.3708630531729761
SKZ9545,0.39620494304284126
YXX8481,0.5939864940190143
EKE1509,0.6063142489347195
XFH9691,0.3413679209605991
YSC6667,0.5779411720106957
HJA8242,0.575002561875044
MMG4678,0.7616774763266931
GHM3350,0.22450863520112993
CPH4470,0.3148997116652332
RVE8333,0.5831910677493757
BJQ8824,0.5872915189566881
APV4434,0.5690208500848835
GQX9495,0.5791719591071217
LFE6178,0.5289237342097566
SUR5735,0.5670521877499168
SOU2853,0.5246382192878853
MYB4068,0.3184965279086785
HOI6711,0.3601380354039865
IVQ9537,0.4982260097125102
APQ9887,0.4315045797246515
OYI5611,0.5124669265318635
SQP0394,0.4587179960704666
OAD9860,0.7173204432317382
XQI3680,0.5325494253576308
CQA0273,0.46489853879388154
JZE7318,0.3548746597249985
ASS2736,0.4171584482336187
BWM4784,0.7955223447987042
HOZ0409,0.5528624610698705
MQR7431,0.6181272009885945
XHM8073,0.49791912966424645
XJP0014,0.5500452731202213
TZC5853,0.6285479243401206
GOO7415,0.6381889187902854
JHN1039,0.6709802276508744
GJC1812,0.6589939804950666
NGR7410,0.46876324677843495
JOP3400,0.40368424164150857
IAQ2910,0.6512550125550742
NKK9441,0.29200594072146346
JWQ2070,0.33804003340741773
FUA2972,0.46365613004059864
OBK8154,0.41436280905400946
LTX0849,0.609039019366592
RYG2522,0.5621133562781349
ALN2547,0.5063018409063558
VQR5900,0.5854115245673188
YXW0430,0.2779066404138414
QIF1562,0.516887826205255
ENC2948,0.7027355478265553
TYA6116,0.28569537358039376
MYN2101,0.8225274551661907
MPH1858,0.3716052569063589
PVD2935,0.2524969648412422
PQA1895,0.5144418694108651
ZXL4357,0.6040552597401136
FWN0813,0.22457506402513625
FJQ4108,0.38534370145208474
OOX8926,0.1673795027313857
XCI6898,0.3965445230535908
JLT2782,0.46096131399612295
GXY9486,0.6410962479794257
QSF6937,0.4189728809736641
DNL4265,0.399343231229092
HXK2025,0.48523398267667495
UCF6307,0.9025518238831008
TZZ4995,0.5763027695507761
VPW8963,0.442502347138999
SZC7086,0.3212868003653856
RKI4428,0.7716518726741631
DSE7424,0.5871080982162785
BYK2560,0.49392157133234793
HCV6851,0.5914212961872554
MCN6330,0.24521615674880842
QHX3606,0.5856266375995199
LIG7352,0.5384143716982064
OCB7121,0.07556936470402868
RND2956,0.3657636660208249
VJM9312,0.5258764401709033
CNI4759,0.48090721869631536
XGX8361,0.6260859945073849
RSN8872,0.692340095425956
WUJ9752,0.5429048669961413
ECJ7109,0.2556123413436833
VKN0521,0.607096799544814
FMF2687,0.7076575741089249
QRN3278,0.4655601718276912
OIK7662,0.6847097168802556
WFS5713,0.3554195274115507
RKK1023,0.29208983437980796
JAC6138,0.5935034181969494
YLK5805,0.3977182787683261
CJI4621,0.5887773699298813
QAD4256,0.8443487856501
FMS5517,0.5870384206289908
QEI8904,0.29306456121773233
FKQ4280,0.5391203542903662
DNM6555,0.2382060288823073
FXD2467,0.36604785134857987
MAA1936,0.5656004604182719
LCQ0642,0.34290141454160694
IYR9562,0.3025491467356116
ARI3219,0.27054005640167156
YQX8862,0.7770969619182195
QNC6999,0.5169406107216509
FLM8038,0.40399366089710764
EOW9067,0.5892293162719813
DIY7061,0.7604892077490151
CMJ9389,0.41924425879066074
FKB4069,0.12426062567942882
CGT6928,0.6117398371758976
TLQ3658,0.5095646595958117
MHQ0302,0.5972181603463362
AFK3676,0.4074199365219402
QRB7722,0.6408979055861193
SJC0158,0.529602375509525
RCH3812,0.6710331792292348
GEN6842,0.3627509810799193
FNE4328,0.49708672308453644
WXG9684,0.5571086102246805
FCV8286,0.4861120459241276
RVQ0084,0.2376889826632948
PGF1168,0.5366106201210731
FTZ5809,0.5096121338037723
ZTK7324,0.4196338059271522
XRZ6099,0.5809423428099506
IPD6107,0.5484587005351964
PQY5066,0.37462205763688394
PRU0629,0.6983282123078973
AYP8708,0.7472669946168745
OBQ4700,0.25701081847895524
UJR8468,0.25070973024056065
PXT5309,0.3572881679156151
POT6788,0.6877112825049316
JVW1000,0.5666452154007293
NSK0652,0.6899557644988541
ICA3637,0.23304232474568443
DCP1085,0.34794320463633865
DCZ6187,0.32426644774502755
DFZ5791,0.77522598867223
DUI8399,0.4182949038362975
TGF8462,0.4397240843520028
STK2892,0.17855947313753556
KGC2143,0.5664944016461153
MRJ5417,0.641116131017863
KNE4875,0.2701060041414548
WWU8717,0.3829843720608901
XBA1009,0.35800736305076747
URC7565,0.47394010543594894
FGH8879,0.37647694768619183
TDY8258,0.42549312034236264
XYG9380,0.14951776632475708
VXC2814,0.41562240949693774
LIX0857,0.5519001754143553
WIV1316,0.4480533543132797
WJB0796,0.4612822546659281
WDF6414,0.392603683273806
RMW4668,0.5897628780182114
FUU6581,0.22268114280003548
XMJ4060,0.5516038171294906
SOY6474,0.5530472064773151
ZRZ7446,0.731131364379108
WUN0078,0.3611909201095499
ZQD0286,0.48710283066614135
PUK7832,0.4356888787927873
CBW5745,0.8316173934328637
CZN9299,0.3119638119498057
WRT2255,0.5770795460232281
UQF2952,0.35128793112620693
RVM1295,0.3363687135404571
PRO7906,0.3516913575680044
QCH0078,0.7231872495786711
XYW3022,0.4221662963313496
UDJ1243,0.6229228215924009
LSM4498,0.4573429838897287
PHI3536,0.6365218939637187
MPU6302,0.4162661925658303
LYN7774,0.08717260012932679
QUS1468,0.8100577893222072
OTC5448,0.2798183946617504
XKE5180,0.3081403899323424
URN0347,0.17206803028842632
FZE4687,0.416464141675853
BVQ7673,0.7026552790586681
EZM9452,0.21775988910463
GPS3302,0.35726222452209594
GUN5844,0.3460543025174009
AYN8791,0.3778527223979373
LGX8830,0.34553469944545456
PIY9509,0.3650881106828789
RUW9586,0.7423941804464825
LQL5669,0.4163816342316493
PLO8760,0.4074260453702909
BGZ2838,0.4226852194905577
WHS1751,0.6832060006678232
LDC1774,0.823470670282764
AXJ6702,0.3566097352522737
HCL1779,0.6591537567319457
EFH2183,0.22432742404252665
XOA3736,0.5060328159655412
UGK6327,0.42215892508999264
ESV8661,0.6930804693564614
MZE3278,0.4479076024953289
CTL6582,0.6327115981162337
BZD1651,0.6056907508404356
SOM1304,0.19901739427888515
GTQ0095,0.5608809616371173
YYP6016,0.3262811037973218
ZLW8020,0.4923850112962684
LGF0331,0.6316519295131189
WRY2911,0.5536874302059089
INE9421,0.15248250136680136
ZYZ8989,0.7886005114632919
TBI2765,0.42294403663392677
ITS7667,0.38321600984282644
ICK6739,0.44860362963825795
BXK4237,0.3834650079564216
VNI7499,0.371422733716512
GCU1033,0.5325753913341271
HUG5452,0.8574263536376021
VWA6897,0.5657166935808633
FVT7281,0.5064905773578268
LMY8193,0.8689073034029587
NRR7838,0.5797396223090615
JXS1528,0.4790649924199537
GTJ5916,0.5232669630954645
ZVO6581,0.4903456092922588
CRM6164,0.5737207643811875
TFC8917,0.24250757579791754
LTP2350,0.4001438596915474
CCJ8697,0.5203510523293964
VUR3194,0.3500865698454818
MEG1780,0.5216835143423236
ZAA9723,0.3995741928432688
RPX4079,0.27411842345782644
SOM0507,0.458222763608515
LCS1549,0.44112876781310706
CCV0759,0.4526829847552015
QAN7266,0.5145148979634198
PNL4797,0.3322607363827267
RJQ1884,0.1800808714325861
DQZ4278,0.39462081456887893
WFG7626,0.44496419972477463
POT0131,0.6154012613379869
JMS5345,0.4626223319466257
RGD9707,0.44236701722141963
TGT3516,0.5588546127896826
CBI0263,0.3520927879551502
FTN7519,0.382501101274476
TWG7257,0.4797632718500504
LCN4343,0.47081623322599575
ZVL6847,0.6311283102985734
CZO8241,0.3828297135994919
CDO0664,0.4182948666868186
IEI2406,0.25630490413348356
JTE2790,0.14479288442835836
PLX0698,0.5757993563229251
GQF0238,0.312520029206792
DWC7982,0.42690111631786554
FTO3822,0.13901778358753197
WEG6221,0.3642006416261233
AZG2944,0.7840144614251388
XMV0741,0.31917881553514005
UGH1295,0.45596439117224163
HQR9335,0.38171947370640935
NKQ9327,0.8278386062578736
XTY9372,0.51599396627666
EYB1405,0.6154237724258929
AGO5581,0.4199069399785585
QCB4606,0.6645500348289786
XPY7960,0.536412073715008
SEC6669,0.3112545433580956
QLW6555,0.5625242064216258
XLG1609,0.4424565494808795
HPI2607,0.5689455597851782
EVB4443,0.7582865098300906
ODN7655,0.4485539856488951
RPG2644,0.5732461326366584
OYL2687,0.5317261467896771
GTM6270,0.38394635312652825
BHF6755,0.265450833825578
GJK9666,0.45707625580393896
CYF6186,0.3103166657780608
FAX1132,0.2503554263040654
OND2893,0.6335306751674132
MWW1847,0.3335501455032146
EDM4225,0.43692518553189225
PHR9695,0.6346491348646379
AEH6740,0.5093278657546161
ZMQ3615,0.40172519003440876
GOT7201,0.6614848223216045
ZLQ5494,0.7020772130941847
KHZ2516,0.4203724123038185
BVJ4973,0.5558176853374168
CWX4561,0.7052894236116556
GJI2743,0.4357474249080173
OMG2647,0.6017950491700604
FUR1115,0.2514914526834343
FCZ9083,0.47695289276435693
UFL4356,0.2491317397322881
ZBS4925,0.427729526418551
HPB5006,0.10038407900968689
RSG0748,0.37523515997912504
CBF6533,0.28989431828375867
EKV4020,0.39125166934682076
EWQ4926,0.16909345760768968
MSK3451,0.4254958044215018
YQE8855,0.2551202483082511
OXR3527,0.8047173048791112
DOZ1481,0.5898701465437579
OXP9987,0.28718051968607355
ANN7983,0.39606271110500807
HLD8743,0.6659220076801773
VTK6628,0.7419845219244652
SRO9037,0.25133026869333935
UBQ9686,0.6761764789074665
MVG6267,0.3231920563835987
EMO1696,0.673140369798153
TGD1798,0.4309121070944754
FHK2988,0.3646032477509582
XNR9052,0.7885587894475219
AXR4132,0.3618762911382642
WGH6565,0.44964830819026724
FML6794,0.5074288282458024
DVJ9838,0.7204286548650692
DIC6615,0.409980856638263
RBU0373,0.46650487667296137
LVE5589,0.6085506815121062
ILK9645,0.29012185845593974
QNO7435,0.7312383767595108
LPL3544,0.1809194168680781
DZS1655,0.4944809748546284
BMZ5036,0.26210316384600674
ENQ2648,0.08363698404938509
QHS5121,0.2990246184739165
JRU0425,0.11342368855330895
AJC1854,0.5078753927024993
BCI8265,0.4729577158716562
LAP7008,0.5050779163304195
PRQ8360,0.6381747238156219
WRO2076,0.46673469202377693
NBP8599,0.575815633426416
HXZ6061,0.4780396747253506
RQB8738,0.6110661232937966
WQX3133,0.5266558839069988
OFG6256,0.3101855917578855
CDG2022,0.49988988926902644
TFP6421,0.2788993365314178
OWX9646,0.3617662315376252
LTT8237,0.5866242376311468
BOF3129,0.3289071253992121
VOW9109,0.6519112868838777
CWN0691,0.5177806717904843
HYS1355,0.4174955724030863
NZJ3062,0.6741833718360795
LRT8091,0.2900395221834523
QSG6295,0.7064884067214419
RWL6854,0.24861704337833815
MNM3630,0.6528052688181214
YUI6791,0.3663331637348551
FJX0190,0.3999500474782856
QQF5096,0.6454894287280207
AJS6206,0.7609469422910465
STF2875,0.7639679470892642
OUS3364,0.2949438830247806
GUC8571,0.22353481307946882
FXH1573,0.375832134181813
CTI4900,0.5026582117514303
BAF9737,0.6480465612580235
XPJ2696,0.42756655046807723
HXT1930,0.4487254341323591
WMQ8645,0.6978242388637246
XZF3932,0.413198445431102
EHC2456,0.535783077028978
WLR3209,0.37133674431150326
TMW3776,0.5042916836684298
BYI9884,0.475987370008894
TVL4976,0.5428645881278544
JMS3751,0.5340110979895324
EHD8569,0.5544956437385041
UXK4747,0.565194687240753
KWC7487,0.21233641546027593
LME1343,0.18550860270424752
SJS5024,0.5180882123528742
EBP0107,0.48971954772442583
MXW7089,0.473223328794215
XLW7075,0.5432988047052516
VLE0044,0.22100043470441144
MVW2125,0.7397951673967917
ROL3261,0.762955931731182
NEF0732,0.6254122257403747
TNH4937,0.371068843150581
NHD9630,0.5355070445444928
VBV1330,0.29097449588337304
NGK5798,0.28860231377868073
TIB3609,0.6934788204552609
CQX9257,0.7015308222942569
JJB2918,0.5742687236588984
QGE0385,0.20758329330334233
XPH3100,0.2539020206213905
MXQ1607,0.18708627671225797
WQB9441,0.46977219660833813
IFX4669,0.6184433998390312
LTE9151,0.404086038626684
QXD6741,0.43294124675736084
BTJ7572,0.34281971009416295
ILG3077,0.6258770897503291
IQM1201,0.38114818660413063
BLE7111,0.18531954415200164
KAW7370,0.34477148446804795
OAI3127,0.5958579202344066
IOJ5332,0.43932674125331944
ZSF3534,0.2153624142778154
RQU4937,0.41340114502008174
MPZ5602,0.3087191055443097
ZOD9642,0.544106184214289
TEO8067,0.605988752344587
TKM5696,0.4822463787961554
AOD2802,0.27292644432848695
HUK7613,0.3775989741700843
JGD9511,0.4719587514035749
AYZ8798,0.6430863082714816
ZDM3945,0.39343859537613546
LTH5029,0.4445524923109665
MXT2148,0.5488829164540451
GVM6956,0.4159634959935302
WDW2862,0.42498628070680733
QJQ9522,0.35023158555301637
FRU3187,0.7080638378977698
DPK0141,0.6780489110542565
LTR5585,0.3951587546531756
XJF5775,0.3411633093109231
TOQ6204,0.7318597539430689
QXS0144,0.5912663055164977
TBX5804,0.2863842707011946
PMY9951,0.27190611058992975
EIV4595,0.5362998426409564
YUU6633,0.44108601916508744
UGJ3843,0.43777744696913734
UWK0037,0.7559153332840056
VNK7348,0.34753175841061873
CPA3848,0.8837122686518211
KPD9994,0.683113860159018
KCJ9439,0.1506320932410474
PEW6534,0.3758118794669715
RSC8075,0.5630117536799677
YCJ9085,0.1797437654430734
PRL0472,0.6906050880347774
FWK6361,0.473386690110434
YLG8442,0.3888963672906648
GEH5854,0.485212450135204
SAL7389,0.2794410746668466
YMS7341,0.3906517737012549
IKD2768,0.3973851528211342
TJF3331,0.5150572947942136
KWE2891,0.2967250331897057
ZKN1526,0.7193816985167095
FYN0193,0.6072957728808768
LDW7977,0.5857828862787253
UHQ3906,0.39207478940258006
AZQ5561,0.44419398827918055
PJH4687,0.595120226859786
XKX6806,0.6728638333741104
HAM9575,0.3348031677083637
NAT7573,0.38110682638246807
EYL8899,0.18885232525071127
GTH7212,0.4237239017070528
QID8015,0.28945229981628995
RNN0054,0.5276465438405721
CSG0726,0.785149376763678
ATT3526,0.4352679311913895
EFF5669,0.4364960958608657
YZY4981,0.6719644551526599
NKD2183,0.40932959056250295
ZRM7482,0.39119308147248777
SJK5331,0.41743547611571663
GUB3614,0.5921827561344551
NTC7862,0.8563447705404481
ICO2684,0.2197083593650224
MVW8128,0.21284161632451004
BDS8123,0.3925367254533865
YVT3141,0.14877241566626387
RGI2704,0.5035457631972935
HTP8585,0.6398651759187559
HZU3585,0.5814607040067085
XSF9432,0.6033988689944008
NGC0638,0.7113540778522015
DZE7578,0.4351728011383317
YDC3343,0.6668446474811196
FDG5520,0.5387308938117852
VEP9395,0.3756595567259329
GGK4791,0.27712735908899333
WZS8541,0.2679608552696008
QHX3936,0.5387060419708314
QDG4818,0.5357955232176181
ZUQ7887,0.5669273435866697
AGY1309,0.5072943404934576
UVW4100,0.4100626980909412
BWN9219,0.7617644126934383
FHL4572,0.7142556328182921
HWT7241,0.4611286362589656
UOV5896,0.22505126580248166
RMW6133,0.2015816063177795
QXR6850,0.131285722722023
YFQ4304,0.1679457993494502
BYG6143,0.4607585796827425
UCW0671,0.5647753149145174
QDL1220,0.3100904724109411
RPC9516,0.5130061607281148
LIX2357,0.7179381000021431
ARW4463,0.7275469023076178
NER5135,0.3796952727525652
TIT4262,0.37297631002783194
KOP8740,0.3555436305534799
ENR5341,0.37568968673007447
SVI1672,0.6473834473848032
NJA0713,0.2654847873483437
CZY8688,0.37223096884807616
FMS2015,0.17114291515109548
QHK0296,0.3952175501830171
TIB0285,0.29405684534663035
KWF8147,0.372238269930655
MKT7416,0.4980615351077542
BAS7787,0.6268887690337235
WBA8393,0.4458146815724781
BPN3486,0.430743594544597
HMG0854,0.6766144705198301
BZA4231,0.5123726383413014
OPQ4102,0.7215133371333773
LUR4054,0.2814379132566228
UKX7997,0.30855401309656405
BAT8245,0.47672789262557713
GUE9488,0.646630775840041
DNG9558,0.7781611087590099
NEP1395,0.2066387466579203
YFU0433,0.356337830145963
OWG0002,0.26912189152419663
XYQ1238,0.2291917998353509
MTZ3600,0.42872061419656793
LUB2819,0.656843804089765
XYG6240,0.70769336122647
BYU2818,0.284449860379916
YNE0190,0.398792114725551
XPB8615,0.42731290628255914
ANV7632,0.42366956768396447
UBK9497,0.2635733126287805
QRB7048,0.4628220866309145
SUJ0543,0.6546370779416646
OUY4612,0.84740504697478
CEY1822,0.16725222780734572
BAU8123,0.34287605398815635
IJY1244,0.4109682466009331
JAL3784,0.6657024348639851
NMJ4281,0.5527549705305161
MEE9328,0.4353678019163934
WJK2404,0.4975783585903557
AKW2898,0.5998998000159808
RDN5018,0.31928402372626424
YDN6409,0.7373824058170944
HYA0471,0.693258558747653
KAZ7187,0.1794089309063932
TYM3126,0.4589772525082
KOA5634,0.40074914864328903
EMR5325,0.5827950907721968
PFV6163,0.44315501325383333
UNY3920,0.3601330786917864
KUT6020,0.2906572156487499
LJG4273,0.40823864803240106
SDC1469,0.1934806318521139
CMU0635,0.43133058438062954
OSN6352,0.4434794957522284
TME9410,0.5753376437236891
WDI8148,0.3147656854279368
PPQ8383,0.5262381469495994
HXN4016,0.7202558778853794
EPG2440,0.7109097570419914
DFC0443,0.5227528468467982
NQL4457,0.6296491345263253
