ID,Target
DFO6773,0.4711242088298636
ACG1537,0.5880619884073134
DQL8503,0.5564705079327834
SIM5667,0.28534642321859166
CGP5642,0.1771646990930405
RPR2789,0.23539614391238664
HGL6434,0.35983927601356447
PUI8765,0.5349312440902548
RQE9284,0.565940654580593
IBC5636,0.6126849760365919
ROD6708,0.6673794040502438
PVG1848,0.479536191778201
THG3807,0.3506447649812814
VAU3040,0.6374615711747597
DWL2697,0.31030052103152406
ZAN7304,0.7143849649094329
TVE9995,0.2196210516221655
PCF6080,0.5499726814276091
UPT5060,0.4889451748525026
HKP8843,0.5326535380231913
QJU1928,0.33699596497786033
ZON6991,0.3592690936886044
RAE1398,0.3296516657228459
SWH4514,0.47674270254423823
IIG1667,0.44154254577371294
VMS8326,0.4464978415011936
GRQ7156,0.40643728778181354
CAE5003,0.4575846657217137
FRS9838,0.32798662860371464
DFN4452,0.7335175002415747
GZO1321,0.13213462548466062
RGA5708,0.6213930862744442
ZJV4081,0.47808120803755305
WXI1643,0.2780665301382815
SBD7132,0.39253104659063537
HZL3502,0.7567709964980641
WKR0537,0.24586556538397036
XLB2397,0.16805119289310705
ACA6327,0.4268364832027195
IOC0400,0.5609962822853359
UCF3461,0.2093100992780838
EAH5172,0.5634069692479439
ZMH9077,0.7079583734941987
ETP6377,0.51504799315984
BRN1398,0.6073505225325257
PFW7493,0.5946971179880849
DTB4517,0.8468053731973908
ILK1949,0.4551673940905131
PBE7941,0.5228278805438206
HJR0365,0.7229091071893016
ZMC9606,0.7727204510668723
FLT3646,0.4252991097675586
PYI1436,0.4954557554018783
MJQ4939,0.33596821475816824
TSY2603,0.828446998829576
YDG0242,0.7863412907742656
SIZ1523,0.4706290989341676
HSD3272,0.5789290147382875
QGG9170,0.3373135344603037
KUP3285,0.2554485064310214
SRM1677,0.5606946127111881
WUA7908,0.42551069219546617
SID8395,0.1889540642669511
VOK2057,0.6785807029058637
XZK8217,0.6479213987672852
NNT9148,0.30064598315647634
TMJ9163,0.4652444799884255
CNL5625,0.32301619490517613
LDU1725,0.35233170268844827
MCZ6471,0.48205970255624
CLT8952,0.4706542344400767
ELK6989,0.6171034757948682
BBW4784,0.2119965699378896
QAY3817,0.7414146595989413
AYC4715,0.4214571852197123
BEM7158,0.753773288886389
BWZ1441,0.39646198877440775
UBF2009,0.3635961774155319
LRC6071,0.7492682407804632
ODN6164,0.7058139558375237
AMQ8363,0.7802088315007512
XZQ0660,0.5223174161185681
BZN0084,0.5278091195811441
PMP2691,0.39181330192076436
ETA5284,0.6546106361377539
OJY4163,0.4817667188942713
IFE1361,0.6185899912903393
GIZ8603,0.6985501654164068
OZI7954,0.3685712086232361
XLJ9298,0.6072986931041074
EPS9448,0.6869564441985084
DKV5123,0.5287568026469759
JMM7357,0.16066382800528173
BSP2705,0.6723366879655492
NNH3400,0.3933826358513839
WYY4670,0.4382630678706943
PNS7835,0.3787704966680755
ZJU6296,0.23114293257538202
FBV1095,0.6474488978018439
AQY6650,0.556607659302896
WWO8325,0.2976250277798381
UAR0401,0.3000293248236212
FFJ6554,0.2332179866956893
HQA2546,0.5342865763398722
TIO2245,0.5193672569139203
UYC8813,0.33402493451780535
TFZ3535,0.7378908206445433
WET5158,0.3739560148573548
TYB4328,0.6012729682547835
DJW5769,0.5571859033315728
TFJ7526,0.646234401788206
IME8210,0.5758704104743987
XAC2820,0.30061400071707467
BCN1457,0.35995399365229275
ZXL1102,0.8032991555428675
NNR7100,0.4617166909415474
LZL5785,0.6342383238407595
HOJ4432,0.35967734895714315
QCK4637,0.32187116924376286
ZVA9791,0.4425673091101747
QRJ4411,0.5456061506136864
UCZ8863,0.4498743128885289
MKX7122,0.3814370834180232
GXA8899,0.5538876050518887
EAX7700,0.24330387087258645
QOH3789,0.633222825600913
NGC4355,0.47727536954704536
VJQ4277,0.33973762208004477
QZM9978,0.301366231003904
TAQ3968,0.4704427256362349
XBQ7957,0.6611207054274539
GUP9966,0.7215925883117473
IZD6170,0.12354358122167095
TME9261,0.25050859008598214
DJO2039,0.41281619234862205
RSA0679,0.2497854960153379
SBW0791,0.8566484223331613
QSV7106,0.44817243525886663
JMP1245,0.5604588300891614
GUD9321,0.5304422428377855
LXM2954,0.6008432137495584
LGI4642,0.5925865766000135
BQS7913,0.4628139348015185
XJS3739,0.614214818776477
BUF1276,0.5184892530642159
JTC1315,0.290809128122217
WCG0333,0.18446166555395901
AKV2947,0.21093638976038392
BTW7748,0.4899456960660338
OGY1474,0.36980752294036495
SSC6417,0.0974543019967623
RIO4406,0.6643284641903852
RWS6732,0.3587910279149741
PAY3626,0.36895575673310094
IWQ0772,0.45799705245752065
CQC7476,0.37733852875821583
FRA2470,0.42818959503008397
LBI8368,0.3339959768170725
VBO9478,0.3999856755225871
XRQ6385,0.3538276066989408
ILW4257,0.28165118183286564
GDS1490,0.4297837169949402
PXX0426,0.6687382506488617
XJM2247,0.2154282871334554
DOL0347,0.617180985438499
WFV1019,0.2428157036334741
UVT5968,0.2653098174700568
BLH0526,0.40786103312041927
JTN3703,0.7750239071687323
BCU6206,0.7718647604077865
UTW6518,0.4502514450349713
AQN4052,0.17509715149081756
TMU2581,0.3504478216781329
EDJ3712,0.526875256993901
VTR3659,0.5869467191232057
FDI2651,0.2605631292537017
OHH3383,0.49591833208461805
XVH7995,0.29610332344524587
IVY6009,0.5188255610794402
YDN1128,0.18552209182350227
NEF1312,0.6060568997368356
QEA4547,0.4579403911715404
YKQ7318,0.5912381105001768
ZKQ2426,0.7023762865666967
YJQ6360,0.48222371885926896
YDZ5100,0.2866748852624345
LTT2841,0.5882457664027972
TWU6658,0.17696338348836443
LCW9731,0.31817177159117105
MKT5578,0.36368653198360035
DVK9351,0.5258803845988286
ZMP8248,0.23204803573554122
KYY7821,0.22897678242734212
AVJ8974,0.5384506125392121
DOK9100,0.2763276379442036
ECD7626,0.46515236504332963
YNF2554,0.3799412416456741
CTU6321,0.7332107657102538
GMF7103,0.3220369564122391
BRF3061,0.29388472811461036
RJB8313,0.7096067953404618
KMC2649,0.37319693163602186
AAL3606,0.6311181930181651
KIF3467,0.6069420622783238
YBI5203,0.5691021221685906
WLI2207,0.4835497082445911
NXE2716,0.14657421651243283
QDS5954,0.35368396382504524
EKN9573,0.3658217785712567
FNC0226,0.4332072196928107
SJU0287,0.4003170623902791
EFB6786,0.713127216087706
UVC2479,0.2273259769676534
GST7887,0.2188998274728553
IOM4923,0.19041880237845563
SZO9257,0.5008697990186379
FSX6639,0.32656884344732
EIH7872,0.6027997959847584
DYV7545,0.4674110684909075
SQW3453,0.4410022068800373
ELA4440,0.4761573765434707
VOX5185,0.4108267988857481
ZKK2844,0.4637099071460569
OOC9500,0.5034254960279071
HIG7345,0.5743447233437008
UVQ0146,0.41234050285750745
PSS9989,0.4311782320219885
VQN9394,0.7259695474798634
UGY8965,0.6484225649728611
VDG8451,0.6605254995988776
OLT9843,0.610525004343102
LOG2264,0.3443457340750013
YFS9689,0.7073721211215254
GBE3000,0.3940739921491791
CBK7888,0.33618324899847923
MSJ3134,0.363768307147458
MJH6242,0.2715730347351632
YZU8809,0.729706460246631
CWG0188,0.6763566813349302
SYG1986,0.6928386325863073
NBC1180,0.33283437610996264
SLW9447,0.49499941853237983
WYY2045,0.6122632578132112
MFT2817,0.35391936723638967
ZGJ2969,0.7706963975642374
CUA0202,0.3716924307860901
GGT6416,0.5985345864508307
LZU5185,0.528475020517685
XNX2676,0.4144665427432252
CFI1200,0.7564340443495474
PAP1874,0.3497400936551083
UPZ5905,0.5282881953355132
DQX4472,0.7841850024950043
BZS9230,0.18028928847572298
KQE7116,0.4493356268687834
VBA8686,0.7887758814006617
PKJ0136,0.4309141120159842
TDE1710,0.25226533892486686
UDL9511,0.4934489966395445
OJA7544,0.6124323036082907
WID8415,0.7019371899052125
IXL1208,0.5864312943582898
UWT3931,0.6304512340478514
QGG5977,0.22529955123061246
ANA7964,0.499733489535744
HEF4116,0.7021995843195149
JXQ5032,0.29585211694919394
XRU6956,0.611929632666518
SME8030,0.4124104340076925
IRZ5669,0.7000077120848308
FFX2740,0.606750610914433
JXE7156,0.30868797710822476
EOJ6968,0.41106558599407633
UKH4457,0.33180523157145647
QSD0662,0.46788051062831465
CDH8767,0.4358489729690754
NCZ1766,0.5254173191398536
CBE7721,0.5937356221426412
JAF1807,0.6913392664317284
VZE9639,0.2798852648859795
QVH2896,0.3351584248657572
SUF9796,0.36607312222954114
KQD2227,0.3082614172305127
OXN3636,0.4179212920627938
EKX7884,0.43756398308649874
UBB3172,0.3146359477671038
AWZ8951,0.26713086378540635
COQ6853,0.5084347928032836
LHK8813,0.4594994904686423
MMJ3810,0.5373043815072488
DQZ9725,0.20190100834296448
CVH0937,0.4973370402172913
MMZ6751,0.5749410031166935
PVN8363,0.29969904708891437
XWI0820,0.7331876295655524
FSR2001,0.7385696936216853
JYN3021,0.47152214456338254
KPY1302,0.5950711255511939
IDR0248,0.6329992212728851
LHN8416,0.43956313165732125
XRI5806,0.7199752375797672
TAE6093,0.48508335454042084
BUU8360,0.844970216295823
FJP4956,0.6340988263790203
VIG6768,0.6494342481174739
WYD1366,0.5332938948477552
EHS7518,0.5734773412313583
QJA1196,0.5259380114044804
WCP9282,0.7083167383088771
ELK3640,0.6794149125935992
IRY8613,0.7758978127049708
IGR0423,0.41465698043524774
YAH1716,0.5933692279355512
OBG5674,0.15984525136521838
OQQ8607,0.4375378331517454
LXD9398,0.348229482693078
NGV1153,0.5304912469621489
IRE9130,0.236409776785445
IWL0174,0.3354351716416714
NCY2045,0.23349096797952495
XFE8683,0.33223865239989747
FPB0008,0.504780921383855
VIP0940,0.4830376455723963
JQR1894,0.6972470349267648
ROX1611,0.18223614112248937
ALM5771,0.22078458135386494
LEY6688,0.11490176935670228
VGG4396,0.32426283162352615
RHU7416,0.4566265293985029
MWJ5507,0.7236055708603286
ULY9181,0.5636942039308325
IMG2600,0.6269300778452207
OUP9451,0.5828835704208009
MIR9240,0.5726838726985368
ZRL9800,0.7834755761382703
NWC1345,0.20508648282825548
VNH1391,0.3836324737373496
JXW4828,0.44638468902110684
VBZ7199,0.4005117117656001
WLF0421,0.3000368297651799
UKR0792,0.7501829949803851
QJF9545,0.2693925239253778
LEO5692,0.47349050805560816
DJG6508,0.7049743505849129
AOE3363,0.3962537792422744
OSU3876,0.48952770113190025
WMS2804,0.3378779391212216
KRN6708,0.617120472262239
IFE5408,0.20038403316055217
ASP4223,0.5058472566832124
ACI7391,0.3735028603009493
DDA0281,0.31408327527790825
LIH6429,0.10215851800517058
HWP8777,0.7322516151596083
LFJ4299,0.33301687170774563
AIY6599,0.48122255993016383
QRB3811,0.5313635603789215
FUE9670,0.5931844252046912
JBM8920,0.3695625514000927
MYX0246,0.4581535329576122
CTC5913,0.8080413468092622
RZN3717,0.3776034411019464
NXF0575,0.5334140876677498
QJQ5816,0.20544308012195936
SMN2492,0.4815962544219285
YNS1825,0.13386834088442354
GDM4311,0.34756972680591874
MPQ9948,0.48495178280456575
BSI2741,0.45047634800907055
MHT9814,0.3934339370175722
KQW4336,0.6650182682358655
SGK9596,0.5567146599366909
WYI2584,0.23051958328957475
JPM3125,0.2295025852622691
TWO6625,0.5741169204332366
ZYR9195,0.25391879647502913
UBX3089,0.32501447385790966
HIY3832,0.21244834599908266
RSQ2014,0.5153623327184702
HBN5862,0.3110615429221385
PWI1151,0.5675951426471103
VHV9062,0.34693683501343886
TNG6275,0.6362838987689168
ZGT7648,0.8537170501518488
BTJ5094,0.7274357743381945
OWQ1317,0.6761349481640171
FZJ8283,0.7126978224219134
AAU0759,0.6641001430278777
NXH5986,0.7232930873235787
UAC7517,0.6668913947213875
HQD4364,0.6321865679797715
SRF2584,0.40730561190308556
YYA8087,0.373136378145644
NBA4065,0.30226863404276394
NZT0627,0.12266007311015116
OEB8359,0.3171209375099467
YPR6624,0.41613728746754675
KCH5008,0.40796495503204583
STC3523,0.6499040629940094
MGY3123,0.562968726908425
LRY1938,0.5393443481700604
SVA7219,0.13915250025399803
DNC9467,0.6827713074231063
LRC2676,0.47087429955085314
APM1038,0.5726900695811368
YJZ9859,0.42530342747279837
VYX7142,0.5038310307688467
MFK2019,0.3585634862237108
FPE6810,0.5308167894741048
XBT9674,0.48194121150652286
ZPG6061,0.4610116000703652
FCG9088,0.366111938203312
URC2367,0.18410234502414213
EHT5699,0.5450537676914986
XAJ0279,0.5262940832137827
ORX2274,0.6920146692804432
HJO8517,0.5255322829273796
MIU6675,0.52244567294364
GWB1362,0.6515077079656943
GJB8260,0.3252371649055433
UWX1200,0.699272123556207
JXP2884,0.2985414413521679
PNU7995,0.3072033490044253
ICK8620,0.7648324969919527
YVG7100,0.4130405141979868
ZQA6204,0.5786862143593483
PNP3590,0.45050781065312206
CTN4936,0.7369707621317556
AFE9344,0.3471078417040151
HJG7797,0.4053482127603264
IMN9206,0.5782572192559196
JAD4840,0.5935787411741208
KKE4285,0.5092921599603125
HDB0095,0.6844277051454922
RCS8492,0.4145321433390364
GNF9509,0.3801244828963538
AAL3161,0.39972767566849754
TGQ7962,0.5132054531347
CFF9202,0.29957694778033694
CMF9347,0.6684020820766435
CIB2416,0.39124693781253583
CBK7203,0.5265487905681135
MRF2491,0.37665209839709973
JMG7680,0.36536014816840207
RTC6762,0.6691072350373284
ZVD2009,0.6945606976891714
WFP9497,0.5943196541027443
PEX7134,0.2980975079907114
FHA1852,0.5466416284710546
UAO4501,0.33290948778901536
IQJ8723,0.5630159627679905
BQL5404,0.46182156101263816
KLN7250,0.3045106052601739
BNW3280,0.6749074691786326
AAN8609,0.3699964790641577
MEL1982,0.3903507645494612
QVT9418,0.5376965405399167
FNV8858,0.486870682960613
KIO8299,0.25593216990917445
RSJ4654,0.1376252459567229
BCH3690,0.535189947107024
SYC9531,0.4085064802860395
KIL6229,0.4606910355679267
NBO4677,0.34194363836159175
EKA8324,0.6692451413515733
ZSQ6837,0.5432968871079197
WXK5001,0.39925640380287325
RUC4832,0.41651517285658873
KJK0672,0.4365313165352415
IQM0593,0.28622021847711104
LPK7313,0.7778019303593148
ZTQ2325,0.3566699888429499
GDC5285,0.6908741362235364
QUR5370,0.2861032752099681
SHR0678,0.5915696151497222
YES8392,0.6886744151558862
TOB4763,0.410445778839299
YOU7542,0.33300044475418505
GSH8987,0.7528500440698258
WWZ2281,0.5898766938216118
ALA9742,0.6460593375353019
GCN5077,0.4752368160144352
ROO7648,0.37239250071235735
NVR0886,0.42656181638105617
RJF5346,0.520260984998092
XLF9962,0.41571762325123623
ZGA9831,0.38181349162907235
WOC8918,0.7301881717885678
AHI6284,0.2858225508277402
NIU4213,0.715323918103618
SQK5201,0.4553533278104582
AJO3590,0.39507694664839715
WZV6293,0.48692499521854055
NWA5890,0.4133973534679373
WVE5452,0.4838729765806444
YGS6044,0.510573753176956
SUY4237,0.30922412067515864
PWC4767,0.4729657402011198
BPZ0803,0.2955139103668219
KJX2470,0.5354576831861787
KIE5395,0.6530505044623103
SLX0697,0.15759515155605205
UUK9663,0.4068375687013423
IUG5399,0.24390776879430684
ORV6100,0.4082309901383664
OFT6653,0.6134265446449485
XQY9087,0.14919041103473335
KTO5138,0.5523642822363304
JXM1524,0.43238481554083796
PWB2146,0.7423705808891679
FVU2525,0.28470824283822804
LYD1152,0.5526469316849598
QTA7916,0.6498763463337619
OIR6331,0.5519304845629247
EYU4023,0.5458615419643813
QPP4425,0.6219503696503741
EBZ2462,0.7389746785904573
PEC0913,0.3500614545465792
RZW4685,0.2963747215443582
ARL1855,0.34813656439964447
GNM5799,0.2817533662749663
UWZ6120,0.7276877601063256
HHH9210,0.2670092719737464
AVB0694,0.25464611051194364
TMT4597,0.3766949767035256
UBS1325,0.28944326839234746
AGL0230,0.4441162769900258
RAY1338,0.7168692850899213
UBO3797,0.2527030151633442
CQF7521,0.258119147092185
KDP1198,0.5124881651833223
INL0868,0.5702264607107682
GTK3189,0.3353608456847204
WTM4005,0.7381401137838414
FIP8993,0.7723882968393067
FCZ9834,0.43486421339126075
RML3792,0.5186567106377165
PMZ1560,0.5046198615005765
EGE4577,0.26793858962044104
AGD9018,0.2537862796864105
DAK7002,0.7917418777530739
RYM2412,0.5097060300708083
GQK3574,0.3895073291700962
KDJ3912,0.4453473445032562
LWS1614,0.2269564677499076
CWL5798,0.5733427380259623
GOY7408,0.4771963414138756
MDY5140,0.4740073434122097
HHY3374,0.669886144391181
BUJ9611,0.6552257613649661
QIF4923,0.6923619490842913
PAT5605,0.2949061102030349
ZVB1813,0.5790040432929681
SXC2843,0.5722925920325457
HBA6381,0.339937752660898
RII5546,0.18759091903911296
HXS4855,0.4938748870330893
XBZ6752,0.35722537725295517
LWF5773,0.6451806210115036
DUQ8476,0.33243164526315844
SEU1555,0.5568053264108686
RNP9751,0.45995880071116685
WIQ8770,0.4728899871649287
JSG5695,0.30701204610382327
FKO1241,0.35810046386734123
PCC3793,0.47761155130438543
CWD4541,0.26726234888045974
ROG9695,0.726556529197189
MVR4037,0.6865422473251749
FMM6372,0.4907266640777589
BGB3523,0.8218930872605258
TTF6509,0.363328234451012
ALW9297,0.4867716540021985
ZOS7568,0.7886377977178868
ABH8279,0.33892635775217184
UEK6628,0.3222115090891236
HNC0717,0.299760224638574
JGT4554,0.5230702175469197
IJS7638,0.5349014323880714
ZZN6544,0.6506808645528348
YZA9256,0.5689488597775114
GZU9440,0.2432888778281395
ZLK8905,0.7001697753250035
ZWC9267,0.6077146775784561
BVE8079,0.20398778744011153
OYH5249,0.23557074363102795
KYH8521,0.4329498147840339
MZE1888,0.3172971324414731
CDN4250,0.6176749873701464
UWE7463,0.609723616775432
GZN3833,0.49562443552625524
BAO8553,0.6728333714905628
ACB4517,0.5915577256100367
SPU3212,0.5685322131452761
BEH3042,0.3028087835549674
RQL3472,0.1852290319767928
MAW0136,0.5555556027917484
KLE0471,0.4684289429152376
ZAY0157,0.4878084307101232
SWT8253,0.6780202530034086
MPI6855,0.4974922814934394
FWG3117,0.4286729892573729
CVS0423,0.21411441980846654
GOU2454,0.3172717463921372
PYB3720,0.2951318363770912
JZW5332,0.6981359131488356
ETY4656,0.6029687075386299
ETA7123,0.37510337026360563
MOE5691,0.5234676964961226
LDA8763,0.727945870082597
ZRX5373,0.48626715185281955
IJW7879,0.6764547494195235
UZW0758,0.472754125049128
OAG6186,0.4146919685998743
UAM1818,0.611003411874955
FNN9065,0.6052913738247916
JLF1780,0.25039585198217623
YEY0893,0.4141716054954392
THB3713,0.34979313437001286
DVN6545,0.3615515821459789
TOM6543,0.4936777104920139
ZVO4515,0.2939396008075468
CYN2809,0.22910756513184552
XKB8356,0.2574206165138916
QPH0628,0.5330392299570422
BMM5092,0.30243560913674095
GYU8973,0.5205584057371972
XQI4092,0.5913094553485975
GSW2383,0.43069588185008373
RTU0647,0.523634068885802
NRO6275,0.5118081542377076
WHT4713,0.44591741596178475
PSS5199,0.43326786174684095
HES2744,0.3158000431102777
GEJ7100,0.3140718036710926
JDD9640,0.1616245166438757
YTK9530,0.5499757342171756
FVE2799,0.298075691502313
TSZ4979,0.4029101780525954
FEE4563,0.6567255680060952
VNQ7798,0.34860661426442396
QTG4449,0.395429277954859
GCJ5619,0.2219716511127273
VCM2564,0.1445698238150939
XZG3618,0.5858066911249742
XBU8194,0.2689527827453918
JUF6933,0.20587628614996792
XVI8728,0.6378118528329615
RIN7079,0.505587915904969
SNK1073,0.41532770064947805
WMR9670,0.5172621176161598
PZX8160,0.28773501568168264
TXS9808,0.13863507702798541
MEJ8315,0.5022865733142651
FRQ1522,0.4124739457691748
EGS6505,0.30731469712270565
UZR6300,0.45664901714430955
LVL0476,0.4041648949309447
TZL5867,0.31638525306026605
RCS5132,0.13485814380886568
LTI5885,0.69353099676494
YPS4288,0.39591712097707693
EHB7328,0.4749000225864579
HON1536,0.6951762298658759
GHL5700,0.2374729603281621
ACW4420,0.4363695784626855
GBT3538,0.3716497338190315
YID4243,0.20960973903825803
AYS9891,0.43360601446775987
KVT5468,0.4266962822977221
XRW8396,0.7619058882334767
NPA1002,0.5750135135679129
LQR3842,0.6007470553559288
WRB9722,0.29727829183731685
WEC1460,0.608660246246122
XFU3132,0.34502808657306766
HTE2743,0.6619847879186814
ISN9613,0.39819102615866614
JEQ0297,0.1888443366128836
ZJY4720,0.1635049487121273
EOA8137,0.5171667463909272
LTW8046,0.6441381711444281
YQH3278,0.6119126578921105
CLX9204,0.7708160075688425
QRT0197,0.6990155728108076
OTW0820,0.12559801621480896
NNE6919,0.36942322516523474
LSO4428,0.3309737335152788
LZP5655,0.24329504976153188
LLT3946,0.5725339038055861
NPM5272,0.5983257648913801
MVF7543,0.34420089999145465
XJP2259,0.7280999416351618
FSO3741,0.3854002932926694
OOO7653,0.5111207388905034
UON4433,0.42238345058077986
MUF3433,0.7349852975539326
RZD7599,0.5733525963363714
RDM3372,0.6395436418057043
LYQ4178,0.17146047148355623
FZE9079,0.5446421089371715
JMS7931,0.7757861072984126
BGQ3650,0.1132444078133957
ZFY7024,0.34903290682137217
JNV0033,0.3156290731297214
SNV8933,0.41714034001764977
XQQ5448,0.5242426629043185
JVI6426,0.23417393171455708
AJG2925,0.26047658436134524
XHP0971,0.30506227892024296
TRL3273,0.7377250136468113
INO5257,0.4668197205315175
KTX9283,0.30428266380629915
WAN2047,0.3830419033091954
EZW4173,0.5907123066826608
GVA8261,0.26138208846433447
TRN7688,0.3737822858413456
XXQ2067,0.491392099286606
TLE5689,0.5694528336211117
XSO7171,0.29408853497709375
SWG9948,0.45319314736472144
EFH1289,0.5992542411515143
IHI0179,0.7512407730469458
CKT9987,0.3266862044532224
NEY7960,0.586426082450492
IAN9597,0.5075520945269828
HUI4628,0.24358171587310926
RPK2559,0.23646451326777873
ISQ5968,0.6059344136667297
GPO8313,0.40721051822795984
BTM1480,0.5658808620850055
CPA4097,0.5325023554645288
YBU6951,0.43595329850804293
NZP5864,0.6277873737494216
GUG5402,0.3880329280585309
ANG8993,0.21802769555731547
HAZ8153,0.46682440982641754
RIY8056,0.28587212922897753
VXL6740,0.35852252119405087
KKD2286,0.272441464922471
OZJ2377,0.41777605392631917
TPY2223,0.4255850496239072
UGB7070,0.5605088115412863
XMQ6320,0.6068700605232639
WXJ6113,0.25197433726327484
DNT5997,0.46290833620611954
GTN8407,0.21465239542870104
OPX4184,0.32825616253758033
OOO9002,0.6358511796632396
SJM2211,0.5116018593404138
NHI6465,0.5410861440562429
DST5945,0.2330345689593832
IQD1148,0.3569704978548825
SHE0851,0.3978876735472315
BEW4511,0.24018829796010643
JPI0719,0.6903964464317914
ZRE3751,0.8052089646728638
PAP1748,0.5191970004786403
SWM4204,0.35781310437452646
MDB2345,0.4186861053590279
IXT9815,0.4095460199543831
XZX1851,0.7183118204573089
ODL4468,0.5843567901956408
VMV0614,0.46346385430694514
FFQ0287,0.41337403446396037
JJA5635,0.32517872056590635
QDZ8109,0.4569241886251615
UDK4641,0.6983050750093043
AUA7593,0.5548811314629566
JRT5690,0.5480403276138797
SAY0372,0.1645502821041265
DAP2327,0.49461502922720096
POB2969,0.4295452147150383
WMM5493,0.8267884981593348
ATA8626,0.3223401001092118
RYK7124,0.2651460135057426
WHQ9704,0.5906419928379111
SMI5794,0.6373828260904524
TVK7202,0.5679014928760259
EHX2873,0.6247525627925217
AVI7437,0.2014230786343074
UUX6205,0.8127992050814422
LYV7047,0.4509457137473554
XNK8631,0.6022848129210745
RCU0089,0.2364326481647787
PYY2224,0.22427279182348306
CMY6767,0.5169898478912484
LKU2429,0.21897939639776226
GGL3050,0.2738999902870943
UEB5168,0.6048925436938212
LEQ1966,0.31608717409309567
NPA0528,0.30428900532734776
FKR5763,0.46329254477260456
RVG9026,0.39869798430379516
NDD9993,0.45553207689402636
QNU5649,0.3654160343533684
UMN0855,0.540189119256501
ZSC7988,0.6023001051371277
YJJ5065,0.33096388982961794
OQJ8732,0.5682810098503174
IGA4476,0.38842924034685794
BTU5140,0.31638003454774155
RDA0342,0.2707042993622206
EUE3994,0.3677274971533448
SCV4186,0.3565472258093881
CQL4046,0.790270802129384
GUY2358,0.45814737946373124
URW9904,0.4857356616522785
WRG7171,0.4048869094431101
ACD2246,0.762339643314425
INO4142,0.23821868229608154
PTY9539,0.18010623794297284
QAS7910,0.557518349541495
RZJ5292,0.663206486518542
ZYW0866,0.23061730860812404
EMR1813,0.6676049780318953
GRQ2002,0.4760692354936788
SQN7208,0.24781344074488576
HUT1144,0.45041421650459906
LHE5009,0.3335622848793776
EZB0785,0.5990187995517063
PQM0525,0.733625595594155
STT0519,0.18139719267386425
ZWO2588,0.5687448774790945
RDH0021,0.3501533821935875
THM1978,0.6526858462684757
AIR4332,0.5103217361380843
PGH1161,0.5183235162166377
SXM4608,0.6604551051915878
WJW5812,0.8144730991262568
RHX5336,0.4346830912340696
HYM1546,0.6559509208733104
KEC8696,0.4385586986428002
OQG2549,0.1698950498860017
XUU0192,0.3294363379493776
AQQ9230,0.49723627249589936
YPM4680,0.38160748885964174
MWF7718,0.601856315014868
MXD5779,0.1972107183336897
UTB8959,0.32884634402307844
TOO8154,0.5082378224489866
LJL8197,0.4061523605833973
CHA3496,0.45042603836613865
BBU5421,0.17340718317917683
GSC0915,0.3876839596797536
QDK9607,0.324439651418081
QIW0738,0.4218375474161112
OZO7612,0.5240766380344145
YSY9501,0.36901693204191904
UEI3008,0.5207376745704172
ULS8507,0.4648373364072683
AHS0758,0.4365411732033199
ENH4743,0.4996480245412355
CQZ5056,0.14838662715695125
JJM8301,0.5371501965535951
KQP7442,0.7060386099062631
QUQ4381,0.7142868427618582
LBT0298,0.5540346698911112
QUB5329,0.28453907808312956
WCG2324,0.6602830990633818
YXH8003,0.4036950689987888
GEF3744,0.5054642590964079
JGC7613,0.4090715810778975
YDL6245,0.5888701314192818
MND3837,0.35931545935722703
QSU9207,0.2538814586125438
FID2110,0.5085722708106614
ZFK9137,0.4779369536886356
BZK3777,0.4155015529635623
VEZ6817,0.48806352688232296
JTU0326,0.24285960224333344
BXL4785,0.514736142526963
UCK4966,0.5598225974171803
WRA0082,0.34369683507231935
GOF4110,0.27012951102453797
XLS6633,0.5124805662165252
DGS1210,0.30287247353687835
QWA1794,0.21740719992804533
XFC5853,0.7072340073058818
HGK5319,0.29098735296275535
KQS8229,0.6963691894187419
BLV2818,0.4399079129412443
LZE5011,0.6560583688890192
PYN1910,0.4811738739822102
GUH7132,0.21936736229670276
PBW7602,0.6128933667851147
CNW2475,0.6833286801916824
VXK9874,0.6794614778861765
UFZ8218,0.6564741328977632
ADV6084,0.21163834358978034
PFD3487,0.33307968546958405
CRM0707,0.5146055294400931
YLQ2622,0.44228434525907323
FJZ7605,0.46239960111490613
ABU4286,0.18810850829550896
ELP7252,0.35502388735196666
RFT7225,0.6669729276054591
PPK4577,0.41259637369029356
BWE6905,0.5743473773519072
VBQ4322,0.3757818548423389
HXS7343,0.29995316131439365
YSK9022,0.6496323340395087
LZJ3939,0.237913434799148
WCD6269,0.5570830609320604
CLY6856,0.44407655885132913
PDU3383,0.4196069411720295
VOF4824,0.6090302934147703
QRA5442,0.24873960559596076
YAB0608,0.3960939564191578
PRL3116,0.6585222163469495
RRQ3897,0.6911104327742015
GXP3168,0.7029449220681506
GGS2005,0.3844029197632613
TOO3590,0.5743546924100797
TPB1864,0.73861135213979
NVN5302,0.27214952630495237
EHI6232,0.3265139903086779
VLP9905,0.46909930097030583
AGA1325,0.7628721971180374
ICE4902,0.2150919251946533
WWX6392,0.45919347137939953
RQB4428,0.45036305033592405
QYN8884,0.47653706569024445
EUS1159,0.3896835864880063
NKR5443,0.4011391570785971
HPC3138,0.41090604885839815
TKQ9049,0.6206887411029245
FBP3340,0.820957888632478
NOO3967,0.5946094353700653
GSQ4526,0.27665489361398093
ANW1028,0.3602085055707472
LHA8316,0.7360044394414553
WBW1659,0.4451587467099209
XZO3969,0.44117845267169986
TEU4321,0.4805550968525879
XPQ6910,0.45650384416102474
VTQ6246,0.32874305851141933
FSA7655,0.6324063273836792
CSY0853,0.32725303988212673
VCY4269,0.5553529360240768
UHD9364,0.613630615104727
HIN9530,0.274432124556425
GOG2550,0.5760999576393585
ZMG6475,0.5510098868283583
QYI6167,0.43879559987325223
LVO7124,0.3966814162489844
JWP6949,0.5108886240443964
DZU1118,0.44320242781099956
AIW0610,0.46758552654379976
QXQ4841,0.6196409377754681
SEZ8373,0.5830222602497217
EQR3786,0.42963162031289626
RPG9584,0.40405497550472397
VIX8570,0.5724270258242498
YQR6271,0.6125228512627329
FYN8286,0.34350163932053734
JVF7588,0.516608304998776
KPC3382,0.6709618516456967
FHE5153,0.4007561432573262
WTY4874,0.31182283826626245
QAB7266,0.6547437013162735
NFH9054,0.7049651120733176
YKB6244,0.6081727572567596
GZZ3339,0.565492846230069
BBY9981,0.5761402284407563
LSY9026,0.4491843612301879
DUJ3056,0.46195968223253
FUC1582,0.7726492573389521
XOY2362,0.6706720949189867
LOG9950,0.3064953985406759
ZXN5891,0.5844521331591414
CXV8222,0.6619862939979286
WOH4538,0.24881312250301277
VWD8860,0.3031558475764942
EOP7001,0.4084634315922139
GSX1302,0.5984591244222675
OCT0968,0.5061796754581888
WHL5554,0.5380443482475793
YJE3037,0.3727001611124118
FNN4968,0.5500441436912419
WWY7679,0.4040698691063985
QZD1717,0.8118550846639526
VOB6197,0.24351760582638174
TBA9548,0.12052219734724655
RLU9697,0.5745641128703162
BAS8697,0.5143333029099229
LJR4460,0.69324420262477
HGO6222,0.5494687245917348
HXW2166,0.6430096542771203
OVP3632,0.1571970082929727
MCQ2270,0.3153528549418951
ICD6182,0.5328078578847083
BFQ5435,0.22554535227228478
DPF3505,0.37879798340485854
SZS2580,0.5551936321998038
LBK8500,0.25546533815385464
TXZ7775,0.5378927821923896
BKG3252,0.3155268396651761
ZFB8258,0.4804446481915891
PHV2247,0.38598446879590537
RRK8430,0.30907125707494043
AMH6780,0.4809310858924875
OSH5574,0.4929265221721272
DFI9099,0.5989507762306067
FKU3482,0.44971056383664104
VNO3261,0.5819184685930721
BED5373,0.4798491723713431
MJE9253,0.42337039954522104
HKX3204,0.49875176379999153
VQJ2963,0.5030285561471824
ZBQ9287,0.5458165864006806
MZX8398,0.5557546583130061
QEG6705,0.34213106152091866
PQK6783,0.3845268479050245
MBE7976,0.459863620195347
ALL3849,0.3828831103457218
KXB4677,0.37700016003361164
XOP0754,0.49153587568199864
MLL3293,0.4071049927839396
JSX3868,0.5554117392148852
DIZ5799,0.5518476366473037
NIK8885,0.60200311813452
GJJ5386,0.5568259324443237
ZAT1651,0.5304897643390786
GMP0039,0.24727550329556913
ITI1428,0.5296241961907889
TRY8812,0.7241625821338845
UEG2101,0.7647289323684274
ODG6850,0.5578631211308938
VLE3171,0.23668220068022167
RRD3841,0.4248386457943901
YXY8101,0.574107132064741
OZK6228,0.290783473677418
SBD5545,0.511147649510394
IDC8637,0.6799610259718041
VZW5146,0.26631886601891913
PTQ8057,0.524041169880727
OEF4340,0.5815012604699658
KVD8305,0.5572206776450356
MGZ9268,0.2663802381126188
AQJ8176,0.23010495766687272
UXS0840,0.5549148357468987
TCI5572,0.4707591227245586
SHM7627,0.37755730085657035
QMA0181,0.8312821897723489
TSV5611,0.7758553795871975
PGW5092,0.30049611586213326
BSD1651,0.6137763578746691
IQJ6229,0.7188919918964922
PPE8142,0.7124123465791145
HVE1566,0.27560726719413203
JPB6828,0.368034538624961
LMS8961,0.3123767754401757
EGQ8831,0.2992557729783068
YLP6900,0.5485842992987663
TBE2482,0.3426873047637535
YPJ1369,0.7621687095792966
NAX1253,0.37538538609505284
PIP7566,0.37177998831006154
DKU9301,0.700772799348467
KVA9530,0.4991717924126272
CQV1702,0.7698470115596485
OBG7598,0.43157510693537565
VNB1149,0.24453304482581753
HMI2014,0.5880393868122366
YMG8950,0.4613696523432075
JNQ2962,0.3418149892790502
ANK6820,0.4311232773205837
ZFE0439,0.3246716682486245
CZQ9593,0.3788378224667613
PCJ1585,0.27408798698632575
PBU9519,0.6059271993540704
ENJ8537,0.5641541278167524
RPM5143,0.4413444248813366
SUD6466,0.3640282372501111
HFF5761,0.6841736776355335
SCF5953,0.23379414840322288
HAQ3115,0.21387727620658106
BUK5097,0.7071892767605297
YVA5755,0.47052057776562667
QHD6039,0.5835871406619667
ONT2622,0.4189234037224968
OGF3946,0.37214334795461096
NGV7466,0.4317994486421633
SKM5604,0.6655817354742781
KTE1007,0.3185665905845421
QHE6351,0.4379199607984406
OQM4860,0.674848090982129
LOQ2210,0.43730866076027564
EXL3021,0.5915122588737363
ASY9425,0.6196430339267269
EFI4290,0.5712634252166744
EJH6568,0.42315910768760295
ESK8758,0.1696117689008728
WPW4521,0.23703909605350648
IEP4997,0.5015347917758206
FCY8976,0.4156968746370229
SNM5031,0.4294888298961748
ZOD3613,0.3991613090702005
NJW9796,0.26662719524482503
BFM6246,0.25260526900400354
MLI2180,0.5991718846059733
FHR9764,0.5654110252666334
BOC1640,0.6319013413457358
EDV0533,0.34815453099056504
DVT4971,0.4880645597428031
FQS6688,0.6299619019896372
TIY6714,0.39360011064680417
BBG5427,0.6850661203651771
VVY0236,0.27247709642516277
AGY7111,0.24072848013693787
YIH4148,0.48637730325388123
BPA2613,0.2553045776616428
XGN0040,0.5128918453221766
XIY9154,0.5712239498207607
UBT3433,0.6584862236656465
YNC1880,0.7928325382119613
RQV5395,0.30859058197723954
QYR1720,0.6199330555201434
AGJ5776,0.36375914393741265
YIA9506,0.5850981209250982
IWU6149,0.4585860804053059
KAX4382,0.6950422713502087
ZEN3760,0.6078378286023278
UGP0922,0.3859049172740504
MJX0269,0.5579222933423964
WUQ1092,0.18739516888224436
KLK2362,0.5346505372657174
NHW2173,0.46857170597096987
ECQ4722,0.26636250250788257
DXQ4983,0.5403247679298904
TGH4720,0.7468264796454037
RVV4718,0.5801320308131166
RMN3173,0.7062522083354101
NXZ8964,0.5371542246270363
UYF0960,0.6129254331714679
GFY0485,0.4273262127896192
ELW4685,0.6326609170348609
MTK9048,0.5115201534880173
UVG9381,0.4695080323232387
YHY5021,0.4310872942186
MML5987,0.628758271149197
EAJ7823,0.5019384346003577
TIZ1361,0.599343961607268
YLC2019,0.6751844963235155
JFH0021,0.15818306334044954
LXV4773,0.8459878010311538
XDV4102,0.24558083798055122
GOA5098,0.8208037195723451
MYV6648,0.3187257952650487
CTJ2639,0.5051277998809869
KQB2667,0.34211418744761396
RCQ9055,0.563300216412662
AMR3084,0.5746059456409058
AWS6964,0.2700085897132083
PXX3164,0.5636341420910103
OTJ7222,0.4531218756312348
HLT8409,0.42615395731655187
XBZ1903,0.2089451427119166
DVD1043,0.103564525853053
YMN8454,0.37116971976504687
NZH9363,0.691211911532086
VEV2993,0.36772796554020043
GTV0004,0.6576080520114284
FRY6602,0.5747008688929134
SPC8953,0.23525458228981927
PJO2885,0.6933101087691053
KQQ4757,0.5929661243855471
OUG4136,0.32179788594748626
WVY1999,0.554014169953421
NNY7188,0.4985350011502781
BIR3043,0.6553734559853986
CVQ0610,0.693649495163096
NLO7554,0.5453680537857853
FHH6565,0.5695273186847761
QSY4897,0.6313797990383575
RBJ5665,0.4863424852641694
OCA7850,0.5134246037083182
SAT0260,0.4256098645422452
PNM7458,0.34961468403561585
ZQL6865,0.45124261102811747
BYX0793,0.43167168551621987
UOJ8877,0.38521496492910784
LGY1944,0.47015537358039045
WTO1199,0.585771464738826
WZJ6108,0.4255465217069793
YAJ5633,0.38034336360305837
LLO9138,0.48852788099753763
LGR1397,0.3927573028746048
ADT7244,0.40346167433309066
HZI6879,0.30510905491171236
JMD4429,0.5754567186645483
YNU8823,0.516855291235199
PEU5781,0.7339057556260391
VXW5951,0.3933595727278267
DOI4745,0.533297727315082
XRP0508,0.2739649957296099
BUP7237,0.3386089614421658
XZF0997,0.3974492401018387
ORE1289,0.6281867184774261
SUJ0824,0.4672656001278849
QZQ8912,0.41173380560438394
IVK8543,0.5357630503506098
KLT0884,0.7417858882427503
ZBB6007,0.3626129933487864
STV1844,0.6131001712211146
AIM8162,0.2573258804217002
BHN2674,0.41721166690410794
BHF2762,0.7095817682946485
FBA9492,0.4000348764981735
PNV0987,0.6552434221780039
XRS8392,0.6366478128757505
FJR4109,0.33384468472201184
REP5450,0.48874915869773444
VDS3487,0.323915210087102
MFT3114,0.8320128667427749
TRE7039,0.5082921615304221
RRP7437,0.6839440979444535
UBN9469,0.46097673748526186
ERD6851,0.3084145719759778
QOF2168,0.4534619617470409
PRF9554,0.48412558202823697
LVX2306,0.4565161729081396
MKR1698,0.2646527256967713
CTP1782,0.3513382289775044
YUX4991,0.5692009133208743
WKU8308,0.22338217611811276
KLM9826,0.33903457543596105
IMJ8928,0.19802477310992186
FFX0134,0.5165900690724816
FPJ9006,0.6973737739940233
UUH5167,0.6372355352525689
VGA6455,0.20515749408614734
CDT3301,0.7493927903914228
KEP8508,0.20703795609419645
PNX5528,0.45434066750298713
DMC3452,0.5705120838132178
YPX7333,0.47536163846514556
CSI8065,0.6916482275143558
JGW6825,0.3393269153637287
JBC6586,0.5395090835937181
PYB9757,0.6482644253112644
VBB5768,0.48203809932276565
XNQ8052,0.32711508494727426
KCJ8578,0.5820139513131668
RAT6428,0.6285768319269206
ECA9346,0.14866284002199937
FIN5470,0.5209892167038729
INH2355,0.3019027679022576
OFC0099,0.6928536445730817
LAF5061,0.6448339737242562
CZL8124,0.5230635029150984
DXI7734,0.35687194722664145
UZE5266,0.2502428889149239
NQT7169,0.476897821914627
ZGI6456,0.5812425281592735
ALD4699,0.6461446372506485
MPP9322,0.6025279574708418
HHZ9924,0.5346399847844528
IOY1053,0.4118519403328489
QFA8583,0.5617519486370578
NON7673,0.7563818702983653
GUG3740,0.6698609736168991
BWT9777,0.4592108993333391
YZZ8955,0.1900697800279163
QTQ0151,0.35698830572473833
MQD0086,0.3197227736827304
IEP8756,0.26995735592972003
HLV4294,0.49437507260859437
IWW1700,0.3747078813227837
LMB1742,0.544560093872654
IZN0947,0.8286903751946321
UGS7726,0.47267071893690743
TGD8975,0.43750573458632297
DNP1343,0.3259713786993257
RZJ7547,0.45118753919479293
DGD5941,0.3694590906145333
YAN5151,0.7139336699202149
MSV2708,0.4420375499069986
WFW6623,0.27461036318466864
QPH7678,0.7033721912781478
RHF7227,0.588979369070782
QGG1694,0.24393345423827767
LCP5425,0.5943728980756793
RNR1236,0.4316657788071016
CZR9446,0.38183151829869105
CWM6629,0.43730998499472035
OHR2811,0.7027066054798258
DOB2836,0.48643242651013957
WSR4692,0.35570232150275044
UJX1851,0.5311420472832012
CLF3763,0.5820195270603724
YKY6460,0.6468921713569212
YEE0005,0.559497598691815
LRK1521,0.39864660762741017
FOB8975,0.6186331036099484
ZJC6844,0.5398189829659185
SQO4595,0.5796408986236593
YJU4611,0.6030270790592797
PKJ5453,0.17796981329965214
NRJ9279,0.6293472744943298
ZLB3853,0.32633006275477283
YPE2843,0.5810467453350528
OMB2404,0.34521205385619863
QXQ5371,0.35011583663268436
DWP4776,0.7602748652666362
DYC3729,0.636321675371532
SYA5630,0.7720383584757984
FSZ0753,0.36950211745554595
IKJ9927,0.6338945579566045
LLO0013,0.639258753491106
LJC9413,0.6597372377511833
GZR7220,0.5363604931885476
MLF4890,0.39394844092007014
HKX2217,0.6538556301774412
HLP8891,0.3980373886606343
YSD8942,0.7972192355620525
VJC3345,0.4147000975443527
JQU6225,0.6163533998641151
YXV2150,0.8040995185612777
NVJ1683,0.4094676024152513
OFD9452,0.6563277675731359
NII5419,0.46587389812311886
JWC1566,0.402035825883914
AXY5191,0.6667419095506043
DDA3048,0.4613080733424602
AEU2727,0.6380093950290409
MXK4708,0.6702173483412217
WMU7184,0.4991058735355539
QLP8362,0.6245412679050846
WQS3967,0.3393311088645264
RTU5105,0.24730479241616837
VBA4441,0.4170665043843818
CYN3583,0.38445539631571846
BDO4886,0.40185053025114514
YVV6051,0.19958620064915392
WGP1526,0.7104692350954966
UDV5640,0.3382838514385335
WVT1418,0.5919500313938535
BLC0999,0.6361778182420041
ENP7533,0.5773250864988492
AEY8698,0.5438643839079845
NHP0064,0.5651934552586901
AYD3935,0.6297361667969541
UEM2638,0.21632900541160166
GKK6297,0.23615323488337528
PTR1163,0.16588570257685925
GBT2034,0.5672529853511502
WJY4048,0.4631736071445485
TCH2635,0.2978483395667249
NLF0803,0.4750833752918349
RPI7686,0.4260453623899735
GNY5436,0.40796936953703966
EXQ5477,0.3123530467119779
IOS5691,0.5027359718132677
VUC7832,0.6797882086741657
SXL6599,0.25882555674675306
KIS6550,0.45821065298029773
IFX6470,0.36481436114139804
QDG2834,0.7730757184149605
TML4354,0.46608086511379393
VOU6894,0.20432207941384267
LMW5498,0.21911270635423782
IRR9834,0.5225692993664423
XUU3875,0.3192503544254193
PPN1291,0.42076348601096736
GPS4832,0.3343266798135475
BBY4907,0.29232682021846906
XWH0239,0.538053679473778
GCY7299,0.6728911849139964
SFL0656,0.41295017016271757
ROG6364,0.5566079317070876
CJP1826,0.6947606294256402
XNB4879,0.32625741407207504
GHW7497,0.39103857408220677
CIA7291,0.40276311068656223
JHN6870,0.6531403269599598
UHA4462,0.2665688389247506
WHC6939,0.3539156625721345
LDR6471,0.20397584951795994
PMR0233,0.5805759953426682
MQL6945,0.7841600898539224
DWV0912,0.4667686364927581
UPA3518,0.6859125166661694
BHB0424,0.2396232976013118
AST9794,0.2854040276466869
GSY3503,0.5220573186938122
ECI4878,0.6299304823066006
IOB3543,0.35302371999830806
SLM3548,0.3565235741671217
HBR8681,0.6712620657798875
AIG2884,0.3156477496011466
YBL4627,0.43435972458690525
TCE5274,0.41402469305862816
YWD6282,0.47118666378518037
GYW7356,0.6020601973995904
UOF5714,0.39230414433268174
ACU1723,0.3655580318982841
JYB7426,0.6419225120721173
IAD5127,0.46532655130711825
LQY2307,0.4375103284467895
QNB0256,0.33313766035751863
CNN9280,0.32574197449028996
LJL4826,0.36016741728036666
RLE6077,0.386984268268379
UBZ8854,0.7865963284950698
PBL9060,0.41116854089959254
HON4195,0.6012091481624251
LKE7887,0.30052164525038666
HOA3501,0.6292363519641898
YSN0341,0.6503756793410272
JKS9027,0.4098774727209425
DSJ0790,0.33539264878367786
RVK7955,0.2229326521963682
GGI6941,0.4621571311691657
BRF3111,0.5384439749097781
WLO6029,0.8338875843173373
HFC6052,0.33215960610043
CSS4641,0.2302069006595396
HBX0135,0.35902409619361925
CGZ0900,0.6847885279913487
FWF7177,0.7844065956593101
WLX5928,0.6667201332032111
EQD1778,0.1433157531067105
GSQ3416,0.382033496493302
YUA8278,0.5946382109633752
DKX2794,0.19049294347673862
HZW1287,0.5834725728418518
XMC6471,0.5337285475905196
PXA5342,0.46804367842376365
RXW1741,0.06857728675274413
FZX1294,0.21342884179869587
IUC5486,0.6345264296865786
ZZJ2708,0.3039873797295543
DJD5560,0.3717488233642923
OYQ4478,0.6650145005337879
MOA3063,0.5525458478428497
BNA3251,0.4297238340599529
TBJ4149,0.4980083183811769
AOD5592,0.3135575894454131
SYU7567,0.180407050352535
PXB3114,0.5292772441526791
BDQ3004,0.21877617254906528
WVU7296,0.5718526717423978
BRQ8431,0.4997739097102873
UHL1758,0.24334691251021692
OYP0446,0.6222192998819683
ILE7594,0.3847003596685044
QUR5960,0.5067517307081559
GWX1065,0.17097294837016655
GWE7702,0.19308759323662253
POZ1462,0.5238678191507731
GQG7927,0.8186298593370187
YNP6209,0.6870455864145413
HNR4579,0.48240522692582166
MRX4488,0.4141764009263921
UQM9355,0.7404350793984744
JZQ8372,0.5521140097105006
RPL7113,0.38906520028376645
IBK2170,0.4767611628155714
NFR8627,0.18994555145395292
PUV5957,0.7714604112696837
FAY4381,0.38896660940695293
ZYZ8976,0.5219790585828724
INI0968,0.5011780577542221
POW3290,0.17756485707205252
YUZ6503,0.4854948538304496
MVX2963,0.18100660633089677
JIY3246,0.4147557454428819
JMO6098,0.3785325921082155
CTA9349,0.6197486760256303
MQD7143,0.5179532746265078
LLY6471,0.6600744227380814
CMD5926,0.2882453646556602
WZS7051,0.2771550283354652
CPZ3691,0.5328104645997506
ZZQ6371,0.41858746212554576
JTF5577,0.390504034918311
IYA4493,0.5660967987182126
HJA2325,0.20802766495543865
OXC2277,0.30133370570043116
XDP8467,0.533773460266638
THA7110,0.5052471026503668
UQI8975,0.16382861085565947
VMD6254,0.5921367154027831
JRV5262,0.6371968896225452
CSC1612,0.5435729131375485
TJG5921,0.6741768773625704
DLZ2704,0.6457783916785145
IOV1951,0.37548543720906885
AXC7047,0.2721148793245911
PMO7295,0.33312980011624777
UNB8295,0.2268853971253428
PIM9503,0.4294793029696331
FIX9786,0.6218257148613812
JJG8011,0.542374843617896
EDD2054,0.35935936093878684
YXD5569,0.7910530293489096
GXZ9714,0.37762184413569966
GAV4283,0.36188586098262554
BVO5697,0.6263969484141337
TBF8496,0.2962960001504837
WNJ2132,0.5868004297459717
DBE8617,0.6204722506813132
SUB9272,0.46287020997155615
PLD0627,0.4064904619984482
URA1140,0.5236572588735434
BQO0470,0.5947350157250739
WPZ4520,0.5211040361885937
BPI1396,0.539977428496048
NNT9739,0.5126807939639612
NLT1918,0.8095754736721406
OPB5945,0.48046361203374915
BQV1931,0.43519358887423404
TNN9944,0.4403041317740995
NIT8064,0.2120691261919125
KTZ6082,0.5076090945889403
TDC8192,0.3012793699366435
UCP3108,0.4976732029059651
VBU2662,0.7092464561693631
BNR2978,0.36515949502729583
TFI3921,0.5629925872243151
LQA2399,0.2857598358168083
WZZ0574,0.3308796080524376
LNP8330,0.560894140668278
UFP6156,0.3669991164921482
VLG0744,0.6482559629564405
CRG3282,0.5167302141793378
KYV0097,0.21836281077042413
FWW9362,0.608718387407193
DJS0404,0.2887824107734314
ZNM0264,0.5405329256851917
MFS9438,0.25006238298068645
LHG4907,0.5700573910957518
LLV9401,0.16148546209018802
BLO7629,0.5497466039284296
RLY0794,0.3521491313745947
VQI9198,0.20001292569920656
GTA5475,0.34046111117673716
SSQ8389,0.6360482672713749
ZSF4237,0.47984403191279884
WYW9187,0.49569854005165376
CZJ2345,0.523476902937114
BZL7046,0.5053789013943647
CYS9250,0.30150929062082804
LUR2157,0.47985056597584336
AOH2742,0.3721346481918827
QEL3121,0.3208614552711679
ZFT6399,0.6023274537762288
FDD4728,0.6889682228420594
KPM4245,0.6794033774812771
FQB2129,0.33967793548464914
WGS8262,0.6002025585115545
OWX4064,0.36639329143780014
OUD8979,0.6195781795207095
FJE9369,0.7130642471204919
AML3227,0.39402026806100415
PRS9586,0.3268359984156186
OFJ0120,0.7539707412608667
ZCN0986,0.23823734406960906
ZRK6279,0.3158580175541174
GQO4179,0.604860212583467
BON1340,0.4552741734681898
LKG0694,0.20203522032503266
VXZ0803,0.46725911207199866
HHH6742,0.4640124202276487
VPM6117,0.8126431090638652
YTS3483,0.3864077847155823
BYK1773,0.30867057548197296
WIC2466,0.5126388495282944
UCC9614,0.4454822098599411
PJV4989,0.47254070112686886
HTJ6371,0.5165848534972396
HNT9637,0.30235104138354646
MAY3073,0.2591824947619095
PTJ7520,0.49633366098566023
HMO6264,0.4225186848755818
GJC8706,0.5131669730349545
AHC5700,0.387507772008175
NXW4848,0.51265890919203
BOB1940,0.18039620531592598
IQJ4126,0.29715485954183657
MVI9716,0.6784335205081157
GJP5178,0.3821936817319282
YZM8152,0.3507639538979679
GGT3124,0.45035597498545954
HVW0323,0.4640103226119753
LRA3844,0.17882938267497575
QJS4465,0.4528807466671832
PQX3659,0.21494711977163042
PJP9645,0.2966074938060334
HRL1242,0.5442219154756761
IYR9842,0.4442658833730067
YNH7590,0.17358279016310887
RCR4057,0.5132989878524558
FNQ5041,0.5087929271278021
ORO7997,0.28643874946945413
TBG5645,0.3740946569056486
EPD9107,0.23082337484672125
PXN8761,0.29050100544706586
ETZ4935,0.18070297573929903
OQH2910,0.3197626307736779
PCK2606,0.46981720950593436
XWX8755,0.7296209866737282
MLO6978,0.6133561741081521
WLZ1157,0.16856904167588935
UPS0344,0.25881635473231296
NBO8038,0.38734315119614976
DIB6753,0.3860062229164228
UZE1684,0.47175767205855573
QQG6149,0.4156164396186884
QAU8104,0.3016480179658371
QGA9213,0.3356570052709476
CWO6851,0.29542552595207766
JTM4958,0.3691608498026017
YQS9295,0.566396883272639
ESJ3848,0.7025100775919911
IWU2032,0.3771519918944932
KPH7842,0.18425554966900035
LRN8162,0.7193451222720305
AXE1699,0.5851689366146327
XKB4966,0.507719659420199
STK2218,0.38816015708164403
HYQ6433,0.7392672630602098
GTU7140,0.13566583778658184
UNR5657,0.28170111987144847
TTM2253,0.6295803479826826
YNV2699,0.43145010380304044
YIY6671,0.34264738529051364
FRE3263,0.3386863820048194
KMF7808,0.18969192150481443
ROL0904,0.3116207303362234
PZK7451,0.4410729034837174
KIH0254,0.4535227261692721
LWI9052,0.41193825936713385
BVC9479,0.26810337743081686
URY0635,0.40343098948338507
XPZ4576,0.4243482099680262
XKZ9102,0.6269077748093161
ZUW9102,0.6363007448131047
UBN0486,0.5381308846437067
BDO4948,0.5033348722120687
UMK7105,0.10478175187573954
BPN3689,0.5444556619844269
LCY3691,0.5862657776275031
DAB1719,0.6626296320869002
VOD9149,0.2554681972291056
ADN0299,0.4172714718617626
VWW5498,0.49256204522257346
IDO0436,0.2961158948371968
CSE1995,0.6999243515021553
ZZJ1691,0.40603727247339566
DOT7701,0.42045294215063006
MGZ8737,0.2557945660537732
HZX3153,0.32579813303081356
QNL1418,0.5257967070502063
OMF7498,0.2304819936770584
XHX7072,0.7288987583009121
GSB7562,0.320469502602089
GAE6243,0.219525613347917
LNJ0511,0.5408641250679411
XIW7209,0.21565545613441625
OFS9244,0.5084231926292917
ZTU5066,0.5627115845860209
TUL1265,0.2827864452385895
SUB8522,0.22110837152275845
CIN9277,0.22071695056094034
SXQ4671,0.3928060995750375
UFN3622,0.5549665546106418
VZV4722,0.8249142263343214
VLQ2390,0.23985117188859872
SLY4655,0.38562804520331156
VCP3342,0.12614662730302678
OGX1137,0.5340221589343048
ABY7970,0.19302560004082814
LTT4359,0.49575270248742237
RGP6696,0.5340117510133187
ETT3134,0.25425040682519795
VQK5360,0.32209772357889566
TAQ5167,0.6820160990358032
TWG2069,0.12565134710409728
OLL1043,0.5695842816837158
RMR6916,0.5948964511297392
CWW9082,0.2539694781288066
DIS1533,0.32511216020762734
UDW1446,0.36915727597172593
NEY9288,0.3931797413155448
GEQ3261,0.47700315174726043
DDE0864,0.6862905997162262
HRW8057,0.7440584061114137
EDZ5434,0.32393096997906495
XDU4447,0.5996766355696062
HDQ1554,0.282475738740099
ICD4170,0.6723147361823959
ACN2803,0.5597647747103481
FLB0567,0.5591052814125482
AFW8735,0.42977371012597043
QHF2663,0.6717867413857297
SIS4056,0.6027492715220042
BFB7024,0.1752750354629004
FFD2187,0.5547113988539059
LTU4222,0.7629710200528993
HTJ6857,0.3669157116503546
KCJ8116,0.52916414979357
EBF4220,0.7548744266614935
VKE7153,0.6288158282123947
RDY5024,0.3388333573130215
BYR5509,0.22598657233719582
RJH2016,0.35334474684458084
IKG5514,0.6846761325337846
NVR5085,0.4826779819114731
INF3715,0.6182840151193263
IGM6607,0.4832676275737144
AMP6369,0.39390909298703686
YVK1582,0.32086960617401517
JZB2864,0.23598123621436565
LDO6927,0.5513712074756622
WCG6571,0.5548136892922145
MXU4187,0.5908007525786065
DCZ7738,0.32324124481320154
KWG2188,0.5450082386981129
FTK2655,0.1972276107978265
FBF9527,0.4151208758412036
OJR2867,0.17695951998503293
LZM7871,0.7340103523417956
REQ1736,0.4138385383277536
PSQ9989,0.605716776856684
OJG0594,0.47194719027776216
PMQ4178,0.6011949258393988
ZMJ4726,0.2612547803929526
CYF4956,0.6946539111702785
PVF6811,0.6251680297013358
UYG7466,0.6647533028749475
IRM5695,0.49645788094788096
YJL8439,0.3114207571353123
XEZ1743,0.48405545873032135
WAH5084,0.3421362748413356
PHY8772,0.2913838462622321
AXR6112,0.5077314425020875
OUC5425,0.16487349007564253
NJK5446,0.38317746168785655
RKP0540,0.4686578760584214
JIJ1460,0.4275215780475425
PTK6472,0.4048535577457516
OXS3977,0.4127906744563437
AOM8900,0.3070437936505899
VNR0359,0.41290527454496323
IYU3895,0.5471713958303545
LIH7939,0.6589820724639822
MWB3044,0.180437833744896
GWW0191,0.26340185738370264
YYZ2592,0.5605349967934405
AMV8743,0.37186468041028814
VGR4206,0.20441041175055022
QQB1582,0.6928156399985264
AIS6545,0.5543584752605842
ENG3349,0.4498483740673449
GLG3671,0.5470771114136462
ESG7838,0.4285562931933869
VJE5970,0.6443679866609971
TJV4032,0.5773187056252395
NPZ0320,0.5597337550583915
GLH8560,0.6397926515896166
FCK6397,0.45255178297650567
ZND7829,0.6380134620107958
WGY6041,0.7485400462392758
FDI2501,0.5110526416477398
BMN3470,0.40830287714107033
HBW4130,0.3966342814140643
PWK7987,0.48615471060210697
WHO1663,0.35428703904785863
NWK2342,0.8208628789382733
UJS7468,0.5145116693713049
BEX0285,0.599367332084371
UWS5984,0.5633635535846817
WTF7343,0.6929709900468776
RRZ0390,0.513306467908691
GDN8780,0.423713202171195
MNU7249,0.41995272176677295
GDI9499,0.24457427013755265
IIU5693,0.6469825288411579
OIP2054,0.39930781980003294
LFJ8326,0.416792551662054
CZN4189,0.6368157342266255
UXP6651,0.6218198535117182
RGY6659,0.43279172891306367
PDN4232,0.7559619272184863
VND3934,0.17433130412822204
THN8314,0.5411270275965603
NLD9324,0.5466633023543827
UXS8258,0.4431515284231403
KBY6262,0.5252032771442471
CEB8766,0.6987894131162283
EVF6778,0.6283074617407466
QSN4123,0.1553769035604747
NRU6209,0.5793355632994646
ZFI2630,0.4423452024352948
PBE7043,0.541275510923838
WKK0810,0.3439799254357817
JGW0377,0.6621342522667722
JPE7891,0.3078057138776095
OGK4654,0.7701397798693567
EUP8882,0.4652458008613344
ZZP9215,0.515387878869738
UJK4511,0.5765284724728071
RIO7274,0.5000670091223611
CVK7281,0.4424116210088904
YFN6083,0.46957428468156465
ZWB0653,0.6379892965941903
XJF4320,0.21534587065731792
DRZ0501,0.33488713036580176
UUS9592,0.4135998061812328
GYT3367,0.5799921740878596
YOW0478,0.40151520353947784
ETM8048,0.4059259727935398
VHI3955,0.2985481278735125
JWY3546,0.22297669006851348
YGE8169,0.17005480692302388
RBG9621,0.4596442148521506
KFH8046,0.4933255435520848
NKO9494,0.4862061235700957
PXL7755,0.4217016525755169
ZEO6020,0.4641980377527428
RNI7236,0.6620599044313621
NVM5624,0.4215611396586966
LYF0002,0.6755951815723343
DPI0552,0.32872077517751613
VFL2098,0.33891379887997036
HPU5706,0.7167359796110395
IOG1292,0.5107356826399465
VCG0006,0.20316476142742895
VDT8680,0.7632086327765146
PHN9134,0.4683256015967827
QLY8408,0.48101242664205807
GQF3229,0.5180741771539192
QRU5190,0.43422763284766397
JDY8653,0.27436173756900606
LXP2696,0.18334555707001693
DAU1948,0.3288540783499521
ZKB6852,0.6258880881842394
JOC8182,0.4156190691975952
WPU7243,0.5781511115385074
DHM8155,0.39669745942338397
BKV4337,0.7087309467397718
DJZ1621,0.447094633783518
RHE8232,0.21111152856613266
RZA3300,0.5494600599173485
RWJ2599,0.7627492981353404
NXU0486,0.3917181158065282
MTJ8168,0.5103824899769752
RUK3184,0.37978475459823485
THX8305,0.3630506440153988
FUE9305,0.5338296469960299
CLR6222,0.4977874353596318
GEH2238,0.4654422996150472
VMC7749,0.5069846511452308
UVC7051,0.5976131778154911
IQM6307,0.194293041995421
NQZ4921,0.37375715152849986
KAD0889,0.48761141541622627
FQS6563,0.10851435574920262
TJU1657,0.3583508713100651
XRQ2866,0.662080870532127
YSB7616,0.3004322436498767
CMF8636,0.3494757108518513
AYU6254,0.5742217436851587
VND3349,0.5476234001111681
ALF0873,0.42716613355070937
WEX6547,0.2929515674686734
KZH4174,0.4563675997443641
HHL1028,0.5070723862146849
FAU4783,0.34020386049793083
RIP7417,0.8712152265598376
CQB2052,0.802099874397177
QHR3186,0.707180960603839
CGJ4146,0.4629939126067334
PQE8422,0.32172157458611383
KRB7101,0.536515592189897
HPZ4991,0.2728745858168233
RBP6977,0.5049084654226864
XGJ5317,0.25397809349468636
IAN3692,0.5816077359470376
NUM4282,0.563969741446603
YDE7220,0.4565562532374327
GTX0308,0.2014765463596286
RHG0618,0.3651335199744926
QTK3234,0.6749335039039827
XFV6894,0.36026442115970003
CSB8399,0.5685117093570066
NOR4701,0.6140539314653387
NLJ3968,0.5095188457314235
ANW2628,0.4273444719592776
DAI3533,0.7864288715086405
YBI9285,0.4399214056178054
CSM7170,0.21583422407162675
ZQW4008,0.27111212143721064
HIK4516,0.3405804958291457
EXB5481,0.25409534527617145
POP9861,0.6833990188831928
ZCD8647,0.4326879207302675
MMW3189,0.15799521110785314
FZX1386,0.21761818112302733
XJW6981,0.6291533906030053
IDH4923,0.627554049911379
TMQ7955,0.3940480485683121
NNO2893,0.3180762797809597
OCP7865,0.35748374802409144
FSV5399,0.5112590973423252
IPV8950,0.4303075124294714
OVV9534,0.41879869873454584
HJV5406,0.11222212518021071
NRX3458,0.4865114225570323
KKR6119,0.3956378029781743
VBK0052,0.28338271604517995
ZPW0742,0.7301428125891778
IXO4783,0.3320363534375336
OLE9164,0.7905960819071695
FDO9514,0.26600198181174317
WCY9603,0.3470656669762415
OLP9314,0.46037439540336267
XKS6868,0.15519201604677038
AUA0544,0.20586321373446428
TKO6061,0.3843128947877009
ZQI6616,0.2714753720506322
YFX8262,0.476692503749032
SCQ8450,0.31771968360338576
ILX6428,0.4329865357693903
VYM8610,0.650470388207034
WJQ5273,0.16114693497586052
HSP3866,0.30302162933759796
COM4021,0.6189773695849139
KTI4978,0.291492151022074
UNS9134,0.36869106183037953
GZN1159,0.6896261258145049
FEL9461,0.4306090296874852
IOW9233,0.5160964015738455
WHA4761,0.792194166204636
ZLG8983,0.38440475725479123
QVL5196,0.7531684028038785
XNL8446,0.43278572160946416
FIX0268,0.6228154663339949
MXI1482,0.20194062848144476
SMT7267,0.2988138378902692
SAU4456,0.5434304762850276
LMZ6995,0.3818007979758619
EGW7117,0.17008561488886736
OOU1184,0.7276542031171651
PYN2702,0.3318476712175184
ZGF0892,0.47272313854256687
ZOE9846,0.54270485817335
DWO7481,0.5978779514415977
LPO4681,0.32845347785472095
EPZ9944,0.3068862341855878
VDK9305,0.5850532843694067
FWQ3053,0.6738425725475171
YVX1629,0.4508205351189582
IZU3946,0.3776035405372148
UTO2381,0.8013399908636668
OFL6647,0.3705319685431127
RNB2889,0.6661446899376707
OVM6008,0.4616646958324573
ONB6887,0.4541711297333733
FBZ2743,0.28132954991068493
FLW7842,0.5982672357461987
TGR6277,0.642179870116965
JRW7214,0.5809797637327917
XRX2449,0.12150668618727109
KZW1071,0.5020304172528355
XLB1971,0.4434406844936592
GQG1121,0.3359782234780685
JPH2255,0.6514461398864702
RUA0004,0.3946859248072863
YWA6586,0.32909582900604145
GQB7841,0.29086856119653276
STM7106,0.634324183596764
AZB5440,0.47791672778037053
XHV9925,0.6405330191188678
QDH6299,0.4109237090951751
WDP7476,0.36964372685750974
NMT6166,0.4303193469809932
VGG1549,0.43143404569786803
RXS1106,0.3340866197780639
XLY3335,0.3855619994268452
GGQ1618,0.49783485316126425
IUQ7048,0.2339589244800933
UYK0965,0.740823985570945
WMR4750,0.38013998114801634
OQS3013,0.7279292710968068
LLN9525,0.37870145419278856
WFH8896,0.5780270825937135
VOI1089,0.32276829570625737
ALK1216,0.4600698458336269
VYW8970,0.3583915337115448
HRG6795,0.38313583592104816
WAA4157,0.5307347294549022
BMB1791,0.48959903306047536
KQB1175,0.42169925859185825
TIV9623,0.2632519503392083
KYI2691,0.5929423449413872
JWC4499,0.6218566247812237
ODO8213,0.5616450957163286
BYA8224,0.5731699613649563
JBA5116,0.7059689135203241
IHD4177,0.4544642705148031
TVR2929,0.4916700125913566
USI4915,0.3113582511554445
XFA6190,0.41109203272058464
BLS9176,0.7472485692031609
MOR8223,0.717535312949451
SPY1026,0.8169959706822343
VEW0881,0.4897552451617461
EMW8362,0.18991144106402774
OEJ6592,0.6722767821604929
CXM9033,0.3479264139652015
COZ8513,0.4366957986902081
VAZ4436,0.4467190771574429
RJP2369,0.36893063888019123
XKK0547,0.336056388821434
CFU5890,0.4687563188762858
KMA1753,0.4928340925324481
AUG1693,0.30225056140093176
UCV9795,0.20069465101094594
RJS4002,0.45875736911527776
NEZ2618,0.2594905794787243
HAB9276,0.4946308381164028
ACJ7471,0.44307885652018447
JOF0586,0.5974961432845358
IDU0788,0.13445574688379114
ABN2881,0.4056277379835937
DGE2915,0.28210956354348465
YWU0331,0.556984102226538
BBW3982,0.5876206527031649
KYI3863,0.5706338220969503
QKM0486,0.40082213095179686
PEW4437,0.35627460949324624
UYE5984,0.4079018346355711
TCF7202,0.3747751208663143
NEW7492,0.5323205927424223
CCD4905,0.5191835640954666
AHF7381,0.5280857969224944
BXP2360,0.5400258323285995
VVS8339,0.455692851839995
HRI1575,0.7256642038631121
EDY7938,0.6582236994736672
JPA9779,0.6866399214133809
VHM8071,0.2938998215348335
LVJ5056,0.6944518770789285
SPX8793,0.24982576107921547
UUH9741,0.6251573863540214
IXG2935,0.42394589820871975
GZB7607,0.5308522670174455
EEY2062,0.3132819920647069
ULW0305,0.3357506883781342
NSY1800,0.5712639446392495
KJU0911,0.5360039078947297
NXR5741,0.5964798964336503
NVN2979,0.3609549247565504
DNW3213,0.32492939605791016
PPD5223,0.5631285006560379
GOY4787,0.3516393522715471
IFE6896,0.2600319703964586
NNS7901,0.32337405063385394
BYC8082,0.38622656387164056
WWP2211,0.6880518723922814
FCD5461,0.33858434779238483
JOV0932,0.610335357301702
UXG2063,0.6297063814287357
AUC0946,0.5581897835024432
ZQW0645,0.3122450951058035
AJX1894,0.42353523673818055
TRF1830,0.2600393735103371
LXF8692,0.7518502427756949
DRW6350,0.29531257076660744
TWC5720,0.5364924773513396
OUB8072,0.38832468929297104
OSL9110,0.5039735671580076
AHA5047,0.5494629913758009
ESM5253,0.18129186053727556
RKL5421,0.5690362040937231
IVK9421,0.7913109583398616
GST4391,0.16603976930579467
RGI8636,0.2823019010595555
IOE1286,0.7590343360018614
AGH1193,0.3375069836241273
HBF9445,0.5995923486241376
NSO0462,0.7841117610335508
INQ4034,0.44306295687015945
FOL4515,0.30552738673594254
WKR6036,0.19064404198912419
QKT5763,0.47620598333055664
LFZ7306,0.7556302564461469
RZB9651,0.43814036610496204
YHL0162,0.43186626714710796
UNE5104,0.647428067954322
DEC3967,0.6023545616313112
JAE7915,0.4838001211592903
CEM5682,0.8108140196217567
WXG2815,0.298693961700939
YQN3117,0.5666974296706312
ZLK9610,0.573026340744193
ABH3755,0.3038040376336645
BUB8347,0.5845772681413834
XGX1909,0.4219853805896426
FHU9085,0.4343172085441992
MZE9843,0.37307592121093525
QNW8864,0.3389929239704567
EAV0422,0.32622756620940496
PQD3932,0.5974596012565535
ZKD9795,0.3827588082657086
INJ6803,0.31423701403408383
RIW5780,0.347531834836636
PNB5177,0.33391303028887126
SGU6485,0.2347177076938334
JNJ0531,0.44480655293180443
PHN7709,0.6804629832598215
HWB4033,0.3458956810013339
FGK3267,0.3382922531829089
RWV2020,0.43427358537767713
ENU6205,0.5386487295517143
CBX9036,0.49789627806078834
YAZ2550,0.6149907793714661
CBG7468,0.4269386019509113
ZFZ1089,0.3942773599833816
VXJ6073,0.3302861502728784
CXS5682,0.1822603080846475
XXG7687,0.6893171656324089
NPB7952,0.5130328700922655
LPU0502,0.4666374049527146
NOG9482,0.5529782996126766
DMA0770,0.5623994985096828
WFA8111,0.379651906123763
MRD7341,0.5330582818447056
RAC0923,0.18906856791297252
CGI4064,0.28940715092250147
BHF5913,0.5590121699709789
TQT9316,0.7480349765806071
XTE7211,0.3768621452602728
OSL5694,0.4611191852603299
HLU2560,0.613779097099501
NJT6734,0.4477287078564676
PDQ6018,0.6149220318542428
VQX0152,0.5958949472652026
RDZ2697,0.6134153357118682
WJH5077,0.48773840276714064
HHI5726,0.5826138344214549
BOS7836,0.23090381667968915
APX2161,0.30516742470102687
GWM1482,0.2639496992432994
LCA9291,0.6957599707065276
ZHQ3679,0.3069191688646705
PLD2249,0.2612557708928631
IEA9841,0.3406260822841431
GEI0319,0.7009717888722823
JQE4987,0.15099341106902045
SZL5463,0.18504899034192543
MCI0240,0.3280135688880425
FVT7225,0.2544511615647927
UJV3631,0.3052847774762787
QYO1346,0.6644877040128225
VIV4576,0.8070500336137822
CUB7496,0.4042301991085793
KZQ6126,0.3042449127519061
VFK8134,0.39397604186821333
YCN7326,0.4309274676366641
HLB3847,0.38194515277198454
TDW6663,0.4924821690990543
KBK7769,0.7776448722468576
IJP7584,0.42432872777814445
VVI7960,0.41792776681526383
FWL5818,0.8532629914510796
XAK6948,0.7556361336263985
SQG1144,0.4732617833292471
VVA0065,0.5591472866154474
ZOZ0391,0.6151960589858015
MPH6874,0.39894032176598065
ZEY1074,0.16507438765289914
UMA9410,0.40756332679577234
VQC0943,0.41663686147773565
DZL6452,0.45032096269505
BOM1302,0.49411594521513535
VVJ8185,0.3091729383820582
KNV7050,0.3050892322196478
YWN7078,0.4283068114403075
YTO5069,0.46018730326400403
HUT5107,0.6291594621611375
HBI9011,0.17576142145639198
EJP1062,0.5974366785554446
BLE1407,0.6470723470470238
DOW7737,0.6468538358465216
GWJ0731,0.24307528945334564
DVK0525,0.6990772318563528
ABT0755,0.23402001937265224
KDQ3420,0.6649664564385478
GRV3964,0.4904460657618928
TAZ7275,0.43956164180768453
FYQ9788,0.40291644131303744
OYV9502,0.2676630643955481
RZR0683,0.3955162422877672
KIS1920,0.33177321365411355
AIZ4304,0.6804870208181153
MNC6867,0.46563129274280624
JHT2975,0.5733461803445056
AWN2202,0.4747384740292907
UXA7661,0.4095112318321261
YHG0100,0.2819553016026708
BGQ6413,0.2774307421376438
OSV9923,0.24351142315831048
WGA1952,0.42997680122864307
ICN2500,0.5259289615662318
GZT7277,0.5491569686073869
PBP4048,0.7025502521680825
XMQ9215,0.5403928350596722
NEK4446,0.2144170553579929
DPN4713,0.5271646945616909
JBG9700,0.5153818040659918
VLK0975,0.15398225485240963
KSE1752,0.8483097401287605
UAL0333,0.7371119127827843
HNJ0861,0.8259821408096399
YNE3686,0.8287615978902162
FKI0101,0.651194947578824
WUP8684,0.4771284942586282
ZPX2126,0.4723487887616637
CTP4152,0.2801714859405315
QLX4092,0.5602851145048336
AOK5541,0.6143642092261482
AAW0413,0.2608877338161545
NGW7719,0.584169915253964
FIH1903,0.7501598363128136
TAU8457,0.29377915359251794
COG3558,0.7171910540185008
OBP5338,0.3560000071905921
RHK6186,0.6123373428802192
IMJ7164,0.5905491756963747
YLB6270,0.4474121618863435
QFA8280,0.26287990417899415
OUS9118,0.7464867079543868
HYO2274,0.31438817841378836
CSE9609,0.5285153115247646
UOE3068,0.7287793584975498
JCC9986,0.4193923382143873
KOB3118,0.366205230748838
SVC9307,0.6894577299702531
EAM6064,0.20649106403321044
UVN5572,0.5386217066423453
ZHN4479,0.5352832056597951
ING8369,0.5101617615495024
KDF4616,0.37646285878476476
DEJ9407,0.3057112157376241
CXT4128,0.11343761953880306
TCT6480,0.22865215797848748
UNZ3586,0.6547046817042499
CEL0672,0.6832543124258503
WMW9321,0.2685425179997286
MIU4874,0.8229409384233912
GHY7900,0.1830877582299124
QXY3232,0.43245440395540674
JQT4476,0.5333999335268785
NDK8564,0.40716837549817075
YMO6206,0.3297138606809436
XMJ5924,0.7005696687449661
XVR8871,0.11260476851684033
XEH9534,0.5786183718093268
CYV3256,0.37381815363559545
TJH9274,0.21546646123750038
VTT0304,0.7125057478605175
RMW3853,0.4861010382635899
JDY9215,0.41129641122245364
PZY1904,0.7012173247311256
XHT3697,0.7891916680503372
YBC8532,0.3946811780347036
FBJ2223,0.6043289434419075
EON2993,0.6250857775123535
URV6265,0.7033761661951311
XBY8963,0.2617142974440629
VQS0169,0.3205073307260823
ELA8839,0.46220855971205527
GWS0703,0.4523754899357176
TOX8176,0.3756076095256614
ONB3244,0.5112960525248753
PXX6146,0.25391291463948124
YUX0481,0.3547071175018614
EFI0965,0.3418533232843975
DRD0479,0.2971021547911522
DWY6364,0.3494339428043124
ONI0884,0.2763389715454994
MCN8344,0.506849784052143
YKS4319,0.4986442702243567
XZO0245,0.5106627497732308
GEI0522,0.7817022692162602
IKZ9484,0.43239177385214195
DBN4342,0.5384677518224182
NJP9989,0.6164451366870752
UTX9521,0.6231493340902923
AUK8540,0.6417736100572764
PUI1246,0.09813938003301657
PDM0256,0.5429290997003022
YZK7499,0.3975405065417
GNW4349,0.2681066630693464
CVF1019,0.4623653199893184
ELP7845,0.3825520696155187
YCN2884,0.4268121732587266
BWS7092,0.5590046057105423
KZK3699,0.31097418763207313
XYO7986,0.44939720498535474
IRY7916,0.17750314799892694
LQA1132,0.3848915254625908
FTW5458,0.577646059582937
MIB5596,0.3753172977181822
GMH8226,0.5477681303843337
EOQ6675,0.10058680917291266
QSE8298,0.3476340940022994
VLZ1739,0.6203490965824308
OMO6127,0.13966671632959785
ATF1687,0.4539508117410717
LBV6765,0.47916261344829775
CGB8675,0.6978126006931394
ZFX4279,0.5829115761497807
ELF2926,0.4598346347043161
DNN9040,0.4583941355187018
NMT3661,0.3357047411860261
UEO6191,0.5876489811924559
IVQ2334,0.37282907510578156
KNW2940,0.4270350454202383
QNB3273,0.43069688570721254
FNH7242,0.20741646173990466
VVS3655,0.3430015904956898
XZA6769,0.5280019549310843
UOM6424,0.6121537773494381
FBO3201,0.44458097930731016
SLY2701,0.32249586421411036
KXS2731,0.453116358340163
XBW9703,0.22822599650605796
OSW9461,0.47544862824668643
LYU5526,0.6677380048151768
NJU2479,0.4257947662859648
KYM8332,0.6501810611037995
MAB7407,0.32417706682836805
YPZ2854,0.8233026117367858
JBF7199,0.6233558273762804
JZD8433,0.40276359910552056
MFP6362,0.6345355488833236
JKW4520,0.714426586231156
QGD7776,0.6165653929303563
CHA6808,0.5188885089886691
UBS9220,0.5218686680194423
WMY0640,0.4690311443829484
CRC2190,0.3568802325678481
AVW9491,0.416078605475104
NGN1485,0.6936866386093242
QQN9296,0.6815706192184562
NGR5046,0.44028246567816226
LAN8432,0.5135307751861161
TAQ4819,0.3136955548105547
CPI9822,0.37123737379924987
AER6514,0.11857575587425326
SEH8603,0.8685244189659099
ILT4241,0.4221894560434222
HKE8304,0.7092725281124869
TRW3403,0.4492318541329574
RZY1654,0.4156599235360256
NWK2633,0.25597758510351354
CFS3204,0.4580992960247358
NSH7795,0.5966055428632535
UDJ8583,0.4936546896673896
JMO1835,0.6762166380647153
REJ3686,0.25653857521344803
GDF5664,0.6819524886425414
NVV4484,0.5852537591174443
DDP7484,0.16548187057285482
XSF7421,0.2097040077640202
NLT2046,0.6297745452796448
SIQ0790,0.4202151298340148
FZD1147,0.15674965860407242
SAA8955,0.528543518934555
VCE3631,0.5929209091107209
ECP4298,0.5430108172435842
XIU0799,0.7555879204037667
RBL6086,0.7853520808193879
YBP3161,0.5022796266156506
KMY5612,0.5119327107046915
ZBM7911,0.2847143971436893
OCE7294,0.6539365879553788
TZE4540,0.4996407826996311
OYY6449,0.49090298642332186
IJK1308,0.6232856216138776
KPT6842,0.5204780900068242
UKW0215,0.4463773599629676
LRN0774,0.6140390800298482
VCE2379,0.2853857232425755
FMI2837,0.228088877484317
XLW5979,0.5340002042061152
GOV8873,0.49903292749945577
DNF0823,0.6953131696408769
HPH5240,0.5554590773383496
AMU4525,0.4630043574786657
RAZ4524,0.6716622179117581
CJX7660,0.5796140992401021
KRD7992,0.5607729444912647
CPT9754,0.26428622027592147
MQZ8423,0.7027956507930424
XZS3817,0.6220740691612863
VCT1670,0.35489734479864793
MPQ8940,0.502417990056999
QTT2590,0.25225656060174334
RDH4737,0.5235103130414918
TGY9004,0.3034653428890474
QQO7458,0.7969438827971994
LOI8195,0.5429508784404398
XNK4649,0.6234483589119785
ISE5644,0.150571505373676
QQK7127,0.5487012441965001
TJP4799,0.397029665683778
OXJ4842,0.108174397773851
RNA7496,0.5462733880237994
OGL8285,0.48093230296581113
SWE3610,0.3456849490381041
UJB6693,0.6035054533385802
DGQ0428,0.40764510875044957
UAF2108,0.7635680169822081
XSY0056,0.3351003076029498
HLU0539,0.1634199931475848
ODQ9274,0.30643686347671967
KFX6128,0.331609116835037
YEG5478,0.4631084928520906
HRD5727,0.2553783905661278
ZGE3625,0.37386598355813394
UMD6920,0.4160983348553769
MUJ4332,0.41130837063089176
KIF1692,0.6950919886829245
DFL1502,0.5885641632602493
CHL2034,0.70172679582421
WLT7867,0.4949299584242825
PXZ3818,0.4363326832704556
FYM9226,0.73384760572442
DAC6061,0.562344771989671
RHB1657,0.5428598137442171
NXO2283,0.5797762134502608
RLR7250,0.7565771776158071
YWK2082,0.6118005382043605
BYK5591,0.3859779602444095
ACB7270,0.696030299022655
EAM2579,0.482812977076009
HHR7325,0.6330968567724301
VHG9675,0.5690283407269897
RRO6606,0.4168844878748041
ERV7117,0.33900874156584954
MBE3268,0.5573087565252288
VWD2016,0.4656999721195117
UDG0132,0.6523418134080231
ASO9327,0.3862066553687698
YFX3025,0.39267238089167655
YHO3350,0.5970496635994513
RDJ0057,0.7133785270106279
OVI5461,0.6735846470064454
IIE9717,0.32433082932901786
MQU9813,0.19810962144434557
QBK6167,0.3778466466346807
MQD9120,0.3919615125935231
MPN1782,0.394240415405776
IAZ0582,0.618092205690031
WER3297,0.5895453954178498
DKU9622,0.23860237747925925
XZU1389,0.5299060409215427
JIV3958,0.4523644732831271
OUU8805,0.2909507192649841
HEA7369,0.19651339892909872
XVP2264,0.26579365548085887
DFR6067,0.3931478276459104
FBL4503,0.5081311386704984
LNE6682,0.49998716016577205
ZNT6954,0.14598023945559152
FNV1771,0.6908976203735543
ADK2106,0.2444492932759364
AEZ9340,0.4327136083344199
VFQ4319,0.2433716064928331
XSZ4118,0.6819049081945584
EGA6616,0.6621303814107499
MIZ1027,0.5419039148298735
SRS6744,0.3642349558282619
JQM1187,0.43553623781423206
ZHL3139,0.7951967889856666
NEW6706,0.2065151751786046
MQP7394,0.3838170505142852
RUD5319,0.6346977701597665
GJO6846,0.6024716321673411
NWG7741,0.4340394105048106
QRJ9739,0.5419926693568365
UKG2642,0.560488678526666
UZE6034,0.4136468163639259
JVA3845,0.7519559946928619
SQF8086,0.38424754982606923
ANJ5892,0.31945753905938495
UXX1393,0.46548569478612667
QWT8893,0.29736799580620044
IPI3012,0.288595927044697
BFJ0934,0.3949366187926819
EGP1636,0.22668162235609082
JOB6556,0.814124306283331
QRG4068,0.7300167937114174
MKK2644,0.8076294273804974
NOT8646,0.4668721549032783
BNU2999,0.4790390460217248
JNR6923,0.7749976452636236
WYV8264,0.7120245085775563
MYX1892,0.7667045284140734
MEB3676,0.5868012403361693
XQZ3311,0.4134951590486122
JJX6807,0.2979297469521272
WXK6036,0.122141582854246
NGT4741,0.381931056975466
LXO3834,0.7504799125126257
HTC2895,0.6911213033517242
SAX0105,0.28161618409901934
DTR6300,0.4487023004418416
DPE0579,0.1344848888655728
WNX2417,0.24735469565670987
XZM4055,0.10477178855597678
LHX7184,0.6367335027675729
KSO6598,0.5640716494855904
OLE4506,0.48427352742201984
NWZ7800,0.781609687305569
LIU4069,0.3563729635989267
JKO7105,0.5973464408375301
HHU9275,0.7320427429300876
TNV6516,0.4323669989678905
LYT6293,0.47937349766095
LKU6285,0.5414909388880359
YHL4141,0.17139721057366009
KEH4496,0.40459407428662575
DAG2617,0.2267853128545621
LWL1497,0.5410636871399354
OQC7661,0.5173027335294038
JJQ5903,0.45287552296558736
QNA7565,0.5769102741904314
GHC8140,0.44810624926336756
SWJ3811,0.4488271380514168
BJI4095,0.6410507949637848
AEA8629,0.24255074556296777
OAX5074,0.5019685542328478
MHX3492,0.2469786868576156
WSM4668,0.3664196548396955
ZVE8493,0.3219929095145742
HNI2057,0.5754712104544035
KYB7279,0.33416207081359
TNR6519,0.4208443097152233
ZAF6488,0.7226594670883972
GFR6971,0.427576853424769
VEY1968,0.2532192232486558
CQF6416,0.2625872082097625
TUG3248,0.43526787287033475
LEC4955,0.7398892148843211
OQR5476,0.39153062796357624
UHA2449,0.45021489622231553
GRP2675,0.3021707352824908
ELA3131,0.36957399504012434
UZT2014,0.281645036975777
NOR0351,0.7298233036768963
SQV1536,0.7052450364426989
MWO2395,0.4261949840885249
JKI8422,0.23869473523907284
CSM3282,0.7483901467705952
MKA1884,0.25435631545068144
OAT4775,0.6457589566707533
WAE6729,0.2282585935943631
PUU7424,0.26851762891750536
BVD6400,0.6667734869229677
FNA8904,0.3720445836553126
VJE0900,0.494300178055539
TOH5347,0.4508311331519632
FVT9140,0.4054264457310776
GRH5559,0.2919903455532779
UBD8889,0.7744002983401864
GFM8976,0.22269295348326193
SNB8067,0.323990999389102
JAN6657,0.6682304846815837
ZGO5482,0.5535183895645998
WAI7897,0.3026783874271432
TQQ8810,0.5763182773142864
PPR0538,0.5853749326037683
IQD3049,0.4443651073601349
EVW3261,0.39901905972734897
QTP0829,0.2586003418302346
ZAR1668,0.7210372595888802
YNM5067,0.23470791116946274
ITH8224,0.20007429075982755
REM1332,0.23837457003874735
SPS6604,0.2960784130369788
AAE3132,0.5442672788192906
HOU6184,0.36429588579518146
CZP4309,0.29327327786148727
LEL3646,0.47328805241450506
KLS2376,0.5625452940103465
SCX6724,0.425398277593394
JDX2248,0.43995856848790443
CSQ5122,0.28442046023233464
NCV4201,0.6695562507426154
RFX4239,0.7342492391106659
MHR9246,0.8078747451423961
GBZ6626,0.5060873512107217
RPD5488,0.30178308962061445
HYI3434,0.6401514559991937
MRS2505,0.678238875459625
AMB4315,0.5244933667173403
PMG9403,0.5079948663249291
PJB5201,0.4756098996711548
WNR1849,0.23635146279117064
WIH5320,0.6336726135473583
ZNM8480,0.6478816549459573
XXT0474,0.8448631127978791
QIG9493,0.18951013390048227
AFN6386,0.16835525951172572
PRR9621,0.6203394336029593
XCB9683,0.34351159957988286
DZT6788,0.5234875946496896
WWG8089,0.27167784877072826
UKQ0153,0.48382260213176753
BCZ3036,0.5580021238419869
NVZ9450,0.5787399388917266
CCZ0625,0.43790539161649267
ZLP2972,0.20626350856993345
ZJB5926,0.527035150247509
CMG8982,0.5242493361767118
WTU0545,0.3476734113871638
FKL8364,0.7130881909276497
PLX5842,0.254087661734221
JUN3444,0.34071599829532856
SKE9305,0.45720482771419396
ITL4779,0.5052878126974488
JJO0795,0.3789728799795076
NXU9005,0.3021465889693009
QGC9923,0.7864224265611603
MRQ3624,0.2846541353482371
DGH6557,0.5271211705109614
HDE8710,0.3249920885379492
AMV2337,0.37315955867305434
UNQ8256,0.5951127476940247
LOH5505,0.5979610594578852
IQY9989,0.3212965080142657
PLQ0927,0.7056244094243954
ZVH1070,0.4972545238928868
QWM7774,0.783903670904675
LCA6145,0.43831350719558354
CXS9262,0.5882460363572969
FBG7333,0.5545328652806647
OEE9697,0.2997777752307481
VXD2888,0.5281081496700771
JWU4615,0.2335666238200698
PIM7408,0.47937126505584693
KOH1629,0.45427544492453675
FNX6879,0.21430195171232613
JEQ9499,0.6655203230957483
UYE7582,0.6429239205208264
MFM9712,0.5327091359091468
CIW9280,0.6696836906429086
BIH6763,0.47773699762847566
IVR4724,0.30268749857858435
JMG2675,0.27098790163938763
PAL7750,0.2882097545715733
EGQ5337,0.27456528058384244
HNM5599,0.5367016907989288
WWK2226,0.39793194621888767
XMD5380,0.20610277069331392
CMT4787,0.30622629583046834
OTN1938,0.4870212734521308
VIT1701,0.33525266273501836
WMK4466,0.3421191358864087
JJY8197,0.610262701386708
XCA6285,0.46817088784408284
LSX1698,0.6999442110418702
LIY7658,0.7013893061669016
AWN0993,0.45746659640401627
GJQ8756,0.48955226896781256
UQA9509,0.5745601801353507
YMN9110,0.4779753830083178
TPV6824,0.3649306777435927
BHD6476,0.7873113778047532
JSQ7862,0.5841431769159893
IBD7350,0.38798912822740056
WVG9491,0.5162169596520229
ERM6024,0.34432291580057106
EVY4906,0.6792921354969155
HZA1744,0.3872564846117958
JCT4386,0.47549868669663536
GPO6473,0.31176665084836347
MFJ1189,0.4104544599431467
UYB8567,0.5687697915094937
TOE0201,0.3472398861893959
PZV6692,0.3743189151597342
UUY0456,0.5546127060401088
XDE4403,0.4095095684939914
RAY0990,0.7442416007230764
YXS9979,0.33795725164706997
BFQ1956,0.2768512639771208
BNT0970,0.5571869601577382
ILM6904,0.3581732349586683
TTD5928,0.2929366509109009
LRK6522,0.2894422989984781
NWI7548,0.5183354691202494
SBO1935,0.3806396260357049
ANF1816,0.4434648776266053
KOO2576,0.3977513804889608
XJK2683,0.2711874280289705
KXO3550,0.2481702922175366
PXC5758,0.6639374659381602
NQY7197,0.6197866037124669
EWQ8929,0.8186647329973306
ULV2580,0.6897838902324924
TCG3740,0.34546337949662925
HLQ7927,0.36167612558148826
RBI8043,0.4135622154930951
XUB9735,0.3051924760537289
YPZ4317,0.31806275059239747
QXZ4385,0.4708780585300626
JBY3887,0.6730563897034367
PMQ9284,0.5093676764419216
WPD6992,0.3868250679552169
OHO9405,0.6855716142942282
JXZ7487,0.3890978571087735
YBC1242,0.3851461775693749
GNC0544,0.3893579584482441
DWG6506,0.2612451968474463
GHE4135,0.28506116675828436
YTY8763,0.5946446602734844
KBN2378,0.563106213867677
AXT5962,0.8163877085922785
BOG9757,0.2911015314739833
JWU4504,0.3306733527981624
WFW3920,0.7665319283836842
NUT5984,0.2836702708747225
SRM0734,0.29470664136531655
SXM1210,0.7461415565366465
MNP1285,0.3677991505281345
OLN6828,0.7027570431508342
PND8015,0.7258528685267891
OGX2067,0.5910738605051885
NGW4148,0.36583744139037977
XNQ9739,0.5205859874635492
PVC0396,0.08252588894720829
YQU4379,0.19754494387877033
QCZ9183,0.24591582394848316
HEK1976,0.5880593457735325
IGG2798,0.45174294486361377
LVB5412,0.493563605136515
GJT0245,0.4564818896669335
UKH9382,0.45664089322273815
MSI8579,0.6439771169287644
ZLG0202,0.49313023934192884
JLT3081,0.2266999889946971
QUS9552,0.2526792297066414
YTA1880,0.5223365657310023
CDK2415,0.3987525199000212
GDK7008,0.4360981646693916
XHB5695,0.5193318260750811
CEL0699,0.4266057469133648
EIU7027,0.3001280096485113
HTM0146,0.4152308558601234
FZO5757,0.5052459921697785
TDL1068,0.5449423436838815
NIW2607,0.550376405591114
HEO0125,0.2867115845382485
MEX7417,0.3911263028011985
OEN4472,0.3523316563735187
BRT3771,0.14385986335280015
GUG8607,0.7258106505986962
ZOA7096,0.46927946761999684
SDH8992,0.6676556088171297
JMD0120,0.43636492572310254
BMO6026,0.37871849466460067
ENV4544,0.7045598181410506
JQH9915,0.25046155165513034
GMK2427,0.5691293362649068
FPA0677,0.45927380240028376
ZVL0171,0.7315058509226249
SYC0712,0.7901635167885755
MHD9822,0.4811841241654837
HPD7237,0.8326363480924596
FEL2808,0.5384357732669804
MMC8838,0.36942124667471027
NHK5621,0.42014453415003716
LDO7056,0.5948459854591589
RJU2365,0.48056586895693404
WUT2469,0.19039506705438192
YMA0571,0.19010901218265577
STT6043,0.5713740493635114
YGZ8268,0.39483485179829747
TZR7334,0.6471350798404519
KVM0019,0.5462859425750625
KCI1006,0.5249760455832445
RJR2607,0.2727976505487383
DNK7474,0.48159927566904237
PMY6529,0.36588051603108285
JAT6175,0.5589098855051681
GRH8210,0.7430025271768612
KFU3441,0.730153643816662
KVB7435,0.3028163169201493
IYP0080,0.5306422274615848
VBV5453,0.42529433560176144
DUA8888,0.5842055440670096
SKS3637,0.27303621983613935
JJK7748,0.5170269263218386
IWD6431,0.4135803017041354
BZE5384,0.28270636599725424
KFY4089,0.2836636513550856
JBZ4242,0.33891849163085996
JMI3553,0.5762986233670127
VJM1864,0.16385120213352414
SVH8709,0.691766917817415
SOY3070,0.4728625899206796
TUE3956,0.7463915281509913
XIX5596,0.29230482881745
CZS7133,0.6301746905489042
FIX2641,0.41320554679636906
UXD1841,0.4841273488080054
XIX9094,0.5593420474089924
ZVV5799,0.6672092987367788
VBT2621,0.22568158605527938
SGP4291,0.3239901982225066
VWE1468,0.5512490452868019
QUX9721,0.28605263696767846
OYI6805,0.5541001882516606
PHQ4045,0.446704377793573
IRE1258,0.5495819586791992
TQY2059,0.3949543431428443
CIN7912,0.6256418810610148
BFT1621,0.2674180524492668
XTV8065,0.6828267910634397
JBN7458,0.23071554321402238
ECA7340,0.6362016910851993
FJV6411,0.430931877334585
LBI3544,0.31305134533283085
IHF4906,0.717555396987947
BCF2737,0.694941931847075
VOX5055,0.3020075024005783
OHX8131,0.630501785539094
OOJ2242,0.4778887952965052
OYF8344,0.48949375607498347
BDP4806,0.32750304853725204
XHM8420,0.5415010886849138
HAJ9645,0.8102747842480629
PDE8624,0.4749988320163291
NLT2148,0.3077721443558404
UHI7991,0.6200501135516795
FWX8897,0.39451533360461194
OWB7178,0.6546655099912844
REU1247,0.5013964449603074
CRO1769,0.4593659948877135
TLD5484,0.3629907676930357
PTV8574,0.4166672851381769
BWS1336,0.23213650962505247
OII8763,0.29942881034847074
LPO1321,0.5268059661757954
NHW7391,0.3178468175601497
JUC7750,0.24444418724537845
CZF4822,0.29993860833000224
KBN3400,0.7362642849979679
SNF1740,0.23714765663677115
DXF7268,0.6216922700489906
EEV9383,0.23161201634230535
WJQ3332,0.4690644375272786
ORN5586,0.5295975231788237
JNZ7774,0.4545390192688365
KGI8277,0.41859212743550656
UQV0433,0.34624246386009283
CDJ1262,0.6367198377021964
ELI3656,0.2689053184522909
CJF9592,0.8605495034240469
IFV9314,0.46712674092904455
VDJ1118,0.372177240860517
DTA8682,0.8033829172729199
TGJ4666,0.6675201979690107
IZZ3291,0.501487021173928
ZWT7505,0.32966190967371684
LTK9250,0.24438495216985004
DVP8940,0.38868903828264056
OJP1964,0.3092395075328455
WNA2120,0.4285985535987497
MSO0106,0.5017210953093324
XNB8483,0.29969576090092614
PZM1761,0.3262383887520564
ENW1475,0.44921096415993195
AJL7031,0.701005966551598
LWS0585,0.6511606728660418
TXW9164,0.5510523947630324
EXD4634,0.6277668026682213
KJW6467,0.6798556978972023
EZD2570,0.2543286881926136
ZJV2396,0.538896627335154
OFC1459,0.554305796797434
VFR3116,0.49768641204189007
GMO1024,0.7009299875875815
BWM2061,0.38427007080776093
QTD8623,0.5997708522135567
KUM5250,0.16935315635688333
RJI3984,0.36037338770384547
VCS6618,0.36951703679945563
XRI7782,0.5734981974730342
TLU8006,0.35021632301605055
KIP1222,0.4295669285953794
ZYW6392,0.8627805257869314
LQG6833,0.36684664678329276
YZS6822,0.3737493813557321
WYB4183,0.7591548812676322
JTZ2381,0.598704385516677
WOI6716,0.19588748530368102
CAH3623,0.42393912454555177
DHO8082,0.3191627450370257
WBZ5686,0.5163558140549012
PTJ3034,0.4819528587812509
GOH6841,0.31037600997346687
IFK4684,0.3674705686536025
NUC6904,0.5685647934713972
VGA5416,0.46929843148268163
YLK9460,0.4938029165101481
DQW1972,0.6749403526629926
FTN8264,0.6575516657445671
IGT3880,0.561295628145605
FUA6770,0.6238027884483862
TLV7456,0.2509866186417753
WWE3484,0.547836880191873
DTR9952,0.7087371357673868
YNO1665,0.2968440164239393
VGE9961,0.382038361522631
RUA4176,0.14324648706019902
IKF0037,0.28708707174724774
YRO9974,0.3851090204835087
GWY9006,0.4229645324244821
FVD7466,0.28812060729533345
UHF3142,0.31003171100604404
DEX6242,0.20253366722034377
QXR3196,0.24749993266629922
IYU8091,0.3292493284201584
BCP0378,0.5572346606402566
IKD6628,0.2988866342177543
NEA8008,0.4092627627332361
IFL0400,0.32991100512542465
OWR3438,0.28336572190043163
YTR7954,0.5782566282850267
UAG7922,0.26930075932424685
MWS4567,0.7151524321099283
HYP0579,0.43431637143661284
CWP1122,0.3560330827204511
GRI5844,0.7098454535139249
ZNJ9881,0.6860659127352821
AND9132,0.5309872266634209
OTX1554,0.3196342530106043
JZI9321,0.33796397716370447
LLG6222,0.41013719246212893
MDS9093,0.4835566308371787
QQB0215,0.5607446375244373
QQT6587,0.47662429949866514
LOK7515,0.5440012079214274
GYA7750,0.4594596519893351
MNV7286,0.7642370505726699
YRI8408,0.5769969793726942
TWE1980,0.526670157401771
ZVU6266,0.2655957346715797
RRG0247,0.5049270965274555
HHD7862,0.7033514365263545
AJE1820,0.40113301105186355
ZDR0733,0.5844185773885272
GGP3321,0.2161506241878246
CTU8248,0.40380176960509306
ETX7860,0.2135330121089229
BYX4709,0.46354167518230943
JER5258,0.3086444104498673
ATP7809,0.5051053466546693
OOS9657,0.7690801158587848
YBH8650,0.41693347228269617
VPU2235,0.41408612217182456
AJE0878,0.4654923683518387
VOM0132,0.5193055933257431
XPU7817,0.7755193956110424
MLD9068,0.6492654697377995
GAF5632,0.7482766779022884
KVJ6297,0.7141417783578282
BQD2750,0.6027560887962807
XFK0812,0.22223284416187059
RBI8449,0.782337570580036
XBJ4755,0.3664959804814115
PUG4486,0.394496085603057
SOK6661,0.6487152169472262
XXR7349,0.5878757403746298
HKP1866,0.5131755337316851
YPM4023,0.7461940607884212
OZL2864,0.7371062733711857
GQA0832,0.2743903277841264
MXU2531,0.7016059398180673
QYY3922,0.1818493936304126
RZJ6026,0.7295295313431346
LCS1493,0.24462866635828545
QJP7869,0.5771348584123145
VJO6966,0.681434273491613
OFL4209,0.45220916973833913
PFZ9129,0.38853009793224447
MZR6876,0.7947656257500119
MCV7828,0.28849205209820034
SZN7612,0.4524395781438776
HNX6356,0.38497274926096947
WKH3337,0.527554355916814
PNI0320,0.6569295306890538
LSK2897,0.32462718930941703
AGY2805,0.36191312188980423
FEB0191,0.6745727801478889
ASI3597,0.285055247415959
RAW3160,0.35634314742914974
SAL3837,0.3838036244545307
QMO1576,0.3310841348221535
XCJ7065,0.3134898435610908
YKO2034,0.5104140100772255
MYM0707,0.6882456163498808
GOD1525,0.48510520140990093
YGS6472,0.4924692606784236
MVR6731,0.36379417937976977
AQY0818,0.5468043630929097
GWL4324,0.5831813804871482
SAL3804,0.5070751645438192
LXN5221,0.46871152002710376
UXM8042,0.22946404106057525
GOH7601,0.27837955129688524
UOH2212,0.6241432705644414
YUH8545,0.7570728350490619
UVO5135,0.3922031877348208
VGV2371,0.2978408202162517
MSD1546,0.47168931922543017
QVY5202,0.581584370459204
MDH9411,0.42786255663474104
XRP3871,0.18622179226222646
IDL4446,0.3377045093850595
SVT0852,0.45381016163657656
STW1369,0.40956796501522064
KDX8757,0.5232197132232671
OKA2718,0.42931719170244875
KGZ0857,0.5899268718404066
HXT1988,0.4462671884532284
PPL4821,0.15790477126542116
ZSA7657,0.8054533706467646
CCD7293,0.41497026643854845
XPP4684,0.18810177323408772
MYE1200,0.37349943289083687
DNA6848,0.23278282314219859
WAX9047,0.22526449205900076
JHL5576,0.5477163166097652
HMH5026,0.316163862634026
EQK7900,0.5598421014605347
THU0418,0.3144066025817281
AAN1264,0.6035777692749754
FGB5363,0.38575084459303977
CTK2833,0.73673252357083
DVB6982,0.589576925850725
RNQ9043,0.4444376294251066
PYH6242,0.25569147661785113
NJQ7029,0.6958661615510114
XXQ2266,0.5535454846462868
TWF8468,0.6757902598323395
PBX1659,0.3219081936324977
VYE6525,0.5473960257637979
XGZ7303,0.22812122127910822
JWG0572,0.6662474088128093
GCZ5567,0.3100935797803365
OEK7979,0.2533023213029808
IQR1080,0.6057679171698968
EGP3030,0.38073875308454375
KXD1325,0.7039376546434672
AHW4029,0.45120166530851324
ZDL7831,0.49150235182685276
UUC1303,0.8581594754631819
JHW4195,0.66026188461007
UQA3823,0.6863279191360582
VHB0197,0.438509109222735
BVR4732,0.4417137048149177
MWL6209,0.169786936625156
USW0558,0.5628068575415929
PED1745,0.3870834210776776
KZU0103,0.6520947791549351
AKF9929,0.5761488341449406
XHX5246,0.4859742751489594
SFA0308,0.5591244508072712
DVD4120,0.42486798125310227
ESO9920,0.5073333536729189
SRL6640,0.5501065326138016
CUR0551,0.2253221430596986
ZRZ9828,0.7250134657784895
JHZ8593,0.6149270850707426
NHF5531,0.5292737094379077
FQR9806,0.6457046921230123
ADB1496,0.30196511298050466
CYJ8609,0.4757560553652888
PBY4400,0.4265378112766915
LKQ7118,0.4712734455778631
PJM6055,0.5263131930041868
CDO6881,0.28427575034123487
DRF7884,0.31751997350047223
OLC5061,0.5934546111278739
AKG8619,0.3604524675433968
GES7925,0.5885303638941943
OPE3417,0.18703740864057752
TWP5888,0.3979436894640515
TNJ4880,0.5567601390437286
XYM6908,0.669005892369021
OTV7462,0.3481891215330356
QDM0499,0.7024465824096204
XXX7106,0.20920092951950517
CEY7529,0.26605558679550684
EQG7914,0.23695576411514127
HQH7800,0.6660226346667052
FDK8158,0.42401576637037736
VLN1057,0.48981456177161603
QYX1812,0.19174484359122138
UFM6656,0.3989849692108835
HIF2994,0.5401955265881158
EPT6107,0.45372639499395534
SVH5874,0.4759652597502547
GIO5888,0.3699040077877411
MPK6697,0.5343776387998121
JHJ6002,0.3768803670152456
WQB2834,0.2756801963851245
QKK7312,0.44204676990327646
YJZ3677,0.7711328863362861
MBG7300,0.48811370624596356
NGX9445,0.38874735231541424
QTU8109,0.4236181729146364
OLI7614,0.3164122762966998
FSG4468,0.5656704782702306
RCH3872,0.5641090180225092
YXB5864,0.23881282144965008
HOR7464,0.7460845618220074
EIC2487,0.3108012462318234
CCJ3339,0.32919097453803176
RQJ9221,0.3725594472865435
HAO7587,0.48132516147711535
KNM1584,0.30496124486620707
WLN0973,0.5529822530382981
WER8629,0.2999929353968194
SLS0471,0.17364285010796615
RWZ7062,0.56565418187494
HKX2986,0.5847099683012518
GCY5175,0.2858479551705723
AOT2477,0.18363022245363878
HVO1046,0.43485769831302523
NXH0170,0.4318343156519126
GZV4285,0.37010287122874475
XNV7471,0.6674251522798286
BJX4302,0.5515344820606917
VSH5730,0.315321865042444
FDM7929,0.5009049059775973
PAU3377,0.29308437600168696
PII3257,0.3737804654599683
MMY8958,0.6164841113585485
HSJ5714,0.5878707347412114
WUX6406,0.5072888815582616
YAS4032,0.38081802951343985
QZX6944,0.5038578066146575
SBX6305,0.49905347806605915
DQH0443,0.5186032092282954
QHJ0432,0.4036289904185181
MEZ1886,0.4443750654054462
FFW5346,0.27309871858275997
GCI5754,0.6074539906900356
YWS2631,0.5852322880365336
BJE6322,0.45252420327486964
QOD5952,0.3648442630030602
PVQ0274,0.3922352112343201
RWA7760,0.4610304887093812
LBD4986,0.21455462672138728
INX2297,0.46820565510763207
SWE8062,0.2682210070667041
CDJ6273,0.33189544394712517
UVR3325,0.446788546979625
AGA7615,0.22119455320590894
QQF6530,0.44993185249469864
VCP5164,0.38347106487979143
IBJ4529,0.31559619300648245
XAP2030,0.1335661513201513
VSZ4334,0.630374381086593
IDB3510,0.5388233152122425
CVK4116,0.11725563980874289
YRI3393,0.4117164213100132
XWJ4426,0.5652454045250301
CDL2013,0.24681979603860862
YBT2195,0.5787084914291017
XMX7085,0.4797041175507868
TMS4399,0.5263072558468452
VNW3430,0.6450242527203668
FQL9334,0.6270710343616045
BXK1712,0.3520811339551844
KVQ0997,0.23605112892298144
ARP6086,0.3672403624204969
TZA4677,0.7639699335282223
KHL2108,0.4756989370207038
KLH3876,0.41132305340841974
BVO1335,0.46916222648697836
WNP1085,0.6554260741455294
RZU4330,0.42940304526697265
YNC1324,0.5509741931251916
AWY0298,0.5566116955076844
PZK1558,0.35526221235687766
TTN9630,0.29870790894604493
BIL0479,0.44375422078522403
QYA2602,0.3606017779625628
UKK4307,0.5623143085635008
DMS0338,0.7388218380809101
VIP9261,0.21229223457860177
NPL9257,0.4996989368601268
POW4586,0.5324717345510092
KXL7076,0.5646656820578989
PFS5716,0.7178115772527286
AKY4887,0.5881800741487399
QPB1967,0.5573854984445096
KFF3495,0.1476562214606992
ZZF6930,0.40386892633046295
NHW3925,0.6097067388992082
BRN8497,0.5102030418277972
UMJ2226,0.1892692247090317
RNJ1710,0.3325934721177554
LUD5116,0.6028700306116085
OLT2214,0.3879660792974771
XXJ7220,0.22646686534365784
VPE1768,0.4548291601947532
MNR3391,0.6669465151337179
JHM0984,0.5462341414237631
FAB0388,0.6247135132888495
OOR0476,0.3676480789344002
IBV7915,0.6845811428511651
YFK1866,0.4667904797004967
ZQD4890,0.37577177494447883
WDC9798,0.30199929104227247
CXG8456,0.5773179782694581
DOO3002,0.6683997678632853
YID2854,0.5176540369588407
SNT8269,0.6236080280768229
AJE5284,0.37849628136217695
GLI3826,0.5406661787876289
MPN9544,0.258460443609977
ZOL7983,0.7165282615228182
VGJ9459,0.44750050883827125
YGU7937,0.5169468370764198
ZHD4984,0.5228629269331185
TQL5044,0.3382875465207068
GZL6126,0.4947380120106813
TED4788,0.35658260373453426
QCB1230,0.5616263538258063
KCU5480,0.19773065630100453
JYA4020,0.654295640792299
AKI9938,0.42699343681704793
CDZ5280,0.4207522160511158
IJS3257,0.7215277225648801
XHU6926,0.47760334487566064
ZQD9442,0.4687522269884698
XSW2306,0.8539918561870621
QMP1263,0.3625374976521961
LLJ3258,0.19427739385738652
GHM9007,0.286427923388677
LUC5355,0.7413030550466244
JPJ1369,0.5072372069269813
GHV5643,0.5343733579906159
JNX1312,0.7821314473884148
DNQ9370,0.5797414696449559
WXL4780,0.36198149692271847
WCO3839,0.5378818917711683
IDJ9502,0.6330852667888177
MWF4845,0.7411690783238386
WIA4859,0.3121886465235999
PYN9857,0.1979676122489551
BBK1144,0.4816857675136772
SWH7163,0.233822981038033
GMF6824,0.08916039832846188
IVT1624,0.4274666082983485
PYR5155,0.7275387171055314
JAN7670,0.5005768980297424
SUL6082,0.6213328814615765
GQN5525,0.4526061170820263
EPR1251,0.439644888179719
YVF9131,0.596584319244121
ETE9042,0.3553059222551348
RTU8397,0.4664518813791397
VQL7165,0.8746290998883978
FHF3153,0.508300525326901
YEL7480,0.3528172693472204
QNY9983,0.31220935425300184
WLM4602,0.2673507078419047
BHV5209,0.3339247808156952
EXU2651,0.4997811829862907
QMM0719,0.42599757163483376
JCY7195,0.5961873948610201
OMG3714,0.6716186740542739
PLZ7937,0.43197602588321254
UWY1087,0.6801741792333932
KLL3321,0.6727950954303105
FRT0766,0.538987661384963
AWI8218,0.6273009510219373
VXH3216,0.2556935753933033
USD4961,0.5988471695679591
QDE2276,0.5658673959112003
NQX8981,0.6538186018520378
LXQ3911,0.5699120706549126
JUS0617,0.2849699715098378
VPF0649,0.2964017991572277
OUU9584,0.7905759713646558
VCE9304,0.44670801936487325
NZI2126,0.20730259469876502
ZVJ8894,0.5843910849502209
EWR8128,0.20881693488538539
GKF7029,0.5424761686195306
FNM7614,0.49393374016581093
FHS8655,0.49598598734154997
KMK7242,0.4754416577954061
AHA8842,0.25266279805602265
CPJ8082,0.49182597769414116
DBC9627,0.5691805890403518
XJW5496,0.39311214864858873
BKG9784,0.6351464741535234
KBD8351,0.3723631782393165
EJG4853,0.38866409393728585
XKA6945,0.3764721458027141
FIS6302,0.3376208909498804
VVC7858,0.2992115604825139
RIF2689,0.6027338087308393
AUG6492,0.6191542221766502
YCU0440,0.2725573389645391
UDC2578,0.2962009730713376
RHJ1529,0.3618821152690731
XFC8473,0.4497876266609648
OOA3990,0.5841941259477178
XFL8207,0.724055227238962
ICS0547,0.44986425863213475
CSV4897,0.381875668761522
BWU0006,0.5569460045090125
ZIL6789,0.35891341850958336
ZTL2295,0.42761630988071364
ZIX0088,0.6703289329673561
MEU3717,0.23308767165923489
QEF2532,0.36550100783304884
WNE1300,0.7558122033424152
NOF3605,0.3904430754375631
BYB0853,0.32023232166720617
VLO7141,0.5508104474692249
KMY8105,0.37800827689844574
OPM4779,0.41587059486773953
JZM6435,0.27382699218089906
MHO6099,0.23839573404095057
JOV5051,0.4322789832549717
QJV9526,0.5661399301428068
HKB9998,0.7415274289949813
GML4512,0.42341252456524087
JVN6993,0.3159638042654426
KCA0947,0.7604393591189276
QRG9446,0.45228794123325144
HBG3407,0.5277271704087868
UBA6870,0.29744884615456213
WLC1148,0.44573017409462035
CBV8051,0.5843037002446666
BEY5463,0.5363943143689852
JGV3234,0.5591536353654067
SJB9840,0.4546532367810913
SSN6235,0.2659171799660006
XSM0027,0.3088411057101261
MSN0593,0.6542994644534225
OQC1881,0.4658734304244412
JPY5172,0.22826810041314174
RYW5823,0.49323062743746887
DFC2221,0.3471420927200128
IKP8033,0.4487772333307442
OGM0827,0.399300649978179
ABG1050,0.740112564494938
OST4137,0.3856514150248001
IDC7341,0.32615107950368344
XQO3065,0.4591513291594679
GPA9799,0.6302539236573071
BJY1570,0.618539741238393
WTF3459,0.6541495843777202
PTO2678,0.4998840190918195
YTJ0953,0.666981597934514
TPQ8776,0.552886741597523
PAU6559,0.3831360710993358
GJP2053,0.4218867064640773
RWP9660,0.3343242436635968
ZSD6924,0.21009102060760218
CVN9903,0.24935230146360834
JZH4481,0.6697488110033097
TVO6484,0.6810449408413441
DSW4641,0.4866477367721252
DTC6376,0.4912565077385656
NEQ1445,0.7889491619547814
MGN0204,0.15388339731125497
LFJ2299,0.5571525319208288
MBZ9428,0.39572216698352325
ERK3686,0.10612281709900158
DMU6787,0.29296683287709674
MNZ9630,0.7086712247367962
PLD3289,0.6229150869203729
PYZ0091,0.6122792811094074
QYG2595,0.39050509158290264
AFI1911,0.17563857502962962
IUT6554,0.7398008190651728
IID4833,0.5946230817693651
YUM6195,0.29604063254681956
IDK5493,0.5455078211177973
RMZ3418,0.4084831232511571
YOF1202,0.5230733281194703
OBH7504,0.47298033868766226
PBG3271,0.5348601755614592
GYN7033,0.4815348508020307
BRJ6883,0.5027847740974117
QBO3877,0.5346537664993737
YXZ9927,0.5158241122045721
OLD0052,0.3677730609130073
CNX1986,0.6354000119189435
JZH5443,0.29823310355811045
DYM5551,0.26962070153425427
NUK9864,0.4382370091093561
SYM9711,0.6463282235841598
TOD4932,0.6397309066418568
BTU0301,0.45036488322134577
AJA9066,0.42832552834115134
FPN7604,0.12593521645941178
IWK5748,0.40649378370072853
OSA5438,0.6441382398100745
IXV7393,0.3954614283195181
FLI2208,0.6182468723907155
WED7235,0.2934663331663098
XBF6820,0.48291143424938127
GTI2773,0.3206091872726327
ETD1365,0.5184971263420264
YBJ4724,0.3734509701335499
TPO5722,0.6458615471371676
SSW1446,0.43884040770177474
AGB9743,0.5627390450381043
TUX4026,0.4896403355398008
LFH5084,0.5578860098075445
MJA0420,0.39198135493342817
OUC5158,0.5683301970005763
QBM6980,0.08231197578817866
MUP4364,0.6695620454534466
LXS8907,0.3570289767620936
TFL1336,0.5991266300218208
DAW9391,0.3690569448868383
ISS1895,0.2133767690710558
MCB6789,0.4904466001108638
OXE0035,0.18035396359334246
SPM4129,0.3883318465872644
TFN9819,0.635964436129173
ZMC3441,0.3586671416559609
VEH5136,0.1763177892010519
HEO2144,0.45022477681898276
TRB9176,0.4556301330878854
FGJ1745,0.15550367602359363
XTX2547,0.45509901126119756
ICV6713,0.3279944824469096
CED7966,0.32135056664405237
SDI9954,0.3843496732097603
VLF4370,0.34752468786334395
YBI1526,0.4611725891044978
AKD9529,0.7359382826087976
ZIY2949,0.27636430357192704
SHG0969,0.6559997454153521
ASJ3263,0.40771806450988596
LEB5194,0.5772768679692616
BJV3212,0.5007111599468258
VHW3643,0.12605538670722527
AIC2509,0.7167928909583589
JOD0140,0.537816072838018
AFU6285,0.5904559496388501
BPX1480,0.3627081372238185
FOQ9360,0.4082476906539049
QRV6768,0.9091375509385876
JIO8124,0.6034977640649101
VBG8435,0.5831191902171592
UJK1395,0.5058125001851036
FYB9461,0.4336806943321019
LDQ2649,0.44715387345152274
IBD7077,0.6440286622317716
KRB5307,0.6665243479936933
YMM3305,0.33530421779253217
UPX2572,0.43300706942311706
JQH9365,0.37819547016681254
MLW7872,0.4331988676759947
FMW5804,0.3396950568999637
PEG3670,0.4399439063564995
HPV6445,0.1551503248252848
DJJ0601,0.24622861404546809
NCD6920,0.6629954835724986
LHV4605,0.31770566730318894
ZQK5110,0.4795989833464974
GXJ3881,0.25141883718468944
ESS5640,0.6259166038326776
TMB8649,0.5188276729642449
PIM2851,0.16684788274179183
AAY0842,0.5120490186596963
CKF3096,0.5323834638629711
FGV1618,0.6485954246465689
PVS5967,0.2221951649056904
LIM3859,0.5252693325506171
RMR1331,0.18743943720593145
BEB3268,0.2600557096407666
IDY9946,0.3423465946909438
ETR4969,0.43343026549059466
PWY8113,0.41244350094905935
WPT5799,0.47273145734484545
SMT5693,0.698531803503597
MVK3353,0.41715815351494534
PUW5873,0.38877431699840814
NDR3956,0.3713092158495396
NTO7966,0.6880627878652038
TEB7405,0.6642428110004055
GTO9790,0.5339134030604553
KBB5390,0.22132534907965934
JTS4195,0.7801199179529175
FKZ6121,0.36932941684655546
ZYU0285,0.19149743053531124
MYZ6375,0.7306542111200975
YYM4394,0.8139331888753233
MOT2487,0.4628377403831947
EEA6474,0.29039444420213156
UTP6684,0.5258804632805923
KYP4853,0.2529476286286188
EMM0394,0.3802315133712523
ZAQ4179,0.22200148307331347
RFJ5349,0.600210299962944
HRK0701,0.4013726980950293
KSR8026,0.3607549307720564
RYZ8152,0.4486220913036069
GLA5774,0.292796246711467
CXM6380,0.6153275310588722
VKS1935,0.39823400219334204
OLY4676,0.45356001558264697
CJU5534,0.37068334195321134
MSE9863,0.33891477236943784
OZM6965,0.6000314269326902
GVX1518,0.4020242512476982
NWR9800,0.4047973178095585
GKG9293,0.412620969813096
SOI0594,0.47318340831914557
UAK9715,0.43303585287438223
HNS4860,0.5357033379348641
QQE1863,0.5763800784737964
AOM1139,0.770043659086981
JND5222,0.6316236240864619
DUR7694,0.2257937038191316
BYJ7605,0.5255608601924261
SCA1279,0.23389720228736038
KIR1085,0.4824038207808058
WYD6141,0.22548153087425962
BGT0275,0.4766528324544191
MMI2820,0.767710378877019
BWL9777,0.2860370303240192
KSS8555,0.42048840170560725
FRH0417,0.6420263668957847
CGN9405,0.1604998077744133
UKT3236,0.464191345729755
OTX7862,0.40449583484794094
BSI6803,0.40542793286882384
TTQ0940,0.44633151156314316
TWS2621,0.45807346039108593
LUR7303,0.39117201959253906
YBG1625,0.8716348011533209
FSQ3432,0.307150449800262
JTK0613,0.45737736641590204
WYK3449,0.5017748536279197
ULH3218,0.3274297305915663
JVK5990,0.2948661336009975
FIQ0497,0.6292678855817189
TGB7149,0.17599569616593827
XAU7965,0.6106689391074939
CJF9080,0.6097460546063258
REX3620,0.6712853222519807
DXQ8472,0.522972699424879
AMP5118,0.591757078053672
PHN1758,0.4591258813431874
QLB7997,0.4055757164355135
FTG6947,0.4249541888589907
RBO9223,0.5594810494516972
VVN4722,0.4682595018818825
BMR4527,0.20034405210601883
IJY3353,0.2225825933849214
JSU1713,0.4550783873605317
EWB8475,0.1890963728699905
LWK5584,0.31646405267149114
VCX4463,0.5652356351843599
YOL2804,0.23387349797213303
KAF4464,0.3756543391264486
FIL5551,0.32661800122826573
KTQ5309,0.5147069290799167
UPX7124,0.617862021325899
JRC4352,0.3043659709249183
UNY7553,0.45396194766920317
MKJ0164,0.7912869647332228
UZD1931,0.7252347445207465
CKO1213,0.28568263291738355
KED8188,0.42216829431496344
ALF8356,0.4810349496998159
USK3232,0.27929895493323764
DNZ7924,0.29686404317052484
NUK2552,0.43071598676627276
TWW3741,0.3469962949797058
UHY2725,0.580919438689882
SXG3103,0.4035637101111055
KZD5913,0.44430006767285796
LFR3187,0.41544001588201673
EKV5193,0.501368638438164
YAO3141,0.4668753247076575
GOC0400,0.5622995883547045
MVX8740,0.5796872319337781
ZVL7167,0.7121938018405942
QCL5689,0.5592421236937373
DAM1172,0.6908654845647447
ASK9555,0.4878585060499164
NPL3337,0.3437222654990368
FMY3806,0.3961775458139467
UST2624,0.4848722288714272
HCS9376,0.44986815872394414
WTW2307,0.27500378319629926
SDE7885,0.5410248502880463
IAN7977,0.4323255323582442
QEC1993,0.2563676686449356
QJP1557,0.16427142326666536
IUI7963,0.34653651522567946
SDI6665,0.5663274185557456
KFV4209,0.5694342694384328
HWF9009,0.6655541733285412
KKV9741,0.42127382391828816
YNH0185,0.7375960016670718
PZK4366,0.16331185696462783
UWS5455,0.46392949944342105
TRP3743,0.5553479334485941
DFO2095,0.4640055402160508
JOF5772,0.7369355781829157
ETC9215,0.6153517979239017
ZEH6132,0.5463233357924443
NAS2706,0.4922553150795543
TPZ3230,0.5638457205410329
WCB9042,0.39923528490718707
QIO7021,0.5677907425843473
IZV1149,0.5486963055192102
CFQ8562,0.3153722372545242
VSS7607,0.4687295168414994
CJJ9855,0.36756940294538876
YTY4845,0.36836084986996104
TWC7330,0.584534754303251
EIB8160,0.4199463611385052
HFY9382,0.4169868046816857
IEE5503,0.4447435714020322
ROO8981,0.4246427961994805
AOG8492,0.4760312536428794
VOU8833,0.5981935909126264
MSB7854,0.46208760029983165
YVF6589,0.2542667395039809
RQX6209,0.6101521048488046
WZD1341,0.3831154607712133
RXG3147,0.2621623977938123
SYN3470,0.2651543386860789
DWN2532,0.8493263746839798
ASF5513,0.45719431039268243
WHS9360,0.6657300800534127
JLP5589,0.44781586674217727
OKS5692,0.6698855413477197
HNV6246,0.5672994939878698
HKL0910,0.4247265755424848
BOX2370,0.7430748274730742
AKE0444,0.4153099203820729
MHG0604,0.31772190316728055
MFQ3423,0.6652799827602812
LFK3506,0.7277168132607242
HCF4579,0.7407569734584036
VWC7373,0.5450720686250895
BIV6976,0.5575629234301039
NTS1702,0.391954499686177
ZCC5163,0.4064535586115608
OGB6889,0.3209056692315199
PHW9074,0.3745306217725272
CET0786,0.67453043122881
VEC9508,0.1799873048478363
XKS1665,0.379490413106664
FUG9600,0.3342549045513108
KNU8936,0.6009006840215196
SHC1204,0.2792072383085831
ZPX2229,0.2744180500081739
GCT2462,0.4020054894967675
AYZ7183,0.6789173222594587
BLE2265,0.37330266085447406
BTF8456,0.5187316597419518
QRG3891,0.5359385472188236
ZEN0526,0.3138939981458692
DIU4140,0.5259252411484416
EIK8980,0.5490680367895093
KSS0055,0.5084982159532354
AZV1285,0.21079803827079985
RLG9209,0.37044132677200287
LVW1887,0.7656693440945871
TAS0098,0.5600822631937958
QKQ5346,0.3494208319327688
LFI6971,0.19626800169550615
BQX0824,0.38373713343885296
XML9945,0.62763973030415
ZXZ5078,0.5773066658078111
IXF4211,0.5167276882938472
KND6746,0.593632669859795
QQS3620,0.38356892982679935
LVI9628,0.2967786630666218
DUI7864,0.6505641369083914
JUE4551,0.6716293852861125
ZPL2300,0.2294402126116637
YEL7564,0.22291668400019696
UGU2507,0.3427242238768876
ZOI8056,0.2635276073839031
QEA8664,0.5474329118768183
QUI8924,0.28128662482287986
OQL3155,0.4791974835403467
ZAL5931,0.3530085899054741
IKV4421,0.4031530423606798
FZA4018,0.3831941096377052
KCO2495,0.35674370822595686
SVS5231,0.6720990869044925
SAW7527,0.8045357358956451
OGM2631,0.3658107273265025
CVB7805,0.3616159070066958
RLF5135,0.37878181761406354
NFE1191,0.5593769865147241
XZF7825,0.387571003970891
ENJ1626,0.5913079679559353
EEF0190,0.32359925863191935
PTB5659,0.35957657135139354
KTA0598,0.4226942661806526
OPH7503,0.4921374943910361
PFB6052,0.5713275044369169
PQP6676,0.25391930175538974
LQY6462,0.48008363261779374
QST8666,0.5577716826744397
KWV7849,0.6056066110477135
RWP7421,0.42399250564234003
LJM4775,0.47026879872431376
BKO8359,0.3278605656786652
LHH7349,0.2663765788536396
HHY5540,0.46343433415983165
VRG5107,0.41151656221452176
GTY8915,0.4273468449975884
BKP2297,0.27736006922185946
FVO5750,0.6383358826602665
ECD8980,0.5767802465064606
AEA8744,0.4123072770028453
DFA1094,0.45811074378918276
VNG4659,0.3850538932920592
BYJ7960,0.4968924168020478
AUX9209,0.4542344167800526
YKV9464,0.2408608110883836
ENV2990,0.34961359993742175
UDP3564,0.39230471729684274
LXG1340,0.45357558259104774
WRR3525,0.8553114430638485
ZRR0628,0.38475261413672474
NOI6763,0.5946830056820432
DKT5697,0.8205318443135708
OQW8246,0.47047232220749413
EJC9467,0.6400240301978594
EZC0491,0.3215039289720116
QAJ7649,0.3660296560777741
RNR0652,0.7336006546119177
WTF2571,0.7792298896810168
MVZ9434,0.348765996134112
OJG7664,0.41425499186177744
TTH3651,0.401752119854812
YBB8917,0.3179593243270646
PSI3002,0.5428018784235328
QFC5037,0.5717214203830622
ALZ0191,0.2660461454937086
HZI4473,0.3733328852450538
RFD1285,0.7252018989850821
BFH0789,0.36042299470572925
JZX9489,0.260522208168071
DGS2614,0.30765759278995414
VYZ9856,0.38672574254604897
EZM2512,0.597477813228127
DNH8453,0.3189632671639095
ZQR1786,0.3382972126778204
EUN7100,0.6110444211880134
FDH8985,0.2682133509346834
UKU6956,0.5496557826958017
WCW2836,0.1671918707591525
ENW5898,0.483158819578095
OSP4369,0.3992429698035739
PGT1337,0.10500021190150464
LEG8297,0.6976366652526148
CEP8192,0.5508332122344336
VJO5168,0.41136227662348573
QBW2877,0.49764147466333775
VIQ7083,0.14157943456603703
OQI5447,0.5464092342621527
UTM9935,0.21801655932103875
AGY4559,0.29116026884517315
JOR6780,0.4648328681091449
MPW8036,0.3039279801831789
EBS9206,0.46779040360852125
WZH8778,0.30800005959721954
SDT4780,0.21563364001463278
XEB8025,0.40977034715836036
VLP0594,0.36003198070015274
FGX8087,0.3006285883042256
NZH6934,0.543009997290353
YME8412,0.4900718802640154
RWK9524,0.4304215347591716
RPP9214,0.6104871817791729
WBK6963,0.6218791174921927
DIG5398,0.38304743320859835
RXB4565,0.28688627502105346
HHK7103,0.18551124014911544
BXO5829,0.2778916720258501
TGW1447,0.5459217044893787
SCG9633,0.48312937548211554
YRH2661,0.6618099050416567
BWM0677,0.5080081720644324
XMI9842,0.4003739973431516
JYV4622,0.65672690488903
FSJ5438,0.3308580081956571
ZPZ2675,0.4360181867772626
FCT5311,0.47217549898435435
DLU3504,0.49371499534202185
ESU2238,0.8727165066351438
HEY5668,0.7438641157588938
UNN4464,0.42239597607835194
HSF2545,0.22652607229902302
JIA5527,0.175837450180279
ZDA5112,0.7820128269491112
HPI8130,0.3928172917333054
JER8240,0.8153487861205269
TAI6687,0.3491392876235069
GHY9750,0.30533016156915205
ZMJ3632,0.4124161640893226
LNL3875,0.5063266612118456
KBN0133,0.7195280906110683
REV6314,0.42874898518263943
BJK1459,0.6088715455708752
MSF4854,0.5104635128920717
FWV0487,0.3700644511942567
RGY6197,0.5460119237558652
TSD3692,0.6817880060538624
TVS6288,0.42722692585184147
CZV6542,0.5484481689242677
NFW8789,0.4152664543913946
EEE8038,0.5901587741079106
BKX6172,0.514623542817319
FUG8771,0.5807131162557643
GHN3574,0.24615332622199634
YSQ3489,0.45798585855561524
ARP2492,0.4556932395189494
QHT8444,0.7061951599371401
CVN0729,0.4186163547592309
EJS1772,0.5198665593151865
SUZ0883,0.1877458500346542
ZVY2197,0.6367474521431421
QDD5758,0.36003574302330943
TKX2350,0.8761337368901968
HRP1387,0.4536552400210102
MWU5491,0.3102943416336285
VBM5950,0.44677890134401865
GFK1650,0.3597252378239051
BYX3935,0.5059076126202611
SNN8579,0.6536323840347469
UTG6923,0.4258904847955066
XSZ7452,0.7682916903117698
WDB2677,0.8538816070924469
GEW6229,0.3615644214051899
BCF2024,0.33895636748086055
PDL4276,0.3708126278382307
CBG3780,0.8250491216095515
JBX0021,0.39273651375663093
PUC3281,0.22084006306787116
FSE5481,0.5159808410576432
XZU8058,0.5723968501495358
SNX2482,0.5160520528565118
JBY1932,0.31277400511819936
FCF7662,0.26469611710452745
CYF9743,0.3303404465016492
IXO6328,0.7193573355265599
BQJ7708,0.4333695887458813
OTJ3739,0.24649840873657344
HWN7895,0.5541830964308865
GRH0857,0.5403728435125175
BLB3672,0.4689175120119553
UJL9519,0.2909354994625132
TWS2222,0.40555491724828313
JMM6461,0.4821172167555678
MIW9885,0.09333953869216675
GJD6146,0.28175367796175194
GKG8118,0.41974598086762105
WLE0388,0.24420555593583557
MNS8646,0.7627727905277116
GRN3294,0.723728573344902
JUU9607,0.25947961800649727
HJP7251,0.2925112831324665
ZIW6118,0.235399634530735
ZXD5535,0.7543276561470735
QKA6528,0.594693521210284
LTG9775,0.39051239328135745
PSG8261,0.6029681017963068
CFT0700,0.38958082865392557
MAQ6578,0.5381989800222844
JBJ6918,0.5723880299296235
LUR6716,0.3535424328815046
LEO9229,0.7339265259010027
UWO2302,0.4812775525683907
RPZ9969,0.5508075388279575
DSD9781,0.47402120359810934
PNR9550,0.4660299478897306
VTS9332,0.35275781795113115
PLR7625,0.547666755516756
ODC6962,0.6658293988021008
VHS8337,0.2248310971197683
WLL4766,0.6038470266919697
OLC7159,0.386889749980408
VEQ2672,0.6666246101745669
TAM0554,0.8114532720997956
FKW9070,0.506138333166135
DPV4648,0.5982505282718976
BWW9888,0.47559691018289385
NAY4318,0.5316690305943466
CZS0804,0.2954311128507352
UZF5143,0.3294806143373918
JLH3600,0.36736396338400656
KGX5457,0.36952563997770893
GSP7505,0.5090058910862774
YZX4763,0.37503219176594266
XTX1712,0.4377395200051845
VDI9052,0.7453527655078241
JCG6240,0.5991201942323382
HNT1528,0.3612031285426185
IUV0877,0.7044997561984611
JUB7317,0.3350628434306947
MQY3342,0.5975603744901686
JUR7255,0.4532740160232021
YDH5194,0.5512455924818842
VRQ0437,0.5315062007033621
YXH2028,0.3361077515167082
SHA1662,0.43860079729355056
PDT1117,0.6744508711820687
HCW0199,0.27953669391002234
PJX7205,0.845528388249453
BZH4836,0.5879926800769872
ASG5674,0.5323173156567474
HVV8464,0.6218503986069098
YSA1245,0.3917291703457103
SBV7190,0.8354400870869965
RTA4987,0.6766562737875637
SXY9677,0.8348994667307128
ROO4595,0.7789847037754657
ALO9044,0.35699172803990253
ZPB9438,0.2843656714794495
FMM1892,0.18226389172310137
LDJ7958,0.187057285435716
BYN6337,0.38427455967175594
YZY1243,0.314319889158493
FXS0153,0.33824950017872607
DWV3734,0.4792659247960019
ZFU7858,0.5080936711143899
TZR4919,0.3198478063397242
TYW1214,0.44513109490473907
NUL8756,0.3298082118004307
GHL9084,0.3270792621333926
UGS2885,0.22388001434321508
HCZ7735,0.42580849932198045
VZR1727,0.5006851292747571
JAR8765,0.46464364075738984
BAB6072,0.5479599107321922
JHA7215,0.7230093000414776
XCF6915,0.27829145580256115
CXI7076,0.5023812197093277
CGV3552,0.7116496062128406
TPY0173,0.5667400243034968
XIC4153,0.354816346927816
ZYQ3231,0.141136155156602
IGW8709,0.31737138714985746
SXW9627,0.8142263852154678
ODC3755,0.548610689010116
PMG5727,0.6875397759189639
XZY3938,0.3892919338367556
MIN4748,0.33275205081948916
EVC7553,0.33831552718119057
IKT6186,0.4828908930900773
KDD5931,0.44179778590232627
WDW3223,0.2561784949803575
WSB0329,0.4769408842497698
EKZ7043,0.5326068186237157
QLE5254,0.5070442748782571
OCD4049,0.5539463564727597
YCL7418,0.604031987816392
WNS4421,0.33744337532520635
NYZ4365,0.49962793247690057
WMV4422,0.323545805250869
AKT0958,0.5261879589800221
GVA3060,0.7577526294115267
PTL6582,0.6287142303490987
BTB1426,0.6485825500271593
TMX3858,0.49048342976546966
HVS8035,0.5622955697344484
ZJD0061,0.47635641094683756
TXO8401,0.3164856518964463
HQT0893,0.31164323412356343
NNV5095,0.4885537660620406
UAR9616,0.19349699995377848
LYX6274,0.3037115364466774
WTU3373,0.237166867283626
LRR1839,0.6713493130523162
QXY9142,0.4023086261339825
CCA1626,0.5087742178153849
QUC1235,0.3113752236114653
HPR2520,0.4121111117593945
PNJ7376,0.6317941905445081
VQK3788,0.6759400804269781
EJA1949,0.39535089963890657
GOQ2092,0.5128073058551387
TBB5324,0.12663716820084092
OVD9013,0.5662541326907103
KNF0091,0.39755460879506205
GCU0368,0.25282050303723547
ZNJ5257,0.4605806800935936
TRR7591,0.37734209939600266
AQC3776,0.28645727212148875
BDK1364,0.8583846792578516
XDY3049,0.5061230971494418
QLQ5347,0.5895099403020041
KLG3169,0.659523355334266
RVT7833,0.19150555331591024
JMF6722,0.17975858764839595
LHH9992,0.728827533863263
NXQ6998,0.3245678881293432
TGY4950,0.4293003309159519
HFI0890,0.594005072356031
DJQ2888,0.5490688991121748
KJP8382,0.5657723464224428
ZRS5857,0.39965934731819874
QWK4295,0.585951387704141
GIR9283,0.6692517824818353
OTO3264,0.6103061917129388
RIF4368,0.3847104001086467
NOD6688,0.32015024848274554
WFI8419,0.30781056354403785
PDG4790,0.5291390469828254
LHX4004,0.14011219739087707
KWB6083,0.4450895489502806
STT4648,0.7083843704223252
CQI0027,0.6439767910322834
VBL3943,0.5225388386158606
VEI0635,0.41657699694641265
SGZ0280,0.5718826117350162
PCJ9550,0.6075609195168686
KBK0047,0.41796275913306097
GWR5964,0.5083479948824836
VKQ5613,0.5497409660193655
KKR6240,0.27862340324131474
SLF2772,0.6144055605354375
LTV5899,0.7696202443533275
EKG3566,0.5556131738140035
ACK7993,0.682740254290004
YPZ4897,0.7646665440090269
SUD7001,0.45156986074227373
VEL3281,0.43229032593678607
ZGJ2684,0.4238700193413781
MBU1497,0.26198706891322104
AAD2883,0.650805271644364
RMG3845,0.259963972582382
RPO5835,0.29585079900152494
QVB0036,0.3463934391702122
SEL8588,0.39604463091478564
VND3841,0.720098985246059
EFO4204,0.2104199817241726
PXR2287,0.31764127990926144
RIR0031,0.4436899522576148
TDB3761,0.7194255524474821
MBI8114,0.5388121552692445
HVJ0153,0.4051698872058611
ZKR1383,0.5559752724375938
YEF3573,0.4169019276669726
KEI0652,0.45347596028806325
AIZ0672,0.7524238699326716
CXX4478,0.72450552038207
PDQ3506,0.3674579252390005
HWS3142,0.5553815683438384
LIK1297,0.2936166328667466
JEK4889,0.40470261396819784
BYO6149,0.5044438411821768
FJZ2480,0.27855602437648547
RTM6715,0.5756130384079852
MUN8863,0.3360098209883433
VGK9172,0.4550582289145538
LHA2788,0.42582626859877387
MID4291,0.2653404662199969
YCK5781,0.4253952068201861
KLV7473,0.7524278922833334
QIL9125,0.3970178546820233
JMG2326,0.2556227183240146
CCL8625,0.6639956993345396
RJL8493,0.42103056531734084
ONI5068,0.6262874934161438
JPQ4370,0.3296606553619867
GMB3883,0.44644692171721295
XNS8441,0.6220011416227401
WSK2123,0.36783035000512454
XUR0775,0.18988500698502545
MGS1115,0.2670033696389633
WKK0836,0.5771350500869306
VVP6146,0.48896615131066035
PRC9059,0.508035932000661
PIW5229,0.6320049120284297
XLN7604,0.3640114562106895
IBW8943,0.7972441553822099
NYY1117,0.22965958070315984
CPN4737,0.4954788677525158
RKL6112,0.535919173370965
JPW0197,0.2905031175068164
KVR8225,0.4830267352482317
XAH2559,0.5539448278325184
HAT9042,0.3576654906386144
OTL7926,0.2830574797352961
RGB6079,0.4425250024592578
XNQ6646,0.5677436347253485
DCQ4942,0.5593250502820871
VUH5569,0.47578381588586816
DQW9614,0.34664302793816004
LFA5298,0.36517585764317556
KUE8098,0.48404019776837004
WNQ4841,0.2774084817642943
RRH4963,0.7638465818028356
XTN9896,0.4570090535477232
YOU8712,0.4268429462143804
QNO1150,0.29402415063947734
BHL4463,0.6221896463307904
AZV1070,0.43107539549418206
CDX5736,0.23544373307815913
KZL1871,0.6923097983024882
WIN6633,0.5340400042174658
KFX7900,0.4843438516409015
MOB0956,0.5136475028768647
NOF9696,0.3657728838368236
VKN4884,0.4574419490802648
GZJ3947,0.5098827926640976
ZQB3405,0.3709713773697994
NKN4451,0.7866418364350541
IRN8112,0.3845952192295696
FWE5356,0.27686078126593916
MJZ7503,0.611838746690385
OCP4395,0.6591236302624994
CDU5606,0.3525116735209785
WZN6022,0.38106915480428444
WNF3197,0.3656764019782624
GLO3781,0.41900442690815937
UXD5028,0.1278495332255608
AYM9437,0.40543316972526894
FWG2787,0.14898761528039334
TUS9307,0.5453098841807754
WUL2593,0.6907184190534809
EGT7010,0.4699254261833703
IUW8494,0.2772582194162661
MRO5204,0.5026747246340681
IWR1856,0.2781335969270293
YYX2774,0.318833484689317
YEZ3269,0.5167052968178429
YME8681,0.3181530772807078
NGQ6258,0.28748853307906674
EXF5432,0.7294111065672917
XTL1593,0.5101288156193856
AQA5089,0.19451940228542003
MVS2339,0.662473770569953
CWV2589,0.5371947650147447
NBO1176,0.5448990768055489
KMN5510,0.5491982568156729
UMU2928,0.3024727591017369
LMH1320,0.49919025658179683
PGU3527,0.49432109856991724
NWK6000,0.4125644496430323
RUR4149,0.5005709008793405
MWZ0284,0.4718988196948987
IGY3677,0.6471000694966931
KGJ9267,0.6779303106326223
TMK6440,0.46655908674071866
UNJ6623,0.2746001615575279
SRG6618,0.2183603347640887
GSJ0468,0.2598834586852062
CXP7063,0.5107405589802411
PVR1377,0.5241603201576895
HTO1755,0.3277061112763614
AMS9709,0.468158156747475
FQT0432,0.32115631723707133
GRA7225,0.13942972080626284
QOW7293,0.4390996884540179
USF2198,0.6248128301755606
NIW9339,0.38129207591532266
FRG4201,0.3508060641830365
FGI4742,0.7591490596780315
JFG5680,0.5665109369439596
QYN4491,0.3986292737413334
NZW6090,0.5146392171850397
SJP2560,0.5656145028052176
ZYK6879,0.5674462633319118
YMM2910,0.48010562491963443
TTO1527,0.4809362692943009
EML0665,0.3257527785633408
DPQ4018,0.6636107803922133
SSV8285,0.2034492536633088
VID4694,0.4139294667513094
BZA2279,0.49012155108825434
KNO1025,0.4319934421222974
YKT7191,0.48625991364390675
ZJC9138,0.5319957728164659
ZOK9565,0.14323326830823543
GVR4749,0.39057908819259196
FXF4569,0.6245256805256746
CAP8569,0.31738544825606124
XFP8700,0.7313549800175597
SVX6880,0.5540660857816954
NNK0785,0.3716459351494331
UIR4154,0.3404909954997633
YGN9330,0.3054616832395354
EBR3020,0.6157584777176373
HCE5651,0.5098974061857854
NQC5999,0.512094313803773
XGY8160,0.511278183102874
UWL1133,0.45799692778388035
YKI3142,0.37259219536680405
UCB3986,0.33621678766155794
SYL2415,0.2375561804943746
IPW2222,0.7214221054696147
EVC3607,0.4037724105877472
KOV4171,0.1269873959805302
XMW0193,0.16408276295211296
YMH3925,0.5037414404367665
OZW7701,0.5381562835852016
QNF9556,0.3473605834162184
OTV9414,0.5528930809183594
MAR4449,0.6870481081659372
NFJ2056,0.509378022461069
HCU1891,0.648072777748441
HGO4994,0.7701285209440537
ODO6798,0.3001476054916468
PXX9750,0.700755297231223
SCN3025,0.5030850662700729
VMM9927,0.2739124825842418
TBG8314,0.7796052198202945
URC1145,0.5127686230410837
CSW3521,0.6229722534617725
JBG5644,0.7023860341657622
KXG4715,0.46596296017768063
CXQ0417,0.6946568148265627
GXD8597,0.2662525594630022
QXU3204,0.25177642763115393
KQF6775,0.7158575850391321
MGJ6981,0.1524455206720762
IQW5637,0.5639990132375751
ZXH8766,0.6205127169448119
XEI8670,0.24670557710706073
CFU7715,0.35993905696969736
INK5005,0.43054546254689624
YRM0155,0.4203851093491571
VPD2395,0.6682337752154469
DCE8682,0.36586617260294396
UCG4005,0.2698739871405854
ZSI8588,0.3791622307515404
MYM1218,0.6837980684064638
MDF8209,0.17801257952538665
EMG5177,0.308821776756065
YXP1936,0.4704087355807665
IFQ4336,0.3001422719950226
RHK5615,0.4684283940154489
SBA4095,0.33230874680695016
VJA0906,0.36664366376457475
FCB2951,0.6493625697873135
DBT2207,0.33552002570579703
DZT2636,0.38991604392765566
TYD3220,0.3969150954771066
VYM7787,0.3666655165773392
REK7574,0.29892767800683523
WXF7530,0.5996899440471319
QQQ8118,0.3241587329377536
HTU2108,0.3643798071591157
NFJ5599,0.595178089512076
DBL7406,0.492689176324044
VID4590,0.43696872593143754
UAJ4265,0.15286598782461266
EMK4872,0.5394959505228135
DLC4330,0.6091906208450835
WOP5017,0.8021045182768471
FJM0195,0.50554551349708
LZH5232,0.666334587982462
CBX1499,0.5437425973834777
PBI8593,0.3836501940926866
QRE2315,0.695513817985651
FWO2121,0.42919430579538453
MCH7129,0.39059572773244106
JCD3244,0.5468878169334361
GEY2384,0.3619536299720642
EOT0800,0.8507326600243938
CAG1966,0.19414063832944203
XOQ8267,0.36355019539415717
HAO2179,0.475369612820863
YFE2987,0.34311466734887347
AQH4113,0.3545242627782988
VPC7784,0.5519556242396862
GAE4033,0.3533225915217703
HFH2832,0.3771446764893604
YNA4748,0.4086281891910545
GPY3239,0.2122066278281924
DUK5098,0.698490815421156
EVD5179,0.45893969909704013
ETP8404,0.3358441907038026
DDH5472,0.30964767169578444
FRJ7037,0.6368455989069612
ZZN5264,0.6811442922150484
AIL3984,0.5466363205929732
KXO1895,0.4707809801675111
PMS6371,0.34283899763223646
GYC2314,0.6294352278169546
TDB8324,0.2628355441208511
OOS2267,0.4097490803065513
NFA0143,0.4574956582173933
ELV9312,0.40942112126106706
MPB1578,0.40503095596125765
LQI3770,0.37946493213626836
SGE1895,0.338813307935776
IJL5437,0.45072772393055105
THL4535,0.42044223976247885
ZKV1212,0.0984490241222626
NZM6805,0.6295016394039262
HEB0012,0.5330819446938279
CVY6425,0.30156158619111534
OHO3705,0.43368599719835144
QYL9334,0.2639285526351182
VOQ2687,0.340820407471029
ZPM3046,0.2647591006193179
TXO7147,0.4196534615354658
BFO2223,0.26294955019579025
MYJ9670,0.3857018088136884
NDD5717,0.5709645888087882
KDA4285,0.33446599879235556
XYI8525,0.4151953126918607
YCG2282,0.4653531545335459
ETL2773,0.13821035725406167
FOH2598,0.46013019434097163
IDO4690,0.3056684345354981
MNG5618,0.2890165743084948
ELJ8701,0.5065471347665811
OGH1319,0.7388220512895636
KYT6714,0.46531620022738535
MHT6742,0.3026276603058973
TKN3033,0.35008788804491797
ABS7187,0.5745494191369748
TVE4444,0.6256822322674205
JKT2068,0.41333372835236404
XZH2442,0.29312096239087815
QLD6078,0.3969563196925025
LJE3409,0.48978965470491737
LIS1441,0.6786441147274516
NHP4867,0.634343898110762
KPN5066,0.5683937184520126
ICU0848,0.2493479186907657
LBR0080,0.4316479778099372
CIV5777,0.4163455431523754
CCS0209,0.3872609145426269
UUT0371,0.44966724978343675
WML3891,0.6537681986816368
ASJ1462,0.22729617225436208
PUO0647,0.5962444779901671
GXH8163,0.4548245426610973
VNC0540,0.45409710724135255
AIH9575,0.53156872992389
OQV6885,0.578853032663326
TEF4500,0.3416990633541485
PNS6387,0.2742212802278468
HIP4893,0.4433978924036724
QYD4372,0.42504987369981617
UMB7309,0.5824988453481357
UUC5284,0.5730173092687857
NEE1107,0.3175391028052876
CFX4186,0.239971336073169
ITI2049,0.4698945666564725
PKW9888,0.36428866127813947
CUM8119,0.22715294781595294
KOQ9260,0.3012519834388801
KBD2546,0.29767067767812694
XNO2459,0.7402489913752991
OSP5135,0.3651133681065694
NUK3247,0.5172068326296115
LDP7138,0.4428877225974763
AGO9562,0.25851264014224906
EVF8193,0.4877494544249226
JLG0654,0.34342215705966517
RUI6084,0.26380288136745345
POJ2149,0.8108770305457628
ILZ5501,0.27939896394034475
IDF1632,0.6799498081754354
NTI7053,0.2882803963005012
COB7179,0.5464741447974396
IWW3189,0.4064349079141438
XZR3521,0.7174180788040353
LDX4603,0.43868167009648523
COL7939,0.2953987379576381
BAY5313,0.37825072959982214
MWQ8997,0.4548021838850055
QTK4473,0.7222369248623511
ALV8552,0.607405266333795
VPX7439,0.6679730028023597
HLU8266,0.41674654408924977
BBH4360,0.32251904907066553
KGT7542,0.15973316704358237
UKJ5118,0.49165379749766674
DHN0432,0.4049172508321113
DQT3826,0.6518294209739661
SUH9864,0.356120357541819
SQU9444,0.581620944871406
LUM2519,0.8242222783937639
OQJ3928,0.3955855551212784
HPP1357,0.3565849108746964
NFN5277,0.32030571047073136
TUV0623,0.6543613958487262
OPM2941,0.12143379860097979
KOQ5431,0.5952435026384928
GAP4265,0.6351476614265691
BNZ3638,0.30641324392477326
TBJ8716,0.4510693128606245
HWJ0779,0.3371105936742609
KRS2351,0.38818288429641995
POK7367,0.4320453933751183
WGB8580,0.45646764888317
OBR1097,0.2760728886605871
DVA4039,0.4770753033403229
WZJ6385,0.4580477512458033
POE3029,0.4186505136038158
VBV5612,0.37760031767952557
XQL1805,0.5919462280021687
EQL6505,0.6799984587430149
YPX7414,0.4004476650148841
CIT9706,0.351355029314341
PSE6800,0.45786862638453885
BBC9404,0.38238600498998754
JRG4072,0.3222632836077052
FTS3076,0.5000910616450748
ZSD6556,0.4450162402859627
SKO8584,0.21125659826785534
JOY1325,0.2806568828731956
YEY2871,0.6371688973001616
RVO6834,0.21795251679919353
CLY8255,0.5806354702874496
ITA1163,0.8056572262068575
OTL4174,0.3141527198048755
HSF0753,0.6013594406015729
DXH0163,0.4153505810364217
KNE4050,0.8124505827645219
WJD3556,0.2957981018175478
ZWM0368,0.6185080610919401
JVL2234,0.4415522527539372
TFL7433,0.34305087724607536
RPO5369,0.6076990660935389
PMZ0494,0.7649993656944092
AVF3622,0.3093006896887469
BNC1936,0.309394905552793
ITO5690,0.34324163824816417
JVC1192,0.3512028017996438
WND5424,0.6483561431521254
LPV6023,0.7209135750006332
RMM5581,0.5071835334843796
MYA1487,0.2956291727945932
MQJ4227,0.29513295685895985
ZVZ0289,0.2419944750954293
BJO4950,0.3607475822854986
YJP3297,0.587402547282785
FHK4733,0.302184552059885
SYZ5307,0.23137482786623528
VDD2367,0.44451731260177857
OZK0553,0.3897949009980567
IFM9840,0.408219792002077
DYP9712,0.5080236179549841
UQB7091,0.5417869357556394
TKH8797,0.5690857205803695
JOL1871,0.6618708900708147
ZGH3464,0.6226292361834908
CPV1788,0.8549584645718907
VCQ4561,0.78154380373642
XVJ1667,0.41691291594304347
THF6432,0.38767181353863384
DBL9760,0.6333720548272378
TXI5549,0.6279286833368876
DBY9220,0.3328426220346394
SHM4954,0.22019950486674378
LAV1102,0.16605524694442478
IAP7997,0.2766677935371827
NML0074,0.5650683851527613
TFB2931,0.6817294934812403
KGG6179,0.40391993746006144
FHK0449,0.6233492938851376
ZYK1198,0.7008775380914454
VFY2783,0.43368563478090066
AWP9999,0.46259950500408714
SVW2890,0.21630568885560877
GQP2345,0.3290319554169151
OLK6065,0.126937301496145
XKI5123,0.4301118732789891
EGV4508,0.3922160116675833
XIR6560,0.4220106756222127
NFK2500,0.3980227606548315
INK4396,0.6765684966459246
LNG9379,0.45779132847023163
WYG9998,0.49448717313858953
MHJ5555,0.33626719360606494
CWI6595,0.486406046629912
JLZ3995,0.2935468875321327
GWN9320,0.6153013018328696
QLI3415,0.2927862612247406
ZAO1147,0.37982036169101774
BJA0530,0.3018424014892976
FZH5135,0.1741379529391404
ZCK8951,0.552350373931436
UYB7252,0.12936933778490833
KYF5284,0.3173601893215352
LZZ0602,0.3415324682066057
CRE4975,0.5655718606060735
WMM8716,0.37351363805490173
VFC6338,0.3377382279009466
BOH4540,0.6536497132820674
MNK3254,0.3578609518990367
BOO1830,0.23670396001032334
VLE0062,0.520951053698627
BRO3922,0.39271830943145
MID4006,0.3709496923866426
PFU5510,0.6004295733637103
AGD0324,0.25671870676591646
JMM5929,0.38997324514968607
NDN1828,0.6178300851620154
ZDG7808,0.2709145389621117
SET0702,0.6440938139338404
DFO6845,0.4293686526290125
JKN9521,0.17138083291578338
SHS5892,0.15716068548821574
CUR6928,0.5264905604336859
OBK5676,0.25562505671899116
WSV6530,0.24605390499272622
CBK6753,0.6697404079837848
RMB8469,0.5221869870394903
ZLH1705,0.6730005893337682
AFN3652,0.39058380333922343
ZFW9194,0.3270735806372082
ZKJ5260,0.2782994290893972
TTT2711,0.587899535992922
BBT4470,0.6165055211374195
SFN0970,0.21150065985764638
XQN5432,0.6830957620552499
COI7295,0.36497706352592857
KLD5054,0.6088247381469755
LTC1596,0.36635719150388457
OSI7867,0.34630120756419513
HQQ0270,0.6595653369395845
FAX2339,0.3244663330478131
ZVT8721,0.3025919639410671
YPD7990,0.30812132547554594
OGM1192,0.502981190919689
ACT7257,0.44627377610269275
UCE1234,0.31290951513924853
SUQ0374,0.24263932126874413
MVG3260,0.10053682817989947
ZNJ9314,0.2692270089145002
OND2913,0.6048611663522488
ILU2951,0.400836237960616
ILW0381,0.318200152396342
ZLF5237,0.7351156902703035
UNQ4162,0.5740879205198267
HCC3659,0.57329597140311
KQR6108,0.792391724705276
XLN8445,0.42104936242781754
EPR6798,0.20465723145074882
ROA3504,0.6167940025243845
GEC0457,0.23185518349004702
XED9607,0.4552759144142361
KOZ8984,0.5404247918919592
ZSL6084,0.5495479088179114
VQF8684,0.2880077438093013
RPO2216,0.3879941008944538
UYB8063,0.49174911801182547
EGZ4796,0.5574381269147092
SJZ8252,0.5361590264934659
OTA2435,0.6962726862885723
ICK1089,0.6895415703050966
ECO1908,0.24308293059772326
XDZ9260,0.33175172083841725
XLJ0410,0.35192369026218545
LSM9312,0.7109230882925102
MMS9463,0.7415810326278122
XEI6088,0.4158338513906602
BUF7457,0.4118563728208353
QGW9320,0.5868806690205813
LKC2597,0.22609288885007617
WMD0994,0.6039365398585621
RRB4455,0.36075680355918777
YYX1233,0.1627515411447332
FTW2672,0.30794191801585863
SBJ7249,0.6925156677493741
ZJT9580,0.27077220012578457
YQA3054,0.4702144048229166
JGJ8412,0.791171085841179
UJA9657,0.39385312755021606
KSI7132,0.24179686167068887
OGF9018,0.6004259380829272
KHZ9617,0.4042708305861461
RXI4358,0.5803628076580772
QWK0300,0.20046255566461682
BLU9500,0.2937378958696634
MNG0422,0.47758246069695093
KBU8158,0.33891448397733176
LKL3006,0.8097459421341446
GKL4338,0.49075584662056776
JWG6293,0.1332671871164666
QAW2515,0.7591487920658836
RRF4752,0.40106535990752057
XNT6274,0.7578734175770443
GNG0750,0.40355881987635195
BYM4470,0.4246089918117337
PFI2164,0.5353797989414983
YVT0040,0.7164943219258441
BIW2656,0.1887867131455263
SJY1333,0.2819235091614539
KYP7177,0.7201535704165302
HWL0927,0.4064362997313275
WZT4945,0.5084799541792738
BEX3325,0.11040509823097144
QYE3536,0.3543959215080634
RSA9435,0.4399183586304896
KMX4023,0.2486332354641915
AYW7072,0.1901751726122429
THU4995,0.7327306138688595
DCW1135,0.6882691555250516
LOG2978,0.49720085663184577
PPP9475,0.35527471525632615
LVJ7546,0.27070124699589465
LOJ1062,0.6895470658448435
VRW3439,0.5255982743411941
OSM8631,0.13913463424941006
DEB6956,0.27413260547288487
TLQ3678,0.5983712639700591
NIJ0124,0.5473201996389914
YVA8893,0.4785966443454903
MWM7162,0.370934841677645
BTP4984,0.3514871843649191
QLZ5480,0.4522359422920938
MQI0456,0.2885452571651697
JZB8717,0.24199005778396027
SGS3243,0.527759477979011
ECG1932,0.42708768619233645
IKL0922,0.3918106755424114
ZEA8656,0.6867592288318999
PQJ3332,0.4160924139296082
JPD8924,0.5446512581680568
UII2018,0.6154324489972954
VOY5170,0.3244065663692913
DIX3994,0.4050426391361102
YYN4667,0.37099909958563815
RTN3895,0.34968143050245665
HWA2899,0.5276649083247374
PFE9704,0.26525629765889164
VSQ7496,0.3359192913624694
ZFZ3363,0.3714567338395594
RQN0784,0.5966545821083743
SDA6052,0.7338729533299907
WZP4660,0.19573823601595405
LFM1956,0.6095175657119329
JGL9272,0.4585780751797252
GYE1401,0.4808719399512643
PXB0812,0.7116529519682148
MHM7208,0.4703793717246466
JUL6037,0.7695992569682287
GKJ9414,0.5875495864884234
KMY2541,0.6800778405077942
ARB0479,0.2083087428566346
ZOB7169,0.4891341524220425
ASW5148,0.29857795432316364
ZDA2366,0.3603234416083216
AVD0872,0.4188326025882513
CCS0420,0.27586362237877843
TTE2860,0.5469245518767274
GTY0260,0.4096988802830167
DXE4385,0.6489676609336916
KUQ6497,0.7104969803037767
SFP7730,0.6301336571492632
CMF1328,0.3445080803009827
LMA8748,0.8137084633160228
VGR6653,0.3766234741727719
RGZ9524,0.35422299000498686
FET5502,0.2676662837339942
JEM2463,0.25530153470114064
AUA6044,0.4416051560517293
HPL9647,0.6055382609943795
BPS1507,0.3040397940356002
CYN0995,0.7835267974921711
QHA8114,0.2975089061722298
FQC1777,0.5438311162695056
DBS4086,0.3843669605594176
QVF9227,0.3965905474987997
VIP6915,0.15099038393437753
MUD8340,0.7516556177012635
JQF8966,0.2416386903252887
RQI1364,0.581674901742075
NUF4509,0.5199845024982507
SWZ3190,0.6219620617393739
KXE7933,0.4179884497409124
EYA7729,0.6709576276185608
HYM8302,0.4709110855921302
GCB7154,0.5143584983922369
UUE4847,0.4222361059123833
KVU9663,0.3155799224803964
CUK3424,0.49008870101298363
NUI5688,0.5227685524863043
CTV6017,0.50695977712221
DLV6265,0.5942870928881474
JEW6037,0.3665598408067717
RVI2343,0.6288555575800305
VZD6811,0.41921545394492077
NOY4863,0.5709825264879697
UCD0369,0.5663034898306637
KOQ1845,0.3367609015196958
SXK9864,0.5638822469266521
QWH1123,0.4857158584836598
KET7710,0.579458885410714
AAA9588,0.7241315690235265
VMI7234,0.6106845353487984
MUP3281,0.42260887164769173
BVN3042,0.31346563820201884
IGH7033,0.5258506046569036
VWJ7094,0.433406064407128
HHY5559,0.48985462335079843
ZTO9615,0.516156180344222
TXZ7480,0.7099231841894128
IAV4641,0.7803964104426054
YTB5875,0.6046134834055668
ERO8164,0.6362695185174031
EXI5648,0.7846607020886343
ZIX0400,0.44545606208168914
ZBA8054,0.49854179113513153
IJQ0067,0.2652710497668624
MHQ5990,0.37653739222351673
BCI3337,0.20597213421168353
SEY4573,0.33469872771771225
MDI7427,0.44591434155423454
EKB7410,0.5223657197915829
YMD6194,0.6515777210534902
OXP3211,0.5666403955831624
EZU4202,0.5463575933538111
QJO6550,0.4518862070067729
DBY2718,0.40123123380990144
JNH8313,0.4705995457827618
UAF9340,0.4237454265521205
EAU6080,0.3920128685870505
MNJ5531,0.5216381598151105
RNX7667,0.3264260720711957
ONU6035,0.43648943336996554
BSC8810,0.4599402890667701
FBQ9869,0.5058475441704888
RIQ7033,0.3666152347416318
LGC4819,0.3655667229291758
EMS0266,0.5784731410843608
DXC6825,0.310620893561719
TNM0466,0.5854834199171448
LNQ8961,0.23484713052197947
RUP3769,0.828890257675018
TZX3040,0.6637861073998771
EVV4409,0.7490270827055454
QRC2600,0.45662673812387494
FDA8093,0.8412895076328651
BAS5021,0.8118032334157632
URQ7179,0.5824429883494905
EGO7411,0.5472095493029017
VZE2929,0.40563961824539546
GPG9657,0.5746111160723046
UXM4472,0.5917512198730212
GYF4105,0.5121223705552502
PKN9430,0.40337314299818733
GVW3536,0.5088107106768742
MXB4178,0.3862525457171436
JZG3275,0.5466925734197402
YYO2395,0.3641246841436824
ICC2081,0.39337768106146126
DTM0924,0.5491547951617441
NYP4516,0.667403496810289
UNA9848,0.275557638258502
BYB5464,0.5983440590456685
DKO1294,0.4384079566650998
PCP7504,0.19113899434882572
IJT3111,0.5695511775813517
AAK9116,0.33642444202453786
XOT1298,0.5404406716319429
QZV9383,0.8366130222019936
IME2259,0.5445687407619222
GNN8970,0.7106510884848708
BQJ3332,0.45090477458289435
OXP1204,0.44600688997727367
VNJ4126,0.4193053794121853
TWG5565,0.6283101587109099
QLR5710,0.7391889122410883
VJD8728,0.516888571671062
VXX9955,0.40833807480128137
QOX1929,0.14660858228880205
VAL7213,0.7107018650481617
PDX5198,0.31722584949101545
LMM2608,0.5224221268277354
DNE1153,0.26850947069287207
AUO0261,0.45769429270294953
ATO7516,0.5858123992727575
ZHX0628,0.6916252595638186
QJF9132,0.6630680868663943
TJY2251,0.659813869626918
GVH1191,0.5350152828283333
VNG9948,0.11656849458309781
OJN3679,0.2625807363086599
CLS3261,0.47559449121117703
LED9519,0.5102934637182972
WEQ8487,0.1944297531531137
DEK0926,0.3355925165916455
XUO6581,0.6120286913781381
NXY6607,0.8676181536652943
TBC5887,0.615910347384039
YEN9422,0.5883082597974385
IJQ1845,0.2881804048053495
PZC6928,0.5271662291196647
VUG5620,0.6607568378670157
BFK1815,0.5133879687437541
TDA1980,0.4663422879571098
TOW5003,0.2836370176732221
OMN9815,0.25254163424171233
GRE0617,0.50039744774301
JII4592,0.5783037689412198
AOO6661,0.15543667390868116
CBO0620,0.5054233277902601
SWB7719,0.18813607620861333
BIT4693,0.2732723446154816
MIG5603,0.7877868993766237
HBV4213,0.40560361101547826
OET5314,0.6037329652441666
COB3315,0.35212097644066837
RSY3697,0.5141553946010923
MSE5681,0.5907461206555692
MMH4276,0.3422535770598536
PFW6501,0.49118415495486223
ZSR0004,0.20138703143880782
GKH9197,0.49526977395255223
TRV0849,0.49319614317128424
SIW4146,0.5304256584840698
KRJ0667,0.23177577242049827
DJP8752,0.41908303755414955
BJT9550,0.6284763537341395
VZN6590,0.4399674092167009
JWZ1931,0.5450606507571859
QIH6605,0.20341614738615696
YZF6523,0.6803979172661375
QKG9178,0.16069066876086338
QIW2111,0.19280547886034213
SQM9169,0.5347594152100855
OVA8898,0.6018928271859184
YVS2362,0.25894511973564643
FVO7749,0.5327259705863587
NNU4088,0.18743022394832
APE0586,0.22382723601765517
VSX7592,0.42303297092905556
VPF6231,0.5007691088900111
HSR9557,0.13814360498393366
ZAJ8603,0.1884887274565111
TMK2376,0.34506957639566377
GLJ6382,0.6066361262457997
ZLQ2374,0.24782502535364118
JLD2056,0.20523057395350244
MRY2653,0.39778444229950916
IKL9848,0.3593042555458682
NUU8477,0.4468042080902824
FKL4317,0.5629947296089992
PPW6729,0.5563033397669758
SQO3135,0.2245722144136861
TPG3348,0.20692877838636087
PRV3805,0.5206224793950935
FOP2376,0.33866956841743734
KWR4841,0.5035863104011086
BMJ2460,0.5324653204828864
JAO1630,0.7808136606365198
NZP0982,0.4116431450268854
IZP9673,0.3337269672259123
AXH4205,0.6024246725048836
EKY2953,0.27510031775946214
ARZ7146,0.5104165863873988
AZW8658,0.39799046257679815
DVA7837,0.5443803313628933
FKH3342,0.4858162295395588
GTJ2409,0.5580099898125467
YKG5133,0.35874084910643006
HCF8656,0.20002085432679007
CJM6032,0.42197996998752324
PWL3400,0.3970414330123523
FRN6924,0.6346967247084725
JUY6087,0.55319442424995
SES3445,0.5438426258665447
WGI1556,0.19686205971562606
JCY3296,0.6430049366316891
ZYP6649,0.2747009101173509
AED3703,0.5815157495614088
MTZ7722,0.6609914131791967
BJG7415,0.26493555361360466
QUQ6472,0.6196607015169384
ZPH0403,0.45998143753602166
TNT9669,0.4087423287586138
UPQ7495,0.8105108324925043
UQN4012,0.2779343265763671
TTO9584,0.522831958940118
KQR3390,0.5058948819467641
GWH4376,0.265063982167205
WBC6848,0.5781842664828647
ROT5760,0.41281385555247596
ZIR1901,0.6378839704490656
ZMP0907,0.5841958926603068
EJH4064,0.7322350896628826
IAA4193,0.4924318264950055
JAV8082,0.6930087568779919
BZJ2124,0.4908542495742399
BHS3652,0.4353402690127928
QGN7269,0.29693263479672816
BQB0802,0.4276758669766931
LAN9368,0.25892694200963245
BLR4102,0.4831452776400292
EJL9181,0.36738785560196047
CGJ1367,0.32661259933140957
YGM7289,0.685129345240976
ANE4633,0.7129420692648804
RVJ5763,0.34384674050960795
EWD0068,0.44401836293283076
KIU4194,0.6333152687921627
QUK9800,0.13527642282312488
ZXV4730,0.2463533337534957
LVO3150,0.6760558453880031
AHH5972,0.43026694392697384
XCC1590,0.621086431267478
GFT3151,0.5262729098351723
ODI5254,0.5081531675906318
OHC5461,0.16699688066085297
AAV2795,0.2781643690385337
LOZ9316,0.39026076021507194
KWR9727,0.2598144853611803
TPP8062,0.14183908554863447
AVM2870,0.6471992889847205
ODF8635,0.7506177427501272
CFI3776,0.39812861640651065
YFE4650,0.5643096575674618
BCO5854,0.7451151109444938
MMN5992,0.620349310134631
BTQ6212,0.32198512715098054
VXN7611,0.7646867988221356
HXL0687,0.7050929143072155
HCE8316,0.4291842403313456
WZS2541,0.2926520614991797
VPU3401,0.5283873332222613
VEB8716,0.6474687106645108
CJV7406,0.5385689208476171
RJP1923,0.22151581617854402
KBN5171,0.4025169844821943
QPB1565,0.23981373913948922
SHW6134,0.3810846235531242
PVV2656,0.29176444084870085
GBK2327,0.7123077614147618
GSH2269,0.4236232483791345
HQH5342,0.5326081320944324
IOH7276,0.3835226383357203
EEF7466,0.291174349375907
VGV8594,0.4359105587716327
QSY8941,0.6338278218977594
NYC2081,0.42041283827321413
EGT6687,0.6315435927420715
OEG2338,0.7963056454732494
VMK6024,0.20692555793238196
AHX1094,0.5136861477185495
SMN2302,0.7337020362592208
WBO6639,0.3316453392741271
DWE4874,0.43765167749506706
YGG2124,0.2762661889810892
DLT6927,0.5969197628067003
OMQ5213,0.45673664358168437
HYN3175,0.4537957200816379
MXM1386,0.42885700239814134
YOE8273,0.40607883969851016
SXH2889,0.5322309059222875
CXY0805,0.7233919410955545
VQM5812,0.448567277827137
DDA7524,0.5592738139279889
WOD5143,0.6482685442403708
OZJ5660,0.5219891702714777
ISX8503,0.6992727820379
JQX8638,0.46448052443704346
YDL1970,0.6999073527464426
WFU9294,0.2220101444849904
TPM6484,0.6952417155838082
AYC1772,0.38710093468434165
KBW5416,0.18815641141606096
KAG1205,0.3242658032442898
ZVJ7299,0.1794189895463531
JLE0161,0.3098303835975086
LEA1423,0.7229763936928505
YBA3882,0.4560021449154104
UHM9085,0.5815949308245212
MIL1434,0.8060993810772691
XPQ5985,0.5035258458286994
UPN6139,0.25838593994866504
WJA4580,0.4659406206784306
IMT6969,0.33485188510125435
LIO2897,0.47639838474939894
CXN6801,0.3900786552197619
BLU1556,0.7760453329899276
AWG3946,0.4949849608572827
DLQ9556,0.4011078932229803
XEU7488,0.579382880212437
FQU7276,0.5103229866733854
NCY7459,0.36693375744477313
BCV7892,0.768825894079322
FLH4618,0.4457117100724147
ZVV3028,0.19884836673942283
QZN1601,0.685538672866346
XJZ1637,0.6912410975919873
SYB5040,0.5614874068137791
MAT7613,0.3389745590315859
NGH6801,0.49696691080935185
ZOL0059,0.532574062122384
EXA7114,0.551311111393796
CXM0142,0.29433600655482633
PJS4371,0.5731486845422494
JXR1657,0.8052337215252054
BEK1391,0.5944287260981262
WXU9583,0.20755846352135546
RNZ7098,0.6777725245468081
PMS0890,0.5917582398194978
AQL5980,0.7557080741201194
ERS2016,0.38604871511152616
ZOH1839,0.164136203695524
FVX0195,0.42209138327439405
BPH3648,0.5047483890452463
ZVF6316,0.3178827162903176
BSK9724,0.7254891235536015
IBD2355,0.24698296124018418
CFW3424,0.4707838566446952
HXP4535,0.37846352870741307
CAT0625,0.5591299983120673
MTT2731,0.37872347641213283
IFO0991,0.35081706567511606
GVG1586,0.5074758141353607
CFC9673,0.19409953678320843
TEU2111,0.6813555011104121
QPS7127,0.3030715848872804
YBV5242,0.6603924910412035
KOR4670,0.5167724523300606
QTM8492,0.7302667067388099
MYK8510,0.2729228029241138
NAG2773,0.540165659039926
PEC6263,0.5138823530082391
PGD1204,0.29972826859832163
LGI3912,0.7369795234119507
GCF7357,0.49510591712737645
OQQ3585,0.5128530809611281
ARM0626,0.4214664396671379
IAI1021,0.6471453787957403
MFE2142,0.4823591289602644
KPI3589,0.3326322081390242
YKS7999,0.41441714580002503
VGQ7720,0.8374153852910728
PWY5428,0.40817097439878963
VAS9650,0.3992680336491777
VTV0991,0.5670897761206293
HQA7458,0.21336529800386048
LSI5734,0.5840137032778868
OKO3668,0.4685638744926722
GZL1877,0.5685594296467439
KWN6422,0.35031408196212566
GUA2567,0.3021140800671707
RPQ6675,0.5285496244050879
YWS6693,0.45521908092451724
MKE5428,0.2949561441405734
LDN0458,0.40816589281559595
GGQ9031,0.35906772807552895
EFY2280,0.18603842227833597
GHV1064,0.31893149577400165
SIT8510,0.5849889098739128
LZK5720,0.31489665355734686
EYY4984,0.2501676876382266
RTR9720,0.1387726879409988
VWC8361,0.371662816629517
IJA4476,0.5924281640728476
DUM8709,0.4147298942541727
FFC0445,0.5006609156523628
JXW3652,0.3944136902602433
YMO3299,0.46671530417381124
NNG1473,0.41767067949202435
ZLQ9497,0.37160073197500604
CEG0886,0.2513599993227279
HDH7352,0.5212031235124576
PFY5839,0.71282382336344
MEK8334,0.6857268099836266
NMS8978,0.516313253285029
IAK3961,0.3311079247310162
ZKC1865,0.6580580611760576
IZE0994,0.5563268947750953
IEF1735,0.6408976414141846
KRJ9966,0.19745894747380852
UTW1027,0.5775900258516647
SZS6272,0.7494623285523023
EWF4567,0.641101063075916
RPO1618,0.7272710168463916
WPH0720,0.25199057368197303
RNX3075,0.6366168469783353
AEQ9742,0.6370102865859737
AXU6734,0.5415451480144239
YMV2014,0.34946517842000596
DAI6955,0.3042187521120369
ZOG7564,0.30421884974326147
SEZ3317,0.42141190373924997
MUM2400,0.22331763126885198
OXQ4007,0.34746686048492637
YFW6128,0.6466309665008586
JYG5473,0.3589085633074504
LUO0745,0.46290622083798555
ZQF4174,0.34479732790532325
IQD9173,0.40937297081383217
GOI4498,0.5043705517567366
IEA3699,0.23229829729061363
DGM0987,0.472684753972793
NEI7370,0.28647381408129285
ERV1656,0.3055256199655579
TKS3561,0.2954365831892095
WLW9309,0.5807716438617714
CGJ2857,0.6843892240878989
TSV9145,0.25061476372727265
UUQ1311,0.6022401000721155
UCK8281,0.6609464216288566
XPR4649,0.26881477555529104
UZC8409,0.23260389511190982
YQC1970,0.4086896146213604
DFP4363,0.1993136967147713
QZS7440,0.14066711040508986
TOP7250,0.5638698730938477
GTO4021,0.46895794733363083
MAY7087,0.3172663323381464
JQE4302,0.5850210946636694
CFU3071,0.4050403424326106
OLL6961,0.40992099671137355
PPP6269,0.5783801106499172
VEX9118,0.42733449177791005
NYL5099,0.6000217721527739
YGL9131,0.2922395331310894
DGS3906,0.3821535678509469
ZLO3535,0.25991832611813176
FZC9071,0.43256984449017527
WMI3939,0.35237337299538607
JPO9622,0.5726357800433659
VJO1435,0.41768786069748665
MEE0643,0.581250814667798
FEB8548,0.6339233461021117
ZHF8378,0.40680629968537196
QLA4090,0.4710412357797513
RCB2810,0.4788953225048248
ALJ3904,0.1643610128383299
PNR8169,0.6054192177689072
PYZ1926,0.4005575554031496
UJK4426,0.3522534555394005
TSH1599,0.6234975247788254
PWK7163,0.44998706618353995
WLA4833,0.6697935776917315
LDO6548,0.2564014593023373
FQC2356,0.43496548557137593
TCV7063,0.6171048661696014
RVQ7144,0.48637166424314016
CKZ0327,0.5032985484633686
PBL2066,0.456216116042546
FWD5802,0.44333981322000143
GZL8043,0.3884860320315652
BUR8794,0.40254123830655975
LSD9958,0.5035691072657361
CKP1348,0.6710749172429556
LEO6471,0.6712619108590088
DDE9666,0.24953940364354196
GLF3965,0.42681160369653526
DYX7823,0.5178860244923473
KJT7189,0.42498361205785923
BEE4902,0.3462984642411083
AUL8562,0.30158388615842774
LOU8589,0.41675965768124745
XGX4399,0.6055142186988817
EMH7843,0.254464259248866
XVW1746,0.7050692516167191
FRA6871,0.6638497820604244
BTZ4615,0.5918041682506725
JVK0399,0.4905020221132821
FBY7439,0.23574650333601735
OIK1811,0.41646483488792285
TKN3551,0.3943842923527974
MTB6145,0.2967712952984844
TEY1076,0.4964315434986749
RPC8419,0.47210574520961013
CIT5139,0.18747191496118365
MLI3430,0.18082356040116201
RUM2934,0.4093845618799867
GKW1381,0.7002449270775861
GLY4319,0.6424019099398028
JXJ8620,0.6836358160861636
BBG8561,0.6890719643984891
NYD6470,0.6323700768529523
UKF9707,0.14177051036930613
BJO0932,0.7272304891820094
HQB9105,0.8109271547413207
FGN2844,0.3924465557824145
AXN0878,0.16773115833941757
ZEL1467,0.3476903238250357
HAK5952,0.24656142239289172
UJV9692,0.5698870079373011
VAN2435,0.6264583725438324
XMK2800,0.5235763930479027
BRM4559,0.2518700968173427
VMA1079,0.6452839578491301
WVE4547,0.5311460809075027
ZXW0932,0.5197496586821237
BNI5636,0.5041041789553313
JSQ5352,0.6538736046948593
JIK0732,0.5169371981707774
WCA3320,0.7605051425842094
DGH8126,0.429572663369919
CHF7735,0.30329074215133095
RVR4678,0.31886243580904916
YCN0564,0.42637076368777926
GTV8271,0.5960418349176342
VWS5640,0.7281013666605729
BVJ8966,0.3213563298894161
COP8976,0.18210468997983112
BOE9059,0.5348397321586824
SBJ6590,0.5023608240335874
UYT4403,0.24584870660961824
KZV1116,0.7040357941087293
BRG4032,0.495225087029422
WYC4073,0.32796946591769316
IOJ2896,0.34735214946037807
LGG8684,0.4872531352135058
NTQ2843,0.44752412406529757
ZMJ8643,0.3851060517153683
HCT2467,0.2507572252861327
DIA7855,0.6107301896891516
AYZ3084,0.5244200618616879
RQO3935,0.47769063624025315
KFL0846,0.522459461525007
JQO2913,0.4226903730794721
DMD1697,0.5418819474623487
GED3979,0.20037070209990043
JBS7118,0.5189595842729334
QQP9322,0.2795393491571126
QXS1157,0.4003581389126777
GNB0143,0.46800165330540733
UNZ5294,0.37848764962661513
IQC3186,0.39571008928728124
YWD1004,0.33932612345007807
GDI9314,0.404961760354625
XEM8565,0.5846195622559484
BHJ2958,0.7017112594156781
JSS6390,0.7598254694514756
EFU6084,0.4837788461854597
ERJ1605,0.5731702278991335
MSK2594,0.6508775954776499
WKZ3834,0.4767866050155657
LYR8244,0.6386830110525453
AIA4353,0.24078614571331003
IJU4513,0.5451298706363694
NET1084,0.864525963663486
FOY8002,0.6876574927169127
IVT7362,0.21800003819325517
MXX0393,0.17778934709409122
MMW2468,0.21861631717873012
EYE8405,0.539964474724494
CFJ7271,0.5554022203752874
GXG3374,0.5594393643295429
JZR1336,0.4436224502576382
OYB2502,0.4180472806705248
GQP9769,0.5056333605553999
BTM3832,0.46850702331785266
BFE5307,0.3787739946114356
DPV3741,0.6185392992766336
PQF4011,0.8566026312864918
SWH8660,0.3576339251968612
RUJ4124,0.6302748746021045
JIY3874,0.8458630833867125
YTW0738,0.4553676506529121
DAF5576,0.5090178742071315
RME9904,0.3237549885693603
WQD3637,0.4796440706453054
XRC5135,0.39191112720676896
BWV9133,0.6895167880923171
YIE0212,0.37304256762035276
FVP1386,0.3499737613886717
JEV4772,0.5129518626450228
IEQ2327,0.48415851830773077
JGS3639,0.7483308038993222
SLE5494,0.26259163781153433
FXQ4001,0.3737103023770793
BIV7112,0.6347293154450997
MJZ2835,0.3705879736338768
UWI4086,0.5868740046644269
GGL1207,0.3736925101232776
BTO9222,0.46179555763847985
UMS5559,0.357736394049155
KXR8978,0.5445029511511393
AXU6879,0.45447821105128483
HWM4825,0.47057902435067805
KKR0210,0.4800434865780859
KXI1947,0.4423618406754685
ZJA9996,0.31021049802690254
MIH9177,0.21795277010331654
DTV9213,0.3804394735605444
BNY3169,0.2381580778728675
KLP0815,0.5210565727114869
SDD4646,0.26377468761567924
RIR0329,0.877281974125136
CBI0742,0.5725940212178887
FJW6585,0.3317060368655452
IGJ0815,0.7317970360287758
HXV3170,0.6928362099595599
CCH9613,0.3040252940330998
SBD3987,0.18686450520991557
RGI4775,0.8771965860146775
BRW3605,0.489980261103171
ETH1834,0.573352620959793
QOH0105,0.2412370914677824
NXU2122,0.43950583688437594
SPE1936,0.24091224573459893
ILP5244,0.3287940130606504
DKB4195,0.525742966684714
GGX6644,0.37098088893989706
HDL4118,0.8767572838424629
MUM2925,0.5077713927794322
BXC0675,0.7803968619134485
VBG2014,0.29453119213078055
VLU9792,0.33439961221067854
RMG6391,0.5524460930381515
GAY4087,0.43532414029725036
UJQ3777,0.38982674992615135
BII2514,0.3794059007805464
KSH2923,0.20667836840023585
QCF8781,0.49941099727042404
ZBW0966,0.49689960586873655
LAL9849,0.7452620249148684
TTF0318,0.48516832717366165
AXH4028,0.3701535768507223
DDA2131,0.637486468299841
ZHV5176,0.34510319726677186
JUK7771,0.6881204909397874
RMU2942,0.4829500660882191
JAY0661,0.2682137761464204
CNL5981,0.3865173170291229
RQX7816,0.21907865162420823
KUK3137,0.4886206190158056
EWA4218,0.6974204720676694
VEG7294,0.32758108324671936
ENA9649,0.17361655396371087
PND1769,0.528548307191903
AIL9603,0.4907791853112959
PBD8901,0.2984482228687063
LRW0566,0.16934199460089225
DSG9297,0.5048983096071795
ORK8776,0.33260960177259974
RAM1246,0.4059196906601222
KQA0613,0.3571962214762724
PPV5408,0.5343532569715124
GYE9182,0.49418209976654337
ZEY1691,0.3114963120430264
TNS2062,0.3121041914287333
CXA2052,0.5284483262183334
IUM9938,0.38988448730321207
KPE8453,0.5655073235950577
PPK6428,0.612914708039658
ZEZ2501,0.4100853520315918
CTP6917,0.5474705454961277
AXP8120,0.4506328644866472
DUU4571,0.4461403604147739
ZQI1951,0.24068740035135233
JEQ3602,0.5110018761514388
PYC9616,0.3861600036649096
MRM9344,0.5297864441464502
AZY8792,0.5435914056096715
DBM3331,0.374919280057231
MQR3184,0.6905234559580616
KMG7587,0.13421112575028918
GGZ5023,0.2517672562162793
PNE9100,0.40243242042537103
KOV1191,0.8493667337398055
QDD7290,0.8385611013335602
YSB2123,0.4697163165013021
WJW3660,0.5009269346148304
YIS9227,0.11451680516328634
MXD8938,0.6672233792863075
VTK6219,0.38088793537226173
YEB3982,0.3818383800320989
SRY6422,0.8282081171578888
KWS9373,0.650144550927061
HOV2809,0.41580301744835396
RPS2710,0.43266202618273747
AGZ7677,0.26040806479319356
NSI9711,0.4609290029183672
AYA7112,0.4587362833625262
JFE0601,0.4046916284995072
UQY5571,0.6184034468084835
RYD8898,0.31342354431486463
ROY0244,0.38685006685724765
TNQ5151,0.4690401945027952
BOV0135,0.3649868807938228
BEN5821,0.4633972799237212
JAU8428,0.3765994184852797
MTS3008,0.4716734413185857
RQF7412,0.5471670649322176
GWM5403,0.20498137223774224
TOR4862,0.8544367636667382
VXS2017,0.3295681664867365
PNG6506,0.544113049355781
KTY1630,0.28018249823451863
NEZ0088,0.3540324918804404
AKO4410,0.4042352901445851
LGJ6361,0.7411943640858579
AXY5928,0.3623137357843146
UZJ1364,0.7697632814961873
BHK9223,0.2011824570914534
ZRY6611,0.6760933949585954
SYT9117,0.30599390100062224
RHA1752,0.5116193906910617
QHG7774,0.22353611290222872
FZP1221,0.638545846524532
CXT8185,0.49037149826958826
IYS4616,0.6514297431350773
WBG7223,0.574758856591725
POJ1795,0.15246198959620738
BOX0998,0.5998303715751042
PCE0012,0.33293726436583626
LCF0616,0.4882723540191631
QER2016,0.4519837304406725
RGD8830,0.7066183576253378
EEI1108,0.28927851339434546
QVC3142,0.5354710139593095
UBY1157,0.5637383272394173
JJR8103,0.3732868264280494
GID0753,0.48530046621702033
ALQ2306,0.3599834733862686
PAZ5488,0.620178191467415
GQD8795,0.27895180529687197
ZKF0734,0.4323636029922278
CJH0968,0.445095175656257
ILL5777,0.6146337800841631
OCQ6817,0.6314647648225965
ZEU2990,0.5872248823547377
ARU1460,0.49284400039824733
EEB7566,0.5069564997120094
WDY3934,0.6363788832360282
IRD9332,0.4045718494246558
GUW6567,0.2825087802877509
HIF0807,0.6172349759233183
ZCG0051,0.6705973171959355
ZOK4964,0.41081085565025327
KRJ9215,0.15152523982947905
AJO7833,0.4447863397173117
YGZ2186,0.34218168298312607
HAS4692,0.5367446328599647
BCF1980,0.562342646156283
CCF7489,0.2953338479424656
VYW8259,0.6513953219805757
VLO5119,0.663641317897924
RKC1431,0.3111083236293214
IZG3588,0.5171029264101382
IKZ5035,0.31969741516741007
VYV2122,0.47762493319233024
FXR8591,0.5774866140406628
PQW0600,0.4683292803999598
LLB7273,0.4404368067478308
RXV9670,0.428536761426762
CHF3116,0.5486937564445988
QEQ0559,0.4634999616118151
NEJ4604,0.2994026410913334
OAX8431,0.23973696532246383
NFL1683,0.5077056148818189
WXL7207,0.6873462721661756
KWN3865,0.5340367479391807
SEA0000,0.36167689839838674
CDV9089,0.559757575074069
PTE9060,0.4378992675981634
EZI8293,0.5301951565331099
ZII8284,0.6543373955846575
YQL4011,0.4500941832446839
NWC3918,0.528789042404627
PGF9316,0.34644819621799205
JMZ2846,0.4626074925900946
XXM8641,0.44227839545298336
MCO0130,0.5178266545557954
YHC4720,0.7395744324494551
JLQ7235,0.8003599106256492
DAF2263,0.35080566259807355
RRP3610,0.7052852285667768
SWA4008,0.19024908496292256
NBM3100,0.6670347625693255
NOZ8348,0.8371155350645738
TPY9415,0.4178247720596805
JVH4734,0.786969464720248
KKD8998,0.7954020620480655
MZU8145,0.4086810038129021
ODJ2354,0.6965652615135648
FPK9517,0.5906195759680993
WWT9655,0.3313451860035125
GNF3420,0.5261170456578269
HLY9063,0.6266792765642776
OMP3870,0.34045297374492195
FVB6527,0.19789377979747402
DVO5558,0.7969751942872351
DWI5691,0.359465586196185
TDT6145,0.32928994073169393
NTN6827,0.6424163545722742
RVA5934,0.46451726476127864
GFR8885,0.3018050199611026
ZCU5825,0.34924842153987423
XQV5298,0.3314852152977314
QIZ4338,0.414211297522317
GIN1432,0.7457720429397771
RLP1548,0.2892565699331016
BLK7848,0.46220681666436947
WSC0490,0.59002559242
ABF3437,0.269776312974698
HTT8114,0.3714786206835706
CXN2987,0.765283649044205
KVY1451,0.5985234605120938
ENJ2042,0.23445764393098695
LTD5596,0.6395075758743795
UAF6215,0.57026992590622
KZS7358,0.623195445212397
HYO5945,0.4994960370247191
JGQ5158,0.5490873319945969
PIN8218,0.7807385400247836
WCP7093,0.18712927255193332
ETJ7006,0.4209785223714824
KBX3042,0.36396546234943133
XML0008,0.5372533852318256
ZWH4164,0.7365045263270108
VKX0637,0.6782262686075986
EID2749,0.6920616110653441
OEG3398,0.5158913152298156
FSC8722,0.5178178215833634
CKX1541,0.21082757043393371
SMY9467,0.7415701933438567
MTP3016,0.5676970433852023
ZPQ2501,0.4335159195386815
SIV6541,0.5209873424456208
QBA7624,0.4427037958663734
OZL5460,0.19186413010483347
CYJ3102,0.4079209371839694
GWZ1787,0.5123561751114002
FTN0555,0.7830902307433106
HDZ7180,0.6901360975933664
YFY7146,0.620039176546461
ZKV3967,0.3989008221407008
GHT0372,0.32611390349315
RYF2512,0.4035763010009106
NVM6318,0.5045923827781122
IZS5973,0.21333409920617358
TJN9956,0.8449643763018292
QLV9442,0.5542513750855662
ADP7351,0.27074085482756055
ZZM2561,0.3579380217019063
HTH4326,0.6952418407357401
NNG9589,0.7076639648586659
WCC8086,0.3340321351133349
FES1274,0.604975227158883
GFJ9304,0.4540809119397383
JKX6384,0.4209536828754654
QCS8665,0.7046391579517531
EZB6534,0.6021392483624316
NBF3809,0.40017801245430557
TYM7948,0.2612867744605957
JPW9435,0.5836049425833209
YYG4777,0.24115558523332611
FME9725,0.34218756177854937
UNW9229,0.28510064353349046
OGO9969,0.3900728985793349
SOC4844,0.38647687098236777
NWJ5906,0.47407807099139815
STF1253,0.5354336600374926
TTB0785,0.23667639130402876
UQE1066,0.6448628869310263
WUP4056,0.5697302486462289
XVG5906,0.35689089182740336
VDF4156,0.1420481153113599
YUW9552,0.5361431987288692
KME7972,0.44254407128159123
XHY4917,0.3606217552105557
NJV5170,0.31075026334318084
FSX4444,0.6623847558335285
YFF5235,0.36286049727528297
RZX5593,0.23860463335734222
QFS2917,0.6010282348380412
BKL5342,0.8671176062031319
VBS2012,0.37639429851864775
YUY2212,0.2861022117684691
SZR5572,0.22800524136798253
TXH2388,0.23301175338593347
TNN3693,0.4730184945439759
UZT3585,0.8043600441708546
HQK3080,0.25509179516836267
LLI6154,0.5769990981534718
ZOF1765,0.6074059203562475
RLV8929,0.4057162413967422
XHK0610,0.49987447301469157
OMO4138,0.7281807113135219
DBO3941,0.5524522552810616
NOL1049,0.5619143709468915
VPE9687,0.7863665575864252
PUT1722,0.8293757984693017
LXR4166,0.4274723833490745
MRS2780,0.3935689774433343
BGO6644,0.5045862569127842
SLZ1775,0.5215084278769047
QVU4211,0.41971298048535094
ZIF3745,0.4496663694397171
QVV9581,0.1475981423376363
KMW6719,0.46697236631496136
BTY6651,0.3873131095727957
SQJ2079,0.6466373272670952
IJM3039,0.6002869212357969
QHL6081,0.5580822940350865
XYY3704,0.6608943202685971
RSD8940,0.29802857772483987
MWQ9427,0.5249550124712067
KDS2281,0.43919746019810324
ZGF8036,0.7292051502122339
EIF1456,0.4946469653440752
GZB1521,0.16309245349608684
POI6224,0.781476004082366
OEY3483,0.6760686472395411
QNW0395,0.6730702753105672
FXF9036,0.551145336778751
ADE6109,0.8064354081705044
JCK1521,0.49996269178945113
PHH7643,0.31918228421118294
OTG5928,0.3866130065630809
XOP7071,0.5963348414056661
WMK3106,0.3503955520443565
EKA5575,0.5730227718575888
FVO3531,0.23572916158295273
DLN0234,0.7427349702129705
UIY4652,0.5055050400997784
YRY8615,0.46595961403871
ZDG1261,0.14598340301659612
AWD2190,0.4468464956593644
KHV6984,0.24944695385515198
RAD4091,0.6065351288655829
IGT1178,0.8505555834274424
FMF0970,0.4807031812535372
MDD3279,0.4357638949338609
FIL0048,0.44921541996461956
DNX7324,0.6034093233436357
LLN2770,0.7072893599891394
QEE6829,0.5105031030666517
AJL8427,0.17745030059457362
GHH5153,0.4639640796294597
OSM7311,0.24240500058489386
BBF2867,0.28144848428436037
WJA5248,0.19954170572262667
JFV9029,0.39471478577237296
ONY3338,0.39714868802937237
RYV7167,0.6087017875447595
XYK5207,0.2807213763622515
VQL2467,0.48958399951955794
QTV3905,0.471864597974497
ZXC9568,0.5324180168053844
XVZ4297,0.3092037985967932
TLF4772,0.21975746246188968
VXS3827,0.4659288898887395
VKZ6866,0.33170423743898575
IHT0941,0.4187896128714227
GSQ7558,0.32150247514033864
USE8246,0.3587168183815517
OUK4608,0.3291376909324249
YYY2709,0.14502546051831805
YIV4482,0.8014434368049824
KUF8780,0.653231993800708
JIG2780,0.43929050756544596
KFC7566,0.7624019158777331
IVC8672,0.772005149341843
URG7195,0.32502850908407105
LEY1887,0.45876547623156727
MTO8300,0.3002977745934303
NOY3485,0.3256948089127076
DWK1635,0.6382929903284236
VWI8259,0.45942242415293405
TVC6021,0.5267866257641303
RZS4121,0.6149216648140479
MDP9088,0.46066521872967015
IDD8680,0.5486801609751574
CJJ0067,0.3490769731192981
HXQ3855,0.74658850498484
ARR3600,0.3216441808183395
HDG9113,0.8543344663782598
EXP2649,0.2857448960845714
COM1513,0.42918820942074376
BSI6025,0.5099434423773699
QTF2549,0.3732939470788053
DEA4939,0.2848660412581599
MEY5478,0.4944982198302245
WFN3819,0.6868469133893755
DLE7102,0.32811904657219865
SVZ7837,0.39986145325472033
JPG9474,0.6105894554294174
PST1973,0.3590419474625448
VLA2925,0.5340558672960751
GFQ6921,0.7358251810564207
SVQ3659,0.535881380053037
HFJ5560,0.3488328480155304
TJO9482,0.33995099462162665
KEF1283,0.25693301528827267
XPE5334,0.36954721103731014
XDD4731,0.6924776648530525
DTC7666,0.40484185990777327
MAV8739,0.4357183429887598
GCG0006,0.2621174741145781
EDJ2014,0.5879173186009619
EPX8664,0.26486335859208177
POW6716,0.6287361064670998
KAZ2977,0.6792171661223908
XCX8052,0.36295694117669103
ZNV2307,0.505361782053113
TCG4082,0.15222694262845135
NLD4865,0.3351276424029979
DRT1162,0.2513722845169676
NYV8017,0.5959226900350835
YVO0721,0.8673134432515328
MMN3031,0.39845017553461076
KFS4774,0.34445288095043886
CCW9949,0.23645816874262968
QZZ4039,0.13883666910044032
NKY0219,0.24571889664897048
JHT0528,0.0876002208750155
KVQ0049,0.4852459458328288
OHY5260,0.3898030660278654
MOV3618,0.5835860977576185
MUN1785,0.5205076063789166
IES0974,0.5956080171811656
FJL0266,0.6026662153960614
OQD2211,0.833241574146068
OMC7899,0.31558403465560847
EHN2289,0.40954786177067076
YBO3438,0.5297264356132866
XGC6121,0.5630800609193932
KLZ8117,0.5892152098472009
QZV3301,0.4424502102906012
KAB4183,0.5001510984447674
MJU7092,0.5741811468478396
SIG4960,0.33755228761268885
QLK5702,0.3859806423147852
WPI6483,0.5329703791984554
ZUH8446,0.49073510789142016
PPJ5717,0.49129545793066054
MAL4596,0.27995175929981014
OWN8577,0.2338507309171352
OSN2565,0.2322178987768424
FGV2111,0.15831330847729239
XYO9485,0.7758383028946539
CEJ0840,0.4758669348540424
BMZ8322,0.3896437310883446
BGS4330,0.7231755476117481
JEI1597,0.6369807227372508
ZXQ3606,0.4969950470575036
QZD2155,0.6073945324367227
ZBT7709,0.3053866075135377
QYV6318,0.6112928612686934
XDO7573,0.42190922610443243
HPM7246,0.440194854538101
CYG6666,0.336950467005181
AVE8214,0.49835697308422616
AFZ8966,0.40953116172021653
FOD9580,0.4507494980257691
AXA4301,0.3727442575452327
EKA3091,0.5567903878420681
XCJ5568,0.257615374748539
WND2059,0.5549621100684871
SWK2288,0.1823331581549749
IWZ2880,0.3680456594654399
PIT5158,0.5913642171533949
MKF9945,0.47961618261222466
ZCG1930,0.4939438312831928
JZL2900,0.6494963352006053
GSG6048,0.4413880101552103
NVU5467,0.5357937996344948
HKW8901,0.472169183799124
UHC9744,0.635714295692855
RLU9682,0.5733505777167719
OIA1294,0.4411283363568001
SZE3233,0.623253849775835
IRU4838,0.20368132825046875
JES1785,0.39964974420354704
UCY6561,0.3955653471833915
OTB5118,0.4072343544270875
JCN9706,0.7247703435446092
IOH5588,0.5663125716581852
QOW4543,0.25911036069424753
UHK7473,0.6728018084832631
BDH3448,0.4912038465018867
PXM1687,0.32758554082945585
FPU4247,0.38865603772163304
AOX3969,0.572014016479214
MGM4489,0.6432933269415823
NSJ5694,0.48830250438501693
KHY5361,0.333675626056338
IDE2014,0.6748599080317813
CLG4527,0.17787058238541478
PAE0187,0.4497064357796419
TZX0712,0.4903463894426123
MSI7288,0.499225713029043
OPH1133,0.8303238151289729
GIW1153,0.7029959223806975
PNL8766,0.23534592173076785
RJE9943,0.33183320849299175
TZF9992,0.6538882486806695
OAI9854,0.2199829720246839
BMY3167,0.7274774941609108
HUA2243,0.18012031568293357
WPV5328,0.28793736700557737
CKV5562,0.7046666163905367
XTM2180,0.6592899270642677
JCE2465,0.4846513756184279
ZPG5413,0.44509981836176415
DZU7019,0.20404038427739926
VXG1725,0.4928747318802105
OPM6059,0.7592522680578367
JSB1729,0.822439235056777
KUT3144,0.3192187691537622
AMH3165,0.1717758691779085
NFK7084,0.3765316972375113
YJN6123,0.4108182554526766
ZYV6499,0.2710169181468986
DYE9365,0.6379985977279274
CYH0071,0.6565664001862513
PLD7359,0.8635475402967987
OQB2795,0.6040860180512629
YJG4869,0.42441955055428054
VYH0021,0.4251086522047669
KIS6502,0.12400308944121333
UUY3020,0.5606847086522269
PHQ0092,0.40660386444011726
BVY0985,0.725379154747553
YRD6672,0.476398685068708
CVW3569,0.5153264277518227
RMR0822,0.34265216401087867
NEM7093,0.5300305063938688
AJG7697,0.26068002833476156
KDH9406,0.24717557990675312
MQS9876,0.5998553891227429
BBR0344,0.5422502764139041
MJR5449,0.6663274715992994
NKV4242,0.6349747374239306
ERZ7613,0.44408505287728
YHF4884,0.6723821818966337
SHY3389,0.43563151031237624
DYR0315,0.5460295291148773
QRJ0474,0.2558095252186724
WSR1971,0.15339804430773546
BRJ2331,0.4666648749836866
ZNU5088,0.28790112721530353
LGB3949,0.39187913481789577
DDN0916,0.4721912289740541
VNO4744,0.684256112937751
HAM0625,0.10369857457231578
VNS0417,0.5516166310012138
ADY2431,0.5042342518858501
JHO2864,0.6583749775156225
SUH1250,0.2259104630822954
TEL6348,0.8514865634332632
ANO2014,0.45172303461747215
NIH2178,0.41273186256088945
LYD9788,0.7421951115594777
YMS9619,0.4210308225273854
DDJ8939,0.5282146625485391
IGY2653,0.31186156110343
ZOE8875,0.6369242322505434
FAX4808,0.29780355040503137
VMM4007,0.3108409194199397
YMD1401,0.39198586036266997
VKT1013,0.13192218105343237
YKE1591,0.33270918712773917
ZNJ7114,0.397936210235381
JBU9048,0.4387017385575541
RPL3665,0.4985413815371353
DOZ0297,0.5551331772678371
KXW3156,0.3991683743258037
XHI3128,0.5650458014560659
PEN6055,0.6409251870957833
KRV1729,0.7524435018822925
IYP8988,0.7343771188487722
NQJ5272,0.593141350560817
IAU7186,0.3817527129175898
QIS0846,0.5504636995490914
WRB6555,0.7033713290443807
PAO8178,0.6108706344430772
FQB3317,0.33258426599435525
XOA6073,0.19751950104789037
VYY2200,0.6577896525527215
ASL2036,0.5330728267747323
YBZ3502,0.6583245014961924
PZJ0490,0.4326298022395352
LTY8297,0.3180387504979568
YCZ1142,0.22165383683847298
TCD6914,0.613985021430019
GLY8970,0.44993249532712526
UFH6676,0.37543283091012286
PJE8049,0.3676399011181159
ZGL9870,0.5028660244808326
JHB3243,0.3592857606876575
QCT2926,0.12932653874898375
JZB8726,0.6857061961371985
ZWI7654,0.3876240690865522
YBX9273,0.5916273460000835
ATY7236,0.2850443701432029
XPU6142,0.16546158572884878
KZS3494,0.6010259341562646
YWO4932,0.3213787801940397
VSU1745,0.4129092293076556
CUG6548,0.5011983085168206
JJI8874,0.3077166930566459
RNA2808,0.3433484588731442
FZP4826,0.42247958994167195
GYZ6456,0.33480205822125814
ZBN2884,0.5191023674965403
ZJQ0471,0.24716880015340661
DLA5530,0.24363918905461296
NUT8542,0.7457302857787358
VNK6354,0.8283944161501895
UXU8427,0.3916645634086919
GFD3985,0.629071823343652
QQR5737,0.46335426041995503
AFC7665,0.2582409307009452
SLD5495,0.7392280766034157
VHD7317,0.6753698100195564
YAL5508,0.30542091382305736
OKH9384,0.6506973864902693
GEH9340,0.5326343992464005
KDT6136,0.4011201364002055
PGO8069,0.4042658332244856
PLJ3715,0.4243158485787259
BKM1964,0.24794135108371335
ILT1034,0.43071518164248823
NKT5664,0.3782527260920049
DFI0560,0.5889947953560686
WTZ5124,0.6813295878084814
GJP9524,0.36688368408145167
IDH3670,0.5615482378366595
LHV6715,0.7124167889610123
SOD1257,0.5918665189403176
XUT0094,0.41580762290362866
WLY2791,0.5899233919568229
ZJN7497,0.38782391048162335
OTP9424,0.6584829017334531
KOG2427,0.5355261736221739
DGT2607,0.31848623232360834
IGV9153,0.2384744831879512
SNK8485,0.21116763793807405
GIH8293,0.3785346578773085
ZYN4270,0.613504006395038
HAD5689,0.522317246961402
KGR5948,0.4309148740251327
XRO7658,0.5732561026562176
YLV9908,0.5310659799761549
EAP5638,0.723732239570292
IFX9842,0.46577826465687877
OMU3958,0.42734805822101907
QFL6187,0.48769189513510053
FVE0231,0.46665410868919927
BYG4627,0.877395813965583
GLU8969,0.5417290320283837
IZD9452,0.44408391026754684
EYW4468,0.537068248133179
AGT1201,0.46134269759417085
IHI9922,0.6049312503369496
QRN6335,0.15808299112078875
FZU8851,0.5301236032910575
GYP0381,0.33093433842933795
NHT4249,0.1932472872907353
FYT7747,0.5470221583430886
KMR5833,0.6695752418589479
XKY8972,0.38195470984837815
JAG2909,0.2843428734971775
CBU6594,0.4412124449545366
KUP6171,0.3113171085232263
WJC1017,0.5686048512927744
EUO4937,0.4505835251038865
CIU7319,0.6932765861364701
IHE9927,0.21404814517103307
TPK7407,0.38568727555366966
QGV7700,0.45851766456724796
YND3412,0.4471660780484291
PLP7642,0.604522114868009
QQH3030,0.09719190480433847
XGS7797,0.45812273635986145
MAG9468,0.33906819943158145
EQK1178,0.45767646673671564
OFC1169,0.31252586966702545
ZYB3704,0.42270971359626097
TXE9669,0.3114705740635962
EDY7478,0.36462299643545654
ZRM3482,0.5822059868619415
OLR8983,0.5281588781922226
KZO2848,0.32290072195059766
YUL2449,0.3529452917790864
MQF8373,0.3518561117721865
JIO0650,0.2478992604798303
YLC8229,0.5984138976474535
CIQ3019,0.7239569101292075
LID4577,0.5068064442492682
FHF4230,0.6007245625992301
VHY9741,0.498920874869545
ACZ6656,0.7936572891328189
XPK9673,0.213401417802043
TDS9357,0.43345750722852017
NCY1055,0.16827040113566705
YUP2078,0.34938957425296746
NFA4698,0.350548627461245
NGC2448,0.40266690608357153
MCP9761,0.3804061971580702
OWJ2412,0.19647515847915753
PHK9684,0.6060491060992612
BOP1305,0.37883599578609556
YGK0608,0.3968185997116148
BJV3737,0.3598729692466149
QAD4506,0.3400269396560432
RCU1459,0.5563044965226901
ROB4774,0.15234597116753354
QPA1500,0.48882771326344165
ASI9484,0.4493956190168647
ADC5158,0.3536073064005807
TGI2756,0.8810154467339804
XWZ0948,0.2769845290993019
BCZ6218,0.47504281468794735
AZI6548,0.44329758427830146
NJG6414,0.2976461238875433
RYT3911,0.41142523986867957
FAH5419,0.17513490491139322
XDW3658,0.4926905419986722
YFQ7483,0.5003980996314292
OLH0534,0.38608506052219654
MOW4518,0.8375314472970787
JLR5477,0.5379528502706097
RCS1192,0.5146064767799944
BPH1146,0.5149188904299385
FAG8556,0.21599083209245892
ASH8711,0.35059476726147165
OZI5872,0.5386709184130682
USZ1437,0.2767134892850905
MUX0020,0.7765011604222514
TCL8035,0.4041876210333625
FXA0346,0.8241578283746046
DGW1711,0.660019375088411
MPI3843,0.36189919188832703
ZGJ7391,0.20919867409428786
UXU2443,0.4453881565990625
VMG4433,0.32374861932890037
YPL6662,0.5414291822188747
XZI3703,0.7584235724114432
CHM5321,0.3914575866011211
CZD0003,0.24370313731836854
UAE6199,0.4182394715386515
ZHP3348,0.6194661950422002
CAY9941,0.4902295147246439
IDA0149,0.7025515061147706
ZRV0689,0.5531271166406556
KAG0964,0.33155929110102395
BIV1231,0.5667501538804249
OFY6640,0.5279328629332428
DCD9303,0.4608064213636503
BXK9899,0.6008963584097137
ZFH3397,0.43107280518348284
DWF6920,0.28685288767197753
XJB0970,0.5113929391287907
YVY7207,0.3664986138805872
NYK7788,0.7723365048536276
MLS4709,0.7124118705921465
YMW3766,0.6097617891073576
GTT5147,0.445004042286402
BRO1762,0.5014200111017101
JWL9572,0.33056253758556087
WMD8920,0.7560326456761308
EAE4795,0.47401029530092575
CGY2385,0.4082127165917209
ADX0708,0.39363786051059096
JGD1227,0.5760232169147395
ZQQ0815,0.2424351845691532
LGB2539,0.6479805847368165
DIY1538,0.7081506007546062
SXD0066,0.6002682706219791
DHG4347,0.31617542733839815
IVL2875,0.47272644396308217
DXJ1576,0.44699078817471766
XXD3056,0.46495173823936425
FKR8136,0.25490662110648615
XHS7469,0.63939498963407
JXY8304,0.1598542162561631
XCO8396,0.6964501889154059
SJW6493,0.3504499767178726
WNW9509,0.4971975773870957
IIQ7956,0.3463738262247498
ZGN8635,0.4850181394810797
OYS1674,0.5431382227076391
LFN5026,0.5569049404279871
QFM4433,0.3419684501404641
SRP0203,0.6508700259339298
GTE8180,0.5891349147250964
BUV2825,0.4909080770534809
UXO7662,0.3151963841629234
FBP0568,0.5893205165079946
UDU8112,0.44063540180304184
PAO7740,0.3306330804076835
YAK8421,0.43117608744912544
GVN2038,0.6390155416355058
ZQP0382,0.1721784653299349
CNQ6513,0.4586277255488187
PUY6632,0.5215282349235608
BVP7323,0.4112617089423206
RLM4016,0.42171896808939147
YFG3055,0.37483834322389814
IWU5623,0.6246515799420046
HRN6899,0.26550229713245393
QEE6261,0.5218532617268422
MTQ0293,0.5993515055549629
MVC1429,0.5435325275492157
WRG2254,0.2969704347283674
ZCN9897,0.36732111845509907
OZP4495,0.6633063812550486
DLN5343,0.3615373288109099
JEK4684,0.34839263065506215
SJL6931,0.4078102505966739
ZSW8276,0.5447667844944186
WSV2609,0.6707831586454317
MHV7737,0.44718856035748233
YRR8549,0.12788941648995747
ERV1528,0.5460710882161344
NOF6559,0.6810634320900878
TBX6932,0.5213802715424319
TRM8176,0.6997209984439243
ARS4511,0.5121248371742828
HRW1770,0.3665977766925037
KBM1789,0.6895754629705042
CLS5313,0.4553208140950078
SYP7066,0.32100718373123266
BAC6711,0.2820546792335525
SKE2290,0.6066297562274513
JIQ6981,0.23192631559005775
BVO7960,0.4056136491842627
ZUA2626,0.6053317654690341
MSG8259,0.24895675995654107
PCC0360,0.3718915710619872
JFE9003,0.4131724738846701
FLS9182,0.6231820723613442
PAM1280,0.1844637738291297
BYU2321,0.3687323842336179
CXM5506,0.3024717410321282
QBY7302,0.35092952668267835
JUK1901,0.4590778474458393
BWP0584,0.21876664337862564
UXP8211,0.40169129044533136
ZAY8802,0.41559452617358933
QGZ5092,0.47577364684967705
PLT2750,0.3071178490207003
RET4270,0.6522257020833857
SVB9714,0.3066050700453447
PGJ2505,0.7154688037963248
XCR2667,0.49547558306750705
RLL3403,0.4158310360718253
XMP9341,0.6907865721921731
WSF4408,0.21691178702798172
KQS5528,0.7230733335964376
ORQ2079,0.4976055677624962
DYG9890,0.4047262879144075
JCO9274,0.48031694696392563
RTZ6364,0.2871728741681091
MZW1799,0.4062051323264824
EJB1355,0.5798904517839595
DXW3959,0.16848904844579013
XBW1111,0.34441855243794933
KBU6474,0.246361981768971
FCK8370,0.1361850266896191
DEK2690,0.5794243979137784
AHU3775,0.37436758777136553
OYF9560,0.3752932975392861
PPE7467,0.27760580622615477
QFZ6666,0.33118467682293506
SND9604,0.44237370957730826
JCH0911,0.38343010327848565
XCZ5219,0.3344730993399165
DFS7754,0.372558455482267
QER0038,0.36051105270947026
PIQ5708,0.5539911968573719
SBM3940,0.1162194258949137
REU8468,0.8067568870981433
KUN9469,0.5814560639251019
FNG6130,0.2994161837241582
AMV7041,0.5488436810330298
VQC3734,0.4767983479169967
BCG6211,0.5221459234380251
FCV0094,0.45406107982911015
LJO1761,0.5045223878983435
VXQ1519,0.6005214908949116
XDG0394,0.49617936747571206
ZCA2183,0.33572713946950505
DEY5036,0.2693171612753122
DOA2936,0.17272801045740122
ZBZ1111,0.23960335126486101
KTE4563,0.4040375531980426
JHM5827,0.45677679019038386
IDF9791,0.16724778118017114
YWO8363,0.5254769468308069
ZQU9039,0.7991042206350522
RLW7170,0.7837092905130819
RXK9841,0.4817928570914981
ALU4463,0.7097676071217947
SFE0721,0.7758559528201613
SQE0323,0.40965872956193394
QDZ4395,0.7602158313371273
GBJ3518,0.4058590279864163
ZGE8545,0.3392017848469296
XKA3092,0.37033442711438214
YKI5936,0.641052625237987
PZK1377,0.5344405144262928
JLZ9491,0.38142353422907294
ZVR0041,0.4880237639696245
MJP3198,0.4779558659270449
UQE0138,0.15466917634163782
TUW0269,0.5712499389007318
ISP0465,0.5083317099803523
XAL5847,0.7590439951772415
PRM3708,0.47603537863013307
AYO1985,0.6995603685410643
EGX0726,0.2384927020786174
JDR7035,0.3496254310179128
MSS9255,0.5534840907712296
WIY7208,0.17272393897813218
VAD2698,0.4356783263767995
ITS5025,0.798559760815172
ACG1389,0.39549868008938144
JNT1094,0.277225813294575
SEY5120,0.5293307514154875
XDA2651,0.42557173525714953
BIL0129,0.31936379411732435
TZN3360,0.7353184363907285
OHS4922,0.5383321973631918
YOJ2699,0.3053702594280487
HUM6721,0.3545835814379045
EHP7372,0.7259421570799055
MDW3871,0.6296547117180105
HAM5349,0.4576060332221444
VVV0077,0.5248716024267825
JYP6084,0.4352890525896131
AZX2542,0.10456730674373418
QKX4992,0.4863090609051374
VJZ2239,0.44131042594463027
ZFT9927,0.5405862028061004
EPV1130,0.40803506303770404
ESO4684,0.7854937600069076
RBA8751,0.7399643064829808
IBD6200,0.40881197000919506
TCC0838,0.2501228989502079
OTO4045,0.7917703232008976
FQZ1755,0.32977900738901705
TKQ7781,0.2627859176801925
GHB9539,0.2533758233602786
QKV0677,0.692105387792959
MDC4556,0.46774232783138076
OXD2801,0.6544756196174332
AAW5921,0.6226310983330686
ZXO5432,0.5768270719778059
YKE0773,0.6413858603126003
ZQT9439,0.5273520318115252
BBX5445,0.4267775161785217
OLD3422,0.7348360881980761
HBD7837,0.30742276770885385
LII4395,0.30854779181742986
VXV0165,0.6233556809913302
IZS6375,0.4480087262288765
ZNC6270,0.5943921163821541
VEV9487,0.38064638480502416
KYX6211,0.4384268621744516
GRI7834,0.5808675293507973
BKJ6883,0.3120161606997929
NHZ4308,0.47100290201620115
IHH3352,0.5472043581043946
WGE0940,0.6312966244992066
JIY9209,0.605901084861281
RMW4099,0.647740832990479
ACX5394,0.6509108226413808
JMY2884,0.5945373034886805
HNN4412,0.32218877527850626
ZRE8689,0.3495665847782336
NLX7791,0.4007502177938313
NCE8146,0.7933284808491017
PAJ8142,0.5761247373452305
BXL6079,0.47164866216307955
RVE9218,0.5875237436689786
CYM7511,0.566316382895876
ULZ7896,0.20286833247152128
VFR0394,0.7311686900245457
DLM5418,0.8885056609410362
LJA7283,0.42639406434231314
VJJ7556,0.4476864819778466
MSY4225,0.3397668046251012
FGM7178,0.6334170694952375
KCA2760,0.4753516136910232
XVI9392,0.4663753724879161
ILG8180,0.7042176201602285
EJA0426,0.3381095265344022
ZYT5283,0.5913956041091887
MBD4028,0.6087585377876302
DET8036,0.25480189883156995
NPU3306,0.6844838176706108
MAF5198,0.6688086114568994
YVR9937,0.7305992274763395
NPF0956,0.40368585823549996
UMZ8342,0.5666808023083139
CTA7936,0.3008735091591694
WTS5507,0.6906775480853364
YHU2823,0.5481019062075033
GCI9262,0.18257813134915488
JWG0958,0.7226092835577774
HTQ3691,0.4098547274662517
JSY8006,0.48528901945379904
BDL2992,0.6248756254636606
PPY3602,0.6343207884793272
NRH4217,0.389992644638752
JZU9096,0.30488513662236844
BEC9902,0.5622244085529632
PUK3777,0.6563261372596688
QAI2611,0.4175768911102166
SZE9978,0.24019333065820958
ZQB1293,0.40533049468966603
DLT6582,0.21307911139645655
MBP7717,0.41430823568920194
TSL7315,0.5858338981872793
ILX4971,0.8217916253655219
VUT2632,0.33594303796579517
NHI1174,0.6782474860453712
XBH4571,0.3390041953416924
ONG0233,0.7043539577318717
EOT6883,0.20427642811914687
WAA4403,0.2774334538540022
NRP5939,0.4023342908355563
CFT0261,0.11579967046079441
WBB3199,0.5228747221735873
OXW2554,0.1167700325150285
OTX8021,0.739493059895828
HKM5973,0.21586915166562393
WOB5773,0.7081417678141044
XJP8738,0.2882039979070101
OFA9596,0.6929431261578894
YUU3704,0.7122621554632371
DAA7058,0.7522824076072165
QEI4621,0.4473823021972786
JJN0270,0.30569836515147075
VLN5464,0.2680633086733187
TKY2278,0.7851628615617445
QVB1146,0.8162345736839034
GZG9726,0.4970129316830801
WAG8989,0.5431234615230361
WYG7915,0.41291308219285733
JKR7298,0.261613259822908
NKC9965,0.3566592953533467
OLX7030,0.39825336092251096
NUM1967,0.4575882884597004
VPG0102,0.7162160733952395
WYP6798,0.6145642460628078
XVX0001,0.47442506757694897
ENE5821,0.5209385595064584
PXT8963,0.39217598460471537
NAK6905,0.692760780095751
ROJ5124,0.5262984293312594
EGP9963,0.356439722261365
EJD6191,0.43107162391944165
VVI9738,0.40232916591143947
GZB6774,0.5222736679250729
ZSQ0383,0.3049349096847021
VMN2008,0.5056979899740346
VSW9307,0.47192615183247083
SXC7989,0.33741277989750473
JRP5911,0.6383736420580874
FQM6684,0.6026176651654157
JTZ1972,0.43771129432004446
YRK8678,0.6496660416950092
YUX6245,0.4765865046390919
OZT0083,0.5384914347555385
WWU3357,0.5750478795794637
GIP8061,0.2366262790208075
GAP2506,0.4279528332702043
MTV2911,0.5019968256340126
EYC2947,0.23951540860026402
KFJ0398,0.5299750034305462
KVP8638,0.6499080703703919
IEN7559,0.5688486721974313
ISM8366,0.4160438078862592
QRB2092,0.42844058781143624
ZEF9982,0.4068296013186868
PVQ8431,0.3215713631230675
JYR6904,0.3201537028888846
VYN2284,0.18026556617986336
RRD4317,0.43251797780843043
SIW7452,0.6761837769665026
BNK6722,0.7307471789015371
EAC3647,0.3684851410911892
UZY7255,0.2009515474377402
NJR3268,0.4853090065957434
SXJ2106,0.78538901357332
UOL8150,0.7258633998350579
GFG8118,0.37085396591745595
BTJ8291,0.28863118727972464
IWD4843,0.29797945050423724
UJH1928,0.3789987393627895
CTQ8211,0.40668447232710986
ZBU3909,0.5001361276245777
CHH0005,0.8575273311733662
LOH2075,0.4075110996302089
SOZ9505,0.45619322896861186
IDZ8560,0.7082367409073697
XTH4023,0.3374527537054994
QWM3456,0.24043351470525096
ZWT5514,0.38139889943956506
JGY6248,0.764410232343967
YNI9415,0.46942943203183823
YHB7736,0.7600099721457084
HRY3458,0.7281939908218954
NHO1841,0.2451503561537942
SJT4275,0.21156459729566454
JBC0455,0.5165036570827392
YSV6272,0.4492232302445071
SYR7039,0.5121512807529671
VTH8070,0.2673702483501798
CFL9774,0.24778542497364617
HWL0255,0.21247199010748322
PWW1560,0.6947742884036376
ZXV8075,0.1623336857352827
AEI0906,0.3394669391295554
ZKT4898,0.31559676251525826
OVZ2889,0.49771859578050526
JNK0707,0.3072974878636473
FHI9082,0.598626801415689
CZC7195,0.49092536615947663
EUS8425,0.7206304152560981
VQF7120,0.2667318891348047
GZF3442,0.6447485977580124
QHH8798,0.46023736799430237
SVY2210,0.7289977914841177
DDE2452,0.3421668189512732
UOD1909,0.275638201014747
LFI5893,0.3472320397765398
VFH7810,0.3065450317033852
AEA3832,0.3316532922383985
ECF6645,0.6732850922219555
KVT6536,0.4114124141930638
GJR9253,0.41649843623245625
FMI2663,0.32608133333727446
VQF2039,0.5070299687064018
NLZ7990,0.42805477412789156
QBO6904,0.37988355915998184
ZBO6514,0.5646102925446003
AMJ7143,0.3157778568753983
PPA4216,0.4349107780586749
UNG4672,0.23178473903826127
JKR1254,0.614877926215386
VEB3556,0.20562771297566731
RMY5487,0.5640214598973902
YAL0969,0.7099245811688927
PWY2348,0.607569257234889
IHD5140,0.2783399690330035
XAR1535,0.5117917725915027
MOI8849,0.234745624219069
TDA1772,0.13191642244786764
FRP3664,0.5171479144161526
QXQ3920,0.4833957816587303
WZM4928,0.3565691420256292
FEI7112,0.27959856901635033
ZWH2382,0.553269602513068
YXE2782,0.7779373963486762
RYR6789,0.5972137631947042
DOY0839,0.42345638529645485
KOZ7559,0.6581296609108505
CGG3378,0.5504448745946179
MTV9217,0.3801254695226007
AEY3302,0.6487429532986944
SNN3415,0.5266627507224305
DLH2120,0.41382838283274453
LMC5561,0.347391942818271
JVR3739,0.23418361704254162
YDK7231,0.35752020639452375
LKP2717,0.39724320239469174
NLD0288,0.7207772751913771
QWZ3328,0.6958034150687197
AQB8755,0.4527973485810874
ZPO6482,0.4850390563399679
VJA4011,0.17812345496958773
UNR1034,0.5393338013090933
JET8498,0.36199135229353746
KZM1206,0.5197221965290355
ZHM9357,0.4342523845003622
DQJ5519,0.6394571915516041
WPQ7065,0.37384111642519136
ANP6398,0.3417066112461088
TWV6276,0.5032350305792437
UIG4581,0.3738101749321759
MCK4510,0.5395956743292608
WCQ8946,0.33923447807842894
VPL5439,0.392877419671807
QUL4939,0.5406239549407497
DTB0595,0.44486870918069427
WGZ0312,0.38909587615047353
ORU3710,0.6976179413676699
BMU3842,0.6718017967817547
WAS1041,0.727532094215594
RUV8304,0.3731280771679165
NXF7025,0.5230813135635721
SMT6291,0.4888643524065349
COY6762,0.554896331949733
UXX8278,0.43497405408107953
QOP8824,0.2770056174951726
XVT5952,0.4381144823385606
HWE7781,0.40515118287040675
SRR9343,0.49899940957538336
FMT3981,0.4303145915185233
RWK1255,0.49845444699788055
GUX1313,0.7061287472611618
VED0121,0.8293280584915895
SQR9285,0.19507719474307308
PSQ9368,0.45590830825281053
DFU2564,0.4851631098838512
OLC5603,0.3116281166067002
ZAH6196,0.5609682341783889
GQZ5053,0.4038270424612285
NSL2545,0.3388883361278481
PRO0137,0.45939011721342854
STU0764,0.23008687048931334
KTK7805,0.15369910146090618
EYS9609,0.7078182594960679
KZG5885,0.5498215961771431
PCB8761,0.17844765519923214
WGW9568,0.7963848849040834
BEP3948,0.7422306346262504
DMJ2590,0.3172055395468207
CTW5615,0.40085225174022465
OPB8278,0.5326264680637048
CWB2561,0.7166489041219074
XIJ2478,0.31451484411924546
FDX4097,0.6203668740078021
YJG5740,0.47670745648253793
SRX6811,0.13477980170792964
PRK4060,0.2623238697837245
ZSQ2949,0.2614078036875905
HES7557,0.5286310464041797
UWQ9670,0.7153300156758874
BAJ2081,0.47713619767444965
DXX9121,0.5456837061165163
VZD1340,0.6367615139556008
KCX1429,0.36467500537618225
JUZ7305,0.21399526016153908
AMD7755,0.46005839071400867
AOT6315,0.37690342280887884
YXO2209,0.4361097452345829
EWV1407,0.35693654442332
GWG3380,0.4850818141914651
YUU4145,0.7916959586544238
TZW5104,0.40627013090813613
SVI0226,0.7234157847924539
KOO3080,0.7421458140278324
RCR7780,0.7466858755381186
DDZ1864,0.4255698131761218
MSG9202,0.35497429607099856
GNC7973,0.46970313123176416
TNB6317,0.16559288454922078
CKP5184,0.76323216500882
FAN3835,0.30538255673151216
ASP0506,0.681428450251866
XEP8902,0.396468122199452
GFQ0333,0.3288604330656949
STU7442,0.2629049281976189
KZH7721,0.3181315570647068
QFV2858,0.7082745287941463
CNA2475,0.20886262357824756
VPQ2939,0.4216110792331969
XTL1241,0.46066309961789137
RTH9839,0.7227434225602728
YVY5308,0.414122592743586
FZY1694,0.6931948783635555
YCA2616,0.6032257798690059
HMU3975,0.30875616341558487
FDU1357,0.15267438865377564
COI6888,0.7132145695839942
YQQ9816,0.4774678350406302
DCJ0598,0.12816457091246344
QAF1690,0.44013688883402874
SSF8640,0.5700070770289823
QZS7048,0.5410119907640987
UMU0017,0.1412078105941407
NHR0599,0.3020234729396489
TBH5424,0.1419820717408179
ASQ3055,0.47673863910842673
YJL2807,0.31050316023047875
REM8079,0.35865618090655577
PYI6606,0.4802358982516609
FIO0648,0.7787413497294136
KCL5134,0.4181770988084091
XFA4921,0.14796744254079217
MFS7445,0.5420545116686883
LJN7166,0.754814294604896
ZSB8267,0.6997682028561162
NOY2382,0.2294668091604816
VID0540,0.5875519410134505
PUI7231,0.7103959194367038
DIU7827,0.34898812727679707
LMS1840,0.17793868087144388
JSI0972,0.17819927967564372
VWH4510,0.2953304760301715
XPZ8442,0.5402518640478592
IVR6080,0.4572405546207436
DAE7056,0.48076245442401616
XSF9221,0.6899470062586728
WDQ3723,0.788263381652363
SDI9085,0.21729534214756313
SZA0713,0.6540688957588356
OHE7288,0.32061961642584336
RKN4919,0.6000280548905585
UEP2190,0.4537798296646704
CLT5723,0.12737513031778916
VJI8551,0.2775728558871425
XPK3889,0.684799164453195
SGT3305,0.34209355410288367
SAL4070,0.22493081580928967
WVM8211,0.7403500537967368
PCS1722,0.2520833161210073
XKR6147,0.7243991047333159
XUR2232,0.5758335455462079
JKT7149,0.573326966851586
KYO3320,0.6059105414889421
BCR7281,0.44572210436438525
RGW1489,0.33666727448175315
AXN6618,0.4889261122047451
PJA2115,0.45408771715070007
OQO8884,0.6306841222383264
YNZ8560,0.44997753122855144
DHB9103,0.4306487208419286
YIO0165,0.608531653380682
EPR3439,0.5370301687850025
BXC6882,0.6081311113431326
JDH1113,0.38685080567274327
ZOI7409,0.4726804969926203
NMP2912,0.2833739685833827
GOJ4289,0.6844012599856449
XHX1364,0.765075571305149
VVZ4851,0.6011246832442069
WTK2653,0.32839418043454327
MAE0737,0.5050513572230063
IMV3149,0.5536228178402076
KTR9193,0.650450694983388
TOD3591,0.23926778038431068
FRB8474,0.23943469618384383
QZV0518,0.44976200168985997
VIP6808,0.1356815598871501
KXI8109,0.38251585425681606
ZFJ7032,0.8021473943275017
KFB2661,0.5028243687240196
DMG4116,0.7414387580480188
APL5877,0.4415385517118958
THY5809,0.33319019723101045
GJJ4558,0.3930332676570072
BPW7388,0.5100480776128901
XST7223,0.6753992845208325
JEE4921,0.19019489656845254
LLE1425,0.598696502624377
KUE4150,0.5976621272848545
WWE1408,0.12547989596348136
RUE5821,0.5834396241516429
RUJ2756,0.7148530900153022
IXU0926,0.3043172659009558
YBZ8802,0.3083933996312847
KKN8936,0.7700236156566811
VMI2245,0.35773355234937554
SMJ0545,0.3797580653870916
DAS8749,0.4462517219215312
YER8134,0.7171420717218046
UYH0872,0.26059132530938295
ZPD2531,0.7510105472058263
KTL1545,0.5194375323577086
EKQ2049,0.6364233174032811
GJL6540,0.580692961924097
XZV6966,0.7635992205343413
LVM7923,0.4427147461482444
IEB7788,0.7219666914866039
UJV8655,0.7256454335845591
GMZ9526,0.6142189850213974
YBZ1017,0.4838809236495726
ALX8013,0.2879956514007098
GER5584,0.3513698820281514
MWX9044,0.2504725647535953
ERU1857,0.19329936228863212
RVZ4998,0.5795901064901675
UEQ7217,0.4589608789292919
WNU3314,0.36720865259589114
FYP5922,0.4015925041108838
WEW4166,0.7092258103706709
GQL0285,0.48030630477227504
GBA5352,0.1748015958289844
WJL9492,0.3809067158335408
HSM3570,0.6762430325584914
HCT5417,0.49009313870781746
HJH6473,0.6665465082592353
OGM5986,0.391874189833151
GLG4293,0.18123953659316266
VWN3938,0.532373820524113
GXA0045,0.35018312466065915
HYI7006,0.5530226291386745
MKZ6848,0.8919619067178789
KDF2835,0.5060266935286639
JKP5380,0.5051651879442952
OIM8727,0.7174693988275476
VUI2290,0.180268205316584
WDW2129,0.7229009267274954
SAR8093,0.4995277569141158
RAT9039,0.355522905136744
WIK5954,0.2762616913817615
NVL7088,0.5508821271777345
QFF2987,0.6282813380664677
WOQ3211,0.5686910971513556
GWQ2895,0.6285395885670882
XFB2979,0.5787338945350836
JUR2499,0.36618255593040006
FTD3973,0.4785055138177889
GAF1548,0.16966338997738364
CFV3986,0.7099337445939664
CWY7712,0.6364423688485014
AHR9467,0.2890200783714132
MUR0716,0.5894032325251067
PZZ4271,0.5526082281826525
UMW6557,0.5013255648553022
UDL6067,0.6154708700288077
ZHI4043,0.3587221853077027
BKU7239,0.3601517610284234
AWV1442,0.3862610952865079
LTU9152,0.452383732478388
GAA7231,0.13556131932403379
TYZ2295,0.5827043383049096
TFC7836,0.16034903997715116
GRX4717,0.4081298038542642
PHZ3014,0.16712168872804287
SQY7131,0.5069365929984191
SZP8923,0.32690878381498284
SHF8940,0.514557808329801
SIY6976,0.5934996830038727
OUU7553,0.619393417325994
IZY8370,0.2370442178616161
UFP6673,0.6692443909189558
YCD0298,0.721469767335629
GYV4279,0.23944748611237962
UOH6028,0.5119434854195155
URM1669,0.36283784302203154
WOK3312,0.35983576061214556
VKM9785,0.40684503868510885
DEY0553,0.35011510634646964
KOE0267,0.756075607183981
QDY7816,0.5817359926509875
VQI2890,0.4239488266280618
LRX7049,0.40009265863412924
QPV0099,0.41695695046389825
KRV8762,0.3967382533025719
VAC7571,0.5476321499233937
HZB5860,0.34133034680422664
SWN2244,0.5829774286825888
LOO3134,0.21247136892110977
CJC9458,0.828640135232558
RGQ5084,0.4980603473483042
QTL8583,0.3391717415247048
TJF9910,0.37755720404856064
ZTS7674,0.3979363702385358
CIF9346,0.6320453327015159
PLT4718,0.37428091985238676
OGH1176,0.39034976882617517
BBM2431,0.5197207780680837
MMC1438,0.34938404419339303
JLL4117,0.3131544055761228
SYK4331,0.5367933654806978
QSY9890,0.1905174355363564
DJX4643,0.294823599929281
COJ6421,0.5680690970637152
HNO4349,0.7145149102761111
XAC1384,0.7604204082074659
VQZ2493,0.8267710557912208
AOO7588,0.3189176029506296
NPG6848,0.3765756900559883
COW1344,0.4699599849633633
MWE5697,0.5053025479803176
VMY8506,0.3266562363341184
EML3806,0.728596880373887
KOM3157,0.10633602178320496
OLX0382,0.4883182416896666
QAA9380,0.5096537478466746
ANW5580,0.4147034589354158
ESW6215,0.40544495049458956
ASX6995,0.20068367696410974
POP5770,0.371983161760637
BAG5404,0.6820407313475668
LYG2422,0.6562782991004207
VNF0722,0.5202050256821341
JEH6392,0.2526218909098447
UPJ1865,0.3124131928286234
FKS7618,0.6150048902041707
ILV6048,0.28799092259161635
MQI3920,0.46708496298216434
BYF0970,0.5169350496497782
WCO6481,0.3915460479740508
KLW5610,0.6098319808641388
TRL9207,0.3622383340844127
JXJ5162,0.6995696571226702
IQM4120,0.3392082975434367
FTE5233,0.42893842432512086
GUD3977,0.4095763840577295
ZPP0234,0.6224911906302969
EEF1466,0.25560408109203453
VOV8606,0.7090484573396988
HPR5191,0.49420617615383583
LYA8405,0.5467318368547988
WBU8735,0.6154005133785183
TQR2275,0.43357933707422214
JPW5875,0.8164050763377629
TLJ7924,0.5797767738836586
XMY2043,0.19318649782085018
QRO2231,0.46386035374276274
HLF4845,0.48639845859177805
UJU3717,0.5644668136617392
ORB7785,0.1762674865559741
URX8712,0.467700183734499
GFL4830,0.5055314586547268
QRI3011,0.6764937804744875
TWL7361,0.1536348790079624
GSY8311,0.47134647690642495
ZAB8662,0.3975190547206881
INE5446,0.5216451485604532
NAT5345,0.4232301235394682
BUD2177,0.35740669253284924
OGP8515,0.44718953585671295
QPY6663,0.4013342122930581
RLJ9691,0.3019283294633906
UKF6131,0.4046997079874945
IGK5300,0.2173710236310904
BOA2857,0.5422817721200089
OUJ7375,0.5542912162772258
ODW2622,0.6668145007607656
EFV9929,0.831081237663531
UMB6250,0.3527470115102015
ARY2581,0.19183542758705374
FWD1267,0.5199856271890957
QWK4961,0.5481868508404543
RWR6816,0.24174124123376023
DHZ0702,0.639730188184855
CRC5041,0.7575602225874679
XOF2459,0.7082312531651466
WKQ9187,0.30865583229083743
AZV9085,0.3654703097576406
YSZ6492,0.6763378076682238
CNK2218,0.5861735286252046
OBF4098,0.3757415599853452
LMY9061,0.3811274173761321
SPA0324,0.39108821440625735
QMB9576,0.19779148699322557
EPE0986,0.5622409204737078
YPH0413,0.5268508497671619
RWU2048,0.2645584529408473
XXL3715,0.348894047775433
LMY8761,0.7939157070846596
VZX6168,0.17616549016036495
TQC6813,0.25055059669153534
UDQ1869,0.3830321555861106
DNH5723,0.6822555884424306
QXG6300,0.4711132704462953
SKP0307,0.1628991184789189
KYD6619,0.506390919992836
UBI4597,0.48001171014353483
XJZ0694,0.4370009862258138
VCB7873,0.5918023534561484
DVP8229,0.27809743813252885
ENQ7050,0.829854026343042
VSO8083,0.34434573214226744
IVW3734,0.4534714676277184
STS4967,0.5229488949910811
NQY3007,0.45044250470529884
RPA2336,0.25340515798118374
NKE0904,0.4059324341712056
IQI3842,0.36716165013191654
HKA5518,0.5687361622301406
GOS8577,0.3313771441842265
ZQE8717,0.1554635069454402
PVL0488,0.3529363152260787
BNJ8623,0.7784503055198633
GEN3250,0.5036779861828817
LWY0125,0.6945482172391332
PAJ0655,0.24833957609768817
DSJ8355,0.5584683722423985
ZTM3982,0.5286814711849283
GTG0544,0.2683877343868584
YNX2835,0.44467749449411853
TGN2850,0.4161321509821122
BXX5261,0.41052187526091005
HSE2409,0.3623828765192451
DLZ1901,0.4745869613880127
GEJ1320,0.6231803080688215
VWQ6022,0.40220038975188555
YOK7020,0.6583180917954886
CBJ3105,0.4426886445007615
VSY3899,0.5436741969439269
VTA4221,0.5401415576349621
HHB5509,0.6176262119454907
TGZ6086,0.4275355272999037
RMP4380,0.3982491132344156
UPX5708,0.3951104461932351
ENL9282,0.35514383902182883
LZH7750,0.36472856129915876
IBS9693,0.47577487824987447
PKI0279,0.4716239095344437
MNM4404,0.3549487201263945
LHG3702,0.6172842650383515
QXS2664,0.4251195423740836
ZJE8725,0.44843339400103954
OJA7001,0.44995293706264095
ZSQ7961,0.21295839199952799
YVV8348,0.2350006692292083
YEM8450,0.6622534569738214
OWZ3181,0.4286964608161656
VJT5618,0.3460456427519984
IAD0845,0.3152761679457458
KSU8228,0.6356636481921979
AKD2635,0.49381855378261746
DPT3746,0.2660257893317521
HBB8000,0.259753764234722
XKS7078,0.4551507041014404
BSW6379,0.6025465501944162
NMD9061,0.39294896424393977
DQB2981,0.3628894633588878
CFD9987,0.3539422564633431
XYJ7765,0.4039490949204837
CCO6993,0.3270645306464516
LMK8623,0.2746362247428016
MHO6527,0.27456975657793214
MPD1810,0.4837827771454909
BTH9628,0.5342500523837156
WRF4157,0.525296931194572
XXN2403,0.5799910905036827
FFJ6322,0.33110737943993757
WZD2412,0.3112425383502314
OEE0398,0.3213211348716638
GMF4223,0.37825848405033896
EVD1832,0.5679421034505735
EAO6665,0.6541981821077185
ZTE0996,0.3566363540392383
WJI7604,0.37527796174694067
GXB5604,0.2983079670548096
FRS8324,0.4214933102209151
ICR2183,0.7269335470893262
SQI8245,0.25471613056164427
ZEI2787,0.7386108944819135
UHX8290,0.2899798279436405
TTO8119,0.7444647146061321
EWT7697,0.41764273515239025
LKC1392,0.42137405796136546
KZA3127,0.645898115549611
FTW6416,0.6686075127952638
GFW7003,0.7024046402583498
YTT4302,0.4434549124799599
EOE9840,0.26600711328479953
RWM7830,0.4641771920939229
GOB8336,0.23934260778631122
LFV9110,0.17787185533821823
JPW2124,0.38265828432462967
BKF9745,0.3237873854617546
ZRA5115,0.27639581255038703
LFH2159,0.6378926442856024
VMS1291,0.17291685550895844
PMX7872,0.7662164402400897
QXX7294,0.2581193816067703
FBP6560,0.13906921432299782
VEK2855,0.19863918014322082
ZVI3482,0.4724041608499187
WID7204,0.6173953893563814
UXR9283,0.40302789350890167
GCR0520,0.12011600002248811
ECC9768,0.4125568319602036
BPF2428,0.16788407413088244
DEJ5473,0.3264396613639309
XYO6541,0.2936778627623333
NJU1327,0.4398975478372242
WSK2569,0.6490689788117964
MEY6847,0.7019081607199311
OCI5920,0.4295700926405745
BFM7635,0.9209306274421297
XVU0737,0.2616494564978851
ZOS1822,0.41312050795496774
SKD0534,0.3524353977783368
ZBX7132,0.49168563831096757
MMO9244,0.27575629710125577
PRR0310,0.24962702716252091
TJG4761,0.5618855843765266
BBN2496,0.20716278059682458
JIW5388,0.8302215430535077
KSN0005,0.483370001832264
MOK8564,0.44394990037417825
EUB5732,0.4724497460731431
NLQ5109,0.39420917431931507
ZXP4295,0.31113034702431513
PAG8472,0.4021963218252595
LXR1978,0.3021489858466553
BRZ3164,0.40302355150826635
DKT7237,0.39115066022933426
ZCE2914,0.3445231645844534
VHI6516,0.41634834463624665
UTV4967,0.5028013582133949
USJ4246,0.6336311812424231
HWH1249,0.36417568883135115
ITF4864,0.6404733518666953
KNB6126,0.35866882988253407
QYO5313,0.5136342232333886
WIJ2188,0.5961141815640151
ZBJ6751,0.2955557117780727
VST3056,0.21446750860019295
UEA4586,0.40828778761099055
QOT0490,0.2839246689153858
KAG3392,0.7799157689869235
SUX3398,0.15406726893185127
GXR5119,0.7299729820851832
WVZ9101,0.4572809591099296
XQQ6405,0.5666517947101938
ZWH9628,0.35825599996581226
OMZ6112,0.5265398913791064
LYP1066,0.761668687555853
ERN5227,0.687553784860034
DOA5901,0.30736212758116943
IVS2527,0.47787711184157905
LJE2834,0.3770221750655173
OPH7321,0.6546924263505466
OWH9677,0.774327980884515
XGF4872,0.34846609507562437
PKM2654,0.32084082015236165
RVE3128,0.6919796825532272
HCZ1235,0.7120659219588953
QUZ4412,0.4789685478804283
AGT2111,0.30280870510579555
PSF8463,0.24542077532911993
KBU3273,0.7340172733832057
XZD4636,0.664404473590597
DOO2539,0.5205187870283096
HFY8294,0.138105525447596
EFC4627,0.742896263759952
MSV3690,0.21984856301636552
TIR2213,0.49914496450372436
OHJ3283,0.5347171696426679
TVM6927,0.7808888151632525
TCQ4437,0.4916461317795526
TWF0211,0.34780282954975045
SCV6838,0.2438522148030886
DMN4994,0.5046107411411078
INI8518,0.4962665404944865
SDY1000,0.599952895515948
JXM4061,0.46182760645938264
PMA6094,0.34914727954469205
WTH9861,0.6953087146018367
XXB6736,0.43857365519285263
IJU7206,0.6380235769316357
RJZ7847,0.4151681872991662
BJK4564,0.2604508234255171
NDX0091,0.3094488585256573
NFD6321,0.1839450786498513
TEN1858,0.1794296623185588
ITC4358,0.35843951898573284
FGY4048,0.29563886951466933
CPQ0026,0.44579090080084177
PZA3978,0.432738684328915
JOR3671,0.3674668314147818
PKI3568,0.357466317986237
TBJ6999,0.6563673621102035
ZVM0946,0.29988282747625367
OQT3041,0.8095133583536163
DJB0799,0.5018514919346887
HBV5727,0.6600736744905935
APF9285,0.39208343157807596
UXG0628,0.5459100816440285
COL6410,0.6174067394596919
QPZ9639,0.4973137379487142
UON2161,0.3222431984959792
IUA6276,0.4517370223601966
SLE2186,0.3903338503661811
TLT4666,0.3847475661098282
SCO7140,0.588468396780117
BID4149,0.5248270678544472
BYF4218,0.28963640103503646
MNR0110,0.5431213794836853
ULV2517,0.5596061653036194
PAR5191,0.4962519121225667
YFP3399,0.5052175727234665
WUZ3632,0.3232361922835008
QDA3476,0.44656555077380133
OGF7039,0.7672477434462035
GPS1812,0.6770147335513403
ZAJ2495,0.6606163808641874
CJP5768,0.6268612415408221
GYY4735,0.5847469219659965
WHD6815,0.24266015468861385
RAM3944,0.25596939587484907
AHF2562,0.42012311499198757
PHX3766,0.3104416071390757
IMO2872,0.2837111435846453
CNP5354,0.28639000888028093
CTN6782,0.3413258296725032
PTO4108,0.3687092278886675
KTY2623,0.3393714836186231
UDY4764,0.7250139689214048
DZF4635,0.41870886833902554
BCW2803,0.5210432729525994
RFG2472,0.6320751374849954
EAF3848,0.24709754285797025
CZM2079,0.2682756031087762
ZKL4083,0.5942089731232004
MIK0805,0.3097991094496662
UZI2506,0.8355917935602143
XAM1154,0.5636311765823743
PVI6541,0.8534439814245712
VZG6189,0.8385237362463801
BRF5316,0.6030366464051774
LHF0941,0.6277989744834194
GTE5510,0.39285538230035394
GYX6928,0.32444082045504885
QCY9581,0.2997960323600835
JDV1123,0.3097953532792514
PXK5315,0.2602764286367821
NKW7035,0.5000743470540531
VQX9879,0.3956633077404353
VAD2981,0.7229328565763706
LHV7423,0.6115816366421678
DRJ3471,0.4196700618873102
NAD7807,0.4733671697697151
JWY7649,0.42690020370248166
THO7074,0.3839178517322603
HXZ2367,0.6123053716219823
ZSW8883,0.46174089262566664
TQL1788,0.5113433118262395
MHA3207,0.6715795794503333
ESX7797,0.17905486809402432
AZN4578,0.27041518374467616
BVH2792,0.35097595945537385
EOL8504,0.5830497763377088
DLL3527,0.52368448502814
FRU5617,0.4395894416115965
DOA2423,0.36772156417707735
LWW8841,0.4110500877272603
BGJ1341,0.43811936056139
UWA7636,0.5472432071780639
FNS6374,0.14306303694155012
ZKU9184,0.4747461404421584
MYM9229,0.7585692629902
CNL4026,0.4554788430501381
BGN9072,0.6301720516144969
UNQ1367,0.2145844957473861
XOQ9765,0.47739111017971186
FTD2271,0.46427651166761885
UUM5139,0.5450272641441901
EIS3052,0.5473161217219775
JKF8552,0.46195840279965417
KRN7329,0.33251032754523896
OUO2432,0.48912242066325
QBK4624,0.6026871278206032
FGN0012,0.5675338831736746
GAI2781,0.5859916696424013
KLU5273,0.20033439164907269
YOL0313,0.7293534131254739
USN6075,0.4514238060438183
SGK7112,0.6483616778299621
YUE5724,0.4131204280891443
UAW7134,0.4176657668931735
RHQ8345,0.5184069430160685
RQF2533,0.46123607514010195
ZBT6866,0.5730374747389545
KYG8599,0.3158128786326709
UPQ9522,0.28541789048480515
UCU4704,0.45756438393328497
XAD0851,0.14830804635705808
XPT9850,0.6202837738097536
OLV0463,0.5754328508254899
CUI5604,0.27093494788251704
WQU7921,0.2341545034116111
RLI5225,0.435931140496721
EED2034,0.256711320698002
AKL8171,0.32115951712574525
WEE6596,0.4833363494362469
PTJ7041,0.7005763808885439
GDT0244,0.6180110541650036
RSQ4934,0.14211982268757423
VRX9705,0.5338521662815222
GPE3631,0.23610057307790105
JOW9926,0.8522932513697571
VIK1863,0.644589416454925
NVL6534,0.563406808986658
QHG8919,0.16710396498929797
WCP7148,0.4745738816335966
TLY9214,0.3462910970389982
DJK3149,0.5883153754773512
FEZ0727,0.5102124278461054
YOM9469,0.5486133920215004
UBK5070,0.5017877418990201
AAS0547,0.4764664939100664
VWD1732,0.4171247158085781
HIY9904,0.49138183014436265
BVQ7153,0.5992187526369946
LGY8368,0.6642234713370925
BMA3899,0.44018550336082474
VVX4694,0.2031605770734314
IMK2918,0.5811074062805243
YUZ6270,0.43159083877990023
ZYM9424,0.3708162374435113
XRJ2315,0.6749560083010626
IDD7799,0.2834892921854322
FRN8579,0.3482293344533626
JHU6135,0.5168399433010474
VDS1337,0.6024164605441129
PER4129,0.36621254210117776
RUC7755,0.5492014918769307
NZN0284,0.7168221180051896
UKP7195,0.7564940424949286
SEJ4725,0.41334080712272037
FTP5392,0.6569155274086321
BOQ7717,0.6721931737781072
JNM9386,0.770044308375163
UAJ7272,0.12251566288668254
PRI5009,0.45775924869023205
SHM1712,0.31845543202965837
SWO6965,0.5829140534238116
KFB9546,0.45520396079815933
QQB4653,0.5128207368173384
PHA0404,0.16601869275442854
SSR4486,0.33910949692564435
UKI2868,0.3128305676761743
AXB2199,0.4394000071957848
UOS7094,0.6765205160221595
LYF6455,0.4180139679350395
LOS3155,0.48516348659336506
AXQ3876,0.5840356888731113
GWM1097,0.7278223301421127
ZEH8158,0.8485475945051889
OBD8591,0.7124248445651774
MLR5938,0.3717336627332505
OCJ0092,0.5841606252685235
OVH4365,0.7551774868949727
CYN9635,0.539953433589352
BMN5555,0.277625968159726
WZC6296,0.4739743691505351
DBQ3455,0.3347686053183335
OHA5515,0.414953127897172
EHX4627,0.689880101689776
LGJ9688,0.37492975499578973
NJN8094,0.4720773316344098
HRH3000,0.48260099924888716
THR1355,0.36285182524060394
LCC4833,0.39373514614335603
KZZ3219,0.7573997315306562
SYH8984,0.3724566860514707
NER9898,0.12399312059574874
CJD4837,0.29573327403110655
NKV5527,0.6054801061892565
LKS5211,0.1486566867313457
IAF6833,0.40696186141811574
EEU4202,0.2548478918573847
XGW9909,0.608450252822329
UPK2830,0.11099276186826937
LII6921,0.381033114593107
BDH0866,0.3578230805885676
IIB5822,0.378110503070132
ACM2835,0.8345256349595446
FGH1485,0.3841261545144089
HKZ7723,0.48366969368570917
UMU6066,0.6464244131170878
HXY8339,0.6133634608516759
XLD6579,0.3442562846757294
DHQ3602,0.4505055066959941
HBU7419,0.22352680536988548
HHJ7156,0.4834559512284475
LBN2287,0.3706421702254158
QTG3237,0.43355338007974226
FXH4110,0.5177020523405734
WJG4417,0.4053361084605032
RIJ0802,0.34024207699320225
YDQ3107,0.46609538738296336
UBK4003,0.5447064034567916
HVJ6067,0.3869585493100174
LUA3795,0.11473360561587419
NUI3132,0.3114731848092682
AJM7387,0.6700140316636286
AZG6236,0.315564402902823
BSI2619,0.6258759893500537
DHM1013,0.4641979782657289
XKD9271,0.19241515935618572
NMU4177,0.43537321714039817
CWJ2732,0.5590630892643019
BTH7777,0.3476277879709398
IIN3898,0.6383674696416346
YZK9083,0.3250325215643283
SDC0837,0.5889582031218836
FWI2945,0.2647543660375359
OMD5376,0.1380613706843567
REO1188,0.3408447994396759
FRM7796,0.6503201202022882
JWH4432,0.39247826857432905
GRQ8737,0.3807496832666236
LVV2133,0.22180340020515826
QQB8724,0.2400914662256924
YUT9546,0.4132690592766259
WXC6361,0.42621867074768766
BHY1451,0.2751335655438658
ZII1542,0.4490378616544825
DOO9843,0.8908948998102827
RZK1351,0.27883567019114214
YYM1312,0.4195524008392867
MMK7965,0.707864399370903
TTU6295,0.7388455179040038
DAH6958,0.43719815648622046
PCO8490,0.828065619111422
DJP3433,0.4343259957567403
OAA6548,0.26515458565051425
SFP2263,0.509799320219546
CJT7713,0.31442087855243983
BJB0699,0.4936083931326771
PJF0726,0.2077886892334953
HPA0283,0.4594610597906804
ZJS3044,0.6245948887548816
OPN6394,0.2491436086337191
UYM2119,0.2223351034876995
ORI6815,0.4420660053776827
PND7208,0.4635293651529101
HHH5760,0.42105251369311
LIQ5670,0.5407376833419378
QUB2406,0.4726570649075433
MIY0143,0.3355238237242894
MCG8811,0.6056296639085075
MHW2096,0.4876600093033127
LQK0997,0.5188284542899546
OBR4658,0.4779176444215424
QZJ3393,0.6211919833698106
RTY0569,0.14898585313191762
YOB4544,0.3968026569503575
QAL2426,0.5633416747196162
PDU5166,0.47149493170247536
KUU2207,0.3350571302121045
NJX5033,0.6991392646478457
OXK7667,0.438698443061068
KLI4744,0.23420576700127008
FES2855,0.5324827325986647
ZAB8325,0.8509196082686389
CQC9277,0.3835301078749135
MBF7782,0.4189814629675657
SZZ6788,0.6159968348880068
SDR4540,0.37858090551358053
DIL7710,0.6631533127967139
TKN4878,0.6912612758069016
XGD1675,0.7661133758559239
QEL3927,0.2015060012322182
RTY6219,0.5561016809368263
WWJ6659,0.2140063226119664
ASU8300,0.25999347057421324
XYB1679,0.10139156428314863
RBU0914,0.3872272459790617
UQV8798,0.38596698979209876
JLP9320,0.39715807953885607
QWQ7004,0.4329441034140261
JSD5400,0.3235983749530744
WON5434,0.3135322343898392
YMT2795,0.3915200914689822
LIB2206,0.6278440100258792
BCP8558,0.7300112321802169
SXM4193,0.4008311374026991
XNJ3271,0.21461852263466344
WXC1747,0.3744022850186714
SKX5603,0.4887160570471193
AAJ5590,0.3556571779054984
JPT4045,0.4602147648308579
TCX6417,0.33627304996442386
NND5256,0.5072699952549921
AWM4830,0.42353375819977074
CCO2782,0.6575623423776776
XYB3729,0.30599636218400195
PXP3498,0.45949333396389364
XGG7955,0.7211699005934016
LYJ5084,0.3961705511368259
ZJO9311,0.24328476385855416
DHK9700,0.2906158343364148
XVI2143,0.6882818582869835
WBP7682,0.37285886904499366
UVG9357,0.649843154460874
FRD1898,0.32564033290281164
VQN9954,0.22206757690204018
UDU8569,0.7126659987853259
GIS5379,0.44681068564059834
AQL5845,0.7287898903721652
JDA9258,0.47762643951067346
BIL6692,0.7748166123622132
WTD8139,0.3864306092885968
NNS8064,0.27077080912375784
IQT2995,0.4280784482847789
RWW1032,0.5968791362962574
KYU9106,0.5284514595788247
PJL5141,0.39408673895030333
MRF9734,0.503433485628917
TSZ1464,0.5714185522022998
VOD0368,0.552836904564367
ZJO4648,0.504361130735602
KUF9356,0.3196883452396534
SHA2863,0.5254725514104018
ARZ0060,0.30715482481454537
UPP9315,0.5161572501481162
JPH0891,0.25920151179550904
WJC6264,0.5020894705902607
XHB8908,0.3237185936033991
FGS1465,0.5502678320507775
TNN7189,0.2783122103736571
GBV1525,0.48816892087296554
UNM3035,0.4972836883920512
OTH4354,0.4525189556454404
MWK9161,0.5674613153418943
XBJ1523,0.5923155613893946
OTQ1307,0.7421626759298826
QUI8859,0.6976381953648068
FXA1974,0.34748041080200903
HQZ4083,0.283419585084033
JRX8081,0.47795147843084884
SMA9339,0.44682629597913903
ZRV1847,0.5297334569852595
GSY8940,0.420864534615823
HDH6951,0.3520433357253539
OZX5767,0.7039076210060008
BKN2732,0.5496752364771104
MON4409,0.5379143583659581
VEH2084,0.5513922855863156
OXR2175,0.371132751020898
QIT2040,0.4839261104910623
NDZ7253,0.5831652260430967
DGN1477,0.3935723216943889
XKG5616,0.350808254115018
GFT3859,0.556727976629201
ZEG3074,0.36291701630074813
ERC8823,0.4037160189665374
ANN1757,0.7913825447691794
HVT1416,0.52157845434221
FNA5079,0.3636923293510836
YTT3689,0.14317045957608418
ZRB4114,0.7467133908238647
LKC5167,0.71500383548563
QKO7079,0.486608754830868
NXS4393,0.34163283049833065
LET0397,0.5031945334611545
XVM6189,0.4761501133767206
MDW7993,0.3774480476767478
YFY9264,0.4417340361939112
MFA0286,0.3187162495572566
TRX1943,0.4131260453156305
AVG8200,0.4318270151227911
ZFJ3116,0.6469634787534775
DKB8692,0.653162983967345
JEE2838,0.1844115113716925
EED4838,0.23903283321393334
BPP1288,0.31200461564613935
DOW2822,0.7006460826460607
NQI7015,0.7192158687603146
ARJ1652,0.5245170818469346
MKV9833,0.657736197220513
BAG5364,0.5374254458117913
QLK0972,0.3377316658559594
QBM3534,0.37717436264097476
XXO5042,0.3114542953729423
BWD4481,0.5635325183249481
DUE1526,0.393619331540437
CNP6504,0.3449167784085753
UDL7915,0.45913887409331217
CTQ7672,0.5541633055751303
EQY5043,0.2711387382318472
RLZ1107,0.21898608765982083
DXK7889,0.7415465618184676
HOS6888,0.2795070772154015
WFP2253,0.49811949956660184
ABK1979,0.2015879969057964
NSB9683,0.3555130486628607
GQZ2156,0.37508038406569116
TNP6583,0.603047384596875
UNX8157,0.49912134153821447
OPH9058,0.7395669917012775
ARA1083,0.7372417123503024
CPR3859,0.3283957409378423
DIT8983,0.5933464601560369
JXX4274,0.37355382339721616
DGQ2285,0.7335566162434034
TEO4197,0.3559723029262765
VLS2232,0.4797120327039906
VSL3471,0.4850799300648348
VKV3009,0.4560741994359145
VQG9824,0.43239526291357694
UDZ0523,0.5322267390564611
RTZ3365,0.225306714783547
DUM4265,0.4534474391252861
OCW4594,0.502560326211206
PNY3340,0.6539211824864282
TKO2407,0.4850754464204612
RBK7640,0.354481967215224
VWO0656,0.3012036328702345
PVH8216,0.4043736604018592
PFV6207,0.6736699554221978
ARD6927,0.7347399168870338
BXX3179,0.1945251192802143
EJA6722,0.35386621153293824
RKB7690,0.48790614351362566
GSU7345,0.6573995132098057
MTF6536,0.39084636855421934
EEK1731,0.2948242109573006
XKE2034,0.5795355817053884
XFZ4451,0.5533014493009099
DNV7450,0.1757721511668303
DBM7804,0.44158352398534395
OSN2115,0.41643274040501427
DIE2462,0.6235272168998388
NCR1938,0.5704274235106057
SLI3385,0.43512802986841503
IMV6618,0.6530878631284601
MWI9236,0.27539873957306343
CPZ7415,0.543532634395331
GVA3046,0.4161215359286941
VCF7450,0.3175290128974511
RWR5955,0.7504907685561235
UNR6482,0.4800984375224579
ZSW6504,0.4936122620755479
WHF7797,0.28076832016002856
JRZ1587,0.34119871615363667
WKN1856,0.6663192705873524
OKO5198,0.5725998782453852
ZOF6714,0.5757425955309741
HOV1633,0.3632559436451203
HHL8001,0.2263578606964322
KSC5408,0.48892893233535833
RVG8305,0.703530876200513
PXV8041,0.47261097180371625
JCG5205,0.20693398899873072
EWG3114,0.35670612417158454
AWF8804,0.49193101171446135
MRI9171,0.24450766495167991
BES4026,0.45338683101948357
PWB2790,0.23624793835845265
MKZ4027,0.6871170248881493
YRJ8304,0.3185371393319548
BJE4168,0.37319550635384674
WJI4276,0.33437009344157337
SMG2272,0.4474784119107945
SBB1777,0.5402342150768221
PQK3153,0.519480017157304
EDF5544,0.6131072923385792
NWV3159,0.45028033797144346
OPH4418,0.5196528496875676
UVX1686,0.40408047903697575
LTL4424,0.4480244444894098
HTP9675,0.14138511733070638
JHE5718,0.5327088975266818
QWF4463,0.3566457470752735
UFC9328,0.41037658298617
QWG8477,0.7062633655656427
FLU7651,0.42289524097880477
HML6971,0.4106681659633055
JCO8536,0.3269489687160046
VJR7001,0.6787311197580618
HKE7026,0.3465527325920971
NAZ5847,0.3998104674178551
DLH1235,0.43498464566333667
VWC1889,0.4464649911345558
LQG2414,0.33550486004292923
BTP3447,0.45000806086154593
NIH2856,0.6230849811932451
OFF1083,0.4451397881097186
ZQA8799,0.7298870184546642
IJK6751,0.32126758470760214
BOB6176,0.44272775032895495
XFP3339,0.4377359043715493
TAS3348,0.30430337915671196
BHN6210,0.5434510162125584
GNW5149,0.5781554602260478
VVH8291,0.5949256847732408
HVW6558,0.47670672936665787
LHP6615,0.3433203405810993
RNJ4226,0.5247488758653225
IZN2011,0.23408705753664888
SLM7035,0.2975511738050748
XQJ1139,0.5028202092100318
AMJ0335,0.6707510115462003
SIB3087,0.6093501122306743
NLJ4328,0.31080797275640065
LUL8746,0.4299440016127772
XTZ0050,0.5326271215923912
JVQ0976,0.31441623904913013
ELW9308,0.39939144098357476
QYH1973,0.39607519099517846
AAL6035,0.4900455549924833
EQI6267,0.4402645545728085
ZNO8211,0.32753104682443446
DJG8036,0.5011711880702611
LMG4322,0.45638052299648263
ZRB5371,0.40034559862816127
WPV2188,0.73845469935968
PAP5839,0.5032565894100139
VXA5180,0.31779568612539083
GYS4742,0.33611395136197036
UTG8994,0.4161583983652966
WZJ4218,0.4083827754949582
MVR2420,0.2592776877267931
MRB5680,0.527269313649345
WNO2118,0.536618382666112
NGV3962,0.2417667952356939
HTR2914,0.5823811552683662
PKM7354,0.3637566721096114
UAL0916,0.46272989183768
TQM0482,0.4413858197306726
ZIB0347,0.40770769095114606
UYN6870,0.5842643739043893
GRT4611,0.6385138956500259
XFY3621,0.7499670030557516
VFC2623,0.5311617161484642
WZF6184,0.6478919149626369
OOJ4678,0.4704038409869379
RJP5764,0.40391089753122067
AHZ8000,0.7214393887874041
HDE0780,0.20351949923870244
JLW1736,0.5349822749334062
AWU2812,0.6169046151251327
AGX4063,0.4060394502654927
XCL3451,0.5264259195922374
OVB6800,0.3386495647597624
IXQ8744,0.4059335757970192
EZP3118,0.41522601017404764
QWN0794,0.8030214905328685
VEV4096,0.48490034863961196
VEU1076,0.5560026314335745
YDV5701,0.5958414313761835
PMJ7354,0.42141391620024116
LSK0936,0.5461040416491426
OWL8934,0.5015050147579655
SDV7836,0.610792556692102
QIL6179,0.25482456857803687
HSX4903,0.5644448919689857
XOU4343,0.39072201447769145
KFI1941,0.5847647618918236
QJE0535,0.513850280185554
SLE6915,0.2339485235616012
SCO9217,0.3540367937009171
MVT7781,0.55678495212811
TMG7575,0.8106547878860368
IHQ8441,0.48779240316917233
HXB2178,0.3500044113763568
QGW3324,0.7966057281412139
ZRV6802,0.4709275278849944
UQN6219,0.48498594674298456
KSO7707,0.3273302145082731
LMG8449,0.25475231473799326
SSY7236,0.4800173279029078
AXI9652,0.43350364439119016
JWO8793,0.21234468887621372
UUB0607,0.5148169783844477
ECD6444,0.4222646573513238
BBJ5618,0.407448601660143
MHX3291,0.4216948708099769
PZG8347,0.49913640474952864
UKO0197,0.4736549488716707
DYK7152,0.34409816558992035
DWL1376,0.49086086427440884
OMX1967,0.4621835945682129
AIV8783,0.47513274549040174
CRE5923,0.46193475817922885
HIC4011,0.4443153982147234
HOV6112,0.5000902145304804
KBF3850,0.4100287431773566
VUI9301,0.5260268640850897
XWS7934,0.4947696958217863
BEE5677,0.3588572516353924
JSY3976,0.6663735718152085
BMY1563,0.6794233371220505
HXQ4485,0.7405988425241707
TIS5890,0.46981647153626976
FKX3159,0.45000018633956024
YMK9880,0.5077097142479552
VCD5495,0.4972561932002921
FOO0472,0.6006356123875981
QZU8396,0.4873066862216681
HTC6808,0.20784955570106753
BYL2752,0.3105384899037916
ZAM8218,0.563309049033996
IXN9654,0.5196251781512445
TTL5403,0.33789500710901405
QYE5349,0.6472345395994331
EIC7153,0.599845967592368
XTA6550,0.5899801233770131
LJX4501,0.2225791251014499
SQP2640,0.4999551912563976
IZO4596,0.42962562418023925
FWI3799,0.6429767845218234
AZU7246,0.5455508662775517
ECB5710,0.6962598658609608
BQD5122,0.6581894115958679
UYU9430,0.3186025894922945
PCK7063,0.34135000516681496
IEN2498,0.4880528692584099
TNY8680,0.695724405277632
UCK0106,0.4987350857291001
AOB4977,0.477499032542366
PPE2382,0.5554728554081206
FYU2252,0.39480052799715637
SIU7145,0.5194364708464324
HVR5096,0.2925301621267161
OGB0163,0.676314719739378
JRS7729,0.1832490427939653
IGR8562,0.3187537617325499
JEX0834,0.3676030994632571
TFN6722,0.6589300837468018
XKG8280,0.3324299796110248
FOP8068,0.4845321075078036
AYU1495,0.5107531304169923
VQP3744,0.3586225976219947
NOC9056,0.3613455867007481
DTA0824,0.3958388596243938
NPD9854,0.4595700338805089
FXK6082,0.2928697865792885
EIN7977,0.15221264976395574
FTW6027,0.716185540144717
KBR3556,0.4469684325691143
EHC3947,0.2444092162656236
LQQ2433,0.3768258843084366
IDG2104,0.549793895686752
UZF5415,0.41123789371969716
MBP8060,0.5632081790768975
BEV2395,0.2867397567581798
VSU6747,0.24183167950289874
BCL2284,0.29648357297816397
RAZ1360,0.4019005163078628
EWY1556,0.8232241143721221
NNE0522,0.5933821053865724
XQM5627,0.19181352342834065
AOX3558,0.6953181871673425
WUN9170,0.8501763804945285
XZJ3149,0.20048600228062005
OKL4921,0.6403775445954049
IZO0258,0.3241539284036941
WRF2650,0.6560703164496571
YZR0011,0.37195192807600047
RJO4245,0.7313114130873059
CRM2675,0.44141481601154847
DKL7615,0.4974335344875423
SQG4906,0.5500693951712313
IXO4087,0.2759944828036911
NBW4124,0.5738450406563922
SJN3966,0.3710257279355916
KKR4361,0.3731190905008078
HEK3882,0.44952455125979013
QOY8848,0.3144576718245215
ZQV3715,0.1463297058920785
UXJ9385,0.5028570272640887
VVE5601,0.5170871257155555
NHI7594,0.5416520288781765
WQW8250,0.5373074227699112
KID1021,0.3545932136298079
MVW5606,0.2815851968523269
VDJ9872,0.5967873707669457
TUJ6907,0.3530251605101412
KVD7026,0.351612838674848
GPM3013,0.34581493855740986
YPX1846,0.26026213455014846
DHB3654,0.813334355469974
XXS9902,0.2666485537951367
IOY7072,0.2745770439884418
DLS5038,0.7420092142520841
NLD9930,0.2247879235016068
APM7094,0.6649278444613682
UFW9487,0.5518464035875067
LTY5277,0.599251752081658
BNR2104,0.5458132205841727
GXQ8493,0.4060199788385404
TXJ5088,0.7627426288908862
HRQ6010,0.6715709682109138
YWN0709,0.4471114937215527
ZXE9454,0.6047400830924058
OXB8970,0.5298665401187101
TZV1176,0.32481815257497154
BTP3681,0.4694364355024434
ICO3585,0.5389584903900316
RDF9417,0.6988069305452003
VHF0605,0.24472327470770303
IAG9096,0.5056136482207709
RQF5460,0.5960970930032133
FER2233,0.39784297511500644
DDX8572,0.18813406547011993
SXI1042,0.3027181637862375
KTM2552,0.24507145242212344
LXB4245,0.48101324112942695
QYH8445,0.6936765561256694
FPH7362,0.4538309715543254
WMO6968,0.3592425359508236
YVY9123,0.6992897808943518
PWI7008,0.26772282129989994
EWE8647,0.5388936626337614
UGH5821,0.5060633517474223
CCC6358,0.44109888254498625
NJM4224,0.3436077485721329
JLN8569,0.5078155101649978
SBS8635,0.3163842947553762
TCK0667,0.34086611141715745
TTJ8073,0.2503559155899094
FYM4884,0.34245592410284964
BAH6808,0.20822341132820968
SMS1066,0.6523172007695569
BZV7110,0.37918024133326966
QUC3244,0.25658269934326694
NCH5512,0.54200089785832
MWJ2009,0.3073657258407558
LMJ6900,0.5460185009893609
NRJ7601,0.6667160995088752
XHN7398,0.4575539571793693
VVK7366,0.3966316783316211
OOJ7340,0.37377785691019894
ODG4805,0.32366809206221026
TEH7221,0.5381299508223315
RVA6521,0.5230629900615203
LDO5407,0.55466771783158
USN1312,0.4136780168165136
JPE7604,0.3284986197146826
CWI1855,0.3824966622457845
RUG6092,0.4145876485833709
YBW0147,0.6192696632563263
FOL7863,0.35787369540056285
YFD5576,0.2500972800947024
UMH1775,0.2923771641976222
ILG2801,0.6172403342618489
IYC4401,0.5740194451201411
DGU6130,0.23896732295027442
GXN6308,0.09033383081968084
VVJ6567,0.43355955003074936
QGT3401,0.6895400848124716
EHV5543,0.5837882649344055
XPH1693,0.576774908108413
XVI6143,0.2197941311825386
MVT5363,0.4706911121795227
BJP4782,0.3474442020789468
VEI6692,0.5300163502872676
LSH8066,0.2546826032807155
OES5230,0.2190087437701716
GUS7697,0.48537964597917366
GIZ4545,0.266717644533288
YSJ9267,0.6351236653807549
LQM2884,0.3928310726504774
VXK8098,0.5078605142725717
LHQ6161,0.2768979538920274
NIB7023,0.7301593789884043
YGT5746,0.3532720301119741
OAN1929,0.7346806323053864
RSD3480,0.2054419941611298
GFU7927,0.3253000067838303
QPX8297,0.31144547313495546
MDE2942,0.5014988714106997
EMC6814,0.5067886763169169
RHB7538,0.5887591329715687
QVA1519,0.7017888015467805
IYH6561,0.36356019735310113
XBT4342,0.4364759332850889
WVS5347,0.49177029907479597
RYC9887,0.3595273764815089
OWG0725,0.4698080991307187
PDQ7527,0.5818395293448061
AAA8650,0.4629905392426871
MPS1872,0.7319342094231581
XPC3180,0.5545419452708936
ERE3203,0.434967152755198
JNS2424,0.7833800906266385
QIP5472,0.3634015335627593
KRI1406,0.4351452781581827
LCG0245,0.1678583906565047
UGQ3179,0.2541966173267667
QTL9465,0.5931121632881807
WXX7131,0.33143708496927193
UBL8285,0.3948919490623211
CFN7090,0.3922945371531287
TPW2557,0.13125761968671568
FNI8664,0.22029050099550962
PIO9382,0.49739935182361267
CCZ6527,0.6535404503636367
QOK1729,0.5660259086004615
DKE8863,0.4694250031150781
CRV0203,0.7385378221115977
ZNN4201,0.4265003887143557
CDV7774,0.5042344914376106
EMG5794,0.2884664517862069
WNJ0629,0.7973497889558383
GGP7119,0.4854140584589354
PAH1172,0.4855838014821314
PJG5643,0.4998161694789136
IAM1828,0.26989864610623077
DIK3154,0.46230066547914067
CTT5887,0.6238222550099038
PLX1043,0.3546393896250701
SIJ6453,0.50627929993412
UGI7847,0.46970563583680763
KGO6514,0.43728180534400535
ARC6739,0.291849442824177
YAW0653,0.40830364843265043
YQM6980,0.44995008586119695
HFE2279,0.7923724698775299
VZF6216,0.38142180851954205
ZCH6489,0.4591254893216478
TVP7259,0.2766370583097672
GAV1656,0.5590220090661169
WPT0894,0.7266078217879091
YWS0422,0.6351769721976673
XUK7427,0.3674005559012917
HLU2704,0.2106358003937378
YFZ6065,0.45772043800402423
YPM4038,0.43020320441202947
XLE1332,0.2991983256453546
WWQ9108,0.21967922521680538
OBA3645,0.9136700322311889
GUE8114,0.6465589810854812
LDI5459,0.5903801493492148
SIJ7030,0.41071182483730445
SGF2166,0.48279799318829986
IUS8573,0.5488520573847396
OAV3919,0.4225482973738134
NSC7363,0.577990301497336
BPV9497,0.38115174041865313
ILU0718,0.5340509483091526
QDB3206,0.4368460130977066
ELT3255,0.3012310407260371
XKQ2938,0.32546293837034984
AQA0422,0.6446619570195319
PLP7326,0.23200651828925276
PLY6486,0.33992699383452923
TXV3058,0.46250238945287847
HZU6833,0.8792959915765625
OYN1376,0.28669959943832507
RKZ2520,0.541947838056206
VJK1168,0.5817003887293709
ZBV7530,0.5941821044169056
LWZ3926,0.7022042005484664
OZK7168,0.17116492984580844
DIC4454,0.5378118312886625
AQE1099,0.3401973839058671
FVI6751,0.6383893324701571
JHS9927,0.6257155428663504
DBB3746,0.5569689025479508
CWX6774,0.6037442239687548
JXD3194,0.5795599068577343
EWS5489,0.6290248066646741
YOO0895,0.14313871999968455
QMM3659,0.3720553860207025
OKZ7721,0.5328337387819417
MZB2572,0.5486880758886551
JWR7273,0.44170412097414496
JVR1502,0.24832836214291726
BII5034,0.14403058921711268
YST1582,0.5085009874810212
FRZ2719,0.5542972057122475
LJL4583,0.28675295725597383
IVK1262,0.21827928861934784
AGO2014,0.24571093722783255
VOY4391,0.4823508841341844
DIA7288,0.7862489410357902
KTJ8937,0.5597393136343048
GHZ6620,0.32833876815257795
EIQ5825,0.2639071085794792
DMT3024,0.4409761736559309
NSA3551,0.25958133238531805
HGA5858,0.39449877541203227
SYY9291,0.318890437514406
ELM2280,0.8914390719715198
OVQ2692,0.30334175333426755
PRA5342,0.79696289815211
FEX1797,0.5989269067451973
UNW1268,0.7776200216709388
UNF3809,0.4724449916765113
AGW7178,0.37189201336387256
ZRE1357,0.4588630401059747
IMT4399,0.33545797474829575
MWK5375,0.3783024177775956
QVR4912,0.6779192094588243
CYK6709,0.4652105003742243
LJJ2126,0.6405455855802992
RUA9027,0.4724196606297998
ACA1080,0.5694328183758456
ZPH3170,0.5252189841050902
IDM4207,0.6358671642829208
ZTP7739,0.15309524222662255
YDV5815,0.8104570434075153
BQO0017,0.6664823755225713
XUA9984,0.6721758253451494
INW7958,0.6193319820848245
KFQ2870,0.41455108602370805
KOY1613,0.36754000139725534
YCT7342,0.6484793077500021
QQA9782,0.41936274947514757
BAO5422,0.5420134749413824
KAS6278,0.456209665942057
XNS2468,0.3613418996690529
VIU6714,0.5010269585957196
SMA2660,0.5628162865987444
CEZ5920,0.10586215791790507
JJX6153,0.5375509929454769
ZCT4811,0.6302781403301018
ISM2735,0.4117272803798002
KMP9746,0.41943041864735736
LLQ4055,0.40484532037827065
RRF8912,0.6170624769895329
QBW7406,0.29108580101325143
OJS1596,0.8086114747646553
RHO4507,0.5297341788706376
LKP7516,0.23913622513596142
XZH6228,0.6545029633062281
NAA2800,0.5063557990758432
BGZ5066,0.5104530533600753
CMI7750,0.5532920297449174
UWS1232,0.825549729598694
UCU1562,0.3856310975549119
CXZ1451,0.7199181907805724
XZI0704,0.5744888278455876
DQZ9741,0.7357474312907579
HHO4419,0.5420533566274456
RZA0154,0.3553756611075975
XCM7012,0.5438434376507878
SYQ5872,0.567603962159373
WGT9197,0.6635170075549747
ZPP2318,0.6759332206157411
YNY5682,0.5597111063181454
DTI5849,0.4030278504534706
MRL8735,0.5229393735214398
NZT5187,0.4461448439075872
HBD0405,0.42462525475808616
FQS4223,0.22294778793898318
OMN1338,0.4942368961420406
TNK1463,0.3711625300968419
WJW5789,0.4201389563423107
FIM7054,0.59037742276512
FBZ6525,0.41721215634408365
ZFM8609,0.48038880833551956
DVS8106,0.5230032541955819
WQG8515,0.4891662033822731
XMX7499,0.4796006050544441
YEM3557,0.22312834197595421
VAN8479,0.42579656112852354
EEX1705,0.18776495396689746
MLP6187,0.49664644790164514
ZZT9034,0.3643250557077911
PYC1906,0.356260539882309
XKX0417,0.4154622988076135
IKQ1892,0.8724446871765235
JPS7984,0.4642441296689887
YJP4939,0.5393093305653816
QLY7451,0.2995522348173992
CAQ1761,0.29079063632089086
RHS3194,0.3150446452637989
URH2223,0.5437816325290179
EBV5526,0.3846809985002549
VPE7690,0.09061623732425925
MQX2555,0.5072156471787708
LGF8647,0.3693255248795732
ZZE1862,0.45180397215117724
TEL1237,0.3548097811382989
IHX5741,0.5173238595800219
QHN6664,0.47867533139214735
WIH9047,0.732324514212347
SPR8036,0.5777975731975256
XLY2971,0.3510614979014523
NFX0427,0.20298012611987928
IUO5128,0.5164044115715091
ZBK1450,0.4520733780079827
RIH8440,0.45849485165993414
WZA0097,0.3365643978159366
ANN3748,0.5942902711894311
BPC0427,0.4647557700298924
NCR6054,0.7075512252447537
VEV1335,0.6354575748194995
YBY0166,0.6514123128412036
IEN9002,0.3666075155084865
EIK5210,0.29527722944325757
YPX7615,0.4505665028926214
GGN2096,0.6669763364742609
ROY7283,0.6169717973555274
DBD6207,0.5452286553797362
YDH7665,0.23259296161899298
PTU4988,0.4049274506132514
HNV9512,0.3947823125775677
AJD4806,0.41172001883572085
FYX9557,0.38108909017113746
FWL1743,0.5671058277494637
OFR8910,0.7653542660327884
EPU4284,0.6153641938786641
FSX1358,0.19940249898593407
HAA2935,0.2595306562342024
DSP0219,0.29374861895178345
FBK1277,0.4300830116009294
IQQ1006,0.3763223178524831
UGB5004,0.5706430201068595
LVR9175,0.5396306518520546
KDB8963,0.36932584630472276
LNL1742,0.6353562097712244
DXT3232,0.4574619415366995
FWE5809,0.40479969380638936
WTS9172,0.6190774994015162
YWE2221,0.5980534280669957
VYH7939,0.5537063164093886
CDH8864,0.6277565768672698
XLJ2088,0.2892963303983195
IXG2936,0.7212354355345756
SWZ2844,0.49067464095083874
AFK3912,0.2804129603557413
GMR8075,0.40556598136043137
JKS3370,0.21501942875238325
QUQ3329,0.6506355383544855
CTY1175,0.534524146761417
PJW6595,0.26523471247086655
FHG7478,0.5560690422459433
PDK2198,0.4523093660584139
TLV8472,0.5128396778030903
VSE1384,0.3700571559299412
BBA9440,0.5825913237682289
ZAZ6128,0.3604146367069542
ALO3534,0.3803640482801267
ASR0646,0.13870629523797534
JCY7418,0.32893824698235846
JEW5959,0.2882510907357586
WTP7859,0.4489873065128271
AVU1700,0.49860768037207104
YYU6072,0.43397434493290493
NKM6522,0.7450986257120651
MWZ9346,0.3146088237364668
GTK5704,0.3623516386705816
BXV7167,0.22752839093054905
QHC3452,0.23003374541885532
MPG2391,0.5410137738950808
BNA2789,0.6610102847099965
MVP6799,0.44365252768598057
CIW8623,0.2428073776940495
VPA4812,0.468788441941514
XOO5653,0.5310835647677509
BQL6282,0.4788792534933447
ZKI4872,0.4429008489188501
DCP6169,0.13746033606531058
RGC1823,0.41985462704545234
VHU7518,0.4681982121086471
RXK1646,0.4115614434522716
IVV1740,0.552400800746444
VDF8766,0.6482665590568001
JQK6477,0.21444584734734495
UUP1334,0.549082147589674
XAP8677,0.5942611237750769
MQA8873,0.31904078982369066
RYP7886,0.5381149673217395
AFW6003,0.37497947043688173
NIF1838,0.37450278368881706
QKY3033,0.6005117654732357
MRI7916,0.32738152871143417
PQX0971,0.39025272443703535
XQB9992,0.7898445766301803
AGV1957,0.1581742948151254
VCH3197,0.6900060914600336
QLF7152,0.290234535206387
GRR7219,0.4748299442881651
SVQ8097,0.16894919898833233
COL9431,0.3771861061624638
HHB8171,0.36932048659219907
BXG5131,0.3588141927764573
FOF8111,0.41973596423549175
RTV2240,0.48650633881237454
LIJ5511,0.44141654415810644
KMK4275,0.5911453270645917
CPY9285,0.5245005979840808
PRO7683,0.5622935767221369
QSM5588,0.3015809715716529
OQS7196,0.44459423684218274
TCA1389,0.4722950298632856
ENI0173,0.4039292907614033
EMQ6425,0.42551399837115067
ZLT9131,0.7104505357174745
DRN1504,0.3109062262286519
MZI4502,0.7947968105155825
STS6672,0.4649052794138468
WGQ4961,0.41924554244761897
PHS4900,0.6053861850857365
MFR0763,0.4070057293955815
HJC0056,0.31872813878873946
TXD5361,0.26510347756481384
ZDI7351,0.5053622418950924
MJC3046,0.5084307376078382
SPR6183,0.29727649532744654
MXO9018,0.7725580239120502
CUH7592,0.21654125873511426
PQN0513,0.33549349831959624
PZO4069,0.4917502709786322
TNX6536,0.6114228417236914
ZXZ6487,0.3479849662833165
OEY5873,0.4240138598389069
EPM0672,0.5930327646415071
UAK7607,0.5581006727767438
PUR4801,0.6910540908747586
SIZ0903,0.6887760287977065
QAK5501,0.6769143666904058
ERQ1003,0.2969141784102553
JHS5395,0.23752569279478544
FOP0128,0.7002848464268244
CMF5213,0.6037908054363228
QON0449,0.5671941550311915
ERS2335,0.457553929099518
ANU9281,0.6076466604849057
ILZ7555,0.6845096253304502
MIS9792,0.18122453886377982
ZIQ7762,0.37794176269212965
NDG7924,0.29744056622652515
FQG8979,0.5548278719988737
LSZ0654,0.6044524913137758
SHP1082,0.4834695883299696
WIM1278,0.5480268725449028
AUR6868,0.3986350704180443
XKU0997,0.27143432258489203
VQW1327,0.6131687141163129
DSW7214,0.3639475126385549
ZOV6208,0.4661517436319598
PGR6688,0.33866381607234974
KEA8009,0.34401329177285245
LNC6328,0.34679026496853116
GMA7529,0.615099748410107
GUY1739,0.5997325802928487
BQS3910,0.5883369124176603
IMV3273,0.43427695745283923
WUW8672,0.7047232803298119
XZZ1931,0.4030693740631034
JVK1763,0.22910886066220695
QQU7584,0.325857487598907
RII1341,0.5321335021043269
ECF2001,0.1893078806334275
IJH8267,0.7554638712080998
GJK5821,0.6143508899180093
HNR0653,0.6864434359597265
ASA2572,0.4964944452139464
JAL4562,0.7410203847897698
KXD6314,0.5383659017908782
PFJ2186,0.2381138018127765
WES6815,0.6821550115623282
PHS6750,0.1655361838498679
RMM7844,0.33860156929807955
GDC4179,0.3665589072313811
QUK5788,0.383141115940283
GJL4316,0.7556063398593938
OEC5147,0.8441740266683128
HNT7828,0.4682763370093474
GCK6333,0.37923729724714134
HNZ5414,0.6428461817386044
CVK2844,0.35383613034488365
MRZ6686,0.2880849486494195
VEB7548,0.41461852229522084
ZFK6222,0.6561777495145724
TCP7362,0.5682136610126881
AEX8842,0.7421742907296898
INS6906,0.19906809189955096
XQP9889,0.22156586739569467
FNH2173,0.5182468230243213
OOI6909,0.2354349212169338
IVU7217,0.362053998503101
TLQ5774,0.8277377147870734
OJA2961,0.445172252647751
SEH7834,0.7124309530006033
XKI2459,0.44724109126675105
GME1877,0.5453902012332779
RKI7230,0.33395018333582993
CFQ6408,0.37360757797743116
XMG3875,0.22544175675570136
HXK3423,0.522606603381118
JXU8966,0.1219185992447588
GAT0080,0.2996791764650549
SXJ2606,0.4628739601593071
QSF2441,0.415718974108407
TQS5006,0.5698847710288818
DOP1780,0.2745715947883876
ESM6222,0.48531587676031973
EKA5363,0.485347370761631
IZB3771,0.2920741637811134
XYD0602,0.12240114335869103
GNP3501,0.5393046086949751
AQC9120,0.2904230428736239
HNV4885,0.4327332530353431
JBX9545,0.48421007682636874
SWU3965,0.45857991054377517
YSB2339,0.21368785631806603
WDZ5490,0.77243660094845
KYR2691,0.3294472072857489
MRF9654,0.7029531437737198
IET0507,0.6391484462352617
CXW8897,0.31593777675385354
RHO8502,0.3754704265905323
DGI5875,0.744505757046524
CBG8496,0.20190442401728964
JMO9215,0.4446491549781038
WHH0842,0.643204757375166
IRT3982,0.568208418164943
ZNY3995,0.24335857602259187
RWA3263,0.46611085919476825
RRW5248,0.34790561899060135
KSX1126,0.11439121008093854
ZGP1344,0.7029347747341348
TAP0740,0.34378728821686144
SBV4244,0.07811959745465791
VNM7279,0.41239523704374365
XVN5713,0.6203289253651867
PNI6616,0.4399592091924774
DHK0115,0.470904299582855
ELZ1893,0.5761248974448181
MMD9376,0.4143108570844909
HHO0755,0.32988856008261636
AGI6103,0.49430320725203153
DSJ1568,0.35579632393608945
OGQ3745,0.599827078777693
EWU3335,0.5623208649055312
IBI8973,0.25759224102717143
MNM0998,0.32391708734841523
ZFN4243,0.34157699691845267
TAE3942,0.7593131083887485
CEQ9038,0.12093395771401584
YDW7588,0.2457082628597956
FLB0221,0.5601152433868347
IFS3000,0.3150256791714365
GOX2033,0.37228616421035393
RCR6392,0.08555453943964257
ZMZ4534,0.8254371374149655
DPW5768,0.6624555302979939
KKG5808,0.6454085273846099
IBC0776,0.43450332967933264
QJQ0583,0.40353607080059406
YHT6044,0.5314466122690837
IZD5201,0.7151022340974752
FQQ6014,0.7145961107697102
HUG2535,0.5270215929809429
AWE7337,0.47948091832689604
AFX6015,0.2953510530906927
JJA3465,0.4222492307572358
YWQ6319,0.3488160413423212
UTL8063,0.5421761327076716
IRB0365,0.48776452348206517
DQC8790,0.5554857723682242
OKS8792,0.4030000598993002
RPI9883,0.45660165827095395
KJD6196,0.5908520330833317
AVL0382,0.5215886608477399
WHR7833,0.4521549291523343
DTG7149,0.6748158575522512
ZPD3564,0.640699500971405
FOG9482,0.591673929255766
ZFV2720,0.6111638210329556
KWX6049,0.5643341027427562
UEF4956,0.5842544866646763
JEK7287,0.5888531216305319
WPG6950,0.6041420169520506
QBJ7505,0.6214495659502647
GWN8595,0.43274010949998726
BZN6603,0.49787048897641645
XFZ2764,0.4654208831660185
IGC0378,0.28429067861183027
MMP1537,0.392066168754302
SCY5429,0.556558727308759
SMJ5723,0.5487519425704526
SVM8665,0.6029130043236427
JUC4326,0.7132357733831783
POJ2305,0.5656276651808694
TGL1412,0.5959183194136978
TLB7079,0.48519863596630847
LMR6185,0.40087820585118916
KHK7436,0.6187450796151387
OGI4322,0.5765917528112955
RVZ4835,0.38133430205470625
BJN0689,0.26241904215379513
UXE5576,0.3870790578633952
RZS9370,0.5773127361525896
XFQ2974,0.2111733215010907
UZO8276,0.2912652327012025
GSL3386,0.35805718353509647
AWS3695,0.7182019457884488
IRT2345,0.42328134855190275
JLA0351,0.3796551558929472
UDG0334,0.7506625316557292
BKE8828,0.4983687568166683
BSS5927,0.7870161268693818
QFM4192,0.42287892062974386
UOL8406,0.4423323416507758
DVB9995,0.37241109415473334
ZFM1248,0.46141692630488645
FAH0757,0.6730085821892173
YNP2161,0.49035757206999897
TUH2095,0.4856469491064188
BAY9049,0.45466034191420424
SZZ4113,0.4687165038791883
IAH5734,0.37038000973899493
IWZ1372,0.41516580375048234
YBR4638,0.4647276590099302
MOB7614,0.3076177809794206
ATG7894,0.6632589212064667
QQM8288,0.3727589819353859
XMU6369,0.3364398461446227
DSD2182,0.41073354821429614
JEF9970,0.7335939044123984
BJU6237,0.44205318638350144
MCP1196,0.8446335537197285
WQZ2473,0.49383460491834585
EXP3813,0.4632450504927687
ANY6979,0.3300285279428486
MJT9896,0.3278556614070839
RZF0126,0.4646647135496408
WNT3190,0.3312258639864308
SXR8785,0.6902283328605198
VEZ9878,0.42615613352372567
IQR1803,0.6065895710793908
GKP5747,0.502821539414935
KWZ1032,0.6129070388681331
UNG2441,0.7020363255295007
DEZ7950,0.7285206408196842
LWQ5268,0.6591040629412743
ZMD0621,0.5340611298524429
LXS2378,0.3416039673045907
TNA8704,0.13507279276855746
SXG9064,0.41453886337980267
TCJ5769,0.5835741380278263
HFW8197,0.7466208201164023
GHB7075,0.40644139126416234
TXW6272,0.5259874518775289
XYC9775,0.38018004912862147
ICN4734,0.6395199725424542
ZMN0832,0.3501373231483834
IRZ8003,0.6649300269536035
HUF3490,0.432043259711314
FCD5431,0.5779028888475802
VXK6316,0.6929774265686472
YHN4722,0.39514328250044845
RTM1575,0.5454038445486489
YSB2112,0.20664184404245045
KCM1722,0.45390789247462304
OTS8869,0.4917212979622524
NHB2867,0.4505900560624641
UTP7979,0.5592371270438339
HSM0794,0.8818372471144996
RMZ6032,0.2547379088692573
IMW1976,0.5696233164971843
NFP1572,0.4958579640393027
UMQ1245,0.5677662137900826
VPI3440,0.46185124757517926
IAR8050,0.31763230208536075
LZR8401,0.6511158698010188
SHF9433,0.519252244033478
UJL4817,0.835547767483065
TRR3958,0.22947974152589604
TXD8258,0.650395401733153
FCO4051,0.32109524478662693
OSB4374,0.39847457008562986
FVW1939,0.7091291930146696
PEX5881,0.3230324566493968
UZO1865,0.680624014669425
LWE1790,0.2412021108724384
GWB7700,0.5560724179104398
ZOP8654,0.6409244582275784
XLA1817,0.3782132039838433
HWW7112,0.5360293007787379
SFB9784,0.6782077570206241
OBN4261,0.12558479776095424
VRM2547,0.43083464555892986
DOC8167,0.42145570106901464
SWJ1035,0.35642607044051416
FLF2496,0.6493469117681688
JYX8578,0.8181911597144346
AEU2982,0.5576618758462444
YVH2306,0.6646523836617292
QKL4250,0.3991579835824361
LBW6479,0.6233628151290658
XQN5681,0.6142120294398369
CEP4086,0.6434395851199496
YGX0420,0.3690826066986265
BKB7512,0.5387434704485974
IXG9725,0.44514763185963824
BOF5544,0.3798383684390757
UYN7747,0.1942725131026378
ROF4670,0.47724790828137226
UGV7717,0.09333429107110124
OEI6069,0.3113193899316187
EZO4175,0.5921848500094127
OIF7758,0.8045101712239531
JEH2919,0.47594975379622
JCE4705,0.4948129895865095
BOD3734,0.41244398647702163
HRI5660,0.4027695305003109
OOO8613,0.09921649326916149
XCU4599,0.3189809443046296
KRX9049,0.5426458673482075
JOB6245,0.3397009500660557
QNM0137,0.583121456744404
WIM6665,0.2215208818972251
LNU5227,0.4728020934091029
YQN9605,0.43900154233142547
UQJ8425,0.33545333324426296
PSC0175,0.32355834709414266
DJY2431,0.4374363525027973
ISL8214,0.5096714314153002
IIU0389,0.36836952624924807
SZT2166,0.6734460735786286
QGG3461,0.31434454746275087
XCL2050,0.5313848371978258
QMQ1245,0.3800470535573313
DWG4532,0.29523471388557704
VPI6024,0.6171263023916224
ZYV1950,0.44378995361912527
ZFG5023,0.51246771159604
VSF0357,0.41307491505778543
OEY6081,0.19695019634056946
TUB2085,0.2493247892701515
MNC6692,0.5168731231006064
VRR1008,0.4686919968707265
YVT6450,0.3699927408384452
FAO6275,0.526312372265258
PTD9190,0.3306525322167932
JSO5437,0.5427037945424046
MFH9979,0.5311396664992635
SLW2279,0.6268297983840846
AUZ0340,0.5476245844297287
AWU2833,0.6941413576937993
LFN0157,0.622832815339801
GPR0346,0.7447638407501553
MMU5621,0.44613666899519927
IJC0456,0.18550521392898187
HJI0200,0.20561532674864336
PUI7508,0.5195803672958473
QWI3198,0.6562230599688732
VRD3282,0.440188653950176
IXU9829,0.5770068933156692
NSR4945,0.6006471607671077
CJY2412,0.165043221178854
SUL1935,0.26883542749401035
WAU9525,0.40860999168474216
VAR5218,0.23295524557438396
OIQ8584,0.4509294566912357
TXN4932,0.3776337042434224
FST0470,0.670736512419488
YVU3745,0.480392206046605
VRX1810,0.7209030661546836
ANZ2576,0.3440300868634147
DFT7074,0.5791741491888767
GLT4950,0.5512830381368659
WBD1290,0.15299586260536624
KLD9539,0.33561144073108057
UFD2281,0.32685785603817635
AGV8920,0.3599722394373411
EZM8303,0.35163607753090964
VHB2724,0.6587839778842008
CGS7371,0.3095649122455311
KRX8325,0.3402485064101533
HQM2559,0.7105436093896242
OAS4314,0.6141402262629162
REU0208,0.4505531889558438
BCK4124,0.6891179894953832
YXF7483,0.3947696211954405
EJI6128,0.6449824234975851
ZMZ5134,0.6754422633893585
YAV1162,0.38865077840205303
NRB1641,0.4907196413365438
YBA0436,0.8029353729854698
WDM4803,0.30659944588295646
APA0477,0.2539581909912183
DJJ7857,0.4987075613926886
DDO2541,0.6847733772381754
DTT0915,0.49774283862062924
DIO9974,0.5077822482509935
RTS4274,0.6459913431972942
EVQ9390,0.37660011745915073
GSS9218,0.3884681780182282
QPV1399,0.15068889125931265
ZGP9947,0.5547327469293145
VXZ0953,0.3989227717204438
AKN4052,0.1932140992405734
GGP3877,0.8086163609491327
AVK5211,0.46215123698431776
CBU4492,0.4760012761813233
LGY4995,0.5440883036953774
DPF8787,0.49657732947533384
ZLU0244,0.35908344623613697
GKG9739,0.47707386717811245
XWD6996,0.3044718980987621
AKF5899,0.6012089367842844
UBN8639,0.5268370244914623
UOV8935,0.5919402125807592
SCV5979,0.509819224180564
WCH0782,0.7654054316963432
ARH6872,0.2766828391697212
NMM7694,0.6175579020890932
ICX6399,0.3405817654066938
TCX4933,0.30993169486787825
UMW1034,0.597446436189502
YYP8138,0.475407654758342
SCB9443,0.4747497118709684
ITC6113,0.7597553838940355
FCL9477,0.5880314954303988
OXN4850,0.44234709234596264
JYD3480,0.6257612253592767
VRQ7885,0.8278313317559983
FUP7384,0.6208584215975621
QWF1930,0.34256441970885987
XJR3753,0.4064721373845443
JYQ8107,0.4689356147554057
RLK1604,0.27818934745550156
WWU5537,0.8311163621266618
HYS7523,0.597645415775384
ZJR0568,0.3337838528082685
BRG1099,0.48541055998501964
JVW7197,0.311848269913197
ULE4248,0.5434796272934991
FBK1312,0.5749736138980849
VSH8159,0.379380202226201
DMQ5786,0.3635320608943978
GCB3430,0.4980815540634236
OLF0501,0.4322369037100275
JWD0044,0.6927456578042647
TJP7761,0.5036242336232665
BQX3256,0.19608795367031756
XYX5749,0.6333389517254393
MRK3909,0.3685965543745771
XEA7163,0.44101440541727704
HCW6650,0.6289623335876902
TZP4079,0.4630469301174732
RYR3568,0.41294477469384877
KAA8266,0.5044482047340311
EJP3492,0.6720380066615531
NGH6480,0.37941005843057457
RBK3849,0.4016438803227045
AVU5986,0.5298576676044194
BVU1715,0.41408824899258584
WDM1181,0.4297142085051237
FMT3576,0.4567738585749643
YTJ2895,0.6389040686763534
LYE8184,0.47335001586685266
TGB5296,0.4017297412760802
PAM8552,0.5293205376634365
FOB2099,0.6630372129564243
PGW0709,0.6715933067186258
WZF7186,0.6567764963399542
YZJ1826,0.39676887800988997
CUK6688,0.5152121345081774
JJL9592,0.24839791773205824
BLJ1552,0.2166256266754037
CKE5978,0.47617192173765677
KEP7251,0.7241707645529203
CWA1833,0.4251020435451391
DIG4152,0.438579283097252
QJO2482,0.3296145629769054
QFS9248,0.32293602341402394
VPB6339,0.8180767862729871
BBN5975,0.5624616429227796
XCZ5265,0.5133405564938359
ALH6740,0.6014732140658552
VFE1712,0.16359909697114
PBU6519,0.14167061258276376
JIL1820,0.41203609006052855
TKO3377,0.5056911988928403
XOL1792,0.7273313102510428
HUQ7289,0.42073754139005504
EIH7258,0.40678388163628615
XHL3600,0.4642122100713744
BLG6557,0.3728680743431572
XOH4990,0.6124249268532721
SFG9400,0.3067468458049651
CTW0716,0.4526792311352281
EPQ1022,0.3866316535970343
DDF4807,0.2644879324009744
JHE1802,0.4007837582153484
XKA0286,0.44060363426903937
KJS4977,0.15765859776126195
KIX5898,0.6360339088780558
KAJ5890,0.1312891443199843
HTN5032,0.4760008064641257
XBG3646,0.7267243160635205
STF0095,0.21865803046829255
XYS3253,0.47216130570418946
YFM9412,0.5395560035126422
EIC9765,0.5621088465222254
SJW3302,0.27677371155569336
GQS6751,0.40624387137428014
VHY1313,0.5303569334620365
JFS7189,0.5846933958877376
UGC3514,0.6485887204521232
CNX2296,0.5329866985989433
FZA8058,0.26463309910165417
ITU2802,0.3759767227447937
WIJ2095,0.753979613646283
KPD2769,0.30872367576137855
SZO7824,0.6659411106930972
VSF0918,0.25700473259268447
QPO6163,0.4268018596004981
QJG9094,0.29079638858578455
WSN4732,0.3933491795221761
QAH7760,0.4902777551734045
QJQ6048,0.5849878277680961
QSS0205,0.3691568233811885
ZJH8058,0.35203381366253883
QIP0730,0.4615518647671803
SZC2380,0.6729713945891156
RGL9560,0.2515803616463839
WBE3412,0.4378296723765708
ZRW2620,0.24963430463287603
VLM7962,0.2498143807889346
ART9792,0.1835325256875429
ZJN9258,0.7943021253261019
LSD5527,0.7831926121468482
XFA9780,0.3521079546122342
YZX0939,0.16888399329248416
CYB1866,0.3845353928153803
EHO3159,0.5090457123103109
SIG0318,0.7058210374231402
VGM0574,0.37204525000185795
VHH6882,0.17223183076860676
ZNX3901,0.6237625459518513
GHC3228,0.4332542416930763
SQG0318,0.37101351267773575
IEY6901,0.38690884128539554
HUS2611,0.4792847180358089
YEH8272,0.18070762831002232
ZPJ4887,0.39942726762629127
FVM9271,0.2094879031320171
BYC7251,0.5814536219784673
VZV4566,0.4162095710275155
HJQ9078,0.46745035493293746
EGR2718,0.6419762712838912
BQW0054,0.4503886493726972
NWE8918,0.2395370577943728
GWU4698,0.6136762349562499
CZX9272,0.37042420131544285
EYB9921,0.32358578562152635
XJP5950,0.30756107353962764
IFJ6475,0.49923498239620895
XNM9426,0.7144230972202008
TSQ8268,0.1466957207510455
KPO2933,0.4133848195201408
LXQ7529,0.43543576901642383
XRF7014,0.6420564748875875
DNC4443,0.5523058968877212
AXH1658,0.5373460358554625
AHZ7652,0.6333270044003007
NWH3193,0.21359195200754272
TID1716,0.7948570333365755
ANP3440,0.7170166552626362
OUG4685,0.5911673945768798
MWD7907,0.5476477488053694
TPQ4836,0.4846641319950806
AAJ6531,0.5540588024938857
XKG7418,0.5533360488742696
LJF8014,0.5230615409381809
IWF7341,0.2492334779817186
USH9806,0.5187126402304578
HOT8154,0.40433083954321986
DAX4292,0.433082237004785
KYM4729,0.4524992419307157
LKI9763,0.3467063119789637
JAY7470,0.6200121478096922
VAG9407,0.15590599802709001
AXD1373,0.5648939970848553
KZV1736,0.4209545369631119
ION0603,0.5343496377115268
IBD4973,0.5237276800105789
HAX1381,0.48882570928542496
GDV3204,0.3930612521512632
GQU7798,0.6528227533146687
GAQ1597,0.5769953638867181
KVP9269,0.6107289942656383
RDH8031,0.2744580440174965
QLJ5966,0.6416490787967479
OUM7825,0.3273802286268122
OPJ7108,0.7187764918712178
XXV5331,0.6663347424456324
NIA3272,0.703868284471468
IPQ4779,0.32424564397989025
OGH5544,0.3611393491762613
IDS6311,0.4521362808300703
ZAL6103,0.44126058837975274
QMH1755,0.3879916739052863
AXF6974,0.47177826861211586
GCI3630,0.25941242863777136
VZW2401,0.38661220153972026
OVE3990,0.6376811521166251
NOV1064,0.2607792338436162
QYK7288,0.6859737964232769
EUR5124,0.578860704453283
UXL5796,0.5575698007916119
TDZ5862,0.6308893978433224
UNT1852,0.4674287511004024
ZQT3434,0.37111187716793287
RBL0406,0.5297709805926504
NVN3331,0.45689913042526026
QYU6181,0.3061377513603675
MCR9458,0.5665099832605646
INV8873,0.47748252493360105
CBR7213,0.2964729424358993
JHG9105,0.627182213867572
TMB3670,0.27562999686212114
PGJ5657,0.8051849291405391
UGV5295,0.3958775724192555
OXI5106,0.6594511068399892
DNV3094,0.5884725054830195
VAH0839,0.6927074722507383
CCY9074,0.5487872048881807
HSC7757,0.6224208420771132
BRT3178,0.6639037510360698
TMT4944,0.6970490695576312
XTK9260,0.5573735057635891
MXU6827,0.38242238974305115
VPJ7122,0.41177311112650383
NGU4725,0.41997525812631864
XHW4190,0.427954964211025
YAY5524,0.40629254878910437
SSM0392,0.44932476398040677
FXD1708,0.3674615890790615
MPV0672,0.5830931689117506
IGZ9386,0.2868183717576634
TOI1490,0.6599731277572299
QAZ9933,0.5637432529348273
CRM2978,0.31651876312890553
OIB9991,0.45910341676603156
KVN4822,0.4590982188950213
GCG5533,0.5752214731708373
VTK8111,0.3713542143836833
KAE9168,0.27366791042583866
RGV6468,0.44249442066410577
LWX7015,0.6308689830191007
PZK8396,0.5866490381776197
RHE1717,0.46042983580981733
VCQ2207,0.738148193571049
VQT9580,0.791828672440087
IOB0677,0.5484729609928152
QPJ4092,0.6078924924429027
AVY1533,0.3926848124577097
QDJ1312,0.40972728230933625
XSX5863,0.6903423337418871
RNZ7687,0.7426815898551707
FUE4559,0.6372703870963997
KFB0998,0.4657875659339954
BJW4567,0.37967526684885666
KUC9637,0.557389133973626
QLT3222,0.6316310715785053
FOK0149,0.5616143046656302
KEJ2913,0.29545104017081497
KCM5467,0.5886665935741887
RYH8245,0.6804071839616253
RUE5771,0.08965523456296443
HNH0868,0.47740090224576187
XBC4033,0.6362977767318423
ZLF9201,0.6841239844277454
FKK0636,0.44649564831437666
WCN3474,0.7318773880122559
DGN9413,0.5427321313588104
ZVT9034,0.3691480428822981
GYU5540,0.23192235817287452
FDX4205,0.32020251851748144
IPD1251,0.5993922464191257
ZFT9168,0.22765434640087387
PYN3393,0.45893163726777797
FTZ6683,0.2739775640233861
AKI7936,0.5348506479704419
MPY2709,0.5439089374361457
NTP2659,0.699346596775048
IDE2433,0.4475045204226245
SVO8258,0.4868721469972804
TNE9256,0.5623854646807219
LEG2561,0.4422684729855417
UKA9422,0.49488505822642204
MCH1289,0.39285957730618054
IND7831,0.5679660646955453
WLX0704,0.3399630095922879
NJG1634,0.139602077385657
CBU6288,0.45061454349789815
BBK2710,0.6630435316810827
HZL9836,0.3903910977667886
CHC3948,0.4781680673949461
ZUS6740,0.23289200921308614
VFH7531,0.6008527948265056
GWE2897,0.24276939653021076
CAS5155,0.2618232315158903
GMW9681,0.4974867410757583
MES0461,0.5726230774963762
TWZ5436,0.3623709799933486
TVV2529,0.3340638403906407
AQZ6865,0.715296442960964
OIC4021,0.43842756773188096
MOQ3911,0.23557246435569182
DNS8201,0.3705504822258438
ZUI6325,0.41266978548075867
NJA8351,0.5515751374767854
ODB5040,0.8003986345196047
IPW5152,0.6328128811317588
XZY2224,0.5487997593234986
FZB2992,0.32470708526075437
ZRO4379,0.5757325273966842
RJI7678,0.4853356410437671
LVN5225,0.48389501389106204
OYF4788,0.47292888739784067
CIS4067,0.59635973244084
KIR6566,0.33220137945546463
WRS7799,0.24958933135443143
ISB9210,0.398906376585316
BKG1713,0.6950063409491045
NIG7239,0.3383916554623704
UHJ2010,0.18031798168180108
SGE7571,0.5976478597429661
DJH7886,0.48889193818235166
TML0327,0.5374798704315417
JSU6205,0.825664616258997
UBA1024,0.40849741243885695
ZWM3611,0.4731194245693303
AQD1119,0.4887213205248253
UHR8841,0.6132761876077971
EZL8963,0.5674308326067301
VEY3609,0.4407208073108316
IMN3213,0.6234700184669856
ZFI4055,0.38500582932227534
ISJ7190,0.32473750677644064
YRK0679,0.5103971395295507
SEP9777,0.399333004220214
XIM9647,0.2626183509385208
IJF2788,0.4868895295180108
HXU6751,0.5298330194874618
LSM8308,0.6008952083791366
FGQ0847,0.4811401557370298
MUT3329,0.2556689187166917
EVW3568,0.5484539297495041
FSK9108,0.4137608694860337
EGK0077,0.7182209353450038
RTH7598,0.5924160327716288
OEZ7029,0.36031649627236545
UIN0383,0.44083060431707216
NVR7308,0.46797453985853465
LFN0770,0.40860170714991245
WYE4302,0.5999361169647844
OFR1250,0.4444837942983317
HVR7961,0.41834490438098565
WDT2838,0.4065727212681099
QER6562,0.2549762886549842
ZDE4635,0.38225811297454076
BDM2485,0.5775316849978874
FIC2222,0.6413019524941764
HKB7207,0.2860926812183888
KYQ7812,0.29888046058967993
IIM0404,0.2651753576743438
XCD1483,0.4658036009479716
AVJ1401,0.4578776835905217
DZC5973,0.8471618479900288
APX1161,0.828854170546259
GOQ0389,0.4062054684878672
XAE6247,0.48822026123174644
AQX5762,0.33387443586335913
BRS9830,0.6294281241012735
PRJ3006,0.170755836279418
UBS4074,0.37924468922709487
KAM8647,0.37472182586292385
EBX3166,0.44327192177027214
UNT5825,0.3893817297989904
ATV6282,0.356826404103173
NFY8031,0.5644297299307685
GDC9171,0.08082579864276276
RID8507,0.4013109776145312
OEY2607,0.6851818556898109
PSW0387,0.3299221768812595
MVW4654,0.2881074320447819
EZS6596,0.7221206277203981
CVB8449,0.5671385679996901
XSF7433,0.5196190196475005
SPN0794,0.3834410773376855
NAB4031,0.48338206953046303
RDP5976,0.3895040303539551
ODE7386,0.5707673700613745
MST1998,0.3660193655871971
BZM9077,0.5634051550184643
DNS0664,0.7338332533685215
NZQ2516,0.5486003320094311
MUT8357,0.6818380097953964
NUL1408,0.30096670220647187
MXT6982,0.36572235201525455
ILD5756,0.3218391173046629
SNX5115,0.3526651836329691
VDE5638,0.4408505753145922
XDT6352,0.6993795242511274
ITP3953,0.508932956247336
SJL0243,0.24482403798979377
YLU6132,0.720012022223288
ITV2576,0.23205601357707706
OVU3708,0.4132379668061678
FHX7449,0.38733510880961175
TMT6978,0.3910245604767386
BPN2368,0.21836214321139208
HMT7274,0.5658400287760698
ULH3666,0.17366659176380997
GMU7686,0.4581097900382881
QII9327,0.2844934384437337
LBF3051,0.3615488365806632
ONT8863,0.4860141267984656
ZYP5276,0.5559859310527973
LUD5291,0.26948627600576136
TDZ8382,0.29580569596246764
TPG6394,0.4435567031808268
RMR6937,0.47456937363982016
LMY0729,0.4570863854481614
AMC0445,0.5051568049976071
SSB1104,0.7785761603613925
JNF8209,0.4143332817808078
RRE2084,0.612711168472761
WZZ5459,0.5139066378470162
JNF4249,0.19748851740709988
DBO1637,0.6264170682643334
AKR7639,0.21220811430936745
QUR9661,0.5115402002955648
LUS4900,0.47310743149591394
DNT6503,0.5436142503638909
HZR5957,0.405659156960444
XWR2281,0.32610202961725626
YST3431,0.5794353998729981
IEH3003,0.2521774627330769
NYB9148,0.7216636426514068
PII9352,0.33007531517068445
LEV9553,0.8346351257317416
OCE4351,0.16969886923017016
DNY8601,0.5220563296992435
DFL5337,0.48335191963243423
MDZ1058,0.19595518661868974
ADW7699,0.2902732840489011
BBX5076,0.4682260956061523
WUQ6007,0.42707989162881227
ZEY1800,0.46171905899898336
JOP6452,0.4675837041773155
KIT4113,0.29856012245118146
LIN3185,0.4272359555466238
QHT8208,0.31106671337974234
JJM5633,0.4803461889960574
RNT6014,0.5494893558829618
YPM1923,0.6868661674878247
HHL5681,0.18580880079977954
ABP4829,0.32983575756707323
IFX0205,0.2837847862701058
UEH3912,0.7300123733060084
TKW1098,0.3043459851116065
WYN1877,0.19948157621767676
PPN3139,0.1500046256103283
RUP9504,0.46792729027889784
TFK5517,0.7321602736281049
JEC2726,0.356114478172277
SCP7748,0.23760628355147023
MGW6057,0.48646798222800125
YYN2755,0.15752418986135125
VNB5918,0.5539990932540169
JCG4440,0.5920803988358381
IBD2156,0.2871030357518768
VIX2519,0.4294544989250659
XZT8966,0.716507373148281
JKW8832,0.6037230161011328
XQR4664,0.5340496980083981
HOS7277,0.5327578881954623
ZIH4509,0.4182011338492693
FZM2635,0.1793060567500219
BQQ2812,0.5707210232224984
QTT1172,0.46622044331736096
EIR5523,0.42526079294565994
XZO0242,0.5611142436366248
AZV3528,0.4568226426572535
SFX1939,0.4868037077331321
WZV5563,0.29064033306820447
QZB7687,0.1525365153724418
FUH8115,0.3988874516951892
TMM9869,0.2521011705746531
NCG1476,0.2039112795705476
WJN4297,0.3563722993207157
RAT4822,0.4121690892062628
RIC5857,0.46381897692791785
VSO0563,0.6239926185533875
VMA1558,0.4770207710923445
BOL7206,0.37734091762163535
CZQ3950,0.2447743405089728
NJU4912,0.5171998616912853
GAZ8594,0.5881301451144362
FOX4419,0.23665522567170436
LBN4213,0.5724307119553032
ADA1940,0.49946632730098756
ZPG0651,0.6475880466607317
KEJ8705,0.1539163138999055
UHB5802,0.25487650466528794
KMZ7327,0.3788806328886322
NJT8387,0.5218480777292008
XAP3954,0.4515750134135027
FEL1637,0.7014578514886781
IKV7714,0.3377332613128256
DPZ1880,0.6024568423939546
RGT7421,0.18998482562828295
AEK9286,0.5793494780059333
ROM8234,0.49228972495672985
XQX7484,0.5481803837708803
OLH5732,0.317787200210813
EXQ7424,0.4247433216086048
FVH0886,0.38871479870876213
KYL6652,0.2559437611754847
KTM5656,0.7158841356197314
MIG6527,0.517492353521941
SVR7025,0.4255950902375026
NCJ4089,0.2877242225987723
FHS2667,0.18986527760778277
VHZ2363,0.43979878392312566
OXW0223,0.46025001270416327
PJU5928,0.34987918706363913
IKH2812,0.5027229499187358
VMA0683,0.3843013064805087
TGG9176,0.15577855057786788
NLQ2220,0.36511783635731315
JEG1496,0.699889001236469
KDZ6336,0.39821058712215124
JQL9820,0.5284553963851202
GRD7737,0.650567522491024
GFP8654,0.5940885112176347
SDO8567,0.29532842966153877
EZH1168,0.4714778349484436
CQI1581,0.4325989422513642
GDQ8895,0.2496080987978997
YRC6765,0.5924658565740998
OCH0693,0.32254406964639987
DRE2586,0.5012277478469188
EWP2402,0.2928774886308145
RIN1708,0.5357193755678173
LKO2402,0.6553074128977584
RHW2826,0.4954246853466609
NNX9566,0.7274150517785897
UNW5036,0.671984640439921
SIZ4373,0.39316260756156557
XDX8398,0.27882984606494554
BVY9650,0.4229880264748024
UBZ6506,0.6801158664746066
BOP0282,0.414659740483844
XIU8129,0.7316278131735403
NYD0344,0.5856841091802234
VVO5031,0.464079016856822
XHV3554,0.4115289421670532
KZH9892,0.4028777658428183
TYJ4103,0.4495892983327617
ZMK7102,0.4657238700716834
FFI0442,0.6797121443724548
COH3368,0.49218008029514415
MID8808,0.6376324717268899
RUV2796,0.4786916134261637
QJK7408,0.34446866758832334
JRH4838,0.3223233366238551
QQX6215,0.5185994288294136
NWZ2697,0.6010848344427578
EZU1406,0.5841113881121421
ZYV2745,0.19434638426132658
SIN0801,0.6533931006160144
EJO5929,0.5395022001789985
KLU4765,0.320301638716939
KMG1756,0.5244455723423207
XGY8792,0.530449349464068
TZF4711,0.6144694078484337
TFO2196,0.3048733163019476
YSD2730,0.4079986995209312
UBB5348,0.13348608303914547
JKJ0093,0.28621661390725517
SOS9493,0.4200527644648998
CPV1365,0.37647851167135343
BSO9027,0.7156522777846426
XJA8753,0.6618550942003969
GWN9096,0.5433337757783991
MNK4884,0.657496885367001
PRK6362,0.6180593618230905
LQN5334,0.4241864157617791
OGJ5702,0.4998964894473098
WTD5629,0.4343553394535205
DIE4208,0.5063054589668144
GNE5232,0.3708502498826224
OZH1950,0.16073823714389932
ELX6331,0.5409899976604845
NPC3191,0.2883936541890195
PAH1597,0.6877123399166406
BVJ4858,0.5422963399798625
OJP4439,0.24642833312163606
TDR3485,0.5346245514298072
AXV1661,0.3814373669792732
RGG1369,0.6545416908544454
PNI7364,0.3038169117721338
OTI7000,0.5528192015332778
XRG0070,0.26482545636995936
PIP8809,0.47645574001153684
GWY1981,0.21376015212421204
VZI6264,0.34100496634207805
WVO9284,0.49976503666328176
RYX2969,0.6594599280864937
HUI0041,0.33233969006767106
REF0444,0.30190873953863
NCF8710,0.5797022410422914
JIH5267,0.49935881291832757
SLV2360,0.6346374652499914
FCQ3915,0.3471632744030221
PYL7123,0.35355206765349095
HKH5725,0.26918525473275395
XLO3239,0.23880903664663072
OLN1336,0.29569750544220713
ECP4621,0.47133106871180436
KPS0064,0.578165758808802
CLU5954,0.37804444746673493
UNG6284,0.19339569108184593
VYF7983,0.6054376107176512
URN1834,0.6338464065998284
OCH6913,0.6835465640854894
ACR1583,0.2575473418331304
ZYQ4775,0.14726948949676164
BNU8024,0.13602250263406318
PSC4692,0.48842274489906623
MWK1300,0.7053263681613162
VTZ7837,0.3866938858710581
GVY3459,0.44567464758379144
ZXH8781,0.3092430621800251
PCN7228,0.612668926645248
ORQ0272,0.22396840346856925
WKW0910,0.4863942163833107
IFM5092,0.4193940490137611
HDJ4116,0.6486045337494396
OQB5335,0.28113366865346784
OFX7490,0.5811727030126589
OOU2927,0.5018136857134621
WLT8543,0.557532533937746
DYZ0643,0.4231199911911795
BHE7518,0.1888865002716442
OTE8834,0.3914679963075027
JKZ8611,0.6085577972972891
DXF2796,0.29615980086028104
BKD4940,0.6038777988711047
LJO5796,0.5077966349669183
DDJ7985,0.3870814756755874
NEG4016,0.747363241578204
MTS4859,0.30210003609568165
ZIQ3070,0.12430415091003504
MQR1484,0.5454680981607679
SPG2102,0.3858238098433952
ZPG2396,0.5763803908704604
BWG1095,0.5150676763682988
IRG5962,0.49277651320387933
EDN5025,0.4551818498932127
TLO0577,0.5011593194931495
RJM5646,0.736060975023961
KUP5538,0.3267230161356185
ZMH6406,0.5691810347745773
TQI4631,0.7664130430712782
VRA1232,0.2397667533793705
YHS6319,0.35455866620658893
FDR8571,0.3996164931185434
UMU7047,0.29440938399000965
FCY4622,0.6914967253696853
GMN0416,0.6204440201694313
HVO6893,0.595620211274457
ZWR3316,0.35977170412205417
FPP0788,0.328119566127891
SBF5209,0.40226969416957814
FCJ4472,0.4271470981883207
KMK8317,0.4804802660869519
YGK4233,0.40751475165990175
VDZ0820,0.5330536035715943
EWA2578,0.535946432938805
API8763,0.28629197484938407
NSQ5830,0.317062651824735
XIV6334,0.38034822934057794
RYE8536,0.5077813928580198
BYZ2502,0.40993635744745927
CVW3012,0.20895966536502314
XSP9376,0.9130965324309945
DPX6274,0.7226980228024712
YAV7462,0.34144012458914
TCX1554,0.4891691565218119
OSC7642,0.13372948896383935
BZL4977,0.16971036463373748
GWJ7994,0.5337758719552672
JLQ1365,0.6108859881699245
BHN2813,0.4470934726281044
BKI1459,0.48177737774282303
WBD6906,0.40101848419529235
RNM5558,0.5268849816020155
OSX5974,0.5052645927013405
OVX5430,0.22847215437170038
IJG8643,0.653576812652572
MER4585,0.6189221589435049
YGH0528,0.626865241553509
MXN5427,0.3382878450770029
IFD3298,0.6643263523732122
WNY9805,0.7160678320528113
NOL8760,0.3960364340314518
HRT4289,0.537174411361917
FTM3729,0.4089816648238864
JPA1525,0.5024971757828539
AAC4913,0.5300611342303007
GTA1400,0.4198056782813847
ENL6464,0.8178529411590586
CHE9991,0.3151510606165586
XDY1278,0.5920253218272987
MVZ9561,0.32315403024199235
NGC4607,0.23179323580234762
BSB1812,0.7695803060097919
GCQ9238,0.7691023528202449
QBW1615,0.6266094306658758
OJO8099,0.25356091316342655
OUX2052,0.2619633618638497
MWX6680,0.347053836208087
AXZ0961,0.34213406507524396
XPN8077,0.5826046720416486
FZL1982,0.49159014857702754
WIC9070,0.5972044982325373
HDF3459,0.43137651398825744
NGD0004,0.36255844713013313
TGG3926,0.463242356869526
IGK0243,0.22947903234262526
BGV2526,0.7575441476205084
BLC9364,0.4425481030651098
OFD7539,0.6712855614159191
OAH1823,0.2639314060096349
NQZ4084,0.48729952404124977
IYX3416,0.3723110590654783
HDQ2252,0.5425317790457737
VBY5671,0.39095800048442225
LCW1193,0.4315960483158725
TNU8061,0.47274744938056246
LKL6935,0.2900505751766005
SUS3751,0.466405445802931
VGW0131,0.5631805617410153
WZM8088,0.5656610576570891
MYJ2040,0.642581215056646
KPI8713,0.7361995548721999
HAY6713,0.2933188486456967
DZA1378,0.4913190513350311
KEE7365,0.21327255926368646
OWA8647,0.46663057921804674
TUJ0235,0.6621091337996816
ITC8151,0.46547973661346964
IFG6313,0.3589269995213059
MOK3205,0.7256008313624048
FTY6144,0.40461685686647736
KOA3700,0.6953814196468031
PYP7703,0.6192463736415643
LHC5900,0.30672006464313994
JGZ2115,0.4444810949646178
UNI1663,0.20965914300797373
ZFG6509,0.31665822505519203
UNE9379,0.2653488248556772
XYH6411,0.25880916703987933
QTW5754,0.8176835325438194
FSO3694,0.662806642873924
HOY4148,0.3382953502657121
VFR5550,0.46746686731143366
RJC9683,0.427511620153656
JMP4506,0.8632970393837114
EZN3332,0.6522329176049662
ECU2366,0.5447273307543321
OQI9772,0.537799259429702
DEG0862,0.09472391889308897
IZU0386,0.43852957790415514
TGE4171,0.374817808717314
HGU0195,0.5730042766624089
HYW1345,0.1432949668530652
KWJ9347,0.39082914601092006
NEN7347,0.4202151840824454
FWV5794,0.513135035947764
AME1301,0.5392283430447462
YHQ2814,0.4072199463467804
STY4964,0.2223322250575179
DRD8345,0.612790113509784
JRK6366,0.3535973573288899
NYD0866,0.5774396572945121
CFQ2102,0.30182159435008965
VOS7787,0.6654928804304833
ZGN3501,0.4476949981873696
VIU6738,0.35521846825006886
OEJ7985,0.25978659095265233
QVP6329,0.37085342088655565
EJE3330,0.1734832015682349
NZV9061,0.42767068244790446
KZF6644,0.5524267766300506
OCA2457,0.735430183593199
NKJ4924,0.5709753814182011
SLS1109,0.19738631128273232
BID8669,0.21625908770750385
AMX9569,0.46921326897189825
AKU8460,0.4229413310586985
RVB6841,0.7325836577892628
BJP9895,0.27659943353224986
NUI4528,0.619739293887713
YLV9127,0.33867277417834657
NRU0188,0.393790889654629
MSB7840,0.284446264658938
OUZ2583,0.8581143662109308
IBB3805,0.7493030925744204
SAZ9515,0.2240381867472573
CVL2907,0.6538243808502734
QUY5674,0.4730066844236508
DGM8734,0.8313084838434041
EXD0090,0.3764750271142045
JLL6388,0.37096733128801207
XPI0088,0.7160356607735261
FFS4989,0.54306754004235
FKX1094,0.4262475512266408
HOS1189,0.4991269022818096
DMC9213,0.3223259301480824
USS8184,0.5414464551469124
NLR9778,0.6550652807748786
UVB2218,0.31798872214574636
UOY1581,0.2696478284289698
YGK7391,0.5382357547466354
EGA6066,0.4348115644445283
DXI2554,0.47587465391317424
JYQ1182,0.6231525315352854
TJF7046,0.48397850667309383
HBV3751,0.4578027065799984
HIO2881,0.5143583543749447
KKW1949,0.23268313211901634
EXO5445,0.5667288728453712
SHJ8274,0.45406034433834536
PVD6218,0.4496766398453573
GBR0983,0.7407434596610981
QFH9826,0.8391658712075919
NKJ6268,0.21949668545441817
LOD1596,0.2665612445078855
KZO1947,0.1741336652350791
WJY9773,0.297173487437339
OAB1566,0.25413436136988427
ODN6043,0.3433145863417684
LQC3204,0.4284311786404205
FUG0693,0.4184779741972199
FON4316,0.36830516456931056
QRL2739,0.5748723029417891
EUV8682,0.3092970989986525
CPU0483,0.29060366508702007
DBC4185,0.32476947094399566
RHI4955,0.37465564118157074
DGP8509,0.6951324194046039
UTG5131,0.36520912629456853
ULJ6592,0.6034898136627821
BBE5979,0.6924740926117013
BBR0750,0.46889691967081254
RNF0523,0.5514923749785884
RMX0277,0.5830378827752531
FHW5229,0.663107732627536
JAB9481,0.33010289177082675
PEX1813,0.35108817398990716
KOI3974,0.4376196738412118
TCS4563,0.5033588323989698
RBV5707,0.7369713569580076
FTH0281,0.542242966343675
UAH5815,0.3886101834575448
EUB9838,0.5436933188659155
ZMQ2617,0.5435070359790001
PXN4987,0.5891320750309902
NJW8728,0.43219174584410647
NSF4229,0.32346481256386744
SXU5601,0.5528635377367752
WCG5642,0.44705659223985433
IWH0066,0.28744451561239975
IZI8962,0.6906651646609658
ZXI3114,0.7129258689841581
TRH0877,0.366755483597523
DWS1156,0.2975912779114886
BNU5172,0.3345264206179472
HSW5481,0.32170714988234017
KWN7089,0.5089074251893398
LFF8505,0.6004767019878535
GVX5582,0.48665155916805586
VDU0832,0.4981045162613032
VIJ4798,0.48839764179822975
YMM0458,0.28899515634879064
OGB3564,0.37059591890746046
MEQ6866,0.6336308309946335
AOE6958,0.37041078430573565
VEK5561,0.2459608717373701
WLL6206,0.6249824608865344
LNR3498,0.29467386959914077
YPZ7612,0.6944323396681407
GCX1531,0.6198225483632714
TXA7847,0.5285514313777299
FJZ0116,0.5398895158551644
LJZ2683,0.47851066298331774
EIM7860,0.3298485008699828
AUU3823,0.5812579608826798
CHX4581,0.6861761691199474
YRD0437,0.3493052211818757
DAB0671,0.5224763343047095
XDO5057,0.44744132676046916
ZKW5475,0.5467513606509357
CGO7243,0.42634853078137097
EWZ2252,0.6118831839387004
BWC2297,0.40935534138571983
HVF8197,0.4036218626754891
AYH9061,0.6162804558271225
AME3933,0.1908429422283011
XNC2032,0.2321572768699412
VTH8783,0.31654748174187264
XCY4881,0.3809568619471461
GSJ8580,0.3401992858481079
WQQ5955,0.5864857728227386
OMK1405,0.7173141426194187
APA3758,0.28666743804717193
LMZ3692,0.635317077921995
CBX0707,0.3263316727789059
HUD3876,0.2908012397822753
FRU5905,0.4423894328790399
PMS6526,0.7823747064386277
ZXJ7471,0.4845010323989288
ZBY6746,0.6559149711386142
NJT9868,0.7437938392317667
UVY0564,0.20016511397587436
SKW1143,0.3798069752376486
ABG2525,0.41484167049638837
UFU8390,0.6708606738800554
NGT9960,0.5649905348461863
ZRY4907,0.5446067078023441
BGA9143,0.36973863678726876
SBI9198,0.40023080492021884
TPZ2821,0.34468727621160805
ZHI2106,0.4864533198994873
GJS5356,0.6945315551494485
SAR1513,0.4860090875963325
CWB9113,0.5444600373993794
XEL8841,0.36688553253490036
ERY3718,0.2928709805606082
RJE5240,0.17642506765682284
QJG6699,0.5654575499008035
RGX4351,0.6094830708629971
KOQ1552,0.6287634958217929
DFX2670,0.2372877874478751
UTW6638,0.5098798708338191
PBX0575,0.5832121753948597
DJU8355,0.27060192365029045
OBM5317,0.7337980487514589
UHI0457,0.3198584110902725
CWC8353,0.6703946573655345
GTN3770,0.41002180112931264
PWP6352,0.4402136127349053
BVD4367,0.2316531734592197
EZU7351,0.5674017920512264
LMC8257,0.7092352981187847
WXD5973,0.5670213699663365
BQS8990,0.4335091774674485
LZL3343,0.3722547467554424
SMQ1462,0.5043418767265327
TFY5736,0.49043478740883767
NEW9673,0.4812924440596875
WTI0208,0.7342069870653917
GOL9753,0.6425991454030557
HRK1159,0.5234669657012498
QEK9330,0.44438207529905227
RXH2280,0.35068379686547846
ZFI2141,0.5386095073828611
FBP4085,0.5852792827673324
LRW6457,0.25460965625417015
MSA7617,0.2315076413256016
HXJ0847,0.3499087622247089
FNI8232,0.23693165923336337
LRM8286,0.6226361697190994
PFV9823,0.1781323682295005
JCE3764,0.6697397282926384
ZHX8548,0.551661354531377
QFC8467,0.4591659574748425
VNH7366,0.6293828886134992
DGR6762,0.3103091342192928
CQO4483,0.35195854390766895
JRA4800,0.5850514147169363
VEL6171,0.5444590093070355
ILO6000,0.5559545342645307
UGZ3030,0.4473883226450715
BSB4917,0.3851576112216451
THD2413,0.49102317370381143
CED2110,0.5548808512130103
LOR3260,0.2699059883715906
SIO5381,0.5662897554528862
AOZ0664,0.1750583689624288
VHR7684,0.10171102358698282
TFV5435,0.60382268361211
VNV6240,0.6797941328205743
VJM9383,0.2181767456834475
EKP3156,0.47474609408884305
CKL4208,0.7765237059412307
QMQ2073,0.19212509808034994
ODP4214,0.5738473352101973
EMQ4270,0.6975094417484659
NCO2846,0.8283543776524748
ZKW4912,0.582461432437189
FSY0685,0.4096036896032428
PMV3303,0.6565607601972135
MHM7359,0.3071854980030559
AMU5446,0.7043173678847887
VOP0406,0.27797890905178824
XWN2574,0.15214349143341604
USF3234,0.32072417127212105
BWZ8496,0.7144113991280033
RGY4012,0.23804404761898673
YQH6242,0.6124081972238764
NXM9286,0.5977756137847278
VPK3577,0.4155971356921782
ANQ2382,0.6024379770416186
CXF3459,0.4136853976089654
YYD2813,0.3907043097094114
DSE7516,0.3057410893102137
BIJ6208,0.5090320148472489
HKR9614,0.7760753925169028
MBY2881,0.33969395004478053
RNM1234,0.21522065040491375
CVF5149,0.7297538296771784
DQT9935,0.6081274646884324
UXD3629,0.16506828195202747
ZPM2559,0.424173769137135
SUF0190,0.4390204222363278
UQC7394,0.6852551392993531
MLL2713,0.2602297084282471
MVW1001,0.34274392330328557
ZOL0937,0.42311884641175485
ERS5113,0.33367453185447987
OIQ3452,0.7084049019137197
KFJ9679,0.2122265084177368
UOI3318,0.6492365787864841
TIL3217,0.58368032476017
LIT9079,0.6935985970571018
MGN3958,0.4597370588749432
UJS5723,0.3338528149095052
NFP4748,0.5241952672702483
SBB7768,0.6294130865088826
NBT7826,0.570676983131394
XTT9899,0.5863146014137512
DHM3901,0.6400315556164019
UBU1016,0.6334072746181014
QEO5046,0.5254421891580466
YQK8315,0.33881666977595115
JEM8731,0.7032492174784677
TJP5066,0.489468024675339
ZJU7735,0.15242064241814937
SDI6080,0.655444319354331
CZV3482,0.7384407451612257
PQX5630,0.6095028288800686
NKZ0214,0.4496487165088076
HLX7206,0.3720766207888146
YZX8841,0.19959321551470358
ECQ2509,0.64763849571303
MYL9728,0.5987117234477065
XAQ8230,0.3621817062833993
RKG9466,0.7563810413204177
GFM9961,0.43276206216578983
ECR8128,0.10602704318464996
UUR4860,0.36736829718140196
XFW2308,0.24575618404302307
EGP4520,0.47049343245308844
KCR3281,0.5673912294757713
LBZ5822,0.25161333543705194
MSP5345,0.3700998970181851
UZX5829,0.5022786542246639
VLK8520,0.6806940374910606
UFA7337,0.3243865404263964
NZL9708,0.5063120763061072
NPS8684,0.5279598436719259
DAB4074,0.4656442117256982
KHQ2631,0.2746523678645446
LYE7723,0.5171016839849188
IGH2607,0.8380194251161198
TAI1258,0.6214892371720203
BOM8677,0.3795597981596562
RIA2278,0.4684458528243547
MCP2020,0.3662659579115045
DMU7521,0.4082806969181648
OAN2005,0.2703065551702176
QNX1018,0.11035509702363641
PIP0182,0.4484890244000213
GFF0570,0.15640903433084313
YXA8986,0.18247628229740073
JLU8438,0.4311095257830043
ZYW9004,0.40305216508334013
NFM3278,0.4037131808873177
KIU5533,0.5022905503493476
FBW2168,0.4413834982018279
NPG4374,0.21171922172807583
FJL3478,0.25475573358005055
CFC6920,0.5048797000675989
YLG9645,0.527138118901311
HQA1719,0.25247732032003667
AWQ8996,0.2530438432426963
ZXA8304,0.43941314702329104
UYR1714,0.5642782143435715
IWS8403,0.42795276466722143
BGN8123,0.5704045641439683
JQP2398,0.3807075717585695
XBS8326,0.310680418492249
FNI7163,0.5748151193517189
SOP6458,0.3722631240998974
PIF5803,0.45104947654948796
MKD6010,0.42248606039176856
FMP7211,0.47708105079983504
VHF3016,0.17844173193907237
IWS3982,0.45056604411073603
TQQ4585,0.36136750499741727
ADE5557,0.2899036332472868
EGQ3082,0.50982206023415
HQD0501,0.4480725363397696
KMK3923,0.5449541139878659
DAH8950,0.33851766891641916
CYI7850,0.5092724959328165
LKI8677,0.3703866837227464
WPJ1514,0.5167231219157816
SFZ0122,0.37479521612514616
FHA4722,0.30717591409596423
WNY7098,0.5811306791171459
UEP3307,0.46621918158571746
GAJ4574,0.12895009704864083
KYG4754,0.6163674649394438
BCY3028,0.4635794876466433
LFF1558,0.34568276316962976
YBS7007,0.47825302231045175
NKO2158,0.7133570689779124
SPX9613,0.17195350392396194
NON7604,0.6560816999396106
FFN7247,0.5264661903612684
SQG1697,0.5200101192832038
YDA3984,0.24557983500386762
DFB8435,0.4768469583223588
VYJ0443,0.27316131443645236
VCP7262,0.6959209605268148
WRN3435,0.4815500820356332
BTT2446,0.43689352068159026
LAH5377,0.4318917024444282
HSW3806,0.5165435317558735
HRO1928,0.46633666090935816
XLU8146,0.3442877718806908
SIN1614,0.5310770753366892
BLN1988,0.37119725954879107
XHK7418,0.3260069905656957
ZCA7979,0.31482786562892734
XLB2047,0.4365863477317811
QAU3695,0.44900495021321607
GOG3970,0.5047001310794145
ISN5239,0.2707177972483087
CPU1536,0.6738038214031483
MKX9001,0.3883492244444552
KOR9892,0.349902301238258
NLU9073,0.512829781356926
KIU5875,0.3381501422705912
WDP5238,0.6986359189072923
UDM5755,0.5993240146676867
GUK5794,0.29790142097778105
FYM8868,0.2973628664092022
BHK2487,0.5719783439680063
ZRG1286,0.7925753752729292
XUH3076,0.48223471215030383
UUM2341,0.8427543526589755
ZJX6721,0.5254387716700012
SXV7548,0.58543455876055
ETL5828,0.4092142423052394
YBV0249,0.6950150514484317
YWV0248,0.6655732597383243
LHV5651,0.4862606618837636
PIJ2107,0.3887305700763752
BAZ2922,0.44492028391649374
BFN7414,0.1414519089376419
LCJ4382,0.3827713091791211
MSZ7963,0.8442019446292024
LLQ7511,0.5182973628044334
EZQ8929,0.39038784574988344
EYW3271,0.49744210370111125
LUR2550,0.6966074741931704
KWV5171,0.3883508764887349
BJP6002,0.6047186871218109
GAZ6352,0.45702686749050336
NOE5899,0.3830986925358437
GSO6330,0.2890309616331216
DAH7009,0.6183104185642788
SLF0607,0.5356755690380641
PSS4938,0.5266820028386728
YGX9689,0.39628332769114255
BYQ1680,0.6588580716107277
NSD5065,0.6890071811217722
SBI5104,0.1545348939764192
URW5994,0.5374265731565367
LPU4091,0.4863905931248567
UVH6494,0.5280210700719319
OIA6408,0.5451709735680506
KJF9569,0.4307684604358534
XSB8188,0.7402264746047829
KPN3155,0.5152801067490086
FSZ2003,0.6588441930331391
ESE6389,0.4310425096912967
EQS2051,0.4289226675701042
JXM7806,0.5980037933662821
FAG4187,0.1965025897798203
PSW9861,0.3356849935717477
ZZA4074,0.28524692441065824
HAU2809,0.7263363512426536
VPW4006,0.5345582726270635
GEK2385,0.5550790961101123
PSK0074,0.39126407338109015
JDP9071,0.5854884668353948
BJT2367,0.6284577294792841
WZL3394,0.1998969158284448
YMZ2832,0.30257843352193564
CAV4415,0.2718477029349274
IWC6782,0.6419437062005107
FYS1072,0.5638143129953892
BKO8859,0.36818367130889246
XPA1096,0.17647595426873294
UTK9333,0.17986584304705192
JUH0752,0.6147805307504715
CWE4540,0.6056651194948186
GTT5772,0.49540462679215364
NMS7261,0.45992168406031236
NFC6092,0.6856517043767487
SGY9017,0.32712624523702466
IQE8101,0.5950667679052337
SCV6718,0.6879753260421786
CHG1677,0.3544648265281621
FXY2129,0.14660079453839997
GDF6179,0.7429271096381115
VLB7065,0.6495373110404945
HUT0035,0.6312422924407316
CQT4321,0.4391778528030062
EJC5633,0.45799088217058354
XFS1411,0.27273427686208085
SZP6865,0.6053779648278079
PRT5108,0.3594108606703198
MFG7332,0.7601946550408663
IES6695,0.21787550299462022
BGF6096,0.3992125368855969
KMX2095,0.5502898714754595
BXV0396,0.6022212241538668
AAS7113,0.43624517903107757
LXU4185,0.3659717642201281
AMZ2875,0.37132189494400347
VTO9083,0.5180703020516371
OYV2826,0.3048499752401243
RVB3422,0.43261426967848443
VQL8869,0.42724887950658946
FHI3975,0.5378400020930089
MRT5122,0.63422902943511
NZT2696,0.5746371528841475
UJV3086,0.44982751238913693
MWX2959,0.7046100528887467
JRH4241,0.6369392852473652
WDY5282,0.6588871411892608
PFI9861,0.377042231295909
NLH1159,0.40278233524080065
UMO9863,0.5387087479696924
WUA2558,0.23589022823685726
BOV2617,0.5005168745097504
HUF8662,0.5937589650247769
ZGV6167,0.7658111075012292
FJI7768,0.5308159491056006
NYX8294,0.44198319230997934
WCS2391,0.4326824283125687
YXT8825,0.4080227746205086
UYD1555,0.6352174599277812
KDE4661,0.30842719264771745
LFW3799,0.2626917089067735
BOI3325,0.3742535192118769
JBD3230,0.5460847164153807
XOO2590,0.6992909754327694
VPY3256,0.5121342034309541
FWK6396,0.5209721310062785
AAQ3587,0.3538974416648371
USX9973,0.3271954157975721
ZFQ2099,0.6553175575460387
NSP0769,0.3127142787600822
VZW2794,0.4358744647116465
FPQ9097,0.2995320962708548
FKC0825,0.3734750908188685
RNJ6469,0.1927811880144988
FHX5987,0.5683455882224056
VKA7541,0.523519059596869
ENB5449,0.6706801326993606
PAY7678,0.3860634664499211
KZS3695,0.2113481716100522
WNU0768,0.45790251615855776
TJL7779,0.3657121364093835
HUU6061,0.8072823801715845
GIA7202,0.300945499160114
JWY3275,0.7391789514502054
LRR3413,0.13153082580437586
PSO2484,0.8567357366916303
AMN4190,0.422558981139023
CMM7729,0.43801195920075325
WMY3696,0.21232849058863648
VDS7382,0.3153641808910179
JCU7529,0.3640445183991835
NDV4582,0.2751407341406634
ATG3843,0.5703496131296685
BVB6806,0.5971866027738704
OVJ7342,0.530340303912778
EWF4593,0.40469164679154174
VCY9319,0.29886929403859286
JYE6112,0.6065335511237455
XJZ7853,0.26594656761351415
ICI4338,0.3373548778749002
XMZ0098,0.7462325928975246
GEE3464,0.37249352413161535
WYH5383,0.16942482192705285
IOA7460,0.5487656537864615
BGH0751,0.2603905525916314
BZZ8446,0.5819619145999951
UAL3684,0.3038316190002831
DBG4584,0.45082226375317436
BNH6408,0.20938415962279008
ZIQ5333,0.610828683786855
IVJ7741,0.6758112983236801
NTP5344,0.45509382074589627
GVG0103,0.4158897873474997
YJM9336,0.38418909823067005
QFS7363,0.25250605866415593
PDI2374,0.6400980974658681
KXT0789,0.3407772145165034
QFP8139,0.20568796822408134
PUN5266,0.4237794188528234
SVH2177,0.40744348349232357
YJR6111,0.4100132957524842
DSS7133,0.5485333887233638
NCL7062,0.32881209245526766
AJU0855,0.4083737106766109
XPK4890,0.6541691794795194
WIZ9924,0.3977338408498056
MGV2706,0.7920722585138441
WFZ7199,0.6920264733664904
DWL8248,0.35399962968562493
LAN6798,0.5410475071659346
PFP3113,0.6599109174467545
UXE5171,0.422394843545547
BWO7771,0.7399211038890202
BCK9106,0.6277972284373469
KFE5862,0.5782953560139558
OSV8609,0.6039390926461746
GBW7920,0.7413924635017748
LKC5945,0.7195191455393432
UGZ4314,0.09217744577629991
JWR3503,0.18396763929739293
JQG1138,0.4821887196363804
DVR8493,0.4619862129235763
JOT3091,0.6451101292824154
QUF3899,0.7419107850167687
ISF5324,0.37477588006896606
MEC7902,0.3896342616326774
JXL4357,0.39241008817027195
LLR5129,0.320618783246155
LLX6667,0.5461614899788418
WTI7122,0.48716630745329115
PYY3836,0.26965418256816676
CWM5708,0.5520393934515321
ZWD0729,0.5666164031492992
AWZ1380,0.49458308811415613
YUY9265,0.5731993815477343
ZOP8692,0.322477485251496
LTZ6008,0.37127805248693074
IBA5631,0.6813415896996489
GEO1078,0.38083988908966854
MTP5467,0.22459115834151305
KFZ7463,0.3246570537303159
ULX1591,0.648453305826967
IGH0605,0.3521402554664323
QMP2561,0.32226867961082967
OPY8179,0.8018041899515926
ONI1797,0.45587293902405845
DRK4458,0.2740005400614098
OEJ7372,0.4968567170683575
GOS8120,0.35376690706858593
WPR9475,0.7041042367052214
TQS9197,0.5959659009355285
KZV0779,0.31401948553515163
HYL5313,0.2881040555071149
ISD8532,0.7246008245850067
XWV4369,0.7089690655881571
YBN0441,0.583798640239488
XJM7641,0.1302477557535014
UOL9545,0.3073807584969887
GTK2540,0.6733229156688415
OIV8849,0.2713461674609344
VEL5401,0.5171277669678486
VON6500,0.7468332829295867
QXN3582,0.43270972654754114
KCS2600,0.252648557272598
LNL3239,0.20444542779717154
ANZ7871,0.7241702193259699
TXH4345,0.2034971836935032
IGO7620,0.7264896094384438
YUW2965,0.678731590358799
RUS8416,0.18963719228851011
DHZ2877,0.792468925419338
CGE1904,0.36343031998146186
DJA6086,0.5141127963000792
JVF2534,0.6506359673238485
MDR1905,0.6776611631234359
FDM8444,0.3118767273944759
MYR9045,0.8684157334383501
CHH7599,0.27235195920887695
YKM3043,0.27907390891827627
PCX2311,0.42295948329778
BPP3429,0.44671416873280584
XLF7396,0.6966692415000681
QVD6861,0.49428825850495933
EAC9541,0.39826349491177987
JNY0669,0.8069153883197319
CMY7360,0.435186725675234
RTG5042,0.7140347778322996
VPT3891,0.23448431511496476
WPR3809,0.6144085668850288
EZG4620,0.4930942820232064
PVO0967,0.6326499531094235
APS3407,0.2244659489853002
EXM6711,0.46552947425152713
ASQ3605,0.5004333315784372
EMZ9496,0.3414414298550679
PRQ5952,0.7648338825010537
CSV0355,0.21542172993796266
OWR0811,0.3023816607090746
STE2994,0.49463261149585136
UCX8064,0.26082355984869776
AEO9747,0.4107439283873206
NHE1342,0.4465773994850843
FIM2448,0.29613144599418123
VVI2122,0.3752593785026173
CHU5307,0.2964474810359531
VGS2219,0.6434167262705734
SKG5089,0.4339765263827814
QZX0534,0.33269113872395867
KVW4203,0.42188226958015135
BTY4771,0.5415611457594759
VWD3593,0.662687682031148
EGA7849,0.38668464916925743
NSO0204,0.40452614452119623
BII3399,0.39134945904364754
DIK3381,0.5293775310921927
ZAD0002,0.3574647053733085
FZR0923,0.21467379788220334
KFJ7839,0.4326580476629716
FDW9073,0.5326199349113548
CDA5025,0.6571644989572855
ZNO3134,0.5388738370045904
UJR5843,0.6766465433699886
BAY7500,0.5895666201133832
LBK4717,0.6375076828431655
JPW6842,0.8136008967453219
UTN7073,0.3079682741253195
PLA9363,0.4165083264076688
BHU8373,0.6516061324404248
VEL7874,0.5279034986135772
OWV4701,0.6474977763163151
YGU1647,0.41738950588228974
DPR2681,0.37442180399395003
AHG3945,0.3504934998861323
HBA6797,0.5042608714689665
LIR6551,0.38504598271162355
QQA3477,0.44727294572300347
RLK8064,0.35097130927191095
FZE9803,0.28815488709093834
XHC4412,0.558966449610476
KIC5437,0.7003631504963949
UJK6515,0.37928525678119257
WRR8006,0.4954061576224512
LIH6194,0.5346013712330598
HOM9326,0.4126396402534668
RVL6761,0.43483630553853886
OYJ9371,0.4856899817813623
PAS8310,0.6090040530977582
LWP0450,0.5382152641318074
QCO7801,0.5406562174443056
VPB2229,0.2486887309281529
SFD0686,0.7106208708952166
PBN6180,0.47714018806054076
OFV4378,0.8577205202626671
RJG6648,0.39838526848719163
TJG3580,0.4233240809694827
JMD7331,0.6697767548871777
ZVK6303,0.33450249293811946
GXN7069,0.4598958078934724
MVH2014,0.785563616840391
DYT8927,0.5588757305676743
NBL0712,0.908750820448108
GYO0155,0.48154209456929065
IAC9902,0.1075182168560168
DCT4033,0.7721926561330265
QWI7337,0.3871893226861315
TPQ6194,0.5029091801371003
CXL1729,0.3853170477304075
TQQ5065,0.1576195923154961
ORZ3223,0.41481601670746515
ZJT2723,0.2568567516443421
GJX5455,0.11627284947975543
GAJ3499,0.35971016045375465
QJA2746,0.6046062851812257
IPN4571,0.5272283243515594
THG8073,0.3862644118527855
UPD6273,0.3899663271264822
JYL9827,0.48003609878076275
UQX7522,0.39329075569762356
RJE7226,0.6387152701185782
PXO0226,0.5543482144660602
RVA5201,0.537175549996672
AEV1617,0.5280174665473163
QCA6988,0.599663098702986
BUP5917,0.40070223218302276
EUC7877,0.21998721123340778
LMA1495,0.49833511778748446
DMS1343,0.2693979768576535
BEY3736,0.5723283522169754
REI3559,0.4210413706078341
VFR8526,0.5892798665641816
DXP3708,0.2910549515489172
CYB7594,0.5342973744871139
ZKB0497,0.46509261921194706
BXD9603,0.43426043991345764
TBV3936,0.7209910727642793
MEK8872,0.5648891960267531
AXR8386,0.38183507777375286
HBK0550,0.19402216997376706
MYM7993,0.15961997378877107
BFP0803,0.5416236446924767
OHY6574,0.2835695117267681
XVS7344,0.4510841894816581
FWE2319,0.5753313653277867
GGE4068,0.48477759373227614
SFQ5356,0.3894064488676732
IUR5201,0.34805245441058535
HIZ5925,0.4573008388554135
FLM9708,0.6021518707226615
LCR3080,0.5618925280324013
LFV7294,0.29933693739811545
GTV8967,0.37807538737448076
XIW4088,0.7017238789005104
PDB5618,0.5634600235377485
IKW5382,0.31701836805485556
QSW5028,0.3357394940002823
PQK1609,0.3964875947533954
KFA3706,0.47985921833077444
ROG5869,0.34180740264332404
IZB7057,0.6408549375442149
UGT0576,0.4611517355584104
IKE6341,0.35557279344466214
WFD0657,0.34236583565563616
NRR3437,0.15817337440878873
PON1393,0.6729232705365266
IKG9157,0.4576193338583057
STA4873,0.3798024248958743
FGT3217,0.4189134953893688
DPJ2630,0.3538730108915234
XKR2285,0.3766609584688037
TGU4244,0.24500930971464996
WXE0371,0.8238460217019999
SKV1611,0.5661224519905635
WEM7796,0.2770975449375314
HKF5825,0.30681526099466744
MMB8694,0.3215955457993464
YSC5977,0.4888081377970805
ALD0226,0.4871105845180126
RUJ1149,0.6875488327127529
BIT9596,0.44297658761130654
QDY5235,0.4386854417124457
OBF2010,0.4721470614378947
DNI4141,0.34609882046029333
FIO3277,0.3741036712464229
EBU9897,0.3941032335815756
JBB1038,0.6926344544744024
HOK8117,0.49691641814328386
ATI2837,0.5625991472900205
WJN7406,0.22631082834925215
TBD3532,0.7494176558470615
NIP9564,0.8397355507795465
JFT7708,0.44538219648734584
JCX3888,0.702747329171371
ZJT7098,0.6703649940510455
HMK4154,0.49742790831721456
UAO0030,0.2775163495542371
VUF9010,0.4434030763563936
DWT8749,0.6587035717576822
IZG9580,0.39548967307734545
NAV6508,0.2965921670415645
PVN0440,0.7591166523743672
RBV2680,0.8221482097569066
KIO7475,0.21113332131653806
QIK9112,0.3623419774023716
YNP7424,0.34337019474426417
LNP2526,0.7744127886050691
JSS7069,0.617558410575356
BOF6549,0.3397145787715398
ACZ8821,0.44819664697254963
BDE3165,0.7270323414451086
MHK2146,0.6165790350429935
CFC1014,0.7093556704064785
NVF3938,0.4877310413590524
BKE1559,0.33161813834809
XZY2744,0.2697991130658014
WIA5017,0.662663425800609
ZIX2511,0.5430586227025275
WGU1584,0.43132569600616744
HMQ7762,0.5837544314357564
DZA1512,0.32609849868086593
BZT6517,0.7754016609595747
LDX9294,0.3162135071434474
AVJ1407,0.6756877432637872
LVY1540,0.20746369268036666
OAQ8445,0.58670411348003
IER3992,0.4354000010006076
GSH7565,0.22439099694225484
MZL1445,0.5437202326181743
UTR9251,0.3127074036134756
CWQ8289,0.6600585579200055
PKY0579,0.39189148571124627
BBG2676,0.3202373893495166
FJE1300,0.48662284572853076
SVU4532,0.161973494865219
HLR5621,0.33386658573102634
ZKG2634,0.42808634405161955
EMJ4291,0.490688719255102
KTM9004,0.41232515337506354
FEQ8164,0.46601220395923
ZXH0943,0.3715212524382508
TYU9186,0.36580002709607057
EEB0624,0.774834840611353
LWQ9693,0.2859490958514442
AYO6751,0.47848255203298906
MEM7039,0.6843765268898682
XCJ2719,0.3667485209884242
VBI9490,0.5280202727579321
JPN6438,0.444565112445588
YOP4022,0.27733102596285397
WIE1670,0.32459168758685714
ZZG1279,0.4733160226852474
IBY4892,0.5047772927874578
VRH3683,0.4250512097603486
KTV1619,0.32653187334168854
GQB7094,0.5844004777607253
YCU3371,0.4023873080792236
DTP4491,0.478057716534319
WIV9796,0.404645718252003
MJI5663,0.4629154573249518
WCR3433,0.5686112131678119
VYN4221,0.36155708913176504
HVJ2795,0.6268941981840165
WTT4377,0.2217071106705324
LDS2388,0.15559173461505113
UTE4496,0.3657050462599137
VJY4583,0.5738894223415819
LSA7964,0.6612459596551999
BZV3649,0.36826582778647093
LWS1272,0.4611558405375106
VLH0947,0.32496353308268106
ZVO2998,0.23901194145140395
PBJ7693,0.7779533171213291
KQH2058,0.39449997990615315
ITP6992,0.6898360208753715
WKQ2030,0.41371104828516136
TKJ4454,0.28530336742188
MCT7093,0.3217468841342164
LQQ6326,0.7558113433971378
RKB6395,0.21917023767640373
ZAH9261,0.5283155333927557
GZI1127,0.23797063535412008
CVV6331,0.663934206688784
XQA2811,0.49830590155176324
SYI6054,0.6504680295047132
AMY0655,0.20721311103653142
HZK4281,0.1940671933045856
WNT8145,0.3407754173617527
CCX6236,0.7367054275618842
OAE2016,0.23941481415067858
HHZ0542,0.3566604890109021
DZV5764,0.4438498158134879
WXR4271,0.29359386036195495
NJL1519,0.595683429609669
ZBX8960,0.31630775942475864
TCO1239,0.8054581864999892
IZE0277,0.5034452134404808
WXK9583,0.4237155763439634
FBE6451,0.566237871740187
FTX0418,0.38233863851134625
UVJ1190,0.6115938844962706
ZQD5170,0.3115470721032026
MMG0954,0.22594331337167564
QTH7652,0.4740038136776921
EPL8454,0.6834016409746234
ECP8252,0.7326039355928032
ZAU0784,0.7906767305389861
ECW3835,0.6592893755429083
CMS0318,0.6660421509109647
WLW5649,0.2856364430989225
JHX5386,0.5657613503286583
PCH3333,0.5898117069206269
CJD4090,0.31185416011987027
ZHQ5954,0.6511502575028855
TFC5723,0.5176306975499404
WRQ7331,0.42092746645376355
KAN4912,0.2802466738385612
EPD8279,0.45505120598184445
PDC5099,0.6341375131719655
DPY3938,0.39251007962321544
UDO2330,0.3935729246053899
WKK8778,0.4089751516503726
KJM7083,0.4796247820331895
DCA2616,0.36228222206510863
XEH0275,0.26539575717230796
BVJ8088,0.46785616510434613
ZAQ8758,0.3466637959149799
HRF6526,0.5844743263248979
QQJ4189,0.821610263472686
ABK5848,0.7343934414925488
OEH5253,0.722076148754005
FOT2445,0.616518499300546
UXU8867,0.2861839679681907
HUX7982,0.5106621620328085
SMV5436,0.7244825243281667
FBQ4481,0.23759391848206649
IUV9080,0.168252129355362
LRN0740,0.504458199699937
CBT9092,0.5989829394787483
CQG4678,0.43771112247495597
JGQ8837,0.19264127089836972
RSE5980,0.3670481217751494
WSZ8728,0.46716202702988097
SAD7889,0.7589535564569495
DPH0398,0.777758250010704
UQR7067,0.2899197315480245
UUY9624,0.7772692751653187
PVA1710,0.8057846235024989
BOT5603,0.47646781366048596
LWY7653,0.36180560691009406
YDH2973,0.4534185022970287
MEE9924,0.5428587407163439
DFH2841,0.5353363308084379
JHI3131,0.4037070054895643
AGP6903,0.3980396960655969
RSK5328,0.3851762574507259
VWE4596,0.3756651800512832
EVB4879,0.326003507041727
QHA7457,0.727609613924083
BTH4717,0.6925415275538205
ZYR3814,0.41955970318769065
IHS6850,0.6997112360845277
EBB5326,0.33556361182297617
UOC8757,0.47855034575525984
VGX1724,0.46448164305845013
ZZW2620,0.3745479472496704
WGP0738,0.3529515345455339
NDT9688,0.4520023262948275
RDG5759,0.13357856852447378
MBZ3219,0.5608732846288527
VOA2778,0.2912047849396929
TER1659,0.39637900394089975
CPG1677,0.38774330783921945
MTD7705,0.5775072947908192
TXG5920,0.4946361109281184
MYX1390,0.5355372114971014
XMW2906,0.5259912329150416
NVX6011,0.3554272388138375
LYR1389,0.48146571861727383
ZQS9453,0.5368021403830341
KVY6771,0.34163955603100365
JQP6097,0.3850431886535809
ADB1236,0.41463190265912797
FAA0655,0.35482030998006026
RUP3785,0.46503796650526963
VTO4977,0.37001459680956855
OWY9257,0.4261643711241141
INZ9599,0.33143175550924714
UYV9434,0.36828936157588327
QCN3988,0.6184871604739107
AIJ4474,0.3088788746755501
GMF6125,0.5515929506868118
RWZ2877,0.5508182406503244
CVR4043,0.3930406716786342
RZY7054,0.4151718310539461
QPL5273,0.5807137808439334
KKO1796,0.7821121330812207
DHQ9595,0.6934561427839165
OUT6240,0.2074833920320574
LIR4665,0.3890230477028931
VBS5912,0.3809283910103531
IEK4502,0.31024598507890094
FYA8853,0.6174430495306005
FOH4659,0.7900370343226273
XNC2504,0.36708909718042226
SHN6071,0.659996060272074
FPE9638,0.19420253745773638
MIQ2318,0.38198215088772824
NKE5145,0.5674812356648172
BNP0383,0.22752130994863534
OXQ4019,0.5298228426341511
QLG7535,0.2825354786658729
NFG2213,0.4047095686191694
EWY0202,0.6032202354909766
LXZ6473,0.658343817047574
XLJ8555,0.6736233348430687
EIU1933,0.586204066360913
YGT7289,0.5306168969331587
YNB7874,0.4963065939228139
NTW5371,0.3124648407869122
VSN3165,0.43889510484859445
BCO5595,0.781506993275183
NZB4891,0.5554105841700222
UTK5485,0.5806278774478778
SZO8539,0.2245141866889464
DEP0199,0.5417140453353714
ULJ4832,0.4475456275622189
NLA4883,0.4571114013934953
ISZ1044,0.3770378947694776
VOD3596,0.4887427786082438
PNU9920,0.16396944685604792
VBP9681,0.5926388645063118
UFA6698,0.31450663360144554
IJP9499,0.28993634485585534
FDY6857,0.2941079985569072
LSM4366,0.28577141209115914
BSH4545,0.3258305299682509
VNF0492,0.46851181110239165
NRN3248,0.659096620145219
CFL2795,0.4282648310982887
UPY6262,0.6908655440220571
JWA5753,0.7146580396540577
YSL7643,0.37362729798780675
IJE2413,0.6083321758395674
HMG6508,0.5516814231613129
OND1652,0.6031746816772682
RCD9204,0.5573823606376096
CVX3958,0.48726785606406303
SUD2927,0.46702045795594005
ECC5428,0.29355952670528884
VVF6053,0.6610893497028995
ZUW8629,0.40539613306492966
QCW0913,0.48374239046048473
UCQ2988,0.34276093565377114
VTI1308,0.39204194071389775
YPL6010,0.5464197277678766
FQY4754,0.6662858695931856
IMB0115,0.5799139018171163
TGG0560,0.47004635367186737
LOW8153,0.7412597366416392
PMQ6674,0.5465444689920494
ZFY4122,0.3565490019448929
GDB4295,0.4397068535033467
IXI1781,0.38434124062181496
VJW0795,0.5700717097686618
VBO9417,0.6364877989336607
NBE9866,0.20498823795055818
VGC0338,0.45275307257613395
JMS7867,0.3146196866463331
CSE8479,0.3236354353397864
BPR3060,0.8030241938108118
SWM8178,0.6502159882477915
ZAW6991,0.2638867228094889
GZW7919,0.4574151134694867
QLK2483,0.5504468016875926
FBN7235,0.5014416020595865
DPI4700,0.5235576181867688
JML5008,0.5566142931779087
EWV8051,0.5920783571108378
NAY8513,0.4186736239269141
GKN9646,0.4462320705919853
IQF6763,0.12966555372838062
QLJ2322,0.3484682547712105
EGR2384,0.35380875247112
LDI6232,0.88227774664191
IXP9686,0.18355676220335895
WIS5869,0.7585476540530535
QPG4120,0.6697357356037827
ZFO1888,0.49141560058695793
GJX9033,0.2457263998176888
HZG9332,0.3595245235096411
RIV1782,0.36895107285127404
ORG0034,0.43237067147424774
MBO0090,0.6197602368587755
JCK6531,0.16098848342139208
VYQ0919,0.6980133091897177
TOC5703,0.2384065382159443
CHD7768,0.6178774264515348
TZO3960,0.2690746612405137
KYP2401,0.09765374144005182
GTU1888,0.723062830818532
LVV0631,0.51274064914119
NXY1801,0.42712260507646466
LDF0276,0.8319088985525429
QCD5470,0.7309296372916325
XGA1603,0.38349052996557964
BKD5139,0.5966006701152525
RIV7224,0.7126301666919603
HAC3956,0.670142477269701
CIX5564,0.6783868833521781
POL3249,0.7400731494566213
NVJ1952,0.55811717949957
LJP8831,0.593810800598143
CMR3851,0.44653432393550163
BOL6020,0.7753846298451137
QOT7252,0.4201284587109329
SET4895,0.7245756978982753
AOM9004,0.15357228823075114
WRL8060,0.5004006703985702
YRI9524,0.309631777331674
LRB8922,0.5384329645212768
NCP8644,0.4680415849557987
WTS4018,0.3247528320189243
DTI7426,0.42954390573657536
ZGR0098,0.3757574954237813
SAD4571,0.2981498288116919
KEF3478,0.5879226796691163
KVP4733,0.5467285746370328
TQW7158,0.48474845917746556
VBW5493,0.5302862947017054
MPB0399,0.2154145522055154
BYK7045,0.40807953411624587
EZV1040,0.296881423727709
LIX4967,0.4162483957592637
YPX9462,0.816522186820716
GUC7779,0.5296271725670101
EIW0176,0.6641464512889381
JPP3633,0.25484252989225276
ICE8497,0.21062186910590389
JCB5870,0.27612219837702445
TSX8703,0.6493722710019364
WTN8881,0.3942817600135398
VTX2950,0.2715842897053989
OXO0872,0.5137061503293515
SLL9902,0.19858920244244357
CJD1628,0.2517920633788405
YME3555,0.6317500594227079
XKF9852,0.5332372393212303
DRE7767,0.4426430651270837
ZWO1818,0.45364615249588525
FEX6317,0.7810913083012615
SNQ7014,0.30781365695597174
GQN3038,0.7649737893969204
PFF5514,0.4795680882866362
HPV1117,0.5220854283867103
III5054,0.11710812359527627
LNW6654,0.6286201020202921
ARC6596,0.332118024878599
IPP4620,0.6942802365703814
NLR3257,0.553237742715323
CTB9878,0.7488414826534083
VMT5143,0.43629817681885574
AHM4211,0.31870594333776825
KCL9551,0.6698684503962117
NHK4195,0.4229364463487047
INQ8214,0.30288075115871393
LAX7318,0.4821997860105301
TYJ1073,0.5919942321457352
KHR8174,0.4169046042362054
FXV0272,0.8289667526461607
QYA8718,0.23455897363807976
MGB8317,0.6043495020325074
WYJ0017,0.42787217496960145
YCB1541,0.14126897877856828
OCO9701,0.6326830936328386
QOT4213,0.4933459749888264
IZB8133,0.33503363527846447
JQT1085,0.5745855645331189
BCD5519,0.5781575357555967
XBP4686,0.4965597631851657
BUH6163,0.3773787987768354
YCL4225,0.524784961679672
ZGN1837,0.5603313010807588
VWT7951,0.647536029165001
WCU2909,0.264323295099088
ECJ8667,0.2201503185798756
FIZ8807,0.1987117936177051
WEB7022,0.4444581744525135
UMV5479,0.5292295096481568
NTU3115,0.2835961089230524
OHS0889,0.25674916105829076
JRT4331,0.5040099527392963
AWU8320,0.5042238630801423
FZQ6790,0.5387957096371613
SAW2413,0.794187388127744
MBR1935,0.8382839079748944
EUM7981,0.30330485788474
SXQ9635,0.3722172781012865
CSK8727,0.5422576245789744
BJA6633,0.278615331883005
ZTS4215,0.20959185680202985
CXW2502,0.320590373340485
VON6528,0.6689267931599556
XBC1483,0.411917617042497
BPK9428,0.2680531886947261
IJM2804,0.23090602182633033
JAU0056,0.6484037734487744
SKG7687,0.3906839913211958
LUE7177,0.8291920938241965
TFE7449,0.23063030963782816
KUU3033,0.19692598278253806
BSC6214,0.5037403069298974
UPB6992,0.17710909488705198
LPO9433,0.3468417350684841
GRR5260,0.37600087413451805
ZYX2775,0.6397484275143019
CRR7571,0.5573764508163793
NVR7579,0.47557126906174924
TRO6653,0.40467667444994765
QAZ5784,0.481664508056999
CSA7855,0.5907101230810538
SKR7049,0.4564543434096218
VDC5945,0.2610595149523826
RQG6441,0.4321741869390959
UTK3942,0.44802525867813886
GIS5276,0.47983786476956597
LZC3931,0.22633120308958585
AQZ8439,0.4713580529829268
HWR8277,0.7626174545367864
QSW7544,0.45186822584683783
QMO6786,0.4738922261271391
FFT1267,0.4338096597945044
WBL1699,0.2768477347535134
DLN4360,0.42721166423965756
QVK9371,0.7003580191417818
PAJ5923,0.7359583661407871
VXF7049,0.6319492546342806
ETT8073,0.3754727048025107
AVE9956,0.37737844974021767
TPT4243,0.4860672191225768
EVT5415,0.36855588159421754
NRY2349,0.5979238028453427
KPL2000,0.6328782093101681
JQC8916,0.3348165786271285
IGT4727,0.23623489810063067
FOQ4697,0.4961005892230693
JMD2554,0.6684565707124668
EWK4862,0.41855185008061824
SFG4231,0.7319737110052277
OUW6979,0.8617931403409701
PAT9207,0.23723042655018345
XTB1114,0.4078226759377031
SUR8024,0.7410173089344737
JMJ3446,0.1599809138610661
FLT1779,0.5225607780881035
ODI3507,0.37910135315253024
VKX4649,0.6230900340904226
LXH0711,0.6131499280266614
GOH3012,0.702881951952479
XZK2864,0.6982712289076585
FSA2525,0.34336319948162064
OML8735,0.2563184820936238
CKW6247,0.27174036269447266
BZK1475,0.43342346528032444
BGZ3773,0.4353341492583824
IHZ1914,0.7755683664353183
XYA6636,0.615728393565118
RWD5233,0.6806349562817842
GPV8030,0.5142273040967263
NVZ8701,0.7628388017987613
XSF4318,0.5562232238966303
WXM7923,0.5044495166432831
CVQ0880,0.4679082735151585
QOQ2863,0.26847472608453865
RXX0623,0.3754014954788503
CKY6595,0.266988380264879
EXP5590,0.4028128384151403
JWS0195,0.409773841231675
DNV3342,0.37480483604925763
WHY0533,0.2572656205629892
IJR6798,0.4690667478840297
SVJ2157,0.5112543928459752
YLW4737,0.41451569890660644
HUH1315,0.7295611660016765
XMX5505,0.3771552896394074
TBK7519,0.29100430940626726
KXA1414,0.5713275527763968
FQH2166,0.6100264771933354
RQN7624,0.5789391800181795
EES6771,0.6525771790795686
JPZ4794,0.1785793392615473
SYU0185,0.2674651580282876
OWS0031,0.42786167630359345
NGE4427,0.5241114012651271
FGO3834,0.5041694848784636
OFI9247,0.7005763946871617
AHB9803,0.7516538790917009
LXD2374,0.5874286578773286
PBZ7120,0.5736936315966373
NIF8371,0.5287919908839619
XST8100,0.15723522812502785
CPB8339,0.35532011714892126
NLP6754,0.24439233822416415
JSI2170,0.16455303607027966
QFM3680,0.18711105719165758
BHN6631,0.44870701817962805
CEL0556,0.5404253117854136
XBD4029,0.3868060032500426
RYE7752,0.4966143768659066
QOV3032,0.38662150051259836
XIL7243,0.19958122758808997
KAD8756,0.44334898655551847
UDU3246,0.4516618677957251
BKS8607,0.46230940697974504
NNH7225,0.5756332141838146
CON6996,0.42132817783226945
HXS4917,0.4067280164961079
PWS7531,0.12637546743646816
CPA8641,0.8656198627231618
RTW1393,0.6624456017960252
QRM8880,0.5776067676775648
SYU1247,0.3922075713116858
BKP7999,0.500882416651353
RWQ2872,0.49819952885854324
VET6669,0.31660570056380527
BBR8345,0.5229197101822856
FMC0185,0.4697978965422407
YWX0652,0.35666486296091493
FEU3392,0.51028509714045
MAI9069,0.40375400308339415
KSE3648,0.6478140278638749
JRU2012,0.3683415086457095
LAG3972,0.500461867554612
XDU6150,0.3789603131284217
BZO3678,0.7380212310178011
UUL7578,0.4842353428551442
ENT4935,0.147353977424136
WXU2063,0.45422427146466265
MFJ3188,0.3786005950197042
LFN1743,0.4531046889170409
FEB3954,0.2895426150321481
XJJ5859,0.5122848777181358
VIM4571,0.43197829858829406
EHY5432,0.42208022269878764
QRH8342,0.5362933117735901
XMG1831,0.4066771529010212
TJC9764,0.40941624094195656
XUX2979,0.3922364112209945
QIX8136,0.1568683133875596
NOD6437,0.7718843183360645
JDV4500,0.5674411982765966
TSU3436,0.4946714987823066
YQE3043,0.4920006403608868
PEN4600,0.2785764212412984
VXG2069,0.360920981037142
PGV2258,0.4112389094419863
PPB0159,0.46469583289156563
EEZ5587,0.2646523774363568
NKJ6134,0.4441300580681872
GNL8515,0.6144916599376081
UDB4012,0.8133116615886706
EUV8082,0.26411499738143535
FKA1499,0.3789723943789897
TDW1832,0.42085081658076523
UYL3937,0.3915398493496875
WZQ9514,0.284822912025886
YRA1133,0.3543183678169625
AUE4212,0.47612922789074513
AIO5707,0.30818363779870067
ANY3654,0.6188302921994959
CCJ1581,0.4998837566708687
RVJ5539,0.5431799338792146
JQV8142,0.5798024897979136
LKP7864,0.44506402226080255
QYO2749,0.4557878721923511
VTS0473,0.39449382579614234
PGN4080,0.5595707541290619
BDC3366,0.3062850360337886
ZSZ5292,0.30080568315291795
RLE9918,0.2806670054685872
EXF1515,0.5678403319966994
UTE0139,0.49027561860246127
OFR2518,0.5497060911673805
JJF2590,0.40448831580807015
LJL1360,0.44226973056031976
CIC4708,0.5412117491516001
BCA4110,0.46013039881477585
YSR8537,0.14759835893400355
ESH9012,0.3684127252852569
XQW1169,0.47258966144682957
SIK2342,0.4217827403439339
EFQ6319,0.41657798223722237
XQE1526,0.4391955545057014
AKR9099,0.5698266257903107
JAI3468,0.2844324604030569
WTY4270,0.3173689094184505
COV5080,0.1886140329132536
LMM1024,0.3699075534997417
IGE2896,0.7787794706222203
JBT5109,0.4310338487259768
DST8276,0.4223467498866155
BQC4343,0.5788061215984792
FKR4884,0.2172496090933302
EEZ9582,0.2974437485604288
KEM7815,0.36721303356260687
ZIC4531,0.5933180487588533
TXY3351,0.6236592299158564
SVT4843,0.37861953237295387
MCY8318,0.2138870155618282
ZHD5694,0.6853123791700042
EYL3435,0.32021340041440044
FAK8590,0.46156199301525797
MMA6648,0.8074729398639268
ZXU7819,0.6755981271351109
TXT5173,0.6496468436408406
NOW6615,0.2949515589051133
NCZ7758,0.6595399509846913
REI3094,0.4598377798898986
GKU4570,0.8402573561636425
QPM4563,0.5777056384448149
LIF0935,0.40791431702122216
QFT7638,0.5082900830948219
LDD7909,0.6101673149977422
PMD6356,0.6908912763417341
XSM2533,0.20353053491971657
ZAA9704,0.7232159008663472
PKQ6825,0.3168885229354447
WAJ3293,0.5254944947492152
FJC4376,0.43299025437051686
WOD5328,0.51238743405336
OOV7630,0.11423140418847734
JLE0045,0.6078838667343185
TRT6193,0.5003172093072904
WRI6749,0.5098123686324533
SKX1054,0.43556109295601725
WOT9749,0.4550589925302478
LUO0920,0.6458831645909484
FED9755,0.25772779683443064
KSC2280,0.7090755936396766
SVJ6815,0.5862410121620787
NGF1992,0.2941881845352588
PZX7839,0.2509086560962221
FQJ6322,0.3488433801449814
JNH8656,0.21004285190659241
UEK6875,0.20767923995195317
FVT7847,0.4116946764495501
VYM9686,0.6110336490689177
HUZ5652,0.420886700493542
UGP0737,0.3609129329190601
PML3266,0.2534272975993729
SLY8923,0.6021880148655595
QBQ3841,0.5001326798173001
DRH0163,0.45970783323214454
NDQ9001,0.678731129394356
DVM2517,0.5145664034052061
LDX6766,0.36118243155988716
ETF3376,0.22648563548922043
PPV8379,0.6039460715703174
GWG6827,0.36641474213204434
QPP6524,0.46538220219792364
ZMG3395,0.27931114009988034
RYA6828,0.6011188977932942
TLJ4903,0.6475031403650471
QSJ8380,0.48600341981672124
HVA7599,0.6036352203630185
INA3184,0.4554512525826694
LIC9006,0.3725895633819004
CRX5646,0.22456574660866296
CJR7973,0.4499030753856447
SIX4048,0.3067511567096785
HIJ7224,0.45746115817220023
IDF6143,0.7399721419356472
LHA4851,0.4268972431513209
DUP1250,0.20065167590086647
ETW3839,0.5433432076797132
TOS2521,0.15352624271386586
TXU5196,0.5263840026817351
UTN9806,0.25447721471829965
UPT6736,0.3533306421006222
QLO4437,0.36903270374064384
FDB4146,0.7657196830333852
CJN3294,0.44630358883992016
IGX8925,0.4486515198497431
BRN1292,0.4756038923880768
JVG5455,0.34149912522450154
OWV0422,0.31490736868590485
EUF5580,0.6230186697541119
WVI2357,0.5619459467366495
GMI3091,0.24820579503295517
OKX7088,0.31255989015626934
FHX3427,0.29550560195224784
IUX3518,0.5976522028846911
XHT2960,0.49873541029286356
BFO4768,0.15930159935683225
QCZ2397,0.5043401523128971
HUY9240,0.238014232847041
RUG7309,0.339095217034776
VMV0997,0.43807360341883944
ADM0827,0.5780917824876222
ODT3808,0.45206069540854826
CDQ3303,0.3789136776868617
GQT5475,0.49244854891635576
MAQ3766,0.19379305331714994
QJS1732,0.46004353480110155
INZ3983,0.3015121491517965
QGT0911,0.5731777525920579
VKB0890,0.5199054568757285
ZIX4904,0.6796356490712397
WNB7111,0.6290820404800418
QVL5835,0.5676914190272998
OVN3723,0.5739203520272228
ZHH4408,0.4489574338364529
AGR0025,0.2498922985692223
XBP6656,0.3822708455551993
XZV8150,0.15094309946118525
LHG6661,0.4367047765363366
PMC6232,0.6499200760764364
FIF4321,0.5383159034351382
ODY3807,0.5235013670692247
RXP3675,0.38658114372692093
WDE8034,0.6334235353541426
DXW0967,0.4173071456393851
TEB1181,0.5810765940977138
GRC8180,0.4295330003988283
MYP5419,0.42187005072222067
DEH8750,0.533663694341202
XDN9367,0.619017447676075
LCB1865,0.33172549528307677
NTT5170,0.6884407093702284
SOQ1632,0.4433040250432397
YUH9692,0.43301691901168476
JYD2074,0.3748742685841368
QQG2862,0.5314883816178507
CXM1623,0.2520762585432721
FUJ9930,0.44304111635144006
CNB6992,0.2192766680550465
ZVR3165,0.5901473028852708
VIG3338,0.5860698714907787
ECX6390,0.563111421192005
CVZ4208,0.5181218573397632
NYS5963,0.5495472439854389
QYV6805,0.6274633913766602
RPM1362,0.684635162424386
HZT5933,0.5996308176924774
HAB9073,0.5743115213847562
UMP0408,0.32773862948397564
LDP7953,0.22327994379900323
HJO5548,0.4183996260341464
SWL2951,0.6376147950570731
HQJ7509,0.3573014733997986
YXE3238,0.6072846386833378
QBA1659,0.8095614482207193
UGQ9648,0.5851127620046179
UUZ0902,0.6997235655032389
YIK0290,0.30035534545804154
TKL9885,0.7713370675481439
TAV6410,0.38496306099785027
ULZ5016,0.5410238407274214
EBN6340,0.4719446888802021
SXG4078,0.5974991384933663
RGS4046,0.7069613062045893
ZEN1745,0.29708105296559717
EQP7859,0.3611894334045543
XZG0749,0.5127087062275214
MUR1259,0.7261025416288037
GNH1572,0.3532740514985675
RNT1103,0.3187775078734902
KQP5148,0.4374787523634821
YPL9606,0.2725450060983882
GEC6684,0.6278103608120135
OJV3269,0.36690220410709756
KBU9669,0.40751857957424803
EXK0686,0.19864863279904924
TXD5026,0.6274867590971838
WBE7793,0.3127901666653514
FOW7270,0.41040310017471693
SQT6432,0.5659243712421504
YZN0545,0.5048144690064195
JWG9773,0.7931640899327671
RYL1835,0.5684523325779139
VGS9426,0.3774280940375064
LLE5822,0.7723867025194788
CYU7374,0.8092132813244418
JCR4090,0.4992695788223985
SPD9900,0.4942273454039435
GDM0800,0.4626026120733372
GPN2716,0.20223852823411703
HYB7458,0.6777489753118014
YMD4662,0.8640639899973878
IGD0921,0.6964182365696141
CJT1561,0.08496121270814962
DEI4249,0.5794911669451694
ZOO1036,0.4245909509441957
ZWD9803,0.545353506604219
GUH4927,0.37889803720262744
FLS8480,0.3083758401933787
POE9287,0.48166371915078743
QFK9602,0.44190516061920004
FEF1920,0.48799423347840937
ZQK8721,0.49676387395454774
KGP5853,0.6163234624368498
HME7697,0.42306142427614696
LCF2931,0.3644291159044656
XXY7874,0.6004287677127566
ZEL2095,0.7031166535182706
GUR3247,0.37252539689699266
JDL4331,0.547450109814401
EHE7119,0.5166018663505808
UHH0658,0.6232416794594691
END5028,0.3794084291328938
HZE4718,0.6477801077822456
TPN7250,0.5207552829720862
JHI5936,0.12698053102120904
UDI6384,0.5513914649639695
RHD2687,0.38283956919683443
BXS8111,0.5129152106478975
TJK7138,0.8442148206844008
JQI3533,0.5987193157069315
GNX8347,0.7374566281649477
RXD9228,0.524813835354509
FNH3965,0.2510444150820563
EMP8062,0.732024949309282
MEJ4356,0.4148790361062579
UIZ6838,0.7152402748869109
UMV2455,0.5497348517565185
HDQ9910,0.49955346139512463
DZK2637,0.7604092430834672
MFA0957,0.7536760199781142
FHG5382,0.16377470130283395
QCU3035,0.32047212712632783
YCK3225,0.3127700301026444
VEK9874,0.40528551298325516
NTY2368,0.32173309367878117
LVT3457,0.481286309580293
ZVH5381,0.2633625259039432
FCE1353,0.44929339898816384
WQW2081,0.2759464134893822
JUQ6158,0.4558131558703417
OHS2466,0.6382315107433738
KPF2140,0.5246936248036407
BAO9938,0.29472935590151744
BEB9268,0.4947631854398327
PEP2360,0.1873269845939636
KBJ3393,0.3714980365253741
KJP8929,0.495785312265638
IRS9319,0.7819264036753778
GNA6559,0.6409408690883664
GDD3535,0.2651867578915534
XHK3076,0.7794794547175586
OPT3877,0.4676885001852263
KDM5132,0.4782668620049933
ZGH1260,0.538366332625876
ZPC3616,0.31908940053798907
CCD7521,0.26576203496090534
RLR6078,0.41200994626882714
XHW4339,0.44431497834464473
NEA4125,0.34791895581257554
FYT9337,0.336795216865299
MZA5737,0.3354834831971347
IWX8525,0.24489681337561156
UXY3602,0.6013775825048108
KAY9863,0.49458330572507075
ICL0681,0.4590910893764367
STV8662,0.520958847670452
NXA3158,0.4874763838981559
WUT1669,0.4105366247731861
WHX4931,0.5619358541780792
QMF2498,0.6217059051018793
FAR8609,0.45264598030964054
MJN8543,0.5348326824681305
ANC1727,0.5024865489663731
CMY5018,0.47939016130811113
NUY5204,0.18886100895459482
YIR9679,0.42037799924054936
XDM6706,0.36774555866989417
ANT8269,0.3283490469815159
ZQP3525,0.5313552119080251
UKG7598,0.3409109913410079
KIS2908,0.5930587820638407
AIL7774,0.2345427577077858
WYW7672,0.6223833249869871
QCX5525,0.2644111991782735
JZV0769,0.3596212042311628
DLR0932,0.36375583583770765
VXC8863,0.6262866376153268
KOH2895,0.5688579129023965
WMY6508,0.6560806482164866
IFX7040,0.6103025191873362
KZO2590,0.19674342227382777
HLW7095,0.4171279077554389
MRQ4796,0.5166774496330049
NUA9006,0.54225443846061
BSN6358,0.5404665928993596
AAB1308,0.32841543383675703
MFD6294,0.5396553325823248
CPM1668,0.29638910660017265
ASC0080,0.5815704856844135
MFS1546,0.6607918086033874
GTV8803,0.27875092917434935
BTB9943,0.33459554397447316
SWM6904,0.6377951312834673
VRE5552,0.4553412461550091
PPV2663,0.7078061986253241
NPR4084,0.6131469538246002
FIN5241,0.32677899945405875
MLF9852,0.49531778781159097
PFX8404,0.41058385934738356
NZT8763,0.7169190275544655
SYP8802,0.47473088170796895
RKG6794,0.32154983145912025
HUT3552,0.7919290287004884
GHQ1739,0.3468504060219754
NHM3753,0.5213923654225728
NXA4981,0.2339011525991633
JKD5635,0.42830240895865695
NDH9283,0.11418917047229112
DRI7386,0.6348362290169238
NTM3474,0.4743474520754091
BQR0893,0.6888523467078286
EGR9812,0.7547097523974425
KLO8178,0.6348169910826665
RPY1835,0.2730090182524055
BZL8581,0.4755483727451425
QYH1854,0.5136247483771533
PGK9212,0.24287542134460502
UUE1033,0.3532324004816342
ZAP8815,0.5911524194050335
WON0228,0.5364798076222969
RSO2008,0.4796806051627774
EHH7629,0.3018505728135113
ABQ4338,0.6813687952754128
EBY8977,0.41117145075960443
FWF2890,0.5642207812836973
HKI0609,0.5789164593206968
PAB5947,0.5004788628595491
HEA7016,0.6272084134974414
HDW8123,0.609429266425264
LLZ5422,0.33242593413484206
ZPT7132,0.63353053754393
JEU8627,0.716834852496322
UQY3173,0.49123465461678867
BLM2089,0.5940758045942856
DCD5221,0.23821516987318028
PHS2469,0.2134243457754493
WII3386,0.2656307089022989
OSB6146,0.3662778245961598
ZYE8393,0.40959863381841455
NRS5494,0.549299730548219
VCK3879,0.2928825010180745
QBK1287,0.6836642651272206
OOT2673,0.46640639317224253
PLD4712,0.4578739725519344
BCA6861,0.2806875371272407
BKB3148,0.22733182889687353
UYT2460,0.22293408273843165
CGV2591,0.4189574075877255
XSE3563,0.14604092488060508
HRZ3422,0.81750389629024
WKP4106,0.19580193706429588
EOH2042,0.49880938752275955
MKW1588,0.5835662297833906
VKV4425,0.38662499071959416
JIH0956,0.693022043156921
IWV4857,0.30914299063410405
HJX5465,0.5908211847160835
YRJ6285,0.4545510532615783
APA9822,0.46624352752508086
ETJ7252,0.44602804550764885
UAZ5155,0.4160141119451496
JCO5005,0.4321355746560123
PON2616,0.34232255366229436
GZZ9302,0.5352745408811993
EXM0909,0.4815017480537741
YPF0123,0.5161856162961657
JPO5490,0.3406984610753653
SWN1165,0.7279808907340356
DTI8446,0.3938501517681816
BSX9409,0.4512564486053116
ILF8133,0.5200966684311956
TAP4650,0.8137370075836403
NQB1919,0.1065476278174499
EVN2619,0.703137708566682
FKO1395,0.3935715854394326
KQL9739,0.3906533922152465
GTP7103,0.34611712217390533
FAB5180,0.49358406848737546
DNG5054,0.47043342740165517
PIV5711,0.3541917935893445
RDS0818,0.4634380036926532
NVL0735,0.25016389984284687
JHS0345,0.4785597200730743
AOW0183,0.39822175405584875
JWB1663,0.15376117252153002
QBI8434,0.33701826591450235
YGY5084,0.20897388127254457
LAJ2381,0.6440351853816659
MVQ8426,0.6603452504323416
XEU3341,0.4225874838880939
WBB7069,0.44183833542868606
HSV9997,0.563495007947074
HPZ7235,0.47958028012293263
LEQ9893,0.4876549469340087
SRX0685,0.5229516103974208
TJE0525,0.615787195125246
CBV9705,0.5622266430320199
NFH7701,0.5312800211909048
MRJ7981,0.47381850957392235
LRQ4994,0.18792341672985563
TPZ2644,0.7435551049788565
DPE2366,0.4037608504334433
GSL8285,0.40654780225459713
ASE9553,0.5003184365824355
GCQ4270,0.47296670924921347
JOI9750,0.1753296193513084
UTD0147,0.45485479681367336
KZW1095,0.518029665408622
GSL0577,0.7891453320020995
OTP1368,0.8032562615090979
JHZ6457,0.4124983551900545
MKI6175,0.659420473957278
GTG8406,0.60525473063568
VZP1954,0.6492585366194412
LES8781,0.2821330583638508
PCF0526,0.5479097513146319
WPW2050,0.6892236028928015
DTH9411,0.4877349499888045
YBA7820,0.6760845621229009
VSR8739,0.6833763152124928
OOR8305,0.6867213981105057
KDF3451,0.33724238440642473
HRS7842,0.35603145966144417
XZU3965,0.5406499616828864
NWL3338,0.4199378020721033
GWS6777,0.24499873713253645
PWO4056,0.31034241646551536
XRN4973,0.2796961753021535
EJB1687,0.4384555069539532
BUT3103,0.33297575621257697
WQW1045,0.3778224457603884
MDG3445,0.22427913626424403
XUJ0717,0.33486263165790303
HXD0371,0.4973158097867204
FGD6466,0.38484768790886054
YZW8155,0.3697977185028926
YSW6454,0.39134874659463215
XRS1062,0.5473752326469757
SBK5282,0.5966069404562397
UMT8393,0.21138787296434317
MLC7262,0.7259605333822714
CHE7839,0.512728842533472
ENK0333,0.28950305535941695
WGN8449,0.3385908174463924
FAM3458,0.2066355192020821
LIJ4989,0.8340108576761361
WCJ1614,0.37430070381596764
LCJ0354,0.4679673968643427
MAS7337,0.5319946070216863
WMR6816,0.1157936968026949
QPD3244,0.5340421192454714
DYR2618,0.42483646957563476
LZY6766,0.29894381202148496
XPA5745,0.2644740970383697
OHE1207,0.80538009700549
GMB5921,0.7642526638460383
PUN6155,0.4366891509562314
UWY5599,0.7723278050928205
BZP2422,0.6418013441045839
BFA6296,0.677622906833291
FOC9534,0.6421481975261845
NIT3559,0.5849736251137035
QWM8810,0.3243825155241659
XUO7622,0.29499906425750383
ZYR6469,0.3980933868418937
FQV3213,0.5398397223052567
HMI8445,0.20686248045489083
VSX6822,0.7364937025374504
CUD3348,0.1930629256703398
OPN2109,0.6364036480824277
NQD6519,0.7160187453929424
EAH9489,0.6361257041200574
PUT4775,0.4923235658719684
DQA2691,0.4106308210138735
MXS8930,0.6899675851854374
GGJ4008,0.7797461363745003
MKH2409,0.18048170640547026
UOZ4237,0.7530133355067316
DSH0462,0.582486567135877
PPZ1079,0.8320574981959824
YUO8157,0.6441331230591574
EVN8189,0.6081984461976709
BJR1526,0.5410359049601154
ZHB8179,0.6840856749201547
ZLR5824,0.34140406540039775
CFC2212,0.5923817579885363
MTE3132,0.4464296638610516
RUD7931,0.493039473385656
ZOJ5082,0.17275708150564212
VQD3919,0.22120837853803804
EFW1850,0.4270400280012038
BWX5427,0.4642866228939953
KCJ9813,0.5657999751839794
WHY7887,0.5798180237562978
LIJ6032,0.22307584868538144
YKE3129,0.4314697022726592
XNC4926,0.6142278193430352
ZVN8083,0.439850585896077
FHS7261,0.6368928384818522
JCH6559,0.36420374160426544
XSV3662,0.3240380311451774
OFE0816,0.3830024308846323
MZK6467,0.3710049603770065
WKI8810,0.6219069063367291
QZY3155,0.6485285125763658
ZGQ3169,0.7190119308370253
BSK8553,0.293427994483966
DPI5831,0.669487756073836
DAN7614,0.30062189093203767
MHS4201,0.4796083522983831
LBN7990,0.1765234104075816
ZEW3244,0.27984207817179546
GVI6361,0.25630146007942023
SUU7959,0.5017151419249116
KJY0103,0.3042753593036096
LSI9574,0.2901573161725873
UUI4640,0.7613595664962742
APN0763,0.4552973963230138
HTC6582,0.5647044181428692
LRJ2531,0.4987924705719449
RCX0166,0.5294828987692923
WLS1334,0.4684345975077884
GHU5711,0.5593283140183309
GXN6885,0.3713071253775286
SUL0918,0.19168875009705535
WUB3727,0.3355902516187307
RTU6031,0.5872108292068071
MOQ2182,0.5804688903743757
SKU1753,0.26476408931572404
CYF7753,0.5617330068554331
TPW5388,0.6589724932671601
BNS2586,0.7258434383210767
KEN2166,0.17982393311240047
OCJ6547,0.4989350484175347
NJP2923,0.44711801246477184
ZQV2760,0.45812802348180587
VWU6539,0.5684346508524126
FHB5662,0.5002477736743323
FLJ5568,0.254248677507281
NYZ3610,0.7177297920996819
XBS0822,0.7542628783865937
CBC1282,0.5427927077765906
RJE0984,0.7023778540750368
EGL3373,0.7046489434203419
ACY6703,0.8515581106406788
RYV5129,0.2460699274490516
PEX4835,0.5643489195378908
KGZ3991,0.5329655921448412
GCP0419,0.45239623234579834
VJN5659,0.41199664491152765
XIL6278,0.45782876060730976
CSD2119,0.3908984783000262
NTC9929,0.15680103756253067
LQD1080,0.612290608849958
SEJ9531,0.3952277661611204
RZQ0003,0.30112755992725576
PZW2114,0.30670684424420686
QML3842,0.17921715807729566
TJA2905,0.47324845396294407
PIJ4611,0.498966617364435
HAM5599,0.2193688690973257
TXM2652,0.49427831276251893
GAB3659,0.7004158168702609
KCA1906,0.5006192265550793
SVC9075,0.2920677203359507
PJV3622,0.2966801213919775
SBX7333,0.4387929475157805
HYM0481,0.7676283309160155
DFY0681,0.5680040507791991
RSF3235,0.33491671023568276
PFP2410,0.3920000872063262
YZC6174,0.2825364454724065
FMI6039,0.6339317821317506
KSY3204,0.444912135448147
JHS9734,0.2739781481444005
WKC7792,0.5160233710548753
IOY1200,0.5886922878040483
XUE4561,0.37651675445859156
KCT7437,0.47878356616496565
NMP8623,0.29149417991234877
QRU9935,0.44922521558938555
DMD4641,0.5133153212259175
NCA7180,0.2456303179527566
FEY4017,0.34795615001992897
EUG2066,0.4463437812591479
XRR3806,0.34339415129565243
HVJ6716,0.5828494601772405
OLP0692,0.4445519412329869
ERC6469,0.6724347800174518
AWA4755,0.5888782867787175
YQQ9139,0.5338869718350958
OSX9492,0.5094157873288375
QGU8564,0.19442576955351704
YAO4151,0.28749154051214615
AMC9558,0.4429301017266277
VWB0124,0.25498687891134936
ZJD1609,0.3407198798061372
HVK5251,0.7062433578114363
MZL9303,0.27407534466388744
YOD6029,0.19786007251946564
CNL4438,0.5177693860931126
ZSW2054,0.3898756504409898
NXC5824,0.2811753259759704
BDO4892,0.4821971923001231
VLK0339,0.5529591580308033
XYU4157,0.21749425169170641
XMN6548,0.49975805143338015
LXW9245,0.2820989248972058
JYZ3206,0.7101222107366955
SIV3918,0.6200572383746588
RDI2951,0.6762536048422677
CKS8961,0.404298119071725
GGD3196,0.5145030924357321
ETB0894,0.6208461995290557
MLA9778,0.5951127808860586
DWK1986,0.11031540323131213
EBT0068,0.47709767520090846
DHA1853,0.6657449900648181
HWU2594,0.19282134447671728
QPH8016,0.3890390326137414
QZI2250,0.4353246880970879
ELO0702,0.5182637161266135
FHW7284,0.45051967948838234
JXO7389,0.7908961761552699
AYC0810,0.507574091156857
GWJ3254,0.4744426867918046
IBO1945,0.3925942535305504
NSE2304,0.6816975564284224
SQB4852,0.3082931257003027
FQH0034,0.5083107799432669
QGG5280,0.6176207071400911
VJB9962,0.43327597772173737
ASL7482,0.26836710247472967
YYR0976,0.362128620521386
TID4683,0.6283058759722681
MQF4406,0.6708555328671325
PXU1703,0.12562649483951746
UJM2633,0.4942774435376492
ZSC9815,0.47487924179581853
WAU6889,0.73893702094209
IIR5545,0.6347973175216183
YWD8219,0.6884775951507951
OVU5964,0.38920384875103403
SOX1774,0.7437101019786565
YMN0357,0.4037776734693498
UNK0731,0.43558826540725576
AWV4949,0.26063242913280915
LIA2179,0.6059813533904018
KOJ2933,0.344962280472957
OFN2940,0.38560963687669275
XLH4413,0.2592722473744155
CAM8238,0.2819284672269447
OUI0191,0.5199751338252842
TVZ9158,0.4666708880834211
QZU7391,0.3236011053827657
YTC8533,0.6141305086250652
ZUL9082,0.3767398194152368
QDH0283,0.8176548985405921
JOY2839,0.5801041817740552
UZE0497,0.16279655565982215
GUN6865,0.39556691593779547
OQQ7043,0.4244024070306583
QSY2045,0.5313072589735907
SNL4417,0.2621146189321212
SAH0586,0.4143222359940913
WUM7977,0.7105343460277371
LUE1768,0.5272888526305682
TFG3357,0.3583380704495013
BES6653,0.5757659498918004
KLU2053,0.2877645623560627
EDZ4179,0.5966455502916566
KQO4708,0.4570257957681658
NPT4412,0.4330340714241854
HJG3099,0.5102486238509624
HZV4375,0.6444619122949392
KDS4463,0.6184464543249514
AXB4934,0.5649995032647559
GYM0773,0.4813856562035719
GJC1483,0.5662277652903906
SAF1656,0.5128218116484484
OMF0261,0.3472611803767344
WDA0383,0.7659057212333443
XUQ9842,0.39375457438979666
KZA0317,0.4211802805958484
XNF1437,0.17643546527397266
BGA5764,0.5393566849848227
TKG7900,0.21205463596821358
OTV1030,0.5551466955761416
VWK2998,0.5244445891937604
QKQ6320,0.5026021586874877
WPC9633,0.3674000181426497
EKW6480,0.16789332626273376
EFQ0392,0.18615381975105083
MRZ7379,0.7988505491174259
WAC5824,0.6619878341718283
OMT9415,0.4528082943273394
XMG9583,0.2511526588395775
UFF1261,0.6643727154644556
DCP0796,0.2124255594016866
HBE8442,0.4805148236543793
YQS4458,0.48706277503512296
SQU4407,0.5393522659982821
NPS6601,0.4234619021600305
XMN8380,0.4351835595414978
PVM3035,0.7722872615543042
IWD3752,0.35278874184591674
GLF9686,0.732654019695527
RRX0963,0.43578842030483056
UAB7848,0.3509048333193728
TDS0452,0.7959156928938468
HSK3153,0.5896007476470636
SQA3360,0.5981683188871284
ECI1955,0.44378339612155965
BTU2947,0.33388917543173513
PEZ7733,0.1462499022710831
RPE1400,0.19449673202378767
QKS3138,0.18222325178651338
WOT7140,0.6168592951617303
CIH5726,0.5475235307144898
LUE0157,0.7658494725235665
KFW0111,0.7270095392998055
OAI9172,0.5198456497644527
LAH1856,0.24457410370327315
NFK8809,0.6036058247212671
EGP0512,0.4658511134526076
BXM5911,0.648185341437082
NWJ6522,0.5276588740762225
FAB8496,0.5557014737696067
UGD0885,0.26183754775973406
NLE4038,0.6726294657665869
RMT8564,0.5789443702685206
LPN5269,0.5129372424795359
SRF1001,0.5973780429280688
IPO5628,0.34073545965914737
YAB2836,0.7494597250484057
EAK7493,0.5425156121987078
VZS8779,0.5815450837849657
ZHU5296,0.5816419089865327
EHL7819,0.7107773297195569
ITI5109,0.6504325781083133
ZJJ6069,0.3450635225267137
UXQ8523,0.4717273246038087
BJZ5615,0.41341597220194676
BFK8030,0.4733734223441495
NOH6334,0.4491035943657968
QCJ0449,0.29888003739989044
LGV7177,0.5784989902479998
YUU8227,0.4790804010226277
EYU5539,0.3588128902953417
FXQ9279,0.5317192431620394
KVN0414,0.5140119990368694
BWO7564,0.413949353458829
SHA4528,0.32230827102880066
LCV5905,0.6500343818649876
PPJ8929,0.44350015608980703
ZTY0059,0.1503005793328535
AYY0072,0.3764355947728605
TUR5072,0.6893306170799545
DPA2836,0.5505708554980289
MWP0809,0.52060399060849
NIT5344,0.4940863852378219
EMF9379,0.5270359986610829
FDW7329,0.34242610011972946
KAA7544,0.559178627885166
QYA6379,0.3967900230725517
HLA1104,0.3904940129250868
ZTB7327,0.7168425983591068
VSX6645,0.7052882184935845
MKX0188,0.3492450881403877
MYK6810,0.29334077933390496
UJZ3099,0.7343778835847866
NLQ6953,0.3357900651859366
THD3997,0.3676735263709742
DHW1898,0.426041172426895
CAZ6419,0.39415098029198636
HCE9029,0.6124533460177065
BPO3584,0.42905156767015507
DCW6953,0.6771003418580088
WJW5631,0.7340896506354108
JMU4733,0.3846792930860223
AUQ3924,0.48527746322353055
WOB4261,0.27093874960614267
FAA0395,0.6555203200619613
SJJ3512,0.4773627847296484
MDD5141,0.5014958988162743
UFL6151,0.521933372609689
RNV2828,0.4559918610763423
IBG4905,0.2430557999208945
EWQ2853,0.6751683764085225
DKT1418,0.31771850633592363
RCA6055,0.5170573911019501
PTU0261,0.42108489624503553
RQM8471,0.20568425839167628
FIO1669,0.23019603851406664
RWA3084,0.599303768969948
MWJ3622,0.3784331852879595
ZWO7580,0.3763765702565735
ZNN5139,0.32935287617275943
XKW2878,0.508004490261056
SOB1176,0.2662054030917916
XCK6612,0.605534448443696
ASP8488,0.29414537406967334
ZJQ7036,0.5395944740803361
KSE8052,0.8225897389142055
BDQ1385,0.5230165437980038
VXR0368,0.5607614788113084
ZHB4902,0.21162825603845045
POY8883,0.31929796394253956
GIQ3177,0.3533955806763632
ONY1016,0.5406910456793667
CHQ4117,0.5304513202518518
XID9340,0.545956616281526
PEC4135,0.5061222806764826
ADP3518,0.5008144337119788
WUD9379,0.4457339546041386
RCT6710,0.49798309335089763
YPK9577,0.37909246696123367
KOX2113,0.21795334599686095
UJG4961,0.49705895811100403
HAY5847,0.7305912709014943
PHI6345,0.3733581638633591
PEQ3550,0.500761933984837
KAJ4969,0.7513419513555031
UEE9718,0.6123313925181072
FNT7313,0.6409039152504628
OQO5683,0.42140776446572753
NWQ3973,0.4474950187799457
GTI1384,0.5265122262654787
AHK9950,0.4373549801106035
GPZ4054,0.5982196408891343
HFK9029,0.4935302372473021
PXA5874,0.40045401938833924
QQK0987,0.7180077168070798
KOB6393,0.32132303761854564
UCS9907,0.7158328339159288
ZUD7019,0.7040802119885343
JUM0665,0.40590662194888116
TPP9015,0.5771395687961272
MXR4724,0.3842903654805981
HOD5285,0.49880421818342785
DHM7054,0.5957771654606997
CQJ0272,0.32523249041899155
KLO3196,0.5152859462923675
GFB1649,0.6722034001385617
NOQ5877,0.2681392373670476
CYI8589,0.3507214739154774
FWO7157,0.5554915993531547
OWE0183,0.6337769495801268
QXU5403,0.42253084866536883
MWK4766,0.8724955514297077
XLG8768,0.412770395650332
VKS3432,0.4251820222588612
GMC1606,0.4406671753383549
PNE3192,0.5624602491798717
ZDH0081,0.6711086502979425
BUQ0384,0.5224873368196408
SDJ1245,0.731717366880542
YHI0373,0.207836318998444
HTB2148,0.5999820358485588
ESJ8744,0.4642589165374424
OKZ6934,0.6673324510702126
IWJ2087,0.19714426252649647
YQW6666,0.21308262245776624
DRL1639,0.43573231399385104
HSB5951,0.851241211584958
RLN3664,0.4234255206109225
DQX4439,0.38451969249766454
BRL1853,0.5151647487158175
WTV4777,0.6378645696091426
UYI1073,0.6600748446519542
EZM9046,0.6717994213250753
NGH1312,0.6360928408046623
ZPJ3568,0.2583716262044849
GCU3692,0.36356256709138723
KQP8149,0.3146247604597811
XRE6790,0.44046184196948773
WOB4424,0.4489404823850355
TZX2171,0.5351675184646043
KLB6758,0.6972901458451398
NJZ1004,0.32196721890655494
SLC8186,0.4384348868483904
ESD3201,0.6073029925148407
GIL8255,0.5208185551575703
VIA2238,0.459154212449007
BIK2002,0.33395723905711144
IGN2069,0.4065236480697753
WDC3985,0.26558507585750096
GTD3498,0.3147481861447777
ZRR6014,0.3486808229500557
FUQ8627,0.7289772287740208
RUY4061,0.566388178237177
DDH0817,0.3911179601954283
DKE5313,0.3049025416291457
GQB8062,0.23964528578595892
MJW1038,0.7183749325808283
MGE4928,0.603740983512332
WMX3148,0.49232828836778186
BCL4088,0.3364260884548546
POH1215,0.5300116261575897
DBJ2669,0.39210185337312486
ZTQ2278,0.6556491262739866
QPC2404,0.7151607166898719
FOA9641,0.15054350373478856
UZR2198,0.32661817202168925
RJD8220,0.6024431124576913
YPO7168,0.677638570952449
ZSO7284,0.6070474557734988
YKC3947,0.4559812563437796
RAX5623,0.6248595918603831
NDN3928,0.6230069368839363
XBG4294,0.36921580622822436
URI6844,0.35723809254346817
LPC1008,0.2820089808011638
MQN7236,0.31942945675731604
FTS0705,0.40445872925272724
XRV5896,0.2368264279040146
FNK1549,0.3437741126416735
QVG3369,0.3307534830536071
UEF7361,0.19230948349482252
OYI0421,0.18334777509307396
RGN7073,0.5885744112804764
DTB7149,0.38865006517596035
WAS9056,0.5823128119024483
ZDM4647,0.6445873534080084
TVA1688,0.5999653390025859
AUN6131,0.7244583975565474
WLN1597,0.8161449765622598
QJD7373,0.3240668594432801
PUS0461,0.3670733600847548
VHL5519,0.5323884890724792
DGF8059,0.37365291226018166
ZDP8152,0.3747078325866927
KIT9995,0.48743871111164566
HXV5931,0.21837431462711052
COI0100,0.3799967159740682
CMW1744,0.38834266952073593
NLQ4471,0.16719191590952506
TKC3707,0.4338307290341136
IEX1198,0.39770378556714886
ELK8724,0.40136582848339747
MXV3637,0.2777158981250366
WCJ6522,0.7637245785812626
OEQ6921,0.4743018144823706
HHM4121,0.5760797318650861
LOH3133,0.6444656291201499
WGF4780,0.5030062783932882
IED5984,0.6526645359398998
PLN6758,0.4879677285068999
OLC5808,0.20154223839219723
CJW9798,0.28107227009644975
GAI6119,0.5387093191793315
BKC5625,0.7839294885612414
YSD5776,0.623377136639361
XTN1465,0.7172297442215168
YST8825,0.5584934284369549
PWA9731,0.3761250979409544
WZF0204,0.4313855055375394
JOO6585,0.22116889870783224
FAY5510,0.4051866527257974
HLI5171,0.2769084528298333
HXG8092,0.41596541693298544
KKM2246,0.6067199355021644
LPR8244,0.3375901080915544
VDY3830,0.6187707353494838
SCQ8086,0.29174402838318275
SLB2171,0.8087449537200471
NRH4257,0.2884637974696284
CNC6073,0.21956662910212993
ZOU1261,0.15106513824339166
SPT2697,0.3935429665230682
ZQW1536,0.7229516096432788
ATU6677,0.32855698235983016
KLW4229,0.3779406330436876
HVE5828,0.6404311045133984
GBI3333,0.5559993898826023
LVX7085,0.4029181122425753
GQQ6522,0.3846785553955331
CHQ1313,0.6088475288128813
IUD5304,0.3987501417643307
UPF0845,0.5292603290773289
DFN3122,0.6285500013560787
WSE2433,0.6526080220986612
FXK1875,0.2793014606005589
XQO2229,0.15945504662746215
EHE2388,0.48685486145366264
DFO2542,0.4173872547283869
VYB8146,0.6093393793827809
UPI6716,0.2358239118204834
AZV8887,0.635594337162878
IIT8345,0.3527783720887087
NSR4067,0.4315619237874346
UND4463,0.3505469698983551
DJH5832,0.5366787380159714
RPJ8255,0.5937554012500569
BXX3872,0.867534944899326
YMQ3196,0.23611614208856024
ZDV7390,0.23306220523876933
PIP9062,0.5120211837407128
LNL0304,0.5872348970441978
WYQ6546,0.4699183652850983
NET5300,0.3045662444210035
WGH1231,0.31285002972187154
HAL3239,0.3021825253176495
LBR9014,0.22557120217181525
ITU9867,0.3179489241397245
KIJ7291,0.6316784388148021
FVP7293,0.6228494470692648
TNR9657,0.3346438024906215
XSE5958,0.28753979054525275
MAQ1010,0.42022747019989637
YSJ0631,0.6785691752698968
SGE9558,0.3297748066840304
BDN2933,0.45153128139691
LLT6330,0.7585271197991325
HRY3373,0.29838501583927624
UHW9589,0.3964332315796894
NWK7279,0.4602735657654272
LQT5241,0.7730284343276009
SNZ7816,0.3876562398558706
VWP2460,0.5901045851405076
VSV7263,0.5627511280846792
PAI2981,0.7367894957882505
AAT2571,0.4946332956382028
XNM3039,0.20707774675342314
OYQ3855,0.46110716946613767
OXT6838,0.6092819828965776
MIO5543,0.2974540105368487
BOM2763,0.6051526978772471
SFZ9405,0.6201720454341108
ACB8398,0.2961247902906777
CYD6578,0.5900234303282078
OCJ4962,0.31878931027581575
QEA6309,0.5922443195958037
SUI4465,0.7931834590742662
FMR3924,0.12511904012808892
PTI8284,0.7004982330785948
PZT1362,0.46463086474415377
PIK1727,0.19886380006974974
TDM7158,0.2776247430583272
OFG8429,0.5313198962549117
YGQ0653,0.6357358149483817
CRQ3454,0.3116128318215229
LZI6201,0.5652732690634757
DUN7031,0.6366650927971282
EAF4040,0.3921364452892987
AEY6897,0.44782936757457087
SCZ3033,0.28584853847136077
BHB5455,0.6040367635577185
DMA3129,0.313453871691225
EPJ7195,0.4956572362868196
XXL9376,0.3259098139834986
FXG1204,0.47792642762818704
SCJ5893,0.2945636735481355
JAB5413,0.3461471145127724
ECI4724,0.7177445012148496
VJW5200,0.3108844430179777
GPQ7753,0.20923363976280224
MGM0506,0.4329314776432038
IJF8157,0.3632556349895915
UAJ6492,0.5156491630684074
OMN7687,0.4702621448682269
UJE0913,0.5822928722348494
EYQ7148,0.6202483895943051
PLJ2057,0.2962361042728444
VWC6238,0.18670839808191797
JAZ3904,0.21584012701218977
SLF2540,0.45634921411227086
ACW2850,0.3128307726593265
IAO0540,0.6200348869397546
UZW5012,0.4755629042947282
UMB1656,0.38575483043781517
JYZ3579,0.5107877500881007
NQE6140,0.6395445480963108
TNN1819,0.5959067184435003
LQE8452,0.5759072010154386
DDO6847,0.41983421835924073
RPF7802,0.3328790894312916
FNE2013,0.24899117468863333
WWQ2829,0.5906377331340914
FPZ8406,0.5072948736648146
THE2609,0.3255443109751548
YFV2493,0.5011841599774413
TPG5056,0.5570143320702405
CKT1474,0.7192504378979558
UWN8033,0.6466648228973532
VZZ8105,0.7302498474645426
CQB7810,0.8389308076990841
RPA2932,0.5909789337290399
HVN2303,0.5659606379322896
DNE2280,0.350626999725832
QZS6625,0.4632997342080906
IXJ3391,0.4382890824642943
IBJ7457,0.2593774750143553
QWK4411,0.3193538615946922
THI8299,0.2812886060352154
WQI8618,0.36697996429367186
EHL5492,0.40343545853256385
DCE6168,0.26976828302149275
NQJ8766,0.5545932518280413
VTG2380,0.5048734497819094
LNF2835,0.45192321320799866
JJR4127,0.30405405174791833
GJW8107,0.5962912942842481
WOT4362,0.6589899603720546
LTV7533,0.3566871837376615
HLS3172,0.629366361432547
BCV9335,0.22039672063103383
VKX7361,0.1765404655705449
UPR0212,0.3570872154421199
GAD7822,0.41797352706350493
FTY3806,0.40489534381866055
EQY7009,0.253126502493168
EDS6036,0.7144896557336979
ANI4768,0.48558312100277534
BTQ2124,0.2523815526510363
YQT0133,0.5000269399379331
WCL2270,0.6093639576657062
UMS8559,0.6133509594046194
GFR4574,0.7043746518829955
SEY9322,0.2744074601847362
VZZ3704,0.5200236407781662
RCA7209,0.6561551362486625
WMT0282,0.2517290750279499
ZGZ3238,0.29148474357797055
PCH5579,0.7131028397183535
KVQ5659,0.7108811255091799
DXW7491,0.47233510748841284
UGO5322,0.31769039747828426
ZFA1134,0.14150039918285204
PMA9220,0.4480327215146094
EXB8441,0.520433524050749
ZEY4073,0.23073633970691482
VRB9328,0.07789010852747123
IXY2561,0.44395588190880597
TCC6535,0.3261621736743184
OJU3724,0.7182487278822924
XDL7709,0.42331677572314125
ORF5661,0.26994108180553156
FLD1463,0.42924986980264074
BJP9208,0.760450464392313
TAC9100,0.3849355211579783
SBF6739,0.37665525314301135
TXT2079,0.3098092419612467
KKH5705,0.4438105548096455
QSJ1521,0.3625309128489232
SPZ2638,0.5574936431263747
QKS3066,0.41175234259766047
HLI8086,0.30411822167630415
RVP4550,0.6355358700754792
HNJ9495,0.2734279261431404
YOJ3693,0.5134012264644661
GJS0697,0.6780643849774858
EQR1972,0.39396274608335907
OND0210,0.5065067990949023
ZKT9269,0.2398482860684578
UOP5878,0.601690917403853
LHQ8463,0.13393184933953317
VTK5721,0.31159678859283285
DFT1373,0.4059815733827516
ZZQ4322,0.6229389656940628
TEG7575,0.8547704718537696
ZDN8364,0.4214687724813288
PMH3356,0.6307268632336723
ZKC0601,0.48844242324165027
WCE9841,0.549865519130431
MQZ4133,0.7715711320827511
QUJ2416,0.6362927824236851
UIQ1872,0.37685362280286
TPR4093,0.690857355382988
UNY6653,0.6884254662275602
KED9088,0.2593143409579462
GJV9147,0.2650765924926071
YYK1409,0.3398468361955416
BDP1730,0.22412908071646756
IIS1162,0.5587911667903012
QDK0707,0.5400006067112509
SBM6710,0.3930208848786263
LZD3025,0.4190593763129961
SCN0463,0.6070459054418974
WYZ3750,0.134871906862921
WJE7625,0.584105574595531
LVH9493,0.6707381824796933
OGP3197,0.3224740220754509
VVY0930,0.5690453162344887
PVD6484,0.5529815589303739
VFA1552,0.7148243793964457
IGX6687,0.29420429713444357
VGB9010,0.3222294358581868
GRG2410,0.327463741860371
UGC8879,0.4845728426592248
WUZ4473,0.4800044376945605
XSF5046,0.5844372885844875
TCF1709,0.5831611448038253
QGP8200,0.6694209172955804
TWD0882,0.6645822679335777
XXL7278,0.36139979416360146
UBQ9279,0.4132032662700632
YIL3942,0.5729530276275021
BFA1695,0.5584525000278798
GKS6057,0.6686275865743065
CEN5283,0.4229725798868778
URI5280,0.37067687111079933
ERO9064,0.19069375818857504
WSF6571,0.6036230771790729
BVH9547,0.20039850519874083
ZJS4141,0.47054364683686417
RBF2204,0.19226403520673077
ZZV5719,0.4520333824173298
PBW0578,0.4653770191775416
OJH9892,0.41924894843004573
IEW3033,0.4786878228632957
VRF2412,0.49661316767368385
AEC5051,0.45086915034441005
FGL7789,0.2783474332849992
MJZ4395,0.4526212526856952
DUX4345,0.39190028152286727
CSQ8628,0.5600187567149489
TOT1468,0.6225564190314021
YCS1207,0.38584245203902945
UVT9591,0.3934663668986141
KOY5019,0.6302241751939576
NSL3572,0.2334089923917743
UIC6064,0.6129440412474799
RFW6714,0.5554637604997542
EAJ9097,0.24762115803978638
JOU4957,0.6102529426476134
TEE7042,0.6133753292229934
KJD2151,0.30095942997238845
XQL4738,0.7307712209110454
BFU8118,0.2635628115482923
ZET2122,0.4745702397051511
FUK4311,0.37622379386651994
QUE3466,0.22384654319511404
SWM1601,0.6077593435452144
JDO4667,0.19364535489184534
KLB4904,0.5296721568471733
MNL4989,0.23277593544460998
PIK2814,0.5056127346190467
SJU8294,0.5065967705565354
HLB3116,0.6594528027874036
ZCR4661,0.734654931358957
HRT2532,0.411771835211599
QPI4398,0.5135521260085386
BHE2901,0.6484732586197515
BGA4649,0.48757422400735745
BIE1986,0.3978420258840765
CWT0763,0.6721424534100416
WPR4507,0.41045093951859085
PAR8871,0.5830111720001342
VPV9675,0.6923905720513963
ZCN4019,0.7245872365660625
QXH9868,0.5646295749420224
IGL2036,0.2019298587183276
PXG0071,0.7354674040417579
JKJ4473,0.5525087267745071
JDM0244,0.3575625980872161
NFS4819,0.5036377121314034
VGF0668,0.4278291804494741
XEU5703,0.4713739769511532
RUO0833,0.30049443721022767
EQV2141,0.7085606696493922
GBO6128,0.39455977932592623
ICW7329,0.30635382039916387
PPR4284,0.6606205317728299
EWD8008,0.37328763630872724
WII0655,0.6319822488814762
RTW5196,0.4693449530820602
PXK4242,0.5832075848353772
FBW4362,0.6896024476931955
NKX1957,0.39344528558920583
FPX9711,0.4473912940726894
BDR5063,0.2411459815334293
ALG5020,0.41045877259766383
UPU4766,0.4985286988289638
NJD9805,0.16319455800313576
OXI7734,0.28620655769836617
LCI2089,0.672849147422374
DMF6569,0.3974887909183065
GYS8804,0.6204832166202883
RXQ7168,0.5666263211233186
AXU3149,0.342002559980429
QQV1056,0.6601346672664065
UDI7181,0.5972284282070134
ZTG9882,0.42386618685971367
XKZ3080,0.1808509299701822
WXB4285,0.32733645145058476
ZFP0139,0.4294988301004648
RKY6757,0.3053809558005051
RNL9971,0.38113234896252474
MOV1007,0.4305957099969619
EUF9193,0.5562276967014709
ATY5952,0.5548091667162355
HDI2450,0.5303606348675117
DCP3341,0.7013800730253152
YVW2924,0.5200321675755782
AMQ9367,0.13635578206618773
QRH8014,0.2530189762714142
NDQ2138,0.7915747631590363
TTO9585,0.298083082499299
XIT6623,0.3060170599669667
VFW0657,0.391601417098229
BZD1767,0.47706763425490595
LJL3808,0.22680401319790908
ALN1220,0.5235151334131534
EGO9071,0.2048337478418297
JOC9153,0.44502754976039605
INT7734,0.2068223109561366
NID3881,0.3188769225704201
VSR9271,0.21176555088118582
CNJ2189,0.45452378747786165
WQX1820,0.5333395118840893
DFR9329,0.4299928595303845
ZPL9559,0.5510211696311311
VEB5415,0.25013878487758323
NDJ1733,0.5297431682789105
ZGR2446,0.3599790342697418
AQZ9907,0.5334254507906716
HKN3098,0.317224691266378
GQE7545,0.5316188585937635
APS8818,0.555570053445811
SYB1914,0.2814560002663466
SWB2082,0.29410006703258423
LLU8086,0.6121257961116289
NXQ5035,0.47318510004416137
GJX2850,0.42518041022333847
YKM9772,0.3771504791996299
CNZ8777,0.40393867100557845
UOG5029,0.6520494232770825
KTY2647,0.17996763157506454
ZYR9156,0.24937601741613044
RHH0385,0.7982708803790912
LOH9986,0.722226511405706
OLB3222,0.6063177053609543
TGM6913,0.33701175490886975
TRM5291,0.2592568089459489
JSH2786,0.18809130057132886
FAG8343,0.6877927475895281
XXI9968,0.5487213721361744
XVX0630,0.36766711120687184
ZGL2012,0.3958561068669539
CMY3122,0.7916909579034213
RHA7400,0.6127000001854687
WOT8084,0.6193069825441858
RMI9464,0.4773932511172351
ZRL2727,0.6066867349102472
JSC4855,0.5768705641255109
PIU6931,0.5018525854014476
WAI8374,0.33784472868564636
XQU0774,0.6853830983365349
HLP2424,0.5695282830384435
HRM1429,0.5114603426958226
VVC1093,0.39472130137305056
LZJ5353,0.23908586929036177
RIQ9136,0.41983750084668303
TYC4355,0.49550582040451024
USX4346,0.27299820163590666
JCD4951,0.19163084749368586
AQE0764,0.32164435783752193
JBG8345,0.6015809110848422
LRK3576,0.21922454513434464
ZLR7960,0.4511978316103356
LQG5244,0.21763639333804324
MHK1073,0.6227132369317242
RCZ7157,0.3794958950700577
SSB7551,0.5218865077324829
PXO5302,0.11135481935351188
JPI9674,0.5556486883317896
BLY7604,0.4613691662747547
OWQ7804,0.7111683864689384
KTY3963,0.32258983750052933
PPM4319,0.26412011835450017
JLP1821,0.14552217408460327
MPR4339,0.635326307923545
SPE3315,0.2927942729101538
GSQ2343,0.47867001553543315
RRD2557,0.49760749873420945
SEH3346,0.4767869235787005
OMZ7979,0.7168436073214378
TVX0902,0.4443434850554414
QMD7998,0.40432817243225194
GIY7765,0.4431237180373973
WRA8283,0.5182346699224704
VRN2912,0.49908372296815307
WOW0457,0.2551258136265697
AAY9915,0.36816690955673487
MCV8852,0.3975557853430938
ZKK0483,0.45295254418793757
IUV2370,0.2981037669264982
BQT2347,0.33353373618164633
RAB0460,0.43923067112177794
VYY2503,0.22325201447338924
BQA4119,0.36791243580899674
OBX3043,0.5595732431190779
AWJ8508,0.13150904855449413
XTH2006,0.402136377717837
LOS6758,0.2901180252813335
FNG5006,0.3819096795361148
PQA3617,0.1845739495924006
TMK1023,0.3053379579722981
KUG7819,0.7658655549594426
GEM2691,0.519133553894973
XYK0485,0.5349598967332624
KDG4735,0.6400056450475233
WGV0890,0.36863122771610585
YWM6922,0.4327053680723897
XMW6050,0.21795250945613173
FVR5417,0.5787175427120838
TWB8895,0.4212195198352028
PER0203,0.27709911659875386
DAD8582,0.31062631215513964
QVW5666,0.2862829607912413
XTU3993,0.35263197667315566
QJS0135,0.7649438429475527
SVI6098,0.2584857886729021
OXA0211,0.46377411096313376
MSD2642,0.2305856379908924
GAJ7911,0.750693733390303
RNJ5292,0.44708864245067775
XUF3740,0.4889211737992853
MTP2791,0.43868667196977423
LDJ8976,0.5750636107853789
TUZ5834,0.5871930478075884
BWA2307,0.5439636684868435
YWO6436,0.34369378131354755
OKM6664,0.1997483076028929
TGG6922,0.3338730273832489
TGG8868,0.475583116062066
KMH3623,0.22444962334063145
SHU4421,0.5146300282115249
AWU4246,0.2708912158091534
TKC7338,0.14686935635085813
DXZ1314,0.6651657054897466
RAC3921,0.4916510364931373
TJN6899,0.44366707468707595
NUE6631,0.522085243823914
SPK2793,0.21462310747343352
EEV4381,0.42697250427652794
YLP6088,0.335681785626214
DUL2848,0.40647211185751175
USU5289,0.5360034491245198
KNZ9821,0.5394535255688847
ALO7156,0.2982572665495321
QHH4547,0.6076145446533642
LIX0583,0.40245442079257565
DVI1262,0.6738692815174715
SPU6876,0.5531718648652963
FYF1334,0.4839277554076591
HGT5795,0.8204292815691897
IMP8425,0.48939060042503973
JXZ9197,0.6557357819390351
VVQ4339,0.31916653958219626
DAO4421,0.24903099206144255
TOK7160,0.6114573674697751
YJS6181,0.6625493070911581
XFJ4423,0.29714095263736995
TZR7612,0.4399149735724915
OCB0159,0.34741194935400527
NKL4707,0.4516950551130082
IDS2174,0.17841166835937985
DRZ5494,0.5680554286798085
DDI6072,0.554325063123289
ZZH9609,0.4151599770316451
ZVP2569,0.6396818873825868
CUD1746,0.4435839710729282
YCV2081,0.2638370612030348
BQP9020,0.4715839416074381
YGK2060,0.3846972601562705
YKW5527,0.7867357200728096
ACX5115,0.4607796336111929
SCM0059,0.4867026607439868
LQI8710,0.41452410703149084
AGB9768,0.6817254312042679
ETJ7781,0.2857487936502994
BPL9331,0.39580223226112565
OMU8839,0.5245123349466756
DFP5387,0.21347685771831024
MHX5145,0.3030841811165613
GCH3336,0.15365064432233536
PON4432,0.5712537369209029
MLF6966,0.3751936355723906
HZY4130,0.7508801829821862
ARZ2060,0.44761103570752253
LKU6595,0.31939625303275865
PLL5967,0.12651614058669872
SLK2959,0.39508907870872395
DHN1111,0.6106320378330449
MPP7301,0.4348633637272646
ZZB8437,0.533743643650581
NQF3212,0.6312152347060056
MNK0960,0.24495613870401786
PWU1684,0.4171876109998612
LWL2689,0.6579135332080435
QYI7393,0.27898702211645254
CMX2357,0.23797091400502882
SOH8850,0.4633677495850563
ZGL1552,0.24978321881754054
GNU1789,0.70842848516966
CBT8745,0.47524765365021876
GGC9923,0.579244942250163
TCU0568,0.18795215325826933
DXR6816,0.5728501729989096
BYZ3907,0.39521732697229733
CNT5049,0.7849824714293144
BFM2923,0.40559133948957404
QUO8903,0.37873196169896317
GLN2683,0.5441661530746326
DXZ7938,0.5200781430500033
QXH6973,0.5435098378562266
VDP1152,0.8293577152331236
CLT4807,0.5430159624644558
LVU3472,0.34542257101475055
IZE7631,0.3617071403806665
CNO7276,0.17219662812759842
CUU7270,0.6905947494652246
VKX4593,0.2895526731319123
UCG4902,0.6829046506219907
ZDS1307,0.6313020663655394
GKK5693,0.5100904183923252
YUJ8464,0.5937774847517281
MMY8083,0.5787314576429982
EWU1072,0.3940288588475915
TXS7897,0.606226815943174
RDH3093,0.6862167879768654
DOQ0911,0.3666431719184095
DHD4872,0.5831188861694583
NOE2039,0.23096486234716276
GFZ2202,0.3465979800202286
TPY4290,0.3022213231951311
YOH9978,0.3764582040224785
ETP6944,0.2773120222064981
WBK0769,0.19658015669740075
JKS7151,0.41711700859568573
BLR6983,0.2679014502697406
OCR6516,0.6980189210399624
XUK8738,0.46171080416506544
TXE9195,0.36219198837297706
WTE8394,0.2962817878098013
NDJ9703,0.36999425280887693
FUY4600,0.5807202028871233
JMN9165,0.7598387219893598
DLW2837,0.8750925397029248
BBU2488,0.6133522692891645
GQX3493,0.347281975193331
LTK8258,0.4433519240937965
FAI4079,0.5322269785909975
VGW8609,0.28634535766058206
XEC8503,0.3450708079119204
YIB2036,0.5387021689277522
RBG7787,0.8169687487730828
QUG9785,0.33755327336239777
AYM1556,0.36983071949261503
DCI8918,0.3972668871065394
SFC3662,0.48733871263979306
YZE2133,0.3178935790283362
YYF5693,0.6225744754117898
YIR0910,0.6007909649935581
RTC0158,0.43397589634638817
CYF8027,0.2914136375076754
JVA6010,0.5137327191281237
VMR7339,0.5629691119557363
ZVQ7756,0.5377953910467556
EPB1902,0.6894944386372395
HMA1683,0.5601331942147115
UDW9896,0.8047309085690566
INJ2839,0.6205638215028954
XPW5468,0.35618858779687074
EWN3886,0.3150442003092738
RLG4571,0.40101784985135597
YRT9372,0.4845758486024047
YRH8201,0.7059214969207154
BRU3883,0.4461239759279235
SKZ8473,0.27916970397555146
XRY4887,0.3523275203505197
ULE8976,0.6249621136426404
PNW3961,0.0629975781678969
ZLV4477,0.3119934086907037
EME2296,0.25875422340227855
OJE7672,0.4338743431704645
UFA2792,0.3841577169136802
HYK2764,0.43719475858390616
EMJ4193,0.7898276732337746
TRY9793,0.24111431753869325
UND8104,0.5069988074633106
INW7518,0.5455894942370986
YSQ4508,0.45082086140059324
KWU5608,0.7805061076161864
MKP8589,0.541695158437024
LWG9686,0.2434087824418562
KUJ8182,0.4003548317834
DPR0998,0.30607797534215264
SST6383,0.44957922107783765
KJK7433,0.6105741214774305
RYF9809,0.6747485317528351
WSG6782,0.539982878485737
XHZ3894,0.8421663365685589
CRW6764,0.42633553110802197
IHK0142,0.25240090980665
KPI1673,0.4380123880331111
VJJ0920,0.49891085194983686
QHN1317,0.6161712459672073
QVL0117,0.40545588210806693
CYG6976,0.3432508931468613
WQJ5266,0.7058979150485348
EFV8152,0.3965361327999887
EYR8430,0.13998448934515537
CSS3873,0.3624887053821016
DAF1550,0.28316845372013405
ARG3013,0.23661190090162895
ZQR7323,0.4796809997460377
PSP9513,0.19314715584844816
QOI4229,0.5470179912158512
RKU4120,0.3079615109317147
AYL9666,0.33983676011378805
LIG8137,0.2696795996649812
TLN4120,0.4070682395517174
PII4855,0.48888361838260685
KKC4781,0.6275286148184357
UGJ9148,0.6322196516978567
NAH1937,0.717279458810956
IBS6724,0.31370984259155843
YOM1813,0.6500486609942688
UQB5928,0.2188811089961595
EXM5263,0.3811707949316042
SKZ9545,0.39500781091953885
YXX8481,0.5959359623888217
EKE1509,0.6043108722820589
XFH9691,0.33728854335345293
YSC6667,0.5870961225847172
HJA8242,0.581182565605963
MMG4678,0.764634157440904
GHM3350,0.2294674992916156
CPH4470,0.3167853551463163
RVE8333,0.5862649703659297
BJQ8824,0.5891543354747603
APV4434,0.5685206796962625
GQX9495,0.5809608959011484
LFE6178,0.530814030320106
SUR5735,0.567052943804229
SOU2853,0.5238316859217272
MYB4068,0.32660761342238814
HOI6711,0.361468369459784
IVQ9537,0.5009323927746366
APQ9887,0.43490409580221473
OYI5611,0.5171960365261495
SQP0394,0.46153464049843745
OAD9860,0.7201847173769718
XQI3680,0.5342559528863565
CQA0273,0.4669912270025774
JZE7318,0.3629926092479304
ASS2736,0.4217383090395098
BWM4784,0.7965467712247172
HOZ0409,0.554777031884963
MQR7431,0.6178556040011804
XHM8073,0.49292176898693957
XJP0014,0.5562931757788346
TZC5853,0.62910148815456
GOO7415,0.6384473564844494
JHN1039,0.6706955082873091
GJC1812,0.6632712126125454
NGR7410,0.47164754500182554
JOP3400,0.4050416837876442
IAQ2910,0.6609388272976212
NKK9441,0.2937246696584682
JWQ2070,0.3483200167511859
FUA2972,0.46700639688846224
OBK8154,0.4109330081786897
LTX0849,0.6093606252984316
RYG2522,0.5653519406593555
ALN2547,0.5074099030699025
VQR5900,0.584789709307251
YXW0430,0.28194697618450026
QIF1562,0.5246993442583394
ENC2948,0.7060715140348355
TYA6116,0.2884312695543726
MYN2101,0.8177239948300038
MPH1858,0.38184929441755006
PVD2935,0.25520564002413876
PQA1895,0.5166263031161799
ZXL4357,0.6090125918905879
FWN0813,0.22653558997770773
FJQ4108,0.3897321114315558
OOX8926,0.1695959531779168
XCI6898,0.3999143863876543
JLT2782,0.4579033414814594
GXY9486,0.6424490551383769
QSF6937,0.4184986245645499
DNL4265,0.39981685522716165
HXK2025,0.48901973578903407
UCF6307,0.9026461597240589
TZZ4995,0.5790795880481633
VPW8963,0.44149815215822663
SZC7086,0.3221502730986998
RKI4428,0.7730813555592727
DSE7424,0.5889290340338322
BYK2560,0.5005601583758169
HCV6851,0.5946556900158291
MCN6330,0.24888964172895894
QHX3606,0.5871399868576106
LIG7352,0.5366511674530597
OCB7121,0.07234495242591683
RND2956,0.3737921071880965
VJM9312,0.524594681440571
CNI4759,0.477558002082321
XGX8361,0.6247486177595715
RSN8872,0.6893943585804841
WUJ9752,0.5404361076097804
ECJ7109,0.25458191481011316
VKN0521,0.6144393178486334
FMF2687,0.7055727469685799
QRN3278,0.4680831222846238
OIK7662,0.6844806972047591
WFS5713,0.35335450035908267
RKK1023,0.28955244391289015
JAC6138,0.5968809803147186
YLK5805,0.39570317268759825
CJI4621,0.5944081556384792
QAD4256,0.843796828482233
FMS5517,0.5863320895032597
QEI8904,0.29251534137849217
FKQ4280,0.5363627221802753
DNM6555,0.23830749667777068
FXD2467,0.3706114555919842
MAA1936,0.5673089872789893
LCQ0642,0.34228385130049194
IYR9562,0.3083593151818241
ARI3219,0.27260855855270477
YQX8862,0.7773801684625771
QNC6999,0.5155657474930694
FLM8038,0.4046627416513549
EOW9067,0.58712152303797
DIY7061,0.759537486617308
CMJ9389,0.4274350159851653
FKB4069,0.12756300216284716
CGT6928,0.6085760887417777
TLQ3658,0.5121507764393132
MHQ0302,0.6007841221187595
AFK3676,0.40344859236795105
QRB7722,0.6390119309302944
SJC0158,0.5300777511132909
RCH3812,0.667464564898003
GEN6842,0.3675358839011076
FNE4328,0.4990887128488351
WXG9684,0.5616808428018778
FCV8286,0.4869857636477308
RVQ0084,0.2412440177181673
PGF1168,0.5342096886752482
FTZ5809,0.5161774934780877
ZTK7324,0.4223069434983893
XRZ6099,0.5809470739478082
IPD6107,0.5519235937443591
PQY5066,0.3740535139633851
PRU0629,0.697785981431292
AYP8708,0.7449124423779311
OBQ4700,0.26279796604636224
UJR8468,0.26012081809897925
PXT5309,0.3566415440383999
POT6788,0.68803846746229
JVW1000,0.567505428654963
NSK0652,0.6907912250458724
ICA3637,0.2332792413338671
DCP1085,0.3463791419541203
DCZ6187,0.32117559371014076
DFZ5791,0.7757631728753199
DUI8399,0.42142278139991857
TGF8462,0.4464921809319602
STK2892,0.17553006530393264
KGC2143,0.5672753051260925
MRJ5417,0.6456787339080937
KNE4875,0.26556075503681303
WWU8717,0.3878875998489545
XBA1009,0.3589600767049004
URC7565,0.47031789582278766
FGH8879,0.3771866431153747
TDY8258,0.4255130045336387
XYG9380,0.14903443336813896
VXC2814,0.41517969420588274
LIX0857,0.5570729959145003
WIV1316,0.45538444046385956
WJB0796,0.45876623174424
WDF6414,0.39302635160028443
RMW4668,0.5870590588763155
FUU6581,0.22403415970674767
XMJ4060,0.5493941732486914
SOY6474,0.5535551463999645
ZRZ7446,0.7304437603643372
WUN0078,0.36080865485599606
ZQD0286,0.49033884884881523
PUK7832,0.433966643145685
CBW5745,0.8352599892424994
CZN9299,0.31875597686259555
WRT2255,0.5759470514235289
UQF2952,0.3501192059974238
RVM1295,0.33766730995809435
PRO7906,0.3477703769315522
QCH0078,0.723691204935719
XYW3022,0.42006362374731615
UDJ1243,0.6278456246687013
LSM4498,0.4570989890910498
PHI3536,0.6346887023949809
MPU6302,0.4209877139868256
LYN7774,0.0801329127284786
QUS1468,0.8134057161200553
OTC5448,0.28522353333988776
XKE5180,0.30805709541586995
URN0347,0.1758616815622101
FZE4687,0.4229629000330583
BVQ7673,0.7041432065029344
EZM9452,0.22084326926614237
GPS3302,0.356930589914541
GUN5844,0.3507206278984848
AYN8791,0.37991710260167894
LGX8830,0.34432624204104517
PIY9509,0.37001170782440207
RUW9586,0.7407966279434864
LQL5669,0.41661323478159024
PLO8760,0.40284688997179435
BGZ2838,0.42307544368886113
WHS1751,0.6791695220061601
LDC1774,0.8229889252295323
AXJ6702,0.3527401873770308
HCL1779,0.6601643626982618
EFH2183,0.2327711544735517
XOA3736,0.5156766723685378
UGK6327,0.43141716843109423
ESV8661,0.6932935462662427
MZE3278,0.4464658403280945
CTL6582,0.6391894136283804
BZD1651,0.6103539925130695
SOM1304,0.19857439616523603
GTQ0095,0.5635223912256077
YYP6016,0.32311443762614517
ZLW8020,0.490813639437744
LGF0331,0.6257420596521589
WRY2911,0.5532451836113764
INE9421,0.1504026076106739
ZYZ8989,0.7843871555320099
TBI2765,0.42426994072072344
ITS7667,0.3854100996009612
ICK6739,0.44728197245740925
BXK4237,0.38510285751771445
VNI7499,0.3740741540322014
GCU1033,0.5330071934958316
HUG5452,0.8542861554136463
VWA6897,0.566562817981929
FVT7281,0.5116829071793588
LMY8193,0.8692777103362191
NRR7838,0.5816172017495728
JXS1528,0.4781236086876155
GTJ5916,0.5243742743863173
ZVO6581,0.5052703079038375
CRM6164,0.5723928823504433
TFC8917,0.24239037541193406
LTP2350,0.40578873635946616
CCJ8697,0.5210767320566431
VUR3194,0.3608486020829481
MEG1780,0.5221463273379294
ZAA9723,0.39900990509712225
RPX4079,0.2740084155764034
SOM0507,0.4640805041194194
LCS1549,0.44038182491219885
CCV0759,0.4576108896423564
QAN7266,0.5095076634376763
PNL4797,0.3331853602913693
RJQ1884,0.18053564906038153
DQZ4278,0.394619095569078
WFG7626,0.44190709622136587
POT0131,0.6171633256093703
JMS5345,0.46072272792878405
RGD9707,0.44685972045953914
TGT3516,0.5625266697853899
CBI0263,0.3542957256960898
FTN7519,0.3843709372817644
TWG7257,0.47871823925219875
LCN4343,0.47109477778120673
ZVL6847,0.6327847489036241
CZO8241,0.384160688119675
CDO0664,0.4194683290533122
IEI2406,0.2623574943289731
JTE2790,0.14712645612269787
PLX0698,0.5783973661461521
GQF0238,0.31433919200482396
DWC7982,0.41932554495387786
FTO3822,0.1391454147341005
WEG6221,0.3704523731218874
AZG2944,0.7818004179318567
XMV0741,0.31847798955391987
UGH1295,0.4597687562115304
HQR9335,0.3868114831429886
NKQ9327,0.8279572708558375
XTY9372,0.5224590063836264
EYB1405,0.6167265425351391
AGO5581,0.41966140660712886
QCB4606,0.6696100059748399
XPY7960,0.5364431011962214
SEC6669,0.3109184605366383
QLW6555,0.5611276145084206
XLG1609,0.44185912148422163
HPI2607,0.5678697229029783
EVB4443,0.7547992045024697
ODN7655,0.45821276743656597
RPG2644,0.5733575135564947
OYL2687,0.539924546477416
GTM6270,0.3796397582248957
BHF6755,0.26339688276771017
GJK9666,0.45081016193356
CYF6186,0.30874762974219616
FAX1132,0.25011287067153554
OND2893,0.6417407467071451
MWW1847,0.3296056437435983
EDM4225,0.43727316254855325
PHR9695,0.6313481066961708
AEH6740,0.5095088209891528
ZMQ3615,0.41088799536845444
GOT7201,0.6621464862155237
ZLQ5494,0.7042450416940323
KHZ2516,0.424918043094895
BVJ4973,0.5568816892954029
CWX4561,0.7039899904028661
GJI2743,0.43625928612158976
OMG2647,0.5992215251051041
FUR1115,0.24940644345945387
FCZ9083,0.47749128563439325
UFL4356,0.25039766444061146
ZBS4925,0.429757770197818
HPB5006,0.1007544909765495
RSG0748,0.374967650109539
CBF6533,0.29672672331042654
EKV4020,0.38847304589709936
EWQ4926,0.17684287046513755
MSK3451,0.4288652595428285
YQE8855,0.25642625459046525
OXR3527,0.8063995595839473
DOZ1481,0.5893244906897241
OXP9987,0.287613949320142
ANN7983,0.3959241528006597
HLD8743,0.6682412059135147
VTK6628,0.7382323528685454
SRO9037,0.25291520010559954
UBQ9686,0.673872487951427
MVG6267,0.3189257045047988
EMO1696,0.6781465534262098
TGD1798,0.43547590895691785
FHK2988,0.3613572286978138
XNR9052,0.7922259811116925
AXR4132,0.36921707839617784
WGH6565,0.45192208474440115
FML6794,0.5138733378439988
DVJ9838,0.7222202968108373
DIC6615,0.41410937001832954
RBU0373,0.4623145695776388
LVE5589,0.6123928026011843
ILK9645,0.29092972374245346
QNO7435,0.7301293614511536
LPL3544,0.18110789921432133
DZS1655,0.4936607205490725
BMZ5036,0.26478886846999516
ENQ2648,0.08872899175365079
QHS5121,0.30404075449611107
JRU0425,0.11220833750966722
AJC1854,0.5078637283337301
BCI8265,0.4863328450234781
LAP7008,0.5043222883285094
PRQ8360,0.6375469190738107
WRO2076,0.4680095138174991
NBP8599,0.5778102819863129
HXZ6061,0.4791418606331604
RQB8738,0.6102974282975175
WQX3133,0.5272709987645386
OFG6256,0.3129860678744505
CDG2022,0.5077241781628425
TFP6421,0.2789182461489976
OWX9646,0.36605298175955
LTT8237,0.5918593569573243
BOF3129,0.3296185118336855
VOW9109,0.6561319747373278
CWN0691,0.5167718544097509
HYS1355,0.4162081209918623
NZJ3062,0.6717286391685758
LRT8091,0.2875994432981516
QSG6295,0.7030257475372823
RWL6854,0.245525924810847
MNM3630,0.6541748006999584
YUI6791,0.372351911863166
FJX0190,0.4069523475633013
QQF5096,0.6477581358675826
AJS6206,0.7614648604404888
STF2875,0.7655358238229952
OUS3364,0.29543740676192487
GUC8571,0.22707857611734497
FXH1573,0.37889025410488264
CTI4900,0.5029753796825128
BAF9737,0.6490194576114013
XPJ2696,0.4288282096663774
HXT1930,0.44885429081659656
WMQ8645,0.6974557478753644
XZF3932,0.4151751930602338
EHC2456,0.5345500724309882
WLR3209,0.37176424500508176
TMW3776,0.5040708788290382
BYI9884,0.4747861806891344
TVL4976,0.5431167037604092
JMS3751,0.5361736864874812
EHD8569,0.5530568510816698
UXK4747,0.5587883099598405
KWC7487,0.21139275277957778
LME1343,0.181711795209593
SJS5024,0.530711858530354
EBP0107,0.49551445628416474
MXW7089,0.4743591095867896
XLW7075,0.5430986767477574
VLE0044,0.22279530612241477
MVW2125,0.7418212984610254
ROL3261,0.7627583876479368
NEF0732,0.6274567650127211
TNH4937,0.3785488175895417
NHD9630,0.5360432062672326
VBV1330,0.29292282655982466
NGK5798,0.2893483208400784
TIB3609,0.691830949776438
CQX9257,0.7036908885582445
JJB2918,0.579084165631756
QGE0385,0.20846979841160349
XPH3100,0.2550653472466528
MXQ1607,0.18799927887703108
WQB9441,0.4684233056499001
IFX4669,0.6224952341641989
LTE9151,0.40604733859551645
QXD6741,0.4405117201548774
BTJ7572,0.3430370356726074
ILG3077,0.6204435745607437
IQM1201,0.37878356061310814
BLE7111,0.18152508489368782
KAW7370,0.35196457045459656
OAI3127,0.5948065818150509
IOJ5332,0.4426543481635797
ZSF3534,0.21137485134077247
RQU4937,0.41338275600935914
MPZ5602,0.3027252950537821
ZOD9642,0.5449947610256105
TEO8067,0.6069303729302441
TKM5696,0.4766361556834983
AOD2802,0.2687409303648474
HUK7613,0.3801499203331104
JGD9511,0.4728669987586368
AYZ8798,0.636671303993236
ZDM3945,0.39227156886340564
LTH5029,0.4432723703107881
MXT2148,0.5475892264532166
GVM6956,0.41534468466369606
WDW2862,0.42578040984932686
QJQ9522,0.3541414098151708
FRU3187,0.7104545128027834
DPK0141,0.6808065708509108
LTR5585,0.39157712486029045
XJF5775,0.3460977422246058
TOQ6204,0.73227872805671
QXS0144,0.5914199560299849
TBX5804,0.2896441114426552
PMY9951,0.2746610864891535
EIV4595,0.541712009022237
YUU6633,0.45384971703580507
UGJ3843,0.4373563200562383
UWK0037,0.7575953291283807
VNK7348,0.3516209505397509
CPA3848,0.8832804859525794
KPD9994,0.6825865100769245
KCJ9439,0.15029933514298074
PEW6534,0.37258702827539747
RSC8075,0.563489369790907
YCJ9085,0.17647204441964456
PRL0472,0.6895541993547587
FWK6361,0.4747636258245725
YLG8442,0.39585224292880905
GEH5854,0.48825968398395664
SAL7389,0.28139066086316195
YMS7341,0.3955461942136744
IKD2768,0.3896977054559948
TJF3331,0.5171453792473508
KWE2891,0.2953447272015098
ZKN1526,0.7182693218161311
FYN0193,0.6109167852957278
LDW7977,0.5902623897306352
UHQ3906,0.3926769497399337
AZQ5561,0.449765840462321
PJH4687,0.6002806340389307
XKX6806,0.6734890213758548
HAM9575,0.34281551042891645
NAT7573,0.3892774519603382
EYL8899,0.19097537003216836
GTH7212,0.426840946708272
QID8015,0.2874560857550517
RNN0054,0.5271799368595459
CSG0726,0.7835199566989057
ATT3526,0.4388375140545242
EFF5669,0.439771886211826
YZY4981,0.6711945253282197
NKD2183,0.41217688878082276
ZRM7482,0.3880862034982169
SJK5331,0.42208342113046754
GUB3614,0.5881278157842205
NTC7862,0.8553764656368337
ICO2684,0.21620863748958366
MVW8128,0.21536343611652242
BDS8123,0.39346562211572744
YVT3141,0.14891499579572484
RGI2704,0.5004779531867182
HTP8585,0.6402914644851657
HZU3585,0.5848526866558406
XSF9432,0.6047843535661581
NGC0638,0.7130928385423708
DZE7578,0.4478240232361262
YDC3343,0.6638916760416925
FDG5520,0.5337974479122723
VEP9395,0.37871109746677917
GGK4791,0.27926723811328225
WZS8541,0.2692452052522674
QHX3936,0.5383197354513839
QDG4818,0.5296862946419258
ZUQ7887,0.566677865392512
AGY1309,0.5077897282303576
UVW4100,0.41064743630897066
BWN9219,0.7637372743160507
FHL4572,0.712900883580498
HWT7241,0.4615877367070352
UOV5896,0.22677098709324592
RMW6133,0.20336850474535262
QXR6850,0.13444199239332502
YFQ4304,0.1676947971389704
BYG6143,0.46223509042706923
UCW0671,0.5691967928697174
QDL1220,0.3124446945345959
RPC9516,0.5155159823635934
LIX2357,0.7209589002294212
ARW4463,0.7273991528337759
NER5135,0.3861395490778
TIT4262,0.36971475892406064
KOP8740,0.3625546741972097
ENR5341,0.36658301782399744
SVI1672,0.6460715398828258
NJA0713,0.26607121500160674
CZY8688,0.37644928831671454
FMS2015,0.16882471147845765
QHK0296,0.40185375632639764
TIB0285,0.29451112373142607
KWF8147,0.3760102062814297
MKT7416,0.5018741495111841
BAS7787,0.6274698665656284
WBA8393,0.4492367974641103
BPN3486,0.43310105361760254
HMG0854,0.6773806939120665
BZA4231,0.513113155900865
OPQ4102,0.7220811194125982
LUR4054,0.28232125562264215
UKX7997,0.31290759321283435
BAT8245,0.4785375273452619
GUE9488,0.6510316543258066
DNG9558,0.779198692792826
NEP1395,0.2065432294263279
YFU0433,0.35572116773353823
OWG0002,0.27489054676827335
XYQ1238,0.2287871697652808
MTZ3600,0.4321591679263795
LUB2819,0.6554632058165512
XYG6240,0.7074029704134558
BYU2818,0.2860096657635904
YNE0190,0.40111260662042075
XPB8615,0.42757926433614923
ANV7632,0.4315433021255507
UBK9497,0.262651637775529
QRB7048,0.46344733228851925
SUJ0543,0.6547606243664462
OUY4612,0.8486950507668374
CEY1822,0.16837001501648743
BAU8123,0.3430464887571437
IJY1244,0.41419536469657675
JAL3784,0.6638111468572646
NMJ4281,0.5515002758409964
MEE9328,0.4342339707906527
WJK2404,0.4989143178165746
AKW2898,0.6001726646099413
RDN5018,0.3201179994748361
YDN6409,0.7369829501737737
HYA0471,0.6923535411657659
KAZ7187,0.18164270644142924
TYM3126,0.45977895604153846
KOA5634,0.4201032266898679
EMR5325,0.5874423566936381
PFV6163,0.4422864946118517
UNY3920,0.3586750673194458
KUT6020,0.28750054078934306
LJG4273,0.41317766321674493
SDC1469,0.19330839215610668
CMU0635,0.43057108000226396
OSN6352,0.4450916235944456
TME9410,0.577600494401759
WDI8148,0.3141642155081841
PPQ8383,0.5343724886822668
HXN4016,0.720612931706052
EPG2440,0.7068225467964698
DFC0443,0.5260137571625537
NQL4457,0.6312129940267346
