ID,Target
DFO6773,0.44700965775405427
ACG1537,0.5212449462179125
DQL8503,0.552269469330189
SIM5667,0.24251380598002922
CGP5642,0.15553618437381875
RPR2789,0.18467708784459516
HGL6434,0.25445973931147864
PUI8765,0.4612099053566198
RQE9284,0.5669082484530156
IBC5636,0.5928722509978136
ROD6708,0.5903632334436312
PVG1848,0.47796222273877054
THG3807,0.26860748677174123
VAU3040,0.6399646895955815
DWL2697,0.242891307907112
ZAN7304,0.7148938801323571
TVE9995,0.17370085275126526
PCF6080,0.45261567129157215
UPT5060,0.45370745716934496
HKP8843,0.42803005125267973
QJU1928,0.3259785556802864
ZON6991,0.2808822624687061
RAE1398,0.2618473896567912
SWH4514,0.38717621633475474
IIG1667,0.34379080851713867
VMS8326,0.3882977230225934
GRQ7156,0.37286703501124546
CAE5003,0.43850239911069844
FRS9838,0.24931238245302878
DFN4452,0.7401352494082767
GZO1321,0.1088998216400322
RGA5708,0.5765959835249931
ZJV4081,0.44165068871876545
WXI1643,0.20047365857402374
SBD7132,0.29349275285173726
HZL3502,0.6786015185624176
WKR0537,0.19109122613930785
XLB2397,0.13008663793857103
ACA6327,0.3437647911462216
IOC0400,0.48230044796045557
UCF3461,0.14628193515069401
EAH5172,0.5295928210700981
ZMH9077,0.6610048060962527
ETP6377,0.3770489521807474
BRN1398,0.5699223843017401
PFW7493,0.5912954271066257
DTB4517,0.8821992800896554
ILK1949,0.3839559008477797
PBE7941,0.5215159658058177
HJR0365,0.7342241367225347
ZMC9606,0.7395915158326938
FLT3646,0.3760354344549075
PYI1436,0.45711240567053885
MJQ4939,0.2997662433902129
TSY2603,0.7975792651416153
YDG0242,0.8275212523561747
SIZ1523,0.43249196319142874
HSD3272,0.5280187537320897
QGG9170,0.2637824567923494
KUP3285,0.22463365718796058
SRM1677,0.49410451289986845
WUA7908,0.36663891358325035
SID8395,0.1932777155830625
VOK2057,0.5793786882662294
XZK8217,0.5701436069531277
NNT9148,0.2524725310192726
TMJ9163,0.3648128037564959
CNL5625,0.23791107003152434
LDU1725,0.2810678837111507
MCZ6471,0.4442505994044577
CLT8952,0.5028401456709328
ELK6989,0.5022316789891671
BBW4784,0.20910786235697043
QAY3817,0.6866790692557142
AYC4715,0.366931945418302
BEM7158,0.6247009698732873
BWZ1441,0.4363651366802361
UBF2009,0.2984582217244167
LRC6071,0.7727077618399664
ODN6164,0.692877322638548
AMQ8363,0.7140513713608677
XZQ0660,0.5055915213431742
BZN0084,0.5406603956618629
PMP2691,0.3646666079526352
ETA5284,0.5783778962459405
OJY4163,0.38042182533274715
IFE1361,0.5734797116913274
GIZ8603,0.7423927910318872
OZI7954,0.33945282192304105
XLJ9298,0.6042172685238204
EPS9448,0.6489166703780939
DKV5123,0.43900873948526664
JMM7357,0.11871057403911785
BSP2705,0.6424255909539464
NNH3400,0.3742019037781961
WYY4670,0.3670330514102497
PNS7835,0.304538954342966
ZJU6296,0.18298028930105562
FBV1095,0.6417862330897517
AQY6650,0.4361351912470395
WWO8325,0.2501524518994353
UAR0401,0.22260275029891444
FFJ6554,0.17957574681608277
HQA2546,0.4136606425417348
TIO2245,0.5066460103022979
UYC8813,0.2507978721724131
TFZ3535,0.7602799253057673
WET5158,0.35442550374749676
TYB4328,0.6242009250469002
DJW5769,0.5090535217350599
TFJ7526,0.5663615994205993
IME8210,0.4935396207437221
XAC2820,0.21590021488014433
BCN1457,0.31056887335828814
ZXL1102,0.809832000278124
NNR7100,0.34267676921287554
LZL5785,0.5583894915701181
HOJ4432,0.3168907696090346
QCK4637,0.2959952009899926
ZVA9791,0.342694096475662
QRJ4411,0.46538392854905136
UCZ8863,0.41380918941337375
MKX7122,0.2930646541855661
GXA8899,0.4815559374172908
EAX7700,0.23141872213157821
QOH3789,0.5578015551651794
NGC4355,0.42900695257980676
VJQ4277,0.2506086953347088
QZM9978,0.23471870640349116
TAQ3968,0.4348866706458798
XBQ7957,0.6584440708687654
GUP9966,0.7103168152692771
IZD6170,0.09317598145776902
TME9261,0.25555918690862267
DJO2039,0.37535726200310693
RSA0679,0.19238552787036042
SBW0791,0.8534279389472474
QSV7106,0.3946147791637022
JMP1245,0.5104259340225459
GUD9321,0.5047217195524042
LXM2954,0.5826236101634291
LGI4642,0.5048803861607059
BQS7913,0.4233342716826968
XJS3739,0.5805990137773218
BUF1276,0.45525094303354857
JTC1315,0.2288978114083696
WCG0333,0.12486247334073451
AKV2947,0.21057942896981052
BTW7748,0.46298367120937356
OGY1474,0.29391513054129215
SSC6417,0.0685823474852701
RIO4406,0.6812991125226784
RWS6732,0.33836152907005773
PAY3626,0.32435786134849115
IWQ0772,0.5131742062488835
CQC7476,0.3245214060710896
FRA2470,0.4182166402496283
LBI8368,0.28197671446084965
VBO9478,0.37777353838370725
XRQ6385,0.2503710817693092
ILW4257,0.2199346448806027
GDS1490,0.3478050088408659
PXX0426,0.657442139700672
XJM2247,0.1804093006080678
DOL0347,0.6283743860339157
WFV1019,0.22287462109338363
UVT5968,0.18665842304404348
BLH0526,0.32929416100318526
JTN3703,0.813381904969748
BCU6206,0.7344137636119936
UTW6518,0.46076429905958555
AQN4052,0.12371142781980116
TMU2581,0.331475529246633
EDJ3712,0.43078718979680736
VTR3659,0.5523732017072732
FDI2651,0.2351288651382164
OHH3383,0.4106696654785935
XVH7995,0.2458287983624695
IVY6009,0.4575312855676392
YDN1128,0.14747361903399284
NEF1312,0.668341236388736
QEA4547,0.4542407846803105
YKQ7318,0.48966179714725805
ZKQ2426,0.6676853914100144
YJQ6360,0.39724465866400793
YDZ5100,0.24061438034681845
LTT2841,0.4972831915124038
TWU6658,0.13749140283580882
LCW9731,0.2532491799273572
MKT5578,0.2928208577698915
DVK9351,0.4680143280841261
ZMP8248,0.18934244381187174
KYY7821,0.2288257901962739
AVJ8974,0.4070271329159285
DOK9100,0.21769465535203447
ECD7626,0.43256168159419967
YNF2554,0.3564592568707523
CTU6321,0.703444862890367
GMF7103,0.2684728828691468
BRF3061,0.22952657332426574
RJB8313,0.7025485690761442
KMC2649,0.41395364747940483
AAL3606,0.6557526815392601
KIF3467,0.5307805353406126
YBI5203,0.49388395048371664
WLI2207,0.4069693511275985
NXE2716,0.13801238607708025
QDS5954,0.27718944600676493
EKN9573,0.3421813705881976
FNC0226,0.43500334158353643
SJU0287,0.3918876052196631
EFB6786,0.7167061299364184
UVC2479,0.1895208775720819
GST7887,0.15187695729222805
IOM4923,0.1503967023236465
SZO9257,0.5411526870347391
FSX6639,0.2623817827977531
EIH7872,0.5733258945141759
DYV7545,0.4451220056076905
SQW3453,0.34321847321001026
ELA4440,0.5717808181038944
VOX5185,0.3874377522007478
ZKK2844,0.4528661133972345
OOC9500,0.4109196095987127
HIG7345,0.5635804128421232
UVQ0146,0.3639146947662242
PSS9989,0.3703220983809767
VQN9394,0.6770076643955484
UGY8965,0.6325217455948685
VDG8451,0.6705439808890551
OLT9843,0.5968897027631265
LOG2264,0.2605106686220588
YFS9689,0.6633509746112684
GBE3000,0.3250862587297633
CBK7888,0.27118257532129886
MSJ3134,0.3429531259707214
MJH6242,0.20300772921594556
YZU8809,0.7416617403835595
CWG0188,0.6761153759352707
SYG1986,0.6305917149048924
NBC1180,0.2675737609801356
SLW9447,0.42736584653535603
WYY2045,0.5777193184834764
MFT2817,0.35943470960056345
ZGJ2969,0.7153004886819798
CUA0202,0.305667170346623
GGT6416,0.5716852581520278
LZU5185,0.4561699480735342
XNX2676,0.33068987550446577
CFI1200,0.7733419206156359
PAP1874,0.2833603953180975
UPZ5905,0.5708275300924769
DQX4472,0.7177660380197813
BZS9230,0.13641903125940322
KQE7116,0.495395307272299
VBA8686,0.775211428663421
PKJ0136,0.35346269889815934
TDE1710,0.2146209044022255
UDL9511,0.43508216268859606
OJA7544,0.5845687680999186
WID8415,0.6534435935290777
IXL1208,0.5381738915312263
UWT3931,0.5656176932065163
QGG5977,0.181872504097798
ANA7964,0.39684361370495935
HEF4116,0.7363985167704848
JXQ5032,0.2321799570748629
XRU6956,0.5571361835834353
SME8030,0.33663585045842565
IRZ5669,0.6978859389966966
FFX2740,0.5398761925130889
JXE7156,0.22497208964058837
EOJ6968,0.34633279655129595
UKH4457,0.377627630394796
QSD0662,0.4685606785087198
CDH8767,0.3454714311326683
NCZ1766,0.48513632123477163
CBE7721,0.5702408324245168
JAF1807,0.6798711761058419
VZE9639,0.20486973856040228
QVH2896,0.25355119630272743
SUF9796,0.2970356576884406
KQD2227,0.24301252755829691
OXN3636,0.3505865378914488
EKX7884,0.3572440412378814
UBB3172,0.30513619985298224
AWZ8951,0.2199276990730791
COQ6853,0.4945851424216819
LHK8813,0.39601380149648047
MMJ3810,0.45538328505060544
DQZ9725,0.168952240924788
CVH0937,0.3630002634376086
MMZ6751,0.572846941421861
PVN8363,0.307912428943946
XWI0820,0.6814729936331245
FSR2001,0.6413530989398736
JYN3021,0.42780382579639803
KPY1302,0.5864990334534502
IDR0248,0.575019038642587
LHN8416,0.3642113774316316
XRI5806,0.7003311749892566
TAE6093,0.43456677645475117
BUU8360,0.8623469664656923
FJP4956,0.652681695436247
VIG6768,0.5925060878956758
WYD1366,0.46663893710485055
EHS7518,0.599728768383515
QJA1196,0.4620961862180015
WCP9282,0.738128361694835
ELK3640,0.5986991196926144
IRY8613,0.7745569057331622
IGR0423,0.3578897608177017
YAH1716,0.5275947449506778
OBG5674,0.12382884437730986
OQQ8607,0.32318079276891304
LXD9398,0.25397878819342257
NGV1153,0.43380991315456646
IRE9130,0.19964388251645895
IWL0174,0.23991236517494277
NCY2045,0.204626679440869
XFE8683,0.2412379301419234
FPB0008,0.43151005070087733
VIP0940,0.40718617637727356
JQR1894,0.6325888850334196
ROX1611,0.13777103337108823
ALM5771,0.19042892521708332
LEY6688,0.08071123724376668
VGG4396,0.2590304891854082
RHU7416,0.3573133664188519
MWJ5507,0.6376144350455327
ULY9181,0.5743057869554239
IMG2600,0.6159996721825222
OUP9451,0.4703885447309249
MIR9240,0.556925854004943
ZRL9800,0.767782523667929
NWC1345,0.14022706013047462
VNH1391,0.3600440849754578
JXW4828,0.3699122661013863
VBZ7199,0.3652467469038842
WLF0421,0.21888800721661675
UKR0792,0.6715828990929724
QJF9545,0.20987967280923084
LEO5692,0.44541473281495353
DJG6508,0.6789469336559047
AOE3363,0.3495461174668743
OSU3876,0.47971665509374484
WMS2804,0.24659764171187037
KRN6708,0.5545201489244552
IFE5408,0.17331951160938433
ASP4223,0.4784193390233808
ACI7391,0.30136939821866204
DDA0281,0.2528639721060027
LIH6429,0.07831129062576624
HWP8777,0.7227081356490394
LFJ4299,0.24151444635380837
AIY6599,0.40100801019274085
QRB3811,0.4530568207381506
FUE9670,0.5896177237817434
JBM8920,0.2850686130784425
MYX0246,0.3885567696908163
CTC5913,0.7977294240321783
RZN3717,0.3399255985228022
NXF0575,0.43066813473130167
QJQ5816,0.17193932534154566
SMN2492,0.47674708392212023
YNS1825,0.10978963945004479
GDM4311,0.28781836136456534
MPQ9948,0.4198015498391518
BSI2741,0.40807767657461574
MHT9814,0.35551128720480146
KQW4336,0.610503287988699
SGK9596,0.44505761722314663
WYI2584,0.16156872649719042
JPM3125,0.20181866942409288
TWO6625,0.4316390500420321
ZYR9195,0.20564223591098665
UBX3089,0.3035855415729605
HIY3832,0.15862800327551985
RSQ2014,0.4770072254984881
HBN5862,0.263097295959227
PWI1151,0.5099522227095487
VHV9062,0.2776108549179472
TNG6275,0.5792240320489587
ZGT7648,0.8624748948004641
BTJ5094,0.7605867321909344
OWQ1317,0.6796109005167811
FZJ8283,0.6366227542166657
AAU0759,0.5939730836427944
NXH5986,0.71686357461638
UAC7517,0.5812403563635159
HQD4364,0.590122478465436
SRF2584,0.356424603209014
YYA8087,0.30012899894738637
NBA4065,0.32048738064589366
NZT0627,0.08601460651674037
OEB8359,0.3297816900211455
YPR6624,0.4646929308445582
KCH5008,0.35536124262598223
STC3523,0.6441720612698673
MGY3123,0.5098952615207767
LRY1938,0.5267308705599966
SVA7219,0.0926943221711684
DNC9467,0.5859410666326931
LRC2676,0.375892857265391
APM1038,0.4757115872366893
YJZ9859,0.4524598522057601
VYX7142,0.4638514658778316
MFK2019,0.331277370220527
FPE6810,0.44831624007075616
XBT9674,0.3740969625943897
ZPG6061,0.38343625262905295
FCG9088,0.2890108790781258
URC2367,0.1830565709867269
EHT5699,0.5078612638596769
XAJ0279,0.5040779651234385
ORX2274,0.6201269320498944
HJO8517,0.427331545266407
MIU6675,0.45400886887970976
GWB1362,0.6040989973105505
GJB8260,0.2484391886019194
UWX1200,0.64229983728617
JXP2884,0.3051753390797242
PNU7995,0.23100505602782018
ICK8620,0.755980998394269
YVG7100,0.3520298351919396
ZQA6204,0.5146785808269118
PNP3590,0.3142151549341481
CTN4936,0.6905835308029246
AFE9344,0.26546584852266836
HJG7797,0.32921181661952814
IMN9206,0.5457895799792251
JAD4840,0.515205294694491
KKE4285,0.452376537567394
HDB0095,0.632803109240179
RCS8492,0.3389455163269066
GNF9509,0.33271668034369256
AAL3161,0.41225862904035643
TGQ7962,0.45569003838194505
CFF9202,0.24279139292536753
CMF9347,0.6414171512996012
CIB2416,0.3708630202573934
CBK7203,0.46036370923301256
MRF2491,0.29238055327854817
JMG7680,0.3229878227219756
RTC6762,0.6315984498569712
ZVD2009,0.6557507641569561
WFP9497,0.5251369453526856
PEX7134,0.265495264621036
FHA1852,0.4011777877233225
UAO4501,0.29921229589086984
IQJ8723,0.5747637243993223
BQL5404,0.4448463006681695
KLN7250,0.243674539428947
BNW3280,0.6660109987511897
AAN8609,0.2713526957030031
MEL1982,0.2974706790576617
QVT9418,0.48371005358968117
FNV8858,0.4067518380936552
KIO8299,0.2151961695131076
RSJ4654,0.12240830944931162
BCH3690,0.5158442900463927
SYC9531,0.3763299057261377
KIL6229,0.43544294173365716
NBO4677,0.3374795743568897
EKA8324,0.6598735610173466
ZSQ6837,0.5054107926299739
WXK5001,0.3526319358103606
RUC4832,0.3137481156047132
KJK0672,0.4323585557238927
IQM0593,0.21075684385239393
LPK7313,0.7091521034027098
ZTQ2325,0.32304579758805346
GDC5285,0.6128657826811638
QUR5370,0.22544182028675597
SHR0678,0.5174743775956364
YES8392,0.5862128469734222
TOB4763,0.33645780850984525
YOU7542,0.26670046171580375
GSH8987,0.7651868578929274
WWZ2281,0.5548615716987279
ALA9742,0.5647681961827569
GCN5077,0.4017356697987478
ROO7648,0.29880523109986773
NVR0886,0.35687110028368535
RJF5346,0.5514050862430115
XLF9962,0.3195848620648734
ZGA9831,0.4086895000713355
WOC8918,0.6728549687572766
AHI6284,0.2590528349581136
NIU4213,0.6990139602468424
SQK5201,0.4283290923372594
AJO3590,0.2833839149453998
WZV6293,0.4334564436729405
NWA5890,0.3970853312671185
WVE5452,0.4042472480562602
YGS6044,0.45934827427710734
SUY4237,0.2581938741784218
PWC4767,0.4219739435844236
BPZ0803,0.24046467311136785
KJX2470,0.43670302234731784
KIE5395,0.6346283636303066
SLX0697,0.1319915695000467
UUK9663,0.43722754508753253
IUG5399,0.20019787483833018
ORV6100,0.44332581733377685
OFT6653,0.4705878188085835
XQY9087,0.10921545794915417
KTO5138,0.4848621952518453
JXM1524,0.40282830473476067
PWB2146,0.6592386971930462
FVU2525,0.21454298205356062
LYD1152,0.47839624820625115
QTA7916,0.6701857187195052
OIR6331,0.4860215085994723
EYU4023,0.46359157904632964
QPP4425,0.557594129879125
EBZ2462,0.7662599189509192
PEC0913,0.30631265156345844
RZW4685,0.2599811848353398
ARL1855,0.2449064733880448
GNM5799,0.24034894762848635
UWZ6120,0.6923217701892206
HHH9210,0.1990695132184709
AVB0694,0.19177986341777917
TMT4597,0.3938733544759257
UBS1325,0.25719811400478526
AGL0230,0.4140811013917805
RAY1338,0.6725702475389532
UBO3797,0.23591764749373287
CQF7521,0.18283289805570954
KDP1198,0.41100932621290437
INL0868,0.5324882433126189
GTK3189,0.3191607825336809
WTM4005,0.693165278253861
FIP8993,0.7182540577106419
FCZ9834,0.3813328438210351
RML3792,0.5109225657367777
PMZ1560,0.4165742808155904
EGE4577,0.20846538790100597
AGD9018,0.2065874104828159
DAK7002,0.7164118780303331
RYM2412,0.4447002879652003
GQK3574,0.3638651107576436
KDJ3912,0.38174736842288776
LWS1614,0.192712240901835
CWL5798,0.4886626232150985
GOY7408,0.4300197356512172
MDY5140,0.5001949179068313
HHY3374,0.581613819438315
BUJ9611,0.6878424158706915
QIF4923,0.7016379334849656
PAT5605,0.27648979622216485
ZVB1813,0.5202480343739465
SXC2843,0.48867007815676083
HBA6381,0.2605688266295381
RII5546,0.13382500988425708
HXS4855,0.4284344817072534
XBZ6752,0.25334724757756605
LWF5773,0.6174048544133036
DUQ8476,0.2735894399606565
SEU1555,0.5035719665480544
RNP9751,0.36353005642734715
WIQ8770,0.4176270468672682
JSG5695,0.2550886624141792
FKO1241,0.3507246741272821
PCC3793,0.4636285362887937
CWD4541,0.2042873294438071
ROG9695,0.6876166304475505
MVR4037,0.6161330420410933
FMM6372,0.44926950858657294
BGB3523,0.8246954512087591
TTF6509,0.3408303264302515
ALW9297,0.45706690316237425
ZOS7568,0.7594553856640299
ABH8279,0.25163365404763127
UEK6628,0.2571150243913371
HNC0717,0.22823357166896208
JGT4554,0.3931901855021244
IJS7638,0.4680909431412066
ZZN6544,0.6503815666002836
YZA9256,0.49775219003197774
GZU9440,0.18469136052049995
ZLK8905,0.711161384785103
ZWC9267,0.5930503177381224
BVE8079,0.14125815013450463
OYH5249,0.2138884902538896
KYH8521,0.44199554475930114
MZE1888,0.2706321924458604
CDN4250,0.5465526244277571
UWE7463,0.6496972951639558
GZN3833,0.42873028473230895
BAO8553,0.6657057399786238
ACB4517,0.5673526546025642
SPU3212,0.589373051157942
BEH3042,0.2332187404454805
RQL3472,0.12889388577516872
MAW0136,0.5819379215880035
KLE0471,0.3696341024788187
ZAY0157,0.413312966505806
SWT8253,0.6344625998880042
MPI6855,0.4983085489847861
FWG3117,0.3371450581390061
CVS0423,0.1945212408088067
GOU2454,0.22014581728357344
PYB3720,0.22499440283842456
JZW5332,0.7048407867572695
ETY4656,0.6230820449899328
ETA7123,0.36603420538802767
MOE5691,0.48599301279060647
LDA8763,0.6982534643443881
ZRX5373,0.44141334260991066
IJW7879,0.5922786724258996
UZW0758,0.43784580644309745
OAG6186,0.32805194531086723
UAM1818,0.5393172813303507
FNN9065,0.5590604685752988
JLF1780,0.20497365091896447
YEY0893,0.33908667353951366
THB3713,0.40586544334652713
DVN6545,0.2541700209728519
TOM6543,0.4415438265196696
ZVO4515,0.2248546438778726
CYN2809,0.18683873016671795
XKB8356,0.22993027987632966
QPH0628,0.5059381340737565
BMM5092,0.2806394652036733
GYU8973,0.3700026148009908
XQI4092,0.5852747080283737
GSW2383,0.3438279355412055
RTU0647,0.3970072650384255
NRO6275,0.4519578103843244
WHT4713,0.35491538350330365
PSS5199,0.4282384454779707
HES2744,0.24168574927549305
GEJ7100,0.33179107850891665
JDD9640,0.13040815529323435
YTK9530,0.5415846649061125
FVE2799,0.30008102221652266
TSZ4979,0.3653989096876337
FEE4563,0.6141674230593553
VNQ7798,0.3886662722470289
QTG4449,0.37212222749425816
GCJ5619,0.17893391824480676
VCM2564,0.09720808687457683
XZG3618,0.552948175656828
XBU8194,0.2589500918323283
JUF6933,0.15103516220919322
XVI8728,0.6521498164879377
RIN7079,0.5449359210314615
SNK1073,0.3552717725384933
WMR9670,0.4342384469756937
PZX8160,0.28375528078660217
TXS9808,0.09891297718301174
MEJ8315,0.3955568339667093
FRQ1522,0.4212151170863995
EGS6505,0.2716122154293052
UZR6300,0.39732503315453666
LVL0476,0.33536150756599165
TZL5867,0.22241521386243165
RCS5132,0.09026023315283806
LTI5885,0.6606038789663966
YPS4288,0.2923397991957792
EHB7328,0.47378186565990577
HON1536,0.7368783611187989
GHL5700,0.1678803824970901
ACW4420,0.3887874124945303
GBT3538,0.34790706457540904
YID4243,0.19687283723673932
AYS9891,0.36059244168686105
KVT5468,0.31923322579474117
XRW8396,0.7178363891886413
NPA1002,0.4760785244562202
LQR3842,0.4827087935940086
WRB9722,0.2418178703337134
WEC1460,0.4928551499805993
XFU3132,0.2870452493678421
HTE2743,0.6477497437284485
ISN9613,0.38615462122516203
JEQ0297,0.15596347322220278
ZJY4720,0.12448399601052691
EOA8137,0.40824437619676796
LTW8046,0.6407947850072099
YQH3278,0.6333182053977215
CLX9204,0.7272053353162514
QRT0197,0.6339158811641098
OTW0820,0.09872598242147579
NNE6919,0.3103449551198331
LSO4428,0.25427217144636566
LZP5655,0.1793066987787515
LLT3946,0.6061010750228406
NPM5272,0.5675513314649108
MVF7543,0.38211284349514046
XJP2259,0.7509682136774396
FSO3741,0.3366916720009219
OOO7653,0.4105325607922306
UON4433,0.3457279666360893
MUF3433,0.6370119549364567
RZD7599,0.46678994947591396
RDM3372,0.661944914218854
LYQ4178,0.13494633047711155
FZE9079,0.5136032995606644
JMS7931,0.7107543218017277
BGQ3650,0.08631504154936225
ZFY7024,0.34988235237089443
JNV0033,0.24487029628397647
SNV8933,0.3732941317307354
XQQ5448,0.44069597890789947
JVI6426,0.22597021787380575
AJG2925,0.19399157472629205
XHP0971,0.2763256596535493
TRL3273,0.7650208318404784
INO5257,0.4401912497198652
KTX9283,0.23794225662185875
WAN2047,0.3059865006848154
EZW4173,0.5197667296988039
GVA8261,0.21663067979195216
TRN7688,0.3161695282751925
XXQ2067,0.4157566856806012
TLE5689,0.49559049506296854
XSO7171,0.24476753060205522
SWG9948,0.46933401502626787
EFH1289,0.598398519901839
IHI0179,0.7503047781631379
CKT9987,0.30398592801200747
NEY7960,0.4461877471707895
IAN9597,0.491106310876572
HUI4628,0.19295595841758847
RPK2559,0.16912603036339136
ISQ5968,0.6412019079113884
GPO8313,0.33377688454670573
BTM1480,0.5115476559874406
CPA4097,0.5552643877519885
YBU6951,0.42301639421590886
NZP5864,0.5978937476003828
GUG5402,0.35876507229095517
ANG8993,0.21600416668418768
HAZ8153,0.4319234189452961
RIY8056,0.22233174513845544
VXL6740,0.2907342413764799
KKD2286,0.2058178634080807
OZJ2377,0.35204111031683344
TPY2223,0.3487416650161097
UGB7070,0.5032346477479227
XMQ6320,0.5276533635827316
WXJ6113,0.20275707791455677
DNT5997,0.37767327855911986
GTN8407,0.19195321530478973
OPX4184,0.2582399356366183
OOO9002,0.6323687933284553
SJM2211,0.5073957308377334
NHI6465,0.5386321242549094
DST5945,0.1809208576876011
IQD1148,0.28988637988574295
SHE0851,0.3159398944353895
BEW4511,0.17806305812247727
JPI0719,0.6565416642909917
ZRE3751,0.8167672520486015
PAP1748,0.4451342421237046
SWM4204,0.3034178107645688
MDB2345,0.3473682389496355
IXT9815,0.30584531454041186
XZX1851,0.6871723757257576
ODL4468,0.5070940174512272
VMV0614,0.40159121692208916
FFQ0287,0.3166478757612968
JJA5635,0.22884048433375845
QDZ8109,0.37357782964874237
UDK4641,0.6576222271986859
AUA7593,0.5209550943812483
JRT5690,0.5363564628127864
SAY0372,0.14301324275765095
DAP2327,0.37453687171043687
POB2969,0.351595621594705
WMM5493,0.8595133878976369
ATA8626,0.2666332200036272
RYK7124,0.22413417739826688
WHQ9704,0.5256803999350154
SMI5794,0.6702536713754625
TVK7202,0.48028589472407673
EHX2873,0.49783306708131697
AVI7437,0.1773913234783636
UUX6205,0.8355039247546663
LYV7047,0.36073740778340735
XNK8631,0.5532495463008307
RCU0089,0.17093178682066087
PYY2224,0.17901462299276114
CMY6767,0.4774818394912122
LKU2429,0.184264780043745
GGL3050,0.24133343874855082
UEB5168,0.5759380166161858
LEQ1966,0.2639311901471359
NPA0528,0.2549354233604733
FKR5763,0.3745178967923064
RVG9026,0.28337675675851753
NDD9993,0.44795270565506407
QNU5649,0.2784996682946679
UMN0855,0.56762286686054
ZSC7988,0.5577169236510182
YJJ5065,0.2664047700879253
OQJ8732,0.534226329668674
IGA4476,0.3357489099109155
BTU5140,0.24222771383840438
RDA0342,0.21700062024779534
EUE3994,0.3319965846323771
SCV4186,0.3498595125233008
CQL4046,0.8402028527774302
GUY2358,0.34908698400745175
URW9904,0.3779364644198761
WRG7171,0.35903139982187104
ACD2246,0.69284951671465
INO4142,0.18893914452165053
PTY9539,0.13200285948959523
QAS7910,0.4402071920996837
RZJ5292,0.5712564793253921
ZYW0866,0.17937594530139764
EMR1813,0.5922953641035176
GRQ2002,0.41597066098000446
SQN7208,0.17893407514940865
HUT1144,0.4121042537058263
LHE5009,0.3188749347471727
EZB0785,0.578795515686248
PQM0525,0.6388200079192861
STT0519,0.1297452878674847
ZWO2588,0.5348294761118922
RDH0021,0.29687530625957453
THM1978,0.6486291709233143
AIR4332,0.42839912722721607
PGH1161,0.487951347682501
SXM4608,0.6321168832156964
WJW5812,0.786957224315811
RHX5336,0.4099373951087693
HYM1546,0.5874961656925047
KEC8696,0.4118133032703546
OQG2549,0.15422885891106478
XUU0192,0.25833686602193445
AQQ9230,0.4172953986931403
YPM4680,0.3802782207506736
MWF7718,0.5367321310416299
MXD5779,0.17392470388523987
UTB8959,0.3211118605050045
TOO8154,0.48687924694254464
LJL8197,0.3107212330829052
CHA3496,0.3619472055617495
BBU5421,0.13478668048249842
GSC0915,0.3040563584814226
QDK9607,0.3064824088524059
QIW0738,0.3482000171687221
OZO7612,0.5003826206505883
YSY9501,0.33407198184270953
UEI3008,0.4753951489337395
ULS8507,0.3904580208217365
AHS0758,0.31624610472678233
ENH4743,0.37251265305989006
CQZ5056,0.10383226190676904
JJM8301,0.40591270947612657
KQP7442,0.6972651033338805
QUQ4381,0.722042293417346
LBT0298,0.461285504819807
QUB5329,0.2235040239292637
WCG2324,0.6666800272804964
YXH8003,0.34191245104389295
GEF3744,0.4829181155559117
JGC7613,0.35541051926887474
YDL6245,0.4829653567494773
MND3837,0.29110230104031637
QSU9207,0.2048166894167538
FID2110,0.4696716749832168
ZFK9137,0.4601101671037459
BZK3777,0.3714839999550612
VEZ6817,0.35289991163927215
JTU0326,0.177317005243165
BXL4785,0.5018669356721066
UCK4966,0.47247704474384983
WRA0082,0.2582259876112805
GOF4110,0.21649361215215288
XLS6633,0.4745283356317449
DGS1210,0.3409426358618421
QWA1794,0.18722178770985476
XFC5853,0.5679985348493856
HGK5319,0.2248123688375193
KQS8229,0.7438281870472577
BLV2818,0.31982236725893337
LZE5011,0.5960487491888936
PYN1910,0.395571704046159
GUH7132,0.16269924872144423
PBW7602,0.5162281349481492
CNW2475,0.6513770094735739
VXK9874,0.5995551066497325
UFZ8218,0.5268128233640107
ADV6084,0.20369919611302745
PFD3487,0.2522358945601184
CRM0707,0.5159034689447528
YLQ2622,0.3854283883532877
FJZ7605,0.4453584737128011
ABU4286,0.15324671121505964
ELP7252,0.29388361767566873
RFT7225,0.6789489506278851
PPK4577,0.32842941296005446
BWE6905,0.602364507883418
VBQ4322,0.31846613386863837
HXS7343,0.23982374409466836
YSK9022,0.6658074470798782
LZJ3939,0.17915194419180405
WCD6269,0.6122614170838903
CLY6856,0.38484995110612014
PDU3383,0.327358731395823
VOF4824,0.5438961064725764
QRA5442,0.1887767609901785
YAB0608,0.28471817914290765
PRL3116,0.6606491838613283
RRQ3897,0.6099099252899728
GXP3168,0.6759817240899645
GGS2005,0.3126710303987166
TOO3590,0.615773866782071
TPB1864,0.7595881439502826
NVN5302,0.19588954872884048
EHI6232,0.24318779090450224
VLP9905,0.4221092075933834
AGA1325,0.6602643863877061
ICE4902,0.172057088222258
WWX6392,0.42400602641823376
RQB4428,0.40198386181900475
QYN8884,0.4340558040282862
EUS1159,0.336260315795789
NKR5443,0.3749373289565064
HPC3138,0.3666935896823926
TKQ9049,0.5862089382498035
FBP3340,0.8287526392899597
NOO3967,0.6355530296561481
GSQ4526,0.22347043118507556
ANW1028,0.30614855552068104
LHA8316,0.6225365146520008
WBW1659,0.4460374654132422
XZO3969,0.330825678751181
TEU4321,0.5162446153849708
XPQ6910,0.39724395595813977
VTQ6246,0.2815503702312161
FSA7655,0.574830180934892
CSY0853,0.24430899540833742
VCY4269,0.5512980869851082
UHD9364,0.5920024568048032
HIN9530,0.24167498895286096
GOG2550,0.49595042618850105
ZMG6475,0.5511961483072191
QYI6167,0.4015393501255084
LVO7124,0.3366878999118752
JWP6949,0.5112852949075354
DZU1118,0.3691407872741272
AIW0610,0.3612897198867457
QXQ4841,0.5917367532194155
SEZ8373,0.5773777285934635
EQR3786,0.42072186472635237
RPG9584,0.4419863808709826
VIX8570,0.4500221261301521
YQR6271,0.5182169420582531
FYN8286,0.30850039476272856
JVF7588,0.4900705397661511
KPC3382,0.6768621927673122
FHE5153,0.29816569486465355
WTY4874,0.2593504570385837
QAB7266,0.638314579195341
NFH9054,0.7652557982892999
YKB6244,0.5363177896206395
GZZ3339,0.5737959005429957
BBY9981,0.5357642937175374
LSY9026,0.3974422987365889
DUJ3056,0.40911077062883044
FUC1582,0.683706644178088
XOY2362,0.5455499724265466
LOG9950,0.26574488175412253
ZXN5891,0.4812082569517088
CXV8222,0.6434543265313745
WOH4538,0.17381750560668874
VWD8860,0.22725390157533623
EOP7001,0.30748280957786883
GSX1302,0.5804789686789644
OCT0968,0.49225101181093533
WHL5554,0.5118469425909195
YJE3037,0.32224889913935745
FNN4968,0.49359264355483035
WWY7679,0.35420956114404484
QZD1717,0.8074606966272594
VOB6197,0.222034590537167
TBA9548,0.08234461547955992
RLU9697,0.49837012247739826
BAS8697,0.4996935400660041
LJR4460,0.683610857529371
HGO6222,0.5686649342081753
HXW2166,0.5839187282410315
OVP3632,0.102580705176175
MCQ2270,0.2781091100779729
ICD6182,0.47298318114983245
BFQ5435,0.1697590164309961
DPF3505,0.341919285900014
SZS2580,0.5420692667072379
LBK8500,0.22675748271228358
TXZ7775,0.4915309268380221
BKG3252,0.3221586472456763
ZFB8258,0.4599755237379994
PHV2247,0.33948889564103846
RRK8430,0.22957453724798663
AMH6780,0.4313549064484204
OSH5574,0.44216688338254545
DFI9099,0.6202460983252569
FKU3482,0.3194899521183802
VNO3261,0.5007958201156989
BED5373,0.3416463379731008
MJE9253,0.369758893171062
HKX3204,0.4682636985069863
VQJ2963,0.4185151652442358
ZBQ9287,0.48568499732368453
MZX8398,0.49380181977376986
QEG6705,0.25070702134170497
PQK6783,0.332540950783118
MBE7976,0.37476769267106486
ALL3849,0.34106508369799254
KXB4677,0.36855949336182653
XOP0754,0.4059539060786583
MLL3293,0.2982187238481438
JSX3868,0.49916510921189755
DIZ5799,0.545373893504901
NIK8885,0.5228702333043459
GJJ5386,0.5642079927142278
ZAT1651,0.5578809613756534
GMP0039,0.18604345610009373
ITI1428,0.4706025624751288
TRY8812,0.7202217534564461
UEG2101,0.6858647296879677
ODG6850,0.44069113678381044
VLE3171,0.17388558696885315
RRD3841,0.3785914177253708
YXY8101,0.5731581173676495
OZK6228,0.20584083689135071
SBD5545,0.40767900392241024
IDC8637,0.5308652303369567
VZW5146,0.3140691152668141
PTQ8057,0.42404527022051325
OEF4340,0.5910684642638125
KVD8305,0.5276173162327904
MGZ9268,0.21787285529496145
AQJ8176,0.19838224929674922
UXS0840,0.46690804842407463
TCI5572,0.4032478528839185
SHM7627,0.377451282603839
QMA0181,0.8206710424423463
TSV5611,0.7668812623161262
PGW5092,0.24751760419206437
BSD1651,0.6210955612719581
IQJ6229,0.678557337374701
PPE8142,0.7074251227007599
HVE1566,0.209453908202878
JPB6828,0.28921950602465635
LMS8961,0.24855950099546642
EGQ8831,0.2391803719499602
YLP6900,0.5635527470838744
TBE2482,0.25768101022947215
YPJ1369,0.7451971145704501
NAX1253,0.2805341041368143
PIP7566,0.2987736933083133
DKU9301,0.6462041523787115
KVA9530,0.4466402546341519
CQV1702,0.7649503596760939
OBG7598,0.3931840586764095
VNB1149,0.22666602773598876
HMI2014,0.5777418686162836
YMG8950,0.40659717865908046
JNQ2962,0.2709953706501554
ANK6820,0.4231888735728151
ZFE0439,0.2686562536922332
CZQ9593,0.26957914611131095
PCJ1585,0.2676326932915405
PBU9519,0.48299371089111975
ENJ8537,0.49772119416218946
RPM5143,0.39658822006350675
SUD6466,0.3006180679407065
HFF5761,0.6881556095013632
SCF5953,0.21484445415891248
HAQ3115,0.14844251376649573
BUK5097,0.7134155826351943
YVA5755,0.41034440071999745
QHD6039,0.5413508167803934
ONT2622,0.33877270248292096
OGF3946,0.2803651589043806
NGV7466,0.3144766947221275
SKM5604,0.5762094296688097
KTE1007,0.2626104259412681
QHE6351,0.3502710324675853
OQM4860,0.6778972210087834
LOQ2210,0.38435264610038394
EXL3021,0.6291012088147915
ASY9425,0.6217318212171116
EFI4290,0.5479174182706973
EJH6568,0.3566514414397246
ESK8758,0.12276855728907336
WPW4521,0.18415199793489823
IEP4997,0.4080499747295015
FCY8976,0.34418608443527665
SNM5031,0.34759610442399347
ZOD3613,0.2996332595239621
NJW9796,0.20206146926120924
BFM6246,0.24458675170194247
MLI2180,0.5406672880959817
FHR9764,0.4837340859466508
BOC1640,0.5481296964451633
EDV0533,0.256886330408677
DVT4971,0.5020574739370339
FQS6688,0.5767503425775341
TIY6714,0.3367513231812138
BBG5427,0.6696194215086534
VVY0236,0.2224891746459241
AGY7111,0.19661887725883256
YIH4148,0.42333591738944326
BPA2613,0.18626841984286102
XGN0040,0.38303351808460745
XIY9154,0.6302374645049427
UBT3433,0.57758296546114
YNC1880,0.7571266280386615
RQV5395,0.3029233878820487
QYR1720,0.47810176651789643
AGJ5776,0.30055660642856735
YIA9506,0.627200588532193
IWU6149,0.4130905405683676
KAX4382,0.6790077350604049
ZEN3760,0.5621916744341998
UGP0922,0.33694648998675264
MJX0269,0.5020025187406937
WUQ1092,0.14918475137942314
KLK2362,0.4532743660156863
NHW2173,0.404645663744833
ECQ4722,0.22250752039885846
DXQ4983,0.48578848893246
TGH4720,0.7748738868422299
RVV4718,0.616065376427192
RMN3173,0.6821072159845402
NXZ8964,0.465672559395013
UYF0960,0.5930134175641283
GFY0485,0.4354420890995588
ELW4685,0.6036496924038933
MTK9048,0.5213743039493822
UVG9381,0.3953606102134459
YHY5021,0.34754660671932786
MML5987,0.6915336660087936
EAJ7823,0.3940292420489107
TIZ1361,0.5740283997991134
YLC2019,0.6606043463304925
JFH0021,0.12028414890817178
LXV4773,0.871638781612555
XDV4102,0.17997530926043118
GOA5098,0.8158035414388082
MYV6648,0.35495855010007876
CTJ2639,0.4337070923251693
KQB2667,0.29524737653096084
RCQ9055,0.5583857361145926
AMR3084,0.5633703677460963
AWS6964,0.20787662007160337
PXX3164,0.5300908286359505
OTJ7222,0.38241970224090654
HLT8409,0.4126925419225411
XBZ1903,0.17826925578918015
DVD1043,0.07461379848493295
YMN8454,0.28975612102509185
NZH9363,0.5829752705052186
VEV2993,0.31548021923150693
GTV0004,0.621625578726701
FRY6602,0.5523454743500733
SPC8953,0.17467407275043204
PJO2885,0.6227325545090819
KQQ4757,0.5299140208257831
OUG4136,0.30292784295137515
WVY1999,0.5534096788465247
NNY7188,0.39553965902851074
BIR3043,0.5598338343098058
CVQ0610,0.6867877450669401
NLO7554,0.5095055922924229
FHH6565,0.47203957249507056
QSY4897,0.540020687074616
RBJ5665,0.40053668706265627
OCA7850,0.3574816441300926
SAT0260,0.34543488794732274
PNM7458,0.32995066262386624
ZQL6865,0.38371043777998554
BYX0793,0.36304077652680733
UOJ8877,0.2970710562476652
LGY1944,0.4208410679139758
WTO1199,0.4708600774137032
WZJ6108,0.35105610359208916
YAJ5633,0.2918249586469579
LLO9138,0.45144082682390524
LGR1397,0.297888876144186
ADT7244,0.3533470202853271
HZI6879,0.3095129297115389
JMD4429,0.502064841793659
YNU8823,0.48263360028666824
PEU5781,0.6660195763494042
VXW5951,0.40053342393287256
DOI4745,0.415564513552018
XRP0508,0.20188488194446674
BUP7237,0.265803024944314
XZF0997,0.3413521140816411
ORE1289,0.634237885369617
SUJ0824,0.3487766601565013
QZQ8912,0.39772410027106914
IVK8543,0.5229679352382031
KLT0884,0.7471075877848325
ZBB6007,0.32425194343908814
STV1844,0.588175307015848
AIM8162,0.2459634148014079
BHN2674,0.4004772448745766
BHF2762,0.7145573172210368
FBA9492,0.2951201757413359
PNV0987,0.6011130010250696
XRS8392,0.6743885093304772
FJR4109,0.2635929429768208
REP5450,0.3695026237639167
VDS3487,0.27999993975826215
MFT3114,0.8414178455366454
TRE7039,0.3773421593990656
RRP7437,0.616685561522633
UBN9469,0.4233901162990971
ERD6851,0.2770844491515896
QOF2168,0.4557245008081679
PRF9554,0.45571993566933994
LVX2306,0.3940077417259127
MKR1698,0.18023969046352142
CTP1782,0.27331123584309563
YUX4991,0.5653422680944883
WKU8308,0.1957884073074718
KLM9826,0.3266635686108482
IMJ8928,0.15375247311989645
FFX0134,0.481385099904761
FPJ9006,0.6311312936648238
UUH5167,0.5841086224301567
VGA6455,0.1599556966370203
CDT3301,0.7337386982986404
KEP8508,0.18657059649641095
PNX5528,0.46617532599388295
DMC3452,0.5835491839863738
YPX7333,0.48256481427042086
CSI8065,0.6489568869027013
JGW6825,0.28596477687739863
JBC6586,0.4559876611797293
PYB9757,0.705900664234675
VBB5768,0.42537882683127703
XNQ8052,0.23856339740046373
KCJ8578,0.4541720583504831
RAT6428,0.6640160252212733
ECA9346,0.1064248025969769
FIN5470,0.5379743511619336
INH2355,0.21376411592467917
OFC0099,0.5642045620079976
LAF5061,0.6617610013894056
CZL8124,0.5154456711458657
DXI7734,0.2884238251058267
UZE5266,0.1718208090618368
NQT7169,0.4442925926524847
ZGI6456,0.5103193119939254
ALD4699,0.6115100774156161
MPP9322,0.5803839703393853
HHZ9924,0.46330090426045634
IOY1053,0.3163000751469566
QFA8583,0.5702856538416491
NON7673,0.7503507115148939
GUG3740,0.677567769578736
BWT9777,0.4251936734904252
YZZ8955,0.17311334793986158
QTQ0151,0.2600600372556026
MQD0086,0.23312411044533365
IEP8756,0.2925646356365828
HLV4294,0.42505730843654144
IWW1700,0.2766854839588042
LMB1742,0.5294206478163695
IZN0947,0.839523087070698
UGS7726,0.4639235299515993
TGD8975,0.34247670556195414
DNP1343,0.2361372913819754
RZJ7547,0.3465975503099812
DGD5941,0.29538002807714125
YAN5151,0.7470966552201151
MSV2708,0.3822133360736772
WFW6623,0.31043260515253224
QPH7678,0.6388018825335244
RHF7227,0.5422356081306742
QGG1694,0.19222171452646375
LCP5425,0.5551688885096254
RNR1236,0.399254517949295
CZR9446,0.30640101208142967
CWM6629,0.3634786232019491
OHR2811,0.7156466651598835
DOB2836,0.5046603061964239
WSR4692,0.3589905130421996
UJX1851,0.45200023814656215
CLF3763,0.6157815263595272
YKY6460,0.4966947517960831
YEE0005,0.5193627807870346
LRK1521,0.3740584532684063
FOB8975,0.6748016642425846
ZJC6844,0.5231120109728139
SQO4595,0.43456715892155184
YJU4611,0.48355814039332906
PKJ5453,0.13548422580927524
NRJ9279,0.6616673578274668
ZLB3853,0.2493452049517261
YPE2843,0.5170458638255765
OMB2404,0.2775976907420864
QXQ5371,0.30993112747059043
DWP4776,0.7080945139691623
DYC3729,0.6373383240698273
SYA5630,0.8168851205707984
FSZ0753,0.3286272808240114
IKJ9927,0.5355877656937486
LLO0013,0.629130009057667
LJC9413,0.6478807518244943
GZR7220,0.5434312277734579
MLF4890,0.33813184131535173
HKX2217,0.6634944313735919
HLP8891,0.32206755811000615
YSD8942,0.7704921792341594
VJC3345,0.35204773935756767
JQU6225,0.5324083286129774
YXV2150,0.7578410180346259
NVJ1683,0.3358669747744532
OFD9452,0.6414597530601241
NII5419,0.38547447174016897
JWC1566,0.40869865403608
AXY5191,0.6965438857991731
DDA3048,0.43790702374744744
AEU2727,0.6575719272186243
MXK4708,0.6820102307339898
WMU7184,0.4565126996014173
QLP8362,0.5207534746768426
WQS3967,0.32020358883415795
RTU5105,0.17327345917595074
VBA4441,0.34239740621455983
CYN3583,0.3410421707740517
BDO4886,0.347768463924467
YVV6051,0.17256106461582787
WGP1526,0.7048804827228038
UDV5640,0.27741976030543375
WVT1418,0.44309638657829126
BLC0999,0.553284573229436
ENP7533,0.5216096899093254
AEY8698,0.43813263109421796
NHP0064,0.45654134799243695
AYD3935,0.626944273831248
UEM2638,0.1733136772769405
GKK6297,0.1821940771419189
PTR1163,0.12576384851821062
GBT2034,0.5427443605282988
WJY4048,0.46175441897392
TCH2635,0.21355280904135832
NLF0803,0.4593606267575571
RPI7686,0.34949769167686945
GNY5436,0.3244469797528246
EXQ5477,0.27200931318620164
IOS5691,0.45282879668781234
VUC7832,0.6842090115540218
SXL6599,0.26672798851620955
KIS6550,0.4999297510690129
IFX6470,0.29421572715184446
QDG2834,0.7446821180340519
TML4354,0.3774027378097416
VOU6894,0.2378218223300025
LMW5498,0.2269655386342567
IRR9834,0.46282445379764603
XUU3875,0.28904610158176286
PPN1291,0.3976812597156644
GPS4832,0.31317915246828704
BBY4907,0.21449114298489516
XWH0239,0.5013446932667204
GCY7299,0.6509216032963087
SFL0656,0.3570764355787596
ROG6364,0.5902464477534851
CJP1826,0.6102330373952
XNB4879,0.3153503392194524
GHW7497,0.3423708336725446
CIA7291,0.40643320022266854
JHN6870,0.6159990482637064
UHA4462,0.2412700834189531
WHC6939,0.3158220752546333
LDR6471,0.13882294687457788
PMR0233,0.5850801969287324
MQL6945,0.8011826631488627
DWV0912,0.448922252209768
UPA3518,0.6653162023577459
BHB0424,0.18094990139462622
AST9794,0.22093971991479264
GSY3503,0.5427382231241445
ECI4878,0.5540924712362533
IOB3543,0.2770850675329058
SLM3548,0.2811909604970308
HBR8681,0.7030459885797304
AIG2884,0.23329029260651044
YBL4627,0.37181696722087204
TCE5274,0.33684351561792497
YWD6282,0.4501333100073726
GYW7356,0.5661307544389983
UOF5714,0.3766924844624688
ACU1723,0.2879585381977328
JYB7426,0.5332671020298266
IAD5127,0.4371902315276485
LQY2307,0.36857974917112674
QNB0256,0.3275683452992479
CNN9280,0.2598076445093865
LJL4826,0.26379064147641723
RLE6077,0.2874544691000936
UBZ8854,0.7709250206060542
PBL9060,0.35067359652476965
HON4195,0.5590995156932989
LKE7887,0.23764031432308141
HOA3501,0.5465931590689385
YSN0341,0.5543336604982891
JKS9027,0.32805025372485036
DSJ0790,0.24922666339625588
RVK7955,0.22841832109374716
GGI6941,0.3672742717080691
BRF3111,0.5000973439416806
WLO6029,0.8274727254565852
HFC6052,0.27507124599954075
CSS4641,0.19606726066723265
HBX0135,0.31818442706133665
CGZ0900,0.6885447942841333
FWF7177,0.8279093913390065
WLX5928,0.6667348833913512
EQD1778,0.1104228161725979
GSQ3416,0.33926644942453077
YUA8278,0.5767879705243574
DKX2794,0.1317103415880848
HZW1287,0.5707069355865663
XMC6471,0.5253855452599121
PXA5342,0.33416292401257036
RXW1741,0.054533317115460285
FZX1294,0.16893091044388378
IUC5486,0.6090037458994995
ZZJ2708,0.2285045711368184
DJD5560,0.33112353694005137
OYQ4478,0.6561240395548321
MOA3063,0.4549199421098427
BNA3251,0.3350733321170238
TBJ4149,0.37901093559501503
AOD5592,0.2363667758611868
SYU7567,0.12567769553449443
PXB3114,0.4206754610549766
BDQ3004,0.1903236780686489
WVU7296,0.5392652892186823
BRQ8431,0.44167895896536075
UHL1758,0.18949544521159856
OYP0446,0.5227361700965455
ILE7594,0.31954896138428585
QUR5960,0.43496859532790205
GWX1065,0.1540753927906612
GWE7702,0.13721652976159615
POZ1462,0.4406246535891225
GQG7927,0.7625033811707708
YNP6209,0.6936808244541696
HNR4579,0.4056055633979308
MRX4488,0.3313707795598404
UQM9355,0.7087190042806989
JZQ8372,0.49523178896648884
RPL7113,0.37394627506225725
IBK2170,0.4438536926465428
NFR8627,0.1752420245606069
PUV5957,0.7740658149895508
FAY4381,0.30579342747586463
ZYZ8976,0.46778631039054486
INI0968,0.40410189555451853
POW3290,0.13351516862049065
YUZ6503,0.40229724422277063
MVX2963,0.14118904032804033
JIY3246,0.296470594298228
JMO6098,0.2659680668017525
CTA9349,0.5897378164670525
MQD7143,0.48978625326763786
LLY6471,0.6299904354565333
CMD5926,0.23367961030540443
WZS7051,0.21776868726689128
CPZ3691,0.4760247965847025
ZZQ6371,0.37317546731887646
JTF5577,0.2986120810990744
IYA4493,0.5139397729388904
HJA2325,0.16027253006557182
OXC2277,0.24618439812326773
XDP8467,0.4221879628224225
THA7110,0.4742125261912984
UQI8975,0.13712036841621564
VMD6254,0.5208958147455394
JRV5262,0.6587819331060739
CSC1612,0.45931668620527355
TJG5921,0.6690800650857828
DLZ2704,0.560098000161601
IOV1951,0.31887193014081644
AXC7047,0.21830471817392597
PMO7295,0.3562763547738857
UNB8295,0.1993339350682495
PIM9503,0.33856372287206726
FIX9786,0.5728148071149238
JJG8011,0.4179083987730999
EDD2054,0.3326831261411758
YXD5569,0.7690904601180675
GXZ9714,0.29928153435965826
GAV4283,0.2891474955046263
BVO5697,0.5043704497560213
TBF8496,0.23573333795593532
WNJ2132,0.542243429877871
DBE8617,0.6347541778215736
SUB9272,0.4675189179103616
PLD0627,0.37954230366733954
URA1140,0.405790319929851
BQO0470,0.5417534317062138
WPZ4520,0.511825637490976
BPI1396,0.48190815586636754
NNT9739,0.49849424050853947
NLT1918,0.7541276762372607
OPB5945,0.37156000086772284
BQV1931,0.3761202686472833
TNN9944,0.4504633364966782
NIT8064,0.1670771034189568
KTZ6082,0.5232727688838602
TDC8192,0.26528997179948766
UCP3108,0.4483439185875257
VBU2662,0.6840378199706739
BNR2978,0.32887956470471513
TFI3921,0.4932132807504894
LQA2399,0.2123591031309465
WZZ0574,0.2761954647207087
LNP8330,0.46235061145057593
UFP6156,0.31952962382282907
VLG0744,0.5991598513109381
CRG3282,0.44624077284097385
KYV0097,0.16019513771300234
FWW9362,0.5134645631565916
DJS0404,0.237670906097092
ZNM0264,0.47629510888474647
MFS9438,0.18837991682777422
LHG4907,0.485060577850657
LLV9401,0.14465025458955974
BLO7629,0.48778893659797634
RLY0794,0.3850664616644144
VQI9198,0.14771280860925495
GTA5475,0.31313398481174576
SSQ8389,0.5317523211886486
ZSF4237,0.39479416930128614
WYW9187,0.4194577946404368
CZJ2345,0.4672849556036576
BZL7046,0.43369514948034044
CYS9250,0.21487732468343804
LUR2157,0.38725738283930317
AOH2742,0.36123562749222976
QEL3121,0.26222034812238343
ZFT6399,0.496194567627709
FDD4728,0.6069339102676552
KPM4245,0.6391879410701461
FQB2129,0.2718705177304532
WGS8262,0.6009870909310515
OWX4064,0.25462574999116017
OUD8979,0.586475538294525
FJE9369,0.6377756055750791
AML3227,0.3255960877079584
PRS9586,0.3052687354006249
OFJ0120,0.6992920161781352
ZCN0986,0.2224829650608838
ZRK6279,0.29570674868172064
GQO4179,0.5299775284956224
BON1340,0.43074217232533335
LKG0694,0.15177470706025067
VXZ0803,0.4053444087301091
HHH6742,0.4794584086755202
VPM6117,0.8167701742219954
YTS3483,0.4321416928330039
BYK1773,0.35217816624848264
WIC2466,0.48710358554860006
UCC9614,0.37420022591262164
PJV4989,0.3557588596592158
HTJ6371,0.45859929616564177
HNT9637,0.26299974942847343
MAY3073,0.2004841844261552
PTJ7520,0.4302689834292137
HMO6264,0.34994761497748145
GJC8706,0.4736521373807938
AHC5700,0.31558231497811456
NXW4848,0.4824213288220717
BOB1940,0.13481497394014041
IQJ4126,0.22106441669926932
MVI9716,0.6033777272785478
GJP5178,0.3256840320060033
YZM8152,0.3329798984323024
GGT3124,0.37526919808439047
HVW0323,0.3757390109371533
LRA3844,0.12769021311046588
QJS4465,0.36580269147990013
PQX3659,0.19236267243357505
PJP9645,0.23823084784425838
HRL1242,0.49688535805316497
IYR9842,0.3405842764590779
YNH7590,0.12324851096375866
RCR4057,0.48573880503749506
FNQ5041,0.49485710789728693
ORO7997,0.22104045329770616
TBG5645,0.3150677464697054
EPD9107,0.21424550493207675
PXN8761,0.275682712379897
ETZ4935,0.14142781291973863
OQH2910,0.2631089462639749
PCK2606,0.37829388806715786
XWX8755,0.7429728178266916
MLO6978,0.5368413398535331
WLZ1157,0.12422361054091707
UPS0344,0.1980037963574556
NBO8038,0.35825829531693953
DIB6753,0.2977903200963092
UZE1684,0.49749413734366144
QQG6149,0.3640296245551414
QAU8104,0.23538467608857985
QGA9213,0.2638010677765404
CWO6851,0.30107723893942256
JTM4958,0.3136733006116151
YQS9295,0.499899562090369
ESJ3848,0.6537304949546835
IWU2032,0.34993484197618036
KPH7842,0.1391814299077652
LRN8162,0.774128957531016
AXE1699,0.5582404822939238
XKB4966,0.5253660915320301
STK2218,0.4259952993638749
HYQ6433,0.6697199294646715
GTU7140,0.11676979141988043
UNR5657,0.19726470539659957
TTM2253,0.5403710580623725
YNV2699,0.3715560140888597
YIY6671,0.24269061139913206
FRE3263,0.283055355128416
KMF7808,0.1291607787714917
ROL0904,0.27151912055237776
PZK7451,0.36445850470953417
KIH0254,0.38595355493812816
LWI9052,0.3787279590880646
BVC9479,0.2254682793862021
URY0635,0.3012235819647226
XPZ4576,0.3755704142023623
XKZ9102,0.5410194636656559
ZUW9102,0.6289590303266878
UBN0486,0.4914177156688037
BDO4948,0.44243309921407414
UMK7105,0.07687875693191526
BPN3689,0.5120308865760791
LCY3691,0.4459666019857314
DAB1719,0.622000475341829
VOD9149,0.19523819030178577
ADN0299,0.31770495054247433
VWW5498,0.4988066784776058
IDO0436,0.21692898108287753
CSE1995,0.6625713110920671
ZZJ1691,0.44268839222993694
DOT7701,0.46258825604632986
MGZ8737,0.18491103133985634
HZX3153,0.2980613034836495
QNL1418,0.5194258952092952
OMF7498,0.16357235325262431
XHX7072,0.637502103836254
GSB7562,0.2659831524978899
GAE6243,0.1845587071776474
LNJ0511,0.49923258494662326
XIW7209,0.1736462870468826
OFS9244,0.4430160829306737
ZTU5066,0.5747635781253186
TUL1265,0.20942304510171553
SUB8522,0.16692927487992337
CIN9277,0.18567752853997246
SXQ4671,0.29854114952319977
UFN3622,0.48619880433161394
VZV4722,0.8228735970894271
VLQ2390,0.21892504562620396
SLY4655,0.3554057389756347
VCP3342,0.09221348834166056
OGX1137,0.49155947111080267
ABY7970,0.14420106298765908
LTT4359,0.45397658778161015
RGP6696,0.46833190795633023
ETT3134,0.22502689827960864
VQK5360,0.2956345198916714
TAQ5167,0.6637849170983835
TWG2069,0.08511929529799372
OLL1043,0.5762225230322581
RMR6916,0.5392976069143219
CWW9082,0.1986203893903575
DIS1533,0.30068359353117274
UDW1446,0.37224897164520393
NEY9288,0.32793013953643485
GEQ3261,0.40852230697618347
DDE0864,0.5791120685444677
HRW8057,0.7413737453477026
EDZ5434,0.27404674496443104
XDU4447,0.5336824244591847
HDQ1554,0.22403093540266025
ICD4170,0.706613380618613
ACN2803,0.5130885712523083
FLB0567,0.526469349685855
AFW8735,0.3043456764384191
QHF2663,0.5710945875653729
SIS4056,0.49880794917511695
BFB7024,0.11877794968340905
FFD2187,0.4186586029403483
LTU4222,0.7193776840989144
HTJ6857,0.2809327323780632
KCJ8116,0.5339654115862253
EBF4220,0.7193636266221377
VKE7153,0.6193106360860058
RDY5024,0.31454778878625467
BYR5509,0.17153355597624675
RJH2016,0.27782246309683084
IKG5514,0.661567719663238
NVR5085,0.3826159993323701
INF3715,0.5341525482246495
IGM6607,0.40337936949468584
AMP6369,0.2899098579299275
YVK1582,0.25586842322218883
JZB2864,0.2047912359282873
LDO6927,0.5300724432517111
WCG6571,0.6268777765862551
MXU4187,0.4802884428947771
DCZ7738,0.2448459744364886
KWG2188,0.5607831622411493
FTK2655,0.17871317328426853
FBF9527,0.40269514644649534
OJR2867,0.14511503908904788
LZM7871,0.7167062998628806
REQ1736,0.3630021263733461
PSQ9989,0.5810587898173045
OJG0594,0.4230366861933204
PMQ4178,0.47006675971825046
ZMJ4726,0.2513820529643256
CYF4956,0.7243891349034421
PVF6811,0.5863652132452472
UYG7466,0.6029963890282956
IRM5695,0.42788452761453777
YJL8439,0.26044788131199476
XEZ1743,0.36636285665074686
WAH5084,0.2427665603011249
PHY8772,0.2117958400767295
AXR6112,0.4743626844288766
OUC5425,0.1180130798100194
NJK5446,0.3409834153568003
RKP0540,0.3922404306547785
JIJ1460,0.3649101898833235
PTK6472,0.4012662086831482
OXS3977,0.3137683942587623
AOM8900,0.24800846337971869
VNR0359,0.362976817891957
IYU3895,0.4466204321993929
LIH7939,0.5988865344016473
MWB3044,0.11923880257787678
GWW0191,0.19455116871929823
YYZ2592,0.42874691894404043
AMV8743,0.26553408137925977
VGR4206,0.15511187623549752
QQB1582,0.6827155162283262
AIS6545,0.4507687019571274
ENG3349,0.364934070281049
GLG3671,0.5892987661956687
ESG7838,0.35373730681337107
VJE5970,0.6412940409213777
TJV4032,0.4717707117315222
NPZ0320,0.519997881213846
GLH8560,0.5865513675718921
FCK6397,0.3682782369231333
ZND7829,0.6067310820712248
WGY6041,0.7258948160442058
FDI2501,0.48275212086649627
BMN3470,0.3355383242006207
HBW4130,0.32714986785800093
PWK7987,0.4495703961650434
WHO1663,0.25827069196383867
NWK2342,0.8042446744194969
UJS7468,0.4799954128379628
BEX0285,0.6153963939603212
UWS5984,0.4744570945636328
WTF7343,0.670054995162363
RRZ0390,0.48293616046421617
GDN8780,0.3820058454579123
MNU7249,0.36550453686010914
GDI9499,0.1775048565815328
IIU5693,0.7187545407758232
OIP2054,0.3395573972770188
LFJ8326,0.32973976640335434
CZN4189,0.5677736999798225
UXP6651,0.5369649016039132
RGY6659,0.3785640914467922
PDN4232,0.7976497276637237
VND3934,0.1408651396111168
THN8314,0.5748003718481104
NLD9324,0.5953355354671777
UXS8258,0.40003682598925333
KBY6262,0.4313364304298544
CEB8766,0.5755785463450261
EVF6778,0.6305278934766888
QSN4123,0.12534005062411444
NRU6209,0.49817528459805843
ZFI2630,0.4108618935730591
PBE7043,0.43722190833591706
WKK0810,0.2748498177850942
JGW0377,0.624781204302706
JPE7891,0.23930083279823533
OGK4654,0.6891682710474965
EUP8882,0.445009801236214
ZZP9215,0.5069721771245986
UJK4511,0.6127228868811917
RIO7274,0.41741795326006637
CVK7281,0.4807956369690352
YFN6083,0.38244223319602816
ZWB0653,0.6085090520473425
XJF4320,0.15537384763498166
DRZ0501,0.2799050346487461
UUS9592,0.4095262522979691
GYT3367,0.5202899745157371
YOW0478,0.31251929500061115
ETM8048,0.323504688209853
VHI3955,0.21956577409627567
JWY3546,0.18973822452286773
YGE8169,0.13523848558027995
RBG9621,0.4722024867878189
KFH8046,0.3590062817318067
NKO9494,0.43898533756480046
PXL7755,0.32846234780465094
ZEO6020,0.4104349206229981
RNI7236,0.6347137422898989
NVM5624,0.36208646207741335
LYF0002,0.6828451718987951
DPI0552,0.23484542376526832
VFL2098,0.3030805337868861
HPU5706,0.5658799853647124
IOG1292,0.5041036429557103
VCG0006,0.15654297889309368
VDT8680,0.7617824230118154
PHN9134,0.4010017550418686
QLY8408,0.4393832314796812
GQF3229,0.4114818476572899
QRU5190,0.36536084377628314
JDY8653,0.2180204580866704
LXP2696,0.1467967120494543
DAU1948,0.2488806172435325
ZKB6852,0.5464330342463583
JOC8182,0.31602971809322833
WPU7243,0.48601972968872503
DHM8155,0.35967978114591964
BKV4337,0.7222426339157435
DJZ1621,0.3575479273755145
RHE8232,0.1509587992677874
RZA3300,0.44199043429298507
RWJ2599,0.5977848392737001
NXU0486,0.3570659242953164
MTJ8168,0.4012817015331985
RUK3184,0.345319569875918
THX8305,0.30071106484019805
FUE9305,0.40596828404401836
CLR6222,0.43968930847352317
GEH2238,0.4379432248069774
VMC7749,0.4971984522235949
UVC7051,0.5967243377763874
IQM6307,0.1531682197580861
NQZ4921,0.3397264788691728
KAD0889,0.4692471834647283
FQS6563,0.06854932032452817
TJU1657,0.2948620364982166
XRQ2866,0.6506491745197143
YSB7616,0.26813746491794377
CMF8636,0.3280417099874162
AYU6254,0.5599569743240117
VND3349,0.49031385253360477
ALF0873,0.33633886176151506
WEX6547,0.23184531441084008
KZH4174,0.5006039745095437
HHL1028,0.393141571921704
FAU4783,0.3400934977611752
RIP7417,0.8785586742465971
CQB2052,0.7481397764428167
QHR3186,0.6619206206597998
CGJ4146,0.3625998314314816
PQE8422,0.25603246792785433
KRB7101,0.4976991036068544
HPZ4991,0.21874421272412792
RBP6977,0.3997337205013231
XGJ5317,0.23460885873011098
IAN3692,0.5215672342162834
NUM4282,0.4937154865630958
YDE7220,0.44125575515962095
GTX0308,0.14758413387612765
RHG0618,0.3027215294753646
QTK3234,0.6676877677006505
XFV6894,0.2820578401024472
CSB8399,0.4793891017491629
NOR4701,0.47306545216408136
NLJ3968,0.39870518843866226
ANW2628,0.36585961301376485
DAI3533,0.8288644349160229
YBI9285,0.5472291766486389
CSM7170,0.15983450762688803
ZQW4008,0.24070892141228017
HIK4516,0.3414025532681724
EXB5481,0.17903295727767013
POP9861,0.6794012717611752
ZCD8647,0.36091952577110264
MMW3189,0.11519965208225709
FZX1386,0.20256850856678058
XJW6981,0.6017565317589383
IDH4923,0.643910325882516
TMQ7955,0.3111253242755504
NNO2893,0.2874509074621068
OCP7865,0.3037859854969703
FSV5399,0.4421987661760391
IPV8950,0.30990860420980876
OVV9534,0.3331234841006791
HJV5406,0.07607290995916947
NRX3458,0.4305504375602263
KKR6119,0.31001067212992534
VBK0052,0.23049779430500594
ZPW0742,0.7117113714986213
IXO4783,0.28035641442047693
OLE9164,0.8193788271260338
FDO9514,0.20308632059733836
WCY9603,0.3178186693513288
OLP9314,0.44836986390204014
XKS6868,0.10978559124629698
AUA0544,0.16812197301265477
TKO6061,0.4098629097839996
ZQI6616,0.2159154529227403
YFX8262,0.43277989092175084
SCQ8450,0.3363833203779327
ILX6428,0.34653666581786946
VYM8610,0.6482050942411582
WJQ5273,0.16201200091267667
HSP3866,0.22240076778081194
COM4021,0.5594096992620721
KTI4978,0.22623476579384483
UNS9134,0.2939405614314566
GZN1159,0.6656579045418217
FEL9461,0.33785331492242837
IOW9233,0.42977929030995315
WHA4761,0.7725070606319123
ZLG8983,0.3207879383469945
QVL5196,0.6567064996484216
XNL8446,0.40406460241185965
FIX0268,0.6243471705294834
MXI1482,0.15327853594676533
SMT7267,0.22249148124571697
SAU4456,0.4298484349543645
LMZ6995,0.27656486012205483
EGW7117,0.13037944524373057
OOU1184,0.623579046792055
PYN2702,0.3006351791751514
ZGF0892,0.40405586639073937
ZOE9846,0.5410365322794314
DWO7481,0.493614820147992
LPO4681,0.2415584091032267
EPZ9944,0.2351479268372918
VDK9305,0.5870946593939345
FWQ3053,0.5873613618442591
YVX1629,0.3558037935497375
IZU3946,0.3087531024867216
UTO2381,0.7926453509071854
OFL6647,0.2700719089433287
RNB2889,0.6118936853497843
OVM6008,0.48448414501618503
ONB6887,0.35766751058533325
FBZ2743,0.2442745180067498
FLW7842,0.5994513645781506
TGR6277,0.6057760507085529
JRW7214,0.5150617535596683
XRX2449,0.08717717084884259
KZW1071,0.3937958084970991
XLB1971,0.3547376219101807
GQG1121,0.3190957737767029
JPH2255,0.5967160182791945
RUA0004,0.4082729083184479
YWA6586,0.2858662551857394
GQB7841,0.2565911345382784
STM7106,0.5442789978749019
AZB5440,0.4220107936728126
XHV9925,0.6586170749381952
QDH6299,0.3723207135864919
WDP7476,0.33134718929117546
NMT6166,0.4558175531463711
VGG1549,0.34721120134933536
RXS1106,0.27584506266196596
XLY3335,0.30953971277564585
GGQ1618,0.3964443822733578
IUQ7048,0.18287758757396752
UYK0965,0.7714299250328502
WMR4750,0.3270005799966195
OQS3013,0.7388823423957293
LLN9525,0.3258256513711541
WFH8896,0.49558873626844013
VOI1089,0.24097083878560302
ALK1216,0.39109707854471015
VYW8970,0.29072242193345543
HRG6795,0.30381472636877954
WAA4157,0.5059790934487919
BMB1791,0.36273057759698385
KQB1175,0.37259888468071917
TIV9623,0.22707439187729514
KYI2691,0.5105163653584088
JWC4499,0.5560753121526698
ODO8213,0.5548810821713435
BYA8224,0.5723316172420083
JBA5116,0.6953225809772846
IHD4177,0.4328875572905835
TVR2929,0.46598320918288744
USI4915,0.24791286182177516
XFA6190,0.36923177530912293
BLS9176,0.7689507013657693
MOR8223,0.6234365822279511
SPY1026,0.7166483071038904
VEW0881,0.45426012490241735
EMW8362,0.1587408865980188
OEJ6592,0.64151310482566
CXM9033,0.273444731088128
COZ8513,0.37356395160641953
VAZ4436,0.4438015524460191
RJP2369,0.3349902478425168
XKK0547,0.2844035739440773
CFU5890,0.34518505955706286
KMA1753,0.43438495898334994
AUG1693,0.2129867745042767
UCV9795,0.13996748135316703
RJS4002,0.4105658831453549
NEZ2618,0.2036259104750124
HAB9276,0.47342577010283843
ACJ7471,0.511832692766146
JOF0586,0.4978351968365316
IDU0788,0.11477510991675233
ABN2881,0.36067196136133867
DGE2915,0.24749532304897162
YWU0331,0.5277791649825909
BBW3982,0.47787612393276574
KYI3863,0.617659343347131
QKM0486,0.2948584948823632
PEW4437,0.2552122539751674
UYE5984,0.3313466578153667
TCF7202,0.28942849577978297
NEW7492,0.4820411709027524
CCD4905,0.40992803891173946
AHF7381,0.3910982625118875
BXP2360,0.5035712331150102
VVS8339,0.39693865172395887
HRI1575,0.6782967874681344
EDY7938,0.5634096301344672
JPA9779,0.6647694106663543
VHM8071,0.27655352574626174
LVJ5056,0.6159150421777336
SPX8793,0.1974188672699364
UUH9741,0.56555959445212
IXG2935,0.3412720895523811
GZB7607,0.46849223727797895
EEY2062,0.2218630980087922
ULW0305,0.26505345951979065
NSY1800,0.5132447286086776
KJU0911,0.4877630047475054
NXR5741,0.5048022218872444
NVN2979,0.3430922059891767
DNW3213,0.2716318883345256
PPD5223,0.48583178138137617
GOY4787,0.28098449800792724
IFE6896,0.21325668643402004
NNS7901,0.23407954759951477
BYC8082,0.3612563127754905
WWP2211,0.6913848236307579
FCD5461,0.29159238531021786
JOV0932,0.6247663215843974
UXG2063,0.5541186259425633
AUC0946,0.5464050204516214
ZQW0645,0.270443440552997
AJX1894,0.3769892416782128
TRF1830,0.19750084256961328
LXF8692,0.7490887663897072
DRW6350,0.2440373536837593
TWC5720,0.4481786260849722
OUB8072,0.3394916943421274
OSL9110,0.3850883507513662
AHA5047,0.49537868508095256
ESM5253,0.13223272200066918
RKL5421,0.517666552419589
IVK9421,0.7381137201236084
GST4391,0.11158539221084633
RGI8636,0.23396479863530084
IOE1286,0.7115939869197224
AGH1193,0.2842942246695666
HBF9445,0.622992634438198
NSO0462,0.7781365382249485
INQ4034,0.47228522161379605
FOL4515,0.23477543935597658
WKR6036,0.14625704224034583
QKT5763,0.40410462639244543
LFZ7306,0.7676531473394504
RZB9651,0.3651769995077255
YHL0162,0.36245069538295654
UNE5104,0.556068970631872
DEC3967,0.6205062084829486
JAE7915,0.5725612554327378
CEM5682,0.7729678773026744
WXG2815,0.2082823359328085
YQN3117,0.48342114978033973
ZLK9610,0.49575313029707435
ABH3755,0.2516450280469004
BUB8347,0.5827929266701042
XGX1909,0.359830138820972
FHU9085,0.3129036648491776
MZE9843,0.30768695958941006
QNW8864,0.27244016532234977
EAV0422,0.27760947710444966
PQD3932,0.5633962389346241
ZKD9795,0.40121116365460824
INJ6803,0.30446658246181907
RIW5780,0.2714387872688407
PNB5177,0.27012546181460784
SGU6485,0.17258784267538638
JNJ0531,0.4024840327840317
PHN7709,0.6974569606903954
HWB4033,0.2737612966285971
FGK3267,0.2905401500745591
RWV2020,0.3225006163738433
ENU6205,0.4443813749730711
CBX9036,0.39100990151525244
YAZ2550,0.5503597662987071
CBG7468,0.37156860603537306
ZFZ1089,0.33328745775522456
VXJ6073,0.3499133225250364
CXS5682,0.13448621853189277
XXG7687,0.6617287437858854
NPB7952,0.4242909914500758
LPU0502,0.38884506579723777
NOG9482,0.5032783671225688
DMA0770,0.5512279223363961
WFA8111,0.3028673343145272
MRD7341,0.4302744394478523
RAC0923,0.13728058434245494
CGI4064,0.20801632571602013
BHF5913,0.5839606921188379
TQT9316,0.7484442462813538
XTE7211,0.3071182731824778
OSL5694,0.41761042042418633
HLU2560,0.5377534283843383
NJT6734,0.40033445120892225
PDQ6018,0.6470111778923702
VQX0152,0.547008538032331
RDZ2697,0.5222571920114453
WJH5077,0.40615887286738217
HHI5726,0.572299366803399
BOS7836,0.17346130117985512
APX2161,0.2642399040507937
GWM1482,0.20014763423117765
LCA9291,0.5772361260247517
ZHQ3679,0.23890286971424027
PLD2249,0.1877863667089801
IEA9841,0.32860484177539756
GEI0319,0.6409478749347076
JQE4987,0.12852815622029345
SZL5463,0.1375659703703124
MCI0240,0.3028418629720851
FVT7225,0.20469639181367327
UJV3631,0.22664220807721355
QYO1346,0.6317779244200808
VIV4576,0.7975625039523386
CUB7496,0.4606184347144217
KZQ6126,0.25441132661699956
VFK8134,0.37211455680352407
YCN7326,0.36328676758160755
HLB3847,0.34408924098224913
TDW6663,0.48367648923630596
KBK7769,0.802358755197813
IJP7584,0.38564682803935585
VVI7960,0.34577607155610957
FWL5818,0.8506573232036952
XAK6948,0.7387333081860293
SQG1144,0.47352028020386666
VVA0065,0.46363756904713477
ZOZ0391,0.5371411276777597
MPH6874,0.3824205057830458
ZEY1074,0.1214349156440999
UMA9410,0.30674193908029596
VQC0943,0.32649642032750054
DZL6452,0.4103451350678445
BOM1302,0.4131560319969112
VVJ8185,0.22476402693274164
KNV7050,0.2717799557953626
YWN7078,0.32566438954598037
YTO5069,0.42115748199117403
HUT5107,0.5330587691270541
HBI9011,0.16553782689233168
EJP1062,0.4907663965175802
BLE1407,0.6915417232282163
DOW7737,0.6553216643201031
GWJ0731,0.18508710856209723
DVK0525,0.6633866983852901
ABT0755,0.17260094126715772
KDQ3420,0.5299134637328441
GRV3964,0.4249567878443227
TAZ7275,0.4435442456752748
FYQ9788,0.3351447562034093
OYV9502,0.21895643899030895
RZR0683,0.32055562118146563
KIS1920,0.31116350143836646
AIZ4304,0.6730556149114563
MNC6867,0.4267915117643913
JHT2975,0.5698790853726007
AWN2202,0.4624239951243428
UXA7661,0.37767558461921946
YHG0100,0.2266447397873245
BGQ6413,0.2152249491083276
OSV9923,0.1716544952513266
WGA1952,0.4907997765874887
ICN2500,0.4544144388976985
GZT7277,0.5066778088915633
PBP4048,0.6113556179810559
XMQ9215,0.4887367870875144
NEK4446,0.1828488301283089
DPN4713,0.509960254913436
JBG9700,0.48279995538051396
VLK0975,0.11877522466185876
KSE1752,0.8493390925497576
UAL0333,0.7654473881605707
HNJ0861,0.8363336585891353
YNE3686,0.8552038176576304
FKI0101,0.6387928622623426
WUP8684,0.41131272065546093
ZPX2126,0.4914504614713237
CTP4152,0.23387813276032146
QLX4092,0.5618354327318641
AOK5541,0.5606841910179282
AAW0413,0.17483878387904536
NGW7719,0.5478605493951849
FIH1903,0.7418122596861917
TAU8457,0.2741631003602006
COG3558,0.6735802572193949
OBP5338,0.308226141654139
RHK6186,0.46454965471865034
IMJ7164,0.4860277333174703
YLB6270,0.48319103564755267
QFA8280,0.20944103852567827
OUS9118,0.7657041557544505
HYO2274,0.2615409452190855
CSE9609,0.5007599000789241
UOE3068,0.6700242808197648
JCC9986,0.369292222229825
KOB3118,0.3114201570045326
SVC9307,0.6533289860752852
EAM6064,0.19687227276511657
UVN5572,0.5552224632264923
ZHN4479,0.527507384688182
ING8369,0.5084507101050583
KDF4616,0.2934945227196919
DEJ9407,0.22479085130267876
CXT4128,0.07707828703982646
TCT6480,0.21147309751858412
UNZ3586,0.542446380213216
CEL0672,0.6682565547341807
WMW9321,0.18815749690747544
MIU4874,0.8128528675639125
GHY7900,0.14100061177640943
QXY3232,0.3415032784966243
JQT4476,0.4682063964184772
NDK8564,0.36896153886779876
YMO6206,0.2969273410398849
XMJ5924,0.6816391557583957
XVR8871,0.0819861716155108
XEH9534,0.4507599092443988
CYV3256,0.31407026193134907
TJH9274,0.165570106771966
VTT0304,0.6883116067889029
RMW3853,0.44005579816151186
JDY9215,0.3479630823175532
PZY1904,0.6915944221951973
XHT3697,0.7799157375084961
YBC8532,0.3355155642220549
FBJ2223,0.47926850391093234
EON2993,0.5308568232581509
URV6265,0.6835697574656187
XBY8963,0.22499597958946857
VQS0169,0.24741034896756445
ELA8839,0.39356908723187756
GWS0703,0.3664117001923825
TOX8176,0.3091424149935333
ONB3244,0.44903967908164794
PXX6146,0.20727795696050166
YUX0481,0.2589476110154361
EFI0965,0.2901074813280946
DRD0479,0.21931746785692527
DWY6364,0.35221421962941185
ONI0884,0.2305699508815808
MCN8344,0.44212909213412227
YKS4319,0.46897962215744987
XZO0245,0.5261547771453023
GEI0522,0.7510718790230554
IKZ9484,0.35250766254087923
DBN4342,0.48946315654202716
NJP9989,0.5497918223238946
UTX9521,0.6185505114280054
AUK8540,0.6651801681679093
PUI1246,0.06770669755789178
PDM0256,0.4303130953913086
YZK7499,0.4483902857566977
GNW4349,0.20580390811553673
CVF1019,0.4178825745740334
ELP7845,0.3756970296676266
YCN2884,0.3622398752087877
BWS7092,0.5365317197768923
KZK3699,0.2935121641089286
XYO7986,0.3775785097551598
IRY7916,0.1346560767882877
LQA1132,0.3389601774180324
FTW5458,0.5336850421924576
MIB5596,0.2824349993353941
GMH8226,0.4477365476420972
EOQ6675,0.06857029964737031
QSE8298,0.3985260947811469
VLZ1739,0.5738766756766037
OMO6127,0.09893768482936333
ATF1687,0.4941655271252774
LBV6765,0.4339056421019605
CGB8675,0.7200197442874631
ZFX4279,0.5920296376657783
ELF2926,0.4033478179637957
DNN9040,0.37455959251854115
NMT3661,0.2526012996914256
UEO6191,0.4890159433263097
IVQ2334,0.3015757753798895
KNW2940,0.4642182313524172
QNB3273,0.43368421108268906
FNH7242,0.1529960378372541
VVS3655,0.3121391269215846
XZA6769,0.488699045357349
UOM6424,0.5973693770403001
FBO3201,0.3939704521491767
SLY2701,0.27956115281732713
KXS2731,0.3829797225287727
XBW9703,0.1910182956007018
OSW9461,0.3877156241985211
LYU5526,0.5076378940506721
NJU2479,0.36019015951118694
KYM8332,0.5857576938250595
MAB7407,0.2522530246911508
YPZ2854,0.8336440585853803
JBF7199,0.6081553352219018
JZD8433,0.42958779680366965
MFP6362,0.6206184639403985
JKW4520,0.6357517030839336
QGD7776,0.6482809829375752
CHA6808,0.48365416475022843
UBS9220,0.537268712262091
WMY0640,0.3928802308053208
CRC2190,0.2591081195736429
AVW9491,0.3214879828948191
NGN1485,0.6667935003320976
QQN9296,0.6590783926560817
NGR5046,0.4382619930905758
LAN8432,0.484474127356576
TAQ4819,0.28791196268690444
CPI9822,0.3325642503586146
AER6514,0.0826650381242559
SEH8603,0.8374742238716304
ILT4241,0.33608357956521934
HKE8304,0.5927252993318631
TRW3403,0.3708759348476831
RZY1654,0.32543177270753243
NWK2633,0.20727905098149543
CFS3204,0.4117779984684273
NSH7795,0.5357266566951738
UDJ8583,0.4076404503027991
JMO1835,0.6510819744012246
REJ3686,0.18345551830153992
GDF5664,0.651928445954685
NVV4484,0.4564225515899473
DDP7484,0.11524641138251894
XSF7421,0.16778561827400415
NLT2046,0.6558887032708866
SIQ0790,0.3564146907982249
FZD1147,0.1367128581583342
SAA8955,0.41802179650129484
VCE3631,0.514892743247294
ECP4298,0.48451570550169104
XIU0799,0.6094521792684457
RBL6086,0.6874765302463194
YBP3161,0.4155127861613226
KMY5612,0.41464621888659886
ZBM7911,0.22503987312566054
OCE7294,0.5797138836971926
TZE4540,0.4386638539052699
OYY6449,0.4220836388869376
IJK1308,0.6450801834163148
KPT6842,0.4973035211192834
UKW0215,0.3790176703135197
LRN0774,0.5463251062418925
VCE2379,0.2187302778330035
FMI2837,0.1640032736142603
XLW5979,0.4745337686745346
GOV8873,0.40720963521192455
DNF0823,0.6761558580173528
HPH5240,0.502148394931443
AMU4525,0.46743171297915986
RAZ4524,0.6287464911508183
CJX7660,0.6176156285864879
KRD7992,0.476216413495961
CPT9754,0.19579998690336478
MQZ8423,0.6972899635486676
XZS3817,0.5739727542759258
VCT1670,0.30245970482480494
MPQ8940,0.42354612794876184
QTT2590,0.17622913069487112
RDH4737,0.46556432221181704
TGY9004,0.23114248139579865
QQO7458,0.835010378222429
LOI8195,0.5063043530704491
XNK4649,0.5321892550393633
ISE5644,0.10947946833985889
QQK7127,0.5692962664664358
TJP4799,0.3674016587903639
OXJ4842,0.07859947341217226
RNA7496,0.409149089463859
OGL8285,0.4109898352017465
SWE3610,0.2952922164349246
UJB6693,0.5561119123575894
DGQ0428,0.3464062581469189
UAF2108,0.672176216757205
XSY0056,0.24276127690699145
HLU0539,0.1202082498493709
ODQ9274,0.32260120093234534
KFX6128,0.2877725578328749
YEG5478,0.4370733135231304
HRD5727,0.21029798655756818
ZGE3625,0.27520096740774974
UMD6920,0.3118382950557192
MUJ4332,0.3697574903846054
KIF1692,0.6871208848792415
DFL1502,0.5151120740656333
CHL2034,0.7185089552167164
WLT7867,0.3841040434227138
PXZ3818,0.3217398574480205
FYM9226,0.7240520545619685
DAC6061,0.5970553588801076
RHB1657,0.5851834454753196
NXO2283,0.514499182979911
RLR7250,0.7500062109250395
YWK2082,0.5891023511054707
BYK5591,0.311949513876167
ACB7270,0.613118750333733
EAM2579,0.4152849737351907
HHR7325,0.6164496962390165
VHG9675,0.49034482755566283
RRO6606,0.36018561531458443
ERV7117,0.33693949265636025
MBE3268,0.57287560501507
VWD2016,0.37830958182930335
UDG0132,0.7127049663797355
ASO9327,0.3315553205134743
YFX3025,0.32916499108926917
YHO3350,0.5192769089012387
RDJ0057,0.6530977558220493
OVI5461,0.6249959055666853
IIE9717,0.2502956466929191
MQU9813,0.16102238807197525
QBK6167,0.3634050851821174
MQD9120,0.3328800679159472
MPN1782,0.28210351985569543
IAZ0582,0.5324141149761648
WER3297,0.5664959337498182
DKU9622,0.20581995244601428
XZU1389,0.4786895159234173
JIV3958,0.38178712147405297
OUU8805,0.2127990014354483
HEA7369,0.15497427120774757
XVP2264,0.1955572497175916
DFR6067,0.319551947129175
FBL4503,0.46279361713466916
LNE6682,0.412982078426913
ZNT6954,0.11575974642662867
FNV1771,0.601653479246523
ADK2106,0.17650712372525448
AEZ9340,0.43425418615843236
VFQ4319,0.19878195741124594
XSZ4118,0.5822375173825382
EGA6616,0.568352738381304
MIZ1027,0.5380305292388862
SRS6744,0.3211085499807078
JQM1187,0.36333170456423475
ZHL3139,0.7674252237227676
NEW6706,0.1593231957129755
MQP7394,0.4790054529900231
RUD5319,0.5172409250569485
GJO6846,0.4937070132840726
NWG7741,0.36926482685148737
QRJ9739,0.46664669732465774
UKG2642,0.5911587555254735
UZE6034,0.3375263932845372
JVA3845,0.7626841801280282
SQF8086,0.325358293968339
ANJ5892,0.24590525535863858
UXX1393,0.3592125065292013
QWT8893,0.24548715783102293
IPI3012,0.20510804471357713
BFJ0934,0.3252234130592639
EGP1636,0.16056704198045443
JOB6556,0.8046755100317008
QRG4068,0.7279455976526231
MKK2644,0.826076354542459
NOT8646,0.352981768947589
BNU2999,0.44201213442915255
JNR6923,0.733336926249902
WYV8264,0.7256153180007535
MYX1892,0.7544120391078347
MEB3676,0.5862176830669258
XQZ3311,0.43220844562512295
JJX6807,0.24591439743771848
WXK6036,0.08250941710130759
NGT4741,0.3511547485339401
LXO3834,0.7744179227479454
HTC2895,0.6699037247541518
SAX0105,0.228749737062567
DTR6300,0.4889928568585386
DPE0579,0.09805434565257869
WNX2417,0.19318358183774167
XZM4055,0.07445641758452594
LHX7184,0.611461706082152
KSO6598,0.5557113461610941
OLE4506,0.4209871463872108
NWZ7800,0.8006664110377772
LIU4069,0.2979125624711157
JKO7105,0.5679775877835266
HHU9275,0.7232919346395829
TNV6516,0.33994729638360727
LYT6293,0.3940762115808107
LKU6285,0.5083150588100628
YHL4141,0.1205542606949435
KEH4496,0.3505623678042537
DAG2617,0.1594993589056055
LWL1497,0.5153229844806816
OQC7661,0.43836701112102777
JJQ5903,0.3920590637723717
QNA7565,0.5060959197375077
GHC8140,0.4372449956893905
SWJ3811,0.33680543379390837
BJI4095,0.5613607865593581
AEA8629,0.21192710024374758
OAX5074,0.46167866361668297
MHX3492,0.2147861325416123
WSM4668,0.39260999241355127
ZVE8493,0.23097094597361587
HNI2057,0.558382864125861
KYB7279,0.2699678162487345
TNR6519,0.41434672494058783
ZAF6488,0.7311082554309647
GFR6971,0.327223024107721
VEY1968,0.17765013002309457
CQF6416,0.21788084817052003
TUG3248,0.334190083488787
LEC4955,0.6385275214361824
OQR5476,0.3221973465345284
UHA2449,0.3875326755312469
GRP2675,0.2529870913633427
ELA3131,0.3173206418581302
UZT2014,0.23981376884691716
NOR0351,0.7527249297890689
SQV1536,0.6447629173030996
MWO2395,0.4642352301446813
JKI8422,0.1920416160797306
CSM3282,0.7939152025754402
MKA1884,0.17887281663550614
OAT4775,0.655391218037053
WAE6729,0.17518415684423005
PUU7424,0.19662232383387024
BVD6400,0.6006798652318918
FNA8904,0.29037209989704243
VJE0900,0.5334780320221559
TOH5347,0.36436306510288025
FVT9140,0.44121341284961035
GRH5559,0.21178402868821022
UBD8889,0.7629319455205668
GFM8976,0.196833887598327
SNB8067,0.2609271005968969
JAN6657,0.6658252698931255
ZGO5482,0.5545613812172986
WAI7897,0.2311318662637558
TQQ8810,0.6070736996123526
PPR0538,0.5303134745332504
IQD3049,0.3959558184839563
EVW3261,0.3143631426808417
QTP0829,0.20196152042752016
ZAR1668,0.6998347294557918
YNM5067,0.2177317929533127
ITH8224,0.1427287449871151
REM1332,0.18070761334506125
SPS6604,0.22105191464677001
AAE3132,0.46265917195034056
HOU6184,0.3144463556053568
CZP4309,0.20741318766133557
LEL3646,0.4006888725966375
KLS2376,0.454329121150253
SCX6724,0.35750498620640975
JDX2248,0.3701997899940244
CSQ5122,0.21334973968843673
NCV4201,0.6353800692580939
RFX4239,0.6673966061833689
MHR9246,0.8250044221598557
GBZ6626,0.39818848337883533
RPD5488,0.22844147296349127
HYI3434,0.5361180511324154
MRS2505,0.6446129709182228
AMB4315,0.39689370051610756
PMG9403,0.4745858607375107
PJB5201,0.4702002442801634
WNR1849,0.20511915835446268
WIH5320,0.6550395690409642
ZNM8480,0.5776331893232447
XXT0474,0.827820333201983
QIG9493,0.15682196068829152
AFN6386,0.11523565713876886
PRR9621,0.5683013409308978
XCB9683,0.35357709310287566
DZT6788,0.42765328186876345
WWG8089,0.2307683865262101
UKQ0153,0.5170985317395735
BCZ3036,0.531283000737628
NVZ9450,0.598425213894601
CCZ0625,0.46967052453953456
ZLP2972,0.20921731099771113
ZJB5926,0.3900949540914165
CMG8982,0.4978103053140801
WTU0545,0.34463947446219967
FKL8364,0.6991586839704008
PLX5842,0.2237102993598797
JUN3444,0.27986875707848974
SKE9305,0.447939538907474
ITL4779,0.392951162524251
JJO0795,0.33909388218658365
NXU9005,0.2324492922893856
QGC9923,0.7375691997038567
MRQ3624,0.2463420796378629
DGH6557,0.4811934439409368
HDE8710,0.29497217707203993
AMV2337,0.31047177564504386
UNQ8256,0.606509340904228
LOH5505,0.5461253050942884
IQY9989,0.25075580404743586
PLQ0927,0.7463217220121807
ZVH1070,0.48533527725390174
QWM7774,0.7561526599832905
LCA6145,0.4489434047248268
CXS9262,0.5045835119041572
FBG7333,0.5122264056023923
OEE9697,0.2841396533219352
VXD2888,0.467494585264006
JWU4615,0.18339499083555455
PIM7408,0.4609360913625169
KOH1629,0.41799003668333107
FNX6879,0.16393578399870837
JEQ9499,0.6725492501420197
UYE7582,0.6639782064415755
MFM9712,0.43103992719886497
CIW9280,0.6538970101190672
BIH6763,0.46636010524979826
IVR4724,0.2446854347382442
JMG2675,0.24879040634986196
PAL7750,0.21579612053332822
EGQ5337,0.21693830176684226
HNM5599,0.4789276307318237
WWK2226,0.35493972942697777
XMD5380,0.179028934855861
CMT4787,0.2585040355344069
OTN1938,0.39900151454986094
VIT1701,0.28158983323468884
WMK4466,0.24322356330847353
JJY8197,0.5982016708327725
XCA6285,0.4930481695749734
LSX1698,0.7252983856356354
LIY7658,0.6721466721438368
AWN0993,0.5190540393074938
GJQ8756,0.3889658101211732
UQA9509,0.5615859296693889
YMN9110,0.4005940366791038
TPV6824,0.32777708888410456
BHD6476,0.724490278708251
JSQ7862,0.4783809637384238
IBD7350,0.3216111943956775
WVG9491,0.4957870499803853
ERM6024,0.24630923694711682
EVY4906,0.6388313568122517
HZA1744,0.41460518441819
JCT4386,0.38961234433301106
GPO6473,0.25917826913248826
MFJ1189,0.4312893757035921
UYB8567,0.5175345322917567
TOE0201,0.2747373870103564
PZV6692,0.30739819744436336
UUY0456,0.5259173414772732
XDE4403,0.34327993575941457
RAY0990,0.7682651017260854
YXS9979,0.35603320508507136
BFQ1956,0.218360824985648
BNT0970,0.5169779983707843
ILM6904,0.341482809404223
TTD5928,0.23015146141548104
LRK6522,0.26069232298136563
NWI7548,0.46431962496376017
SBO1935,0.31556598130643637
ANF1816,0.40340035967848253
KOO2576,0.3443081467867513
XJK2683,0.21797967610477617
KXO3550,0.229722276557484
PXC5758,0.6286050922507354
NQY7197,0.5961705047095452
EWQ8929,0.7824058108701228
ULV2580,0.7484917337359708
TCG3740,0.2861435437299123
HLQ7927,0.3044334144529363
RBI8043,0.36353339460006273
XUB9735,0.27123230466781373
YPZ4317,0.22324843073108033
QXZ4385,0.49092790098553724
JBY3887,0.687801176199582
PMQ9284,0.41865398365280476
WPD6992,0.3769060320700725
OHO9405,0.6025931542383982
JXZ7487,0.35941787664560315
YBC1242,0.30271223606581876
GNC0544,0.363895573897407
DWG6506,0.2770698861402452
GHE4135,0.3016449259898339
YTY8763,0.5173423321935403
KBN2378,0.5027426134281923
AXT5962,0.8123759216934606
BOG9757,0.22345934017177074
JWU4504,0.23763658018283143
WFW3920,0.791188256876636
NUT5984,0.2617025796360018
SRM0734,0.23418685260103644
SXM1210,0.621661117094216
MNP1285,0.34080647128820657
OLN6828,0.6879727836567952
PND8015,0.6747075381676509
OGX2067,0.588284989489103
NGW4148,0.38782978922397565
XNQ9739,0.4516121875007338
PVC0396,0.060085437353560193
YQU4379,0.18473182081878392
QCZ9183,0.17085089261191158
HEK1976,0.560326121264372
IGG2798,0.4293921418922712
LVB5412,0.4561204755095631
GJT0245,0.36882242598559195
UKH9382,0.3891947232443886
MSI8579,0.660752557039816
ZLG0202,0.4660062416628925
JLT3081,0.19702342825479935
QUS9552,0.2109555136453952
YTA1880,0.45353986507571675
CDK2415,0.3778144463720637
GDK7008,0.38092337264876625
XHB5695,0.3984569574284456
CEL0699,0.38004784490592974
EIU7027,0.22405210218759183
HTM0146,0.37676276850525975
FZO5757,0.3839962614231999
TDL1068,0.48493118934245505
NIW2607,0.4428837799168552
HEO0125,0.1925725002670038
MEX7417,0.3023356287518488
OEN4472,0.2659432687975572
BRT3771,0.11611753276905372
GUG8607,0.7289269698536804
ZOA7096,0.40975760583998055
SDH8992,0.6023460740383679
JMD0120,0.42666014936642654
BMO6026,0.330386606253824
ENV4544,0.6794755423925228
JQH9915,0.2120065835423496
GMK2427,0.5926936353525659
FPA0677,0.4425263641160034
ZVL0171,0.6496783154978952
SYC0712,0.8223816886196289
MHD9822,0.41606708376366514
HPD7237,0.7834696704152937
FEL2808,0.5606771149153816
MMC8838,0.2674166565123346
NHK5621,0.34017043928108665
LDO7056,0.4894313559618344
RJU2365,0.4759345810513684
WUT2469,0.13906242971057617
YMA0571,0.14009256473761048
STT6043,0.5681024648930643
YGZ8268,0.32699425361633055
TZR7334,0.6836839133219005
KVM0019,0.5278508954900542
KCI1006,0.49834543564535155
RJR2607,0.22770523912840157
DNK7474,0.4841674173294086
PMY6529,0.3060356018189753
JAT6175,0.4856352337569055
GRH8210,0.7399903746838171
KFU3441,0.6905663663901057
KVB7435,0.22477192782701075
IYP0080,0.4483772719316928
VBV5453,0.34843151818228985
DUA8888,0.5241217644578461
SKS3637,0.22993253571039887
JJK7748,0.5491747605225814
IWD6431,0.3350819713640479
BZE5384,0.2642875500851865
KFY4089,0.25534416340141686
JBZ4242,0.2617478693769799
JMI3553,0.49271194616265035
VJM1864,0.1248847988607397
SVH8709,0.6944323701879168
SOY3070,0.38290214153395513
TUE3956,0.6978537196721213
XIX5596,0.20645027129572183
CZS7133,0.4646026669721812
FIX2641,0.35648758641167455
UXD1841,0.4913006534914223
XIX9094,0.43806462945802255
ZVV5799,0.6335723163296941
VBT2621,0.19507777524126976
SGP4291,0.27729019372080144
VWE1468,0.4620387735752914
QUX9721,0.22983076085309087
OYI6805,0.4975882956956232
PHQ4045,0.42005452170618435
IRE1258,0.4498902070634438
TQY2059,0.4264997763633482
CIN7912,0.5005409016030288
BFT1621,0.24584644417744253
XTV8065,0.7436941778374413
JBN7458,0.17562093757653408
ECA7340,0.603819077144986
FJV6411,0.3341053672799505
LBI3544,0.23555830969452177
IHF4906,0.5952733235043717
BCF2737,0.6155537117079741
VOX5055,0.2557191729500519
OHX8131,0.632900859566878
OOJ2242,0.4719654330646468
OYF8344,0.40706864633714485
BDP4806,0.29220888588736105
XHM8420,0.47618422845935116
HAJ9645,0.8349575917211395
PDE8624,0.4816656537403836
NLT2148,0.2316287082779952
UHI7991,0.5405009071528933
FWX8897,0.35463713650263257
OWB7178,0.6065134683438451
REU1247,0.46461881828398677
CRO1769,0.46585747574370445
TLD5484,0.3166227260119829
PTV8574,0.38650350340993933
BWS1336,0.17424906156451758
OII8763,0.24031955106277192
LPO1321,0.43805122607088043
NHW7391,0.24156949173709089
JUC7750,0.23279760024281101
CZF4822,0.2655084714627826
KBN3400,0.7814265707515213
SNF1740,0.20169011628098119
DXF7268,0.5998629972432528
EEV9383,0.19920819147230426
WJQ3332,0.40425707610910017
ORN5586,0.44362236590341814
JNZ7774,0.3616242924775121
KGI8277,0.4168918079224582
UQV0433,0.31437252051191095
CDJ1262,0.5296096276775004
ELI3656,0.24578142226317964
CJF9592,0.8945797747067165
IFV9314,0.49855028736431817
VDJ1118,0.38147547334965554
DTA8682,0.8339882574047487
TGJ4666,0.632716413950733
IZZ3291,0.49243885758967454
ZWT7505,0.24375080134465654
LTK9250,0.17195857731808029
DVP8940,0.3480049859496111
OJP1964,0.22099827840042532
WNA2120,0.3508727235949915
MSO0106,0.4793887507931685
XNB8483,0.24949450469338952
PZM1761,0.28272504126354153
ENW1475,0.40951671785860055
AJL7031,0.682417035605086
LWS0585,0.6222656344399673
TXW9164,0.49315878516719264
EXD4634,0.6695791796292027
KJW6467,0.6434365657696094
EZD2570,0.19316866806204028
ZJV2396,0.4357187153798287
OFC1459,0.5636528173882648
VFR3116,0.5448460770085882
GMO1024,0.6867848519268794
BWM2061,0.38022983403935734
QTD8623,0.5741588155005696
KUM5250,0.12189318452093068
RJI3984,0.27510155036014833
VCS6618,0.3298339388661306
XRI7782,0.46126795469600196
TLU8006,0.28684445719128476
KIP1222,0.44286777478115463
ZYW6392,0.7579516845843423
LQG6833,0.31474248948564515
YZS6822,0.3226725097247787
WYB4183,0.7592840612284087
JTZ2381,0.5931288219165786
WOI6716,0.14613016480689625
CAH3623,0.31873590430673077
DHO8082,0.2601414240247824
WBZ5686,0.4916990407653903
PTJ3034,0.390910809653293
GOH6841,0.23921658311755278
IFK4684,0.2743991934235113
NUC6904,0.5379817957761562
VGA5416,0.41065739604826507
YLK9460,0.3867388835869366
DQW1972,0.664314617265822
FTN8264,0.6656407757905334
IGT3880,0.5247945028023667
FUA6770,0.5550215249688111
TLV7456,0.2600264498957476
WWE3484,0.4560076083755404
DTR9952,0.7184518708108256
YNO1665,0.25037703219694946
VGE9961,0.32400323304247286
RUA4176,0.12876257806813765
IKF0037,0.21906407496590738
YRO9974,0.39435702270614154
GWY9006,0.36692929444098005
FVD7466,0.2235746407560474
UHF3142,0.3300608000794769
DEX6242,0.14735059652530735
QXR3196,0.236615712734111
IYU8091,0.2833045822388575
BCP0378,0.46550619115485664
IKD6628,0.22542561799448738
NEA8008,0.33555244705259035
IFL0400,0.3126915001775706
OWR3438,0.2701434820914695
YTR7954,0.5503551586564188
UAG7922,0.23012194862469074
MWS4567,0.7361523488851832
HYP0579,0.36130364307578117
CWP1122,0.36037008577690655
GRI5844,0.6725789686054408
ZNJ9881,0.6449424869754704
AND9132,0.5721420704917484
OTX1554,0.2394889703063602
JZI9321,0.272788901705776
LLG6222,0.3226649858868005
MDS9093,0.4809735532776324
QQB0215,0.4763067623865531
QQT6587,0.3745629887400013
LOK7515,0.5396676558647533
GYA7750,0.47823185299019383
MNV7286,0.7800989709711059
YRI8408,0.5156985103557284
TWE1980,0.3980586689791413
ZVU6266,0.2619299643377451
RRG0247,0.46417765584494153
HHD7862,0.5581533669226421
AJE1820,0.36661777990325906
ZDR0733,0.5687960006417686
GGP3321,0.20776616207867912
CTU8248,0.32907710817160557
ETX7860,0.15829617023680556
BYX4709,0.46530597725897477
JER5258,0.2677700248557237
ATP7809,0.41405510348585245
OOS9657,0.7658018155885781
YBH8650,0.3659618864824814
VPU2235,0.316519481079359
AJE0878,0.42488009441104574
VOM0132,0.521001892612223
XPU7817,0.7739244108112718
MLD9068,0.5872872999791386
GAF5632,0.7545152363047386
KVJ6297,0.7097158201066827
BQD2750,0.5142678657298837
XFK0812,0.1601635328970481
RBI8449,0.7947649870406388
XBJ4755,0.3204579871432391
PUG4486,0.304585481196703
SOK6661,0.6472957626412087
XXR7349,0.5711759730063425
HKP1866,0.45621365297519945
YPM4023,0.8117674140054193
OZL2864,0.7399399664158199
GQA0832,0.1885256416553179
MXU2531,0.6563211384253818
QYY3922,0.13633698984110754
RZJ6026,0.7233463086718371
LCS1493,0.1745448387167147
QJP7869,0.5375123838221043
VJO6966,0.6297835823032791
OFL4209,0.37447260392914394
PFZ9129,0.30305572916363904
MZR6876,0.7582390423958367
MCV7828,0.2367841236079183
SZN7612,0.35571035226911096
HNX6356,0.3309934397386794
WKH3337,0.4947585072209186
PNI0320,0.5924806272075044
LSK2897,0.2771351042243834
AGY2805,0.33433091102713247
FEB0191,0.5778216850753035
ASI3597,0.2563130242552168
RAW3160,0.3058514771640511
SAL3837,0.30176571712850975
QMO1576,0.25774409481516586
XCJ7065,0.2813304404455259
YKO2034,0.45389076080692553
MYM0707,0.6940056623577308
GOD1525,0.4091753323205314
YGS6472,0.3924216566728059
MVR6731,0.3485287559436346
AQY0818,0.5253964806250774
GWL4324,0.4770869937340653
SAL3804,0.4010562460926632
LXN5221,0.3775906596355319
UXM8042,0.20893628783776852
GOH7601,0.23128450698727465
UOH2212,0.5994354364090578
YUH8545,0.6930261255083384
UVO5135,0.31835511988576864
VGV2371,0.22977222694398447
MSD1546,0.3855592873067935
QVY5202,0.5309088779834911
MDH9411,0.33780575710432265
XRP3871,0.1350734910901378
IDL4446,0.25731375064431977
SVT0852,0.3942765662617466
STW1369,0.3162306172214358
KDX8757,0.5320342294162287
OKA2718,0.39868258471804796
KGZ0857,0.555889134833995
HXT1988,0.45831992245635383
PPL4821,0.12068620862550604
ZSA7657,0.8295188698037297
CCD7293,0.351075181403222
XPP4684,0.138600072117556
MYE1200,0.29725406267507853
DNA6848,0.17785580982505778
WAX9047,0.24118369810531592
JHL5576,0.5774064267443468
HMH5026,0.288241449000496
EQK7900,0.48933330299927974
THU0418,0.3186719294474208
AAN1264,0.6288700938646409
FGB5363,0.29081892189921815
CTK2833,0.7348945916743972
DVB6982,0.5733227550134941
RNQ9043,0.4776869450134191
PYH6242,0.20046594836370304
NJQ7029,0.6118857657851428
XXQ2266,0.4623953356554198
TWF8468,0.6717578019606477
PBX1659,0.2477298764847681
VYE6525,0.48448371472363366
XGZ7303,0.1629550548065721
JWG0572,0.5444508412423184
GCZ5567,0.23455679118528128
OEK7979,0.20867834680475705
IQR1080,0.4941104537208462
EGP3030,0.3646825240823834
KXD1325,0.7112824286584685
AHW4029,0.3468110171573391
ZDL7831,0.4359424978432822
UUC1303,0.8500154216597768
JHW4195,0.5492480459877048
UQA3823,0.6184078934500455
VHB0197,0.3229522344914083
BVR4732,0.3487671934646592
MWL6209,0.1186608660926548
USW0558,0.4821746898297934
PED1745,0.3724245663221557
KZU0103,0.668762932747193
AKF9929,0.5157023697113882
XHX5246,0.37454929588589114
SFA0308,0.47320243100980486
DVD4120,0.3307611492945976
ESO9920,0.46767005622491925
SRL6640,0.46045111513261444
CUR0551,0.15804397730237138
ZRZ9828,0.7393683574388126
JHZ8593,0.6082343884012243
NHF5531,0.4262261597982853
FQR9806,0.5784172639871813
ADB1496,0.24100137610402758
CYJ8609,0.45321527770805453
PBY4400,0.341156353060825
LKQ7118,0.3856618289437435
PJM6055,0.5252818763523347
CDO6881,0.24806680528020744
DRF7884,0.2872643846017007
OLC5061,0.573689055498415
AKG8619,0.2797874396404945
GES7925,0.5146850233151983
OPE3417,0.1360264195282978
TWP5888,0.417687496108128
TNJ4880,0.49358833783468636
XYM6908,0.6904854536950924
OTV7462,0.2736821826391082
QDM0499,0.7213143442681987
XXX7106,0.16284608332046746
CEY7529,0.21550296314054052
EQG7914,0.2292976666486595
HQH7800,0.7194713065108798
FDK8158,0.371038623266404
VLN1057,0.45617315199722214
QYX1812,0.18411249487814554
UFM6656,0.3449384717891267
HIF2994,0.5043069962742414
EPT6107,0.35085402350507494
SVH5874,0.3991158245057192
GIO5888,0.3273512757377755
MPK6697,0.5467164037982895
JHJ6002,0.35066861119980136
WQB2834,0.20852407290323038
QKK7312,0.3647857894153696
YJZ3677,0.7594358180720536
MBG7300,0.47984564331566043
NGX9445,0.3303424838843059
QTU8109,0.3642269755744964
OLI7614,0.2615476297165878
FSG4468,0.5018476801297888
RCH3872,0.4536697013594986
YXB5864,0.20365877406492397
HOR7464,0.7495147510326362
EIC2487,0.34118070494052777
CCJ3339,0.24238114253620968
RQJ9221,0.3840441419711647
HAO7587,0.46027570442081805
KNM1584,0.23360210172642518
WLN0973,0.5468393324229862
WER8629,0.22156876504702608
SLS0471,0.12405941841099836
RWZ7062,0.543125505367867
HKX2986,0.46455798128759634
GCY5175,0.21354950797660144
AOT2477,0.13910086114636316
HVO1046,0.35083744106913395
NXH0170,0.39304112340535385
GZV4285,0.31593880592149653
XNV7471,0.638303973900395
BJX4302,0.49292688654481526
VSH5730,0.24385724569881306
FDM7929,0.5253094975594357
PAU3377,0.21256798408211383
PII3257,0.3955879698929888
MMY8958,0.5379575415782548
HSJ5714,0.6074405031421187
WUX6406,0.3974864222747914
YAS4032,0.3642604960986511
QZX6944,0.4002796007737313
SBX6305,0.42065309043354265
DQH0443,0.39601916878190896
QHJ0432,0.3697844495624829
MEZ1886,0.3853165607692525
FFW5346,0.2420896642546427
GCI5754,0.5680499361954429
YWS2631,0.531900803731692
BJE6322,0.3414669065665139
QOD5952,0.3176072088649266
PVQ0274,0.3235295756077265
RWA7760,0.43183462993306615
LBD4986,0.15242562410427618
INX2297,0.3469112910090178
SWE8062,0.20999242369952664
CDJ6273,0.24906789500737925
UVR3325,0.31671522562748367
AGA7615,0.19775661545584752
QQF6530,0.3213678657567506
VCP5164,0.3280729000944022
IBJ4529,0.2488429696281078
XAP2030,0.10169814049489416
VSZ4334,0.6490047472199135
IDB3510,0.4035611314177705
CVK4116,0.09223160704288223
YRI3393,0.3757751796807207
XWJ4426,0.5382664857049767
CDL2013,0.18015415632463852
YBT2195,0.5440184211296085
XMX7085,0.4217598297953849
TMS4399,0.533511868763349
VNW3430,0.5319076589195473
FQL9334,0.6004716380372975
BXK1712,0.3058330943325144
KVQ0997,0.21164548707103795
ARP6086,0.3334780996244831
TZA4677,0.6463503535235146
KHL2108,0.371508424718976
KLH3876,0.32232126008453826
BVO1335,0.37974432983352086
WNP1085,0.5965140813719895
RZU4330,0.32818802491582194
YNC1324,0.5085394703838612
AWY0298,0.5615884788436382
PZK1558,0.3132224083375572
TTN9630,0.2790148250001887
BIL0479,0.4468957332438599
QYA2602,0.28832321282386236
UKK4307,0.44853892778813864
DMS0338,0.7290173917323323
VIP9261,0.22038054206700589
NPL9257,0.4697759103330261
POW4586,0.5495754157478449
KXL7076,0.48986017283002026
PFS5716,0.7373338393765269
AKY4887,0.5945482448777244
QPB1967,0.5073610119450852
KFF3495,0.1083520813101649
ZZF6930,0.3389653437562663
NHW3925,0.5605759598318013
BRN8497,0.45170609176398296
UMJ2226,0.145811354397208
RNJ1710,0.2721775952081458
LUD5116,0.5642919467248011
OLT2214,0.2768293299830283
XXJ7220,0.17255398553170212
VPE1768,0.37900062801285866
MNR3391,0.5532024208131893
JHM0984,0.4675575685280077
FAB0388,0.6076950514731391
OOR0476,0.33093384812566795
IBV7915,0.6713717354097888
YFK1866,0.4004171448435192
ZQD4890,0.31397946838495033
WDC9798,0.27987148490661196
CXG8456,0.506863083060947
DOO3002,0.5794110075570806
YID2854,0.4419317967210188
SNT8269,0.5013905401446244
AJE5284,0.32457128815642133
GLI3826,0.4198822346899275
MPN9544,0.18556054817792023
ZOL7983,0.6720856553885183
VGJ9459,0.36496400602121154
YGU7937,0.4261500875401875
ZHD4984,0.47143162640656816
TQL5044,0.26081705140540096
GZL6126,0.4342927258484724
TED4788,0.2925629315087078
QCB1230,0.522609511337079
KCU5480,0.17316392143340453
JYA4020,0.6410962922088171
AKI9938,0.43456350699553753
CDZ5280,0.36321515953841255
IJS3257,0.6853303485859437
XHU6926,0.38642592855712593
ZQD9442,0.43067539078324507
XSW2306,0.7916227189842221
QMP1263,0.28466950057012236
LLJ3258,0.14471238147601181
GHM9007,0.24925571439015407
LUC5355,0.7072124785570623
JPJ1369,0.5083396338939151
GHV5643,0.5172742358211733
JNX1312,0.7700849869598461
DNQ9370,0.45619535757376806
WXL4780,0.3017032076737968
WCO3839,0.5216473772496893
IDJ9502,0.5084841492197465
MWF4845,0.6719975799030372
WIA4859,0.25601772860903677
PYN9857,0.18333122277382008
BBK1144,0.43058085678491503
SWH7163,0.19863787413495645
GMF6824,0.06830725467606809
IVT1624,0.446506130452724
PYR5155,0.6568855561203651
JAN7670,0.46432319290789387
SUL6082,0.5055067961342478
GQN5525,0.4508067482829936
EPR1251,0.3773408892389369
YVF9131,0.5279180305738733
ETE9042,0.31172131652546375
RTU8397,0.41683139505451483
VQL7165,0.8917811267760586
FHF3153,0.4188432054285407
YEL7480,0.2833761964277702
QNY9983,0.27665590619324476
WLM4602,0.20581764362224075
BHV5209,0.3786974893925943
EXU2651,0.4232779362771719
QMM0719,0.32364520646354494
JCY7195,0.5061009825429407
OMG3714,0.6433737800185756
PLZ7937,0.3579828293147038
UWY1087,0.6577854166426439
KLL3321,0.5888271363013097
FRT0766,0.39532712126130165
AWI8218,0.47821838865218114
VXH3216,0.1877187272917408
USD4961,0.6279865395151283
QDE2276,0.506636958851645
NQX8981,0.6754897581220969
LXQ3911,0.5386261252825038
JUS0617,0.2115034888715559
VPF0649,0.29197046717547576
OUU9584,0.7782176002395089
VCE9304,0.44859829981350413
NZI2126,0.15425124325782144
ZVJ8894,0.5777797064082372
EWR8128,0.15995997528874017
GKF7029,0.47472200045765645
FNM7614,0.42837693700798757
FHS8655,0.400615701982499
KMK7242,0.39122314117555845
AHA8842,0.2024540787679012
CPJ8082,0.36842740745033836
DBC9627,0.5707552264267562
XJW5496,0.39946618255730487
BKG9784,0.5807103301008353
KBD8351,0.3482637117307333
EJG4853,0.2846030985701088
XKA6945,0.2967848190421065
FIS6302,0.2383496540308827
VVC7858,0.2856714844704428
RIF2689,0.5539368531758971
AUG6492,0.6066384157189112
YCU0440,0.25305189059982847
UDC2578,0.37813392484761693
RHJ1529,0.2909303593425406
XFC8473,0.3553231696741846
OOA3990,0.45846268981882843
XFL8207,0.7494796808890917
ICS0547,0.4652291173790388
CSV4897,0.3300564375379347
BWU0006,0.6121705317048239
ZIL6789,0.32123162785804604
ZTL2295,0.34927368902525613
ZIX0088,0.6535561474003272
MEU3717,0.1744841312768953
QEF2532,0.349926212027963
WNE1300,0.7428223906101491
NOF3605,0.3716406721140067
BYB0853,0.2903853015679918
VLO7141,0.47106221728227576
KMY8105,0.33914288911631546
OPM4779,0.4237470078920453
JZM6435,0.1993977950726549
MHO6099,0.1752967897547997
JOV5051,0.4131086516456863
QJV9526,0.4125610547212008
HKB9998,0.7479832581019851
GML4512,0.423531749067807
JVN6993,0.261891268959669
KCA0947,0.778443202642975
QRG9446,0.33969915163072306
HBG3407,0.420051131118839
UBA6870,0.23172106191796416
WLC1148,0.42441772968075836
CBV8051,0.4920626053511113
BEY5463,0.49493707494799377
JGV3234,0.539469321929343
SJB9840,0.4073050939910319
SSN6235,0.23527283173446345
XSM0027,0.29646910168332274
MSN0593,0.5669263768623273
OQC1881,0.450341611063575
JPY5172,0.16538322536949526
RYW5823,0.4447290287107071
DFC2221,0.2446594435809013
IKP8033,0.4337306508286551
OGM0827,0.35972550115105545
ABG1050,0.7110018602854414
OST4137,0.3007359421722968
IDC7341,0.25197692310528
XQO3065,0.4287931424343642
GPA9799,0.597534164238278
BJY1570,0.6099829048926452
WTF3459,0.7034325248244745
PTO2678,0.40705255851558636
YTJ0953,0.5246449953140951
TPQ8776,0.46944234082777275
PAU6559,0.2740935861683856
GJP2053,0.34365097880160905
RWP9660,0.23461131409106298
ZSD6924,0.15462765187679486
CVN9903,0.19738537535610198
JZH4481,0.6432812646997609
TVO6484,0.6496826713557387
DSW4641,0.4361055730509713
DTC6376,0.41064677273672134
NEQ1445,0.7141849455067261
MGN0204,0.12076393708838917
LFJ2299,0.47890817732433183
MBZ9428,0.3605221439067246
ERK3686,0.07645115811053409
DMU6787,0.2814382984012413
MNZ9630,0.7047555821455225
PLD3289,0.5122920572723156
PYZ0091,0.5944307195806188
QYG2595,0.28553362609418115
AFI1911,0.1458386227978062
IUT6554,0.6808529601357205
IID4833,0.5315951806589259
YUM6195,0.22052098934681433
IDK5493,0.4758136936598751
RMZ3418,0.318968417630421
YOF1202,0.40128370211988873
OBH7504,0.37658202641201016
PBG3271,0.5229632270904132
GYN7033,0.40584040230265556
BRJ6883,0.47897276237751063
QBO3877,0.44374971663918883
YXZ9927,0.48582568802453246
OLD0052,0.33594691590606246
CNX1986,0.5236159829120032
JZH5443,0.21398176476493624
DYM5551,0.23939332036318917
NUK9864,0.35618325135692164
SYM9711,0.6789683785699143
TOD4932,0.5560220881316789
BTU0301,0.4588541841401738
AJA9066,0.3534028530291857
FPN7604,0.10047922377424988
IWK5748,0.3987999231573904
OSA5438,0.5823183108445997
IXV7393,0.3194227979801383
FLI2208,0.5066050711457343
WED7235,0.2787610414333375
XBF6820,0.40605193596841166
GTI2773,0.3217593493670054
ETD1365,0.577350884371547
YBJ4724,0.35910220397023634
TPO5722,0.6407338224897473
SSW1446,0.33093198210195224
AGB9743,0.4858443326469765
TUX4026,0.5082023158333581
LFH5084,0.6001018512255085
MJA0420,0.38854374552609605
OUC5158,0.4495666089137916
QBM6980,0.05422265574181288
MUP4364,0.6705008115568482
LXS8907,0.2521308834564025
TFL1336,0.5565157651314173
DAW9391,0.3002430223583889
ISS1895,0.1929919209545201
MCB6789,0.4329058049765999
OXE0035,0.13675415859545278
SPM4129,0.3686813051916638
TFN9819,0.5767528251913782
ZMC3441,0.2967929332718962
VEH5136,0.13468138200900667
HEO2144,0.39051871764475954
TRB9176,0.37838327067241706
FGJ1745,0.11828762368495016
XTX2547,0.4431538351092053
ICV6713,0.29304005402914673
CED7966,0.30613135030447797
SDI9954,0.2804695118677231
VLF4370,0.32269521317072
YBI1526,0.43004962919624506
AKD9529,0.6943290757917144
ZIY2949,0.20842355791956857
SHG0969,0.6167925465341044
ASJ3263,0.36499943307406174
LEB5194,0.6043593414859153
BJV3212,0.49222488703246486
VHW3643,0.0916774409850248
AIC2509,0.6324343366991557
JOD0140,0.5327517775632047
AFU6285,0.4979814707084091
BPX1480,0.25811145002207353
FOQ9360,0.36693944090895364
QRV6768,0.9314922230746127
JIO8124,0.5986612558745258
VBG8435,0.5043463184710942
UJK1395,0.44222075678619754
FYB9461,0.40059841341452457
LDQ2649,0.40298379667338874
IBD7077,0.5996846863285855
KRB5307,0.6275919733840546
YMM3305,0.2951769232738586
UPX2572,0.3244822495754624
JQH9365,0.3630776880039945
MLW7872,0.33847892027277754
FMW5804,0.32371977752170333
PEG3670,0.39717108232802895
HPV6445,0.11800446278834727
DJJ0601,0.22443370884130065
NCD6920,0.6832272156021862
LHV4605,0.25466733426987914
ZQK5110,0.3961626344396934
GXJ3881,0.18103353104276546
ESS5640,0.5710614070513192
TMB8649,0.4498854798411514
PIM2851,0.11900343772462259
AAY0842,0.4829700293536849
CKF3096,0.5634285694430731
FGV1618,0.5704812920865835
PVS5967,0.1725554415828903
LIM3859,0.3717606064125274
RMR1331,0.15075590891167942
BEB3268,0.19917186378320398
IDY9946,0.3460329303738776
ETR4969,0.42715695103407986
PWY8113,0.35335297406827526
WPT5799,0.35788366164666363
SMT5693,0.7176459330510321
MVK3353,0.36970322260567684
PUW5873,0.2868615678589121
NDR3956,0.3127536145768752
NTO7966,0.6455171316461935
TEB7405,0.6825068969544873
GTO9790,0.487492546378677
KBB5390,0.18470395983130572
JTS4195,0.7495154838076896
FKZ6121,0.2841828411940886
ZYU0285,0.17668280772188072
MYZ6375,0.7032896047299322
YYM4394,0.8179911644622928
MOT2487,0.3758108195024971
EEA6474,0.2059263396223271
UTP6684,0.4841823834394759
KYP4853,0.21315622466175613
EMM0394,0.2975165958655118
ZAQ4179,0.16275710641904226
RFJ5349,0.5644616814322867
HRK0701,0.34745982876721815
KSR8026,0.2837180710908959
RYZ8152,0.3687843235416137
GLA5774,0.30179267865815645
CXM6380,0.556772600930183
VKS1935,0.33522884610242903
OLY4676,0.4084231797181008
CJU5534,0.3075902324261684
MSE9863,0.279615175726897
OZM6965,0.5129603223107343
GVX1518,0.342782934484215
NWR9800,0.3074366471020871
GKG9293,0.30681991408100884
SOI0594,0.44396513625988804
UAK9715,0.38427052340328977
HNS4860,0.5316793772729237
QQE1863,0.5821136642525144
AOM1139,0.7818508588921954
JND5222,0.5264474436476374
DUR7694,0.1799365344872408
BYJ7605,0.5507727776239997
SCA1279,0.22142969005657728
KIR1085,0.5300040548508296
WYD6141,0.17042099799734092
BGT0275,0.38838474179959404
MMI2820,0.7727357750085785
BWL9777,0.2270397450978212
KSS8555,0.36061209202871075
FRH0417,0.5947931064421841
CGN9405,0.11044624642955543
UKT3236,0.42180697750560214
OTX7862,0.3104960215932789
BSI6803,0.34123116416746185
TTQ0940,0.4221860097565744
TWS2621,0.4365241391023544
LUR7303,0.3469688312928291
YBG1625,0.8337168921524792
FSQ3432,0.3030417063694052
JTK0613,0.4385500908067917
WYK3449,0.4309877310549577
ULH3218,0.252887710444293
JVK5990,0.26318259167384034
FIQ0497,0.6515997824858379
TGB7149,0.15133864626950677
XAU7965,0.5610086991216714
CJF9080,0.5550803452292247
REX3620,0.7263738125827603
DXQ8472,0.4791430075894347
AMP5118,0.6254819089467302
PHN1758,0.39400753009493567
QLB7997,0.2916562236864382
FTG6947,0.38074826229218584
RBO9223,0.5573942916886091
VVN4722,0.42807696711271465
BMR4527,0.1491432636250501
IJY3353,0.22479663503181227
JSU1713,0.3746114069059203
EWB8475,0.13214696125352618
LWK5584,0.27660772396364347
VCX4463,0.5011049592051323
YOL2804,0.20195192676656312
KAF4464,0.3575553438642545
FIL5551,0.29253363025381035
KTQ5309,0.4457043214396852
UPX7124,0.6712999960099796
JRC4352,0.25915072720754034
UNY7553,0.5318944288276805
MKJ0164,0.7948466584703411
UZD1931,0.7497775223652127
CKO1213,0.2722985063828813
KED8188,0.3783123719642178
ALF8356,0.38608416194685136
USK3232,0.21178327109075515
DNZ7924,0.24570971988520385
NUK2552,0.36614755765109597
TWW3741,0.25777432507413806
UHY2725,0.5047090830579873
SXG3103,0.3389698571742
KZD5913,0.3680363283799577
LFR3187,0.36174404890939726
EKV5193,0.46452831624316837
YAO3141,0.4126036699204148
GOC0400,0.5194042921069246
MVX8740,0.5717292970538733
ZVL7167,0.6832764188372856
QCL5689,0.439665371151493
DAM1172,0.666071751748111
ASK9555,0.452504789577119
NPL3337,0.2883229307186419
FMY3806,0.43432793809599685
UST2624,0.48132077317106625
HCS9376,0.4087105481615246
WTW2307,0.21598732358309983
SDE7885,0.5023624538973933
IAN7977,0.41451533173449356
QEC1993,0.26951344248639003
QJP1557,0.12016756051374287
IUI7963,0.3311857264423615
SDI6665,0.5313425325378693
KFV4209,0.5763869570211141
HWF9009,0.6700253210167694
KKV9741,0.3358126136189247
YNH0185,0.7780327093539968
PZK4366,0.1503215586174145
UWS5455,0.31815592859188313
TRP3743,0.47875179321168465
DFO2095,0.37423129620726275
JOF5772,0.7626100086052175
ETC9215,0.567197834331549
ZEH6132,0.6039345657195
NAS2706,0.38605844360115515
TPZ3230,0.525439906749004
WCB9042,0.30468937398688284
QIO7021,0.5322966888470282
IZV1149,0.40673357734722576
CFQ8562,0.4086243040274751
VSS7607,0.35731079833428564
CJJ9855,0.3229937706776984
YTY4845,0.2948724111655843
TWC7330,0.4857511054736174
EIB8160,0.3386524091017979
HFY9382,0.32939459699757273
IEE5503,0.39278755767982726
ROO8981,0.32182797619612424
AOG8492,0.43862954387350533
VOU8833,0.6409841316830067
MSB7854,0.375887495133826
YVF6589,0.18720522183551758
RQX6209,0.5256995804191181
WZD1341,0.3447078446083913
RXG3147,0.18295498500655674
SYN3470,0.26598128354370204
DWN2532,0.8627808857444478
ASF5513,0.3609228885196933
WHS9360,0.49907886517286415
JLP5589,0.37894515752420443
OKS5692,0.6248620878436651
HNV6246,0.5357933970434708
HKL0910,0.3899119723038548
BOX2370,0.691857695681605
AKE0444,0.3657581363559446
MHG0604,0.28516186768238755
MFQ3423,0.6130956369503795
LFK3506,0.6788332696916836
HCF4579,0.7559914566619041
VWC7373,0.5145237538479459
BIV6976,0.5770212214366165
NTS1702,0.3134261938456579
ZCC5163,0.33969754647968614
OGB6889,0.2260531075916176
PHW9074,0.32560078802699793
CET0786,0.6455856106340144
VEC9508,0.16352732903494377
XKS1665,0.3864226267319096
FUG9600,0.3010738914576772
KNU8936,0.5182473272292308
SHC1204,0.2388155380281193
ZPX2229,0.23963376791195945
GCT2462,0.43974211960210563
AYZ7183,0.5604785809810493
BLE2265,0.4004751531621751
BTF8456,0.41943580123607377
QRG3891,0.4735308971631523
ZEN0526,0.23854198212717828
DIU4140,0.4011273449317805
EIK8980,0.48514945419787514
KSS0055,0.4426471068904789
AZV1285,0.17296206250689317
RLG9209,0.285449152096368
LVW1887,0.7888798275782185
TAS0098,0.573889357748623
QKQ5346,0.27573410071630206
LFI6971,0.18126314310107272
BQX0824,0.3164454945811573
XML9945,0.5592222275938116
ZXZ5078,0.535702413285062
IXF4211,0.42572103373910036
KND6746,0.6300316573373217
QQS3620,0.36166652114846126
LVI9628,0.20989067718862978
DUI7864,0.622938397242048
JUE4551,0.5898128126968499
ZPL2300,0.17404389237768073
YEL7564,0.17167450394364367
UGU2507,0.30119605635338786
ZOI8056,0.22255459189423465
QEA8664,0.5174115833462508
QUI8924,0.20849301918638843
OQL3155,0.46662629758796564
ZAL5931,0.25450884829481396
IKV4421,0.38129439393152137
FZA4018,0.30612821988207956
KCO2495,0.28675437695096734
SVS5231,0.6037638377872055
SAW7527,0.8079044422072309
OGM2631,0.3660456927380129
CVB7805,0.27301646303035
RLF5135,0.2748691856432855
NFE1191,0.4643314363938937
XZF7825,0.3389971811496437
ENJ1626,0.5696171825641146
EEF0190,0.32535451822513733
PTB5659,0.28906624476358384
KTA0598,0.355164801036899
OPH7503,0.45669238068056384
PFB6052,0.509836342961257
PQP6676,0.19697877990399468
LQY6462,0.49167367996153516
QST8666,0.5048994122893762
KWV7849,0.6143146144400192
RWP7421,0.3382796372297492
LJM4775,0.46083903830098016
BKO8359,0.27536579566187275
LHH7349,0.19958662112787148
HHY5540,0.47897964678501653
VRG5107,0.41011999216801875
GTY8915,0.3353441857305897
BKP2297,0.24078570345627812
FVO5750,0.6474499902916402
ECD8980,0.4945211191893857
AEA8744,0.37224611321273665
DFA1094,0.3844355705550125
VNG4659,0.29471270502484515
BYJ7960,0.48788939406897985
AUX9209,0.3799643028014739
YKV9464,0.21260617074194585
ENV2990,0.2935254152242188
UDP3564,0.37248384462414547
LXG1340,0.40889883551865475
WRR3525,0.8429923864280515
ZRR0628,0.3130086494464605
NOI6763,0.4882260937160381
DKT5697,0.8126229724498083
OQW8246,0.3669416173946529
EJC9467,0.6668448038577579
EZC0491,0.23505634451055935
QAJ7649,0.3979790916983666
RNR0652,0.6344522935676611
WTF2571,0.8228372482775271
MVZ9434,0.2990722727037007
OJG7664,0.34087245166861574
TTH3651,0.30927793214851845
YBB8917,0.32202339143203074
PSI3002,0.4862453411387566
QFC5037,0.5419844170200468
ALZ0191,0.2091558775813693
HZI4473,0.31066569687249795
RFD1285,0.758988039396637
BFH0789,0.3282728280868084
JZX9489,0.2024702670057025
DGS2614,0.23325771037719903
VYZ9856,0.34019210761929664
EZM2512,0.5860695070385474
DNH8453,0.28576594333216626
ZQR1786,0.28174988082439967
EUN7100,0.6280678145789674
FDH8985,0.2749626976171487
UKU6956,0.5943740732506105
WCW2836,0.12825722209360232
ENW5898,0.39199327537000017
OSP4369,0.3562533424937426
PGT1337,0.08255766101522775
LEG8297,0.7060706295292244
CEP8192,0.45918602861952146
VJO5168,0.3517535153160152
QBW2877,0.40175084795324917
VIQ7083,0.11079003878183429
OQI5447,0.51833878978749
UTM9935,0.19454204123193067
AGY4559,0.25340695665712976
JOR6780,0.4107407557257883
MPW8036,0.28400153871657957
EBS9206,0.41768897431231006
WZH8778,0.23605362393976334
SDT4780,0.16887183100125794
XEB8025,0.3562642686151223
VLP0594,0.29980194954331135
FGX8087,0.2270259857362634
NZH6934,0.4799463468620491
YME8412,0.4997856068781232
RWK9524,0.31746067679791184
RPP9214,0.6067446240957092
WBK6963,0.5284166235938434
DIG5398,0.3840129538814381
RXB4565,0.2531906066667184
HHK7103,0.15754901356076892
BXO5829,0.27942950060045146
TGW1447,0.4686753759837674
SCG9633,0.3822028311005254
YRH2661,0.6091278967356889
BWM0677,0.5304711581330653
XMI9842,0.4177226980798234
JYV4622,0.6346482999571088
FSJ5438,0.3009158974318698
ZPZ2675,0.37312928304669574
FCT5311,0.3602851001871108
DLU3504,0.4393604774438787
ESU2238,0.871207216258386
HEY5668,0.7875592630728095
UNN4464,0.3894083045820433
HSF2545,0.1707797276297752
JIA5527,0.1361758261556775
ZDA5112,0.7821881635704132
HPI8130,0.2829514561931706
JER8240,0.8147435873378387
TAI6687,0.28634800131337684
GHY9750,0.2789922103478213
ZMJ3632,0.3630783397519202
LNL3875,0.43381516267242953
KBN0133,0.6329927858584768
REV6314,0.3713573273952957
BJK1459,0.514805696341447
MSF4854,0.4276167088737393
FWV0487,0.36859764988270155
RGY6197,0.46053536404104456
TSD3692,0.6487040422148896
TVS6288,0.3439496536133637
CZV6542,0.4379602780895808
NFW8789,0.3590797288150456
EEE8038,0.606229221288609
BKX6172,0.42591019693534177
FUG8771,0.4349409833711455
GHN3574,0.24240400940748952
YSQ3489,0.42514019887456894
ARP2492,0.3776874780889014
QHT8444,0.6756001548907644
CVN0729,0.40281124245455263
EJS1772,0.5837943547284922
SUZ0883,0.16631493288286844
ZVY2197,0.6003093273710767
QDD5758,0.31011240747988217
TKX2350,0.8408804057211071
HRP1387,0.4295107711342423
MWU5491,0.25857707489262755
VBM5950,0.3609685696136413
GFK1650,0.27506320695539455
BYX3935,0.4592165298876676
SNN8579,0.6217502185099781
UTG6923,0.3674123834134919
XSZ7452,0.730386246314655
WDB2677,0.7918735676689508
GEW6229,0.2898070359193951
BCF2024,0.27249271358537214
PDL4276,0.32383549469370965
CBG3780,0.8600207323651695
JBX0021,0.44560816588390323
PUC3281,0.19925084905184434
FSE5481,0.41968166786309896
XZU8058,0.6152749166845833
SNX2482,0.4613782511028203
JBY1932,0.25889025557074546
FCF7662,0.19805468873762003
CYF9743,0.2689458620874047
IXO6328,0.6872164777826676
BQJ7708,0.33967596149401375
OTJ3739,0.23226310655632446
HWN7895,0.46511458092704666
GRH0857,0.4463696687729131
BLB3672,0.41350232831657396
UJL9519,0.22014156006519778
TWS2222,0.3533716835638792
JMM6461,0.43737696347909044
MIW9885,0.06301606208636419
GJD6146,0.22253160471240366
GKG8118,0.3364055705068219
WLE0388,0.19137825639652906
MNS8646,0.7501146246313549
GRN3294,0.6622290672982007
JUU9607,0.22373977973561635
HJP7251,0.22518098815333007
ZIW6118,0.19090583897366212
ZXD5535,0.7369376377730085
QKA6528,0.5236358766115932
LTG9775,0.31314534763372476
PSG8261,0.5062071607502064
CFT0700,0.38229060245628693
MAQ6578,0.49231712284326795
JBJ6918,0.48660110595066525
LUR6716,0.36124294100553467
LEO9229,0.6473632201138751
UWO2302,0.41048188816219094
RPZ9969,0.43502007165442746
DSD9781,0.3581254748803264
PNR9550,0.3652966878505048
VTS9332,0.3554127914322019
PLR7625,0.5432593556221081
ODC6962,0.7043320313446341
VHS8337,0.17977003754179186
WLL4766,0.5049605615468615
OLC7159,0.3789414864297231
VEQ2672,0.6813080491860912
TAM0554,0.8019461088882531
FKW9070,0.43230329032701875
DPV4648,0.596629987872591
BWW9888,0.44739687988059024
NAY4318,0.4564740894644075
CZS0804,0.22379133437477208
UZF5143,0.2931725663923361
JLH3600,0.32354575037843003
KGX5457,0.2965748972166729
GSP7505,0.4287584194297082
YZX4763,0.3015972465674598
XTX1712,0.47332112953446853
VDI9052,0.7399306230804538
JCG6240,0.6258183316619691
HNT1528,0.32341799104732666
IUV0877,0.7315952568828656
JUB7317,0.27553290989925217
MQY3342,0.45164542718886175
JUR7255,0.4159088026207753
YDH5194,0.4366598032834039
VRQ0437,0.4952633891444302
YXH2028,0.32220545766925607
SHA1662,0.346162151818776
PDT1117,0.6788080026654467
HCW0199,0.21016319187098076
PJX7205,0.7938879476978601
BZH4836,0.4949427013955316
ASG5674,0.5245535961793232
HVV8464,0.523666341665872
YSA1245,0.387896241135714
SBV7190,0.8130247182019965
RTA4987,0.6557531777592492
SXY9677,0.8255670439888517
ROO4595,0.7480966777560804
ALO9044,0.28265394566235175
ZPB9438,0.22253930645123396
FMM1892,0.12966918855542317
LDJ7958,0.15678637719727243
BYN6337,0.3497334916439754
YZY1243,0.24733504352345745
FXS0153,0.24501736748114974
DWV3734,0.5168131187071062
ZFU7858,0.3773032443285715
TZR4919,0.24282649123689012
TYW1214,0.3939730881372776
NUL8756,0.26930517038506036
GHL9084,0.28188794439677306
UGS2885,0.15407889086483695
HCZ7735,0.34811829918863335
VZR1727,0.4243057406081257
JAR8765,0.4423267183190424
BAB6072,0.4611970648558111
JHA7215,0.6323338200003162
XCF6915,0.23292266680724683
CXI7076,0.43899679824887844
CGV3552,0.5888375576274781
TPY0173,0.45819865957569395
XIC4153,0.3105389581777989
ZYQ3231,0.09501783426367764
IGW8709,0.2400586464494032
SXW9627,0.7613874578525758
ODC3755,0.4604504418965232
PMG5727,0.6955926403886599
XZY3938,0.35555654798043124
MIN4748,0.24769508677572985
EVC7553,0.2957200829466162
IKT6186,0.5020978059310209
KDD5931,0.35258324168653027
WDW3223,0.19703876109861182
WSB0329,0.422108318139633
EKZ7043,0.5131056946639859
QLE5254,0.400039674840128
OCD4049,0.4971922162548769
YCL7418,0.6086552517344669
WNS4421,0.2551387331433181
NYZ4365,0.5023336210959208
WMV4422,0.26367028720456825
AKT0958,0.5122923358916204
GVA3060,0.7847315089276566
PTL6582,0.5822340520095138
BTB1426,0.5887741845437587
TMX3858,0.3987095102509713
HVS8035,0.5104227117774389
ZJD0061,0.42025529316416543
TXO8401,0.24222261413287463
HQT0893,0.24722770634001404
NNV5095,0.4203348924748627
UAR9616,0.1380304420752828
LYX6274,0.2764374832324215
WTU3373,0.1803361746924382
LRR1839,0.5814551954919617
QXY9142,0.3259857991057515
CCA1626,0.4356749976523349
QUC1235,0.3153345384443095
HPR2520,0.3356024623389036
PNJ7376,0.5598287105387025
VQK3788,0.7252939848515948
EJA1949,0.33023533859800847
GOQ2092,0.43657371394455735
TBB5324,0.08648657451418983
OVD9013,0.5197485502651625
KNF0091,0.415397297958404
GCU0368,0.18908833798071578
ZNJ5257,0.37626603234300204
TRR7591,0.2882775709030934
AQC3776,0.2099450873033463
BDK1364,0.856263780110404
XDY3049,0.42155561511149425
QLQ5347,0.5208547112082252
KLG3169,0.5787805377406429
RVT7833,0.14264189095020863
JMF6722,0.12113784357792685
LHH9992,0.681753584516065
NXQ6998,0.253174614230198
TGY4950,0.44528434331721084
HFI0890,0.5967605172645678
DJQ2888,0.5055690463158492
KJP8382,0.5133250518388294
ZRS5857,0.30946663154941834
QWK4295,0.43074218834930605
GIR9283,0.6747973412595835
OTO3264,0.5854673514237629
RIF4368,0.33655128204956813
NOD6688,0.24825237976396772
WFI8419,0.2529582168183713
PDG4790,0.510273912747108
LHX4004,0.09122319355095448
KWB6083,0.47129852336661865
STT4648,0.6999350204536364
CQI0027,0.6149631355094197
VBL3943,0.5230332877442851
VEI0635,0.3429860587312042
SGZ0280,0.5321363639015185
PCJ9550,0.6283762942385039
KBK0047,0.4129977720373372
GWR5964,0.44159966633287784
VKQ5613,0.4670601592697429
KKR6240,0.22740056477715687
SLF2772,0.6048385042634831
LTV5899,0.7289555003913918
EKG3566,0.5256874971272651
ACK7993,0.6696617852139045
YPZ4897,0.6814771756071857
SUD7001,0.40051713057656024
VEL3281,0.42495197959948544
ZGJ2684,0.3586420401079276
MBU1497,0.23918408790089826
AAD2883,0.6452978474818254
RMG3845,0.2318766159692638
RPO5835,0.3750722733453908
QVB0036,0.2835147628276426
SEL8588,0.3291697031573371
VND3841,0.6875760484046656
EFO4204,0.16323430930385321
PXR2287,0.327575008971626
RIR0031,0.40095336883739924
TDB3761,0.7363001834932872
MBI8114,0.4563985513968067
HVJ0153,0.29827447284814634
ZKR1383,0.5786308163820063
YEF3573,0.3725763995930295
KEI0652,0.3811619421946794
AIZ0672,0.6991225523995995
CXX4478,0.6654988663192873
PDQ3506,0.3187590331312441
HWS3142,0.4923358109226441
LIK1297,0.20581963847855364
JEK4889,0.3091725867856096
BYO6149,0.49556700607666615
FJZ2480,0.1998365095360294
RTM6715,0.5748896380453655
MUN8863,0.3049745597265456
VGK9172,0.4600767856576122
LHA2788,0.4162315712245322
MID4291,0.25902526309331037
YCK5781,0.3660714917096996
KLV7473,0.7438990416859914
QIL9125,0.34077728982653394
JMG2326,0.2286247856985176
CCL8625,0.6570647792726142
RJL8493,0.35125823612968804
ONI5068,0.6824960412383189
JPQ4370,0.24333526846185907
GMB3883,0.37432272098218
XNS8441,0.5791701921077853
WSK2123,0.2912570867490188
XUR0775,0.17983733794042042
MGS1115,0.22376976651028477
WKK0836,0.5878443388283008
VVP6146,0.455008219326877
PRC9059,0.5398283820854123
PIW5229,0.6217207251927724
XLN7604,0.3532593536871382
IBW8943,0.7617612337118304
NYY1117,0.16754770011170864
CPN4737,0.4448999652307826
RKL6112,0.4532067116759702
JPW0197,0.21516249738975846
KVR8225,0.43463467372098624
XAH2559,0.45197021485762034
HAT9042,0.2724495252103247
OTL7926,0.2743094255835416
RGB6079,0.39456610817256826
XNQ6646,0.528437707925017
DCQ4942,0.5314844608618889
VUH5569,0.3765152836308885
DQW9614,0.3307075731320401
LFA5298,0.297088387234184
KUE8098,0.41904971271925523
WNQ4841,0.24130282289303465
RRH4963,0.6515894044205895
XTN9896,0.39188846651088466
YOU8712,0.3939892954224086
QNO1150,0.23790266885989841
BHL4463,0.4925455626101049
AZV1070,0.30821786685264657
CDX5736,0.225008994630115
KZL1871,0.7382000621403181
WIN6633,0.5245885112517904
KFX7900,0.4809506704459143
MOB0956,0.43098043795548796
NOF9696,0.3195131341075801
VKN4884,0.4762277757292566
GZJ3947,0.43198793626426113
ZQB3405,0.32783762982569314
NKN4451,0.8172841454076298
IRN8112,0.3351917753395919
FWE5356,0.20546929698255298
MJZ7503,0.5796755242195244
OCP4395,0.5814110278136323
CDU5606,0.2843900691139499
WZN6022,0.3023761802247856
WNF3197,0.2752432333085579
GLO3781,0.34821824467972645
UXD5028,0.08807121513592793
AYM9437,0.3331179263757509
FWG2787,0.10325233502672793
TUS9307,0.4992100984503296
WUL2593,0.6507617724938485
EGT7010,0.4185486385500901
IUW8494,0.2293481301636806
MRO5204,0.42351314627700104
IWR1856,0.2496227160035819
YYX2774,0.25194666482274636
YEZ3269,0.4051937144492217
YME8681,0.24972210690989685
NGQ6258,0.21908603639507582
EXF5432,0.7803224259059215
XTL1593,0.4780221391577221
AQA5089,0.15082583364586122
MVS2339,0.5684366416822124
CWV2589,0.40972759319475166
NBO1176,0.4925258522863791
KMN5510,0.41769279300984613
UMU2928,0.2823720392991636
LMH1320,0.41432401741905894
PGU3527,0.44022276705159297
NWK6000,0.3539688392611547
RUR4149,0.4610309672955965
MWZ0284,0.3606200635776026
IGY3677,0.5544446900868739
KGJ9267,0.7051314646434541
TMK6440,0.4535022944111679
UNJ6623,0.2209778075803914
SRG6618,0.15411031263404226
GSJ0468,0.20044539843142695
CXP7063,0.5479344261323976
PVR1377,0.49971174963520354
HTO1755,0.30165062613570026
AMS9709,0.3954573056588111
FQT0432,0.2725776611577894
GRA7225,0.10917452962324943
QOW7293,0.44816434510775877
USF2198,0.5142950708635986
NIW9339,0.28630170966931145
FRG4201,0.303855061180272
FGI4742,0.7199983968937063
JFG5680,0.571055818259415
QYN4491,0.3375564701820219
NZW6090,0.5104219999227726
SJP2560,0.5142621873684509
ZYK6879,0.5114541915519151
YMM2910,0.40440188442212727
TTO1527,0.46835272198974004
EML0665,0.3027704003257317
DPQ4018,0.6114182348620848
SSV8285,0.15051245312000994
VID4694,0.32621729398896426
BZA2279,0.40368650458786887
KNO1025,0.4113850881202938
YKT7191,0.411231467686563
ZJC9138,0.619756398639393
ZOK9565,0.10503354407163902
GVR4749,0.3463868835128024
FXF4569,0.5143243485190669
CAP8569,0.23509053066098815
XFP8700,0.7588670356478014
SVX6880,0.5308748420690339
NNK0785,0.2936021899786923
UIR4154,0.2778004384449542
YGN9330,0.23280734619316024
EBR3020,0.5534756848173035
HCE5651,0.44405170828931784
NQC5999,0.4935396573386432
XGY8160,0.46887003145156037
UWL1133,0.4853466642808897
YKI3142,0.34231660434897143
UCB3986,0.3673744258593736
SYL2415,0.19321137207271047
IPW2222,0.7405973706373666
EVC3607,0.3374534180822784
KOV4171,0.08859139723320253
XMW0193,0.12686938004286283
YMH3925,0.4118897313932182
OZW7701,0.5075448108049697
QNF9556,0.2916322680562216
OTV9414,0.4886017988290967
MAR4449,0.6073783817048171
NFJ2056,0.4779709026729358
HCU1891,0.5809279275141971
HGO4994,0.7624201342500602
ODO6798,0.2118874787397913
PXX9750,0.6557915173374079
SCN3025,0.5575569462169842
VMM9927,0.220866255812711
TBG8314,0.8170431814438972
URC1145,0.45676136125874467
CSW3521,0.5715928659656773
JBG5644,0.738435628852764
KXG4715,0.3801450079978903
CXQ0417,0.6740920755176957
GXD8597,0.21629138162841985
QXU3204,0.2740546506519144
KQF6775,0.6848454798992747
MGJ6981,0.11447199649527902
IQW5637,0.4205751713193903
ZXH8766,0.552572090361693
XEI8670,0.17660863079074632
CFU7715,0.3018254013719151
INK5005,0.4025689321237242
YRM0155,0.4525862069022819
VPD2395,0.6091158053950044
DCE8682,0.3103322646932652
UCG4005,0.22103924040615933
ZSI8588,0.3690062928899251
MYM1218,0.594600984086768
MDF8209,0.1403322477396063
EMG5177,0.23097213539924358
YXP1936,0.3894270044377353
IFQ4336,0.28009806192409376
RHK5615,0.4119564743012419
SBA4095,0.254644845539333
VJA0906,0.29036562197449167
FCB2951,0.6036551391937814
DBT2207,0.2604070564839312
DZT2636,0.33271503157776444
TYD3220,0.3387722106941609
VYM7787,0.3078669893479859
REK7574,0.2134839024489614
WXF7530,0.5732865479019232
QQQ8118,0.26399452800991274
HTU2108,0.4041875321335291
NFJ5599,0.527622678464314
DBL7406,0.4160251940497977
VID4590,0.371268298632542
UAJ4265,0.12749057193583246
EMK4872,0.4975959211272662
DLC4330,0.5494659193896686
WOP5017,0.7979571810871814
FJM0195,0.36302833173918936
LZH5232,0.6596216305964865
CBX1499,0.45660533880431925
PBI8593,0.279009871070256
QRE2315,0.6256445912217187
FWO2121,0.34224858930121077
MCH7129,0.3837109013685777
JCD3244,0.42668665610954815
GEY2384,0.3550718502044927
EOT0800,0.8657029577549631
CAG1966,0.2661264116920612
XOQ8267,0.3076905104841993
HAO2179,0.40010279379779584
YFE2987,0.3059837499494757
AQH4113,0.3503117641484261
VPC7784,0.4629687737977844
GAE4033,0.2660208780263122
HFH2832,0.3153524827953185
YNA4748,0.33180240903265407
GPY3239,0.20459790946349757
DUK5098,0.6919020366555627
EVD5179,0.4593096334828033
ETP8404,0.25135424148775826
DDH5472,0.2852726644927392
FRJ7037,0.623152203500292
ZZN5264,0.5714068038970121
AIL3984,0.49291827783822434
KXO1895,0.4379488416068648
PMS6371,0.309311669539502
GYC2314,0.5735141896785763
TDB8324,0.21317584637413348
OOS2267,0.3095024341694815
NFA0143,0.3929342840656121
ELV9312,0.31586425689528713
MPB1578,0.3375709413575622
LQI3770,0.3079655611551157
SGE1895,0.2537607628074532
IJL5437,0.4220051490909331
THL4535,0.35089454819617466
ZKV1212,0.06495347910384869
NZM6805,0.6065283107344185
HEB0012,0.6103564886278326
CVY6425,0.23158131563983328
OHO3705,0.376370577483579
QYL9334,0.24591646262532327
VOQ2687,0.3688866068890048
ZPM3046,0.19341396456237128
TXO7147,0.3176316243279986
BFO2223,0.18158640009510207
MYJ9670,0.29180022984454224
NDD5717,0.48720949742529635
KDA4285,0.23407939197112093
XYI8525,0.3945945337129532
YCG2282,0.3550931006483409
ETL2773,0.09538992563508177
FOH2598,0.39398354658616946
IDO4690,0.2655884323091996
MNG5618,0.22795080875558474
ELJ8701,0.40540857450874196
OGH1319,0.7317122770202685
KYT6714,0.3444577142916139
MHT6742,0.20701595710776358
TKN3033,0.32649055971970703
ABS7187,0.49643397482509216
TVE4444,0.5359842471359794
JKT2068,0.40361572021938025
XZH2442,0.20512334741268226
QLD6078,0.37569793994506356
LJE3409,0.4504024094788188
LIS1441,0.6469058286447104
NHP4867,0.5691498091002453
KPN5066,0.4776605052343205
ICU0848,0.19692641089597065
LBR0080,0.37738464648994935
CIV5777,0.3754057505643494
CCS0209,0.32327897032801534
UUT0371,0.48113559677070644
WML3891,0.6039559467266792
ASJ1462,0.2054984278977446
PUO0647,0.4952796461681821
GXH8163,0.4137100045938205
VNC0540,0.5076888665267315
AIH9575,0.44441471296283525
OQV6885,0.4963136767675687
TEF4500,0.27025532845968103
PNS6387,0.23423892492041673
HIP4893,0.49137256209761887
QYD4372,0.3538406051941389
UMB7309,0.5080024813469719
UUC5284,0.5088627236995452
NEE1107,0.26122301679479976
CFX4186,0.20239660521317682
ITI2049,0.33973656467287733
PKW9888,0.3680935645276568
CUM8119,0.1692691230855677
KOQ9260,0.23673524666556908
KBD2546,0.28400533939766587
XNO2459,0.6836099428439205
OSP5135,0.28853505632007936
NUK3247,0.5344814035766539
LDP7138,0.3586345093596808
AGO9562,0.18168798637951877
EVF8193,0.36563985772039725
JLG0654,0.28623132779303745
RUI6084,0.1966014089603169
POJ2149,0.8041485655644695
ILZ5501,0.216025797830665
IDF1632,0.6501320497620183
NTI7053,0.22141216083159468
COB7179,0.5986861601527982
IWW3189,0.4042911392461373
XZR3521,0.6394708779067414
LDX4603,0.35458892082227794
COL7939,0.2495053705577014
BAY5313,0.3505198401255441
MWQ8997,0.3839360809700935
QTK4473,0.6130223344133814
ALV8552,0.5725046341661278
VPX7439,0.6923619862406635
HLU8266,0.3126158063937286
BBH4360,0.28537531694964596
KGT7542,0.137633757690807
UKJ5118,0.4327287369321047
DHN0432,0.34636198785523903
DQT3826,0.6835478139954878
SUH9864,0.285580728331631
SQU9444,0.49317528558068996
LUM2519,0.7968970834221074
OQJ3928,0.3079656416162313
HPP1357,0.3316797251393258
NFN5277,0.24605720301319836
TUV0623,0.6604713530960432
OPM2941,0.08275606425677973
KOQ5431,0.6051320656707749
GAP4265,0.6371052965837745
BNZ3638,0.24971924013860347
TBJ8716,0.42469736858254487
HWJ0779,0.27011578120397783
KRS2351,0.3976683140741459
POK7367,0.3364612755219359
WGB8580,0.42623623066361754
OBR1097,0.23778493887179927
DVA4039,0.47113060296290393
WZJ6385,0.37773995586779946
POE3029,0.44089393345427513
VBV5612,0.37436885431123906
XQL1805,0.5339880789052605
EQL6505,0.6545369853794175
YPX7414,0.35934533252877704
CIT9706,0.2766730403162292
PSE6800,0.44306036186734854
BBC9404,0.29231741229332026
JRG4072,0.2602834806625485
FTS3076,0.3835547894127762
ZSD6556,0.43470705535696846
SKO8584,0.16110010733820837
JOY1325,0.20664495513415448
YEY2871,0.4990302725748901
RVO6834,0.17494970955818112
CLY8255,0.5243035368413546
ITA1163,0.8221677417887413
OTL4174,0.2730908480846565
HSF0753,0.5369032727218106
DXH0163,0.3622763547746695
KNE4050,0.8256897512696356
WJD3556,0.21067736601520357
ZWM0368,0.4930859337931038
JVL2234,0.36519912995813647
TFL7433,0.2624924372627318
RPO5369,0.5306074763280647
PMZ0494,0.7151376895056082
AVF3622,0.22883800581046765
BNC1936,0.2260921221100957
ITO5690,0.36234873420215163
JVC1192,0.25370083723803133
WND5424,0.5584413884147059
LPV6023,0.6947782196254922
RMM5581,0.4547769243703268
MYA1487,0.2490732897467909
MQJ4227,0.25572911934738257
ZVZ0289,0.18076404021039635
BJO4950,0.2779336198193465
YJP3297,0.520790714521742
FHK4733,0.26243473334733397
SYZ5307,0.1608440288507937
VDD2367,0.40445870896321173
OZK0553,0.3366491456016753
IFM9840,0.3466020835228332
DYP9712,0.4381496073153877
UQB7091,0.5143534709005363
TKH8797,0.5109950167667284
JOL1871,0.6686618058890708
ZGH3464,0.5118934870780834
CPV1788,0.8070348382159036
VCQ4561,0.7466669801857062
XVJ1667,0.34063926666283084
THF6432,0.3518460592573273
DBL9760,0.5270484263612203
TXI5549,0.6188518986867534
DBY9220,0.2846891044793124
SHM4954,0.1574942260660311
LAV1102,0.1218455017375303
IAP7997,0.25425325442552515
NML0074,0.5418779043281594
TFB2931,0.6802205813244514
KGG6179,0.2983701970860421
FHK0449,0.5389082408487843
ZYK1198,0.653483775116043
VFY2783,0.3749253177587099
AWP9999,0.40604108975360864
SVW2890,0.21418084152331351
GQP2345,0.29933732232979393
OLK6065,0.09671567874416699
XKI5123,0.33238419185642815
EGV4508,0.3147662214681348
XIR6560,0.4392462751710566
NFK2500,0.2847806237070471
INK4396,0.6055338331866462
LNG9379,0.48377787556780105
WYG9998,0.49876837125911955
MHJ5555,0.2702081353729363
CWI6595,0.4431152531139831
JLZ3995,0.2316588291874564
GWN9320,0.5713139167503053
QLI3415,0.21366332041466393
ZAO1147,0.3201197275486525
BJA0530,0.24782710855861598
FZH5135,0.1242265611718749
ZCK8951,0.5290968746724561
UYB7252,0.0973802267525715
KYF5284,0.23730048770428244
LZZ0602,0.24868932534479757
CRE4975,0.4723655181954483
WMM8716,0.30173818445891937
VFC6338,0.26979903776238284
BOH4540,0.5739228363636534
MNK3254,0.25427466499017115
BOO1830,0.23329144557186562
VLE0062,0.4117153104976599
BRO3922,0.3149562011617377
MID4006,0.2972499364993555
PFU5510,0.5131415069664865
AGD0324,0.21417740384563963
JMM5929,0.4439208756726749
NDN1828,0.6072230041655774
ZDG7808,0.21013724260364644
SET0702,0.507998080468944
DFO6845,0.3823902872764917
JKN9521,0.14647013276766274
SHS5892,0.1051705236978584
CUR6928,0.478542181154282
OBK5676,0.23784044843405325
WSV6530,0.18725377423984493
CBK6753,0.5135493779972748
RMB8469,0.5362667423309787
ZLH1705,0.5544370467258721
AFN3652,0.29777921087433445
ZFW9194,0.235781026052622
ZKJ5260,0.20709841193148923
TTT2711,0.516288365987088
BBT4470,0.5759857756639185
SFN0970,0.15550941874922122
XQN5432,0.7069449636684487
COI7295,0.34248887495396874
KLD5054,0.5556223332513713
LTC1596,0.2817229987851014
OSI7867,0.3745434384117327
HQQ0270,0.6809635774533129
FAX2339,0.26675096150817584
ZVT8721,0.2502595740268627
YPD7990,0.2347279692412534
OGM1192,0.541024599037417
ACT7257,0.4419135815718968
UCE1234,0.28336607783603324
SUQ0374,0.19187190069653817
MVG3260,0.0736648786844411
ZNJ9314,0.2353709426734082
OND2913,0.5702741802397121
ILU2951,0.3265196367697964
ILW0381,0.24581832235750664
ZLF5237,0.6821120136640214
UNQ4162,0.432963541769098
HCC3659,0.5704244659085509
KQR6108,0.8114404379735696
XLN8445,0.3224737322549018
EPR6798,0.18666714449206814
ROA3504,0.4994801983577039
GEC0457,0.16239157463706574
XED9607,0.4015351745355558
KOZ8984,0.43710617900353
ZSL6084,0.4599388380842829
VQF8684,0.2915119490144941
RPO2216,0.2785783831985273
UYB8063,0.448226867192572
EGZ4796,0.5037938377620641
SJZ8252,0.42425561968901987
OTA2435,0.5905759287258714
ICK1089,0.6578988140390792
ECO1908,0.17900768133077546
XDZ9260,0.24299683122893115
XLJ0410,0.31695140048635156
LSM9312,0.7026376934439118
MMS9463,0.7267124937289692
XEI6088,0.29239588463043864
BUF7457,0.3173526573031675
QGW9320,0.5038548560956367
LKC2597,0.15636239920650102
WMD0994,0.5884351564285183
RRB4455,0.30017494315147086
YYX1233,0.12127298821505623
FTW2672,0.2549142088928565
SBJ7249,0.6054009995193307
ZJT9580,0.23188673108079264
YQA3054,0.5292949235850241
JGJ8412,0.7785620660414048
UJA9657,0.3890723920284607
KSI7132,0.2525979980892601
OGF9018,0.65223141583962
KHZ9617,0.34040495181271085
RXI4358,0.4904166210324095
QWK0300,0.16781922793208628
BLU9500,0.33594769955935117
MNG0422,0.45548703652658373
KBU8158,0.26349797968037975
LKL3006,0.843469036929771
GKL4338,0.41191919264997484
JWG6293,0.13724738458072513
QAW2515,0.69873041156392
RRF4752,0.4696974292338146
XNT6274,0.7453079522371002
GNG0750,0.33139501630991397
BYM4470,0.36792585323516924
PFI2164,0.5702622985108158
YVT0040,0.7340039584407121
BIW2656,0.14880665203927843
SJY1333,0.21540535116776072
KYP7177,0.6293579075015047
HWL0927,0.31858095135568965
WZT4945,0.5509590465135715
BEX3325,0.07716949103478038
QYE3536,0.36635948117005007
RSA9435,0.3373723246645545
KMX4023,0.21720313218932907
AYW7072,0.1703437729589675
THU4995,0.7681175944769802
DCW1135,0.6865260473343234
LOG2978,0.41996593756455475
PPP9475,0.3367421247338431
LVJ7546,0.20836771117867992
LOJ1062,0.6643334588624229
VRW3439,0.5414613341730002
OSM8631,0.10036441171877415
DEB6956,0.1912669609479604
TLQ3678,0.5357987379324111
NIJ0124,0.4697759865998175
YVA8893,0.5218666434884226
MWM7162,0.2842516999016851
BTP4984,0.31532482929939226
QLZ5480,0.43550454112733544
MQI0456,0.3019275912481701
JZB8717,0.1853641463084537
SGS3243,0.5003093003411488
ECG1932,0.38187130635412897
IKL0922,0.32164257437070504
ZEA8656,0.6048959341369188
PQJ3332,0.3046781027178174
JPD8924,0.48335947047380373
UII2018,0.533456503540434
VOY5170,0.26036421679256816
DIX3994,0.31040849777956536
YYN4667,0.3053289646746496
RTN3895,0.32917101505633634
HWA2899,0.5688172959239691
PFE9704,0.20970015120875854
VSQ7496,0.2662272176866915
ZFZ3363,0.31072935576320837
RQN0784,0.5218468074446024
SDA6052,0.6480169418773353
WZP4660,0.15401958128350887
LFM1956,0.6431019303986641
JGL9272,0.4026221470977296
GYE1401,0.4378962610721684
PXB0812,0.6500553953034139
MHM7208,0.3759650358758537
JUL6037,0.7904794619978911
GKJ9414,0.5406901069405269
KMY2541,0.6564946536687785
ARB0479,0.16502375656005933
ZOB7169,0.40779977929541716
ASW5148,0.2402741020253749
ZDA2366,0.2626367948785502
AVD0872,0.3805420726157032
CCS0420,0.23612506622130244
TTE2860,0.4600031857648661
GTY0260,0.30613302977489965
DXE4385,0.5753458742256229
KUQ6497,0.6922952223612885
SFP7730,0.6145063101799968
CMF1328,0.25289670058986435
LMA8748,0.7758827102764235
VGR6653,0.285521684457179
RGZ9524,0.29289617793876827
FET5502,0.21902551315501004
JEM2463,0.18118306996854003
AUA6044,0.38931961232115153
HPL9647,0.5050858232891939
BPS1507,0.2220954001055171
CYN0995,0.7467913632978515
QHA8114,0.21783905924966274
FQC1777,0.4812252399791486
DBS4086,0.3096049350960914
QVF9227,0.36159156315726654
VIP6915,0.11610265251248995
MUD8340,0.6661784952510791
JQF8966,0.1848611961525314
RQI1364,0.5365490052452885
NUF4509,0.4646671548841313
SWZ3190,0.5140826026664503
KXE7933,0.47719784272277904
EYA7729,0.5927715024277864
HYM8302,0.41279141690064464
GCB7154,0.4661975857752938
UUE4847,0.3352714088474449
KVU9663,0.22460216165490618
CUK3424,0.43215975793648553
NUI5688,0.46518451134771216
CTV6017,0.5452792900668676
DLV6265,0.6218030596139124
JEW6037,0.26345618872646764
RVI2343,0.5062121408666895
VZD6811,0.34810322161670576
NOY4863,0.42228806682628495
UCD0369,0.4862511739164627
KOQ1845,0.31332215564197297
SXK9864,0.5120439901202517
QWH1123,0.5330198975311728
KET7710,0.49008546061885716
AAA9588,0.7636117715007699
VMI7234,0.6414013331834063
MUP3281,0.3636534600080668
BVN3042,0.2525326454858414
IGH7033,0.4555068863747283
VWJ7094,0.4113845795129407
HHY5559,0.4337099708181327
ZTO9615,0.43890042505714594
TXZ7480,0.6509854791852986
IAV4641,0.7205937936811316
YTB5875,0.5633071737429963
ERO8164,0.5252865260064604
EXI5648,0.7178829606146988
ZIX0400,0.4346387742939863
ZBA8054,0.4087131862398308
IJQ0067,0.19577927591832225
MHQ5990,0.3330935384385009
BCI3337,0.15188200195997717
SEY4573,0.33733121931617327
MDI7427,0.36983275794974263
EKB7410,0.48255854884644317
YMD6194,0.5510221465517385
OXP3211,0.5021054356449199
EZU4202,0.5481312877505662
QJO6550,0.4030722184698985
DBY2718,0.35563870808718095
JNH8313,0.40692188375332056
UAF9340,0.3752279947661745
EAU6080,0.31234735591294477
MNJ5531,0.49968363012202494
RNX7667,0.31785798546280614
ONU6035,0.3784113616168914
BSC8810,0.47854393936719264
FBQ9869,0.5077720050576136
RIQ7033,0.32943978405332724
LGC4819,0.36373289518707347
EMS0266,0.5034033205946339
DXC6825,0.2532197746107147
TNM0466,0.6364678879164227
LNQ8961,0.18255675723019138
RUP3769,0.824625626655953
TZX3040,0.5281213734062703
EVV4409,0.7316712684307589
QRC2600,0.4330155099700684
FDA8093,0.8589445355159494
BAS5021,0.8309267858904478
URQ7179,0.55939846411285
EGO7411,0.5262722064088038
VZE2929,0.3453181741742845
GPG9657,0.4508091223650446
UXM4472,0.5296010406794088
GYF4105,0.5221110082659882
PKN9430,0.39638188003365754
GVW3536,0.44922585960015377
MXB4178,0.3252654735052212
JZG3275,0.47084399283524947
YYO2395,0.26506816030031727
ICC2081,0.3338088558196244
DTM0924,0.5411987754363785
NYP4516,0.6160889132600688
UNA9848,0.22285368726412677
BYB5464,0.5441491554417929
DKO1294,0.402555002596597
PCP7504,0.1450278210255964
IJT3111,0.44343051787740667
AAK9116,0.24426949970750808
XOT1298,0.5227476420297638
QZV9383,0.8251532406960829
IME2259,0.46280969559069823
GNN8970,0.6777789282400963
BQJ3332,0.3892020255697135
OXP1204,0.3733492427243154
VNJ4126,0.3613273402181192
TWG5565,0.627578805336691
QLR5710,0.643185725432762
VJD8728,0.42106362241587486
VXX9955,0.37145355394970236
QOX1929,0.12329266738673589
VAL7213,0.7121284090364686
PDX5198,0.3121174467579277
LMM2608,0.4854039094730156
DNE1153,0.21045792268363214
AUO0261,0.4219883264721061
ATO7516,0.4729755219059768
ZHX0628,0.6965861972061346
QJF9132,0.6581284994142537
TJY2251,0.598774048842776
GVH1191,0.4906750753711145
VNG9948,0.08813175253773663
OJN3679,0.20092227000502708
CLS3261,0.3530850674900481
LED9519,0.5448555842437436
WEQ8487,0.13955693318351997
DEK0926,0.26027966879891457
XUO6581,0.48954487615656045
NXY6607,0.8852954631310096
TBC5887,0.5175434279511614
YEN9422,0.5145148934208494
IJQ1845,0.26448252390517235
PZC6928,0.4877699241824873
VUG5620,0.57962786530047
BFK1815,0.5485030402656529
TDA1980,0.39808094881929157
TOW5003,0.25944602483070306
OMN9815,0.174112820669354
GRE0617,0.41291791734951694
JII4592,0.5779997015015852
AOO6661,0.12154965480861724
CBO0620,0.5958721375071508
SWB7719,0.14635336881070768
BIT4693,0.223324534116745
MIG5603,0.8192608069831814
HBV4213,0.3312240768353391
OET5314,0.5735464752796064
COB3315,0.3041978058031432
RSY3697,0.44960081944918606
MSE5681,0.46739122468374594
MMH4276,0.3689729322749394
PFW6501,0.44146576099810925
ZSR0004,0.15404094240901334
GKH9197,0.471842512345866
TRV0849,0.4869973125720057
SIW4146,0.4824966258635895
KRJ0667,0.1978854703153353
DJP8752,0.3454747276652661
BJT9550,0.6109153538345938
VZN6590,0.42974137126374296
JWZ1931,0.5865024776365785
QIH6605,0.17696607125200867
YZF6523,0.706921927226538
QKG9178,0.14262741863817807
QIW2111,0.16290202414319274
SQM9169,0.46517686188983315
OVA8898,0.6122803734730811
YVS2362,0.20017032625142364
FVO7749,0.4143039314491328
NNU4088,0.15503171713107897
APE0586,0.2163303796266297
VSX7592,0.4023455834524545
VPF6231,0.47908692929864455
HSR9557,0.09831655950113026
ZAJ8603,0.14897427668876445
TMK2376,0.25631098903149374
GLJ6382,0.5328958159755685
ZLQ2374,0.18471703806558382
JLD2056,0.16810662374993415
MRY2653,0.33231079284715
IKL9848,0.42386917495285736
NUU8477,0.46516615232847697
FKL4317,0.4942473012437805
PPW6729,0.5351933808552557
SQO3135,0.17664652318386034
TPG3348,0.15396034735007083
PRV3805,0.46081048625618487
FOP2376,0.2431352945786545
KWR4841,0.530512600470453
BMJ2460,0.4038984372494445
JAO1630,0.7679778134176698
NZP0982,0.35695857468377823
IZP9673,0.2861688181346895
AXH4205,0.5356515093883131
EKY2953,0.28383533571401026
ARZ7146,0.4366355865601091
AZW8658,0.364393215469927
DVA7837,0.4629973346419516
FKH3342,0.426477862535901
GTJ2409,0.5128118158188864
YKG5133,0.26501360475917163
HCF8656,0.18772679687050356
CJM6032,0.3852734235371482
PWL3400,0.38186788482459244
FRN6924,0.7025253114511972
JUY6087,0.5027530763247586
SES3445,0.5077507070611467
WGI1556,0.1458319450334593
JCY3296,0.6661651933926519
ZYP6649,0.20771039905144625
AED3703,0.4913569216273235
MTZ7722,0.5552020759687802
BJG7415,0.1797974063641097
QUQ6472,0.5206329121952374
ZPH0403,0.3921184759223766
TNT9669,0.33314976730294216
UPQ7495,0.7583544615390112
UQN4012,0.19933558882834493
TTO9584,0.4274822468290438
KQR3390,0.46173577081562955
GWH4376,0.1836653282590429
WBC6848,0.4577836978505608
ROT5760,0.38775726805396443
ZIR1901,0.5837281000011844
ZMP0907,0.5043751558541593
EJH4064,0.7038759116794692
IAA4193,0.49201079246194596
JAV8082,0.7305714820759478
BZJ2124,0.4966329470356578
BHS3652,0.3808907127081666
QGN7269,0.24679170931641833
BQB0802,0.4375871648524357
LAN9368,0.1935751839171204
BLR4102,0.4984540048104495
EJL9181,0.27492150147752487
CGJ1367,0.3101876778527825
YGM7289,0.6843574072027602
ANE4633,0.7612404111684578
RVJ5763,0.25561839019487653
EWD0068,0.37754369177768815
KIU4194,0.571840271984406
QUK9800,0.1068071437770224
ZXV4730,0.16980175534289602
LVO3150,0.6355179953699289
AHH5972,0.4148604864362673
XCC1590,0.5405849143739867
GFT3151,0.5842154957893185
ODI5254,0.48776702207256656
OHC5461,0.154077547605313
AAV2795,0.24148894561322698
LOZ9316,0.37190822486962444
KWR9727,0.21655996396542157
TPP8062,0.10025605912494417
AVM2870,0.5928960884118676
ODF8635,0.778803560545421
CFI3776,0.36118668220075884
YFE4650,0.46477427631679014
BCO5854,0.7130495155952431
MMN5992,0.5376840348367522
BTQ6212,0.3028376771817471
VXN7611,0.7899693715709919
HXL0687,0.5788283416497569
HCE8316,0.4049391026569406
WZS2541,0.24851454693047156
VPU3401,0.4738285534032803
VEB8716,0.5533851007454392
CJV7406,0.5396938159283917
RJP1923,0.18548580780379453
KBN5171,0.32346635753839614
QPB1565,0.18536004190899333
SHW6134,0.31416023593925424
PVV2656,0.24525449324299944
GBK2327,0.700506343524101
GSH2269,0.3496886721458101
HQH5342,0.4400196442147335
IOH7276,0.3448221756262502
EEF7466,0.2838029205848223
VGV8594,0.42392062757469856
QSY8941,0.598815622857352
NYC2081,0.40179849738394013
EGT6687,0.5228876743130475
OEG2338,0.8034547677594647
VMK6024,0.1733469676134939
AHX1094,0.44484656990625737
SMN2302,0.7396679835775742
WBO6639,0.27007485490438565
DWE4874,0.3800147886799686
YGG2124,0.19973225354082427
DLT6927,0.6072289737016078
OMQ5213,0.4000250164769814
HYN3175,0.33218775454040655
MXM1386,0.41119521651447294
YOE8273,0.381882522977194
SXH2889,0.4195603457285019
CXY0805,0.6508661764803699
VQM5812,0.4254213305555659
DDA7524,0.5485598792581861
WOD5143,0.6188014555176218
OZJ5660,0.5206890109020071
ISX8503,0.6577260051526088
JQX8638,0.40528133754918794
YDL1970,0.7049950543542455
WFU9294,0.20676475966311106
TPM6484,0.6607240260864283
AYC1772,0.30745802613423745
KBW5416,0.1482996404974589
KAG1205,0.2779255489059446
ZVJ7299,0.13030423215755657
JLE0161,0.30792389390430236
LEA1423,0.7310166894761374
YBA3882,0.3180165917847613
UHM9085,0.4986072382971955
MIL1434,0.8078694829352525
XPQ5985,0.47190569405367716
UPN6139,0.2099377551523455
WJA4580,0.4062364396374914
IMT6969,0.26206037782848385
LIO2897,0.369710649744285
CXN6801,0.2938295646204963
BLU1556,0.7919723652210245
AWG3946,0.46081745687020237
DLQ9556,0.3377296730935409
XEU7488,0.5539457030051887
FQU7276,0.547192167409411
NCY7459,0.29875253321520906
BCV7892,0.7635666411737555
FLH4618,0.3611627036519211
ZVV3028,0.14604595594979555
QZN1601,0.6482386601409352
XJZ1637,0.6673788079632401
SYB5040,0.4821354069385994
MAT7613,0.24644691413739406
NGH6801,0.5133094469091629
ZOL0059,0.49022403734655945
EXA7114,0.5758459636716647
CXM0142,0.2143467958952361
PJS4371,0.4523804828377189
JXR1657,0.8139078647053314
BEK1391,0.525382123290793
WXU9583,0.17125186420666275
RNZ7098,0.5962613861618772
PMS0890,0.5915009663977858
AQL5980,0.6954777097186838
ERS2016,0.3320623975519316
ZOH1839,0.14558462754935622
FVX0195,0.3659845211949165
BPH3648,0.45062654144328196
ZVF6316,0.2789892397683663
BSK9724,0.7286545981421324
IBD2355,0.23361605952597064
CFW3424,0.4844917889249329
HXP4535,0.299994785225663
CAT0625,0.5016496318831868
MTT2731,0.283463060247833
IFO0991,0.29769701862038045
GVG1586,0.4027375632660986
CFC9673,0.16818203081737326
TEU2111,0.6327343889404524
QPS7127,0.2269359211494789
YBV5242,0.5270869603506684
KOR4670,0.4472333407580808
QTM8492,0.6704142039167649
MYK8510,0.21026204714157004
NAG2773,0.42600033230630974
PEC6263,0.47365758455474216
PGD1204,0.23583407032377726
LGI3912,0.6672631781250278
GCF7357,0.4657035420466227
OQQ3585,0.39669876198455806
ARM0626,0.35972383105594696
IAI1021,0.5345221995324652
MFE2142,0.3788848195944013
KPI3589,0.3319638097690488
YKS7999,0.3417426118836073
VGQ7720,0.8354593329879192
PWY5428,0.34468308382883395
VAS9650,0.2893199125935337
VTV0991,0.5110404078298955
HQA7458,0.15314631798688172
LSI5734,0.4746278576941709
OKO3668,0.42884665951908385
GZL1877,0.5292276791171336
KWN6422,0.35455695454716807
GUA2567,0.28186994322172926
RPQ6675,0.4682669089280081
YWS6693,0.36022284887861106
MKE5428,0.25642284949958344
LDN0458,0.375838537224029
GGQ9031,0.2745988142515803
EFY2280,0.1521591784374804
GHV1064,0.35015568597536245
SIT8510,0.5305173769458559
LZK5720,0.2695776213106132
EYY4984,0.19879651801905632
RTR9720,0.10201514481677589
VWC8361,0.33631715143844093
IJA4476,0.6012617486975435
DUM8709,0.3514723109627876
FFC0445,0.43490864472885554
JXW3652,0.32227877372022196
YMO3299,0.40129045187951645
NNG1473,0.3041990292284407
ZLQ9497,0.3490001044636462
CEG0886,0.24835387464351877
HDH7352,0.5481379668137981
PFY5839,0.7044662328968762
MEK8334,0.6328014630426546
NMS8978,0.4685826328645075
IAK3961,0.27014115223807844
ZKC1865,0.6023497369392766
IZE0994,0.5112306817589634
IEF1735,0.5652920802251511
KRJ9966,0.1405700296175584
UTW1027,0.5102796332617192
SZS6272,0.674098310859414
EWF4567,0.5369749448150517
RPO1618,0.6185852365338751
WPH0720,0.1845366826410618
RNX3075,0.6005852245042397
AEQ9742,0.6543358459460621
AXU6734,0.4885397718392823
YMV2014,0.27163657742234076
DAI6955,0.2297034065385409
ZOG7564,0.22357013954055285
SEZ3317,0.41228447136885543
MUM2400,0.192761440480114
OXQ4007,0.27942395313765656
YFW6128,0.6369852951686966
JYG5473,0.32083093851947925
LUO0745,0.3365462311852345
ZQF4174,0.27869336496452646
IQD9173,0.3759840344794955
GOI4498,0.436808806943934
IEA3699,0.18557451664383914
DGM0987,0.38953617119960554
NEI7370,0.2356631719827558
ERV1656,0.24713659206390817
TKS3561,0.22556737629174914
WLW9309,0.48302450487069154
CGJ2857,0.5813011354145001
TSV9145,0.17732539214765689
UUQ1311,0.6108856661180851
UCK8281,0.5629414974923921
XPR4649,0.23206265659038236
UZC8409,0.19333840245597086
YQC1970,0.30199100747289515
DFP4363,0.16512872664774933
QZS7440,0.09581643485970386
TOP7250,0.47820307479246876
GTO4021,0.3866074952282476
MAY7087,0.22855505810040602
JQE4302,0.4959496834826235
CFU3071,0.3670289485139815
OLL6961,0.4243752586167549
PPP6269,0.4845774466289406
VEX9118,0.39863290781861865
NYL5099,0.5601774137865149
YGL9131,0.21381045895521464
DGS3906,0.2891552143597777
ZLO3535,0.20673020132465258
FZC9071,0.3448533348771692
WMI3939,0.24817056678970903
JPO9622,0.5030360790272773
VJO1435,0.32781035482157783
MEE0643,0.541468812743129
FEB8548,0.6940639790967399
ZHF8378,0.34699169654705203
QLA4090,0.41110190837791505
RCB2810,0.4485175069747991
ALJ3904,0.11979482475226211
PNR8169,0.5588932662867262
PYZ1926,0.27822365005982763
UJK4426,0.32074793232075893
TSH1599,0.5665752203975664
PWK7163,0.3978118411783289
WLA4833,0.6633111351549686
LDO6548,0.2002815054617709
FQC2356,0.4592660477660306
TCV7063,0.6039150818187743
RVQ7144,0.5168149435765628
CKZ0327,0.4228450295008223
PBL2066,0.3755167226700124
FWD5802,0.46622104731193703
GZL8043,0.2814213193572432
BUR8794,0.3394174436578679
LSD9958,0.5718898544505947
CKP1348,0.625980628540943
LEO6471,0.6137337341353357
DDE9666,0.1849581293126011
GLF3965,0.33465518634066965
DYX7823,0.5435467822696155
KJT7189,0.37825810267495513
BEE4902,0.27984051091068557
AUL8562,0.25652643688052224
LOU8589,0.38961583144835404
XGX4399,0.5744432797820241
EMH7843,0.2091259743601431
XVW1746,0.616891066875267
FRA6871,0.6645710686801455
BTZ4615,0.602911894893058
JVK0399,0.41525040400050856
FBY7439,0.1813357688801244
OIK1811,0.3532671498869325
TKN3551,0.31409988069941935
MTB6145,0.23080892006916676
TEY1076,0.49928002240180397
RPC8419,0.39515429882811914
CIT5139,0.13917289915913097
MLI3430,0.12909634963455718
RUM2934,0.31584632466786855
GKW1381,0.6617652391031865
GLY4319,0.555478725363651
JXJ8620,0.6239135359726024
BBG8561,0.6669680963880317
NYD6470,0.5804670561454147
UKF9707,0.09779863488906733
BJO0932,0.7167973979027007
HQB9105,0.8582192032636503
FGN2844,0.27889552096021414
AXN0878,0.15038467086469906
ZEL1467,0.29524338487534585
HAK5952,0.24721352853749637
UJV9692,0.42249352066584206
VAN2435,0.5005431922599929
XMK2800,0.431157894345382
BRM4559,0.20390927657871014
VMA1079,0.6565548875056618
WVE4547,0.489309962448814
ZXW0932,0.4326255960924817
BNI5636,0.42596942499665325
JSQ5352,0.6107007506006731
JIK0732,0.4601184334275663
WCA3320,0.7665189227376835
DGH8126,0.361144633865766
CHF7735,0.39370933814037246
RVR4678,0.26934426269425216
YCN0564,0.3673185713259821
GTV8271,0.519780552382524
VWS5640,0.6564182368898532
BVJ8966,0.23544398956745347
COP8976,0.15915616040872563
BOE9059,0.5075465521534509
SBJ6590,0.41335625617909644
UYT4403,0.18285457725108292
KZV1116,0.7255821858329502
BRG4032,0.4033786280200404
WYC4073,0.2531677003190695
IOJ2896,0.27812225368860094
LGG8684,0.3941662431482002
NTQ2843,0.4100481512834144
ZMJ8643,0.3878571749094248
HCT2467,0.21916161307274787
DIA7855,0.5010784122005398
AYZ3084,0.4795841376494008
RQO3935,0.4018949462408543
KFL0846,0.42291627082132194
JQO2913,0.31283889384636104
DMD1697,0.44540432391235213
GED3979,0.1686709001510183
JBS7118,0.4354784909166807
QQP9322,0.22334251697624333
QXS1157,0.2950542767500642
GNB0143,0.3599215968759215
UNZ5294,0.32612968005404325
IQC3186,0.3267839716469434
YWD1004,0.29464801204143076
GDI9314,0.35957143948095044
XEM8565,0.49784378123867334
BHJ2958,0.6680438242220464
JSS6390,0.7896392293542057
EFU6084,0.40512711712523286
ERJ1605,0.4544292045954679
MSK2594,0.616631157014076
WKZ3834,0.4531137095854339
LYR8244,0.6379459137725307
AIA4353,0.1743074522732779
IJU4513,0.5011505232638012
NET1084,0.8329709528457033
FOY8002,0.6493523660376804
IVT7362,0.15730944402756283
MXX0393,0.13557310141480847
MMW2468,0.18876280867048514
EYE8405,0.4586004780839486
CFJ7271,0.546082753928267
GXG3374,0.5072149312491113
JZR1336,0.4754366777328877
OYB2502,0.33850297314505556
GQP9769,0.4817392495319554
BTM3832,0.40886112582113676
BFE5307,0.35950636536018504
DPV3741,0.6787416402896375
PQF4011,0.8897599213128843
SWH8660,0.29051477243859086
RUJ4124,0.6069381260445796
JIY3874,0.8685117674992364
YTW0738,0.44261054441639563
DAF5576,0.423689250352997
RME9904,0.24710135066005692
WQD3637,0.4124494025518133
XRC5135,0.39622002578669474
BWV9133,0.6561781227265858
YIE0212,0.3426871748083728
FVP1386,0.3030889757147717
JEV4772,0.4654838326804646
IEQ2327,0.471512399326708
JGS3639,0.7208560375865943
SLE5494,0.21146930683859957
FXQ4001,0.34328879273658813
BIV7112,0.6042951749384259
MJZ2835,0.35069080850717826
UWI4086,0.5128779760467457
GGL1207,0.3108874005747119
BTO9222,0.3425860388417634
UMS5559,0.3012591636167719
KXR8978,0.465851860969581
AXU6879,0.4002517364771944
HWM4825,0.43742422067670006
KKR0210,0.4072740474978646
KXI1947,0.36710400733908766
ZJA9996,0.247518904268318
MIH9177,0.16288372299057677
DTV9213,0.2956850143958176
BNY3169,0.19308316003972556
KLP0815,0.5091132438843142
SDD4646,0.23929288834108708
RIR0329,0.9073621178537441
CBI0742,0.5863114266712288
FJW6585,0.26272041639222127
IGJ0815,0.6803124488840022
HXV3170,0.7354045098718833
CCH9613,0.22358427921645774
SBD3987,0.15741332269847216
RGI4775,0.842407149916888
BRW3605,0.4147678638944687
ETH1834,0.4941770916349259
QOH0105,0.18798781707780135
NXU2122,0.39469002147574156
SPE1936,0.17591197202521056
ILP5244,0.3101996045794955
DKB4195,0.5444970526844551
GGX6644,0.4178989879797368
HDL4118,0.8544614131198474
MUM2925,0.5524268029055639
BXC0675,0.7282469921913449
VBG2014,0.2656357481256581
VLU9792,0.2626851252022226
RMG6391,0.4652977665825258
GAY4087,0.4807062398256193
UJQ3777,0.3795735264864899
BII2514,0.29646137929624616
KSH2923,0.1553708861931002
QCF8781,0.4862036151105629
ZBW0966,0.39014029078886886
LAL9849,0.7586813024202792
TTF0318,0.4640293067315473
AXH4028,0.3358262910709295
DDA2131,0.5688100304625437
ZHV5176,0.2787198754595017
JUK7771,0.6137079209330878
RMU2942,0.4360512698773191
JAY0661,0.27567153953309936
CNL5981,0.281167279178932
RQX7816,0.16724044504398716
KUK3137,0.37168971149755264
EWA4218,0.7026922166438491
VEG7294,0.257315324532458
ENA9649,0.1468448603372058
PND1769,0.38904475675544975
AIL9603,0.40548869525641157
PBD8901,0.2416185232798437
LRW0566,0.13658052442127747
DSG9297,0.4736505822604769
ORK8776,0.25808465946659626
RAM1246,0.3070052435185137
KQA0613,0.30313256352544776
PPV5408,0.49628380816119844
GYE9182,0.3976283326662764
ZEY1691,0.2414174205962006
TNS2062,0.2535264727080517
CXA2052,0.45024530830285986
IUM9938,0.3167869856088959
KPE8453,0.47795839177291044
PPK6428,0.6477983881343122
ZEZ2501,0.36904095699076755
CTP6917,0.4328587927707681
AXP8120,0.48274547607908064
DUU4571,0.38408799214698447
ZQI1951,0.1647014456695807
JEQ3602,0.45146452986247043
PYC9616,0.3105167741890705
MRM9344,0.4694158918133396
AZY8792,0.5170267076483746
DBM3331,0.2881755218875029
MQR3184,0.6724423466261152
KMG7587,0.09325608234896265
GGZ5023,0.18836737439123455
PNE9100,0.3529979526792351
KOV1191,0.810857923183031
QDD7290,0.8174759107439081
YSB2123,0.44095533409152704
WJW3660,0.43583906380404464
YIS9227,0.07857047717331724
MXD8938,0.6626317979865433
VTK6219,0.2768556538896877
YEB3982,0.3038175833543096
SRY6422,0.8056798984532696
KWS9373,0.625651569595357
HOV2809,0.32129691797548027
RPS2710,0.42117494224706165
AGZ7677,0.22559695655761514
NSI9711,0.4422146255345775
AYA7112,0.443773229570153
JFE0601,0.3507257660029531
UQY5571,0.6324828069317566
RYD8898,0.24942919347838569
ROY0244,0.3167499772172565
TNQ5151,0.512183515983095
BOV0135,0.2763893494383591
BEN5821,0.39206759979469946
JAU8428,0.28719792047761034
MTS3008,0.3846751516497175
RQF7412,0.5059674212939425
GWM5403,0.15311371439191765
TOR4862,0.875291127910149
VXS2017,0.35195547595387006
PNG6506,0.6021735296613443
KTY1630,0.22616840997753937
NEZ0088,0.2997136821562744
AKO4410,0.3681422213009358
LGJ6361,0.6642951040062824
AXY5928,0.32605679581081154
UZJ1364,0.702057858925719
BHK9223,0.1483014712968017
ZRY6611,0.6404133283988624
SYT9117,0.24865222538663134
RHA1752,0.5063571345334861
QHG7774,0.17490773650167413
FZP1221,0.5517680909944515
CXT8185,0.4073351971273959
IYS4616,0.5799112398928657
WBG7223,0.6028572543854254
POJ1795,0.12932124721305696
BOX0998,0.5412709075213732
PCE0012,0.2618023498889404
LCF0616,0.41508417737299746
QER2016,0.4862154701755019
RGD8830,0.6144882282590103
EEI1108,0.24472943845899867
QVC3142,0.4315823759855176
UBY1157,0.4905836206622287
JJR8103,0.32505799852206896
GID0753,0.36764696538685787
ALQ2306,0.3190286580723574
PAZ5488,0.6311373905835646
GQD8795,0.24184360086038206
ZKF0734,0.37588448710432215
CJH0968,0.45337703155253584
ILL5777,0.6001119559908176
OCQ6817,0.6541423222748038
ZEU2990,0.5725348177246113
ARU1460,0.4347061806172559
EEB7566,0.5685310680144344
WDY3934,0.5664692234121939
IRD9332,0.36919023479667024
GUW6567,0.20104999361860687
HIF0807,0.5653426367350324
ZCG0051,0.630472640959268
ZOK4964,0.3270263312882964
KRJ9215,0.11590882710747204
AJO7833,0.40907328988090014
YGZ2186,0.28239759306831264
HAS4692,0.4775267391610198
BCF1980,0.48466833479421617
CCF7489,0.22608422898496747
VYW8259,0.6116628318619117
VLO5119,0.6560942977312162
RKC1431,0.2690989097645449
IZG3588,0.562170370747141
IKZ5035,0.29953270747878974
VYV2122,0.41949184744531065
FXR8591,0.5812373117978912
PQW0600,0.3852373594199874
LLB7273,0.3930228904307593
RXV9670,0.3641885864372741
CHF3116,0.5152147256297138
QEQ0559,0.4587410818288273
NEJ4604,0.21306587792781242
OAX8431,0.23749386498483407
NFL1683,0.4905252511857747
WXL7207,0.6960981929045583
KWN3865,0.420071735872968
SEA0000,0.2953558539188947
CDV9089,0.5181252093592712
PTE9060,0.39146059088684987
EZI8293,0.48504748875349585
ZII8284,0.6089891703891146
YQL4011,0.36585379747320596
NWC3918,0.40335958260049304
PGF9316,0.2648413872127635
JMZ2846,0.3715517012797441
XXM8641,0.3873145797985152
MCO0130,0.5443629467923533
YHC4720,0.745615107306698
JLQ7235,0.833076896285387
DAF2263,0.2618190403314997
RRP3610,0.671373861990702
SWA4008,0.14824528092001568
NBM3100,0.6079603480632717
NOZ8348,0.8321032458796913
TPY9415,0.3997147068913445
JVH4734,0.7946103713866305
KKD8998,0.7972059185021952
MZU8145,0.2817124335446201
ODJ2354,0.6601428376927126
FPK9517,0.4537736329532199
WWT9655,0.2861970087380428
GNF3420,0.46431089730700603
HLY9063,0.5860195679184146
OMP3870,0.25058422925520324
FVB6527,0.15189857599436726
DVO5558,0.7687480559404044
DWI5691,0.3048334497740317
TDT6145,0.32144927769087756
NTN6827,0.6085708668325083
RVA5934,0.3938336180240187
GFR8885,0.21064758818784715
ZCU5825,0.3566989485293432
XQV5298,0.31133740865612
QIZ4338,0.3735145743150777
GIN1432,0.7379114890952528
RLP1548,0.22397955633163488
BLK7848,0.3789427376568721
WSC0490,0.5956223874314358
ABF3437,0.2031830405392574
HTT8114,0.30976289674034496
CXN2987,0.8193049481893695
KVY1451,0.5042518311978711
ENJ2042,0.19933019567774116
LTD5596,0.5718012880021554
UAF6215,0.5628039120892404
KZS7358,0.6254202718694608
HYO5945,0.3941576395235779
JGQ5158,0.4435710823346224
PIN8218,0.7348799761697052
WCP7093,0.14757005229218303
ETJ7006,0.3885567917897152
KBX3042,0.3414448113077417
XML0008,0.5272272135077959
ZWH4164,0.7344145645246557
VKX0637,0.6398662162257582
EID2749,0.7161819856325483
OEG3398,0.5120283902664183
FSC8722,0.4002916772882019
CKX1541,0.14375468628121946
SMY9467,0.6774717130249086
MTP3016,0.5090403393006647
ZPQ2501,0.3670152193729688
SIV6541,0.4955121221252881
QBA7624,0.38433041271470575
OZL5460,0.13189094001281823
CYJ3102,0.3391088835544605
GWZ1787,0.44932462475705565
FTN0555,0.7619511592241137
HDZ7180,0.6692832154317673
YFY7146,0.601111367439918
ZKV3967,0.4301668423463434
GHT0372,0.3348708151580173
RYF2512,0.3182255938557614
NVM6318,0.4447355367809047
IZS5973,0.16443444733021148
TJN9956,0.8375599956692855
QLV9442,0.40389274796369606
ADP7351,0.28148467251995357
ZZM2561,0.30927496406705135
HTH4326,0.6724223080474488
NNG9589,0.683271420983255
WCC8086,0.26842679946052095
FES1274,0.526421641482786
GFJ9304,0.4032543642762867
JKX6384,0.35918896655571997
QCS8665,0.749903217812579
EZB6534,0.6089743964650537
NBF3809,0.35309650725028324
TYM7948,0.28291100078885884
JPW9435,0.5806600432034433
YYG4777,0.17347089324528522
FME9725,0.2901167206486707
UNW9229,0.24479688072051772
OGO9969,0.35011570830533767
SOC4844,0.2954462740058636
NWJ5906,0.4185376227727149
STF1253,0.4947289912803165
TTB0785,0.2102537826331938
UQE1066,0.5952123978347889
WUP4056,0.44705858633994805
XVG5906,0.30726030954280925
VDF4156,0.1009208143805616
YUW9552,0.4515326347704571
KME7972,0.4084103060141713
XHY4917,0.27676772647197595
NJV5170,0.2548617815673062
FSX4444,0.6345661157298009
YFF5235,0.2967326027958706
RZX5593,0.18474941589806237
QFS2917,0.5946195869389778
BKL5342,0.8771874552728994
VBS2012,0.2819910667468358
YUY2212,0.2678171328839553
SZR5572,0.1974595713006921
TXH2388,0.18736352282008797
TNN3693,0.4065941684355316
UZT3585,0.8500801407917798
HQK3080,0.1859474423269866
LLI6154,0.5371010810107048
ZOF1765,0.5683739022616133
RLV8929,0.3286817659411507
XHK0610,0.4001934655814294
OMO4138,0.7196505230565687
DBO3941,0.43992970347387295
NOL1049,0.4643043624156659
VPE9687,0.6549259190649779
PUT1722,0.7925577811966248
LXR4166,0.34605511455940013
MRS2780,0.33633918598612084
BGO6644,0.5381173972723805
SLZ1775,0.4472716393489861
QVU4211,0.3769454600445275
ZIF3745,0.35774321459921193
QVV9581,0.09921348443443567
KMW6719,0.35694947266910865
BTY6651,0.3963093470879533
SQJ2079,0.5648474529920902
IJM3039,0.5724713254272306
QHL6081,0.5674997322472957
XYY3704,0.5965864204014928
RSD8940,0.216862659760619
MWQ9427,0.45372263238679217
KDS2281,0.354846537453378
ZGF8036,0.7668804968029024
EIF1456,0.41422639877385464
GZB1521,0.12164703505596257
POI6224,0.7808453170980799
OEY3483,0.6531609045415913
QNW0395,0.5824928748135882
FXF9036,0.5038314210790004
ADE6109,0.8112569479288654
JCK1521,0.47047358615245694
PHH7643,0.25475226467885165
OTG5928,0.3240345550880568
XOP7071,0.5683035598944589
WMK3106,0.27807642396082194
EKA5575,0.48536060447535395
FVO3531,0.21009708728093443
DLN0234,0.7399166798060707
UIY4652,0.4215844737618541
YRY8615,0.4705891511709061
ZDG1261,0.17219447962212717
AWD2190,0.37273387369072125
KHV6984,0.17880573617653375
RAD4091,0.5290968226881352
IGT1178,0.8757845470897451
FMF0970,0.4320743560086135
MDD3279,0.4143752328390937
FIL0048,0.3782779982699007
DNX7324,0.5316084515201737
LLN2770,0.620492961579402
QEE6829,0.5067430242351204
AJL8427,0.12558675010200368
GHH5153,0.41823243441753233
OSM7311,0.20695298712910207
BBF2867,0.23215450151384817
WJA5248,0.18051040382635883
JFV9029,0.3326468952175449
ONY3338,0.35039853923601844
RYV7167,0.5351890460541596
XYK5207,0.23651016798157234
VQL2467,0.4693799701516766
QTV3905,0.41510451886263544
ZXC9568,0.4271905588972671
XVZ4297,0.24410865200911683
TLF4772,0.19868802402996333
VXS3827,0.39017808076087834
VKZ6866,0.303612189217515
IHT0941,0.34731478989054887
GSQ7558,0.23610302100029487
USE8246,0.2941830891657568
OUK4608,0.25533896259876104
YYY2709,0.10443824846591021
YIV4482,0.809668198396519
KUF8780,0.6679703270837924
JIG2780,0.3593488726793174
KFC7566,0.7707662217683663
IVC8672,0.7600854008989321
URG7195,0.2493970689993231
LEY1887,0.3940761406252051
MTO8300,0.2069320513045331
NOY3485,0.21798057470691853
DWK1635,0.6174531234625243
VWI8259,0.3375306326373165
TVC6021,0.42656014516198676
RZS4121,0.6199221679824163
MDP9088,0.37166310847682543
IDD8680,0.49024796119626474
CJJ0067,0.29256160056123254
HXQ3855,0.7019916108473773
ARR3600,0.2606728771951102
HDG9113,0.7708630547947819
EXP2649,0.28636866063587146
COM1513,0.3882133289704601
BSI6025,0.41228446020378823
QTF2549,0.3524629728345195
DEA4939,0.22208174326695795
MEY5478,0.45542877843050394
WFN3819,0.6600264604854932
DLE7102,0.2965964059556296
SVZ7837,0.28946227638979233
JPG9474,0.5982159943690202
PST1973,0.2901820746495853
VLA2925,0.5238120310146347
GFQ6921,0.6542716076848406
SVQ3659,0.4500835192947707
HFJ5560,0.27541018235212666
TJO9482,0.3233552773178689
KEF1283,0.21521664880985192
XPE5334,0.2881698886997559
XDD4731,0.7208832173249519
DTC7666,0.32843536762636205
MAV8739,0.40349417108852786
GCG0006,0.20837464433462707
EDJ2014,0.5841574444281504
EPX8664,0.19653695393701173
POW6716,0.6195051579609633
KAZ2977,0.652097143612408
XCX8052,0.30976693681658024
ZNV2307,0.48025089308222507
TCG4082,0.12272239385412859
NLD4865,0.3156490589040575
DRT1162,0.20513419281710524
NYV8017,0.50884585398141
YVO0721,0.8460726365075669
MMN3031,0.3622753954465501
KFS4774,0.3049612827100303
CCW9949,0.18852541510392892
QZZ4039,0.10644222872230454
NKY0219,0.19360862212532126
JHT0528,0.05862741323163325
KVQ0049,0.48805954818761355
OHY5260,0.3143575609322657
MOV3618,0.5197523681357713
MUN1785,0.41812075070691224
IES0974,0.4289220215878995
FJL0266,0.6194506612824079
OQD2211,0.784478318490736
OMC7899,0.2596386488680697
EHN2289,0.3781695564691816
YBO3438,0.3677127170189132
XGC6121,0.5298695944088481
KLZ8117,0.566400219617687
QZV3301,0.359599187243873
KAB4183,0.44091843662639096
MJU7092,0.4273613430694958
SIG4960,0.2768558883669992
QLK5702,0.2856222537317523
WPI6483,0.5145995864149707
ZUH8446,0.4637923143804077
PPJ5717,0.38097764016615027
MAL4596,0.2301975656714943
OWN8577,0.20697255689482455
OSN2565,0.1874322281879879
FGV2111,0.14950150825386643
XYO9485,0.8029884373617359
CEJ0840,0.44773750509951465
BMZ8322,0.30509175798184046
BGS4330,0.7151725812705202
JEI1597,0.6121576912123743
ZXQ3606,0.5104778481846878
QZD2155,0.6387672620013695
ZBT7709,0.21258358157733795
QYV6318,0.5645368134170883
XDO7573,0.3192349654532316
HPM7246,0.4126966383946098
CYG6666,0.2668202977340511
AVE8214,0.4237142915635778
AFZ8966,0.3594630529339445
FOD9580,0.3899352073380857
AXA4301,0.35503867362434116
EKA3091,0.49630843654807616
XCJ5568,0.20020730384600327
WND2059,0.5127792791951933
SWK2288,0.1260022482034712
IWZ2880,0.2548129883230169
PIT5158,0.6363693730285812
MKF9945,0.37410372763169786
ZCG1930,0.3844675905542803
JZL2900,0.5787264267575988
GSG6048,0.32316546642195204
NVU5467,0.5782185827976978
HKW8901,0.5087014017599215
UHC9744,0.6080994459216087
RLU9682,0.5732925452457714
OIA1294,0.3388446636167721
SZE3233,0.5814096326709017
IRU4838,0.14717001429046395
JES1785,0.399663267496508
UCY6561,0.3321380553828847
OTB5118,0.3461450739205456
JCN9706,0.6864621730291621
IOH5588,0.5471619313032304
QOW4543,0.19185732723865567
UHK7473,0.6521058509385936
BDH3448,0.49881557403050775
PXM1687,0.24795459956865842
FPU4247,0.32023420909473643
AOX3969,0.4988031063980462
MGM4489,0.69823938682653
NSJ5694,0.4289832186550491
KHY5361,0.2848510071937764
IDE2014,0.6780386013171565
CLG4527,0.12299098160630291
PAE0187,0.43845668071191657
TZX0712,0.4115961160261515
MSI7288,0.4062079800007119
OPH1133,0.8416419837115575
GIW1153,0.7253711725826243
PNL8766,0.19560860656444487
RJE9943,0.27040824477450265
TZF9992,0.5586983829259093
OAI9854,0.16697676015354979
BMY3167,0.602379667195522
HUA2243,0.13240701399549273
WPV5328,0.20387923155396534
CKV5562,0.7160487588164471
XTM2180,0.6211857705119197
JCE2465,0.4004987629232513
ZPG5413,0.36158287568289094
DZU7019,0.15824960025999665
VXG1725,0.38595622298786797
OPM6059,0.7351038273518657
JSB1729,0.8125191382927074
KUT3144,0.2780787341565432
AMH3165,0.1346426223377122
NFK7084,0.35088105902423833
YJN6123,0.34621219295793376
ZYV6499,0.1907701619613795
DYE9365,0.5589333742311409
CYH0071,0.6785352497907109
PLD7359,0.8846300850454757
OQB2795,0.6148972868793977
YJG4869,0.30960749532693577
VYH0021,0.36401097410163813
KIS6502,0.09588853902160531
UUY3020,0.4504710621941473
PHQ0092,0.3888462558981014
BVY0985,0.7117314855337531
YRD6672,0.4622525221895268
CVW3569,0.5152870741119165
RMR0822,0.30501000196708294
NEM7093,0.4399692746152107
AJG7697,0.18891991839357822
KDH9406,0.22893660556581596
MQS9876,0.540731462618746
BBR0344,0.5172431600637274
MJR5449,0.6522141498534925
NKV4242,0.5151548719378881
ERZ7613,0.3785587096384903
YHF4884,0.5605419016251935
SHY3389,0.38265721243758694
DYR0315,0.46702098208210235
QRJ0474,0.22056102934593858
WSR1971,0.1192103151929781
BRJ2331,0.4138947556757513
ZNU5088,0.22857029797137615
LGB3949,0.32588412748521484
DDN0916,0.37697086752303594
VNO4744,0.659275614551543
HAM0625,0.07527672244607907
VNS0417,0.4377509612091228
ADY2431,0.3959017947263281
JHO2864,0.5687865203151944
SUH1250,0.17792347562769928
TEL6348,0.7853330226548243
ANO2014,0.41517842234705266
NIH2178,0.3119106985724476
LYD9788,0.6491163424194349
YMS9619,0.3141119756950863
DDJ8939,0.4844445680334903
IGY2653,0.22116203551988134
ZOE8875,0.6477774443125254
FAX4808,0.25133496161708785
VMM4007,0.2206073089958048
YMD1401,0.2886567392065777
VKT1013,0.09415767340437482
YKE1591,0.2771812985937407
ZNJ7114,0.303249149085318
JBU9048,0.4500319253365083
RPL3665,0.45188094377193627
DOZ0297,0.4613607330048943
KXW3156,0.340944123416862
XHI3128,0.5254894091860738
PEN6055,0.5471219620278917
KRV1729,0.7255312725973285
IYP8988,0.7288881914282815
NQJ5272,0.5080845039702516
IAU7186,0.3392557988694938
QIS0846,0.4344189581727615
WRB6555,0.6738327887827501
PAO8178,0.6161268495101951
FQB3317,0.3195710472088757
XOA6073,0.20823489510986892
VYY2200,0.6477674460808411
ASL2036,0.43939039333840385
YBZ3502,0.6073914065087417
PZJ0490,0.47118088886695686
LTY8297,0.24692846327300652
YCZ1142,0.1693690142024609
TCD6914,0.5871782462491707
GLY8970,0.41725870588731345
UFH6676,0.27475882614890135
PJE8049,0.28628172778574207
ZGL9870,0.3816064063810322
JHB3243,0.2723809058335362
QCT2926,0.09561853463198826
JZB8726,0.7195910023470526
ZWI7654,0.3340647845704942
YBX9273,0.5658010086105167
ATY7236,0.23429828709704056
XPU6142,0.12010730255877688
KZS3494,0.5600508002856902
YWO4932,0.25935892591514853
VSU1745,0.3662393362171959
CUG6548,0.3885841109368881
JJI8874,0.2615989132115217
RNA2808,0.28317472178064323
FZP4826,0.3769064408931639
GYZ6456,0.2927793261917809
ZBN2884,0.4322125360340521
ZJQ0471,0.214017289737544
DLA5530,0.24661145212761623
NUT8542,0.6922874168909341
VNK6354,0.8346625087790206
UXU8427,0.45792661191984557
GFD3985,0.5444307073224751
QQR5737,0.4373919629034468
AFC7665,0.2084476481787371
SLD5495,0.7459019788812914
VHD7317,0.6236335815528631
YAL5508,0.24767816351332902
OKH9384,0.6602363983827509
GEH9340,0.44061220394157824
KDT6136,0.34299314561055927
PGO8069,0.3317277799152773
PLJ3715,0.4339212486290518
BKM1964,0.19170373413016328
ILT1034,0.33611439373163954
NKT5664,0.4357733147765684
DFI0560,0.5025639024167639
WTZ5124,0.6815340657891497
GJP9524,0.38971328225395574
IDH3670,0.5817253508684114
LHV6715,0.7367926715352789
SOD1257,0.570253149672708
XUT0094,0.35939709846207984
WLY2791,0.5649094988195169
ZJN7497,0.3311882709849841
OTP9424,0.6559612565738988
KOG2427,0.45687602650349285
DGT2607,0.2569410172170974
IGV9153,0.175856720285138
SNK8485,0.2040992057579231
GIH8293,0.3364889216245514
ZYN4270,0.6433458646370251
HAD5689,0.5493879394118474
KGR5948,0.3704715577592217
XRO7658,0.5823940861323703
YLV9908,0.5049056282563595
EAP5638,0.6217033067400682
IFX9842,0.40998643881746216
OMU3958,0.3791407322714335
QFL6187,0.3765455672682369
FVE0231,0.3413727714628483
BYG4627,0.8248141778962267
GLU8969,0.5503171160722695
IZD9452,0.3940933520508181
EYW4468,0.4959572819024878
AGT1201,0.38214004949623054
IHI9922,0.5212058394999102
QRN6335,0.10942762458664039
FZU8851,0.4513307267599356
GYP0381,0.3280441054578645
NHT4249,0.16336407463593186
FYT7747,0.44440700069577294
KMR5833,0.5824750408381255
XKY8972,0.29155124428494955
JAG2909,0.28303129694155804
CBU6594,0.36945330513057223
KUP6171,0.2560766213485683
WJC1017,0.5571138141179395
EUO4937,0.3326106604957786
CIU7319,0.6332098807788656
IHE9927,0.176872468812352
TPK7407,0.3101376005897822
QGV7700,0.4511924304209653
YND3412,0.3668386123240202
PLP7642,0.5595512732984251
QQH3030,0.06925857420008329
XGS7797,0.4265955575715388
MAG9468,0.2320338559527825
EQK1178,0.43842924521377497
OFC1169,0.25287325696123153
ZYB3704,0.34973872398267675
TXE9669,0.40415344190540176
EDY7478,0.29630475729560607
ZRM3482,0.490375875535869
OLR8983,0.4712328182406805
KZO2848,0.2588338766439186
YUL2449,0.26556516818524606
MQF8373,0.35949835007823544
JIO0650,0.1933833928930896
YLC8229,0.5387545844416489
CIQ3019,0.6877115642375018
LID4577,0.4741764232332059
FHF4230,0.6199079256441201
VHY9741,0.3721298814373877
ACZ6656,0.8190559541298157
XPK9673,0.1574962982653699
TDS9357,0.3639225785488518
NCY1055,0.12170544319892697
YUP2078,0.2951227104461625
NFA4698,0.28001781119056296
NGC2448,0.3557163244706656
MCP9761,0.2707152423933101
OWJ2412,0.14885115874055663
PHK9684,0.5921461918070965
BOP1305,0.28764585859385167
YGK0608,0.3291473661523548
BJV3737,0.3456467211664749
QAD4506,0.26353422181359315
RCU1459,0.557105562173108
ROB4774,0.11256731287457773
QPA1500,0.3811823183258977
ASI9484,0.4917899923589016
ADC5158,0.25067908098794994
TGI2756,0.8552292547488629
XWZ0948,0.2613405046418576
BCZ6218,0.40576288634302776
AZI6548,0.4306846821910278
NJG6414,0.20493382066700036
RYT3911,0.2987979348774414
FAH5419,0.13943796416273366
XDW3658,0.43213563905689983
YFQ7483,0.3750454825328717
OLH0534,0.28519813863786564
MOW4518,0.8072786508444175
JLR5477,0.5111427155657564
RCS1192,0.43308474422188686
BPH1146,0.44804194581892176
FAG8556,0.15586816886468438
ASH8711,0.29990411029810354
OZI5872,0.5426095108040215
USZ1437,0.23060209705530688
MUX0020,0.7861901956484477
TCL8035,0.3358856998677764
FXA0346,0.7947406481678682
DGW1711,0.6280045193506202
MPI3843,0.30702849118226605
ZGJ7391,0.2464364767645363
UXU2443,0.4691813978051262
VMG4433,0.28844410955997596
YPL6662,0.4980482569142528
XZI3703,0.7581860493585663
CHM5321,0.3108255354092726
CZD0003,0.18317691923792254
UAE6199,0.4094987761696625
ZHP3348,0.5808121421705135
CAY9941,0.44649613315827996
IDA0149,0.707793125801112
ZRV0689,0.521575551196006
KAG0964,0.27267589654940044
BIV1231,0.5982185584520036
OFY6640,0.5080510003687483
DCD9303,0.38513933722839405
BXK9899,0.6400991247646731
ZFH3397,0.349369877968913
DWF6920,0.201273984303202
XJB0970,0.5547033994212404
YVY7207,0.2899184898277358
NYK7788,0.7777573070624172
MLS4709,0.7066890799241858
YMW3766,0.589721182716617
GTT5147,0.3628832601489406
BRO1762,0.4790123819389933
JWL9572,0.330925127395468
WMD8920,0.6467960215337315
EAE4795,0.39684633793149154
CGY2385,0.2872150416912612
ADX0708,0.3199159226246497
JGD1227,0.4993411328668779
ZQQ0815,0.1862544866122391
LGB2539,0.6072069302518525
DIY1538,0.6646198446571844
SXD0066,0.5373353327098984
DHG4347,0.25108968751811567
IVL2875,0.37960149165758955
DXJ1576,0.3846311499958693
XXD3056,0.4446020549204572
FKR8136,0.22338541410823112
XHS7469,0.6270915600421281
JXY8304,0.12359752404535847
XCO8396,0.627771904474812
SJW6493,0.33629292482948303
WNW9509,0.543439629998057
IIQ7956,0.327422285406968
ZGN8635,0.40057864917402286
OYS1674,0.41769540687362755
LFN5026,0.5521455764092694
QFM4433,0.3079977286603031
SRP0203,0.5457325393999786
GTE8180,0.5695541937266193
BUV2825,0.4054393747925838
UXO7662,0.2577128471885873
FBP0568,0.5331763072983349
UDU8112,0.3813138401625679
PAO7740,0.33558575893851655
YAK8421,0.42692240082401045
GVN2038,0.5203397011460663
ZQP0382,0.13172378520970277
CNQ6513,0.34884655308237655
PUY6632,0.5256813065086702
BVP7323,0.32363076564626503
RLM4016,0.33914577600312623
YFG3055,0.3026071931115139
IWU5623,0.6098949803556409
HRN6899,0.2622672121323793
QEE6261,0.5422973951943421
MTQ0293,0.5709403297804596
MVC1429,0.5221966816914795
WRG2254,0.2695967786743314
ZCN9897,0.28449173349635876
OZP4495,0.6451864536831838
DLN5343,0.2744927596137529
JEK4684,0.2622401385932998
SJL6931,0.330768475341908
ZSW8276,0.5981055343190104
WSV2609,0.6974363330946515
MHV7737,0.36875700007449924
YRR8549,0.08920797091242687
ERV1528,0.5423238381918493
NOF6559,0.6242033092956069
TBX6932,0.5003030604531172
TRM8176,0.7163460957818332
ARS4511,0.4389577106895315
HRW1770,0.28808426820140687
KBM1789,0.6101188281871156
CLS5313,0.3678873879526616
SYP7066,0.24672958917727694
BAC6711,0.2099696365553466
SKE2290,0.5026314254444764
JIQ6981,0.19733832431849072
BVO7960,0.31808273635013345
ZUA2626,0.5609744130206522
MSG8259,0.2085525311156949
PCC0360,0.2823133865094193
JFE9003,0.35132600193126123
FLS9182,0.6253677278948023
PAM1280,0.13800047706806648
BYU2321,0.35139246383864314
CXM5506,0.21328529780131147
QBY7302,0.3284368837171776
JUK1901,0.46494486571859195
BWP0584,0.17120582940668802
UXP8211,0.3858093856540073
ZAY8802,0.34220913786904666
QGZ5092,0.3738290449228685
PLT2750,0.23918720739727709
RET4270,0.580580429043493
SVB9714,0.26304154147339676
PGJ2505,0.7508431794219469
XCR2667,0.5019581586140306
RLL3403,0.32906353626426466
XMP9341,0.6295023081143332
WSF4408,0.18864021407541373
KQS5528,0.6576817332395898
ORQ2079,0.35863382039697295
DYG9890,0.4228910899229732
JCO9274,0.414279793662907
RTZ6364,0.29728598296572134
MZW1799,0.36020508713300137
EJB1355,0.4963168488525727
DXW3959,0.13694956474714662
XBW1111,0.30854306446209523
KBU6474,0.22026120044992126
FCK8370,0.09544500318533881
DEK2690,0.5807271808809467
AHU3775,0.3834775946393276
OYF9560,0.3547738337756996
PPE7467,0.21968628200651316
QFZ6666,0.2806605197677671
SND9604,0.4121663685377978
JCH0911,0.3152310765124641
XCZ5219,0.3218799611597092
DFS7754,0.39041314703284624
QER0038,0.2754316156097284
PIQ5708,0.5205805179813621
SBM3940,0.0871029945317074
REU8468,0.7878010040981026
KUN9469,0.5674867103462272
FNG6130,0.24351877448359124
AMV7041,0.42041751367878577
VQC3734,0.4043777328707016
BCG6211,0.5387437506161465
FCV0094,0.4801040833277042
LJO1761,0.43984567255928586
VXQ1519,0.5624685722282672
XDG0394,0.38245602627682346
ZCA2183,0.30188618820867
DEY5036,0.21039891771759336
DOA2936,0.13209750573161896
ZBZ1111,0.17489635166373343
KTE4563,0.3141616437834322
JHM5827,0.36280974268520955
IDF9791,0.1338231463833568
YWO8363,0.513067905149532
ZQU9039,0.8249711615096621
RLW7170,0.7833896819944135
RXK9841,0.37939733913781204
ALU4463,0.7417377901973393
SFE0721,0.7433452043661646
SQE0323,0.37111458187890256
QDZ4395,0.7330764324082648
GBJ3518,0.34425397250670237
ZGE8545,0.3341282743588429
XKA3092,0.326041170488849
YKI5936,0.6020603102198628
PZK1377,0.4588667364978214
JLZ9491,0.3150950594572428
ZVR0041,0.5237745359223013
MJP3198,0.43948519208148795
UQE0138,0.10441318630364803
TUW0269,0.5369438672150079
ISP0465,0.4436609351592417
XAL5847,0.8212807520644833
PRM3708,0.41278867714321593
AYO1985,0.6295436084745125
EGX0726,0.165715242388304
JDR7035,0.31800714768871874
MSS9255,0.431699621163878
WIY7208,0.127918420354919
VAD2698,0.41384257643005506
ITS5025,0.7762944438197351
ACG1389,0.30490017155768917
JNT1094,0.197584203252956
SEY5120,0.4599112936285293
XDA2651,0.39816933631268037
BIL0129,0.2355017148222287
TZN3360,0.6772705453997622
OHS4922,0.46380651723386146
YOJ2699,0.22189644922516696
HUM6721,0.2807757442517421
EHP7372,0.764258959106645
MDW3871,0.5492117921311489
HAM5349,0.34627758405370196
VVV0077,0.4507598146428842
JYP6084,0.4107644967255446
AZX2542,0.06843874734001595
QKX4992,0.45511786876567567
VJZ2239,0.42219121643726343
ZFT9927,0.49143624873409636
EPV1130,0.35043952000207845
ESO4684,0.8063757361512636
RBA8751,0.6870728004728169
IBD6200,0.3892028689721236
TCC0838,0.19568720624031186
OTO4045,0.7527448163394602
FQZ1755,0.281798486350298
TKQ7781,0.19127192866870057
GHB9539,0.17928391013671907
QKV0677,0.6341456045780319
MDC4556,0.38078484366736715
OXD2801,0.6901117510718314
AAW5921,0.5824743650770879
ZXO5432,0.5295856557996476
YKE0773,0.5726858862093523
ZQT9439,0.5360280873646522
BBX5445,0.3589447343535801
OLD3422,0.74039340177535
HBD7837,0.21674154911081042
LII4395,0.2326915831667443
VXV0165,0.505943990592844
IZS6375,0.38970753879946196
ZNC6270,0.6196279521754396
VEV9487,0.3525830407964717
KYX6211,0.3557285398645182
GRI7834,0.5697671353490567
BKJ6883,0.25655595954880833
NHZ4308,0.4784102176723189
IHH3352,0.46087946742652824
WGE0940,0.5790381909597806
JIY9209,0.5418826185993764
RMW4099,0.6408106175879086
ACX5394,0.5493701536585437
JMY2884,0.47983429297616387
HNN4412,0.2690966003248441
ZRE8689,0.34124244519151653
NLX7791,0.3021857005086183
NCE8146,0.7794229858492759
PAJ8142,0.5726012252140803
BXL6079,0.46013880333808804
RVE9218,0.5774986684919013
CYM7511,0.5625774523053392
ULZ7896,0.19131426286498754
VFR0394,0.7745128649439482
DLM5418,0.8841314580020256
LJA7283,0.41310542442956555
VJJ7556,0.3626596655452959
MSY4225,0.257713845578782
FGM7178,0.6097805840647783
KCA2760,0.40614125444926835
XVI9392,0.4260591948780799
ILG8180,0.7062515701055362
EJA0426,0.27050903561187106
ZYT5283,0.5747681169916515
MBD4028,0.6088654810106658
DET8036,0.2182290393569559
NPU3306,0.6618217609321189
MAF5198,0.7213126777053119
YVR9937,0.6862021164581066
NPF0956,0.32453820931498895
UMZ8342,0.5119906456707217
CTA7936,0.269855082898484
WTS5507,0.7302838786408694
YHU2823,0.563103223794697
GCI9262,0.14291284213164937
JWG0958,0.7314822009058758
HTQ3691,0.37169264463156865
JSY8006,0.41531226539775196
BDL2992,0.6436520480228366
PPY3602,0.6783652608696163
NRH4217,0.32621498029940543
JZU9096,0.2373823743395476
BEC9902,0.5956284686417208
PUK3777,0.5960128082900913
QAI2611,0.33821755737972686
SZE9978,0.17377672803067967
ZQB1293,0.3947656759409035
DLT6582,0.1718778799365598
MBP7717,0.34385797648408717
TSL7315,0.5983648912863698
ILX4971,0.846617764695329
VUT2632,0.23937196846601935
NHI1174,0.5811349039049604
XBH4571,0.27901441770867086
ONG0233,0.6727571727598484
EOT6883,0.1392999973814935
WAA4403,0.22919981363724873
NRP5939,0.3890249219245249
CFT0261,0.09456759065557414
WBB3199,0.5300740135949429
OXW2554,0.07949294882592813
OTX8021,0.6852041085670625
HKM5973,0.1656932075138998
WOB5773,0.6731322179380221
XJP8738,0.20212606417765397
OFA9596,0.6418615246122392
YUU3704,0.6918823082280602
DAA7058,0.6130685202205562
QEI4621,0.3717275831565044
JJN0270,0.2387091969101944
VLN5464,0.21729143958642183
TKY2278,0.7656453252749197
QVB1146,0.8457524249367497
GZG9726,0.3850005979553532
WAG8989,0.525606870204305
WYG7915,0.3293993515884035
JKR7298,0.19143763436600433
NKC9965,0.3185598513864209
OLX7030,0.4070748710206727
NUM1967,0.4091078251742292
VPG0102,0.6052546318063857
WYP6798,0.6444460354789747
XVX0001,0.3841083734256013
ENE5821,0.449536822968527
PXT8963,0.28483360389930773
NAK6905,0.6996781397928588
ROJ5124,0.5206158277067675
EGP9963,0.2756452135558143
EJD6191,0.4139518750800482
VVI9738,0.3383072775340004
GZB6774,0.5150078454034666
ZSQ0383,0.24220862593542258
VMN2008,0.5275278928889798
VSW9307,0.3726459611482212
SXC7989,0.2721152916579525
JRP5911,0.6548581534153345
FQM6684,0.572951539992089
JTZ1972,0.3552521932734813
YRK8678,0.6428089868039507
YUX6245,0.44808482052636706
OZT0083,0.48136148550287877
WWU3357,0.4689023381895403
GIP8061,0.1648908046275235
GAP2506,0.3859069301057887
MTV2911,0.430269649210653
EYC2947,0.21172809533356027
KFJ0398,0.500960880479424
KVP8638,0.6050656464204649
IEN7559,0.5307738941868786
ISM8366,0.38986069188605627
QRB2092,0.33239739068217533
ZEF9982,0.3382990400707728
PVQ8431,0.24705923014067974
JYR6904,0.24963068943859146
VYN2284,0.13430358204851214
RRD4317,0.41686328915594983
SIW7452,0.5524565021331577
BNK6722,0.6474923995099684
EAC3647,0.2607829396225639
UZY7255,0.14914522274889788
NJR3268,0.38474018370390534
SXJ2106,0.8110744964555944
UOL8150,0.6915579651964264
GFG8118,0.29367140400674324
BTJ8291,0.2498473313166114
IWD4843,0.23856232174406458
UJH1928,0.41243236696388874
CTQ8211,0.34436554943738423
ZBU3909,0.39568856005890424
CHH0005,0.8937173172042735
LOH2075,0.2985041116970664
SOZ9505,0.36108814415091883
IDZ8560,0.7362865849848738
XTH4023,0.2558662680583534
QWM3456,0.2410495311522918
ZWT5514,0.3069486583772889
JGY6248,0.6838131362500076
YNI9415,0.3877439642956113
YHB7736,0.762458266012478
HRY3458,0.7617983026829217
NHO1841,0.1933831506070629
SJT4275,0.15163577297179778
JBC0455,0.4770102991494701
YSV6272,0.39401384887743296
SYR7039,0.36892109938338097
VTH8070,0.210411335516371
CFL9774,0.1996691155111722
HWL0255,0.1791879922874731
PWW1560,0.7247700492116557
ZXV8075,0.11754328972078858
AEI0906,0.28047598092370574
ZKT4898,0.3001989796173401
OVZ2889,0.48977279479035146
JNK0707,0.23129255426949122
FHI9082,0.5619268705751305
CZC7195,0.4138061023908905
EUS8425,0.6457376337593449
VQF7120,0.19969627967361422
GZF3442,0.5634102836062768
QHH8798,0.47663282213736063
SVY2210,0.7252441873503287
DDE2452,0.2969406134375094
UOD1909,0.23566723934609182
LFI5893,0.25908272168429985
VFH7810,0.29506092163819025
AEA3832,0.3006332500234735
ECF6645,0.6412672773729488
KVT6536,0.31926671581938976
GJR9253,0.42117977927668315
FMI2663,0.2607084962729039
VQF2039,0.4436756775494775
NLZ7990,0.3983939229241799
QBO6904,0.3186397557972096
ZBO6514,0.4943598931657231
AMJ7143,0.27949304193041535
PPA4216,0.4002789907643381
UNG4672,0.21637140864714222
JKR1254,0.5659290565087388
VEB3556,0.14175306472296453
RMY5487,0.5766949888371996
YAL0969,0.6503752903067083
PWY2348,0.5939964695242973
IHD5140,0.246302933282348
XAR1535,0.4940063994167638
MOI8849,0.1727702466943265
TDA1772,0.10937896147911498
FRP3664,0.439382270278135
QXQ3920,0.4446694712569912
WZM4928,0.3229135401065541
FEI7112,0.2146168473904245
ZWH2382,0.5023472232979075
YXE2782,0.7253874884865804
RYR6789,0.5262632859395215
DOY0839,0.322312994176167
KOZ7559,0.5789151641344139
CGG3378,0.47821566382488995
MTV9217,0.3312876093988904
AEY3302,0.5930494942079373
SNN3415,0.4138503927377906
DLH2120,0.41987930519021194
LMC5561,0.3075023373952072
JVR3739,0.17463648903019913
YDK7231,0.2718439866452236
LKP2717,0.3210712589304505
NLD0288,0.7254111341986055
QWZ3328,0.6710399971835873
AQB8755,0.37509385733458395
ZPO6482,0.47576944854359865
VJA4011,0.1456726507471654
UNR1034,0.5687329862968638
JET8498,0.32672369684744157
KZM1206,0.4480745583620152
ZHM9357,0.37683182315747227
DQJ5519,0.49770174972524356
WPQ7065,0.30297269231151414
ANP6398,0.29431225849445813
TWV6276,0.4039101696073697
UIG4581,0.2928768323597293
MCK4510,0.46052591410774807
WCQ8946,0.3274821848558833
VPL5439,0.39087387883972563
QUL4939,0.5072155717390866
DTB0595,0.43841741598125433
WGZ0312,0.3177888044701685
ORU3710,0.6114141406441831
BMU3842,0.558561349541213
WAS1041,0.752162637673374
RUV8304,0.2657849893370386
NXF7025,0.4885171389854254
SMT6291,0.4092480698301814
COY6762,0.5001766968994196
UXX8278,0.38859869803477914
QOP8824,0.23466745975310999
XVT5952,0.33704561335658045
HWE7781,0.3501358558636129
SRR9343,0.45163380351359805
FMT3981,0.32903187403009865
RWK1255,0.5054365433577089
GUX1313,0.6531607692438076
VED0121,0.832850107749283
SQR9285,0.13941630302039432
PSQ9368,0.3874061887901818
DFU2564,0.3552140064601141
OLC5603,0.23392719749194738
ZAH6196,0.5337193378515835
GQZ5053,0.29888577126282195
NSL2545,0.25488208185867517
PRO0137,0.3941858432672701
STU0764,0.1649275042245909
KTK7805,0.10902093866391105
EYS9609,0.6593968914418803
KZG5885,0.5031930153320564
PCB8761,0.12906906675498342
WGW9568,0.7450452695956806
BEP3948,0.6078813648937534
DMJ2590,0.34988393882436836
CTW5615,0.4838789902993985
OPB8278,0.5334797336308519
CWB2561,0.6987005619578001
XIJ2478,0.23552517202786713
FDX4097,0.4908595633639747
YJG5740,0.4152978983300791
SRX6811,0.10350794206797809
PRK4060,0.22102264734799393
ZSQ2949,0.20104847006181545
HES7557,0.46711197849776576
UWQ9670,0.7274485580636978
BAJ2081,0.4046354856814694
DXX9121,0.5246182704198356
VZD1340,0.6405931303594196
KCX1429,0.2889073174827872
JUZ7305,0.17673007649616035
AMD7755,0.4453396345940068
AOT6315,0.27607550099282036
YXO2209,0.46642426134171594
EWV1407,0.2748803074513046
GWG3380,0.46042179862257476
YUU4145,0.7813401516250851
TZW5104,0.3370902404749514
SVI0226,0.7033683026728528
KOO3080,0.6600950006859493
RCR7780,0.695717657383348
DDZ1864,0.4209631511139567
MSG9202,0.3218469937352429
GNC7973,0.497419293925984
TNB6317,0.12247195032198449
CKP5184,0.7821084648477683
FAN3835,0.22340714103661777
ASP0506,0.6275264502859063
XEP8902,0.42243732481786966
GFQ0333,0.3207319591572299
STU7442,0.22221808290929568
KZH7721,0.261875680976325
QFV2858,0.6669103743880438
CNA2475,0.15353861472594701
VPQ2939,0.3342801973720085
XTL1241,0.3535642019917389
RTH9839,0.673531695072906
YVY5308,0.32649598483167913
FZY1694,0.6763774178362892
YCA2616,0.5182147440655466
HMU3975,0.2613444053092988
FDU1357,0.15125474594253846
COI6888,0.7551450727159607
YQQ9816,0.5177938110384585
DCJ0598,0.0909592877693584
QAF1690,0.3676172172078859
SSF8640,0.4873151606492283
QZS7048,0.5397250166895308
UMU0017,0.09991179698599528
NHR0599,0.26725123801382955
TBH5424,0.09898328065653687
ASQ3055,0.4317138901797128
YJL2807,0.23430069643415732
REM8079,0.30493891831546094
PYI6606,0.4757407687276836
FIO0648,0.6315195326613638
KCL5134,0.3527282972198947
XFA4921,0.10875538149862479
MFS7445,0.4185198509733681
LJN7166,0.7652312766545184
ZSB8267,0.6726702337564291
NOY2382,0.17135835093428856
VID0540,0.5626423828431193
PUI7231,0.7015198743458587
DIU7827,0.28727537682052434
LMS1840,0.14623106205160818
JSI0972,0.14827133868255493
VWH4510,0.26896421567423756
XPZ8442,0.5119195890349508
IVR6080,0.4010181275768532
DAE7056,0.4440906822199711
XSF9221,0.6487928570543763
WDQ3723,0.776095685480923
SDI9085,0.1978570239103575
SZA0713,0.7159703347877948
OHE7288,0.23715855368878172
RKN4919,0.5839144250556291
UEP2190,0.37328230176204985
CLT5723,0.09623513729878834
VJI8551,0.2636815407893682
XPK3889,0.6669639574470417
SGT3305,0.252581172614047
SAL4070,0.1736092260295179
WVM8211,0.7086853167656026
PCS1722,0.2238664556672545
XKR6147,0.7665912247950174
XUR2232,0.5198964478539506
JKT7149,0.4508241785213178
KYO3320,0.5805466248954679
BCR7281,0.4443726817610704
RGW1489,0.2686876357758612
AXN6618,0.41842778497855804
PJA2115,0.37502806440411085
OQO8884,0.6025320806020319
YNZ8560,0.39399088404180077
DHB9103,0.4211128271269187
YIO0165,0.5819124082900126
EPR3439,0.4764785206845245
BXC6882,0.5712689429548689
JDH1113,0.3097179319681622
ZOI7409,0.37119369029728005
NMP2912,0.23587384811748946
GOJ4289,0.6504723342649535
XHX1364,0.7860130736024549
VVZ4851,0.5861598293709106
WTK2653,0.2553870836048598
MAE0737,0.4379377405271496
IMV3149,0.5063696704579467
KTR9193,0.5311198348087767
TOD3591,0.18265875010130403
FRB8474,0.17287729384649367
QZV0518,0.37578373771861656
VIP6808,0.11356667453705678
KXI8109,0.3204018053628759
ZFJ7032,0.7543944428188939
KFB2661,0.3950872941400116
DMG4116,0.7575585928607698
APL5877,0.43309357826113604
THY5809,0.36450602197006504
GJJ4558,0.32349055909256647
BPW7388,0.47006874586994535
XST7223,0.6862538250355721
JEE4921,0.14808281021911185
LLE1425,0.5784509884936515
KUE4150,0.49062566704186955
WWE1408,0.09785363350312946
RUE5821,0.4986237339879905
RUJ2756,0.6491793763633781
IXU0926,0.3016507351519782
YBZ8802,0.23465926736498557
KKN8936,0.7068169939003118
VMI2245,0.259384209556955
SMJ0545,0.3404341434998048
DAS8749,0.39221614506259694
YER8134,0.6167390448506637
UYH0872,0.20662594383121416
ZPD2531,0.7818937651109765
KTL1545,0.4113664904504497
EKQ2049,0.5795173494620641
GJL6540,0.49185062027862525
XZV6966,0.7494140326303311
LVM7923,0.38455660527142504
IEB7788,0.7428022873605133
UJV8655,0.6265942447086229
GMZ9526,0.6101507740276291
YBZ1017,0.4556866679322134
ALX8013,0.2884331513674119
GER5584,0.27446434679832105
MWX9044,0.1760984358690112
ERU1857,0.1845500162490348
RVZ4998,0.5149160666674236
UEQ7217,0.38709120566969246
WNU3314,0.2700175856574287
FYP5922,0.38532665143036143
WEW4166,0.7440674747878142
GQL0285,0.3888688279104657
GBA5352,0.12672648723082805
WJL9492,0.362449284757379
HSM3570,0.651234859186613
HCT5417,0.46979955482383096
HJH6473,0.6854824556032407
OGM5986,0.37422483415381785
GLG4293,0.12784003774118263
VWN3938,0.5125574424682399
GXA0045,0.26450306992849354
HYI7006,0.5510615810709134
MKZ6848,0.8958725512432668
KDF2835,0.528694120125614
JKP5380,0.4424330580677786
OIM8727,0.7216660212984682
VUI2290,0.12994731163996506
WDW2129,0.7331325351911339
SAR8093,0.5097623754321137
RAT9039,0.3039237019876172
WIK5954,0.21178388556468006
NVL7088,0.520924955682596
QFF2987,0.5665419228610961
WOQ3211,0.5341087514202999
GWQ2895,0.5522491998953395
XFB2979,0.4924011752692405
JUR2499,0.3493550978080462
FTD3973,0.3741977662915425
GAF1548,0.12444631604682758
CFV3986,0.6942298482500417
CWY7712,0.537911923901488
AHR9467,0.2797334703502525
MUR0716,0.51762931173456
PZZ4271,0.5133006905212861
UMW6557,0.41765409527151887
UDL6067,0.6377746456341677
ZHI4043,0.3293557509646681
BKU7239,0.26103808275641666
AWV1442,0.3981046861691336
LTU9152,0.3937061656051973
GAA7231,0.10502463782097952
TYZ2295,0.607583752820353
TFC7836,0.1383184442061275
GRX4717,0.31826090824270564
PHZ3014,0.11724439714675002
SQY7131,0.457205954898805
SZP8923,0.2968864567055854
SHF8940,0.5144293417403756
SIY6976,0.539699949432726
OUU7553,0.5791209112818749
IZY8370,0.16115501047957118
UFP6673,0.6935835345670504
YCD0298,0.5680690277152993
GYV4279,0.2083255292258791
UOH6028,0.49523257883290306
URM1669,0.3488807681472756
WOK3312,0.29001881119177414
VKM9785,0.2983260266848568
DEY0553,0.3784748856217978
KOE0267,0.736927158316666
QDY7816,0.4298878907080912
VQI2890,0.40738155638969004
LRX7049,0.39208893381866194
QPV0099,0.37374447851729437
KRV8762,0.353314486093064
VAC7571,0.48299081290847906
HZB5860,0.3698596733895962
SWN2244,0.5122858671341362
LOO3134,0.15420980217433788
CJC9458,0.8377944037583699
RGQ5084,0.37600523308988926
QTL8583,0.24287453225104824
TJF9910,0.271229074759221
ZTS7674,0.3725291123122129
CIF9346,0.6652762098873762
PLT4718,0.302936067093516
OGH1176,0.3142148515881671
BBM2431,0.5193775701169262
MMC1438,0.3312456142843801
JLL4117,0.2577885010174844
SYK4331,0.48073002906061796
QSY9890,0.15336325142175747
DJX4643,0.21844216887095644
COJ6421,0.5568277048469393
HNO4349,0.7172827432963783
XAC1384,0.6820286902462964
VQZ2493,0.8468976642705481
AOO7588,0.24336695491887042
NPG6848,0.41537448692992296
COW1344,0.375472908786965
MWE5697,0.4655075892490415
VMY8506,0.33502847308349093
EML3806,0.7077825563926519
KOM3157,0.07840856729423616
OLX0382,0.3968219445802334
QAA9380,0.44022313667898855
ANW5580,0.3756989390370893
ESW6215,0.3840900278272476
ASX6995,0.1364269333039959
POP5770,0.27272520254437344
BAG5404,0.6915584356445802
LYG2422,0.5661991419298765
VNF0722,0.4036017248642853
JEH6392,0.21577877325592817
UPJ1865,0.25803790074873545
FKS7618,0.6654683645028429
ILV6048,0.25088512055150547
MQI3920,0.45634458309409637
BYF0970,0.41979662390538114
WCO6481,0.3345805884862001
KLW5610,0.5422865530195996
TRL9207,0.3119774470878705
JXJ5162,0.6908684448356431
IQM4120,0.29045868704651817
FTE5233,0.3617635428324156
GUD3977,0.3310474349518102
ZPP0234,0.5976555709468325
EEF1466,0.1996544263216824
VOV8606,0.7295969630600035
HPR5191,0.3859767250414237
LYA8405,0.43597091597366333
WBU8735,0.4799217770297521
TQR2275,0.35009624729867567
JPW5875,0.8212587159315019
TLJ7924,0.5428961648707494
XMY2043,0.17289533457756978
QRO2231,0.4418982007482109
HLF4845,0.41806471937335304
UJU3717,0.6085326840828672
ORB7785,0.1259187751564859
URX8712,0.4367379512468072
GFL4830,0.4925015589279669
QRI3011,0.6364365964584769
TWL7361,0.1393312803525569
GSY8311,0.5402795321686803
ZAB8662,0.32265305383174864
INE5446,0.48045136724486187
NAT5345,0.45729951025548515
BUD2177,0.42095588190605565
OGP8515,0.3423755213776101
QPY6663,0.3276238404396072
RLJ9691,0.23343354887897735
UKF6131,0.363111208984392
IGK5300,0.1544241694972586
BOA2857,0.4860435554407019
OUJ7375,0.5347529323320495
ODW2622,0.5804340136273755
EFV9929,0.8137696578320427
UMB6250,0.34252551389889524
ARY2581,0.14587189179646162
FWD1267,0.5245760584417601
QWK4961,0.4929172856119442
RWR6816,0.21796586822697092
DHZ0702,0.5762594749759592
CRC5041,0.7037993381786866
XOF2459,0.629276614119862
WKQ9187,0.23543121437204229
AZV9085,0.2799171673454874
YSZ6492,0.6367723722069465
CNK2218,0.5837146693232744
OBF4098,0.2995584625685595
LMY9061,0.3130640128394277
SPA0324,0.2883827098895804
QMB9576,0.16642977579194637
EPE0986,0.4689888983231139
YPH0413,0.5377000888275605
RWU2048,0.21345800916482513
XXL3715,0.27105420896364835
LMY8761,0.8182902976055703
VZX6168,0.13511292991665977
TQC6813,0.18471448430653212
UDQ1869,0.3427770491246691
DNH5723,0.6723424958678663
QXG6300,0.39653417688568987
SKP0307,0.12005490940892864
KYD6619,0.3826190892564833
UBI4597,0.38051376697144884
XJZ0694,0.4317519233371429
VCB7873,0.5176213466383563
DVP8229,0.21402433750130365
ENQ7050,0.8494941518857358
VSO8083,0.2555130030522436
IVW3734,0.44594958680160496
STS4967,0.5654198082747085
NQY3007,0.34083159504227306
RPA2336,0.19861995354335524
NKE0904,0.3494018362674953
IQI3842,0.33414350835543966
HKA5518,0.5931172460234091
GOS8577,0.30431411359487337
ZQE8717,0.10800102558552549
PVL0488,0.27884882437430303
BNJ8623,0.7771994959403469
GEN3250,0.4072215232898813
LWY0125,0.5656393688964919
PAJ0655,0.20887099914465188
DSJ8355,0.4384896048399571
ZTM3982,0.4567369053917248
GTG0544,0.23241161683840664
YNX2835,0.39506371431498183
TGN2850,0.3365561919926745
BXX5261,0.34052473009012335
HSE2409,0.29972993870532333
DLZ1901,0.37566223605903115
GEJ1320,0.5988895715982091
VWQ6022,0.32036353982518184
YOK7020,0.588278766303349
CBJ3105,0.3548295194430064
VSY3899,0.4296170266806234
VTA4221,0.5027423031409696
HHB5509,0.5928030813779789
TGZ6086,0.33620889893664324
RMP4380,0.31222206739238784
UPX5708,0.30828304407645024
ENL9282,0.29004216368317554
LZH7750,0.3407042284065606
IBS9693,0.34457490052425466
PKI0279,0.34557479459235313
MNM4404,0.3120182802807496
LHG3702,0.5517014113137569
QXS2664,0.34621827261677574
ZJE8725,0.34120338063270167
OJA7001,0.4488385476969565
ZSQ7961,0.16549311206738276
YVV8348,0.1827669747244565
YEM8450,0.6670067098937017
OWZ3181,0.30760139671380193
VJT5618,0.2983491325961134
IAD0845,0.2923750311356253
KSU8228,0.58665376350887
AKD2635,0.4219362276358916
DPT3746,0.19630512553665116
HBB8000,0.21908779786706967
XKS7078,0.4210417431582516
BSW6379,0.5082651703715428
NMD9061,0.34706747358161577
DQB2981,0.3110626818160496
CFD9987,0.321559605868794
XYJ7765,0.3244183231464048
CCO6993,0.27781354995484686
LMK8623,0.24158056235427203
MHO6527,0.23942913221367934
MPD1810,0.4331012038004827
BTH9628,0.5256589561084032
WRF4157,0.4617481838389618
XXN2403,0.5436286302174634
FFJ6322,0.29978323590853356
WZD2412,0.2795171322646714
OEE0398,0.2407045799390611
GMF4223,0.29644339554048516
EVD1832,0.5450698465251153
EAO6665,0.644235951961842
ZTE0996,0.3086271399347095
WJI7604,0.27070207165555205
GXB5604,0.2827627911232271
FRS8324,0.3490006373203027
ICR2183,0.6924805886031306
SQI8245,0.19035843439369982
ZEI2787,0.7200033963637912
UHX8290,0.22942293090101304
TTO8119,0.7422239162515321
EWT7697,0.43096705728492674
LKC1392,0.3408075730692119
KZA3127,0.5967610708523653
FTW6416,0.6634650308272523
GFW7003,0.7304541831909203
YTT4302,0.4584899832691885
EOE9840,0.20552987349418758
RWM7830,0.4206513900305952
GOB8336,0.1895633326076258
LFV9110,0.16543444550639905
JPW2124,0.2837107270564043
BKF9745,0.251237274198067
ZRA5115,0.22813394096461417
LFH2159,0.5996868474063303
VMS1291,0.12506210320155067
PMX7872,0.7716320028224679
QXX7294,0.23606024262441347
FBP6560,0.10869152186872101
VEK2855,0.18452791094984955
ZVI3482,0.44741093963117234
WID7204,0.568127424705243
UXR9283,0.3417727586078058
GCR0520,0.10411608868320928
ECC9768,0.3226579140831477
BPF2428,0.1320933643539083
DEJ5473,0.2512153348284273
XYO6541,0.25316022612194855
NJU1327,0.3332835638049994
WSK2569,0.5925405097579158
MEY6847,0.6255650664289488
OCI5920,0.34528453717685936
BFM7635,0.9263720456373333
XVU0737,0.19190210281055042
ZOS1822,0.33461720026155745
SKD0534,0.2573483890489537
ZBX7132,0.48737124707529117
MMO9244,0.2500734387005853
PRR0310,0.17914812839981273
TJG4761,0.562233336069624
BBN2496,0.14299614211030945
JIW5388,0.8418918352377812
KSN0005,0.4314960478326051
MOK8564,0.3653195991540213
EUB5732,0.4619424824801053
NLQ5109,0.3747298043197344
ZXP4295,0.2953421903955814
PAG8472,0.3013097820589838
LXR1978,0.24884984756673836
BRZ3164,0.3061213809703052
DKT7237,0.3160890733973331
ZCE2914,0.2637087462784583
VHI6516,0.35399766852462494
UTV4967,0.46497512735497537
USJ4246,0.6511536341459828
HWH1249,0.41115195716782965
ITF4864,0.5714900594242628
KNB6126,0.26645442237550127
QYO5313,0.42951997968421
WIJ2188,0.5117717127562725
ZBJ6751,0.25664976062155237
VST3056,0.15540816946372862
UEA4586,0.3711489501794063
QOT0490,0.23807191704592942
KAG3392,0.7644900126451531
SUX3398,0.10531010745472658
GXR5119,0.6765094083711286
WVZ9101,0.3717153916577909
XQQ6405,0.5167747934871236
ZWH9628,0.28118687129802217
OMZ6112,0.49301999739323693
LYP1066,0.7587137583159503
ERN5227,0.5860255370439176
DOA5901,0.23198383162977768
IVS2527,0.3679374232659427
LJE2834,0.29266693919626224
OPH7321,0.5894569203943286
OWH9677,0.6628175439856375
XGF4872,0.31023893212729353
PKM2654,0.3036482776183403
RVE3128,0.7128154544825996
HCZ1235,0.5961997714708437
QUZ4412,0.5056164054005219
AGT2111,0.24339712797399607
PSF8463,0.24859418388680266
KBU3273,0.7415567127869634
XZD4636,0.6651245415661642
DOO2539,0.3939438772549056
HFY8294,0.10188026333476735
EFC4627,0.7461617996632953
MSV3690,0.1616210655307885
TIR2213,0.49539471411875935
OHJ3283,0.444057540029259
TVM6927,0.7856541784470089
TCQ4437,0.4543518768716344
TWF0211,0.3839760245817185
SCV6838,0.17829615742605354
DMN4994,0.4204759833053693
INI8518,0.3767617143314499
SDY1000,0.47569458243772916
JXM4061,0.3684197218337107
PMA6094,0.2771145266468595
WTH9861,0.6402265537127033
XXB6736,0.3600182391518423
IJU7206,0.5589518165382746
RJZ7847,0.30119490281472544
BJK4564,0.2119717373645027
NDX0091,0.2360262526684899
NFD6321,0.16066569772113481
TEN1858,0.13915660784988002
ITC4358,0.2853558408661787
FGY4048,0.2718339968579658
CPQ0026,0.42597520967385466
PZA3978,0.3139632720253565
JOR3671,0.4086589341425071
PKI3568,0.3178305208459842
TBJ6999,0.6715777838534689
ZVM0946,0.24323682222485718
OQT3041,0.7894282865467815
DJB0799,0.5047200359455223
HBV5727,0.6156316788887145
APF9285,0.34708513682549197
UXG0628,0.4361094521168993
COL6410,0.6854098689355429
QPZ9639,0.452545281843647
UON2161,0.2625832920453288
IUA6276,0.3773006228499404
SLE2186,0.3086668219122976
TLT4666,0.3024313071830474
SCO7140,0.5158723756559778
BID4149,0.4761712819481043
BYF4218,0.2561111019355293
MNR0110,0.5064752123700575
ULV2517,0.4960827485753206
PAR5191,0.45728155427498757
YFP3399,0.4302868613513944
WUZ3632,0.22507298252138352
QDA3476,0.3834158029046746
OGF7039,0.7443325012671608
GPS1812,0.6116145500622412
ZAJ2495,0.6466685972838465
CJP5768,0.5441923577825628
GYY4735,0.46251745361099617
WHD6815,0.18054801273139562
RAM3944,0.19284970423718897
AHF2562,0.3910772007814413
PHX3766,0.2620868125179409
IMO2872,0.23109753634550745
CNP5354,0.22441334815742023
CTN6782,0.326367406535279
PTO4108,0.30947958037888074
KTY2623,0.24232111810097476
UDY4764,0.7795722276853491
DZF4635,0.32407258422426766
BCW2803,0.4290067190551734
RFG2472,0.6006688271906108
EAF3848,0.18951470775373913
CZM2079,0.28519925689374465
ZKL4083,0.5887135945581656
MIK0805,0.26189950327436134
UZI2506,0.7924946107935233
XAM1154,0.5480941978053516
PVI6541,0.8242015612435593
VZG6189,0.7741087252470048
BRF5316,0.5808666208185754
LHF0941,0.5733454149637911
GTE5510,0.3357830761572118
GYX6928,0.31665680883192515
QCY9581,0.2915612502325035
JDV1123,0.2636818511049075
PXK5315,0.17380073878013005
NKW7035,0.5945807460651941
VQX9879,0.3192027885575129
VAD2981,0.7517662518875734
LHV7423,0.6364758224204691
DRJ3471,0.32263182580690186
NAD7807,0.48506903897437126
JWY7649,0.3785850135047906
THO7074,0.3297989520024635
HXZ2367,0.6178622158069978
ZSW8883,0.3755047164194763
TQL1788,0.4911320204631
MHA3207,0.6041765969966009
ESX7797,0.14033979290868526
AZN4578,0.20055350060668986
BVH2792,0.3142963421755672
EOL8504,0.47162084443515845
DLL3527,0.4795811609295934
FRU5617,0.35558484993811584
DOA2423,0.32313841020785067
LWW8841,0.32883225833700164
BGJ1341,0.3908778497572736
UWA7636,0.5219168035136185
FNS6374,0.10812595590325835
ZKU9184,0.41129332069282326
MYM9229,0.736803116518991
CNL4026,0.47657670206366526
BGN9072,0.5772420644697004
UNQ1367,0.15374736645435894
XOQ9765,0.41000368278207416
FTD2271,0.3414227837290686
UUM5139,0.5265764013297581
EIS3052,0.49532516842499846
JKF8552,0.41943911889080626
KRN7329,0.24687148537556958
OUO2432,0.4638455864525963
QBK4624,0.567712741229045
FGN0012,0.46437142611935184
GAI2781,0.6394922562104242
KLU5273,0.14806052355869437
YOL0313,0.716421840771866
USN6075,0.3336174930580369
SGK7112,0.6550339551132492
YUE5724,0.29361557315519726
UAW7134,0.3825989069806391
RHQ8345,0.5057402231789396
RQF2533,0.3390551855238384
ZBT6866,0.5252828626113651
KYG8599,0.227774526245372
UPQ9522,0.22506218527626665
UCU4704,0.37731797596093863
XAD0851,0.11832689075270701
XPT9850,0.49474403997982036
OLV0463,0.5153235692068777
CUI5604,0.22433962201912502
WQU7921,0.1968752891295388
RLI5225,0.4152848309501886
EED2034,0.20519306629901304
AKL8171,0.2684114938780893
WEE6596,0.355010985878555
PTJ7041,0.6521396179210489
GDT0244,0.6287419445640209
RSQ4934,0.09778470485866797
VRX9705,0.5813537576889685
GPE3631,0.19198510803855942
JOW9926,0.8507099674777634
VIK1863,0.6217113192609051
NVL6534,0.4926618547370308
QHG8919,0.1316097233483621
WCP7148,0.3737339392320158
TLY9214,0.34388377389253605
DJK3149,0.5692009487131428
FEZ0727,0.4564630437119052
YOM9469,0.46048758108273447
UBK5070,0.43298981645204004
AAS0547,0.4285792272896412
VWD1732,0.378914679162418
HIY9904,0.465333524747854
BVQ7153,0.502950689251974
LGY8368,0.6136320338752043
BMA3899,0.3445487707243835
VVX4694,0.20582767233998803
IMK2918,0.5269524385278093
YUZ6270,0.32574134492927304
ZYM9424,0.397221520815818
XRJ2315,0.599198470230969
IDD7799,0.209015495844962
FRN8579,0.2969135081719931
JHU6135,0.4027650661467134
VDS1337,0.5452889331759913
PER4129,0.3148104335527274
RUC7755,0.603806645328887
NZN0284,0.587861874162972
UKP7195,0.7648261707142353
SEJ4725,0.3854637326508304
FTP5392,0.6629596315506722
BOQ7717,0.6498848698560001
JNM9386,0.6896818074197574
UAJ7272,0.08627345007850858
PRI5009,0.3556608922239571
SHM1712,0.26648124641929055
SWO6965,0.5370595078610946
KFB9546,0.4289168165890869
QQB4653,0.3773472812194579
PHA0404,0.11303428210516903
SSR4486,0.24073175047037046
UKI2868,0.24002709421632454
AXB2199,0.36640944621199284
UOS7094,0.6145318848576007
LYF6455,0.3435026219881328
LOS3155,0.3998346358238574
AXQ3876,0.5075320693327333
GWM1097,0.7408358710007001
ZEH8158,0.8320841482682595
OBD8591,0.6691595002122921
MLR5938,0.3054338030762129
OCJ0092,0.473323124409546
OVH4365,0.7388278778700746
CYN9635,0.4259754075233306
BMN5555,0.20836004674109843
WZC6296,0.4327815251340532
DBQ3455,0.31531065380966233
OHA5515,0.4355880734382525
EHX4627,0.6486412874433793
LGJ9688,0.27292668457949176
NJN8094,0.46833977708085245
HRH3000,0.4119961242675283
THR1355,0.32148644076955263
LCC4833,0.30584600043207
KZZ3219,0.6825111977031654
SYH8984,0.27117235554071195
NER9898,0.08810029816353206
CJD4837,0.2955256064222505
NKV5527,0.5535393798682547
LKS5211,0.12282607237396233
IAF6833,0.346964004264605
EEU4202,0.20317302247425081
XGW9909,0.6239845100617445
UPK2830,0.08747833289163066
LII6921,0.3486288467867302
BDH0866,0.2592685654432893
IIB5822,0.31315602868343045
ACM2835,0.8326471394888464
FGH1485,0.32695654544499103
HKZ7723,0.4394923675491364
UMU6066,0.5838313260271225
HXY8339,0.5374798164311178
XLD6579,0.3038828468493899
DHQ3602,0.392473591072143
HBU7419,0.15576027643277254
HHJ7156,0.44318427618589046
LBN2287,0.2717285654781503
QTG3237,0.43321391346792887
FXH4110,0.4636207316669756
WJG4417,0.30784542999052084
RIJ0802,0.2725755478490972
YDQ3107,0.3973555716008959
UBK4003,0.5124657869280291
HVJ6067,0.31210730620841604
LUA3795,0.0812651673962711
NUI3132,0.22855295970891268
AJM7387,0.641658686435782
AZG6236,0.2897682737695433
BSI2619,0.6490141914093321
DHM1013,0.36319854675577345
XKD9271,0.21308909181777447
NMU4177,0.4059852830127206
CWJ2732,0.4873727567754325
BTH7777,0.29920659540654204
IIN3898,0.6507793362159742
YZK9083,0.2659032373017016
SDC0837,0.5170889301626086
FWI2945,0.22889925909029488
OMD5376,0.10520925389483848
REO1188,0.31641365450775766
FRM7796,0.5571563567437643
JWH4432,0.3403542333405703
GRQ8737,0.3336077875468532
LVV2133,0.15956810785108663
QQB8724,0.15977998384755035
YUT9546,0.36323503283389025
WXC6361,0.36851768417236547
BHY1451,0.24293552514505376
ZII1542,0.4177506989948958
DOO9843,0.8875941835280249
RZK1351,0.24070422872674815
YYM1312,0.33012569904598976
MMK7965,0.6426078524740974
TTU6295,0.7309742046367688
DAH6958,0.3722880544060423
PCO8490,0.8542982926406908
DJP3433,0.39324368336516774
OAA6548,0.24295777942086394
SFP2263,0.3893941925424025
CJT7713,0.24237407802888145
BJB0699,0.4374671735563301
PJF0726,0.17179069142555084
HPA0283,0.47646327569873775
ZJS3044,0.68423158998653
OPN6394,0.1861804544508431
UYM2119,0.17299075418960427
ORI6815,0.3493687006001691
PND7208,0.42507734824999494
HHH5760,0.3142929241607307
LIQ5670,0.5123590481869053
QUB2406,0.4537417620431638
MIY0143,0.24743509265370803
MCG8811,0.5740375436167218
MHW2096,0.4792098785474084
LQK0997,0.439275651468573
OBR4658,0.4400175165818659
QZJ3393,0.6139359154963661
RTY0569,0.10727808244050292
YOB4544,0.31808606965542174
QAL2426,0.47661824356608756
PDU5166,0.357267651834887
KUU2207,0.23706405797742794
NJX5033,0.6598653529175403
OXK7667,0.4079781498529486
KLI4744,0.20057750122353357
FES2855,0.43588421101690966
ZAB8325,0.818670125811123
CQC9277,0.2915279611261023
MBF7782,0.3366445216199503
SZZ6788,0.5575380145464078
SDR4540,0.27572782488393993
DIL7710,0.5818419112826138
TKN4878,0.6506146474441811
XGD1675,0.6759271639065402
QEL3927,0.14732472003078387
RTY6219,0.5676172334155268
WWJ6659,0.15824135060866282
ASU8300,0.22018693700670203
XYB1679,0.0731327501151621
RBU0914,0.3441791251099007
UQV8798,0.32118383247229193
JLP9320,0.314648718293364
QWQ7004,0.38908523273533996
JSD5400,0.24070267859786573
WON5434,0.2653428587788414
YMT2795,0.3522557896962804
LIB2206,0.6291220858616106
BCP8558,0.7325662531254196
SXM4193,0.3169385728199536
XNJ3271,0.1614934785170401
WXC1747,0.3648941530691195
SKX5603,0.361831788900614
AAJ5590,0.34042793325976467
JPT4045,0.3840805716503341
TCX6417,0.2654078723251629
NND5256,0.4255443825208179
AWM4830,0.34766470283281253
CCO2782,0.6673424310022374
XYB3729,0.22432691211772063
PXP3498,0.4287180012553528
XGG7955,0.6573193754874356
LYJ5084,0.3615569317030796
ZJO9311,0.20958026689314344
DHK9700,0.20742558775884556
XVI2143,0.6951787961739117
WBP7682,0.28499264661860907
UVG9357,0.5809644085321185
FRD1898,0.2703418227758363
VQN9954,0.18750162507361545
UDU8569,0.7093803116662012
GIS5379,0.4102005515498062
AQL5845,0.648022579470397
JDA9258,0.4583918634670347
BIL6692,0.7476447781232601
WTD8139,0.3646282204066024
NNS8064,0.22469758293950612
IQT2995,0.34708005314973556
RWW1032,0.45830544697046194
KYU9106,0.45477802586645016
PJL5141,0.31076007301214403
MRF9734,0.4271085213952553
TSZ1464,0.5637692051547165
VOD0368,0.5201715529465053
ZJO4648,0.507561180576864
KUF9356,0.3341586641173642
SHA2863,0.49403870715413895
ARZ0060,0.23627428758733893
UPP9315,0.4505936599409104
JPH0891,0.2724833404864587
WJC6264,0.45963086259024516
XHB8908,0.2599234450072656
FGS1465,0.5521592652859947
TNN7189,0.2179483184463055
GBV1525,0.4275769600022583
UNM3035,0.43558311159690516
OTH4354,0.35685524608645075
MWK9161,0.5834887570616372
XBJ1523,0.5478304371720234
OTQ1307,0.7072806457995365
QUI8859,0.5971057929611067
FXA1974,0.2979102738594656
HQZ4083,0.2564426653035122
JRX8081,0.45581587823899566
SMA9339,0.33739558614499066
ZRV1847,0.45312545798200504
GSY8940,0.3976676045598031
HDH6951,0.2740399912747746
OZX5767,0.651412119757112
BKN2732,0.4778154404769257
MON4409,0.46875156610735935
VEH2084,0.4459441994382493
OXR2175,0.3421759078929775
QIT2040,0.5024204851573216
NDZ7253,0.5148481569924858
DGN1477,0.3402180127553016
XKG5616,0.266101415305724
GFT3859,0.4909238328212045
ZEG3074,0.26514266955638616
ERC8823,0.40934291223382663
ANN1757,0.7876967357942277
HVT1416,0.45832856239421466
FNA5079,0.331664538699826
YTT3689,0.10437676635550841
ZRB4114,0.7084472965051666
LKC5167,0.7093927991312934
QKO7079,0.3436525904899009
NXS4393,0.3420648368646276
LET0397,0.5023088612957637
XVM6189,0.3984087496312226
MDW7993,0.40404781288507713
YFY9264,0.4333148998417476
MFA0286,0.25981137075655575
TRX1943,0.3939637793101228
AVG8200,0.3433816571664809
ZFJ3116,0.5612342260474822
DKB8692,0.5146695881844519
JEE2838,0.13152325618969277
EED4838,0.24692039468909335
BPP1288,0.27343134156950005
DOW2822,0.5991055768744626
NQI7015,0.6902850591127839
ARJ1652,0.48542319228713887
MKV9833,0.6272252361477503
BAG5364,0.5538515042086307
QLK0972,0.24590866087815202
QBM3534,0.3853312708169685
XXO5042,0.29975280631149837
BWD4481,0.40413552255952895
DUE1526,0.4273142109490828
CNP6504,0.2993079656768771
UDL7915,0.5044580202858677
CTQ7672,0.5395482936980452
EQY5043,0.22717870926575756
RLZ1107,0.16475053116766852
DXK7889,0.6717423015515175
HOS6888,0.2175217324703127
WFP2253,0.45760653106204213
ABK1979,0.16102062714170504
NSB9683,0.3252144298548518
GQZ2156,0.30496313655758955
TNP6583,0.5543650151361711
UNX8157,0.5062122410952382
OPH9058,0.7490972580304073
ARA1083,0.7758098086119166
CPR3859,0.2689220259340949
DIT8983,0.5480941855061091
JXX4274,0.3325796413864508
DGQ2285,0.7107845051010894
TEO4197,0.2732218136667528
VLS2232,0.45898234361931006
VSL3471,0.3786120162519107
VKV3009,0.384492874334208
VQG9824,0.3462332419297165
UDZ0523,0.44858386260651195
RTZ3365,0.17662564774448355
DUM4265,0.41819273124110024
OCW4594,0.44615374681354547
PNY3340,0.6423542111262455
TKO2407,0.49585072690100035
RBK7640,0.3107004395320012
VWO0656,0.2237313826813232
PVH8216,0.37620585915785015
PFV6207,0.6661431834569694
ARD6927,0.7373128652709959
BXX3179,0.14234711945887113
EJA6722,0.3101527875066175
RKB7690,0.3659958315277512
GSU7345,0.5920453953614034
MTF6536,0.39820674155431574
EEK1731,0.25613570616975706
XKE2034,0.5441051944348058
XFZ4451,0.4797973138710265
DNV7450,0.14149520046493166
DBM7804,0.37396400977295646
OSN2115,0.3270534537726287
DIE2462,0.5618867732381635
NCR1938,0.6164458500434473
SLI3385,0.32666701383239677
IMV6618,0.570548393036017
MWI9236,0.20208159396132166
CPZ7415,0.4729244989851808
GVA3046,0.3635047588089077
VCF7450,0.23356599302548142
RWR5955,0.6875873132038901
UNR6482,0.3872546177236537
ZSW6504,0.5100846105901361
WHF7797,0.21856351314661007
JRZ1587,0.26264099079755776
WKN1856,0.60904666179478
OKO5198,0.5559960668377077
ZOF6714,0.5358014903360724
HOV1633,0.2546939228005784
HHL8001,0.17243113827367682
KSC5408,0.4018995978543863
RVG8305,0.676951405017272
PXV8041,0.5097722843103542
JCG5205,0.1920243571036505
EWG3114,0.2649276465051677
AWF8804,0.3530232175788883
MRI9171,0.20844469959263792
BES4026,0.4966255909061934
PWB2790,0.19497496264953426
MKZ4027,0.6597139345873467
YRJ8304,0.22403379467276205
BJE4168,0.31645610014514386
WJI4276,0.2842572133477787
SMG2272,0.4573924133880256
SBB1777,0.4490255765446533
PQK3153,0.4816824664519476
EDF5544,0.5673108893457304
NWV3159,0.4511061820401685
OPH4418,0.41395873463978833
UVX1686,0.333945132286157
LTL4424,0.3403013357737334
HTP9675,0.10380226342998344
JHE5718,0.45481895468445743
QWF4463,0.2784130333020185
UFC9328,0.38266175821777226
QWG8477,0.6816126279152065
FLU7651,0.3553566423113193
HML6971,0.38144103255666195
JCO8536,0.273444246129468
VJR7001,0.6579011524757111
HKE7026,0.2826275360446782
NAZ5847,0.323588554164866
DLH1235,0.3771513119207109
VWC1889,0.36477470848550997
LQG2414,0.24263849274064642
BTP3447,0.3728102490437187
NIH2856,0.5396749304489227
OFF1083,0.3690109350423061
ZQA8799,0.6957367788261694
IJK6751,0.2227885396658346
BOB6176,0.41455961184829687
XFP3339,0.4721711391577373
TAS3348,0.2975177183890057
BHN6210,0.5595879804117406
GNW5149,0.5350303562440182
VVH8291,0.49040698284017986
HVW6558,0.3921156842099123
LHP6615,0.278330087706851
RNJ4226,0.4309048864674721
IZN2011,0.17095218920450886
SLM7035,0.2812829640241345
XQJ1139,0.40611579007353366
AMJ0335,0.6215925964600181
SIB3087,0.5761938119420995
NLJ4328,0.2831658093039178
LUL8746,0.4055100427743524
XTZ0050,0.417617934982981
JVQ0976,0.24936697907695837
ELW9308,0.3221223946120204
QYH1973,0.33075426999784246
AAL6035,0.41192328053315846
EQI6267,0.35194332124594746
ZNO8211,0.2310539073872108
DJG8036,0.4701666437582965
LMG4322,0.4597483520353043
ZRB5371,0.4254205619183191
WPV2188,0.7253941747518585
PAP5839,0.4315125313057285
VXA5180,0.26919440225243124
GYS4742,0.33706084223056604
UTG8994,0.39246953330364365
WZJ4218,0.32616918804242306
MVR2420,0.19832069489707224
MRB5680,0.4736143630241389
WNO2118,0.5533703294533711
NGV3962,0.18052977966783687
HTR2914,0.6142857151272052
PKM7354,0.33273178481182725
UAL0916,0.36025544671206305
TQM0482,0.3735686159457165
ZIB0347,0.29929453341855283
UYN6870,0.45892956277154023
GRT4611,0.5786816625923453
XFY3621,0.7682402431795233
VFC2623,0.558156793594777
WZF6184,0.5460686389694049
OOJ4678,0.41307632237224007
RJP5764,0.4661274402059483
AHZ8000,0.6374461731499746
HDE0780,0.15289020792792263
JLW1736,0.411615928869501
AWU2812,0.5734606029634707
AGX4063,0.3304625976759357
XCL3451,0.525269697385657
OVB6800,0.26843340824137657
IXQ8744,0.3462492304399407
EZP3118,0.3717279087069277
QWN0794,0.8298911310506544
VEV4096,0.4545091093891081
VEU1076,0.5562381357923938
YDV5701,0.6359461042624414
PMJ7354,0.375994592745642
LSK0936,0.4891329726337592
OWL8934,0.3821359490958252
SDV7836,0.6061856808598948
QIL6179,0.19903224943747475
HSX4903,0.6341691144087104
XOU4343,0.3137907419442561
KFI1941,0.4873205753531506
QJE0535,0.4769531092825307
SLE6915,0.1829502300033045
SCO9217,0.2630740048657127
MVT7781,0.5749400210902209
TMG7575,0.8219011656368979
IHQ8441,0.44528203341000233
HXB2178,0.2726373301988129
QGW3324,0.8046443280295228
ZRV6802,0.4326786187801888
UQN6219,0.39462592784506617
KSO7707,0.2333903608386744
LMG8449,0.24508445321383296
SSY7236,0.4144099656840472
AXI9652,0.3815587990892473
JWO8793,0.15595506128678585
UUB0607,0.4446177284003004
ECD6444,0.39233244881184454
BBJ5618,0.34036748011705403
MHX3291,0.4490353915321275
PZG8347,0.3931940370518953
UKO0197,0.40511720254023365
DYK7152,0.28226869247965153
DWL1376,0.41492982360398517
OMX1967,0.3720787957984483
AIV8783,0.4124673209596579
CRE5923,0.3530752774491281
HIC4011,0.3624072991134802
HOV6112,0.422970734870918
KBF3850,0.30771575191057216
VUI9301,0.4295956254103201
XWS7934,0.49049777963892865
BEE5677,0.3138029470848261
JSY3976,0.5661953517587542
BMY1563,0.6089459120237718
HXQ4485,0.5619963035302885
TIS5890,0.4774177232579497
FKX3159,0.3639675435448179
YMK9880,0.49035578419385234
VCD5495,0.46532691214811844
FOO0472,0.6328408205218898
QZU8396,0.431996105792473
HTC6808,0.15510753961239834
BYL2752,0.25042174166129305
ZAM8218,0.5354844623826873
IXN9654,0.43688758265044886
TTL5403,0.28056638383855903
QYE5349,0.5985742732154847
EIC7153,0.601361588179351
XTA6550,0.5706767547213087
LJX4501,0.16924339040458167
SQP2640,0.41185474427967694
IZO4596,0.37172093347902085
FWI3799,0.6119314670787697
AZU7246,0.4391015760790931
ECB5710,0.5880515216252196
BQD5122,0.6384399850276038
UYU9430,0.27225203859474667
PCK7063,0.26834102199862697
IEN2498,0.4570416861397985
TNY8680,0.6157039916171577
UCK0106,0.4019297138475602
AOB4977,0.4073276207435949
PPE2382,0.5342639370046095
FYU2252,0.29283744644616794
SIU7145,0.4549866980046631
HVR5096,0.26010615772233864
OGB0163,0.6125627765158878
JRS7729,0.14372053787128988
IGR8562,0.2908145916801272
JEX0834,0.30533772565433887
TFN6722,0.6092900541925745
XKG8280,0.28677473938046283
FOP8068,0.5143897258964275
AYU1495,0.47924199891639363
VQP3744,0.25256478692155043
NOC9056,0.2688775022646059
DTA0824,0.337304017667955
NPD9854,0.5036714275773667
FXK6082,0.29306138659539366
EIN7977,0.14579646335976826
FTW6027,0.7567889932019417
KBR3556,0.3899593500929808
EHC3947,0.18076574250717634
LQQ2433,0.3103249755149339
IDG2104,0.4598816039419937
UZF5415,0.33593554336675885
MBP8060,0.5032816562842505
BEV2395,0.2566346766840676
VSU6747,0.18549482297649247
BCL2284,0.2162074512923191
RAZ1360,0.3508688978015279
EWY1556,0.8219579750538859
NNE0522,0.5229964072821603
XQM5627,0.14115199769796713
AOX3558,0.667881888426645
WUN9170,0.8726003963278499
XZJ3149,0.17396493814699923
OKL4921,0.5792933758629655
IZO0258,0.2412995873454217
WRF2650,0.5386705234871589
YZR0011,0.30518276434449565
RJO4245,0.7475020522131208
CRM2675,0.4162594653422936
DKL7615,0.48556102221089786
SQG4906,0.47147841418777764
IXO4087,0.19625438251458194
NBW4124,0.519938195651564
SJN3966,0.3049553266833143
KKR4361,0.3453426171349833
HEK3882,0.4583617105506281
QOY8848,0.2606284992441311
ZQV3715,0.09550202318799834
UXJ9385,0.5079370662332111
VVE5601,0.5780001386091018
NHI7594,0.4788225902653564
WQW8250,0.4953333058460599
KID1021,0.2694134437403211
MVW5606,0.28005643268518615
VDJ9872,0.5574639811530648
TUJ6907,0.3032806277142916
KVD7026,0.3069748991775529
GPM3013,0.25196841204443327
YPX1846,0.19664458834387055
DHB3654,0.8217877047536627
XXS9902,0.21949923864841756
IOY7072,0.2750936840130996
DLS5038,0.7465301472198477
NLD9930,0.2010507034272412
APM7094,0.549348496651281
UFW9487,0.46349050862836916
LTY5277,0.6116042801140584
BNR2104,0.45415360149708534
GXQ8493,0.3285654614484245
TXJ5088,0.7233903525248793
HRQ6010,0.6981794799857081
YWN0709,0.4158014241864448
ZXE9454,0.5352713511541282
OXB8970,0.5643358482272182
TZV1176,0.23263780180246255
BTP3681,0.36324651471302655
ICO3585,0.47042950438691866
RDF9417,0.6899688463951822
VHF0605,0.19954525439569262
IAG9096,0.4546519295434191
RQF5460,0.5976213392838707
FER2233,0.42776263345104776
DDX8572,0.1516640980450739
SXI1042,0.23645074392300872
KTM2552,0.18064797095417331
LXB4245,0.3757195257455113
QYH8445,0.5315831054386123
FPH7362,0.4454837709523695
WMO6968,0.27525468475034376
YVY9123,0.7000088301726725
PWI7008,0.24028425960903302
EWE8647,0.44387445428054706
UGH5821,0.477559183480505
CCC6358,0.483055240772603
NJM4224,0.2928263067579417
JLN8569,0.4978710004662578
SBS8635,0.250138430140622
TCK0667,0.29279246279327037
TTJ8073,0.181699631731413
FYM4884,0.24970266886171735
BAH6808,0.14836887499990273
SMS1066,0.5843486329804563
BZV7110,0.3756099005570781
QUC3244,0.21199757450413795
NCH5512,0.47745230251237913
MWJ2009,0.2689692715839102
LMJ6900,0.523828333923119
NRJ7601,0.6492964022560345
XHN7398,0.4413563753305967
VVK7366,0.3580820728804843
OOJ7340,0.3356729712976831
ODG4805,0.27717559891526955
TEH7221,0.5159046525368254
RVA6521,0.44316814009535027
LDO5407,0.49705766057134987
USN1312,0.3358537378831247
JPE7604,0.2731977632211282
CWI1855,0.3393358668454917
RUG6092,0.3914443602438147
YBW0147,0.610792860472841
FOL7863,0.330354057301641
YFD5576,0.22048279320841632
UMH1775,0.2691030661067471
ILG2801,0.5377166016258542
IYC4401,0.48437004897190095
DGU6130,0.20806685388616633
GXN6308,0.06699936723011712
VVJ6567,0.37660868296028677
QGT3401,0.6981623625387289
EHV5543,0.5787735056175342
XPH1693,0.5541057997454671
XVI6143,0.16326927457384746
MVT5363,0.4515033173848452
BJP4782,0.2577068909171323
VEI6692,0.5127918736136087
LSH8066,0.19611950885758245
OES5230,0.18252325366970587
GUS7697,0.3512111287257262
GIZ4545,0.2120376138752007
YSJ9267,0.6231651352303437
LQM2884,0.2909720553437372
VXK8098,0.4498941244514998
LHQ6161,0.26111686239118587
NIB7023,0.6337781234380344
YGT5746,0.27615786918058
OAN1929,0.7063056159959165
RSD3480,0.16109199459558246
GFU7927,0.2395822875328395
QPX8297,0.29821410276997323
MDE2942,0.421633687325615
EMC6814,0.46192972632644747
RHB7538,0.5784861267035101
QVA1519,0.6606082128117516
IYH6561,0.2794687255434632
XBT4342,0.4091568724017831
WVS5347,0.46139760708211225
RYC9887,0.3163895656716869
OWG0725,0.4185035531703245
PDQ7527,0.5916929978328249
AAA8650,0.4303693915513403
MPS1872,0.6982855646580123
XPC3180,0.5150847876372352
ERE3203,0.38935952551741204
JNS2424,0.7976336435227213
QIP5472,0.2835831030340816
KRI1406,0.3457332671226921
LCG0245,0.16206546733124433
UGQ3179,0.20162339028878104
QTL9465,0.5558733234835239
WXX7131,0.2417634281826809
UBL8285,0.3731725413981655
CFN7090,0.3685558105413567
TPW2557,0.10013532707852264
FNI8664,0.1602277745721636
PIO9382,0.43631222899361005
CCZ6527,0.7120108587885987
QOK1729,0.5098945174847541
DKE8863,0.43038408633653136
CRV0203,0.7110183354381808
ZNN4201,0.4187328680772196
CDV7774,0.43612852110023653
EMG5794,0.23612710105111065
WNJ0629,0.7811847809132924
GGP7119,0.3891943407631224
PAH1172,0.3868230125473821
PJG5643,0.40031338959268153
IAM1828,0.23043343958591458
DIK3154,0.33214879275126336
CTT5887,0.5518926202253743
PLX1043,0.34417817832245295
SIJ6453,0.4996412819145774
UGI7847,0.3892162024681585
KGO6514,0.41475841458653845
ARC6739,0.2573855750067819
YAW0653,0.336693416705772
YQM6980,0.34809320035517466
HFE2279,0.7295302142775449
VZF6216,0.2918301104966777
ZCH6489,0.478070470599172
TVP7259,0.1984839734568761
GAV1656,0.5277036042021851
WPT0894,0.7606843626505638
YWS0422,0.5560821202127212
XUK7427,0.37528457340838944
HLU2704,0.14476275176784192
YFZ6065,0.347167618488643
YPM4038,0.37659968809520944
XLE1332,0.233491432155849
WWQ9108,0.1821497029833489
OBA3645,0.9078411811947033
GUE8114,0.5013450345729686
LDI5459,0.5513583716567735
SIJ7030,0.39074611121700237
SGF2166,0.45685785832270565
IUS8573,0.47284437411347374
OAV3919,0.39048087828786243
NSC7363,0.4726573270609209
BPV9497,0.41852334651968465
ILU0718,0.48271716789415064
QDB3206,0.37691526068550657
ELT3255,0.23357931785785943
XKQ2938,0.26466248210040844
AQA0422,0.5823826290587343
PLP7326,0.17298295790601603
PLY6486,0.28435387269174983
TXV3058,0.38217086464406697
HZU6833,0.8675319961661437
OYN1376,0.21940993765253705
RKZ2520,0.5803838288425857
VJK1168,0.5410022740043577
ZBV7530,0.4466427346549473
LWZ3926,0.6931942335191917
OZK7168,0.13820092105580503
DIC4454,0.45787401784161447
AQE1099,0.24502683023866956
FVI6751,0.6064338072429519
JHS9927,0.6196501520504029
DBB3746,0.45936284100433195
CWX6774,0.5701057749310238
JXD3194,0.5099925307677262
EWS5489,0.6645534612578518
YOO0895,0.10133409586002866
QMM3659,0.28115059770184164
OKZ7721,0.46912591002053977
MZB2572,0.5689526764873558
JWR7273,0.3512507428632788
JVR1502,0.1826395175757871
BII5034,0.10707150078239869
YST1582,0.45798766865078805
FRZ2719,0.4305038988918284
LJL4583,0.23266126173048138
IVK1262,0.17322315320067652
AGO2014,0.17476530827301304
VOY4391,0.3907666013211409
DIA7288,0.7245025087307883
KTJ8937,0.4776583392281593
GHZ6620,0.2627108219998341
EIQ5825,0.2239097302485378
DMT3024,0.43837123032773073
NSA3551,0.19925157389156342
HGA5858,0.32657514002659216
SYY9291,0.24223852180931746
ELM2280,0.8921856710000643
OVQ2692,0.23961065615856417
PRA5342,0.7125296547909533
FEX1797,0.6173624555705266
UNW1268,0.7249370557380228
UNF3809,0.41784512935096924
AGW7178,0.32892030788042526
ZRE1357,0.35412861742108515
IMT4399,0.37865796606058005
MWK5375,0.29650041484704964
QVR4912,0.6630273497613776
CYK6709,0.40379790726703785
LJJ2126,0.59943115227403
RUA9027,0.41170581969851133
ACA1080,0.44279888538592216
ZPH3170,0.4563473211450808
IDM4207,0.5791759282890748
ZTP7739,0.11161540057942854
YDV5815,0.798199091501819
BQO0017,0.6025897250889359
XUA9984,0.6549528872464555
INW7958,0.5402780644489905
KFQ2870,0.4080110233694374
KOY1613,0.33186252561174784
YCT7342,0.5781462842217374
QQA9782,0.3763807905991212
BAO5422,0.5251784147599169
KAS6278,0.4036074878471547
XNS2468,0.27330183846361294
VIU6714,0.39368735958856904
SMA2660,0.5533681753945714
CEZ5920,0.08438608193580494
JJX6153,0.5366207919078804
ZCT4811,0.601771473168791
ISM2735,0.41065964828492413
KMP9746,0.3367675180455287
LLQ4055,0.3394768154762677
RRF8912,0.571246673824389
QBW7406,0.25683164381169393
OJS1596,0.8151735876230294
RHO4507,0.5567775728350665
LKP7516,0.18160156826733573
XZH6228,0.6220610538025326
NAA2800,0.49144905153921253
BGZ5066,0.48386127856869293
CMI7750,0.48142202168750364
UWS1232,0.8420209448166137
UCU1562,0.3329438914809898
CXZ1451,0.751354491285329
XZI0704,0.4815036365307332
DQZ9741,0.6515377969302177
HHO4419,0.4912838072610615
RZA0154,0.4539652086279393
XCM7012,0.47140646923256196
SYQ5872,0.5628159521292943
WGT9197,0.6312823576378764
ZPP2318,0.6739090143479279
YNY5682,0.506883184133233
DTI5849,0.33519355247669336
MRL8735,0.4807456948962221
NZT5187,0.43261632571711006
HBD0405,0.43843119013999865
FQS4223,0.17674717135919268
OMN1338,0.5189121633042632
TNK1463,0.41599945197507476
WJW5789,0.37561496540729505
FIM7054,0.5196565263601356
FBZ6525,0.34169906362713465
ZFM8609,0.44576133815809466
DVS8106,0.507323406058191
WQG8515,0.49748136654070213
XMX7499,0.4603211206718765
YEM3557,0.17329538339906125
VAN8479,0.3419690908003638
EEX1705,0.13717088994449197
MLP6187,0.37561428172091643
ZZT9034,0.28221782271457574
PYC1906,0.29391023950205314
XKX0417,0.3723394515572866
IKQ1892,0.8717940530555031
JPS7984,0.38523577098649214
YJP4939,0.4806174125066219
QLY7451,0.2502903103061805
CAQ1761,0.20915360782940584
RHS3194,0.2572294330028442
URH2223,0.4789931206271934
EBV5526,0.34685182127331626
VPE7690,0.06298964691021194
MQX2555,0.4476431269488687
LGF8647,0.3714622054495189
ZZE1862,0.3896311206010091
TEL1237,0.37352734165560647
IHX5741,0.4513181330895362
QHN6664,0.4640802374395443
WIH9047,0.709622286704763
SPR8036,0.44297376184878107
XLY2971,0.3397640067644993
NFX0427,0.15762575073926846
IUO5128,0.42987760206618914
ZBK1450,0.4961686147142505
RIH8440,0.40847658996840214
WZA0097,0.27420446632979556
ANN3748,0.5348163736083908
BPC0427,0.4203960105823945
NCR6054,0.6823175747789669
VEV1335,0.614496265437355
YBY0166,0.5448748211515133
IEN9002,0.28860873636595447
EIK5210,0.22416385663624872
YPX7615,0.36565811178476754
GGN2096,0.6073284133431279
ROY7283,0.6096302382255648
DBD6207,0.5024188125398313
YDH7665,0.1916581749580291
PTU4988,0.4264488379168152
HNV9512,0.3029304803834373
AJD4806,0.3291711241000667
FYX9557,0.3145043143480702
FWL1743,0.5122099175254547
OFR8910,0.6312091920118164
EPU4284,0.6364929864461345
FSX1358,0.20019422820310762
HAA2935,0.20067246367277022
DSP0219,0.2500706467938831
FBK1277,0.32771822119661803
IQQ1006,0.2897953220204379
UGB5004,0.5924329571418024
LVR9175,0.42596891029686973
KDB8963,0.36308503311191925
LNL1742,0.5843578356413102
DXT3232,0.41581166175542106
FWE5809,0.3248314178109737
WTS9172,0.582406294675128
YWE2221,0.48711040223280344
VYH7939,0.5858135009897718
CDH8864,0.5720643225812886
XLJ2088,0.27542044753251393
IXG2936,0.6991967217356695
SWZ2844,0.39665700708126267
AFK3912,0.24533839380321334
GMR8075,0.3325393474734986
JKS3370,0.16895679519519777
QUQ3329,0.5740897659803587
CTY1175,0.4412536536338025
PJW6595,0.24842599408963986
FHG7478,0.46925197826109244
PDK2198,0.3745072327530862
TLV8472,0.4820176928748796
VSE1384,0.3405252700275026
BBA9440,0.4447622817066059
ZAZ6128,0.25515975715039274
ALO3534,0.290180391080793
ASR0646,0.09224021867598804
JCY7418,0.24235723066432124
JEW5959,0.22971480224513918
WTP7859,0.31937603962023325
AVU1700,0.3833673381917064
YYU6072,0.37956915078498416
NKM6522,0.7021517200479545
MWZ9346,0.30513504596764823
GTK5704,0.27915602961053426
BXV7167,0.17063875449285515
QHC3452,0.1890788231746122
MPG2391,0.5173536917808744
BNA2789,0.5382613709216909
MVP6799,0.3630805055441795
CIW8623,0.18886302242616182
VPA4812,0.37312886392637123
XOO5653,0.5566752039913379
BQL6282,0.36838289913720623
ZKI4872,0.40005099684769885
DCP6169,0.10164557471638837
RGC1823,0.37268957295588917
VHU7518,0.5118502601245248
RXK1646,0.45632529759982954
IVV1740,0.5111349483542226
VDF8766,0.6055362142751092
JQK6477,0.15093316762093245
UUP1334,0.5290881638478461
XAP8677,0.5507527437465831
MQA8873,0.24861699165386142
RYP7886,0.44113226295592217
AFW6003,0.344605882076691
NIF1838,0.2920975028123606
QKY3033,0.5014413108026939
MRI7916,0.3111933294964015
PQX0971,0.30449183842230826
XQB9992,0.7768796982121969
AGV1957,0.15415686265490983
VCH3197,0.7284529110123549
QLF7152,0.22464845366847777
GRR7219,0.38245457156484913
SVQ8097,0.1376342876149457
COL9431,0.3534362089191067
HHB8171,0.3619240116383675
BXG5131,0.32107870551812373
FOF8111,0.36023921492880945
RTV2240,0.37212328951147206
LIJ5511,0.43116900688937837
KMK4275,0.5082168030486378
CPY9285,0.44709256837849304
PRO7683,0.5799044330533346
QSM5588,0.22723181477128965
OQS7196,0.3536327149920255
TCA1389,0.41785206502526484
ENI0173,0.3900649207217628
EMQ6425,0.39512908947000747
ZLT9131,0.7315448162768213
DRN1504,0.23331836272315562
MZI4502,0.8123437983054926
STS6672,0.45331290973688687
WGQ4961,0.41581676431668996
PHS4900,0.6115578341382082
MFR0763,0.3524145628362773
HJC0056,0.2464633742874769
TXD5361,0.21581331922738986
ZDI7351,0.44479974595474164
MJC3046,0.4508210046003451
SPR6183,0.21010784103899824
MXO9018,0.7290479007400844
CUH7592,0.1630664455954855
PQN0513,0.2504465024299119
PZO4069,0.45131397291815656
TNX6536,0.5487870120992985
ZXZ6487,0.2816291932985587
OEY5873,0.3549151175086583
EPM0672,0.48797444487668945
UAK7607,0.525375969657349
PUR4801,0.6926113869172895
SIZ0903,0.6738921125864686
QAK5501,0.7044362726461543
ERQ1003,0.24361010730668084
JHS5395,0.22684514414065635
FOP0128,0.6855699486858557
CMF5213,0.5914037968146276
QON0449,0.5291498227134421
ERS2335,0.5037043669978013
ANU9281,0.5233464174890601
ILZ7555,0.6288021872624688
MIS9792,0.14273368111247092
ZIQ7762,0.3147536462391844
NDG7924,0.25022727664221894
FQG8979,0.49431883322700787
LSZ0654,0.5276836470616749
SHP1082,0.3817319387181592
WIM1278,0.475371422387588
AUR6868,0.30850676957813644
XKU0997,0.230341943134579
VQW1327,0.5733323382629255
DSW7214,0.3651581679802429
ZOV6208,0.3525299457743329
PGR6688,0.3143475210446018
KEA8009,0.2613262680222008
LNC6328,0.2725537435011373
GMA7529,0.46238001927575056
GUY1739,0.5490281087954587
BQS3910,0.5446881126000569
IMV3273,0.40182728321261196
WUW8672,0.5767785858868191
XZZ1931,0.30920342324267774
JVK1763,0.17250617147134992
QQU7584,0.2534462493561298
RII1341,0.5860376307877885
ECF2001,0.2158110684578546
IJH8267,0.6910402727026588
GJK5821,0.5826434327338302
HNR0653,0.6949173982636174
ASA2572,0.4219083941262731
JAL4562,0.7475601588725209
KXD6314,0.45244371371534786
PFJ2186,0.18301598647691295
WES6815,0.60277001279062
PHS6750,0.11870459005899332
RMM7844,0.2861908212774253
GDC4179,0.29762122646012257
QUK5788,0.3137072375402501
GJL4316,0.7009192944621314
OEC5147,0.7765666584300156
HNT7828,0.4652805350292483
GCK6333,0.30870227091642954
HNZ5414,0.6010911812399883
CVK2844,0.26857807649706006
MRZ6686,0.21501772467302274
VEB7548,0.35026706886963893
ZFK6222,0.5752908837617378
TCP7362,0.5379430468823897
AEX8842,0.7267640299917066
INS6906,0.144449695806287
XQP9889,0.17048041011830986
FNH2173,0.4192395694426967
OOI6909,0.21959856877184994
IVU7217,0.33295878074046886
TLQ5774,0.8384899377390673
OJA2961,0.32716110906963797
SEH7834,0.6340834542934776
XKI2459,0.37026623225198924
GME1877,0.5319409180524368
RKI7230,0.24424969461467516
CFQ6408,0.25696591231903515
XMG3875,0.1641934660767976
HXK3423,0.3712207965417935
JXU8966,0.085902551163909
GAT0080,0.22534392809259332
SXJ2606,0.39614465657504266
QSF2441,0.35361713231415653
TQS5006,0.4985260669108267
DOP1780,0.29378096189068387
ESM6222,0.43684663202845214
EKA5363,0.4094159387739437
IZB3771,0.2744126849909753
XYD0602,0.08250955057012864
GNP3501,0.440164911114208
AQC9120,0.2527494903029038
HNV4885,0.34252935239699506
JBX9545,0.3931663381850982
SWU3965,0.4653940105723499
YSB2339,0.20750545273623036
WDZ5490,0.790136942098397
KYR2691,0.27592045312891816
MRF9654,0.7079407424769452
IET0507,0.518067475612066
CXW8897,0.2648502902055993
RHO8502,0.2995360404559689
DGI5875,0.7468515932839117
CBG8496,0.1656365281518231
JMO9215,0.325746033104314
WHH0842,0.5909136734882603
IRT3982,0.49944159093008356
ZNY3995,0.25899501555439053
RWA3263,0.40034279571302706
RRW5248,0.27126879263017384
KSX1126,0.08201364219118061
ZGP1344,0.6535195385273145
TAP0740,0.265316528181013
SBV4244,0.07177544567878201
VNM7279,0.3953914019542677
XVN5713,0.5575598729444214
PNI6616,0.37366676738156396
DHK0115,0.4849100651901108
ELZ1893,0.5084523950516173
MMD9376,0.38472566417139253
HHO0755,0.25785303304840834
AGI6103,0.4298717970677044
DSJ1568,0.2588142767308496
OGQ3745,0.564774269149979
EWU3335,0.5630958139729406
IBI8973,0.18631081239433409
MNM0998,0.3001855459577547
ZFN4243,0.2554927687836745
TAE3942,0.7506029104433569
CEQ9038,0.08202252124053315
YDW7588,0.181663888187901
FLB0221,0.4875700133074925
IFS3000,0.2300970003301782
GOX2033,0.2921575419268319
RCR6392,0.05863666613952349
ZMZ4534,0.8192860648026165
DPW5768,0.6612516828718703
KKG5808,0.6537364832992498
IBC0776,0.3927659631779096
QJQ0583,0.3259288595973175
YHT6044,0.4737867281099463
IZD5201,0.7484535890796109
FQQ6014,0.7355720539269753
HUG2535,0.4663883236314386
AWE7337,0.3901401865798176
AFX6015,0.20445420952443014
JJA3465,0.4423498302051299
YWQ6319,0.24715135808851482
UTL8063,0.48797827008020195
IRB0365,0.46767841622551676
DQC8790,0.4419298633795424
OKS8792,0.34942555669492176
RPI9883,0.44509838943406305
KJD6196,0.5665274057333631
AVL0382,0.41370995837599045
WHR7833,0.40624543350769565
DTG7149,0.6132132008263821
ZPD3564,0.6132257177847277
FOG9482,0.6346794319145266
ZFV2720,0.50727474332812
KWX6049,0.46133074027713966
UEF4956,0.5060064811487281
JEK7287,0.4602441704705673
WPG6950,0.6044012412960303
QBJ7505,0.5707483196400962
GWN8595,0.3877908593785297
BZN6603,0.5580626034186235
XFZ2764,0.42655180201630233
IGC0378,0.21263606394530568
MMP1537,0.31395045134614114
SCY5429,0.4764425474527377
SMJ5723,0.46974144311171173
SVM8665,0.4783219349043694
JUC4326,0.7297106532646941
POJ2305,0.6026687817869307
TGL1412,0.6428613744596011
TLB7079,0.4845778761946498
LMR6185,0.3011839276411317
KHK7436,0.5483849155670407
OGI4322,0.5093551293585833
RVZ4835,0.3003181827679199
BJN0689,0.1890834845683008
UXE5576,0.41993721143862217
RZS9370,0.5774013235813608
XFQ2974,0.18293301165871712
UZO8276,0.2639588385411544
GSL3386,0.30371811636977447
AWS3695,0.69266904642661
IRT2345,0.4154402763128105
JLA0351,0.33742168209627565
UDG0334,0.7452456913471481
BKE8828,0.4185650334476953
BSS5927,0.6928502089879712
QFM4192,0.4079053681325906
UOL8406,0.37322865729970295
DVB9995,0.3571574635206735
ZFM1248,0.4215129035265312
FAH0757,0.6355219063479058
YNP2161,0.42801418054657975
TUH2095,0.43694644249166387
BAY9049,0.3688841085283301
SZZ4113,0.3505376028687384
IAH5734,0.28438347021084187
IWZ1372,0.35312310623158333
YBR4638,0.3819603353713153
MOB7614,0.24640113761979002
ATG7894,0.6298101633567025
QQM8288,0.3668119103554546
XMU6369,0.28639001026991356
DSD2182,0.29314882818830773
JEF9970,0.6950389754029619
BJU6237,0.3519693562252087
MCP1196,0.8756403606371658
WQZ2473,0.40984867309942924
EXP3813,0.4293811023609033
ANY6979,0.3205639522345376
MJT9896,0.31919566077412487
RZF0126,0.3544001920509678
WNT3190,0.34755416885433377
SXR8785,0.7184840020600395
VEZ9878,0.32390082709081564
IQR1803,0.601472151842576
GKP5747,0.461227145992161
KWZ1032,0.5079879713117487
UNG2441,0.6743640664895182
DEZ7950,0.7245057273367141
LWQ5268,0.6110480224441596
ZMD0621,0.4351660770451969
LXS2378,0.2519251005445742
TNA8704,0.09541852447783143
SXG9064,0.4003157575628238
TCJ5769,0.5198989193716036
HFW8197,0.7192703450341175
GHB7075,0.31054770646072943
TXW6272,0.496887246270668
XYC9775,0.3361937382233832
ICN4734,0.6838424293088865
ZMN0832,0.264688898608948
IRZ8003,0.6189189794468062
HUF3490,0.3764726863087408
FCD5431,0.5095288969305497
VXK6316,0.7081562251663464
YHN4722,0.37958687420169807
RTM1575,0.47488683719180785
YSB2112,0.15631148457574873
KCM1722,0.3562700482687078
OTS8869,0.5221756731291552
NHB2867,0.3608620295547116
UTP7979,0.5049296792451113
HSM0794,0.9056622818736692
RMZ6032,0.18754029474447612
IMW1976,0.5341650673217005
NFP1572,0.4171738342447903
UMQ1245,0.47673179471750515
VPI3440,0.37915359623086625
IAR8050,0.24027598027429628
LZR8401,0.4975893795702034
SHF9433,0.4866532428452926
UJL4817,0.8184728188377054
TRR3958,0.1852921950531785
TXD8258,0.6667021636504741
FCO4051,0.24466570886083727
OSB4374,0.3255035574557305
FVW1939,0.7265973804766671
PEX5881,0.2637845025303916
UZO1865,0.6027259851917037
LWE1790,0.20094925329054777
GWB7700,0.5580926059810825
ZOP8654,0.589500240221945
XLA1817,0.3252465489241368
HWW7112,0.5310359190800686
SFB9784,0.6019384651343018
OBN4261,0.0842831931652777
VRM2547,0.3504367289829578
DOC8167,0.3727075470181522
SWJ1035,0.3773470596579645
FLF2496,0.6500628142123172
JYX8578,0.8206696164442729
AEU2982,0.5133419574753986
YVH2306,0.6404155098564251
QKL4250,0.37163834890575176
LBW6479,0.6002359568001682
XQN5681,0.5676723585299217
CEP4086,0.6758984941611604
YGX0420,0.2959405287932542
BKB7512,0.5706001624924456
IXG9725,0.45070294186273946
BOF5544,0.32461883278591563
UYN7747,0.1538368182259777
ROF4670,0.38769770149799365
UGV7717,0.07127636569003593
OEI6069,0.2694621063274051
EZO4175,0.4791737404908189
OIF7758,0.8060453370030286
JEH2919,0.40855713529462506
JCE4705,0.4561281671938991
BOD3734,0.3631602576349396
HRI5660,0.4079125540107482
OOO8613,0.07755368108664065
XCU4599,0.28137116575056736
KRX9049,0.45692712851412365
JOB6245,0.2731033138222166
QNM0137,0.452671137749361
WIM6665,0.15795734885093204
LNU5227,0.43539238059951985
YQN9605,0.38075336949661615
UQJ8425,0.32805869657199377
PSC0175,0.2704675657337205
DJY2431,0.38120338608095033
ISL8214,0.4215810090282999
IIU0389,0.2713375343180892
SZT2166,0.6233977589332005
QGG3461,0.32492508391664365
XCL2050,0.5055382967493495
QMQ1245,0.3022040293611125
DWG4532,0.2304438953653248
VPI6024,0.6583365865223723
ZYV1950,0.384032912655055
ZFG5023,0.5125010568418826
VSF0357,0.33024355397123234
OEY6081,0.1526115215624337
TUB2085,0.1952575053330047
MNC6692,0.478337558918886
VRR1008,0.3840114523573644
YVT6450,0.28634308654266444
FAO6275,0.4958571547055004
PTD9190,0.28968303671445156
JSO5437,0.4757725415813949
MFH9979,0.5064972414916699
SLW2279,0.6768483773082998
AUZ0340,0.5229151062773344
AWU2833,0.621418519843043
LFN0157,0.5258354688602109
GPR0346,0.7268893545294876
MMU5621,0.3739983713576514
IJC0456,0.1331792860837309
HJI0200,0.14081268509924652
PUI7508,0.3822520881937927
QWI3198,0.5890272746704202
VRD3282,0.3438687082634744
IXU9829,0.5438931513578377
NSR4945,0.5538754444023817
CJY2412,0.11517627858483408
SUL1935,0.19943120571003028
WAU9525,0.3928216393188821
VAR5218,0.17138372781615932
OIQ8584,0.3765476165284878
TXN4932,0.2816065062577771
FST0470,0.6992942851117258
YVU3745,0.3779043334758363
VRX1810,0.6468680524622759
ANZ2576,0.32892086770745227
DFT7074,0.5598646631423742
GLT4950,0.5536561553907864
WBD1290,0.10845114444542832
KLD9539,0.2952210652069785
UFD2281,0.2375993439623727
AGV8920,0.3483845482045565
EZM8303,0.29458667894925533
VHB2724,0.6063469424959496
CGS7371,0.225699423316888
KRX8325,0.31225765397682204
HQM2559,0.6752994202419043
OAS4314,0.591248277366787
REU0208,0.4825746731859189
BCK4124,0.6455275109292535
YXF7483,0.32971352275755
EJI6128,0.5349311992887168
ZMZ5134,0.6121785501280456
YAV1162,0.3079153773394319
NRB1641,0.42665783405695223
YBA0436,0.8299828631037284
WDM4803,0.2238536231564587
APA0477,0.1806798799266197
DJJ7857,0.41458035485175576
DDO2541,0.5826868103906598
DTT0915,0.4184073596890507
DIO9974,0.5386577643226477
RTS4274,0.5746286454608287
EVQ9390,0.3941746448430245
GSS9218,0.3898899546051365
QPV1399,0.12138008680380519
ZGP9947,0.44195410401711893
VXZ0953,0.30449235850969597
AKN4052,0.16943365078620634
GGP3877,0.8102877656443703
AVK5211,0.4646644987761383
CBU4492,0.3487472660528046
LGY4995,0.4705065422710284
DPF8787,0.4474027823171256
ZLU0244,0.2575606443509831
GKG9739,0.4201619598520287
XWD6996,0.28730536224135306
AKF5899,0.47960823736490826
UBN8639,0.5410450118262257
UOV8935,0.5695103370794429
SCV5979,0.42647940786331334
WCH0782,0.7902158675213546
ARH6872,0.23308104861384646
NMM7694,0.6494376704507625
ICX6399,0.2666138444606494
TCX4933,0.25761750571471015
UMW1034,0.6621375961394779
YYP8138,0.41140620532603095
SCB9443,0.41923463596610583
ITC6113,0.7265362299256699
FCL9477,0.622396538315384
OXN4850,0.3627694818219362
JYD3480,0.6593144393731787
VRQ7885,0.8185444570506043
FUP7384,0.5387077507250602
QWF1930,0.3216815595854909
XJR3753,0.30018326714665683
JYQ8107,0.43177809864075384
RLK1604,0.23603843199928445
WWU5537,0.8541231778086869
HYS7523,0.5596753137582868
ZJR0568,0.30654782221471105
BRG1099,0.3788273439582443
JVW7197,0.24143694913037494
ULE4248,0.5030227659314646
FBK1312,0.5635793603919849
VSH8159,0.334396589535688
DMQ5786,0.3046942827888081
GCB3430,0.40284155699370144
OLF0501,0.348019802513714
JWD0044,0.6586270335453525
TJP7761,0.5146511507370406
BQX3256,0.16739970590388834
XYX5749,0.6565247457733228
MRK3909,0.3831161620168868
XEA7163,0.35755009481282735
HCW6650,0.6280792051791767
TZP4079,0.427822510067178
RYR3568,0.35770492659954195
KAA8266,0.3967414744986975
EJP3492,0.5745744882635685
NGH6480,0.3229132868247744
RBK3849,0.34077303475306814
AVU5986,0.46222519214895225
BVU1715,0.33124161719335593
WDM1181,0.42324310644374147
FMT3576,0.37359474920530983
YTJ2895,0.578605793388201
LYE8184,0.39833810037411554
TGB5296,0.2856477849848947
PAM8552,0.4421732064090966
FOB2099,0.6361287670743289
PGW0709,0.49956639072239994
WZF7186,0.5442904945058668
YZJ1826,0.32618279943386835
CUK6688,0.4010152700567975
JJL9592,0.21925053774099812
BLJ1552,0.1580698610418816
CKE5978,0.4757871295323907
KEP7251,0.6745609446537809
CWA1833,0.37436139023593445
DIG4152,0.42345251355128827
QJO2482,0.27129485299070827
QFS9248,0.253324638681231
VPB6339,0.8200269837421374
BBN5975,0.44839060683870224
XCZ5265,0.4676257595919555
ALH6740,0.5462111514463132
VFE1712,0.11877095381153661
PBU6519,0.1084738092178521
JIL1820,0.33205975479430055
TKO3377,0.45396827273576096
XOL1792,0.6555878818460726
HUQ7289,0.3336891977391023
EIH7258,0.3401297246893895
XHL3600,0.45021937120679695
BLG6557,0.31856033442148374
XOH4990,0.5209038417730493
SFG9400,0.2439658627292651
CTW0716,0.4621169600700659
EPQ1022,0.31733862675993924
DDF4807,0.29123940002726545
JHE1802,0.399583783107129
XKA0286,0.3458481211492719
KJS4977,0.12102134397529862
KIX5898,0.5564590978977463
KAJ5890,0.11170956727802568
HTN5032,0.4120864140660971
XBG3646,0.7651412424154378
STF0095,0.15794880128460778
XYS3253,0.34306944868050154
YFM9412,0.5166171501837917
EIC9765,0.4621453580837464
SJW3302,0.2352687313453176
GQS6751,0.2958512262722892
VHY1313,0.4497650648788652
JFS7189,0.5746979658643322
UGC3514,0.722601494004679
CNX2296,0.4349529755238774
FZA8058,0.34683656534365664
ITU2802,0.32111778824417886
WIJ2095,0.7043657714641564
KPD2769,0.23974118765961103
SZO7824,0.6535181741810437
VSF0918,0.20345463836261538
QPO6163,0.3708029671689877
QJG9094,0.23671943636086204
WSN4732,0.3778605437448906
QAH7760,0.4422647306414779
QJQ6048,0.48454366271964705
QSS0205,0.3198484888684909
ZJH8058,0.25830771456186497
QIP0730,0.37241362963853525
SZC2380,0.6161816709232171
RGL9560,0.1966736248344021
WBE3412,0.4041580212369431
ZRW2620,0.1964630326482603
VLM7962,0.18836308285333395
ART9792,0.13865745369438806
ZJN9258,0.8303937975980832
LSD5527,0.7450623177563965
XFA9780,0.3222914904579347
YZX0939,0.13128591025600836
CYB1866,0.3372057332559128
EHO3159,0.4768625899515742
SIG0318,0.7075392920116927
VGM0574,0.32959253572572744
VHH6882,0.12004694777004477
ZNX3901,0.5956949794651415
GHC3228,0.39226232563118996
SQG0318,0.3033801705278445
IEY6901,0.3206771617764496
HUS2611,0.4681046338811636
YEH8272,0.13141751436804627
ZPJ4887,0.3756101098039664
FVM9271,0.1757221518427464
BYC7251,0.5299752574236322
VZV4566,0.35108630917575895
HJQ9078,0.417404843415182
EGR2718,0.6289727354720873
BQW0054,0.3615905250142178
NWE8918,0.1812802150553621
GWU4698,0.5587847669687109
CZX9272,0.2818624390792817
EYB9921,0.28167692851973397
XJP5950,0.2335692471858054
IFJ6475,0.46745956180244175
XNM9426,0.7277253855658031
TSQ8268,0.10316194753570644
KPO2933,0.33592929166748586
LXQ7529,0.3519021086632199
XRF7014,0.5667609187602358
DNC4443,0.4967647884569062
AXH1658,0.46203798000506663
AHZ7652,0.6273281810312982
NWH3193,0.21267701397681696
TID1716,0.8404493992017622
ANP3440,0.7268686567899424
OUG4685,0.4973352520652563
MWD7907,0.472263933057341
TPQ4836,0.4355478500638616
AAJ6531,0.5824824588697103
XKG7418,0.5224347372896766
LJF8014,0.4586654304719291
IWF7341,0.18410033997418282
USH9806,0.4036376978746346
HOT8154,0.33000751803573575
DAX4292,0.3336927322919709
KYM4729,0.430327141242925
LKI9763,0.2659497567076881
JAY7470,0.5164981349240825
VAG9407,0.1107007625969137
AXD1373,0.5215207359042096
KZV1736,0.3699250351066024
ION0603,0.46210637589157894
IBD4973,0.5009032505122937
HAX1381,0.443024917342193
GDV3204,0.4129061618917025
GQU7798,0.6212497601932037
GAQ1597,0.5019030865169842
KVP9269,0.5392469244481005
RDH8031,0.213209013323134
QLJ5966,0.5677101604745317
OUM7825,0.2929875637640986
OPJ7108,0.6710337536199947
XXV5331,0.6522016298267562
NIA3272,0.680880754902072
IPQ4779,0.25518335731854175
OGH5544,0.300599491430442
IDS6311,0.40839791695627065
ZAL6103,0.4671117532507723
QMH1755,0.28699052056609414
AXF6974,0.386175281947083
GCI3630,0.27182870879816906
VZW2401,0.33299771644373605
OVE3990,0.6383574493504559
NOV1064,0.20399170347776208
QYK7288,0.6219292564646416
EUR5124,0.5601279111395031
UXL5796,0.5220994184010369
TDZ5862,0.5975945829221033
UNT1852,0.4638824256474718
ZQT3434,0.31781390779158764
RBL0406,0.44683415787126896
NVN3331,0.35213507961242846
QYU6181,0.2291549562645159
MCR9458,0.4475253889559168
INV8873,0.4239411525707257
CBR7213,0.22684177257766738
JHG9105,0.5957804553155807
TMB3670,0.21180748820833958
PGJ5657,0.8188534065263452
UGV5295,0.31790704664148967
OXI5106,0.6564882340601547
DNV3094,0.543801401155004
VAH0839,0.6191415231731454
CCY9074,0.49576751531849567
HSC7757,0.5797752283645535
BRT3178,0.599733436490309
TMT4944,0.7095046671421102
XTK9260,0.5402769117471385
MXU6827,0.35333193453455475
VPJ7122,0.3506190797992262
NGU4725,0.3950671442269103
XHW4190,0.4215633550561147
YAY5524,0.4142783345498075
SSM0392,0.3853280573319527
FXD1708,0.3007516010462434
MPV0672,0.476925557667425
IGZ9386,0.24734881050735447
TOI1490,0.6189824332268992
QAZ9933,0.5792332776285677
CRM2978,0.3058084569951799
OIB9991,0.41946559246493464
KVN4822,0.3964001450743928
GCG5533,0.453135841100599
VTK8111,0.3143041559658413
KAE9168,0.2430892762672867
RGV6468,0.3749529913416914
LWX7015,0.5819359712267808
PZK8396,0.5116944903407027
RHE1717,0.43450850594384094
VCQ2207,0.7551751043366329
VQT9580,0.7693629457708573
IOB0677,0.5118019036767049
QPJ4092,0.5137722909659187
AVY1533,0.3059622506061457
QDJ1312,0.36253663583786216
XSX5863,0.620662278864735
RNZ7687,0.7076413365465433
FUE4559,0.5958589368223662
KFB0998,0.3904394266481798
BJW4567,0.31957647949257084
KUC9637,0.5268705775440936
QLT3222,0.6118789426993553
FOK0149,0.4888243787008495
KEJ2913,0.20922663387466833
KCM5467,0.49739472391347733
RYH8245,0.5927792673614222
RUE5771,0.07486917603145828
HNH0868,0.4385395690248741
XBC4033,0.597709599045177
ZLF9201,0.6185697021028583
FKK0636,0.43904203828454275
WCN3474,0.7356857262978624
DGN9413,0.5538681502574901
ZVT9034,0.26839535466536296
GYU5540,0.17918052102150883
FDX4205,0.2921896017897487
IPD1251,0.43269254057241185
ZFT9168,0.18353437129675276
PYN3393,0.3460711689189359
FTZ6683,0.27044967334950193
AKI7936,0.5054708701580114
MPY2709,0.42246250711306493
NTP2659,0.6672980841018981
IDE2433,0.37244742744430365
SVO8258,0.4469354375074717
TNE9256,0.5191303511032087
LEG2561,0.43398155758312257
UKA9422,0.47715746225940797
MCH1289,0.3194011092361646
IND7831,0.5081311407344099
WLX0704,0.27999197321056063
NJG1634,0.09723512996194184
CBU6288,0.3834535195940507
BBK2710,0.5863373185494237
HZL9836,0.31810379885538786
CHC3948,0.4664725047949873
ZUS6740,0.20752241787169512
VFH7531,0.45145282233707124
GWE2897,0.1871550341160586
CAS5155,0.2067691625325374
GMW9681,0.3648048350570916
MES0461,0.4787546693224249
TWZ5436,0.294678105881772
TVV2529,0.2709467671342632
AQZ6865,0.6868159109474302
OIC4021,0.42202285810501516
MOQ3911,0.20025596057744047
DNS8201,0.2906717940333528
ZUI6325,0.43590896889132985
NJA8351,0.5706022419513098
ODB5040,0.7683380459666421
IPW5152,0.657976312780283
XZY2224,0.5521567981707364
FZB2992,0.26207600341232967
ZRO4379,0.5236142206292939
RJI7678,0.4698985900446116
LVN5225,0.3734575886160269
OYF4788,0.40062209303501445
CIS4067,0.49502730239482656
KIR6566,0.2603553921657095
WRS7799,0.22865967103409904
ISB9210,0.3002272036555376
BKG1713,0.74403829465423
NIG7239,0.34109150638448454
UHJ2010,0.12286256896909686
SGE7571,0.5724416833466802
DJH7886,0.41091456510336527
TML0327,0.5413978468638566
JSU6205,0.7215121295272944
UBA1024,0.3529221750074974
ZWM3611,0.46464284695662705
AQD1119,0.5572526482669931
UHR8841,0.5343654252034781
EZL8963,0.5142329527120001
VEY3609,0.37614722690280394
IMN3213,0.5564034111449944
ZFI4055,0.33499520949444417
ISJ7190,0.27699768294753824
YRK0679,0.528161186741079
SEP9777,0.3526158803858868
XIM9647,0.20277691236677034
IJF2788,0.5112494599508758
HXU6751,0.37328990986588356
LSM8308,0.47714906627540943
FGQ0847,0.392670212648929
MUT3329,0.21044322509160854
EVW3568,0.46139700960787405
FSK9108,0.3890873716244827
EGK0077,0.7252155207884101
RTH7598,0.6164208958903782
OEZ7029,0.31951972278014523
UIN0383,0.407886002362442
NVR7308,0.3754826744374222
LFN0770,0.3820984349056083
WYE4302,0.5124861427490716
OFR1250,0.3761407237551501
HVR7961,0.3304980061848028
WDT2838,0.3007465107008495
QER6562,0.2124792766456088
ZDE4635,0.3518487711349147
BDM2485,0.5408297339606974
FIC2222,0.592900716259983
HKB7207,0.22173665800676057
KYQ7812,0.23749629659722893
IIM0404,0.23005733948734228
XCD1483,0.4519072622619303
AVJ1401,0.34856278651141004
DZC5973,0.7855450734157686
APX1161,0.7594607643189164
GOQ0389,0.45976434180616477
XAE6247,0.45169502157862845
AQX5762,0.2864807168844254
BRS9830,0.5125998753108788
PRJ3006,0.13292445724326082
UBS4074,0.28138224883399116
KAM8647,0.3055297652839151
EBX3166,0.37841177570181106
UNT5825,0.3087778309691189
ATV6282,0.2805246466566192
NFY8031,0.5695621471494575
GDC9171,0.05507899506687819
RID8507,0.3208603927273794
OEY2607,0.6916837677703304
PSW0387,0.28509936882973036
MVW4654,0.24009186455423578
EZS6596,0.7377573089152013
CVB8449,0.6053381150375202
XSF7433,0.4891051351075621
SPN0794,0.29559385866262655
NAB4031,0.3573345526046982
RDP5976,0.31298952954592424
ODE7386,0.5885279909913873
MST1998,0.3836890411860931
BZM9077,0.5345070676245954
DNS0664,0.7667602029952444
NZQ2516,0.589905375702851
MUT8357,0.6156852364186131
NUL1408,0.23956324345195842
MXT6982,0.27547990073314427
ILD5756,0.27445236593001615
SNX5115,0.29829085912604636
VDE5638,0.40380249434243737
XDT6352,0.5627359729913914
ITP3953,0.4335591054224976
SJL0243,0.19977751202273478
YLU6132,0.6047749008059836
ITV2576,0.24254286045518114
OVU3708,0.3374946358712527
FHX7449,0.35566782294820287
TMT6978,0.37781654164099243
BPN2368,0.14689567252267763
HMT7274,0.48428997656064654
ULH3666,0.13439266988389595
GMU7686,0.3776878072382608
QII9327,0.1979382640885359
LBF3051,0.3583818573285596
ONT8863,0.4635350741743192
ZYP5276,0.4790315040687411
LUD5291,0.22328866370953368
TDZ8382,0.2553027486898833
TPG6394,0.431221892964422
RMR6937,0.40018471062570954
LMY0729,0.44442806365473375
AMC0445,0.4037488203779674
SSB1104,0.7121298902457939
JNF8209,0.33470434816964806
RRE2084,0.5096806846642749
WZZ5459,0.5538653983528342
JNF4249,0.14291791237078136
DBO1637,0.6375510044286967
AKR7639,0.18481340674876104
QUR9661,0.46373559533909736
LUS4900,0.45302837722129524
DNT6503,0.5237035291194032
HZR5957,0.30993123025876573
XWR2281,0.31185085491544073
YST3431,0.6251557150296297
IEH3003,0.15818839819233121
NYB9148,0.5690493325678042
PII9352,0.2658147145058262
LEV9553,0.8350034294845928
OCE4351,0.12880272951239305
DNY8601,0.48591199949034486
DFL5337,0.4394401001453207
MDZ1058,0.14058318094586011
ADW7699,0.26547113616110524
BBX5076,0.46754042701527654
WUQ6007,0.33462848512832766
ZEY1800,0.36539021443763314
JOP6452,0.4414113425737112
KIT4113,0.23911409421107324
LIN3185,0.32955103010660414
QHT8208,0.29572571747198545
JJM5633,0.43906704551000636
RNT6014,0.5245680943365003
YPM1923,0.6528357001810662
HHL5681,0.14636975216036352
ABP4829,0.23702947174366606
IFX0205,0.23027166586328707
UEH3912,0.7245800935790191
TKW1098,0.2412621224440343
WYN1877,0.14625521170417619
PPN3139,0.13251766049892552
RUP9504,0.39702175268217355
TFK5517,0.7180117370678282
JEC2726,0.2859934857496948
SCP7748,0.183319475370561
MGW6057,0.46097999814629165
YYN2755,0.11390194177402553
VNB5918,0.5429329214460736
JCG4440,0.45470404726168695
IBD2156,0.2714826558903409
VIX2519,0.40141112556494757
XZT8966,0.7244931653183819
JKW8832,0.5969128730774246
XQR4664,0.4828206429541952
HOS7277,0.4549060209710867
ZIH4509,0.38813021593104774
FZM2635,0.18413130125070368
BQQ2812,0.5555391790915635
QTT1172,0.4687865856376856
EIR5523,0.448416547264014
XZO0242,0.44569991399951836
AZV3528,0.38397767042675585
SFX1939,0.4624168048257304
WZV5563,0.2250288995436174
QZB7687,0.12765208232834868
FUH8115,0.3752416231185185
TMM9869,0.22146294862280494
NCG1476,0.1543406992067924
WJN4297,0.27940114771692776
RAT4822,0.4062156852617041
RIC5857,0.35230921262409365
VSO0563,0.6664887278224639
VMA1558,0.4245260128748595
BOL7206,0.2768889487809398
CZQ3950,0.19671317648035572
NJU4912,0.463004109140162
GAZ8594,0.5773108053481807
FOX4419,0.20191872909154726
LBN4213,0.5316440482221746
ADA1940,0.48681240280554744
ZPG0651,0.6245318803388477
KEJ8705,0.11966316999235681
UHB5802,0.17458550162965217
KMZ7327,0.32966577743374836
NJT8387,0.5181245770650458
XAP3954,0.4100276693525675
FEL1637,0.7079440646670494
IKV7714,0.305892094682954
DPZ1880,0.6623171170946177
RGT7421,0.18064325168171846
AEK9286,0.4815728348122221
ROM8234,0.36940711566179724
XQX7484,0.49080096497267994
OLH5732,0.23944620181751844
EXQ7424,0.3939317403355556
FVH0886,0.3105540377902209
KYL6652,0.2649447252434609
KTM5656,0.7280541382210223
MIG6527,0.4962155387845129
SVR7025,0.32797578432398106
NCJ4089,0.26911527997351464
FHS2667,0.1356019135044965
VHZ2363,0.44993792998466614
OXW0223,0.3209824173596812
PJU5928,0.30342424868254025
IKH2812,0.4524691031421295
VMA0683,0.31461945526789004
TGG9176,0.12379887916370387
NLQ2220,0.3133586727769703
JEG1496,0.6125940885562909
KDZ6336,0.3084788851219052
JQL9820,0.48671843992377406
GRD7737,0.6496994222034312
GFP8654,0.5216097451636813
SDO8567,0.29103530379532644
EZH1168,0.37970779751764466
CQI1581,0.3084844712677947
GDQ8895,0.19148099185952075
YRC6765,0.5839499676261238
OCH0693,0.23887608506268934
DRE2586,0.4448026174809572
EWP2402,0.24195133921460718
RIN1708,0.5553779830277447
LKO2402,0.5905220029475311
RHW2826,0.48134289551062465
NNX9566,0.6752162957938109
UNW5036,0.6017477628814243
SIZ4373,0.335485815586871
XDX8398,0.21316218101849901
BVY9650,0.39242832786687215
UBZ6506,0.60965029487491
BOP0282,0.3501679506698448
XIU8129,0.6903736416957406
NYD0344,0.4794983775855928
VVO5031,0.4470052244508251
XHV3554,0.3487821578350667
KZH9892,0.31066341153579585
TYJ4103,0.4003601492623258
ZMK7102,0.4744348072267781
FFI0442,0.6141026278423244
COH3368,0.40840334912941856
MID8808,0.528489592782026
RUV2796,0.4055628030913911
QJK7408,0.32975437417579057
JRH4838,0.3647465125312949
QQX6215,0.5084133901923332
NWZ2697,0.56373038060547
EZU1406,0.5024427380737696
ZYV2745,0.14972672043991217
SIN0801,0.5422734776866649
EJO5929,0.40358423143617816
KLU4765,0.25644388690633324
KMG1756,0.4885295959755833
XGY8792,0.4380472404381098
TZF4711,0.6156306724828482
TFO2196,0.23218822499855496
YSD2730,0.3675521922778786
UBB5348,0.09126875587875775
JKJ0093,0.23592935456654876
SOS9493,0.3254049734233769
CPV1365,0.35857490088365723
BSO9027,0.684940131120932
XJA8753,0.5861803309223165
GWN9096,0.4897051886788401
MNK4884,0.6374615375320345
PRK6362,0.6060419199472363
LQN5334,0.3460142378991378
OGJ5702,0.4243712953385712
WTD5629,0.4233857003328143
DIE4208,0.5085277712086104
GNE5232,0.3332433183073744
OZH1950,0.18849828842987848
ELX6331,0.4349559379246462
NPC3191,0.22503643504512247
PAH1597,0.6154539987638409
BVJ4858,0.5029381851026105
OJP4439,0.16744285323129304
TDR3485,0.547220928193326
AXV1661,0.3818508934181553
RGG1369,0.5997572454026713
PNI7364,0.24314162612320625
OTI7000,0.5201323451029415
XRG0070,0.2324840586889807
PIP8809,0.3816575531143412
GWY1981,0.17364675541321858
VZI6264,0.35567536584200127
WVO9284,0.4336294400567788
RYX2969,0.6572772306147865
HUI0041,0.3176276880502263
REF0444,0.23361261585624918
NCF8710,0.4935026798180983
JIH5267,0.5801109538965566
SLV2360,0.5617904609403722
FCQ3915,0.2798854997318743
PYL7123,0.2724809744688673
HKH5725,0.18873232737679205
XLO3239,0.1891965362027929
OLN1336,0.22176218484346424
ECP4621,0.3980541596204972
KPS0064,0.5427253209033426
CLU5954,0.30492271887989164
UNG6284,0.13755456369488409
VYF7983,0.5044239542373222
URN1834,0.6028162831706997
OCH6913,0.572783783528967
ACR1583,0.18581384849365587
ZYQ4775,0.10682243680898958
BNU8024,0.10001409798332313
PSC4692,0.3810845383253431
MWK1300,0.7091332911421789
VTZ7837,0.33099248473814136
GVY3459,0.37648024218463755
ZXH8781,0.30796119388937876
PCN7228,0.5816570213874644
ORQ0272,0.16099598924873118
WKW0910,0.4938220667518351
IFM5092,0.3586673641959266
HDJ4116,0.541022442089579
OQB5335,0.22463344606700186
OFX7490,0.4347284259374374
OOU2927,0.45030141807965157
WLT8543,0.45597825274907483
DYZ0643,0.30475518136096374
BHE7518,0.17830552397290653
OTE8834,0.3359906021978151
JKZ8611,0.6472406435240112
DXF2796,0.2455855902358132
BKD4940,0.5683145579623655
LJO5796,0.42940951575993364
DDJ7985,0.3642846075913744
NEG4016,0.6960246789299364
MTS4859,0.2639099238690407
ZIQ3070,0.10136111102454466
MQR1484,0.484175505076011
SPG2102,0.3009193867738725
ZPG2396,0.5697852011600536
BWG1095,0.41384642885119477
IRG5962,0.42346296053124716
EDN5025,0.46698736984950395
TLO0577,0.3856535821909728
RJM5646,0.7847540560245464
KUP5538,0.29179923786653034
ZMH6406,0.4601113983574237
TQI4631,0.7520590418964871
VRA1232,0.18800861619719753
YHS6319,0.2871001100601802
FDR8571,0.29723618726276446
UMU7047,0.21917391173954978
FCY4622,0.6778891221058284
GMN0416,0.5426935719945939
HVO6893,0.5543351884904391
ZWR3316,0.2955408147261122
FPP0788,0.31379048438491347
SBF5209,0.3377889925764103
FCJ4472,0.35672289057405643
KMK8317,0.4343865830222649
YGK4233,0.33687842984715416
VDZ0820,0.48241982837704683
EWA2578,0.511116323821315
API8763,0.2528761462568101
NSQ5830,0.22989130615144351
XIV6334,0.2952697616951114
RYE8536,0.4620320303525114
BYZ2502,0.29609184968569036
CVW3012,0.1581924142774512
XSP9376,0.9361568666222514
DPX6274,0.7164453258291136
YAV7462,0.2776198018623827
TCX1554,0.5046855981803545
OSC7642,0.10208719105527649
BZL4977,0.11473226172975594
GWJ7994,0.502364161091284
JLQ1365,0.5829640274022407
BHN2813,0.33357674975875257
BKI1459,0.3736767389446068
WBD6906,0.37339524633885257
RNM5558,0.44731289013272674
OSX5974,0.5126516786111944
OVX5430,0.22909789224449337
IJG8643,0.5996427707654632
MER4585,0.6028209005682014
YGH0528,0.6267236772369148
MXN5427,0.31943435584798213
IFD3298,0.5886831148477698
WNY9805,0.7426333207409958
NOL8760,0.33189685186632817
HRT4289,0.4194517482830144
FTM3729,0.3309334424127179
JPA1525,0.462087061959783
AAC4913,0.4318115243278977
GTA1400,0.4200559005938891
ENL6464,0.8411133902957159
CHE9991,0.2509009555887844
XDY1278,0.4925269676457141
MVZ9561,0.3092763686600935
NGC4607,0.1668032032333108
BSB1812,0.7207885976788826
GCQ9238,0.7621232241711251
QBW1615,0.5723708952364445
OJO8099,0.2357592909718662
OUX2052,0.21059933405905798
MWX6680,0.3076944033736407
AXZ0961,0.25494903223975135
XPN8077,0.48913380566659076
FZL1982,0.49487712316401283
WIC9070,0.496759425705588
HDF3459,0.3754366687723227
NGD0004,0.27833180852229883
TGG3926,0.5410275629576843
IGK0243,0.20307397094082122
BGV2526,0.728152617217552
BLC9364,0.4517358483233984
OFD7539,0.6095953341930859
OAH1823,0.2249990678662083
NQZ4084,0.40383284313199735
IYX3416,0.2733811726038253
HDQ2252,0.4298519596161052
VBY5671,0.3998994854361963
LCW1193,0.3681846023152849
TNU8061,0.48840643536246825
LKL6935,0.2230351056806709
SUS3751,0.41884550821249483
VGW0131,0.4754413234321098
WZM8088,0.5559398609325163
MYJ2040,0.6761361047604507
KPI8713,0.7415085156058835
HAY6713,0.24861928697642857
DZA1378,0.5074284526774969
KEE7365,0.20037395008393824
OWA8647,0.44154186568517134
TUJ0235,0.5950263452250155
ITC8151,0.40377695279295583
IFG6313,0.29409168948752695
MOK3205,0.6535284277954951
FTY6144,0.30994299824081545
KOA3700,0.7479101781762911
PYP7703,0.5841498682183499
LHC5900,0.24995408633899982
JGZ2115,0.3332434287837301
UNI1663,0.15001732619754893
ZFG6509,0.2589619923809045
UNE9379,0.22766934055732832
XYH6411,0.17124963982068894
QTW5754,0.8069225371865572
FSO3694,0.5893212495195731
HOY4148,0.2639574973936478
VFR5550,0.4163524357555712
RJC9683,0.3436685964082096
JMP4506,0.8864023870819198
EZN3332,0.493932225291599
ECU2366,0.40735610287800367
OQI9772,0.5099548795661369
DEG0862,0.09738603577465377
IZU0386,0.42502177854466633
TGE4171,0.29894267350970605
HGU0195,0.5333721198269677
HYW1345,0.11452997665519904
KWJ9347,0.304010375551896
NEN7347,0.3540572653116618
FWV5794,0.4580064077513229
AME1301,0.44964266150692395
YHQ2814,0.3573740462023247
STY4964,0.15350364779199763
DRD8345,0.49615126612323907
JRK6366,0.31931750818457527
NYD0866,0.5685445159607743
CFQ2102,0.28043097555825897
VOS7787,0.6524171424778754
ZGN3501,0.38436672887181444
VIU6738,0.2486517840069765
OEJ7985,0.19609693721147084
QVP6329,0.320174731511607
EJE3330,0.1620489363814348
NZV9061,0.4050388282319049
KZF6644,0.48452918505740145
OCA2457,0.7694320119665226
NKJ4924,0.43771679773141986
SLS1109,0.16041630565235318
BID8669,0.15063665066560838
AMX9569,0.419141762472706
AKU8460,0.39228124743603215
RVB6841,0.6661659613246164
BJP9895,0.20619746442830592
NUI4528,0.6025228053006119
YLV9127,0.32188601427490465
NRU0188,0.3387563759326391
MSB7840,0.26743653284478225
OUZ2583,0.8249980487138612
IBB3805,0.7525557289345027
SAZ9515,0.18519888209725158
CVL2907,0.6042633524756884
QUY5674,0.4086058396899343
DGM8734,0.8476272077547172
EXD0090,0.2867087641518992
JLL6388,0.28889993016718796
XPI0088,0.6903586938711324
FFS4989,0.4833674457509968
FKX1094,0.3786465783988647
HOS1189,0.4691530363968613
DMC9213,0.26720910627566763
USS8184,0.5000459304151024
NLR9778,0.5688096237166234
UVB2218,0.25121850730791156
UOY1581,0.20081695669660174
YGK7391,0.4474050921207051
EGA6066,0.36476207941513517
DXI2554,0.44589062955548614
JYQ1182,0.5796829915089264
TJF7046,0.460655015847445
HBV3751,0.33865953232120843
HIO2881,0.49002919901210645
KKW1949,0.16224056572365647
EXO5445,0.527629884948532
SHJ8274,0.36640610770678905
PVD6218,0.3481808551300085
GBR0983,0.7741704518449438
QFH9826,0.845811478101369
NKJ6268,0.15885352034611736
LOD1596,0.1922422291385757
KZO1947,0.16464980907612103
WJY9773,0.30860247536796065
OAB1566,0.19028945352833193
ODN6043,0.2765233141153102
LQC3204,0.42527696535192044
FUG0693,0.39417399767900596
FON4316,0.29294927582347424
QRL2739,0.44661534420338417
EUV8682,0.2483686690486655
CPU0483,0.23370773172617532
DBC4185,0.24916940933172682
RHI4955,0.3240922141233474
DGP8509,0.6196281631415163
UTG5131,0.3003239444726339
ULJ6592,0.5226835703909198
BBE5979,0.6298844441961844
BBR0750,0.44720231158560986
RNF0523,0.45949188581078043
RMX0277,0.5120955631641058
FHW5229,0.5912570584663858
JAB9481,0.2645842015702446
PEX1813,0.3181501987452585
KOI3974,0.4153443514690813
TCS4563,0.4447064848472139
RBV5707,0.7790529057340425
FTH0281,0.5121504283970425
UAH5815,0.2917486151368935
EUB9838,0.42729671123492735
ZMQ2617,0.5847880789779403
PXN4987,0.6081614234074552
NJW8728,0.3880430927148595
NSF4229,0.26714954279887804
SXU5601,0.44294649267828423
WCG5642,0.382679585828915
IWH0066,0.32548104365921987
IZI8962,0.6008334952580832
ZXI3114,0.7211283679666152
TRH0877,0.3249294046172911
DWS1156,0.21160175712016108
BNU5172,0.2831302225147378
HSW5481,0.2669745267393951
KWN7089,0.411015944335452
LFF8505,0.5066656612343182
GVX5582,0.38833058116503655
VDU0832,0.3668010881289669
VIJ4798,0.4205719354750331
YMM0458,0.233362464154124
OGB3564,0.29750072065391536
MEQ6866,0.6259683002531763
AOE6958,0.26856208049810054
VEK5561,0.22563169886713508
WLL6206,0.5589689084780811
LNR3498,0.29632117595991825
YPZ7612,0.7049886876116225
GCX1531,0.5605225793678641
TXA7847,0.5050807633750071
FJZ0116,0.5170958235585137
LJZ2683,0.49659249857457594
EIM7860,0.2674646341681895
AUU3823,0.582571260833494
CHX4581,0.753763843347722
YRD0437,0.26365070177953587
DAB0671,0.44107352550352436
XDO5057,0.40503534433588245
ZKW5475,0.5013508530574423
CGO7243,0.3590183364133434
EWZ2252,0.5070186077715366
BWC2297,0.3568378410441295
HVF8197,0.35209118441064197
AYH9061,0.5538678928027336
AME3933,0.14928516916342865
XNC2032,0.20772787735025822
VTH8783,0.3035849558398956
XCY4881,0.37813938658602425
GSJ8580,0.2739951132299034
WQQ5955,0.6088672951043174
OMK1405,0.6961819089761003
APA3758,0.23318275830996119
LMZ3692,0.5547362488493491
CBX0707,0.2905203299461588
HUD3876,0.26041846226726745
FRU5905,0.3715932133136892
PMS6526,0.7636582262232859
ZXJ7471,0.44021949128871407
ZBY6746,0.5565958426985916
NJT9868,0.7502282003387178
UVY0564,0.1494083120809619
SKW1143,0.34176990478858205
ABG2525,0.32925770365265966
UFU8390,0.5793337652941323
NGT9960,0.4832278465980842
ZRY4907,0.5042090699754694
BGA9143,0.30275719360579745
SBI9198,0.3105054905967835
TPZ2821,0.2664092468969858
ZHI2106,0.42463178909393706
GJS5356,0.6973378252169792
SAR1513,0.38154697847889096
CWB9113,0.5208505053015416
XEL8841,0.3727472262975324
ERY3718,0.21129173006563573
RJE5240,0.12400414292431267
QJG6699,0.566770568472585
RGX4351,0.4978758665999062
KOQ1552,0.6437297106146236
DFX2670,0.18449348532284335
UTW6638,0.48973268750186216
PBX0575,0.5184231889144661
DJU8355,0.2304936791701692
OBM5317,0.7403894105255858
UHI0457,0.2500488988227127
CWC8353,0.629214841478052
GTN3770,0.35561854371984913
PWP6352,0.43060735929510435
BVD4367,0.2518638113398273
EZU7351,0.41117348292971645
LMC8257,0.6923890056003441
WXD5973,0.525515121651767
BQS8990,0.32911918735599605
LZL3343,0.26583097012723206
SMQ1462,0.48180773083998546
TFY5736,0.4722483227740046
NEW9673,0.3695596206498255
WTI0208,0.7223081878714527
GOL9753,0.6621318939051508
HRK1159,0.4786269389925913
QEK9330,0.3819013920761969
RXH2280,0.2865752354564432
ZFI2141,0.47529467717189045
FBP4085,0.5124781429569328
LRW6457,0.18498551010415462
MSA7617,0.17798514310564495
HXJ0847,0.26663080972166203
FNI8232,0.2334234607164822
LRM8286,0.524978182094559
PFV9823,0.14339019155911872
JCE3764,0.687234510772894
ZHX8548,0.5312205511544942
QFC8467,0.4371183558148452
VNH7366,0.5163202646165704
DGR6762,0.26807340871354485
CQO4483,0.3327032248913597
JRA4800,0.5792059063283651
VEL6171,0.5127164944970491
ILO6000,0.5118710489604125
UGZ3030,0.4643878380506185
BSB4917,0.2748092336219618
THD2413,0.4154682627133026
CED2110,0.44018882048085156
LOR3260,0.2366281023301781
SIO5381,0.5955269802761772
AOZ0664,0.13912852900295922
VHR7684,0.10265338267465329
TFV5435,0.5897974826992547
VNV6240,0.5574482646748878
VJM9383,0.19112997934442696
EKP3156,0.39429762273181196
CKL4208,0.7561440371683897
QMQ2073,0.15876886219142686
ODP4214,0.5579139136130477
EMQ4270,0.6677502122757605
NCO2846,0.7408831059440372
ZKW4912,0.50990456865564
FSY0685,0.3304241634716851
PMV3303,0.6333700613716079
MHM7359,0.25528464788830635
AMU5446,0.7199407886104131
VOP0406,0.21837549390892996
XWN2574,0.1071899292647832
USF3234,0.23360043892511975
BWZ8496,0.6262363093260322
RGY4012,0.19329890765543944
YQH6242,0.6278335215062847
NXM9286,0.5411057421618454
VPK3577,0.385913141356858
ANQ2382,0.5887831813228904
CXF3459,0.3044744916203809
YYD2813,0.28671640987299435
DSE7516,0.23896106402165565
BIJ6208,0.39198254649144654
HKR9614,0.7640503650732885
MBY2881,0.26715785355806976
RNM1234,0.16612411937719548
CVF5149,0.6849686949200914
DQT9935,0.4822642472826355
UXD3629,0.12938469608582284
ZPM2559,0.35422787530754585
SUF0190,0.3605631592656103
UQC7394,0.6326435245122062
MLL2713,0.18599087636793502
MVW1001,0.4160150134601257
ZOL0937,0.41346456492433964
ERS5113,0.28673511834074633
OIQ3452,0.5857647223338337
KFJ9679,0.15371679202764177
UOI3318,0.6881637189570516
TIL3217,0.5385479547238391
LIT9079,0.689033610042781
MGN3958,0.46900399499910805
UJS5723,0.2542797854539184
NFP4748,0.4621670837854368
SBB7768,0.5920163382797686
NBT7826,0.4949402103388078
XTT9899,0.5816743003727094
DHM3901,0.558417482849643
UBU1016,0.5642103503529518
QEO5046,0.4308621374658186
YQK8315,0.24796426399956437
JEM8731,0.6863595721123291
TJP5066,0.4562251399464678
ZJU7735,0.11313926917421453
SDI6080,0.5869238871675396
CZV3482,0.7370194510668032
PQX5630,0.5427972197756595
NKZ0214,0.39522076074356893
HLX7206,0.34345983860553764
YZX8841,0.15329252156027617
ECQ2509,0.6492626991392662
MYL9728,0.504285646930646
XAQ8230,0.271847407377461
RKG9466,0.7752056132076165
GFM9961,0.38158460133953304
ECR8128,0.07423805445182356
UUR4860,0.33203095559862456
XFW2308,0.24673271559640678
EGP4520,0.3732705448949723
KCR3281,0.5444572147829437
LBZ5822,0.2045384451524835
MSP5345,0.4028797686978458
UZX5829,0.4285316626517086
VLK8520,0.7125683265699588
UFA7337,0.2304733357333454
NZL9708,0.4182194197739945
NPS8684,0.5613081870478497
DAB4074,0.36942981276156056
KHQ2631,0.22092262914002445
LYE7723,0.43799403194878916
IGH2607,0.8164022308571491
TAI1258,0.631907235365733
BOM8677,0.3011382429981433
RIA2278,0.41350956149011714
MCP2020,0.2899929526045301
DMU7521,0.37071179933946524
OAN2005,0.23089692062096043
QNX1018,0.07629570491566894
PIP0182,0.33519053920397823
GFF0570,0.12205380174043579
YXA8986,0.17428939509013255
JLU8438,0.35010194839251624
ZYW9004,0.3332861483875717
NFM3278,0.3162200785839715
KIU5533,0.4127878303168473
FBW2168,0.35649542096161
NPG4374,0.1620042257318162
FJL3478,0.20182565127611243
CFC6920,0.505352949209534
YLG9645,0.4475413530935713
HQA1719,0.23471812610080464
AWQ8996,0.19112830065781905
ZXA8304,0.4113426026672489
UYR1714,0.4678291814347621
IWS8403,0.4120954388913621
BGN8123,0.4621822353919254
JQP2398,0.3451990565777983
XBS8326,0.27752479494036547
FNI7163,0.5464103960200705
SOP6458,0.3302700752653376
PIF5803,0.3695826951918562
MKD6010,0.4482479374526837
FMP7211,0.3547746760198823
VHF3016,0.14510850321053972
IWS3982,0.3355880657611954
TQQ4585,0.2566341952771918
ADE5557,0.19547475321387217
EGQ3082,0.4639584467252426
HQD0501,0.36213386137695736
KMK3923,0.5115770058117326
DAH8950,0.2987857293754589
CYI7850,0.532311427207844
LKI8677,0.3533847720047776
WPJ1514,0.524829290350021
SFZ0122,0.31880988767141355
FHA4722,0.25371886069279986
WNY7098,0.48176639732757215
UEP3307,0.38653240800922056
GAJ4574,0.10841922212137522
KYG4754,0.6198678844160381
BCY3028,0.42192251660581026
LFF1558,0.29826380062971547
YBS7007,0.40206136693670164
NKO2158,0.628225426256886
SPX9613,0.13947508338761494
NON7604,0.6469661819964463
FFN7247,0.5314979299356141
SQG1697,0.5082119143625885
YDA3984,0.18414090297364535
DFB8435,0.4404791191107702
VYJ0443,0.2562272149609058
VCP7262,0.6958505257217725
WRN3435,0.4793515205322761
BTT2446,0.4388727987256252
LAH5377,0.3497320674904986
HSW3806,0.4175224704047847
HRO1928,0.3290540802285716
XLU8146,0.26955568561584803
SIN1614,0.44403016857028793
BLN1988,0.34026906358016146
XHK7418,0.2695955728846008
ZCA7979,0.24627681240940044
XLB2047,0.3586848109404002
QAU3695,0.46948568648391636
GOG3970,0.35874797566631184
ISN5239,0.23381350340203513
CPU1536,0.68950489111452
MKX9001,0.3454384280067641
KOR9892,0.294292718389447
NLU9073,0.48503071178905666
KIU5875,0.30353974528753963
WDP5238,0.6773946458652147
UDM5755,0.5752256101381855
GUK5794,0.2099271129721462
FYM8868,0.22475333375008488
BHK2487,0.4667621619577093
ZRG1286,0.7993634839104681
XUH3076,0.42797312572323004
UUM2341,0.8171772685639521
ZJX6721,0.409535186247674
SXV7548,0.46553344056323204
ETL5828,0.4561552646853492
YBV0249,0.6375938808238487
YWV0248,0.6236668918084067
LHV5651,0.37993216432638843
PIJ2107,0.2985168903513527
BAZ2922,0.4119132808320061
BFN7414,0.10169168255927019
LCJ4382,0.32249451038162913
MSZ7963,0.8085029279933208
LLQ7511,0.4667150356307805
EZQ8929,0.3260938079642751
EYW3271,0.47365648041006175
LUR2550,0.6527765602646224
KWV5171,0.335479477539917
BJP6002,0.5345257973020018
GAZ6352,0.35132238120814524
NOE5899,0.2982211157434005
GSO6330,0.20428755281452946
DAH7009,0.5789265832423186
SLF0607,0.41834276440352197
PSS4938,0.4383298695519908
YGX9689,0.3805185946625587
BYQ1680,0.673745390800486
NSD5065,0.7238829377779755
SBI5104,0.13832028825812118
URW5994,0.5482716677973817
LPU4091,0.35811792263896036
UVH6494,0.4375736670563544
OIA6408,0.48150914439395104
KJF9569,0.4482116459674586
XSB8188,0.7464604388017614
KPN3155,0.5382838166336308
FSZ2003,0.5442852578138409
ESE6389,0.32404659079384895
EQS2051,0.45057270327155674
JXM7806,0.49572123804583956
FAG4187,0.14444794089556354
PSW9861,0.2687863888948551
ZZA4074,0.2754079585845635
HAU2809,0.7334776896932965
VPW4006,0.43603340677176045
GEK2385,0.5279684079952398
PSK0074,0.35650759680490535
JDP9071,0.48970190407551256
BJT2367,0.595332696858938
WZL3394,0.1583438642695132
YMZ2832,0.2288582293940815
CAV4415,0.21521979735788274
IWC6782,0.7099442112679698
FYS1072,0.47701459049758954
BKO8859,0.30360531074327146
XPA1096,0.13598943323684484
UTK9333,0.1568928594277497
JUH0752,0.5398463361106906
CWE4540,0.5557985045419724
GTT5772,0.3930872213870334
NMS7261,0.36247991087306897
NFC6092,0.5841132451230893
SGY9017,0.2578032711895199
IQE8101,0.6006191492738084
SCV6718,0.7067471914776312
CHG1677,0.36934248008619575
FXY2129,0.1055865458237462
GDF6179,0.715132281667547
VLB7065,0.5811132446595013
HUT0035,0.610240356013815
CQT4321,0.45948297841210506
EJC5633,0.40042577127858675
XFS1411,0.20823886563580482
SZP6865,0.5496034347627048
PRT5108,0.2713055770235948
MFG7332,0.6768027761759585
IES6695,0.156429800233742
BGF6096,0.33890034540467534
KMX2095,0.5333910979931346
BXV0396,0.5598065254460303
AAS7113,0.3629476142546597
LXU4185,0.35315071905572665
AMZ2875,0.40220673019288417
VTO9083,0.42811487046468133
OYV2826,0.22569403811375846
RVB3422,0.35170427998426684
VQL8869,0.414449548419702
FHI3975,0.5713798009584025
MRT5122,0.5257671129371634
NZT2696,0.5192869594992546
UJV3086,0.3652117577338312
MWX2959,0.5506550922397447
JRH4241,0.656891603364925
WDY5282,0.6183562908124509
PFI9861,0.3707260716285541
NLH1159,0.3552744263030521
UMO9863,0.5029265122930399
WUA2558,0.18668758184726286
BOV2617,0.4491944175970219
HUF8662,0.5348180736215472
ZGV6167,0.7645510548776734
FJI7768,0.49080489836408114
NYX8294,0.4112477834384885
WCS2391,0.36642262973190776
YXT8825,0.33041810480559547
UYD1555,0.6527524754151318
KDE4661,0.2860924961162892
LFW3799,0.20974569250122443
BOI3325,0.29106398933781547
JBD3230,0.6310606437576493
XOO2590,0.7057680637365591
VPY3256,0.47134236882783914
FWK6396,0.5471827624416523
AAQ3587,0.2769182850704726
USX9973,0.25435246445914816
ZFQ2099,0.6279186034670242
NSP0769,0.25358690038728615
VZW2794,0.3599641613184687
FPQ9097,0.31179189873271823
FKC0825,0.30886253892318344
RNJ6469,0.19416090684689288
FHX5987,0.5204978543022144
VKA7541,0.45756482172109836
ENB5449,0.5798509498883236
PAY7678,0.3637417350008376
KZS3695,0.17577847418804274
WNU0768,0.33847497467169624
TJL7779,0.28121636843519676
HUU6061,0.8183041525639657
GIA7202,0.26212420207086334
JWY3275,0.7059141486595526
LRR3413,0.0941811039452608
PSO2484,0.8656164789210918
AMN4190,0.3460881405435939
CMM7729,0.42565422514007994
WMY3696,0.18825376143513242
VDS7382,0.2773976285478479
JCU7529,0.3361470827231359
NDV4582,0.23978590725414928
ATG3843,0.5559131968996653
BVB6806,0.5479766618084957
OVJ7342,0.46834135248189135
EWF4593,0.44344538683203466
VCY9319,0.23480795468951263
JYE6112,0.588638555748759
XJZ7853,0.20510451131603813
ICI4338,0.3211306270272927
XMZ0098,0.7179298902878838
GEE3464,0.3115726983525058
WYH5383,0.1325533033232663
IOA7460,0.42234521942940084
BGH0751,0.20974127170772672
BZZ8446,0.4663479199527756
UAL3684,0.21758915467495857
DBG4584,0.409409073326468
BNH6408,0.22273081025324384
ZIQ5333,0.5193806649178129
IVJ7741,0.5905327209767054
NTP5344,0.3871337776446739
GVG0103,0.3554405853430956
YJM9336,0.3232960996683156
QFS7363,0.2008752247502228
PDI2374,0.5267290001278518
KXT0789,0.2790702290190086
QFP8139,0.15043046009798192
PUN5266,0.38795592166137244
SVH2177,0.38230236477299684
YJR6111,0.36150321498178606
DSS7133,0.46140161961632825
NCL7062,0.34550693718583236
AJU0855,0.32836098676102177
XPK4890,0.5922352643777746
WIZ9924,0.3698630920040398
MGV2706,0.7660270764789691
WFZ7199,0.7149208023393804
DWL8248,0.2649352584715114
LAN6798,0.5211175404810199
PFP3113,0.640150492433824
UXE5171,0.3963071054409741
BWO7771,0.725660507977366
BCK9106,0.5667843491893184
KFE5862,0.5211277228294656
OSV8609,0.5643340325426435
GBW7920,0.7261833443498098
LKC5945,0.69727104052736
UGZ4314,0.06787885769767037
JWR3503,0.15314801103300715
JQG1138,0.5401439047011097
DVR8493,0.35303828185388353
JOT3091,0.6692574667855027
QUF3899,0.7032053296867552
ISF5324,0.3516734208471865
MEC7902,0.37614103098004253
JXL4357,0.3176302841445982
LLR5129,0.2290765212771314
LLX6667,0.5050904731602873
WTI7122,0.4718091278376286
PYY3836,0.24442348070756278
CWM5708,0.5036877241880343
ZWD0729,0.49210475106651996
AWZ1380,0.43798374335596724
YUY9265,0.46090663490734335
ZOP8692,0.2546442170015419
LTZ6008,0.28360246947042644
IBA5631,0.6281059098048222
GEO1078,0.3256763752976577
MTP5467,0.1606507073239717
KFZ7463,0.2502939347088093
ULX1591,0.5800923131793992
IGH0605,0.2746354340584733
QMP2561,0.24223212658707194
OPY8179,0.8436075834046317
ONI1797,0.4677688762770675
DRK4458,0.19015573784919204
OEJ7372,0.4234115442950051
GOS8120,0.31582801853437287
WPR9475,0.6740571791362564
TQS9197,0.6305481190840264
KZV0779,0.25353347421842387
HYL5313,0.23813225194092094
ISD8532,0.7177959781697106
XWV4369,0.7405048219350793
YBN0441,0.5836861377231629
XJM7641,0.10161486048236203
UOL9545,0.24838034713378307
GTK2540,0.5141994276167483
OIV8849,0.2053454995194471
VEL5401,0.5464293446097802
VON6500,0.7003638227053651
QXN3582,0.35155070825693485
KCS2600,0.20527158009876964
LNL3239,0.14299685533123466
ANZ7871,0.7578527395149656
TXH4345,0.14757232842223614
IGO7620,0.6722668415839174
YUW2965,0.6640050455836845
RUS8416,0.1711862474874631
DHZ2877,0.7823271914548954
CGE1904,0.31233174873029274
DJA6086,0.48202022724322924
JVF2534,0.570088838929493
MDR1905,0.5710607717986903
FDM8444,0.24661605341897178
MYR9045,0.8438040731389069
CHH7599,0.21416626386111293
YKM3043,0.2338107074718753
PCX2311,0.4209845551121704
BPP3429,0.4577226304469988
XLF7396,0.6668497076676881
QVD6861,0.4270317704667028
EAC9541,0.418057852392773
JNY0669,0.7934475642469669
CMY7360,0.34642290903822454
RTG5042,0.6872030501694861
VPT3891,0.2025368320666137
WPR3809,0.5779466452961596
EZG4620,0.47730907688888496
PVO0967,0.5382000551511247
APS3407,0.16564337544429902
EXM6711,0.3422716055081252
ASQ3605,0.4261489599665886
EMZ9496,0.2811512622649
PRQ5952,0.70314871548162
CSV0355,0.15498564884493934
OWR0811,0.2697564037177752
STE2994,0.438195077439564
UCX8064,0.21330324430422928
AEO9747,0.29310074069304193
NHE1342,0.3860103773821872
FIM2448,0.21629094449864392
VVI2122,0.3198319099631403
CHU5307,0.22303772922236983
VGS2219,0.5144610061607007
SKG5089,0.37655250384174277
QZX0534,0.24923283096351687
KVW4203,0.3371104034546755
BTY4771,0.4375381557506315
VWD3593,0.6098775195882248
EGA7849,0.38876472837466025
NSO0204,0.39697096500084145
BII3399,0.35541374867233855
DIK3381,0.4774356959004263
ZAD0002,0.31760284166234604
FZR0923,0.15021803482691842
KFJ7839,0.35412831426982955
FDW9073,0.5344944090257001
CDA5025,0.5872358158145071
ZNO3134,0.4095467939192596
UJR5843,0.6644032735259962
BAY7500,0.5125141356967032
LBK4717,0.6123148358464803
JPW6842,0.7891225625852808
UTN7073,0.2419013089278339
PLA9363,0.3605516026499656
BHU8373,0.5874541725041048
VEL7874,0.45289791066736046
OWV4701,0.6919353369001536
YGU1647,0.3549290150875401
DPR2681,0.3498569726062803
AHG3945,0.2749346559367442
HBA6797,0.4596772660858776
LIR6551,0.3359353587027381
QQA3477,0.3974720016428339
RLK8064,0.39727590890706654
FZE9803,0.2191775247076646
XHC4412,0.4567493134991573
KIC5437,0.6648367821965736
UJK6515,0.28093535064055053
WRR8006,0.4331614233730166
LIH6194,0.6237934265364994
HOM9326,0.3426390668889933
RVL6761,0.40683517402445907
OYJ9371,0.41982490972506725
PAS8310,0.6100293365956188
LWP0450,0.40618127622218525
QCO7801,0.4447934988861238
VPB2229,0.19445226724144934
SFD0686,0.5505373907891679
PBN6180,0.35079261967116815
OFV4378,0.8163252140794578
RJG6648,0.37911214155588063
TJG3580,0.34901701303625704
JMD7331,0.6487644613241158
ZVK6303,0.2577341046908365
GXN7069,0.3999789824819337
MVH2014,0.7447516278217313
DYT8927,0.4561406746415642
NBL0712,0.9131408771647648
GYO0155,0.34737690538213156
IAC9902,0.08734302678515454
DCT4033,0.7682299157600921
QWI7337,0.2836616678617634
TPQ6194,0.4489196069497791
CXL1729,0.3358624565447415
TQQ5065,0.1321307710622437
ORZ3223,0.3386784092066945
ZJT2723,0.21558176226224948
GJX5455,0.07688322446772063
GAJ3499,0.3159369532996042
QJA2746,0.5099784301234239
IPN4571,0.48724690950609445
THG8073,0.30027459980598226
UPD6273,0.3255818431765624
JYL9827,0.40346936281934576
UQX7522,0.35241313143214575
RJE7226,0.5859626833388246
PXO0226,0.49363651227197
RVA5201,0.5000593607824225
AEV1617,0.46404294126683343
QCA6988,0.6172722132466442
BUP5917,0.29024747480077234
EUC7877,0.16851529667375734
LMA1495,0.43787293756540224
DMS1343,0.28513830428124115
BEY3736,0.470917223198986
REI3559,0.4058500535154074
VFR8526,0.5212672935070523
DXP3708,0.22616191291725285
CYB7594,0.47602542000433906
ZKB0497,0.49059041557284394
BXD9603,0.45094753179343733
TBV3936,0.6733780168394595
MEK8872,0.5253296775642705
AXR8386,0.39814955249809003
HBK0550,0.13165581733594575
MYM7993,0.13071227275969569
BFP0803,0.48999926294964197
OHY6574,0.23447385783677785
XVS7344,0.41688111484209833
FWE2319,0.4434813272260906
GGE4068,0.43073630484567915
SFQ5356,0.3553575949972481
IUR5201,0.3036434768226713
HIZ5925,0.4455822268812275
FLM9708,0.5801305667019522
LCR3080,0.5121054662106718
LFV7294,0.2511772150682586
GTV8967,0.399645251291199
XIW4088,0.6473695269258287
PDB5618,0.5389000927178972
IKW5382,0.26807582089326415
QSW5028,0.2920575451792263
PQK1609,0.32295754273269156
KFA3706,0.39564414063597697
ROG5869,0.30440240792278717
IZB7057,0.6828063198034676
UGT0576,0.40717729744199893
IKE6341,0.293563465945292
WFD0657,0.2633098915182475
NRR3437,0.13205528084616694
PON1393,0.5787179839825481
IKG9157,0.402241092838807
STA4873,0.287275844665232
FGT3217,0.3740404066868615
DPJ2630,0.29670269171949565
XKR2285,0.3078885778276707
TGU4244,0.19239413522416138
WXE0371,0.7445873534007402
SKV1611,0.5640722623848635
WEM7796,0.2055146819877843
HKF5825,0.29278792147985827
MMB8694,0.24926718548133645
YSC5977,0.48269962356302165
ALD0226,0.44030038397630805
RUJ1149,0.6673585627754677
BIT9596,0.43256030950775975
QDY5235,0.4161523733664234
OBF2010,0.4270721672996937
DNI4141,0.2947514968398169
FIO3277,0.26321027889486
EBU9897,0.2885080554147457
JBB1038,0.6658221891915524
HOK8117,0.36502860882200167
ATI2837,0.5103581082174155
WJN7406,0.15974413100298532
TBD3532,0.6754669252065955
NIP9564,0.860145067719153
JFT7708,0.37794480791650514
JCX3888,0.7462592222982583
ZJT7098,0.6667926060955596
HMK4154,0.3924195204690076
UAO0030,0.23213753795520023
VUF9010,0.46341939951644
DWT8749,0.6056931257906952
IZG9580,0.358484655823563
NAV6508,0.2285027281955753
PVN0440,0.7428002461759228
RBV2680,0.8541043231561405
KIO7475,0.1614101660799957
QIK9112,0.28384332903885284
YNP7424,0.2649123100265088
LNP2526,0.7677595099020859
JSS7069,0.5499671297992513
BOF6549,0.3014327219219313
ACZ8821,0.41906146542318945
BDE3165,0.6745640468367856
MHK2146,0.5872066377601636
CFC1014,0.6289280151172316
NVF3938,0.40662289615664293
BKE1559,0.2792533146521219
XZY2744,0.20676208990072373
WIA5017,0.5870381030259014
ZIX2511,0.4547727450028516
WGU1584,0.4473238511597423
HMQ7762,0.555129690802545
DZA1512,0.2509588923310395
BZT6517,0.7855064392110508
LDX9294,0.23737812859867766
AVJ1407,0.654638792071872
LVY1540,0.17182466214456624
OAQ8445,0.5231565748718969
IER3992,0.3907304054292779
GSH7565,0.20305930973491856
MZL1445,0.5663508408411552
UTR9251,0.215351246366983
CWQ8289,0.5640875141519248
PKY0579,0.40396278796518553
BBG2676,0.30744149397051684
FJE1300,0.44688540024957485
SVU4532,0.1088576124261208
HLR5621,0.26239197447976653
ZKG2634,0.3468316927166944
EMJ4291,0.45997860833697524
KTM9004,0.34607864191064186
FEQ8164,0.3726203151927678
ZXH0943,0.3245324360145032
TYU9186,0.2971005157162292
EEB0624,0.7950217186964311
LWQ9693,0.2370742720797486
AYO6751,0.39322429151012117
MEM7039,0.5917095104109132
XCJ2719,0.2786308753710596
VBI9490,0.43632804863696634
JPN6438,0.39856607574380365
YOP4022,0.19909077755387727
WIE1670,0.2548031446160351
ZZG1279,0.39902471445884674
IBY4892,0.423759720453781
VRH3683,0.42285490830970973
KTV1619,0.26647430594804566
GQB7094,0.4817831750058221
YCU3371,0.314961706721006
DTP4491,0.3814698888593154
WIV9796,0.34580666381784114
MJI5663,0.3801852477675938
WCR3433,0.4867464710729204
VYN4221,0.289287327088475
HVJ2795,0.6089676257044379
WTT4377,0.18519984591798258
LDS2388,0.11774153308789213
UTE4496,0.2802702270371155
VJY4583,0.587009941143387
LSA7964,0.6324945998516619
BZV3649,0.33220918608153666
LWS1272,0.4373470515731482
VLH0947,0.2382674773005843
ZVO2998,0.19331972141880072
PBJ7693,0.7578435607831286
KQH2058,0.27985122989496797
ITP6992,0.6250062875768984
WKQ2030,0.32445477133549505
TKJ4454,0.23736442102562638
MCT7093,0.2526548919213501
LQQ6326,0.6888112779792473
RKB6395,0.1605551558126542
ZAH9261,0.4433358762531863
GZI1127,0.1929807599984867
CVV6331,0.6451553417050021
XQA2811,0.4760046720705097
SYI6054,0.6866494776329356
AMY0655,0.15248647299693213
HZK4281,0.1774280838367678
WNT8145,0.2682386247583844
CCX6236,0.6357528772925892
OAE2016,0.1904890249022837
HHZ0542,0.2689733492067214
DZV5764,0.44858118812024195
WXR4271,0.24271260588547927
NJL1519,0.6490776651883272
ZBX8960,0.2962850107796262
TCO1239,0.8476965196042089
IZE0277,0.3885997916555368
WXK9583,0.4303105256719188
FBE6451,0.5724835981245928
FTX0418,0.37117609008093627
UVJ1190,0.5780233553394192
ZQD5170,0.2429232423300476
MMG0954,0.18429640225659952
QTH7652,0.43655040320185234
EPL8454,0.7094525029302847
ECP8252,0.6735297547376837
ZAU0784,0.8067504168189293
ECW3835,0.6844206912049003
CMS0318,0.6073665067431931
WLW5649,0.2626471503343799
JHX5386,0.5123686293263016
PCH3333,0.47373888967314165
CJD4090,0.27256997494905977
ZHQ5954,0.5807022398664095
TFC5723,0.534711542773823
WRQ7331,0.3465004598568351
KAN4912,0.19875398842660463
EPD8279,0.4439763338258335
PDC5099,0.6472069723092027
DPY3938,0.39678628355574075
UDO2330,0.37962308657545724
WKK8778,0.39180835718144125
KJM7083,0.38880955501822845
DCA2616,0.3983409218493266
XEH0275,0.2219871328599793
BVJ8088,0.42735267744657585
ZAQ8758,0.27193285514059357
HRF6526,0.5284822948279015
QQJ4189,0.76299888964815
ABK5848,0.6873760130040282
OEH5253,0.7033718243970221
FOT2445,0.6102117488609405
UXU8867,0.22922175364159916
HUX7982,0.5163309643196138
SMV5436,0.7808081786017921
FBQ4481,0.23793934228983724
IUV9080,0.11945854886206457
LRN0740,0.4894224759710988
CBT9092,0.4491447204837605
CQG4678,0.38692718236083756
JGQ8837,0.15238293412009477
RSE5980,0.3315050523529648
WSZ8728,0.43728494742785057
SAD7889,0.7536366439671308
DPH0398,0.7626964138677801
UQR7067,0.24351377465261068
UUY9624,0.7513995008179674
PVA1710,0.8333097003455228
BOT5603,0.36440494466645146
LWY7653,0.3117710019215933
YDH2973,0.3574466485988701
MEE9924,0.46494846164595005
DFH2841,0.50983438433851
JHI3131,0.3855142487222836
AGP6903,0.36583689357723853
RSK5328,0.35634663433115765
VWE4596,0.3245518599069346
EVB4879,0.24423479336504914
QHA7457,0.7575741744334322
BTH4717,0.7138641031635121
ZYR3814,0.3504024252547278
IHS6850,0.6925493709033327
EBB5326,0.31901196480013116
UOC8757,0.41077137914717315
VGX1724,0.4554723433435032
ZZW2620,0.27743503230387573
WGP0738,0.27336546827769337
NDT9688,0.4320564599041749
RDG5759,0.09474113629911791
MBZ3219,0.4498398906714498
VOA2778,0.2365657199888002
TER1659,0.39267747331324304
CPG1677,0.2822832529160209
MTD7705,0.5127124335039385
TXG5920,0.39993121570443896
MYX1390,0.547337349594378
XMW2906,0.4653587790309408
NVX6011,0.3291838923784753
LYR1389,0.4904158373084746
ZQS9453,0.49474097418460133
KVY6771,0.26341373598355444
JQP6097,0.33740089749622965
ADB1236,0.38978855812715535
FAA0655,0.2913632197425599
RUP3785,0.37896813221461595
VTO4977,0.34401293809810635
OWY9257,0.3452353148718365
INZ9599,0.25642492641415976
UYV9434,0.2718090521591215
QCN3988,0.5615543881221224
AIJ4474,0.24777014794629756
GMF6125,0.4378966818834791
RWZ2877,0.5056166586475731
CVR4043,0.3935318506683579
RZY7054,0.4630471925617532
QPL5273,0.564698304757035
KKO1796,0.7567990033525013
DHQ9595,0.7001687160668254
OUT6240,0.16734687343363697
LIR4665,0.30293798537473865
VBS5912,0.29227783812163755
IEK4502,0.2544820636780378
FYA8853,0.509964881238936
FOH4659,0.7985905781086281
XNC2504,0.2891833691181035
SHN6071,0.6252608077551187
FPE9638,0.1443965987906366
MIQ2318,0.32632418765428556
NKE5145,0.47735178956601176
BNP0383,0.17793583184132014
OXQ4019,0.479722542483813
QLG7535,0.19934183136890152
NFG2213,0.3695581000120569
EWY0202,0.6684934102575518
LXZ6473,0.6450272143295265
XLJ8555,0.6934097991991802
EIU1933,0.5222449526324472
YGT7289,0.5183735151712993
YNB7874,0.4073878241794808
NTW5371,0.22689974487728537
VSN3165,0.34535167829006497
BCO5595,0.7418020203669844
NZB4891,0.4549842221113207
UTK5485,0.5540461054116107
SZO8539,0.1650190564023212
DEP0199,0.5237588621989842
ULJ4832,0.38395644968443543
NLA4883,0.401446869924962
ISZ1044,0.3040794150058776
VOD3596,0.4034417432766562
PNU9920,0.13364602965450614
VBP9681,0.5939292884701907
UFA6698,0.28558121252036833
IJP9499,0.2590430648609136
FDY6857,0.22279161238015552
LSM4366,0.22267087659381066
BSH4545,0.23123760443943853
VNF0492,0.3419313261089072
NRN3248,0.6876470758433252
CFL2795,0.34247574500275296
UPY6262,0.6900003301163357
JWA5753,0.7141596144228588
YSL7643,0.33763949946516786
IJE2413,0.5963392617303747
HMG6508,0.5021456018990493
OND1652,0.5196679381459378
RCD9204,0.5388844852091035
CVX3958,0.3583437897880168
SUD2927,0.467447014663483
ECC5428,0.22816792954114348
VVF6053,0.6406578213766512
ZUW8629,0.3307980939505482
QCW0913,0.48620632158725446
UCQ2988,0.31875232623310223
VTI1308,0.3743224298884335
YPL6010,0.4894173840595493
FQY4754,0.5895541516083066
IMB0115,0.50866873438175
TGG0560,0.3862921077469436
LOW8153,0.7465370052803836
PMQ6674,0.47721882599494575
ZFY4122,0.2701760269193937
GDB4295,0.4495664096300271
IXI1781,0.29971138400779024
VJW0795,0.5039415148473435
VBO9417,0.6889792301091391
NBE9866,0.161369506174982
VGC0338,0.3705633910511909
JMS7867,0.24684832932824086
CSE8479,0.2653436774846467
BPR3060,0.8209544193171335
SWM8178,0.5451481217550419
ZAW6991,0.23256403273906087
GZW7919,0.3905074287092582
QLK2483,0.5047838602698559
FBN7235,0.4592288321891523
DPI4700,0.521632016190844
JML5008,0.5058440083656861
EWV8051,0.5053617308033871
NAY8513,0.30741286933229445
GKN9646,0.35214122628001027
IQF6763,0.09149424598814276
QLJ2322,0.2831364126383919
EGR2384,0.27000632994090296
LDI6232,0.8689293086032972
IXP9686,0.14705933327371212
WIS5869,0.7509763353611832
QPG4120,0.6143203506508573
ZFO1888,0.4440467438606619
GJX9033,0.20675385171188573
HZG9332,0.27860643310394373
RIV1782,0.2991137308462983
ORG0034,0.41219876341041767
MBO0090,0.4838392657008958
JCK6531,0.1269014290467848
VYQ0919,0.6166299687272394
TOC5703,0.190414146543698
CHD7768,0.5406633876950789
TZO3960,0.18627085130165408
KYP2401,0.06823751397055483
GTU1888,0.7120654877292513
LVV0631,0.5143668620889325
NXY1801,0.3679192427228776
LDF0276,0.8270041656807957
QCD5470,0.6999695769371962
XGA1603,0.31211381763560625
BKD5139,0.4676497155169235
RIV7224,0.6826748189666002
HAC3956,0.6054807273283404
CIX5564,0.6480974045615283
POL3249,0.6962949015685224
NVJ1952,0.4423123504350876
LJP8831,0.5267563574390567
CMR3851,0.3555586351136742
BOL6020,0.765543058369495
QOT7252,0.38343998053492107
SET4895,0.6943114056037535
AOM9004,0.11040408891746784
WRL8060,0.5165286065381686
YRI9524,0.239987319464584
LRB8922,0.42932714517719434
NCP8644,0.4362564037012348
WTS4018,0.24353463493227281
DTI7426,0.3567817611876721
ZGR0098,0.31747277333009527
SAD4571,0.2989707857354685
KEF3478,0.5046419047157449
KVP4733,0.4953758571000639
TQW7158,0.451924427599089
VBW5493,0.45405448489904804
MPB0399,0.16418800127756625
BYK7045,0.29089518834414135
EZV1040,0.22901037086142847
LIX4967,0.335143951498065
YPX9462,0.7961179833252299
GUC7779,0.4119826100750534
EIW0176,0.6533635022720207
JPP3633,0.23241123394302146
ICE8497,0.1977472925895194
JCB5870,0.28360284117211126
TSX8703,0.6209665334739222
WTN8881,0.3474854585202693
VTX2950,0.2392133241677182
OXO0872,0.41795449416952984
SLL9902,0.1455803379694325
CJD1628,0.2016801017209897
YME3555,0.6356650212877969
XKF9852,0.567965828071139
DRE7767,0.37260945362001463
ZWO1818,0.3740900905383304
FEX6317,0.8225001691290371
SNQ7014,0.2838573961653856
GQN3038,0.7158365134210967
PFF5514,0.41754985758759267
HPV1117,0.42902328585800603
III5054,0.08139846290487301
LNW6654,0.5348713088106481
ARC6596,0.2411653743665524
IPP4620,0.5695601077805733
NLR3257,0.5562159350883665
CTB9878,0.7706712995675596
VMT5143,0.33519850848097427
AHM4211,0.2633293965827645
KCL9551,0.604137828478954
NHK4195,0.3875759734871118
INQ8214,0.2478333789163981
LAX7318,0.4486100780207914
TYJ1073,0.569628428718317
KHR8174,0.34852879829904754
FXV0272,0.7830449323959875
QYA8718,0.16721302153271114
MGB8317,0.6275668493721128
WYJ0017,0.362951797905833
YCB1541,0.14272906788310266
OCO9701,0.5820741635009247
QOT4213,0.45698932316944885
IZB8133,0.2772824676947217
JQT1085,0.502258341115469
BCD5519,0.5638279200846913
XBP4686,0.3824746589718466
BUH6163,0.4184958354330457
YCL4225,0.5096377136586313
ZGN1837,0.5746605323678962
VWT7951,0.6152278907654487
WCU2909,0.20315942539510545
ECJ8667,0.18525373889637456
FIZ8807,0.1388904460370722
WEB7022,0.49029349744802353
UMV5479,0.5030287357355601
NTU3115,0.22914444651465607
OHS0889,0.26759070822931214
JRT4331,0.5683645658417401
AWU8320,0.45755082124045937
FZQ6790,0.4354079987772548
SAW2413,0.7730656677488824
MBR1935,0.853328719244324
EUM7981,0.23860539760460106
SXQ9635,0.33835096987018853
CSK8727,0.44755220186114225
BJA6633,0.20826966583775208
ZTS4215,0.15644010258507393
CXW2502,0.23629085296854568
VON6528,0.6395150387158145
XBC1483,0.3561166064375609
BPK9428,0.2210802915282907
IJM2804,0.18310127108153318
JAU0056,0.6747308309150966
SKG7687,0.3354587848453556
LUE7177,0.816083318333285
TFE7449,0.16417382767306057
KUU3033,0.1411808770554944
BSC6214,0.4855308551466448
UPB6992,0.150608022296109
LPO9433,0.29193844319351064
GRR5260,0.3596286582294988
ZYX2775,0.5677124571569042
CRR7571,0.483440788159813
NVR7579,0.44311309012035455
TRO6653,0.33975345556021413
QAZ5784,0.3600599269067246
CSA7855,0.564152048205944
SKR7049,0.4544848397595372
VDC5945,0.18566771773242793
RQG6441,0.35374814361758616
UTK3942,0.3531304087309239
GIS5276,0.49168412748411816
LZC3931,0.18003371104009602
AQZ8439,0.46435022031072143
HWR8277,0.7471795332682154
QSW7544,0.3875087861650628
QMO6786,0.42514031740751923
FFT1267,0.43867665120212207
WBL1699,0.2857347029061385
DLN4360,0.36855752704093736
QVK9371,0.6677930175178596
PAJ5923,0.7009264675190111
VXF7049,0.5919725188826922
ETT8073,0.3863614268009375
AVE9956,0.29017881055491085
TPT4243,0.39519065687273053
EVT5415,0.3742730292884732
NRY2349,0.522569038908042
KPL2000,0.5133284184674337
JQC8916,0.28506998480160956
IGT4727,0.17365879090909672
FOQ4697,0.38412317053440764
JMD2554,0.5562895208585504
EWK4862,0.35752332112022306
SFG4231,0.710702426614294
OUW6979,0.87622271369949
PAT9207,0.1776970491161501
XTB1114,0.31945255719064797
SUR8024,0.7526533677584651
JMJ3446,0.1129482571609733
FLT1779,0.48258059100561956
ODI3507,0.27585804971176997
VKX4649,0.5712400832304788
LXH0711,0.6114690795570329
GOH3012,0.7445763115497649
XZK2864,0.6493585670421913
FSA2525,0.27116149955473096
OML8735,0.1866732491676756
CKW6247,0.2621245832061276
BZK1475,0.3738178599166954
BGZ3773,0.32937207582675665
IHZ1914,0.7761516178009259
XYA6636,0.5392494713362773
RWD5233,0.7010998091318404
GPV8030,0.4850558445682154
NVZ8701,0.7239051997487668
XSF4318,0.4392587021563596
WXM7923,0.39398252545418977
CVQ0880,0.43588967341554946
QOQ2863,0.20582884449894387
RXX0623,0.31223346413236935
CKY6595,0.2175285362674029
EXP5590,0.35466215794998396
JWS0195,0.4642136807505324
DNV3342,0.34877264483112874
WHY0533,0.20604937259481723
IJR6798,0.37991688179983063
SVJ2157,0.44994685013871427
YLW4737,0.4767589445012929
HUH1315,0.7534488605457313
XMX5505,0.2797790573201257
TBK7519,0.25136664000150616
KXA1414,0.448557008773927
FQH2166,0.6054760352598764
RQN7624,0.4822246436625252
EES6771,0.6013267381841451
JPZ4794,0.14510282294228427
SYU0185,0.19278154160584435
OWS0031,0.3682415300581103
NGE4427,0.439451601387522
FGO3834,0.5360869095743577
OFI9247,0.6206520071169016
AHB9803,0.7530551838042849
LXD2374,0.5403727625612208
PBZ7120,0.5467451085529819
NIF8371,0.4483252825049728
XST8100,0.14714756807462215
CPB8339,0.2852550097131879
NLP6754,0.16805575808241277
JSI2170,0.12520822326131775
QFM3680,0.18469379818898257
BHN6631,0.4904332755639331
CEL0556,0.5377226477592778
XBD4029,0.3468623798817864
RYE7752,0.4139322969964365
QOV3032,0.3032988120249054
XIL7243,0.14838750979067136
KAD8756,0.3651327391833479
UDU3246,0.4652483685895934
BKS8607,0.3919736779383182
NNH7225,0.5296675021822502
CON6996,0.38473793173001564
HXS4917,0.3086720562241219
PWS7531,0.12937403259280567
CPA8641,0.8883890084081602
RTW1393,0.6574652161720521
QRM8880,0.593245199878738
SYU1247,0.38901992486100984
BKP7999,0.37762873572751393
RWQ2872,0.4653768929269502
VET6669,0.2415175211359286
BBR8345,0.45156461112490803
FMC0185,0.4042496720988798
YWX0652,0.3078614764412973
FEU3392,0.433417592342123
MAI9069,0.38435701554619484
KSE3648,0.5663029985698579
JRU2012,0.29928754772870264
LAG3972,0.477788031915396
XDU6150,0.37298798054186344
BZO3678,0.7329310798580425
UUL7578,0.37880812314193696
ENT4935,0.10986644369773653
WXU2063,0.35339833713178054
MFJ3188,0.30795825144890754
LFN1743,0.34691958653736016
FEB3954,0.25349037314039524
XJJ5859,0.4370729003027913
VIM4571,0.432705161599396
EHY5432,0.39286410005842604
QRH8342,0.4303605831174108
XMG1831,0.35761938549196776
TJC9764,0.396293755710069
XUX2979,0.338768938743853
QIX8136,0.10779295898399337
NOD6437,0.7485974688963991
JDV4500,0.5888727108757773
TSU3436,0.4953606528027858
YQE3043,0.4128470322990812
PEN4600,0.24935541175247364
VXG2069,0.36155452001902627
PGV2258,0.4067347719443688
PPB0159,0.36257427860927316
EEZ5587,0.21238956156350328
NKJ6134,0.3731791708648486
GNL8515,0.5960042954030447
UDB4012,0.7899968382456484
EUV8082,0.21654855996941488
FKA1499,0.2877461714704414
TDW1832,0.37136998941520877
UYL3937,0.28474188834232445
WZQ9514,0.24310281774942455
YRA1133,0.3132232662326337
AUE4212,0.49665527859973485
AIO5707,0.23970886810572112
ANY3654,0.4771908876245538
CCJ1581,0.44999960129201794
RVJ5539,0.5149028398586831
JQV8142,0.5454365750572965
LKP7864,0.46076524377424016
QYO2749,0.5019482359005998
VTS0473,0.3307685465335574
PGN4080,0.548555559725339
BDC3366,0.22137093515268158
ZSZ5292,0.24700609179988922
RLE9918,0.20455367445124595
EXF1515,0.5528173747013767
UTE0139,0.5017407395490623
OFR2518,0.4505275231131675
JJF2590,0.3446831773466947
LJL1360,0.38838768102505683
CIC4708,0.5082473935565462
BCA4110,0.36674099054449677
YSR8537,0.12557338040448093
ESH9012,0.2934374349031151
XQW1169,0.46312892012078616
SIK2342,0.3759060194272728
EFQ6319,0.35718044121685816
XQE1526,0.4013867855659785
AKR9099,0.49339530065766235
JAI3468,0.23275203042257128
WTY4270,0.24767245657608083
COV5080,0.1369685975516662
LMM1024,0.2822821850793337
IGE2896,0.8035502621838635
JBT5109,0.35709545360624045
DST8276,0.3571853265925539
BQC4343,0.5886430564676997
FKR4884,0.16832087477056157
EEZ9582,0.265722154593898
KEM7815,0.3133363596060803
ZIC4531,0.5152905892680978
TXY3351,0.5674644360638812
SVT4843,0.3226089226062218
MCY8318,0.18357379434505514
ZHD5694,0.6397636642668479
EYL3435,0.2295604824556996
FAK8590,0.4108883753795766
MMA6648,0.7722780456839873
ZXU7819,0.6427749701475363
TXT5173,0.6330800548486987
NOW6615,0.22308403098888988
NCZ7758,0.6878889882850721
REI3094,0.42698961391788387
GKU4570,0.8274898324175851
QPM4563,0.4763083285870591
LIF0935,0.3293753730075148
QFT7638,0.4864787053462347
LDD7909,0.5958850383417051
PMD6356,0.7361008498765237
XSM2533,0.17053666477644855
ZAA9704,0.6550500887390466
PKQ6825,0.22810923031491828
WAJ3293,0.561833229107055
FJC4376,0.4217891128528062
WOD5328,0.4196390083196931
OOV7630,0.0971498091892819
JLE0045,0.5288450545540359
TRT6193,0.4541443176972518
WRI6749,0.431054467774058
SKX1054,0.35982196380940334
WOT9749,0.4029751491852523
LUO0920,0.6823564817103365
FED9755,0.2636299993593703
KSC2280,0.6494833282048981
SVJ6815,0.5027474980975457
NGF1992,0.20570602274422178
PZX7839,0.19127081223947548
FQJ6322,0.26958406727448875
JNH8656,0.16630954620850036
UEK6875,0.1693902027055659
FVT7847,0.464061624851046
VYM9686,0.6097764857909324
HUZ5652,0.38056562604915944
UGP0737,0.2710789851405921
PML3266,0.18297290625727344
SLY8923,0.5639339568724533
QBQ3841,0.36686406000619626
DRH0163,0.36088172072615343
NDQ9001,0.5741895765216365
DVM2517,0.5070452475037813
LDX6766,0.2526217196131237
ETF3376,0.16655151335737717
PPV8379,0.6206560444442019
GWG6827,0.42051192718092184
QPP6524,0.3937830313208041
ZMG3395,0.21032099237808008
RYA6828,0.5802414790869684
TLJ4903,0.6629222662310603
QSJ8380,0.39764529477429167
HVA7599,0.5630459606695578
INA3184,0.32495996739440897
LIC9006,0.31435457505874537
CRX5646,0.1764718912145141
CJR7973,0.33898875545332635
SIX4048,0.31729775348255557
HIJ7224,0.3821775610818274
IDF6143,0.7385679843949076
LHA4851,0.3598101992196204
DUP1250,0.1486642719424808
ETW3839,0.4624685592663604
TOS2521,0.12207666464573334
TXU5196,0.46982017015688476
UTN9806,0.18754198791082702
UPT6736,0.3397144098990699
QLO4437,0.27261945944746185
FDB4146,0.8143651573918743
CJN3294,0.3488412331471049
IGX8925,0.38666975416452015
BRN1292,0.4084433280153415
JVG5455,0.2617748958182163
OWV0422,0.29102963344541516
EUF5580,0.5519107784882487
WVI2357,0.43735889955785584
GMI3091,0.1928988888076605
OKX7088,0.22296883820084434
FHX3427,0.26620483285944146
IUX3518,0.5287279770865507
XHT2960,0.4022663330695389
BFO4768,0.1260771558928113
QCZ2397,0.4578026535938251
HUY9240,0.22697656554383494
RUG7309,0.3686291260308538
VMV0997,0.36912600355425723
ADM0827,0.6324065808329435
ODT3808,0.4094911807828536
CDQ3303,0.3440826809257002
GQT5475,0.487558017324579
MAQ3766,0.13758258161813838
QJS1732,0.3165117977082477
INZ3983,0.25556422829897807
QGT0911,0.5485204510991993
VKB0890,0.471740635984871
ZIX4904,0.6675745272602227
WNB7111,0.6884486848562537
QVL5835,0.5647644734498284
OVN3723,0.5297900036445755
ZHH4408,0.44855521549508354
AGR0025,0.1800582920624122
XBP6656,0.28848203599185634
XZV8150,0.13626530935672504
LHG6661,0.4536938322480441
PMC6232,0.6609832584017056
FIF4321,0.5130076305254944
ODY3807,0.40876405701260204
RXP3675,0.3035082096835842
WDE8034,0.5084895627326563
DXW0967,0.30603921886819524
TEB1181,0.5476842688105346
GRC8180,0.3491334154488832
MYP5419,0.36100849372373905
DEH8750,0.5125168075087115
XDN9367,0.5693110332795553
LCB1865,0.2979611865155285
NTT5170,0.6609905973943521
SOQ1632,0.3700688414302264
YUH9692,0.43040734285445
JYD2074,0.33999852873040076
QQG2862,0.5662904367859471
CXM1623,0.18139361341887603
FUJ9930,0.3798069446051568
CNB6992,0.1744941391790539
ZVR3165,0.6214880481319539
VIG3338,0.5905176221890138
ECX6390,0.4856365916614436
CVZ4208,0.43275085245523165
NYS5963,0.44357469392414695
QYV6805,0.6136640591523035
RPM1362,0.723330248400817
HZT5933,0.6121039538939091
HAB9073,0.5664706091452532
UMP0408,0.26476268101631406
LDP7953,0.16993881969242805
HJO5548,0.3490797824385214
SWL2951,0.6342685921713571
HQJ7509,0.33457604380935396
YXE3238,0.5571416984439437
QBA1659,0.755273512550476
UGQ9648,0.5805632430402198
UUZ0902,0.7028848418437604
YIK0290,0.24878587858059031
TKL9885,0.720710779363784
TAV6410,0.31720034971237565
ULZ5016,0.44852589228183765
EBN6340,0.43299681908931514
SXG4078,0.542802895962405
RGS4046,0.7225781123713432
ZEN1745,0.2091407642086612
EQP7859,0.3029992612706219
XZG0749,0.4776768153153137
MUR1259,0.6746174178466878
GNH1572,0.25606426472769944
RNT1103,0.2708643105612112
KQP5148,0.4624343056958969
YPL9606,0.23221415658769406
GEC6684,0.5413952872460635
OJV3269,0.33093634451782833
KBU9669,0.37458192437216553
EXK0686,0.13922485224387668
TXD5026,0.5207542981622654
WBE7793,0.26004028680006847
FOW7270,0.4113110894619533
SQT6432,0.527288793864898
YZN0545,0.4576460696753757
JWG9773,0.8025949157493036
RYL1835,0.5208561024878792
VGS9426,0.27903389992521344
LLE5822,0.7561351515091213
CYU7374,0.7745410227140966
JCR4090,0.469245632169573
SPD9900,0.4846455622279849
GDM0800,0.40613022951532013
GPN2716,0.2399882416763696
HYB7458,0.6517499386683695
YMD4662,0.7996362677122808
IGD0921,0.6310521514972284
CJT1561,0.057437599901371685
DEI4249,0.6244237068738333
ZOO1036,0.3389342987481774
ZWD9803,0.4975116649379619
GUH4927,0.36343241899245565
FLS8480,0.2654633325106395
POE9287,0.46752226615483367
QFK9602,0.3386246682258549
FEF1920,0.4853353355868702
ZQK8721,0.5000148562359724
KGP5853,0.5746325197555029
HME7697,0.4072826600147255
LCF2931,0.31594791398362254
XXY7874,0.5572909139915565
ZEL2095,0.6908938028831372
GUR3247,0.330977043289224
JDL4331,0.5484553374992028
EHE7119,0.3856512277335053
UHH0658,0.565803859027081
END5028,0.31743870289607706
HZE4718,0.5853262857318061
TPN7250,0.4343577876292595
JHI5936,0.11345449508794665
UDI6384,0.4652187828581833
RHD2687,0.3349230369525628
BXS8111,0.4931502662269578
TJK7138,0.8452395886656863
JQI3533,0.4932340402369724
GNX8347,0.7669156459966082
RXD9228,0.5155165207156815
FNH3965,0.19968756903315096
EMP8062,0.7475587453423418
MEJ4356,0.32218450301369644
UIZ6838,0.6350247939210106
UMV2455,0.6199585906664948
HDQ9910,0.4331203147354025
DZK2637,0.6609184718612324
MFA0957,0.7796958374973574
FHG5382,0.15218938416724612
QCU3035,0.2684669952274853
YCK3225,0.21979898459262878
VEK9874,0.40094277247527693
NTY2368,0.24989224359239745
LVT3457,0.45964679950924703
ZVH5381,0.20138259986733598
FCE1353,0.3918332300226368
WQW2081,0.2063974131736177
JUQ6158,0.516178496383189
OHS2466,0.6681574267041054
KPF2140,0.4265009933203972
BAO9938,0.23072532063083429
BEB9268,0.44366936905812504
PEP2360,0.13685269035954759
KBJ3393,0.2873425456333825
KJP8929,0.3621926231774926
IRS9319,0.7735407332119403
GNA6559,0.572870307182456
GDD3535,0.21708950837698612
XHK3076,0.7433345447304127
OPT3877,0.36077590423760125
KDM5132,0.42072300288246706
ZGH1260,0.5024333640458122
ZPC3616,0.27503525432015574
CCD7521,0.21007839801292325
RLR6078,0.4207143884381104
XHW4339,0.3872015325656903
NEA4125,0.2697300207006978
FYT9337,0.25702432469862774
MZA5737,0.31672669392734915
IWX8525,0.21815301125796913
UXY3602,0.5984251531981789
KAY9863,0.3948109398128918
ICL0681,0.37337840957049884
STV8662,0.3936296788974169
NXA3158,0.4835575530931839
WUT1669,0.32318892271189187
WHX4931,0.5687029626692527
QMF2498,0.5550836078371569
FAR8609,0.3922130739469865
MJN8543,0.515897761639064
ANC1727,0.5006582454357053
CMY5018,0.4949304282494709
NUY5204,0.1485815320834224
YIR9679,0.4245161550323225
XDM6706,0.2956691296450377
ANT8269,0.2835643221909167
ZQP3525,0.4200624290622541
UKG7598,0.28250595096820685
KIS2908,0.6244188662867209
AIL7774,0.17551706525186206
WYW7672,0.545501337116408
QCX5525,0.19178119637994417
JZV0769,0.2518314404890979
DLR0932,0.282403342741069
VXC8863,0.5747628139413264
KOH2895,0.5541972030789241
WMY6508,0.5563585640831966
IFX7040,0.5499981179797538
KZO2590,0.17243580603321815
HLW7095,0.4407953796577588
MRQ4796,0.4430576212200544
NUA9006,0.46088095999039563
BSN6358,0.48710773673316404
AAB1308,0.25566150531703163
MFD6294,0.47125879806463633
CPM1668,0.22198932617299816
ASC0080,0.5117989479554376
MFS1546,0.6552555741909661
GTV8803,0.21507919259816774
BTB9943,0.31854060048964034
SWM6904,0.650625082604625
VRE5552,0.4652905275630908
PPV2663,0.7160366249080502
NPR4084,0.47143021093756116
FIN5241,0.30642551462976364
MLF9852,0.4439028352772494
PFX8404,0.3826633036443298
NZT8763,0.6954422741248157
SYP8802,0.4302108055284067
RKG6794,0.2837594365429151
HUT3552,0.8228396365389425
GHQ1739,0.2768742869491973
NHM3753,0.4861232998298635
NXA4981,0.16915875356705515
JKD5635,0.4219131609383863
NDH9283,0.1225474552144592
DRI7386,0.597405263097614
NTM3474,0.4391682769104596
BQR0893,0.7365637825382736
EGR9812,0.7446550671509563
KLO8178,0.4899412071485402
RPY1835,0.21877640775633123
BZL8581,0.39298229894797826
QYH1854,0.5381951322331447
PGK9212,0.19100267019216619
UUE1033,0.3175140992217769
ZAP8815,0.5809160202544151
WON0228,0.45446675194465874
RSO2008,0.42710775040305915
EHH7629,0.30007519184008974
ABQ4338,0.6721496494948629
EBY8977,0.33231678288176764
FWF2890,0.5780950315541602
HKI0609,0.514403008521311
PAB5947,0.5063725011860197
HEA7016,0.5734131741180843
HDW8123,0.4795951598657567
LLZ5422,0.31494118866007886
ZPT7132,0.600508841413416
JEU8627,0.6153602786781325
UQY3173,0.3674718679874611
BLM2089,0.5415237430431281
DCD5221,0.17425031481172618
PHS2469,0.15357941299160946
WII3386,0.1999913721488098
OSB6146,0.34751259840948207
ZYE8393,0.2932703636803191
NRS5494,0.49592272966685685
VCK3879,0.2619882185861363
QBK1287,0.6080840018375049
OOT2673,0.5174795589271121
PLD4712,0.43908006476269845
BCA6861,0.21826080757846753
BKB3148,0.18653767132583834
UYT2460,0.19580102247692535
CGV2591,0.3707937485230533
XSE3563,0.10340833701101686
HRZ3422,0.8027288406717085
WKP4106,0.1373460573102708
EOH2042,0.48992003446915344
MKW1588,0.5619598534087276
VKV4425,0.35094953827497455
JIH0956,0.7135717706176932
IWV4857,0.24536171166615628
HJX5465,0.5473254611577026
YRJ6285,0.5079501996927633
APA9822,0.3587833053551452
ETJ7252,0.39011383874735966
UAZ5155,0.3364028493733695
JCO5005,0.3668769973029388
PON2616,0.27587078574947327
GZZ9302,0.514150894677814
EXM0909,0.39634528900845395
YPF0123,0.4846621183532472
JPO5490,0.2895898088254714
SWN1165,0.6883454248957482
DTI8446,0.27601027807988543
BSX9409,0.3206152412981729
ILF8133,0.4406343552752687
TAP4650,0.7563279122667247
NQB1919,0.09725935085022817
EVN2619,0.5938894275671552
FKO1395,0.3851535333351303
KQL9739,0.30591043489303343
GTP7103,0.25269660233988195
FAB5180,0.4265344451708765
DNG5054,0.3981284619997521
PIV5711,0.26300805016045253
RDS0818,0.5510350042017015
NVL0735,0.1761377453275186
JHS0345,0.4030648564849604
AOW0183,0.38538925803418983
JWB1663,0.11218708550802498
QBI8434,0.2764524720203682
YGY5084,0.15530859950331302
LAJ2381,0.5970252816001742
MVQ8426,0.647269928400161
XEU3341,0.36850127179319503
WBB7069,0.34995219330323274
HSV9997,0.5811060350662984
HPZ7235,0.4396762608953905
LEQ9893,0.39473432112119183
SRX0685,0.4116592040077081
TJE0525,0.542229283964079
CBV9705,0.4966609885346919
NFH7701,0.4163878530452476
MRJ7981,0.3961488407223654
LRQ4994,0.14605686331097814
TPZ2644,0.7801478145713129
DPE2366,0.343667948653376
GSL8285,0.38936738556043493
ASE9553,0.40721810865169905
GCQ4270,0.3590202164571367
JOI9750,0.13817675748846905
UTD0147,0.4626045294654122
KZW1095,0.44221775927454554
GSL0577,0.8054063138081218
OTP1368,0.8353486937467821
JHZ6457,0.43398961514029116
MKI6175,0.6627187437151068
GTG8406,0.510882383589343
VZP1954,0.5814774344272226
LES8781,0.23175105548138752
PCF0526,0.48334562480553905
WPW2050,0.6734662313705727
DTH9411,0.48468256540397964
YBA7820,0.6243432297655995
VSR8739,0.6911085517446568
OOR8305,0.6599501449029028
KDF3451,0.2764848012881991
HRS7842,0.3291598968642275
XZU3965,0.4841168206396642
NWL3338,0.458887856710513
GWS6777,0.23047685300753817
PWO4056,0.28265475898448805
XRN4973,0.20844515580804815
EJB1687,0.34744104782732177
BUT3103,0.25968582573218785
WQW1045,0.3292176443432772
MDG3445,0.16762445528512213
XUJ0717,0.31973497040282556
HXD0371,0.4001967562988666
FGD6466,0.3007687239725263
YZW8155,0.2697100058480001
YSW6454,0.27813703831480224
XRS1062,0.56156351105381
SBK5282,0.5557468727815951
UMT8393,0.15110398057071592
MLC7262,0.6720376385314024
CHE7839,0.5144044644541395
ENK0333,0.22076101807687162
WGN8449,0.2690648344190278
FAM3458,0.16862794425982783
LIJ4989,0.799297974770158
WCJ1614,0.31415696842497237
LCJ0354,0.364235170249038
MAS7337,0.4806124869737097
WMR6816,0.09152807885709548
QPD3244,0.4317327029562004
DYR2618,0.3526114004752374
LZY6766,0.2589843021923331
XPA5745,0.2424414065410013
OHE1207,0.8318227292961146
GMB5921,0.7090289373359232
PUN6155,0.42480358973541194
UWY5599,0.7340861442112625
BZP2422,0.5921730633308483
BFA6296,0.7077666348226662
FOC9534,0.6148084322767858
NIT3559,0.5525805312132414
QWM8810,0.3995701067468252
XUO7622,0.24241131739603872
ZYR6469,0.35575747627742244
FQV3213,0.514608210683545
HMI8445,0.15878274363851488
VSX6822,0.7347537595643495
CUD3348,0.18400460331967203
OPN2109,0.6315948791513241
NQD6519,0.7482825883758224
EAH9489,0.5654348557356271
PUT4775,0.5497851919821439
DQA2691,0.3040651129855108
MXS8930,0.6140460758071522
GGJ4008,0.7444757740740916
MKH2409,0.13167136961062434
UOZ4237,0.7075093811548693
DSH0462,0.46711695464254016
PPZ1079,0.8193085271018403
YUO8157,0.640035632125948
EVN8189,0.47900810704209623
BJR1526,0.49378887275068556
ZHB8179,0.615519041000557
ZLR5824,0.2717012906713025
CFC2212,0.5905771436747028
MTE3132,0.3671794653669848
RUD7931,0.5469991898605159
ZOJ5082,0.1265724160064864
VQD3919,0.15796461393945535
EFW1850,0.36094924002760687
BWX5427,0.3442935255309145
KCJ9813,0.5578784650664766
WHY7887,0.6079401968646502
LIJ6032,0.16284269642683857
YKE3129,0.42625962313802823
XNC4926,0.5874053027260885
ZVN8083,0.39973376363898216
FHS7261,0.5609302004046405
JCH6559,0.3383291806231874
XSV3662,0.2621514709043456
OFE0816,0.2919277347349329
MZK6467,0.2697361191221283
WKI8810,0.5837116862559862
QZY3155,0.6753582278282447
ZGQ3169,0.638254967659208
BSK8553,0.25060735704979453
DPI5831,0.6330470804935202
DAN7614,0.25375293681889266
MHS4201,0.42309973010320917
LBN7990,0.1272549607798569
ZEW3244,0.20197518355377664
GVI6361,0.19666749735622366
SUU7959,0.45573408390767584
KJY0103,0.23963670283121874
LSI9574,0.25472683724863
UUI4640,0.6820965932416181
APN0763,0.4057870917806463
HTC6582,0.5501630988117967
LRJ2531,0.4242929026584738
RCX0166,0.5281869937989705
WLS1334,0.43500696136887623
GHU5711,0.4902484418675388
GXN6885,0.3759212844607352
SUL0918,0.14417922041156364
WUB3727,0.2643366365734876
RTU6031,0.5721270030624891
MOQ2182,0.4370334274882292
SKU1753,0.25167064824187296
CYF7753,0.5299915758352871
TPW5388,0.5748885678137348
BNS2586,0.686106432857723
KEN2166,0.14004865306744388
OCJ6547,0.47409634982329907
NJP2923,0.39768656214515213
ZQV2760,0.4162100417150114
VWU6539,0.4498318266434354
FHB5662,0.4190987679306249
FLJ5568,0.18238669235238825
NYZ3610,0.733415108126454
XBS0822,0.7611025488387374
CBC1282,0.5175534495179148
RJE0984,0.718572485829471
EGL3373,0.590862610073783
ACY6703,0.8681071772164763
RYV5129,0.1796253528255617
PEX4835,0.5046016728522756
KGZ3991,0.42860682700770053
GCP0419,0.43536427498541236
VJN5659,0.36473436215360405
XIL6278,0.37584751532938054
CSD2119,0.3309943026804128
NTC9929,0.12154744690643333
LQD1080,0.5420271386003402
SEJ9531,0.33686509591459407
RZQ0003,0.24329543089446282
PZW2114,0.24550490844361425
QML3842,0.1610315141284303
TJA2905,0.35546618702454813
PIJ4611,0.5334074164559971
HAM5599,0.1822116439540387
TXM2652,0.43700976974656913
GAB3659,0.6837103944379463
KCA1906,0.46283598422924127
SVC9075,0.20572181676652201
PJV3622,0.22998306361224485
SBX7333,0.5002086906784029
HYM0481,0.7328168839700853
DFY0681,0.4495559622619525
RSF3235,0.33053751837912676
PFP2410,0.33609649099005995
YZC6174,0.23197738889945188
FMI6039,0.6307302149451757
KSY3204,0.33028215594569826
JHS9734,0.2619168661627151
WKC7792,0.5058184196508426
IOY1200,0.464043059842462
XUE4561,0.29075292108791645
KCT7437,0.3798338347877983
NMP8623,0.2085073391189927
QRU9935,0.4120735787585372
DMD4641,0.4050632654100725
NCA7180,0.24374127672282042
FEY4017,0.2616767136913371
EUG2066,0.45036433174883156
XRR3806,0.2588274060446163
HVJ6716,0.509752679125132
OLP0692,0.3500763199786296
ERC6469,0.5998079955813709
AWA4755,0.45939985846699316
YQQ9139,0.4743340916225991
OSX9492,0.3972500301458046
QGU8564,0.13851880071405231
YAO4151,0.26156036403947996
AMC9558,0.3928049106625779
VWB0124,0.2293356024188243
ZJD1609,0.2673976803493034
HVK5251,0.6710410269532945
MZL9303,0.23381946784291982
YOD6029,0.15836826287136355
CNL4438,0.4792589307646759
ZSW2054,0.4480067353324009
NXC5824,0.29461251502108055
BDO4892,0.395669752410166
VLK0339,0.5172825847963508
XYU4157,0.18320287138962169
XMN6548,0.4611491084935369
LXW9245,0.25858251921313374
JYZ3206,0.6799999566206448
SIV3918,0.5908603637733368
RDI2951,0.5977830186968996
CKS8961,0.37704185010007185
GGD3196,0.4667039163748868
ETB0894,0.5892701644007302
MLA9778,0.5634581464226366
DWK1986,0.08470549418081824
EBT0068,0.3655398860478803
DHA1853,0.7233826190493166
HWU2594,0.15687786006437773
QPH8016,0.3116951648358332
QZI2250,0.33363348994457737
ELO0702,0.3749674345272742
FHW7284,0.48513733881000126
JXO7389,0.7981441708500774
AYC0810,0.43563528962522186
GWJ3254,0.38455741935868787
IBO1945,0.37326597176873433
NSE2304,0.5922918179609185
SQB4852,0.2384786720032873
FQH0034,0.4436305673935059
QGG5280,0.570085595040208
VJB9962,0.39017111369956403
ASL7482,0.2317507936994243
YYR0976,0.308368561086479
TID4683,0.55887475012735
MQF4406,0.7399464840541596
PXU1703,0.09853445790859755
UJM2633,0.4660814386069074
ZSC9815,0.41499811221529587
WAU6889,0.7495308507416741
IIR5545,0.5102715972290678
YWD8219,0.5350848240422175
OVU5964,0.33381589778958576
SOX1774,0.771725224934572
YMN0357,0.3541886395809985
UNK0731,0.3457448409333573
AWV4949,0.26283600433769777
LIA2179,0.45911920300615616
KOJ2933,0.24946960909516638
OFN2940,0.3698187445313514
XLH4413,0.19062443662252546
CAM8238,0.24144224425425884
OUI0191,0.4643411461633169
TVZ9158,0.40283948627964344
QZU7391,0.23531711089707116
YTC8533,0.4943250266910663
ZUL9082,0.3558935456024697
QDH0283,0.793832744711744
JOY2839,0.4575948878543663
UZE0497,0.12157299042938803
GUN6865,0.34765938374338323
OQQ7043,0.44372235925389353
QSY2045,0.5585911604050119
SNL4417,0.18702748840972652
SAH0586,0.34225385132180225
WUM7977,0.6578438841867796
LUE1768,0.5524381579912397
TFG3357,0.27618229339940426
BES6653,0.6137181266831434
KLU2053,0.21529129179515558
EDZ4179,0.549681609752661
KQO4708,0.37450297767610397
NPT4412,0.39774801776269214
HJG3099,0.4838273743985524
HZV4375,0.6246932846295485
KDS4463,0.5853099045833661
AXB4934,0.5029904265530366
GYM0773,0.38265834473412846
GJC1483,0.5642336104882918
SAF1656,0.48641117500177594
OMF0261,0.27297478231053957
WDA0383,0.6962526749369298
XUQ9842,0.3538073910102019
KZA0317,0.38772567386412743
XNF1437,0.14142617312105663
BGA5764,0.511400220066834
TKG7900,0.16891636724800088
OTV1030,0.44173091868597547
VWK2998,0.6062726707426965
QKQ6320,0.489494513004598
WPC9633,0.2997773210088049
EKW6480,0.1441450278543797
EFQ0392,0.1462045328196352
MRZ7379,0.8160456340047239
WAC5824,0.5740272878688436
OMT9415,0.33673339140398834
XMG9583,0.1820760007143346
UFF1261,0.5556522167350112
DCP0796,0.15121523529891615
HBE8442,0.45039564429653023
YQS4458,0.44130559217046267
SQU4407,0.5319538787523691
NPS6601,0.38615421731590177
XMN8380,0.3165077485023821
PVM3035,0.7963311197389445
IWD3752,0.2641941867469042
GLF9686,0.7385058537900195
RRX0963,0.3969025902047842
UAB7848,0.3548062652841957
TDS0452,0.7760683849874965
HSK3153,0.5826965790479259
SQA3360,0.5706012657184282
ECI1955,0.3562844663765547
BTU2947,0.2864146265233229
PEZ7733,0.10851780244989662
RPE1400,0.13446744110056752
QKS3138,0.16772329764856378
WOT7140,0.5665653246445039
CIH5726,0.4780962894420931
LUE0157,0.7851842168760497
KFW0111,0.640907101795932
OAI9172,0.4179197697779105
LAH1856,0.17075206126897832
NFK8809,0.612978178514531
EGP0512,0.49969468867461947
BXM5911,0.6363216713103709
NWJ6522,0.48329944134586134
FAB8496,0.5087803275804148
UGD0885,0.2392807437404115
NLE4038,0.6164450042101384
RMT8564,0.45692550739125554
LPN5269,0.4892999860164275
SRF1001,0.5712676379726469
IPO5628,0.3040311664747777
YAB2836,0.6683220793666954
EAK7493,0.567198472412684
VZS8779,0.5368967211926176
ZHU5296,0.5222289789806485
EHL7819,0.6935098159780978
ITI5109,0.5924704456826085
ZJJ6069,0.28322653671968584
UXQ8523,0.4590052743013844
BJZ5615,0.3657304240411623
BFK8030,0.4987026737685793
NOH6334,0.40174827999665924
QCJ0449,0.2722190248360921
LGV7177,0.5577899252599577
YUU8227,0.45697750279331634
EYU5539,0.32542846177155743
FXQ9279,0.5101617541405331
KVN0414,0.36578294450307364
BWO7564,0.33776155198645236
SHA4528,0.2355102162912627
LCV5905,0.6204642716102685
PPJ8929,0.36954257908192356
ZTY0059,0.10457108206216366
AYY0072,0.3030830967124929
TUR5072,0.7286230466688216
DPA2836,0.468944902976578
MWP0809,0.43192211534377023
NIT5344,0.41943054712408706
EMF9379,0.4842230204665783
FDW7329,0.30747415976702824
KAA7544,0.5778063092674182
QYA6379,0.3708963370405407
HLA1104,0.33907599808246075
ZTB7327,0.7223722142120576
VSX6645,0.7222250247500034
MKX0188,0.3204881766936641
MYK6810,0.239438308358088
UJZ3099,0.7060309657562737
NLQ6953,0.2605534517095976
THD3997,0.3315568461482387
DHW1898,0.36301046542629817
CAZ6419,0.3053858911605852
HCE9029,0.5494859539726691
BPO3584,0.3573812844470429
DCW6953,0.5952946073106881
WJW5631,0.6536067242886017
JMU4733,0.32360858758845773
AUQ3924,0.3975672913619075
WOB4261,0.22888400330354056
FAA0395,0.6136415736710622
SJJ3512,0.39789378133391945
MDD5141,0.3736691232600899
UFL6151,0.49262123084642423
RNV2828,0.5593619918202629
IBG4905,0.19344033712651929
EWQ2853,0.7323389537880635
DKT1418,0.2830415606830749
RCA6055,0.4351539910917506
PTU0261,0.34663411848767883
RQM8471,0.16452035288918102
FIO1669,0.16205866492725654
RWA3084,0.5709631538052684
MWJ3622,0.36471030371025037
ZWO7580,0.32897748097262164
ZNN5139,0.30830645508430915
XKW2878,0.40346507528807357
SOB1176,0.33151646629208903
XCK6612,0.5687359442236714
ASP8488,0.22796220255131475
ZJQ7036,0.49859444004885267
KSE8052,0.7536045240142962
BDQ1385,0.46667241288046374
VXR0368,0.49841096292973086
ZHB4902,0.17302521075213875
POY8883,0.310184731195968
GIQ3177,0.2589019319046399
ONY1016,0.4057232008886003
CHQ4117,0.528135150461222
XID9340,0.4559310196785993
PEC4135,0.4930388076217
ADP3518,0.4921107580862219
WUD9379,0.4023057933962852
RCT6710,0.4604564561114463
YPK9577,0.33304708382334164
KOX2113,0.16717064871166962
UJG4961,0.44629503573392687
HAY5847,0.7107419393573875
PHI6345,0.27871577415966126
PEQ3550,0.5230234226932091
KAJ4969,0.7913786081092521
UEE9718,0.5874845918395217
FNT7313,0.6354332670720155
OQO5683,0.3806436687479318
NWQ3973,0.40770686333909895
GTI1384,0.5072871237646409
AHK9950,0.4424869644882608
GPZ4054,0.5917064312680812
HFK9029,0.4882328832685175
PXA5874,0.35659455027490994
QQK0987,0.7738873869198941
KOB6393,0.3503885811803416
UCS9907,0.6874394511373518
ZUD7019,0.6299675062778656
JUM0665,0.3390219402784455
TPP9015,0.49534038145127907
MXR4724,0.29277992227660904
HOD5285,0.3659133277025306
DHM7054,0.5217237346415501
CQJ0272,0.25587000226529905
KLO3196,0.3826929412455564
GFB1649,0.5254172349846984
NOQ5877,0.26675618168480236
CYI8589,0.2730797170976216
FWO7157,0.5028582434758792
OWE0183,0.5968280299901428
QXU5403,0.32299853327070077
MWK4766,0.8847804099149288
XLG8768,0.4023625183534086
VKS3432,0.36712132946366877
GMC1606,0.3391224952137117
PNE3192,0.4928849054588695
ZDH0081,0.7055599581484405
BUQ0384,0.5038379667517638
SDJ1245,0.7225737245858396
YHI0373,0.14196192052295245
HTB2148,0.6003456315170196
ESJ8744,0.39808468687123727
OKZ6934,0.6138027328688387
IWJ2087,0.15620016718865873
YQW6666,0.19601540902056155
DRL1639,0.35090393657612234
HSB5951,0.8556128119728673
RLN3664,0.4341767241339283
DQX4439,0.34879870452485595
BRL1853,0.4183251547655747
WTV4777,0.620130448475877
UYI1073,0.5889762382677125
EZM9046,0.6972419027769411
NGH1312,0.6343318144366514
ZPJ3568,0.22723696995528167
GCU3692,0.33747145098237014
KQP8149,0.26075703555582574
XRE6790,0.3743217872094308
WOB4424,0.3906253463495319
TZX2171,0.49783798014398734
KLB6758,0.656634343419327
NJZ1004,0.2614150917836366
SLC8186,0.3742673365170261
ESD3201,0.5628784851164051
GIL8255,0.45647383497385957
VIA2238,0.3774430133366679
BIK2002,0.317926301953743
IGN2069,0.47654636288993757
WDC3985,0.2055141986605371
GTD3498,0.27296250546621076
ZRR6014,0.29620104907990696
FUQ8627,0.7232502590170912
RUY4061,0.4622714717418494
DDH0817,0.36739090234137795
DKE5313,0.26687177761071135
GQB8062,0.17971543433686946
MJW1038,0.7311074686532377
MGE4928,0.5852235673856762
WMX3148,0.4521121456837152
BCL4088,0.24878172428210565
POH1215,0.528276041893695
DBJ2669,0.3425490066599924
ZTQ2278,0.6383227767840195
QPC2404,0.6941564932691575
FOA9641,0.115009195097943
UZR2198,0.2452066491741587
RJD8220,0.5380246655145036
YPO7168,0.6542898030552937
ZSO7284,0.6065144291905037
YKC3947,0.3553200903798795
RAX5623,0.6879257114976904
NDN3928,0.5909150195429597
XBG4294,0.32511029861356117
URI6844,0.277305021415119
LPC1008,0.2198373709516225
MQN7236,0.23524097714448736
FTS0705,0.29517449535947055
XRV5896,0.17662905151151564
FNK1549,0.2557374899439691
QVG3369,0.29071689518317795
UEF7361,0.14868935793278873
OYI0421,0.17513107610300516
RGN7073,0.493390503341763
DTB7149,0.3055025594962335
WAS9056,0.5422477236968745
ZDM4647,0.6693799384158963
TVA1688,0.5584816362937728
AUN6131,0.7115747353544113
WLN1597,0.8189805021094237
QJD7373,0.2547159338847627
PUS0461,0.26341714810311406
VHL5519,0.48071098594986417
DGF8059,0.2765928203789094
ZDP8152,0.29943844319175605
KIT9995,0.39996993229159594
HXV5931,0.17050926234703692
COI0100,0.27804775376341007
CMW1744,0.37104322924193744
NLQ4471,0.12453839772361568
TKC3707,0.3340174170262347
IEX1198,0.40343247422487244
ELK8724,0.32771470787167095
MXV3637,0.2140165080294715
WCJ6522,0.8038957235015517
OEQ6921,0.3653920388739466
HHM4121,0.5166426444001148
LOH3133,0.5805650119470326
WGF4780,0.4634521574181263
IED5984,0.6122869927171196
PLN6758,0.48012729161507095
OLC5808,0.1406470970564108
CJW9798,0.23982241278050773
GAI6119,0.5338306566246089
BKC5625,0.8209148123251345
YSD5776,0.6032514739154796
XTN1465,0.7287579604592124
YST8825,0.5497583897233903
PWA9731,0.30339053473242855
WZF0204,0.3515291231777277
JOO6585,0.18799496932264928
FAY5510,0.33307594092663506
HLI5171,0.21565897275499965
HXG8092,0.4111184327211382
KKM2246,0.5076721066286906
LPR8244,0.2721176593652151
VDY3830,0.582500269094863
SCQ8086,0.26334455304568055
SLB2171,0.8073254520075027
NRH4257,0.2591697077231696
CNC6073,0.1670084842533169
ZOU1261,0.11649980976036174
SPT2697,0.43012864146307006
ZQW1536,0.759859728960027
ATU6677,0.2582633580980026
KLW4229,0.2985049582541475
HVE5828,0.5284416601362436
GBI3333,0.5128239470498576
LVX7085,0.35358652891064773
GQQ6522,0.34666892020555357
CHQ1313,0.5939841383078246
IUD5304,0.38185595871571015
UPF0845,0.5019772236248791
DFN3122,0.5468932540032624
WSE2433,0.6985392893272064
FXK1875,0.23173713841411006
XQO2229,0.11881239728255515
EHE2388,0.4567183785868523
DFO2542,0.31681858479208264
VYB8146,0.5538928194005064
UPI6716,0.16757553139278128
AZV8887,0.5564425464024879
IIT8345,0.27998079397867737
NSR4067,0.35044944889320745
UND4463,0.2936943642078688
DJH5832,0.4688944871596387
RPJ8255,0.47298274452943373
BXX3872,0.8105178171013304
YMQ3196,0.17184395510455908
ZDV7390,0.16038605233768435
PIP9062,0.40848571746797524
LNL0304,0.5941485891067256
WYQ6546,0.3732949710809939
NET5300,0.23742107940440818
WGH1231,0.3103285178903816
HAL3239,0.32193431810262635
LBR9014,0.20778328248573533
ITU9867,0.258272626341557
KIJ7291,0.46453042015166335
FVP7293,0.5924167082340241
TNR9657,0.258735063777305
XSE5958,0.24171376289814892
MAQ1010,0.31076968041133335
YSJ0631,0.655837951379317
SGE9558,0.29642084292358195
BDN2933,0.4430485373589798
LLT6330,0.7178880462295982
HRY3373,0.2787916262800094
UHW9589,0.33838834849961374
NWK7279,0.3903418690416111
LQT5241,0.7756057932549577
SNZ7816,0.3508851876744177
VWP2460,0.5257940370540892
VSV7263,0.4411121161082962
PAI2981,0.7504324538354737
AAT2571,0.4202459253070998
XNM3039,0.18961450512626707
OYQ3855,0.49577746332543277
OXT6838,0.5219583729261373
MIO5543,0.23209026276717284
BOM2763,0.4959959422984153
SFZ9405,0.6443894689079178
ACB8398,0.2418215610610226
CYD6578,0.560202961385591
OCJ4962,0.28605264272160347
QEA6309,0.5271623199856589
SUI4465,0.7826697696738586
FMR3924,0.08476685949535767
PTI8284,0.7320890777879656
PZT1362,0.42781972366887294
PIK1727,0.1570482820117224
TDM7158,0.23510779270236917
OFG8429,0.4356889553249425
YGQ0653,0.6044463701122293
CRQ3454,0.2372860414434094
LZI6201,0.5350526130541836
DUN7031,0.5381517712050653
EAF4040,0.3266600440662884
AEY6897,0.3466673041007706
SCZ3033,0.22939072382588507
BHB5455,0.5288630393000783
DMA3129,0.25004221022599216
EPJ7195,0.38793204691607813
XXL9376,0.25197775149671736
FXG1204,0.4193968797033613
SCJ5893,0.2811118976334255
JAB5413,0.30422933700025595
ECI4724,0.627187377730661
VJW5200,0.27607511346732827
GPQ7753,0.16795682642294374
MGM0506,0.37560807855246264
IJF8157,0.3368018570257334
UAJ6492,0.4505004125671726
OMN7687,0.43159181749557934
UJE0913,0.5292092683399129
EYQ7148,0.6270302900575933
PLJ2057,0.28952984283433514
VWC6238,0.13473673042618997
JAZ3904,0.1818671615462859
SLF2540,0.4094882190026772
ACW2850,0.23410811767664205
IAO0540,0.5451086348591941
UZW5012,0.45556003922322086
UMB1656,0.3477788709543536
JYZ3579,0.42215541073617
NQE6140,0.6029413724421099
TNN1819,0.46028376046817815
LQE8452,0.5382794192831495
DDO6847,0.34932897699238935
RPF7802,0.2898197901305917
FNE2013,0.1829458205591179
WWQ2829,0.49040475893019436
FPZ8406,0.4832513183365896
THE2609,0.2640583406953801
YFV2493,0.38559452351478757
TPG5056,0.5492542834563713
CKT1474,0.650734627468175
UWN8033,0.6164188814353765
VZZ8105,0.7411014934393562
CQB7810,0.8379277318530187
RPA2932,0.6004320444224541
HVN2303,0.46598104606500845
DNE2280,0.3234341029150434
QZS6625,0.40302762924563157
IXJ3391,0.45789069606512384
IBJ7457,0.19159727555891948
QWK4411,0.23138735547606148
THI8299,0.25817082554897675
WQI8618,0.3322577311327935
EHL5492,0.41123784249205525
DCE6168,0.19280720548757965
NQJ8766,0.4540383793199645
VTG2380,0.4589536875554814
LNF2835,0.4158896110423184
JJR4127,0.23579176318435083
GJW8107,0.4906063822044248
WOT4362,0.6467973192261812
LTV7533,0.29417510199863417
HLS3172,0.6574536919004438
BCV9335,0.20783615691921767
VKX7361,0.1220609967933604
UPR0212,0.2844600335811616
GAD7822,0.3381439259827846
FTY3806,0.3207583516898446
EQY7009,0.1952416562641964
EDS6036,0.6790523273277685
ANI4768,0.48212732766139554
BTQ2124,0.1776632358819837
YQT0133,0.42030300097668244
WCL2270,0.5615729014637655
UMS8559,0.6098771135749672
GFR4574,0.7196852999846657
SEY9322,0.2036566537225546
VZZ3704,0.4961001132474087
RCA7209,0.577742730250591
WMT0282,0.20284588399274325
ZGZ3238,0.29006237156188963
PCH5579,0.6559622787440005
KVQ5659,0.6533390135510078
DXW7491,0.3560740381407658
UGO5322,0.2529757455512625
ZFA1134,0.11223139780610221
PMA9220,0.33132263183253036
EXB8441,0.4566171389777072
ZEY4073,0.19151462938793715
VRB9328,0.055832270176828014
IXY2561,0.38700009509752803
TCC6535,0.24809139670856628
OJU3724,0.6956652766703865
XDL7709,0.3236332361077241
ORF5661,0.18807644461295148
FLD1463,0.41044552239478893
BJP9208,0.6105357799729424
TAC9100,0.34199877894020464
SBF6739,0.26765486180475523
TXT2079,0.31216940555749306
KKH5705,0.43777956247183686
QSJ1521,0.2929870091938347
SPZ2638,0.532032423958817
QKS3066,0.3523480155439409
HLI8086,0.21516959098293884
RVP4550,0.5404904717587486
HNJ9495,0.19012190435452272
YOJ3693,0.4751817288349547
GJS0697,0.6184400223646127
EQR1972,0.31662627962003803
OND0210,0.46455547344325315
ZKT9269,0.1820372629463175
UOP5878,0.5662339220202086
LHQ8463,0.09894042543903836
VTK5721,0.2740619460767148
DFT1373,0.35407436376007656
ZZQ4322,0.47339438418686575
TEG7575,0.8230356742521971
ZDN8364,0.3307160914729626
PMH3356,0.487419067174117
ZKC0601,0.39765503110951433
WCE9841,0.5025715644533325
MQZ4133,0.7106600986876807
QUJ2416,0.600451567283416
UIQ1872,0.36162077864734066
TPR4093,0.6561013936361038
UNY6653,0.6103587050427475
KED9088,0.21263913837187887
GJV9147,0.18649736741290268
YYK1409,0.2703810039096135
BDP1730,0.1669449203234811
IIS1162,0.5118640160152106
QDK0707,0.5569114835138375
SBM6710,0.43308956511245644
LZD3025,0.38182789904356595
SCN0463,0.5004150511189317
WYZ3750,0.11518913580088957
WJE7625,0.5498057561445496
LVH9493,0.6718716622409154
OGP3197,0.24662905443754765
VVY0930,0.5555129440336679
PVD6484,0.4457177904676435
VFA1552,0.6924493471060181
IGX6687,0.24595914893486245
VGB9010,0.2587275737864006
GRG2410,0.3075490428745003
UGC8879,0.3952562352664781
WUZ4473,0.3637617292984349
XSF5046,0.621983165857383
TCF1709,0.6142338264773208
QGP8200,0.59021642003073
TWD0882,0.6431835563330598
XXL7278,0.3171477409730148
UBQ9279,0.29143687731002904
YIL3942,0.5554062636488387
BFA1695,0.5148849325817794
GKS6057,0.630855011756677
CEN5283,0.4604823726292997
URI5280,0.347046493074947
ERO9064,0.13910959929407504
WSF6571,0.5349194916922417
BVH9547,0.1592670991080936
ZJS4141,0.36503301897669155
RBF2204,0.1351075774005802
ZZV5719,0.32788750830030117
PBW0578,0.388152305401025
OJH9892,0.3441537614796324
IEW3033,0.4929684381626474
VRF2412,0.4637992424719298
AEC5051,0.4199674737432439
FGL7789,0.22528916356280737
MJZ4395,0.36251386411229297
DUX4345,0.33575587248385896
CSQ8628,0.566193206075896
TOT1468,0.5342894251159952
YCS1207,0.32299923590755103
UVT9591,0.4016336006170784
KOY5019,0.6705889277268876
NSL3572,0.20684557391282313
UIC6064,0.6657656694520703
RFW6714,0.43448407877762074
EAJ9097,0.1764160160435377
JOU4957,0.5701860557110859
TEE7042,0.6141990606096598
KJD2151,0.2634521658901387
XQL4738,0.6766118574609078
BFU8118,0.23494967815894754
ZET2122,0.38895372329063443
FUK4311,0.2778505444566535
QUE3466,0.1848664942279048
SWM1601,0.56350296740843
JDO4667,0.13275127555189403
KLB4904,0.45211900637253977
MNL4989,0.17451521269820536
PIK2814,0.404489296846986
SJU8294,0.4002049412420637
HLB3116,0.6470081610169854
ZCR4661,0.7571837441287824
HRT2532,0.4032338759438216
QPI4398,0.385902889033634
BHE2901,0.5393275079025642
BGA4649,0.4981430324823563
BIE1986,0.34873679826128806
CWT0763,0.6813097884893266
WPR4507,0.41279692487960024
PAR8871,0.5192509426962063
VPV9675,0.6229862112225698
ZCN4019,0.6874999911199753
QXH9868,0.4977468060549602
IGL2036,0.15872563613280868
PXG0071,0.7055409890281098
JKJ4473,0.4866088747271706
JDM0244,0.3168280626533356
NFS4819,0.4363504604984035
VGF0668,0.44205672186682593
XEU5703,0.4493271885381756
RUO0833,0.2122421545854186
EQV2141,0.716917681115678
GBO6128,0.32662489642979137
ICW7329,0.2818598970615216
PPR4284,0.6149308254243379
EWD8008,0.3121452015272279
WII0655,0.6457451474029302
RTW5196,0.3734827414193445
PXK4242,0.43792205395496975
FBW4362,0.662741847772006
NKX1957,0.2865905141076089
FPX9711,0.4189638981009241
BDR5063,0.19690407625071268
ALG5020,0.3736710749229299
UPU4766,0.48299287066373653
NJD9805,0.11776453264298103
OXI7734,0.22575498252838413
LCI2089,0.6750380577558056
DMF6569,0.30783639796338286
GYS8804,0.576390090623539
RXQ7168,0.5053802309026665
AXU3149,0.2899421518651713
QQV1056,0.6240894433613392
UDI7181,0.5545944078384983
ZTG9882,0.3127046401022598
XKZ3080,0.14578264161150403
WXB4285,0.252112384599291
ZFP0139,0.39031629942506263
RKY6757,0.23678716012591053
RNL9971,0.3474080955224424
MOV1007,0.44877219044731836
EUF9193,0.5189928491272738
ATY5952,0.5318123198881145
HDI2450,0.5051049275446968
DCP3341,0.656149783095862
YVW2924,0.412055516306071
AMQ9367,0.10632190192038515
QRH8014,0.259893482020664
NDQ2138,0.8046207583623323
TTO9585,0.23036815235623198
XIT6623,0.28145315215971406
VFW0657,0.3449769757757637
BZD1767,0.4656467891238343
LJL3808,0.1748593993323165
ALN1220,0.4596351439466105
EGO9071,0.163702162824703
JOC9153,0.3208123645431858
INT7734,0.15160523238588255
NID3881,0.30521186063900757
VSR9271,0.19206591443548535
CNJ2189,0.35602296719239584
WQX1820,0.49137063220459876
DFR9329,0.3342557736998954
ZPL9559,0.5220953213064846
VEB5415,0.18423315103212298
NDJ1733,0.4666125726413796
ZGR2446,0.29806240138772866
AQZ9907,0.5413465386768046
HKN3098,0.267074808692819
GQE7545,0.4681389387936831
APS8818,0.5314061755261821
SYB1914,0.23649081696860116
SWB2082,0.23618673178383986
LLU8086,0.5707731732618465
NXQ5035,0.39499416373175045
GJX2850,0.32592562279703974
YKM9772,0.31897848109137966
CNZ8777,0.34278135785563896
UOG5029,0.6615667515360101
KTY2647,0.16408786071307055
ZYR9156,0.2409786302358119
RHH0385,0.792673383490967
LOH9986,0.7443461976748452
OLB3222,0.5599415621537626
TGM6913,0.26378212050598066
TRM5291,0.19027820193316547
JSH2786,0.13954165118777506
FAG8343,0.6587088135637625
XXI9968,0.5475444614810635
XVX0630,0.2712050612616395
ZGL2012,0.3748626889293334
CMY3122,0.8265547605807505
RHA7400,0.5119860424192955
WOT8084,0.6960949580637897
RMI9464,0.3719328968074144
ZRL2727,0.6168180220683058
JSC4855,0.5720089728192077
PIU6931,0.44080033980846123
WAI8374,0.2741237222407207
XQU0774,0.7170243609590172
HLP2424,0.5283264010369413
HRM1429,0.46089579189870516
VVC1093,0.280678807001892
LZJ5353,0.17210687608581585
RIQ9136,0.49239594148955357
TYC4355,0.520712890272672
USX4346,0.18881164388146146
JCD4951,0.14312493968536186
AQE0764,0.29132252344402265
JBG8345,0.6020350894274505
LRK3576,0.18835068356688686
ZLR7960,0.4918797838513472
LQG5244,0.17452035648956712
MHK1073,0.6885500611658867
RCZ7157,0.2962473567343355
SSB7551,0.4938946270791238
PXO5302,0.08458511701830491
JPI9674,0.5873499922202794
BLY7604,0.34002870662575696
OWQ7804,0.7000497210626211
KTY3963,0.26484801908382954
PPM4319,0.2302243745054012
JLP1821,0.1189721554440154
MPR4339,0.5568836795199031
SPE3315,0.27411030127963504
GSQ2343,0.45623299216873053
RRD2557,0.3909975581282741
SEH3346,0.432622325518308
OMZ7979,0.7169322460796281
TVX0902,0.5077077981787002
QMD7998,0.3379772105200855
GIY7765,0.36238364729280254
WRA8283,0.43663532319166576
VRN2912,0.4228815388927933
WOW0457,0.19742627667881288
AAY9915,0.30056812948874684
MCV8852,0.37048657833908294
ZKK0483,0.44659611414326017
IUV2370,0.22720097516443247
BQT2347,0.26057485513252293
RAB0460,0.4579846676573697
VYY2503,0.1511695327327997
BQA4119,0.3082419735664167
OBX3043,0.4077828320858036
AWJ8508,0.1162213845569094
XTH2006,0.3876869800116592
LOS6758,0.22170879606430605
FNG5006,0.35727442659870023
PQA3617,0.13675975842089874
TMK1023,0.2445268952271169
KUG7819,0.7288728591354289
GEM2691,0.516718178401541
XYK0485,0.44575954397392054
KDG4735,0.6465364256536126
WGV0890,0.38464948561197887
YWM6922,0.3197597274422532
XMW6050,0.17181174543655123
FVR5417,0.5063322558372078
TWB8895,0.32763643762994593
PER0203,0.23465172477717444
DAD8582,0.26272508494791535
QVW5666,0.22767125139084823
XTU3993,0.260446791967753
QJS0135,0.7027577660361652
SVI6098,0.17967660596674442
OXA0211,0.3762233985581546
MSD2642,0.1605593258739477
GAJ7911,0.7274740969516212
RNJ5292,0.37526418112329335
XUF3740,0.41642919471650686
MTP2791,0.34770766864802366
LDJ8976,0.5551135346330104
TUZ5834,0.5327593586656195
BWA2307,0.46380696230434665
YWO6436,0.2716604237241121
OKM6664,0.157771587875514
TGG6922,0.29861136423654827
TGG8868,0.4816276318858043
KMH3623,0.16997479481587682
SHU4421,0.42094618674656176
AWU4246,0.20195860379391584
TKC7338,0.11282153765710212
DXZ1314,0.6752257850053666
RAC3921,0.4605622156176854
TJN6899,0.3708394370872783
NUE6631,0.3958212955573533
SPK2793,0.15632992909602927
EEV4381,0.3569007162946222
YLP6088,0.25861674868971224
DUL2848,0.3471600222320197
USU5289,0.47609410508732625
KNZ9821,0.46461254881042224
ALO7156,0.22540241619347756
QHH4547,0.5469227807140387
LIX0583,0.30284794624005945
DVI1262,0.6388808058860349
SPU6876,0.47682096387690764
FYF1334,0.5017590162805735
HGT5795,0.8364359438187073
IMP8425,0.4745622628788002
JXZ9197,0.612362332024025
VVQ4339,0.26873455451668565
DAO4421,0.17266300895430697
TOK7160,0.6577959995450542
YJS6181,0.6998142950499292
XFJ4423,0.27248782795234094
TZR7612,0.3237824853010906
OCB0159,0.25144272377759397
NKL4707,0.4383767148030376
IDS2174,0.13181554222720818
DRZ5494,0.4294648972365749
DDI6072,0.5054901160568385
ZZH9609,0.3229548412209617
ZVP2569,0.7083864011639195
CUD1746,0.3980712269175444
YCV2081,0.1878794456167112
BQP9020,0.44455266720916203
YGK2060,0.3583469878910744
YKW5527,0.8319919642784687
ACX5115,0.40882249895281514
SCM0059,0.4253084159814251
LQI8710,0.2923254913101505
AGB9768,0.7204322480701274
ETJ7781,0.22093075174608492
BPL9331,0.30405397444449905
OMU8839,0.475489475580273
DFP5387,0.1601959069323374
MHX5145,0.22611347969750215
GCH3336,0.11704664112213613
PON4432,0.48139618743524926
MLF6966,0.35846628857287505
HZY4130,0.7681837751216168
ARZ2060,0.38805395197020703
LKU6595,0.2738088335509663
PLL5967,0.11288727775295167
SLK2959,0.38129014725380084
DHN1111,0.6085715515739478
MPP7301,0.38485173563121694
ZZB8437,0.5351623250267675
NQF3212,0.6322067903089562
MNK0960,0.16479243682626923
PWU1684,0.345364829273706
LWL2689,0.5983938834960246
QYI7393,0.20084121780388378
CMX2357,0.2146742344969754
SOH8850,0.40541010942813305
ZGL1552,0.22934465128003503
GNU1789,0.5878259353742578
CBT8745,0.5458279792404053
GGC9923,0.48931349926739465
TCU0568,0.1476980727415407
DXR6816,0.5961286887210168
BYZ3907,0.3391170209161622
CNT5049,0.7951014706743554
BFM2923,0.3770175974535939
QUO8903,0.2863282739015464
GLN2683,0.4331064538202232
DXZ7938,0.4706924875627969
QXH6973,0.4957599021116648
VDP1152,0.8113543221886199
CLT4807,0.43224330240879394
LVU3472,0.2449745894223215
IZE7631,0.292504293836692
CNO7276,0.16626599880036982
CUU7270,0.6850117609080429
VKX4593,0.21523761424323293
UCG4902,0.6310577881559767
ZDS1307,0.6424427911217623
GKK5693,0.4640050241058978
YUJ8464,0.5517244217370977
MMY8083,0.5386845327079605
EWU1072,0.30880442377962886
TXS7897,0.5305855941983851
RDH3093,0.6881548054478858
DOQ0911,0.3212294935599964
DHD4872,0.5158607923426392
NOE2039,0.18782924528052605
GFZ2202,0.26333333060834707
TPY4290,0.25108476955604453
YOH9978,0.2987619008487847
ETP6944,0.21155583081173868
WBK0769,0.13590067031693595
JKS7151,0.31830231361786554
BLR6983,0.18064616203254866
OCR6516,0.6709941511780305
XUK8738,0.34064977006116637
TXE9195,0.27024561316272816
WTE8394,0.21447701652001885
NDJ9703,0.31801351813089124
FUY4600,0.5340538203878632
JMN9165,0.6915326182833837
DLW2837,0.8646500127778106
BBU2488,0.6363447343889356
GQX3493,0.26682340804886673
LTK8258,0.34032538926259776
FAI4079,0.4159521289505211
VGW8609,0.2082951555711475
XEC8503,0.2755126406118791
YIB2036,0.5182501471960598
RBG7787,0.8194012205413078
QUG9785,0.3171031535415772
AYM1556,0.3154907905307783
DCI8918,0.4297837975661108
SFC3662,0.5039574439186675
YZE2133,0.27420513912165867
YYF5693,0.5442602008595094
YIR0910,0.5147207697739212
RTC0158,0.37195131545503424
CYF8027,0.40024676637709367
JVA6010,0.5295634549410816
VMR7339,0.5307654427575529
ZVQ7756,0.4563929252829813
EPB1902,0.5553795837916863
HMA1683,0.5499868290962088
UDW9896,0.677204932982717
INJ2839,0.5187983339627992
XPW5468,0.32453325395543614
EWN3886,0.23193665446822642
RLG4571,0.3474605116342437
YRT9372,0.43085960042008753
YRH8201,0.7053152601507827
BRU3883,0.38209542506184874
SKZ8473,0.22545314603489422
XRY4887,0.2897842562517292
ULE8976,0.5275046056983094
PNW3961,0.04371157981728593
ZLV4477,0.239287890185189
EME2296,0.19693249573942861
OJE7672,0.3663549038678899
UFA2792,0.3958013830672704
HYK2764,0.44829516847066486
EMJ4193,0.7721235897944373
TRY9793,0.200598443096399
UND8104,0.35584295960983653
INW7518,0.41259713441043394
YSQ4508,0.38043664973289654
KWU5608,0.6870932014762231
MKP8589,0.48731695636059075
LWG9686,0.20462738152910595
KUJ8182,0.36852537014706455
DPR0998,0.23459528513413316
SST6383,0.36134446036913337
KJK7433,0.5487055803172957
RYF9809,0.6196214497158473
WSG6782,0.5254500816142497
XHZ3894,0.8533128134033817
CRW6764,0.37697560966553884
IHK0142,0.18281597901024838
KPI1673,0.32624718605405206
VJJ0920,0.38957411752751675
QHN1317,0.5994161351532646
QVL0117,0.34126456136073413
CYG6976,0.2634914674619207
WQJ5266,0.7238302861156107
EFV8152,0.3577369829833877
EYR8430,0.10255712934440948
CSS3873,0.283947293306025
DAF1550,0.21468771219105168
ARG3013,0.17239155692782138
ZQR7323,0.40101152937143486
PSP9513,0.1543262459177729
QOI4229,0.46564150882581573
RKU4120,0.27019322190670564
AYL9666,0.2742235465641538
LIG8137,0.20933915416109014
TLN4120,0.32773037444151215
PII4855,0.40483465882761255
KKC4781,0.6068750066642626
UGJ9148,0.5164019561708179
NAH1937,0.7421184794977833
IBS6724,0.2590711039816879
YOM1813,0.6852882709581728
UQB5928,0.15614382241244795
EXM5263,0.33214740849066554
SKZ9545,0.36413422890249175
YXX8481,0.5626860976293607
EKE1509,0.5185327326533056
XFH9691,0.2782801889772653
YSC6667,0.464394788164225
HJA8242,0.6105120210035998
MMG4678,0.6947205093287634
GHM3350,0.16214816294386616
CPH4470,0.2623142345312849
RVE8333,0.5827165332750474
BJQ8824,0.5740977952883687
APV4434,0.5721206504845715
GQX9495,0.5774600044337963
LFE6178,0.54252386764445
SUR5735,0.5160042598533221
SOU2853,0.5143070943381026
MYB4068,0.2228399256152085
HOI6711,0.2876892251921051
IVQ9537,0.4815070217593959
APQ9887,0.3362980480828532
OYI5611,0.3893618998067949
SQP0394,0.4037751459949342
OAD9860,0.690399069416944
XQI3680,0.45051473940235304
CQA0273,0.3982076359633316
JZE7318,0.3198648584268331
ASS2736,0.3468567719748439
BWM4784,0.7862327583909172
HOZ0409,0.47350520326446843
MQR7431,0.5884300507577788
XHM8073,0.4064327407673695
XJP0014,0.4565416657586714
TZC5853,0.6208900291633972
GOO7415,0.5862569998964567
JHN1039,0.6114822949227251
GJC1812,0.5930992943278226
NGR7410,0.40114728346868606
JOP3400,0.3078867094004866
IAQ2910,0.5260710508041627
NKK9441,0.22279061376953094
JWQ2070,0.29626020302123307
FUA2972,0.43483990083379825
OBK8154,0.3514632066011534
LTX0849,0.5755436426740214
RYG2522,0.4791306114716356
ALN2547,0.4183213450393028
VQR5900,0.5632905126960536
YXW0430,0.2043461976356397
QIF1562,0.4840984233947235
ENC2948,0.632542440341013
TYA6116,0.2508592352358114
MYN2101,0.8251900121838275
MPH1858,0.2872384263640726
PVD2935,0.18919106266755017
PQA1895,0.5953591780885233
ZXL4357,0.5909669232687899
FWN0813,0.16363036681323037
FJQ4108,0.2913354176458114
OOX8926,0.12235618916549429
XCI6898,0.3203838087563719
JLT2782,0.4795146469759189
GXY9486,0.6025068991436612
QSF6937,0.3904186382887083
DNL4265,0.32256431485737797
HXK2025,0.4088722266161073
UCF6307,0.8506459354396175
TZZ4995,0.46679205585966793
VPW8963,0.43596030202109387
SZC7086,0.26050805247109504
RKI4428,0.7258646898988029
DSE7424,0.5282926785195095
BYK2560,0.4316048265300146
HCV6851,0.4993118989593491
MCN6330,0.1788918428998835
QHX3606,0.5580515167326384
LIG7352,0.5561184733021453
OCB7121,0.05227016056196767
RND2956,0.29008854949303037
VJM9312,0.4789288219118563
CNI4759,0.4621664114882487
XGX8361,0.6261196664082306
RSN8872,0.6791625285534897
WUJ9752,0.4581192289035682
ECJ7109,0.18748358363133774
VKN0521,0.486769893608217
FMF2687,0.7060980252999985
QRN3278,0.36915763745424374
OIK7662,0.7173262497276425
WFS5713,0.34316626748753626
RKK1023,0.27037451626897274
JAC6138,0.5847520786529627
YLK5805,0.28428076646607975
CJI4621,0.5812555588431315
QAD4256,0.8543677146257768
FMS5517,0.4561749202706003
QEI8904,0.26597745587451055
FKQ4280,0.6006876029322638
DNM6555,0.21709324686691975
FXD2467,0.31474249919678715
MAA1936,0.43796433651912386
LCQ0642,0.26130037184806904
IYR9562,0.2256349581899583
ARI3219,0.20136320217235956
YQX8862,0.7701666916144644
QNC6999,0.4424999432220118
FLM8038,0.36634955955519083
EOW9067,0.602697814081619
DIY7061,0.6844887931632831
CMJ9389,0.3450905789349621
FKB4069,0.08593616554902868
CGT6928,0.6407965707280939
TLQ3658,0.46638748138718206
MHQ0302,0.504169549319338
AFK3676,0.31205003181505525
QRB7722,0.558924459826568
SJC0158,0.4933645751720223
RCH3812,0.5979523203519995
GEN6842,0.3059960414728294
FNE4328,0.44467049436345213
WXG9684,0.45038063716631366
FCV8286,0.4538234473178282
RVQ0084,0.22963237473294
PGF1168,0.4705230872574946
FTZ5809,0.4650524893021532
ZTK7324,0.4101712578969245
XRZ6099,0.5993459655155068
IPD6107,0.414156565754324
PQY5066,0.3834706356825284
PRU0629,0.645647455400586
AYP8708,0.7422137001929823
OBQ4700,0.22926354880096533
UJR8468,0.21331061128584813
PXT5309,0.32664395580887234
POT6788,0.6977570157644282
JVW1000,0.601708031118979
NSK0652,0.631086019669188
ICA3637,0.16498524846232984
DCP1085,0.31273809685822856
DCZ6187,0.3266224361401056
DFZ5791,0.7341770704907713
DUI8399,0.31132119946775244
TGF8462,0.45746577670292066
STK2892,0.12953888726120308
KGC2143,0.45531353365076505
MRJ5417,0.5953845030074959
KNE4875,0.23154589448989324
WWU8717,0.32379803817905217
XBA1009,0.30211121850863065
URC7565,0.48962628958742416
FGH8879,0.3477998171677317
TDY8258,0.3845278533488545
XYG9380,0.12256015047672024
VXC2814,0.3972618726402802
LIX0857,0.45985848018411524
WIV1316,0.3294334042299898
WJB0796,0.45801357160914047
WDF6414,0.3225764149123153
RMW4668,0.5639159654672278
FUU6581,0.17865527558568153
XMJ4060,0.5488188342830516
SOY6474,0.46273028139854455
ZRZ7446,0.7108548541656313
WUN0078,0.2814787809065247
ZQD0286,0.4063397155455022
PUK7832,0.40642150836790303
CBW5745,0.804340406916194
CZN9299,0.22813943103922854
WRT2255,0.5771908323981122
UQF2952,0.31468633883085534
RVM1295,0.31255318108583885
PRO7906,0.2714071691591198
QCH0078,0.7415452928675856
XYW3022,0.3542842191059217
UDJ1243,0.538393546582363
LSM4498,0.3843264878204609
PHI3536,0.670765230677512
MPU6302,0.35930970879287855
LYN7774,0.07488440910528944
QUS1468,0.805061293418133
OTC5448,0.2548075418278268
XKE5180,0.2777910287595131
URN0347,0.12851403350555293
FZE4687,0.36115286426015364
BVQ7673,0.6169105141465517
EZM9452,0.18731875242873675
GPS3302,0.30936801574956196
GUN5844,0.26109859173703526
AYN8791,0.3307662125503006
LGX8830,0.3220187823288439
PIY9509,0.33541508088632394
RUW9586,0.7789695738171764
LQL5669,0.40633402105493294
PLO8760,0.3829922870623504
BGZ2838,0.3641388768499523
WHS1751,0.7051339502221748
LDC1774,0.8403540229750041
AXJ6702,0.3903324287376379
HCL1779,0.5675571218072758
EFH2183,0.17541552565539012
XOA3736,0.4440519829750567
UGK6327,0.45169262790673476
ESV8661,0.7114860727975061
MZE3278,0.4418797070831533
CTL6582,0.5620999132778127
BZD1651,0.4896219803144808
SOM1304,0.1469023464757165
GTQ0095,0.5404724335725763
YYP6016,0.24886930493688922
ZLW8020,0.44830995182554095
LGF0331,0.6300504824615732
WRY2911,0.48299514264309734
INE9421,0.11315189051259843
ZYZ8989,0.7916854091882023
TBI2765,0.36409069415503387
ITS7667,0.3064582735845482
ICK6739,0.4332662133566414
BXK4237,0.3621284211857361
VNI7499,0.27456499905586085
GCU1033,0.46876876904369613
HUG5452,0.8621262364368905
VWA6897,0.5430530266057326
FVT7281,0.4423951357644878
LMY8193,0.8296437539745205
NRR7838,0.4422142148426175
JXS1528,0.4375141307488836
GTJ5916,0.4575686147291959
ZVO6581,0.40710275223334996
CRM6164,0.5757201232807327
TFC8917,0.1980952272316738
LTP2350,0.3373063561957445
CCJ8697,0.4507946592716787
VUR3194,0.24459786883803644
MEG1780,0.5352331138661951
ZAA9723,0.3349230329892916
RPX4079,0.22321919693648282
SOM0507,0.3834528247480853
LCS1549,0.4467659927872945
CCV0759,0.43969142061750127
QAN7266,0.44789933764771384
PNL4797,0.36090673015748304
RJQ1884,0.12976827429980606
DQZ4278,0.3519166556609992
WFG7626,0.4291855969456117
POT0131,0.5702064080131096
JMS5345,0.4229948019296301
RGD9707,0.36792164185639925
TGT3516,0.48644161565844857
CBI0263,0.30444366078166446
FTN7519,0.3618412590396467
TWG7257,0.4296244611038024
LCN4343,0.4082165393074755
ZVL6847,0.5997568722891057
CZO8241,0.32324225091061615
CDO0664,0.33424000906019824
IEI2406,0.18072255912901972
JTE2790,0.10342203682362354
PLX0698,0.571746105696661
GQF0238,0.2732151834977703
DWC7982,0.3199349052065834
FTO3822,0.09550595099774432
WEG6221,0.26394140857564263
AZG2944,0.7823766234625947
XMV0741,0.23604725420997918
UGH1295,0.39433584999667953
HQR9335,0.3304807180194551
NKQ9327,0.8014159086027357
XTY9372,0.4961295680048099
EYB1405,0.6002485370549278
AGO5581,0.3233697063056787
QCB4606,0.60669352544167
XPY7960,0.4750910549396079
SEC6669,0.2981777474679061
QLW6555,0.49318026378394997
XLG1609,0.41810321971694314
HPI2607,0.5302366832417383
EVB4443,0.8107099255000317
ODN7655,0.42063674565075443
RPG2644,0.5888119542127459
OYL2687,0.4473508847886176
GTM6270,0.3510551627822273
BHF6755,0.20338465920139157
GJK9666,0.4667344156370046
CYF6186,0.28530315463046996
FAX1132,0.23305623011608345
OND2893,0.5757646701284783
MWW1847,0.2771268029373426
EDM4225,0.362568807159255
PHR9695,0.5138559285722488
AEH6740,0.43870456546304526
ZMQ3615,0.4186582662837908
GOT7201,0.6526435853317861
ZLQ5494,0.6157323655275806
KHZ2516,0.41185183738059233
BVJ4973,0.4894467531812749
CWX4561,0.7473884076810381
GJI2743,0.49921574438790284
OMG2647,0.5457103145263237
FUR1115,0.2131198008229176
FCZ9083,0.4738107850111975
UFL4356,0.21529393655651086
ZBS4925,0.4363129129686736
HPB5006,0.06892374518328363
RSG0748,0.33667825459428186
CBF6533,0.208864536843359
EKV4020,0.38371664387121457
EWQ4926,0.12760875747144637
MSK3451,0.3882204333670167
YQE8855,0.1894798762965019
OXR3527,0.7866422454401989
DOZ1481,0.5679500150436673
OXP9987,0.2593422540723824
ANN7983,0.3759398885203115
HLD8743,0.6490290731842666
VTK6628,0.725215676938021
SRO9037,0.21375674591164398
UBQ9686,0.6678511313777914
MVG6267,0.35592929346605845
EMO1696,0.6512214409748847
TGD1798,0.3149033621387068
FHK2988,0.3643987472164701
XNR9052,0.7754237524244867
AXR4132,0.266126271525269
WGH6565,0.3999877876929296
FML6794,0.36883776893350656
DVJ9838,0.6930340622240289
DIC6615,0.34197290676806574
RBU0373,0.43994550122246734
LVE5589,0.6558919400323329
ILK9645,0.23034911508794398
QNO7435,0.7315428007997512
LPL3544,0.1384449718833772
DZS1655,0.4263043423335615
BMZ5036,0.20198599831520606
ENQ2648,0.06269748047006213
QHS5121,0.21591624002814655
JRU0425,0.07829667796062002
AJC1854,0.5006987367591998
BCI8265,0.39596647925519274
LAP7008,0.43289210793408506
PRQ8360,0.6460702925923703
WRO2076,0.4084768976280131
NBP8599,0.5527725358514654
HXZ6061,0.455709247182057
RQB8738,0.5534424920670159
WQX3133,0.52323627103521
OFG6256,0.30072505955387124
CDG2022,0.41649714189913295
TFP6421,0.22041754195310212
OWX9646,0.319969729815065
LTT8237,0.5483949691026384
BOF3129,0.2650182746841374
VOW9109,0.56811330370056
CWN0691,0.42339414408348075
HYS1355,0.3798356628228518
NZJ3062,0.703921648500239
LRT8091,0.2363606727922886
QSG6295,0.6805089991366265
RWL6854,0.18697196590703702
MNM3630,0.6431135992653626
YUI6791,0.30865025079936603
FJX0190,0.2942312897437982
QQF5096,0.60002161178366
AJS6206,0.6998918982213747
STF2875,0.7066650061065013
OUS3364,0.22234324324238028
GUC8571,0.1768716479462665
FXH1573,0.3381662870921205
CTI4900,0.5357767247742337
BAF9737,0.5856046322462538
XPJ2696,0.41898486927069367
HXT1930,0.34345561221300086
WMQ8645,0.7019775144802775
XZF3932,0.40401441708873786
EHC2456,0.5567699880502874
WLR3209,0.28812616021746634
TMW3776,0.4330019983515602
BYI9884,0.4087739108255674
TVL4976,0.41379507758193396
JMS3751,0.45784717750256626
EHD8569,0.5479543425889314
UXK4747,0.5625686298594609
KWC7487,0.1700930416924399
LME1343,0.13592390646179772
SJS5024,0.4988013718332642
EBP0107,0.4352088981492445
MXW7089,0.4431470400438197
XLW7075,0.4792842447946346
VLE0044,0.1783152524045837
MVW2125,0.6571247129132908
ROL3261,0.7643700053135651
NEF0732,0.5252070445105809
TNH4937,0.2933160704382758
NHD9630,0.417007052762933
VBV1330,0.2164775622975917
NGK5798,0.2334431424255505
TIB3609,0.6431022795086684
CQX9257,0.6681656550059429
JJB2918,0.48106019957979823
QGE0385,0.16659187072935724
XPH3100,0.20194039876522804
MXQ1607,0.1430368274389843
WQB9441,0.4109507766504119
IFX4669,0.5870123999121996
LTE9151,0.3475603028815613
QXD6741,0.3316578780798847
BTJ7572,0.2545343534401148
ILG3077,0.6319720987387408
IQM1201,0.379410123534267
BLE7111,0.22261684052837535
KAW7370,0.2822692359503953
OAI3127,0.5158477829257246
IOJ5332,0.3464512070508645
ZSF3534,0.20602728335232576
RQU4937,0.3221600535358064
MPZ5602,0.2610422417269403
ZOD9642,0.4892008648268648
TEO8067,0.5529330306498356
TKM5696,0.4536662647853224
AOD2802,0.24261666972905963
HUK7613,0.3012772715622007
JGD9511,0.39936728149813
AYZ8798,0.6242417990147101
ZDM3945,0.30168917238694565
LTH5029,0.39161552313220366
MXT2148,0.5649385847391196
GVM6956,0.36101467305206353
WDW2862,0.36422709448592144
QJQ9522,0.3027660809027042
FRU3187,0.634294598424228
DPK0141,0.7123962644879417
LTR5585,0.37968932573800673
XJF5775,0.26046522602681504
TOQ6204,0.6935205946206192
QXS0144,0.543494221093774
TBX5804,0.2034543702555056
PMY9951,0.22978505971042884
EIV4595,0.4517037451349954
YUU6633,0.3562141995601344
UGJ3843,0.42971554961097774
UWK0037,0.7392352051772365
VNK7348,0.26445745139857585
CPA3848,0.8920111648410822
KPD9994,0.6501667652090196
KCJ9439,0.12714571391791787
PEW6534,0.34273643490685735
RSC8075,0.5107816230554846
YCJ9085,0.13379075715809927
PRL0472,0.6658354988300189
FWK6361,0.4188771490994138
YLG8442,0.2801402259996017
GEH5854,0.4332027718200803
SAL7389,0.2314709896088619
YMS7341,0.3091056269636991
IKD2768,0.3796296668072485
TJF3331,0.4016205426721369
KWE2891,0.32729386293117013
ZKN1526,0.7120922420929889
FYN0193,0.5086020598510453
LDW7977,0.5952524221716045
UHQ3906,0.3715894395550969
AZQ5561,0.3760094836434866
PJH4687,0.47625572356004126
XKX6806,0.6677388823234326
HAM9575,0.23607861296388674
NAT7573,0.28514555510385853
EYL8899,0.15671252656495507
GTH7212,0.3832808820933233
QID8015,0.2720464636604722
RNN0054,0.5440797426683988
CSG0726,0.8138772083186842
ATT3526,0.40238694959813254
EFF5669,0.3552515067849115
YZY4981,0.6952751006730401
NKD2183,0.3214478196864704
ZRM7482,0.311133429040713
SJK5331,0.3527736341911858
GUB3614,0.5703591935299684
NTC7862,0.8417497367454803
ICO2684,0.15609104561295065
MVW8128,0.16257473500872602
BDS8123,0.3663040580106524
YVT3141,0.1177265787101019
RGI2704,0.44199296682284417
HTP8585,0.6003961042431109
HZU3585,0.4571655028027011
XSF9432,0.5789212597864172
NGC0638,0.723551263169493
DZE7578,0.48826672730499876
YDC3343,0.6773034552484406
FDG5520,0.5135034221054708
VEP9395,0.35373035141321835
GGK4791,0.228985074521864
WZS8541,0.24522224187543065
QHX3936,0.525217188773024
QDG4818,0.5048148064645185
ZUQ7887,0.5604675940061592
AGY1309,0.4569092265816157
UVW4100,0.3270998678172932
BWN9219,0.6890759226555051
FHL4572,0.586903404758811
HWT7241,0.38750162225784157
UOV5896,0.1669794639716543
RMW6133,0.15277394844567319
QXR6850,0.09501009583265359
YFQ4304,0.12226451203688282
BYG6143,0.40298746287774145
UCW0671,0.5309888355063147
QDL1220,0.25065318632785777
RPC9516,0.41444434263024
LIX2357,0.6409460468974281
ARW4463,0.6655585166562147
NER5135,0.33762472171439817
TIT4262,0.34266769395082525
KOP8740,0.26425617827122055
ENR5341,0.3609379020338932
SVI1672,0.5795369461943788
NJA0713,0.25414474883257315
CZY8688,0.30687802658175767
FMS2015,0.19691098310296373
QHK0296,0.31176532767690496
TIB0285,0.21399280805617918
KWF8147,0.2877536500343741
MKT7416,0.4721983473065207
BAS7787,0.594204119122713
WBA8393,0.4306777126482233
BPN3486,0.36745290790036583
HMG0854,0.6706516602529748
BZA4231,0.3877007547198073
OPQ4102,0.6073349619575192
LUR4054,0.241085219520505
UKX7997,0.2241176243647626
BAT8245,0.4630402274640635
GUE9488,0.557070637670685
DNG9558,0.7839948955199741
NEP1395,0.15948576969391104
YFU0433,0.3070879200217006
OWG0002,0.22074842885984602
XYQ1238,0.194070450863578
MTZ3600,0.40611366713954
LUB2819,0.5614415358981121
XYG6240,0.7014210192221831
BYU2818,0.20421019207235444
YNE0190,0.3537437139224799
XPB8615,0.437299252541328
ANV7632,0.34825336481095864
UBK9497,0.2272278740777108
QRB7048,0.3523671720211455
SUJ0543,0.6735886649144388
OUY4612,0.8142966302674828
CEY1822,0.11804910596850975
BAU8123,0.2562999720740618
IJY1244,0.31323561549143303
JAL3784,0.6641944948766473
NMJ4281,0.5093081054217566
MEE9328,0.34027200579935624
WJK2404,0.484152220729881
AKW2898,0.48391356752902187
RDN5018,0.23649851047024226
YDN6409,0.6245429854204905
HYA0471,0.6901090903055135
KAZ7187,0.13524006479347342
TYM3126,0.41945481764894915
KOA5634,0.4684962423176482
EMR5325,0.5724699351099906
PFV6163,0.35243554655258863
UNY3920,0.31434481037177514
KUT6020,0.2756314251965719
LJG4273,0.39986831019355673
SDC1469,0.17663411979378885
CMU0635,0.37639031895098146
OSN6352,0.3328037851408629
TME9410,0.576901904388552
WDI8148,0.23972603610451135
PPQ8383,0.4233452735453403
HXN4016,0.6975086588625934
EPG2440,0.7067610716374405
DFC0443,0.4435428035966698
NQL4457,0.6550475381112965
