ID,Target
DFO6773,0.47111418088333845
ACG1537,0.591030576070893
DQL8503,0.5554037463146908
SIM5667,0.28105536263677255
CGP5642,0.1740559898985829
RPR2789,0.2286852235523148
HGL6434,0.3733070475900627
PUI8765,0.5357977641964287
RQE9284,0.5645619155372035
IBC5636,0.6190422919878209
ROD6708,0.6681903339574244
PVG1848,0.4776252911129512
THG3807,0.3408767680640272
VAU3040,0.6406606591522299
DWL2697,0.3089923291520734
ZAN7304,0.7126665537921191
TVE9995,0.22030957006961732
PCF6080,0.5631962548784404
UPT5060,0.48830439770869216
HKP8843,0.5386879450726021
QJU1928,0.3298159913261425
ZON6991,0.3570754646589024
RAE1398,0.3352171455418734
SWH4514,0.4836819139865137
IIG1667,0.4381631301875579
VMS8326,0.44998544552524167
GRQ7156,0.39487284434017067
CAE5003,0.45540500425014996
FRS9838,0.33327970824377245
DFN4452,0.73226876462572
GZO1321,0.13341893172730354
RGA5708,0.6205494928411256
ZJV4081,0.48472291772918363
WXI1643,0.27308967219008423
SBD7132,0.3893772857595663
HZL3502,0.7598472111873513
WKR0537,0.24259922365069012
XLB2397,0.16684962391038094
ACA6327,0.4215429554019059
IOC0400,0.5541630445344545
UCF3461,0.21121017514947338
EAH5172,0.5580389335053147
ZMH9077,0.7068754449088404
ETP6377,0.5184543043520822
BRN1398,0.6148484558908744
PFW7493,0.6023183467127924
DTB4517,0.8440059640345948
ILK1949,0.451322717684531
PBE7941,0.5289539521971836
HJR0365,0.7247902676646254
ZMC9606,0.7752730329147389
FLT3646,0.42355245991443
PYI1436,0.4971346409468307
MJQ4939,0.33769247334247243
TSY2603,0.8297272734116727
YDG0242,0.7840156700490295
SIZ1523,0.4718797758203209
HSD3272,0.5758166235164381
QGG9170,0.33958149282521655
KUP3285,0.2596263407345743
SRM1677,0.5590405721698164
WUA7908,0.4219491386748276
SID8395,0.1953157241141037
VOK2057,0.6824569007696311
XZK8217,0.647252554332435
NNT9148,0.3094775200834017
TMJ9163,0.46598002717681386
CNL5625,0.32991533856811234
LDU1725,0.35240107784802305
MCZ6471,0.48223973612954035
CLT8952,0.4665673270647947
ELK6989,0.6295821085868114
BBW4784,0.21532862884474332
QAY3817,0.7402193788332254
AYC4715,0.4273311813442655
BEM7158,0.7549370323931331
BWZ1441,0.3982401879810382
UBF2009,0.3640600258684737
LRC6071,0.7529260837456164
ODN6164,0.705262624058344
AMQ8363,0.778952274834463
XZQ0660,0.5168115678818578
BZN0084,0.5317662855652532
PMP2691,0.3935286128419319
ETA5284,0.6516099286126862
OJY4163,0.4783725695670206
IFE1361,0.6219309809997586
GIZ8603,0.7004032764140009
OZI7954,0.3685456464345358
XLJ9298,0.6097638231784287
EPS9448,0.6860428015943074
DKV5123,0.5374341989663561
JMM7357,0.16116650331255605
BSP2705,0.6695337549545077
NNH3400,0.3921086419539842
WYY4670,0.4340371676844496
PNS7835,0.3858903931854235
ZJU6296,0.23082490805695513
FBV1095,0.6436800823371731
AQY6650,0.5590443133383737
WWO8325,0.2971527944160859
UAR0401,0.3031157556378363
FFJ6554,0.22866472117687658
HQA2546,0.5354252473336127
TIO2245,0.5171218098967552
UYC8813,0.33745971660792884
TFZ3535,0.7417576479422463
WET5158,0.37991674003305653
TYB4328,0.5960105619454298
DJW5769,0.5547109511683017
TFJ7526,0.6522209724822607
IME8210,0.5753763407974956
XAC2820,0.2986887754596134
BCN1457,0.3581359238704602
ZXL1102,0.8030405204310063
NNR7100,0.45438600985919136
LZL5785,0.6362430014969167
HOJ4432,0.3599598696081902
QCK4637,0.321095555368413
ZVA9791,0.44245474564615717
QRJ4411,0.5316701727291395
UCZ8863,0.44689161421663864
MKX7122,0.39475196025976983
GXA8899,0.5379630136622278
EAX7700,0.24138336920005438
QOH3789,0.6334468239247022
NGC4355,0.47413394077495885
VJQ4277,0.3410967702845456
QZM9978,0.30129367007841235
TAQ3968,0.4674624953997985
XBQ7957,0.6628504788637646
GUP9966,0.7179045166346818
IZD6170,0.12206536685421997
TME9261,0.24260020317825323
DJO2039,0.4188793181133167
RSA0679,0.24210322230023285
SBW0791,0.8571087242627926
QSV7106,0.4502170974812062
JMP1245,0.5549896216435974
GUD9321,0.531644380332315
LXM2954,0.5981097653805898
LGI4642,0.5899328330544669
BQS7913,0.46677357724461604
XJS3739,0.6115862862154221
BUF1276,0.5186576660596158
JTC1315,0.29276553608700434
WCG0333,0.18511311142382342
AKV2947,0.20792310061932
BTW7748,0.49029907079867
OGY1474,0.3698466245981643
SSC6417,0.09533956309614683
RIO4406,0.6674142837858832
RWS6732,0.3625080058431013
PAY3626,0.36886873241203677
IWQ0772,0.46662579447323715
CQC7476,0.3739503666380296
FRA2470,0.4336728758022324
LBI8368,0.32977822305247606
VBO9478,0.3971695203610015
XRQ6385,0.35174240678129953
ILW4257,0.28575454053225746
GDS1490,0.42926297530142266
PXX0426,0.6676087075625915
XJM2247,0.2146812822956271
DOL0347,0.6223571110596712
WFV1019,0.24637597273325912
UVT5968,0.2635144237395093
BLH0526,0.4128075886511813
JTN3703,0.7762120600055282
BCU6206,0.7716898597996811
UTW6518,0.4552754001177274
AQN4052,0.17429213666704269
TMU2581,0.34822738290258204
EDJ3712,0.5260732553189307
VTR3659,0.583543662673608
FDI2651,0.2603967030303258
OHH3383,0.4846432502120322
XVH7995,0.2940390988952856
IVY6009,0.5166551551755812
YDN1128,0.1870402508019497
NEF1312,0.5934841010236194
QEA4547,0.4624892316574293
YKQ7318,0.5882998942106801
ZKQ2426,0.7174002114205655
YJQ6360,0.4703053342087453
YDZ5100,0.28747681178720175
LTT2841,0.5978971575805166
TWU6658,0.17511786661857287
LCW9731,0.3275499546430748
MKT5578,0.37007786554258326
DVK9351,0.5201299774281605
ZMP8248,0.23546293824078765
KYY7821,0.2273125271391246
AVJ8974,0.537817849350272
DOK9100,0.27429018722462445
ECD7626,0.45545051465966435
YNF2554,0.3735666806016881
CTU6321,0.7346367620946075
GMF7103,0.3246757984517289
BRF3061,0.29676360575498295
RJB8313,0.7051584294517759
KMC2649,0.3669653282724116
AAL3606,0.6311429794002908
KIF3467,0.6123077305812603
YBI5203,0.5661122928057294
WLI2207,0.4837006443665778
NXE2716,0.14412032616763554
QDS5954,0.3564738644352865
EKN9573,0.3661605244223187
FNC0226,0.43426834614700627
SJU0287,0.3956646171309074
EFB6786,0.7124586004977576
UVC2479,0.23225097597176697
GST7887,0.21494332495243512
IOM4923,0.19216950589372833
SZO9257,0.4936596190607664
FSX6639,0.32221506270692496
EIH7872,0.6011045961914949
DYV7545,0.4681974134192082
SQW3453,0.445672352151256
ELA4440,0.4602792690639973
VOX5185,0.4079861359504971
ZKK2844,0.46238539454560296
OOC9500,0.4926984612007165
HIG7345,0.5804412804536649
UVQ0146,0.4090453606337783
PSS9989,0.4233872374737772
VQN9394,0.730066873649536
UGY8965,0.6502896503310591
VDG8451,0.6436743606335978
OLT9843,0.6084095646806099
LOG2264,0.33663596567727017
YFS9689,0.6935737127997665
GBE3000,0.3892594772426087
CBK7888,0.3346144511503996
MSJ3134,0.3662001515077704
MJH6242,0.27634959276711946
YZU8809,0.7300951818729946
CWG0188,0.6855704000553218
SYG1986,0.6950541232284231
NBC1180,0.3339455004767664
SLW9447,0.49355334676389195
WYY2045,0.61692031205216
MFT2817,0.3504655730330084
ZGJ2969,0.7732464717795215
CUA0202,0.36977441502853453
GGT6416,0.6049207613871722
LZU5185,0.5282625069489395
XNX2676,0.41100550159364657
CFI1200,0.7518735275690455
PAP1874,0.34414580971920006
UPZ5905,0.5274250494587935
DQX4472,0.7795157068115173
BZS9230,0.17963177205441588
KQE7116,0.4459228480517428
VBA8686,0.787645378113367
PKJ0136,0.41332375671406363
TDE1710,0.2540305569814349
UDL9511,0.48632917869197184
OJA7544,0.6208078721365954
WID8415,0.7030689012945199
IXL1208,0.5855082404613352
UWT3931,0.6343971469748869
QGG5977,0.2238016298558163
ANA7964,0.5039372623369468
HEF4116,0.7037366805325314
JXQ5032,0.2970368264336792
XRU6956,0.6008839997735749
SME8030,0.4104375400278425
IRZ5669,0.7042844184867099
FFX2740,0.608533451848361
JXE7156,0.3018282767583985
EOJ6968,0.4089423877713362
UKH4457,0.3301091678016168
QSD0662,0.4650776296929936
CDH8767,0.4376898502142962
NCZ1766,0.5202376614094011
CBE7721,0.5954913537288485
JAF1807,0.6938690791121715
VZE9639,0.2850508722763445
QVH2896,0.3274181407062211
SUF9796,0.36318872092112864
KQD2227,0.3091588786594708
OXN3636,0.42222685465703635
EKX7884,0.44377056697294803
UBB3172,0.3173386558344781
AWZ8951,0.26632472141587327
COQ6853,0.5081077624528035
LHK8813,0.45318581829225596
MMJ3810,0.5321492889253847
DQZ9725,0.20144458079341587
CVH0937,0.49605038092501663
MMZ6751,0.5747386866970419
PVN8363,0.30157211109528703
XWI0820,0.7348652177017464
FSR2001,0.7373479169864818
JYN3021,0.47112797612303725
KPY1302,0.5904830411661603
IDR0248,0.6314783726605421
LHN8416,0.44357346310039236
XRI5806,0.7204961936681249
TAE6093,0.4918244300292433
BUU8360,0.8475461666722591
FJP4956,0.6376989765636123
VIG6768,0.6478490730197703
WYD1366,0.5279889044686912
EHS7518,0.5694935826848875
QJA1196,0.5296872349701294
WCP9282,0.7086750992135205
ELK3640,0.6849794387185296
IRY8613,0.770610331669014
IGR0423,0.4151884416948021
YAH1716,0.5936782133385679
OBG5674,0.15975838302817758
OQQ8607,0.4355552447519513
LXD9398,0.35475968384606904
NGV1153,0.5363098198257039
IRE9130,0.2429261652007742
IWL0174,0.33195041298792516
NCY2045,0.23484525056765593
XFE8683,0.3407628549727183
FPB0008,0.5164376875313152
VIP0940,0.4809428044381564
JQR1894,0.6928577298951852
ROX1611,0.17979500043072416
ALM5771,0.21896025569773647
LEY6688,0.11323664127507886
VGG4396,0.325630230173586
RHU7416,0.45818637201685264
MWJ5507,0.7285055497031834
ULY9181,0.5609919552940938
IMG2600,0.6261715110108721
OUP9451,0.5875543627526809
MIR9240,0.5799169323165513
ZRL9800,0.7821531329625444
NWC1345,0.20062067891199326
VNH1391,0.38079819383783087
JXW4828,0.44735924792013915
VBZ7199,0.40409756853844914
WLF0421,0.3024379898619991
UKR0792,0.7523090752066768
QJF9545,0.26697493674610895
LEO5692,0.46859042095703934
DJG6508,0.7060495091320952
AOE3363,0.39399396813279125
OSU3876,0.4847845024082218
WMS2804,0.3383411320898718
KRN6708,0.6240368760805345
IFE5408,0.19590212870360307
ASP4223,0.5049402905076816
ACI7391,0.38327542877094434
DDA0281,0.3138434699926369
LIH6429,0.1045371606884242
HWP8777,0.7196614580994033
LFJ4299,0.32737302824229464
AIY6599,0.48084053570666596
QRB3811,0.5253992163790613
FUE9670,0.5895693902885566
JBM8920,0.3819372462816463
MYX0246,0.4586545843528026
CTC5913,0.81730603325544
RZN3717,0.36854684139475724
NXF0575,0.5319185824836064
QJQ5816,0.20031964088806403
SMN2492,0.48885542049484326
YNS1825,0.13413079874947315
GDM4311,0.34390913605432055
MPQ9948,0.4824296415389677
BSI2741,0.45046358412644716
MHT9814,0.3848172004654907
KQW4336,0.6672083759036016
SGK9596,0.5542079453873248
WYI2584,0.22661241986730885
JPM3125,0.23690144100973407
TWO6625,0.56875760100774
ZYR9195,0.25657964757897245
UBX3089,0.32942857541276926
HIY3832,0.20936384822969378
RSQ2014,0.5218790953934741
HBN5862,0.3069815248474156
PWI1151,0.5687862942928296
VHV9062,0.3530414804782962
TNG6275,0.6377342793354068
ZGT7648,0.854407028499623
BTJ5094,0.7280883509166214
OWQ1317,0.6723259706870707
FZJ8283,0.7111085109829269
AAU0759,0.6648555568012784
NXH5986,0.7195273320729156
UAC7517,0.6623653068239792
HQD4364,0.6322632919275244
SRF2584,0.40820664430923603
YYA8087,0.36968849255690583
NBA4065,0.28806766591246924
NZT0627,0.12575293041879873
OEB8359,0.3197123669824956
YPR6624,0.4255632697046755
KCH5008,0.40438176690637045
STC3523,0.6538577102808085
MGY3123,0.5698518080824853
LRY1938,0.5292422841548328
SVA7219,0.13978770305544513
DNC9467,0.6816752058950579
LRC2676,0.47741242591652133
APM1038,0.5694260364106227
YJZ9859,0.42548728226197813
VYX7142,0.5039367478026588
MFK2019,0.3573074885409493
FPE6810,0.5311802877168564
XBT9674,0.48046422924763943
ZPG6061,0.45839657628978275
FCG9088,0.36292024714135984
URC2367,0.18408815992786293
EHT5699,0.5461234855240857
XAJ0279,0.5188383074101748
ORX2274,0.6850035169781366
HJO8517,0.5222464098864332
MIU6675,0.5280531295468502
GWB1362,0.6468729782688819
GJB8260,0.3224180543001668
UWX1200,0.7005838222146651
JXP2884,0.3018433279279084
PNU7995,0.3133351715162
ICK8620,0.7533937522283416
YVG7100,0.4163381258936033
ZQA6204,0.5787717534181156
PNP3590,0.44456303074637715
CTN4936,0.7417206869061108
AFE9344,0.3411092742503543
HJG7797,0.4024516481519733
IMN9206,0.578525137006231
JAD4840,0.5919156605699369
KKE4285,0.5114211012573591
HDB0095,0.6766541865259746
RCS8492,0.4207878772336642
GNF9509,0.38810228817804115
AAL3161,0.400574368966948
TGQ7962,0.5149344194914669
CFF9202,0.29875309345248446
CMF9347,0.6671952870027472
CIB2416,0.39443881372528933
CBK7203,0.5271736231403613
MRF2491,0.38508318008794123
JMG7680,0.365163168432722
RTC6762,0.6724753181086623
ZVD2009,0.6896982710661146
WFP9497,0.5918487139709236
PEX7134,0.2963034223610601
FHA1852,0.5393937944072443
UAO4501,0.3353405156930914
IQJ8723,0.5671599222163712
BQL5404,0.4668360258511607
KLN7250,0.2970450191803666
BNW3280,0.6650415018519917
AAN8609,0.3674158369997869
MEL1982,0.39070634895501055
QVT9418,0.539494309366291
FNV8858,0.481013416294515
KIO8299,0.2646907533298195
RSJ4654,0.1385853042486635
BCH3690,0.5302076661670228
SYC9531,0.4057195531819112
KIL6229,0.4645127218278194
NBO4677,0.342538055479652
EKA8324,0.6672705437620813
ZSQ6837,0.5519637802255184
WXK5001,0.39672583099418884
RUC4832,0.4158319278983075
KJK0672,0.4372368831080611
IQM0593,0.2874765041328735
LPK7313,0.7759646657640102
ZTQ2325,0.36702097099542375
GDC5285,0.6910230664338266
QUR5370,0.28852490906226735
SHR0678,0.5904655662915249
YES8392,0.6916948365802036
TOB4763,0.4135051785448658
YOU7542,0.33918384737333085
GSH8987,0.7595758684167572
WWZ2281,0.5909574172109271
ALA9742,0.6431217957195428
GCN5077,0.4787883071861094
ROO7648,0.38844786208774384
NVR0886,0.4340177574137951
RJF5346,0.5102365591655529
XLF9962,0.41105325924391456
ZGA9831,0.3840377213276731
WOC8918,0.7248070673321659
AHI6284,0.28357328100833873
NIU4213,0.7131340811924504
SQK5201,0.45406305041290085
AJO3590,0.39334924018020934
WZV6293,0.4836033799754895
NWA5890,0.41626024890096713
WVE5452,0.4800160261842368
YGS6044,0.5134693283009023
SUY4237,0.30502571807499096
PWC4767,0.47881129627176827
BPZ0803,0.2897077084107673
KJX2470,0.5363080646497957
KIE5395,0.6542611225331416
SLX0697,0.1576597258969807
UUK9663,0.4067354789160076
IUG5399,0.2425088583697273
ORV6100,0.40866916679387266
OFT6653,0.6117000181373459
XQY9087,0.1426738372483815
KTO5138,0.5512479054257347
JXM1524,0.43124478680256717
PWB2146,0.7395842390620991
FVU2525,0.2863143024819296
LYD1152,0.5503899062048088
QTA7916,0.6532869386269651
OIR6331,0.5461001861681221
EYU4023,0.5551588161210566
QPP4425,0.6196616448164534
EBZ2462,0.7418447448134451
PEC0913,0.3527777872047898
RZW4685,0.29919318646001825
ARL1855,0.3551284375177435
GNM5799,0.2878709616681403
UWZ6120,0.7291942295413865
HHH9210,0.2654090654113524
AVB0694,0.24968293154514104
TMT4597,0.38336153494184655
UBS1325,0.2819915466662656
AGL0230,0.4453005968557313
RAY1338,0.7142438222440541
UBO3797,0.26253427045434086
CQF7521,0.26467092323539726
KDP1198,0.52434645972386
INL0868,0.576351457288112
GTK3189,0.33802288194905294
WTM4005,0.740534078649131
FIP8993,0.7753052944171772
FCZ9834,0.4360973964290969
RML3792,0.5155719889155439
PMZ1560,0.4969747180794629
EGE4577,0.267346107460959
AGD9018,0.25489783472910554
DAK7002,0.7923449088542944
RYM2412,0.5090663147431774
GQK3574,0.38537264391205894
KDJ3912,0.44270907392131154
LWS1614,0.22691809628055387
CWL5798,0.5811560109911913
GOY7408,0.48573440298657994
MDY5140,0.47334047147982233
HHY3374,0.6735066654872646
BUJ9611,0.6608561019457204
QIF4923,0.6898849843756273
PAT5605,0.29041326287481184
ZVB1813,0.5806942853558752
SXC2843,0.5568716786887349
HBA6381,0.3461533570664155
RII5546,0.1807732247723484
HXS4855,0.4969070655592924
XBZ6752,0.359260269853906
LWF5773,0.6498383929817273
DUQ8476,0.3409478977781162
SEU1555,0.5658291000730936
RNP9751,0.4495218048756853
WIQ8770,0.4769498307723924
JSG5695,0.30004213409493885
FKO1241,0.35278673023432816
PCC3793,0.4756330724872939
CWD4541,0.2616382806731615
ROG9695,0.7233340649655571
MVR4037,0.6937808963175667
FMM6372,0.4922310363003688
BGB3523,0.8257130753087145
TTF6509,0.359538320003733
ALW9297,0.4825158017549963
ZOS7568,0.7913240317362963
ABH8279,0.3437218639208357
UEK6628,0.31562758047750866
HNC0717,0.29915392886161307
JGT4554,0.5267374248590839
IJS7638,0.531509536799371
ZZN6544,0.6509880132789307
YZA9256,0.5658629597467133
GZU9440,0.24391347978866887
ZLK8905,0.6996125192391054
ZWC9267,0.619928173123808
BVE8079,0.20450258574969293
OYH5249,0.22463569780223924
KYH8521,0.42882869733665463
MZE1888,0.3149349106628332
CDN4250,0.6087496432452686
UWE7463,0.5979443485584515
GZN3833,0.4966269962151548
BAO8553,0.6704285296149566
ACB4517,0.59820935126984
SPU3212,0.5717214365476011
BEH3042,0.30349715421277323
RQL3472,0.18511043895161583
MAW0136,0.5553676887138327
KLE0471,0.47359689368032953
ZAY0157,0.48653870966161883
SWT8253,0.6835109410444784
MPI6855,0.5052735870746765
FWG3117,0.41970249548017036
CVS0423,0.21523879544532598
GOU2454,0.33143476857611653
PYB3720,0.30191313939562847
JZW5332,0.6970838662197757
ETY4656,0.5747814635101078
ETA7123,0.373181467931899
MOE5691,0.5271733174722334
LDA8763,0.726253816140221
ZRX5373,0.48101733508226224
IJW7879,0.6773892185506649
UZW0758,0.47423895976718844
OAG6186,0.41151106226527634
UAM1818,0.6140791189359731
FNN9065,0.6087252540852333
JLF1780,0.25104886056267517
YEY0893,0.4143357131354011
THB3713,0.3505000302568586
DVN6545,0.36201179421151924
TOM6543,0.4919452353237037
ZVO4515,0.2925667747921017
CYN2809,0.2265014959914208
XKB8356,0.2595517942104816
QPH0628,0.5339757871252895
BMM5092,0.30319545806079007
GYU8973,0.5280399323981722
XQI4092,0.5924925288519558
GSW2383,0.44262018215182225
RTU0647,0.5242113602965912
NRO6275,0.5100257526987357
WHT4713,0.4363131834957461
PSS5199,0.4381888424679713
HES2744,0.31075257947721935
GEJ7100,0.3193085980249659
JDD9640,0.1613515366556273
YTK9530,0.5566851413712068
FVE2799,0.304211642878834
TSZ4979,0.40364371331517945
FEE4563,0.6607241709149057
VNQ7798,0.3487423408490844
QTG4449,0.3978199340673393
GCJ5619,0.2237972911328704
VCM2564,0.13939557657157292
XZG3618,0.5813482797256101
XBU8194,0.2714211713901278
JUF6933,0.2068038070443835
XVI8728,0.6432621967062337
RIN7079,0.5105383265564605
SNK1073,0.41706472128493643
WMR9670,0.5134480806165047
PZX8160,0.28649605583242627
TXS9808,0.13514199256217524
MEJ8315,0.4986946103748451
FRQ1522,0.4141896755358615
EGS6505,0.31011512859061635
UZR6300,0.4529105356832928
LVL0476,0.4040421795974827
TZL5867,0.310566721762243
RCS5132,0.13393113856362804
LTI5885,0.6942115161015562
YPS4288,0.3936925210412373
EHB7328,0.4782697370160227
HON1536,0.6985234069624215
GHL5700,0.2383481779840943
ACW4420,0.44704227501176125
GBT3538,0.36356131664977365
YID4243,0.2086708128567878
AYS9891,0.4358254707535093
KVT5468,0.43009336495845385
XRW8396,0.7669740281799704
NPA1002,0.5681614155671217
LQR3842,0.603066907422442
WRB9722,0.3010875092077584
WEC1460,0.608413031165531
XFU3132,0.3507549663172627
HTE2743,0.6621137106125571
ISN9613,0.4003914267782611
JEQ0297,0.1917363543727495
ZJY4720,0.16474361751890543
EOA8137,0.5170910162775871
LTW8046,0.6416831047396485
YQH3278,0.6120893508372873
CLX9204,0.7717504043494574
QRT0197,0.6952564306664607
OTW0820,0.13002772607278074
NNE6919,0.3660424209675541
LSO4428,0.3316930092232464
LZP5655,0.23837605811250423
LLT3946,0.5724009387246718
NPM5272,0.6045541440976727
MVF7543,0.3459278315520429
XJP2259,0.7282323324527636
FSO3741,0.370402467366848
OOO7653,0.503561163018344
UON4433,0.4207476926268685
MUF3433,0.7339483879301534
RZD7599,0.5661911650791585
RDM3372,0.6289251640790293
LYQ4178,0.1656497738155852
FZE9079,0.5452314046474167
JMS7931,0.7730121698491264
BGQ3650,0.10856412309649088
ZFY7024,0.3560291788612567
JNV0033,0.30624636122854576
SNV8933,0.4156739549373247
XQQ5448,0.5232806904528627
JVI6426,0.2330349042149488
AJG2925,0.26256657359629937
XHP0971,0.3088037040874725
TRL3273,0.7349104808011355
INO5257,0.46929058322997713
KTX9283,0.3055857323693805
WAN2047,0.3739694920364671
EZW4173,0.591935390960992
GVA8261,0.25937749644354874
TRN7688,0.3714112663310867
XXQ2067,0.48834834112324155
TLE5689,0.5709733517353655
XSO7171,0.2961438758031325
SWG9948,0.4502231817794512
EFH1289,0.5996480336098933
IHI0179,0.7385262359936209
CKT9987,0.3269606983706258
NEY7960,0.5821557664897556
IAN9597,0.5050639818197993
HUI4628,0.23985616442705948
RPK2559,0.2333172833634895
ISQ5968,0.6029056520579962
GPO8313,0.40126845360038477
BTM1480,0.5672915446761291
CPA4097,0.5289536399309
YBU6951,0.4270195454558059
NZP5864,0.6249633103471959
GUG5402,0.3880611265268193
ANG8993,0.21647136097712782
HAZ8153,0.4643432619803888
RIY8056,0.2818445925339909
VXL6740,0.3612546372801957
KKD2286,0.26902023444612266
OZJ2377,0.4243866209122226
TPY2223,0.42276940187208656
UGB7070,0.5629653256634024
XMQ6320,0.6068134785522192
WXJ6113,0.2545349296833947
DNT5997,0.4620162294242661
GTN8407,0.21547476414402894
OPX4184,0.32176983882515736
OOO9002,0.6383366370063
SJM2211,0.5099938959909947
NHI6465,0.5411333526990948
DST5945,0.23606210916107262
IQD1148,0.3530419451656772
SHE0851,0.39805247273889094
BEW4511,0.24438817505649527
JPI0719,0.6873636895991067
ZRE3751,0.8060575445233129
PAP1748,0.5235127185379154
SWM4204,0.35245523912190324
MDB2345,0.414262228828295
IXT9815,0.41548043055205075
XZX1851,0.726744346534701
ODL4468,0.5882889820697466
VMV0614,0.4615662690395167
FFQ0287,0.4288955491586289
JJA5635,0.325610980127755
QDZ8109,0.4514555442051631
UDK4641,0.7006802911011931
AUA7593,0.5527814155988939
JRT5690,0.5467713201372528
SAY0372,0.1640270077470451
DAP2327,0.496864084397564
POB2969,0.42971666341997383
WMM5493,0.830959228216053
ATA8626,0.32487374178548123
RYK7124,0.2658976677900289
WHQ9704,0.5878433554238837
SMI5794,0.6378829843697007
TVK7202,0.5717355427277624
EHX2873,0.6188831338367962
AVI7437,0.20177181667009508
UUX6205,0.8124122037569773
LYV7047,0.4531253291429024
XNK8631,0.6049542778959265
RCU0089,0.23294393316252127
PYY2224,0.23068678625861877
CMY6767,0.5165984042802336
LKU2429,0.21844797953827522
GGL3050,0.2779546895834508
UEB5168,0.6067176539957452
LEQ1966,0.315386152447758
NPA0528,0.30609850330289545
FKR5763,0.46514422219322005
RVG9026,0.39661777301925594
NDD9993,0.4544358279232637
QNU5649,0.3615942257749896
UMN0855,0.5419809290717001
ZSC7988,0.5973922977769088
YJJ5065,0.32586162882369485
OQJ8732,0.5653070558252529
IGA4476,0.38552990324221326
BTU5140,0.3167823817921698
RDA0342,0.2841947841732436
EUE3994,0.37238761043719093
SCV4186,0.35411051573821783
CQL4046,0.7947155302553504
GUY2358,0.46107973283364734
URW9904,0.4899102381467496
WRG7171,0.40289131587863514
ACD2246,0.7643615619492612
INO4142,0.23552528458883193
PTY9539,0.17900114716868226
QAS7910,0.5535189355519476
RZJ5292,0.6702065984647851
ZYW0866,0.23708814748195828
EMR1813,0.6667166738269343
GRQ2002,0.4742787817476272
SQN7208,0.24505019387975951
HUT1144,0.44806472187662205
LHE5009,0.32525120944529384
EZB0785,0.5984442766376068
PQM0525,0.7308267319723647
STT0519,0.17738010992298808
ZWO2588,0.5544396196762749
RDH0021,0.3447174859120239
THM1978,0.6595912948794037
AIR4332,0.5082704223695083
PGH1161,0.514730572641694
SXM4608,0.6641046375654054
WJW5812,0.8126702417841325
RHX5336,0.42710305014381944
HYM1546,0.6545477290520181
KEC8696,0.42318857094016715
OQG2549,0.1695973605051052
XUU0192,0.3406534012139466
AQQ9230,0.5043514330783792
YPM4680,0.39173002527808043
MWF7718,0.603227394990006
MXD5779,0.20006956826107078
UTB8959,0.32770637276528625
TOO8154,0.5052234429496496
LJL8197,0.40644312370212576
CHA3496,0.45789216420939455
BBU5421,0.17233377718233034
GSC0915,0.38738733755943217
QDK9607,0.32345523565587037
QIW0738,0.42661399553255686
OZO7612,0.5271196179731896
YSY9501,0.3703474297395858
UEI3008,0.5125627010210747
ULS8507,0.46686496708703407
AHS0758,0.4485639874417014
ENH4743,0.49299767168735226
CQZ5056,0.1477415444662762
JJM8301,0.5325969706781388
KQP7442,0.7010705916445977
QUQ4381,0.7130546957800203
LBT0298,0.5393631373797498
QUB5329,0.28469707366701236
WCG2324,0.6666300054054916
YXH8003,0.40180775661600376
GEF3744,0.5072631918361967
JGC7613,0.40897254849360193
YDL6245,0.583630776430256
MND3837,0.35639498430496575
QSU9207,0.24801387455913754
FID2110,0.5069816239005163
ZFK9137,0.4753640012416288
BZK3777,0.42281786554853673
VEZ6817,0.48603598529004105
JTU0326,0.24347123863908038
BXL4785,0.5063854817124986
UCK4966,0.5552233743525972
WRA0082,0.3523399096741585
GOF4110,0.2663862573616934
XLS6633,0.5165154883135705
DGS1210,0.2958763843612414
QWA1794,0.21409745757062634
XFC5853,0.7016263892521758
HGK5319,0.30774610233770894
KQS8229,0.6917958674358464
BLV2818,0.4345595799254046
LZE5011,0.6583748259594916
PYN1910,0.48325310698638835
GUH7132,0.21363817844018826
PBW7602,0.6194132193815514
CNW2475,0.6810083865264267
VXK9874,0.6830361656912405
UFZ8218,0.6480336526127963
ADV6084,0.21888030340591325
PFD3487,0.33301148842645445
CRM0707,0.5183991578788207
YLQ2622,0.44132346492576136
FJZ7605,0.4579062976244811
ABU4286,0.18907536447817475
ELP7252,0.3556436239020463
RFT7225,0.6692122967922611
PPK4577,0.4069765885866503
BWE6905,0.578462213205168
VBQ4322,0.37760865496714074
HXS7343,0.29850594238136935
YSK9022,0.6514204870813161
LZJ3939,0.24148283018289105
WCD6269,0.5689505614047803
CLY6856,0.4299848487673084
PDU3383,0.4175462401075534
VOF4824,0.6114685110139013
QRA5442,0.2288252349154792
YAB0608,0.4032002964402968
PRL3116,0.657686099943557
RRQ3897,0.6871377581925778
GXP3168,0.7011572809064337
GGS2005,0.37966076033824125
TOO3590,0.5770303692858298
TPB1864,0.7390074608625736
NVN5302,0.27171716594313133
EHI6232,0.3219880070235003
VLP9905,0.4745751152838491
AGA1325,0.7611652981574883
ICE4902,0.21322276135171891
WWX6392,0.4576189448228992
RQB4428,0.44654045327616554
QYN8884,0.47746690584894325
EUS1159,0.3781203634274891
NKR5443,0.4004635709752523
HPC3138,0.41551565492523923
TKQ9049,0.6154727212327
FBP3340,0.8181251246768322
NOO3967,0.5886670641225384
GSQ4526,0.27637094599040885
ANW1028,0.36660726983009584
LHA8316,0.7370159555369968
WBW1659,0.44169006303913266
XZO3969,0.44169195540064166
TEU4321,0.48137902631389107
XPQ6910,0.4564060181780757
VTQ6246,0.3337448146421954
FSA7655,0.6300899566066073
CSY0853,0.32898668044911217
VCY4269,0.5550658980411562
UHD9364,0.6125800912098722
HIN9530,0.2737115681269954
GOG2550,0.577535217084743
ZMG6475,0.5531901859513818
QYI6167,0.43526288192549434
LVO7124,0.3994129150479534
JWP6949,0.5053995861860509
DZU1118,0.44274876091094517
AIW0610,0.4760430234025014
QXQ4841,0.6197477232371214
SEZ8373,0.5995030073527434
EQR3786,0.4315019475898063
RPG9584,0.40826340111285025
VIX8570,0.5865494174329535
YQR6271,0.6151471269118491
FYN8286,0.3494447725952867
JVF7588,0.5207104367225781
KPC3382,0.669382374602252
FHE5153,0.39899355033877043
WTY4874,0.31338083838473174
QAB7266,0.6447002724294371
NFH9054,0.7045783001742387
YKB6244,0.6063415279004039
GZZ3339,0.5718934005377114
BBY9981,0.5822172020387475
LSY9026,0.4573456643260461
DUJ3056,0.4533126095319303
FUC1582,0.7776451305608405
XOY2362,0.6706295369930633
LOG9950,0.3065689627212132
ZXN5891,0.585948327530046
CXV8222,0.6612479658635451
WOH4538,0.2515103262157485
VWD8860,0.30784514297429616
EOP7001,0.4040061991691932
GSX1302,0.6032310431032164
OCT0968,0.5048748309270599
WHL5554,0.5394160256171586
YJE3037,0.37868479612386663
FNN4968,0.546338467397296
WWY7679,0.40644274009092574
QZD1717,0.8163917183969335
VOB6197,0.25605755563265187
TBA9548,0.114500770822767
RLU9697,0.5729452682947019
BAS8697,0.5202146962388023
LJR4460,0.6923746488138796
HGO6222,0.5406788728550207
HXW2166,0.6448450308463243
OVP3632,0.15350574860094457
MCQ2270,0.3094129897924972
ICD6182,0.5359605719245545
BFQ5435,0.22660963330053974
DPF3505,0.3820905369730342
SZS2580,0.5579291887417487
LBK8500,0.2592036875127711
TXZ7775,0.5400253025760187
BKG3252,0.3101757581920379
ZFB8258,0.4743878259267864
PHV2247,0.38578822103893035
RRK8430,0.3130557541264594
AMH6780,0.4699411261787002
OSH5574,0.48991288100929864
DFI9099,0.6045726694414357
FKU3482,0.4481306818630707
VNO3261,0.5709677531317612
BED5373,0.4738064978233234
MJE9253,0.4210490626855744
HKX3204,0.5020109984192722
VQJ2963,0.503154513863435
ZBQ9287,0.5494867204858376
MZX8398,0.5574365464266282
QEG6705,0.3462127903815715
PQK6783,0.37941832494409133
MBE7976,0.46632149743333595
ALL3849,0.38245841876993436
KXB4677,0.37498104187636616
XOP0754,0.49342060346531535
MLL3293,0.40583437213194185
JSX3868,0.5506144784731603
DIZ5799,0.569086813559671
NIK8885,0.5956369172510101
GJJ5386,0.5577423183021935
ZAT1651,0.5251612086709067
GMP0039,0.24589180924621437
ITI1428,0.5235880608635535
TRY8812,0.7192208676733074
UEG2101,0.7601945631438451
ODG6850,0.5386325770175282
VLE3171,0.23243579190042069
RRD3841,0.42382135884528305
YXY8101,0.5766443024433694
OZK6228,0.2819802497020697
SBD5545,0.5119149595157304
IDC8637,0.6822024137650509
VZW5146,0.2674763656937984
PTQ8057,0.5258545381146926
OEF4340,0.5819482910735301
KVD8305,0.5626708822231485
MGZ9268,0.27093326146728847
AQJ8176,0.22915340475683055
UXS0840,0.5568751881912628
TCI5572,0.4764572185025062
SHM7627,0.3794095072161721
QMA0181,0.830871296370113
TSV5611,0.7767654613221314
PGW5092,0.2947020363810495
BSD1651,0.6166421188184072
IQJ6229,0.7217762718500778
PPE8142,0.7149814125030107
HVE1566,0.28084448383485794
JPB6828,0.3636103354337278
LMS8961,0.30785779716840955
EGQ8831,0.30184664153548435
YLP6900,0.5441249266344558
TBE2482,0.35974889116923153
YPJ1369,0.7563431226341735
NAX1253,0.37510833032640256
PIP7566,0.3665746133396258
DKU9301,0.7036968727820003
KVA9530,0.4966727092314346
CQV1702,0.7705514803250684
OBG7598,0.4301868363548983
VNB1149,0.2432395453498301
HMI2014,0.5902205763734403
YMG8950,0.47080583659122044
JNQ2962,0.3400519717787912
ANK6820,0.4367435913306732
ZFE0439,0.3218881650718445
CZQ9593,0.3809724165558841
PCJ1585,0.27342054092791623
PBU9519,0.6032778127778142
ENJ8537,0.5599549189939487
RPM5143,0.44645081955270116
SUD6466,0.36081649757379963
HFF5761,0.6839635072212238
SCF5953,0.23565954969580666
HAQ3115,0.2155183783826473
BUK5097,0.7095306904942341
YVA5755,0.46895490716857235
QHD6039,0.5812046488730931
ONT2622,0.42496115467053674
OGF3946,0.3750640765377101
NGV7466,0.432889040465654
SKM5604,0.660666375209445
KTE1007,0.3264040476724085
QHE6351,0.4374850555711404
OQM4860,0.6745267656984998
LOQ2210,0.44362839536226084
EXL3021,0.5840840017033928
ASY9425,0.6140859342398184
EFI4290,0.5729979990345594
EJH6568,0.4236730605061522
ESK8758,0.1735168989967732
WPW4521,0.23081589239131606
IEP4997,0.49700727586828924
FCY8976,0.4129346624557307
SNM5031,0.42760918274361964
ZOD3613,0.4012692025528094
NJW9796,0.2620030943251104
BFM6246,0.2490122808437383
MLI2180,0.5924096874797047
FHR9764,0.5652875845000715
BOC1640,0.6324866142795622
EDV0533,0.34693522282650635
DVT4971,0.4881876829818862
FQS6688,0.6344744556237278
TIY6714,0.403504448728765
BBG5427,0.6738727578593717
VVY0236,0.270225207173169
AGY7111,0.24045292562960346
YIH4148,0.4809143331645763
BPA2613,0.2561882326510405
XGN0040,0.5157504916154139
XIY9154,0.5681579829547063
UBT3433,0.6619148974086002
YNC1880,0.7926671011072405
RQV5395,0.3047702177730847
QYR1720,0.6201900754043563
AGJ5776,0.36090442947786927
YIA9506,0.5896626389769739
IWU6149,0.45555797965011646
KAX4382,0.6958672197531333
ZEN3760,0.61042368597111
UGP0922,0.37762067112288633
MJX0269,0.5603443130644536
WUQ1092,0.19019449902088426
KLK2362,0.537653064254404
NHW2173,0.46461384590612
ECQ4722,0.2661872379408756
DXQ4983,0.5372484381664016
TGH4720,0.7479180245659934
RVV4718,0.5702548325616479
RMN3173,0.7062858842736612
NXZ8964,0.5499102187300916
UYF0960,0.6101075653981758
GFY0485,0.4396412558976356
ELW4685,0.6347418071192563
MTK9048,0.5079926562399003
UVG9381,0.4705027318459566
YHY5021,0.42734052040138715
MML5987,0.6352424009116964
EAJ7823,0.5044721044437899
TIZ1361,0.5965392569918229
YLC2019,0.6747319269236844
JFH0021,0.15780043273547129
LXV4773,0.8465750039281915
XDV4102,0.256500697782295
GOA5098,0.8214017220086651
MYV6648,0.31678551832205476
CTJ2639,0.510606734505419
KQB2667,0.3436041754641246
RCQ9055,0.571978224278582
AMR3084,0.5716351528626293
AWS6964,0.274497396958957
PXX3164,0.5674884804004635
OTJ7222,0.4564541087068882
HLT8409,0.4235894747265714
XBZ1903,0.21254124646612754
DVD1043,0.1017139067121475
YMN8454,0.3699786919792092
NZH9363,0.6925778032903702
VEV2993,0.3776354536137353
GTV0004,0.6560316910546243
FRY6602,0.5683829524009545
SPC8953,0.23554292727370824
PJO2885,0.697614231801821
KQQ4757,0.5984221641457254
OUG4136,0.3238027716429862
WVY1999,0.5558920817399415
NNY7188,0.49767801520651245
BIR3043,0.6562056943884187
CVQ0610,0.693834739678663
NLO7554,0.5412923331701754
FHH6565,0.574076577467666
QSY4897,0.6302762636748338
RBJ5665,0.48127892248965487
OCA7850,0.5187655271104
SAT0260,0.428052645244094
PNM7458,0.35152842894697045
ZQL6865,0.4507747009452717
BYX0793,0.4345225525813381
UOJ8877,0.3880310841130375
LGY1944,0.4727533940674812
WTO1199,0.5752297676050725
WZJ6108,0.43446326639283966
YAJ5633,0.38370177465701516
LLO9138,0.48510981623120136
LGR1397,0.39091578419560224
ADT7244,0.4076109432987872
HZI6879,0.3066626298735099
JMD4429,0.5739040596072293
YNU8823,0.5206709546344225
PEU5781,0.7294375261657065
VXW5951,0.3924566947475275
DOI4745,0.5423741737601011
XRP0508,0.2794206936426692
BUP7237,0.3423026967230077
XZF0997,0.3932999095184545
ORE1289,0.6211046974361849
SUJ0824,0.4680446561335957
QZQ8912,0.4123836043856224
IVK8543,0.536197922864505
KLT0884,0.7383717962883335
ZBB6007,0.35885635259772664
STV1844,0.6102197841059189
AIM8162,0.2568883771675192
BHN2674,0.4255065628619837
BHF2762,0.7143814993622584
FBA9492,0.3970721673032409
PNV0987,0.6433673083228733
XRS8392,0.6426070052490818
FJR4109,0.3391294807388694
REP5450,0.47169132068578207
VDS3487,0.31897641077192135
MFT3114,0.8312034724537218
TRE7039,0.5075689121046314
RRP7437,0.6830881748362273
UBN9469,0.46406429656978604
ERD6851,0.30722822072720635
QOF2168,0.459783887365128
PRF9554,0.4815429672341416
LVX2306,0.46308572117398217
MKR1698,0.26105428823351007
CTP1782,0.3497531819061721
YUX4991,0.5669183698449362
WKU8308,0.2207918878499585
KLM9826,0.3379169135193348
IMJ8928,0.19782596352243614
FFX0134,0.5139834955593283
FPJ9006,0.6996838737870608
UUH5167,0.6391839740255375
VGA6455,0.20648735341056668
CDT3301,0.7528550831415349
KEP8508,0.20830598310652332
PNX5528,0.45140911041095194
DMC3452,0.5524892949067339
YPX7333,0.4787336873346434
CSI8065,0.7008940538868913
JGW6825,0.33762061057171033
JBC6586,0.5370746834900093
PYB9757,0.6339549221013467
VBB5768,0.4864536699818639
XNQ8052,0.312922422041634
KCJ8578,0.5819602697833297
RAT6428,0.6318682765627888
ECA9346,0.14610932148580213
FIN5470,0.5247023140685675
INH2355,0.30642304257662034
OFC0099,0.6992376556199653
LAF5061,0.6422611905833895
CZL8124,0.5212125286324787
DXI7734,0.35797117799354206
UZE5266,0.24532976909032084
NQT7169,0.46994099550542706
ZGI6456,0.5917458360842549
ALD4699,0.6464144119117807
MPP9322,0.6033264417184911
HHZ9924,0.5448294737789261
IOY1053,0.41302147402917705
QFA8583,0.5668036547966606
NON7673,0.7590536281638111
GUG3740,0.6741306229245163
BWT9777,0.44999798980798744
YZZ8955,0.19131955999876368
QTQ0151,0.36000946499358033
MQD0086,0.31141233720336126
IEP8756,0.27104704078112846
HLV4294,0.49866253681679185
IWW1700,0.37080781085942915
LMB1742,0.5487587949331133
IZN0947,0.8306427094441015
UGS7726,0.46611762749148
TGD8975,0.4369560435864024
DNP1343,0.32768633957597126
RZJ7547,0.4525612394323819
DGD5941,0.36121760433494493
YAN5151,0.7140838536977313
MSV2708,0.44414996848143895
WFW6623,0.26595614799964207
QPH7678,0.7015182960820823
RHF7227,0.5918470829158154
QGG1694,0.24035041634464005
LCP5425,0.5942470322662623
RNR1236,0.4302378613944131
CZR9446,0.3738043152765642
CWM6629,0.4398787211614874
OHR2811,0.6999519190671395
DOB2836,0.46911450765551727
WSR4692,0.3631509948157127
UJX1851,0.5203314031441606
CLF3763,0.58279413498018
YKY6460,0.6412397729075837
YEE0005,0.5586551393152586
LRK1521,0.3905692838552757
FOB8975,0.6135057063699925
ZJC6844,0.5393059749655621
SQO4595,0.5818003639907842
YJU4611,0.6037502593304647
PKJ5453,0.179997954788786
NRJ9279,0.6247424921310998
ZLB3853,0.3296863413768908
YPE2843,0.5819008732442573
OMB2404,0.3436319709265412
QXQ5371,0.34588993550405095
DWP4776,0.7625882901443606
DYC3729,0.6250567336024755
SYA5630,0.7668523279740156
FSZ0753,0.3664051635228731
IKJ9927,0.6362365952814579
LLO0013,0.6420135184671232
LJC9413,0.6603933908216939
GZR7220,0.5415438323970712
MLF4890,0.39722017689003764
HKX2217,0.6526976876338899
HLP8891,0.3976998279681807
YSD8942,0.7980780457099834
VJC3345,0.4176671753102037
JQU6225,0.6133421112663768
YXV2150,0.8069437438063332
NVJ1683,0.40851789267302435
OFD9452,0.6540401571249229
NII5419,0.4668198271041125
JWC1566,0.41159623972668413
AXY5191,0.6769032352663946
DDA3048,0.45804045782962766
AEU2727,0.6338970671306452
MXK4708,0.6672038772641087
WMU7184,0.49572647238831125
QLP8362,0.6266904305424043
WQS3967,0.3537375719981417
RTU5105,0.23459789882116394
VBA4441,0.41360871298622415
CYN3583,0.389769783461547
BDO4886,0.40196445195438424
YVV6051,0.2025879788342104
WGP1526,0.7071099629055698
UDV5640,0.34054002119674237
WVT1418,0.5900412696564361
BLC0999,0.6249542778074331
ENP7533,0.5764830890948907
AEY8698,0.5483969344975061
NHP0064,0.5576160642010357
AYD3935,0.6375722193094302
UEM2638,0.21239804647881524
GKK6297,0.2340439781018575
PTR1163,0.16456879427448423
GBT2034,0.5619518118972007
WJY4048,0.46327162427451535
TCH2635,0.29796673652375183
NLF0803,0.48439198709834114
RPI7686,0.42182324066451815
GNY5436,0.40873637987395073
EXQ5477,0.31884932145195866
IOS5691,0.497748966325515
VUC7832,0.6790139416632858
SXL6599,0.2641401143330686
KIS6550,0.4621687841022356
IFX6470,0.3601630694723852
QDG2834,0.7751451960597056
TML4354,0.4605527832321358
VOU6894,0.20704999929795226
LMW5498,0.21673069284986377
IRR9834,0.5161110996561711
XUU3875,0.3185331005423969
PPN1291,0.41717847814183806
GPS4832,0.3321750188562044
BBY4907,0.28441949027747715
XWH0239,0.5418092696819674
GCY7299,0.6756530382846375
SFL0656,0.41379115389740445
ROG6364,0.559872131850665
CJP1826,0.6903521969977731
XNB4879,0.3251479201742454
GHW7497,0.38947392954117466
CIA7291,0.4026190453520686
JHN6870,0.6514757502825785
UHA4462,0.26683527924626305
WHC6939,0.3506932454494254
LDR6471,0.20308354738627044
PMR0233,0.5873669075104281
MQL6945,0.7863500089153246
DWV0912,0.4670038553462019
UPA3518,0.6820026713803992
BHB0424,0.2367691011997397
AST9794,0.2892593279151231
GSY3503,0.5217102894386498
ECI4878,0.6336512298850934
IOB3543,0.3553757288160833
SLM3548,0.3578543934945675
HBR8681,0.6705741720200108
AIG2884,0.31670033331198755
YBL4627,0.432929828361951
TCE5274,0.41710654900876143
YWD6282,0.4727081381118424
GYW7356,0.6033722760039386
UOF5714,0.39041852610399297
ACU1723,0.36666081423038965
JYB7426,0.6513969487470253
IAD5127,0.4713453358742219
LQY2307,0.4320782909317865
QNB0256,0.3309621674151342
CNN9280,0.3251103343405418
LJL4826,0.3563589307275664
RLE6077,0.38090587497255324
UBZ8854,0.7884642272808595
PBL9060,0.42050618629714076
HON4195,0.6026272261185961
LKE7887,0.2954989123121321
HOA3501,0.637810189215956
YSN0341,0.6463352985106254
JKS9027,0.4089455123263822
DSJ0790,0.33841926271028033
RVK7955,0.22204522727085058
GGI6941,0.46157812877732196
BRF3111,0.533080946258109
WLO6029,0.8326026786784468
HFC6052,0.3292804701685811
CSS4641,0.2271751680928068
HBX0135,0.35381988136501846
CGZ0900,0.6862065742803347
FWF7177,0.7844179712704012
WLX5928,0.6651215161460484
EQD1778,0.13576962827840955
GSQ3416,0.38727865899040365
YUA8278,0.5910651832569056
DKX2794,0.1875887514896761
HZW1287,0.5813697958093231
XMC6471,0.5249347534226964
PXA5342,0.4745595926841816
RXW1741,0.07036575390293992
FZX1294,0.21234909285781178
IUC5486,0.628068001499918
ZZJ2708,0.306932360227282
DJD5560,0.3689628140228951
OYQ4478,0.6617366666672918
MOA3063,0.5523961383180118
BNA3251,0.4255743788142277
TBJ4149,0.4952771080723456
AOD5592,0.3124764375293677
SYU7567,0.1835485349127331
PXB3114,0.5337221286032658
BDQ3004,0.2196738521933102
WVU7296,0.5725009848919911
BRQ8431,0.49839142432231104
UHL1758,0.24369913200763943
OYP0446,0.6275136926378123
ILE7594,0.38080401788793283
QUR5960,0.5078706142363505
GWX1065,0.172594533730934
GWE7702,0.18886008003536403
POZ1462,0.5199832766439303
GQG7927,0.8220466030616389
YNP6209,0.6867434982537475
HNR4579,0.47143254080026537
MRX4488,0.40619819059231743
UQM9355,0.7436409323128075
JZQ8372,0.5442884390731964
RPL7113,0.4015874891466244
IBK2170,0.4739396189597529
NFR8627,0.1933238627942993
PUV5957,0.775170864556727
FAY4381,0.38636811529311005
ZYZ8976,0.5247757781575415
INI0968,0.5055262750188055
POW3290,0.17511713611222787
YUZ6503,0.4845625252089054
MVX2963,0.17962918387321114
JIY3246,0.4152373745395276
JMO6098,0.3804117377296047
CTA9349,0.620586594493699
MQD7143,0.5195679285671089
LLY6471,0.6574619750202229
CMD5926,0.2885892701643742
WZS7051,0.28450732295079373
CPZ3691,0.531438310642113
ZZQ6371,0.4199743678979505
JTF5577,0.39353546342567897
IYA4493,0.5676397426447699
HJA2325,0.21267312132207683
OXC2277,0.2988751081218753
XDP8467,0.5388893618406074
THA7110,0.49845724694480664
UQI8975,0.16192749148089455
VMD6254,0.5972802891309095
JRV5262,0.6175475311911084
CSC1612,0.5473265486702852
TJG5921,0.6772218638509065
DLZ2704,0.6514533576143839
IOV1951,0.3741035524515305
AXC7047,0.2708133039934265
PMO7295,0.3321579099932629
UNB8295,0.2360945334730693
PIM9503,0.43207220077566494
FIX9786,0.6288987756468314
JJG8011,0.5412688450024198
EDD2054,0.3631000133582093
YXD5569,0.796734927561586
GXZ9714,0.37423565274728265
GAV4283,0.36554233135957576
BVO5697,0.6286763681708648
TBF8496,0.2923014655789852
WNJ2132,0.589373575992427
DBE8617,0.6180868808280295
SUB9272,0.46767049027930685
PLD0627,0.40542020423297553
URA1140,0.5250534813526111
BQO0470,0.5942796462087482
WPZ4520,0.5223545721253006
BPI1396,0.5423247497931696
NNT9739,0.5131377613048382
NLT1918,0.8023670243486452
OPB5945,0.4847835454580439
BQV1931,0.4398846995156169
TNN9944,0.44256459448995433
NIT8064,0.2088718504222219
KTZ6082,0.5133220399202912
TDC8192,0.2988208249527625
UCP3108,0.4949833879465819
VBU2662,0.71510584341327
BNR2978,0.36446903204409486
TFI3921,0.5668169050095291
LQA2399,0.2797783749913524
WZZ0574,0.3358618600977769
LNP8330,0.5638366024567774
UFP6156,0.3670140682513561
VLG0744,0.647415802620765
CRG3282,0.5158564290968568
KYV0097,0.22308265812386752
FWW9362,0.6025651061880863
DJS0404,0.2923301619882668
ZNM0264,0.5479547104943652
MFS9438,0.2507287737218092
LHG4907,0.5605438505411904
LLV9401,0.16142662197209756
BLO7629,0.5546454128078102
RLY0794,0.353519197674367
VQI9198,0.20220854624922768
GTA5475,0.3430913028952951
SSQ8389,0.63709001437167
ZSF4237,0.4841451692936527
WYW9187,0.49345840328536006
CZJ2345,0.5205850955065121
BZL7046,0.5104453040914181
CYS9250,0.299201333438732
LUR2157,0.47911318602445185
AOH2742,0.365788795639845
QEL3121,0.32427033683325146
ZFT6399,0.600946547894351
FDD4728,0.6912515955753888
KPM4245,0.6824376783614441
FQB2129,0.34248715236246063
WGS8262,0.5973223592277199
OWX4064,0.3617608259739007
OUD8979,0.616975436071026
FJE9369,0.7128036190559083
AML3227,0.3942079359552744
PRS9586,0.3329699676593835
OFJ0120,0.7609115442985979
ZCN0986,0.24612220664558507
ZRK6279,0.31394503520088357
GQO4179,0.6054013362822573
BON1340,0.4634775151733882
LKG0694,0.19662690065572253
VXZ0803,0.46518035222399645
HHH6742,0.45289959591017737
VPM6117,0.8171646113824715
YTS3483,0.38277127169161396
BYK1773,0.31306340643364183
WIC2466,0.5040644313017376
UCC9614,0.4489879507919772
PJV4989,0.4748796878837179
HTJ6371,0.517283483638111
HNT9637,0.30425845582748823
MAY3073,0.2521978521075481
PTJ7520,0.4996541113654069
HMO6264,0.4226871466649158
GJC8706,0.5174344742029018
AHC5700,0.3849511664439519
NXW4848,0.5160748425849992
BOB1940,0.17740162635047738
IQJ4126,0.29467035184999313
MVI9716,0.6723901204672554
GJP5178,0.38494050446247496
YZM8152,0.3462676019863249
GGT3124,0.45626334803589647
HVW0323,0.47025467360609874
LRA3844,0.18060510415463596
QJS4465,0.45457180073376
PQX3659,0.21464458698798494
PJP9645,0.29691194936448995
HRL1242,0.5425833819170592
IYR9842,0.4534746393983295
YNH7590,0.17241848892024225
RCR4057,0.5022367417570921
FNQ5041,0.5154914516874568
ORO7997,0.2981185311263813
TBG5645,0.380075949692367
EPD9107,0.23277644712771273
PXN8761,0.29189476456845387
ETZ4935,0.1807885647849877
OQH2910,0.33015573915956364
PCK2606,0.47722239318603255
XWX8755,0.7298380540941136
MLO6978,0.6158531202641744
WLZ1157,0.1660563771727745
UPS0344,0.2638351752634539
NBO8038,0.38006991941540896
DIB6753,0.38220646614544146
UZE1684,0.47010911373013364
QQG6149,0.4139144901754188
QAU8104,0.29501431821978563
QGA9213,0.334915823235425
CWO6851,0.2927910067171273
JTM4958,0.3763256913865922
YQS9295,0.5697514088732216
ESJ3848,0.7017053753441376
IWU2032,0.381350956969214
KPH7842,0.18052761847644733
LRN8162,0.7195378000155841
AXE1699,0.582845270641009
XKB4966,0.5101306556315022
STK2218,0.38451681288472944
HYQ6433,0.7429885745792075
GTU7140,0.13588125799747428
UNR5657,0.2829955238809953
TTM2253,0.6343751334715519
YNV2699,0.42712652658612693
YIY6671,0.35427549321792523
FRE3263,0.3380626745444455
KMF7808,0.1849468790835902
ROL0904,0.3200395571537817
PZK7451,0.43942111306378384
KIH0254,0.4351263323180058
LWI9052,0.40725896546411283
BVC9479,0.2655885269580102
URY0635,0.3989290749456864
XPZ4576,0.4240577710108855
XKZ9102,0.6280143648895361
ZUW9102,0.6398372100991753
UBN0486,0.5549175749138024
BDO4948,0.5055737649593008
UMK7105,0.10348675003291052
BPN3689,0.5534683033522916
LCY3691,0.583070786856527
DAB1719,0.6611489473616501
VOD9149,0.26434623018006975
ADN0299,0.4212435802608575
VWW5498,0.49677702592135053
IDO0436,0.3070719007265943
CSE1995,0.7066653565248622
ZZJ1691,0.39991087834431976
DOT7701,0.4189343157757506
MGZ8737,0.2583933957841109
HZX3153,0.32401991951338704
QNL1418,0.529240030240792
OMF7498,0.2278100496836798
XHX7072,0.7237741624569876
GSB7562,0.3240102401863876
GAE6243,0.21737535033307892
LNJ0511,0.5487371069399063
XIW7209,0.21374535235625375
OFS9244,0.5126598528901145
ZTU5066,0.5612542641970927
TUL1265,0.27971908850120347
SUB8522,0.2320704436409397
CIN9277,0.21670052983736415
SXQ4671,0.3923122834516425
UFN3622,0.552827759226769
VZV4722,0.8258886100570864
VLQ2390,0.24286402401915136
SLY4655,0.38627071335137514
VCP3342,0.12837657501294444
OGX1137,0.529428985432489
ABY7970,0.1900544615353884
LTT4359,0.48962200246064413
RGP6696,0.5411051566059797
ETT3134,0.2516203662190312
VQK5360,0.3117446195920409
TAQ5167,0.6791721710321265
TWG2069,0.12773598699156707
OLL1043,0.56995037674278
RMR6916,0.5954459175800615
CWW9082,0.25542938032554113
DIS1533,0.3377697897836135
UDW1446,0.3728903368036804
NEY9288,0.4042391119670383
GEQ3261,0.4793091873191345
DDE0864,0.6878176055734837
HRW8057,0.7422009308729878
EDZ5434,0.3209927617353543
XDU4447,0.6028009610577918
HDQ1554,0.2874853009623998
ICD4170,0.6702853184274757
ACN2803,0.558431301059947
FLB0567,0.5576545748026538
AFW8735,0.42846858325317694
QHF2663,0.6713325379785477
SIS4056,0.6093145122274946
BFB7024,0.1830153784068737
FFD2187,0.5592153040709313
LTU4222,0.7714102500984048
HTJ6857,0.3633212900938663
KCJ8116,0.5457126720270573
EBF4220,0.7518409661746965
VKE7153,0.6221865190682629
RDY5024,0.3473497363215612
BYR5509,0.226268654045343
RJH2016,0.354176219505399
IKG5514,0.6758485054258869
NVR5085,0.464318840267408
INF3715,0.6121822013860395
IGM6607,0.48097100235611434
AMP6369,0.39636767450102717
YVK1582,0.31804884696623037
JZB2864,0.24035176051795037
LDO6927,0.5476874236942155
WCG6571,0.5518446177068836
MXU4187,0.5883133613744629
DCZ7738,0.3204493976608682
KWG2188,0.5444852228912169
FTK2655,0.20884745155108347
FBF9527,0.4164078302527321
OJR2867,0.17930566574357226
LZM7871,0.7313136547104424
REQ1736,0.4249045943491001
PSQ9989,0.5945090541327317
OJG0594,0.4651298322629981
PMQ4178,0.6082722328491428
ZMJ4726,0.2627205709158821
CYF4956,0.677045299636069
PVF6811,0.6245931226412849
UYG7466,0.6612378083234696
IRM5695,0.5003858750865787
YJL8439,0.314325041811211
XEZ1743,0.49130859987039577
WAH5084,0.3486157742282605
PHY8772,0.2927038770439261
AXR6112,0.5111995743459372
OUC5425,0.16532410147333582
NJK5446,0.38299838202622183
RKP0540,0.47046182404721554
JIJ1460,0.4286246907977759
PTK6472,0.3978972046869612
OXS3977,0.42182207214894796
AOM8900,0.30720540774740146
VNR0359,0.41002045402450144
IYU3895,0.5421367421662384
LIH7939,0.6583924431995789
MWB3044,0.1795462526879455
GWW0191,0.2592129431253746
YYZ2592,0.5625375431305464
AMV8743,0.37845938698212167
VGR4206,0.20228985199811597
QQB1582,0.6865815149813668
AIS6545,0.5520793641104107
ENG3349,0.44494479398282527
GLG3671,0.5311387470728459
ESG7838,0.42587811637835415
VJE5970,0.6468971551994696
TJV4032,0.5765610899374136
NPZ0320,0.5669402759952771
GLH8560,0.6362383803416054
FCK6397,0.44954064826299756
ZND7829,0.6348322984254544
WGY6041,0.7400249198986568
FDI2501,0.5089753564576054
BMN3470,0.40680427125081153
HBW4130,0.3876608265539137
PWK7987,0.48779770197223943
WHO1663,0.3561365584616386
NWK2342,0.8203470608822512
UJS7468,0.5226755963046363
BEX0285,0.6059169446192714
UWS5984,0.5694704949164618
WTF7343,0.693701599797891
RRZ0390,0.4928565862651476
GDN8780,0.42185015546260973
MNU7249,0.4218762381670927
GDI9499,0.24540122301078807
IIU5693,0.6407748856039721
OIP2054,0.40030145548446083
LFJ8326,0.42082934568790353
CZN4189,0.6311640151005463
UXP6651,0.6227414549341592
RGY6659,0.43275703683108124
PDN4232,0.7553454535209198
VND3934,0.17372485597371315
THN8314,0.5194527635531221
NLD9324,0.5354660410054812
UXS8258,0.44699695345095286
KBY6262,0.5226224297061772
CEB8766,0.7012813745617208
EVF6778,0.6302839260261182
QSN4123,0.16076846017258312
NRU6209,0.5811018044832184
ZFI2630,0.4441655979027702
PBE7043,0.5455656159979967
WKK0810,0.33968927720532927
JGW0377,0.6581139583992976
JPE7891,0.31681712015714303
OGK4654,0.7659319977544375
EUP8882,0.46117909432373516
ZZP9215,0.514971598971016
UJK4511,0.5785158880016774
RIO7274,0.5031557792701994
CVK7281,0.4429618968434731
YFN6083,0.4656228755198141
ZWB0653,0.6400331577713436
XJF4320,0.21597508578563226
DRZ0501,0.3353680451795662
UUS9592,0.41081721046497877
GYT3367,0.5776697333714158
YOW0478,0.4024682715108414
ETM8048,0.4005957519419899
VHI3955,0.31125510951786306
JWY3546,0.22716541518170508
YGE8169,0.16945454749882405
RBG9621,0.4445226700456919
KFH8046,0.49432048640076365
NKO9494,0.4727306401761595
PXL7755,0.42279779445091376
ZEO6020,0.4732009886662522
RNI7236,0.6603172458145139
NVM5624,0.4170174441997606
LYF0002,0.673724653974966
DPI0552,0.32729124021382516
VFL2098,0.3364154436192376
HPU5706,0.7085007499066549
IOG1292,0.50896671666985
VCG0006,0.20224476019256943
VDT8680,0.7660382183658316
PHN9134,0.4688851382535057
QLY8408,0.4741610895846523
GQF3229,0.516301964558128
QRU5190,0.43030412752616687
JDY8653,0.2812507340934577
LXP2696,0.18435521017940196
DAU1948,0.32969636832872207
ZKB6852,0.6222599726149979
JOC8182,0.4101544062951148
WPU7243,0.582880406265921
DHM8155,0.399168923159863
BKV4337,0.709507798637268
DJZ1621,0.4473177272636939
RHE8232,0.22319700300296563
RZA3300,0.5438392280035784
RWJ2599,0.7655064101881668
NXU0486,0.38891360140401465
MTJ8168,0.5132308600232367
RUK3184,0.390881646847829
THX8305,0.3600648827977643
FUE9305,0.5336702731247202
CLR6222,0.5033488069579867
GEH2238,0.4711597938596692
VMC7749,0.5050477692326232
UVC7051,0.599929733220443
IQM6307,0.19517257163173837
NQZ4921,0.3781773096098757
KAD0889,0.4913946969841738
FQS6563,0.10719273112259803
TJU1657,0.35071562814830715
XRQ2866,0.6557479085589755
YSB7616,0.30169774515836
CMF8636,0.34883106777012546
AYU6254,0.583105719741921
VND3349,0.5452303803866236
ALF0873,0.4282610800662504
WEX6547,0.2856119136719212
KZH4174,0.45862247253866406
HHL1028,0.5050097080987612
FAU4783,0.3447031871806583
RIP7417,0.8696046511083304
CQB2052,0.7986632538874305
QHR3186,0.6994130558410399
CGJ4146,0.46263787240184684
PQE8422,0.32918946226985213
KRB7101,0.5442180275499171
HPZ4991,0.2675072854741466
RBP6977,0.5094852947301807
XGJ5317,0.249415932784125
IAN3692,0.5939110855521943
NUM4282,0.5598701089023732
YDE7220,0.4575133633212418
GTX0308,0.20724452336444016
RHG0618,0.3601389541168182
QTK3234,0.6688328550481349
XFV6894,0.35735615135266496
CSB8399,0.5653051164081766
NOR4701,0.6231083466610209
NLJ3968,0.5041010171787574
ANW2628,0.42637471312539665
DAI3533,0.7880733696807722
YBI9285,0.44513499291793457
CSM7170,0.21691911217514417
ZQW4008,0.271801387176089
HIK4516,0.3472346216868798
EXB5481,0.24748636380275696
POP9861,0.6875642225301017
ZCD8647,0.43131929689571025
MMW3189,0.1631739826607274
FZX1386,0.2228628876732187
XJW6981,0.6315216860133175
IDH4923,0.624889147524642
TMQ7955,0.3937166594298699
NNO2893,0.31919212794511026
OCP7865,0.35508526494911996
FSV5399,0.5179508818343728
IPV8950,0.4248198531961118
OVV9534,0.41510581990940876
HJV5406,0.10930382136028899
NRX3458,0.47199471909033136
KKR6119,0.39665078397413844
VBK0052,0.27885841595160454
ZPW0742,0.7367627097542402
IXO4783,0.3287740762782513
OLE9164,0.7939419781635606
FDO9514,0.2631716843188489
WCY9603,0.34288167106645734
OLP9314,0.4533994311778583
XKS6868,0.15779270407448626
AUA0544,0.20211021843345398
TKO6061,0.3891516510111328
ZQI6616,0.2686343141200208
YFX8262,0.47527017571525987
SCQ8450,0.3147473464787624
ILX6428,0.43063451479665993
VYM8610,0.6435605004622893
WJQ5273,0.16119749189696927
HSP3866,0.3057519951542741
COM4021,0.613419303000127
KTI4978,0.2921172037340581
UNS9134,0.3632408457275096
GZN1159,0.681201568098935
FEL9461,0.424767990838092
IOW9233,0.5087337459839465
WHA4761,0.7826802153015964
ZLG8983,0.3814995144647888
QVL5196,0.7574823891341047
XNL8446,0.4347826449419223
FIX0268,0.6268156784686332
MXI1482,0.1979604755118916
SMT7267,0.29629833324693683
SAU4456,0.53705880590631
LMZ6995,0.38472407699911404
EGW7117,0.16896383288529376
OOU1184,0.7330574039076836
PYN2702,0.32901049775536506
ZGF0892,0.47654323280468125
ZOE9846,0.5491299514804238
DWO7481,0.6001492042166323
LPO4681,0.3290449676896916
EPZ9944,0.30633863986024745
VDK9305,0.592362683555741
FWQ3053,0.6751866415649417
YVX1629,0.4542982225997979
IZU3946,0.3723338524048825
UTO2381,0.7973086864986514
OFL6647,0.36537378023743283
RNB2889,0.6714680248026506
OVM6008,0.4609336189412836
ONB6887,0.43712093175800304
FBZ2743,0.28613025101482004
FLW7842,0.5959072935548408
TGR6277,0.6446855728860841
JRW7214,0.5854693162550525
XRX2449,0.1201784262875096
KZW1071,0.5023224177706593
XLB1971,0.44949864376592824
GQG1121,0.33332929104504117
JPH2255,0.6410041562840594
RUA0004,0.4001684592072485
YWA6586,0.3208477147941359
GQB7841,0.28704028773088686
STM7106,0.6364304881231208
AZB5440,0.4759415986236718
XHV9925,0.639322692364963
QDH6299,0.40868281096807135
WDP7476,0.3697618279169097
NMT6166,0.4313828798046061
VGG1549,0.4364616950229213
RXS1106,0.344937782583281
XLY3335,0.3989583035384795
GGQ1618,0.495765986818166
IUQ7048,0.23274320411467833
UYK0965,0.7411857181427003
WMR4750,0.3816614839288812
OQS3013,0.7314905154400879
LLN9525,0.3662712890731826
WFH8896,0.5753654298489077
VOI1089,0.3222468021323077
ALK1216,0.44919317057448493
VYW8970,0.35792791968740956
HRG6795,0.381529145321022
WAA4157,0.524870837941352
BMB1791,0.4873943112705879
KQB1175,0.41979455367726776
TIV9623,0.2612551445945376
KYI2691,0.5947170660752124
JWC4499,0.6227544725799337
ODO8213,0.5600509079962175
BYA8224,0.5723715467887416
JBA5116,0.7098943643101402
IHD4177,0.452801629877741
TVR2929,0.4953548390509195
USI4915,0.31398927425806855
XFA6190,0.4081389858680051
BLS9176,0.7508986280357216
MOR8223,0.7164330637967327
SPY1026,0.81571819833163
VEW0881,0.48417881099282367
EMW8362,0.19090056605631744
OEJ6592,0.6743942260445281
CXM9033,0.3648361904282732
COZ8513,0.43520739373021433
VAZ4436,0.44117903797047
RJP2369,0.36990317871459794
XKK0547,0.3413881768780175
CFU5890,0.478322202937305
KMA1753,0.47883865345547405
AUG1693,0.30171324572057334
UCV9795,0.19798403683999533
RJS4002,0.4638416688583113
NEZ2618,0.2634382843753242
HAB9276,0.49656199690255864
ACJ7471,0.43975033081900383
JOF0586,0.5955961548667879
IDU0788,0.13246853835528538
ABN2881,0.401857727808443
DGE2915,0.2793991627490724
YWU0331,0.5475758272675719
BBW3982,0.5913507119114036
KYI3863,0.5504214227177062
QKM0486,0.3956489725304483
PEW4437,0.35750719898685207
UYE5984,0.4095933515867599
TCF7202,0.3699453878834568
NEW7492,0.5343453629398234
CCD4905,0.5289171537697975
AHF7381,0.5368833927815317
BXP2360,0.5392510306880343
VVS8339,0.4595853071576176
HRI1575,0.7256951149468502
EDY7938,0.6575413853570917
JPA9779,0.690967831381144
VHM8071,0.2880572741387507
LVJ5056,0.6869623890408297
SPX8793,0.24581716658652825
UUH9741,0.6213469321397342
IXG2935,0.4205154873427662
GZB7607,0.533194164225542
EEY2062,0.30976149190859215
ULW0305,0.33898543073189735
NSY1800,0.5708674737958526
KJU0911,0.5321512674401205
NXR5741,0.5753515273705146
NVN2979,0.3587270665653923
DNW3213,0.3279181960978603
PPD5223,0.5642690802773661
GOY4787,0.35519518005729434
IFE6896,0.266393326468257
NNS7901,0.3201302067816101
BYC8082,0.3846611998309788
WWP2211,0.7001492271968764
FCD5461,0.3337019755993895
JOV0932,0.6096529853182293
UXG2063,0.6110225880114544
AUC0946,0.5538237713849747
ZQW0645,0.2999540413721204
AJX1894,0.42625586090116796
TRF1830,0.25983610053476436
LXF8692,0.7496656995503291
DRW6350,0.290739952989881
TWC5720,0.5315559133087473
OUB8072,0.38374254551445164
OSL9110,0.4941651940833406
AHA5047,0.5356311949773578
ESM5253,0.17977012674354345
RKL5421,0.5826189375370039
IVK9421,0.7875690555775832
GST4391,0.16803616877297137
RGI8636,0.29068320058785024
IOE1286,0.75667562099087
AGH1193,0.33576281704591265
HBF9445,0.6017078487338855
NSO0462,0.7829059088512607
INQ4034,0.4419367562463117
FOL4515,0.30972756034133253
WKR6036,0.19215889890598084
QKT5763,0.4718770147196574
LFZ7306,0.7549837291483077
RZB9651,0.4302863364875717
YHL0162,0.44240403767253156
UNE5104,0.64908023564189
DEC3967,0.610647829279098
JAE7915,0.48540281457058687
CEM5682,0.814468176152612
WXG2815,0.2995683243822887
YQN3117,0.5633057973929121
ZLK9610,0.5752380232748615
ABH3755,0.3060118367447201
BUB8347,0.5893383118532229
XGX1909,0.4214527273902037
FHU9085,0.4378665743926321
MZE9843,0.3782367123241477
QNW8864,0.3398852145803257
EAV0422,0.32608938412414434
PQD3932,0.6000596418860487
ZKD9795,0.383831051598685
INJ6803,0.31985541950383034
RIW5780,0.3431935406678255
PNB5177,0.33165367214166575
SGU6485,0.2350802020331346
JNJ0531,0.4459299106116215
PHN7709,0.6805315054571389
HWB4033,0.3476069487510409
FGK3267,0.34188106384882166
RWV2020,0.4322499798041472
ENU6205,0.5364248292134919
CBX9036,0.5014172286990592
YAZ2550,0.6255988514506723
CBG7468,0.42504793713946365
ZFZ1089,0.38885626549020197
VXJ6073,0.3322515919993214
CXS5682,0.18612295469696588
XXG7687,0.6895157941870895
NPB7952,0.5147682375867885
LPU0502,0.47221002291166314
NOG9482,0.5616149157577032
DMA0770,0.5652245784468812
WFA8111,0.375461513625034
MRD7341,0.5248905699070154
RAC0923,0.19409957627340518
CGI4064,0.2868019439612467
BHF5913,0.5592695031774606
TQT9316,0.7515854892403095
XTE7211,0.3766555593295674
OSL5694,0.46403724386565726
HLU2560,0.6130728894701245
NJT6734,0.442929722868897
PDQ6018,0.6138031374509616
VQX0152,0.5993202766830349
RDZ2697,0.6149875013000752
WJH5077,0.4867603577349323
HHI5726,0.5816814488274578
BOS7836,0.22443238540032817
APX2161,0.30255160664248293
GWM1482,0.26768207225202995
LCA9291,0.6911642735556203
ZHQ3679,0.30744367158585695
PLD2249,0.26531990128383076
IEA9841,0.3426390368696784
GEI0319,0.7053510451498706
JQE4987,0.15059379931880162
SZL5463,0.18809120968173432
MCI0240,0.3279370784396316
FVT7225,0.25227680648659934
UJV3631,0.3115312671049738
QYO1346,0.6602911379489345
VIV4576,0.8093799751619067
CUB7496,0.4068131463338275
KZQ6126,0.30450837589437796
VFK8134,0.39027717407839013
YCN7326,0.43148261667719456
HLB3847,0.37950701491583794
TDW6663,0.4984199346064648
KBK7769,0.7749331933324266
IJP7584,0.4307148880763295
VVI7960,0.41600359656190644
FWL5818,0.8546523900028491
XAK6948,0.7533780627875558
SQG1144,0.47356840573466263
VVA0065,0.5579705005358091
ZOZ0391,0.6172087296666755
MPH6874,0.3985273573574815
ZEY1074,0.16480066169345922
UMA9410,0.40264741476296173
VQC0943,0.4135954892845841
DZL6452,0.4541020272462731
BOM1302,0.49542660613241696
VVJ8185,0.308030501987369
KNV7050,0.3100198023620897
YWN7078,0.4240718868746003
YTO5069,0.46453781619073675
HUT5107,0.6217867383023434
HBI9011,0.1708725757236384
EJP1062,0.6016244231075973
BLE1407,0.647573362128206
DOW7737,0.6440939865923416
GWJ0731,0.23953086960730322
DVK0525,0.7036257035564004
ABT0755,0.2344126421452885
KDQ3420,0.6649713580463807
GRV3964,0.4883528502348865
TAZ7275,0.4396909631870859
FYQ9788,0.4057520433955943
OYV9502,0.26636126433668794
RZR0683,0.3909780423409479
KIS1920,0.33252191665884556
AIZ4304,0.6809659463410068
MNC6867,0.4639029240294601
JHT2975,0.5734756857015914
AWN2202,0.4746022746807762
UXA7661,0.4053113283178637
YHG0100,0.28389593484067593
BGQ6413,0.2842540192461229
OSV9923,0.2464974101201274
WGA1952,0.43414086012000785
ICN2500,0.5238358141327499
GZT7277,0.5483502652769616
PBP4048,0.7016331387991321
XMQ9215,0.5251253533033785
NEK4446,0.22144547112096225
DPN4713,0.5247016971062479
JBG9700,0.5179297968926133
VLK0975,0.15480765389853207
KSE1752,0.8485234593895723
UAL0333,0.7317404837621432
HNJ0861,0.8250821047781458
YNE3686,0.8289971452061622
FKI0101,0.648250118863409
WUP8684,0.48190966942726554
ZPX2126,0.4658836732761527
CTP4152,0.28604896321769974
QLX4092,0.5596238856466842
AOK5541,0.61448496916876
AAW0413,0.25873559751629116
NGW7719,0.5843006953046654
FIH1903,0.7499176289936303
TAU8457,0.29430794566328744
COG3558,0.717836556461545
OBP5338,0.3591207682192351
RHK6186,0.6104434419670007
IMJ7164,0.5866748315611002
YLB6270,0.44865598373331333
QFA8280,0.26026843418538004
OUS9118,0.7420320900188375
HYO2274,0.31522335457832795
CSE9609,0.5303631578123739
UOE3068,0.7282682852056286
JCC9986,0.41898090653727516
KOB3118,0.36250745320498456
SVC9307,0.6887715054273066
EAM6064,0.20790164264102806
UVN5572,0.5375112495295487
ZHN4479,0.531614030048336
ING8369,0.5039205590715785
KDF4616,0.37213948227353344
DEJ9407,0.30364559302037875
CXT4128,0.11143474024370874
TCT6480,0.22615720149553864
UNZ3586,0.6528304133225888
CEL0672,0.6858287014032597
WMW9321,0.2658656919712562
MIU4874,0.8219637181129011
GHY7900,0.1833171335963396
QXY3232,0.4316094586011597
JQT4476,0.5337260052777328
NDK8564,0.40578949218363036
YMO6206,0.3442723575533893
XMJ5924,0.6989574021080772
XVR8871,0.11115922468737786
XEH9534,0.5875484143380236
CYV3256,0.3733387461016444
TJH9274,0.22301505023337248
VTT0304,0.7085323401718409
RMW3853,0.4807638106072327
JDY9215,0.4045193758134059
PZY1904,0.7054114508868754
XHT3697,0.7857981096278719
YBC8532,0.39295349355469544
FBJ2223,0.6001377946864874
EON2993,0.6247506692304294
URV6265,0.7048106050124137
XBY8963,0.2674321981308925
VQS0169,0.322508165761182
ELA8839,0.4638393966479749
GWS0703,0.44907645237417404
TOX8176,0.3742956793107259
ONB3244,0.5137990897147744
PXX6146,0.256476885618375
YUX0481,0.3497865620857141
EFI0965,0.345908676500841
DRD0479,0.29687379675928527
DWY6364,0.3459283988587288
ONI0884,0.27803706407986184
MCN8344,0.5108894460063524
YKS4319,0.5023596634331265
XZO0245,0.5153120694612958
GEI0522,0.780932193079547
IKZ9484,0.4314851243835575
DBN4342,0.5451458374983689
NJP9989,0.6118096937065044
UTX9521,0.6093674247294714
AUK8540,0.6425771562596451
PUI1246,0.09831483960897683
PDM0256,0.5376558483105291
YZK7499,0.3961114607720188
GNW4349,0.26451935605746857
CVF1019,0.4660419475944043
ELP7845,0.3872724430359453
YCN2884,0.4281489497106808
BWS7092,0.555460702286418
KZK3699,0.31165340711490064
XYO7986,0.4498214334246874
IRY7916,0.17384198891522087
LQA1132,0.3843006610961548
FTW5458,0.5702008829260146
MIB5596,0.3716876512107635
GMH8226,0.5470953803283671
EOQ6675,0.10116709486252257
QSE8298,0.34516418169046326
VLZ1739,0.6192575252569121
OMO6127,0.13838937494376446
ATF1687,0.45944730374385545
LBV6765,0.4839473929497585
CGB8675,0.7046766729903031
ZFX4279,0.5844753824129201
ELF2926,0.4632207926569597
DNN9040,0.4586029002196801
NMT3661,0.32965727764121977
UEO6191,0.5906006712734675
IVQ2334,0.3765467030270321
KNW2940,0.4229567825793254
QNB3273,0.4380382571026711
FNH7242,0.2108837722411276
VVS3655,0.341806097769847
XZA6769,0.5328800987090756
UOM6424,0.6104182289186553
FBO3201,0.44540538289663856
SLY2701,0.32214320848671174
KXS2731,0.45861158927812484
XBW9703,0.23430045181061465
OSW9461,0.47589786275244994
LYU5526,0.6666706833578684
NJU2479,0.4250731736024385
KYM8332,0.649895477534082
MAB7407,0.33059554273217207
YPZ2854,0.8237245061944021
JBF7199,0.6265251371827885
JZD8433,0.4066827928489935
MFP6362,0.6347586201712679
JKW4520,0.7197728468812254
QGD7776,0.6230869437975242
CHA6808,0.5170965757527612
UBS9220,0.5220544638222495
WMY0640,0.46616085787751715
CRC2190,0.3656931155866485
AVW9491,0.41107682784662686
NGN1485,0.6897885241831228
QQN9296,0.6652640754219776
NGR5046,0.43847924993896426
LAN8432,0.5119317986446992
TAQ4819,0.3197539798956391
CPI9822,0.3718074907287135
AER6514,0.11946559210030969
SEH8603,0.8696804757169868
ILT4241,0.4243577508092188
HKE8304,0.7086615404641392
TRW3403,0.45030414375160754
RZY1654,0.42355231960523376
NWK2633,0.25471673389059546
CFS3204,0.457109120713761
NSH7795,0.5939340674473447
UDJ8583,0.49444789394884914
JMO1835,0.6783319029130797
REJ3686,0.2602412460640702
GDF5664,0.6836769519362057
NVV4484,0.575700534918216
DDP7484,0.16148327209191954
XSF7421,0.20690722095697406
NLT2046,0.6395898926036505
SIQ0790,0.42221578811200167
FZD1147,0.1520114000971233
SAA8955,0.5169219305103392
VCE3631,0.5928925805467556
ECP4298,0.5373904271053447
XIU0799,0.7605100985409472
RBL6086,0.7865020692650442
YBP3161,0.503500101723712
KMY5612,0.5073761188100037
ZBM7911,0.28687680460303444
OCE7294,0.6580766918626799
TZE4540,0.490140638199711
OYY6449,0.4887276349125734
IJK1308,0.6270268980813778
KPT6842,0.5124428722623111
UKW0215,0.42847374024239016
LRN0774,0.6178322674957977
VCE2379,0.28801828679252406
FMI2837,0.22868846189177683
XLW5979,0.5307777408361452
GOV8873,0.49959188658860787
DNF0823,0.699258006732911
HPH5240,0.5617382297629048
AMU4525,0.4588760001925408
RAZ4524,0.6789065993711596
CJX7660,0.5809643343649026
KRD7992,0.5641453130899445
CPT9754,0.2645982270213671
MQZ8423,0.6980550813468176
XZS3817,0.6027186467252392
VCT1670,0.3675673281043826
MPQ8940,0.5057080175679425
QTT2590,0.25967436681879763
RDH4737,0.5203930448187049
TGY9004,0.31210069394472945
QQO7458,0.7946062037418095
LOI8195,0.5302634978599983
XNK4649,0.6238105493910142
ISE5644,0.1487555049142818
QQK7127,0.5492689293452108
TJP4799,0.4040098936248844
OXJ4842,0.10576704796060142
RNA7496,0.5395435181574527
OGL8285,0.47811762112316836
SWE3610,0.328881512912397
UJB6693,0.6140765011032673
DGQ0428,0.4106465438909681
UAF2108,0.7649337506639362
XSY0056,0.33624874899481577
HLU0539,0.16082209365691044
ODQ9274,0.3028784415183974
KFX6128,0.3298349703929127
YEG5478,0.4615330282685655
HRD5727,0.25748458382902434
ZGE3625,0.38325095243752416
UMD6920,0.4202831758758193
MUJ4332,0.41775206861993497
KIF1692,0.6975445432128495
DFL1502,0.5893502967237806
CHL2034,0.701750271419284
WLT7867,0.5009471646968563
PXZ3818,0.43601553854384456
FYM9226,0.7300724093530022
DAC6061,0.566620077515468
RHB1657,0.5367512002531296
NXO2283,0.5747943826536137
RLR7250,0.7520202677086153
YWK2082,0.6073703093698852
BYK5591,0.38655499970010443
ACB7270,0.6899225912687466
EAM2579,0.48144819518502685
HHR7325,0.6325523952575355
VHG9675,0.5713793756057203
RRO6606,0.4173800695526471
ERV7117,0.33651084142016163
MBE3268,0.5570070232678521
VWD2016,0.4682534219443334
UDG0132,0.6494263554819615
ASO9327,0.3904640323216872
YFX3025,0.39184180772669913
YHO3350,0.6052323451991063
RDJ0057,0.7155240898376667
OVI5461,0.6728053896188718
IIE9717,0.3223841983261745
MQU9813,0.19266269096555827
QBK6167,0.37998991957352424
MQD9120,0.3940616923267318
MPN1782,0.39741492911631054
IAZ0582,0.6305772987120066
WER3297,0.5908610959447003
DKU9622,0.23358381892194416
XZU1389,0.5290949343766804
JIV3958,0.46609547374828253
OUU8805,0.29654361621586567
HEA7369,0.19783920021907914
XVP2264,0.2707044661214188
DFR6067,0.39289188586455603
FBL4503,0.512524025890859
LNE6682,0.5062092699945935
ZNT6954,0.14473722906999037
FNV1771,0.6892229724103208
ADK2106,0.24841547254773516
AEZ9340,0.4310183790975137
VFQ4319,0.2342475949916223
XSZ4118,0.687505419940149
EGA6616,0.6426739712165441
MIZ1027,0.5427893897110928
SRS6744,0.34450466420537135
JQM1187,0.4296281268049948
ZHL3139,0.7963333100963397
NEW6706,0.20410262493734127
MQP7394,0.38995336970410677
RUD5319,0.6384719582445759
GJO6846,0.6069207082339193
NWG7741,0.4295872039478268
QRJ9739,0.5522997835081463
UKG2642,0.5655892034145491
UZE6034,0.40860328838395943
JVA3845,0.7508665242028454
SQF8086,0.379116640631873
ANJ5892,0.31644132245265966
UXX1393,0.4734542314397152
QWT8893,0.3006878465073854
IPI3012,0.2922429286991179
BFJ0934,0.39476704152670794
EGP1636,0.22515022212945182
JOB6556,0.813683663276918
QRG4068,0.7400534611468854
MKK2644,0.804989080077323
NOT8646,0.4820610404965221
BNU2999,0.4797886099618368
JNR6923,0.7743110903012589
WYV8264,0.7140234428458629
MYX1892,0.7658114404267993
MEB3676,0.58124224915089
XQZ3311,0.4174179830557093
JJX6807,0.2971177329408663
WXK6036,0.12261251315418557
NGT4741,0.37723021489310626
LXO3834,0.7547388436488358
HTC2895,0.6949514846483387
SAX0105,0.28039524404268146
DTR6300,0.4464806835092898
DPE0579,0.13318369207211944
WNX2417,0.245010291257449
XZM4055,0.10363128329744156
LHX7184,0.6413082550862784
KSO6598,0.5728229520870542
OLE4506,0.4869052331871152
NWZ7800,0.7825152740522283
LIU4069,0.36131845811483465
JKO7105,0.6040146131536619
HHU9275,0.7338261841505079
TNV6516,0.44103239108862435
LYT6293,0.4814212027260579
LKU6285,0.5447894334326719
YHL4141,0.1721217335685594
KEH4496,0.4105805250424108
DAG2617,0.23222991998369608
LWL1497,0.5383929667375023
OQC7661,0.5124542212520582
JJQ5903,0.4531554766970156
QNA7565,0.5790786160874317
GHC8140,0.4530017885095007
SWJ3811,0.4428691139756287
BJI4095,0.6413465502682465
AEA8629,0.24472014506365095
OAX5074,0.4983610208557673
MHX3492,0.25130442089983407
WSM4668,0.3679247122977092
ZVE8493,0.32055783602204097
HNI2057,0.5790740488173798
KYB7279,0.333655566998865
TNR6519,0.414656270125242
ZAF6488,0.7207292329977342
GFR6971,0.42904319436632593
VEY1968,0.25425293672670657
CQF6416,0.25708621750152905
TUG3248,0.4363630859686802
LEC4955,0.7368009208069084
OQR5476,0.3862372417986934
UHA2449,0.4403905781446886
GRP2675,0.2968612560686329
ELA3131,0.3693926975285852
UZT2014,0.2847271339059618
NOR0351,0.7322384928743733
SQV1536,0.7036882143994394
MWO2395,0.424754793074976
JKI8422,0.23570071529171027
CSM3282,0.7505778281449483
MKA1884,0.25485444992199957
OAT4775,0.6429911826145562
WAE6729,0.22534944230465787
PUU7424,0.26634406244136455
BVD6400,0.6620429784151868
FNA8904,0.3759783737418581
VJE0900,0.48679736760257303
TOH5347,0.4484835277301775
FVT9140,0.40640834861187697
GRH5559,0.29356097391949415
UBD8889,0.7768131108478881
GFM8976,0.2205113050224471
SNB8067,0.32256960951072733
JAN6657,0.6683045177314988
ZGO5482,0.557908899004224
WAI7897,0.29692594753666846
TQQ8810,0.576253121190526
PPR0538,0.5909762613194975
IQD3049,0.4429154686849129
EVW3261,0.40803109551603756
QTP0829,0.2562892740135627
ZAR1668,0.7216621776910414
YNM5067,0.2369567150969947
ITH8224,0.2037085069849624
REM1332,0.2313707830795253
SPS6604,0.28863024992120956
AAE3132,0.5378469129680692
HOU6184,0.3667245628969203
CZP4309,0.29062271895157393
LEL3646,0.47347308412943856
KLS2376,0.563066393337496
SCX6724,0.4263781403082732
JDX2248,0.4407610602965992
CSQ5122,0.2885819547273467
NCV4201,0.6567613952301656
RFX4239,0.7306320149260717
MHR9246,0.808082294122434
GBZ6626,0.5013091384440198
RPD5488,0.30325463796634944
HYI3434,0.6408019944912169
MRS2505,0.6762860799534449
AMB4315,0.5248839305063854
PMG9403,0.4997578826664607
PJB5201,0.461243487989077
WNR1849,0.24032625884680223
WIH5320,0.6414125805231561
ZNM8480,0.647135534526532
XXT0474,0.8485638254322039
QIG9493,0.19200805689205525
AFN6386,0.1651013863775806
PRR9621,0.6176361727979781
XCB9683,0.33570449841215755
DZT6788,0.5184429087364757
WWG8089,0.2668392949742632
UKQ0153,0.483797084653798
BCZ3036,0.5566813206442336
NVZ9450,0.5785260061749129
CCZ0625,0.43463083464474905
ZLP2972,0.20432441910277613
ZJB5926,0.5366070431924564
CMG8982,0.5193654045992708
WTU0545,0.34504471438652484
FKL8364,0.7128684058294965
PLX5842,0.2570273845812194
JUN3444,0.33242750231842366
SKE9305,0.45253533227757625
ITL4779,0.5079267691029136
JJO0795,0.3721338308273133
NXU9005,0.30338634523691554
QGC9923,0.7804324538651535
MRQ3624,0.28409905853516904
DGH6557,0.5221703438853889
HDE8710,0.32618546040395224
AMV2337,0.37295552185660974
UNQ8256,0.6006592389779799
LOH5505,0.59401573905121
IQY9989,0.3126478398295839
PLQ0927,0.705312213520811
ZVH1070,0.5093083713417949
QWM7774,0.7838253661549532
LCA6145,0.42896593685889095
CXS9262,0.5941682750096009
FBG7333,0.5586681118104715
OEE9697,0.3030563554711839
VXD2888,0.5313276601773256
JWU4615,0.2299204123901964
PIM7408,0.47914397883352783
KOH1629,0.45286853699450136
FNX6879,0.2145365271407151
JEQ9499,0.646464123632025
UYE7582,0.6437640376770818
MFM9712,0.5312263210763839
CIW9280,0.6757116816979031
BIH6763,0.47621778974639645
IVR4724,0.3166675670820593
JMG2675,0.2720210590645187
PAL7750,0.2867094443561059
EGQ5337,0.2744517504807706
HNM5599,0.5351897009421993
WWK2226,0.41063095669706723
XMD5380,0.20623460325047133
CMT4787,0.3025843908691923
OTN1938,0.4833860373380211
VIT1701,0.3356905850049926
WMK4466,0.3437403581876317
JJY8197,0.6115229254682328
XCA6285,0.4726070337069055
LSX1698,0.6980049469476834
LIY7658,0.6939716490907838
AWN0993,0.4575372459267312
GJQ8756,0.48305518069923753
UQA9509,0.5755342803588135
YMN9110,0.48562845450346226
TPV6824,0.3597248496097203
BHD6476,0.7782127977332467
JSQ7862,0.5900678637739958
IBD7350,0.38895147722875556
WVG9491,0.5179773580215298
ERM6024,0.3483424569742253
EVY4906,0.6815109940767248
HZA1744,0.3932992985849997
JCT4386,0.47370837130817567
GPO6473,0.3106811893729172
MFJ1189,0.42191172520210163
UYB8567,0.5649407063068235
TOE0201,0.348139929694643
PZV6692,0.37746558483726456
UUY0456,0.5575521310493494
XDE4403,0.41060224998118766
RAY0990,0.7422346839776284
YXS9979,0.3436078114414215
BFQ1956,0.279337698192199
BNT0970,0.5510883314157442
ILM6904,0.354243199321768
TTD5928,0.29227269021927615
LRK6522,0.29408109403763594
NWI7548,0.5273050278215464
SBO1935,0.3753471201524333
ANF1816,0.4432236988631808
KOO2576,0.40592409223333026
XJK2683,0.2685029891662109
KXO3550,0.2481491189637729
PXC5758,0.6697769842668406
NQY7197,0.6288670382884347
EWQ8929,0.817832404983861
ULV2580,0.6922882910706025
TCG3740,0.34313890417448734
HLQ7927,0.36278763922846446
RBI8043,0.407680236597718
XUB9735,0.304775669922437
YPZ4317,0.3238036982251219
QXZ4385,0.48459702863496223
JBY3887,0.6760714022349343
PMQ9284,0.5059268316107361
WPD6992,0.3861097424602835
OHO9405,0.6837266050981583
JXZ7487,0.3966496590322003
YBC1242,0.3692557215159716
GNC0544,0.39413215376347593
DWG6506,0.256253556779381
GHE4135,0.2821541769215669
YTY8763,0.5914896299234677
KBN2378,0.5643078697429783
AXT5962,0.8156637017551522
BOG9757,0.2911341333577898
JWU4504,0.3266521962625287
WFW3920,0.7669828158865875
NUT5984,0.28636817356908184
SRM0734,0.29659231048625845
SXM1210,0.7432793786649783
MNP1285,0.3612840352082636
OLN6828,0.7037189238383258
PND8015,0.7234377831669716
OGX2067,0.5908197542346493
NGW4148,0.3604359654685972
XNQ9739,0.5196265531443374
PVC0396,0.07802373955456932
YQU4379,0.1989528784840618
QCZ9183,0.2427415042434096
HEK1976,0.589641924803186
IGG2798,0.44573225914583836
LVB5412,0.48109454102262306
GJT0245,0.45774047733219847
UKH9382,0.46090645614624925
MSI8579,0.6367811992269485
ZLG0202,0.4918134041983587
JLT3081,0.2222029694219793
QUS9552,0.24450588420136204
YTA1880,0.5118046766203397
CDK2415,0.39844682753353683
GDK7008,0.43902014819588275
XHB5695,0.5181969446259143
CEL0699,0.40360333766153367
EIU7027,0.29785566827935606
HTM0146,0.4149330151798579
FZO5757,0.5166308226089198
TDL1068,0.54381751439588
NIW2607,0.5520849272096264
HEO0125,0.2913945927900184
MEX7417,0.3900609133771999
OEN4472,0.3519784389139877
BRT3771,0.14232585181030344
GUG8607,0.7276113121660146
ZOA7096,0.4776616277418607
SDH8992,0.6711058011997951
JMD0120,0.4335888221542639
BMO6026,0.3783144460054771
ENV4544,0.6943837655679308
JQH9915,0.25375056784024674
GMK2427,0.5673435193007078
FPA0677,0.4585164445222907
ZVL0171,0.7361543086198417
SYC0712,0.7930242779228182
MHD9822,0.47893196495279144
HPD7237,0.8270213454091617
FEL2808,0.539543661400238
MMC8838,0.37335897668140766
NHK5621,0.4223029928424668
LDO7056,0.5900908838545473
RJU2365,0.4810832707735113
WUT2469,0.18970435750601689
YMA0571,0.18986255307539063
STT6043,0.5523776481253064
YGZ8268,0.3949496630749866
TZR7334,0.6538085343036344
KVM0019,0.537399520111733
KCI1006,0.520710031877248
RJR2607,0.27496306546325655
DNK7474,0.48085235164312823
PMY6529,0.36812173081897537
JAT6175,0.5617758812202864
GRH8210,0.7373586413703332
KFU3441,0.7242513456723914
KVB7435,0.29573368356506113
IYP0080,0.533468647256592
VBV5453,0.4266915286100956
DUA8888,0.593708487788678
SKS3637,0.27455137601879837
JJK7748,0.5151404318439206
IWD6431,0.4163191903089868
BZE5384,0.28254262410608655
KFY4089,0.2831570442608102
JBZ4242,0.3380997956521811
JMI3553,0.5731084589404003
VJM1864,0.158336040297414
SVH8709,0.6971172469949918
SOY3070,0.471453608873141
TUE3956,0.7453870914741578
XIX5596,0.2946699920529199
CZS7133,0.6237697064876979
FIX2641,0.41403744527470265
UXD1841,0.4801401799690993
XIX9094,0.547121750364691
ZVV5799,0.6719174773337984
VBT2621,0.2264297251625082
SGP4291,0.33113302278839635
VWE1468,0.5487387497810711
QUX9721,0.28468423948472765
OYI6805,0.5611065633161542
PHQ4045,0.4425092868181315
IRE1258,0.5452345342389837
TQY2059,0.39878018169069357
CIN7912,0.6252915674520729
BFT1621,0.2649306841358109
XTV8065,0.6808835737684055
JBN7458,0.2349952140164116
ECA7340,0.6346955669049963
FJV6411,0.4348267294022014
LBI3544,0.3108545205485377
IHF4906,0.721328858755514
BCF2737,0.6983634986787217
VOX5055,0.30101807020828786
OHX8131,0.6367530362593722
OOJ2242,0.47774969075111184
OYF8344,0.48418668854314434
BDP4806,0.3240826998783257
XHM8420,0.5492444224058805
HAJ9645,0.8127042139391134
PDE8624,0.4735081084152649
NLT2148,0.30848610730362247
UHI7991,0.6206035645005101
FWX8897,0.396720310861276
OWB7178,0.6485840327455805
REU1247,0.4962508049245761
CRO1769,0.4599088994109459
TLD5484,0.35857653640741766
PTV8574,0.4116173403287145
BWS1336,0.23186903879112158
OII8763,0.2957165175229792
LPO1321,0.5186705467184047
NHW7391,0.31713299577164933
JUC7750,0.23926527006965417
CZF4822,0.29644759081899597
KBN3400,0.7356907390867522
SNF1740,0.2381325590098041
DXF7268,0.6309317934950514
EEV9383,0.23685221635440873
WJQ3332,0.47319630329527274
ORN5586,0.5325776388983101
JNZ7774,0.452158852621663
KGI8277,0.4258598477145292
UQV0433,0.3440484980829225
CDJ1262,0.6314447387573066
ELI3656,0.2709973037883184
CJF9592,0.8608210360520889
IFV9314,0.46662991177002666
VDJ1118,0.37287692725257915
DTA8682,0.8060657225733248
TGJ4666,0.6664471766465551
IZZ3291,0.49822238351100273
ZWT7505,0.32795246939499684
LTK9250,0.24496044102497588
DVP8940,0.38629127636787197
OJP1964,0.30786682614761
WNA2120,0.42003706706073074
MSO0106,0.5022738264490095
XNB8483,0.30642425774506066
PZM1761,0.33610255445311854
ENW1475,0.4477983910589318
AJL7031,0.7058927687308958
LWS0585,0.651364692072664
TXW9164,0.5447015469632817
EXD4634,0.6330086360567773
KJW6467,0.6792094496766199
EZD2570,0.25928743015054895
ZJV2396,0.5435623467465807
OFC1459,0.5576963645057376
VFR3116,0.49850229027273446
GMO1024,0.6978136738423932
BWM2061,0.3771276760011658
QTD8623,0.6016990355815892
KUM5250,0.17328148910369146
RJI3984,0.36143323227324886
VCS6618,0.37357692599706893
XRI7782,0.569334507737722
TLU8006,0.34174170674349724
KIP1222,0.42780330565452995
ZYW6392,0.864340213288354
LQG6833,0.37930185129348454
YZS6822,0.375647979346476
WYB4183,0.7428635991281869
JTZ2381,0.5895062473185684
WOI6716,0.19217539086877994
CAH3623,0.41774589862195766
DHO8082,0.31784871879770016
WBZ5686,0.5137546999558531
PTJ3034,0.48793487296382
GOH6841,0.30926001791917906
IFK4684,0.36340562505072116
NUC6904,0.5664304941159037
VGA5416,0.4751825744127619
YLK9460,0.5000099041749779
DQW1972,0.6736943587083029
FTN8264,0.6484187521488726
IGT3880,0.5587549987277393
FUA6770,0.6218521436869174
TLV7456,0.2490182888292044
WWE3484,0.5441108430934416
DTR9952,0.7016267112689112
YNO1665,0.2852456666209636
VGE9961,0.3828212562212233
RUA4176,0.14684918990431872
IKF0037,0.28495213334481895
YRO9974,0.3719027779185351
GWY9006,0.43003949952973497
FVD7466,0.2886796544298026
UHF3142,0.3070022746702489
DEX6242,0.20270958734488453
QXR3196,0.2490942681394218
IYU8091,0.3314372630978439
BCP0378,0.5623921886386032
IKD6628,0.30466871085469893
NEA8008,0.410684998534683
IFL0400,0.34472794330813616
OWR3438,0.28593094496894594
YTR7954,0.5783396265759337
UAG7922,0.2680065639919921
MWS4567,0.7109292901374922
HYP0579,0.4290790340424666
CWP1122,0.35234185880046814
GRI5844,0.7112044744067363
ZNJ9881,0.6816281365783705
AND9132,0.535101156988125
OTX1554,0.3110828082412708
JZI9321,0.33952812420835543
LLG6222,0.41565171194582273
MDS9093,0.4795157973549401
QQB0215,0.5624733801754712
QQT6587,0.47318865187819736
LOK7515,0.5453053544726257
GYA7750,0.4646084236537075
MNV7286,0.7636875367245044
YRI8408,0.5834454965995896
TWE1980,0.5333993701050894
ZVU6266,0.26147196824588415
RRG0247,0.5008203303442802
HHD7862,0.691697305419013
AJE1820,0.40082519746137235
ZDR0733,0.5877252914069022
GGP3321,0.2245345786966455
CTU8248,0.4100223799929963
ETX7860,0.22072832261945247
BYX4709,0.4722439559450331
JER5258,0.31504117162121265
ATP7809,0.5049595850908819
OOS9657,0.7687130498579964
YBH8650,0.4227908368565318
VPU2235,0.41682750601277596
AJE0878,0.46442223235340996
VOM0132,0.5107864991713384
XPU7817,0.7746334535460606
MLD9068,0.6491320301938073
GAF5632,0.7356518838087431
KVJ6297,0.7173881763477017
BQD2750,0.6023880677592675
XFK0812,0.21992079761982575
RBI8449,0.7845949111900359
XBJ4755,0.3763076632346424
PUG4486,0.3974073346539052
SOK6661,0.6459667877298056
XXR7349,0.5915780939911224
HKP1866,0.5123050059275336
YPM4023,0.7402264041775836
OZL2864,0.7399692196461529
GQA0832,0.2581760909541291
MXU2531,0.7007346595414374
QYY3922,0.17551952808040874
RZJ6026,0.7154822582575251
LCS1493,0.23986099989334236
QJP7869,0.583992918341628
VJO6966,0.68101772792704
OFL4209,0.4561136009734713
PFZ9129,0.37618838809020605
MZR6876,0.8009777802476374
MCV7828,0.285928682552703
SZN7612,0.45826528603224354
HNX6356,0.38414478290592435
WKH3337,0.5173987073076007
PNI0320,0.6583203943984237
LSK2897,0.3239066079888472
AGY2805,0.3627236101726937
FEB0191,0.6684427615069107
ASI3597,0.2893546375833149
RAW3160,0.3560992700497382
SAL3837,0.3865927787381719
QMO1576,0.33992080171989003
XCJ7065,0.3096553917422522
YKO2034,0.5007685350112396
MYM0707,0.6783807581455139
GOD1525,0.4847917513966904
YGS6472,0.5102074131914037
MVR6731,0.36436544674429117
AQY0818,0.5420494910724463
GWL4324,0.589717195550112
SAL3804,0.5017217801598285
LXN5221,0.4579186771606209
UXM8042,0.22726804928753272
GOH7601,0.27898810094667326
UOH2212,0.624065743486802
YUH8545,0.7608349033559226
UVO5135,0.37719509236331
VGV2371,0.2989968559394985
MSD1546,0.4683004914183597
QVY5202,0.5867758951631322
MDH9411,0.4304342968205409
XRP3871,0.1891013099699658
IDL4446,0.3397279290959285
SVT0852,0.4633000846841261
STW1369,0.4031583682258135
KDX8757,0.5237940704014963
OKA2718,0.42341580474607016
KGZ0857,0.5883988346786322
HXT1988,0.4478670075605185
PPL4821,0.1580461138102709
ZSA7657,0.8012589832183143
CCD7293,0.41989959138783123
XPP4684,0.18696511324762258
MYE1200,0.36774932208161215
DNA6848,0.22988161420480796
WAX9047,0.23393176966373924
JHL5576,0.5480435129264212
HMH5026,0.31243194292606136
EQK7900,0.5601334436464402
THU0418,0.3148745777743461
AAN1264,0.6000505462527164
FGB5363,0.3993571334719854
CTK2833,0.7306782760019033
DVB6982,0.593397373445486
RNQ9043,0.44878473008591585
PYH6242,0.2562656632114733
NJQ7029,0.6983731595052864
XXQ2266,0.557132046317079
TWF8468,0.676403373348953
PBX1659,0.32400583534544036
VYE6525,0.5563528346832876
XGZ7303,0.22579635915588328
JWG0572,0.6547359273157525
GCZ5567,0.30604523492289093
OEK7979,0.2506748084677467
IQR1080,0.6050634170643175
EGP3030,0.3866576303434359
KXD1325,0.7019821277560836
AHW4029,0.4539234072769488
ZDL7831,0.4869564340842585
UUC1303,0.8587850028873041
JHW4195,0.6556452815096052
UQA3823,0.683364359400394
VHB0197,0.43660271805302253
BVR4732,0.4410533470593002
MWL6209,0.16775815160673563
USW0558,0.5429869623055625
PED1745,0.39757691528592265
KZU0103,0.6585271994743669
AKF9929,0.5746565193419901
XHX5246,0.486550644983074
SFA0308,0.5593876821564492
DVD4120,0.4241080228359888
ESO9920,0.5122915486690883
SRL6640,0.5424441037478582
CUR0551,0.23445284593651897
ZRZ9828,0.7170499002241888
JHZ8593,0.6173886467202767
NHF5531,0.5247210808357818
FQR9806,0.6441869710977859
ADB1496,0.31408525514935715
CYJ8609,0.4660156987078349
PBY4400,0.4320833198841595
LKQ7118,0.4786659143102
PJM6055,0.5275124023557063
CDO6881,0.28593736221932
DRF7884,0.31448664659073367
OLC5061,0.587110201953236
AKG8619,0.3590920271513437
GES7925,0.5900095275870069
OPE3417,0.18754732667583707
TWP5888,0.4100643619699962
TNJ4880,0.5643033677536649
XYM6908,0.6496539003994233
OTV7462,0.34961695970984785
QDM0499,0.7027905277197732
XXX7106,0.207745988087617
CEY7529,0.26721777481457654
EQG7914,0.2422826241935352
HQH7800,0.668039996035081
FDK8158,0.41618659097523486
VLN1057,0.482854868049854
QYX1812,0.19053405480921104
UFM6656,0.3966456296659393
HIF2994,0.5460540820627884
EPT6107,0.4546443117206054
SVH5874,0.4718071461822745
GIO5888,0.36362533241395456
MPK6697,0.5421018031565866
JHJ6002,0.37795624819668017
WQB2834,0.27629035820158365
QKK7312,0.4423779284431219
YJZ3677,0.7688711936156074
MBG7300,0.4876015162328499
NGX9445,0.3793158442847085
QTU8109,0.43035330190486554
OLI7614,0.3107866730361007
FSG4468,0.5628482137984572
RCH3872,0.5684889511200257
YXB5864,0.23523962559760636
HOR7464,0.749416847201085
EIC2487,0.3147417696681978
CCJ3339,0.3281931425086128
RQJ9221,0.37837706015900807
HAO7587,0.47892813201057016
KNM1584,0.29890415174397905
WLN0973,0.5493377909252624
WER8629,0.300147942825553
SLS0471,0.18616650175220428
RWZ7062,0.564906829093666
HKX2986,0.5812267494834606
GCY5175,0.2855768754772591
AOT2477,0.1831622366878311
HVO1046,0.4369876948916602
NXH0170,0.41540143305423316
GZV4285,0.3776746055101471
XNV7471,0.6711882606784934
BJX4302,0.5485194097906942
VSH5730,0.31909634897616873
FDM7929,0.4956077492831912
PAU3377,0.2897091419573228
PII3257,0.3736102344789726
MMY8958,0.6176948973786578
HSJ5714,0.5857362863534195
WUX6406,0.5167122729606232
YAS4032,0.3793897366503973
QZX6944,0.5034732772021417
SBX6305,0.4925638218086904
DQH0443,0.5186040675983528
QHJ0432,0.4035305582065283
MEZ1886,0.4451855588220292
FFW5346,0.27794025251564947
GCI5754,0.5882053674833554
YWS2631,0.5880299917919447
BJE6322,0.44404387495091235
QOD5952,0.36900586546581104
PVQ0274,0.3912271382026873
RWA7760,0.4678746478735757
LBD4986,0.2126015838932071
INX2297,0.4673076547118048
SWE8062,0.2614824284200754
CDJ6273,0.327647991600402
UVR3325,0.4479640021705003
AGA7615,0.22502869486786062
QQF6530,0.43761452668596235
VCP5164,0.38814832716188463
IBJ4529,0.31533340540115196
XAP2030,0.13301201612553193
VSZ4334,0.6367268246366027
IDB3510,0.5230989808437781
CVK4116,0.11941927170597205
YRI3393,0.41511297462486807
XWJ4426,0.5686229229402502
CDL2013,0.23943036682026408
YBT2195,0.5810754581604647
XMX7085,0.47516533639043873
TMS4399,0.5188528591808983
VNW3430,0.6420361981724385
FQL9334,0.6278900811804793
BXK1712,0.343370302825839
KVQ0997,0.23691035235874933
ARP6086,0.3632698857272361
TZA4677,0.7604556719902418
KHL2108,0.470816972283743
KLH3876,0.4108247240703329
BVO1335,0.4701570526811967
WNP1085,0.6642800447556986
RZU4330,0.41749377709829827
YNC1324,0.5501730967903551
AWY0298,0.5558870119091484
PZK1558,0.3531323641609694
TTN9630,0.3052706990749302
BIL0479,0.4466304867394213
QYA2602,0.35117468149659603
UKK4307,0.5657864636824451
DMS0338,0.7387652166460139
VIP9261,0.21029078693374015
NPL9257,0.49949572362819405
POW4586,0.529451530520729
KXL7076,0.5650262954702596
PFS5716,0.7129107809264231
AKY4887,0.5607965862691953
QPB1967,0.5609819214797455
KFF3495,0.14784610169254903
ZZF6930,0.4072538892788522
NHW3925,0.5960309975211869
BRN8497,0.4994760543881107
UMJ2226,0.1866517658277319
RNJ1710,0.336477021469634
LUD5116,0.6074270750823674
OLT2214,0.38339579460355006
XXJ7220,0.22492965294800854
VPE1768,0.4527024695371154
MNR3391,0.6646735887114952
JHM0984,0.5507005316003641
FAB0388,0.6238193562521526
OOR0476,0.36783831938975975
IBV7915,0.6883998765092922
YFK1866,0.4685282663693686
ZQD4890,0.3759097047154144
WDC9798,0.2910860059122743
CXG8456,0.5784165697598539
DOO3002,0.6675711985183082
YID2854,0.519156548283157
SNT8269,0.6235034701580502
AJE5284,0.3747132081890885
GLI3826,0.5411289050449561
MPN9544,0.2586312539300588
ZOL7983,0.7132778190418261
VGJ9459,0.44397872083719225
YGU7937,0.5123088784670535
ZHD4984,0.5256587159686141
TQL5044,0.3354231639642878
GZL6126,0.4928154153200084
TED4788,0.34965610434676475
QCB1230,0.5592391805588881
KCU5480,0.19767683661604035
JYA4020,0.6497245037434608
AKI9938,0.4210758149226799
CDZ5280,0.41745921287080234
IJS3257,0.7241800604697011
XHU6926,0.4750006612766091
ZQD9442,0.46369826245893414
XSW2306,0.8559750765194447
QMP1263,0.36670944331696675
LLJ3258,0.19704619397833056
GHM9007,0.28391948779099513
LUC5355,0.7387761862593858
JPJ1369,0.5062605168226764
GHV5643,0.5342870874224589
JNX1312,0.7827419962799598
DNQ9370,0.5927762859912875
WXL4780,0.3624634929800824
WCO3839,0.5297677853791867
IDJ9502,0.6316959018328011
MWF4845,0.7424631273942732
WIA4859,0.3043591224628109
PYN9857,0.20047900742686728
BBK1144,0.4799023189853334
SWH7163,0.23637335592399455
GMF6824,0.09004262138530643
IVT1624,0.42569616904759217
PYR5155,0.7305199660022207
JAN7670,0.49951648002264376
SUL6082,0.6257958797726703
GQN5525,0.4623048750558544
EPR1251,0.43229338995883987
YVF9131,0.5973715398871482
ETE9042,0.3561154179864623
RTU8397,0.4550445122188766
VQL7165,0.8745114393604534
FHF3153,0.5207748556841438
YEL7480,0.34438481912966235
QNY9983,0.3087303962214109
WLM4602,0.26509941384085434
BHV5209,0.333782321878042
EXU2651,0.49334386959285337
QMM0719,0.4218134638995925
JCY7195,0.5960727564020856
OMG3714,0.6587617520298166
PLZ7937,0.42999961088644423
UWY1087,0.6732892487471858
KLL3321,0.676483933233351
FRT0766,0.5395136535300908
AWI8218,0.6311724270573484
VXH3216,0.2564727107605112
USD4961,0.5998816182476456
QDE2276,0.5632859273347621
NQX8981,0.6461837509443407
LXQ3911,0.571754683334278
JUS0617,0.2912285688386991
VPF0649,0.3033215548893995
OUU9584,0.7925499237266621
VCE9304,0.44597062759758294
NZI2126,0.21024558737253193
ZVJ8894,0.580725912915679
EWR8128,0.2105950906602405
GKF7029,0.5469530727116896
FNM7614,0.49953274061854946
FHS8655,0.5093421786184344
KMK7242,0.48233997925243743
AHA8842,0.25669654866483094
CPJ8082,0.48607722735793957
DBC9627,0.5699531269877605
XJW5496,0.3929366253077608
BKG9784,0.6442085316950452
KBD8351,0.37894028569803817
EJG4853,0.38327338869276106
XKA6945,0.3758374048561101
FIS6302,0.34074123032536163
VVC7858,0.305126726186517
RIF2689,0.6027491508655134
AUG6492,0.6284412619602726
YCU0440,0.2677583517335979
UDC2578,0.29379347669976347
RHJ1529,0.3609957978052183
XFC8473,0.4413034233793751
OOA3990,0.5870760786909353
XFL8207,0.7302709573548856
ICS0547,0.4459198567302752
CSV4897,0.3807106429968338
BWU0006,0.5409134160187974
ZIL6789,0.37101375440592643
ZTL2295,0.43282026665833495
ZIX0088,0.6675537289819528
MEU3717,0.23013940617248108
QEF2532,0.3615445730793646
WNE1300,0.7548859711859576
NOF3605,0.37764607788147786
BYB0853,0.3238342825559553
VLO7141,0.5463846813212685
KMY8105,0.39090387116385145
OPM4779,0.4185768117875714
JZM6435,0.2737401399766026
MHO6099,0.2389673560090681
JOV5051,0.4331107043940385
QJV9526,0.5637190305628542
HKB9998,0.7415709149907138
GML4512,0.4262387233261451
JVN6993,0.3135973811730093
KCA0947,0.7582226101230218
QRG9446,0.4564161247002927
HBG3407,0.5238158954123631
UBA6870,0.3044192514847819
WLC1148,0.44595192297283087
CBV8051,0.5887473263081704
BEY5463,0.5314559536865884
JGV3234,0.5651042760373375
SJB9840,0.4501143363945719
SSN6235,0.26245486788684225
XSM0027,0.30591948284875575
MSN0593,0.651775148131462
OQC1881,0.4775800926517104
JPY5172,0.2394303722849792
RYW5823,0.4916919000128483
DFC2221,0.34688369208395786
IKP8033,0.45294221325276984
OGM0827,0.3976767164877701
ABG1050,0.7356992599553256
OST4137,0.38932638056648544
IDC7341,0.3066463095484983
XQO3065,0.45305424189009597
GPA9799,0.6362632148591396
BJY1570,0.6163629327385697
WTF3459,0.6522060118106451
PTO2678,0.4991334638244211
YTJ0953,0.6715327874657018
TPQ8776,0.5485547602635862
PAU6559,0.3903919274872327
GJP2053,0.4175974920404651
RWP9660,0.3284076289074855
ZSD6924,0.20905370023370967
CVN9903,0.24682178018009104
JZH4481,0.668818558980363
TVO6484,0.6925589523713589
DSW4641,0.49283741102482365
DTC6376,0.48579633652664184
NEQ1445,0.7910824252140531
MGN0204,0.15298348727672992
LFJ2299,0.5640246145432226
MBZ9428,0.39642915710867577
ERK3686,0.10525936526117108
DMU6787,0.29293767928342757
MNZ9630,0.7117958801965851
PLD3289,0.6170975551444924
PYZ0091,0.621809830709666
QYG2595,0.38909502227812853
AFI1911,0.17442451782078272
IUT6554,0.743314340765221
IID4833,0.5929278663752104
YUM6195,0.2953333588468182
IDK5493,0.53041153634465
RMZ3418,0.4044798853473158
YOF1202,0.522341715209911
OBH7504,0.46403035565897166
PBG3271,0.5375744882893473
GYN7033,0.46782498139484474
BRJ6883,0.49868486290804614
QBO3877,0.5379592305941872
YXZ9927,0.5131595031762863
OLD0052,0.3590708984002986
CNX1986,0.6362562773816661
JZH5443,0.2975191850317526
DYM5551,0.26875538525355974
NUK9864,0.43942953430509923
SYM9711,0.648481217161808
TOD4932,0.6471924103453731
BTU0301,0.43479435442357284
AJA9066,0.4297557020970839
FPN7604,0.12427909104692031
IWK5748,0.4126416464623399
OSA5438,0.6454176364999918
IXV7393,0.403553093016941
FLI2208,0.6160993363994645
WED7235,0.2918554828075244
XBF6820,0.48244411642903057
GTI2773,0.31941139287815024
ETD1365,0.515677496716554
YBJ4724,0.36947318006920904
TPO5722,0.6470692150473758
SSW1446,0.44383583669683213
AGB9743,0.5671743596581338
TUX4026,0.48807728719004867
LFH5084,0.5571142154528079
MJA0420,0.38071450486438785
OUC5158,0.5680110635101243
QBM6980,0.0797196505515074
MUP4364,0.6636574132193815
LXS8907,0.3467607814640217
TFL1336,0.6017230830563689
DAW9391,0.372857373180157
ISS1895,0.2133601617850342
MCB6789,0.4895457477226203
OXE0035,0.1785849803223798
SPM4129,0.3883057459811654
TFN9819,0.6435048013439826
ZMC3441,0.3602219959420488
VEH5136,0.17265938452266072
HEO2144,0.4454673853661776
TRB9176,0.45573768516810464
FGJ1745,0.15606124918596748
XTX2547,0.45616709536154915
ICV6713,0.33129323526903637
CED7966,0.3190863547297678
SDI9954,0.38694959256848094
VLF4370,0.3280960945599033
YBI1526,0.4624045204864917
AKD9529,0.734666610447625
ZIY2949,0.2748488209001434
SHG0969,0.6432496143014241
ASJ3263,0.4003490771107031
LEB5194,0.5603241901611344
BJV3212,0.5001102463677198
VHW3643,0.1286231010558907
AIC2509,0.7131125974868937
JOD0140,0.5428437723977851
AFU6285,0.5870225531505091
BPX1480,0.3609016080261394
FOQ9360,0.4104688343211358
QRV6768,0.9116046255945075
JIO8124,0.5981776111947399
VBG8435,0.5811949901277687
UJK1395,0.5019862917039948
FYB9461,0.43463708337025597
LDQ2649,0.45492580983076847
IBD7077,0.6475659739896121
KRB5307,0.6621724316162232
YMM3305,0.32942574005900205
UPX2572,0.43397631063494024
JQH9365,0.38149240318460087
MLW7872,0.4312992420239583
FMW5804,0.32787562540176624
PEG3670,0.4351609290767693
HPV6445,0.15252486064070744
DJJ0601,0.24868785267346233
NCD6920,0.6659997551321868
LHV4605,0.3157398951082857
ZQK5110,0.48434981517212083
GXJ3881,0.25095296606665596
ESS5640,0.6311921756205088
TMB8649,0.5094489427703748
PIM2851,0.17000625883061096
AAY0842,0.49554617937188405
CKF3096,0.5347182350646532
FGV1618,0.6435038700822971
PVS5967,0.22173432613584892
LIM3859,0.5214555780177593
RMR1331,0.1887512512605021
BEB3268,0.25792826856614237
IDY9946,0.35009291276245813
ETR4969,0.4311297918090874
PWY8113,0.40406947887057143
WPT5799,0.47785742969040723
SMT5693,0.7005964445507673
MVK3353,0.4253277148169122
PUW5873,0.3846165262758371
NDR3956,0.36567014557876043
NTO7966,0.6918269686610801
TEB7405,0.6728680492853565
GTO9790,0.5266949539680144
KBB5390,0.223955591575571
JTS4195,0.7792179953840273
FKZ6121,0.3712152966014573
ZYU0285,0.188549586524063
MYZ6375,0.7429331631115126
YYM4394,0.8141160615684431
MOT2487,0.4713282516870878
EEA6474,0.2878210744843126
UTP6684,0.5288430673045135
KYP4853,0.2506899547885858
EMM0394,0.38395009941566083
ZAQ4179,0.23306865245645336
RFJ5349,0.5978926353340408
HRK0701,0.3974469493248767
KSR8026,0.375769415391936
RYZ8152,0.44941221946506915
GLA5774,0.2913000726245786
CXM6380,0.6108496243535009
VKS1935,0.4039638268325581
OLY4676,0.45516002646663173
CJU5534,0.38041578418849425
MSE9863,0.34214633624827784
OZM6965,0.6023410965071754
GVX1518,0.39532602454256816
NWR9800,0.41164179523408156
GKG9293,0.4133221356129544
SOI0594,0.4740831519590435
UAK9715,0.43418437149054023
HNS4860,0.5104215362033213
QQE1863,0.5692502426882637
AOM1139,0.7714735755571231
JND5222,0.6304594466455833
DUR7694,0.22621967569817342
BYJ7605,0.5080394690404277
SCA1279,0.24411471392602674
KIR1085,0.48103961371551496
WYD6141,0.2320537770065329
BGT0275,0.4865246659620476
MMI2820,0.7686461601902561
BWL9777,0.2857053477566631
KSS8555,0.4194341223309808
FRH0417,0.6380771910387033
CGN9405,0.15807266493079591
UKT3236,0.4671787981999369
OTX7862,0.3970500763316098
BSI6803,0.40843713884235155
TTQ0940,0.4437559053791009
TWS2621,0.4658397468311279
LUR7303,0.39138328363642944
YBG1625,0.8726632398462373
FSQ3432,0.30610541191059265
JTK0613,0.4611118546098427
WYK3449,0.4994180354908927
ULH3218,0.32333691138682286
JVK5990,0.2932145334885935
FIQ0497,0.6252084981771844
TGB7149,0.1795973384069634
XAU7965,0.611476914993647
CJF9080,0.6098178722085617
REX3620,0.6744453014080934
DXQ8472,0.5270482836794678
AMP5118,0.5898970242760431
PHN1758,0.46856839256601523
QLB7997,0.39306326208568154
FTG6947,0.42506389472173245
RBO9223,0.5608325902741016
VVN4722,0.47228945560774416
BMR4527,0.20228086085362967
IJY3353,0.21390440173815925
JSU1713,0.4536931996049969
EWB8475,0.18624160582964763
LWK5584,0.3174116871680479
VCX4463,0.5657307636247757
YOL2804,0.2297625525312127
KAF4464,0.3837157342146267
FIL5551,0.32900359537866114
KTQ5309,0.5169174844339179
UPX7124,0.6225452014416748
JRC4352,0.30737097919489603
UNY7553,0.45462171158244624
MKJ0164,0.7944033203303176
UZD1931,0.7312619417695915
CKO1213,0.28938642043854396
KED8188,0.4216821443174297
ALF8356,0.48071817545134915
USK3232,0.27926563249489683
DNZ7924,0.29862337319618404
NUK2552,0.42998502766217617
TWW3741,0.3532393244396358
UHY2725,0.5914263973362814
SXG3103,0.404260527923591
KZD5913,0.4472410137958167
LFR3187,0.4155343402537517
EKV5193,0.5045307049053478
YAO3141,0.46822663830228956
GOC0400,0.564541254856997
MVX8740,0.5863025018506767
ZVL7167,0.7121095825505321
QCL5689,0.5610779859317583
DAM1172,0.6820977790733829
ASK9555,0.47693486019589515
NPL3337,0.3412583424551037
FMY3806,0.39709108340795995
UST2624,0.4812223568660847
HCS9376,0.442892809372197
WTW2307,0.2770476633004103
SDE7885,0.5379714240858865
IAN7977,0.43270800181208136
QEC1993,0.2561853094803809
QJP1557,0.1664512165226366
IUI7963,0.350427740179941
SDI6665,0.5664741181674029
KFV4209,0.5671626421752831
HWF9009,0.6667453691959543
KKV9741,0.41086158501733017
YNH0185,0.739149317544527
PZK4366,0.1578862909257946
UWS5455,0.4555057331077923
TRP3743,0.5502001601696207
DFO2095,0.4663578603280886
JOF5772,0.7299468018496297
ETC9215,0.6156110454406012
ZEH6132,0.5467571164918481
NAS2706,0.4895554387244916
TPZ3230,0.5626594013362831
WCB9042,0.40730859782227735
QIO7021,0.5638304376227334
IZV1149,0.5444775924878089
CFQ8562,0.3156110243776392
VSS7607,0.4790635304619272
CJJ9855,0.37570117699861083
YTY4845,0.3675099771378278
TWC7330,0.5829801294242996
EIB8160,0.41535653217275686
HFY9382,0.4159198864792071
IEE5503,0.4385469463852258
ROO8981,0.4247749398843862
AOG8492,0.47782276556503367
VOU8833,0.5875514371979276
MSB7854,0.4701672715096541
YVF6589,0.2550034189199541
RQX6209,0.6107733592431789
WZD1341,0.39400531193612615
RXG3147,0.2603740580300496
SYN3470,0.26234217132506804
DWN2532,0.8528633393009535
ASF5513,0.4589981273562307
WHS9360,0.6657052243303283
JLP5589,0.4423258327607055
OKS5692,0.6719130066993279
HNV6246,0.5669599557899625
HKL0910,0.4313069631969474
BOX2370,0.7463678050502469
AKE0444,0.4120136950952463
MHG0604,0.3258327156746361
MFQ3423,0.6506356872202015
LFK3506,0.7244709140779075
HCF4579,0.7470684708672755
VWC7373,0.5376503865056035
BIV6976,0.5424539714455955
NTS1702,0.384103557744802
ZCC5163,0.4074856142889869
OGB6889,0.3247753231157191
PHW9074,0.36932146244640274
CET0786,0.6687899383199213
VEC9508,0.17929684704032375
XKS1665,0.386285895232117
FUG9600,0.3365326917173387
KNU8936,0.6017116301429986
SHC1204,0.28122438839199315
ZPX2229,0.268967143985316
GCT2462,0.4144086419009518
AYZ7183,0.6755097468968474
BLE2265,0.3876799132453973
BTF8456,0.5146885639220291
QRG3891,0.541098738784163
ZEN0526,0.3134221520592757
DIU4140,0.518155795696666
EIK8980,0.5415118584376528
KSS0055,0.49907347167736454
AZV1285,0.20816759086621944
RLG9209,0.37349076881819965
LVW1887,0.768032157398364
TAS0098,0.5634501503488546
QKQ5346,0.34793491806527843
LFI6971,0.20031783447893656
BQX0824,0.3823768570661955
XML9945,0.6248551963864784
ZXZ5078,0.57704986684633
IXF4211,0.52013430717716
KND6746,0.5957555009973206
QQS3620,0.38582577780664973
LVI9628,0.29356477159581473
DUI7864,0.6477711160682563
JUE4551,0.6653012945625704
ZPL2300,0.22688725907721496
YEL7564,0.2203363232773508
UGU2507,0.3472257628613512
ZOI8056,0.26527216813595955
QEA8664,0.5468791629552009
QUI8924,0.27794513003533033
OQL3155,0.478679914544229
ZAL5931,0.3662793618205692
IKV4421,0.4032772414777853
FZA4018,0.3838683662044902
KCO2495,0.35616007746060485
SVS5231,0.6737297937208184
SAW7527,0.7994680471687905
OGM2631,0.3671564436096191
CVB7805,0.3631963795770875
RLF5135,0.3848759870751767
NFE1191,0.559920092641095
XZF7825,0.38931809362924
ENJ1626,0.6031680910072994
EEF0190,0.32683534329387515
PTB5659,0.347484275399777
KTA0598,0.43247092330333486
OPH7503,0.49721052465999094
PFB6052,0.5773579174539536
PQP6676,0.2588835148076878
LQY6462,0.4774376612597276
QST8666,0.5624066396267564
KWV7849,0.6043953205068329
RWP7421,0.4218850024346718
LJM4775,0.46495451629749923
BKO8359,0.32295555963298506
LHH7349,0.26074120280422736
HHY5540,0.4566586724481845
VRG5107,0.4094532943066955
GTY8915,0.42879187788087725
BKP2297,0.2806309161913648
FVO5750,0.6382547620236423
ECD8980,0.5821712454079224
AEA8744,0.40687003917979364
DFA1094,0.452380099043554
VNG4659,0.3946286427412302
BYJ7960,0.501585033493225
AUX9209,0.4613663643476128
YKV9464,0.24961739378659692
ENV2990,0.3495352252798666
UDP3564,0.38949494942752744
LXG1340,0.4685978542020586
WRR3525,0.8546807391843767
ZRR0628,0.38190382068980133
NOI6763,0.5949262857339328
DKT5697,0.8190702007792592
OQW8246,0.46592914170712657
EJC9467,0.6394342013529946
EZC0491,0.3129755137441238
QAJ7649,0.3549579830008309
RNR0652,0.733869675219379
WTF2571,0.779124444331505
MVZ9434,0.34611690570455445
OJG7664,0.41564657383253256
TTH3651,0.40709131455446634
YBB8917,0.3220115114190647
PSI3002,0.537278818291097
QFC5037,0.577214644192313
ALZ0191,0.27088413935253636
HZI4473,0.3720891654174613
RFD1285,0.7251334416324997
BFH0789,0.3659263315325161
JZX9489,0.2605334575317193
DGS2614,0.3071366708680595
VYZ9856,0.3868109976638674
EZM2512,0.5929571283310937
DNH8453,0.31966127473482886
ZQR1786,0.34170610479329167
EUN7100,0.6123120638732631
FDH8985,0.264135250166271
UKU6956,0.5535753232456775
WCW2836,0.16673738139072783
ENW5898,0.48987595675760587
OSP4369,0.39555830404701553
PGT1337,0.10503773460959714
LEG8297,0.7039554459067512
CEP8192,0.5512028675989713
VJO5168,0.40826599229936067
QBW2877,0.5128078965202834
VIQ7083,0.14177318232248237
OQI5447,0.5485334740066661
UTM9935,0.21900501019400695
AGY4559,0.2967582212046568
JOR6780,0.45932918379771903
MPW8036,0.3051880442190381
EBS9206,0.46777545593690156
WZH8778,0.3098435376007156
SDT4780,0.2169512570004597
XEB8025,0.410579829680231
VLP0594,0.35758349812802936
FGX8087,0.3040457368057232
NZH6934,0.5476605859023702
YME8412,0.4954293641376558
RWK9524,0.43260659206431507
RPP9214,0.6191387713642156
WBK6963,0.6243973431515705
DIG5398,0.3759101583380383
RXB4565,0.2845459317049962
HHK7103,0.1794450013519635
BXO5829,0.2779107377833224
TGW1447,0.5518149218310058
SCG9633,0.48341262558273046
YRH2661,0.6685112628094837
BWM0677,0.5042193459387989
XMI9842,0.4023467186653187
JYV4622,0.6542602643256664
FSJ5438,0.3300285788035724
ZPZ2675,0.4420147735904332
FCT5311,0.4751488279284654
DLU3504,0.4907133141396769
ESU2238,0.8714215004531716
HEY5668,0.7336997556776125
UNN4464,0.42525585852433967
HSF2545,0.227209554949668
JIA5527,0.17631005390792448
ZDA5112,0.7852167495579752
HPI8130,0.39505949768432946
JER8240,0.8167544025597766
TAI6687,0.3513832172193705
GHY9750,0.30907504776445827
ZMJ3632,0.4112711731225428
LNL3875,0.5063090571415239
KBN0133,0.7243716632021676
REV6314,0.430436967823937
BJK1459,0.6025897720864968
MSF4854,0.5221630253837196
FWV0487,0.3730493652923354
RGY6197,0.5451595837639898
TSD3692,0.6811981217541834
TVS6288,0.4294180887997884
CZV6542,0.5449982916177182
NFW8789,0.4084701756341125
EEE8038,0.5826048038490479
BKX6172,0.5096358458982237
FUG8771,0.5903761454224129
GHN3574,0.24585156186130802
YSQ3489,0.4648949663690468
ARP2492,0.458977539599752
QHT8444,0.7013803558735768
CVN0729,0.42186959421529824
EJS1772,0.5225178673206633
SUZ0883,0.1863187734267577
ZVY2197,0.6337971490340446
QDD5758,0.36312251258862266
TKX2350,0.8755736858767642
HRP1387,0.4572899149318078
MWU5491,0.31461493732384194
VBM5950,0.44825930438373146
GFK1650,0.36033795869881186
BYX3935,0.5073465427781749
SNN8579,0.6495521143284702
UTG6923,0.4223754134240053
XSZ7452,0.7678674772109988
WDB2677,0.8537921642122697
GEW6229,0.36378624380004126
BCF2024,0.3443126780721988
PDL4276,0.37180290766782714
CBG3780,0.8227600428766497
JBX0021,0.3927245148586158
PUC3281,0.21723681350478086
FSE5481,0.5172023003461061
XZU8058,0.5711102920696856
SNX2482,0.524415866579162
JBY1932,0.3046175454394707
FCF7662,0.2576541399405824
CYF9743,0.3316793837201185
IXO6328,0.7189367930568411
BQJ7708,0.42977558335306376
OTJ3739,0.24543268846499663
HWN7895,0.5601938935461315
GRH0857,0.5401635084604053
BLB3672,0.47016754085928325
UJL9519,0.28526549449938254
TWS2222,0.40723120155647985
JMM6461,0.47779254788318554
MIW9885,0.08899905341610173
GJD6146,0.2846484439780923
GKG8118,0.4081368815334159
WLE0388,0.24503886113248363
MNS8646,0.7678281999083354
GRN3294,0.725461446539333
JUU9607,0.25282121269305186
HJP7251,0.3060429986977868
ZIW6118,0.22573031411285444
ZXD5535,0.7536601587015165
QKA6528,0.6003437367892597
LTG9775,0.3843382005039277
PSG8261,0.6089346969812881
CFT0700,0.39066055636221797
MAQ6578,0.5410243072852983
JBJ6918,0.5770720888546295
LUR6716,0.36161750602449033
LEO9229,0.7311260697804589
UWO2302,0.4762395752115981
RPZ9969,0.5624285089953694
DSD9781,0.47053409210584096
PNR9550,0.46480274785127973
VTS9332,0.355103197326296
PLR7625,0.5445586824255686
ODC6962,0.6710605981585882
VHS8337,0.22359441517500722
WLL4766,0.5991624623676048
OLC7159,0.3782357027978845
VEQ2672,0.6671615471026945
TAM0554,0.8127758158969205
FKW9070,0.49585566131407255
DPV4648,0.6017284574393473
BWW9888,0.47371488884316515
NAY4318,0.5277635195603247
CZS0804,0.29460654057641067
UZF5143,0.341752755074662
JLH3600,0.3655559373549274
KGX5457,0.37505302065048157
GSP7505,0.4949938163243353
YZX4763,0.3744084183382052
XTX1712,0.42364200895998727
VDI9052,0.756697100138668
JCG6240,0.5934542309700188
HNT1528,0.3596139313580614
IUV0877,0.699194778289741
JUB7317,0.3270629967432918
MQY3342,0.5968750824107147
JUR7255,0.45694408439468803
YDH5194,0.5552379680026249
VRQ0437,0.5343648508079695
YXH2028,0.33631212551319645
SHA1662,0.4527603808325473
PDT1117,0.6724135744149209
HCW0199,0.27812727403812393
PJX7205,0.8441466294264235
BZH4836,0.593610129918382
ASG5674,0.5355857332548113
HVV8464,0.617423519604404
YSA1245,0.3923497647353724
SBV7190,0.8343497466938341
RTA4987,0.665611702233311
SXY9677,0.8343172028945287
ROO4595,0.7783351118326598
ALO9044,0.34954419765402855
ZPB9438,0.28290392168208156
FMM1892,0.18261870384831436
LDJ7958,0.18831871035314246
BYN6337,0.3833833977822312
YZY1243,0.3225919465995448
FXS0153,0.3403003245794798
DWV3734,0.4766647182491529
ZFU7858,0.5199599022507466
TZR4919,0.32018088632851505
TYW1214,0.4451755250325417
NUL8756,0.3247807568320332
GHL9084,0.32836877789249597
UGS2885,0.22736269776386137
HCZ7735,0.42686161474883333
VZR1727,0.5074292106208076
JAR8765,0.46013614379412315
BAB6072,0.5475833790750995
JHA7215,0.7187808759428052
XCF6915,0.27881456598549226
CXI7076,0.5032948748389433
CGV3552,0.7072535049104638
TPY0173,0.5682193143851009
XIC4153,0.3541289261113974
ZYQ3231,0.1364044852743188
IGW8709,0.3190462666535905
SXW9627,0.8193076827624115
ODC3755,0.5441102807988548
PMG5727,0.6940794589898465
XZY3938,0.38776308442552476
MIN4748,0.33380962959575383
EVC7553,0.3298673983137041
IKT6186,0.48188717668885733
KDD5931,0.4519049826236815
WDW3223,0.26096433560080834
WSB0329,0.478855789998462
EKZ7043,0.5266733241768213
QLE5254,0.5086393902023976
OCD4049,0.5498182635803073
YCL7418,0.5951240552568868
WNS4421,0.3320566965414272
NYZ4365,0.49567828772138134
WMV4422,0.3268900719483195
AKT0958,0.5230863445241624
GVA3060,0.7572476101540488
PTL6582,0.6356566572520441
BTB1426,0.6537337012517479
TMX3858,0.48859882262124377
HVS8035,0.5597752723185422
ZJD0061,0.47419531032875417
TXO8401,0.3162570669864658
HQT0893,0.3107005624364119
NNV5095,0.48726093370247003
UAR9616,0.1950595290555395
LYX6274,0.3086558829736132
WTU3373,0.23469027713897206
LRR1839,0.668023256048379
QXY9142,0.4049417364022093
CCA1626,0.5100584183594589
QUC1235,0.31070553759230835
HPR2520,0.40539189037010004
PNJ7376,0.638577957282269
VQK3788,0.6716642241151347
EJA1949,0.39203061203220946
GOQ2092,0.521607855004568
TBB5324,0.1284114689194552
OVD9013,0.5657333349049295
KNF0091,0.40017684890749783
GCU0368,0.24848071811285766
ZNJ5257,0.4584969537746038
TRR7591,0.3797977614672232
AQC3776,0.2835452711537812
BDK1364,0.8561872590521323
XDY3049,0.5044975154826267
QLQ5347,0.5907684453122961
KLG3169,0.6557054175636607
RVT7833,0.19285977447095462
JMF6722,0.18581954546442106
LHH9992,0.7292622504325066
NXQ6998,0.31971725286579983
TGY4950,0.42994729060853487
HFI0890,0.6040025008346186
DJQ2888,0.5452903382843547
KJP8382,0.5694923479452577
ZRS5857,0.39946929694870387
QWK4295,0.5929249242654135
GIR9283,0.6666553211716914
OTO3264,0.6118485748838867
RIF4368,0.38439343755850375
NOD6688,0.3179185508719493
WFI8419,0.31354595921601625
PDG4790,0.5346630148731031
LHX4004,0.13751608611705662
KWB6083,0.4428340158074573
STT4648,0.7120155306788692
CQI0027,0.6421408133924567
VBL3943,0.5234042890776119
VEI0635,0.42118098626903216
SGZ0280,0.5761925317280574
PCJ9550,0.6069043514255029
KBK0047,0.4175189227245586
GWR5964,0.5105254960821572
VKQ5613,0.5576034952406757
KKR6240,0.2731164093750409
SLF2772,0.6172083814127238
LTV5899,0.7603853139884531
EKG3566,0.5538401002010637
ACK7993,0.6815806048350475
YPZ4897,0.7647795361532794
SUD7001,0.4482654676403093
VEL3281,0.412359487071595
ZGJ2684,0.42600670958324366
MBU1497,0.2665848062650987
AAD2883,0.6459863296374446
RMG3845,0.25849322559337734
RPO5835,0.29789415835894484
QVB0036,0.35313435727322473
SEL8588,0.3951314774540883
VND3841,0.7226648069907631
EFO4204,0.20861863323309265
PXR2287,0.3138935026758852
RIR0031,0.444199283849414
TDB3761,0.7233786328616867
MBI8114,0.5311755736836165
HVJ0153,0.40676642101378
ZKR1383,0.5601494137003523
YEF3573,0.4188853198778717
KEI0652,0.4523631943033708
AIZ0672,0.7429786707605122
CXX4478,0.7256654486668546
PDQ3506,0.36459082694741185
HWS3142,0.5537333340182695
LIK1297,0.2885517665471167
JEK4889,0.40414279040747436
BYO6149,0.5112300412060113
FJZ2480,0.28056071689674583
RTM6715,0.5721868036331892
MUN8863,0.33898482446982314
VGK9172,0.4589389292015611
LHA2788,0.4277884912910594
MID4291,0.26194963928494286
YCK5781,0.42898989396661974
KLV7473,0.7509800100153695
QIL9125,0.4012604017860346
JMG2326,0.24665832589361458
CCL8625,0.6662107409098312
RJL8493,0.41791110233175754
ONI5068,0.6342208282681858
JPQ4370,0.3399842310133033
GMB3883,0.44498896843195135
XNS8441,0.6260140581847832
WSK2123,0.3686868066821789
XUR0775,0.19065802399566387
MGS1115,0.2624358050560372
WKK0836,0.5787974514150985
VVP6146,0.480258298429054
PRC9059,0.505067587116542
PIW5229,0.6281862733620229
XLN7604,0.37453017991740195
IBW8943,0.7969837590959821
NYY1117,0.22891952767541046
CPN4737,0.4968396045902822
RKL6112,0.5371794041359157
JPW0197,0.28701033981876867
KVR8225,0.48151868100705547
XAH2559,0.5518049499920157
HAT9042,0.3573919241114256
OTL7926,0.26909150781745306
RGB6079,0.445769596264061
XNQ6646,0.5690782151991269
DCQ4942,0.5653742611304275
VUH5569,0.4745423821950483
DQW9614,0.34636912373450146
LFA5298,0.3700920237288746
KUE8098,0.48198834099078114
WNQ4841,0.2809429056794266
RRH4963,0.764072817465002
XTN9896,0.4618340216915573
YOU8712,0.42388661157626684
QNO1150,0.2922079857983843
BHL4463,0.6189409295558284
AZV1070,0.4305787883957647
CDX5736,0.2368011002263123
KZL1871,0.6928990878251668
WIN6633,0.5382846023659948
KFX7900,0.4850656900041151
MOB0956,0.5202210694441487
NOF9696,0.36178333712889393
VKN4884,0.4644600206337292
GZJ3947,0.5109611085449717
ZQB3405,0.37783570151706697
NKN4451,0.7857706204280983
IRN8112,0.3925590999550309
FWE5356,0.27950239351696715
MJZ7503,0.6074646812394735
OCP4395,0.6618578742785854
CDU5606,0.3408913815590995
WZN6022,0.38419903526824045
WNF3197,0.36701951154527435
GLO3781,0.42055891100784604
UXD5028,0.12543006195249742
AYM9437,0.4081429132766977
FWG2787,0.1498897119631457
TUS9307,0.5560170196504199
WUL2593,0.6880928919804341
EGT7010,0.48709159460398865
IUW8494,0.27567871791210485
MRO5204,0.5037137433424348
IWR1856,0.28215816653648595
YYX2774,0.3284992967447662
YEZ3269,0.5142026195759603
YME8681,0.3035478041145398
NGQ6258,0.2867380392339104
EXF5432,0.7315811554696344
XTL1593,0.5099371527295921
AQA5089,0.19127472558432496
MVS2339,0.6612749659230048
CWV2589,0.5405038015873156
NBO1176,0.535979285906811
KMN5510,0.5437370609359058
UMU2928,0.30680509353000196
LMH1320,0.5018386641440156
PGU3527,0.49181221864816477
NWK6000,0.41423677430421235
RUR4149,0.5026117743668179
MWZ0284,0.46735562567113964
IGY3677,0.6513356153074863
KGJ9267,0.6738980192723634
TMK6440,0.4692526374046484
UNJ6623,0.2729268082094008
SRG6618,0.22010874926464846
GSJ0468,0.25530372583829186
CXP7063,0.5004521811775595
PVR1377,0.5262948935441693
HTO1755,0.3109959158757296
AMS9709,0.4679497351938438
FQT0432,0.3200836225565865
GRA7225,0.13910460904150113
QOW7293,0.44018000616742975
USF2198,0.6229321911412358
NIW9339,0.38291337469541115
FRG4201,0.35548971080338854
FGI4742,0.7588445708042972
JFG5680,0.5580778689461208
QYN4491,0.4008837461844891
NZW6090,0.5135970207860729
SJP2560,0.5682145986626654
ZYK6879,0.5724928033349519
YMM2910,0.4769981768722724
TTO1527,0.4919493605681645
EML0665,0.31028378570898596
DPQ4018,0.6641968441394633
SSV8285,0.19972080659870067
VID4694,0.4251784257725826
BZA2279,0.48837536320703584
KNO1025,0.4262671953166422
YKT7191,0.4879776714799431
ZJC9138,0.5247125259509299
ZOK9565,0.14415661689031062
GVR4749,0.39247859344325253
FXF4569,0.6128117772694956
CAP8569,0.3204502931467984
XFP8700,0.7332165939226956
SVX6880,0.5570312218678048
NNK0785,0.37553093112762326
UIR4154,0.3384553301733503
YGN9330,0.30540952055916193
EBR3020,0.6180285778516099
HCE5651,0.5117087031172589
NQC5999,0.5150076338129352
XGY8160,0.5118838169171491
UWL1133,0.4617551686534266
YKI3142,0.37122535304465815
UCB3986,0.33563557249558695
SYL2415,0.2362660190997507
IPW2222,0.7235221939476612
EVC3607,0.39822751821815516
KOV4171,0.12683114307735294
XMW0193,0.16129772227454608
YMH3925,0.4991572024208469
OZW7701,0.5458605752476409
QNF9556,0.34883404225843867
OTV9414,0.5488065177245189
MAR4449,0.6838230976805013
NFJ2056,0.5052054136429369
HCU1891,0.6507974499294873
HGO4994,0.7678837141063919
ODO6798,0.302531972063361
PXX9750,0.7008677261219498
SCN3025,0.501673584323011
VMM9927,0.2781143431395109
TBG8314,0.7808765832917146
URC1145,0.5156076732097026
CSW3521,0.6279720842350092
JBG5644,0.6979148600291281
KXG4715,0.4648566193997849
CXQ0417,0.6930766622420527
GXD8597,0.26646062615154353
QXU3204,0.25381993276195425
KQF6775,0.718946379109425
MGJ6981,0.15095569184619004
IQW5637,0.5616049938283079
ZXH8766,0.6231534322962471
XEI8670,0.23972194853039305
CFU7715,0.3530626922390948
INK5005,0.4241048883476505
YRM0155,0.41768239950926483
VPD2395,0.6712666376692031
DCE8682,0.3631536622643326
UCG4005,0.2750345444200012
ZSI8588,0.37135582949358714
MYM1218,0.6880794470533211
MDF8209,0.17676494623137295
EMG5177,0.3075237088231378
YXP1936,0.4778242209806866
IFQ4336,0.30025458649193804
RHK5615,0.47352860922484186
SBA4095,0.3353667014444829
VJA0906,0.3745554469507676
FCB2951,0.6458263235814907
DBT2207,0.3331801812145492
DZT2636,0.39116202628797747
TYD3220,0.3934373061475498
VYM7787,0.3585231945181868
REK7574,0.2949971749359579
WXF7530,0.6009686634188809
QQQ8118,0.32755245779780096
HTU2108,0.365733276023462
NFJ5599,0.5922776246691503
DBL7406,0.49616492189183836
VID4590,0.43252279004458394
UAJ4265,0.15084704938106422
EMK4872,0.5267349872185668
DLC4330,0.6175394680621218
WOP5017,0.8049262797576512
FJM0195,0.5125610797945082
LZH5232,0.6752818323313474
CBX1499,0.5429375388619155
PBI8593,0.3780582811792882
QRE2315,0.6930654727602077
FWO2121,0.43048618621367696
MCH7129,0.39819727875985134
JCD3244,0.5499855705290546
GEY2384,0.3636009449996972
EOT0800,0.8512695294848496
CAG1966,0.18857987715377655
XOQ8267,0.3650760227490657
HAO2179,0.47528826667856416
YFE2987,0.34033017059115944
AQH4113,0.3668109809185339
VPC7784,0.5607060203557122
GAE4033,0.357910555688872
HFH2832,0.37756502487743077
YNA4748,0.4195460827344384
GPY3239,0.21487299190834386
DUK5098,0.6908191335514541
EVD5179,0.4636650323351602
ETP8404,0.3271279696602659
DDH5472,0.30920393124424383
FRJ7037,0.640217426956766
ZZN5264,0.6799679401325331
AIL3984,0.545133601254018
KXO1895,0.4647045226889839
PMS6371,0.3427684973904742
GYC2314,0.6310042521161479
TDB8324,0.2612149101097876
OOS2267,0.40694571251677353
NFA0143,0.45414531117789164
ELV9312,0.3989352079685623
MPB1578,0.4094752199219569
LQI3770,0.3722759599247058
SGE1895,0.3402983086670395
IJL5437,0.4467151688640831
THL4535,0.4114006465807294
ZKV1212,0.09995918630631465
NZM6805,0.6404485910993509
HEB0012,0.5463333604552225
CVY6425,0.30524976564927336
OHO3705,0.43144836913057427
QYL9334,0.26333795395471743
VOQ2687,0.33754057622451594
ZPM3046,0.2621751206404919
TXO7147,0.4211207254501104
BFO2223,0.26569233958726846
MYJ9670,0.38410890389756336
NDD5717,0.572283265826709
KDA4285,0.32992368418075857
XYI8525,0.41439324064735106
YCG2282,0.4674568613954463
ETL2773,0.1383830339782604
FOH2598,0.4585211241285844
IDO4690,0.31175094466609843
MNG5618,0.2924517829433911
ELJ8701,0.5057586231718743
OGH1319,0.7406450346367439
KYT6714,0.464781337407588
MHT6742,0.2950919531379126
TKN3033,0.35402836345152183
ABS7187,0.5760997321498111
TVE4444,0.6110135380624637
JKT2068,0.41145859761447223
XZH2442,0.29471395835918623
QLD6078,0.3986299866727626
LJE3409,0.4887860710946168
LIS1441,0.6833844362181232
NHP4867,0.6351628988940611
KPN5066,0.5652502909266093
ICU0848,0.2583496181337152
LBR0080,0.43294330338575426
CIV5777,0.4138400099792041
CCS0209,0.3941502780161499
UUT0371,0.44997115579582025
WML3891,0.6530512353755207
ASJ1462,0.23303379627885829
PUO0647,0.6070737052085576
GXH8163,0.45797270612441787
VNC0540,0.4443976797207475
AIH9575,0.5396205403106822
OQV6885,0.5857105567599035
TEF4500,0.33967347619093885
PNS6387,0.2746551941254554
HIP4893,0.4427144238919841
QYD4372,0.4230041099844021
UMB7309,0.5840848213251779
UUC5284,0.5755667495967614
NEE1107,0.3177019637996475
CFX4186,0.2390625084937003
ITI2049,0.48135574660289127
PKW9888,0.3711633686959358
CUM8119,0.22319335514195765
KOQ9260,0.30257756796574414
KBD2546,0.29411998916537396
XNO2459,0.7394237314939187
OSP5135,0.3600155016266251
NUK3247,0.5077179737866083
LDP7138,0.43627952737575254
AGO9562,0.2584551273782689
EVF8193,0.48869164843795077
JLG0654,0.34368518646335844
RUI6084,0.2618625076274692
POJ2149,0.8093035445124026
ILZ5501,0.2837873143543951
IDF1632,0.6782437279256524
NTI7053,0.29240079780338496
COB7179,0.5362691846344472
IWW3189,0.4086556809078352
XZR3521,0.7115590288519942
LDX4603,0.4355692170749564
COL7939,0.2914909268040772
BAY5313,0.38630358682498667
MWQ8997,0.44910657236887236
QTK4473,0.7300409859654466
ALV8552,0.6056558937369896
VPX7439,0.6748262941643429
HLU8266,0.41012150457679764
BBH4360,0.3192733252170368
KGT7542,0.16307876485060585
UKJ5118,0.49017200343674916
DHN0432,0.4042778900315269
DQT3826,0.6544706141153339
SUH9864,0.3586421525688549
SQU9444,0.5898984576706953
LUM2519,0.8237297006231918
OQJ3928,0.39214147237212515
HPP1357,0.35409670364953016
NFN5277,0.3222150045990235
TUV0623,0.6541102275694511
OPM2941,0.12521444846112254
KOQ5431,0.5911768029514264
GAP4265,0.6384889283153853
BNZ3638,0.3006616369706377
TBJ8716,0.4685993770296372
HWJ0779,0.3310578187470942
KRS2351,0.38090938970378996
POK7367,0.4274501565727642
WGB8580,0.45792200421758944
OBR1097,0.28304072681267434
DVA4039,0.4737839426583086
WZJ6385,0.46022845888002095
POE3029,0.41063408510075833
VBV5612,0.36899345520537763
XQL1805,0.5858234593421859
EQL6505,0.6806434814942841
YPX7414,0.3955393229475935
CIT9706,0.35848461420700606
PSE6800,0.4557485124627725
BBC9404,0.38533816816485156
JRG4072,0.3326925499768574
FTS3076,0.5051930396870572
ZSD6556,0.4424967467090889
SKO8584,0.21119684672525188
JOY1325,0.2773338290079156
YEY2871,0.6244516923170937
RVO6834,0.2230511474230535
CLY8255,0.5808835518664371
ITA1163,0.8087843252995541
OTL4174,0.319877390168829
HSF0753,0.6053528099379915
DXH0163,0.4145905755279401
KNE4050,0.8167855908389589
WJD3556,0.29178551899923777
ZWM0368,0.6174295187444054
JVL2234,0.44957427034231817
TFL7433,0.349972087815948
RPO5369,0.6108515438127753
PMZ0494,0.7648594497920436
AVF3622,0.3190755705562108
BNC1936,0.3120563445276021
ITO5690,0.33730191667170684
JVC1192,0.3553246263845677
WND5424,0.6546884368244803
LPV6023,0.720171521452002
RMM5581,0.5023307069592126
MYA1487,0.29160768695696193
MQJ4227,0.3000771693498533
ZVZ0289,0.23677065893718763
BJO4950,0.36089422379936176
YJP3297,0.5911899615519771
FHK4733,0.30632659596492356
SYZ5307,0.23723710743402135
VDD2367,0.4425866981471588
OZK0553,0.3887205014921252
IFM9840,0.4033506383486841
DYP9712,0.5053676779541418
UQB7091,0.5241853921164773
TKH8797,0.5711638160466668
JOL1871,0.6548128515598037
ZGH3464,0.6215184323604029
CPV1788,0.8544014279892844
VCQ4561,0.7830657490299149
XVJ1667,0.40939674822300764
THF6432,0.3907015475336175
DBL9760,0.638489199135875
TXI5549,0.6180346638246323
DBY9220,0.32987931998087544
SHM4954,0.23056870277697894
LAV1102,0.1680284154244847
IAP7997,0.2825990456931198
NML0074,0.5629711461592533
TFB2931,0.6793950082696671
KGG6179,0.40576111501545686
FHK0449,0.6219279937694628
ZYK1198,0.703397197623817
VFY2783,0.4356849355777438
AWP9999,0.4654938081408911
SVW2890,0.21434252288909228
GQP2345,0.32180448607957035
OLK6065,0.12774470654948045
XKI5123,0.43713616404752204
EGV4508,0.39207100657770344
XIR6560,0.41813827056924713
NFK2500,0.40779665098225226
INK4396,0.6636031449136448
LNG9379,0.4670256625920457
WYG9998,0.49348390508079854
MHJ5555,0.35041434119242754
CWI6595,0.484167180489248
JLZ3995,0.2894515739434644
GWN9320,0.6092289134885167
QLI3415,0.2911395590375424
ZAO1147,0.36875186901703194
BJA0530,0.3081680858468422
FZH5135,0.16712903789365569
ZCK8951,0.5523088441556124
UYB7252,0.1299177723456125
KYF5284,0.3234067881838911
LZZ0602,0.33165136023216957
CRE4975,0.5719483494041635
WMM8716,0.36975123422311085
VFC6338,0.3402598456153191
BOH4540,0.6646058576407341
MNK3254,0.35598288194810057
BOO1830,0.23529341672321008
VLE0062,0.5204157312993316
BRO3922,0.3888962769121531
MID4006,0.37119938830392246
PFU5510,0.6019211093767841
AGD0324,0.25639769897855785
JMM5929,0.3838599655656033
NDN1828,0.6171899782852055
ZDG7808,0.2799948708176726
SET0702,0.6410175798161926
DFO6845,0.4342929930876096
JKN9521,0.1714204310069829
SHS5892,0.15897901245025126
CUR6928,0.523982531307484
OBK5676,0.24906250238203026
WSV6530,0.24716526618752765
CBK6753,0.6670461661630976
RMB8469,0.5254934323672986
ZLH1705,0.673714334182077
AFN3652,0.3877790577864342
ZFW9194,0.33623373250777266
ZKJ5260,0.2799685099262365
TTT2711,0.5772023969842581
BBT4470,0.6175287916956911
SFN0970,0.20837052598527278
XQN5432,0.6903639178959821
COI7295,0.3648596311085841
KLD5054,0.6088365925022876
LTC1596,0.37902368418801746
OSI7867,0.3394700372977595
HQQ0270,0.6645483358632666
FAX2339,0.3261455638507942
ZVT8721,0.30448365032964475
YPD7990,0.3188857418172527
OGM1192,0.5036052473033301
ACT7257,0.4586978569684146
UCE1234,0.31271641268896283
SUQ0374,0.2398362196779013
MVG3260,0.10021162903789801
ZNJ9314,0.2612378943552378
OND2913,0.6024222715549729
ILU2951,0.402792651685362
ILW0381,0.33032075288376495
ZLF5237,0.7348673506688028
UNQ4162,0.5792067121616871
HCC3659,0.5720905145785338
KQR6108,0.790321372969809
XLN8445,0.4312928076647493
EPR6798,0.2069939529532515
ROA3504,0.6198660267646283
GEC0457,0.22980881686970286
XED9607,0.4514589665899965
KOZ8984,0.5406316943291278
ZSL6084,0.5569555177552468
VQF8684,0.28912816810211706
RPO2216,0.3810554311358593
UYB8063,0.49065621448261665
EGZ4796,0.551091488505635
SJZ8252,0.5398838266841413
OTA2435,0.6963023400633785
ICK1089,0.6856903692714493
ECO1908,0.24144463284167306
XDZ9260,0.33232666172684194
XLJ0410,0.3472804929163784
LSM9312,0.7150158370424446
MMS9463,0.7278894981317435
XEI6088,0.4108162439833938
BUF7457,0.41277205430672786
QGW9320,0.5880035789667402
LKC2597,0.22259099266733495
WMD0994,0.6060113029585057
RRB4455,0.3655129515807962
YYX1233,0.1638653560064646
FTW2672,0.3078014161404506
SBJ7249,0.6938510512690845
ZJT9580,0.27689465973048166
YQA3054,0.4695556455940749
JGJ8412,0.7935819265820914
UJA9657,0.3915987305609056
KSI7132,0.2438605632003666
OGF9018,0.6017134577064677
KHZ9617,0.40441522486274384
RXI4358,0.5839093468444845
QWK0300,0.2007539077906499
BLU9500,0.29334894977229675
MNG0422,0.4769336630890582
KBU8158,0.3356243783087852
LKL3006,0.8046856962275435
GKL4338,0.49078275415876654
JWG6293,0.12761582660380644
QAW2515,0.7548713100665303
RRF4752,0.39766194515987807
XNT6274,0.7600375482235098
GNG0750,0.40117907564794764
BYM4470,0.4114194397014154
PFI2164,0.5397534149471928
YVT0040,0.7136012718450395
BIW2656,0.19034307086424
SJY1333,0.2820744364188823
KYP7177,0.7213089831509791
HWL0927,0.4071278575667241
WZT4945,0.5069433308221483
BEX3325,0.11063105111991367
QYE3536,0.3595309827469643
RSA9435,0.4419668497413183
KMX4023,0.2550519695968749
AYW7072,0.1903685717255006
THU4995,0.7260187954122816
DCW1135,0.687054390993429
LOG2978,0.49291471370213014
PPP9475,0.3570477348875636
LVJ7546,0.25838575810288755
LOJ1062,0.6912540932845743
VRW3439,0.5209926632938178
OSM8631,0.1380659038406059
DEB6956,0.2718004191805045
TLQ3678,0.6028730837019065
NIJ0124,0.5473101789722308
YVA8893,0.47851397493819303
MWM7162,0.3787543978533763
BTP4984,0.35161647073483154
QLZ5480,0.4496434668264785
MQI0456,0.29066666615036285
JZB8717,0.24527480482011824
SGS3243,0.5259916892875096
ECG1932,0.4238294908545619
IKL0922,0.39323275676136804
ZEA8656,0.6838362260602069
PQJ3332,0.41832675094491534
JPD8924,0.5442456675069307
UII2018,0.6184541070630506
VOY5170,0.31965794981121887
DIX3994,0.41108893394147616
YYN4667,0.37012496504436443
RTN3895,0.35221069207400985
HWA2899,0.5360247857162916
PFE9704,0.2701508031210339
VSQ7496,0.33678538389285345
ZFZ3363,0.3677342432372339
RQN0784,0.5950389332616848
SDA6052,0.7291437577762241
WZP4660,0.1929925929318259
LFM1956,0.6032637911549165
JGL9272,0.45445672011392557
GYE1401,0.4858064922970046
PXB0812,0.7063372451119567
MHM7208,0.46840662278239364
JUL6037,0.7749911962871117
GKJ9414,0.5930218139087751
KMY2541,0.6816991928985835
ARB0479,0.2005236277411377
ZOB7169,0.49012155334277574
ASW5148,0.2986451838039159
ZDA2366,0.3700487801082604
AVD0872,0.4152173980394848
CCS0420,0.2796327403525653
TTE2860,0.5426168768150788
GTY0260,0.40114704298275916
DXE4385,0.648970803964119
KUQ6497,0.7062436099318536
SFP7730,0.6295404771934113
CMF1328,0.3424829737033165
LMA8748,0.8119863511714488
VGR6653,0.3816492594321751
RGZ9524,0.3522020990768042
FET5502,0.27123856411474373
JEM2463,0.2597053266459942
AUA6044,0.44290861276869153
HPL9647,0.6032991196744777
BPS1507,0.3069488576569136
CYN0995,0.7803747003107424
QHA8114,0.29454367940298026
FQC1777,0.5404060091515376
DBS4086,0.38989306892077064
QVF9227,0.3939717952353494
VIP6915,0.15535796167634575
MUD8340,0.756764794327252
JQF8966,0.24150554543802363
RQI1364,0.5903141350162271
NUF4509,0.5207161019713766
SWZ3190,0.6235560697648546
KXE7933,0.42089128691606204
EYA7729,0.6703467653571585
HYM8302,0.4751175952030624
GCB7154,0.507713401694881
UUE4847,0.42886638903029717
KVU9663,0.314963189388621
CUK3424,0.48328347268542404
NUI5688,0.5253442555038801
CTV6017,0.5105247961311534
DLV6265,0.601582724056489
JEW6037,0.3665493687359639
RVI2343,0.6268904426757171
VZD6811,0.41621925072553634
NOY4863,0.5732448292661467
UCD0369,0.5641536634994537
KOQ1845,0.3370599699844558
SXK9864,0.5733971077081177
QWH1123,0.4887302843824336
KET7710,0.5796370122873264
AAA9588,0.7208239833789051
VMI7234,0.6122975592447164
MUP3281,0.4149422490431788
BVN3042,0.3150200026629645
IGH7033,0.5249620830146589
VWJ7094,0.42594260355413355
HHY5559,0.48362550485866085
ZTO9615,0.523596577830536
TXZ7480,0.7074556079663872
IAV4641,0.7811804105924434
YTB5875,0.6012919021002164
ERO8164,0.6344146739241352
EXI5648,0.7837690182209285
ZIX0400,0.45293679173250867
ZBA8054,0.49526483052385856
IJQ0067,0.27092415178621354
MHQ5990,0.38068688229473535
BCI3337,0.21057186820392604
SEY4573,0.3336064268087653
MDI7427,0.45030218663897914
EKB7410,0.5156290051904152
YMD6194,0.6489085899614981
OXP3211,0.5636673121709035
EZU4202,0.5399591350743352
QJO6550,0.450805841923109
DBY2718,0.40100822428907723
JNH8313,0.46068762869681873
UAF9340,0.4304081166774826
EAU6080,0.39361442613354414
MNJ5531,0.5281629502410522
RNX7667,0.3329348795479777
ONU6035,0.4392108848154349
BSC8810,0.4605476628723688
FBQ9869,0.5018613898784972
RIQ7033,0.35675649284209726
LGC4819,0.3625163963683592
EMS0266,0.5830096242009599
DXC6825,0.307372063103466
TNM0466,0.5909964307776148
LNQ8961,0.22853439302269213
RUP3769,0.8256199293890903
TZX3040,0.6661024239617799
EVV4409,0.7408278093524738
QRC2600,0.45411829520559566
FDA8093,0.8398057401444827
BAS5021,0.8135532582380358
URQ7179,0.581730285082938
EGO7411,0.5508365877739168
VZE2929,0.4094014735901971
GPG9657,0.5804647687537985
UXM4472,0.5955279665391803
GYF4105,0.5054916656225463
PKN9430,0.4051791281491961
GVW3536,0.5206269088531162
MXB4178,0.3877701641172594
JZG3275,0.548926575625607
YYO2395,0.36265191462557017
ICC2081,0.395337294976832
DTM0924,0.5443297296483113
NYP4516,0.6690335857208658
UNA9848,0.277451828234774
BYB5464,0.5948737151094186
DKO1294,0.43087770767687095
PCP7504,0.19531049692209934
IJT3111,0.5732270744660926
AAK9116,0.3315887096898738
XOT1298,0.5374066896804024
QZV9383,0.8300318045076784
IME2259,0.5421633839283913
GNN8970,0.7087644666677091
BQJ3332,0.4553929816243255
OXP1204,0.4491067251027523
VNJ4126,0.4193944691315282
TWG5565,0.6373533109461635
QLR5710,0.7355746459232297
VJD8728,0.5184852665594375
VXX9955,0.4089740555346649
QOX1929,0.15086931540079457
VAL7213,0.7139930013232124
PDX5198,0.32225931476912173
LMM2608,0.5345189749670001
DNE1153,0.266472862467174
AUO0261,0.4611560447990841
ATO7516,0.5896874424064822
ZHX0628,0.6927339522254004
QJF9132,0.6570191565616318
TJY2251,0.6590721552759089
GVH1191,0.5337258255332354
VNG9948,0.11448048428487781
OJN3679,0.25694081276462055
CLS3261,0.47556387855385374
LED9519,0.5176891320842396
WEQ8487,0.19165059989666322
DEK0926,0.32976739730382876
XUO6581,0.6060379724114828
NXY6607,0.8660149081665769
TBC5887,0.6078720270468574
YEN9422,0.5915793849612407
IJQ1845,0.28557457991672747
PZC6928,0.5336453022910883
VUG5620,0.665114077223192
BFK1815,0.5226017058757976
TDA1980,0.4780189354702833
TOW5003,0.28070492084177373
OMN9815,0.2439231818477791
GRE0617,0.507165771255641
JII4592,0.5803790571499245
AOO6661,0.15788742946179618
CBO0620,0.5044442441740509
SWB7719,0.1872188665370339
BIT4693,0.268261990575294
MIG5603,0.7892304916840653
HBV4213,0.4083236438298254
OET5314,0.6028003166506815
COB3315,0.3501045872525266
RSY3697,0.5153200122539789
MSE5681,0.5916284139558127
MMH4276,0.34865055859032745
PFW6501,0.4875962025197862
ZSR0004,0.20761443480162534
GKH9197,0.49747798226025386
TRV0849,0.4936222131220964
SIW4146,0.5239917710975976
KRJ0667,0.23191362095762277
DJP8752,0.41424609164240306
BJT9550,0.628092682171252
VZN6590,0.4403066862910494
JWZ1931,0.5376149750775887
QIH6605,0.18939646941234783
YZF6523,0.6750376286894426
QKG9178,0.1587764468440599
QIW2111,0.19322158439950382
SQM9169,0.5264049233158528
OVA8898,0.6127429743508135
YVS2362,0.26475788148944734
FVO7749,0.5333657942242506
NNU4088,0.18502680345344566
APE0586,0.2208001550888702
VSX7592,0.4246554365057823
VPF6231,0.5036216210738979
HSR9557,0.14285065112993994
ZAJ8603,0.1923202920323367
TMK2376,0.34621056748122303
GLJ6382,0.6120802766841216
ZLQ2374,0.2476750890386167
JLD2056,0.20067501886181677
MRY2653,0.39479311460146715
IKL9848,0.36556153822070236
NUU8477,0.4458958985876969
FKL4317,0.5694025189914635
PPW6729,0.5550588598660622
SQO3135,0.22434422181221858
TPG3348,0.20882609197661633
PRV3805,0.5155633839093461
FOP2376,0.3413089582230353
KWR4841,0.49810512321157907
BMJ2460,0.5354573748280922
JAO1630,0.7890427578576671
NZP0982,0.40845620568310925
IZP9673,0.3360824854188901
AXH4205,0.6004483923391153
EKY2953,0.27340689038577815
ARZ7146,0.5079180691541714
AZW8658,0.3964998042274709
DVA7837,0.5445748537434955
FKH3342,0.48518029624114556
GTJ2409,0.5576354306472747
YKG5133,0.3598460431606392
HCF8656,0.2081079099520438
CJM6032,0.42284167491351454
PWL3400,0.39861493774515017
FRN6924,0.6176522695665598
JUY6087,0.5495813981915798
SES3445,0.5459618165612333
WGI1556,0.1985959534531883
JCY3296,0.6451782118134675
ZYP6649,0.27370692734156277
AED3703,0.584744891714192
MTZ7722,0.6659988182656262
BJG7415,0.26442501593411194
QUQ6472,0.6200644418781035
ZPH0403,0.4545137153061056
TNT9669,0.4119009485230096
UPQ7495,0.8133070684902419
UQN4012,0.2804968744520876
TTO9584,0.51841068717557
KQR3390,0.5016822405689425
GWH4376,0.2611122428116397
WBC6848,0.5719656929612067
ROT5760,0.4229917106967924
ZIR1901,0.6327921810159771
ZMP0907,0.5732077974477809
EJH4064,0.7301484664875453
IAA4193,0.4953878636730359
JAV8082,0.6838711684642953
BZJ2124,0.4881272464074363
BHS3652,0.4365637149658772
QGN7269,0.29600439313114635
BQB0802,0.4156801209218631
LAN9368,0.2540546240298419
BLR4102,0.4772485441059843
EJL9181,0.3684309094455729
CGJ1367,0.3173775448736466
YGM7289,0.6637933781809964
ANE4633,0.7119282861610956
RVJ5763,0.3345917146935855
EWD0068,0.4504672021698739
KIU4194,0.62614954136923
QUK9800,0.13841673267387475
ZXV4730,0.2517159033383288
LVO3150,0.6678273303662736
AHH5972,0.4317746155056109
XCC1590,0.6180789269628195
GFT3151,0.5253227110289177
ODI5254,0.5086129459262869
OHC5461,0.16987465146867667
AAV2795,0.2840906647464966
LOZ9316,0.3913238668172252
KWR9727,0.2721745755039652
TPP8062,0.14136115104994396
AVM2870,0.6534245434757959
ODF8635,0.7436893791471784
CFI3776,0.39761083356629157
YFE4650,0.5695389230330061
BCO5854,0.7494655777123397
MMN5992,0.6282034218541113
BTQ6212,0.3204316291305677
VXN7611,0.7554191639263784
HXL0687,0.7007602760486571
HCE8316,0.4276520059698745
WZS2541,0.2994291039432531
VPU3401,0.5324091823773819
VEB8716,0.640166331203625
CJV7406,0.539125983243192
RJP1923,0.2158256542743321
KBN5171,0.4207619114132106
QPB1565,0.24016984270855446
SHW6134,0.38198424817447596
PVV2656,0.289442938177213
GBK2327,0.7110398583706765
GSH2269,0.4322410094863474
HQH5342,0.5271022991284716
IOH7276,0.38447961566947986
EEF7466,0.2978972380823831
VGV8594,0.43739724643715716
QSY8941,0.6438025779968419
NYC2081,0.42378769706878483
EGT6687,0.6303635587706242
OEG2338,0.8016058849730732
VMK6024,0.20651212483094888
AHX1094,0.5122429854039761
SMN2302,0.7344986748319926
WBO6639,0.3292055293780592
DWE4874,0.43460511253115985
YGG2124,0.2732440348793943
DLT6927,0.5820309376163659
OMQ5213,0.45663056644532163
HYN3175,0.45058959324748854
MXM1386,0.43266137687376116
YOE8273,0.40744938617305526
SXH2889,0.5311909439374519
CXY0805,0.7242239695057304
VQM5812,0.4538248149728634
DDA7524,0.5572292624467137
WOD5143,0.6404357948604676
OZJ5660,0.5176668510154734
ISX8503,0.698118655849977
JQX8638,0.4635218377034093
YDL1970,0.7043256796127184
WFU9294,0.22520794958889134
TPM6484,0.6977231912880499
AYC1772,0.38197727097260337
KBW5416,0.186662777171416
KAG1205,0.32133236606330356
ZVJ7299,0.17633798156051322
JLE0161,0.3043476483359755
LEA1423,0.7198287438417914
YBA3882,0.4553765847476472
UHM9085,0.587271268632807
MIL1434,0.8031273850063945
XPQ5985,0.5106465063529728
UPN6139,0.2766059836834702
WJA4580,0.46700647736472345
IMT6969,0.33118586695986735
LIO2897,0.47020069413398624
CXN6801,0.3849336346007899
BLU1556,0.7758732603176233
AWG3946,0.4916228479941199
DLQ9556,0.3982199752576385
XEU7488,0.5726354578363002
FQU7276,0.5065669916743238
NCY7459,0.36373156900350995
BCV7892,0.7698470095743373
FLH4618,0.445936739307208
ZVV3028,0.19823087457682897
QZN1601,0.6886802089608892
XJZ1637,0.6898780036170563
SYB5040,0.5681732955289097
MAT7613,0.34988378501664297
NGH6801,0.49756409272273894
ZOL0059,0.5325459659214496
EXA7114,0.5505752978213889
CXM0142,0.29362996752063786
PJS4371,0.5670644827804483
JXR1657,0.8085214125440465
BEK1391,0.5909927400275421
WXU9583,0.20830609242747156
RNZ7098,0.6728187929382842
PMS0890,0.5940724202025498
AQL5980,0.7578804095352394
ERS2016,0.3915586729351852
ZOH1839,0.1635920097804871
FVX0195,0.4249076566535057
BPH3648,0.5012376015808533
ZVF6316,0.3243501978443595
BSK9724,0.7208874192628005
IBD2355,0.24717174646157508
CFW3424,0.4652922321701371
HXP4535,0.37599723159446474
CAT0625,0.5746806022612471
MTT2731,0.3712711164993048
IFO0991,0.3513677364863298
GVG1586,0.5041302899948057
CFC9673,0.19549022209727818
TEU2111,0.6780988252100149
QPS7127,0.30494975958891424
YBV5242,0.6522253313245685
KOR4670,0.5202001224553776
QTM8492,0.7307810589598972
MYK8510,0.2890381769544199
NAG2773,0.5420566071684917
PEC6263,0.5108763219664899
PGD1204,0.3031064834804415
LGI3912,0.7397756667081825
GCF7357,0.498319617344932
OQQ3585,0.5115835271930574
ARM0626,0.4204451365937004
IAI1021,0.6405146303903766
MFE2142,0.48117651579888804
KPI3589,0.3316273528399501
YKS7999,0.4115095390643555
VGQ7720,0.8390698112509813
PWY5428,0.3993940882751927
VAS9650,0.40333566647943686
VTV0991,0.571440594406097
HQA7458,0.2157268621287699
LSI5734,0.581471446700135
OKO3668,0.47396934704297916
GZL1877,0.5694401815579968
KWN6422,0.3442357021998572
GUA2567,0.30697390683313075
RPQ6675,0.5305829266682289
YWS6693,0.4562972133237314
MKE5428,0.2941606975026474
LDN0458,0.40404145818137954
GGQ9031,0.3617726494048501
EFY2280,0.18493197578815548
GHV1064,0.32150742761782025
SIT8510,0.5877401626974296
LZK5720,0.3106961409914134
EYY4984,0.25237474443002716
RTR9720,0.14148635316345598
VWC8361,0.3760760439936759
IJA4476,0.5997886326664967
DUM8709,0.409052078636407
FFC0445,0.49666213725425723
JXW3652,0.38731981440499824
YMO3299,0.468701249406799
NNG1473,0.41334106253332104
ZLQ9497,0.36565484559856565
CEG0886,0.25122328753669576
HDH7352,0.527145645611184
PFY5839,0.7082164193595424
MEK8334,0.6872470711365053
NMS8978,0.5119543286684666
IAK3961,0.3313015179529275
ZKC1865,0.6602879125951127
IZE0994,0.5547304795078105
IEF1735,0.6374468551816423
KRJ9966,0.19683410665594567
UTW1027,0.581138218129229
SZS6272,0.7537055725779045
EWF4567,0.6381731608357903
RPO1618,0.72881071145168
WPH0720,0.252391021318045
RNX3075,0.6457139136083229
AEQ9742,0.6428444069076253
AXU6734,0.5457382139453708
YMV2014,0.35186421261287093
DAI6955,0.30076503276994804
ZOG7564,0.3016123042768332
SEZ3317,0.41561512234192766
MUM2400,0.2227777419263912
OXQ4007,0.34922703542462963
YFW6128,0.6464918446473762
JYG5473,0.3642946294595636
LUO0745,0.4578505462178927
ZQF4174,0.3455196527674613
IQD9173,0.41024901541640835
GOI4498,0.49866731302987205
IEA3699,0.23657529963226992
DGM0987,0.470259336305087
NEI7370,0.2883606537337063
ERV1656,0.30855775821505194
TKS3561,0.3036364570026824
WLW9309,0.5856047906570251
CGJ2857,0.6858841414461005
TSV9145,0.24542742171921408
UUQ1311,0.6010776991873638
UCK8281,0.6608612652398421
XPR4649,0.2694717955590537
UZC8409,0.23444720856359202
YQC1970,0.4100627416328636
DFP4363,0.1975983005300455
QZS7440,0.13845550209409768
TOP7250,0.5619020566924613
GTO4021,0.4693145584823911
MAY7087,0.30708795694460633
JQE4302,0.5831581403776263
CFU3071,0.4057916161007711
OLL6961,0.42749473905057933
PPP6269,0.5750786602246373
VEX9118,0.42906463852851395
NYL5099,0.6088426493686627
YGL9131,0.2899698594587733
DGS3906,0.37802940936867624
ZLO3535,0.2593287689678419
FZC9071,0.42864675583946277
WMI3939,0.35396437521830726
JPO9622,0.5744990912407939
VJO1435,0.41821158902572697
MEE0643,0.5680386902050819
FEB8548,0.64047699988739
ZHF8378,0.4046164325125351
QLA4090,0.4740763978277621
RCB2810,0.4792711597017499
ALJ3904,0.16319474161010789
PNR8169,0.6020048287114755
PYZ1926,0.3985645514032332
UJK4426,0.35244647580573624
TSH1599,0.6283000703935431
PWK7163,0.44822120785166975
WLA4833,0.678747675618425
LDO6548,0.2546934848085028
FQC2356,0.4408410656126268
TCV7063,0.6140094280166349
RVQ7144,0.4858415201719073
CKZ0327,0.5136812247292334
PBL2066,0.46963843772589586
FWD5802,0.4407365937392036
GZL8043,0.3971230899698194
BUR8794,0.41036699912104346
LSD9958,0.49971687075518123
CKP1348,0.6700815759825218
LEO6471,0.6686271462005322
DDE9666,0.25196182609134493
GLF3965,0.42750746841226195
DYX7823,0.5193082750822791
KJT7189,0.42674911026996964
BEE4902,0.34593579063849145
AUL8562,0.3054051383326362
LOU8589,0.41279647439727185
XGX4399,0.609263823626894
EMH7843,0.2505082984494108
XVW1746,0.7021916403216313
FRA6871,0.6785551353318241
BTZ4615,0.5908213377675036
JVK0399,0.4895064218679062
FBY7439,0.23383273722632045
OIK1811,0.4110042041331783
TKN3551,0.3915402506980007
MTB6145,0.307213137459563
TEY1076,0.4867091616549364
RPC8419,0.4676771854379852
CIT5139,0.1860969130487844
MLI3430,0.18057451516086157
RUM2934,0.4088208246138314
GKW1381,0.7018977368765753
GLY4319,0.6436596326282634
JXJ8620,0.6813144011699424
BBG8561,0.6943776552125487
NYD6470,0.6323694801286361
UKF9707,0.14380608938087444
BJO0932,0.7258917110211363
HQB9105,0.8117728497597763
FGN2844,0.3892523269014966
AXN0878,0.1709747227336551
ZEL1467,0.35006128518709634
HAK5952,0.24924815954521456
UJV9692,0.5532496665370101
VAN2435,0.630829923347559
XMK2800,0.5164875598260771
BRM4559,0.25014347533848263
VMA1079,0.6467803801853994
WVE4547,0.5297738570246335
ZXW0932,0.5201791137422842
BNI5636,0.5103097497659406
JSQ5352,0.658970789886038
JIK0732,0.512395589911143
WCA3320,0.7634671277272989
DGH8126,0.43934017208671383
CHF7735,0.29733252944675764
RVR4678,0.3203529971059287
YCN0564,0.42483687553597616
GTV8271,0.6020210022954968
VWS5640,0.7278138947310919
BVJ8966,0.31438488196807624
COP8976,0.17965874940714477
BOE9059,0.5320426560781956
SBJ6590,0.5066071764394766
UYT4403,0.25431159484567284
KZV1116,0.7073458353588827
BRG4032,0.4990161210404761
WYC4073,0.3245829609589248
IOJ2896,0.3429608364036457
LGG8684,0.4952816321882125
NTQ2843,0.4409196235002282
ZMJ8643,0.3834262594622416
HCT2467,0.2507488040711723
DIA7855,0.6188869496491547
AYZ3084,0.5271625840680467
RQO3935,0.48361048765842346
KFL0846,0.5258419417582593
JQO2913,0.4184339876214812
DMD1697,0.540362378238727
GED3979,0.2030384361716276
JBS7118,0.5143393837806257
QQP9322,0.2780610774670064
QXS1157,0.3989470775432997
GNB0143,0.47002022584783176
UNZ5294,0.3749121568260919
IQC3186,0.3916962394798922
YWD1004,0.33942099818844784
GDI9314,0.4112633344513732
XEM8565,0.5871247037535235
BHJ2958,0.7104039221566494
JSS6390,0.7650905299308256
EFU6084,0.48349360963640803
ERJ1605,0.580057339854785
MSK2594,0.654473982843902
WKZ3834,0.4731882615473845
LYR8244,0.6390452224313037
AIA4353,0.24145036165400513
IJU4513,0.5518626727607321
NET1084,0.863868414341558
FOY8002,0.6860125439769541
IVT7362,0.21895729472466285
MXX0393,0.17627328766175263
MMW2468,0.2168603240953788
EYE8405,0.5395297648370334
CFJ7271,0.5502674504242
GXG3374,0.5683717474524574
JZR1336,0.4417968379048853
OYB2502,0.4038435970250872
GQP9769,0.5140119193067043
BTM3832,0.4700993132527502
BFE5307,0.37261236780381235
DPV3741,0.6214212653143523
PQF4011,0.8585167835545484
SWH8660,0.35924906333151185
RUJ4124,0.6348087880507924
JIY3874,0.8463100619449053
YTW0738,0.4520354268028769
DAF5576,0.5015007860580922
RME9904,0.3274348258787035
WQD3637,0.481028722670802
XRC5135,0.38949630914668565
BWV9133,0.6869774275082009
YIE0212,0.3750133347659419
FVP1386,0.3400760546685372
JEV4772,0.5162442654730227
IEQ2327,0.47996474415104073
JGS3639,0.754838534875742
SLE5494,0.2576995953870468
FXQ4001,0.376245579768985
BIV7112,0.6390907044621392
MJZ2835,0.37146249570793477
UWI4086,0.5862315740020371
GGL1207,0.38341874451212704
BTO9222,0.4622507934214436
UMS5559,0.3548528661954721
KXR8978,0.543515639719919
AXU6879,0.45419261768413866
HWM4825,0.4546875176141539
KKR0210,0.476578232648074
KXI1947,0.42890745070262865
ZJA9996,0.31083666247192154
MIH9177,0.2214912838331421
DTV9213,0.3835984372940946
BNY3169,0.2361952434563257
KLP0815,0.524330411053163
SDD4646,0.2657950051917678
RIR0329,0.8745259952019648
CBI0742,0.5781065120877864
FJW6585,0.3289783970720539
IGJ0815,0.7318113543195097
HXV3170,0.6956790503283314
CCH9613,0.3097343511419287
SBD3987,0.18508924737842158
RGI4775,0.8742717097259738
BRW3605,0.4892254250629501
ETH1834,0.5747032465020643
QOH0105,0.24489939973152014
NXU2122,0.43678585495766786
SPE1936,0.2453114702590905
ILP5244,0.33107420281182837
DKB4195,0.5211962165085395
GGX6644,0.36686572296900405
HDL4118,0.8786547106005598
MUM2925,0.5124038053186688
BXC0675,0.7832280943599184
VBG2014,0.2986777180470544
VLU9792,0.338284243971098
RMG6391,0.5506583724030438
GAY4087,0.4163063567825295
UJQ3777,0.39339443100113364
BII2514,0.3880893367179602
KSH2923,0.21015997540262582
QCF8781,0.4952609566638425
ZBW0966,0.5018897316938153
LAL9849,0.7423946196357848
TTF0318,0.4936567175337683
AXH4028,0.3781311466503541
DDA2131,0.6328343698800937
ZHV5176,0.34141022624098993
JUK7771,0.6867428818934976
RMU2942,0.4899041641549877
JAY0661,0.2708319782921038
CNL5981,0.3839767352427965
RQX7816,0.21712204094276333
KUK3137,0.4881735144954177
EWA4218,0.6951878444918544
VEG7294,0.32958708865964675
ENA9649,0.16236522603608528
PND1769,0.5196609444730265
AIL9603,0.49418949230468195
PBD8901,0.3049556987016817
LRW0566,0.17537121005791736
DSG9297,0.5060511570921777
ORK8776,0.32735825411861286
RAM1246,0.40829565111538924
KQA0613,0.3572014023970162
PPV5408,0.5314113342853258
GYE9182,0.5026297975090839
ZEY1691,0.3176302953211294
TNS2062,0.32065093127462824
CXA2052,0.5296511921188292
IUM9938,0.3938101563304745
KPE8453,0.5667723961912267
PPK6428,0.6146338101819341
ZEZ2501,0.4169088939183647
CTP6917,0.5470703275445528
AXP8120,0.4559601152744458
DUU4571,0.4467827295169319
ZQI1951,0.21753642229767312
JEQ3602,0.497732365893802
PYC9616,0.39028225006673356
MRM9344,0.5339673046014299
AZY8792,0.5407121959922968
DBM3331,0.3761235337061072
MQR3184,0.6972776822519288
KMG7587,0.13651144343052923
GGZ5023,0.25180347631466493
PNE9100,0.3939577980069008
KOV1191,0.8507712542085741
QDD7290,0.8398953873285082
YSB2123,0.4660446530049439
WJW3660,0.4989712245079481
YIS9227,0.11253582319191766
MXD8938,0.6690762807091983
VTK6219,0.37740425866957206
YEB3982,0.3749678190132962
SRY6422,0.8270126747308573
KWS9373,0.6523894111941991
HOV2809,0.41561327959819283
RPS2710,0.4378939511921214
AGZ7677,0.2650014776652779
NSI9711,0.45775127729483106
AYA7112,0.4547803372105563
JFE0601,0.4079398645957917
UQY5571,0.6155489342820436
RYD8898,0.31706948985695643
ROY0244,0.3906119908041122
TNQ5151,0.4637232073643011
BOV0135,0.3619273956926822
BEN5821,0.46475746975816956
JAU8428,0.3783169600986417
MTS3008,0.4649797992230502
RQF7412,0.5502559145419006
GWM5403,0.2072573249769264
TOR4862,0.8541593002590714
VXS2017,0.3319338080254246
PNG6506,0.5412088124428246
KTY1630,0.2802190354191756
NEZ0088,0.34883356558098266
AKO4410,0.41875191459052397
LGJ6361,0.7429924926200698
AXY5928,0.3608567691055431
UZJ1364,0.7775350901757477
BHK9223,0.2037316792825488
ZRY6611,0.6731831929732224
SYT9117,0.30378111765890925
RHA1752,0.5118936683869584
QHG7774,0.2249616652404688
FZP1221,0.6390741141187045
CXT8185,0.4857014736368188
IYS4616,0.6474384268862422
WBG7223,0.5815733487206289
POJ1795,0.15010556525691626
BOX0998,0.6087276248368965
PCE0012,0.3343724040370146
LCF0616,0.4841840579973623
QER2016,0.4534950411530354
RGD8830,0.7095288726137907
EEI1108,0.2948026430949318
QVC3142,0.5421380919081662
UBY1157,0.5584987328003697
JJR8103,0.3779551606642232
GID0753,0.4813717813673507
ALQ2306,0.3571449083197862
PAZ5488,0.6214130096049687
GQD8795,0.2795047185691424
ZKF0734,0.43119524760031575
CJH0968,0.4417274097847118
ILL5777,0.6095190807081778
OCQ6817,0.630555274929421
ZEU2990,0.5883899823378207
ARU1460,0.4888161039895618
EEB7566,0.5177109166977226
WDY3934,0.6366667585167145
IRD9332,0.4029446796620638
GUW6567,0.2884453818396395
HIF0807,0.6167719361842949
ZCG0051,0.6639985920382144
ZOK4964,0.4164546241974504
KRJ9215,0.15121884329650537
AJO7833,0.44126856167545325
YGZ2186,0.34743623242430083
HAS4692,0.5299877548385121
BCF1980,0.5617734807135992
CCF7489,0.2931540781950498
VYW8259,0.6474028926143041
VLO5119,0.6633150012344032
RKC1431,0.30952842917901696
IZG3588,0.5168665557121245
IKZ5035,0.32129227701778174
VYV2122,0.4834843241783933
FXR8591,0.5690898560566733
PQW0600,0.46498177500085947
LLB7273,0.4364416458116078
RXV9670,0.4329726112342702
CHF3116,0.5434884997553711
QEQ0559,0.4603206864364631
NEJ4604,0.2911972708147511
OAX8431,0.24281905529109826
NFL1683,0.5078216969517743
WXL7207,0.6923397017663543
KWN3865,0.5380545663410543
SEA0000,0.3615306611168646
CDV9089,0.5562765890508327
PTE9060,0.4360019710083665
EZI8293,0.5355937084251607
ZII8284,0.6613464321947546
YQL4011,0.4562095737433518
NWC3918,0.5119659992915976
PGF9316,0.34853883006201003
JMZ2846,0.46151643438377055
XXM8641,0.4416379586798924
MCO0130,0.5079262136156812
YHC4720,0.7424806391030816
JLQ7235,0.7991931885882066
DAF2263,0.3536236606322068
RRP3610,0.701433066180118
SWA4008,0.18742284117676455
NBM3100,0.6683675417619213
NOZ8348,0.8357821983791272
TPY9415,0.4209650037094921
JVH4734,0.7932033243326577
KKD8998,0.7889578350880053
MZU8145,0.39853728481085615
ODJ2354,0.6898310027976966
FPK9517,0.5953134870924482
WWT9655,0.335500321469838
GNF3420,0.5255475848811764
HLY9063,0.6277485663571643
OMP3870,0.34167778847660735
FVB6527,0.19547463586781427
DVO5558,0.7955213782556787
DWI5691,0.36045188365202296
TDT6145,0.33053659804736557
NTN6827,0.6380254567631058
RVA5934,0.4663200681656111
GFR8885,0.3050190398023339
ZCU5825,0.35410122645981223
XQV5298,0.3246681031077546
QIZ4338,0.40704813909196436
GIN1432,0.7454794736204668
RLP1548,0.30026643087619675
BLK7848,0.4669716266866364
WSC0490,0.5891249830618511
ABF3437,0.2741281151317502
HTT8114,0.37056138340304534
CXN2987,0.7694300807330907
KVY1451,0.598989683678613
ENJ2042,0.22581845430086567
LTD5596,0.6411139546789129
UAF6215,0.5722204357884788
KZS7358,0.6251306645539393
HYO5945,0.49964518507788314
JGQ5158,0.5534354963307682
PIN8218,0.7831489841671431
WCP7093,0.19033320386395378
ETJ7006,0.41967005580597716
KBX3042,0.36441280594153136
XML0008,0.5354970723257928
ZWH4164,0.7237267483477245
VKX0637,0.6855213369128319
EID2749,0.6900198006172512
OEG3398,0.5196646440369899
FSC8722,0.5166569605625542
CKX1541,0.2151726722358174
SMY9467,0.7403807521805956
MTP3016,0.5749431625498815
ZPQ2501,0.4322114057766475
SIV6541,0.5295805352948404
QBA7624,0.4391694912564711
OZL5460,0.1912318441827672
CYJ3102,0.4006870413779794
GWZ1787,0.514952442569905
FTN0555,0.7821720157605144
HDZ7180,0.68715652685855
YFY7146,0.6180011303008712
ZKV3967,0.39859375367762834
GHT0372,0.3317283706296117
RYF2512,0.39609987305239425
NVM6318,0.5067014190018235
IZS5973,0.22150731946910074
TJN9956,0.8456184577735312
QLV9442,0.5479685775940366
ADP7351,0.25976707694986007
ZZM2561,0.3564287067768832
HTH4326,0.6916968196311318
NNG9589,0.7100443201380764
WCC8086,0.3290206644526915
FES1274,0.6024796822860884
GFJ9304,0.45674609285900336
JKX6384,0.4209014334479032
QCS8665,0.7048833337109126
EZB6534,0.6012130063739133
NBF3809,0.39284647676308976
TYM7948,0.2625543879856304
JPW9435,0.5831877082335397
YYG4777,0.2442190946781836
FME9725,0.3466879760284194
UNW9229,0.2883497429997324
OGO9969,0.39154598277066177
SOC4844,0.3925121538020385
NWJ5906,0.4715465255995658
STF1253,0.5387253021907727
TTB0785,0.2348979102336425
UQE1066,0.6409185936661514
WUP4056,0.56687398628507
XVG5906,0.36602275316889255
VDF4156,0.13939215655750342
YUW9552,0.5345487476725461
KME7972,0.44152022804306656
XHY4917,0.3661540387915604
NJV5170,0.3062696170945787
FSX4444,0.6688089521788276
YFF5235,0.36920218006965055
RZX5593,0.2377884066715591
QFS2917,0.6038024144554119
BKL5342,0.86801287054422
VBS2012,0.3849122191225838
YUY2212,0.28382700142699196
SZR5572,0.2264892918601033
TXH2388,0.23589542205430897
TNN3693,0.47440489436021427
UZT3585,0.801811359269989
HQK3080,0.25350256068910937
LLI6154,0.5760817016354411
ZOF1765,0.6161573559465142
RLV8929,0.41587392053729233
XHK0610,0.493526220112219
OMO4138,0.7293980410351147
DBO3941,0.5533882537471235
NOL1049,0.561723215109883
VPE9687,0.7876207364224626
PUT1722,0.8310789015540742
LXR4166,0.44573175826959516
MRS2780,0.3919757935261071
BGO6644,0.5013754403185877
SLZ1775,0.5082091624881586
QVU4211,0.4209677934009262
ZIF3745,0.4420793955299359
QVV9581,0.14757264699608058
KMW6719,0.4581398042965276
BTY6651,0.38073544120067937
SQJ2079,0.6415092214586255
IJM3039,0.5996856463552436
QHL6081,0.5551554111727602
XYY3704,0.6617827984189739
RSD8940,0.30233080851371696
MWQ9427,0.525503157431224
KDS2281,0.4400945840533399
ZGF8036,0.7306259606376819
EIF1456,0.49300765998649465
GZB1521,0.1642299361750022
POI6224,0.7791955091340297
OEY3483,0.6782707301550168
QNW0395,0.6765477185794393
FXF9036,0.5521439161549315
ADE6109,0.8060464548089181
JCK1521,0.4976091002118249
PHH7643,0.32051079124540827
OTG5928,0.3867062400137973
XOP7071,0.5945393987333707
WMK3106,0.34879085442633406
EKA5575,0.5704568313592764
FVO3531,0.23384267116152388
DLN0234,0.7447349898503849
UIY4652,0.5119850635097005
YRY8615,0.4716170433254204
ZDG1261,0.14660764522495962
AWD2190,0.44608520551586284
KHV6984,0.2502619128710538
RAD4091,0.6114666388182063
IGT1178,0.8496901153580125
FMF0970,0.4781246478155587
MDD3279,0.4341050659319692
FIL0048,0.44180423801115665
DNX7324,0.6154506698241715
LLN2770,0.7130028506436876
QEE6829,0.5083853232777289
AJL8427,0.1826683197504958
GHH5153,0.45766063540095836
OSM7311,0.235998270850249
BBF2867,0.2872190659138002
WJA5248,0.1998524014581055
JFV9029,0.39115540442450225
ONY3338,0.39593391454937255
RYV7167,0.6025408708542058
XYK5207,0.28310060746761145
VQL2467,0.4921762333117047
QTV3905,0.476290428313348
ZXC9568,0.5347253303026707
XVZ4297,0.31988030632191866
TLF4772,0.22300211198595885
VXS3827,0.4726228186082142
VKZ6866,0.33256553190219035
IHT0941,0.42621320124379203
GSQ7558,0.31134618278520054
USE8246,0.35431446793990123
OUK4608,0.32373461508183526
YYY2709,0.1461600256812151
YIV4482,0.8043004469620492
KUF8780,0.6405798078461042
JIG2780,0.43275651116361835
KFC7566,0.7604830568772724
IVC8672,0.7714115509230799
URG7195,0.33037850126138646
LEY1887,0.4612384831907643
MTO8300,0.30542484220623156
NOY3485,0.32905401034106163
DWK1635,0.6414652291384701
VWI8259,0.46176960403949363
TVC6021,0.5300589639179623
RZS4121,0.6156076559385839
MDP9088,0.45739488754985924
IDD8680,0.5483257910346299
CJJ0067,0.3513634863908818
HXQ3855,0.7423000295150942
ARR3600,0.31998809293669256
HDG9113,0.8539977772789891
EXP2649,0.283675517671405
COM1513,0.42704292136056177
BSI6025,0.5121652948112834
QTF2549,0.3739083858524467
DEA4939,0.2874318321236784
MEY5478,0.49145868296312883
WFN3819,0.6840448813402906
DLE7102,0.3340608284890366
SVZ7837,0.39858245257564506
JPG9474,0.616552433855494
PST1973,0.3618983115576002
VLA2925,0.515514390284649
GFQ6921,0.7243967298933792
SVQ3659,0.5350798997579602
HFJ5560,0.3454885738428268
TJO9482,0.34670727097927023
KEF1283,0.25553064153608906
XPE5334,0.3736151515089762
XDD4731,0.692058778047308
DTC7666,0.40476322473594384
MAV8739,0.4300146381186153
GCG0006,0.26400871953134064
EDJ2014,0.5872707981726955
EPX8664,0.2690464844663827
POW6716,0.6348020295094243
KAZ2977,0.6821296222525739
XCX8052,0.3665340585175299
ZNV2307,0.5109819032976407
TCG4082,0.16202684275957552
NLD4865,0.3346200742048118
DRT1162,0.25065673600655464
NYV8017,0.6008755767903756
YVO0721,0.8637541597388039
MMN3031,0.3980532634885456
KFS4774,0.35195192609649706
CCW9949,0.24072320859350163
QZZ4039,0.1429124994772165
NKY0219,0.24678464110928952
JHT0528,0.08716933833293222
KVQ0049,0.48119886200982787
OHY5260,0.3920007765573025
MOV3618,0.5762444693477223
MUN1785,0.5021996471215714
IES0974,0.5913160066367611
FJL0266,0.6036679986136886
OQD2211,0.8348499910845888
OMC7899,0.3130219656126134
EHN2289,0.41088909998477596
YBO3438,0.5250201047335907
XGC6121,0.5568143970416517
KLZ8117,0.589077850800218
QZV3301,0.43299250424175667
KAB4183,0.5004501068957766
MJU7092,0.5833570482761379
SIG4960,0.33908196412801606
QLK5702,0.39403803342879645
WPI6483,0.5295930096483423
ZUH8446,0.5078861473971549
PPJ5717,0.4886433589367576
MAL4596,0.2762345724660705
OWN8577,0.23094198673010075
OSN2565,0.22774505181964744
FGV2111,0.15993542491543486
XYO9485,0.7730722683500253
CEJ0840,0.47573245957733845
BMZ8322,0.38364865577972274
BGS4330,0.7225670324301647
JEI1597,0.6410297534328637
ZXQ3606,0.49455889598914127
QZD2155,0.587127367479813
ZBT7709,0.3207251999841882
QYV6318,0.617572030989314
XDO7573,0.4190237594534538
HPM7246,0.4383835971808508
CYG6666,0.338150642742436
AVE8214,0.5080548590190507
AFZ8966,0.410700826616064
FOD9580,0.45020947662106814
AXA4301,0.3789694379801971
EKA3091,0.565243158049376
XCJ5568,0.2526274523458459
WND2059,0.561212282125004
SWK2288,0.1847612056916808
IWZ2880,0.364896592436589
PIT5158,0.5937303897459074
MKF9945,0.4821483759791544
ZCG1930,0.49439959404615813
JZL2900,0.6466287482087233
GSG6048,0.4417592661503774
NVU5467,0.5371160152168166
HKW8901,0.4693048215032103
UHC9744,0.6302355833500413
RLU9682,0.5763850357317138
OIA1294,0.4398568813785172
SZE3233,0.621642511661843
IRU4838,0.2056401200531267
JES1785,0.40085771951855964
UCY6561,0.39602101741135126
OTB5118,0.4061184206556907
JCN9706,0.7235187603205286
IOH5588,0.562285000168508
QOW4543,0.2752787728727276
UHK7473,0.664804690914921
BDH3448,0.4937404635959727
PXM1687,0.32459772306493645
FPU4247,0.3824213239043601
AOX3969,0.5797923598548659
MGM4489,0.6527268752014007
NSJ5694,0.5092213239455999
KHY5361,0.333135962108915
IDE2014,0.6818736566506838
CLG4527,0.1819939308118862
PAE0187,0.45513546774156366
TZX0712,0.49525055410313146
MSI7288,0.49270230207995086
OPH1133,0.8317795536111796
GIW1153,0.7067566027692944
PNL8766,0.23733956834602712
RJE9943,0.3318388344703772
TZF9992,0.652941981137902
OAI9854,0.2171348477301579
BMY3167,0.7261362180594751
HUA2243,0.17693219799296062
WPV5328,0.28795850801213435
CKV5562,0.7059049854226329
XTM2180,0.6551040884733422
JCE2465,0.4856685345700092
ZPG5413,0.4471080115413739
DZU7019,0.205139600417828
VXG1725,0.4925570816995217
OPM6059,0.751844866587217
JSB1729,0.8156650807949157
KUT3144,0.32031215442090655
AMH3165,0.17358185122944547
NFK7084,0.3604290215100525
YJN6123,0.4084265948871283
ZYV6499,0.2694001065404341
DYE9365,0.6404619783621668
CYH0071,0.6582171017798559
PLD7359,0.8590504528751961
OQB2795,0.60835219105166
YJG4869,0.43225742366671
VYH0021,0.4242715794425337
KIS6502,0.11960655171181186
UUY3020,0.5679405101484903
PHQ0092,0.40902772247180696
BVY0985,0.7078766458524154
YRD6672,0.4738673933381493
CVW3569,0.5149836588129975
RMR0822,0.3386628709919891
NEM7093,0.5297598960564931
AJG7697,0.25502645901257215
KDH9406,0.24615195181203892
MQS9876,0.6058057357160149
BBR0344,0.535822209029583
MJR5449,0.6760502741063512
NKV4242,0.637319330498668
ERZ7613,0.4396996150874922
YHF4884,0.6718629892026979
SHY3389,0.4323861835756848
DYR0315,0.5455325878519472
QRJ0474,0.2551274200059406
WSR1971,0.1519695422257693
BRJ2331,0.4606507238652865
ZNU5088,0.28987362025950597
LGB3949,0.3883716233492076
DDN0916,0.47731660123118635
VNO4744,0.6780262506627353
HAM0625,0.10646213196147604
VNS0417,0.5546572837714017
ADY2431,0.5035844273202756
JHO2864,0.6558988399502074
SUH1250,0.22316002222823855
TEL6348,0.850195618238575
ANO2014,0.44871803945899724
NIH2178,0.41744691277667234
LYD9788,0.7415816670286945
YMS9619,0.42571169063827924
DDJ8939,0.5246519141700681
IGY2653,0.31711972586157855
ZOE8875,0.6324739152169773
FAX4808,0.3024764518792774
VMM4007,0.31559159230352585
YMD1401,0.3932009929040997
VKT1013,0.1366681286394709
YKE1591,0.3354069460127606
ZNJ7114,0.38811934180731406
JBU9048,0.42430338999736333
RPL3665,0.5044266146168404
DOZ0297,0.5613443705394436
KXW3156,0.4030938078283466
XHI3128,0.5619218065166172
PEN6055,0.6481639081176593
KRV1729,0.7558285013135628
IYP8988,0.7356219171235223
NQJ5272,0.5953480574403442
IAU7186,0.3802362085846492
QIS0846,0.5501531566155099
WRB6555,0.7168036865975308
PAO8178,0.6056024095532504
FQB3317,0.33157926740002663
XOA6073,0.19973169108581104
VYY2200,0.6555102936137778
ASL2036,0.5343973347359937
YBZ3502,0.6681965047144015
PZJ0490,0.4298252873587822
LTY8297,0.3196725431971537
YCZ1142,0.217992290745464
TCD6914,0.6115774335324144
GLY8970,0.4480015711405651
UFH6676,0.3619922739721366
PJE8049,0.361278727531947
ZGL9870,0.4999577399487538
JHB3243,0.35577073049930263
QCT2926,0.12728110913757207
JZB8726,0.6850334932728072
ZWI7654,0.3896074481827595
YBX9273,0.5914756190973953
ATY7236,0.2806417797901957
XPU6142,0.16574037635581684
KZS3494,0.5981156575711857
YWO4932,0.3209559881729832
VSU1745,0.4130601544387902
CUG6548,0.4968162019820767
JJI8874,0.3048108120530835
RNA2808,0.3444320088998296
FZP4826,0.411458552209657
GYZ6456,0.33374497071116577
ZBN2884,0.5149891280329679
ZJQ0471,0.24410597885502927
DLA5530,0.24433183188293417
NUT8542,0.7515148726907735
VNK6354,0.8292422829622867
UXU8427,0.38155880624792876
GFD3985,0.6255969277894764
QQR5737,0.46542072420595054
AFC7665,0.2604823882512116
SLD5495,0.7381048264527645
VHD7317,0.6739433124558705
YAL5508,0.3022699963390266
OKH9384,0.6465990789800116
GEH9340,0.5333424636995467
KDT6136,0.4026462410065993
PGO8069,0.40447848103254663
PLJ3715,0.4317171347637946
BKM1964,0.24528673817967828
ILT1034,0.4329333613177557
NKT5664,0.38069782436984023
DFI0560,0.5880176811522477
WTZ5124,0.6902351657709408
GJP9524,0.3676313852126932
IDH3670,0.5457807024331113
LHV6715,0.7106571899745739
SOD1257,0.5919170892037968
XUT0094,0.417134967712767
WLY2791,0.5813706194681241
ZJN7497,0.40539998932904586
OTP9424,0.6580391108074581
KOG2427,0.5380197070786294
DGT2607,0.3215773915715111
IGV9153,0.2336007192367502
SNK8485,0.20998211861184238
GIH8293,0.38199402246703984
ZYN4270,0.6161964786307444
HAD5689,0.5246704217609098
KGR5948,0.4286922893178521
XRO7658,0.5769192241540816
YLV9908,0.5333288361418396
EAP5638,0.7185824264951559
IFX9842,0.4573767032003334
OMU3958,0.4250123132066147
QFL6187,0.4848400679351429
FVE0231,0.47119428351840875
BYG4627,0.8791000892025039
GLU8969,0.5444710400622486
IZD9452,0.4421467330431581
EYW4468,0.5463500752443827
AGT1201,0.46229172559151865
IHI9922,0.5978532727493973
QRN6335,0.15549321256324208
FZU8851,0.5236033823069254
GYP0381,0.3288684398809319
NHT4249,0.1947485268935882
FYT7747,0.5552820717520159
KMR5833,0.6756441501693939
XKY8972,0.39010018238922217
JAG2909,0.28123822033591933
CBU6594,0.4371717290406506
KUP6171,0.30854538142878146
WJC1017,0.571432286842682
EUO4937,0.4472654805246836
CIU7319,0.6913019183694282
IHE9927,0.21445068788969918
TPK7407,0.3941740762681881
QGV7700,0.45421641754700404
YND3412,0.44357766405548005
PLP7642,0.602209935196359
QQH3030,0.09612669147821003
XGS7797,0.4529172128909706
MAG9468,0.35550146496701
EQK1178,0.45906007200878046
OFC1169,0.312354138904537
ZYB3704,0.4303874962094253
TXE9669,0.3163065262479323
EDY7478,0.367522283328926
ZRM3482,0.5828054513566983
OLR8983,0.5300492229105415
KZO2848,0.32399715123587214
YUL2449,0.35727882414666057
MQF8373,0.3556327051918594
JIO0650,0.2502417384721211
YLC8229,0.596173676080304
CIQ3019,0.7243559465345575
LID4577,0.5064840911126423
FHF4230,0.5936894078438263
VHY9741,0.5023170491201695
ACZ6656,0.7927952632476882
XPK9673,0.21278062285008753
TDS9357,0.42739226597322766
NCY1055,0.16800561489293678
YUP2078,0.35256110118991646
NFA4698,0.3545284299275294
NGC2448,0.40542506136103484
MCP9761,0.37742864416254995
OWJ2412,0.19459263066766058
PHK9684,0.6030979339348983
BOP1305,0.39030632340310684
YGK0608,0.39428237443681524
BJV3737,0.3613917779560714
QAD4506,0.33977673639836037
RCU1459,0.5466030514750193
ROB4774,0.1509679166868229
QPA1500,0.4844269470870429
ASI9484,0.4546246265066469
ADC5158,0.3483987915683957
TGI2756,0.8808863969033782
XWZ0948,0.2785533921423824
BCZ6218,0.4746975292054448
AZI6548,0.4478052969375232
NJG6414,0.2942564167018491
RYT3911,0.4052080190072047
FAH5419,0.16978871222589337
XDW3658,0.4951134973392307
YFQ7483,0.5034289661862279
OLH0534,0.3850107677698993
MOW4518,0.8390682628889905
JLR5477,0.532528509126414
RCS1192,0.513232512103597
BPH1146,0.5142037787245664
FAG8556,0.2163694472199363
ASH8711,0.35197690995793784
OZI5872,0.5339551554313353
USZ1437,0.28011719738897095
MUX0020,0.7782943820261781
TCL8035,0.40723390310872487
FXA0346,0.8242622049654922
DGW1711,0.6581118141916551
MPI3843,0.3632054327868298
ZGJ7391,0.21253946256512973
UXU2443,0.41937088356391394
VMG4433,0.3238093105688895
YPL6662,0.560525395660028
XZI3703,0.7607848574360178
CHM5321,0.3902280378645332
CZD0003,0.2376292099992068
UAE6199,0.4227064545964907
ZHP3348,0.6180569704880521
CAY9941,0.4928668184860338
IDA0149,0.7003002365574169
ZRV0689,0.550260941187118
KAG0964,0.32947613749831883
BIV1231,0.5655406582874178
OFY6640,0.525864840799489
DCD9303,0.4588054619760812
BXK9899,0.5833685298943596
ZFH3397,0.42973386094885163
DWF6920,0.2856825883445348
XJB0970,0.5125850291374603
YVY7207,0.3644207563234987
NYK7788,0.7743792021150071
MLS4709,0.7140231446979177
YMW3766,0.6091219339001648
GTT5147,0.4488129145486558
BRO1762,0.4952896274188179
JWL9572,0.32890502154352497
WMD8920,0.7561562192580001
EAE4795,0.4703424511842588
CGY2385,0.40648775488588573
ADX0708,0.3927033722865564
JGD1227,0.5733468070506972
ZQQ0815,0.23881765664913757
LGB2539,0.6534059052714152
DIY1538,0.7105751072063862
SXD0066,0.5963431082213262
DHG4347,0.3098264749318725
IVL2875,0.47620778641057293
DXJ1576,0.4423448004180379
XXD3056,0.46155261840830375
FKR8136,0.25679164713222924
XHS7469,0.6406421006459118
JXY8304,0.16044650315887457
XCO8396,0.6997521139009503
SJW6493,0.3494453704385678
WNW9509,0.49793025522659073
IIQ7956,0.3470326300227227
ZGN8635,0.47938733284348944
OYS1674,0.5387846251754391
LFN5026,0.556059286443873
QFM4433,0.33557765857949295
SRP0203,0.6566316411878956
GTE8180,0.5829618960595555
BUV2825,0.48613597564148125
UXO7662,0.32004626841474326
FBP0568,0.591984056626264
UDU8112,0.44241577576445335
PAO7740,0.32744107701266445
YAK8421,0.4342027893160154
GVN2038,0.6396492654129322
ZQP0382,0.172298615221477
CNQ6513,0.4544394988976362
PUY6632,0.5130264323257567
BVP7323,0.4030085331608911
RLM4016,0.42240653116940197
YFG3055,0.3777913895228942
IWU5623,0.6234208751684784
HRN6899,0.2599233699689231
QEE6261,0.5309632360636987
MTQ0293,0.5963335524087734
MVC1429,0.5515830001049111
WRG2254,0.2941658838200956
ZCN9897,0.3736481439810629
OZP4495,0.6619053344361592
DLN5343,0.361536395572321
JEK4684,0.3403872142121132
SJL6931,0.40957186099799825
ZSW8276,0.5446024024353655
WSV2609,0.6553025082279573
MHV7737,0.4503374428710312
YRR8549,0.1311705306600857
ERV1528,0.5456826810540505
NOF6559,0.6809483076088172
TBX6932,0.5191769571773727
TRM8176,0.6996321056014435
ARS4511,0.5036859205522617
HRW1770,0.3664140829146502
KBM1789,0.6904797721352676
CLS5313,0.4603382214688657
SYP7066,0.321061667635486
BAC6711,0.2756851200525094
SKE2290,0.6123663107261094
JIQ6981,0.23382766072428585
BVO7960,0.41265897750594893
ZUA2626,0.6077376740247635
MSG8259,0.2536605698184376
PCC0360,0.37789862448527495
JFE9003,0.41565837366829195
FLS9182,0.6189192779189816
PAM1280,0.1800174987026335
BYU2321,0.36486488726741884
CXM5506,0.2961626645843676
QBY7302,0.3576635043688196
JUK1901,0.46291304352330265
BWP0584,0.21409357317903827
UXP8211,0.4048144012751287
ZAY8802,0.4125504604454716
QGZ5092,0.4796282324354464
PLT2750,0.30434835971027274
RET4270,0.6522753151797365
SVB9714,0.30941138859730144
PGJ2505,0.7155569566033385
XCR2667,0.49674733830276624
RLL3403,0.42596818132186093
XMP9341,0.6869627423416231
WSF4408,0.2184027268504823
KQS5528,0.7241349016492205
ORQ2079,0.5091816888189438
DYG9890,0.406119272142853
JCO9274,0.4817272410262611
RTZ6364,0.285507814472994
MZW1799,0.4078605798002245
EJB1355,0.5832173778868781
DXW3959,0.16317001995152114
XBW1111,0.33695415319699834
KBU6474,0.2456965082932251
FCK8370,0.13806798412644095
DEK2690,0.5772596099680627
AHU3775,0.37228955282286075
OYF9560,0.37536041128814535
PPE7467,0.27289672571167267
QFZ6666,0.33507436385355116
SND9604,0.44943871591732065
JCH0911,0.38699164733393965
XCZ5219,0.3329372856594818
DFS7754,0.37209007036085284
QER0038,0.35808942452602055
PIQ5708,0.5563662714284936
SBM3940,0.11486966787476484
REU8468,0.8036235584119052
KUN9469,0.5843445894159662
FNG6130,0.2976564898540534
AMV7041,0.5436220666115603
VQC3734,0.47151365829387304
BCG6211,0.5145567740537681
FCV0094,0.4476940274491962
LJO1761,0.5090413291482827
VXQ1519,0.6035446485730589
XDG0394,0.49187919624563115
ZCA2183,0.33588698456948
DEY5036,0.2704256215679714
DOA2936,0.17142392740440773
ZBZ1111,0.2345697357225513
KTE4563,0.40893679986547266
JHM5827,0.45086167188692317
IDF9791,0.17650756495723935
YWO8363,0.5298397808740372
ZQU9039,0.7958340153115592
RLW7170,0.7859892627474372
RXK9841,0.47946312003734537
ALU4463,0.7066905588738137
SFE0721,0.7717158538460855
SQE0323,0.40183242623470883
QDZ4395,0.769003916452098
GBJ3518,0.4094529848719779
ZGE8545,0.3426574337846709
XKA3092,0.36967691559518456
YKI5936,0.6414165660758387
PZK1377,0.53074125739337
JLZ9491,0.3850284907192457
ZVR0041,0.49047900502665687
MJP3198,0.482172345889202
UQE0138,0.1550148961523718
TUW0269,0.5726064945718962
ISP0465,0.506665672682921
XAL5847,0.7601151856845088
PRM3708,0.47329326301566077
AYO1985,0.7026847443394186
EGX0726,0.23477963919109787
JDR7035,0.35346851186883066
MSS9255,0.5434414718119739
WIY7208,0.17315928637130762
VAD2698,0.43977272116484734
ITS5025,0.7938739746067074
ACG1389,0.39985812215175376
JNT1094,0.275595012456953
SEY5120,0.5261195142491848
XDA2651,0.4293873913660464
BIL0129,0.31982575251648515
TZN3360,0.734331274022336
OHS4922,0.5406022090777447
YOJ2699,0.30651159491093916
HUM6721,0.34785629310860855
EHP7372,0.7304772488553671
MDW3871,0.6304149119498318
HAM5349,0.45830917047183684
VVV0077,0.5162180970202019
JYP6084,0.43467459670795994
AZX2542,0.10325539381310875
QKX4992,0.4731773129916894
VJZ2239,0.4438587802251839
ZFT9927,0.5359817386639518
EPV1130,0.40210566721067453
ESO4684,0.7892596358155863
RBA8751,0.7377448324551006
IBD6200,0.4078010009862542
TCC0838,0.24863939458592976
OTO4045,0.7871146206861426
FQZ1755,0.32880979227409957
TKQ7781,0.2596281465024992
GHB9539,0.25678105468752943
QKV0677,0.6930169832749746
MDC4556,0.46075173173431605
OXD2801,0.6546944658222429
AAW5921,0.6243589629116821
ZXO5432,0.5751940557984063
YKE0773,0.6375657224597846
ZQT9439,0.5314799894042614
BBX5445,0.42627466500612554
OLD3422,0.7314143555618108
HBD7837,0.32229563074630485
LII4395,0.30701055979882513
VXV0165,0.6109406771009833
IZS6375,0.446462489986971
ZNC6270,0.5931973117078084
VEV9487,0.3774435144828536
KYX6211,0.44155672624614595
GRI7834,0.5753881705452615
BKJ6883,0.3099483777013331
NHZ4308,0.4724287861886831
IHH3352,0.5362801334479534
WGE0940,0.640488308737153
JIY9209,0.6044480372058063
RMW4099,0.6456848844673663
ACX5394,0.6488025727576772
JMY2884,0.5954192595713008
HNN4412,0.32700645210208024
ZRE8689,0.3582499020577832
NLX7791,0.40763817797775975
NCE8146,0.7978170768568323
PAJ8142,0.5741261779012083
BXL6079,0.4785721527192158
RVE9218,0.5851247635423975
CYM7511,0.5714855556396523
ULZ7896,0.206048356131727
VFR0394,0.7358025776037824
DLM5418,0.8870684137683682
LJA7283,0.42317893380945437
VJJ7556,0.45016666602979916
MSY4225,0.33795416274046053
FGM7178,0.6311660644918264
KCA2760,0.47359407824396516
XVI9392,0.46853958962690934
ILG8180,0.7104577573181176
EJA0426,0.33682933044319974
ZYT5283,0.5998718875253248
MBD4028,0.6092815334025862
DET8036,0.25555825251993924
NPU3306,0.685285775745933
MAF5198,0.6762168303508496
YVR9937,0.7338876871525892
NPF0956,0.4051448405962268
UMZ8342,0.5597231198490643
CTA7936,0.3013423760166702
WTS5507,0.690145134162199
YHU2823,0.5452316191289163
GCI9262,0.19362466235755532
JWG0958,0.7206529016038128
HTQ3691,0.40741561547276384
JSY8006,0.4863678897650149
BDL2992,0.6220695965386092
PPY3602,0.643264078560664
NRH4217,0.3868762318942467
JZU9096,0.3048533524623726
BEC9902,0.5558859927836461
PUK3777,0.6581674971321869
QAI2611,0.4201249264108748
SZE9978,0.24081243800480293
ZQB1293,0.40677913201795945
DLT6582,0.21294158718178954
MBP7717,0.410689718483892
TSL7315,0.5861923078771728
ILX4971,0.823745405604954
VUT2632,0.33241725460210814
NHI1174,0.6870174496221948
XBH4571,0.34116871775155444
ONG0233,0.7049361829160927
EOT6883,0.21267153524203802
WAA4403,0.28114355161972665
NRP5939,0.40647509756831945
CFT0261,0.11610353031654658
WBB3199,0.5254136067940018
OXW2554,0.11458297563891531
OTX8021,0.7420831238331224
HKM5973,0.21638596977189006
WOB5773,0.7076674913107959
XJP8738,0.28589023652155615
OFA9596,0.6902019650100462
YUU3704,0.7211549788429921
DAA7058,0.7471764431338964
QEI4621,0.44640514139625737
JJN0270,0.3079665728695986
VLN5464,0.2665351707599875
TKY2278,0.7855376586346041
QVB1146,0.8182685956165143
GZG9726,0.49442851867559307
WAG8989,0.5421618727014383
WYG7915,0.4192506711799856
JKR7298,0.25860315708989967
NKC9965,0.3577239858342538
OLX7030,0.4024881516747314
NUM1967,0.45752341052461376
VPG0102,0.7168195558981632
WYP6798,0.6136239816534146
XVX0001,0.47952039720587836
ENE5821,0.514532218249879
PXT8963,0.38572094022960046
NAK6905,0.6840226138045137
ROJ5124,0.5302593529286418
EGP9963,0.3521746641564536
EJD6191,0.4321410127504329
VVI9738,0.40712568259779713
GZB6774,0.521122516699376
ZSQ0383,0.3084361748264651
VMN2008,0.5091863182605074
VSW9307,0.47306181752685506
SXC7989,0.33608316041775743
JRP5911,0.6337350692671153
FQM6684,0.5981933936919468
JTZ1972,0.43425106936986546
YRK8678,0.6488494770959956
YUX6245,0.4762281532556973
OZT0083,0.5395765328851283
WWU3357,0.5798845143491973
GIP8061,0.23808223679107968
GAP2506,0.4258740559851582
MTV2911,0.503508666985166
EYC2947,0.23929281434532818
KFJ0398,0.5232144303830888
KVP8638,0.6531505814632461
IEN7559,0.5648074555733653
ISM8366,0.41395102300538106
QRB2092,0.43120533937987027
ZEF9982,0.39998750493479995
PVQ8431,0.3282562281151501
JYR6904,0.32531291137207075
VYN2284,0.1777722605230489
RRD4317,0.42811458152806997
SIW7452,0.6663125884161347
BNK6722,0.7379088118319366
EAC3647,0.3740633152141364
UZY7255,0.18962334867703395
NJR3268,0.4893560981081715
SXJ2106,0.7913263214930737
UOL8150,0.7202699015956593
GFG8118,0.3775645560486021
BTJ8291,0.28849929321592493
IWD4843,0.29029828014914216
UJH1928,0.37793925758036406
CTQ8211,0.40918992342449917
ZBU3909,0.501176285821639
CHH0005,0.8565982476280203
LOH2075,0.41123625873312836
SOZ9505,0.45984597389024595
IDZ8560,0.7100922409807393
XTH4023,0.33617469587485216
QWM3456,0.24479325407063718
ZWT5514,0.378237013541443
JGY6248,0.7627595615520054
YNI9415,0.4781689608013923
YHB7736,0.7643152036525059
HRY3458,0.7258199484654415
NHO1841,0.24025403150591962
SJT4275,0.21441014310960144
JBC0455,0.5204031475872063
YSV6272,0.44561238425177463
SYR7039,0.5236868029495418
VTH8070,0.2740361058283872
CFL9774,0.24677289617467787
HWL0255,0.21507604800909275
PWW1560,0.6950179456679165
ZXV8075,0.15985064846444416
AEI0906,0.3501497140707479
ZKT4898,0.31601270241533047
OVZ2889,0.48860138071805476
JNK0707,0.3074225971697182
FHI9082,0.599124445595439
CZC7195,0.4935537970804697
EUS8425,0.7262232813991423
VQF7120,0.2656899218368439
GZF3442,0.6386602118438389
QHH8798,0.4654563373088426
SVY2210,0.7324220715487253
DDE2452,0.34274652214613494
UOD1909,0.27285479342036445
LFI5893,0.34459425837392654
VFH7810,0.30872914533959755
AEA3832,0.32814903264142364
ECF6645,0.6735605284510228
KVT6536,0.41150343848592763
GJR9253,0.4103120400638356
FMI2663,0.33073137311147377
VQF2039,0.5146228784020934
NLZ7990,0.4279823829217865
QBO6904,0.37967980760197884
ZBO6514,0.5667366889905039
AMJ7143,0.3243507085289847
PPA4216,0.4369213572767444
UNG4672,0.23031190081673164
JKR1254,0.6134695110468108
VEB3556,0.2145597987889375
RMY5487,0.564934595469138
YAL0969,0.7078687020091174
PWY2348,0.6133598678893082
IHD5140,0.27565494647044597
XAR1535,0.5190225147575315
MOI8849,0.22916946077495676
TDA1772,0.13519977551399065
FRP3664,0.5168984790278301
QXQ3920,0.4877017953016393
WZM4928,0.35490735496130216
FEI7112,0.27560715989422796
ZWH2382,0.555830408129322
YXE2782,0.7739552294136114
RYR6789,0.600391780162387
DOY0839,0.423921943229219
KOZ7559,0.6595325264314207
CGG3378,0.549832302313884
MTV9217,0.37965233901054296
AEY3302,0.6544599598690635
SNN3415,0.5268103752370292
DLH2120,0.42467508321613495
LMC5561,0.3516540410488446
JVR3739,0.24253885661831787
YDK7231,0.3574056973409697
LKP2717,0.3964188092680799
NLD0288,0.725280135468864
QWZ3328,0.6955227669503959
AQB8755,0.4517757355221994
ZPO6482,0.48863517754262653
VJA4011,0.18189652430682174
UNR1034,0.5376156305935
JET8498,0.35737581034026056
KZM1206,0.5118752370850854
ZHM9357,0.42952203948613377
DQJ5519,0.6336330514824283
WPQ7065,0.37231941802373986
ANP6398,0.35143156669325226
TWV6276,0.4983397022830968
UIG4581,0.3644029474824183
MCK4510,0.5377803558861531
WCQ8946,0.3417690396687112
VPL5439,0.39074585788700433
QUL4939,0.5436916086124728
DTB0595,0.44957738503804245
WGZ0312,0.3844131151876608
ORU3710,0.6938371494749581
BMU3842,0.6712293252390504
WAS1041,0.7290652389237829
RUV8304,0.3704234093932979
NXF7025,0.5246014671275894
SMT6291,0.4798466880476825
COY6762,0.5519550127197511
UXX8278,0.4316896290809953
QOP8824,0.2722014391154537
XVT5952,0.43415407420630103
HWE7781,0.4115464007975427
SRR9343,0.49992017079469486
FMT3981,0.43679371658579635
RWK1255,0.5059712648863042
GUX1313,0.7063597462755464
VED0121,0.8297090773576055
SQR9285,0.1966482906950015
PSQ9368,0.4557725498379058
DFU2564,0.4905079010281198
OLC5603,0.305462946824269
ZAH6196,0.560090762866526
GQZ5053,0.4017051739275018
NSL2545,0.3428069945685008
PRO0137,0.45532107186026816
STU0764,0.23519392279286191
KTK7805,0.15598876434765085
EYS9609,0.7113864433721542
KZG5885,0.5511320735959683
PCB8761,0.1756834400822751
WGW9568,0.7864918618085195
BEP3948,0.7423442689772283
DMJ2590,0.31816926991599936
CTW5615,0.40178376061775034
OPB8278,0.5299173533105981
CWB2561,0.7282625088244641
XIJ2478,0.31405983431555085
FDX4097,0.6261875361205763
YJG5740,0.47635969479554297
SRX6811,0.13465129315504681
PRK4060,0.2628379803761078
ZSQ2949,0.2586012961409817
HES7557,0.5388050302620582
UWQ9670,0.7126632752866624
BAJ2081,0.4946329856696542
DXX9121,0.5392377413728449
VZD1340,0.6387243393411678
KCX1429,0.3679993171456367
JUZ7305,0.2106117956531503
AMD7755,0.4580616758166253
AOT6315,0.3780751179176829
YXO2209,0.4201766091203642
EWV1407,0.35557346628337033
GWG3380,0.48998011634881733
YUU4145,0.7945208933040782
TZW5104,0.4091061116379706
SVI0226,0.7209998668687347
KOO3080,0.7393382208201065
RCR7780,0.7478478296093961
DDZ1864,0.42631524668388104
MSG9202,0.35878794520352275
GNC7973,0.472751767038399
TNB6317,0.17542415254153904
CKP5184,0.7627283264177684
FAN3835,0.3082350852677582
ASP0506,0.6880116330663547
XEP8902,0.3930413883584512
GFQ0333,0.32562278180679727
STU7442,0.2642732645198047
KZH7721,0.3187314055503271
QFV2858,0.713368633495366
CNA2475,0.21055140931567548
VPQ2939,0.41796993071726907
XTL1241,0.4602071369946753
RTH9839,0.7248942832076523
YVY5308,0.4205345616137848
FZY1694,0.6950684040343216
YCA2616,0.6089145573629128
HMU3975,0.32175913665589145
FDU1357,0.15982233343633426
COI6888,0.7077008537060914
YQQ9816,0.4772865325755796
DCJ0598,0.12969976659582122
QAF1690,0.43533840489322334
SSF8640,0.5703249088471154
QZS7048,0.5335726021381275
UMU0017,0.13681698412779167
NHR0599,0.3038933619426638
TBH5424,0.13933143424985694
ASQ3055,0.47533411548438975
YJL2807,0.306335211454414
REM8079,0.3573661800728998
PYI6606,0.47995155218048235
FIO0648,0.7768784299200915
KCL5134,0.42105479614920827
XFA4921,0.14563668703572158
MFS7445,0.5456717903259436
LJN7166,0.7524758624930444
ZSB8267,0.7030231947879473
NOY2382,0.2289446194111323
VID0540,0.5927164783426446
PUI7231,0.7129231720321696
DIU7827,0.3491064401083883
LMS1840,0.18581350191549134
JSI0972,0.18139231013638266
VWH4510,0.2965964063176044
XPZ8442,0.5344353670586033
IVR6080,0.4599906339870808
DAE7056,0.4829234528872456
XSF9221,0.6982447450683804
WDQ3723,0.7874089666462107
SDI9085,0.2151383473819083
SZA0713,0.6472941022568883
OHE7288,0.3374667356045359
RKN4919,0.6007426365198402
UEP2190,0.4466972621067017
CLT5723,0.12608127490495905
VJI8551,0.2788467925643304
XPK3889,0.6863398162854764
SGT3305,0.34766190430842037
SAL4070,0.22138320692274843
WVM8211,0.7424544638034039
PCS1722,0.25303385039122683
XKR6147,0.7220359915530874
XUR2232,0.5786249050233918
JKT7149,0.5738314957019206
KYO3320,0.605752407198447
BCR7281,0.45109525622103364
RGW1489,0.33990990015802336
AXN6618,0.49509276136149494
PJA2115,0.44820301259082584
OQO8884,0.6291045873417311
YNZ8560,0.44896742116529964
DHB9103,0.43720233711670076
YIO0165,0.6198344508339476
EPR3439,0.5289545485146367
BXC6882,0.6128470487947566
JDH1113,0.3834813405106635
ZOI7409,0.4664267508618025
NMP2912,0.2808882413055061
GOJ4289,0.6844182067543436
XHX1364,0.7633135403233722
VVZ4851,0.6049437185661101
WTK2653,0.3297612921834059
MAE0737,0.5003694687755195
IMV3149,0.5596369691155587
KTR9193,0.6564218354128515
TOD3591,0.23710281156125368
FRB8474,0.2358111931391527
QZV0518,0.45641462152957923
VIP6808,0.13505227669546566
KXI8109,0.3779346404482817
ZFJ7032,0.8044452021122994
KFB2661,0.5043672712574321
DMG4116,0.7362304785216844
APL5877,0.436169954948213
THY5809,0.3317090257490565
GJJ4558,0.3980029185506188
BPW7388,0.5059418524189818
XST7223,0.6757072419014738
JEE4921,0.18790336233548355
LLE1425,0.5942097148287956
KUE4150,0.5940327531489635
WWE1408,0.12526172656441714
RUE5821,0.5883806983909997
RUJ2756,0.7148000464784839
IXU0926,0.2992832836331512
YBZ8802,0.304683948966383
KKN8936,0.7718419579679248
VMI2245,0.3574399475904312
SMJ0545,0.3800157205058772
DAS8749,0.4412600679249934
YER8134,0.7166839886777998
UYH0872,0.26706961570765464
ZPD2531,0.7533796796797094
KTL1545,0.5228817680416451
EKQ2049,0.6390762423787124
GJL6540,0.5744226550938689
XZV6966,0.764140282631524
LVM7923,0.44529541377183224
IEB7788,0.7145781625039003
UJV8655,0.7260320882100183
GMZ9526,0.617448509525375
YBZ1017,0.4822441312890809
ALX8013,0.28551617458740786
GER5584,0.3553091836223068
MWX9044,0.2478249738381469
ERU1857,0.1932949809246628
RVZ4998,0.5766032759228598
UEQ7217,0.45944062093106663
WNU3314,0.3639963608819966
FYP5922,0.4022374184447669
WEW4166,0.7112262729145791
GQL0285,0.47893675665994906
GBA5352,0.17644369892789416
WJL9492,0.3943065098305487
HSM3570,0.6793801350344646
HCT5417,0.4991471485867751
HJH6473,0.6674361192882899
OGM5986,0.3976905308163057
GLG4293,0.17707899984094375
VWN3938,0.534893354478132
GXA0045,0.34911943395293776
HYI7006,0.5505160099285628
MKZ6848,0.8943485135506082
KDF2835,0.5076974842430426
JKP5380,0.49775264272706404
OIM8727,0.7183381155714376
VUI2290,0.17728511617557352
WDW2129,0.720501084906285
SAR8093,0.4951050635900597
RAT9039,0.35785260201241187
WIK5954,0.2903220107430249
NVL7088,0.54785180505231
QFF2987,0.6219705415725352
WOQ3211,0.5666178318469818
GWQ2895,0.6378814882190111
XFB2979,0.57853097364665
JUR2499,0.37244132287992526
FTD3973,0.48082207332014004
GAF1548,0.1698989127899317
CFV3986,0.7099416890041609
CWY7712,0.6329104707850981
AHR9467,0.29034431138025274
MUR0716,0.5941431542842875
PZZ4271,0.5496715136660232
UMW6557,0.5007567672888034
UDL6067,0.6159846269416317
ZHI4043,0.36453454557141995
BKU7239,0.3603636622779052
AWV1442,0.39404802396237476
LTU9152,0.4518571387092894
GAA7231,0.13516700131642106
TYZ2295,0.5824871728539158
TFC7836,0.16352849308447492
GRX4717,0.41786653174128907
PHZ3014,0.17030655607501277
SQY7131,0.5067857774452813
SZP8923,0.33372219768180966
SHF8940,0.516669270398386
SIY6976,0.5901251294996883
OUU7553,0.622053312748744
IZY8370,0.23577937382412326
UFP6673,0.6640317971874128
YCD0298,0.7159034744683916
GYV4279,0.24578649584779233
UOH6028,0.5131981096867368
URM1669,0.363482369358637
WOK3312,0.36297504768682376
VKM9785,0.403686946355833
DEY0553,0.35143663156868626
KOE0267,0.7620437441133439
QDY7816,0.5748430851475554
VQI2890,0.4276515517170512
LRX7049,0.40636047467013514
QPV0099,0.4267936899817235
KRV8762,0.3892133438652007
VAC7571,0.5458610002670297
HZB5860,0.3407252505171516
SWN2244,0.58455353588754
LOO3134,0.2124192722057916
CJC9458,0.8314542948161167
RGQ5084,0.485022553028712
QTL8583,0.3394583170023667
TJF9910,0.3735218725520573
ZTS7674,0.397724049812302
CIF9346,0.6350272497095919
PLT4718,0.38010480713503625
OGH1176,0.38682780534585587
BBM2431,0.5166256327868077
MMC1438,0.35598027264807985
JLL4117,0.31360942090871696
SYK4331,0.5354703004549075
QSY9890,0.18960169743481733
DJX4643,0.2991793617222601
COJ6421,0.5670212140916577
HNO4349,0.7214424842265892
XAC1384,0.7625250057606487
VQZ2493,0.8248559229912278
AOO7588,0.3176083625271758
NPG6848,0.3623821583029252
COW1344,0.46948254245790844
MWE5697,0.505449057607518
VMY8506,0.32389843697933607
EML3806,0.7361542011766715
KOM3157,0.10593544073073448
OLX0382,0.4873723159183095
QAA9380,0.5088768763144291
ANW5580,0.4151443744007889
ESW6215,0.408590591975365
ASX6995,0.19658992157926825
POP5770,0.37934028833140854
BAG5404,0.6768096573268202
LYG2422,0.6606203307761316
VNF0722,0.521479800866559
JEH6392,0.260682816449576
UPJ1865,0.3078812383318513
FKS7618,0.6178996235138761
ILV6048,0.29314996606526833
MQI3920,0.47783740259139
BYF0970,0.5235092696361519
WCO6481,0.39786008981211873
KLW5610,0.6109004648679555
TRL9207,0.3584243371717075
JXJ5162,0.7029707687765521
IQM4120,0.32994388666222174
FTE5233,0.43164958742861853
GUD3977,0.4128451480499229
ZPP0234,0.6230671714478133
EEF1466,0.2723543122744914
VOV8606,0.7137559385556448
HPR5191,0.49255966768171155
LYA8405,0.5464877265329577
WBU8735,0.6214697480430664
TQR2275,0.4294734835309769
JPW5875,0.817223291022796
TLJ7924,0.5808774380893897
XMY2043,0.1926501739729987
QRO2231,0.46066198368372635
HLF4845,0.48644785385136036
UJU3717,0.5705635254100503
ORB7785,0.17700075690572523
URX8712,0.45741445500563405
GFL4830,0.5146897903298904
QRI3011,0.6794679822452903
TWL7361,0.15304350972729774
GSY8311,0.4808242826065707
ZAB8662,0.3913275003521124
INE5446,0.5240915825403414
NAT5345,0.4190766485007066
BUD2177,0.3472179786703832
OGP8515,0.448119633267713
QPY6663,0.3997441048904947
RLJ9691,0.3038273573933195
UKF6131,0.40005732923119053
IGK5300,0.2173101790427087
BOA2857,0.53666553146988
OUJ7375,0.5522305017792635
ODW2622,0.6738474795572746
EFV9929,0.8316260576955634
UMB6250,0.3540466672344492
ARY2581,0.19573119593759858
FWD1267,0.5164872991334135
QWK4961,0.5407963891611128
RWR6816,0.24351831948336355
DHZ0702,0.6443130401182612
CRC5041,0.7605783813906967
XOF2459,0.7121985503125272
WKQ9187,0.30788580162380086
AZV9085,0.36728057210977433
YSZ6492,0.6808559848346274
CNK2218,0.5808089613356198
OBF4098,0.35941602256231414
LMY9061,0.38285819387558007
SPA0324,0.38422974575262836
QMB9576,0.20143185347046094
EPE0986,0.5659870537867913
YPH0413,0.5268386014618689
RWU2048,0.2715291078131215
XXL3715,0.3571329313068763
LMY8761,0.7947124183181105
VZX6168,0.17747585609683153
TQC6813,0.25037775689759423
UDQ1869,0.3820083194005435
DNH5723,0.6817172907794858
QXG6300,0.46695639813165707
SKP0307,0.16346640433203372
KYD6619,0.5062972216339853
UBI4597,0.4793034425869223
XJZ0694,0.4355377995225922
VCB7873,0.587678947105485
DVP8229,0.280186492065421
ENQ7050,0.8258234362607416
VSO8083,0.33620024249998726
IVW3734,0.4509194439499684
STS4967,0.5120759502861111
NQY3007,0.4577411794650724
RPA2336,0.24890652557828702
NKE0904,0.41278438266307754
IQI3842,0.36998953029779125
HKA5518,0.5609524922612003
GOS8577,0.3310652894376833
ZQE8717,0.158897262844749
PVL0488,0.3552664512836823
BNJ8623,0.7796583047105412
GEN3250,0.5119746235056767
LWY0125,0.6891354975886081
PAJ0655,0.24645449355015162
DSJ8355,0.5612611050305049
ZTM3982,0.5247381514129337
GTG0544,0.26687514529958334
YNX2835,0.4272040715872817
TGN2850,0.41384862673922906
BXX5261,0.41282062444335055
HSE2409,0.3655460425703573
DLZ1901,0.4718221927726508
GEJ1320,0.6246785489365476
VWQ6022,0.39795304587575053
YOK7020,0.6582572972131644
CBJ3105,0.43358919485112
VSY3899,0.5431992913515711
VTA4221,0.5293793393560522
HHB5509,0.6108851480096904
TGZ6086,0.43449988444243876
RMP4380,0.4044481944892906
UPX5708,0.39751335735283644
ENL9282,0.3608197428641251
LZH7750,0.36885222193515044
IBS9693,0.4731068328860139
PKI0279,0.4762750383255485
MNM4404,0.35541248488112864
LHG3702,0.6183180832089992
QXS2664,0.4206164943942621
ZJE8725,0.4620022949667405
OJA7001,0.450491944150847
ZSQ7961,0.20659507824249315
YVV8348,0.23572724232177023
YEM8450,0.6640495730166247
OWZ3181,0.4294494110447583
VJT5618,0.3600792522075271
IAD0845,0.3112500781067802
KSU8228,0.638787920590568
AKD2635,0.4950620165387455
DPT3746,0.26535005800509087
HBB8000,0.25656031884557084
XKS7078,0.44917745216675864
BSW6379,0.6065385094377376
NMD9061,0.3932441021127967
DQB2981,0.36464981109577654
CFD9987,0.35665294542791337
XYJ7765,0.4022275536759342
CCO6993,0.3259908315918717
LMK8623,0.25644326760846337
MHO6527,0.28215273669243646
MPD1810,0.48582592594601937
BTH9628,0.5302287736071497
WRF4157,0.5242629469231804
XXN2403,0.5783676062462344
FFJ6322,0.33150323041544283
WZD2412,0.3174139568757156
OEE0398,0.32202667619457825
GMF4223,0.3807399255240569
EVD1832,0.5671868123246095
EAO6665,0.6684249816172723
ZTE0996,0.3550426160189211
WJI7604,0.3760714518582629
GXB5604,0.3016306465072297
FRS8324,0.41307849058500445
ICR2183,0.7267466519952432
SQI8245,0.25390231309278194
ZEI2787,0.741531672421472
UHX8290,0.28862202164926903
TTO8119,0.7400855687004975
EWT7697,0.41827852114626984
LKC1392,0.42272273006694777
KZA3127,0.645536249161671
FTW6416,0.6723592576148307
GFW7003,0.6929618047469919
YTT4302,0.44284337054687595
EOE9840,0.2689140331399215
RWM7830,0.46683694593887226
GOB8336,0.23757328063924915
LFV9110,0.17501160072940636
JPW2124,0.3830649365028592
BKF9745,0.33066087153867685
ZRA5115,0.27319496134539056
LFH2159,0.6369511037506548
VMS1291,0.16811497738452374
PMX7872,0.7660454992331744
QXX7294,0.2612832040660458
FBP6560,0.13779882112579273
VEK2855,0.20089303983217144
ZVI3482,0.47059252732401424
WID7204,0.6183492124585093
UXR9283,0.41419994028601204
GCR0520,0.12030783216396251
ECC9768,0.4176801818797281
BPF2428,0.16944223316046658
DEJ5473,0.3252372620934396
XYO6541,0.2980678772893937
NJU1327,0.4380200825602746
WSK2569,0.6448658620914527
MEY6847,0.7069908218512908
OCI5920,0.4192624262008214
BFM7635,0.9205272140117606
XVU0737,0.259328385682116
ZOS1822,0.41274557072565443
SKD0534,0.3525195815016047
ZBX7132,0.4934157849096626
MMO9244,0.2734114796890191
PRR0310,0.2484665114885175
TJG4761,0.5663857676968908
BBN2496,0.2125977498041538
JIW5388,0.8330299839036072
KSN0005,0.48105343265398737
MOK8564,0.4491640181010573
EUB5732,0.4648952864478165
NLQ5109,0.39946442800660276
ZXP4295,0.3203716606601843
PAG8472,0.39625999367169873
LXR1978,0.30532784723677875
BRZ3164,0.40278404800097645
DKT7237,0.3921649095188915
ZCE2914,0.34781154223916266
VHI6516,0.4213477044909341
UTV4967,0.4977677658483949
USJ4246,0.6283178488326526
HWH1249,0.36947685329775115
ITF4864,0.6366392994424169
KNB6126,0.35023392751065296
QYO5313,0.5173482186620482
WIJ2188,0.5969595251597752
ZBJ6751,0.29184484665886307
VST3056,0.22543525657568486
UEA4586,0.4049646084090127
QOT0490,0.280459542081234
KAG3392,0.7741894802917473
SUX3398,0.1506445665005909
GXR5119,0.7314577981810555
WVZ9101,0.46581508510961583
XQQ6405,0.5703347134621648
ZWH9628,0.3596777446146273
OMZ6112,0.5279558795016024
LYP1066,0.7629211929959343
ERN5227,0.6830342017676867
DOA5901,0.3043968001200354
IVS2527,0.48419843463610635
LJE2834,0.3761570537546805
OPH7321,0.6553768527573354
OWH9677,0.7704428475331495
XGF4872,0.34813573516788354
PKM2654,0.32014355203792433
RVE3128,0.6928234656808054
HCZ1235,0.7183219132466391
QUZ4412,0.48039188253383713
AGT2111,0.30175776581201086
PSF8463,0.24199520655313708
KBU3273,0.7334602129192795
XZD4636,0.6628198930141982
DOO2539,0.5329876167875609
HFY8294,0.13758358123505504
EFC4627,0.7492206854583892
MSV3690,0.22735094210493362
TIR2213,0.5060722864970175
OHJ3283,0.5381674014789035
TVM6927,0.7816274721355957
TCQ4437,0.4946015944699713
TWF0211,0.35597637506179486
SCV6838,0.25033987591348666
DMN4994,0.5047162129531071
INI8518,0.4915908503110462
SDY1000,0.6003445525094941
JXM4061,0.4580882267172956
PMA6094,0.35156001405730974
WTH9861,0.7027791318594312
XXB6736,0.43654235547369613
IJU7206,0.6408997513756252
RJZ7847,0.41299052023716
BJK4564,0.26740591537127933
NDX0091,0.308006173664069
NFD6321,0.1769295473072355
TEN1858,0.18424250537395692
ITC4358,0.3574293507360975
FGY4048,0.29879681888770826
CPQ0026,0.44874636935375434
PZA3978,0.43157186676890125
JOR3671,0.37014196014545087
PKI3568,0.35885001780007963
TBJ6999,0.6616206261125341
ZVM0946,0.2963223683873364
OQT3041,0.8105113679933578
DJB0799,0.5074227527960825
HBV5727,0.6621984183958594
APF9285,0.3895620515006763
UXG0628,0.5551284657614854
COL6410,0.6123140963656409
QPZ9639,0.49323417267423475
UON2161,0.3239839912795314
IUA6276,0.4510473084779312
SLE2186,0.3886295815460475
TLT4666,0.39149144899396116
SCO7140,0.5707842499029432
BID4149,0.5295621975652367
BYF4218,0.29596147967773156
MNR0110,0.5446140526827182
ULV2517,0.5549860385291242
PAR5191,0.5040116145815127
YFP3399,0.5084134255560377
WUZ3632,0.3230742312205693
QDA3476,0.4443629190465555
OGF7039,0.7730185896321815
GPS1812,0.6773562467608378
ZAJ2495,0.6688437176856075
CJP5768,0.6230291104331895
GYY4735,0.5763780361729198
WHD6815,0.246453203891107
RAM3944,0.26569956254476546
AHF2562,0.4170168484435627
PHX3766,0.3142275095991103
IMO2872,0.28590321378625316
CNP5354,0.29007402510229185
CTN6782,0.3380353112411215
PTO4108,0.3657333380291311
KTY2623,0.34390266341801545
UDY4764,0.7192857620190065
DZF4635,0.41824413036419894
BCW2803,0.5218160558163016
RFG2472,0.6399139878283922
EAF3848,0.24694111595797286
CZM2079,0.27227510800634946
ZKL4083,0.5989014216729249
MIK0805,0.31091534838013724
UZI2506,0.83767984881743
XAM1154,0.5685554649739769
PVI6541,0.8547359244325914
VZG6189,0.8390588575841489
BRF5316,0.6080443710980956
LHF0941,0.6271612659569206
GTE5510,0.3980558982027609
GYX6928,0.3234409972721115
QCY9581,0.30039867315633384
JDV1123,0.31015974464007545
PXK5315,0.2479659444986724
NKW7035,0.5075175482665244
VQX9879,0.39799897390230754
VAD2981,0.7296207649797823
LHV7423,0.598665376971617
DRJ3471,0.42101479109540974
NAD7807,0.46359415071017074
JWY7649,0.41354059067276233
THO7074,0.38953495326121557
HXZ2367,0.6095817099565006
ZSW8883,0.4685496566504618
TQL1788,0.5067605138889201
MHA3207,0.6711678330847906
ESX7797,0.17942312092225443
AZN4578,0.2744929219378818
BVH2792,0.34746035077669196
EOL8504,0.5823159441906918
DLL3527,0.524085718211434
FRU5617,0.4409140986447795
DOA2423,0.36102143736877784
LWW8841,0.4218525054906349
BGJ1341,0.43649487133411874
UWA7636,0.5507280932938858
FNS6374,0.13697449287304464
ZKU9184,0.47001715081400486
MYM9229,0.755933649682277
CNL4026,0.4503266949754357
BGN9072,0.628743130934504
UNQ1367,0.21576330819496325
XOQ9765,0.4747838781916691
FTD2271,0.47058944935603275
UUM5139,0.544605669423611
EIS3052,0.5453033852781293
JKF8552,0.46296071865146055
KRN7329,0.3403139874259909
OUO2432,0.4896224124456867
QBK4624,0.6104760641958529
FGN0012,0.5612816437432566
GAI2781,0.5855704498917671
KLU5273,0.196380552388907
YOL0313,0.732713027071408
USN6075,0.4477500685127179
SGK7112,0.6478307545668516
YUE5724,0.41855481757930235
UAW7134,0.41315199931365765
RHQ8345,0.5119804221452816
RQF2533,0.44703701387997097
ZBT6866,0.5762746274193032
KYG8599,0.32236990614254546
UPQ9522,0.28417050764765694
UCU4704,0.45816373266174293
XAD0851,0.14589890612103718
XPT9850,0.6199382921644767
OLV0463,0.578799917324586
CUI5604,0.280596999948202
WQU7921,0.23596950891975976
RLI5225,0.4378729295945728
EED2034,0.25923221245050065
AKL8171,0.3193942622457501
WEE6596,0.49099797719240196
PTJ7041,0.7040113950933102
GDT0244,0.6175937095106747
RSQ4934,0.1410063593432969
VRX9705,0.5314849292168864
GPE3631,0.23835442828672732
JOW9926,0.8503949407071274
VIK1863,0.6427087262454458
NVL6534,0.5671056460206787
QHG8919,0.16483377075153716
WCP7148,0.4714307279389194
TLY9214,0.34355874293212235
DJK3149,0.5879239923826327
FEZ0727,0.50110741864729
YOM9469,0.5411387929015488
UBK5070,0.49802363296740637
AAS0547,0.4771240434710642
VWD1732,0.4179437690980955
HIY9904,0.4758685175286721
BVQ7153,0.5973415294063503
LGY8368,0.6644563047948034
BMA3899,0.4440280773637223
VVX4694,0.2020957009171901
IMK2918,0.5812345256262959
YUZ6270,0.4302750537298926
ZYM9424,0.3764277116345609
XRJ2315,0.6827475670278775
IDD7799,0.28601015250913636
FRN8579,0.34702983610085525
JHU6135,0.5189001693417098
VDS1337,0.6040174149631916
PER4129,0.3668047154807557
RUC7755,0.5460487454673773
NZN0284,0.7163512233845886
UKP7195,0.7562112835731893
SEJ4725,0.3911042293784903
FTP5392,0.6529954186763274
BOQ7717,0.6756541638854772
JNM9386,0.7678384307121685
UAJ7272,0.12191730798625364
PRI5009,0.461328164198201
SHM1712,0.31533128623713136
SWO6965,0.5713855109208898
KFB9546,0.45618540362172394
QQB4653,0.5111717620524178
PHA0404,0.16248687709658544
SSR4486,0.34748760590530586
UKI2868,0.3190199401627939
AXB2199,0.4410298052265096
UOS7094,0.672203691133741
LYF6455,0.4192140201874701
LOS3155,0.48114599617872367
AXQ3876,0.575045339965538
GWM1097,0.7290348283263648
ZEH8158,0.849161443363208
OBD8591,0.7130695592181763
MLR5938,0.3667313301133084
OCJ0092,0.564978432048216
OVH4365,0.7570196949150778
CYN9635,0.5378155629947139
BMN5555,0.2836434656890528
WZC6296,0.47214890414798355
DBQ3455,0.33338745938391656
OHA5515,0.4099155542463534
EHX4627,0.6941601296481025
LGJ9688,0.3738997031303197
NJN8094,0.4756846084702888
HRH3000,0.49035893634741756
THR1355,0.3646117337379151
LCC4833,0.3849475994147854
KZZ3219,0.7581224734842924
SYH8984,0.3670823249539569
NER9898,0.12020559443790033
CJD4837,0.29098369468956414
NKV5527,0.6114774327949237
LKS5211,0.14953147216238552
IAF6833,0.40834547595419945
EEU4202,0.2614309368166309
XGW9909,0.6111273440383271
UPK2830,0.106383687668297
LII6921,0.3865768107999645
BDH0866,0.3569627879453059
IIB5822,0.3715888661640757
ACM2835,0.8332185782277557
FGH1485,0.38102370017165277
HKZ7723,0.48189840164245346
UMU6066,0.644461072701197
HXY8339,0.6130547754593065
XLD6579,0.3361797535155284
DHQ3602,0.45090358052138313
HBU7419,0.23856569817744422
HHJ7156,0.48521183355620157
LBN2287,0.3683357325747153
QTG3237,0.4398018758878925
FXH4110,0.5122348189242327
WJG4417,0.4010781942725278
RIJ0802,0.34790340574807066
YDQ3107,0.4658270231630218
UBK4003,0.5451317295224478
HVJ6067,0.3930120511908602
LUA3795,0.1127033606591968
NUI3132,0.3065155816832751
AJM7387,0.6740566949771285
AZG6236,0.317162213850002
BSI2619,0.6229093993780046
DHM1013,0.4658354164580017
XKD9271,0.1980108286393804
NMU4177,0.4314096688500102
CWJ2732,0.5691838407764869
BTH7777,0.3431861730346242
IIN3898,0.6373891612442477
YZK9083,0.3212954273195294
SDC0837,0.5947724824155012
FWI2945,0.26070688971563527
OMD5376,0.13537250559722247
REO1188,0.3436047812995844
FRM7796,0.6573835610438861
JWH4432,0.3950024348849801
GRQ8737,0.37538367258273264
LVV2133,0.21890158551351466
QQB8724,0.2391641618450493
YUT9546,0.41073652475704253
WXC6361,0.42145517403585897
BHY1451,0.2725411658317111
ZII1542,0.4504468377207015
DOO9843,0.8900453473896477
RZK1351,0.2706579538353345
YYM1312,0.42162498795156933
MMK7965,0.7099329894800626
TTU6295,0.7387065692832331
DAH6958,0.4347514299081836
PCO8490,0.8267588757392061
DJP3433,0.42934411432760694
OAA6548,0.25279783461658956
SFP2263,0.5098743185716386
CJT7713,0.3102717255575952
BJB0699,0.5093409429471518
PJF0726,0.20779098548298006
HPA0283,0.4563245413869995
ZJS3044,0.6294435075403252
OPN6394,0.24227633574909038
UYM2119,0.21773145943669406
ORI6815,0.43956482666295205
PND7208,0.4651366276014578
HHH5760,0.4234638322325702
LIQ5670,0.5377256790888018
QUB2406,0.47475186367334155
MIY0143,0.33296612360886696
MCG8811,0.6112467021541909
MHW2096,0.48029650631782106
LQK0997,0.5225228423979098
OBR4658,0.4780411325846561
QZJ3393,0.6245163093457679
RTY0569,0.14750834917677547
YOB4544,0.40739196880358863
QAL2426,0.5664671009254025
PDU5166,0.4731741778459625
KUU2207,0.333921773563707
NJX5033,0.7006486896010937
OXK7667,0.42819183087932144
KLI4744,0.22849435928177647
FES2855,0.5301344163239827
ZAB8325,0.8487144383847349
CQC9277,0.38170176891836094
MBF7782,0.4118142751450325
SZZ6788,0.6196114400970897
SDR4540,0.3831413795767209
DIL7710,0.6683774164636475
TKN4878,0.6947128733886964
XGD1675,0.7662790314682623
QEL3927,0.19870955526949757
RTY6219,0.5547833873510992
WWJ6659,0.20709798845263905
ASU8300,0.266420890814438
XYB1679,0.09951439968718104
RBU0914,0.38925191275161225
UQV8798,0.379851232121432
JLP9320,0.3926573189572606
QWQ7004,0.43216174872989144
JSD5400,0.32315065628833667
WON5434,0.326250307223379
YMT2795,0.39376356344681746
LIB2206,0.6270336136050458
BCP8558,0.7320562874344578
SXM4193,0.39491521596631196
XNJ3271,0.2150848117732872
WXC1747,0.37229487162475056
SKX5603,0.49176156038550667
AAJ5590,0.35622327038411017
JPT4045,0.45667578490633876
TCX6417,0.33107327385689944
NND5256,0.5050990117470282
AWM4830,0.4176807859071894
CCO2782,0.6574637563336375
XYB3729,0.3043643182398168
PXP3498,0.4578242728836681
XGG7955,0.7177127774324248
LYJ5084,0.40341173480635356
ZJO9311,0.2441881531146297
DHK9700,0.28922912481011875
XVI2143,0.6883636707553275
WBP7682,0.3766505181472384
UVG9357,0.6443227176246127
FRD1898,0.32432768032334525
VQN9954,0.2204550221632658
UDU8569,0.7116901579591863
GIS5379,0.44449457005752335
AQL5845,0.7275799336466231
JDA9258,0.4764825306121256
BIL6692,0.7748801848907243
WTD8139,0.38871861007748326
NNS8064,0.2842521512617659
IQT2995,0.42886679240418835
RWW1032,0.59430110200913
KYU9106,0.5318545254451157
PJL5141,0.3877412333175114
MRF9734,0.4973639728383018
TSZ1464,0.5696110315679581
VOD0368,0.5421110735434937
ZJO4648,0.503816082370414
KUF9356,0.3147950622905201
SHA2863,0.529056636399667
ARZ0060,0.31597917198391445
UPP9315,0.5110027737461331
JPH0891,0.2588608059904033
WJC6264,0.5027581398646053
XHB8908,0.33303340347749766
FGS1465,0.5558240692086571
TNN7189,0.27290808490855556
GBV1525,0.47464848482259075
UNM3035,0.49618326906385324
OTH4354,0.45836899682375853
MWK9161,0.5756609343112551
XBJ1523,0.5920303891792161
OTQ1307,0.7469298647882712
QUI8859,0.7027825848704212
FXA1974,0.36070051652511537
HQZ4083,0.28627268988682186
JRX8081,0.48211075011115656
SMA9339,0.4553471426588057
ZRV1847,0.5353037206119391
GSY8940,0.42482472987237535
HDH6951,0.35282437097883185
OZX5767,0.7069447267864483
BKN2732,0.5482558206641959
MON4409,0.5360401294744296
VEH2084,0.5558699810019806
OXR2175,0.36505692691212727
QIT2040,0.47554561839573384
NDZ7253,0.6010224201163761
DGN1477,0.39029987433654373
XKG5616,0.34943373414922035
GFT3859,0.5705051360852442
ZEG3074,0.3593001094152729
ERC8823,0.40293685911983534
ANN1757,0.7909201462517252
HVT1416,0.5173702564888434
FNA5079,0.3582157439256724
YTT3689,0.14588349292150687
ZRB4114,0.7473973193658158
LKC5167,0.7170264811214622
QKO7079,0.4868039442927089
NXS4393,0.3436094081137617
LET0397,0.49765991121707004
XVM6189,0.4723576326941343
MDW7993,0.37151473358718656
YFY9264,0.4287056621853542
MFA0286,0.3191101760818691
TRX1943,0.41063525108588694
AVG8200,0.423061407380079
ZFJ3116,0.6571353444478936
DKB8692,0.6531008181985674
JEE2838,0.17858596783248773
EED4838,0.2380949243850124
BPP1288,0.2907386983363819
DOW2822,0.7087293384613225
NQI7015,0.72158077823381
ARJ1652,0.5231608171474784
MKV9833,0.6603857884291642
BAG5364,0.540020295387531
QLK0972,0.3538637864899318
QBM3534,0.374406343333361
XXO5042,0.31302347285296167
BWD4481,0.5559896194596907
DUE1526,0.39490578255635017
CNP6504,0.35065113818390975
UDL7915,0.4574639577074368
CTQ7672,0.5588001719293314
EQY5043,0.26611480465715354
RLZ1107,0.21999952109766918
DXK7889,0.7410511867671818
HOS6888,0.274213892300451
WFP2253,0.4950219381550475
ABK1979,0.2013594552241094
NSB9683,0.35301688421607424
GQZ2156,0.3759242260561746
TNP6583,0.605291732867431
UNX8157,0.4962793720617892
OPH9058,0.7394813491792162
ARA1083,0.7371853004065583
CPR3859,0.330749184947728
DIT8983,0.5931627597272072
JXX4274,0.3636162730041693
DGQ2285,0.7317629401893712
TEO4197,0.3506758377318648
VLS2232,0.48669362534177185
VSL3471,0.47960501413040246
VKV3009,0.45125265356957994
VQG9824,0.4304605331899271
UDZ0523,0.526619929164728
RTZ3365,0.228854859217346
DUM4265,0.4480816105976191
OCW4594,0.5069858227588309
PNY3340,0.6532202920823643
TKO2407,0.4870654375021245
RBK7640,0.35630397383510237
VWO0656,0.30126833049380186
PVH8216,0.4027702051027924
PFV6207,0.6826445559479917
ARD6927,0.7383418706386318
BXX3179,0.19233227945059023
EJA6722,0.34619332574648526
RKB7690,0.48838148272999016
GSU7345,0.6542461983336528
MTF6536,0.3912706047926304
EEK1731,0.2830419968314397
XKE2034,0.5772127119170729
XFZ4451,0.5485139811103623
DNV7450,0.17996248129327916
DBM7804,0.4472153133159866
OSN2115,0.42162286141666566
DIE2462,0.635175050727137
NCR1938,0.567180254675929
SLI3385,0.4453941212377759
IMV6618,0.6518021972144779
MWI9236,0.27399410720031064
CPZ7415,0.5516938480180388
GVA3046,0.4094903446622608
VCF7450,0.32094027226212063
RWR5955,0.7500637203358309
UNR6482,0.47728140199292207
ZSW6504,0.49289172853550334
WHF7797,0.2787791687770712
JRZ1587,0.345975760144932
WKN1856,0.6655667885768115
OKO5198,0.5748464608524326
ZOF6714,0.5765859724096856
HOV1633,0.3526093341966072
HHL8001,0.22515652887941007
KSC5408,0.48809364603280164
RVG8305,0.7031368101001838
PXV8041,0.4735354202926275
JCG5205,0.2064944130616629
EWG3114,0.3616424385305375
AWF8804,0.4951884018017346
MRI9171,0.24979953400420785
BES4026,0.45696783315196055
PWB2790,0.2349407862773208
MKZ4027,0.6852797478124513
YRJ8304,0.3142355989207307
BJE4168,0.37615625651719165
WJI4276,0.33392926217819374
SMG2272,0.4463502688830656
SBB1777,0.5472752694491408
PQK3153,0.5203102147632147
EDF5544,0.6206077570885531
NWV3159,0.4482392266455728
OPH4418,0.515020623506343
UVX1686,0.4164444058852061
LTL4424,0.4499802258329988
HTP9675,0.1474722945236034
JHE5718,0.5185400039231571
QWF4463,0.35081061805313474
UFC9328,0.41104928933188345
QWG8477,0.710390812471241
FLU7651,0.41299536050052466
HML6971,0.4081152823580301
JCO8536,0.33287479810890286
VJR7001,0.6757247647503035
HKE7026,0.3501899273895439
NAZ5847,0.3950976495662536
DLH1235,0.44400665382953397
VWC1889,0.4557415586897011
LQG2414,0.3360200278970199
BTP3447,0.4572459651378129
NIH2856,0.6209630418308363
OFF1083,0.44734353446206687
ZQA8799,0.7323154972174366
IJK6751,0.32156322206525567
BOB6176,0.44682991578028386
XFP3339,0.4445344467188442
TAS3348,0.30737852331612947
BHN6210,0.5466242976252094
GNW5149,0.588575755759244
VVH8291,0.5959350327151121
HVW6558,0.4807291393773988
LHP6615,0.3442651355823414
RNJ4226,0.531058158786629
IZN2011,0.23171827025114544
SLM7035,0.30570916139714666
XQJ1139,0.5075401262471317
AMJ0335,0.6699243417301153
SIB3087,0.6106762089995371
NLJ4328,0.31004559455990754
LUL8746,0.43216699878436227
XTZ0050,0.5303077183221858
JVQ0976,0.3091338223295592
ELW9308,0.4001874800568167
QYH1973,0.4004693733409963
AAL6035,0.49003631714955137
EQI6267,0.43204775456673683
ZNO8211,0.33227259611552384
DJG8036,0.5012453754352701
LMG4322,0.46093932676226823
ZRB5371,0.40177292439282875
WPV2188,0.7379686830361813
PAP5839,0.5059938686837595
VXA5180,0.3180562362520163
GYS4742,0.3378584877400289
UTG8994,0.42268116557957924
WZJ4218,0.41148235438895037
MVR2420,0.2660761435792781
MRB5680,0.5319597046397071
WNO2118,0.5303391165797552
NGV3962,0.2350226483545464
HTR2914,0.5840735021056069
PKM7354,0.36956539199971417
UAL0916,0.44809693819705776
TQM0482,0.4423516221568248
ZIB0347,0.4159510309613087
UYN6870,0.5901047450793189
GRT4611,0.6348111281280188
XFY3621,0.7491063963987028
VFC2623,0.5291921455702118
WZF6184,0.653301086655416
OOJ4678,0.4672761082410154
RJP5764,0.3886563616335652
AHZ8000,0.7188786035301965
HDE0780,0.2047669903466428
JLW1736,0.5334395624220751
AWU2812,0.6139965836997929
AGX4063,0.4143886628890334
XCL3451,0.5313422478296126
OVB6800,0.34483308764664933
IXQ8744,0.41250610384649616
EZP3118,0.4065826335281401
QWN0794,0.8047053866548678
VEV4096,0.47350286186556445
VEU1076,0.5551555396862763
YDV5701,0.5986252729006327
PMJ7354,0.4207274056784188
LSK0936,0.5465317895419036
OWL8934,0.4975870961859242
SDV7836,0.6120544804432599
QIL6179,0.25626685535287264
HSX4903,0.5651445107844704
XOU4343,0.3835038004548029
KFI1941,0.5891510881986931
QJE0535,0.5155284460768532
SLE6915,0.22909157290321674
SCO9217,0.3595225282592426
MVT7781,0.553813405198787
TMG7575,0.8128663313405491
IHQ8441,0.4861274844282202
HXB2178,0.34495537488348954
QGW3324,0.7951359289156188
ZRV6802,0.4811287456842668
UQN6219,0.4821709561385783
KSO7707,0.3336020757970163
LMG8449,0.2522024609096021
SSY7236,0.47421501919684844
AXI9652,0.4290977227442553
JWO8793,0.20954792746960135
UUB0607,0.5014620277584646
ECD6444,0.4188416563989693
BBJ5618,0.40740396273806356
MHX3291,0.4287662319489799
PZG8347,0.49713731899759384
UKO0197,0.4747884303722604
DYK7152,0.34859400931232565
DWL1376,0.4904999835702486
OMX1967,0.46312313656299436
AIV8783,0.47931846373583664
CRE5923,0.46329303326004656
HIC4011,0.44910544053985463
HOV6112,0.49371219750853995
KBF3850,0.40830126817467327
VUI9301,0.5280797710396876
XWS7934,0.5036513509783269
BEE5677,0.35522576925020205
JSY3976,0.6701292004145668
BMY1563,0.6815928316623625
HXQ4485,0.7384262582641815
TIS5890,0.46363982731120673
FKX3159,0.45428634361094755
YMK9880,0.5088846884844168
VCD5495,0.4914219949791806
FOO0472,0.5961704226301037
QZU8396,0.49575090107159203
HTC6808,0.20559752064485737
BYL2752,0.3093538445527937
ZAM8218,0.5599667449054612
IXN9654,0.5291599651942263
TTL5403,0.3251983108088039
QYE5349,0.6544951972244697
EIC7153,0.5984845055034529
XTA6550,0.5873958215819228
LJX4501,0.21914074782832937
SQP2640,0.4979042663435378
IZO4596,0.4241642126675228
FWI3799,0.641915375785796
AZU7246,0.5415820746450486
ECB5710,0.6932115206159529
BQD5122,0.660779341924861
UYU9430,0.3182466677206057
PCK7063,0.33947968658216343
IEN2498,0.48939484245073905
TNY8680,0.6977792243146967
UCK0106,0.5087649220256734
AOB4977,0.47848492915392926
PPE2382,0.5607231351941669
FYU2252,0.38954253907934133
SIU7145,0.5208537694922719
HVR5096,0.29580673319178896
OGB0163,0.6830313072417264
JRS7729,0.18790903662116512
IGR8562,0.3114589579384749
JEX0834,0.3676657131008914
TFN6722,0.6587208105828678
XKG8280,0.3389556780293485
FOP8068,0.47871892897226187
AYU1495,0.5114746399754004
VQP3744,0.35356647543029535
NOC9056,0.36059934049211984
DTA0824,0.3996585685216438
NPD9854,0.45468162398899303
FXK6082,0.3041611096588943
EIN7977,0.14609836831223066
FTW6027,0.7192923143799536
KBR3556,0.4441557113129297
EHC3947,0.24629690188428754
LQQ2433,0.3774711844019515
IDG2104,0.5520468729850663
UZF5415,0.41141582494397744
MBP8060,0.5663079381070615
BEV2395,0.286813664055105
VSU6747,0.2440721577771694
BCL2284,0.2975012123875138
RAZ1360,0.39495517292416454
EWY1556,0.8227573301594759
NNE0522,0.5914624600128773
XQM5627,0.1898732533520036
AOX3558,0.6987594585726187
WUN9170,0.8516300315044543
XZJ3149,0.2000807979239118
OKL4921,0.6397510634432252
IZO0258,0.31967555176304874
WRF2650,0.6482347806482498
YZR0011,0.38121533273632835
RJO4245,0.7332204403810878
CRM2675,0.4364854478279612
DKL7615,0.4968768377497642
SQG4906,0.5431976401692491
IXO4087,0.27567670735413907
NBW4124,0.5729413004541988
SJN3966,0.36073532452315227
KKR4361,0.37161416795688457
HEK3882,0.4496539634380746
QOY8848,0.3140030131992625
ZQV3715,0.14226461495779108
UXJ9385,0.5012721571452372
VVE5601,0.5223444736789813
NHI7594,0.5435565584647406
WQW8250,0.5340551017512983
KID1021,0.35394972885499487
MVW5606,0.2781740415186801
VDJ9872,0.595018921408112
TUJ6907,0.3415881365540049
KVD7026,0.3515580495012429
GPM3013,0.3427638747442666
YPX1846,0.26728098931372835
DHB3654,0.8124324291548579
XXS9902,0.2678447678689539
IOY7072,0.27745279824819846
DLS5038,0.7407449494262747
NLD9930,0.2266072378923684
APM7094,0.6630176277879758
UFW9487,0.5494361496711839
LTY5277,0.5953459198994105
BNR2104,0.5536785239352477
GXQ8493,0.40830630221022063
TXJ5088,0.7678824653780181
HRQ6010,0.6701360550803744
YWN0709,0.4506581539983018
ZXE9454,0.6069546022416545
OXB8970,0.5254296504845992
TZV1176,0.32664234102307765
BTP3681,0.46422208988239577
ICO3585,0.546197019350096
RDF9417,0.6944177306785619
VHF0605,0.24387981042501017
IAG9096,0.503418246708774
RQF5460,0.593976230941446
FER2233,0.4080870984224815
DDX8572,0.19043749287322054
SXI1042,0.30438133870312045
KTM2552,0.24324228368719092
LXB4245,0.4904641585953784
QYH8445,0.6876993375479917
FPH7362,0.4596475423812372
WMO6968,0.3713979579819723
YVY9123,0.6993188149190004
PWI7008,0.2623785402352504
EWE8647,0.5448645044830812
UGH5821,0.506948391013132
CCC6358,0.43789271913814376
NJM4224,0.34527025895782254
JLN8569,0.5051474172759596
SBS8635,0.31394183727934805
TCK0667,0.33488281805331865
TTJ8073,0.25615462881624174
FYM4884,0.344637815338806
BAH6808,0.2066990014998104
SMS1066,0.6524314671549305
BZV7110,0.3779895502899114
QUC3244,0.25401877628001795
NCH5512,0.5454467193407144
MWJ2009,0.30304937129438186
LMJ6900,0.5419652851480665
NRJ7601,0.6680702071881086
XHN7398,0.45603039777991017
VVK7366,0.3978633749105913
OOJ7340,0.37111304511710963
ODG4805,0.31901535785111185
TEH7221,0.5293053731999121
RVA6521,0.5255251524254544
LDO5407,0.5607007281398092
USN1312,0.41206453376587304
JPE7604,0.33125216169797034
CWI1855,0.376061439953178
RUG6092,0.4082712293817018
YBW0147,0.6260183709328409
FOL7863,0.35374207026321286
YFD5576,0.24562877316181347
UMH1775,0.28988151127374523
ILG2801,0.6099108304470016
IYC4401,0.5917319315506293
DGU6130,0.23602316805866427
GXN6308,0.08929222484839647
VVJ6567,0.4226088196199298
QGT3401,0.6956384257088015
EHV5543,0.5802080317776754
XPH1693,0.5699702827525854
XVI6143,0.21926156341735747
MVT5363,0.4805369177077345
BJP4782,0.34458442385006566
VEI6692,0.5347307113672013
LSH8066,0.2566531214310852
OES5230,0.2175507500135389
GUS7697,0.485711614923734
GIZ4545,0.26946962335091573
YSJ9267,0.6406646514864944
LQM2884,0.39424022798299185
VXK8098,0.5037009172717367
LHQ6161,0.2826516042880597
NIB7023,0.724921501211083
YGT5746,0.33986232907399627
OAN1929,0.7332914004805599
RSD3480,0.21195134563703788
GFU7927,0.32648584864492103
QPX8297,0.3176521852797479
MDE2942,0.4953392038136234
EMC6814,0.5001692661410897
RHB7538,0.5907808253532556
QVA1519,0.7060753727721301
IYH6561,0.3637059361817052
XBT4342,0.4373613032510191
WVS5347,0.48556225626979277
RYC9887,0.36498750549354186
OWG0725,0.46082975384265
PDQ7527,0.5741440978440246
AAA8650,0.4652954959120843
MPS1872,0.7313420977343958
XPC3180,0.5612238134687839
ERE3203,0.4369624363886775
JNS2424,0.7803239295475717
QIP5472,0.3611243893464421
KRI1406,0.43797801300428324
LCG0245,0.16204601547120046
UGQ3179,0.2520132336345091
QTL9465,0.5939128287979774
WXX7131,0.33350946239851864
UBL8285,0.39563349236220774
CFN7090,0.3994433343447894
TPW2557,0.13829470791435383
FNI8664,0.22419153174998013
PIO9382,0.49401318826360185
CCZ6527,0.650875651228382
QOK1729,0.5606889736814427
DKE8863,0.48013901010838667
CRV0203,0.7435116596414453
ZNN4201,0.420669936380758
CDV7774,0.5100400551254569
EMG5794,0.2928090622432309
WNJ0629,0.8015759571585246
GGP7119,0.48749210419094496
PAH1172,0.48146089937941006
PJG5643,0.509927458513906
IAM1828,0.26959408885802216
DIK3154,0.4577872998515409
CTT5887,0.6234424916174487
PLX1043,0.35760840406282235
SIJ6453,0.5025401557312034
UGI7847,0.4724582937180282
KGO6514,0.4338142620831883
ARC6739,0.2928400827480043
YAW0653,0.420668113031723
YQM6980,0.4490664036071766
HFE2279,0.7912013075168496
VZF6216,0.3918420613372209
ZCH6489,0.4555220622345968
TVP7259,0.2726348264864905
GAV1656,0.5639990347586624
WPT0894,0.7263986771060245
YWS0422,0.6166099145386675
XUK7427,0.3664096673942135
HLU2704,0.21125084123567126
YFZ6065,0.46893204921071974
YPM4038,0.42852595575198055
XLE1332,0.30196293058473617
WWQ9108,0.21581667248757674
OBA3645,0.9133222018851892
GUE8114,0.6469672118990681
LDI5459,0.5920349975123851
SIJ7030,0.4135453911779675
SGF2166,0.47941738423954816
IUS8573,0.5499592247199063
OAV3919,0.4242983575623219
NSC7363,0.570632221653959
BPV9497,0.3787506802026228
ILU0718,0.533424922145715
QDB3206,0.43533090016909354
ELT3255,0.2861973805486082
XKQ2938,0.32480925039334824
AQA0422,0.6438734244806172
PLP7326,0.2351683393598345
PLY6486,0.3390662233815217
TXV3058,0.456530759954646
HZU6833,0.8817454695563426
OYN1376,0.28643321738389327
RKZ2520,0.5423927759029672
VJK1168,0.5834375286459849
ZBV7530,0.5989497960945449
LWZ3926,0.7005803436370678
OZK7168,0.17122841703645267
DIC4454,0.5436855878391011
AQE1099,0.33948017833015054
FVI6751,0.64097510088442
JHS9927,0.6265330206109323
DBB3746,0.5549606542987573
CWX6774,0.6062028719626817
JXD3194,0.5766035091873957
EWS5489,0.6272991815069746
YOO0895,0.14727248479945
QMM3659,0.36801704169608573
OKZ7721,0.5418153733694229
MZB2572,0.5466902787866886
JWR7273,0.4288513739390357
JVR1502,0.2511619597602631
BII5034,0.14572215584434298
YST1582,0.5079250780912904
FRZ2719,0.5549248861291632
LJL4583,0.2871880850405826
IVK1262,0.217865333646307
AGO2014,0.2474373961114407
VOY4391,0.4850589963060258
DIA7288,0.7850487991687336
KTJ8937,0.556991091582727
GHZ6620,0.33387604378874797
EIQ5825,0.26506087468683337
DMT3024,0.4509230931000895
NSA3551,0.2639103918390399
HGA5858,0.3929473510453085
SYY9291,0.32152086867069113
ELM2280,0.890279197821165
OVQ2692,0.3017876880142303
PRA5342,0.7983861859259325
FEX1797,0.5949837327615627
UNW1268,0.7808141858796402
UNF3809,0.47408515232352605
AGW7178,0.37182992431472717
ZRE1357,0.4793501663766365
IMT4399,0.33409502176834455
MWK5375,0.3741875901534839
QVR4912,0.6762120614306235
CYK6709,0.4633896926855309
LJJ2126,0.6366636999641444
RUA9027,0.4725923362553669
ACA1080,0.5575596353940828
ZPH3170,0.5209015906185428
IDM4207,0.6322269238360523
ZTP7739,0.15035546632433655
YDV5815,0.818669086320387
BQO0017,0.6533663121810871
XUA9984,0.6745642432935028
INW7958,0.6362493623970986
KFQ2870,0.4142760280569209
KOY1613,0.366249090441822
YCT7342,0.6530879011533619
QQA9782,0.4101193486960387
BAO5422,0.5505531237605222
KAS6278,0.4518191062374979
XNS2468,0.37655368746825524
VIU6714,0.5017875366856548
SMA2660,0.56863704934564
CEZ5920,0.10749893062091387
JJX6153,0.5372451166410657
ZCT4811,0.628117816582443
ISM2735,0.41402404358194356
KMP9746,0.4167326189610274
LLQ4055,0.40093047042292745
RRF8912,0.6068654648829828
QBW7406,0.29178066973212546
OJS1596,0.8087527185362063
RHO4507,0.5319244763365043
LKP7516,0.23873325247606092
XZH6228,0.6562441815498696
NAA2800,0.508697137219678
BGZ5066,0.509932995785616
CMI7750,0.5513382615772815
UWS1232,0.8264532244938788
UCU1562,0.39096191202959507
CXZ1451,0.7198725408705069
XZI0704,0.585048549395746
DQZ9741,0.7373464325980743
HHO4419,0.5418412682879724
RZA0154,0.35644431603904614
XCM7012,0.5431638031909674
SYQ5872,0.5604618732397617
WGT9197,0.6644297895702477
ZPP2318,0.6815604723663753
YNY5682,0.554503116435205
DTI5849,0.41251309432974403
MRL8735,0.5222585520893033
NZT5187,0.4439475070179657
HBD0405,0.42987858789176425
FQS4223,0.22479885676237615
OMN1338,0.49384773281936145
TNK1463,0.3723065865503997
WJW5789,0.4161872988604661
FIM7054,0.5961705363354398
FBZ6525,0.41425879983896013
ZFM8609,0.4758465627916554
DVS8106,0.5205568547215116
WQG8515,0.497383865190538
XMX7499,0.4755526913375456
YEM3557,0.22440738854820233
VAN8479,0.4381628017563577
EEX1705,0.1836964348248151
MLP6187,0.4924141994026514
ZZT9034,0.3631649075377354
PYC1906,0.3551098221428689
XKX0417,0.4091004946760163
IKQ1892,0.871585290571372
JPS7984,0.47286537908097814
YJP4939,0.5491372870874204
QLY7451,0.302224903166265
CAQ1761,0.2902718972373639
RHS3194,0.3158136435299529
URH2223,0.5384200000985813
EBV5526,0.37939042225859876
VPE7690,0.09329448345821717
MQX2555,0.5100306937045911
LGF8647,0.3752504535333683
ZZE1862,0.4524864415804596
TEL1237,0.35158361422036505
IHX5741,0.5196121219223867
QHN6664,0.48930403315524595
WIH9047,0.7296843736040745
SPR8036,0.577949261983161
XLY2971,0.35159878496673835
NFX0427,0.2013963925943068
IUO5128,0.5134515099677426
ZBK1450,0.4481468478601065
RIH8440,0.4612487170334578
WZA0097,0.3364771060860483
ANN3748,0.5975300027785575
BPC0427,0.4607848738072454
NCR6054,0.7076178245739784
VEV1335,0.6326799977416868
YBY0166,0.651163201060899
IEN9002,0.36886632037857964
EIK5210,0.2968538587445838
YPX7615,0.4457357499988521
GGN2096,0.667174145179211
ROY7283,0.6190803745219744
DBD6207,0.547521268093415
YDH7665,0.2263931553507409
PTU4988,0.40433057089296
HNV9512,0.40372681774736163
AJD4806,0.4179299172144153
FYX9557,0.37472248201682434
FWL1743,0.5673103878957297
OFR8910,0.7764864707553758
EPU4284,0.6098934319154548
FSX1358,0.19965332967241461
HAA2935,0.2650151392738248
DSP0219,0.2895474451611103
FBK1277,0.43455751783642954
IQQ1006,0.38081424500611893
UGB5004,0.5822730167622394
LVR9175,0.5445372563283164
KDB8963,0.3732955491667749
LNL1742,0.6321764176234406
DXT3232,0.45245752835141484
FWE5809,0.40316097682263735
WTS9172,0.6208505068596115
YWE2221,0.5959213601976449
VYH7939,0.5507828354107118
CDH8864,0.6297715637752512
XLJ2088,0.28599140423299163
IXG2936,0.7223095109650308
SWZ2844,0.5025120616075597
AFK3912,0.28381775294950373
GMR8075,0.40796871459867845
JKS3370,0.21684961621814752
QUQ3329,0.6515596984516219
CTY1175,0.5313954849140204
PJW6595,0.25774175138282535
FHG7478,0.550002669307283
PDK2198,0.45453527389074916
TLV8472,0.5113456180766246
VSE1384,0.3731890931507521
BBA9440,0.5779479200685538
ZAZ6128,0.37067711198605713
ALO3534,0.37674943383971277
ASR0646,0.13904678302514462
JCY7418,0.3255820378672695
JEW5959,0.29516733351623936
WTP7859,0.43643866243265
AVU1700,0.49547846181640476
YYU6072,0.44657917455649404
NKM6522,0.742731282832948
MWZ9346,0.31376978715465625
GTK5704,0.37069522986389114
BXV7167,0.2301799921182831
QHC3452,0.23190893737682491
MPG2391,0.552630879757751
BNA2789,0.6701290510651352
MVP6799,0.4397438171410259
CIW8623,0.23658166824629454
VPA4812,0.46825795426926964
XOO5653,0.5305393520976704
BQL6282,0.4722975275080188
ZKI4872,0.4543092321547677
DCP6169,0.13511797472260864
RGC1823,0.416741073188326
VHU7518,0.46668848665056284
RXK1646,0.4107719057109527
IVV1740,0.5424555344444092
VDF8766,0.6438321530135849
JQK6477,0.20890046981946067
UUP1334,0.5531689721851443
XAP8677,0.5969071202852276
MQA8873,0.314835604519601
RYP7886,0.5415246142324582
AFW6003,0.37634942482570544
NIF1838,0.3729769409157958
QKY3033,0.5962754340308993
MRI7916,0.32406673894804483
PQX0971,0.39480063449465386
XQB9992,0.7914224957941283
AGV1957,0.15823432847544838
VCH3197,0.684009931096372
QLF7152,0.2965345732022445
GRR7219,0.46084436398568146
SVQ8097,0.17248282501081758
COL9431,0.3759672333237276
HHB8171,0.36746169332718626
BXG5131,0.35464832496868737
FOF8111,0.41962199433184133
RTV2240,0.4844808878923052
LIJ5511,0.43351223509327885
KMK4275,0.5945584006438589
CPY9285,0.5308787492560065
PRO7683,0.5393991805496186
QSM5588,0.29622503597947497
OQS7196,0.4395662572702665
TCA1389,0.4707349669307116
ENI0173,0.3942519259076573
EMQ6425,0.423725204477855
ZLT9131,0.7096270545759975
DRN1504,0.30653333729276677
MZI4502,0.7875400681039393
STS6672,0.46892116343029
WGQ4961,0.427329146519706
PHS4900,0.6047656964135695
MFR0763,0.4052746073062279
HJC0056,0.3223667022886623
TXD5361,0.2626676724535544
ZDI7351,0.5095821966820095
MJC3046,0.504690304791285
SPR6183,0.30869755009375066
MXO9018,0.7741051489621953
CUH7592,0.21485723564031822
PQN0513,0.341001725430927
PZO4069,0.4846370417872788
TNX6536,0.6107459379498409
ZXZ6487,0.34777388684260696
OEY5873,0.4256598577543763
EPM0672,0.5931877813364742
UAK7607,0.5603948932981564
PUR4801,0.6945030214203249
SIZ0903,0.6882682802935418
QAK5501,0.6722993492748981
ERQ1003,0.29531458823414103
JHS5395,0.23575174568183138
FOP0128,0.7027420522926864
CMF5213,0.5871004166204601
QON0449,0.5769190762401026
ERS2335,0.43974086952433455
ANU9281,0.6017249827506974
ILZ7555,0.6895194279601451
MIS9792,0.18273776456052557
ZIQ7762,0.38047076338794644
NDG7924,0.30191609243022943
FQG8979,0.5515520807193506
LSZ0654,0.6015354443362342
SHP1082,0.48566249914140935
WIM1278,0.5507978949837596
AUR6868,0.40376174095708284
XKU0997,0.2703261303008885
VQW1327,0.6179879423904084
DSW7214,0.37024408061992964
ZOV6208,0.4659557390178014
PGR6688,0.3399851832934335
KEA8009,0.34593144592835157
LNC6328,0.34402949359272783
GMA7529,0.6114785544102965
GUY1739,0.5995164618402633
BQS3910,0.5948201097354593
IMV3273,0.4411016727058521
WUW8672,0.70774688970029
XZZ1931,0.40865025586388154
JVK1763,0.23137278291276028
QQU7584,0.32606573426903246
RII1341,0.5428500942401373
ECF2001,0.18775204688087332
IJH8267,0.7560063103373318
GJK5821,0.6167876092514052
HNR0653,0.6902878717801357
ASA2572,0.5036165551663677
JAL4562,0.7443390608850591
KXD6314,0.538496295311066
PFJ2186,0.23865394969810366
WES6815,0.683639064628337
PHS6750,0.1658650811175485
RMM7844,0.33677891552431144
GDC4179,0.370614871302406
QUK5788,0.3842625169425157
GJL4316,0.7578707273418714
OEC5147,0.8436653659591054
HNT7828,0.46404017680423654
GCK6333,0.38040470638330914
HNZ5414,0.6514902869821637
CVK2844,0.3471048770407818
MRZ6686,0.28579939860503273
VEB7548,0.4153885866727567
ZFK6222,0.640512068190839
TCP7362,0.5698455364294919
AEX8842,0.7418677490195169
INS6906,0.20173891590129944
XQP9889,0.2179873536450943
FNH2173,0.5043558309152412
OOI6909,0.24036541212292217
IVU7217,0.3512473443912253
TLQ5774,0.829650698572796
OJA2961,0.4551718999439168
SEH7834,0.7086111760729352
XKI2459,0.44646373660487515
GME1877,0.5490283742827302
RKI7230,0.32896947947585886
CFQ6408,0.3743901593333264
XMG3875,0.2237151248652045
HXK3423,0.5219998389029314
JXU8966,0.12173686606124245
GAT0080,0.30057682014991904
SXJ2606,0.46642739448515896
QSF2441,0.4154246975659557
TQS5006,0.571554909110143
DOP1780,0.27796061356514556
ESM6222,0.48118579662695005
EKA5363,0.48492431991207763
IZB3771,0.29413882352092124
XYD0602,0.12086609884464623
GNP3501,0.5416047174928247
AQC9120,0.29116551862076845
HNV4885,0.4296533922364488
JBX9545,0.4863181109812937
SWU3965,0.46443966479573345
YSB2339,0.21319388650658483
WDZ5490,0.769450887969524
KYR2691,0.333941232753248
MRF9654,0.7039685187599722
IET0507,0.6422095856689329
CXW8897,0.30964202151772713
RHO8502,0.37122263194419547
DGI5875,0.745221293115148
CBG8496,0.19008442948747994
JMO9215,0.44388916843032433
WHH0842,0.6392810482198072
IRT3982,0.5688664286620211
ZNY3995,0.243836618730768
RWA3263,0.46388449907231716
RRW5248,0.3427162018688604
KSX1126,0.11411096930599654
ZGP1344,0.7019987799312346
TAP0740,0.3400621397500827
SBV4244,0.07922151737698789
VNM7279,0.40826944908632745
XVN5713,0.6227637275563718
PNI6616,0.44537426557087656
DHK0115,0.475618083010495
ELZ1893,0.5798722923442299
MMD9376,0.4168628880188485
HHO0755,0.3250368296267042
AGI6103,0.5011850866456934
DSJ1568,0.3550497737471193
OGQ3745,0.5995602098175267
EWU3335,0.5690541888263281
IBI8973,0.2556459041649357
MNM0998,0.3294106181582517
ZFN4243,0.34549541922811344
TAE3942,0.7573782299621208
CEQ9038,0.12182176540627343
YDW7588,0.23907554347125243
FLB0221,0.5638466726252475
IFS3000,0.3136769125641608
GOX2033,0.3710583185766323
RCR6392,0.08458362095261095
ZMZ4534,0.8300281364919395
DPW5768,0.6562699869083868
KKG5808,0.6465765008345455
IBC0776,0.4375081326947461
QJQ0583,0.4009000806155265
YHT6044,0.5346141332387644
IZD5201,0.7147790693180376
FQQ6014,0.7149149430144184
HUG2535,0.5244652874581671
AWE7337,0.47672845913998924
AFX6015,0.29543395504270514
JJA3465,0.42751444237888303
YWQ6319,0.3332675596257275
UTL8063,0.5406866632860399
IRB0365,0.486910679930639
DQC8790,0.5590451149059015
OKS8792,0.401717933105632
RPI9883,0.4550820318189909
KJD6196,0.5958116985489487
AVL0382,0.5206306574414312
WHR7833,0.47220544487292204
DTG7149,0.6769113056811134
ZPD3564,0.6274556792417503
FOG9482,0.5978576209780881
ZFV2720,0.6072406298963519
KWX6049,0.5635107600441865
UEF4956,0.5835099573702877
JEK7287,0.5904604336779503
WPG6950,0.605566062952493
QBJ7505,0.619028721602243
GWN8595,0.4366400902701506
BZN6603,0.4995995337816228
XFZ2764,0.460690930093851
IGC0378,0.2844903812410479
MMP1537,0.3962756883694276
SCY5429,0.5610525291269606
SMJ5723,0.55211650486928
SVM8665,0.600737448290938
JUC4326,0.7064014336029978
POJ2305,0.5667500482111529
TGL1412,0.5952632434165664
TLB7079,0.4851391398169503
LMR6185,0.39827533933808257
KHK7436,0.605052843521561
OGI4322,0.5778164104829036
RVZ4835,0.38167651194650354
BJN0689,0.26132598608695234
UXE5576,0.38665793200059956
RZS9370,0.5742223180700421
XFQ2974,0.20993026893153216
UZO8276,0.28704712025970247
GSL3386,0.34362888662859004
AWS3695,0.7201610757910875
IRT2345,0.4218616719266953
JLA0351,0.37852174638975744
UDG0334,0.7536081312471672
BKE8828,0.4903077409293719
BSS5927,0.7925961742811334
QFM4192,0.4176237969993731
UOL8406,0.4409503405065699
DVB9995,0.37247902274868305
ZFM1248,0.45933280092175527
FAH0757,0.6678733127165388
YNP2161,0.4900967719935976
TUH2095,0.4801880054524544
BAY9049,0.4537783801264432
SZZ4113,0.4655285386484629
IAH5734,0.3685247055104606
IWZ1372,0.4164142047861494
YBR4638,0.46210362986275255
MOB7614,0.31205690672437747
ATG7894,0.6696162110440955
QQM8288,0.3686333420379332
XMU6369,0.3341843781634112
DSD2182,0.40309682543488107
JEF9970,0.7357223393557917
BJU6237,0.44280885252312685
MCP1196,0.8420742777201369
WQZ2473,0.4954837824709442
EXP3813,0.4657226243502266
ANY6979,0.32624133005502864
MJT9896,0.3296180487756255
RZF0126,0.46136617044013384
WNT3190,0.3271799851973868
SXR8785,0.6910470837854301
VEZ9878,0.4206317577895815
IQR1803,0.6078699390477497
GKP5747,0.4864886725284506
KWZ1032,0.6170153936481447
UNG2441,0.70863265619853
DEZ7950,0.7243139037007199
LWQ5268,0.6608531002653144
ZMD0621,0.5344283569228272
LXS2378,0.34191208960608466
TNA8704,0.1325485588105797
SXG9064,0.4157738732213181
TCJ5769,0.576597673989284
HFW8197,0.7419365000194391
GHB7075,0.41602063222794805
TXW6272,0.5283755362806163
XYC9775,0.38965097005896276
ICN4734,0.6420772554562516
ZMN0832,0.3526778280312022
IRZ8003,0.6654164164546346
HUF3490,0.4391099257132842
FCD5431,0.5786173316889398
VXK6316,0.694583611851666
YHN4722,0.393542719012949
RTM1575,0.54518340155236
YSB2112,0.2074620122774623
KCM1722,0.4626264303888613
OTS8869,0.4892360159244823
NHB2867,0.44561619454262474
UTP7979,0.563364064580673
HSM0794,0.8742950323620536
RMZ6032,0.2527131456951809
IMW1976,0.5733728310011365
NFP1572,0.49261219912893417
UMQ1245,0.5769350698378837
VPI3440,0.47334070794394356
IAR8050,0.3160326559025692
LZR8401,0.6513680752017881
SHF9433,0.5220115623624364
UJL4817,0.8368840599476971
TRR3958,0.2256090480597543
TXD8258,0.6548180187854009
FCO4051,0.32150677160738905
OSB4374,0.3961142734483202
FVW1939,0.7097532346706512
PEX5881,0.3268739362381492
UZO1865,0.6793176886979472
LWE1790,0.24301737746335852
GWB7700,0.5558101596853301
ZOP8654,0.6420728000958711
XLA1817,0.38127920163613405
HWW7112,0.5364220085496728
SFB9784,0.6649902510059379
OBN4261,0.12816053467242652
VRM2547,0.4305703050834263
DOC8167,0.4232062920426545
SWJ1035,0.3581846021931331
FLF2496,0.6574142294745822
JYX8578,0.8195180958189638
AEU2982,0.5652252696166027
YVH2306,0.6649941142007286
QKL4250,0.38712245572238024
LBW6479,0.6193241310141863
XQN5681,0.6114376423206106
CEP4086,0.6424364623172014
YGX0420,0.3683454803852182
BKB7512,0.5422734360336143
IXG9725,0.4473457637761895
BOF5544,0.37819829984898024
UYN7747,0.20024446234834528
ROF4670,0.47756141515287265
UGV7717,0.09484974250336484
OEI6069,0.32022885328948536
EZO4175,0.5936390684393853
OIF7758,0.8107733995485591
JEH2919,0.4789500610362508
JCE4705,0.48902240367155614
BOD3734,0.415451616635842
HRI5660,0.4069726783154114
OOO8613,0.09922657485816747
XCU4599,0.3160416771593908
KRX9049,0.5465707236999813
JOB6245,0.3406201638279753
QNM0137,0.5800826043991869
WIM6665,0.21573551038309352
LNU5227,0.4689908739946269
YQN9605,0.44327514732183404
UQJ8425,0.33487538698265396
PSC0175,0.32342626807896685
DJY2431,0.43427729482775923
ISL8214,0.5098716209847192
IIU0389,0.36388906999974935
SZT2166,0.6752432627226285
QGG3461,0.3118053506795908
XCL2050,0.5420185627612932
QMQ1245,0.3879541989399195
DWG4532,0.29893996401406964
VPI6024,0.6116955635455102
ZYV1950,0.4468496592585471
ZFG5023,0.5058073911378138
VSF0357,0.4248509447332362
OEY6081,0.20479520673269921
TUB2085,0.24502271580212762
MNC6692,0.5087237442558515
VRR1008,0.46764554174147177
YVT6450,0.38079185775357405
FAO6275,0.5203658905997396
PTD9190,0.32865204623921696
JSO5437,0.5443385072278741
MFH9979,0.5272432233554596
SLW2279,0.6222457121279719
AUZ0340,0.5442997796652413
AWU2833,0.6982681931666816
LFN0157,0.6253354489260121
GPR0346,0.7497021354549107
MMU5621,0.4403562272893455
IJC0456,0.18289323870453894
HJI0200,0.2012310059856504
PUI7508,0.5173235108720442
QWI3198,0.6621181625392372
VRD3282,0.43450937108106624
IXU9829,0.5870390307967475
NSR4945,0.6004569778368825
CJY2412,0.16879826841788664
SUL1935,0.26325673353509965
WAU9525,0.4033124245457871
VAR5218,0.2371247561591435
OIQ8584,0.4437086877793971
TXN4932,0.3784824751457758
FST0470,0.6689173696927612
YVU3745,0.478170149528066
VRX1810,0.7172195771659515
ANZ2576,0.3460353044231805
DFT7074,0.5823643919357835
GLT4950,0.5525549873734674
WBD1290,0.1665204722749525
KLD9539,0.33317422893394455
UFD2281,0.32778814941854906
AGV8920,0.35535923114940715
EZM8303,0.3473210509823371
VHB2724,0.6611072897431153
CGS7371,0.31176662530971533
KRX8325,0.34296091600245027
HQM2559,0.7149653150896824
OAS4314,0.6179011709023223
REU0208,0.4537301558031517
BCK4124,0.6895277649559259
YXF7483,0.3880166260670861
EJI6128,0.6485406873962516
ZMZ5134,0.674227586960351
YAV1162,0.40072360154361125
NRB1641,0.4904773052874069
YBA0436,0.8077797097069503
WDM4803,0.31319937305360945
APA0477,0.2483552123807583
DJJ7857,0.4949812077456923
DDO2541,0.6887781987393272
DTT0915,0.4896485485805258
DIO9974,0.5058459512122968
RTS4274,0.6481013002406385
EVQ9390,0.36789352596643665
GSS9218,0.3863938073456319
QPV1399,0.15347259117543566
ZGP9947,0.5597657360237123
VXZ0953,0.39938205784754643
AKN4052,0.1939577118090537
GGP3877,0.8117009387111422
AVK5211,0.46473008962636575
CBU4492,0.4790591268513098
LGY4995,0.5427730880296531
DPF8787,0.49481081154959594
ZLU0244,0.36334868383828844
GKG9739,0.47949022625970483
XWD6996,0.3038763906832962
AKF5899,0.6004289164322714
UBN8639,0.5310576222842751
UOV8935,0.5782728261464544
SCV5979,0.5093935715629254
WCH0782,0.7653531336509785
ARH6872,0.28354578961469823
NMM7694,0.6143739650783303
ICX6399,0.34668814655028957
TCX4933,0.3159912911360324
UMW1034,0.6008571259831997
YYP8138,0.47092327739919015
SCB9443,0.47736434492900404
ITC6113,0.7593793350625458
FCL9477,0.5825479647089145
OXN4850,0.4418443053758542
JYD3480,0.6277796317688519
VRQ7885,0.8291890509262732
FUP7384,0.6195789478878666
QWF1930,0.34601655913945406
XJR3753,0.4089688889675234
JYQ8107,0.46714281178995315
RLK1604,0.2929960345205025
WWU5537,0.8308903060064796
HYS7523,0.5995072706402486
ZJR0568,0.33887777165125776
BRG1099,0.48324040008442215
JVW7197,0.316559020717437
ULE4248,0.5442619395747885
FBK1312,0.5759827075733116
VSH8159,0.37756243331965594
DMQ5786,0.36479749185619226
GCB3430,0.49759870322380734
OLF0501,0.4207075521846921
JWD0044,0.688072859176365
TJP7761,0.5055041966606463
BQX3256,0.1937117263907039
XYX5749,0.6321706211227565
MRK3909,0.3621909966103079
XEA7163,0.4240536644853305
HCW6650,0.6247583086174193
TZP4079,0.46543410866036083
RYR3568,0.4171395807769599
KAA8266,0.49708073794537494
EJP3492,0.6792820745965911
NGH6480,0.3827420698592021
RBK3849,0.41085016051984996
AVU5986,0.5282389699343948
BVU1715,0.41043448327290777
WDM1181,0.428348712026026
FMT3576,0.4626876362948109
YTJ2895,0.6372804046949201
LYE8184,0.460756526859832
TGB5296,0.4024441045057148
PAM8552,0.5331688800822798
FOB2099,0.6624866918900721
PGW0709,0.6586648415492665
WZF7186,0.6574974057684462
YZJ1826,0.38923339527000755
CUK6688,0.5129946155091372
JJL9592,0.24809549926822738
BLJ1552,0.21066785434808058
CKE5978,0.47049555937983323
KEP7251,0.7236127241522027
CWA1833,0.4325957835287303
DIG4152,0.4420902657918654
QJO2482,0.33522645123961714
QFS9248,0.3318023606124547
VPB6339,0.8165446634407965
BBN5975,0.5674917297853777
XCZ5265,0.5126001214466707
ALH6740,0.6020260686469747
VFE1712,0.1599757590789735
PBU6519,0.14134475248096728
JIL1820,0.41285729427797846
TKO3377,0.5026851124785032
XOL1792,0.7291175042073614
HUQ7289,0.41739982861648195
EIH7258,0.40325162918290275
XHL3600,0.4724184726919499
BLG6557,0.3697006585857907
XOH4990,0.6102610806904012
SFG9400,0.3037018322164004
CTW0716,0.45422613475032503
EPQ1022,0.3965453027786976
DDF4807,0.25874871168037533
JHE1802,0.3995328017449785
XKA0286,0.44281833271487114
KJS4977,0.154605075447243
KIX5898,0.6343782374050962
KAJ5890,0.12814560804248168
HTN5032,0.4747723808941352
XBG3646,0.7207766727379935
STF0095,0.21410975458656495
XYS3253,0.47757275925454
YFM9412,0.5431839225220467
EIC9765,0.5571964565434295
SJW3302,0.2604936782899355
GQS6751,0.40728554511242443
VHY1313,0.5262202917091559
JFS7189,0.5771573706180619
UGC3514,0.6511240840544072
CNX2296,0.5315387394123641
FZA8058,0.26531885640137065
ITU2802,0.374930036841249
WIJ2095,0.7585521158239779
KPD2769,0.3074306320217097
SZO7824,0.6720969382758306
VSF0918,0.2594055617024089
QPO6163,0.4358858598411687
QJG9094,0.2872807226006535
WSN4732,0.39504839628120103
QAH7760,0.49242928349024767
QJQ6048,0.5815914451015101
QSS0205,0.36824305387269785
ZJH8058,0.3465282111168745
QIP0730,0.4621631975720024
SZC2380,0.6726284659272312
RGL9560,0.24942965845940235
WBE3412,0.43949212226397893
ZRW2620,0.25281176906718583
VLM7962,0.25579510932599714
ART9792,0.19228751361602509
ZJN9258,0.7938343539337251
LSD5527,0.7816984822223902
XFA9780,0.35040594959086313
YZX0939,0.15951515937876373
CYB1866,0.3850446047502154
EHO3159,0.5092924544608106
SIG0318,0.7059898413033545
VGM0574,0.3772359123486713
VHH6882,0.17538115491471684
ZNX3901,0.6284814004057026
GHC3228,0.4285044801988189
SQG0318,0.37320321607946594
IEY6901,0.38824850768534097
HUS2611,0.48506795784694906
YEH8272,0.18564619420144096
ZPJ4887,0.402134930550391
FVM9271,0.2139333418466624
BYC7251,0.5765296334543829
VZV4566,0.4196039525510669
HJQ9078,0.4621308985625629
EGR2718,0.6494823943733402
BQW0054,0.44904420729247874
NWE8918,0.23758505134565655
GWU4698,0.6183194370593172
CZX9272,0.3693186138888138
EYB9921,0.3217234485406387
XJP5950,0.2930257147527428
IFJ6475,0.502414876688868
XNM9426,0.7121363080424592
TSQ8268,0.14266080185808483
KPO2933,0.4119669713475479
LXQ7529,0.4418664213068144
XRF7014,0.6435141377447113
DNC4443,0.5574191516778663
AXH1658,0.5366153626040918
AHZ7652,0.6340207718545268
NWH3193,0.21309761603519572
TID1716,0.7932486223043258
ANP3440,0.7102825314741581
OUG4685,0.5874556039021156
MWD7907,0.5484261669081374
TPQ4836,0.4800000145861318
AAJ6531,0.5512227691313827
XKG7418,0.5589954017055505
LJF8014,0.5225262449658183
IWF7341,0.24658807809738967
USH9806,0.5197783383892949
HOT8154,0.4064844669093963
DAX4292,0.4080120059082738
KYM4729,0.4592957803470805
LKI9763,0.35052613615659767
JAY7470,0.6177609549356171
VAG9407,0.1592843547370304
AXD1373,0.5677412633895424
KZV1736,0.42344894713307224
ION0603,0.5232170949923342
IBD4973,0.5217417841444943
HAX1381,0.4926441741260452
GDV3204,0.39467076112895594
GQU7798,0.641140820511742
GAQ1597,0.5719961428330985
KVP9269,0.6098161330063894
RDH8031,0.277486940549047
QLJ5966,0.63717134735813
OUM7825,0.32526183088159144
OPJ7108,0.7180220895423128
XXV5331,0.6619977738391591
NIA3272,0.7116351952037585
IPQ4779,0.3272503162120167
OGH5544,0.3569614696610153
IDS6311,0.4487320318842387
ZAL6103,0.4360861175225006
QMH1755,0.3840010354200206
AXF6974,0.470585051320068
GCI3630,0.26203262213303447
VZW2401,0.3937785463994516
OVE3990,0.6352928347828961
NOV1064,0.26087723823417885
QYK7288,0.6841255948203564
EUR5124,0.5875259625606584
UXL5796,0.5577592094313923
TDZ5862,0.6294103444266829
UNT1852,0.46759427097835693
ZQT3434,0.36751360069927375
RBL0406,0.5379586181683917
NVN3331,0.4576072761671609
QYU6181,0.30060352090878795
MCR9458,0.5722089478298056
INV8873,0.4798495991420705
CBR7213,0.29529387612658514
JHG9105,0.6274392224236206
TMB3670,0.2699605804723887
PGJ5657,0.7962676684609407
UGV5295,0.3939050560429841
OXI5106,0.6616028764048516
DNV3094,0.5764239890106948
VAH0839,0.6941666677833388
CCY9074,0.5466050397410243
HSC7757,0.6247520249882192
BRT3178,0.6582258854080534
TMT4944,0.6968852097593172
XTK9260,0.552122497833536
MXU6827,0.3889386799021176
VPJ7122,0.41938457974518684
NGU4725,0.4143738098668891
XHW4190,0.426592378306359
YAY5524,0.4064755687024587
SSM0392,0.45337667656026337
FXD1708,0.3632450467458833
MPV0672,0.5777477411129326
IGZ9386,0.28714628392825325
TOI1490,0.6643224855182384
QAZ9933,0.5660742503481839
CRM2978,0.31691130948501434
OIB9991,0.45306041844553535
KVN4822,0.4647021086463582
GCG5533,0.5767745595061247
VTK8111,0.3724747062138749
KAE9168,0.2760189772343155
RGV6468,0.44427902094178384
LWX7015,0.6229293370453401
PZK8396,0.5876822468248362
RHE1717,0.4649580069659603
VCQ2207,0.7275037215357264
VQT9580,0.7904294531177113
IOB0677,0.5456971740107703
QPJ4092,0.6047659641489582
AVY1533,0.379156167019702
QDJ1312,0.40835721393429825
XSX5863,0.6977645510018113
RNZ7687,0.7443479374334057
FUE4559,0.6385333740810655
KFB0998,0.46046536834390484
BJW4567,0.38113236802996436
KUC9637,0.5609779094454304
QLT3222,0.6330480489112793
FOK0149,0.5587520618694506
KEJ2913,0.2895238957398232
KCM5467,0.5980097705401155
RYH8245,0.6814077958428647
RUE5771,0.08849029375371968
HNH0868,0.46029948286376887
XBC4033,0.6402390318091706
ZLF9201,0.6739083710616216
FKK0636,0.4432434965913626
WCN3474,0.73308173591907
DGN9413,0.5409356850751135
ZVT9034,0.373790694557259
GYU5540,0.22108195393641233
FDX4205,0.3261906108791749
IPD1251,0.5960400139774773
ZFT9168,0.21807794398262745
PYN3393,0.46683009903664485
FTZ6683,0.2787452403201765
AKI7936,0.5414574125875646
MPY2709,0.5394140283712439
NTP2659,0.6978051804384371
IDE2433,0.4425922660633328
SVO8258,0.4909180838924815
TNE9256,0.5728741864094941
LEG2561,0.4394529980817845
UKA9422,0.5002025057131718
MCH1289,0.3917541486934889
IND7831,0.5700787611962392
WLX0704,0.3392345973932205
NJG1634,0.14088736548590736
CBU6288,0.445220428069685
BBK2710,0.6701681573274324
HZL9836,0.37879368079225506
CHC3948,0.4642175481872961
ZUS6740,0.23610693211051262
VFH7531,0.5997720717666488
GWE2897,0.2448511350125617
CAS5155,0.2626677634736776
GMW9681,0.5033871043591897
MES0461,0.5741224023860465
TWZ5436,0.36464419089611944
TVV2529,0.33636258511840456
AQZ6865,0.7141935883127395
OIC4021,0.4419082385110703
MOQ3911,0.23764459395201704
DNS8201,0.37022768057314237
ZUI6325,0.41004086156147695
NJA8351,0.5568553884558607
ODB5040,0.8001278714782212
IPW5152,0.6340918137442189
XZY2224,0.552767451305705
FZB2992,0.3142981195730838
ZRO4379,0.5843296456284053
RJI7678,0.4826179947508925
LVN5225,0.49546306577313615
OYF4788,0.47542585427012174
CIS4067,0.5962153719752075
KIR6566,0.3344968310764471
WRS7799,0.2450458873728747
ISB9210,0.3994646721238194
BKG1713,0.6990004938516792
NIG7239,0.34246806468058366
UHJ2010,0.18186803558011527
SGE7571,0.5975304079191934
DJH7886,0.488372188658365
TML0327,0.5366912836678175
JSU6205,0.8250318898785463
UBA1024,0.4052384664078432
ZWM3611,0.4704988724823118
AQD1119,0.49204928702540757
UHR8841,0.6156486347045549
EZL8963,0.5686775466424696
VEY3609,0.4400357162223948
IMN3213,0.6218517405706832
ZFI4055,0.3852664874692266
ISJ7190,0.33127380268142187
YRK0679,0.5168434676181126
SEP9777,0.4148484945793812
XIM9647,0.2671873806226527
IJF2788,0.4871345156561132
HXU6751,0.526509657268625
LSM8308,0.5980776641269152
FGQ0847,0.4775644379959462
MUT3329,0.2518670208465342
EVW3568,0.549039293051839
FSK9108,0.40990073483512224
EGK0077,0.716179874331738
RTH7598,0.5892230509681571
OEZ7029,0.350718183974546
UIN0383,0.4362403237018283
NVR7308,0.4648182450857796
LFN0770,0.414966208988832
WYE4302,0.59686059992417
OFR1250,0.44171833533544264
HVR7961,0.4118864754301088
WDT2838,0.40923138856505153
QER6562,0.2556792657956725
ZDE4635,0.384884879135991
BDM2485,0.5820555887718499
FIC2222,0.6369033392839178
HKB7207,0.2864116098435523
KYQ7812,0.300408509304428
IIM0404,0.2666470139893282
XCD1483,0.45827313070274145
AVJ1401,0.45716972362477776
DZC5973,0.8472368123175587
APX1161,0.8289166275607345
GOQ0389,0.40352345819611435
XAE6247,0.48403627892482204
AQX5762,0.33091940126915337
BRS9830,0.6281699104995082
PRJ3006,0.17460331152233802
UBS4074,0.38634597531890075
KAM8647,0.3850544104603228
EBX3166,0.44354097056391795
UNT5825,0.38963582194278196
ATV6282,0.3612690633487835
NFY8031,0.5718003928821765
GDC9171,0.07783150313823131
RID8507,0.4040044150108224
OEY2607,0.6834811165775103
PSW0387,0.32074147977508394
MVW4654,0.2847458425005398
EZS6596,0.7214430984080569
CVB8449,0.5636349297226113
XSF7433,0.5118432204119441
SPN0794,0.38345992670606593
NAB4031,0.4868457187332993
RDP5976,0.38991266948688297
ODE7386,0.5715961090891855
MST1998,0.36226743554087554
BZM9077,0.5407493113002542
DNS0664,0.7325219636867434
NZQ2516,0.5467622889564084
MUT8357,0.6873259910799974
NUL1408,0.29704827343790774
MXT6982,0.36293947783532143
ILD5756,0.31421525250361426
SNX5115,0.35495205829866305
VDE5638,0.441521306692527
XDT6352,0.6973327459200243
ITP3953,0.5103831046596592
SJL0243,0.24085093735061386
YLU6132,0.7181288319030026
ITV2576,0.23792525126828512
OVU3708,0.41425932444345615
FHX7449,0.38996939283193927
TMT6978,0.3939211020368857
BPN2368,0.21752413154527944
HMT7274,0.5781202179958175
ULH3666,0.17811360164521098
GMU7686,0.45972382145006196
QII9327,0.28201013646634154
LBF3051,0.3650834304324272
ONT8863,0.48408847299544544
ZYP5276,0.5677787875357343
LUD5291,0.2618759904578225
TDZ8382,0.3062697213880392
TPG6394,0.44432593274252097
RMR6937,0.4800892744736087
LMY0729,0.4480669082893658
AMC0445,0.5054496632196643
SSB1104,0.7790012004658258
JNF8209,0.41790912099760097
RRE2084,0.6032105245174336
WZZ5459,0.5218617750325512
JNF4249,0.19928536966535643
DBO1637,0.6334085913918481
AKR7639,0.20994130318626325
QUR9661,0.5041290704982373
LUS4900,0.4710397863587688
DNT6503,0.540644813467738
HZR5957,0.40422408432757195
XWR2281,0.32576436297895034
YST3431,0.5895452735649667
IEH3003,0.2460861718025572
NYB9148,0.7230037758914378
PII9352,0.3291231857418382
LEV9553,0.8313996779560585
OCE4351,0.1715667762502873
DNY8601,0.5188003259268978
DFL5337,0.48092585902682106
MDZ1058,0.195031215744079
ADW7699,0.2981660406840099
BBX5076,0.46156622736743846
WUQ6007,0.4263036615250916
ZEY1800,0.468732197589117
JOP6452,0.4640579603760196
KIT4113,0.2956310809299434
LIN3185,0.43599794123255997
QHT8208,0.3083110637994356
JJM5633,0.4743698868963821
RNT6014,0.5458699566079263
YPM1923,0.6812879631803418
HHL5681,0.18620790853623348
ABP4829,0.32911167012651177
IFX0205,0.2842371038343141
UEH3912,0.7302794938615718
TKW1098,0.30552602421521546
WYN1877,0.19379589024073635
PPN3139,0.15330281506751967
RUP9504,0.4622581670362137
TFK5517,0.7319222157327281
JEC2726,0.36161913946588886
SCP7748,0.23641831490907994
MGW6057,0.4750011602077565
YYN2755,0.15827319355726838
VNB5918,0.5567225734085657
JCG4440,0.5910488607683193
IBD2156,0.283511895325958
VIX2519,0.42912424357577506
XZT8966,0.7204465448945174
JKW8832,0.6025846511419699
XQR4664,0.5345713651933435
HOS7277,0.5284593092147867
ZIH4509,0.40356486022961513
FZM2635,0.18508632086132742
BQQ2812,0.5689695485470313
QTT1172,0.46115748863145906
EIR5523,0.4220622273864421
XZO0242,0.5610726231711964
AZV3528,0.45721151488759565
SFX1939,0.48705353536062757
WZV5563,0.29489782341299486
QZB7687,0.15234642372159612
FUH8115,0.38458559182917
TMM9869,0.2541266952401675
NCG1476,0.20501796808960537
WJN4297,0.3643918959017559
RAT4822,0.4078126966837044
RIC5857,0.4776549700998538
VSO0563,0.6262868058461134
VMA1558,0.48614336435164696
BOL7206,0.37830122269110733
CZQ3950,0.24256254315255094
NJU4912,0.5177368566663287
GAZ8594,0.585823910971477
FOX4419,0.23040331061710737
LBN4213,0.5746075042913574
ADA1940,0.5174755897911733
ZPG0651,0.653639369475582
KEJ8705,0.15241394384483675
UHB5802,0.25188466518356345
KMZ7327,0.3775571276503128
NJT8387,0.5168884864587802
XAP3954,0.45394396206478915
FEL1637,0.703320571510897
IKV7714,0.3389103399449167
DPZ1880,0.6043530655676392
RGT7421,0.1886208143174466
AEK9286,0.5746343937124356
ROM8234,0.4938932402932167
XQX7484,0.5425316563631372
OLH5732,0.31518525950966614
EXQ7424,0.41037172179616616
FVH0886,0.38332453415731504
KYL6652,0.2542020642469438
KTM5656,0.7116933829109922
MIG6527,0.513547046554115
SVR7025,0.42644019044339576
NCJ4089,0.2887825078766235
FHS2667,0.19665129552852625
VHZ2363,0.44130482975406615
OXW0223,0.45905161008687645
PJU5928,0.3506828041700628
IKH2812,0.4949390537765449
VMA0683,0.3828382754511017
TGG9176,0.15287655843287662
NLQ2220,0.3654286208861967
JEG1496,0.702145914394806
KDZ6336,0.3995313532149056
JQL9820,0.5255280588679824
GRD7737,0.6566650183577198
GFP8654,0.5858067215569251
SDO8567,0.2940980826414402
EZH1168,0.4688951861945544
CQI1581,0.427583328505619
GDQ8895,0.24709553144830204
YRC6765,0.5895747341981726
OCH0693,0.32324136007109416
DRE2586,0.5050781545297158
EWP2402,0.29751757286125813
RIN1708,0.537376460063612
LKO2402,0.6521489887442824
RHW2826,0.4985971387437371
NNX9566,0.7206304419079588
UNW5036,0.6761865277207795
SIZ4373,0.39501277652763034
XDX8398,0.2838001202407291
BVY9650,0.4220176005805403
UBZ6506,0.680363351371337
BOP0282,0.42184643460372717
XIU8129,0.7336523408064464
NYD0344,0.582102005707863
VVO5031,0.4698242931123884
XHV3554,0.40939799993470094
KZH9892,0.4049862193036251
TYJ4103,0.45149457254454095
ZMK7102,0.4587278768101598
FFI0442,0.6696614004327235
COH3368,0.5002508569613848
MID8808,0.6384342107527381
RUV2796,0.4821383007715338
QJK7408,0.35106317952367794
JRH4838,0.32261046375185776
QQX6215,0.5206771417999045
NWZ2697,0.6030429774392703
EZU1406,0.5844471629824541
ZYV2745,0.1982731299489041
SIN0801,0.6574557361427207
EJO5929,0.5411103313206262
KLU4765,0.3258248172888053
KMG1756,0.5177764496630626
XGY8792,0.5294024128223564
TZF4711,0.6110886113337253
TFO2196,0.30757187537501657
YSD2730,0.40669420676094037
UBB5348,0.1288355848486864
JKJ0093,0.28300286053523294
SOS9493,0.4183924383047891
CPV1365,0.37981868788889517
BSO9027,0.7097483199570265
XJA8753,0.6704128455471552
GWN9096,0.5408021786806805
MNK4884,0.6601109007235769
PRK6362,0.6186929630316169
LQN5334,0.4206440122947908
OGJ5702,0.5056412804390591
WTD5629,0.4338061374261223
DIE4208,0.5097839048814955
GNE5232,0.37097019985646484
OZH1950,0.16423428059548156
ELX6331,0.5414329193820766
NPC3191,0.2967938349586843
PAH1597,0.6937321248391879
BVJ4858,0.5411430082991862
OJP4439,0.24246464830143294
TDR3485,0.540316357140016
AXV1661,0.3803853830497219
RGG1369,0.6526893456071462
PNI7364,0.3094954610555577
OTI7000,0.5524826768197473
XRG0070,0.2680537346777566
PIP8809,0.49658795881680207
GWY1981,0.21213504010234038
VZI6264,0.33704786929235875
WVO9284,0.5009404186963131
RYX2969,0.6591330044964026
HUI0041,0.33642404086285704
REF0444,0.30680414430373554
NCF8710,0.5799912948201511
JIH5267,0.5017184734972339
SLV2360,0.637231699595422
FCQ3915,0.3431951173033979
PYL7123,0.36214989158387967
HKH5725,0.26804687955541384
XLO3239,0.24311455091806433
OLN1336,0.2874502935363913
ECP4621,0.4748116285889075
KPS0064,0.5731781056670093
CLU5954,0.37707546696634353
UNG6284,0.1930149978478584
VYF7983,0.6107387259158352
URN1834,0.6397113239880351
OCH6913,0.6794199886924466
ACR1583,0.26256537967573357
ZYQ4775,0.14521796628188646
BNU8024,0.13610972577531227
PSC4692,0.49013894235872324
MWK1300,0.7125278836379121
VTZ7837,0.3911065494317627
GVY3459,0.4402308092688881
ZXH8781,0.3123729017533051
PCN7228,0.6118049258395531
ORQ0272,0.22295064934725944
WKW0910,0.48197216933470144
IFM5092,0.4237137395641615
HDJ4116,0.6516749017683287
OQB5335,0.27756680397546274
OFX7490,0.5884012754775119
OOU2927,0.5111252638566517
WLT8543,0.5429549714303474
DYZ0643,0.41770415286312956
BHE7518,0.18843938767091994
OTE8834,0.3950011289915496
JKZ8611,0.6062515211137711
DXF2796,0.29333854549247373
BKD4940,0.6036167231414152
LJO5796,0.50531927904764
DDJ7985,0.3799969802780457
NEG4016,0.7495654101712924
MTS4859,0.30001522322413804
ZIQ3070,0.12674874358411473
MQR1484,0.5353158878136901
SPG2102,0.3860389545016291
ZPG2396,0.5853634984065329
BWG1095,0.5157664572789523
IRG5962,0.4926472204794426
EDN5025,0.4563012792007249
TLO0577,0.49723522635311346
RJM5646,0.7386579442874076
KUP5538,0.32478296177488586
ZMH6406,0.5732214295622455
TQI4631,0.7669047334005159
VRA1232,0.2417280030852133
YHS6319,0.35539642094516544
FDR8571,0.39755470296389334
UMU7047,0.29922423884065974
FCY4622,0.6821908230582236
GMN0416,0.6271035578183838
HVO6893,0.59302831458326
ZWR3316,0.3673277344650265
FPP0788,0.3295145674290134
SBF5209,0.39945036628737085
FCJ4472,0.4247002790115754
KMK8317,0.482294922410056
YGK4233,0.4110416075381961
VDZ0820,0.5295223861338784
EWA2578,0.5449735433223067
API8763,0.2873494564536977
NSQ5830,0.3172702476678508
XIV6334,0.37862585697388446
RYE8536,0.520109814413625
BYZ2502,0.417143614848806
CVW3012,0.20851903302909408
XSP9376,0.9130321003144424
DPX6274,0.7216034060643781
YAV7462,0.33534482589243636
TCX1554,0.4868368421971021
OSC7642,0.13140069703970197
BZL4977,0.1686599222896352
GWJ7994,0.5408764374684412
JLQ1365,0.6055441266584338
BHN2813,0.4414653735069217
BKI1459,0.4805898649476299
WBD6906,0.3978636965258989
RNM5558,0.521044010446693
OSX5974,0.5003762206351454
OVX5430,0.2310378891946188
IJG8643,0.6505485729558176
MER4585,0.610217055069284
YGH0528,0.6296674677929359
MXN5427,0.34201971292407746
IFD3298,0.6604191142944078
WNY9805,0.7212056432487186
NOL8760,0.3892080630541056
HRT4289,0.5358837603921969
FTM3729,0.405839731199823
JPA1525,0.4963836959613921
AAC4913,0.5309357613880679
GTA1400,0.42655158817861216
ENL6464,0.8145666320541314
CHE9991,0.30918306942562834
XDY1278,0.5955453176142371
MVZ9561,0.31891898047174977
NGC4607,0.22875641544676223
BSB1812,0.7752400232874032
GCQ9238,0.773763587377183
QBW1615,0.621161824992382
OJO8099,0.24685004651343326
OUX2052,0.26263399558297584
MWX6680,0.3486365762885528
AXZ0961,0.3420440242243128
XPN8077,0.5839477232761675
FZL1982,0.4953390142017414
WIC9070,0.5952522642416425
HDF3459,0.43208411458824464
NGD0004,0.363747705626109
TGG3926,0.45850279719623643
IGK0243,0.23580459928642644
BGV2526,0.761651596553246
BLC9364,0.4409050334567999
OFD7539,0.6693417790085039
OAH1823,0.26028617592547965
NQZ4084,0.4881190316452072
IYX3416,0.37398626632865617
HDQ2252,0.536729394764325
VBY5671,0.3982471393595341
LCW1193,0.4288613689161685
TNU8061,0.47715553947484324
LKL6935,0.30047321459506754
SUS3751,0.46335074484848143
VGW0131,0.57134239561177
WZM8088,0.5659053118471882
MYJ2040,0.6440159017331863
KPI8713,0.7348525607745443
HAY6713,0.2962890912737154
DZA1378,0.4943630101682581
KEE7365,0.21262330211467767
OWA8647,0.46891344028552884
TUJ0235,0.6635392754610581
ITC8151,0.46742071698286314
IFG6313,0.3668528349993351
MOK3205,0.7300404022787008
FTY6144,0.4026935455481924
KOA3700,0.6853236541449643
PYP7703,0.61696135180736
LHC5900,0.30265231109859303
JGZ2115,0.4463124414855708
UNI1663,0.22004440828755645
ZFG6509,0.323950454302226
UNE9379,0.2635051108469048
XYH6411,0.25811807747551796
QTW5754,0.8189918429664752
FSO3694,0.6631999108189639
HOY4148,0.35026594526662647
VFR5550,0.46890016891505915
RJC9683,0.4275540433318174
JMP4506,0.8622263098827756
EZN3332,0.6514231410238436
ECU2366,0.5426851737953589
OQI9772,0.5308029845986121
DEG0862,0.09903746592312276
IZU0386,0.4437483259958504
TGE4171,0.3745975294299899
HGU0195,0.571900108684865
HYW1345,0.14306682595507048
KWJ9347,0.40544352489920693
NEN7347,0.4223427657838821
FWV5794,0.5210090437059414
AME1301,0.5403280496542995
YHQ2814,0.40201710799963636
STY4964,0.2195219817092199
DRD8345,0.6131891000417242
JRK6366,0.35415323283699474
NYD0866,0.5730634814344622
CFQ2102,0.2971906281760225
VOS7787,0.6693260838342837
ZGN3501,0.46042408968664283
VIU6738,0.3662856225029141
OEJ7985,0.2569972822093416
QVP6329,0.37627210803077027
EJE3330,0.17600399972310304
NZV9061,0.42795802243329206
KZF6644,0.546334479193076
OCA2457,0.7374718529999895
NKJ4924,0.5694161305564225
SLS1109,0.1996492878898971
BID8669,0.21897885993041005
AMX9569,0.462178753412936
AKU8460,0.42018415219087646
RVB6841,0.7395792242962647
BJP9895,0.27595432538011183
NUI4528,0.6224920640508678
YLV9127,0.34506150907532135
NRU0188,0.39669389318867776
MSB7840,0.2875748567688361
OUZ2583,0.8565060718286793
IBB3805,0.7497718644610964
SAZ9515,0.2251003358838195
CVL2907,0.6502482021853069
QUY5674,0.46010335630380567
DGM8734,0.8337347452698558
EXD0090,0.38840432704669003
JLL6388,0.386782588910522
XPI0088,0.7151370883912167
FFS4989,0.550054818073088
FKX1094,0.4236066962518067
HOS1189,0.502913738368055
DMC9213,0.31351819431632166
USS8184,0.5432406649516635
NLR9778,0.654674253370979
UVB2218,0.3199669736248667
UOY1581,0.2698319278457002
YGK7391,0.5397133748993401
EGA6066,0.4335896027256665
DXI2554,0.4675968050983935
JYQ1182,0.6235960483982459
TJF7046,0.4837773714757468
HBV3751,0.4544359536809916
HIO2881,0.5124570466620111
KKW1949,0.23072434870873193
EXO5445,0.5625198855536062
SHJ8274,0.45779185938718836
PVD6218,0.44716395870635983
GBR0983,0.7439623528051302
QFH9826,0.8385489911156969
NKJ6268,0.22359577595562877
LOD1596,0.2678627116346753
KZO1947,0.1764653690000728
WJY9773,0.30372409757340985
OAB1566,0.25654931684736026
ODN6043,0.3419968530346421
LQC3204,0.42601749656877785
FUG0693,0.42137426457398275
FON4316,0.3801204816330413
QRL2739,0.5814417190818677
EUV8682,0.30873409009585606
CPU0483,0.28726949591288986
DBC4185,0.3239843634649533
RHI4955,0.37253936261395126
DGP8509,0.6888699827754294
UTG5131,0.36773967500767213
ULJ6592,0.6102958557984108
BBE5979,0.6901543300683397
BBR0750,0.47152819068065943
RNF0523,0.5534490925725422
RMX0277,0.5860899915312558
FHW5229,0.6607394441970422
JAB9481,0.3228115497916014
PEX1813,0.3471456427079216
KOI3974,0.43503270446526576
TCS4563,0.503852982334469
RBV5707,0.7340169301994801
FTH0281,0.5497487471604787
UAH5815,0.39051843422503546
EUB9838,0.5555029891557949
ZMQ2617,0.5477493834894038
PXN4987,0.5818179163804416
NJW8728,0.4424257344350748
NSF4229,0.322125348973337
SXU5601,0.5533540188789308
WCG5642,0.4509279681503384
IWH0066,0.2879240044630362
IZI8962,0.6949353114902017
ZXI3114,0.7002262154286658
TRH0877,0.38487339663120923
DWS1156,0.30185031849456667
BNU5172,0.33084113065596144
HSW5481,0.31614330453964523
KWN7089,0.5123074744851481
LFF8505,0.604827595305273
GVX5582,0.49311096634622975
VDU0832,0.49207060732344415
VIJ4798,0.49112294825400454
YMM0458,0.2862851960986473
OGB3564,0.3687692342299458
MEQ6866,0.6373853764317553
AOE6958,0.37949423185865216
VEK5561,0.24208322669874077
WLL6206,0.6358715939585544
LNR3498,0.2933832203145697
YPZ7612,0.6938183375666558
GCX1531,0.624391253444998
TXA7847,0.5324571050299614
FJZ0116,0.5362415464335208
LJZ2683,0.4874564791671238
EIM7860,0.33220614507068646
AUU3823,0.5795123983364345
CHX4581,0.6918462181517048
YRD0437,0.34817281641883246
DAB0671,0.5212522845504782
XDO5057,0.4348239036023981
ZKW5475,0.548687366664676
CGO7243,0.4381057122358595
EWZ2252,0.6170365291423184
BWC2297,0.4106434692078633
HVF8197,0.4074899811746907
AYH9061,0.6149144308667078
AME3933,0.1879061745860059
XNC2032,0.23533645993023583
VTH8783,0.31437438331678136
XCY4881,0.38929792535760877
GSJ8580,0.33803771261373927
WQQ5955,0.5865702446885825
OMK1405,0.7206527704847341
APA3758,0.2897659193666562
LMZ3692,0.638437749751934
CBX0707,0.3258593301346927
HUD3876,0.30038709222729076
FRU5905,0.4418830579351861
PMS6526,0.7715112403200286
ZXJ7471,0.48265405438604425
ZBY6746,0.6571711202871802
NJT9868,0.7418184322327179
UVY0564,0.20297747184136922
SKW1143,0.3696049683449822
ABG2525,0.41720719115449223
UFU8390,0.6705808443436565
NGT9960,0.5657923913901047
ZRY4907,0.541309097249346
BGA9143,0.3692052322115955
SBI9198,0.3950894181486022
TPZ2821,0.32664107669651576
ZHI2106,0.4894255010343229
GJS5356,0.6996290123001938
SAR1513,0.48526515381497404
CWB9113,0.5386860314695718
XEL8841,0.36780827837428115
ERY3718,0.2962957559802136
RJE5240,0.17410478140892366
QJG6699,0.5585010115361482
RGX4351,0.6073729186790124
KOQ1552,0.6386109432057917
DFX2670,0.23618341860901831
UTW6638,0.511086529600232
PBX0575,0.5844929806873844
DJU8355,0.268175021367126
OBM5317,0.7386258327970152
UHI0457,0.325083626897102
CWC8353,0.6767579443375616
GTN3770,0.41911052843510876
PWP6352,0.4338091153075136
BVD4367,0.23594962117295082
EZU7351,0.5700560467394655
LMC8257,0.7111990472017143
WXD5973,0.5625115938496699
BQS8990,0.4364189355035508
LZL3343,0.37123525934139
SMQ1462,0.4994207793637727
TFY5736,0.49286918526500567
NEW9673,0.4867239456232593
WTI0208,0.733147477869059
GOL9753,0.6166749645182608
HRK1159,0.5261254938927412
QEK9330,0.4424638168231314
RXH2280,0.366027620326419
ZFI2141,0.5223918979186012
FBP4085,0.5886062129332585
LRW6457,0.25963902359298374
MSA7617,0.23631623253994966
HXJ0847,0.35178445964244054
FNI8232,0.24256559934461014
LRM8286,0.6208274085524492
PFV9823,0.1769037104374365
JCE3764,0.6650504069341606
ZHX8548,0.551304791313725
QFC8467,0.4535040234113331
VNH7366,0.6282746442802434
DGR6762,0.32219540316608475
CQO4483,0.3477008131125517
JRA4800,0.5891790968248309
VEL6171,0.537534665298937
ILO6000,0.5589067011399775
UGZ3030,0.45677471798906394
BSB4917,0.37424268966265184
THD2413,0.48790527529908256
CED2110,0.5547707810401458
LOR3260,0.2703273209952148
SIO5381,0.5600588602362544
AOZ0664,0.17814079517828985
VHR7684,0.10155327075705661
TFV5435,0.6025757954352273
VNV6240,0.6783206725044886
VJM9383,0.21856556496898316
EKP3156,0.4730025934641954
CKL4208,0.7758669293995517
QMQ2073,0.19855931537640642
ODP4214,0.5648130974454912
EMQ4270,0.7010799472299863
NCO2846,0.8285421628611815
ZKW4912,0.5852894675807125
FSY0685,0.404311970111871
PMV3303,0.6558831159441632
MHM7359,0.30849893171314896
AMU5446,0.702255315900234
VOP0406,0.2832442181688597
XWN2574,0.15343704791710316
USF3234,0.32375100944606616
BWZ8496,0.7183726923676573
RGY4012,0.23993870264351952
YQH6242,0.6107622578253651
NXM9286,0.6058508074394207
VPK3577,0.417570412333109
ANQ2382,0.6024370850964491
CXF3459,0.4072614118326457
YYD2813,0.3940139085706503
DSE7516,0.30144904502801495
BIJ6208,0.5072220435260233
HKR9614,0.7703262026489304
MBY2881,0.3389876890373099
RNM1234,0.21591074824883674
CVF5149,0.7336202560804586
DQT9935,0.6202954941448251
UXD3629,0.16567620476348927
ZPM2559,0.42575408271428944
SUF0190,0.43582078431730437
UQC7394,0.6945854470169044
MLL2713,0.25641081397425325
MVW1001,0.33787247874207527
ZOL0937,0.4054830307044097
ERS5113,0.3338772781635029
OIQ3452,0.6939319934434012
KFJ9679,0.2134766070281649
UOI3318,0.6423225085993474
TIL3217,0.5820245819029086
LIT9079,0.6863613888162325
MGN3958,0.4598440506747511
UJS5723,0.3458133353355014
NFP4748,0.5279099331002546
SBB7768,0.6296147318752263
NBT7826,0.5675663356648736
XTT9899,0.587160466274402
DHM3901,0.6375502594974216
UBU1016,0.6317648914609633
QEO5046,0.5282274264205455
YQK8315,0.33520398828996845
JEM8731,0.7012957324650774
TJP5066,0.48947154289986505
ZJU7735,0.14517691401082516
SDI6080,0.6509721400011685
CZV3482,0.7379040244221118
PQX5630,0.6133001194507288
NKZ0214,0.4512465678641312
HLX7206,0.37359049935227717
YZX8841,0.20041202532461902
ECQ2509,0.6487143653553684
MYL9728,0.5995582034145789
XAQ8230,0.3622869432148724
RKG9466,0.7565938027065444
GFM9961,0.42643597657791465
ECR8128,0.10332030119605966
UUR4860,0.365940212193019
XFW2308,0.2444655235383519
EGP4520,0.4668290349358498
KCR3281,0.5628454976998578
LBZ5822,0.25310818026311843
MSP5345,0.368310232763597
UZX5829,0.5007561079807316
VLK8520,0.6675476519838013
UFA7337,0.32642151903059
NZL9708,0.508915212319671
NPS8684,0.5374330189956122
DAB4074,0.46443305786729405
KHQ2631,0.2758615194658902
LYE7723,0.5218795394119788
IGH2607,0.8386947636868569
TAI1258,0.6202382144721308
BOM8677,0.37499887753748834
RIA2278,0.4633220596752595
MCP2020,0.3742683320409381
DMU7521,0.40624232053417264
OAN2005,0.27025327545787625
QNX1018,0.11222161297343475
PIP0182,0.4464306835885857
GFF0570,0.16265630180600782
YXA8986,0.1789932439724587
JLU8438,0.4323945441230045
ZYW9004,0.40616964806609634
NFM3278,0.4018434229177815
KIU5533,0.5052431494517132
FBW2168,0.4384587445566769
NPG4374,0.21286962104988233
FJL3478,0.25474531190599115
CFC6920,0.5127676988660327
YLG9645,0.533448635365679
HQA1719,0.2574891620195454
AWQ8996,0.2534371139494218
ZXA8304,0.42966686786286756
UYR1714,0.5646430425588946
IWS8403,0.4288778405246721
BGN8123,0.580721697443438
JQP2398,0.38005467724378383
XBS8326,0.3136873114869074
FNI7163,0.5735104004955649
SOP6458,0.37875748756070915
PIF5803,0.45238673837414384
MKD6010,0.4174236699344933
FMP7211,0.4764516343720885
VHF3016,0.18131922830506597
IWS3982,0.44467078134791976
TQQ4585,0.37135187845172685
ADE5557,0.29202740460305615
EGQ3082,0.5096224931513382
HQD0501,0.4460741590839661
KMK3923,0.550727234270519
DAH8950,0.3379986065028061
CYI7850,0.508960553065684
LKI8677,0.37046502880387777
WPJ1514,0.51565601276727
SFZ0122,0.3730975798474228
FHA4722,0.31744423573789937
WNY7098,0.5829543057080244
UEP3307,0.4613932852925505
GAJ4574,0.12651856845043777
KYG4754,0.6098199797276405
BCY3028,0.4646034254656692
LFF1558,0.34781102090820337
YBS7007,0.4758431943378034
NKO2158,0.7105846076140963
SPX9613,0.17055812045417812
NON7604,0.6432070017018416
FFN7247,0.5247509452868281
SQG1697,0.5220488466244587
YDA3984,0.25080081496597467
DFB8435,0.48340757302033766
VYJ0443,0.27493851237357025
VCP7262,0.692211483115349
WRN3435,0.48111311348482577
BTT2446,0.4333504286292782
LAH5377,0.4255856648201162
HSW3806,0.5165485427362985
HRO1928,0.4631893234585396
XLU8146,0.343522805361109
SIN1614,0.5301864763274641
BLN1988,0.3730998589355724
XHK7418,0.33275292161302955
ZCA7979,0.32382319069951426
XLB2047,0.4284341483566574
QAU3695,0.449038523901359
GOG3970,0.5058657203484415
ISN5239,0.27167986735588134
CPU1536,0.6844033430003511
MKX9001,0.3903803643531697
KOR9892,0.3513956152021763
NLU9073,0.5116429802326974
KIU5875,0.3406108330223158
WDP5238,0.7048890490186515
UDM5755,0.6036437309754492
GUK5794,0.29544415175898453
FYM8868,0.2990687620355822
BHK2487,0.5776530031810567
ZRG1286,0.7891953921318517
XUH3076,0.47825655114939936
UUM2341,0.8425853086828239
ZJX6721,0.5233790338760114
SXV7548,0.5836924413622505
ETL5828,0.4075842809082323
YBV0249,0.6993518064719668
YWV0248,0.6698718078409149
LHV5651,0.48859239759295225
PIJ2107,0.3887496712632885
BAZ2922,0.44164323460175825
BFN7414,0.14091508895535554
LCJ4382,0.3804054284588634
MSZ7963,0.845353981262458
LLQ7511,0.5110703976439224
EZQ8929,0.391946429667943
EYW3271,0.49522815098998085
LUR2550,0.702008142817464
KWV5171,0.3826569312482151
BJP6002,0.5898769977122351
GAZ6352,0.4551475525608215
NOE5899,0.3856869432942047
GSO6330,0.29940243432844615
DAH7009,0.6185855561175626
SLF0607,0.5317117543413843
PSS4938,0.5281311141185252
YGX9689,0.4057192805776968
BYQ1680,0.6605523711142023
NSD5065,0.6950252781147228
SBI5104,0.15260484210451652
URW5994,0.5289356161077122
LPU4091,0.479247578671117
UVH6494,0.5258316337463724
OIA6408,0.5411394162015835
KJF9569,0.4339184894799332
XSB8188,0.7362471212126986
KPN3155,0.5144394887010234
FSZ2003,0.6579059929383186
ESE6389,0.4245156423104607
EQS2051,0.42950444735212867
JXM7806,0.6050586646559027
FAG4187,0.19846368403644826
PSW9861,0.34095228308938375
ZZA4074,0.2851985910426956
HAU2809,0.7235979078151387
VPW4006,0.5332220641602158
GEK2385,0.5592488293188064
PSK0074,0.3888938994618454
JDP9071,0.5886924707862167
BJT2367,0.6348895917868994
WZL3394,0.20890369948929804
YMZ2832,0.29656615839711886
CAV4415,0.2715225309731557
IWC6782,0.6411741223558329
FYS1072,0.5656160989525196
BKO8859,0.3684650569406692
XPA1096,0.1754105013020208
UTK9333,0.18210723730608655
JUH0752,0.6097268954373377
CWE4540,0.6070807972459753
GTT5772,0.4998704439361601
NMS7261,0.46093171771061364
NFC6092,0.6884074391570452
SGY9017,0.33132670531434016
IQE8101,0.5991343114271082
SCV6718,0.691069363666073
CHG1677,0.35624660121778906
FXY2129,0.1433782602299879
GDF6179,0.7485169706112709
VLB7065,0.6475860633910672
HUT0035,0.6133856697408655
CQT4321,0.4357292304547885
EJC5633,0.45782578323319445
XFS1411,0.2659695166137997
SZP6865,0.6128000299704008
PRT5108,0.35161550007963255
MFG7332,0.7599152234270601
IES6695,0.20929885149155833
BGF6096,0.4024306588684313
KMX2095,0.5510631406737261
BXV0396,0.5972325325372276
AAS7113,0.432462740429695
LXU4185,0.36800343837866456
AMZ2875,0.36923937083481984
VTO9083,0.5224723299508489
OYV2826,0.30691493866648045
RVB3422,0.428183131928936
VQL8869,0.4230309858983943
FHI3975,0.5363248740622975
MRT5122,0.6410746578048698
NZT2696,0.5615283107799282
UJV3086,0.4542477650253074
MWX2959,0.6999083192020426
JRH4241,0.640880777656125
WDY5282,0.6575252119716317
PFI9861,0.3736330189704998
NLH1159,0.4083132217905337
UMO9863,0.5355118226319429
WUA2558,0.23714205041409825
BOV2617,0.4997251623400898
HUF8662,0.5954363406024855
ZGV6167,0.7679908289794566
FJI7768,0.5392035511556235
NYX8294,0.43611037961773463
WCS2391,0.4329061189473666
YXT8825,0.4127408161702887
UYD1555,0.6447334343987721
KDE4661,0.3212079992413086
LFW3799,0.26204164704807514
BOI3325,0.37409833214020793
JBD3230,0.5527009915935099
XOO2590,0.7004054377646239
VPY3256,0.5134233601336877
FWK6396,0.5207631459885433
AAQ3587,0.35297937127447776
USX9973,0.3259414586156675
ZFQ2099,0.653701925533188
NSP0769,0.31833863159820575
VZW2794,0.4345560630258302
FPQ9097,0.304040597412485
FKC0825,0.37322549229540947
RNJ6469,0.19219602805435598
FHX5987,0.5752777170415493
VKA7541,0.5270273624830821
ENB5449,0.6707164721309342
PAY7678,0.38147723721856086
KZS3695,0.21782125922488405
WNU0768,0.45803412529634163
TJL7779,0.362461180861396
HUU6061,0.8066966333352925
GIA7202,0.30127898868852493
JWY3275,0.7368003369875139
LRR3413,0.13024281968649581
PSO2484,0.8564043024687743
AMN4190,0.4084645801319785
CMM7729,0.43975577276213385
WMY3696,0.2107203623742383
VDS7382,0.3229451270345087
JCU7529,0.36385677868277133
NDV4582,0.27135152309370725
ATG3843,0.5734830024628962
BVB6806,0.6007060854894422
OVJ7342,0.5381567323779439
EWF4593,0.4088407987681204
VCY9319,0.30682016331806555
JYE6112,0.5939792110038125
XJZ7853,0.26571782928165727
ICI4338,0.3376960150214645
XMZ0098,0.7365038898416667
GEE3464,0.35901266348113364
WYH5383,0.17267543847596864
IOA7460,0.5474434008736687
BGH0751,0.2572356638093855
BZZ8446,0.5853596433372295
UAL3684,0.30782276942577924
DBG4584,0.4482987335220968
BNH6408,0.20932987707485218
ZIQ5333,0.6182055203829087
IVJ7741,0.6715745374306339
NTP5344,0.44700148481578234
GVG0103,0.4167049659981528
YJM9336,0.38912510095677433
QFS7363,0.25527941032862644
PDI2374,0.6400235033217101
KXT0789,0.33753283849441734
QFP8139,0.2032645055877177
PUN5266,0.42743847736366203
SVH2177,0.40787826006051564
YJR6111,0.41077004319371385
DSS7133,0.5590449294446296
NCL7062,0.32779555880162226
AJU0855,0.4103099567828674
XPK4890,0.6528518868352353
WIZ9924,0.39634525284511235
MGV2706,0.7941646630461782
WFZ7199,0.6952590166635042
DWL8248,0.3508098018560515
LAN6798,0.5474850186321809
PFP3113,0.6556823349008806
UXE5171,0.4264596557440231
BWO7771,0.7361801095974162
BCK9106,0.6035635789903104
KFE5862,0.5757472275163702
OSV8609,0.6042829611291625
GBW7920,0.7420715781075093
LKC5945,0.7166490680596319
UGZ4314,0.09164133258277551
JWR3503,0.18392029792923328
JQG1138,0.48267677162787204
DVR8493,0.4605059152189922
JOT3091,0.6526285010194997
QUF3899,0.7448387729835881
ISF5324,0.3721691256230034
MEC7902,0.39315218921067085
JXL4357,0.39536881528738566
LLR5129,0.3239867675910163
LLX6667,0.5455520685192261
WTI7122,0.48961908286757716
PYY3836,0.271269772477418
CWM5708,0.5451076952288638
ZWD0729,0.5684198506771022
AWZ1380,0.4980757505955522
YUY9265,0.5831367379734829
ZOP8692,0.32716749568910164
LTZ6008,0.3669560885913936
IBA5631,0.6873497090382387
GEO1078,0.3847766229589401
MTP5467,0.22431950400703715
KFZ7463,0.32807350117480494
ULX1591,0.6553657183223852
IGH0605,0.352262441558894
QMP2561,0.3215448441042965
OPY8179,0.8001886024480316
ONI1797,0.4580990854390333
DRK4458,0.2745261652448242
OEJ7372,0.49422583956781974
GOS8120,0.3490033160331706
WPR9475,0.7118420919941715
TQS9197,0.5929205211313968
KZV0779,0.31230098286092356
HYL5313,0.29822473276213807
ISD8532,0.724338177191469
XWV4369,0.7124133249151234
YBN0441,0.5846053746764764
XJM7641,0.12613407905625804
UOL9545,0.30804278556124964
GTK2540,0.6839019642290411
OIV8849,0.2647876205286211
VEL5401,0.5161264090887494
VON6500,0.7417480106521535
QXN3582,0.42804547216990163
KCS2600,0.25114716330010417
LNL3239,0.20980667998590163
ANZ7871,0.726188397075372
TXH4345,0.20068904027866147
IGO7620,0.7307356909861265
YUW2965,0.6779886979207133
RUS8416,0.18877070637215093
DHZ2877,0.7942873155330096
CGE1904,0.3626095531885323
DJA6086,0.5123562819421635
JVF2534,0.6504765887720488
MDR1905,0.6780932338775996
FDM8444,0.3105081830196681
MYR9045,0.8703094350516325
CHH7599,0.2702674493369095
YKM3043,0.28105346140889637
PCX2311,0.43056781980131353
BPP3429,0.44918651651786623
XLF7396,0.6969711893311805
QVD6861,0.4938509177260413
EAC9541,0.39267204662289357
JNY0669,0.8104136971863881
CMY7360,0.43241904386502766
RTG5042,0.7162773802320904
VPT3891,0.2365784179625861
WPR3809,0.6086535467814582
EZG4620,0.488726329179621
PVO0967,0.638508547010212
APS3407,0.2227533946700727
EXM6711,0.4718189907231004
ASQ3605,0.4976604384104641
EMZ9496,0.34527586562170465
PRQ5952,0.7640549480034731
CSV0355,0.21823161122042606
OWR0811,0.2946628762725032
STE2994,0.49634242086438773
UCX8064,0.25236811270893056
AEO9747,0.4111916742103018
NHE1342,0.44524036593019073
FIM2448,0.2943148722148686
VVI2122,0.37060016834239673
CHU5307,0.3005168324906071
VGS2219,0.6406159289742919
SKG5089,0.4359964724061658
QZX0534,0.33580413990755237
KVW4203,0.41913491234318945
BTY4771,0.5391073044574968
VWD3593,0.6590099471227756
EGA7849,0.38286085803770004
NSO0204,0.39760871340977677
BII3399,0.3861494807881652
DIK3381,0.5355317872082257
ZAD0002,0.37167584452422037
FZR0923,0.20900213112909638
KFJ7839,0.4289191706242513
FDW9073,0.5329947338795156
CDA5025,0.6604752965399545
ZNO3134,0.5343419560783098
UJR5843,0.6768484247148725
BAY7500,0.5925146460066715
LBK4717,0.6373936349487872
JPW6842,0.8164328463122081
UTN7073,0.3118810109516586
PLA9363,0.4106839197852077
BHU8373,0.6581538594466018
VEL7874,0.5309541871315022
OWV4701,0.6548284678672183
YGU1647,0.4156171549808316
DPR2681,0.3803827754296214
AHG3945,0.3530637111460656
HBA6797,0.49949288285452076
LIR6551,0.3738220650738636
QQA3477,0.4420010680063843
RLK8064,0.3578185914311066
FZE9803,0.29109736201536096
XHC4412,0.5566650819454118
KIC5437,0.7035273865166065
UJK6515,0.37733744931108854
WRR8006,0.49506226200287007
LIH6194,0.5329875312855576
HOM9326,0.41109130123352333
RVL6761,0.43352212060424294
OYJ9371,0.49572331994098573
PAS8310,0.6033423364676682
LWP0450,0.5460273647894672
QCO7801,0.5415563561622792
VPB2229,0.2497714131943816
SFD0686,0.7064555153582002
PBN6180,0.4813568775971748
OFV4378,0.8588075482520598
RJG6648,0.3964853606283516
TJG3580,0.43307861552328075
JMD7331,0.6618379803275609
ZVK6303,0.3381942280935559
GXN7069,0.4735031909928581
MVH2014,0.7808605647833472
DYT8927,0.562094839347187
NBL0712,0.9063184930044703
GYO0155,0.48623780210507606
IAC9902,0.10858557650350377
DCT4033,0.7708152624105753
QWI7337,0.38523731378770654
TPQ6194,0.5002159856923835
CXL1729,0.3837655746275105
TQQ5065,0.15446825580230844
ORZ3223,0.40818021695056295
ZJT2723,0.24970047143538948
GJX5455,0.11376055922226287
GAJ3499,0.35301293244425724
QJA2746,0.6004236808070464
IPN4571,0.5240405087003905
THG8073,0.3911048770792823
UPD6273,0.391476596347487
JYL9827,0.4847006809694498
UQX7522,0.38963332624730485
RJE7226,0.6398687440984017
PXO0226,0.5537114424148936
RVA5201,0.5371401832480531
AEV1617,0.5129247913651682
QCA6988,0.5969005105884877
BUP5917,0.4038349230595748
EUC7877,0.22886175356685343
LMA1495,0.4962094565791759
DMS1343,0.26227840121942275
BEY3736,0.5733489053400662
REI3559,0.4144637080647061
VFR8526,0.5826687404087538
DXP3708,0.29663353685621485
CYB7594,0.5370066670603042
ZKB0497,0.46011545806143667
BXD9603,0.4328376300905289
TBV3936,0.7223301917498617
MEK8872,0.5695441793261535
AXR8386,0.3813357475761998
HBK0550,0.20460167475569074
MYM7993,0.15869311087242882
BFP0803,0.5415021232567369
OHY6574,0.28686815002024535
XVS7344,0.4496325437085207
FWE2319,0.5714916143061328
GGE4068,0.4852988043411284
SFQ5356,0.3943580139053309
IUR5201,0.3492714404512199
HIZ5925,0.45284779315103596
FLM9708,0.6019789109921199
LCR3080,0.5695236354559847
LFV7294,0.28775865512161036
GTV8967,0.3792209640326034
XIW4088,0.6999234217041989
PDB5618,0.5558331477210738
IKW5382,0.32320130271616987
QSW5028,0.3288723806436908
PQK1609,0.3945799422813919
KFA3706,0.4842971740431746
ROG5869,0.3379913411301433
IZB7057,0.642733029061636
UGT0576,0.4634714862836573
IKE6341,0.3636148818907134
WFD0657,0.3407029056753327
NRR3437,0.16232693073768822
PON1393,0.6715090503391423
IKG9157,0.45945519734382567
STA4873,0.37658996548735135
FGT3217,0.416219329653651
DPJ2630,0.3475733183220071
XKR2285,0.3818586956032364
TGU4244,0.24292745389699383
WXE0371,0.8258530237666196
SKV1611,0.5670163706194034
WEM7796,0.27782855574744164
HKF5825,0.31399803722847774
MMB8694,0.3229506575254502
YSC5977,0.4912178269188612
ALD0226,0.48639731153708254
RUJ1149,0.6979249568715387
BIT9596,0.4412022708416323
QDY5235,0.4513798059220697
OBF2010,0.4713329285859949
DNI4141,0.3448127317206178
FIO3277,0.3721039018007677
EBU9897,0.39953675499177677
JBB1038,0.6915352919648627
HOK8117,0.49688597339003715
ATI2837,0.5654942738863489
WJN7406,0.22516832792915992
TBD3532,0.744438642873536
NIP9564,0.8425749032952847
JFT7708,0.44402906007363535
JCX3888,0.7035464563123381
ZJT7098,0.6710417354394848
HMK4154,0.49791498378214155
UAO0030,0.2749484815603498
VUF9010,0.4432684438916952
DWT8749,0.6578651052784192
IZG9580,0.39305129723684107
NAV6508,0.29187243222942083
PVN0440,0.7598271373584202
RBV2680,0.8220891108461659
KIO7475,0.20791578963524443
QIK9112,0.36156705246655974
YNP7424,0.34656137820641864
LNP2526,0.7784563931719903
JSS7069,0.6148622490103959
BOF6549,0.3338918207652266
ACZ8821,0.44628558608968616
BDE3165,0.7250501667661007
MHK2146,0.6173305208391826
CFC1014,0.714379646070762
NVF3938,0.4891330786063134
BKE1559,0.33087706438313713
XZY2744,0.2682847274563538
WIA5017,0.6693044873903666
ZIX2511,0.5497419602378535
WGU1584,0.4251915607746798
HMQ7762,0.5732175072924202
DZA1512,0.32623530136825407
BZT6517,0.7772875281430986
LDX9294,0.31270993381853296
AVJ1407,0.6758990004052672
LVY1540,0.19617112020355326
OAQ8445,0.5845116863078608
IER3992,0.4435177762490358
GSH7565,0.21731300259565473
MZL1445,0.5520144409196455
UTR9251,0.30985744957888595
CWQ8289,0.6538173046849698
PKY0579,0.3930009273916673
BBG2676,0.31266130254867064
FJE1300,0.48768028164118005
SVU4532,0.1616557482910696
HLR5621,0.33013573997733925
ZKG2634,0.43717200967721737
EMJ4291,0.5004268421101925
KTM9004,0.40711339998503393
FEQ8164,0.4659982300123111
ZXH0943,0.37398854788866465
TYU9186,0.3591344102898666
EEB0624,0.7764792430985175
LWQ9693,0.2872475788762816
AYO6751,0.47424410421744667
MEM7039,0.6821353072872063
XCJ2719,0.3641109597808221
VBI9490,0.5327872687704407
JPN6438,0.45476887463302945
YOP4022,0.2771500727845402
WIE1670,0.3277068105825177
ZZG1279,0.47712935058984285
IBY4892,0.5031918444436181
VRH3683,0.4320356924641372
KTV1619,0.32027443165728686
GQB7094,0.5904357249708702
YCU3371,0.40527349615401886
DTP4491,0.4763046969677737
WIV9796,0.41353676592230876
MJI5663,0.46774391174379665
WCR3433,0.5674324077588988
VYN4221,0.3750626475927406
HVJ2795,0.6352005873153109
WTT4377,0.22047647904845946
LDS2388,0.15559422504182246
UTE4496,0.369077304164128
VJY4583,0.5731612427658185
LSA7964,0.6633732142177622
BZV3649,0.3695199472653016
LWS1272,0.46604847442938524
VLH0947,0.3209999825430004
ZVO2998,0.23329144443958388
PBJ7693,0.7771344474259123
KQH2058,0.38983751557811963
ITP6992,0.6889858822423462
WKQ2030,0.41177735967388585
TKJ4454,0.29530508000672495
MCT7093,0.32395693272476456
LQQ6326,0.7590038986789613
RKB6395,0.22832041228865144
ZAH9261,0.5303437443050181
GZI1127,0.24194807256323458
CVV6331,0.6605312218751433
XQA2811,0.4978983705540163
SYI6054,0.6538083605297577
AMY0655,0.21562618597250505
HZK4281,0.18818846068966666
WNT8145,0.3475368299229423
CCX6236,0.7354424556228016
OAE2016,0.23537405388507765
HHZ0542,0.35422428842822173
DZV5764,0.44106602671782646
WXR4271,0.2897719133440357
NJL1519,0.5992809353043599
ZBX8960,0.3178880080494592
TCO1239,0.8050867558181032
IZE0277,0.5033654937574263
WXK9583,0.42243973068338037
FBE6451,0.5692624493312266
FTX0418,0.38190896206430136
UVJ1190,0.6040613113751989
ZQD5170,0.3085674776760878
MMG0954,0.22343684093353916
QTH7652,0.4772026047113688
EPL8454,0.6777679064129801
ECP8252,0.7297323884902238
ZAU0784,0.7883416634744584
ECW3835,0.6569301408349206
CMS0318,0.6673769061240675
WLW5649,0.2800966690738398
JHX5386,0.5679413029303535
PCH3333,0.5880284400123035
CJD4090,0.31841228802958177
ZHQ5954,0.6530516751988031
TFC5723,0.5143452128840661
WRQ7331,0.4125926845754261
KAN4912,0.28522796709745474
EPD8279,0.4598077730055833
PDC5099,0.6308090194204736
DPY3938,0.39566906894795634
UDO2330,0.3928847544529026
WKK8778,0.41323557410256095
KJM7083,0.47458357949977925
DCA2616,0.36353351289545455
XEH0275,0.2661276122379724
BVJ8088,0.4601660072119098
ZAQ8758,0.3529334054517791
HRF6526,0.5889319931372461
QQJ4189,0.8166661016874817
ABK5848,0.7344580071009371
OEH5253,0.7223002405393613
FOT2445,0.6195868956891378
UXU8867,0.28868390757363505
HUX7982,0.5136780805509054
SMV5436,0.725545409202601
FBQ4481,0.2414843845394298
IUV9080,0.16763331437789852
LRN0740,0.5137091192303813
CBT9092,0.5980988151226336
CQG4678,0.43462110081580596
JGQ8837,0.1903352055766702
RSE5980,0.36325768967433447
WSZ8728,0.47374850807182634
SAD7889,0.7622409213423131
DPH0398,0.7771654400793596
UQR7067,0.2897271248463983
UUY9624,0.7752858926881273
PVA1710,0.8044534884036133
BOT5603,0.4688702623629879
LWY7653,0.36554279445181354
YDH2973,0.4511068927205003
MEE9924,0.545379975483752
DFH2841,0.533850437453322
JHI3131,0.3968618676510284
AGP6903,0.39621060603323355
RSK5328,0.38524693806748406
VWE4596,0.37682114831439556
EVB4879,0.3242196037988547
QHA7457,0.7283587002986822
BTH4717,0.6860809107289296
ZYR3814,0.4236611202253542
IHS6850,0.6943133183424932
EBB5326,0.33543035386154274
UOC8757,0.48105345645899145
VGX1724,0.4676492867121601
ZZW2620,0.3612993980919603
WGP0738,0.3496594111035033
NDT9688,0.4530617868927723
RDG5759,0.13358200822867472
MBZ3219,0.5627842246787478
VOA2778,0.2908764444337782
TER1659,0.3946100310223699
CPG1677,0.39098616986494517
MTD7705,0.5792372373894008
TXG5920,0.4945790990542359
MYX1390,0.5301478002235489
XMW2906,0.5368789748278766
NVX6011,0.35511270397776007
LYR1389,0.4812716705750647
ZQS9453,0.5300379994336095
KVY6771,0.35128036031556287
JQP6097,0.39193249147890585
ADB1236,0.4149040916624829
FAA0655,0.34583249806322935
RUP3785,0.4646039992176372
VTO4977,0.3670257161600019
OWY9257,0.4281882305658784
INZ9599,0.32614761063684405
UYV9434,0.37677121644903167
QCN3988,0.6159435072767696
AIJ4474,0.31169429392417825
GMF6125,0.5567341728614685
RWZ2877,0.5574850164930674
CVR4043,0.4015499407697225
RZY7054,0.41174094096694336
QPL5273,0.5756337080611625
KKO1796,0.780627241549152
DHQ9595,0.69946737286891
OUT6240,0.204225875434849
LIR4665,0.39047090821869945
VBS5912,0.38373565871142284
IEK4502,0.31504291403877155
FYA8853,0.6207918892619463
FOH4659,0.7899395667612304
XNC2504,0.3650254106737749
SHN6071,0.6581026364647009
FPE9638,0.19481060506650433
MIQ2318,0.37787115301976437
NKE5145,0.5666198338575525
BNP0383,0.229355553494761
OXQ4019,0.5331688022144483
QLG7535,0.2872832247709136
NFG2213,0.3975148857841624
EWY0202,0.608333812635057
LXZ6473,0.6593653280705695
XLJ8555,0.6609789118754449
EIU1933,0.5803781071474579
YGT7289,0.5343564089826196
YNB7874,0.4863791903987794
NTW5371,0.3139579815739265
VSN3165,0.4400988803203051
BCO5595,0.781575484855821
NZB4891,0.5530422596572873
UTK5485,0.5849960873879173
SZO8539,0.2297670864677482
DEP0199,0.5408681718791069
ULJ4832,0.44626950093981743
NLA4883,0.4540037615501854
ISZ1044,0.3719106410202607
VOD3596,0.4858367469628565
PNU9920,0.1636028909827879
VBP9681,0.5909542801783985
UFA6698,0.32923975438022707
IJP9499,0.2887050426649309
FDY6857,0.28972805428328463
LSM4366,0.2816966650573118
BSH4545,0.339331446384991
VNF0492,0.4675644629263915
NRN3248,0.6619044903061881
CFL2795,0.42326344376078073
UPY6262,0.6853307566304236
JWA5753,0.7096188124155478
YSL7643,0.3710704184700794
IJE2413,0.6065154442163463
HMG6508,0.559403364128807
OND1652,0.5987800294880947
RCD9204,0.5584132416766165
CVX3958,0.5021081993155486
SUD2927,0.4706684333233108
ECC5428,0.29735995106415275
VVF6053,0.6573879400404352
ZUW8629,0.41162997127223666
QCW0913,0.47649346849397684
UCQ2988,0.3479701238380613
VTI1308,0.3887473009765786
YPL6010,0.5402899386994118
FQY4754,0.6557195123415482
IMB0115,0.581114611139068
TGG0560,0.4780806160037896
LOW8153,0.7394742939493804
PMQ6674,0.5416532930402286
ZFY4122,0.356515235199069
GDB4295,0.4293814424035328
IXI1781,0.38225852737991495
VJW0795,0.5695667638681672
VBO9417,0.6422490854821232
NBE9866,0.1996159546426463
VGC0338,0.4644711653931932
JMS7867,0.31944628529521746
CSE8479,0.31833018337756724
BPR3060,0.8052474876386051
SWM8178,0.649541587338883
ZAW6991,0.2799247327799632
GZW7919,0.46370068373978074
QLK2483,0.5503308895546395
FBN7235,0.4946396048669911
DPI4700,0.5256795448880769
JML5008,0.567847401363027
EWV8051,0.5974895703632925
NAY8513,0.4143140335822416
GKN9646,0.4440349074065707
IQF6763,0.12564775069523434
QLJ2322,0.3509389780707963
EGR2384,0.33680597501448395
LDI6232,0.8827211750664559
IXP9686,0.17999005178487393
WIS5869,0.7558489915317215
QPG4120,0.676436800209179
ZFO1888,0.49323421776194365
GJX9033,0.2499053029491435
HZG9332,0.36524824853470694
RIV1782,0.373774167836997
ORG0034,0.433475972346125
MBO0090,0.6239471843544698
JCK6531,0.160459854903035
VYQ0919,0.6976193017498173
TOC5703,0.24699527491235929
CHD7768,0.623184181578212
TZO3960,0.2643803811330878
KYP2401,0.0970982889398822
GTU1888,0.7208483210795333
LVV0631,0.5116872946618601
NXY1801,0.4363645495497157
LDF0276,0.8339257900538146
QCD5470,0.726073704683365
XGA1603,0.3892553843087697
BKD5139,0.5999042062332804
RIV7224,0.71698977915712
HAC3956,0.6772489671718455
CIX5564,0.6809238334362728
POL3249,0.7417638563239285
NVJ1952,0.5646207650139751
LJP8831,0.6042611176498365
CMR3851,0.4415527911256686
BOL6020,0.7740469911320238
QOT7252,0.4172788331587696
SET4895,0.725842410702685
AOM9004,0.15546665498351236
WRL8060,0.5025628196750554
YRI9524,0.3041094830872122
LRB8922,0.5402888264442014
NCP8644,0.46869157242244375
WTS4018,0.33582018689805515
DTI7426,0.433544972329854
ZGR0098,0.3787061790131251
SAD4571,0.29584543691024395
KEF3478,0.5932178849541532
KVP4733,0.547311545532035
TQW7158,0.48775841503206324
VBW5493,0.5251383600691331
MPB0399,0.21260345576823128
BYK7045,0.4159028761291894
EZV1040,0.2955839953329191
LIX4967,0.4126522662652563
YPX9462,0.8189218427139736
GUC7779,0.5338541390621431
EIW0176,0.660141880161347
JPP3633,0.2562667324406448
ICE8497,0.21422895375770512
JCB5870,0.27313077353179616
TSX8703,0.6534068500365022
WTN8881,0.3888435013796232
VTX2950,0.2691008684072083
OXO0872,0.49032098866190466
SLL9902,0.19844007996101015
CJD1628,0.255150803341288
YME3555,0.634804611399906
XKF9852,0.5315600886072731
DRE7767,0.4393522802951621
ZWO1818,0.44663105373437434
FEX6317,0.7690544702491515
SNQ7014,0.30595161291928463
GQN3038,0.7647310026512437
PFF5514,0.47288366655648667
HPV1117,0.5238563202068931
III5054,0.10752981819443053
LNW6654,0.630959800483889
ARC6596,0.3289896757226939
IPP4620,0.7000266607556853
NLR3257,0.5579351584293242
CTB9878,0.7475016044364993
VMT5143,0.4352653756153654
AHM4211,0.30571222402865406
KCL9551,0.6744151336079087
NHK4195,0.42342698338177664
INQ8214,0.30443563894726533
LAX7318,0.484688570849953
TYJ1073,0.5890171029540809
KHR8174,0.41265827313066394
FXV0272,0.8307090753308519
QYA8718,0.2247583065569502
MGB8317,0.6043786399348107
WYJ0017,0.4275033266912133
YCB1541,0.14507897393674957
OCO9701,0.634243185768819
QOT4213,0.5048535280283111
IZB8133,0.33511842839723743
JQT1085,0.5750611801931993
BCD5519,0.565294094657629
XBP4686,0.5051492216975075
BUH6163,0.38136164719772614
YCL4225,0.52419022927186
ZGN1837,0.5625051089991224
VWT7951,0.6458341935600895
WCU2909,0.2611560276209568
ECJ8667,0.22167337996634814
FIZ8807,0.19830251318403128
WEB7022,0.43658036663364364
UMV5479,0.529706617778083
NTU3115,0.28207633955393696
OHS0889,0.2585014969455958
JRT4331,0.5002448488559381
AWU8320,0.5075449318209156
FZQ6790,0.5416225219884516
SAW2413,0.7927418313554881
MBR1935,0.8403918470562624
EUM7981,0.29595225220774807
SXQ9635,0.36884579570606524
CSK8727,0.5413917849154402
BJA6633,0.2732908001724238
ZTS4215,0.2075680632770943
CXW2502,0.31620505553379197
VON6528,0.6653719412324333
XBC1483,0.409709949620272
BPK9428,0.26086996359417114
IJM2804,0.23306466261067543
JAU0056,0.6554851503098977
SKG7687,0.3877259385580699
LUE7177,0.829849240735031
TFE7449,0.22750169937602538
KUU3033,0.19168666698203163
BSC6214,0.4984148098022561
UPB6992,0.17687716826468525
LPO9433,0.3470428632423971
GRR5260,0.35976877146630926
ZYX2775,0.6471750103758718
CRR7571,0.5568255404153126
NVR7579,0.47974927588888483
TRO6653,0.403896803619181
QAZ5784,0.4858605435954985
CSA7855,0.591770036284361
SKR7049,0.46088258905354784
VDC5945,0.26407856804389657
RQG6441,0.4372545458661102
UTK3942,0.44668981978081357
GIS5276,0.48825530271968853
LZC3931,0.22617174356614533
AQZ8439,0.4760752479057403
HWR8277,0.760511463184029
QSW7544,0.4487528944667648
QMO6786,0.47838941848912675
FFT1267,0.4356759317806778
WBL1699,0.2777284575934851
DLN4360,0.42296171581860886
QVK9371,0.6973453158570897
PAJ5923,0.7377113143217099
VXF7049,0.6300279564125977
ETT8073,0.3774958025319148
AVE9956,0.37672764148842197
TPT4243,0.482770112473308
EVT5415,0.3728138049064468
NRY2349,0.5972925855077477
KPL2000,0.6340665462393738
JQC8916,0.347247418219347
IGT4727,0.23401812571901573
FOQ4697,0.4945769762284479
JMD2554,0.6687725985569384
EWK4862,0.4171957697764582
SFG4231,0.7209374710083096
OUW6979,0.8616576490925238
PAT9207,0.23490476819340492
XTB1114,0.40888568386637836
SUR8024,0.7432208081776626
JMJ3446,0.1582088101532587
FLT1779,0.5330422985278106
ODI3507,0.3761160078163175
VKX4649,0.6179895083698439
LXH0711,0.6162023802980139
GOH3012,0.7049117597206394
XZK2864,0.7012614233364134
FSA2525,0.34674396545773745
OML8735,0.2550416044302535
CKW6247,0.268318916073931
BZK1475,0.4295623462870279
BGZ3773,0.43775728424620797
IHZ1914,0.7800978273816891
XYA6636,0.6133219009292057
RWD5233,0.6825234460305085
GPV8030,0.5075691393075468
NVZ8701,0.7598434972312662
XSF4318,0.5577379142520573
WXM7923,0.5095553992643364
CVQ0880,0.4657132366368575
QOQ2863,0.2619450268275727
RXX0623,0.37132050804008726
CKY6595,0.2670577334425611
EXP5590,0.4081276477004514
JWS0195,0.4016355839068495
DNV3342,0.36973470008559406
WHY0533,0.2627121473548524
IJR6798,0.47058043202420663
SVJ2157,0.510635499046963
YLW4737,0.4227812554601774
HUH1315,0.7303503018602786
XMX5505,0.36973614593633497
TBK7519,0.2980553243016712
KXA1414,0.5721047391473009
FQH2166,0.6085603185827125
RQN7624,0.5803899332844255
EES6771,0.6477922246106591
JPZ4794,0.17299498512332767
SYU0185,0.26639999007412396
OWS0031,0.42987596036792
NGE4427,0.5300548288149058
FGO3834,0.5024487646438518
OFI9247,0.7017892777613821
AHB9803,0.747821683829635
LXD2374,0.5913499186369424
PBZ7120,0.5741031386522872
NIF8371,0.5210132344132818
XST8100,0.15826018369169192
CPB8339,0.36206608425333364
NLP6754,0.25358688369096205
JSI2170,0.16488586678815356
QFM3680,0.1880646333638385
BHN6631,0.4462548110058976
CEL0556,0.5424139058154758
XBD4029,0.3938074512961684
RYE7752,0.49571873434434854
QOV3032,0.38454702936566454
XIL7243,0.20136809980236156
KAD8756,0.43197367272723697
UDU3246,0.45085400188188773
BKS8607,0.45093533873195013
NNH7225,0.5775202622758022
CON6996,0.427537608686802
HXS4917,0.40894107258644224
PWS7531,0.12530147927801108
CPA8641,0.8572741487527291
RTW1393,0.6653292154770469
QRM8880,0.5770544721541219
SYU1247,0.39928838320374527
BKP7999,0.4929868993660031
RWQ2872,0.49281803049877243
VET6669,0.3189395860856606
BBR8345,0.5322091701510482
FMC0185,0.47075996273422366
YWX0652,0.3512171108251433
FEU3392,0.5106753279636795
MAI9069,0.4007698156819897
KSE3648,0.649476203027171
JRU2012,0.36981616147710006
LAG3972,0.5039248476497
XDU6150,0.3744913512417144
BZO3678,0.7398771504676971
UUL7578,0.4777773592890996
ENT4935,0.14459761158329584
WXU2063,0.44473755882883215
MFJ3188,0.37834041115215566
LFN1743,0.46482214938417155
FEB3954,0.2908983330410185
XJJ5859,0.5195047113969135
VIM4571,0.43207009421202447
EHY5432,0.41812847842238665
QRH8342,0.5361315509036535
XMG1831,0.4083970636554439
TJC9764,0.4107698560389683
XUX2979,0.3866262724373554
QIX8136,0.15395446698556572
NOD6437,0.7722487954537356
JDV4500,0.575622114606797
TSU3436,0.4885027454640651
YQE3043,0.49259266373045446
PEN4600,0.275933776807749
VXG2069,0.3591558536372771
PGV2258,0.41119831642752624
PPB0159,0.4727627106891119
EEZ5587,0.25686509784671574
NKJ6134,0.4361854463633137
GNL8515,0.615372780836212
UDB4012,0.8145445621523684
EUV8082,0.25906118449561305
FKA1499,0.37504519609721576
TDW1832,0.419288625983331
UYL3937,0.39605757257987284
WZQ9514,0.27869446759213296
YRA1133,0.3542984663807669
AUE4212,0.4744042662248734
AIO5707,0.3078457001455064
ANY3654,0.619691958347877
CCJ1581,0.5048331454436177
RVJ5539,0.5523739993230834
JQV8142,0.5771933853601261
LKP7864,0.4481063950601032
QYO2749,0.45600363675600813
VTS0473,0.3892651727431726
PGN4080,0.5617891430680217
BDC3366,0.30459264164626143
ZSZ5292,0.29801372286240196
RLE9918,0.28103298233393303
EXF1515,0.5607193372620511
UTE0139,0.4972331765333287
OFR2518,0.5570811750458408
JJF2590,0.4146669830677391
LJL1360,0.4363011146955787
CIC4708,0.5399213810070516
BCA4110,0.46130139281118343
YSR8537,0.14740839568506972
ESH9012,0.3726560486667314
XQW1169,0.47311839801897615
SIK2342,0.42499584348750663
EFQ6319,0.41803890392977827
XQE1526,0.4390869001334458
AKR9099,0.5640096614946959
JAI3468,0.27758038865494644
WTY4270,0.32412743050073445
COV5080,0.19167651901215454
LMM1024,0.36709219304831353
IGE2896,0.7747204715269116
JBT5109,0.4307988520159159
DST8276,0.4209436678303693
BQC4343,0.5729526327357313
FKR4884,0.21707940667049647
EEZ9582,0.29748831240653884
KEM7815,0.36846434438611386
ZIC4531,0.5991893488270129
TXY3351,0.6280326063693105
SVT4843,0.37035635329489236
MCY8318,0.2146573690996541
ZHD5694,0.686555593339912
EYL3435,0.32035316181648055
FAK8590,0.4619115191837181
MMA6648,0.8085268916969505
ZXU7819,0.6713000700695793
TXT5173,0.6478951029378364
NOW6615,0.2941849138651862
NCZ7758,0.6522972228506319
REI3094,0.4629533924073258
GKU4570,0.8395177421401379
QPM4563,0.5796934909960592
LIF0935,0.41006993948920445
QFT7638,0.5163493616674968
LDD7909,0.6120106804046326
PMD6356,0.6959174173280248
XSM2533,0.19835307562072096
ZAA9704,0.7213655479340744
PKQ6825,0.3134568123446919
WAJ3293,0.533317729045893
FJC4376,0.42770384543846024
WOD5328,0.5136221324517883
OOV7630,0.11385762070118643
JLE0045,0.6054112806795763
TRT6193,0.4941852421412214
WRI6749,0.5078198346186478
SKX1054,0.43851649279866234
WOT9749,0.45580070216382734
LUO0920,0.6400635357966431
FED9755,0.2630315429133226
KSC2280,0.708305478932038
SVJ6815,0.5855515697129354
NGF1992,0.30376804609023667
PZX7839,0.24931256818192632
FQJ6322,0.345077603105823
JNH8656,0.20920516996237032
UEK6875,0.21751215394243711
FVT7847,0.4217477560007025
VYM9686,0.6043075630120192
HUZ5652,0.42377887942858383
UGP0737,0.3599875475156611
PML3266,0.2651602466675162
SLY8923,0.6014570216004586
QBQ3841,0.5075155208233932
DRH0163,0.4605517676302503
NDQ9001,0.6758562802406606
DVM2517,0.5107887892051506
LDX6766,0.3525009448944398
ETF3376,0.22198224922081558
PPV8379,0.6048025161573386
GWG6827,0.3714647829669625
QPP6524,0.4719580130358706
ZMG3395,0.27997297333352245
RYA6828,0.5843694034226121
TLJ4903,0.6533855566252892
QSJ8380,0.48273146140804624
HVA7599,0.6006866046905169
INA3184,0.45150596900223816
LIC9006,0.36808866979447963
CRX5646,0.21658459471149832
CJR7973,0.44947678425675214
SIX4048,0.3066162951619107
HIJ7224,0.4653229749276028
IDF6143,0.741931109215993
LHA4851,0.4284332739231328
DUP1250,0.20016255915122477
ETW3839,0.540532969464592
TOS2521,0.15830511067321273
TXU5196,0.5230050525870384
UTN9806,0.25897854883831717
UPT6736,0.3698483554902781
QLO4437,0.3676521573201521
FDB4146,0.7586164642895441
CJN3294,0.44283392013489564
IGX8925,0.4489497492807684
BRN1292,0.4853467103527243
JVG5455,0.34427338270088703
OWV0422,0.31543748637107916
EUF5580,0.6222366166989612
WVI2357,0.5574156619848524
GMI3091,0.24673179753315788
OKX7088,0.317545993087181
FHX3427,0.2950903083275517
IUX3518,0.5973158248326156
XHT2960,0.49204521864730133
BFO4768,0.16204048134495247
QCZ2397,0.5049081751469147
HUY9240,0.24951501133815224
RUG7309,0.34411092543033023
VMV0997,0.43517385627631794
ADM0827,0.5668581029191164
ODT3808,0.4498159085003701
CDQ3303,0.38402886208077847
GQT5475,0.49134907308762543
MAQ3766,0.181408108162775
QJS1732,0.4566769632881235
INZ3983,0.2962685660255238
QGT0911,0.5575936702678554
VKB0890,0.5209647904813861
ZIX4904,0.6795213089038662
WNB7111,0.632447562159121
QVL5835,0.5716534688175094
OVN3723,0.5738404001061291
ZHH4408,0.4490406240230086
AGR0025,0.24937174592725547
XBP6656,0.3860794446121779
XZV8150,0.15152896159451762
LHG6661,0.4313211496575444
PMC6232,0.6473255193959564
FIF4321,0.5341448051820796
ODY3807,0.5139229691201441
RXP3675,0.3946656593920791
WDE8034,0.629026644464477
DXW0967,0.4148024569070307
TEB1181,0.5843519902533691
GRC8180,0.43397632867660973
MYP5419,0.4304086610931973
DEH8750,0.5300427578926545
XDN9367,0.6172400255218782
LCB1865,0.33109638567827915
NTT5170,0.6850365429082093
SOQ1632,0.44105969037187764
YUH9692,0.4278429949009473
JYD2074,0.3773178880745207
QQG2862,0.5354198611866322
CXM1623,0.2496711149617764
FUJ9930,0.4524720223302929
CNB6992,0.2142391650524718
ZVR3165,0.5940689865818027
VIG3338,0.5904782827680549
ECX6390,0.5590062436127772
CVZ4208,0.49723117013921214
NYS5963,0.5599599953552663
QYV6805,0.6299579237311999
RPM1362,0.6861410013312914
HZT5933,0.6020180552046959
HAB9073,0.5697181077114533
UMP0408,0.3269584985548415
LDP7953,0.22705854705161077
HJO5548,0.4157475434609409
SWL2951,0.6389798457310829
HQJ7509,0.3597453721735492
YXE3238,0.6045887726351873
QBA1659,0.8085185477553469
UGQ9648,0.593564163038308
UUZ0902,0.696240319754011
YIK0290,0.3017966201899736
TKL9885,0.7720668669972159
TAV6410,0.3902027750634822
ULZ5016,0.5541890675975738
EBN6340,0.4766197033035918
SXG4078,0.597294293438886
RGS4046,0.7025809883843394
ZEN1745,0.2968891684137406
EQP7859,0.3573086045003553
XZG0749,0.5169864728904829
MUR1259,0.7219501296929097
GNH1572,0.35458050883506625
RNT1103,0.3096675572870477
KQP5148,0.4465216250682298
YPL9606,0.2739919642437234
GEC6684,0.6283842232172135
OJV3269,0.36025099519744885
KBU9669,0.4047860687568683
EXK0686,0.20346913978834705
TXD5026,0.6250856532752789
WBE7793,0.3131665662142321
FOW7270,0.4069125377912004
SQT6432,0.5569360604526056
YZN0545,0.5011932479366878
JWG9773,0.7877696673848815
RYL1835,0.5672639318492103
VGS9426,0.37184235576617686
LLE5822,0.7742397636735157
CYU7374,0.8101249305081726
JCR4090,0.5014441242898948
SPD9900,0.49447942110124266
GDM0800,0.4614471868259036
GPN2716,0.20025455871393705
HYB7458,0.6816323788979073
YMD4662,0.8659938729427313
IGD0921,0.7061620469791938
CJT1561,0.08485138556131264
DEI4249,0.5751181549838442
ZOO1036,0.42309894433580997
ZWD9803,0.5586124146612497
GUH4927,0.37443821191521054
FLS8480,0.3145889566103013
POE9287,0.4779490594308117
QFK9602,0.44511667927529963
FEF1920,0.48554928396879443
ZQK8721,0.507841259325573
KGP5853,0.6182296661979443
HME7697,0.42917091535748697
LCF2931,0.36751926380384004
XXY7874,0.5968755397457522
ZEL2095,0.7017505371728296
GUR3247,0.3683154402005786
JDL4331,0.5468163009061147
EHE7119,0.5173082179692312
UHH0658,0.6187779400358693
END5028,0.3865255433260715
HZE4718,0.6490364056004692
TPN7250,0.518498146417494
JHI5936,0.1269483823815758
UDI6384,0.5449675456621821
RHD2687,0.3796598824758751
BXS8111,0.5111202898883497
TJK7138,0.8460307233365342
JQI3533,0.6059137848056406
GNX8347,0.7443548375348199
RXD9228,0.5305437168570533
FNH3965,0.2545246415777941
EMP8062,0.7276816929543184
MEJ4356,0.4129817092836079
UIZ6838,0.7171411023912615
UMV2455,0.5497289605660576
HDQ9910,0.5011187627906578
DZK2637,0.7607132074594616
MFA0957,0.7572204521975648
FHG5382,0.16468388232729125
QCU3035,0.3200693706037854
YCK3225,0.30789798565074633
VEK9874,0.39981815594306785
NTY2368,0.32230388686301037
LVT3457,0.4754720538033326
ZVH5381,0.26639692365024337
FCE1353,0.4572087856223813
WQW2081,0.2845824243320939
JUQ6158,0.4567672427468734
OHS2466,0.6341873725268901
KPF2140,0.5223173782474939
BAO9938,0.293422488703901
BEB9268,0.4902890099708156
PEP2360,0.18618021063654847
KBJ3393,0.36873566320625906
KJP8929,0.49754372902000754
IRS9319,0.7813616610650864
GNA6559,0.6453943234656998
GDD3535,0.26661481324533076
XHK3076,0.7773767509090728
OPT3877,0.4682879160158022
KDM5132,0.4815440967876019
ZGH1260,0.5354046051125005
ZPC3616,0.31544363371137274
CCD7521,0.26024832634032813
RLR6078,0.4083251840559652
XHW4339,0.45009764478210285
NEA4125,0.34494359158849497
FYT9337,0.3301744743507179
MZA5737,0.3374366107607607
IWX8525,0.24527354895338394
UXY3602,0.6006981579062544
KAY9863,0.49001508194373244
ICL0681,0.45378391736015317
STV8662,0.5227119640573828
NXA3158,0.4846042402271872
WUT1669,0.4060000606946794
WHX4931,0.5715907596405984
QMF2498,0.6265326316528226
FAR8609,0.43866576519681943
MJN8543,0.5340419116571751
ANC1727,0.4986074444155684
CMY5018,0.4768033852391369
NUY5204,0.18855770256100593
YIR9679,0.42034054796433284
XDM6706,0.36322959504098074
ANT8269,0.3298586370645612
ZQP3525,0.5390686628081781
UKG7598,0.3380620617352351
KIS2908,0.5954467462606496
AIL7774,0.23284417453111497
WYW7672,0.6281124320593323
QCX5525,0.26659046416887844
JZV0769,0.3578635759023598
DLR0932,0.3638448226149481
VXC8863,0.6259298091971031
KOH2895,0.5631058680088576
WMY6508,0.6583851344417648
IFX7040,0.6076639950131464
KZO2590,0.1967940975446871
HLW7095,0.4232067718034036
MRQ4796,0.5213102891602706
NUA9006,0.5458692109813932
BSN6358,0.5334654078959506
AAB1308,0.3426039754928037
MFD6294,0.5346357536332658
CPM1668,0.30356421605739237
ASC0080,0.5778280247550803
MFS1546,0.659086085315266
GTV8803,0.28187598167205474
BTB9943,0.33587108746181216
SWM6904,0.6406060371731472
VRE5552,0.45104270871375385
PPV2663,0.7085458370559963
NPR4084,0.6092226000540371
FIN5241,0.32472487266426886
MLF9852,0.496533623510236
PFX8404,0.4155246327083636
NZT8763,0.7142748637426531
SYP8802,0.47089094625679206
RKG6794,0.32097309795340867
HUT3552,0.7808108320458003
GHQ1739,0.3421263618315923
NHM3753,0.5223075016565026
NXA4981,0.23882079147527874
JKD5635,0.4261412364375637
NDH9283,0.11207101639176677
DRI7386,0.6373512980282243
NTM3474,0.47133461834281354
BQR0893,0.6939122711503759
EGR9812,0.7509389429516997
KLO8178,0.6329587824136964
RPY1835,0.27356076359686327
BZL8581,0.4711344221915582
QYH1854,0.5193083995571577
PGK9212,0.24251561126775412
UUE1033,0.3594355006981422
ZAP8815,0.5893917927464778
WON0228,0.5425050654629945
RSO2008,0.47691629727924045
EHH7629,0.303570146305536
ABQ4338,0.6768955837936526
EBY8977,0.4136778053643863
FWF2890,0.5701043823681929
HKI0609,0.5743982020719632
PAB5947,0.5039228325544987
HEA7016,0.6281667795873396
HDW8123,0.6130793268762886
LLZ5422,0.33461526844400746
ZPT7132,0.638145696094564
JEU8627,0.7210086281419867
UQY3173,0.4946762773603581
BLM2089,0.5972786396480326
DCD5221,0.22782586273169253
PHS2469,0.21640719443604886
WII3386,0.27023286705634764
OSB6146,0.36972600212944046
ZYE8393,0.41036963095985324
NRS5494,0.5530731110489924
VCK3879,0.2925495985765372
QBK1287,0.6757333344936003
OOT2673,0.46390876305159173
PLD4712,0.45482250632831606
BCA6861,0.2762295891424684
BKB3148,0.22407339928553893
UYT2460,0.22333270528734822
CGV2591,0.4234315813411111
XSE3563,0.1473237356829063
HRZ3422,0.8180022632342592
WKP4106,0.19357595610900752
EOH2042,0.5021276805250603
MKW1588,0.583801187152919
VKV4425,0.3873216144132663
JIH0956,0.6961909681548266
IWV4857,0.30905977984350463
HJX5465,0.6032051524937905
YRJ6285,0.45372398278297044
APA9822,0.4699193159523709
ETJ7252,0.4508378519886595
UAZ5155,0.4233251381101774
JCO5005,0.4304160194704321
PON2616,0.346811752863994
GZZ9302,0.5385417412544476
EXM0909,0.4875636527748529
YPF0123,0.514214483996593
JPO5490,0.34508525296939263
SWN1165,0.7309720485486557
DTI8446,0.39271758010700086
BSX9409,0.4549602418952946
ILF8133,0.52540708525186
TAP4650,0.8177165476218
NQB1919,0.10638435629656515
EVN2619,0.7020124222192315
FKO1395,0.4048986014598312
KQL9739,0.3901128831946732
GTP7103,0.34724072122748195
FAB5180,0.49314997234519353
DNG5054,0.48347528706637743
PIV5711,0.3509780178794628
RDS0818,0.465119638150701
NVL0735,0.24466039648740767
JHS0345,0.48245300689368575
AOW0183,0.4013808454070373
JWB1663,0.14912401089200397
QBI8434,0.33761561669720697
YGY5084,0.2019826157307954
LAJ2381,0.6416357719368437
MVQ8426,0.6560790636802327
XEU3341,0.4135439663709129
WBB7069,0.4421412381827068
HSV9997,0.559006259955295
HPZ7235,0.4796196770292359
LEQ9893,0.4790425957265515
SRX0685,0.5167055474090652
TJE0525,0.6183994150184011
CBV9705,0.5614842044952256
NFH7701,0.5318534841416447
MRJ7981,0.4715675894946965
LRQ4994,0.1845705451530031
TPZ2644,0.7490395628362269
DPE2366,0.40169840707114424
GSL8285,0.395375217872366
ASE9553,0.5041841581770707
GCQ4270,0.4717778215935352
JOI9750,0.17690034280421812
UTD0147,0.45092522861055806
KZW1095,0.5265719171201726
GSL0577,0.7890537015059007
OTP1368,0.8025411808158391
JHZ6457,0.4192116015189108
MKI6175,0.6669609142186523
GTG8406,0.6054243429416235
VZP1954,0.6506617336838445
LES8781,0.2814262271912603
PCF0526,0.541015608075019
WPW2050,0.695277991726959
DTH9411,0.4899111988227789
YBA7820,0.6790492939201209
VSR8739,0.6823649441074601
OOR8305,0.6806714277971349
KDF3451,0.33940313728582994
HRS7842,0.3617248203601063
XZU3965,0.5431592932161229
NWL3338,0.41916005619218155
GWS6777,0.24570703260725602
PWO4056,0.30383620659601557
XRN4973,0.2768179579412115
EJB1687,0.43532468186942797
BUT3103,0.3367154630060899
WQW1045,0.3866406472502337
MDG3445,0.2196823787761301
XUJ0717,0.34455210889739246
HXD0371,0.4944770029750954
FGD6466,0.3861730093180089
YZW8155,0.37341902036947444
YSW6454,0.3961641600355339
XRS1062,0.5569023185568533
SBK5282,0.5935232624740656
UMT8393,0.20874351156966436
MLC7262,0.7253085552944347
CHE7839,0.5128582240224497
ENK0333,0.28581772889946416
WGN8449,0.3321880203213491
FAM3458,0.21390926996505222
LIJ4989,0.836298060859087
WCJ1614,0.3767221681360333
LCJ0354,0.46544928161618554
MAS7337,0.5325212508881985
WMR6816,0.11426250511109579
QPD3244,0.5204298388747753
DYR2618,0.42642910953057467
LZY6766,0.29343106928793156
XPA5745,0.265917054546142
OHE1207,0.8070466864862549
GMB5921,0.7641323742602001
PUN6155,0.4338917040331568
UWY5599,0.7761670836761746
BZP2422,0.6428255321064715
BFA6296,0.676205772339664
FOC9534,0.6437615449652214
NIT3559,0.5864400113505118
QWM8810,0.32176222721582703
XUO7622,0.30059656241571664
ZYR6469,0.4015392870360184
FQV3213,0.5387675642210603
HMI8445,0.20600582427076738
VSX6822,0.7382347966671301
CUD3348,0.1889142610913177
OPN2109,0.642842782744981
NQD6519,0.7196501417396458
EAH9489,0.6326274129525726
PUT4775,0.49051474692802854
DQA2691,0.40232864102914545
MXS8930,0.6950987997662281
GGJ4008,0.7845328068993538
MKH2409,0.18276940271407305
UOZ4237,0.7578019537424393
DSH0462,0.5871093942941894
PPZ1079,0.8338886469132909
YUO8157,0.6509459041303962
EVN8189,0.6030174515502478
BJR1526,0.5335868407552096
ZHB8179,0.6873342356712293
ZLR5824,0.33951630911631947
CFC2212,0.5934496604046577
MTE3132,0.44433240569934895
RUD7931,0.5048616789550361
ZOJ5082,0.1715082722180304
VQD3919,0.22387596426883316
EFW1850,0.4238766266375291
BWX5427,0.4622854555871466
KCJ9813,0.5675134660129955
WHY7887,0.582075984521897
LIJ6032,0.21953294788127364
YKE3129,0.43109335629034234
XNC4926,0.6165135642145734
ZVN8083,0.4380771745551785
FHS7261,0.641193754946002
JCH6559,0.35992536367351985
XSV3662,0.32698802013319794
OFE0816,0.379659578245951
MZK6467,0.3676209079258202
WKI8810,0.6240889928102774
QZY3155,0.649418381701176
ZGQ3169,0.7156110021694128
BSK8553,0.29567760933111886
DPI5831,0.6657473544203922
DAN7614,0.3036812666399407
MHS4201,0.4729419870742524
LBN7990,0.17710326284932693
ZEW3244,0.28214228993185864
GVI6361,0.27498468586868097
SUU7959,0.5018410581786542
KJY0103,0.29846555048758794
LSI9574,0.29270355952776383
UUI4640,0.7662406342953514
APN0763,0.45848092618278424
HTC6582,0.5570211055980412
LRJ2531,0.5016929837514736
RCX0166,0.5203479511203097
WLS1334,0.46851035653488293
GHU5711,0.5696350781334745
GXN6885,0.3698186603346294
SUL0918,0.18985381898865192
WUB3727,0.3379141002847914
RTU6031,0.5958977247682304
MOQ2182,0.5806682400804374
SKU1753,0.26093147150106255
CYF7753,0.5548365480769124
TPW5388,0.6599144251393367
BNS2586,0.7246615121639718
KEN2166,0.17503013230021422
OCJ6547,0.4974740303945775
NJP2923,0.4544597873009727
ZQV2760,0.4572136129283404
VWU6539,0.5708115548772235
FHB5662,0.5007650796135635
FLJ5568,0.26196150738143276
NYZ3610,0.7071090908402845
XBS0822,0.7516796430184702
CBC1282,0.5430370550914012
RJE0984,0.7047838924137558
EGL3373,0.7083466549259801
ACY6703,0.8476513281279764
RYV5129,0.2429041491444338
PEX4835,0.5666675545576537
KGZ3991,0.5341366506544052
GCP0419,0.45871687706010866
VJN5659,0.4119722020485346
XIL6278,0.45969112209122
CSD2119,0.39251115106216583
NTC9929,0.1613882425436645
LQD1080,0.6089838517231658
SEJ9531,0.3925889831027346
RZQ0003,0.30294071322992744
PZW2114,0.31042268400065953
QML3842,0.17846939384791288
TJA2905,0.46665192804678457
PIJ4611,0.4952259639440053
HAM5599,0.21542280385478246
TXM2652,0.4896046841050383
GAB3659,0.7060368124060701
KCA1906,0.49141322824987366
SVC9075,0.2988004651214291
PJV3622,0.3061510986695367
SBX7333,0.4388729784412253
HYM0481,0.769423031441647
DFY0681,0.5736031974742667
RSF3235,0.33636047832286053
PFP2410,0.3999707028323093
YZC6174,0.27278836793669203
FMI6039,0.6318606275006801
KSY3204,0.43911708531936033
JHS9734,0.2776029920190863
WKC7792,0.5097193914813754
IOY1200,0.5848209592189256
XUE4561,0.36973152960279565
KCT7437,0.4821079307869903
NMP8623,0.2862451031910277
QRU9935,0.4513791882460708
DMD4641,0.5143295747392822
NCA7180,0.24182491416241203
FEY4017,0.34622814928607826
EUG2066,0.4462587586471208
XRR3806,0.34749744972061025
HVJ6716,0.5801432025757571
OLP0692,0.449881535691666
ERC6469,0.6746328403910868
AWA4755,0.5992845544809542
YQQ9139,0.5324544368951624
OSX9492,0.5109414341845405
QGU8564,0.20045853050159085
YAO4151,0.2920092610615455
AMC9558,0.4420910728626618
VWB0124,0.26065677859364117
ZJD1609,0.3349605689651682
HVK5251,0.7061319456076233
MZL9303,0.27098269954521403
YOD6029,0.20067380703834137
CNL4438,0.5208722997056693
ZSW2054,0.3981298850595939
NXC5824,0.2764860248993751
BDO4892,0.4725940234136526
VLK0339,0.5551211653414136
XYU4157,0.21438400279742897
XMN6548,0.5173917116883409
LXW9245,0.28382003405214784
JYZ3206,0.712356291100918
SIV3918,0.6175050122680003
RDI2951,0.6781107029710906
CKS8961,0.4058459227219867
GGD3196,0.5137271762997584
ETB0894,0.6181113965447649
MLA9778,0.5946055342663842
DWK1986,0.10887105743464584
EBT0068,0.4703068116921313
DHA1853,0.6610518487584713
HWU2594,0.1923817909682417
QPH8016,0.39397356662041694
QZI2250,0.43641935674277876
ELO0702,0.5213607894819945
FHW7284,0.44880769774641577
JXO7389,0.7906513984412568
AYC0810,0.5067456546240541
GWJ3254,0.48110295097919775
IBO1945,0.39014630393245564
NSE2304,0.6839334681386549
SQB4852,0.3019317499141719
FQH0034,0.5134386557354411
QGG5280,0.6201782008169326
VJB9962,0.43285800768536814
ASL7482,0.2659652833994447
YYR0976,0.35609325597531327
TID4683,0.6261087203909935
MQF4406,0.6734617767107045
PXU1703,0.12458876602688976
UJM2633,0.4888674234035335
ZSC9815,0.4705904191726004
WAU6889,0.7371172631388856
IIR5545,0.6335759209574939
YWD8219,0.6916734233687193
OVU5964,0.37998545684766105
SOX1774,0.7440742549897195
YMN0357,0.4078531634876418
UNK0731,0.4342697637206831
AWV4949,0.26511526695422516
LIA2179,0.608471083811143
KOJ2933,0.3432246780224994
OFN2940,0.387331022473719
XLH4413,0.2500441948817756
CAM8238,0.2844290177914307
OUI0191,0.5104765211918381
TVZ9158,0.4620930396173486
QZU7391,0.3191177211984112
YTC8533,0.610918969797607
ZUL9082,0.38454329199545656
QDH0283,0.8176443008751155
JOY2839,0.5788307418831874
UZE0497,0.17019993702647152
GUN6865,0.3935654111969722
OQQ7043,0.4259529159664608
QSY2045,0.5349319775607978
SNL4417,0.2572431272959522
SAH0586,0.41755235174534805
WUM7977,0.71110891380828
LUE1768,0.5241668922516406
TFG3357,0.36017584847771333
BES6653,0.5792506372009685
KLU2053,0.29794308201236497
EDZ4179,0.5945936539826011
KQO4708,0.4590023127784272
NPT4412,0.4352355976342547
HJG3099,0.5072873167722527
HZV4375,0.6466313524247365
KDS4463,0.6185020088065966
AXB4934,0.5651266824604105
GYM0773,0.4904352622372458
GJC1483,0.5706209575772474
SAF1656,0.5219547092746992
OMF0261,0.3595090519065663
WDA0383,0.7555291531343561
XUQ9842,0.39603918260678916
KZA0317,0.42408506682999736
XNF1437,0.1755264468314355
BGA5764,0.5485265375372789
TKG7900,0.21039488184898902
OTV1030,0.5523302824891153
VWK2998,0.5222894233855138
QKQ6320,0.5053866782846201
WPC9633,0.37293998509774395
EKW6480,0.1722236698243803
EFQ0392,0.19096414822392754
MRZ7379,0.7994528421364777
WAC5824,0.6666743680711642
OMT9415,0.45481982228311185
XMG9583,0.24881909306940042
UFF1261,0.6574470026003881
DCP0796,0.21041011795504058
HBE8442,0.48395478431035166
YQS4458,0.4803139213811657
SQU4407,0.5445570844851393
NPS6601,0.42720189202852843
XMN8380,0.43949364565518656
PVM3035,0.7702769437150303
IWD3752,0.3502886865801034
GLF9686,0.7317442927798581
RRX0963,0.43759829687145346
UAB7848,0.353109150901893
TDS0452,0.7940257328672389
HSK3153,0.5918508151398401
SQA3360,0.596244535824161
ECI1955,0.4446528549004177
BTU2947,0.3291738536014809
PEZ7733,0.14316418253812485
RPE1400,0.1958230286560803
QKS3138,0.1811139452851857
WOT7140,0.6250531736610412
CIH5726,0.5511202917314187
LUE0157,0.7669417119697695
KFW0111,0.7297956611301952
OAI9172,0.5141853217092186
LAH1856,0.24459370898667646
NFK8809,0.6054745591787074
EGP0512,0.46430321506586647
BXM5911,0.6519604155561103
NWJ6522,0.5271427329613798
FAB8496,0.5552418107395004
UGD0885,0.2648410819524042
NLE4038,0.6681908033446868
RMT8564,0.5732821125247167
LPN5269,0.509630611839374
SRF1001,0.587071698472715
IPO5628,0.3394509135040425
YAB2836,0.7455913222134943
EAK7493,0.5378210387735919
VZS8779,0.5854124486344001
ZHU5296,0.5859139736003836
EHL7819,0.7003051666172622
ITI5109,0.6475845430428342
ZJJ6069,0.337519248265962
UXQ8523,0.468536258678106
BJZ5615,0.412726767563925
BFK8030,0.46548884737681717
NOH6334,0.45346672993104187
QCJ0449,0.3009409645643567
LGV7177,0.567527017283661
YUU8227,0.4793074180881328
EYU5539,0.3715932225869013
FXQ9279,0.5306627318348329
KVN0414,0.5119572613683934
BWO7564,0.4203417287488578
SHA4528,0.3196744446024036
LCV5905,0.6490211890438586
PPJ8929,0.45054543893204346
ZTY0059,0.15052529689329397
AYY0072,0.3743091371991787
TUR5072,0.6905464086561732
DPA2836,0.552547341780162
MWP0809,0.5242807985659486
NIT5344,0.49914448106305326
EMF9379,0.5308743802579711
FDW7329,0.3431823617732306
KAA7544,0.5534020208251272
QYA6379,0.39412251983367175
HLA1104,0.38565984758381694
ZTB7327,0.7190529272167553
VSX6645,0.7092058207248667
MKX0188,0.34813710242952
MYK6810,0.300291910814815
UJZ3099,0.7365333437751596
NLQ6953,0.3435826176736615
THD3997,0.36931825236460364
DHW1898,0.42688346663070853
CAZ6419,0.3996811986138752
HCE9029,0.6104485778166823
BPO3584,0.43213448555630024
DCW6953,0.6721724039233021
WJW5631,0.728983489856115
JMU4733,0.3841052304967577
AUQ3924,0.4809507995435578
WOB4261,0.26920204438617024
FAA0395,0.6549673918477559
SJJ3512,0.48039626439998756
MDD5141,0.49321597157556074
UFL6151,0.5218136348626401
RNV2828,0.4549091787636271
IBG4905,0.24467885466352013
EWQ2853,0.6796176205059111
DKT1418,0.3208722148966454
RCA6055,0.5156419390466802
PTU0261,0.41856041016438966
RQM8471,0.20836729136881393
FIO1669,0.23083908075675386
RWA3084,0.5967421295818619
MWJ3622,0.38656887840097287
ZWO7580,0.37232525180177545
ZNN5139,0.3315038351634161
XKW2878,0.5063351520173207
SOB1176,0.2613369409333238
XCK6612,0.6084340278191981
ASP8488,0.29385560201360844
ZJQ7036,0.536849346621052
KSE8052,0.8223100052267381
BDQ1385,0.5203404743322402
VXR0368,0.5586803368366269
ZHB4902,0.20839186546641392
POY8883,0.31397731414213614
GIQ3177,0.35644049315766746
ONY1016,0.5396871953587625
CHQ4117,0.529055383552401
XID9340,0.5481802604858392
PEC4135,0.5154591347520718
ADP3518,0.5028051402798276
WUD9379,0.4437400256861718
RCT6710,0.5095012707671972
YPK9577,0.37715235101946476
KOX2113,0.21604496038007037
UJG4961,0.49902385520372694
HAY5847,0.7246611090983309
PHI6345,0.38859482508404525
PEQ3550,0.4993222560709231
KAJ4969,0.751801299832273
UEE9718,0.6182292505686197
FNT7313,0.6405374990252786
OQO5683,0.4163340952589096
NWQ3973,0.4589038904316438
GTI1384,0.5241190362908738
AHK9950,0.43328837751789373
GPZ4054,0.6118434572218638
HFK9029,0.4951423643678382
PXA5874,0.40259757345369573
QQK0987,0.7201402046934302
KOB6393,0.3243927589651851
UCS9907,0.7185491654992187
ZUD7019,0.705617514770102
JUM0665,0.4008070409009987
TPP9015,0.5760333060567295
MXR4724,0.3912967032584788
HOD5285,0.49834614041447334
DHM7054,0.6000151737155748
CQJ0272,0.3315697511607595
KLO3196,0.5137679893043439
GFB1649,0.6764169187873658
NOQ5877,0.26750949629166276
CYI8589,0.35394868835192267
FWO7157,0.557826849327982
OWE0183,0.6367435639994659
QXU5403,0.4204524994520572
MWK4766,0.873107311608071
XLG8768,0.41832580900942257
VKS3432,0.4194269405377006
GMC1606,0.43271378191886417
PNE3192,0.5483396123506504
ZDH0081,0.6700709542025631
BUQ0384,0.5235349457595602
SDJ1245,0.7356563468377526
YHI0373,0.20413138675977108
HTB2148,0.6106150070814618
ESJ8744,0.4676991138506291
OKZ6934,0.6676011822481731
IWJ2087,0.19627839948167564
YQW6666,0.21467685362261435
DRL1639,0.43083403013422306
HSB5951,0.8523382642175197
RLN3664,0.43208040448975826
DQX4439,0.38647057986377353
BRL1853,0.5231148075814578
WTV4777,0.6359106712688478
UYI1073,0.6621535129147056
EZM9046,0.6722000252202031
NGH1312,0.6349393852257608
ZPJ3568,0.25741178759201444
GCU3692,0.3630463495828137
KQP8149,0.31113007949826366
XRE6790,0.44552392219407666
WOB4424,0.44998640264321355
TZX2171,0.5339190085710777
KLB6758,0.6960557740090154
NJZ1004,0.3189754389254911
SLC8186,0.43456843431138026
ESD3201,0.6018939553904545
GIL8255,0.5171999543112009
VIA2238,0.4526080682432634
BIK2002,0.3368911823682422
IGN2069,0.40966488919704447
WDC3985,0.2640357198693926
GTD3498,0.32031461472493206
ZRR6014,0.35178883281288104
FUQ8627,0.7223392011126661
RUY4061,0.5643500166679147
DDH0817,0.39648477144284255
DKE5313,0.3088793962193429
GQB8062,0.2383926775407555
MJW1038,0.7169030378893928
MGE4928,0.6067152044837398
WMX3148,0.4899407931291574
BCL4088,0.33622175692189976
POH1215,0.5201870496970439
DBJ2669,0.389324829547929
ZTQ2278,0.6532148218774276
QPC2404,0.7150077145446616
FOA9641,0.158990921798215
UZR2198,0.3342729549360909
RJD8220,0.6083884929795326
YPO7168,0.6770528796298492
ZSO7284,0.6048475349840834
YKC3947,0.46914664114955096
RAX5623,0.6248667909475702
NDN3928,0.6248591204735636
XBG4294,0.3646661119001332
URI6844,0.35001159849464836
LPC1008,0.28035440010560847
MQN7236,0.3229414798934991
FTS0705,0.4117748833898688
XRV5896,0.2327219363439818
FNK1549,0.3460815085733614
QVG3369,0.32609306987008646
UEF7361,0.19286048134319236
OYI0421,0.1858170838408389
RGN7073,0.5911829363711071
DTB7149,0.3907742022729226
WAS9056,0.5823647654706936
ZDM4647,0.6411850893801019
TVA1688,0.5999587803091444
AUN6131,0.7254300233323647
WLN1597,0.8163730412162811
QJD7373,0.32445254512197963
PUS0461,0.36207726956265496
VHL5519,0.5272169817830965
DGF8059,0.38237213503830403
ZDP8152,0.3735966548906642
KIT9995,0.4869695267320702
HXV5931,0.21747337497300837
COI0100,0.37099823784068386
CMW1744,0.3892143519753029
NLQ4471,0.17129755000507713
TKC3707,0.43546914298401895
IEX1198,0.40076611965506775
ELK8724,0.40472838932432803
MXV3637,0.27938317125357204
WCJ6522,0.7589114916422446
OEQ6921,0.4805251362790167
HHM4121,0.5740188454713193
LOH3133,0.6481885804420304
WGF4780,0.5086053661267429
IED5984,0.6508302919902363
PLN6758,0.4737451859712658
OLC5808,0.20389633388684836
CJW9798,0.2807782122455716
GAI6119,0.547918358664634
BKC5625,0.78588766416501
YSD5776,0.6217639695978912
XTN1465,0.718146535864133
YST8825,0.5639133135428009
PWA9731,0.3702133859049139
WZF0204,0.4329524919496565
JOO6585,0.21883603207230778
FAY5510,0.4098984419764684
HLI5171,0.2733853631238276
HXG8092,0.4179567986302473
KKM2246,0.6039639760052266
LPR8244,0.3409265760423902
VDY3830,0.6180383705794565
SCQ8086,0.29320344109227936
SLB2171,0.8026073482135527
NRH4257,0.29018157393467753
CNC6073,0.21595905224622838
ZOU1261,0.1523335286081656
SPT2697,0.3872499078964552
ZQW1536,0.7240921138045397
ATU6677,0.3286330338846386
KLW4229,0.3809098686981446
HVE5828,0.6390099636166487
GBI3333,0.5558865012324552
LVX7085,0.4022304269467289
GQQ6522,0.38623435260836547
CHQ1313,0.5872690572512695
IUD5304,0.40077882704427414
UPF0845,0.5225386070812402
DFN3122,0.6289076430712477
WSE2433,0.6475144972070946
FXK1875,0.275600344553208
XQO2229,0.16578582644351436
EHE2388,0.4915453778031602
DFO2542,0.4218096575758762
VYB8146,0.6048820648820783
UPI6716,0.23611464958568001
AZV8887,0.6394456240431481
IIT8345,0.34764848242152346
NSR4067,0.4386757075676353
UND4463,0.35835856851492
DJH5832,0.5340838074921512
RPJ8255,0.5926176978736191
BXX3872,0.8682613091854645
YMQ3196,0.2387209661012675
ZDV7390,0.23185916951157315
PIP9062,0.510991775023492
LNL0304,0.5720486922338092
WYQ6546,0.4679465829687962
NET5300,0.3042518416934924
WGH1231,0.3028677256260614
HAL3239,0.2974172050157664
LBR9014,0.22635987153622347
ITU9867,0.30595537205835965
KIJ7291,0.6297727376122695
FVP7293,0.617531487695638
TNR9657,0.34088298948467016
XSE5958,0.2879210808233643
MAQ1010,0.4229714001457222
YSJ0631,0.682432237020777
SGE9558,0.32732572068399957
BDN2933,0.45068397977130736
LLT6330,0.7547811258430066
HRY3373,0.30028096931776754
UHW9589,0.3986137130245989
NWK7279,0.460123152698785
LQT5241,0.771802243880369
SNZ7816,0.401304434248319
VWP2460,0.5807508486096443
VSV7263,0.556196156016909
PAI2981,0.7357613823659572
AAT2571,0.4931579044348669
XNM3039,0.20769779987065612
OYQ3855,0.45093503574854005
OXT6838,0.6070201201327715
MIO5543,0.29789061577995757
BOM2763,0.603545200134048
SFZ9405,0.6194339288036715
ACB8398,0.30715565009729223
CYD6578,0.5903569902303836
OCJ4962,0.3220084240875244
QEA6309,0.5956295411723946
SUI4465,0.7936246226788775
FMR3924,0.12093239017579263
PTI8284,0.7008629996245375
PZT1362,0.46404564249962854
PIK1727,0.19590010414226394
TDM7158,0.2782750279691477
OFG8429,0.5371927490073063
YGQ0653,0.6474453391354464
CRQ3454,0.3134890013290845
LZI6201,0.5602526954132756
DUN7031,0.6401249292833788
EAF4040,0.3905894561614107
AEY6897,0.4540523008297622
SCZ3033,0.28591179907971215
BHB5455,0.6031670191352257
DMA3129,0.3128317296084949
EPJ7195,0.49406651302280424
XXL9376,0.3233711412115857
FXG1204,0.4795797140680591
SCJ5893,0.2916352233201239
JAB5413,0.3605887530715808
ECI4724,0.7193121972320455
VJW5200,0.3089838139215038
GPQ7753,0.2087850869756407
MGM0506,0.43377510102469136
IJF8157,0.3565060582265056
UAJ6492,0.5130905686110621
OMN7687,0.4692776975873013
UJE0913,0.5850910261462619
EYQ7148,0.6159078554120794
PLJ2057,0.2959345575489047
VWC6238,0.18577706608168337
JAZ3904,0.21061533950561664
SLF2540,0.45791872138842915
ACW2850,0.3147090313298687
IAO0540,0.6240575986836024
UZW5012,0.4721923881482174
UMB1656,0.384073706670527
JYZ3579,0.5059580668522781
NQE6140,0.6446792356970225
TNN1819,0.5985054433758088
LQE8452,0.5663174623847744
DDO6847,0.41637397953391675
RPF7802,0.3273530002145574
FNE2013,0.2448097013724943
WWQ2829,0.5937174292553028
FPZ8406,0.5099866555631383
THE2609,0.33044502665943165
YFV2493,0.5006125160102641
TPG5056,0.5556344841654236
CKT1474,0.7181278825372598
UWN8033,0.6445791054486025
VZZ8105,0.7288162220849572
CQB7810,0.8385247109848653
RPA2932,0.6025196541241924
HVN2303,0.5611936483363351
DNE2280,0.3447885640180135
QZS6625,0.4661580365549588
IXJ3391,0.4502947245235543
IBJ7457,0.2594638225417866
QWK4411,0.31802851791204606
THI8299,0.278389005838896
WQI8618,0.37884604206034034
EHL5492,0.4056485589962587
DCE6168,0.2724140481521872
NQJ8766,0.5592325494257071
VTG2380,0.5063108391565017
LNF2835,0.45331032083518163
JJR4127,0.30446071125259155
GJW8107,0.599095197877257
WOT4362,0.657629365519937
LTV7533,0.35663277859021314
HLS3172,0.6289340392220033
BCV9335,0.22133020616241972
VKX7361,0.17452682145818463
UPR0212,0.36091110505290513
GAD7822,0.4197534341390185
FTY3806,0.41976809055387565
EQY7009,0.2531858568022729
EDS6036,0.7193928312586797
ANI4768,0.49331658211476276
BTQ2124,0.25247407249615184
YQT0133,0.5087980401815996
WCL2270,0.6116255326420996
UMS8559,0.6183416482401252
GFR4574,0.705198815112813
SEY9322,0.2733966725485739
VZZ3704,0.5193015974207595
RCA7209,0.6514630783745889
WMT0282,0.2486846982757306
ZGZ3238,0.29461266763727123
PCH5579,0.7193422871401587
KVQ5659,0.6948533830764576
DXW7491,0.468829244371033
UGO5322,0.3166008493298818
ZFA1134,0.13972224135601924
PMA9220,0.44393895243230885
EXB8441,0.5188180758708643
ZEY4073,0.23104197925090997
VRB9328,0.07666953432811215
IXY2561,0.4443505445565308
TCC6535,0.3230406597672567
OJU3724,0.7171950357268102
XDL7709,0.41952484730124906
ORF5661,0.258622420935583
FLD1463,0.4269052122317089
BJP9208,0.7575344664753765
TAC9100,0.3871140298153181
SBF6739,0.381166025236576
TXT2079,0.30770788081179945
KKH5705,0.4375409652381175
QSJ1521,0.3570976736431264
SPZ2638,0.5494598984109433
QKS3066,0.40941347701950914
HLI8086,0.29851066378554214
RVP4550,0.6413540251312628
HNJ9495,0.27133103544245585
YOJ3693,0.5123653337672018
GJS0697,0.6803935912099018
EQR1972,0.4003100379307657
OND0210,0.5079308070789927
ZKT9269,0.23689938756957934
UOP5878,0.5998942244849073
LHQ8463,0.1331170884269236
VTK5721,0.30950685207512063
DFT1373,0.39263302785610055
ZZQ4322,0.6239648783756803
TEG7575,0.8541543526880209
ZDN8364,0.4252930496423211
PMH3356,0.6263272749801916
ZKC0601,0.4914533155140335
WCE9841,0.5537804258592451
MQZ4133,0.7719783390923656
QUJ2416,0.630548569816191
UIQ1872,0.37881900204925545
TPR4093,0.6926128743095477
UNY6653,0.6891784036192572
KED9088,0.2560027309230045
GJV9147,0.2642173473466002
YYK1409,0.33047949973234547
BDP1730,0.22378993729957453
IIS1162,0.5622819530545049
QDK0707,0.542051617822475
SBM6710,0.3942342110664536
LZD3025,0.4136321142259679
SCN0463,0.6063325646848894
WYZ3750,0.13171783915311686
WJE7625,0.5817350283485156
LVH9493,0.6677125073028995
OGP3197,0.32157825847519095
VVY0930,0.5615568274411431
PVD6484,0.5546622067709968
VFA1552,0.7142700918455342
IGX6687,0.3000264818868496
VGB9010,0.3243978725058998
GRG2410,0.32803806129237834
UGC8879,0.4911925808889641
WUZ4473,0.4671677609942237
XSF5046,0.5819821052027168
TCF1709,0.5695413483065037
QGP8200,0.6706823021430869
TWD0882,0.6682046054739215
XXL7278,0.3553188863183663
UBQ9279,0.41470923269042936
YIL3942,0.5738818545124511
BFA1695,0.5603624605627749
GKS6057,0.6635775313246426
CEN5283,0.4227837237626253
URI5280,0.3692695564418481
ERO9064,0.1923428269324976
WSF6571,0.6103693287238969
BVH9547,0.1982067510427542
ZJS4141,0.476898110196501
RBF2204,0.19394778065855678
ZZV5719,0.45233060089274535
PBW0578,0.46248999382583855
OJH9892,0.4180493251080204
IEW3033,0.48642469622937046
VRF2412,0.4931526739629956
AEC5051,0.44516427979703926
FGL7789,0.2783958499080323
MJZ4395,0.4523387541792601
DUX4345,0.3934844302346233
CSQ8628,0.5596551255302915
TOT1468,0.6146926075195648
YCS1207,0.38241530751155184
UVT9591,0.3872421688880936
KOY5019,0.6156264898431993
NSL3572,0.23257075349483627
UIC6064,0.613162920832099
RFW6714,0.5515538427200255
EAJ9097,0.24679574143816313
JOU4957,0.6164069321024253
TEE7042,0.6126644976605439
KJD2151,0.2996126476875879
XQL4738,0.7310328285448879
BFU8118,0.2630564413573664
ZET2122,0.47303384233737983
FUK4311,0.37137860831115055
QUE3466,0.21896926050584742
SWM1601,0.6082491786756896
JDO4667,0.18963293615498383
KLB4904,0.5344460697728519
MNL4989,0.23406627179172812
PIK2814,0.5101043162228449
SJU8294,0.5219097796809875
HLB3116,0.6529671388816851
ZCR4661,0.7340688500206252
HRT2532,0.40561966297040164
QPI4398,0.5178388574326639
BHE2901,0.651281911647124
BGA4649,0.48960373716618444
BIE1986,0.3928965063749381
CWT0763,0.680378495562999
WPR4507,0.41456531507810024
PAR8871,0.5773588901171587
VPV9675,0.6954452109407521
ZCN4019,0.7188279452876969
QXH9868,0.5677538894234315
IGL2036,0.204600488929155
PXG0071,0.74152808140332
JKJ4473,0.5581616339884213
JDM0244,0.36422224657040936
NFS4819,0.5148021186215624
VGF0668,0.42929216838983686
XEU5703,0.46857864806277205
RUO0833,0.30492691577132036
EQV2141,0.7118338486833902
GBO6128,0.39480699076540593
ICW7329,0.30608343586698633
PPR4284,0.6578460045598875
EWD8008,0.37244238836672955
WII0655,0.6328636515775149
RTW5196,0.46468094953965716
PXK4242,0.5829281719260873
FBW4362,0.6796726433382134
NKX1957,0.3981879334636677
FPX9711,0.4446578561278931
BDR5063,0.24281579326739286
ALG5020,0.4066127804752355
UPU4766,0.49840913986704954
NJD9805,0.17213842171902247
OXI7734,0.28837449310350083
LCI2089,0.6633547818838748
DMF6569,0.3923370229181378
GYS8804,0.6075399555040613
RXQ7168,0.5692425178065315
AXU3149,0.3404614307293722
QQV1056,0.6585765027866641
UDI7181,0.5964657419202408
ZTG9882,0.42178503766376996
XKZ3080,0.17948680006580753
WXB4285,0.3326020757388329
ZFP0139,0.4324027718603614
RKY6757,0.3037993698461132
RNL9971,0.38064378236967344
MOV1007,0.42786506824537784
EUF9193,0.5583251983466311
ATY5952,0.5522450221688469
HDI2450,0.5408542519943629
DCP3341,0.7016502543473222
YVW2924,0.5280506481943231
AMQ9367,0.13404441786180138
QRH8014,0.2555620613975574
NDQ2138,0.791113474943633
TTO9585,0.2941913368579079
XIT6623,0.30693991572330165
VFW0657,0.3956485750470038
BZD1767,0.4719192358943346
LJL3808,0.23317683987152893
ALN1220,0.5174406577555066
EGO9071,0.20250336719987055
JOC9153,0.44640507374460525
INT7734,0.2023771738014733
NID3881,0.3218684184942884
VSR9271,0.20435711932242312
CNJ2189,0.4541575520178082
WQX1820,0.5320407823131265
DFR9329,0.4278372265266819
ZPL9559,0.5536156574891697
VEB5415,0.2575555300578678
NDJ1733,0.5325828000117672
ZGR2446,0.3564200481371922
AQZ9907,0.5349023413037675
HKN3098,0.3139439608188155
GQE7545,0.5305324594709326
APS8818,0.5578188126474778
SYB1914,0.27937136936757334
SWB2082,0.288835920429449
LLU8086,0.6150560622814982
NXQ5035,0.4712522663007796
GJX2850,0.43212760532704486
YKM9772,0.3754739386450478
CNZ8777,0.4037207431326425
UOG5029,0.6579303830588068
KTY2647,0.18225387657802733
ZYR9156,0.25307737449611456
RHH0385,0.7967630029347699
LOH9986,0.7251572203929995
OLB3222,0.604115986404392
TGM6913,0.33659495052812255
TRM5291,0.25598427804223045
JSH2786,0.1890345639654905
FAG8343,0.6857646825908724
XXI9968,0.5492838881732335
XVX0630,0.3661763761411864
ZGL2012,0.40479825829137667
CMY3122,0.7919495280891717
RHA7400,0.6062620087594937
WOT8084,0.6235275680674256
RMI9464,0.4743514844009378
ZRL2727,0.6079288571892273
JSC4855,0.5844846192626376
PIU6931,0.5066498147737946
WAI8374,0.3440041028650097
XQU0774,0.6824802663767466
HLP2424,0.5633082934629062
HRM1429,0.509854392829421
VVC1093,0.39163670374167825
LZJ5353,0.2422046868490699
RIQ9136,0.4180978192914542
TYC4355,0.4987936649822967
USX4346,0.2715512902019033
JCD4951,0.18328945482723435
AQE0764,0.31569403147314823
JBG8345,0.5973232729751363
LRK3576,0.2171494603357388
ZLR7960,0.45593242186757194
LQG5244,0.21473776680231593
MHK1073,0.6186724816031315
RCZ7157,0.3703750716845213
SSB7551,0.5232501752213413
PXO5302,0.11211425816677215
JPI9674,0.5586203249410067
BLY7604,0.4602440911072715
OWQ7804,0.7009482906743072
KTY3963,0.3233974005580065
PPM4319,0.27105146023393
JLP1821,0.1442572544378975
MPR4339,0.6353501626185369
SPE3315,0.2966752313644867
GSQ2343,0.47389803864522007
RRD2557,0.4961759884869934
SEH3346,0.4807416070390963
OMZ7979,0.7187953997139995
TVX0902,0.4495547515275713
QMD7998,0.4069470755739011
GIY7765,0.4304879722964032
WRA8283,0.5072838511202836
VRN2912,0.4924889104943433
WOW0457,0.25799554471217356
AAY9915,0.3710585804017317
MCV8852,0.3880049790548032
ZKK0483,0.4575137041356606
IUV2370,0.2928747125083341
BQT2347,0.3384491298380127
RAB0460,0.43949263817718176
VYY2503,0.2209545553413362
BQA4119,0.37132932845018213
OBX3043,0.5670255199496226
AWJ8508,0.12760836712807055
XTH2006,0.39946426107849237
LOS6758,0.2941731272386296
FNG5006,0.38100919734735217
PQA3617,0.17901078733745118
TMK1023,0.3056924006453101
KUG7819,0.7659162120365011
GEM2691,0.5194890707371539
XYK0485,0.542776172182642
KDG4735,0.6493253549055862
WGV0890,0.37630394639481907
YWM6922,0.4331321128511951
XMW6050,0.22104468115337333
FVR5417,0.5807267575717361
TWB8895,0.42328912010554776
PER0203,0.2787468948771801
DAD8582,0.32006729907346565
QVW5666,0.2814144463479601
XTU3993,0.34638958273872605
QJS0135,0.7688627495501712
SVI6098,0.26174180622785514
OXA0211,0.46010740707517495
MSD2642,0.23814894197128061
GAJ7911,0.7481084376540044
RNJ5292,0.44401037243347174
XUF3740,0.48981742847823107
MTP2791,0.43852822449482753
LDJ8976,0.5742214716175607
TUZ5834,0.5844290511868319
BWA2307,0.5397375496187471
YWO6436,0.3459641255004505
OKM6664,0.20161715912743525
TGG6922,0.3367392388711704
TGG8868,0.47464492568407185
KMH3623,0.22377271804443544
SHU4421,0.5149971739056698
AWU4246,0.2745628034565935
TKC7338,0.14931319646773067
DXZ1314,0.6592563978009061
RAC3921,0.5031172245445854
TJN6899,0.441806183436545
NUE6631,0.5248639767643863
SPK2793,0.20975319907188889
EEV4381,0.4242460017647529
YLP6088,0.3320228165036737
DUL2848,0.4068205506875804
USU5289,0.5287003068120409
KNZ9821,0.527456940966352
ALO7156,0.2953345694644264
QHH4547,0.6035905091768023
LIX0583,0.4022112331412945
DVI1262,0.6710979245868569
SPU6876,0.5560099780017083
FYF1334,0.4797847538261748
HGT5795,0.8230611124520562
IMP8425,0.4968007142726597
JXZ9197,0.6530165851294905
VVQ4339,0.3214830924362057
DAO4421,0.25264358887173477
TOK7160,0.6097724878642632
YJS6181,0.6664838875106577
XFJ4423,0.2992524597205338
TZR7612,0.44232666716348873
OCB0159,0.34085608906587184
NKL4707,0.4524336629904382
IDS2174,0.1751320856698897
DRZ5494,0.5625702531790774
DDI6072,0.5499647330369546
ZZH9609,0.41990658400789227
ZVP2569,0.6406435233922715
CUD1746,0.44384871373972856
YCV2081,0.26559479946175196
BQP9020,0.4718463980395734
YGK2060,0.3844149319654099
YKW5527,0.7847852427692668
ACX5115,0.4645224000904664
SCM0059,0.48888139715709694
LQI8710,0.41196395651496287
AGB9768,0.6783204665230085
ETJ7781,0.2777618561901507
BPL9331,0.3946199696772455
OMU8839,0.5187936328167635
DFP5387,0.21739666709109945
MHX5145,0.2999364521970175
GCH3336,0.15726741411704648
PON4432,0.5668783277380394
MLF6966,0.37496338300396426
HZY4130,0.7540442759402778
ARZ2060,0.4433184217894991
LKU6595,0.313527025069091
PLL5967,0.1313160448669346
SLK2959,0.3972290579361018
DHN1111,0.6140706262899517
MPP7301,0.4331208664866911
ZZB8437,0.532233083968314
NQF3212,0.6278275854821199
MNK0960,0.24314257645365805
PWU1684,0.42121098628823866
LWL2689,0.6590502870833637
QYI7393,0.2841835038641576
CMX2357,0.23434678881762844
SOH8850,0.4567989126811803
ZGL1552,0.2491404926886256
GNU1789,0.7080999117315154
CBT8745,0.49548946378858993
GGC9923,0.5805262771594615
TCU0568,0.19912046628206706
DXR6816,0.5747452070420557
BYZ3907,0.3928766109528081
CNT5049,0.7796233240796193
BFM2923,0.4003548508042838
QUO8903,0.38298831831095337
GLN2683,0.5476556285936474
DXZ7938,0.5198713117273973
QXH6973,0.5378261678335293
VDP1152,0.8295029142789807
CLT4807,0.5408868581486312
LVU3472,0.3499248906155765
IZE7631,0.3608096611756021
CNO7276,0.1760251385864852
CUU7270,0.6899363850519709
VKX4593,0.2943346950729755
UCG4902,0.6889126957288332
ZDS1307,0.6234033110778778
GKK5693,0.5216853044962921
YUJ8464,0.5936230723679428
MMY8083,0.5797589498034501
EWU1072,0.39886713727020895
TXS7897,0.6070436402434313
RDH3093,0.6854889224473515
DOQ0911,0.3660987579716428
DHD4872,0.5763110774767597
NOE2039,0.23086350870387112
GFZ2202,0.3463864445042102
TPY4290,0.30727721590934215
YOH9978,0.3734697305577266
ETP6944,0.2759311598659895
WBK0769,0.19730847829167197
JKS7151,0.4178509158168071
BLR6983,0.2696144562873326
OCR6516,0.6994162737254382
XUK8738,0.46007269664569383
TXE9195,0.3559722212231189
WTE8394,0.2962235603257253
NDJ9703,0.3681553171917248
FUY4600,0.5807725162885962
JMN9165,0.7599095232348356
DLW2837,0.8734256897657479
BBU2488,0.6145066496564353
GQX3493,0.3449723567376154
LTK8258,0.43918505482076564
FAI4079,0.5272808549601486
VGW8609,0.2858732939858705
XEC8503,0.34519167759947184
YIB2036,0.5345206365058324
RBG7787,0.8207526935638034
QUG9785,0.34116326018129195
AYM1556,0.37963198872858295
DCI8918,0.4114451729398063
SFC3662,0.4905354936568266
YZE2133,0.3206929817253552
YYF5693,0.6221574722072373
YIR0910,0.5881337122359236
RTC0158,0.43575828352693036
CYF8027,0.27749165382711416
JVA6010,0.5073258418619407
VMR7339,0.5647737247867437
ZVQ7756,0.5377238056583593
EPB1902,0.6899673417969692
HMA1683,0.5542894032004144
UDW9896,0.8106937653109687
INJ2839,0.6176153192347349
XPW5468,0.350458290046626
EWN3886,0.3096003135419394
RLG4571,0.4010197679005836
YRT9372,0.4817667802952649
YRH8201,0.7118051373563636
BRU3883,0.4411877871082396
SKZ8473,0.2840357856697257
XRY4887,0.3582249321960814
ULE8976,0.6245637227517755
PNW3961,0.06339173000465682
ZLV4477,0.3093018406856578
EME2296,0.2559937407697693
OJE7672,0.4290865668050735
UFA2792,0.3876097805301661
HYK2764,0.4318969657751785
EMJ4193,0.7904790997667748
TRY9793,0.23987674377005366
UND8104,0.5022260907584697
INW7518,0.5464166926838379
YSQ4508,0.44648506053130527
KWU5608,0.7826405056502412
MKP8589,0.5387159149811838
LWG9686,0.2415199743522698
KUJ8182,0.4002659638033237
DPR0998,0.30358003147930857
SST6383,0.4597061879050319
KJK7433,0.6134905480933469
RYF9809,0.6749481088638156
WSG6782,0.5484528966776256
XHZ3894,0.8408013395114973
CRW6764,0.42227199617492006
IHK0142,0.25623501934399523
KPI1673,0.43411273111053184
VJJ0920,0.5009124570453738
QHN1317,0.6175607038914497
QVL0117,0.40584742112546923
CYG6976,0.3482396950959683
WQJ5266,0.7029102971485606
EFV8152,0.3927530558624388
EYR8430,0.13811162153337467
CSS3873,0.3663966755485182
DAF1550,0.2838336297548175
ARG3013,0.24477131024466708
ZQR7323,0.4735518870487894
PSP9513,0.19195035488877904
QOI4229,0.548655904231526
RKU4120,0.3019671311361113
AYL9666,0.3395412818875845
LIG8137,0.27318194124721884
TLN4120,0.4117863213420051
PII4855,0.4898008173251537
KKC4781,0.6375190240494505
UGJ9148,0.625830566780391
NAH1937,0.7146291448176225
IBS6724,0.31429056564250096
YOM1813,0.6494106707380904
UQB5928,0.2262554043334878
EXM5263,0.38376763979607353
SKZ9545,0.395780626119689
YXX8481,0.5950586361565268
EKE1509,0.6067847895545995
XFH9691,0.34460415638906366
YSC6667,0.5853268451074407
HJA8242,0.5883775148285126
MMG4678,0.7638296477045438
GHM3350,0.22969094222975006
CPH4470,0.3123751660972082
RVE8333,0.5823897659323054
BJQ8824,0.5823597863264971
APV4434,0.5702937676455029
GQX9495,0.5826047365826158
LFE6178,0.5319722196375221
SUR5735,0.5685074284681795
SOU2853,0.5266784731168384
MYB4068,0.3348608134377511
HOI6711,0.36357776806537745
IVQ9537,0.5050675226602999
APQ9887,0.43393254807647386
OYI5611,0.5156080735886366
SQP0394,0.46238985412573685
OAD9860,0.7200274876787038
XQI3680,0.536008835397215
CQA0273,0.4629171228153455
JZE7318,0.3560196289052652
ASS2736,0.4160483452734487
BWM4784,0.7959595105279198
HOZ0409,0.5600865192636884
MQR7431,0.6167297141640968
XHM8073,0.48990618308424905
XJP0014,0.554217805360226
TZC5853,0.631155172976082
GOO7415,0.6412664968143664
JHN1039,0.6755022899129692
GJC1812,0.6422275095318293
NGR7410,0.4807643883774174
JOP3400,0.4023092367753757
IAQ2910,0.6509710263771386
NKK9441,0.2892063380670876
JWQ2070,0.3514834208815536
FUA2972,0.4664845397222026
OBK8154,0.418679023539311
LTX0849,0.6110000394901565
RYG2522,0.569259339275073
ALN2547,0.5096971139238162
VQR5900,0.5821790846545625
YXW0430,0.28373391731557646
QIF1562,0.5140674745123959
ENC2948,0.700603045292547
TYA6116,0.28422060024749074
MYN2101,0.815021430862463
MPH1858,0.37656627197241843
PVD2935,0.25750803979530557
PQA1895,0.5159784317458764
ZXL4357,0.6078933504088437
FWN0813,0.22851469503844254
FJQ4108,0.3837608123622843
OOX8926,0.1735986397114358
XCI6898,0.40012909793673934
JLT2782,0.45608019650570664
GXY9486,0.6345677696845754
QSF6937,0.42365737236391704
DNL4265,0.40277949673320057
HXK2025,0.49005873151034085
UCF6307,0.9043108863980616
TZZ4995,0.5712866642795758
VPW8963,0.44345828357851147
SZC7086,0.32547791112980273
RKI4428,0.7822929448716096
DSE7424,0.5867618073400745
BYK2560,0.5053585067573985
HCV6851,0.5959167287379414
MCN6330,0.24284526224530933
QHX3606,0.5934282280032022
LIG7352,0.5436949664604248
OCB7121,0.07531592637138505
RND2956,0.3688823903059715
VJM9312,0.5228570088446918
CNI4759,0.47917972389588137
XGX8361,0.6306690025190667
RSN8872,0.6879515168044152
WUJ9752,0.5462594998276671
ECJ7109,0.25459973602934916
VKN0521,0.615003978477765
FMF2687,0.7141867868769762
QRN3278,0.470123267469555
OIK7662,0.6835660741413669
WFS5713,0.3480152682597636
RKK1023,0.29379372098006873
JAC6138,0.6089767700022275
YLK5805,0.38848170509761826
CJI4621,0.5957200014025517
QAD4256,0.8451956188728926
FMS5517,0.5961316807174085
QEI8904,0.2968550502930748
FKQ4280,0.5386292309577281
DNM6555,0.23183556159015672
FXD2467,0.36905359220576567
MAA1936,0.5623566241756779
LCQ0642,0.3340336957595509
IYR9562,0.3068628437061639
ARI3219,0.2745851379751285
YQX8862,0.7763819554586844
QNC6999,0.521240219460091
FLM8038,0.3992360970998144
EOW9067,0.5942729743908233
DIY7061,0.7608742700268123
CMJ9389,0.4205649059383779
FKB4069,0.12933631389294906
CGT6928,0.6057757253481625
TLQ3658,0.5155735538607431
MHQ0302,0.6005901131694128
AFK3676,0.39965955770385875
QRB7722,0.6368591107242132
SJC0158,0.5308538895265964
RCH3812,0.6689429877012127
GEN6842,0.3651324966243089
FNE4328,0.4965822082065227
WXG9684,0.5604058239643106
FCV8286,0.4852044339922318
RVQ0084,0.2340592259783521
PGF1168,0.5368438541621972
FTZ5809,0.5172128745673853
ZTK7324,0.430563134012057
XRZ6099,0.5758346397983871
IPD6107,0.5674936305103404
PQY5066,0.368187797580376
PRU0629,0.6985702576635928
AYP8708,0.7416206959951349
OBQ4700,0.26015141050299184
UJR8468,0.25296356511606527
PXT5309,0.36016728027750683
POT6788,0.6897942809054205
JVW1000,0.5705990975090988
NSK0652,0.6876721882979215
ICA3637,0.23373877276906604
DCP1085,0.34813699797771835
DCZ6187,0.31760752064222586
DFZ5791,0.7799690070321055
DUI8399,0.4164318252195367
TGF8462,0.4364727193311693
STK2892,0.1766910175934957
KGC2143,0.5711115938317282
MRJ5417,0.6435274459082381
KNE4875,0.2704702623499573
WWU8717,0.38977419396670177
XBA1009,0.3615529857173183
URC7565,0.47274269955736314
FGH8879,0.3806051115745467
TDY8258,0.4251050258894241
XYG9380,0.14605221205298066
VXC2814,0.41029520977133593
LIX0857,0.5530820181472977
WIV1316,0.4560607126447467
WJB0796,0.4560030027193268
WDF6414,0.39159112610242186
RMW4668,0.5850211577315323
FUU6581,0.2212318493575149
XMJ4060,0.5393898310544156
SOY6474,0.552217405964347
ZRZ7446,0.7285482936447172
WUN0078,0.3632279068084011
ZQD0286,0.4931163093584161
PUK7832,0.4382829048925751
CBW5745,0.8365747465190276
CZN9299,0.32521268127962105
WRT2255,0.5781497376419135
UQF2952,0.35583248030164516
RVM1295,0.33244967569924094
PRO7906,0.3490089698889183
QCH0078,0.7202016610306476
XYW3022,0.41912799178783355
UDJ1243,0.6153079235703078
LSM4498,0.4481831826765078
PHI3536,0.6331084501172755
MPU6302,0.4208971391675983
LYN7774,0.07990283561407449
QUS1468,0.8118627634158959
OTC5448,0.27848996217339117
XKE5180,0.3043858237592213
URN0347,0.1754852088964145
FZE4687,0.4295245250969848
BVQ7673,0.6972133191107088
EZM9452,0.21740335538650205
GPS3302,0.35917381495554435
GUN5844,0.3478782443050166
AYN8791,0.3774195711931439
LGX8830,0.3484844334993851
PIY9509,0.3657738483703461
RUW9586,0.7350468163302372
LQL5669,0.41702349171089936
PLO8760,0.4011577109454155
BGZ2838,0.4215920375670802
WHS1751,0.6798492011528716
LDC1774,0.8222432367155649
AXJ6702,0.355366086704711
HCL1779,0.6543374056597009
EFH2183,0.22637150908224224
XOA3736,0.5085121882847905
UGK6327,0.4222614126371881
ESV8661,0.6938772023490314
MZE3278,0.4501653331460884
CTL6582,0.6407917767391658
BZD1651,0.6012962190850508
SOM1304,0.19195386608888004
GTQ0095,0.5598616086197301
YYP6016,0.32169918304147893
ZLW8020,0.48833071445141296
LGF0331,0.6282593697953194
WRY2911,0.5504292510633921
INE9421,0.1499608477501832
ZYZ8989,0.7882012718753744
TBI2765,0.42094311742407586
ITS7667,0.37609339100193867
ICK6739,0.4432891582385859
BXK4237,0.3877566985023071
VNI7499,0.3692208769418831
GCU1033,0.5265244674916785
HUG5452,0.8537558478273761
VWA6897,0.5731447057599929
FVT7281,0.5168469969240757
LMY8193,0.8689464983470254
NRR7838,0.5806175730034401
JXS1528,0.47903812330566786
GTJ5916,0.5239229105869254
ZVO6581,0.4987616609039396
CRM6164,0.571918799100255
TFC8917,0.23919508658642485
LTP2350,0.3994561796242095
CCJ8697,0.5181070083305575
VUR3194,0.35843907823944476
MEG1780,0.5181761859971931
ZAA9723,0.4044639219967785
RPX4079,0.27251923122101646
SOM0507,0.46545530483375286
LCS1549,0.43893127656228625
CCV0759,0.4532388203489143
QAN7266,0.5083889946471027
PNL4797,0.33387234466615073
RJQ1884,0.1779994188791698
DQZ4278,0.3905197343907785
WFG7626,0.4454443230493673
POT0131,0.616746568951534
JMS5345,0.4564325016151273
RGD9707,0.4440579822079969
TGT3516,0.5589669016949417
CBI0263,0.35637666091731157
FTN7519,0.3833127266913594
TWG7257,0.4742572318873388
LCN4343,0.4573391760163459
ZVL6847,0.6257006972092124
CZO8241,0.3900393625258378
CDO0664,0.4304750219905108
IEI2406,0.25880144435866237
JTE2790,0.14857771484881954
PLX0698,0.583578465965131
GQF0238,0.31626457544246583
DWC7982,0.4300704684404911
FTO3822,0.14262743455789031
WEG6221,0.3707326796507482
AZG2944,0.7826513975276221
XMV0741,0.3175073693883307
UGH1295,0.4496132953638621
HQR9335,0.3870448969423414
NKQ9327,0.830904910412257
XTY9372,0.5231966876179392
EYB1405,0.6131275166760604
AGO5581,0.4239014717256448
QCB4606,0.6750939452384133
XPY7960,0.5387152521076348
SEC6669,0.3110227261394857
QLW6555,0.5645754627192753
XLG1609,0.44264078975472215
HPI2607,0.5696228319133906
EVB4443,0.7641114679950172
ODN7655,0.4521287429704792
RPG2644,0.5855822254065228
OYL2687,0.5456764290265935
GTM6270,0.3697504752903249
BHF6755,0.2658939071501135
GJK9666,0.4572308986060669
CYF6186,0.3070429798497568
FAX1132,0.25211077706884044
OND2893,0.6336914777335512
MWW1847,0.3196959170681754
EDM4225,0.43572359326014
PHR9695,0.6250835476115608
AEH6740,0.5144476416275254
ZMQ3615,0.40240905860338716
GOT7201,0.6583187199387731
ZLQ5494,0.7025804342823008
KHZ2516,0.42770528913968897
BVJ4973,0.5512687032485799
CWX4561,0.7040442089951862
GJI2743,0.43856464610983015
OMG2647,0.605043417280184
FUR1115,0.25085542632648977
FCZ9083,0.47374123984311456
UFL4356,0.25197125490865147
ZBS4925,0.4204741549896839
HPB5006,0.09992360820966206
RSG0748,0.3825934273548079
CBF6533,0.2906195372509123
EKV4020,0.3853871781209231
EWQ4926,0.17141051673703173
MSK3451,0.43164045556548203
YQE8855,0.2552446196177647
OXR3527,0.8062891848289413
DOZ1481,0.5981564206320622
OXP9987,0.28458732639133255
ANN7983,0.4001532755668087
HLD8743,0.6690946508315938
VTK6628,0.7327295165204568
SRO9037,0.2515547505496771
UBQ9686,0.6755265190651039
MVG6267,0.32399533496529054
EMO1696,0.6784950758468817
TGD1798,0.43052606718737546
FHK2988,0.3675121795827324
XNR9052,0.7904677027841702
AXR4132,0.36813990269316355
WGH6565,0.4469016945959421
FML6794,0.5183507307506665
DVJ9838,0.7252568148472971
DIC6615,0.41342577817018733
RBU0373,0.4681030680578775
LVE5589,0.6107235812223755
ILK9645,0.29304157345096793
QNO7435,0.7307693787415743
LPL3544,0.18165081588037305
DZS1655,0.4851946061351565
BMZ5036,0.2610520327528435
ENQ2648,0.08516469364219711
QHS5121,0.3016048149913187
JRU0425,0.10987030930733366
AJC1854,0.5097409667487007
BCI8265,0.48320971651113276
LAP7008,0.506946297468426
PRQ8360,0.636009716949562
WRO2076,0.47113012649666325
NBP8599,0.5803248142674677
HXZ6061,0.4805846606634607
RQB8738,0.6124294258801792
WQX3133,0.5303836630766673
OFG6256,0.31723644100452253
CDG2022,0.5077773756668049
TFP6421,0.2799325657699143
OWX9646,0.36134186829639636
LTT8237,0.5882026215542566
BOF3129,0.32398644955826783
VOW9109,0.6579995333995821
CWN0691,0.5242448781240903
HYS1355,0.41782733400058897
NZJ3062,0.6728380562248153
LRT8091,0.2874908253387941
QSG6295,0.7086557004431555
RWL6854,0.24106763282095942
MNM3630,0.6575604544961091
YUI6791,0.36594189455761794
FJX0190,0.40921379412613
QQF5096,0.6380812433136815
AJS6206,0.7631173897375889
STF2875,0.7697775179709654
OUS3364,0.2943636708581613
GUC8571,0.2235333994263825
FXH1573,0.38414033311045376
CTI4900,0.5023904928480486
BAF9737,0.6496040468175215
XPJ2696,0.43457779749994474
HXT1930,0.4455426677038572
WMQ8645,0.6940327059094957
XZF3932,0.4096136749229299
EHC2456,0.5353680174057414
WLR3209,0.3773197121733474
TMW3776,0.5007486757204769
BYI9884,0.48004174986400894
TVL4976,0.547274026461025
JMS3751,0.5242183187089872
EHD8569,0.5521526549862996
UXK4747,0.5564942137041422
KWC7487,0.21508594898535938
LME1343,0.17841820786309584
SJS5024,0.5277865833910312
EBP0107,0.4932250544088439
MXW7089,0.48265677339124125
XLW7075,0.5407358218641733
VLE0044,0.22966688495580012
MVW2125,0.7390031981003966
ROL3261,0.7589203840881878
NEF0732,0.6298388895687663
TNH4937,0.3770607626459318
NHD9630,0.5268645819201103
VBV1330,0.2930261550891412
NGK5798,0.2899758760097151
TIB3609,0.6885905358974072
CQX9257,0.7011083563701368
JJB2918,0.5852279163987759
QGE0385,0.21570339376325098
XPH3100,0.25312109817566275
MXQ1607,0.19086188283840055
WQB9441,0.4732790337047291
IFX4669,0.6241010178626374
LTE9151,0.40224825915359996
QXD6741,0.44135028025412004
BTJ7572,0.3420937452837668
ILG3077,0.6218840529074339
IQM1201,0.37688777931041256
BLE7111,0.18465727646348123
KAW7370,0.35768294029693615
OAI3127,0.595905886274988
IOJ5332,0.4411852772901523
ZSF3534,0.20702654974958795
RQU4937,0.411148481400593
MPZ5602,0.30896868359300966
ZOD9642,0.5540922014052811
TEO8067,0.609425492315468
TKM5696,0.4789530948038304
AOD2802,0.2665437425046569
HUK7613,0.3778137640600366
JGD9511,0.4673777965487106
AYZ8798,0.6297039226596047
ZDM3945,0.3860986482307573
LTH5029,0.43941535339158144
MXT2148,0.5405589635181139
GVM6956,0.410636223726135
WDW2862,0.4286940105750524
QJQ9522,0.3551021266217248
FRU3187,0.7099078321576935
DPK0141,0.6860391489867654
LTR5585,0.4096686521059198
XJF5775,0.34215641014402975
TOQ6204,0.7389744047461515
QXS0144,0.5834973984548397
TBX5804,0.2800457895919335
PMY9951,0.2710896616041846
EIV4595,0.5389301295349391
YUU6633,0.4513947575932019
UGJ3843,0.44245473603726776
UWK0037,0.7578218232871087
VNK7348,0.35266001532536917
CPA3848,0.8853586765428905
KPD9994,0.6860005979000403
KCJ9439,0.15206079445023982
PEW6534,0.38330834306671857
RSC8075,0.5667391638158215
YCJ9085,0.17939000729956883
PRL0472,0.6866959209734635
FWK6361,0.4744927136541786
YLG8442,0.38634603034653947
GEH5854,0.49591998033813633
SAL7389,0.2751202380452398
YMS7341,0.39699838417235916
IKD2768,0.3974410000379208
TJF3331,0.5159105187042508
KWE2891,0.2942715654148678
ZKN1526,0.7239455439334368
FYN0193,0.6050219253679285
LDW7977,0.5857596914899617
UHQ3906,0.39033238653209423
AZQ5561,0.44925032540101
PJH4687,0.6013553756331779
XKX6806,0.6697141648798323
HAM9575,0.34248790256932804
NAT7573,0.38782247991945573
EYL8899,0.1901891590167901
GTH7212,0.42419322793733605
QID8015,0.28936110875627247
RNN0054,0.5211274110718764
CSG0726,0.7783785932589924
ATT3526,0.43930430746766863
EFF5669,0.44764357410817496
YZY4981,0.66396103765081
NKD2183,0.41422264423084304
ZRM7482,0.38702910076900165
SJK5331,0.418242047405444
GUB3614,0.5884056062337317
NTC7862,0.854981906470909
ICO2684,0.22054322603007998
MVW8128,0.21545531843310833
BDS8123,0.4036833767755771
YVT3141,0.14547249845832944
RGI2704,0.4871715556306493
HTP8585,0.6455463500998422
HZU3585,0.5834329779728116
XSF9432,0.6103973022756164
NGC0638,0.7104502274741241
DZE7578,0.44452715126514714
YDC3343,0.668366935588443
FDG5520,0.542399205664206
VEP9395,0.37325169037582473
GGK4791,0.27777339136435975
WZS8541,0.2700325440470728
QHX3936,0.5435628755908015
QDG4818,0.5344157393295275
ZUQ7887,0.5724134057861967
AGY1309,0.5058263321622165
UVW4100,0.40775014963434564
BWN9219,0.7695823139650964
FHL4572,0.7117454445639617
HWT7241,0.4583592429221437
UOV5896,0.22767876852676935
RMW6133,0.20496685907624862
QXR6850,0.13318276619678776
YFQ4304,0.1673821442100283
BYG6143,0.4669601085924192
UCW0671,0.5549914808704837
QDL1220,0.3160205649003998
RPC9516,0.5154344110492564
LIX2357,0.7202069855959989
ARW4463,0.7247814129985535
NER5135,0.3863397884880724
TIT4262,0.3670463769981126
KOP8740,0.36343510312498134
ENR5341,0.3646309064037325
SVI1672,0.6505037327484755
NJA0713,0.267665891276728
CZY8688,0.37389900460916115
FMS2015,0.16574277975694718
QHK0296,0.3994661776663335
TIB0285,0.29657812944387013
KWF8147,0.3728447226358073
MKT7416,0.4894865513869383
BAS7787,0.6291652382253363
WBA8393,0.44776821176105797
BPN3486,0.44265108966100064
HMG0854,0.6780826580715718
BZA4231,0.5174103083689447
OPQ4102,0.7201944910193332
LUR4054,0.29037493029324674
UKX7997,0.3185940276731949
BAT8245,0.4835429902591233
GUE9488,0.6571546013518232
DNG9558,0.7828834792744894
NEP1395,0.21224874255894305
YFU0433,0.35420023008274404
OWG0002,0.2720882616066493
XYQ1238,0.23106519763714395
MTZ3600,0.4305695326942106
LUB2819,0.663912072950178
XYG6240,0.7041444258960613
BYU2818,0.2836441443673714
YNE0190,0.4015843155823686
XPB8615,0.43404631758423173
ANV7632,0.425520667544521
UBK9497,0.26051836928411765
QRB7048,0.45897338001931554
SUJ0543,0.6580607584346156
OUY4612,0.8504164370779216
CEY1822,0.1672081317419114
BAU8123,0.34585239286850133
IJY1244,0.40912254575804
JAL3784,0.667443316604406
NMJ4281,0.553154085187183
MEE9328,0.4299874136102184
WJK2404,0.5018263795166897
AKW2898,0.5999402548401431
RDN5018,0.3170432499543275
YDN6409,0.7284528668286749
HYA0471,0.6942304701431177
KAZ7187,0.18019137724477113
TYM3126,0.458967311876078
KOA5634,0.4115837610252707
EMR5325,0.5860992765590083
PFV6163,0.44365741684830334
UNY3920,0.36521339998977154
KUT6020,0.28683991301435485
LJG4273,0.42075185950963334
SDC1469,0.19395624094813846
CMU0635,0.43190054223082897
OSN6352,0.46079750736723457
TME9410,0.5511349124538716
WDI8148,0.3135155524846189
PPQ8383,0.5382653005528302
HXN4016,0.7238062335423553
EPG2440,0.7062096859282014
DFC0443,0.5315962872938687
NQL4457,0.6265669476635872
