ID,Target
DFO6773,0.21673234514219858
ACG1537,0.3138323620845273
DQL8503,0.2759574924038065
SIM5667,0.11564816083493484
CGP5642,0.06438170119200283
RPR2789,0.09433554594469357
HGL6434,0.14378836292457634
PUI8765,0.28494650418679063
RQE9284,0.2785563077107948
IBC5636,0.33781586246239215
ROD6708,0.4252562582227954
PVG1848,0.2181571202323434
THG3807,0.16540479480243617
VAU3040,0.3589554506207748
DWL2697,0.12878680965563824
ZAN7304,0.47462852842682335
TVE9995,0.08142151991104758
PCF6080,0.28402571905765933
UPT5060,0.22474533536227834
HKP8843,0.2597987966063118
QJU1928,0.14923770890241211
ZON6991,0.15547996116312252
RAE1398,0.1459616151018826
SWH4514,0.20517758378718792
IIG1667,0.20929610812980748
VMS8326,0.21784015103298293
GRQ7156,0.21214887630178403
CAE5003,0.21777917365732435
FRS9838,0.14733924143065305
DFN4452,0.4976583724482402
GZO1321,0.04728200266945241
RGA5708,0.3387019491572719
ZJV4081,0.2164374240223233
WXI1643,0.12814355957620524
SBD7132,0.1645858786921085
HZL3502,0.5033550389923366
WKR0537,0.10138199302964475
XLB2397,0.07928343580348923
ACA6327,0.18909548267127474
IOC0400,0.29609796022591955
UCF3461,0.08351488355568057
EAH5172,0.29180176596610136
ZMH9077,0.4677662997615829
ETP6377,0.24729381135792833
BRN1398,0.3572944657471398
PFW7493,0.32154740882007044
DTB4517,0.63331328583816
ILK1949,0.22346192629157274
PBE7941,0.2663443770079532
HJR0365,0.4548680749343019
ZMC9606,0.5133589965329836
FLT3646,0.19442418937602948
PYI1436,0.2642327483893729
MJQ4939,0.14025272413552567
TSY2603,0.6059406921869468
YDG0242,0.5579190466835594
SIZ1523,0.22874681174870456
HSD3272,0.3208061908727965
QGG9170,0.14515802340722242
KUP3285,0.10763289354146999
SRM1677,0.3027219265766717
WUA7908,0.17798698753727904
SID8395,0.06235431550510067
VOK2057,0.4199711249463865
XZK8217,0.36790521821737326
NNT9148,0.1228105729947184
TMJ9163,0.2188928999357563
CNL5625,0.13569898166396735
LDU1725,0.1572054197561589
MCZ6471,0.21478193185992064
CLT8952,0.22004108566202893
ELK6989,0.32560533188810414
BBW4784,0.08298262632514189
QAY3817,0.4678730745476469
AYC4715,0.18283802382441317
BEM7158,0.4866643086279668
BWZ1441,0.20215444186920556
UBF2009,0.16632991305943032
LRC6071,0.5111589009035559
ODN6164,0.45372767337992914
AMQ8363,0.5298087033959301
XZQ0660,0.2648594740688299
BZN0084,0.25395058551472527
PMP2691,0.15746572274903223
ETA5284,0.34158623305047164
OJY4163,0.2343625183170749
IFE1361,0.3615944575103559
GIZ8603,0.44266187361888304
OZI7954,0.16615509575578083
XLJ9298,0.33709181310926817
EPS9448,0.4197265993767221
DKV5123,0.26263516021678945
JMM7357,0.07498130484870859
BSP2705,0.3983206905469546
NNH3400,0.1626806548359735
WYY4670,0.17726028340038602
PNS7835,0.16550267363791946
ZJU6296,0.08893482315767426
FBV1095,0.37229554602468745
AQY6650,0.2713642822547937
WWO8325,0.11915694475677005
UAR0401,0.13241534029984356
FFJ6554,0.08628504830030849
HQA2546,0.2917714342769026
TIO2245,0.25557199322924495
UYC8813,0.15337623476512108
TFZ3535,0.5033659298770549
WET5158,0.1617175756283933
TYB4328,0.3170733338238636
DJW5769,0.27517411159410954
TFJ7526,0.36468636329647175
IME8210,0.2913175958493194
XAC2820,0.139383496853229
BCN1457,0.15350796605314485
ZXL1102,0.5874801904357507
NNR7100,0.24080192369313821
LZL5785,0.37274801699184573
HOJ4432,0.15339674794558894
QCK4637,0.137624183341895
ZVA9791,0.21252873537338163
QRJ4411,0.2855649119667456
UCZ8863,0.21044034807626516
MKX7122,0.18982395821357415
GXA8899,0.2870701286241342
EAX7700,0.1024510633551289
QOH3789,0.3669704084074963
NGC4355,0.22250486198568897
VJQ4277,0.15107868948378692
QZM9978,0.12953298392624435
TAQ3968,0.21260630617121826
XBQ7957,0.4179025063721142
GUP9966,0.46203374057035146
IZD6170,0.04783935815539893
TME9261,0.10087776555652493
DJO2039,0.1826454386981138
RSA0679,0.10260933035060743
SBW0791,0.7072946240752176
QSV7106,0.24116414814813064
JMP1245,0.28717233059236225
GUD9321,0.25490816330516974
LXM2954,0.30200656201568254
LGI4642,0.3143596384733154
BQS7913,0.2272132639645738
XJS3739,0.3402032320002791
BUF1276,0.26013446022674924
JTC1315,0.14205965371169987
WCG0333,0.07095932856057303
AKV2947,0.0736651907148352
BTW7748,0.25036685850298523
OGY1474,0.18499668960933524
SSC6417,0.038781977625250284
RIO4406,0.38169876779465306
RWS6732,0.15333258161139646
PAY3626,0.16136079796850147
IWQ0772,0.21635172543842293
CQC7476,0.18476764349196512
FRA2470,0.22380619729278192
LBI8368,0.14436325768105968
VBO9478,0.17006399943260822
XRQ6385,0.14580730511010095
ILW4257,0.1265923721434653
GDS1490,0.1852321397587569
PXX0426,0.37508565525620213
XJM2247,0.0877054051341905
DOL0347,0.35804170515015404
WFV1019,0.0926955742098275
UVT5968,0.1143471789854636
BLH0526,0.18041870870285937
JTN3703,0.5393547159334942
BCU6206,0.5143901467083397
UTW6518,0.20451123400298982
AQN4052,0.07216449338754047
TMU2581,0.13619088298333196
EDJ3712,0.2605597088763263
VTR3659,0.30943394276647535
FDI2651,0.1042677879046162
OHH3383,0.25161154739314245
XVH7995,0.11795591641635765
IVY6009,0.2585934854569872
YDN1128,0.07393992107368509
NEF1312,0.32214609144944073
QEA4547,0.22317071371814334
YKQ7318,0.31631126082039007
ZKQ2426,0.39596998683555246
YJQ6360,0.23581457065121844
YDZ5100,0.1099369913059021
LTT2841,0.31034397793490126
TWU6658,0.06965679864616832
LCW9731,0.12702944958648452
MKT5578,0.15811136887293173
DVK9351,0.24908000509987602
ZMP8248,0.09642398671917302
KYY7821,0.08172097639804163
AVJ8974,0.28987806451050385
DOK9100,0.11363078745564693
ECD7626,0.19342780496672016
YNF2554,0.17452360057006097
CTU6321,0.4868177148207278
GMF7103,0.13766821344805774
BRF3061,0.12286961153368162
RJB8313,0.46303794797952497
KMC2649,0.1872084132362854
AAL3606,0.3700618903039858
KIF3467,0.334024281254025
YBI5203,0.2913547185236647
WLI2207,0.23727219096612978
NXE2716,0.06003201670029701
QDS5954,0.1572231101225643
EKN9573,0.16244434190783996
FNC0226,0.18994777457446366
SJU0287,0.17592551504980458
EFB6786,0.4514452156582247
UVC2479,0.09628012458954266
GST7887,0.09279837124563359
IOM4923,0.08202001677116974
SZO9257,0.2674386581567166
FSX6639,0.14144646200734595
EIH7872,0.3135092548880246
DYV7545,0.24690495226927664
SQW3453,0.19849253057849991
ELA4440,0.263200634628098
VOX5185,0.18705615063403813
ZKK2844,0.2094955954230973
OOC9500,0.2761469967436199
HIG7345,0.31687943452624817
UVQ0146,0.17498267227288336
PSS9989,0.17685460440042422
VQN9394,0.44017031399797857
UGY8965,0.37585137800840196
VDG8451,0.3952116737723699
OLT9843,0.3338320060424411
LOG2264,0.1392865787098284
YFS9689,0.4299656000493613
GBE3000,0.17166167096000678
CBK7888,0.15293482953778714
MSJ3134,0.14486777834315226
MJH6242,0.12196415262342372
YZU8809,0.5048116117906831
CWG0188,0.40773856015354054
SYG1986,0.4137471610280504
NBC1180,0.12632820647312754
SLW9447,0.24466262692372515
WYY2045,0.36018863814942975
MFT2817,0.15791790097262492
ZGJ2969,0.5148872208584249
CUA0202,0.15475023675782004
GGT6416,0.3189535323741533
LZU5185,0.25608954781344295
XNX2676,0.19058611033071124
CFI1200,0.518433409607288
PAP1874,0.1362377795615899
UPZ5905,0.26896411065529857
DQX4472,0.5440733996375771
BZS9230,0.07880798820809043
KQE7116,0.20309745314897165
VBA8686,0.5515112494903625
PKJ0136,0.19150421471647036
TDE1710,0.09527868569772836
UDL9511,0.23216816754088085
OJA7544,0.34074825203683007
WID8415,0.43335569077374747
IXL1208,0.31474465511574057
UWT3931,0.3660861996402919
QGG5977,0.09322395842184293
ANA7964,0.2542901748658196
HEF4116,0.42724118704436187
JXQ5032,0.12227578464828026
XRU6956,0.32895401776828204
SME8030,0.18161010593285248
IRZ5669,0.4266425967759682
FFX2740,0.31689069750732857
JXE7156,0.13858338248958238
EOJ6968,0.2000385895442871
UKH4457,0.12683850461279467
QSD0662,0.2179980331713226
CDH8767,0.20940364485839702
NCZ1766,0.27414898891285666
CBE7721,0.32001263639419625
JAF1807,0.468389046443063
VZE9639,0.12021851751448398
QVH2896,0.14991307708374876
SUF9796,0.15303071516600023
KQD2227,0.13133711423951183
OXN3636,0.18435139856464544
EKX7884,0.21263768177538112
UBB3172,0.12911379317137522
AWZ8951,0.11682548052731431
COQ6853,0.23740281663465693
LHK8813,0.2118767551428358
MMJ3810,0.2890284012148742
DQZ9725,0.0766922266078602
CVH0937,0.23990457392883166
MMZ6751,0.283052707614173
PVN8363,0.124813436078694
XWI0820,0.5044557782943258
FSR2001,0.45191703266689215
JYN3021,0.23627319256240034
KPY1302,0.31301997393017716
IDR0248,0.3602037036546175
LHN8416,0.1985498036021694
XRI5806,0.44647316404069404
TAE6093,0.27240455365203853
BUU8360,0.6383486264667456
FJP4956,0.3578299634949391
VIG6768,0.34578077162475346
WYD1366,0.27601619919391285
EHS7518,0.32825808503859377
QJA1196,0.27441865474070215
WCP9282,0.4543671954582416
ELK3640,0.38221282683672475
IRY8613,0.526017511533727
IGR0423,0.17719685184977094
YAH1716,0.3081613429097134
OBG5674,0.06304273557220291
OQQ8607,0.19305258353857396
LXD9398,0.14742934531496923
NGV1153,0.27223089349121027
IRE9130,0.09996631293424021
IWL0174,0.15624643477458086
NCY2045,0.08875530558094463
XFE8683,0.1379568052125241
FPB0008,0.24916077942134693
VIP0940,0.2181601266641773
JQR1894,0.4256289504856471
ROX1611,0.08932182372231127
ALM5771,0.08840029811327056
LEY6688,0.046302016743769506
VGG4396,0.14074483159600176
RHU7416,0.20986909816839652
MWJ5507,0.4273596096147763
ULY9181,0.30364669861396776
IMG2600,0.3602927606926742
OUP9451,0.3172669771493187
MIR9240,0.2978237408467536
ZRL9800,0.5496973552209748
NWC1345,0.07946932189949145
VNH1391,0.17251699256755293
JXW4828,0.2045521042023709
VBZ7199,0.1655838163175481
WLF0421,0.11698731438243626
UKR0792,0.5099384203551987
QJF9545,0.10630151611351758
LEO5692,0.2255987369141332
DJG6508,0.41288259195083354
AOE3363,0.1740011699521622
OSU3876,0.22074546325811645
WMS2804,0.1434006966115995
KRN6708,0.38138563859414776
IFE5408,0.07787550981219435
ASP4223,0.24323014327975234
ACI7391,0.15777348516077572
DDA0281,0.12215313146465002
LIH6429,0.04880336220113566
HWP8777,0.4600967634606071
LFJ4299,0.14813205923018716
AIY6599,0.23808358198905757
QRB3811,0.24896251574344982
FUE9670,0.3238296252039612
JBM8920,0.1862200962678303
MYX0246,0.21968721445253075
CTC5913,0.6139189869869659
RZN3717,0.15576550872006945
NXF0575,0.2652015186597071
QJQ5816,0.07302167278146682
SMN2492,0.24188131617685416
YNS1825,0.051159718331693145
GDM4311,0.14691329242506346
MPQ9948,0.23735443251040916
BSI2741,0.19136372602167614
MHT9814,0.16991939937460007
KQW4336,0.4155548413607002
SGK9596,0.27972186921479286
WYI2584,0.10449514504731792
JPM3125,0.08327584175582355
TWO6625,0.28028980960600924
ZYR9195,0.11197932812466234
UBX3089,0.1303007417710556
HIY3832,0.0814314806566177
RSQ2014,0.23797753106544373
HBN5862,0.12361724042089915
PWI1151,0.28475543682337046
VHV9062,0.15141940125243708
TNG6275,0.37160805588320567
ZGT7648,0.6817761065625193
BTJ5094,0.4629397301876708
OWQ1317,0.38385396236387337
FZJ8283,0.4454242964584587
AAU0759,0.3881086770227255
NXH5986,0.42421798800351895
UAC7517,0.3825416780143966
HQD4364,0.3785650348239058
SRF2584,0.18752490933722726
YYA8087,0.1693204883416731
NBA4065,0.1253782983848733
NZT0627,0.0591126611249953
OEB8359,0.1268547956302046
YPR6624,0.1804544711105328
KCH5008,0.18749300618299755
STC3523,0.36274299637142876
MGY3123,0.29127168119189906
LRY1938,0.261208281480872
SVA7219,0.05863518984952138
DNC9467,0.4248850933148172
LRC2676,0.21970554547424012
APM1038,0.29773001410632055
YJZ9859,0.19310920342560717
VYX7142,0.2279200088407226
MFK2019,0.15575669395984526
FPE6810,0.2700077365190215
XBT9674,0.24111507961210224
ZPG6061,0.20441906014182568
FCG9088,0.19547974947771968
URC2367,0.0750400683624736
EHT5699,0.28367801528781345
XAJ0279,0.25999798584189676
ORX2274,0.38268201361258547
HJO8517,0.2494528086385861
MIU6675,0.2531059187225693
GWB1362,0.3623508022374801
GJB8260,0.13766088550636688
UWX1200,0.42132434942075087
JXP2884,0.11728101446265435
PNU7995,0.12318014933592761
ICK8620,0.5536170736100492
YVG7100,0.18280935226567552
ZQA6204,0.3094255870318549
PNP3590,0.18643620884257822
CTN4936,0.5101669677015236
AFE9344,0.17001341384677385
HJG7797,0.17395532737931363
IMN9206,0.30013026495545375
JAD4840,0.3281021931153921
KKE4285,0.2643006688183902
HDB0095,0.42412236050753627
RCS8492,0.1831409612223881
GNF9509,0.156610931274408
AAL3161,0.1638345738209154
TGQ7962,0.2419073200208617
CFF9202,0.1256981356741054
CMF9347,0.4169965358628086
CIB2416,0.16695741473028303
CBK7203,0.25795227254946684
MRF2491,0.1753115720341907
JMG7680,0.1526496029046864
RTC6762,0.39467329001817875
ZVD2009,0.4115433267139279
WFP9497,0.31484956630127126
PEX7134,0.1319935448390333
FHA1852,0.26747876500648426
UAO4501,0.14061225559962212
IQJ8723,0.2905917149178919
BQL5404,0.2169607327184011
KLN7250,0.12174083706020844
BNW3280,0.3940612476468939
AAN8609,0.16223008590598434
MEL1982,0.2008514764293629
QVT9418,0.2588920227693491
FNV8858,0.22857693133466522
KIO8299,0.09966859880326641
RSJ4654,0.049567096631776504
BCH3690,0.2512884474304116
SYC9531,0.19106630304623134
KIL6229,0.23748069145310002
NBO4677,0.1456634247938804
EKA8324,0.4119090955751397
ZSQ6837,0.2854156960180417
WXK5001,0.19342959941837598
RUC4832,0.18620188146385233
KJK0672,0.20078184290077405
IQM0593,0.12953910451227693
LPK7313,0.5305504025597828
ZTQ2325,0.14479092292294524
GDC5285,0.4227250334906728
QUR5370,0.1064690080163696
SHR0678,0.30574397964184546
YES8392,0.39083323282615295
TOB4763,0.18182985951940753
YOU7542,0.1512463854993452
GSH8987,0.47353024945643557
WWZ2281,0.32418434907074795
ALA9742,0.37066921954556503
GCN5077,0.20433348775487237
ROO7648,0.16197449090042143
NVR0886,0.20235435755999345
RJF5346,0.28432025075475115
XLF9962,0.1991171490039381
ZGA9831,0.15834958193332335
WOC8918,0.4661723969500609
AHI6284,0.14460032228571196
NIU4213,0.4311630446564727
SQK5201,0.19919565446695645
AJO3590,0.18436000013543904
WZV6293,0.21916060803829837
NWA5890,0.18079799569651706
WVE5452,0.23391780442201016
YGS6044,0.2674950334206498
SUY4237,0.13192581339739876
PWC4767,0.2174697565031374
BPZ0803,0.10621784339061041
KJX2470,0.2575331992935955
KIE5395,0.3828520861806366
SLX0697,0.061062694784985445
UUK9663,0.18204864447400912
IUG5399,0.09353336519683275
ORV6100,0.17741553057893814
OFT6653,0.300544126099298
XQY9087,0.05393221359317469
KTO5138,0.2643086456066433
JXM1524,0.1869036727596407
PWB2146,0.5261154417526456
FVU2525,0.12576509199872027
LYD1152,0.27429011683920596
QTA7916,0.37091599512397766
OIR6331,0.2925194837584031
EYU4023,0.29620419383032603
QPP4425,0.32928594368461217
EBZ2462,0.5278216959319939
PEC0913,0.14635513576913808
RZW4685,0.12174790559877753
ARL1855,0.15551336955985703
GNM5799,0.11980108932360484
UWZ6120,0.4657557952178486
HHH9210,0.126216472783088
AVB0694,0.09782005339864462
TMT4597,0.17187238641687752
UBS1325,0.13772132062195125
AGL0230,0.21083190068891075
RAY1338,0.4723665049082115
UBO3797,0.10488628659603999
CQF7521,0.11294563574718298
KDP1198,0.25342908519558827
INL0868,0.29581468902550323
GTK3189,0.14797897654993705
WTM4005,0.4757258714462261
FIP8993,0.5278107582955149
FCZ9834,0.20853039579060895
RML3792,0.2875342360586164
PMZ1560,0.2581798309862763
EGE4577,0.1161614195980487
AGD9018,0.10291594547580626
DAK7002,0.5323518208825344
RYM2412,0.23936721792476912
GQK3574,0.17314793612290455
KDJ3912,0.2685549133634097
LWS1614,0.0845286447156351
CWL5798,0.3030815299571259
GOY7408,0.23245679613464068
MDY5140,0.22641495622993174
HHY3374,0.3985004258064329
BUJ9611,0.34995250675069944
QIF4923,0.43293689191103263
PAT5605,0.11397312528752834
ZVB1813,0.32040400236839806
SXC2843,0.31883921651167596
HBA6381,0.1663298250584456
RII5546,0.07648067355227847
HXS4855,0.22226233449884947
XBZ6752,0.14562008475102167
LWF5773,0.38034675877614366
DUQ8476,0.14446240000745297
SEU1555,0.2881501681712045
RNP9751,0.21136822421569926
WIQ8770,0.23487921149804608
JSG5695,0.11931721476652081
FKO1241,0.15036098084451968
PCC3793,0.22187967042243822
CWD4541,0.11026434201568912
ROG9695,0.45024147792337177
MVR4037,0.40952314422509783
FMM6372,0.2264815910536318
BGB3523,0.6019958556765264
TTF6509,0.14594899589511115
ALW9297,0.2328207885296905
ZOS7568,0.5268793869718725
ABH8279,0.139849357474206
UEK6628,0.1394631276958195
HNC0717,0.1325630834035731
JGT4554,0.24076283319779573
IJS7638,0.2592054947805065
ZZN6544,0.38241730075558494
YZA9256,0.2946709673436071
GZU9440,0.10065420500105382
ZLK8905,0.44191308750303215
ZWC9267,0.3192528448916069
BVE8079,0.09028016609691648
OYH5249,0.08687587922809299
KYH8521,0.19783019677618474
MZE1888,0.13073780341425661
CDN4250,0.3350843365793587
UWE7463,0.35066598430571805
GZN3833,0.23532927189764533
BAO8553,0.3840914005709542
ACB4517,0.31640099143597916
SPU3212,0.30147136843622985
BEH3042,0.12997723646005438
RQL3472,0.08167149615344046
MAW0136,0.28381364422677513
KLE0471,0.22294481907841443
ZAY0157,0.23287209232152017
SWT8253,0.4051384976648677
MPI6855,0.25536097525375107
FWG3117,0.18004549102720663
CVS0423,0.07966873417364823
GOU2454,0.1409971280570786
PYB3720,0.1306868450333361
JZW5332,0.4308620454790927
ETY4656,0.31942573636853216
ETA7123,0.17577562808979783
MOE5691,0.2624223557824663
LDA8763,0.47997119324118737
ZRX5373,0.2336689753347964
IJW7879,0.41162367248461956
UZW0758,0.22750171231360627
OAG6186,0.178919614909823
UAM1818,0.34451850318645766
FNN9065,0.32403561467968567
JLF1780,0.09775901434304135
YEY0893,0.19999874856858954
THB3713,0.1523523185344465
DVN6545,0.17270842542628986
TOM6543,0.23288759327840336
ZVO4515,0.12494607517170128
CYN2809,0.0864498607593348
XKB8356,0.11335074885825658
QPH0628,0.27358136674616806
BMM5092,0.12696345607538775
GYU8973,0.2566866601668607
XQI4092,0.3167054240935466
GSW2383,0.19582898000146623
RTU0647,0.26737578298911036
NRO6275,0.24746267795841975
WHT4713,0.21125538501202284
PSS5199,0.20664431772847996
HES2744,0.12858319647894104
GEJ7100,0.12732713430800832
JDD9640,0.06615515531561825
YTK9530,0.2895818072735891
FVE2799,0.12848450877016623
TSZ4979,0.17804713283496917
FEE4563,0.35948999929434333
VNQ7798,0.14008145764435814
QTG4449,0.17284891438583086
GCJ5619,0.08779760201396178
VCM2564,0.06759502796494642
XZG3618,0.30691678652487053
XBU8194,0.10913729028859517
JUF6933,0.07763870763989947
XVI8728,0.35465484953613463
RIN7079,0.24447562681632803
SNK1073,0.19179201909670993
WMR9670,0.2556668686437555
PZX8160,0.10421800781921152
TXS9808,0.05328465731189702
MEJ8315,0.22915217581542494
FRQ1522,0.18024850502661374
EGS6505,0.13168067491682248
UZR6300,0.20723006719592457
LVL0476,0.18197129439307339
TZL5867,0.14436407679329094
RCS5132,0.05112625440582908
LTI5885,0.41920259639677426
YPS4288,0.17419905348277417
EHB7328,0.2082894386300172
HON1536,0.4492781320697009
GHL5700,0.10223267300854956
ACW4420,0.19527627801027733
GBT3538,0.1630203290758902
YID4243,0.08891155541748816
AYS9891,0.2012990637355042
KVT5468,0.19957392314052086
XRW8396,0.48899003323941564
NPA1002,0.2717867552077789
LQR3842,0.3311953667259996
WRB9722,0.12135779928272115
WEC1460,0.3380834738241894
XFU3132,0.16406461017600785
HTE2743,0.3886470360954653
ISN9613,0.1927056854808336
JEQ0297,0.09492231537295502
ZJY4720,0.06791543041359183
EOA8137,0.26682880108005036
LTW8046,0.3805920990498792
YQH3278,0.32971131539545895
CLX9204,0.543016256275425
QRT0197,0.42103743411297057
OTW0820,0.048422437552679005
NNE6919,0.1577536193187178
LSO4428,0.13692411404011343
LZP5655,0.09352704365096888
LLT3946,0.3187725541353087
NPM5272,0.3526892060188231
MVF7543,0.14312939971559566
XJP2259,0.4791276530769541
FSO3741,0.18637114352468864
OOO7653,0.27167341963351915
UON4433,0.19907983969733017
MUF3433,0.4552565989484492
RZD7599,0.3032039514207157
RDM3372,0.3495353083533914
LYQ4178,0.07787868626759505
FZE9079,0.28705219108067653
JMS7931,0.5238905889562369
BGQ3650,0.05091643211359252
ZFY7024,0.1402261574181664
JNV0033,0.11836774387293425
SNV8933,0.18274217182212696
XQQ5448,0.23713116979436408
JVI6426,0.08639395541922051
AJG2925,0.12773113823837343
XHP0971,0.10814440621546659
TRL3273,0.4932171184907774
INO5257,0.23181708576177332
KTX9283,0.1320928169291244
WAN2047,0.17128871429888926
EZW4173,0.32033561818452083
GVA8261,0.12311168546543436
TRN7688,0.166756600523139
XXQ2067,0.228244126684382
TLE5689,0.2905688512451048
XSO7171,0.12127138191408332
SWG9948,0.20227229795898716
EFH1289,0.33135595564734577
IHI0179,0.5113237023648801
CKT9987,0.13227695992554758
NEY7960,0.3008533523672054
IAN9597,0.22647600304766927
HUI4628,0.09755492365164425
RPK2559,0.08961216941638758
ISQ5968,0.3195918795572337
GPO8313,0.2089056337276144
BTM1480,0.29064397657017643
CPA4097,0.2668847881744619
YBU6951,0.20252728147172347
NZP5864,0.3374969929885068
GUG5402,0.16670886857768463
ANG8993,0.08722464263338651
HAZ8153,0.2186729293882619
RIY8056,0.14207743404504866
VXL6740,0.15520509683854247
KKD2286,0.11288762982210968
OZJ2377,0.17770379754916368
TPY2223,0.1883667694455851
UGB7070,0.2869385964691938
XMQ6320,0.3177209677908395
WXJ6113,0.10313382806760353
DNT5997,0.1984956339362973
GTN8407,0.07834606610638349
OPX4184,0.14217128915369295
OOO9002,0.36206244564019324
SJM2211,0.22998613096790657
NHI6465,0.2742182843138302
DST5945,0.10982047050202508
IQD1148,0.16022705932179238
SHE0851,0.19075552347554986
BEW4511,0.10233679862839679
JPI0719,0.4241806896477798
ZRE3751,0.5774383852201606
PAP1748,0.2450554322196396
SWM4204,0.1522779205697793
MDB2345,0.1943651649806465
IXT9815,0.18192370739103647
XZX1851,0.4448552852152962
ODL4468,0.27535649729901496
VMV0614,0.22397648924278882
FFQ0287,0.20256468161299526
JJA5635,0.14317003024221256
QDZ8109,0.20714100009914024
UDK4641,0.4212917317205555
AUA7593,0.2966547769733291
JRT5690,0.30890909050599846
SAY0372,0.06257445907913677
DAP2327,0.24843272000607347
POB2969,0.19945173619459966
WMM5493,0.6755055650462669
ATA8626,0.13803373596242538
RYK7124,0.10054743658482912
WHQ9704,0.31068017431390355
SMI5794,0.35355095930968894
TVK7202,0.27928947214198613
EHX2873,0.31651895110752987
AVI7437,0.07377434499997858
UUX6205,0.5711452697886372
LYV7047,0.22108067763181405
XNK8631,0.35314234498636476
RCU0089,0.08284804104509595
PYY2224,0.09523473598157407
CMY6767,0.2520362952324947
LKU2429,0.08210612658045707
GGL3050,0.10588017578635144
UEB5168,0.329077493054907
LEQ1966,0.12477368828139344
NPA0528,0.12542873199955937
FKR5763,0.21147872467310122
RVG9026,0.17919459920830744
NDD9993,0.20001827649781956
QNU5649,0.1775128509767213
UMN0855,0.26170854860771536
ZSC7988,0.33188717560923975
YJJ5065,0.15054750236231446
OQJ8732,0.3001840212671381
IGA4476,0.17270187573363727
BTU5140,0.13721246891842212
RDA0342,0.11554268816905114
EUE3994,0.16655803622294665
SCV4186,0.15575551281645433
CQL4046,0.556164383494752
GUY2358,0.21614659958677385
URW9904,0.23786225738635647
WRG7171,0.1731267121217571
ACD2246,0.5196491352100983
INO4142,0.08939321597548398
PTY9539,0.07112977638169475
QAS7910,0.2902063485326146
RZJ5292,0.3856213705884295
ZYW0866,0.09201177546148627
EMR1813,0.41341726356067626
GRQ2002,0.22547638021466626
SQN7208,0.10371205932063164
HUT1144,0.20935327646818658
LHE5009,0.15610382928245095
EZB0785,0.30352835264518585
PQM0525,0.4525351304659396
STT0519,0.07107380804481267
ZWO2588,0.29463894617600533
RDH0021,0.14569541447734374
THM1978,0.3916825656192269
AIR4332,0.24850155472476015
PGH1161,0.2484923247469528
SXM4608,0.3892647756335173
WJW5812,0.5701889939977991
RHX5336,0.19751723337210678
HYM1546,0.3791122764279478
KEC8696,0.19673344655957078
OQG2549,0.06681648891408279
XUU0192,0.16401610408306155
AQQ9230,0.2579500537765733
YPM4680,0.18561955823678716
MWF7718,0.32293619645833055
MXD5779,0.08330956120022925
UTB8959,0.1448756052008549
TOO8154,0.2782519622037141
LJL8197,0.1801764203259062
CHA3496,0.2108422089202183
BBU5421,0.07070308178342352
GSC0915,0.1687984684062753
QDK9607,0.13091639482513112
QIW0738,0.21549793741980924
OZO7612,0.26507439968104934
YSY9501,0.16840076273271884
UEI3008,0.25658238622111484
ULS8507,0.22994479501732712
AHS0758,0.19427717632695773
ENH4743,0.2478198577255008
CQZ5056,0.06571133254993675
JJM8301,0.24643355918036547
KQP7442,0.348810908101021
QUQ4381,0.4436760499216771
LBT0298,0.2800816689965053
QUB5329,0.16252789907807066
WCG2324,0.3740411736022554
YXH8003,0.16697798075130074
GEF3744,0.2511886701813447
JGC7613,0.1809790074873977
YDL6245,0.32292905873828065
MND3837,0.15337404017185274
QSU9207,0.10030934955175073
FID2110,0.2610206486270928
ZFK9137,0.27015631358485254
BZK3777,0.201843557025832
VEZ6817,0.25677291223552984
JTU0326,0.10485976092306909
BXL4785,0.26324933429391856
UCK4966,0.29506243487624334
WRA0082,0.15672443560055455
GOF4110,0.11921455626080119
XLS6633,0.24872900733185394
DGS1210,0.16325454334403341
QWA1794,0.08209719894435082
XFC5853,0.463661455491436
HGK5319,0.11948541602768245
KQS8229,0.4768317081317175
BLV2818,0.18983107353013254
LZE5011,0.36575349433565474
PYN1910,0.2462270088582855
GUH7132,0.09552032762014934
PBW7602,0.40773875288271433
CNW2475,0.4161905727844483
VXK9874,0.4188879212379662
UFZ8218,0.36125197574959816
ADV6084,0.09785055668851657
PFD3487,0.15448574346629904
CRM0707,0.2585257193165396
YLQ2622,0.20268518174514086
FJZ7605,0.2619108638282698
ABU4286,0.07147163667548763
ELP7252,0.14990027522770258
RFT7225,0.40409715767599724
PPK4577,0.1867676024516192
BWE6905,0.28631395525345826
VBQ4322,0.15279064989860885
HXS7343,0.12919394921570515
YSK9022,0.3693655650869781
LZJ3939,0.08425147941782282
WCD6269,0.313904999760112
CLY6856,0.20306947442929718
PDU3383,0.18911413495071125
VOF4824,0.33777086754306596
QRA5442,0.126873061673969
YAB0608,0.17165422081912773
PRL3116,0.379001031497272
RRQ3897,0.3999694569176678
GXP3168,0.4259977098866395
GGS2005,0.18285329645250886
TOO3590,0.3327859952702488
TPB1864,0.5346470479160261
NVN5302,0.11280908109947978
EHI6232,0.14755089303234603
VLP9905,0.22959286678989285
AGA1325,0.4857996903435753
ICE4902,0.10261741190373745
WWX6392,0.23260704366423152
RQB4428,0.20576901628322575
QYN8884,0.2223545641791699
EUS1159,0.1694929409266654
NKR5443,0.19535668552521548
HPC3138,0.18228190916007317
TKQ9049,0.3658216781247704
FBP3340,0.6215789707646225
NOO3967,0.3120887501467932
GSQ4526,0.12319406886105884
ANW1028,0.15213351716032214
LHA8316,0.48190621782702453
WBW1659,0.19999456828880066
XZO3969,0.1979155187542674
TEU4321,0.2276585344307171
XPQ6910,0.21589517962177276
VTQ6246,0.1474794432688579
FSA7655,0.34578439351810375
CSY0853,0.1304310930162746
VCY4269,0.3029603470714589
UHD9364,0.3439712262139725
HIN9530,0.11260434858375616
GOG2550,0.3107563088656103
ZMG6475,0.2958555719481765
QYI6167,0.20557068789794514
LVO7124,0.15461735524964912
JWP6949,0.2537546492530246
DZU1118,0.19974735650939401
AIW0610,0.22143520361325342
QXQ4841,0.3601674638251045
SEZ8373,0.28551586787301964
EQR3786,0.20022341350008874
RPG9584,0.19434957224999821
VIX8570,0.32182026433417926
YQR6271,0.3285430336478208
FYN8286,0.13832784942737247
JVF7588,0.25992616410999864
KPC3382,0.39317859235834196
FHE5153,0.1869196654892738
WTY4874,0.1397539772599125
QAB7266,0.422842566913563
NFH9054,0.4960911096625838
YKB6244,0.32827393954308376
GZZ3339,0.2988868722224876
BBY9981,0.29801770001474787
LSY9026,0.20893300532228873
DUJ3056,0.2225477403066016
FUC1582,0.5434105805733811
XOY2362,0.38913093936669757
LOG9950,0.12985621238087716
ZXN5891,0.3171653306060776
CXV8222,0.4046522640843416
WOH4538,0.10090362946219969
VWD8860,0.12893595984973458
EOP7001,0.19976642808890208
GSX1302,0.334157964915418
OCT0968,0.22951427043056125
WHL5554,0.27935861696033043
YJE3037,0.16017889193638
FNN4968,0.2816588743948577
WWY7679,0.1795104643034413
QZD1717,0.6114547030192156
VOB6197,0.09593859915336825
TBA9548,0.05913788721125199
RLU9697,0.3031144246093043
BAS8697,0.2509774462712227
LJR4460,0.4680436961189928
HGO6222,0.30433459972708626
HXW2166,0.37385697941871304
OVP3632,0.05438086131514699
MCQ2270,0.13897834367063744
ICD6182,0.2669104436106414
BFQ5435,0.09273394615551728
DPF3505,0.15999307560246886
SZS2580,0.303059789753433
LBK8500,0.10988619439652339
TXZ7775,0.2873665640418568
BKG3252,0.15089046909009607
ZFB8258,0.2316541789448871
PHV2247,0.18425281612450534
RRK8430,0.1341614074454978
AMH6780,0.24628848792339011
OSH5574,0.2275899724481133
DFI9099,0.32355563150946487
FKU3482,0.20969896346173938
VNO3261,0.31282800407802086
BED5373,0.22338554704697186
MJE9253,0.19678108787476264
HKX3204,0.237843088916253
VQJ2963,0.23507285810359158
ZBQ9287,0.2800786634205208
MZX8398,0.2804826826589487
QEG6705,0.1407084704772444
PQK6783,0.16717556066728223
MBE7976,0.2258670267152034
ALL3849,0.15929418269311943
KXB4677,0.17213726156491463
XOP0754,0.25171697743040206
MLL3293,0.17254250435336815
JSX3868,0.29505053708534734
DIZ5799,0.28780133626388593
NIK8885,0.32446752382897764
GJJ5386,0.2865963307074432
ZAT1651,0.2661416992570394
GMP0039,0.09692617447631542
ITI1428,0.2668148781843429
TRY8812,0.48018426678831444
UEG2101,0.48818408499242116
ODG6850,0.27161919178722793
VLE3171,0.10046839417514655
RRD3841,0.19800794939464306
YXY8101,0.2920763122641307
OZK6228,0.11941726819275372
SBD5545,0.271055834115729
IDC8637,0.4094399513718566
VZW5146,0.10796418542461235
PTQ8057,0.24793077830795443
OEF4340,0.3109086946841889
KVD8305,0.2954568752636102
MGZ9268,0.10905791807299733
AQJ8176,0.11143674552859369
UXS0840,0.29308162988501274
TCI5572,0.22512991827728282
SHM7627,0.15512502408612902
QMA0181,0.6032943997129714
TSV5611,0.5268761842194111
PGW5092,0.13974781250101945
BSD1651,0.34911839939932887
IQJ6229,0.4531034214539378
PPE8142,0.46965341974941677
HVE1566,0.11607873145317056
JPB6828,0.15137284759966274
LMS8961,0.12700166017539063
EGQ8831,0.12559220672066232
YLP6900,0.27937054726533583
TBE2482,0.14385438444473014
YPJ1369,0.4978478751593391
NAX1253,0.16326874656308152
PIP7566,0.1741207160009625
DKU9301,0.43728450858926105
KVA9530,0.23413908598453603
CQV1702,0.5051631724962582
OBG7598,0.18202753655701204
VNB1149,0.10038092290770867
HMI2014,0.28848068561768536
YMG8950,0.22644941176258157
JNQ2962,0.1451124653606993
ANK6820,0.1919211350712253
ZFE0439,0.13736189143882138
CZQ9593,0.17174312176115916
PCJ1585,0.10892709360718159
PBU9519,0.3488700602751695
ENJ8537,0.29156469253864736
RPM5143,0.19983353888553615
SUD6466,0.14011174158564843
HFF5761,0.440334214131515
SCF5953,0.09889250656259566
HAQ3115,0.08566791712136708
BUK5097,0.45081697079918287
YVA5755,0.21035794851604422
QHD6039,0.3247285528220428
ONT2622,0.18758370592371681
OGF3946,0.1541045198670347
NGV7466,0.19217158403182238
SKM5604,0.39343106477624873
KTE1007,0.14182458468041506
QHE6351,0.1978125801197819
OQM4860,0.4030241804528737
LOQ2210,0.207506771837328
EXL3021,0.34510710225655244
ASY9425,0.32468095727474355
EFI4290,0.30873313642024575
EJH6568,0.18854274592527767
ESK8758,0.07359888722469489
WPW4521,0.08974627258080572
IEP4997,0.25154937934396454
FCY8976,0.1797931068453601
SNM5031,0.20213118479515663
ZOD3613,0.17157013494340576
NJW9796,0.10127591388003421
BFM6246,0.1019443192741228
MLI2180,0.3301768104614277
FHR9764,0.31917091356441885
BOC1640,0.37296609653117
EDV0533,0.18974539121918058
DVT4971,0.2536634271316712
FQS6688,0.3756789681290595
TIY6714,0.16650120835172683
BBG5427,0.409291206045087
VVY0236,0.12358439350402932
AGY7111,0.09772864100663504
YIH4148,0.23782110500238057
BPA2613,0.10149675441792427
XGN0040,0.24612669298967862
XIY9154,0.28196003762081173
UBT3433,0.389793197990317
YNC1880,0.5736193510315389
RQV5395,0.1324676015901
QYR1720,0.33085151000761903
AGJ5776,0.15690441146223663
YIA9506,0.3364024880241043
IWU6149,0.21366283363862407
KAX4382,0.4572787734940536
ZEN3760,0.3173573293437901
UGP0922,0.18567281813210038
MJX0269,0.29483776449493293
WUQ1092,0.07013161887336539
KLK2362,0.2601471420471076
NHW2173,0.2147665401537494
ECQ4722,0.10959634702070649
DXQ4983,0.28334737205443505
TGH4720,0.4923630681342523
RVV4718,0.34671713542249527
RMN3173,0.46331674493725694
NXZ8964,0.27227356075125
UYF0960,0.33786901815657294
GFY0485,0.1825462689504281
ELW4685,0.36215693243258495
MTK9048,0.24029281646074752
UVG9381,0.23402549625738023
YHY5021,0.20268607660312163
MML5987,0.4370377432837314
EAJ7823,0.2489521828811338
TIZ1361,0.3211837374324207
YLC2019,0.38708040809103816
JFH0021,0.059434635942351224
LXV4773,0.7213445024547775
XDV4102,0.1059154047027028
GOA5098,0.6445801095274126
MYV6648,0.1203328031701471
CTJ2639,0.24625416958374297
KQB2667,0.1576148459552721
RCQ9055,0.29755503941113626
AMR3084,0.29339321230422233
AWS6964,0.10491030890225589
PXX3164,0.2853043769821514
OTJ7222,0.24072324290965783
HLT8409,0.19297968074624783
XBZ1903,0.07186357649003002
DVD1043,0.04137288073051211
YMN8454,0.15757439699092837
NZH9363,0.4103102746119315
VEV2993,0.17285441871922472
GTV0004,0.3637306698702162
FRY6602,0.2978845979315138
SPC8953,0.10262510455738906
PJO2885,0.41376336368630795
KQQ4757,0.32443051473157286
OUG4136,0.16036872898975765
WVY1999,0.27642300125880215
NNY7188,0.24254189464316242
BIR3043,0.36689016807047103
CVQ0610,0.4218014289554573
NLO7554,0.2814932263734622
FHH6565,0.3041533233883002
QSY4897,0.35618103287978764
RBJ5665,0.213083762167243
OCA7850,0.2364032643024924
SAT0260,0.193380637349286
PNM7458,0.15621035425540142
ZQL6865,0.20582101308773887
BYX0793,0.19828534234478365
UOJ8877,0.1916944168899296
LGY1944,0.24658003410747031
WTO1199,0.31267693691079906
WZJ6108,0.19404765073599706
YAJ5633,0.14999521148990708
LLO9138,0.24297419891563082
LGR1397,0.1711289489936951
ADT7244,0.1803241420255255
HZI6879,0.11633600905126314
JMD4429,0.3135525888957022
YNU8823,0.2632617618266767
PEU5781,0.49727115001594135
VXW5951,0.17265793207142036
DOI4745,0.3075705582228431
XRP0508,0.11472368629761198
BUP7237,0.15169560961687986
XZF0997,0.16906828657971357
ORE1289,0.3302219130994818
SUJ0824,0.22385332606988428
QZQ8912,0.19971338953286072
IVK8543,0.2776729078019533
KLT0884,0.4865980609213718
ZBB6007,0.16603748838049823
STV1844,0.3339863857856517
AIM8162,0.10390691888806579
BHN2674,0.19750374155371767
BHF2762,0.49615206245507754
FBA9492,0.18045435085957692
PNV0987,0.4047118609342792
XRS8392,0.3880562115955174
FJR4109,0.13859780873717817
REP5450,0.23456586286336573
VDS3487,0.1458196428399701
MFT3114,0.6680120819017307
TRE7039,0.2588960409087476
RRP7437,0.42305209559384466
UBN9469,0.20018538158408566
ERD6851,0.13279435578167303
QOF2168,0.18890401462692188
PRF9554,0.25533464948885026
LVX2306,0.2236141054152685
MKR1698,0.1081791652232271
CTP1782,0.16966158466628378
YUX4991,0.2984955254683138
WKU8308,0.1001767988286351
KLM9826,0.13642304471798125
IMJ8928,0.09896536456271424
FFX0134,0.2434958381617103
FPJ9006,0.42105991418067457
UUH5167,0.3518177428976112
VGA6455,0.07321949204228972
CDT3301,0.506100674176954
KEP8508,0.08652766253941059
PNX5528,0.20217749840299953
DMC3452,0.3096706741036405
YPX7333,0.23002157859172684
CSI8065,0.41143255928576244
JGW6825,0.14134816158053315
JBC6586,0.2822829112717593
PYB9757,0.4037522777452671
VBB5768,0.21179419834720495
XNQ8052,0.14108655877015452
KCJ8578,0.3197779789105179
RAT6428,0.3598574019339641
ECA9346,0.05892477501837512
FIN5470,0.25168436081143436
INH2355,0.1152613878876051
OFC0099,0.39404441778487087
LAF5061,0.37290026688357814
CZL8124,0.2697477245021539
DXI7734,0.1623129711007176
UZE5266,0.12325175371129296
NQT7169,0.20601889140085725
ZGI6456,0.2972416173284756
ALD4699,0.3540687313291602
MPP9322,0.35189020864100024
HHZ9924,0.2818586935950892
IOY1053,0.17476841083911354
QFA8583,0.2969057825064087
NON7673,0.5270587150371527
GUG3740,0.40012028070800265
BWT9777,0.20309043539769653
YZZ8955,0.06648998079376475
QTQ0151,0.16303526447498728
MQD0086,0.1515884282938762
IEP8756,0.12329794189593034
HLV4294,0.25521075640318713
IWW1700,0.15477664290101864
LMB1742,0.27353641227325604
IZN0947,0.6479053766781827
UGS7726,0.22348893206225276
TGD8975,0.21091787679035776
DNP1343,0.1487923288591842
RZJ7547,0.20778858766704694
DGD5941,0.15680597688236983
YAN5151,0.4402450960959653
MSV2708,0.21309267940019977
WFW6623,0.09558101688507294
QPH7678,0.4297990839477679
RHF7227,0.3150609299027248
QGG1694,0.10330448177573036
LCP5425,0.33680036490141646
RNR1236,0.18994469082034204
CZR9446,0.18295019352532624
CWM6629,0.2086030292421149
OHR2811,0.46893444884671376
DOB2836,0.22938155540188288
WSR4692,0.1695952080961532
UJX1851,0.2580614498670784
CLF3763,0.32552581639765854
YKY6460,0.36037490074732165
YEE0005,0.2865767301192907
LRK1521,0.17908090399392187
FOB8975,0.35188395553747476
ZJC6844,0.26530957896678775
SQO4595,0.25944119462823806
YJU4611,0.33002873928140086
PKJ5453,0.08786141571721372
NRJ9279,0.34660939805231344
ZLB3853,0.14151961178779646
YPE2843,0.31045245778651476
OMB2404,0.16327067592467073
QXQ5371,0.14632933604312875
DWP4776,0.47948751836381365
DYC3729,0.328913298688776
SYA5630,0.5554413668292901
FSZ0753,0.15580188096116424
IKJ9927,0.36549185079627694
LLO0013,0.35622678170131844
LJC9413,0.39756270227651597
GZR7220,0.25521476090509354
MLF4890,0.17301022463999804
HKX2217,0.38489534888598836
HLP8891,0.18558652925221178
YSD8942,0.5445557149992178
VJC3345,0.18715334518564491
JQU6225,0.33239678486049823
YXV2150,0.5748060465464175
NVJ1683,0.17743204578808752
OFD9452,0.38682134597871026
NII5419,0.2029495166595739
JWC1566,0.19399967795766598
AXY5191,0.37855559749226997
DDA3048,0.22319353795076827
AEU2727,0.38129766103720986
MXK4708,0.4139075852258813
WMU7184,0.23748581835674645
QLP8362,0.31303309965579895
WQS3967,0.15243676593056515
RTU5105,0.0965534107207288
VBA4441,0.19844347061003637
CYN3583,0.15392904085460904
BDO4886,0.18184938734333272
YVV6051,0.07988071766857623
WGP1526,0.43655755033199706
UDV5640,0.13714608862808414
WVT1418,0.3148843451587661
BLC0999,0.3681018804644091
ENP7533,0.3157950697352279
AEY8698,0.26683607432763645
NHP0064,0.2877036376989884
AYD3935,0.353426691416666
UEM2638,0.08537531148923964
GKK6297,0.09791538283110707
PTR1163,0.06721200116310327
GBT2034,0.2949458330781502
WJY4048,0.22624609030251044
TCH2635,0.13717709600823388
NLF0803,0.2225346139848143
RPI7686,0.1898825306436302
GNY5436,0.22071408463756076
EXQ5477,0.13640820951253219
IOS5691,0.3007231344488351
VUC7832,0.3971252550183503
SXL6599,0.09606621990450609
KIS6550,0.21666673686610433
IFX6470,0.15377818088591758
QDG2834,0.5082758392937734
TML4354,0.2150046352771443
VOU6894,0.07172918590626856
LMW5498,0.07957320950103154
IRR9834,0.2724104111447397
XUU3875,0.14661130653277804
PPN1291,0.19042967157730398
GPS4832,0.14374811999186535
BBY4907,0.13344037770846226
XWH0239,0.29513087337248534
GCY7299,0.4126142648083234
SFL0656,0.187533125041549
ROG6364,0.25558156344434496
CJP1826,0.41359460705029644
XNB4879,0.14792639529443152
GHW7497,0.1640726028709284
CIA7291,0.1830023056680181
JHN6870,0.34920709577946035
UHA4462,0.10630242428593575
WHC6939,0.12649706149823933
LDR6471,0.07683841077122007
PMR0233,0.35265155435607
MQL6945,0.5560655626168022
DWV0912,0.22786636063672214
UPA3518,0.43388651572506265
BHB0424,0.0965186383985628
AST9794,0.10883641005192406
GSY3503,0.25751005589006465
ECI4878,0.3602726286570009
IOB3543,0.15472057779778856
SLM3548,0.15398298188419385
HBR8681,0.4091717282605922
AIG2884,0.13914418792823705
YBL4627,0.20134434491272105
TCE5274,0.18007501613214721
YWD6282,0.23009339434850945
GYW7356,0.33840369118070174
UOF5714,0.15941237247269183
ACU1723,0.15044414814549628
JYB7426,0.37558154964057117
IAD5127,0.2202185304913167
LQY2307,0.20001389701125574
QNB0256,0.13602290076426177
CNN9280,0.13694231543650653
LJL4826,0.16361561377532324
RLE6077,0.18949541139947115
UBZ8854,0.5871881463529389
PBL9060,0.18469123588519934
HON4195,0.3148535770886831
LKE7887,0.12554235479958548
HOA3501,0.36863129416103757
YSN0341,0.3648866953938663
JKS9027,0.1935329431871236
DSJ0790,0.1421579155837897
RVK7955,0.09201666847484583
GGI6941,0.22933189115487831
BRF3111,0.2636607331039211
WLO6029,0.6295991946198225
HFC6052,0.14430795143002317
CSS4641,0.09025927917417834
HBX0135,0.1579416514165258
CGZ0900,0.41489242799459014
FWF7177,0.5163065432463219
WLX5928,0.42479281149520853
EQD1778,0.05462541060127814
GSQ3416,0.1812900738204419
YUA8278,0.3112966853286469
DKX2794,0.07640156977475793
HZW1287,0.3025033904198404
XMC6471,0.2826194013907112
PXA5342,0.2348306894041906
RXW1741,0.03572115873778331
FZX1294,0.0815343209364624
IUC5486,0.36336277769077097
ZZJ2708,0.11215679257648832
DJD5560,0.16332832415583895
OYQ4478,0.37720106423540084
MOA3063,0.2913557566717464
BNA3251,0.20188882922486873
TBJ4149,0.2451579631030809
AOD5592,0.14183005865446202
SYU7567,0.07699165031353411
PXB3114,0.3119780944918347
BDQ3004,0.08158225908164687
WVU7296,0.31706750671149025
BRQ8431,0.2667356691563514
UHL1758,0.10489843067432564
OYP0446,0.33070294219983665
ILE7594,0.16747649976494186
QUR5960,0.26546365002275957
GWX1065,0.0616336966818523
GWE7702,0.07566979112546969
POZ1462,0.25885695948532117
GQG7927,0.5895571989739352
YNP6209,0.44367227809181775
HNR4579,0.24607871208421853
MRX4488,0.18957696917234404
UQM9355,0.4821612369355493
JZQ8372,0.27439828312053244
RPL7113,0.17263163341516788
IBK2170,0.2403795784309926
NFR8627,0.07585686529003896
PUV5957,0.5412425849864003
FAY4381,0.17317220772663877
ZYZ8976,0.2614387323976723
INI0968,0.2660365474997938
POW3290,0.06647258453994999
YUZ6503,0.26175224744142156
MVX2963,0.09361881704773553
JIY3246,0.18099771191250863
JMO6098,0.18888837929345942
CTA9349,0.3579312932555023
MQD7143,0.2557903020747021
LLY6471,0.3959040741059829
CMD5926,0.13309003943260103
WZS7051,0.12357210981792124
CPZ3691,0.2760103586594477
ZZQ6371,0.1936421321875757
JTF5577,0.18391440508185558
IYA4493,0.32447139181453855
HJA2325,0.08506992555260208
OXC2277,0.12992110840145676
XDP8467,0.25854123249291905
THA7110,0.26473455475825824
UQI8975,0.06689258334001526
VMD6254,0.3593559983278985
JRV5262,0.34600270264858596
CSC1612,0.29497487478316514
TJG5921,0.3837657306058734
DLZ2704,0.36298335120973935
IOV1951,0.1635616632830253
AXC7047,0.10436934457744013
PMO7295,0.15210867280687987
UNB8295,0.09646042293417499
PIM9503,0.2000164041848879
FIX9786,0.34124128584427316
JJG8011,0.2583463942142069
EDD2054,0.14913093043369618
YXD5569,0.5884437464785457
GXZ9714,0.15736635020052828
GAV4283,0.15539455950510095
BVO5697,0.34489699360596066
TBF8496,0.12019127849325394
WNJ2132,0.2770706801926026
DBE8617,0.36405433167100626
SUB9272,0.22411577779020134
PLD0627,0.2141901482870593
URA1140,0.24983495463263583
BQO0470,0.3272169978887501
WPZ4520,0.25239618689323223
BPI1396,0.2667604499015208
NNT9739,0.23585661859880552
NLT1918,0.5699106571576381
OPB5945,0.22982611502169803
BQV1931,0.19199610677915255
TNN9944,0.20970584922396607
NIT8064,0.0834033338925083
KTZ6082,0.26922546545411685
TDC8192,0.12915405350576006
UCP3108,0.2552667967040166
VBU2662,0.4617914734499596
BNR2978,0.15608967540904323
TFI3921,0.2968764388747857
LQA2399,0.11060073612754512
WZZ0574,0.14020643803166866
LNP8330,0.28425372555088396
UFP6156,0.19836762694851484
VLG0744,0.4107577545579663
CRG3282,0.266826087282245
KYV0097,0.08743629790919627
FWW9362,0.34821537621705556
DJS0404,0.11152396808919479
ZNM0264,0.27457260200728
MFS9438,0.09571739765521281
LHG4907,0.29772668955424486
LLV9401,0.06546081769741875
BLO7629,0.279728877060999
RLY0794,0.14674436711992614
VQI9198,0.09044507315640664
GTA5475,0.13075183208172103
SSQ8389,0.36127327996419417
ZSF4237,0.22076770495092926
WYW9187,0.2445076740803815
CZJ2345,0.2628792339295345
BZL7046,0.2419200595267768
CYS9250,0.13888405544363383
LUR2157,0.2349707403536764
AOH2742,0.15841867406846977
QEL3121,0.1402575039589246
ZFT6399,0.3265877203267672
FDD4728,0.4436945860953016
KPM4245,0.4008081158988867
FQB2129,0.1572600090816436
WGS8262,0.324359191882988
OWX4064,0.1474767501893433
OUD8979,0.3256271364749539
FJE9369,0.48325740005048473
AML3227,0.16740055544495916
PRS9586,0.14066306729799224
OFJ0120,0.5151796726223697
ZCN0986,0.0964621020292415
ZRK6279,0.12800232101564024
GQO4179,0.3285146562146398
BON1340,0.20081551393955954
LKG0694,0.09085545543319125
VXZ0803,0.21895258322795844
HHH6742,0.20212462615587096
VPM6117,0.6241633954818894
YTS3483,0.1698755635377451
BYK1773,0.11840180702906816
WIC2466,0.23380006911004678
UCC9614,0.22307407384603883
PJV4989,0.22396400896402296
HTJ6371,0.2703403955023863
HNT9637,0.12407900624488931
MAY3073,0.13016609278703165
PTJ7520,0.23219404544898653
HMO6264,0.1920738222257185
GJC8706,0.24492490843380404
AHC5700,0.17403205959852544
NXW4848,0.2506791554887992
BOB1940,0.07577247967184743
IQJ4126,0.1323990604653933
MVI9716,0.4223902076407949
GJP5178,0.16985907764000271
YZM8152,0.15463362508313644
GGT3124,0.22408612649208187
HVW0323,0.21763649749378428
LRA3844,0.07324465953293911
QJS4465,0.19912299559917196
PQX3659,0.08523435689872182
PJP9645,0.13010884204077003
HRL1242,0.31153082053656883
IYR9842,0.1931604171511369
YNH7590,0.06663262327415684
RCR4057,0.2522120281308276
FNQ5041,0.2338757807466072
ORO7997,0.12769196852780632
TBG5645,0.1771279080253406
EPD9107,0.0787082742506157
PXN8761,0.11613904907354201
ETZ4935,0.06951553156955197
OQH2910,0.14679986315220098
PCK2606,0.22913905214738764
XWX8755,0.4737275905973957
MLO6978,0.3436112663021606
WLZ1157,0.06692736744506311
UPS0344,0.1031396614992798
NBO8038,0.15261206126835364
DIB6753,0.16782511554914412
UZE1684,0.23173235981186988
QQG6149,0.1958095598224377
QAU8104,0.1347397296960256
QGA9213,0.14168115318380614
CWO6851,0.1159250857081251
JTM4958,0.15497367820273766
YQS9295,0.30244883675484713
ESJ3848,0.42729308979582864
IWU2032,0.16480127353168633
KPH7842,0.07560014294819081
LRN8162,0.4711806547634127
AXE1699,0.3011766149597466
XKB4966,0.239874296698141
STK2218,0.16926876898628185
HYQ6433,0.48757312262292296
GTU7140,0.050175886379478195
UNR5657,0.11333305478693576
TTM2253,0.35309553905147106
YNV2699,0.20078670167839197
YIY6671,0.14612191889787593
FRE3263,0.13444771479608658
KMF7808,0.07182474121730292
ROL0904,0.1252327124552701
PZK7451,0.20002479994837466
KIH0254,0.20470929015791756
LWI9052,0.17738614090130783
BVC9479,0.10334886330301407
URY0635,0.18124112198301692
XPZ4576,0.18610129989930402
XKZ9102,0.3560648589887463
ZUW9102,0.370938597234832
UBN0486,0.29802068761163664
BDO4948,0.2560399096236636
UMK7105,0.04497731949297056
BPN3689,0.2837347543916803
LCY3691,0.3066190793699495
DAB1719,0.38693234080618594
VOD9149,0.1029448432020567
ADN0299,0.1764952800216952
VWW5498,0.25043902743607666
IDO0436,0.13641138810442027
CSE1995,0.46317853003275206
ZZJ1691,0.19922535288866966
DOT7701,0.1875864574371177
MGZ8737,0.10092162516275643
HZX3153,0.11853066146732932
QNL1418,0.2737286890147636
OMF7498,0.10690100598893107
XHX7072,0.4626544575917968
GSB7562,0.1370967318232796
GAE6243,0.0882832089250572
LNJ0511,0.283684463663328
XIW7209,0.09025668927652995
OFS9244,0.23631892091738158
ZTU5066,0.321681527354497
TUL1265,0.12300332026195211
SUB8522,0.08226390222704484
CIN9277,0.08869819640442246
SXQ4671,0.17423450765766146
UFN3622,0.2799924458544202
VZV4722,0.6095727244738479
VLQ2390,0.09842644277024314
SLY4655,0.16454559412360512
VCP3342,0.048290045707673875
OGX1137,0.2772666955946758
ABY7970,0.07738831404763098
LTT4359,0.2426141025945766
RGP6696,0.2770562401422011
ETT3134,0.10549095259392517
VQK5360,0.13607610571947304
TAQ5167,0.43140765389301244
TWG2069,0.050145351759383415
OLL1043,0.34133292968617174
RMR6916,0.3367673517927165
CWW9082,0.10723963298263056
DIS1533,0.13447511238445134
UDW1446,0.14487612161201222
NEY9288,0.17937278961078632
GEQ3261,0.22720464798549556
DDE0864,0.3911995044356023
HRW8057,0.48997360578260857
EDZ5434,0.15646350133909928
XDU4447,0.3214586893580042
HDQ1554,0.12813480847550918
ICD4170,0.38816054922476273
ACN2803,0.28749668615800245
FLB0567,0.2831020797767409
AFW8735,0.20425915460726496
QHF2663,0.3917390693593437
SIS4056,0.3177815134371789
BFB7024,0.0772942471118032
FFD2187,0.2710810895398337
LTU4222,0.5018966559400463
HTJ6857,0.16237621797126617
KCJ8116,0.2462073555974321
EBF4220,0.47061043981075745
VKE7153,0.32574306512247986
RDY5024,0.1549929901479391
BYR5509,0.08031982015076734
RJH2016,0.1544016642776342
IKG5514,0.4044903712587305
NVR5085,0.2316130965891684
INF3715,0.3312069764372491
IGM6607,0.24001573864896095
AMP6369,0.17776559868627861
YVK1582,0.14195995296582137
JZB2864,0.1021276124052253
LDO6927,0.2848323245368868
WCG6571,0.2823436071148548
MXU4187,0.32769891767176623
DCZ7738,0.15679460271391152
KWG2188,0.2502700639559689
FTK2655,0.08402568444043636
FBF9527,0.19793891268339397
OJR2867,0.06763536752910228
LZM7871,0.47447295567390596
REQ1736,0.1869311331085775
PSQ9989,0.354020127911163
OJG0594,0.21113344446038063
PMQ4178,0.31659950733540126
ZMJ4726,0.10482296145748936
CYF4956,0.40576454218195646
PVF6811,0.3527860559897471
UYG7466,0.38784149080760355
IRM5695,0.23287472125893796
YJL8439,0.12543959633876045
XEZ1743,0.22863061515222172
WAH5084,0.1445777460437156
PHY8772,0.1169911108809546
AXR6112,0.24417769842252432
OUC5425,0.06849351976459446
NJK5446,0.1693087178319759
RKP0540,0.21658974798205635
JIJ1460,0.19974839307486625
PTK6472,0.18693589193397658
OXS3977,0.19572642875646434
AOM8900,0.12303279400292207
VNR0359,0.19320217867863637
IYU3895,0.28274018716987787
LIH7939,0.42758438735499016
MWB3044,0.07004190490356395
GWW0191,0.11087688608922926
YYZ2592,0.2921343947461909
AMV8743,0.15321554011200833
VGR4206,0.08464942509601309
QQB1582,0.4126684935585221
AIS6545,0.28131188443600275
ENG3349,0.20246983514541078
GLG3671,0.2691665416154438
ESG7838,0.18793196240557422
VJE5970,0.3733923962588244
TJV4032,0.2976231641488421
NPZ0320,0.30842221659173624
GLH8560,0.34753098417342815
FCK6397,0.21917527212521884
ZND7829,0.3737177026073266
WGY6041,0.4937109467028598
FDI2501,0.2544632612348512
BMN3470,0.1824573424343059
HBW4130,0.17348225611890214
PWK7987,0.2382070430545325
WHO1663,0.15434508438713587
NWK2342,0.6187802458678908
UJS7468,0.27117328796427126
BEX0285,0.3252789123899399
UWS5984,0.2996087419108157
WTF7343,0.434253626112366
RRZ0390,0.24472760954570433
GDN8780,0.19171587164302967
MNU7249,0.18527261663996403
GDI9499,0.09549650530662247
IIU5693,0.37851627980061875
OIP2054,0.1742056555797374
LFJ8326,0.21128353316761994
CZN4189,0.34383957478374255
UXP6651,0.3554358058748801
RGY6659,0.200707801552228
PDN4232,0.5136921712971336
VND3934,0.06658851579565833
THN8314,0.25990460428499923
NLD9324,0.27284773188857386
UXS8258,0.20161213938082506
KBY6262,0.2679831106684553
CEB8766,0.4313685102338897
EVF6778,0.34383812211078024
QSN4123,0.06107542420591476
NRU6209,0.2927661977327683
ZFI2630,0.22351107422820626
PBE7043,0.2796527943692264
WKK0810,0.15451183196815835
JGW0377,0.3929035801930571
JPE7891,0.12396656001504841
OGK4654,0.5152813688092017
EUP8882,0.24285064500140072
ZZP9215,0.27306513105064295
UJK4511,0.3063221818317226
RIO7274,0.23248558560011723
CVK7281,0.20070608523318595
YFN6083,0.22067638792257982
ZWB0653,0.35401291573488985
XJF4320,0.084660693837487
DRZ0501,0.1446502087285359
UUS9592,0.20299182840855248
GYT3367,0.3268746836054717
YOW0478,0.18467204959925015
ETM8048,0.18609345552731185
VHI3955,0.14435761300545957
JWY3546,0.09141472281076081
YGE8169,0.06793163399123905
RBG9621,0.2142959701962924
KFH8046,0.23879236597106493
NKO9494,0.2114441131291343
PXL7755,0.19126489213793266
ZEO6020,0.22254487127319603
RNI7236,0.38785808931245563
NVM5624,0.19263888685018887
LYF0002,0.4198257155735323
DPI0552,0.15523895195480972
VFL2098,0.14025332773683702
HPU5706,0.4371140334122158
IOG1292,0.23807497187920673
VCG0006,0.08177902851192503
VDT8680,0.5170086115651842
PHN9134,0.2307752623134295
QLY8408,0.2373891365260529
GQF3229,0.24396598626961102
QRU5190,0.20532548801518666
JDY8653,0.118731807081367
LXP2696,0.07157466541187996
DAU1948,0.1443917251370015
ZKB6852,0.3701148098334409
JOC8182,0.18861838558871516
WPU7243,0.3007844681128382
DHM8155,0.15642949085219376
BKV4337,0.4363633516753231
DJZ1621,0.21454563295399193
RHE8232,0.09462954553363595
RZA3300,0.2736898206799184
RWJ2599,0.4956344319259551
NXU0486,0.16807229808222318
MTJ8168,0.2560711519637217
RUK3184,0.16498523340051663
THX8305,0.16280426055257816
FUE9305,0.2640681746835208
CLR6222,0.26731210637359915
GEH2238,0.21808503172662225
VMC7749,0.24342992263955698
UVC7051,0.32760207219141996
IQM6307,0.07826033181792885
NQZ4921,0.1748499644647092
KAD0889,0.28720147977485905
FQS6563,0.051785725462481655
TJU1657,0.16200786251992175
XRQ2866,0.37404209507966235
YSB7616,0.1261853852362727
CMF8636,0.1390304197793781
AYU6254,0.3032267374474752
VND3349,0.2621195656461587
ALF0873,0.19255865850030635
WEX6547,0.11930179558682215
KZH4174,0.2018600948645818
HHL1028,0.2323364980460429
FAU4783,0.13748475231848886
RIP7417,0.7018010908935572
CQB2052,0.5811253504962879
QHR3186,0.4617262720679494
CGJ4146,0.2297833806693327
PQE8422,0.13313794852533195
KRB7101,0.25376913693039155
HPZ4991,0.10765013790274881
RBP6977,0.2644876612726533
XGJ5317,0.09304394361787195
IAN3692,0.3523174709455359
NUM4282,0.2889494889321166
YDE7220,0.21441109173889308
GTX0308,0.09000693411505137
RHG0618,0.17451904223657128
QTK3234,0.4072492751355513
XFV6894,0.14550456275512177
CSB8399,0.28308238708186784
NOR4701,0.343308793981159
NLJ3968,0.24087702096831534
ANW2628,0.19725712306120785
DAI3533,0.5736979916909739
YBI9285,0.21044941443552187
CSM7170,0.08657815040359976
ZQW4008,0.10983476921468474
HIK4516,0.15883151937896386
EXB5481,0.10125914314766771
POP9861,0.4125694212902341
ZCD8647,0.2040721689628552
MMW3189,0.07138501470674836
FZX1386,0.09175401520549925
XJW6981,0.36770664676314574
IDH4923,0.347699988990063
TMQ7955,0.18307601854833894
NNO2893,0.1315235121318308
OCP7865,0.16793671121584106
FSV5399,0.26371139029815754
IPV8950,0.19800332996887338
OVV9534,0.18979908753363697
HJV5406,0.038422554578485514
NRX3458,0.24829957794801463
KKR6119,0.1766064507458235
VBK0052,0.1269995740699823
ZPW0742,0.4657672669784649
IXO4783,0.13282054417178044
OLE9164,0.55975581006893
FDO9514,0.10968081706992687
WCY9603,0.14837656374999122
OLP9314,0.1986700377773979
XKS6868,0.05946812265216484
AUA0544,0.07571005327309364
TKO6061,0.1556726441881751
ZQI6616,0.1185676337402252
YFX8262,0.22644090386978982
SCQ8450,0.12495999757229181
ILX6428,0.1853179507731196
VYM8610,0.3875635973595804
WJQ5273,0.0482309652344079
HSP3866,0.11975169947575388
COM4021,0.32143729582644504
KTI4978,0.12134639007712182
UNS9134,0.15019170332992968
GZN1159,0.45069732888923014
FEL9461,0.20282778885506836
IOW9233,0.2605565720715807
WHA4761,0.6139524924298816
ZLG8983,0.15665404810419825
QVL5196,0.48111753946913616
XNL8446,0.20174575618026958
FIX0268,0.35257501426464183
MXI1482,0.07541025537778566
SMT7267,0.1255923717602458
SAU4456,0.2495340547112559
LMZ6995,0.18096661645078288
EGW7117,0.06642331113456595
OOU1184,0.4601672615518959
PYN2702,0.1429806620802177
ZGF0892,0.21632193557846602
ZOE9846,0.2774758993816636
DWO7481,0.3090091356017924
LPO4681,0.1313345471323967
EPZ9944,0.12427492768793097
VDK9305,0.28493352657116827
FWQ3053,0.4178647557095551
YVX1629,0.19309222456059658
IZU3946,0.1688947366457662
UTO2381,0.6170295066485377
OFL6647,0.14993084695902736
RNB2889,0.37521052165252966
OVM6008,0.21629531641494032
ONB6887,0.2069960929082531
FBZ2743,0.11016784539841588
FLW7842,0.32167776638337914
TGR6277,0.3757089979075149
JRW7214,0.3026223563485526
XRX2449,0.04923780820675605
KZW1071,0.2464565689602218
XLB1971,0.2113219503827543
GQG1121,0.14332128708638733
JPH2255,0.385042333215134
RUA0004,0.16741336889503952
YWA6586,0.16534904335820544
GQB7841,0.12660205558470722
STM7106,0.34573936535693656
AZB5440,0.2208965369640304
XHV9925,0.3465976471851638
QDH6299,0.1877940872513024
WDP7476,0.1659425100914134
NMT6166,0.20762696483855686
VGG1549,0.1898644173381847
RXS1106,0.13635745110552688
XLY3335,0.16654531528596522
GGQ1618,0.2567793183285035
IUQ7048,0.10649268433127865
UYK0965,0.47597299844560315
WMR4750,0.1810436843601377
OQS3013,0.4607144599222393
LLN9525,0.17308469264858706
WFH8896,0.3037542638637502
VOI1089,0.1324572557452522
ALK1216,0.20019753945782262
VYW8970,0.14910791967252776
HRG6795,0.16568283344569124
WAA4157,0.26685604680562225
BMB1791,0.19222964891153535
KQB1175,0.20238452238256263
TIV9623,0.1142246768672346
KYI2691,0.31671698919037583
JWC4499,0.34856257555741627
ODO8213,0.3034533462873794
BYA8224,0.2974495957505528
JBA5116,0.45536271436833975
IHD4177,0.2014813965590503
TVR2929,0.23676222140291506
USI4915,0.1310660137959039
XFA6190,0.18326370543751946
BLS9176,0.5047953482059877
MOR8223,0.43283096601617016
SPY1026,0.5626102501867325
VEW0881,0.2544084004969749
EMW8362,0.07101380001437622
OEJ6592,0.40602372841917156
CXM9033,0.14530910216781592
COZ8513,0.20956663070231002
VAZ4436,0.21888768464055225
RJP2369,0.15978224264629132
XKK0547,0.15067157916803722
CFU5890,0.24046906742177096
KMA1753,0.23095516520992282
AUG1693,0.12646600079986087
UCV9795,0.09167546850963386
RJS4002,0.1948118256673819
NEZ2618,0.10306423875916097
HAB9276,0.2467177211905927
ACJ7471,0.19805064038456432
JOF0586,0.3040875205477446
IDU0788,0.052524831092814625
ABN2881,0.18052036575069835
DGE2915,0.11946122420302265
YWU0331,0.27262631287696504
BBW3982,0.31309844219183103
KYI3863,0.29378947083263135
QKM0486,0.17905198094669209
PEW4437,0.15652486824587739
UYE5984,0.18850542983153712
TCF7202,0.1602075391983033
NEW7492,0.2706225913358762
CCD4905,0.2615940830047723
AHF7381,0.28047567381412775
BXP2360,0.28176339051648835
VVS8339,0.21489632546082169
HRI1575,0.45806496899668475
EDY7938,0.3834179107213404
JPA9779,0.4032688874462962
VHM8071,0.13027492086325737
LVJ5056,0.424416604391134
SPX8793,0.0967485124820103
UUH9741,0.364688557342914
IXG2935,0.20240674734905495
GZB7607,0.2608869144642195
EEY2062,0.13459968504427666
ULW0305,0.14271269869795075
NSY1800,0.2992050402638827
KJU0911,0.27274092708159003
NXR5741,0.320356637632938
NVN2979,0.1631988493206119
DNW3213,0.14149476860843516
PPD5223,0.2947781200942361
GOY4787,0.16269783149933917
IFE6896,0.10840281238324834
NNS7901,0.1487855536394832
BYC8082,0.1690371431432158
WWP2211,0.48247153300206613
FCD5461,0.14064959158433624
JOV0932,0.3487890567294337
UXG2063,0.35074263456845556
AUC0946,0.2786537964598623
ZQW0645,0.11223151260126765
AJX1894,0.19098450960505048
TRF1830,0.10918869924838598
LXF8692,0.5604578885985099
DRW6350,0.12679097533717124
TWC5720,0.2708539317765406
OUB8072,0.17915920134332847
OSL9110,0.2530559125899363
AHA5047,0.2902952859600321
ESM5253,0.07518241820537871
RKL5421,0.29873684798386996
IVK9421,0.5143869894871261
GST4391,0.06777805646357257
RGI8636,0.11588619374362269
IOE1286,0.5210555261244225
AGH1193,0.1439366161578398
HBF9445,0.36782277366853405
NSO0462,0.5456388834888071
INQ4034,0.21562503333281402
FOL4515,0.12363106078025457
WKR6036,0.07519994986618153
QKT5763,0.21391686991406358
LFZ7306,0.5027422769771147
RZB9651,0.1975847953602995
YHL0162,0.19254985719677872
UNE5104,0.3643226252354216
DEC3967,0.339990633612803
JAE7915,0.23879350331666646
CEM5682,0.566907292445255
WXG2815,0.114654144501406
YQN3117,0.30773574610161375
ZLK9610,0.2940968786564956
ABH3755,0.12505867554639707
BUB8347,0.31574301018402884
XGX1909,0.19729793866519005
FHU9085,0.20526373025230588
MZE9843,0.1628334902884301
QNW8864,0.14055451295649352
EAV0422,0.13593034438737464
PQD3932,0.314492155134203
ZKD9795,0.16763963264758044
INJ6803,0.1255275229412744
RIW5780,0.15081703147775316
PNB5177,0.15023628423259408
SGU6485,0.09848645742753456
JNJ0531,0.19747464503355808
PHN7709,0.41141541946381943
HWB4033,0.13922485159314002
FGK3267,0.1409665635872419
RWV2020,0.20721574909447057
ENU6205,0.27098550554711465
CBX9036,0.22746881671339494
YAZ2550,0.3337427731794237
CBG7468,0.2119683146516355
ZFZ1089,0.18551719606482167
VXJ6073,0.14986131023909666
CXS5682,0.07117271724473268
XXG7687,0.4137568381054057
NPB7952,0.2617168274212314
LPU0502,0.21644437553997922
NOG9482,0.2927946236567112
DMA0770,0.29749685217800836
WFA8111,0.1669584773318184
MRD7341,0.2561913567230868
RAC0923,0.08407328169483214
CGI4064,0.12424850381057669
BHF5913,0.28613596814941034
TQT9316,0.5060123141380791
XTE7211,0.1735603406108727
OSL5694,0.21522523458723122
HLU2560,0.3426514463927625
NJT6734,0.21724680862243248
PDQ6018,0.33434508157705584
VQX0152,0.32215359833468676
RDZ2697,0.3479188681604392
WJH5077,0.24109519957505673
HHI5726,0.31393237808443736
BOS7836,0.09399846052020021
APX2161,0.1266278969572878
GWM1482,0.12380623992381735
LCA9291,0.39428423841876364
ZHQ3679,0.11765196539285773
PLD2249,0.11406681317119789
IEA9841,0.15529156471642033
GEI0319,0.43187876767332284
JQE4987,0.06265623797310158
SZL5463,0.08023821777698968
MCI0240,0.14423986324641422
FVT7225,0.10408535553494169
UJV3631,0.13060511575326872
QYO1346,0.3810691792401283
VIV4576,0.5632633647876707
CUB7496,0.17545101871733498
KZQ6126,0.12061464539178433
VFK8134,0.16953894279192114
YCN7326,0.18936963691349634
HLB3847,0.1709776662661994
TDW6663,0.25629536671849873
KBK7769,0.5427746383776733
IJP7584,0.18562987409558243
VVI7960,0.18891934155069823
FWL5818,0.6540241438180383
XAK6948,0.4865290475735961
SQG1144,0.24106008402505671
VVA0065,0.29310355251362824
ZOZ0391,0.3365178350318534
MPH6874,0.1759157904650163
ZEY1074,0.06458471965135976
UMA9410,0.19597689645557007
VQC0943,0.19001006827140365
DZL6452,0.21579487439906786
BOM1302,0.23987198237059734
VVJ8185,0.1542708658030985
KNV7050,0.11875781940514722
YWN7078,0.18547165423399467
YTO5069,0.22238107039808155
HUT5107,0.35973798868922086
HBI9011,0.06809655170328803
EJP1062,0.30665363785678473
BLE1407,0.40361875301529393
DOW7737,0.3646662569109118
GWJ0731,0.09472738997723945
DVK0525,0.42107713796955326
ABT0755,0.0954296625957527
KDQ3420,0.38741453874398907
GRV3964,0.23843012272688113
TAZ7275,0.17923824831007762
FYQ9788,0.18583823844793046
OYV9502,0.11150297160750758
RZR0683,0.18647725028706624
KIS1920,0.14152008768044855
AIZ4304,0.3971956576946511
MNC6867,0.21293206856057773
JHT2975,0.2995965306610783
AWN2202,0.21852183984097204
UXA7661,0.18851968493257115
YHG0100,0.13149184210706583
BGQ6413,0.12056778357905916
OSV9923,0.1046175211874286
WGA1952,0.1882412438528109
ICN2500,0.27269863875994726
GZT7277,0.2828231231487465
PBP4048,0.42863995978927816
XMQ9215,0.25127722990519946
NEK4446,0.08962403809885779
DPN4713,0.2651853472749316
JBG9700,0.26022581502247244
VLK0975,0.0682737095132632
KSE1752,0.6418556766050787
UAL0333,0.45515443679174966
HNJ0861,0.6378660372115417
YNE3686,0.6284331775479091
FKI0101,0.3680119655854132
WUP8684,0.2307075663240337
ZPX2126,0.22339795820494388
CTP4152,0.12203129494071133
QLX4092,0.32289489193791593
AOK5541,0.3261339618248066
AAW0413,0.10716792602752198
NGW7719,0.29381726253215074
FIH1903,0.48380160846492076
TAU8457,0.12268705502694585
COG3558,0.4447092733592844
OBP5338,0.15788328297756046
RHK6186,0.30499421885324496
IMJ7164,0.3035156975000225
YLB6270,0.1890591412614205
QFA8280,0.11808954972400444
OUS9118,0.5900167498900054
HYO2274,0.13914420117284354
CSE9609,0.2615905967398736
UOE3068,0.45556992994812706
JCC9986,0.1874394873044296
KOB3118,0.15691631161095776
SVC9307,0.42249726714353747
EAM6064,0.08931861893792997
UVN5572,0.26769431431509494
ZHN4479,0.2735854768443618
ING8369,0.24731224724828024
KDF4616,0.17626449910194955
DEJ9407,0.12940038755602332
CXT4128,0.0445929099800276
TCT6480,0.09021163544743467
UNZ3586,0.3569459857326361
CEL0672,0.39977727031559573
WMW9321,0.10872377640062961
MIU4874,0.6252779305849138
GHY7900,0.07491930369331505
QXY3232,0.20031709087702698
JQT4476,0.26059990945608547
NDK8564,0.19164793088815962
YMO6206,0.14218144690715334
XMJ5924,0.4303411398625126
XVR8871,0.040957388189368865
XEH9534,0.30529846971656893
CYV3256,0.17209435385584312
TJH9274,0.08701440073301188
VTT0304,0.4515494367098659
RMW3853,0.23335542298721945
JDY9215,0.18160115540564534
PZY1904,0.444642885341772
XHT3697,0.5289540392258378
YBC8532,0.1786286237963984
FBJ2223,0.3325283903714532
EON2993,0.34203351419705724
URV6265,0.47456783983855094
XBY8963,0.10964367370898136
VQS0169,0.14412682083842096
ELA8839,0.218710403542511
GWS0703,0.20267618602931703
TOX8176,0.17052260813797
ONB3244,0.2508571033027163
PXX6146,0.10504402317667345
YUX0481,0.1615961404479937
EFI0965,0.14701497631417004
DRD0479,0.12624401881637162
DWY6364,0.13439530055830914
ONI0884,0.11184949442807976
MCN8344,0.2385675392900751
YKS4319,0.23272192744566325
XZO0245,0.25925437328311
GEI0522,0.5353589688332592
IKZ9484,0.19079206943013122
DBN4342,0.27388668435040947
NJP9989,0.3493007323501897
UTX9521,0.3418129159122854
AUK8540,0.37933779815070723
PUI1246,0.037493329583204275
PDM0256,0.27294136730602164
YZK7499,0.1758618771966046
GNW4349,0.10678616770013687
CVF1019,0.2208552266637876
ELP7845,0.17150832596691673
YCN2884,0.19856607799773676
BWS7092,0.2867569009327243
KZK3699,0.13402563828029534
XYO7986,0.21052813772303058
IRY7916,0.06867221313484798
LQA1132,0.1591462944247889
FTW5458,0.29993681831181157
MIB5596,0.1751219077876475
GMH8226,0.2668569206512147
EOQ6675,0.04339601937781983
QSE8298,0.15515343561323303
VLZ1739,0.315523452344007
OMO6127,0.06024799765865732
ATF1687,0.20820338749873304
LBV6765,0.22869077048333028
CGB8675,0.4579660312419206
ZFX4279,0.3133899122963753
ELF2926,0.23165232667952665
DNN9040,0.23668090158533944
NMT3661,0.14794066263478958
UEO6191,0.31518480953370626
IVQ2334,0.17563549667517145
KNW2940,0.1992293194326941
QNB3273,0.2219237353671703
FNH7242,0.10476282860117783
VVS3655,0.1543663028120465
XZA6769,0.25957103126866254
UOM6424,0.3206542076384071
FBO3201,0.21191027641166238
SLY2701,0.15565798508221362
KXS2731,0.21048049498318216
XBW9703,0.08651901299673032
OSW9461,0.21756073601421078
LYU5526,0.39015200971351205
NJU2479,0.19239369686899255
KYM8332,0.377613021821698
MAB7407,0.15067646192326295
YPZ2854,0.5839439842307792
JBF7199,0.35954137372004913
JZD8433,0.17921538572617146
MFP6362,0.35588702334350236
JKW4520,0.45633937333303654
QGD7776,0.3550883409378855
CHA6808,0.2683447753072069
UBS9220,0.25680354876576295
WMY0640,0.21822750207813316
CRC2190,0.14786420019535634
AVW9491,0.1816853766376974
NGN1485,0.4224386657361323
QQN9296,0.4028811714560703
NGR5046,0.19874456211936067
LAN8432,0.25294853206543555
TAQ4819,0.15895635345796152
CPI9822,0.1918550209589441
AER6514,0.04632796036963969
SEH8603,0.7001043089209031
ILT4241,0.1964878110648727
HKE8304,0.43384068796889774
TRW3403,0.20955993301969875
RZY1654,0.18968809378381027
NWK2633,0.10835645524249186
CFS3204,0.2146548907363256
NSH7795,0.31595866493204694
UDJ8583,0.22917635902198638
JMO1835,0.4008602860387055
REJ3686,0.10458837548642431
GDF5664,0.4138434133643327
NVV4484,0.30749290220140113
DDP7484,0.06858892678583028
XSF7421,0.09030936952792924
NLT2046,0.37635366091704353
SIQ0790,0.18025711178261258
FZD1147,0.05770082027325537
SAA8955,0.2667594357176589
VCE3631,0.30625704032399587
ECP4298,0.27804604676689604
XIU0799,0.5020145230893175
RBL6086,0.5316021880126854
YBP3161,0.21422591973976168
KMY5612,0.25275257855502375
ZBM7911,0.11054195139471303
OCE7294,0.3615142442675262
TZE4540,0.24848040903080715
OYY6449,0.2185212850906951
IJK1308,0.3705851932888912
KPT6842,0.26703806213072034
UKW0215,0.20886621808705128
LRN0774,0.34551686120257175
VCE2379,0.12154734461646557
FMI2837,0.10009083894059573
XLW5979,0.2562397462196897
GOV8873,0.2544613164702741
DNF0823,0.40907570561517076
HPH5240,0.24159669185162833
AMU4525,0.2169424942741394
RAZ4524,0.38785816108715
CJX7660,0.304010206894936
KRD7992,0.30223516797647687
CPT9754,0.11741767207242085
MQZ8423,0.403957455102367
XZS3817,0.34551725693732865
VCT1670,0.17528069981703043
MPQ8940,0.23921788418073966
QTT2590,0.10453101814356605
RDH4737,0.26652379605626714
TGY9004,0.140017836128572
QQO7458,0.5736832384077717
LOI8195,0.2899740444495652
XNK4649,0.3459856965766557
ISE5644,0.05830427966681992
QQK7127,0.28566758029944883
TJP4799,0.19660080239051236
OXJ4842,0.04541109456550386
RNA7496,0.2854984234635551
OGL8285,0.2394598978548185
SWE3610,0.14056295896729168
UJB6693,0.3354623609453682
DGQ0428,0.24827807714338035
UAF2108,0.5078745706743847
XSY0056,0.14634207863685725
HLU0539,0.07670458079601658
ODQ9274,0.11198857811194456
KFX6128,0.11830783853796385
YEG5478,0.21583334876480398
HRD5727,0.11565741137607777
ZGE3625,0.16893528811041886
UMD6920,0.2053627802919443
MUJ4332,0.2183613571990078
KIF1692,0.4511809305600639
DFL1502,0.335879913364965
CHL2034,0.48595887860755865
WLT7867,0.23070075431324538
PXZ3818,0.20422208306014153
FYM9226,0.5074770724738993
DAC6061,0.2864041348900856
RHB1657,0.25292822493373074
NXO2283,0.3110669995287696
RLR7250,0.5199780478930432
YWK2082,0.32307792273778246
BYK5591,0.17999607760652406
ACB7270,0.39818269108831017
EAM2579,0.2315043129821501
HHR7325,0.3708152788237748
VHG9675,0.2999970235117171
RRO6606,0.2078060312544504
ERV7117,0.15338266189353011
MBE3268,0.281068693106244
VWD2016,0.21428481325100174
UDG0132,0.36050776262546996
ASO9327,0.18083601333456115
YFX3025,0.17801277755230935
YHO3350,0.3407193357090618
RDJ0057,0.43027005050161254
OVI5461,0.41402135435242915
IIE9717,0.13815915684514934
MQU9813,0.07869537146075258
QBK6167,0.15602276763920248
MQD9120,0.1578393436638963
MPN1782,0.1909431714846929
IAZ0582,0.33131014574975015
WER3297,0.3034546010144678
DKU9622,0.09239936846888061
XZU1389,0.25101477693737895
JIV3958,0.20196374284888544
OUU8805,0.11977437375021421
HEA7369,0.08160753303374331
XVP2264,0.1225244924838645
DFR6067,0.16257079880633604
FBL4503,0.24264574476109244
LNE6682,0.24499756205078926
ZNT6954,0.05440232435617944
FNV1771,0.408367526140967
ADK2106,0.09825042259352201
AEZ9340,0.19252783179426258
VFQ4319,0.09932328263859891
XSZ4118,0.4023110182919692
EGA6616,0.3774505707013779
MIZ1027,0.28880693706446603
SRS6744,0.18482740595501326
JQM1187,0.17533190154315362
ZHL3139,0.5595041275731958
NEW6706,0.08981972614196876
MQP7394,0.1785715923912892
RUD5319,0.36717727629310504
GJO6846,0.3462351188529521
NWG7741,0.18773735437951555
QRJ9739,0.2643830382673352
UKG2642,0.30270012478826896
UZE6034,0.20871786048796934
JVA3845,0.5087900069858736
SQF8086,0.16000015317347455
ANJ5892,0.13130354470756647
UXX1393,0.21567369663852373
QWT8893,0.12254983164805948
IPI3012,0.12349697757458517
BFJ0934,0.16850087256527538
EGP1636,0.1013611743386595
JOB6556,0.6003696151698523
QRG4068,0.46351298489895526
MKK2644,0.60249347798484
NOT8646,0.22626949891329867
BNU2999,0.2576444035611086
JNR6923,0.5061404239533825
WYV8264,0.45326242244723497
MYX1892,0.4946433125559086
MEB3676,0.3063290542181457
XQZ3311,0.19199818176512556
JJX6807,0.13693877685236377
WXK6036,0.04657047281356425
NGT4741,0.17504334676122793
LXO3834,0.5016881807424439
HTC2895,0.43791106735834423
SAX0105,0.1252486308526925
DTR6300,0.20833947208935194
DPE0579,0.05472833310367383
WNX2417,0.09195088220851054
XZM4055,0.049520870630833054
LHX7184,0.3730307595431205
KSO6598,0.2887867286638615
OLE4506,0.25187612508086366
NWZ7800,0.537542333230331
LIU4069,0.164293308624555
JKO7105,0.29917919070840093
HHU9275,0.47224710767312006
TNV6516,0.19210883253383418
LYT6293,0.23627739687243732
LKU6285,0.2679039539394044
YHL4141,0.06356411242228613
KEH4496,0.17660601054475006
DAG2617,0.12509264432264802
LWL1497,0.2857168281040878
OQC7661,0.25025702178603393
JJQ5903,0.22079290574229218
QNA7565,0.3081721538775223
GHC8140,0.20589951553960056
SWJ3811,0.21583087956522012
BJI4095,0.37147205098204567
AEA8629,0.08914069931851644
OAX5074,0.24996259360358483
MHX3492,0.08127655594739447
WSM4668,0.16231050683524204
ZVE8493,0.1429705037122879
HNI2057,0.3116845612346497
KYB7279,0.14216013062677502
TNR6519,0.20068618357602966
ZAF6488,0.4555989368924339
GFR6971,0.19523729329614944
VEY1968,0.1109062960654444
CQF6416,0.11248843096370366
TUG3248,0.2120516957515599
LEC4955,0.44899554513650475
OQR5476,0.18009927364963094
UHA2449,0.21085378078951877
GRP2675,0.12491702279487926
ELA3131,0.154181431098879
UZT2014,0.11825558284572404
NOR0351,0.45574369727304553
SQV1536,0.4510377015282211
MWO2395,0.20434941789949237
JKI8422,0.09800679987237937
CSM3282,0.5205169111912841
MKA1884,0.11490449642716158
OAT4775,0.38888226895206157
WAE6729,0.08504470195329844
PUU7424,0.10405972665055001
BVD6400,0.3742588929406332
FNA8904,0.17097610128641078
VJE0900,0.25551208370929734
TOH5347,0.20782996687838348
FVT9140,0.18039694851438678
GRH5559,0.11975015648556951
UBD8889,0.5674927206654709
GFM8976,0.08765507429238768
SNB8067,0.1317238155397886
JAN6657,0.4022740628526481
ZGO5482,0.305378883040748
WAI7897,0.12894827584919114
TQQ8810,0.29197428213619986
PPR0538,0.31262908534701506
IQD3049,0.21054290167472942
EVW3261,0.1770643780164163
QTP0829,0.10076222270777166
ZAR1668,0.44260357558038316
YNM5067,0.09487318660768944
ITH8224,0.07753279723853612
REM1332,0.09546467471889329
SPS6604,0.1417701962048656
AAE3132,0.28352918542733074
HOU6184,0.15036375445673617
CZP4309,0.12393164394709036
LEL3646,0.23163840657802034
KLS2376,0.29723138842357255
SCX6724,0.18550645401028779
JDX2248,0.20821911551755434
CSQ5122,0.10770080498973626
NCV4201,0.3839635405760197
RFX4239,0.4486418305855336
MHR9246,0.5786679430115281
GBZ6626,0.26072099206012306
RPD5488,0.13506305116507408
HYI3434,0.34634832374709384
MRS2505,0.39465218317752143
AMB4315,0.25533135491803205
PMG9403,0.24571839879817325
PJB5201,0.23976693705679436
WNR1849,0.09466717089317706
WIH5320,0.36346997265739217
ZNM8480,0.3417456974817095
XXT0474,0.6487333131920452
QIG9493,0.07756606084998344
AFN6386,0.06993679808822517
PRR9621,0.3327747050290362
XCB9683,0.1702889676742718
DZT6788,0.244339024583798
WWG8089,0.10674343241422682
UKQ0153,0.24267309056054287
BCZ3036,0.3217309012659438
NVZ9450,0.2897496368283556
CCZ0625,0.18794912711212444
ZLP2972,0.07656404222389557
ZJB5926,0.26045307044659616
CMG8982,0.23979219408878888
WTU0545,0.14329885691102573
FKL8364,0.47292193250131104
PLX5842,0.10529149904872749
JUN3444,0.14140626505432372
SKE9305,0.2180280549579804
ITL4779,0.2405593214665074
JJO0795,0.17454606837632541
NXU9005,0.1181974383138986
QGC9923,0.5480063950539601
MRQ3624,0.10216964361178796
DGH6557,0.27050350651886873
HDE8710,0.1410754935548251
AMV2337,0.15477462041112486
UNQ8256,0.30663575580421254
LOH5505,0.3253553382697391
IQY9989,0.13676510877340484
PLQ0927,0.4337603866772024
ZVH1070,0.2284907744499235
QWM7774,0.5328112800919759
LCA6145,0.21749953543608666
CXS9262,0.30343378205444876
FBG7333,0.2720101816841268
OEE9697,0.11695892736313113
VXD2888,0.2834038763367369
JWU4615,0.08575661391145194
PIM7408,0.21859393938949445
KOH1629,0.19681126629684537
FNX6879,0.08840482861270188
JEQ9499,0.36982992488423694
UYE7582,0.3574354291841341
MFM9712,0.3021610487248985
CIW9280,0.4193060283326274
BIH6763,0.21965843212986855
IVR4724,0.14355377686792375
JMG2675,0.10935511205802252
PAL7750,0.10855556968939054
EGQ5337,0.11021664534810201
HNM5599,0.30653448795245664
WWK2226,0.1787386758030164
XMD5380,0.07648260525192778
CMT4787,0.11547458287279797
OTN1938,0.23939609942762022
VIT1701,0.13777739670592276
WMK4466,0.17026232440253602
JJY8197,0.3295623628318194
XCA6285,0.2278290487994149
LSX1698,0.44872298979781594
LIY7658,0.42623656211729366
AWN0993,0.21761369692695057
GJQ8756,0.2400984084565912
UQA9509,0.2973577878800032
YMN9110,0.23278639426925896
TPV6824,0.17664423939623755
BHD6476,0.5271602532194759
JSQ7862,0.2996359765473091
IBD7350,0.20833021970602125
WVG9491,0.25386473999671866
ERM6024,0.15718348967079065
EVY4906,0.4049653183987938
HZA1744,0.1557038446128053
JCT4386,0.2275492019234763
GPO6473,0.13007018102501328
MFJ1189,0.1831422938325977
UYB8567,0.31540518950541724
TOE0201,0.15567104596239834
PZV6692,0.1591140348307136
UUY0456,0.29622897139411875
XDE4403,0.19038302828990497
RAY0990,0.5270654329677905
YXS9979,0.14302822453763067
BFQ1956,0.1064102911695996
BNT0970,0.2750463896769676
ILM6904,0.15168868287172568
TTD5928,0.14198471719189826
LRK6522,0.11529333881897032
NWI7548,0.26279368588473745
SBO1935,0.15547893852140404
ANF1816,0.21448698564689778
KOO2576,0.166925027840835
XJK2683,0.10917810955728748
KXO3550,0.10030758652392023
PXC5758,0.37755513205706553
NQY7197,0.3418579937478657
EWQ8929,0.5808429112680982
ULV2580,0.42612982882325295
TCG3740,0.13672838844445753
HLQ7927,0.15144987284335845
RBI8043,0.1863091732889642
XUB9735,0.11755329847638446
YPZ4317,0.13663067351890137
QXZ4385,0.21850963192810713
JBY3887,0.4116917221820591
PMQ9284,0.2522490748231279
WPD6992,0.17977860951632468
OHO9405,0.3982286612318102
JXZ7487,0.17141716257900116
YBC1242,0.17324539216464038
GNC0544,0.18285992991732428
DWG6506,0.09897786748907668
GHE4135,0.10868243503106453
YTY8763,0.3237967954003924
KBN2378,0.3103476651838507
AXT5962,0.5987877720075915
BOG9757,0.10914384044372023
JWU4504,0.15262279221042635
WFW3920,0.5560050806557442
NUT5984,0.11937660673557723
SRM0734,0.1370441586939364
SXM1210,0.48298653592172636
MNP1285,0.161508330407594
OLN6828,0.42221578798928094
PND8015,0.4476029008303678
OGX2067,0.32863216341629453
NGW4148,0.14623699727040057
XNQ9739,0.2571821557327064
PVC0396,0.036372670594305254
YQU4379,0.07436262623051727
QCZ9183,0.13148759763958334
HEK1976,0.3236345390177875
IGG2798,0.21079584553907324
LVB5412,0.23184421563952698
GJT0245,0.20660030503881494
UKH9382,0.20890768897918954
MSI8579,0.36950226521132656
ZLG0202,0.22291349808808653
JLT3081,0.09131826659441462
QUS9552,0.10586323075868483
YTA1880,0.27188736213126785
CDK2415,0.17029804507430832
GDK7008,0.19703154050601698
XHB5695,0.2538809106076366
CEL0699,0.223234182652242
EIU7027,0.1336372308922798
HTM0146,0.1974817471633196
FZO5757,0.2618027310136186
TDL1068,0.29273365814466157
NIW2607,0.2900351356261549
HEO0125,0.1276364198566336
MEX7417,0.18490360304282838
OEN4472,0.16361325383278774
BRT3771,0.05066826076301579
GUG8607,0.4958818945786391
ZOA7096,0.22148109119061749
SDH8992,0.3868194070894911
JMD0120,0.2006127032157569
BMO6026,0.172683022402189
ENV4544,0.45111543799596215
JQH9915,0.10508565531379857
GMK2427,0.28698712921915964
FPA0677,0.21506080139566297
ZVL0171,0.47969688747497696
SYC0712,0.540108543029105
MHD9822,0.22331941623580276
HPD7237,0.6178704164009945
FEL2808,0.25748808182813865
MMC8838,0.17476588114062014
NHK5621,0.20769593555743676
LDO7056,0.31758475080296067
RJU2365,0.2212830220057396
WUT2469,0.07397720202026903
YMA0571,0.07321766109574661
STT6043,0.2907558363819872
YGZ8268,0.19034583530128948
TZR7334,0.4112690375936788
KVM0019,0.2862785584351739
KCI1006,0.26476394427484634
RJR2607,0.11316066692969695
DNK7474,0.22656247681176134
PMY6529,0.15772376305498503
JAT6175,0.2835008370786918
GRH8210,0.49051920107231073
KFU3441,0.46857379595965687
KVB7435,0.11583236130307858
IYP0080,0.27197599299955183
VBV5453,0.19053588166213656
DUA8888,0.30121043262714037
SKS3637,0.10304258582237862
JJK7748,0.242004012515151
IWD6431,0.17187289435367636
BZE5384,0.11578364772421657
KFY4089,0.12371028867830983
JBZ4242,0.1373469435456966
JMI3553,0.3098576156428276
VJM1864,0.06851660904696696
SVH8709,0.44704721483992255
SOY3070,0.20818000904443457
TUE3956,0.5223431464344368
XIX5596,0.10552903374522703
CZS7133,0.3589644745119242
FIX2641,0.1808905519477897
UXD1841,0.2372883460079558
XIX9094,0.32114946172877246
ZVV5799,0.39872377540464643
VBT2621,0.08629559549881623
SGP4291,0.1334662247664231
VWE1468,0.23711041719617548
QUX9721,0.1138804796470825
OYI6805,0.2753622101589481
PHQ4045,0.21661738091968877
IRE1258,0.29202242751298224
TQY2059,0.18495614829019227
CIN7912,0.34925675460027183
BFT1621,0.10390626179001375
XTV8065,0.4149089335915246
JBN7458,0.10813085611320371
ECA7340,0.36138768234764074
FJV6411,0.1899093736561096
LBI3544,0.13020715036798544
IHF4906,0.43984306225052827
BCF2737,0.4282164038429685
VOX5055,0.12014555154328016
OHX8131,0.35335086334490673
OOJ2242,0.22475267153067957
OYF8344,0.21997133755507906
BDP4806,0.14252700182765543
XHM8420,0.2771784822217505
HAJ9645,0.5952320434745331
PDE8624,0.22702419185570558
NLT2148,0.12976127915084643
UHI7991,0.4067220235783937
FWX8897,0.18542773390372605
OWB7178,0.38480678153964604
REU1247,0.24575345274676513
CRO1769,0.21471325620506326
TLD5484,0.15637468845513475
PTV8574,0.18765833150668515
BWS1336,0.09341606265410772
OII8763,0.12128062008833407
LPO1321,0.2718451280607614
NHW7391,0.1308894345015045
JUC7750,0.10337348467687889
CZF4822,0.13938386135217828
KBN3400,0.5405443988569361
SNF1740,0.08757850777126906
DXF7268,0.3640301265949198
EEV9383,0.09738358567792506
WJQ3332,0.21713635692409758
ORN5586,0.25901273240991507
JNZ7774,0.22291519343424565
KGI8277,0.20300291602617893
UQV0433,0.15493326022252527
CDJ1262,0.35054778350999827
ELI3656,0.10685351545526443
CJF9592,0.663680404243733
IFV9314,0.20182298372607946
VDJ1118,0.16227226566307565
DTA8682,0.5969977056745635
TGJ4666,0.3933979575489065
IZZ3291,0.24387943491844127
ZWT7505,0.14153191271805138
LTK9250,0.10679831474140294
DVP8940,0.1673180650650308
OJP1964,0.11925097419379471
WNA2120,0.19858311127615505
MSO0106,0.266172463947442
XNB8483,0.12432568897855222
PZM1761,0.1447196448868267
ENW1475,0.1979110531153545
AJL7031,0.4283500075357749
LWS0585,0.36765017776634107
TXW9164,0.28076035883799244
EXD4634,0.33869389982776416
KJW6467,0.405378344528254
EZD2570,0.09725661551433464
ZJV2396,0.2860054133940106
OFC1459,0.26825072851877285
VFR3116,0.25222435459115633
GMO1024,0.441416601356116
BWM2061,0.1481939240066879
QTD8623,0.33545308000347085
KUM5250,0.07444947353414659
RJI3984,0.1583804129290836
VCS6618,0.17264636121730953
XRI7782,0.28334560859435093
TLU8006,0.1387494263389305
KIP1222,0.19300803775563902
ZYW6392,0.6516872540370495
LQG6833,0.14403870985244652
YZS6822,0.15872585418539847
WYB4183,0.49396671025621686
JTZ2381,0.34303009888412517
WOI6716,0.07660418449963052
CAH3623,0.18457557700724697
DHO8082,0.1282418274605083
WBZ5686,0.27390126381602453
PTJ3034,0.2531026245264405
GOH6841,0.12441672403221156
IFK4684,0.16079829804710186
NUC6904,0.3072729514673271
VGA5416,0.21632195791380135
YLK9460,0.25842083294659907
DQW1972,0.4294281482120675
FTN8264,0.4622651797771003
IGT3880,0.2895440689007574
FUA6770,0.379842689524527
TLV7456,0.09517507288206954
WWE3484,0.27618140205368485
DTR9952,0.46942722522625047
YNO1665,0.1267508834479057
VGE9961,0.16424615467009057
RUA4176,0.052183738788062074
IKF0037,0.12223802812668233
YRO9974,0.1796974192387336
GWY9006,0.213957997699266
FVD7466,0.10868093323406283
UHF3142,0.12022686507167359
DEX6242,0.08831087356847295
QXR3196,0.09710698388124192
IYU8091,0.14221042346657137
BCP0378,0.30200042567651514
IKD6628,0.13520741884743487
NEA8008,0.20027175704064937
IFL0400,0.13395460151520885
OWR3438,0.11604159050414486
YTR7954,0.30884088404030174
UAG7922,0.10149036654497003
MWS4567,0.45745136484540744
HYP0579,0.18770642949253774
CWP1122,0.14556244160198922
GRI5844,0.48629136092444547
ZNJ9881,0.39801882799918686
AND9132,0.26287241161773495
OTX1554,0.13459761696850248
JZI9321,0.13302745445974606
LLG6222,0.1827549260068348
MDS9093,0.24744348882266085
QQB0215,0.29088089707388964
QQT6587,0.23209477195511952
LOK7515,0.30489820868563144
GYA7750,0.21893879819957301
MNV7286,0.519484681165135
YRI8408,0.3076766744288841
TWE1980,0.27011360493316583
ZVU6266,0.1171669022408194
RRG0247,0.22776829279767954
HHD7862,0.4006438486373134
AJE1820,0.1808873837599635
ZDR0733,0.3006538020540213
GGP3321,0.08796655912147723
CTU8248,0.1845240525472239
ETX7860,0.09394420680743781
BYX4709,0.21551000667643383
JER5258,0.12123509734685209
ATP7809,0.23589266238699896
OOS9657,0.5168602893130148
YBH8650,0.18584218990071083
VPU2235,0.19623582550474927
AJE0878,0.22766309110299077
VOM0132,0.2935432333204499
XPU7817,0.5642688911697892
MLD9068,0.36979105831745024
GAF5632,0.475190934587589
KVJ6297,0.43117001331717114
BQD2750,0.340546458317052
XFK0812,0.0932539794462759
RBI8449,0.5723438128954099
XBJ4755,0.16373164893161002
PUG4486,0.17411633524438194
SOK6661,0.38703683610752665
XXR7349,0.32915825007645433
HKP1866,0.25753140306224165
YPM4023,0.5175400039104056
OZL2864,0.497737721932575
GQA0832,0.12155890164333316
MXU2531,0.42510795849302146
QYY3922,0.06426858884206255
RZJ6026,0.45213539127875296
LCS1493,0.08800969380355787
QJP7869,0.2917884402401533
VJO6966,0.43966125087247027
OFL4209,0.19989077041860398
PFZ9129,0.1879855180428947
MZR6876,0.5471374800228604
MCV7828,0.11572615199110811
SZN7612,0.21443823869697343
HNX6356,0.19630462149380692
WKH3337,0.26916479664396564
PNI0320,0.3921964377811115
LSK2897,0.12837450698392952
AGY2805,0.14920350135745716
FEB0191,0.38882943990046726
ASI3597,0.11576600684870567
RAW3160,0.14970759097258032
SAL3837,0.16708125846086125
QMO1576,0.1501907177952066
XCJ7065,0.1252170796701953
YKO2034,0.24758812139666928
MYM0707,0.41927574687409186
GOD1525,0.24510670630894196
YGS6472,0.24300347424924937
MVR6731,0.14593158925416236
AQY0818,0.28276634878751666
GWL4324,0.3062723009578739
SAL3804,0.2506483902203781
LXN5221,0.21751330758461285
UXM8042,0.08520221973470966
GOH7601,0.10941065313362601
UOH2212,0.37509775194914186
YUH8545,0.508130553562568
UVO5135,0.17632293770940505
VGV2371,0.12537932966588525
MSD1546,0.22390462889320714
QVY5202,0.327908887046091
MDH9411,0.20050532634411747
XRP3871,0.08006340414092981
IDL4446,0.14826732302648393
SVT0852,0.20495505187904692
STW1369,0.19245023809997086
KDX8757,0.2524286767768369
OKA2718,0.19452455880948946
KGZ0857,0.33382696215767693
HXT1988,0.21846977570342005
PPL4821,0.062018758916731476
ZSA7657,0.625715640614764
CCD7293,0.21669042745801592
XPP4684,0.07103691771567724
MYE1200,0.16990755427056406
DNA6848,0.08840226735249916
WAX9047,0.09306711949645345
JHL5576,0.268174964229129
HMH5026,0.12457984909018147
EQK7900,0.27431568846059534
THU0418,0.12933093622427366
AAN1264,0.3454315810957988
FGB5363,0.17254447475212986
CTK2833,0.4612573372012191
DVB6982,0.3132867939152583
RNQ9043,0.19265967294013805
PYH6242,0.10871705924433975
NJQ7029,0.43024303018542986
XXQ2266,0.2907509642575479
TWF8468,0.3908532219372908
PBX1659,0.14186068964955575
VYE6525,0.2852104790439491
XGZ7303,0.09453843644648693
JWG0572,0.37111820067205814
GCZ5567,0.150922028277207
OEK7979,0.11554648315162705
IQR1080,0.3271500547691666
EGP3030,0.16455156323944425
KXD1325,0.4469860901795087
AHW4029,0.20625268350114545
ZDL7831,0.2339210410331317
UUC1303,0.681045345328073
JHW4195,0.3938314292190757
UQA3823,0.3855055469076584
VHB0197,0.2385486898814183
BVR4732,0.19538556482362057
MWL6209,0.07176557256260357
USW0558,0.2830564923283579
PED1745,0.16421097101646748
KZU0103,0.4036006340672265
AKF9929,0.2913204712747018
XHX5246,0.25827000950695395
SFA0308,0.29715657734262235
DVD4120,0.18579553398346893
ESO9920,0.2522873649194913
SRL6640,0.277887228045903
CUR0551,0.09097447329563253
ZRZ9828,0.43910468393593255
JHZ8593,0.3151516905372338
NHF5531,0.25936983783923295
FQR9806,0.3914948036168124
ADB1496,0.13166271123133222
CYJ8609,0.21730427685996925
PBY4400,0.17669585367850904
LKQ7118,0.23014402369013454
PJM6055,0.2758898053653578
CDO6881,0.11938662684629042
DRF7884,0.1308938536370152
OLC5061,0.32349478117943475
AKG8619,0.1750333722910318
GES7925,0.32316021624454333
OPE3417,0.07210580922764218
TWP5888,0.1695728797125449
TNJ4880,0.2856807885895523
XYM6908,0.382299869622363
OTV7462,0.148710988474907
QDM0499,0.4487928827039771
XXX7106,0.08740500416705196
CEY7529,0.11399615637431354
EQG7914,0.0788216837958535
HQH7800,0.3998361862553606
FDK8158,0.17962259872417607
VLN1057,0.2402847563838972
QYX1812,0.07008920108119118
UFM6656,0.1837789936525059
HIF2994,0.2800241794356627
EPT6107,0.2124958668000357
SVH5874,0.2307604200559099
GIO5888,0.16608167140134517
MPK6697,0.27372329900264714
JHJ6002,0.16101498393159064
WQB2834,0.11721911149347698
QKK7312,0.20771624262923635
YJZ3677,0.5463223904653071
MBG7300,0.23269578121644516
NGX9445,0.16715529317784944
QTU8109,0.19696394849117196
OLI7614,0.13680555441746856
FSG4468,0.2776590457310584
RCH3872,0.30326403381758954
YXB5864,0.10052822719234925
HOR7464,0.5043150274383198
EIC2487,0.1257015079964644
CCJ3339,0.13266013781561756
RQJ9221,0.15998445443069073
HAO7587,0.23878948507112308
KNM1584,0.1505878864019338
WLN0973,0.2882429271229259
WER8629,0.11749581423941749
SLS0471,0.08575859535905438
RWZ7062,0.28594658142259033
HKX2986,0.29908501283021877
GCY5175,0.12570058858154345
AOT2477,0.0745715748024875
HVO1046,0.19881742622419146
NXH0170,0.18868016244411306
GZV4285,0.16206859054238076
XNV7471,0.402339351381094
BJX4302,0.2715036044140474
VSH5730,0.1253294047505122
FDM7929,0.2286104060601185
PAU3377,0.10517309644137951
PII3257,0.14532184525017666
MMY8958,0.34735859060379554
HSJ5714,0.33085666923210444
WUX6406,0.24377829747523047
YAS4032,0.16619816895971173
QZX6944,0.24454801343375973
SBX6305,0.2304856024518613
DQH0443,0.25322874781471433
QHJ0432,0.1800267005201318
MEZ1886,0.20728922769331146
FFW5346,0.11550959473508113
GCI5754,0.35738144392411647
YWS2631,0.29106597462176614
BJE6322,0.19318367199030836
QOD5952,0.15103080787134193
PVQ0274,0.17197476118952493
RWA7760,0.22420545732348912
LBD4986,0.1006734471097533
INX2297,0.21747733722017112
SWE8062,0.109152097514236
CDJ6273,0.13141844270544997
UVR3325,0.22335268165836547
AGA7615,0.08658989168539555
QQF6530,0.19696084731610666
VCP5164,0.1648074381870792
IBJ4529,0.13406522428649484
XAP2030,0.06272586532705914
VSZ4334,0.3554559904854254
IDB3510,0.25107407927110653
CVK4116,0.04900188821577263
YRI3393,0.1748557180353178
XWJ4426,0.30929975087732015
CDL2013,0.10711663909049722
YBT2195,0.3057973804221438
XMX7085,0.21127576117972577
TMS4399,0.271798334219363
VNW3430,0.3496616214841859
FQL9334,0.37806055573001945
BXK1712,0.14517905762841976
KVQ0997,0.09284881837990322
ARP6086,0.16418546575201415
TZA4677,0.5061641569481762
KHL2108,0.2060053728399482
KLH3876,0.17848911306147688
BVO1335,0.23608548817719877
WNP1085,0.38312990767967375
RZU4330,0.20722682432865946
YNC1324,0.3406122777615092
AWY0298,0.2808932713252619
PZK1558,0.14687325912437071
TTN9630,0.11886346806705345
BIL0479,0.20849921923085904
QYA2602,0.16111525660763953
UKK4307,0.28267517389404234
DMS0338,0.5189779129880376
VIP9261,0.07278052860658205
NPL9257,0.2537054196119853
POW4586,0.2634248715645987
KXL7076,0.28567992723972874
PFS5716,0.47602959139922285
AKY4887,0.30784672261100765
QPB1967,0.28176093373501065
KFF3495,0.05696884226780279
ZZF6930,0.17373149922502343
NHW3925,0.3140748386804828
BRN8497,0.24518870156048583
UMJ2226,0.07550232317724218
RNJ1710,0.1535601724848656
LUD5116,0.32021926272689955
OLT2214,0.17453186099855764
XXJ7220,0.0924606697499366
VPE1768,0.21660668668648836
MNR3391,0.380650108245247
JHM0984,0.28401962833073097
FAB0388,0.3386848247665361
OOR0476,0.15194723636922186
IBV7915,0.43202478221057866
YFK1866,0.23334533024555684
ZQD4890,0.16574000927794413
WDC9798,0.13123217766781112
CXG8456,0.326338831841274
DOO3002,0.3839093446007758
YID2854,0.25796850029541646
SNT8269,0.33222288857718807
AJE5284,0.16487744825759276
GLI3826,0.2739868159778002
MPN9544,0.10366571131069134
ZOL7983,0.4648543101279226
VGJ9459,0.19912350035588783
YGU7937,0.2492477532548467
ZHD4984,0.25241669075888196
TQL5044,0.1424024697896246
GZL6126,0.23505656025996716
TED4788,0.1607094848600432
QCB1230,0.2997293208944679
KCU5480,0.07387733597233982
JYA4020,0.3692973681221295
AKI9938,0.19793494893158053
CDZ5280,0.2166022308824925
IJS3257,0.4757841657810672
XHU6926,0.2235353955799354
ZQD9442,0.2295214692270276
XSW2306,0.6399992284669489
QMP1263,0.16269179261599756
LLJ3258,0.06872827640456343
GHM9007,0.1206929884598517
LUC5355,0.4708296928706814
JPJ1369,0.2622200710289346
GHV5643,0.2767853150014028
JNX1312,0.6142140326145085
DNQ9370,0.29396842877049323
WXL4780,0.152003986416917
WCO3839,0.2707432642523684
IDJ9502,0.3794184843475693
MWF4845,0.5102104785751304
WIA4859,0.14282749200713668
PYN9857,0.08046605786492993
BBK1144,0.22669359620917748
SWH7163,0.08639885283636882
GMF6824,0.034310229453652634
IVT1624,0.18150796255501686
PYR5155,0.4484721138777774
JAN7670,0.23142592793771777
SUL6082,0.33935517888859934
GQN5525,0.21078650864201304
EPR1251,0.21432072612198294
YVF9131,0.3174111976841336
ETE9042,0.15393096899821399
RTU8397,0.214433516678965
VQL7165,0.7046905793932722
FHF3153,0.24979777419254592
YEL7480,0.14849048138148793
QNY9983,0.1357714737943196
WLM4602,0.11575323635419944
BHV5209,0.16553958082309111
EXU2651,0.24087724757083795
QMM0719,0.19117872535768443
JCY7195,0.3083749311888466
OMG3714,0.40513380569462987
PLZ7937,0.1835708161173024
UWY1087,0.40303914258643675
KLL3321,0.4205074227449255
FRT0766,0.26635588743071975
AWI8218,0.3374475358780052
VXH3216,0.10915774962016624
USD4961,0.3547982477964992
QDE2276,0.28459046520368875
NQX8981,0.36419381855731753
LXQ3911,0.27886873483217933
JUS0617,0.12550133625703974
VPF0649,0.11815095860111692
OUU9584,0.5689355210732743
VCE9304,0.21108670142900657
NZI2126,0.07426464397232094
ZVJ8894,0.30665646664348184
EWR8128,0.08203723171407205
GKF7029,0.30484678653743286
FNM7614,0.22885766809428465
FHS8655,0.2335413702489105
KMK7242,0.22556280266186465
AHA8842,0.09515469365684402
CPJ8082,0.23566871340213552
DBC9627,0.2900565099621115
XJW5496,0.15869041056063637
BKG9784,0.3596770419036673
KBD8351,0.16118760379715114
EJG4853,0.17063150819652087
XKA6945,0.17277250698734117
FIS6302,0.14494778204681244
VVC7858,0.12093116709773383
RIF2689,0.31032562771699623
AUG6492,0.36095638893693904
YCU0440,0.10919031419280838
UDC2578,0.11481100089371372
RHJ1529,0.15497133152117673
XFC8473,0.23352366642437822
OOA3990,0.3223599015641692
XFL8207,0.4536545816742365
ICS0547,0.21430565204326466
CSV4897,0.17041527330107564
BWU0006,0.28045044921203655
ZIL6789,0.16218004117416304
ZTL2295,0.20807674602650802
ZIX0088,0.3723548050283666
MEU3717,0.0935204940575122
QEF2532,0.14944534371569682
WNE1300,0.5112799265388297
NOF3605,0.17640346216189698
BYB0853,0.15023396162834007
VLO7141,0.2676340083319969
KMY8105,0.17468234954452758
OPM4779,0.18138609614357068
JZM6435,0.1200836232237695
MHO6099,0.09517686387368537
JOV5051,0.1959393470161998
QJV9526,0.2766978899594472
HKB9998,0.48145620278333023
GML4512,0.1959475524822594
JVN6993,0.1375238848103531
KCA0947,0.5253578475233868
QRG9446,0.2173702041242768
HBG3407,0.27119359602262016
UBA6870,0.131070206272819
WLC1148,0.21110948049918032
CBV8051,0.29351407126899554
BEY5463,0.2830175170351402
JGV3234,0.31231040735968585
SJB9840,0.22066638376232983
SSN6235,0.11735750955234957
XSM0027,0.12499938299764905
MSN0593,0.3795348108281878
OQC1881,0.21231710097493656
JPY5172,0.11057180215438957
RYW5823,0.23512255743591376
DFC2221,0.1562245137242016
IKP8033,0.20049206115533005
OGM0827,0.18513944617749925
ABG1050,0.4884540517919968
OST4137,0.17706567932058942
IDC7341,0.14503296012057057
XQO3065,0.21815252767061227
GPA9799,0.34678495215546845
BJY1570,0.3229568510175752
WTF3459,0.39271724839913247
PTO2678,0.2541964353352786
YTJ0953,0.41701451134925416
TPQ8776,0.2879544424467038
PAU6559,0.15919007915709413
GJP2053,0.2010550518948715
RWP9660,0.14954345624258916
ZSD6924,0.10372799260624076
CVN9903,0.09365447430779343
JZH4481,0.3926008223393758
TVO6484,0.3982180772040146
DSW4641,0.22178904714777264
DTC6376,0.24257952963745213
NEQ1445,0.5770400360353599
MGN0204,0.05856026816175072
LFJ2299,0.27948548660512446
MBZ9428,0.1699319539026055
ERK3686,0.04523799545173805
DMU6787,0.10759858794989863
MNZ9630,0.4294759059657036
PLD3289,0.34245687175118295
PYZ0091,0.3113744011277291
QYG2595,0.20624282243652906
AFI1911,0.06444060806359204
IUT6554,0.48005932908620563
IID4833,0.32793049300151567
YUM6195,0.12277482478811427
IDK5493,0.29821344237027186
RMZ3418,0.17362063940178715
YOF1202,0.26466521844273055
OBH7504,0.21451853605506338
PBG3271,0.2639153743400238
GYN7033,0.2236968624630784
BRJ6883,0.25693154020814407
QBO3877,0.25877297729933
YXZ9927,0.2616188035034524
OLD0052,0.1552385830026419
CNX1986,0.3673359279003223
JZH5443,0.12158293659502972
DYM5551,0.10976278527775198
NUK9864,0.1972301004126103
SYM9711,0.3640133868294723
TOD4932,0.34959099350653045
BTU0301,0.20784474075615322
AJA9066,0.20493920992445563
FPN7604,0.050888592844243574
IWK5748,0.17021409354153536
OSA5438,0.4317282683853545
IXV7393,0.17733349351442332
FLI2208,0.33721658039866614
WED7235,0.11885510394191065
XBF6820,0.23111987164120265
GTI2773,0.13854440333062829
ETD1365,0.24401717332277076
YBJ4724,0.16681947518761256
TPO5722,0.42808093511973216
SSW1446,0.1999095263357686
AGB9743,0.2925774090203854
TUX4026,0.2329067245152865
LFH5084,0.2890168206587964
MJA0420,0.16559261433731687
OUC5158,0.28494515962386446
QBM6980,0.03644927811701552
MUP4364,0.46891254252960834
LXS8907,0.17710706421436492
TFL1336,0.3108231105039117
DAW9391,0.15881994918377124
ISS1895,0.10911563839755638
MCB6789,0.26097416615129204
OXE0035,0.07673003477166833
SPM4129,0.1632168001828612
TFN9819,0.35860695461229347
ZMC3441,0.16774409012400762
VEH5136,0.09235040439349267
HEO2144,0.21503949379004988
TRB9176,0.1952218756908014
FGJ1745,0.06803880494342826
XTX2547,0.20283380431062698
ICV6713,0.14891093558754667
CED7966,0.1330368841789099
SDI9954,0.18124378414681486
VLF4370,0.1562571856470547
YBI1526,0.2099321627129029
AKD9529,0.43615339080865295
ZIY2949,0.12642996159085523
SHG0969,0.36494857134046516
ASJ3263,0.1820923075781479
LEB5194,0.29387533883083244
BJV3212,0.21525511805720324
VHW3643,0.05119965829343678
AIC2509,0.4414281221163507
JOD0140,0.27119457635379657
AFU6285,0.32530772519576656
BPX1480,0.17023679606302014
FOQ9360,0.2047660804054924
QRV6768,0.7862875684656753
JIO8124,0.3481733922086009
VBG8435,0.2994317532215275
UJK1395,0.23859650655078563
FYB9461,0.18597336934000816
LDQ2649,0.2049980289134939
IBD7077,0.35310251796855313
KRB5307,0.3407377499766357
YMM3305,0.14471793459930488
UPX2572,0.20383977899558423
JQH9365,0.150303055183719
MLW7872,0.20399481357105856
FMW5804,0.13523771364933834
PEG3670,0.20849840737431316
HPV6445,0.059252629270289146
DJJ0601,0.09423388695797096
NCD6920,0.3924063854921203
LHV4605,0.13109759846847577
ZQK5110,0.2200670556293766
GXJ3881,0.10960241784834839
ESS5640,0.34811871429409685
TMB8649,0.244672878057965
PIM2851,0.0696639001280605
AAY0842,0.24220350366950189
CKF3096,0.2816082719847824
FGV1618,0.38529705576358303
PVS5967,0.08471683869508566
LIM3859,0.2676592603184375
RMR1331,0.0681824977156957
BEB3268,0.10297967776475407
IDY9946,0.14863504069612063
ETR4969,0.18833798249668304
PWY8113,0.18022994846254262
WPT5799,0.22893754515669743
SMT5693,0.4452291662276652
MVK3353,0.1952761683356501
PUW5873,0.18906875151328562
NDR3956,0.15670272567703813
NTO7966,0.40052564909572097
TEB7405,0.3811047874798564
GTO9790,0.2761154741679091
KBB5390,0.0893532005824324
JTS4195,0.5700846060771014
FKZ6121,0.15457744475105
ZYU0285,0.07342042603470529
MYZ6375,0.4654405486441368
YYM4394,0.5856691272242575
MOT2487,0.22662041109235131
EEA6474,0.12948083575060554
UTP6684,0.25820873836385283
KYP4853,0.1076799094032779
EMM0394,0.16534682394836003
ZAQ4179,0.0951818879250213
RFJ5349,0.3276561307932722
HRK0701,0.17162077861071762
KSR8026,0.16905610546835298
RYZ8152,0.20988699458108026
GLA5774,0.1221809706018509
CXM6380,0.31638348259142485
VKS1935,0.18040181652424653
OLY4676,0.21071664034640245
CJU5534,0.16858206147201166
MSE9863,0.14487159396386193
OZM6965,0.3257303598535779
GVX1518,0.17720177224444125
NWR9800,0.19021517495038967
GKG9293,0.19525603170862665
SOI0594,0.2230942782800243
UAK9715,0.20135308994080225
HNS4860,0.2689426632439566
QQE1863,0.31510927227685775
AOM1139,0.5138477964883157
JND5222,0.3369951883257479
DUR7694,0.10452862470286126
BYJ7605,0.26304240504533294
SCA1279,0.11694157871175413
KIR1085,0.22681658050656217
WYD6141,0.09174315621593629
BGT0275,0.22884689883479523
MMI2820,0.5350023442505164
BWL9777,0.11652006380213004
KSS8555,0.1830291141882826
FRH0417,0.3843591345491757
CGN9405,0.06291902185913063
UKT3236,0.21568166356954593
OTX7862,0.18591922141572903
BSI6803,0.18020665330865734
TTQ0940,0.19896084989744148
TWS2621,0.21005652827272137
LUR7303,0.17765909305567879
YBG1625,0.6710937394779871
FSQ3432,0.1295380327497223
JTK0613,0.20918181421849835
WYK3449,0.2521552340835615
ULH3218,0.1403580321635098
JVK5990,0.11456860168761358
FIQ0497,0.3731716506306729
TGB7149,0.06822803212521293
XAU7965,0.3372745157329503
CJF9080,0.3355007334923451
REX3620,0.3903845766545572
DXQ8472,0.26030937354251155
AMP5118,0.30474175468023573
PHN1758,0.211282873213734
QLB7997,0.18225798322469616
FTG6947,0.19860283052518832
RBO9223,0.2805511042587648
VVN4722,0.21085758936343332
BMR4527,0.10072086461390319
IJY3353,0.07607667873111833
JSU1713,0.23104054170121666
EWB8475,0.07775177295194682
LWK5584,0.14090840922459363
VCX4463,0.31647055053189593
YOL2804,0.09460976421856064
KAF4464,0.17013470066993733
FIL5551,0.15054007503000597
KTQ5309,0.25842217855863087
UPX7124,0.3488063947431471
JRC4352,0.12582479618404385
UNY7553,0.2049435449008122
MKJ0164,0.5462875674700741
UZD1931,0.4966799990132673
CKO1213,0.12113639976541751
KED8188,0.18594421514171927
ALF8356,0.24764090892453192
USK3232,0.11556229595477906
DNZ7924,0.1207616595645231
NUK2552,0.2027931018306677
TWW3741,0.14662430170446308
UHY2725,0.30522484048729326
SXG3103,0.19004569147412181
KZD5913,0.1956528261782997
LFR3187,0.18987439481826018
EKV5193,0.2466228065191263
YAO3141,0.24969941371937718
GOC0400,0.27942048193523017
MVX8740,0.32395319081366664
ZVL7167,0.44211721444639634
QCL5689,0.28012392218553844
DAM1172,0.437658272499491
ASK9555,0.21753300230937045
NPL3337,0.15101012835838684
FMY3806,0.15702629510583951
UST2624,0.22500512639172893
HCS9376,0.20232981676284567
WTW2307,0.11042545729781314
SDE7885,0.2988753532068438
IAN7977,0.18319167032621994
QEC1993,0.10226881337442217
QJP1557,0.0744496505113793
IUI7963,0.14624138196722702
SDI6665,0.29217070643456733
KFV4209,0.3158749243505997
HWF9009,0.37918000633084115
KKV9741,0.17950019234082276
YNH0185,0.4830329194310094
PZK4366,0.0580017341725584
UWS5455,0.21109349865345872
TRP3743,0.29356268706515015
DFO2095,0.20233824897402203
JOF5772,0.4772491499876379
ETC9215,0.3232574302368077
ZEH6132,0.2841737262056931
NAS2706,0.23740212472917113
TPZ3230,0.2835444970258742
WCB9042,0.18069771110811164
QIO7021,0.2927066244138698
IZV1149,0.271640180457861
CFQ8562,0.12337403343712845
VSS7607,0.22008431660082836
CJJ9855,0.1709177356540019
YTY4845,0.16456191457010688
TWC7330,0.32440106771209093
EIB8160,0.1942398088592009
HFY9382,0.19836817434271944
IEE5503,0.2197291445130505
ROO8981,0.20391728708197812
AOG8492,0.23957915955514494
VOU8833,0.32493714708312316
MSB7854,0.22036428574294048
YVF6589,0.10197791554815529
RQX6209,0.3282505231754898
WZD1341,0.16543873935901618
RXG3147,0.10002565272892536
SYN3470,0.10219742489005942
DWN2532,0.6761226163129554
ASF5513,0.19426081444438797
WHS9360,0.35099155636569124
JLP5589,0.21081722004160514
OKS5692,0.37166528488407347
HNV6246,0.3143934586048288
HKL0910,0.18625911892076358
BOX2370,0.5202757235718711
AKE0444,0.19820192020407595
MHG0604,0.1277279043749634
MFQ3423,0.36083104253366494
LFK3506,0.46278833207406933
HCF4579,0.48082601475632963
VWC7373,0.27968318264151487
BIV6976,0.290102642682492
NTS1702,0.16804765167420527
ZCC5163,0.17932926781455774
OGB6889,0.157516182288331
PHW9074,0.17764418069536536
CET0786,0.3675163301132412
VEC9508,0.07024691467745481
XKS1665,0.17401188379753907
FUG9600,0.13346702915642653
KNU8936,0.29604426130929373
SHC1204,0.11396288271441372
ZPX2229,0.1079971262197034
GCT2462,0.2096024465370494
AYZ7183,0.41099635789020655
BLE2265,0.16016744518218862
BTF8456,0.24689583082067468
QRG3891,0.2868135087390433
ZEN0526,0.1514740948047279
DIU4140,0.2898515791726919
EIK8980,0.2646570760424339
KSS0055,0.273752979090362
AZV1285,0.07347087850003381
RLG9209,0.15938106229823285
LVW1887,0.5741530447114216
TAS0098,0.2841418169588302
QKQ5346,0.1468604218916778
LFI6971,0.06618558744136849
BQX0824,0.184200359742985
XML9945,0.3562984885969281
ZXZ5078,0.29545187290091446
IXF4211,0.2777181896574858
KND6746,0.3245975200270352
QQS3620,0.19016818901858232
LVI9628,0.1350743286141845
DUI7864,0.3906233624047507
JUE4551,0.3819164044690778
ZPL2300,0.09011196062321018
YEL7564,0.09692773541859846
UGU2507,0.11728267379081056
ZOI8056,0.09304194033946686
QEA8664,0.28823366834154657
QUI8924,0.10979292277119045
OQL3155,0.21823286843654027
ZAL5931,0.16745886702741378
IKV4421,0.18863331409282866
FZA4018,0.18304648904795104
KCO2495,0.15982377315137822
SVS5231,0.4211402724731878
SAW7527,0.5296634443544398
OGM2631,0.1768077903546461
CVB7805,0.17777531429633586
RLF5135,0.1838316649546757
NFE1191,0.2798526539846867
XZF7825,0.15283066555409708
ENJ1626,0.33591478168967226
EEF0190,0.14301015251942528
PTB5659,0.15772826126566375
KTA0598,0.17489668374445647
OPH7503,0.23365505897158237
PFB6052,0.2918579874735391
PQP6676,0.10311865533817521
LQY6462,0.25036881711469783
QST8666,0.28878458140647106
KWV7849,0.3918077545427022
RWP7421,0.16968107150513959
LJM4775,0.2240555478746267
BKO8359,0.13261088922371003
LHH7349,0.10599605407659446
HHY5540,0.219807166170181
VRG5107,0.17213548862310402
GTY8915,0.18989158468098027
BKP2297,0.11606017823615386
FVO5750,0.37432329264405306
ECD8980,0.30248829752507034
AEA8744,0.1876008701980185
DFA1094,0.20779757681272137
VNG4659,0.16403847389385662
BYJ7960,0.23830740347996143
AUX9209,0.2184340853207374
YKV9464,0.09603885919844389
ENV2990,0.16159248626964157
UDP3564,0.18643316542551353
LXG1340,0.21108432508822902
WRR3525,0.6502433350933726
ZRR0628,0.17647989668081124
NOI6763,0.3342199130243875
DKT5697,0.5946731192306779
OQW8246,0.25193033427738715
EJC9467,0.3628498782401838
EZC0491,0.12975382912719025
QAJ7649,0.15927250931963596
RNR0652,0.47526600085290266
WTF2571,0.5672889116553707
MVZ9434,0.1536996617784444
OJG7664,0.19855974585760722
TTH3651,0.19132069801457707
YBB8917,0.13753327313235406
PSI3002,0.27806998522222404
QFC5037,0.2994015850550212
ALZ0191,0.11541026566146521
HZI4473,0.14970543684529608
RFD1285,0.4945095182738202
BFH0789,0.16299417209464734
JZX9489,0.10941084573201522
DGS2614,0.12283892462701261
VYZ9856,0.19175220082402464
EZM2512,0.332084887812061
DNH8453,0.13010834562501153
ZQR1786,0.13642789913735331
EUN7100,0.3529983448097645
FDH8985,0.09704944659775544
UKU6956,0.27821468528921633
WCW2836,0.06274678489518673
ENW5898,0.2608907839472565
OSP4369,0.1814187930475936
PGT1337,0.03972638151143495
LEG8297,0.4387406905973709
CEP8192,0.24601785435280402
VJO5168,0.1904445279053053
QBW2877,0.24844850378887753
VIQ7083,0.05390315684178037
OQI5447,0.2925692938915366
UTM9935,0.08076312134512187
AGY4559,0.12732026397506388
JOR6780,0.2071189220163618
MPW8036,0.12656498585884648
EBS9206,0.220209640020362
WZH8778,0.12371649249045036
SDT4780,0.08490433754665572
XEB8025,0.17987465456102025
VLP0594,0.15618799396393354
FGX8087,0.13111201174922735
NZH6934,0.28312775823989395
YME8412,0.22505491154820984
RWK9524,0.19116119044601437
RPP9214,0.3564610553465352
WBK6963,0.3421549693454887
DIG5398,0.16485621697561487
RXB4565,0.12062908208053359
HHK7103,0.07234760596344883
BXO5829,0.11825983936745092
TGW1447,0.27255143291468387
SCG9633,0.22228210782585867
YRH2661,0.37156498733754556
BWM0677,0.23813848662124765
XMI9842,0.17883962371288967
JYV4622,0.38140465370626425
FSJ5438,0.11657366875882941
ZPZ2675,0.20127039515044787
FCT5311,0.2259968839569634
DLU3504,0.23763550955909812
ESU2238,0.6756221392208082
HEY5668,0.5056552441720422
UNN4464,0.20333446352265028
HSF2545,0.10316962929512198
JIA5527,0.08074827652177363
ZDA5112,0.5255216654164256
HPI8130,0.1855016766814412
JER8240,0.5988068846794751
TAI6687,0.15031769383096172
GHY9750,0.1311475905529807
ZMJ3632,0.18832106483721422
LNL3875,0.2490124607346566
KBN0133,0.4734740443075299
REV6314,0.1930954630663999
BJK1459,0.31545911369302543
MSF4854,0.24538216777324567
FWV0487,0.15634263137561566
RGY6197,0.28095184832098674
TSD3692,0.41691906447379884
TVS6288,0.18659979194790272
CZV6542,0.27486792151098477
NFW8789,0.19279333034806403
EEE8038,0.3077083505593351
BKX6172,0.24365799611133004
FUG8771,0.31723551599479666
GHN3574,0.11474559022904297
YSQ3489,0.21131695129662023
ARP2492,0.2167664955872362
QHT8444,0.44807315303714684
CVN0729,0.18675550786313327
EJS1772,0.263204317784584
SUZ0883,0.06615739653058567
ZVY2197,0.37047353061558136
QDD5758,0.16907965625037982
TKX2350,0.6867811056441284
HRP1387,0.2150202156453347
MWU5491,0.1315710776506968
VBM5950,0.18811067457122996
GFK1650,0.15983747827442968
BYX3935,0.2620297637281315
SNN8579,0.39993146740407454
UTG6923,0.21503625330031056
XSZ7452,0.5357748273929518
WDB2677,0.6472180008330093
GEW6229,0.14547599210211065
BCF2024,0.14833326668646596
PDL4276,0.13624420882693095
CBG3780,0.6268752999072856
JBX0021,0.16293998229842027
PUC3281,0.08324311040796716
FSE5481,0.27229848923979927
XZU8058,0.28764116082909985
SNX2482,0.26256819071200377
JBY1932,0.12999096181841457
FCF7662,0.11276080671962718
CYF9743,0.1464948862389543
IXO6328,0.472171515830103
BQJ7708,0.18638717184920903
OTJ3739,0.10540678686927543
HWN7895,0.2843886259535512
GRH0857,0.2685974001961294
BLB3672,0.21963282976120396
UJL9519,0.12657251030203293
TWS2222,0.18886634784518447
JMM6461,0.23993344966153288
MIW9885,0.04141662006050455
GJD6146,0.11981002257416351
GKG8118,0.20612206950508347
WLE0388,0.0897460359256267
MNS8646,0.5090049423738422
GRN3294,0.5245234625745964
JUU9607,0.10583869134484859
HJP7251,0.11573545421662622
ZIW6118,0.09615775734325142
ZXD5535,0.5047316671901192
QKA6528,0.3249327157753236
LTG9775,0.1778400140041463
PSG8261,0.31027615611744597
CFT0700,0.16748080833823517
MAQ6578,0.27418893124819815
JBJ6918,0.2969027823296044
LUR6716,0.15241004244055326
LEO9229,0.47887492407719856
UWO2302,0.23778985384649112
RPZ9969,0.2751121967435684
DSD9781,0.21823835647324594
PNR9550,0.22803699210226244
VTS9332,0.1631720662433542
PLR7625,0.24411892534994908
ODC6962,0.3858682689807809
VHS8337,0.09282420044368823
WLL4766,0.2842906014301561
OLC7159,0.16780482345460293
VEQ2672,0.40465278002469784
TAM0554,0.548496455512906
FKW9070,0.27162692097122865
DPV4648,0.31043550554557564
BWW9888,0.21791503020214115
NAY4318,0.2558172294669944
CZS0804,0.12611138347840095
UZF5143,0.13910140751918532
JLH3600,0.1524569314614562
KGX5457,0.16468510880704934
GSP7505,0.267390371299543
YZX4763,0.16553149668978562
XTX1712,0.20174720528408177
VDI9052,0.5028176311805832
JCG6240,0.32744962393112165
HNT1528,0.1605667393493351
IUV0877,0.4696515491869873
JUB7317,0.14610161933933713
MQY3342,0.3101405061907244
JUR7255,0.2103069570711443
YDH5194,0.29446005830415123
VRQ0437,0.27246600706390767
YXH2028,0.14493851859756612
SHA1662,0.21729462873905636
PDT1117,0.41291508089326295
HCW0199,0.11140883969663841
PJX7205,0.6287021099465175
BZH4836,0.32300934759791267
ASG5674,0.25423847667068794
HVV8464,0.3507723627544443
YSA1245,0.1957361205369611
SBV7190,0.6362780105270907
RTA4987,0.4041921656752203
SXY9677,0.6255259617970013
ROO4595,0.5373961608798481
ALO9044,0.1720120979092412
ZPB9438,0.11371665341362407
FMM1892,0.0889951228161364
LDJ7958,0.07317463176817321
BYN6337,0.1713833414650455
YZY1243,0.13122915042968342
FXS0153,0.15405383835283135
DWV3734,0.23401705847406293
ZFU7858,0.25391174783477966
TZR4919,0.13655623591021404
TYW1214,0.2010185446618531
NUL8756,0.13604563725619595
GHL9084,0.14302625203673136
UGS2885,0.09681022112266914
HCZ7735,0.18112308453509166
VZR1727,0.22877681571112587
JAR8765,0.24222001178192457
BAB6072,0.27405719998842104
JHA7215,0.45056207750868205
XCF6915,0.09678751052397157
CXI7076,0.22453773602137073
CGV3552,0.48589267397843633
TPY0173,0.27173568639917794
XIC4153,0.14557813669123773
ZYQ3231,0.05528267124635818
IGW8709,0.13880019285623738
SXW9627,0.5905161713968059
ODC3755,0.27585378846163716
PMG5727,0.415119922495525
XZY3938,0.17702953460901247
MIN4748,0.14149861231907748
EVC7553,0.1500985179837413
IKT6186,0.20168829869324945
KDD5931,0.20271484413046184
WDW3223,0.10459945645658121
WSB0329,0.22063495196866367
EKZ7043,0.2625140527818235
QLE5254,0.25395617473590065
OCD4049,0.2835735623833255
YCL7418,0.32376756652918864
WNS4421,0.15208847599988812
NYZ4365,0.25221427619225206
WMV4422,0.12820125354097775
AKT0958,0.26289656392995436
GVA3060,0.5027615014660752
PTL6582,0.3793378723611586
BTB1426,0.3804860486503637
TMX3858,0.23089311157632078
HVS8035,0.2940569962392322
ZJD0061,0.23959988368534219
TXO8401,0.15838818107518574
HQT0893,0.12950649867632114
NNV5095,0.23895627357877544
UAR9616,0.08235742297551145
LYX6274,0.12876431931026214
WTU3373,0.11389857464674233
LRR1839,0.39458340191460695
QXY9142,0.17869375195699422
CCA1626,0.24761767769111087
QUC1235,0.13158641032932653
HPR2520,0.19732891928821625
PNJ7376,0.3504942102765367
VQK3788,0.3841933670422231
EJA1949,0.1808437372375391
GOQ2092,0.33819909240626955
TBB5324,0.046333170789174934
OVD9013,0.28349561872946916
KNF0091,0.18239879260830694
GCU0368,0.10550191862291171
ZNJ5257,0.21022872149396216
TRR7591,0.16529254847557198
AQC3776,0.11946699623305505
BDK1364,0.6528254122204279
XDY3049,0.23774865013124163
QLQ5347,0.3175010173041695
KLG3169,0.3833557476315872
RVT7833,0.08056232559081275
JMF6722,0.08693760694123293
LHH9992,0.4976873884402222
NXQ6998,0.14234548039174777
TGY4950,0.202848692744908
HFI0890,0.3423792726207922
DJQ2888,0.29399926121368547
KJP8382,0.29363423020222623
ZRS5857,0.18047635746798055
QWK4295,0.33215868656977415
GIR9283,0.377835452347598
OTO3264,0.33405944287100375
RIF4368,0.15770139029621277
NOD6688,0.13514062360389148
WFI8419,0.13480239439768668
PDG4790,0.27974903857392897
LHX4004,0.06248868834603718
KWB6083,0.2084349909339764
STT4648,0.44063438485026757
CQI0027,0.3654631313915143
VBL3943,0.2953324242781067
VEI0635,0.19680913493138588
SGZ0280,0.2875871107524444
PCJ9550,0.33142972287937916
KBK0047,0.18372567941869666
GWR5964,0.2825656938527923
VKQ5613,0.26667306240885225
KKR6240,0.10911098423609962
SLF2772,0.3381713703680244
LTV5899,0.5230780295301514
EKG3566,0.28600224784061795
ACK7993,0.4167622570313858
YPZ4897,0.5078391844319493
SUD7001,0.19494426298692138
VEL3281,0.2067315622667661
ZGJ2684,0.1863513070039478
MBU1497,0.10522183990583325
AAD2883,0.3833330292103519
RMG3845,0.10291954847857147
RPO5835,0.12277290979185884
QVB0036,0.15298457391686976
SEL8588,0.19313217681706518
VND3841,0.43968466893703034
EFO4204,0.08529484266091172
PXR2287,0.12273866947504643
RIR0031,0.19233300625381936
TDB3761,0.4230604656332525
MBI8114,0.25438797674929076
HVJ0153,0.1887938235665582
ZKR1383,0.27026381633894314
YEF3573,0.17216228932653846
KEI0652,0.2060394408255352
AIZ0672,0.5018301464843863
CXX4478,0.45605072355629245
PDQ3506,0.16488572137296867
HWS3142,0.2862679699198581
LIK1297,0.12025376602225146
JEK4889,0.18349871285862426
BYO6149,0.24666779324605864
FJZ2480,0.12145958836272895
RTM6715,0.30331453524327723
MUN8863,0.14116268106860114
VGK9172,0.20974867488625876
LHA2788,0.18789152380083138
MID4291,0.10115723566928995
YCK5781,0.2153959063364642
KLV7473,0.49657478553163775
QIL9125,0.1792882095729631
JMG2326,0.09376852786839666
CCL8625,0.395203461002151
RJL8493,0.20302363882928842
ONI5068,0.38772452467761553
JPQ4370,0.12983339183701917
GMB3883,0.2071651110998203
XNS8441,0.36463907210938273
WSK2123,0.1452414218589094
XUR0775,0.07373390943262409
MGS1115,0.10002742553272055
WKK0836,0.2669200075357647
VVP6146,0.2315918639577213
PRC9059,0.24116398449640677
PIW5229,0.34973418391766864
XLN7604,0.15717441902795903
IBW8943,0.5456828952749538
NYY1117,0.09970046957445344
CPN4737,0.23880379184705194
RKL6112,0.3025068746823926
JPW0197,0.12461068655316132
KVR8225,0.23803232788996997
XAH2559,0.277265548389473
HAT9042,0.16175827384026348
OTL7926,0.10450592483620309
RGB6079,0.19986621183466877
XNQ6646,0.31639781422971475
DCQ4942,0.3130119688539366
VUH5569,0.2203016623007515
DQW9614,0.1458005978591047
LFA5298,0.167523691671271
KUE8098,0.21640827335168863
WNQ4841,0.11068104586780608
RRH4963,0.4991800277492665
XTN9896,0.2367397146365145
YOU8712,0.1953634785904441
QNO1150,0.1388520945377815
BHL4463,0.33226048810423886
AZV1070,0.21404931959337853
CDX5736,0.09426104766741457
KZL1871,0.42286875571019633
WIN6633,0.27076417018884924
KFX7900,0.2304852682997681
MOB0956,0.23135551294244816
NOF9696,0.16115502201173296
VKN4884,0.2161573307653801
GZJ3947,0.2829493582577927
ZQB3405,0.15207551101167396
NKN4451,0.5524635715238779
IRN8112,0.1794819063192117
FWE5356,0.1381668843729707
MJZ7503,0.343452676014968
OCP4395,0.3791457015461978
CDU5606,0.1488435447099826
WZN6022,0.17076618163264876
WNF3197,0.15579891271162954
GLO3781,0.179628612654917
UXD5028,0.05372512959029377
AYM9437,0.1714282160381213
FWG2787,0.06250496783072713
TUS9307,0.27101556730975446
WUL2593,0.40528354694587443
EGT7010,0.24395473040862284
IUW8494,0.11501166138029119
MRO5204,0.24765640950229556
IWR1856,0.11287129850013333
YYX2774,0.14235093759941708
YEZ3269,0.25211186649485356
YME8681,0.14895087840115306
NGQ6258,0.12303572073425766
EXF5432,0.4632742594556338
XTL1593,0.23597880485905595
AQA5089,0.0658204407946392
MVS2339,0.3901883257170824
CWV2589,0.2837173564020964
NBO1176,0.2875591331594072
KMN5510,0.2743139597754587
UMU2928,0.13649461574152658
LMH1320,0.22552263860976984
PGU3527,0.2297794390964931
NWK6000,0.19412345938622982
RUR4149,0.23696538194893968
MWZ0284,0.2274144360473787
IGY3677,0.3572397111016724
KGJ9267,0.42145901128629465
TMK6440,0.21889319595593082
UNJ6623,0.12533853491823077
SRG6618,0.08141445905120465
GSJ0468,0.11023839213862778
CXP7063,0.2775518263505829
PVR1377,0.26005839975274636
HTO1755,0.1612712553348127
AMS9709,0.21303030717428914
FQT0432,0.13787742940123854
GRA7225,0.05237943599616546
QOW7293,0.19262009302450483
USF2198,0.3293410518459001
NIW9339,0.16140515351987383
FRG4201,0.15494008154715544
FGI4742,0.49609645114834594
JFG5680,0.29004708158037906
QYN4491,0.17326193802065992
NZW6090,0.2635551422381254
SJP2560,0.2903440874899879
ZYK6879,0.3102276690310991
YMM2910,0.23580455057504357
TTO1527,0.23177175218430024
EML0665,0.1470002347341176
DPQ4018,0.3763165329060706
SSV8285,0.07282384597812261
VID4694,0.1848700760725349
BZA2279,0.23869056599218166
KNO1025,0.1940872337693292
YKT7191,0.23448331176017956
ZJC9138,0.2684725893375251
ZOK9565,0.06115525023791322
GVR4749,0.16406848307668143
FXF4569,0.3390005662107889
CAP8569,0.14783371633961542
XFP8700,0.4638616957166098
SVX6880,0.27590315849228886
NNK0785,0.16130617675713266
UIR4154,0.14007217001596245
YGN9330,0.12631345853905007
EBR3020,0.3345610504001799
HCE5651,0.2505434840080658
NQC5999,0.2616896484752358
XGY8160,0.2429736305224867
UWL1133,0.20993021974091217
YKI3142,0.15692669930395015
UCB3986,0.1441676677806324
SYL2415,0.10171913566303556
IPW2222,0.49438890815694364
EVC3607,0.18315413522071505
KOV4171,0.04811917594787475
XMW0193,0.06898627567465732
YMH3925,0.24011212224633238
OZW7701,0.2821263055059423
QNF9556,0.14998139785845988
OTV9414,0.31657432449497946
MAR4449,0.4078817605935148
NFJ2056,0.252333776986543
HCU1891,0.37015080190201205
HGO4994,0.5721850290784654
ODO6798,0.12648135792288567
PXX9750,0.4514124345654891
SCN3025,0.22432992867670196
VMM9927,0.10965856224341528
TBG8314,0.5410951564949497
URC1145,0.25584182550502255
CSW3521,0.36073804506641766
JBG5644,0.47016896846203987
KXG4715,0.22148534500277414
CXQ0417,0.42141755478158893
GXD8597,0.11103013881493362
QXU3204,0.08776582221242082
KQF6775,0.4409938211260581
MGJ6981,0.06723435375206514
IQW5637,0.29221102688462874
ZXH8766,0.3464544654696132
XEI8670,0.10631330805404345
CFU7715,0.14304912475040218
INK5005,0.19486146340285004
YRM0155,0.18603319648747252
VPD2395,0.34326556674689723
DCE8682,0.14980254774304638
UCG4005,0.10603667251397081
ZSI8588,0.14740211908397755
MYM1218,0.3877746016862967
MDF8209,0.07334761302201392
EMG5177,0.1336478477829367
YXP1936,0.24825625042031016
IFQ4336,0.12785138584551844
RHK5615,0.21861181370780677
SBA4095,0.1361694454109667
VJA0906,0.14974177200142222
FCB2951,0.3765903368541892
DBT2207,0.1428957507119416
DZT2636,0.16516383974944102
TYD3220,0.1786942731450434
VYM7787,0.17192668513712006
REK7574,0.13636605197014615
WXF7530,0.3379915545388684
QQQ8118,0.1480673544720786
HTU2108,0.1509001729188731
NFJ5599,0.317846007346594
DBL7406,0.23792248973635743
VID4590,0.2062275726928965
UAJ4265,0.05474433957403324
EMK4872,0.28346445140423554
DLC4330,0.31544163743580406
WOP5017,0.6114181661215027
FJM0195,0.2445494385346398
LZH5232,0.4019201378377071
CBX1499,0.27046274737930653
PBI8593,0.17322758387235884
QRE2315,0.45372204671430155
FWO2121,0.19823837975881087
MCH7129,0.16807196912895553
JCD3244,0.2727193366099884
GEY2384,0.1609557307294958
EOT0800,0.6706988033857054
CAG1966,0.07484372166583911
XOQ8267,0.1539024972976268
HAO2179,0.2381601349029491
YFE2987,0.16271635344145324
AQH4113,0.16575838349503952
VPC7784,0.27720910318078074
GAE4033,0.14817992756298842
HFH2832,0.1641041566535468
YNA4748,0.17555789525687887
GPY3239,0.08212454241339277
DUK5098,0.4448245827406374
EVD5179,0.209654637552725
ETP8404,0.15815762539693942
DDH5472,0.13368053921033562
FRJ7037,0.39175491034189663
ZZN5264,0.4105331631415054
AIL3984,0.3101095815961728
KXO1895,0.22446939018210604
PMS6371,0.14589570810520402
GYC2314,0.34837181350762536
TDB8324,0.10519631720384287
OOS2267,0.1753316340940513
NFA0143,0.21129978296411359
ELV9312,0.16933694428476886
MPB1578,0.18348128862691207
LQI3770,0.16874175393556895
SGE1895,0.15574598176935187
IJL5437,0.20471431477731422
THL4535,0.19650073169118804
ZKV1212,0.045054763935609726
NZM6805,0.3263934335526477
HEB0012,0.3022664096889866
CVY6425,0.13599468638311887
OHO3705,0.20502210279859306
QYL9334,0.10052266853041886
VOQ2687,0.13452502160981256
ZPM3046,0.1125309352465886
TXO7147,0.18603937913534108
BFO2223,0.10590082990238465
MYJ9670,0.17655751116963445
NDD5717,0.2826958871897273
KDA4285,0.14396134963354246
XYI8525,0.19100692228585386
YCG2282,0.22738041638766104
ETL2773,0.05518546137763869
FOH2598,0.2267735920596343
IDO4690,0.12858646053591938
MNG5618,0.12482106974792997
ELJ8701,0.25816225689590044
OGH1319,0.5446378088222011
KYT6714,0.21895441219765213
MHT6742,0.13368020936041444
TKN3033,0.1388527716567825
ABS7187,0.32336662658070214
TVE4444,0.3433484818293986
JKT2068,0.18565401426385575
XZH2442,0.13749570038277525
QLD6078,0.179175921131618
LJE3409,0.24444122377055877
LIS1441,0.4095338889585575
NHP4867,0.3693410815355034
KPN5066,0.30230306213567126
ICU0848,0.11033967904552364
LBR0080,0.1912748198055707
CIV5777,0.19342562637901775
CCS0209,0.17077713527394422
UUT0371,0.2050582654890178
WML3891,0.37988399050210997
ASJ1462,0.0806838378115488
PUO0647,0.3208354501139294
GXH8163,0.24171946502676336
VNC0540,0.22070279386011354
AIH9575,0.2556842574139294
OQV6885,0.32320412848926566
TEF4500,0.1501114639085869
PNS6387,0.10622181187311747
HIP4893,0.2102380956170713
QYD4372,0.1985659929540212
UMB7309,0.30915034246474465
UUC5284,0.3230715195425513
NEE1107,0.1421814545888178
CFX4186,0.10157180508999078
ITI2049,0.21531204624069014
PKW9888,0.15035721584935105
CUM8119,0.09355764406507824
KOQ9260,0.12611768377847268
KBD2546,0.12722514377715433
XNO2459,0.4625131380765738
OSP5135,0.17093706883234985
NUK3247,0.24639177193059608
LDP7138,0.20497442593601753
AGO9562,0.09720768853822699
EVF8193,0.24751674413959612
JLG0654,0.14787832073056914
RUI6084,0.11348023270844079
POJ2149,0.5719772661117765
ILZ5501,0.10986173545889318
IDF1632,0.42382923282425594
NTI7053,0.1253435296839038
COB7179,0.2805037614029032
IWW3189,0.16875151207879255
XZR3521,0.47218048492463044
LDX4603,0.21415705037438237
COL7939,0.11273375096015754
BAY5313,0.16645065619859145
MWQ8997,0.2049047691076034
QTK4473,0.4250639682266562
ALV8552,0.3450705355909794
VPX7439,0.40301107778023154
HLU8266,0.19125437314619267
BBH4360,0.12945376319735627
KGT7542,0.06266318514074554
UKJ5118,0.23541249190215105
DHN0432,0.1735515972199592
DQT3826,0.3915236822663785
SUH9864,0.15677387945261037
SQU9444,0.29589018809234024
LUM2519,0.6510500960011917
OQJ3928,0.18076286322773855
HPP1357,0.15287005805860052
NFN5277,0.13740577758256398
TUV0623,0.3633473570229228
OPM2941,0.0704467245363883
KOQ5431,0.32462729526166795
GAP4265,0.3881579191356333
BNZ3638,0.12084070376234686
TBJ8716,0.20602163678273744
HWJ0779,0.13343284782287154
KRS2351,0.1686834312973533
POK7367,0.19275565506541367
WGB8580,0.22240288772101321
OBR1097,0.10813429670184208
DVA4039,0.22173174999955356
WZJ6385,0.22193174358805687
POE3029,0.2158362026897332
VBV5612,0.1695457884884924
XQL1805,0.35352235631334805
EQL6505,0.414868544159662
YPX7414,0.16673825423658103
CIT9706,0.14254409559422654
PSE6800,0.21851896505673662
BBC9404,0.18257843477456404
JRG4072,0.134324767167779
FTS3076,0.2598095775329056
ZSD6556,0.20682430377242011
SKO8584,0.08658326885704132
JOY1325,0.1366214296459253
YEY2871,0.3453830935920546
RVO6834,0.08145841437530031
CLY8255,0.3102838937038576
ITA1163,0.5921062260149873
OTL4174,0.13760466573939392
HSF0753,0.37831845298054334
DXH0163,0.1871742541800876
KNE4050,0.615238766463306
WJD3556,0.1298948558850302
ZWM0368,0.34262314426979434
JVL2234,0.209988499453764
TFL7433,0.15540282367907235
RPO5369,0.3741082205392087
PMZ0494,0.5138028771324398
AVF3622,0.13605207566586572
BNC1936,0.12492529486685768
ITO5690,0.14226007028755774
JVC1192,0.13289045801338356
WND5424,0.3790162062288803
LPV6023,0.46301103213315475
RMM5581,0.25300520180028696
MYA1487,0.12780595206776024
MQJ4227,0.1251896947448822
ZVZ0289,0.11253300142958457
BJO4950,0.15610092869046435
YJP3297,0.33219918151421074
FHK4733,0.13229453609311645
SYZ5307,0.09624203291920283
VDD2367,0.21257663305104624
OZK0553,0.1768463385267639
IFM9840,0.1817859157883706
DYP9712,0.24177601126085033
UQB7091,0.2843762281097917
TKH8797,0.3190566615908491
JOL1871,0.3952054314413617
ZGH3464,0.3313931257083938
CPV1788,0.6421662762128453
VCQ4561,0.5246412420804064
XVJ1667,0.19511958717093883
THF6432,0.18862062956701986
DBL9760,0.3250857422559365
TXI5549,0.37804136698094637
DBY9220,0.14466999619963913
SHM4954,0.09467618198182692
LAV1102,0.07288071830149126
IAP7997,0.11297176800061001
NML0074,0.28998608421934374
TFB2931,0.3961415721791764
KGG6179,0.179372754409635
FHK0449,0.3709860565146139
ZYK1198,0.4499871259703678
VFY2783,0.1961382205945982
AWP9999,0.20730166046113319
SVW2890,0.0888546005627045
GQP2345,0.1326804037581549
OLK6065,0.04728801172537865
XKI5123,0.21337834887194448
EGV4508,0.18808470167969826
XIR6560,0.186132994742046
NFK2500,0.18290780914154336
INK4396,0.41654234125118644
LNG9379,0.22852532420631175
WYG9998,0.23168127459678783
MHJ5555,0.15173879150248917
CWI6595,0.235922116030268
JLZ3995,0.11638497003938301
GWN9320,0.3602389692463285
QLI3415,0.11050070668851454
ZAO1147,0.16642515990122092
BJA0530,0.13954622920817492
FZH5135,0.06901062158059376
ZCK8951,0.27889913728262916
UYB7252,0.058799575474819905
KYF5284,0.13845460439627585
LZZ0602,0.1405252438821819
CRE4975,0.2704767776599166
WMM8716,0.16573785113299766
VFC6338,0.13743262501639955
BOH4540,0.387344308512372
MNK3254,0.14004777023567694
BOO1830,0.09103266388809556
VLE0062,0.25956553094825013
BRO3922,0.15955447009965595
MID4006,0.1551893554845401
PFU5510,0.3016115589690011
AGD0324,0.10184617885359225
JMM5929,0.15750364611793835
NDN1828,0.34909643301840654
ZDG7808,0.11460608753085043
SET0702,0.3696302027477064
DFO6845,0.19515932177119813
JKN9521,0.09942008345737166
SHS5892,0.058893143418598144
CUR6928,0.24405768580829448
OBK5676,0.096326208399872
WSV6530,0.09534026275117556
CBK6753,0.39151642469362097
RMB8469,0.24780779353177715
ZLH1705,0.3801932147422416
AFN3652,0.22149305300986327
ZFW9194,0.1337606142280889
ZKJ5260,0.11670361142370608
TTT2711,0.3132008381247975
BBT4470,0.33595076604588653
SFN0970,0.0885395331068097
XQN5432,0.3979514625391573
COI7295,0.16592505762705131
KLD5054,0.34824772448186525
LTC1596,0.1550556823978605
OSI7867,0.14143063749028248
HQQ0270,0.3962685252004307
FAX2339,0.14573231094508415
ZVT8721,0.12777963835098982
YPD7990,0.103658761662329
OGM1192,0.24888025748188156
ACT7257,0.2151016767692176
UCE1234,0.1340477306451019
SUQ0374,0.09460376628698598
MVG3260,0.03887494056618728
ZNJ9314,0.1227530398212177
OND2913,0.33299558436147747
ILU2951,0.1659298462269387
ILW0381,0.13453409859527898
ZLF5237,0.46309492631576893
UNQ4162,0.30267692547089853
HCC3659,0.35207512860818513
KQR6108,0.6338275947557228
XLN8445,0.18636562498489903
EPR6798,0.10024194645022555
ROA3504,0.3417354074638727
GEC0457,0.08902055817041349
XED9607,0.21581177225790796
KOZ8984,0.2740591975494333
ZSL6084,0.2815104844668748
VQF8684,0.1115248578224842
RPO2216,0.17665311622734228
UYB8063,0.2107125580375057
EGZ4796,0.27663764461527085
SJZ8252,0.29999077404219426
OTA2435,0.42498541903598713
ICK1089,0.41778934769064036
ECO1908,0.1147852702818095
XDZ9260,0.14592091345637054
XLJ0410,0.1458155862509865
LSM9312,0.47247877944548555
MMS9463,0.45931109417432286
XEI6088,0.19444220318305716
BUF7457,0.1782639691030253
QGW9320,0.30476930070551705
LKC2597,0.09445927880649674
WMD0994,0.3079557244487885
RRB4455,0.16938298919972275
YYX1233,0.06822316927168387
FTW2672,0.1253639777327603
SBJ7249,0.4017092391532018
ZJT9580,0.11545660559460603
YQA3054,0.22315403604618483
JGJ8412,0.5755209927252236
UJA9657,0.15853771049029283
KSI7132,0.10699740412154753
OGF9018,0.3411416522964368
KHZ9617,0.17551416258740615
RXI4358,0.30660640514666987
QWK0300,0.09032524161127958
BLU9500,0.12149288851546439
MNG0422,0.21117348951444023
KBU8158,0.16422691754041088
LKL3006,0.6413314744705422
GKL4338,0.2114575722155132
JWG6293,0.056445342471406354
QAW2515,0.5237926894553996
RRF4752,0.16599156959954223
XNT6274,0.48812516314391746
GNG0750,0.17461467925493301
BYM4470,0.20054171702880372
PFI2164,0.25929179450771944
YVT0040,0.4663678544042097
BIW2656,0.08379427838319568
SJY1333,0.11747226947288543
KYP7177,0.47019772515174896
HWL0927,0.17851523992786847
WZT4945,0.24581610713132757
BEX3325,0.03983305241834302
QYE3536,0.1615112727861539
RSA9435,0.20609584518477345
KMX4023,0.09833658470335734
AYW7072,0.06958232535172658
THU4995,0.5385455667449698
DCW1135,0.46017832865908703
LOG2978,0.24688080957993203
PPP9475,0.15113327652270347
LVJ7546,0.1283806687117691
LOJ1062,0.41496323970897786
VRW3439,0.2533137131759996
OSM8631,0.056748790011576046
DEB6956,0.11619595300467901
TLQ3678,0.3380558494348857
NIJ0124,0.2930126357236671
YVA8893,0.2304413029325252
MWM7162,0.16433071000301644
BTP4984,0.1480168759998595
QLZ5480,0.22653150149871604
MQI0456,0.1176739042081125
JZB8717,0.08925738365645287
SGS3243,0.2568880283979811
ECG1932,0.19001136606020363
IKL0922,0.16981555163071116
ZEA8656,0.439400502941511
PQJ3332,0.19222760723093507
JPD8924,0.27648394049255837
UII2018,0.3217608065598571
VOY5170,0.1363675197765883
DIX3994,0.20156392951195817
YYN4667,0.17312994497377976
RTN3895,0.14738880515642144
HWA2899,0.2593526642615669
PFE9704,0.11496452793756536
VSQ7496,0.15352250830345218
ZFZ3363,0.15542009091911468
RQN0784,0.3372370169033204
SDA6052,0.4797007438129842
WZP4660,0.07390898891105682
LFM1956,0.3495619520037245
JGL9272,0.20519793658192412
GYE1401,0.2335940162135495
PXB0812,0.4591550389846144
MHM7208,0.22322445685347855
JUL6037,0.5438804722284553
GKJ9414,0.30376103714940217
KMY2541,0.40773498839284317
ARB0479,0.0755844144045794
ZOB7169,0.24353527342869455
ASW5148,0.11103515675645739
ZDA2366,0.15780794263421027
AVD0872,0.19082156065596811
CCS0420,0.11413375703491256
TTE2860,0.2863644657283795
GTY0260,0.1769971697921679
DXE4385,0.35715905498866
KUQ6497,0.4623571688401631
SFP7730,0.3530251750031609
CMF1328,0.16697811037592986
LMA8748,0.5549127242906624
VGR6653,0.1772358948568305
RGZ9524,0.19959097504312798
FET5502,0.11799045768035046
JEM2463,0.10474444799757966
AUA6044,0.18820644220766866
HPL9647,0.3198315842564167
BPS1507,0.1522237180419063
CYN0995,0.49162677236952557
QHA8114,0.13011067626670142
FQC1777,0.2858747032127878
DBS4086,0.17576184734218103
QVF9227,0.18430309807653214
VIP6915,0.05584716855599431
MUD8340,0.5048392347446135
JQF8966,0.10002987515896081
RQI1364,0.3067569191059454
NUF4509,0.25558641813355965
SWZ3190,0.34920830595458063
KXE7933,0.18810034992391136
EYA7729,0.3803233705940318
HYM8302,0.21349701911456218
GCB7154,0.2639643093010849
UUE4847,0.20057337810035164
KVU9663,0.14789540456743833
CUK3424,0.22702475047968768
NUI5688,0.27365105064520323
CTV6017,0.23840004872082604
DLV6265,0.35987363728646493
JEW6037,0.1832526118227529
RVI2343,0.35178317245676893
VZD6811,0.19281559857907002
NOY4863,0.2979338208268293
UCD0369,0.30434509904519197
KOQ1845,0.14426199675052906
SXK9864,0.31280890336477496
QWH1123,0.23068698254881764
KET7710,0.30939564384592727
AAA9588,0.4602591896457649
VMI7234,0.3243771768915184
MUP3281,0.19831054609739485
BVN3042,0.1429432352958891
IGH7033,0.27153286710643165
VWJ7094,0.2109470213909606
HHY5559,0.2315097492059916
ZTO9615,0.25256127409045526
TXZ7480,0.45464971732587506
IAV4641,0.5101687805534729
YTB5875,0.32548028277984636
ERO8164,0.3671375540955802
EXI5648,0.5444074974539509
ZIX0400,0.22639096438359788
ZBA8054,0.21683214174518087
IJQ0067,0.12443370985877071
MHQ5990,0.1544498607703187
BCI3337,0.07819338886848712
SEY4573,0.12932028209051374
MDI7427,0.20907359365376826
EKB7410,0.25277561941410703
YMD6194,0.376902929571373
OXP3211,0.27813616002676267
EZU4202,0.2894318417219262
QJO6550,0.22183394972498507
DBY2718,0.17462022701335633
JNH8313,0.21943306850082045
UAF9340,0.19279868237954376
EAU6080,0.1844036060801202
MNJ5531,0.2560089457928941
RNX7667,0.14698917463957664
ONU6035,0.20195822598870847
BSC8810,0.23437611142970421
FBQ9869,0.2584255715223292
RIQ7033,0.21225231118815696
LGC4819,0.1700624525094672
EMS0266,0.33068604034032284
DXC6825,0.12375787150960224
TNM0466,0.3062900233133671
LNQ8961,0.09153066793789703
RUP3769,0.6295108102749433
TZX3040,0.35631679401374083
EVV4409,0.5069033441563038
QRC2600,0.20694173997015575
FDA8093,0.6878698789023957
BAS5021,0.6047111727413381
URQ7179,0.30788372323273683
EGO7411,0.26517438432366364
VZE2929,0.18756642591982883
GPG9657,0.3081763809585902
UXM4472,0.31914065671079644
GYF4105,0.25599987988767364
PKN9430,0.16973323671106882
GVW3536,0.24012386622987789
MXB4178,0.16205557974662255
JZG3275,0.28640757462029515
YYO2395,0.16452763449926663
ICC2081,0.1740099739813806
DTM0924,0.2722756820549106
NYP4516,0.37981863840418867
UNA9848,0.105700960127122
BYB5464,0.3134513272924051
DKO1294,0.2043571666200016
PCP7504,0.08196932948857742
IJT3111,0.28676428373592605
AAK9116,0.1502477716808859
XOT1298,0.26140058117281845
QZV9383,0.6371082274625092
IME2259,0.30537803636568867
GNN8970,0.40794598568691304
BQJ3332,0.20677649849131907
OXP1204,0.19820606520587658
VNJ4126,0.19662469434398117
TWG5565,0.32545493888566496
QLR5710,0.46718079378242927
VJD8728,0.2596538067376836
VXX9955,0.18264508386622635
QOX1929,0.059414089732583115
VAL7213,0.4582889422618361
PDX5198,0.1197553343616415
LMM2608,0.27775617180491063
DNE1153,0.11162730592493977
AUO0261,0.20636941490168562
ATO7516,0.2933236556951032
ZHX0628,0.4270312045344614
QJF9132,0.37671748445506864
TJY2251,0.3885891499923919
GVH1191,0.2472031415787334
VNG9948,0.04598737289809038
OJN3679,0.10843390153379608
CLS3261,0.23644474713440142
LED9519,0.27892564585567
WEQ8487,0.09001111217172747
DEK0926,0.1402934040679329
XUO6581,0.351612279216261
NXY6607,0.7076418682068554
TBC5887,0.392535065629938
YEN9422,0.31334108742211825
IJQ1845,0.1160898230814706
PZC6928,0.2545114007225482
VUG5620,0.40213983220408334
BFK1815,0.27087091590976037
TDA1980,0.2254600264517671
TOW5003,0.11665308410401654
OMN9815,0.11486742314903099
GRE0617,0.24053810163546113
JII4592,0.3050501649364257
AOO6661,0.058744444498251835
CBO0620,0.24560455781880644
SWB7719,0.07485642969043503
BIT4693,0.10321810757293916
MIG5603,0.5434267745247734
HBV4213,0.21724873226996555
OET5314,0.3540583243830966
COB3315,0.15030125113754883
RSY3697,0.23247979829554047
MSE5681,0.3186870422877546
MMH4276,0.1368189992600663
PFW6501,0.2320653645056492
ZSR0004,0.08925998438735243
GKH9197,0.239199990837036
TRV0849,0.22410447482167303
SIW4146,0.28954910354929253
KRJ0667,0.08605236099262942
DJP8752,0.20545212291525708
BJT9550,0.3550510701907899
VZN6590,0.19674895536384757
JWZ1931,0.2746064774383633
QIH6605,0.0778119894110281
YZF6523,0.42765827958282226
QKG9178,0.06375164699365637
QIW2111,0.07497676350612104
SQM9169,0.27057385916665133
OVA8898,0.32779342031044784
YVS2362,0.09840162021243877
FVO7749,0.26422437749436295
NNU4088,0.0803498816421777
APE0586,0.08945280923105979
VSX7592,0.20129370115415596
VPF6231,0.23128211361506873
HSR9557,0.06679084511011535
ZAJ8603,0.0779585166601743
TMK2376,0.144320571475502
GLJ6382,0.33446466113909323
ZLQ2374,0.0974424187582307
JLD2056,0.07743115235314539
MRY2653,0.1807304242842541
IKL9848,0.14636732882093656
NUU8477,0.21784938730570444
FKL4317,0.2867778141925825
PPW6729,0.30643915285328743
SQO3135,0.09827345485712889
TPG3348,0.082719233863936
PRV3805,0.2681508153063042
FOP2376,0.15039086889353637
KWR4841,0.23845318623153142
BMJ2460,0.2640480607669854
JAO1630,0.5779070036538629
NZP0982,0.20184638429250643
IZP9673,0.15422889356487457
AXH4205,0.3378053996793769
EKY2953,0.11753451429342512
ARZ7146,0.2325514353933764
AZW8658,0.20929154729160418
DVA7837,0.2787564678722327
FKH3342,0.21782082780978054
GTJ2409,0.30603981166855926
YKG5133,0.16888420188460865
HCF8656,0.07602935547991026
CJM6032,0.20037804552204505
PWL3400,0.17941940975168585
FRN6924,0.39124640901030383
JUY6087,0.2715882004635944
SES3445,0.2951181265060241
WGI1556,0.0802717302647629
JCY3296,0.3565808444717245
ZYP6649,0.10686552807650959
AED3703,0.31989786981614476
MTZ7722,0.38330640529853593
BJG7415,0.10291059536578906
QUQ6472,0.33890526617362227
ZPH0403,0.2614385208349117
TNT9669,0.20051697214276365
UPQ7495,0.580806639450352
UQN4012,0.11679803451532406
TTO9584,0.2660980835578869
KQR3390,0.25482184205810543
GWH4376,0.10443354482101952
WBC6848,0.27613775115405365
ROT5760,0.1865545216289758
ZIR1901,0.34908957173472566
ZMP0907,0.32393182328680575
EJH4064,0.5130851227225751
IAA4193,0.247918074089558
JAV8082,0.4263170360797504
BZJ2124,0.24121216528425754
BHS3652,0.20653188407290754
QGN7269,0.1255651770914317
BQB0802,0.18740282225588353
LAN9368,0.10241551621248349
BLR4102,0.22990581886221376
EJL9181,0.17699423203214182
CGJ1367,0.14080824658813051
YGM7289,0.3854880064144578
ANE4633,0.4563610515839102
RVJ5763,0.1560920738477874
EWD0068,0.21962495530341847
KIU4194,0.3586316184075865
QUK9800,0.05632824571178233
ZXV4730,0.10990818774525138
LVO3150,0.41025092592019796
AHH5972,0.24503550787834813
XCC1590,0.33002054635933314
GFT3151,0.2630195451562522
ODI5254,0.24359574997886818
OHC5461,0.0653844072556899
AAV2795,0.11185281268974974
LOZ9316,0.18019224661149322
KWR9727,0.09961403075533748
TPP8062,0.054015974666300245
AVM2870,0.3747817418380702
ODF8635,0.49357825858117976
CFI3776,0.18589600522778388
YFE4650,0.3001582351080919
BCO5854,0.48808649501870605
MMN5992,0.33753769746961365
BTQ6212,0.12033280000732144
VXN7611,0.5918106334579939
HXL0687,0.420427464803128
HCE8316,0.1930985318709091
WZS2541,0.11765477047092199
VPU3401,0.26685360362795857
VEB8716,0.37045983636634977
CJV7406,0.2651709191464806
RJP1923,0.08196872200517133
KBN5171,0.1891561034720064
QPB1565,0.10890168303691948
SHW6134,0.16557994628368697
PVV2656,0.11615773631397583
GBK2327,0.44151381939416745
GSH2269,0.1822880095486528
HQH5342,0.25035409795896496
IOH7276,0.20897993292762776
EEF7466,0.12059764859357515
VGV8594,0.1964767251736841
QSY8941,0.3722017041729669
NYC2081,0.19788174220865393
EGT6687,0.34408829844236577
OEG2338,0.5791053053074147
VMK6024,0.09826811883466836
AHX1094,0.23790473834001472
SMN2302,0.46154075842289805
WBO6639,0.14702270428397549
DWE4874,0.21127099750128545
YGG2124,0.10229769560998467
DLT6927,0.3101377898005611
OMQ5213,0.1841627402726505
HYN3175,0.2193362422037071
MXM1386,0.19029235461529
YOE8273,0.19237039948971452
SXH2889,0.27893280989572744
CXY0805,0.45409491678971925
VQM5812,0.20647293987722626
DDA7524,0.28132851301571
WOD5143,0.34553848486646144
OZJ5660,0.2637626197925286
ISX8503,0.4410674855181573
JQX8638,0.2042195837910903
YDL1970,0.42775623037534427
WFU9294,0.08761337054776701
TPM6484,0.4086068362473858
AYC1772,0.16335683926862202
KBW5416,0.07874465618606913
KAG1205,0.14207550562998142
ZVJ7299,0.07797301848153468
JLE0161,0.1598273731717837
LEA1423,0.47616031525558755
YBA3882,0.22096167997519162
UHM9085,0.33687937808757284
MIL1434,0.5784995306526396
XPQ5985,0.24277543430875262
UPN6139,0.12607071098946968
WJA4580,0.22627634235806285
IMT6969,0.14360434422469953
LIO2897,0.2119337091376775
CXN6801,0.16715640048846864
BLU1556,0.5130007863877554
AWG3946,0.2413770827500555
DLQ9556,0.17781385163271346
XEU7488,0.3272211642488731
FQU7276,0.255694084559555
NCY7459,0.16156452103988794
BCV7892,0.5308043371703215
FLH4618,0.18375731216857383
ZVV3028,0.08018175000155994
QZN1601,0.4240721743465599
XJZ1637,0.4172779095351869
SYB5040,0.2932881800628296
MAT7613,0.13517862676424716
NGH6801,0.23883367431596947
ZOL0059,0.25762133994663583
EXA7114,0.22942870196566395
CXM0142,0.12512687723015126
PJS4371,0.2951246268464194
JXR1657,0.5752045407803337
BEK1391,0.3418915931020883
WXU9583,0.07689587627621604
RNZ7098,0.408643636368727
PMS0890,0.31551366215356713
AQL5980,0.5125476622612146
ERS2016,0.17573804642300186
ZOH1839,0.08024575107408886
FVX0195,0.2058362719668959
BPH3648,0.25587340261387603
ZVF6316,0.1454009059978041
BSK9724,0.44154013637533907
IBD2355,0.09753608891620887
CFW3424,0.21707994920559812
HXP4535,0.1733879787457181
CAT0625,0.294011189284479
MTT2731,0.1723474168805285
IFO0991,0.16737521762828653
GVG1586,0.2488565291556908
CFC9673,0.07136329961128522
TEU2111,0.4121526365062146
QPS7127,0.12427445756974917
YBV5242,0.39041541845532385
KOR4670,0.26570604508866275
QTM8492,0.4511920876420242
MYK8510,0.09519163057773969
NAG2773,0.27772637259382243
PEC6263,0.2398924232338925
PGD1204,0.1247752882175209
LGI3912,0.4501846548003822
GCF7357,0.25839011438368936
OQQ3585,0.24872867109410157
ARM0626,0.18354578488215786
IAI1021,0.3963103380903637
MFE2142,0.22912818575325897
KPI3589,0.12174532104655832
YKS7999,0.19789702671802334
VGQ7720,0.608148060918821
PWY5428,0.1859265510671323
VAS9650,0.17594092816505716
VTV0991,0.2997266757173987
HQA7458,0.09458664013389312
LSI5734,0.28798191837825504
OKO3668,0.22626118578874546
GZL1877,0.28822703228923074
KWN6422,0.15223179587035923
GUA2567,0.11938696551713725
RPQ6675,0.2612832388865354
YWS6693,0.22477548880926565
MKE5428,0.1226170519846739
LDN0458,0.1881038110458444
GGQ9031,0.14441785450619668
EFY2280,0.06452939909905049
GHV1064,0.12189686529712175
SIT8510,0.2964678407707296
LZK5720,0.12639085171469447
EYY4984,0.10683335434035975
RTR9720,0.0548891580377777
VWC8361,0.14255673825927373
IJA4476,0.3301155553836945
DUM8709,0.18121329211703166
FFC0445,0.2342213810345842
JXW3652,0.19224218626247425
YMO3299,0.2183993283119837
NNG1473,0.19867146005125186
ZLQ9497,0.17081465374059795
CEG0886,0.09718799443169163
HDH7352,0.2570266693938887
PFY5839,0.43596326539397773
MEK8334,0.4103597115857224
NMS8978,0.261375368402861
IAK3961,0.14142375362343104
ZKC1865,0.39671408818166737
IZE0994,0.29941979073431507
IEF1735,0.3443564437217657
KRJ9966,0.09478170500066188
UTW1027,0.2926718470494536
SZS6272,0.5021986764729547
EWF4567,0.3855493382773754
RPO1618,0.46143395910975454
WPH0720,0.10795799452791303
RNX3075,0.353533396387087
AEQ9742,0.3540365004326641
AXU6734,0.28188396398573967
YMV2014,0.14529972003558494
DAI6955,0.12829449780304342
ZOG7564,0.12754349844779805
SEZ3317,0.19431842395304666
MUM2400,0.1018700753386927
OXQ4007,0.1471423510754177
YFW6128,0.3849540111844439
JYG5473,0.15916654253746393
LUO0745,0.20441360755422336
ZQF4174,0.16566026103813644
IQD9173,0.16841424703880484
GOI4498,0.25580139258358453
IEA3699,0.09492075756445609
DGM0987,0.21673128347912687
NEI7370,0.11463713524882531
ERV1656,0.13097025724911707
TKS3561,0.11870542008112843
WLW9309,0.30357836917405046
CGJ2857,0.3958055549486492
TSV9145,0.10964377645072658
UUQ1311,0.34338289523712756
UCK8281,0.39163839808581685
XPR4649,0.09698692894922324
UZC8409,0.09255307412934179
YQC1970,0.17785569678321106
DFP4363,0.08374194171099698
QZS7440,0.056510967960469706
TOP7250,0.2968221667150402
GTO4021,0.2095413304946625
MAY7087,0.13720479044136424
JQE4302,0.3084805436600483
CFU3071,0.1925290393242125
OLL6961,0.20693786611485648
PPP6269,0.3282890567234582
VEX9118,0.19687920925227886
NYL5099,0.3334730853266453
YGL9131,0.12948049804135014
DGS3906,0.1561644809586715
ZLO3535,0.10633898009844672
FZC9071,0.20185875243463988
WMI3939,0.15964134551867248
JPO9622,0.2940126718335167
VJO1435,0.2113442258758872
MEE0643,0.31287194136344965
FEB8548,0.42520779152584365
ZHF8378,0.18404568544954406
QLA4090,0.22702006563391633
RCB2810,0.22570312444832372
ALJ3904,0.07054148802443662
PNR8169,0.343964899890694
PYZ1926,0.19527456144752459
UJK4426,0.16456607217713468
TSH1599,0.3591556329329023
PWK7163,0.20702929648449256
WLA4833,0.39345180159312604
LDO6548,0.11934187105478139
FQC2356,0.18371175066344766
TCV7063,0.3384499918391973
RVQ7144,0.2358135764929539
CKZ0327,0.2541521909468285
PBL2066,0.2096390056578054
FWD5802,0.18708057822081878
GZL8043,0.15783972125013598
BUR8794,0.1836119662578658
LSD9958,0.25492140352328174
CKP1348,0.4025646073167998
LEO6471,0.4003733632690811
DDE9666,0.10057609496486
GLF3965,0.2277311663659945
DYX7823,0.26684477506253357
KJT7189,0.20544578066077432
BEE4902,0.16434753844899722
AUL8562,0.13800865522922806
LOU8589,0.19538162887152263
XGX4399,0.36034552300573325
EMH7843,0.0931319179974633
XVW1746,0.43670950186295526
FRA6871,0.38358749064190134
BTZ4615,0.31480324076785104
JVK0399,0.2644083145100404
FBY7439,0.091485773311561
OIK1811,0.19116938757851126
TKN3551,0.1690370926969967
MTB6145,0.12904427442026023
TEY1076,0.2567839012802479
RPC8419,0.22564832782802863
CIT5139,0.06587528500853211
MLI3430,0.07377796953064367
RUM2934,0.19611344380143594
GKW1381,0.42043203439603866
GLY4319,0.3456618839126516
JXJ8620,0.40875493490938936
BBG8561,0.42018160592233783
NYD6470,0.4057355195130084
UKF9707,0.050770760608683484
BJO0932,0.45674333475926593
HQB9105,0.6019285233696916
FGN2844,0.1703831167980192
AXN0878,0.07052071803028337
ZEL1467,0.14320934993933762
HAK5952,0.09896170266303755
UJV9692,0.31030805888561863
VAN2435,0.36046496249915744
XMK2800,0.27811986144575346
BRM4559,0.0974442464240407
VMA1079,0.37564564623867036
WVE4547,0.26733049055263236
ZXW0932,0.25710617284977294
BNI5636,0.25728898159890373
JSQ5352,0.4057149840365293
JIK0732,0.28435137475270056
WCA3320,0.5103316915133489
DGH8126,0.20083540485662188
CHF7735,0.11905553335995749
RVR4678,0.13197918758280514
YCN0564,0.19470750054761435
GTV8271,0.3113856920133443
VWS5640,0.4792160879589387
BVJ8966,0.13031140917222184
COP8976,0.06149753124179517
BOE9059,0.26408392334323105
SBJ6590,0.24106815081667027
UYT4403,0.10359636363036161
KZV1116,0.46630432770286645
BRG4032,0.24549426572397992
WYC4073,0.1341256081337286
IOJ2896,0.1423270560254527
LGG8684,0.2290987722954457
NTQ2843,0.2076644032029098
ZMJ8643,0.16767001628029213
HCT2467,0.09902216188083313
DIA7855,0.3411417814203864
AYZ3084,0.2616016983952423
RQO3935,0.21637129717827897
KFL0846,0.2503083032560039
JQO2913,0.20247566891013785
DMD1697,0.27366215719607445
GED3979,0.09466147991880734
JBS7118,0.25977617814321985
QQP9322,0.13210989786145144
QXS1157,0.18326081737573444
GNB0143,0.2098073410355177
UNZ5294,0.16578025522176745
IQC3186,0.18084998330466598
YWD1004,0.15939523843334283
GDI9314,0.19133939977526737
XEM8565,0.3051517567656371
BHJ2958,0.42379071011266845
JSS6390,0.497120528716591
EFU6084,0.2241020760312923
ERJ1605,0.3037659870878269
MSK2594,0.3676542247846932
WKZ3834,0.22562231268054486
LYR8244,0.36098372508491217
AIA4353,0.10112711810141466
IJU4513,0.275767176275282
NET1084,0.6647199289471544
FOY8002,0.41734138289026623
IVT7362,0.08016949520425547
MXX0393,0.06768472969722168
MMW2468,0.08000242371013794
EYE8405,0.27653448266556657
CFJ7271,0.30514241595905606
GXG3374,0.29611936410509687
JZR1336,0.21490965900704637
OYB2502,0.1735172286276648
GQP9769,0.23815475079925497
BTM3832,0.2141907652718308
BFE5307,0.1590088741004187
DPV3741,0.354587807807925
PQF4011,0.6537350032373168
SWH8660,0.15702015269093098
RUJ4124,0.36870088245926574
JIY3874,0.6928674061828295
YTW0738,0.2119222652076177
DAF5576,0.25264468046314276
RME9904,0.1423791077359276
WQD3637,0.23473217584403544
XRC5135,0.19757799471740609
BWV9133,0.40935297827345113
YIE0212,0.18262492354591567
FVP1386,0.14353604582503474
JEV4772,0.2568737089363781
IEQ2327,0.23420687108790636
JGS3639,0.49840195501640117
SLE5494,0.11953786859676892
FXQ4001,0.16327837380198362
BIV7112,0.3667051988187934
MJZ2835,0.16729206584391348
UWI4086,0.30295497719265657
GGL1207,0.17874317951943788
BTO9222,0.21618227947687726
UMS5559,0.173590842329114
KXR8978,0.27734983965975474
AXU6879,0.21927436870427197
HWM4825,0.21773661148577547
KKR0210,0.2206376105261003
KXI1947,0.19503052360675976
ZJA9996,0.130892113433794
MIH9177,0.08569184596669824
DTV9213,0.16925304269316105
BNY3169,0.09908374625245779
KLP0815,0.24353208134850318
SDD4646,0.1020828184179847
RIR0329,0.730178079736218
CBI0742,0.28886549580815035
FJW6585,0.1392210142444358
IGJ0815,0.4605183793028418
HXV3170,0.4417915013413696
CCH9613,0.12257924489634943
SBD3987,0.0860087727239285
RGI4775,0.6555290054379013
BRW3605,0.22734276446344165
ETH1834,0.3120716754892107
QOH0105,0.10639856712364477
NXU2122,0.19497029162222956
SPE1936,0.09110225082703954
ILP5244,0.13880646939716443
DKB4195,0.26626370154977214
GGX6644,0.1490829226664377
HDL4118,0.697486329429987
MUM2925,0.2316178845457339
BXC0675,0.5404296553719711
VBG2014,0.11295545364794789
VLU9792,0.13791471279031825
RMG6391,0.2730520041600137
GAY4087,0.19585785980195855
UJQ3777,0.18348670267767997
BII2514,0.17255444243926374
KSH2923,0.07875948700423295
QCF8781,0.250170852035545
ZBW0966,0.25960662402272366
LAL9849,0.4900170628885598
TTF0318,0.22927782608215888
AXH4028,0.16110091805763707
DDA2131,0.39656616582577364
ZHV5176,0.15278544629891586
JUK7771,0.421984103267447
RMU2942,0.2159598971378679
JAY0661,0.10953222101529235
CNL5981,0.17425679233749394
RQX7816,0.08844509625993123
KUK3137,0.22723663216709516
EWA4218,0.4064931658266428
VEG7294,0.16347932105850557
ENA9649,0.07514934074425035
PND1769,0.27843736543329023
AIL9603,0.24432219049302123
PBD8901,0.11833682052504221
LRW0566,0.0633764251029506
DSG9297,0.24130811788361395
ORK8776,0.14680041657243464
RAM1246,0.1644229209555923
KQA0613,0.1631214430317056
PPV5408,0.2637355343498784
GYE9182,0.24779496210443447
ZEY1691,0.12648599843091568
TNS2062,0.14211791532657156
CXA2052,0.2717908305966464
IUM9938,0.16931808036568843
KPE8453,0.29945162886644705
PPK6428,0.3422065567909735
ZEZ2501,0.1951509475762669
CTP6917,0.26705868376337527
AXP8120,0.19607605701134043
DUU4571,0.20012202277453725
ZQI1951,0.11521632226413563
JEQ3602,0.2649659452374881
PYC9616,0.16352351994262226
MRM9344,0.25829182851222204
AZY8792,0.2777811401847321
DBM3331,0.14339472940654177
MQR3184,0.43765140933934604
KMG7587,0.06184631040693573
GGZ5023,0.09123590757507181
PNE9100,0.18650178613624446
KOV1191,0.657606352476578
QDD7290,0.6214720559607251
YSB2123,0.23448936027033243
WJW3660,0.2525145579626083
YIS9227,0.04785640551881542
MXD8938,0.4039290846290903
VTK6219,0.17719646385705387
YEB3982,0.18019450047953123
SRY6422,0.6154419531022903
KWS9373,0.36422157712410785
HOV2809,0.22493369326332593
RPS2710,0.19997346579268635
AGZ7677,0.10803759554842876
NSI9711,0.22585955993331616
AYA7112,0.2075786447556188
JFE0601,0.18839803272560354
UQY5571,0.35510633999606
RYD8898,0.14587356540914848
ROY0244,0.16557635122076897
TNQ5151,0.22433990636547277
BOV0135,0.1720040353412065
BEN5821,0.22796414358674444
JAU8428,0.157283066200554
MTS3008,0.23982105523857422
RQF7412,0.2977757495898103
GWM5403,0.08138492317662158
TOR4862,0.6852266124047462
VXS2017,0.13672138197863842
PNG6506,0.2689615150098893
KTY1630,0.11964864841206561
NEZ0088,0.1734734946507625
AKO4410,0.17972269438281566
LGJ6361,0.48377722888302815
AXY5928,0.16023686586516755
UZJ1364,0.49405301151105285
BHK9223,0.07869850088851807
ZRY6611,0.42598547358371536
SYT9117,0.12489300865686173
RHA1752,0.2544049560623356
QHG7774,0.10558467156168302
FZP1221,0.3583637053572377
CXT8185,0.2414408684012003
IYS4616,0.3960064274310265
WBG7223,0.3038750051894249
POJ1795,0.05951578690100799
BOX0998,0.30695974724032715
PCE0012,0.13627972133859745
LCF0616,0.2126358812392728
QER2016,0.19267435469323643
RGD8830,0.4209924231331465
EEI1108,0.12228209973304739
QVC3142,0.2810112063068044
UBY1157,0.3057181706986752
JJR8103,0.14097941545207535
GID0753,0.23250790657725426
ALQ2306,0.1782652795330519
PAZ5488,0.35519710665654297
GQD8795,0.11378457289543539
ZKF0734,0.2059185239684846
CJH0968,0.19813729929961008
ILL5777,0.34873956960287716
OCQ6817,0.37713790921448614
ZEU2990,0.3125839147811892
ARU1460,0.22948125106779813
EEB7566,0.2414049708219925
WDY3934,0.3624185916306226
IRD9332,0.17907530169278338
GUW6567,0.1270795731829679
HIF0807,0.3468286116438974
ZCG0051,0.3814334299504075
ZOK4964,0.19782828100003091
KRJ9215,0.06127532473073317
AJO7833,0.2200096702785204
YGZ2186,0.1563288435808764
HAS4692,0.2712990949148014
BCF1980,0.3142563521906021
CCF7489,0.12792414318892842
VYW8259,0.38377509971356905
VLO5119,0.3817418458504236
RKC1431,0.12647024388718847
IZG3588,0.2505733201746723
IKZ5035,0.14945963137053983
VYV2122,0.23768880124474895
FXR8591,0.3129835429527555
PQW0600,0.21801419763170102
LLB7273,0.20994905596021385
RXV9670,0.19235967496327452
CHF3116,0.30372493835021536
QEQ0559,0.23879458287704824
NEJ4604,0.12320833413373178
OAX8431,0.09262786862056416
NFL1683,0.23846915187978132
WXL7207,0.3997861945950442
KWN3865,0.2823590023219896
SEA0000,0.15638589339874437
CDV9089,0.28866414554188313
PTE9060,0.20463909970003247
EZI8293,0.28128724612562245
ZII8284,0.3870302129879159
YQL4011,0.2117382475898263
NWC3918,0.2732077028663359
PGF9316,0.1459022829882111
JMZ2846,0.19099824357637368
XXM8641,0.20455736704818342
MCO0130,0.27652659008218666
YHC4720,0.5132390945679312
JLQ7235,0.5729871097688705
DAF2263,0.16060551411746443
RRP3610,0.43813372701983433
SWA4008,0.08507112478863339
NBM3100,0.39356400328162183
NOZ8348,0.6168400214697505
TPY9415,0.1905665147819939
JVH4734,0.5591832869551069
KKD8998,0.579810281781291
MZU8145,0.1886448519744584
ODJ2354,0.42424630709904054
FPK9517,0.3391667635051206
WWT9655,0.13238318855759298
GNF3420,0.29410392058024154
HLY9063,0.39783123687828037
OMP3870,0.1500263580267044
FVB6527,0.07746163385641812
DVO5558,0.5521359251396287
DWI5691,0.15328608403172805
TDT6145,0.14091009072389474
NTN6827,0.3738459884170774
RVA5934,0.22558799979407845
GFR8885,0.13053179566881787
ZCU5825,0.1683214976634364
XQV5298,0.14014995464263194
QIZ4338,0.1978835839448557
GIN1432,0.5143358054474955
RLP1548,0.1154303031432759
BLK7848,0.2143004388564671
WSC0490,0.31489912509257756
ABF3437,0.11025482827693062
HTT8114,0.15975465208597708
CXN2987,0.5399895327719918
KVY1451,0.30387816559936676
ENJ2042,0.09321674760804248
LTD5596,0.356814092631521
UAF6215,0.29636597239734896
KZS7358,0.35883347792595005
HYO5945,0.2529465087293759
JGQ5158,0.27278405163532327
PIN8218,0.5337001064743874
WCP7093,0.07189212679949432
ETJ7006,0.1900285088760154
KBX3042,0.15394406156107146
XML0008,0.2963642120518836
ZWH4164,0.47103220535349394
VKX0637,0.46427799244266815
EID2749,0.45725709365503797
OEG3398,0.26408163160886977
FSC8722,0.24218184570738335
CKX1541,0.09173991599430135
SMY9467,0.4902649359890523
MTP3016,0.30732370228465417
ZPQ2501,0.2081273078543694
SIV6541,0.25240843584642125
QBA7624,0.2101573073557454
OZL5460,0.07699721158274374
CYJ3102,0.19238351548826868
GWZ1787,0.2558083537361463
FTN0555,0.5179292331466524
HDZ7180,0.45241913890133134
YFY7146,0.33988374804614974
ZKV3967,0.1616325571311363
GHT0372,0.1571723018315731
RYF2512,0.20094958276808564
NVM6318,0.22950867573278838
IZS5973,0.08928709046264208
TJN9956,0.6649718098026489
QLV9442,0.27104607166073025
ADP7351,0.10988654557588477
ZZM2561,0.14596867106269748
HTH4326,0.43221855604869114
NNG9589,0.4367757143151172
WCC8086,0.1384395150191851
FES1274,0.3589582507567146
GFJ9304,0.20290981239329658
JKX6384,0.21113077610996145
QCS8665,0.4411004454356169
EZB6534,0.33517343218378337
NBF3809,0.18825954905327902
TYM7948,0.10488775723303664
JPW9435,0.3133004430853972
YYG4777,0.10468574646952256
FME9725,0.14683152448240894
UNW9229,0.11904629105639372
OGO9969,0.16813634553974074
SOC4844,0.16364331956759506
NWJ5906,0.22278845417870227
STF1253,0.2776866201765089
TTB0785,0.08916090293151609
UQE1066,0.352406528666775
WUP4056,0.29481658416224193
XVG5906,0.15726501419881186
VDF4156,0.06458827073076935
YUW9552,0.3177493671408081
KME7972,0.19698228789154662
XHY4917,0.1551796462356166
NJV5170,0.13366903020015364
FSX4444,0.3924897776257201
YFF5235,0.16743177930014527
RZX5593,0.10334219358141068
QFS2917,0.3121229639967155
BKL5342,0.6492307612137801
VBS2012,0.18182120286194012
YUY2212,0.11409142851824823
SZR5572,0.10714503388344615
TXH2388,0.10466529255040902
TNN3693,0.2266315135357602
UZT3585,0.5960654940480091
HQK3080,0.1096436414535463
LLI6154,0.2970717653415775
ZOF1765,0.33186298439716333
RLV8929,0.18844535021503636
XHK0610,0.24354469403729234
OMO4138,0.47295979671379035
DBO3941,0.30575692786746805
NOL1049,0.27687718515963144
VPE9687,0.5467005704040976
PUT1722,0.6410818420796746
LXR4166,0.20453966069043036
MRS2780,0.1686275661064422
BGO6644,0.2555353351305808
SLZ1775,0.2535738339741031
QVU4211,0.16466232096078232
ZIF3745,0.20816265262074526
QVV9581,0.05909194527886205
KMW6719,0.2271008786237609
BTY6651,0.17076294211018697
SQJ2079,0.3520608196897053
IJM3039,0.31843845045566427
QHL6081,0.2956951344139772
XYY3704,0.3816454293762641
RSD8940,0.12859610444938985
MWQ9427,0.2664764237548324
KDS2281,0.19609356765320535
ZGF8036,0.47810175255474185
EIF1456,0.24247988219713673
GZB1521,0.06636651743102111
POI6224,0.5332528330349313
OEY3483,0.38214309310089817
QNW0395,0.4164346662661883
FXF9036,0.2827482643082909
ADE6109,0.5882539946425331
JCK1521,0.25323108471706507
PHH7643,0.13875528804216064
OTG5928,0.16923364546758085
XOP7071,0.3289279750275696
WMK3106,0.15396640302625075
EKA5575,0.30005123349199975
FVO3531,0.0811442117193475
DLN0234,0.5074765119462366
UIY4652,0.23413301524088392
YRY8615,0.2301159854600939
ZDG1261,0.05645236828264366
AWD2190,0.19747101297684644
KHV6984,0.09543156533825461
RAD4091,0.3642636378917248
IGT1178,0.6660794068463505
FMF0970,0.23016017015858653
MDD3279,0.1847343713614536
FIL0048,0.2099590669337018
DNX7324,0.33383296253380024
LLN2770,0.44549770186536586
QEE6829,0.24955299458911198
AJL8427,0.08006395155832001
GHH5153,0.23360711953398353
OSM7311,0.10568062844666062
BBF2867,0.11659732526362883
WJA5248,0.0813342954921546
JFV9029,0.17990278121952805
ONY3338,0.17639939530181767
RYV7167,0.34833565027105245
XYK5207,0.111785080611438
VQL2467,0.24029056107247385
QTV3905,0.23812510436653134
ZXC9568,0.26563053537246
XVZ4297,0.14204938905762135
TLF4772,0.08017157198634517
VXS3827,0.21819097622723405
VKZ6866,0.12435645160764139
IHT0941,0.20750691562777956
GSQ7558,0.1414446663142443
USE8246,0.16102562625340577
OUK4608,0.11510471776988974
YYY2709,0.06746497105045392
YIV4482,0.5944509031991704
KUF8780,0.4170038300420063
JIG2780,0.18677240968206107
KFC7566,0.49290785596219133
IVC8672,0.5763938131582658
URG7195,0.15180733903479923
LEY1887,0.21955551047130642
MTO8300,0.12546269508630498
NOY3485,0.13171953504608183
DWK1635,0.3612689086154623
VWI8259,0.22552398241646268
TVC6021,0.2435100970767006
RZS4121,0.3242601160291586
MDP9088,0.22002296589761208
IDD8680,0.31155541397470365
CJJ0067,0.15626344508096343
HXQ3855,0.49440885138918994
ARR3600,0.140487430808455
HDG9113,0.6373703021612313
EXP2649,0.11920994335279064
COM1513,0.18560124274050852
BSI6025,0.2513192502597551
QTF2549,0.1694084921488459
DEA4939,0.1174706294732982
MEY5478,0.23456311796824136
WFN3819,0.38166619017339126
DLE7102,0.13222485516795954
SVZ7837,0.17945967709986715
JPG9474,0.3423440657652938
PST1973,0.16091607248385884
VLA2925,0.2555282985323778
GFQ6921,0.48455003022916443
SVQ3659,0.2638338415974833
HFJ5560,0.1401363551738133
TJO9482,0.14266446582797318
KEF1283,0.09298440355409747
XPE5334,0.1612035130173475
XDD4731,0.45275118931604824
DTC7666,0.2148919983391457
MAV8739,0.20333071740400974
GCG0006,0.1040110730528555
EDJ2014,0.31529610784962186
EPX8664,0.10856941178226277
POW6716,0.34514199817363894
KAZ2977,0.38780980898116946
XCX8052,0.14297024001651715
ZNV2307,0.24039614577855722
TCG4082,0.0649330288701512
NLD4865,0.14163752991897016
DRT1162,0.10494689109885846
NYV8017,0.36292253903358374
YVO0721,0.6661125742849497
MMN3031,0.1792637220326032
KFS4774,0.15719942379036533
CCW9949,0.09929060230593009
QZZ4039,0.05709857265297107
NKY0219,0.10896708475476667
JHT0528,0.03860817879699069
KVQ0049,0.2277434775881442
OHY5260,0.17603016203197522
MOV3618,0.2912022692944681
MUN1785,0.2536683398487559
IES0974,0.32584622932232515
FJL0266,0.3562340434311819
OQD2211,0.6066786829755406
OMC7899,0.12035399250295999
EHN2289,0.17082872419066397
YBO3438,0.26316384812221705
XGC6121,0.2872829970762539
KLZ8117,0.32185506448357054
QZV3301,0.20457426131120207
KAB4183,0.24595622803907638
MJU7092,0.30730808218905376
SIG4960,0.14922423881961894
QLK5702,0.18997131837725492
WPI6483,0.3001086246363083
ZUH8446,0.2423268727403321
PPJ5717,0.2429175028852265
MAL4596,0.13933323995326757
OWN8577,0.10174785850624656
OSN2565,0.0967881083950867
FGV2111,0.05860899624873162
XYO9485,0.5115161498646273
CEJ0840,0.24544877913131125
BMZ8322,0.16868929886206385
BGS4330,0.45475954451434175
JEI1597,0.3783899386301062
ZXQ3606,0.2370359117703116
QZD2155,0.32514759729675724
ZBT7709,0.13508862663884844
QYV6318,0.3309962815468784
XDO7573,0.20207765362534214
HPM7246,0.1905458665202921
CYG6666,0.14286109376235867
AVE8214,0.2370915712600467
AFZ8966,0.18218625641028754
FOD9580,0.20052066894693554
AXA4301,0.16968385496668326
EKA3091,0.2931625971055079
XCJ5568,0.11199551595196049
WND2059,0.2943288766284119
SWK2288,0.07660001102209898
IWZ2880,0.16758625903935048
PIT5158,0.32847634575320184
MKF9945,0.21491108392591082
ZCG1930,0.23462365291244686
JZL2900,0.37831484762612666
GSG6048,0.20260617235829803
NVU5467,0.3413851615789082
HKW8901,0.21648662220791012
UHC9744,0.35287936945493864
RLU9682,0.2801823219911339
OIA1294,0.1942948805917244
SZE3233,0.3772466694226267
IRU4838,0.08221475364959059
JES1785,0.17511781251484593
UCY6561,0.16085725340759416
OTB5118,0.16970544620009176
JCN9706,0.4397144145438214
IOH5588,0.31488050373652776
QOW4543,0.10831769551624962
UHK7473,0.39339496310716715
BDH3448,0.21975061258866005
PXM1687,0.14197535150199936
FPU4247,0.17852767450175006
AOX3969,0.3271288010100719
MGM4489,0.3814644271174393
NSJ5694,0.2406179377630022
KHY5361,0.14053805514688625
IDE2014,0.40105046571819986
CLG4527,0.07005780103686267
PAE0187,0.20213496106271342
TZX0712,0.2343839995332333
MSI7288,0.22938772791470144
OPH1133,0.6422082712939343
GIW1153,0.4208951281387634
PNL8766,0.1023584116388996
RJE9943,0.14303302768039428
TZF9992,0.37913200438193034
OAI9854,0.09077869269211351
BMY3167,0.45418022124483803
HUA2243,0.07220165604798925
WPV5328,0.1358970773248178
CKV5562,0.4700754557527282
XTM2180,0.39646097540789005
JCE2465,0.24089120277624557
ZPG5413,0.21798838752940367
DZU7019,0.08644843931974508
VXG1725,0.22332539383778358
OPM6059,0.54132222643795
JSB1729,0.6102512946481813
KUT3144,0.13301431216763418
AMH3165,0.06593669115807058
NFK7084,0.15806174784840243
YJN6123,0.19502650169262625
ZYV6499,0.10430816340674218
DYE9365,0.3428062049979923
CYH0071,0.3766142488577466
PLD7359,0.6580218296714521
OQB2795,0.3339356585852703
YJG4869,0.20371590076019785
VYH0021,0.18402768024020527
KIS6502,0.04589565829020899
UUY3020,0.2936903816308505
PHQ0092,0.18622456834551182
BVY0985,0.46405388914301493
YRD6672,0.2256329861261557
CVW3569,0.24464133804967148
RMR0822,0.15217354953847942
NEM7093,0.2932084330820978
AJG7697,0.10652381527572427
KDH9406,0.09566822214607662
MQS9876,0.32835498950212594
BBR0344,0.27419001585273606
MJR5449,0.4055535102882968
NKV4242,0.3277328166291366
ERZ7613,0.2125771493218189
YHF4884,0.38712703910742896
SHY3389,0.2099812816403357
DYR0315,0.28120247328318604
QRJ0474,0.10024674936808461
WSR1971,0.06592921019785636
BRJ2331,0.2184516540663317
ZNU5088,0.11468198467495332
LGB3949,0.16897857428937546
DDN0916,0.22884050208974885
VNO4744,0.40957335703010905
HAM0625,0.04068260455256778
VNS0417,0.2837187467846531
ADY2431,0.239113014921589
JHO2864,0.39658491732575407
SUH1250,0.08875655478722543
TEL6348,0.601030687778093
ANO2014,0.23150100840432206
NIH2178,0.17697106828106196
LYD9788,0.45058611513133956
YMS9619,0.18346269811253915
DDJ8939,0.2622073100954697
IGY2653,0.1496501750217834
ZOE8875,0.4269554657513311
FAX4808,0.1192849084691825
VMM4007,0.12130082607820762
YMD1401,0.16469698651295916
VKT1013,0.057357649393333716
YKE1591,0.13466631759304246
ZNJ7114,0.17447615558872231
JBU9048,0.22298055802287076
RPL3665,0.22235826985578766
DOZ0297,0.30101466463618953
KXW3156,0.19193228746956995
XHI3128,0.3069323415455482
PEN6055,0.35822281350823576
KRV1729,0.46559088556620876
IYP8988,0.48064273106874833
NQJ5272,0.3130013546727927
IAU7186,0.16679910195570108
QIS0846,0.27916481137326526
WRB6555,0.43521732600650825
PAO8178,0.3255392125737509
FQB3317,0.16551767301804274
XOA6073,0.07553457542146469
VYY2200,0.4033122560810844
ASL2036,0.2922317924850537
YBZ3502,0.395459091613238
PZJ0490,0.19077595964543334
LTY8297,0.132620403650828
YCZ1142,0.08571342681445221
TCD6914,0.32387427519091505
GLY8970,0.1984659862065473
UFH6676,0.16259475135637136
PJE8049,0.17150150403801406
ZGL9870,0.23209437114904702
JHB3243,0.15010630615596934
QCT2926,0.04703616362598904
JZB8726,0.4115780041746721
ZWI7654,0.15821002358779676
YBX9273,0.31193431526445203
ATY7236,0.12270825282149836
XPU6142,0.059097307622045854
KZS3494,0.3453575228585951
YWO4932,0.14637584745556548
VSU1745,0.1832575368685768
CUG6548,0.2586169528110239
JJI8874,0.1417098250503892
RNA2808,0.12976343551330005
FZP4826,0.2018178052913759
GYZ6456,0.1360674165143245
ZBN2884,0.2507018176028372
ZJQ0471,0.10025717893678683
DLA5530,0.11936622435273991
NUT8542,0.47461663076946087
VNK6354,0.6399268775548947
UXU8427,0.19231845657639593
GFD3985,0.3640080330291469
QQR5737,0.23269825221954216
AFC7665,0.10456966276812972
SLD5495,0.492376498990591
VHD7317,0.39369390887580713
YAL5508,0.1264806556570439
OKH9384,0.37009442407986376
GEH9340,0.3114792766450646
KDT6136,0.20492517941359426
PGO8069,0.18204024715809689
PLJ3715,0.1955240552597774
BKM1964,0.11264621307738087
ILT1034,0.20158788196430194
NKT5664,0.1591421158067492
DFI0560,0.29965007148230555
WTZ5124,0.41575897714799787
GJP9524,0.148323504542867
IDH3670,0.285841751911676
LHV6715,0.5304264032873129
SOD1257,0.3354895984447683
XUT0094,0.18526581577572443
WLY2791,0.3168340381969232
ZJN7497,0.17801783529874352
OTP9424,0.37878319746183264
KOG2427,0.26514732544908826
DGT2607,0.13170169533503087
IGV9153,0.09905998980014426
SNK8485,0.07555204747533666
GIH8293,0.17221888953804906
ZYN4270,0.36160989056639603
HAD5689,0.2392495783238497
KGR5948,0.2224796299644551
XRO7658,0.30636050644511464
YLV9908,0.2820061549536933
EAP5638,0.45432646374958935
IFX9842,0.21531201481716522
OMU3958,0.1895011170351219
QFL6187,0.22956045484577114
FVE0231,0.20555495324170336
BYG4627,0.7394251970490033
GLU8969,0.26818048680514683
IZD9452,0.21270328567983518
EYW4468,0.2650110387402554
AGT1201,0.214549053125803
IHI9922,0.2877977451229994
QRN6335,0.0641183774611638
FZU8851,0.27664410537142337
GYP0381,0.14960636591932922
NHT4249,0.089786842388451
FYT7747,0.29316489915252975
KMR5833,0.39721889434144314
XKY8972,0.16244643396665284
JAG2909,0.11318413718299948
CBU6594,0.22109978544407383
KUP6171,0.1263681723607412
WJC1017,0.292861850791929
EUO4937,0.22394838410816323
CIU7319,0.4083818585408098
IHE9927,0.09681947354405156
TPK7407,0.14857013849828826
QGV7700,0.20906079043603973
YND3412,0.21124360926200145
PLP7642,0.31020033886032705
QQH3030,0.04287197591547841
XGS7797,0.21210581948553026
MAG9468,0.16088852359058126
EQK1178,0.22150437981096396
OFC1169,0.1251170466668624
ZYB3704,0.19280484405099635
TXE9669,0.1256556073691594
EDY7478,0.15906709489858448
ZRM3482,0.30835943144225003
OLR8983,0.25583339313614745
KZO2848,0.12857190015181144
YUL2449,0.15661697231626878
MQF8373,0.14315079869259714
JIO0650,0.10276987181149556
YLC8229,0.316306418545607
CIQ3019,0.46275053724090826
LID4577,0.24073372848407099
FHF4230,0.30442381080477726
VHY9741,0.27876970122934075
ACZ6656,0.5461396460218988
XPK9673,0.08998228231749633
TDS9357,0.19600681680084486
NCY1055,0.06257423713000833
YUP2078,0.14867622816855278
NFA4698,0.1521681199622515
NGC2448,0.17919816366732008
MCP9761,0.17346474213560006
OWJ2412,0.07876131019138044
PHK9684,0.34182692466655873
BOP1305,0.1916656590297461
YGK0608,0.16983088514789094
BJV3737,0.1552612242888688
QAD4506,0.153936796649872
RCU1459,0.2753181366788992
ROB4774,0.0605770926259968
QPA1500,0.27275022526863724
ASI9484,0.19779410340593268
ADC5158,0.1537650080998414
TGI2756,0.7279922067032686
XWZ0948,0.10671651424808283
BCZ6218,0.2271000761364272
AZI6548,0.19382324725669475
NJG6414,0.12822869667664794
RYT3911,0.1867672863382077
FAH5419,0.09229607842929793
XDW3658,0.23400835987624005
YFQ7483,0.2523352280782228
OLH0534,0.18755385932536006
MOW4518,0.6393794695768574
JLR5477,0.2569525924339815
RCS1192,0.26915098569653906
BPH1146,0.2586913404330909
FAG8556,0.0828398922148142
ASH8711,0.14194157227946594
OZI5872,0.266882486360925
USZ1437,0.11193172167214765
MUX0020,0.5290738435876455
TCL8035,0.1819704007620871
FXA0346,0.591539715212258
DGW1711,0.4030456762208403
MPI3843,0.15842662385849246
ZGJ7391,0.0765504858002169
UXU2443,0.24406238647880166
VMG4433,0.16198365012553886
YPL6662,0.26743029591032547
XZI3703,0.5009927771160275
CHM5321,0.19461783174256855
CZD0003,0.11360853647699984
UAE6199,0.18008994146074067
ZHP3348,0.3282681470690049
CAY9941,0.23796174265741202
IDA0149,0.4377338015672871
ZRV0689,0.28576845139621576
KAG0964,0.1388851490825031
BIV1231,0.30318983301085517
OFY6640,0.26378414912755865
DCD9303,0.20737558883729942
BXK9899,0.3107407294635759
ZFH3397,0.1924459702616147
DWF6920,0.11436654809725832
XJB0970,0.24388958677833428
YVY7207,0.1652098993849338
NYK7788,0.5203674190414816
MLS4709,0.4643652363972002
YMW3766,0.350060130638721
GTT5147,0.2052465289551864
BRO1762,0.23418259784259746
JWL9572,0.13227327787611043
WMD8920,0.49255103370188347
EAE4795,0.22273591076034174
CGY2385,0.18082352731583795
ADX0708,0.1669937428652535
JGD1227,0.3133165752878529
ZQQ0815,0.10923192381408753
LGB2539,0.3509739349043385
DIY1538,0.45808984592069063
SXD0066,0.32420445251535246
DHG4347,0.1345719477249442
IVL2875,0.2395224221629243
DXJ1576,0.20473698192552384
XXD3056,0.20901097277335567
FKR8136,0.09863422563459581
XHS7469,0.36054654721136103
JXY8304,0.05929478553863038
XCO8396,0.4328631496976892
SJW6493,0.162476055057358
WNW9509,0.24723191607574405
IIQ7956,0.1556341936737014
ZGN8635,0.2413563434259495
OYS1674,0.2765705771866588
LFN5026,0.2893980392679864
QFM4433,0.15604351380438677
SRP0203,0.3837366281839947
GTE8180,0.3150141689075373
BUV2825,0.25075303457178316
UXO7662,0.13800099169274155
FBP0568,0.32686219056742005
UDU8112,0.2109578121068546
PAO7740,0.12436237041857541
YAK8421,0.19247279111523613
GVN2038,0.3484890338132227
ZQP0382,0.0614131567882616
CNQ6513,0.2479145607048091
PUY6632,0.23394322153964792
BVP7323,0.19215846835757597
RLM4016,0.18485944828897521
YFG3055,0.15210378454820978
IWU5623,0.35636862045930373
HRN6899,0.10783344747955063
QEE6261,0.25997066332831353
MTQ0293,0.30912665318546567
MVC1429,0.29230130877831956
WRG2254,0.1450742362476642
ZCN9897,0.17346356049045614
OZP4495,0.3900253050969694
DLN5343,0.16275285220679372
JEK4684,0.14866810025885688
SJL6931,0.17902745682621057
ZSW8276,0.27518529348736726
WSV2609,0.38313187284698424
MHV7737,0.1863075066479901
YRR8549,0.05371769937133312
ERV1528,0.30646486352855506
NOF6559,0.39029979012280397
TBX6932,0.2787611611003842
TRM8176,0.4284662846597481
ARS4511,0.25373625914837494
HRW1770,0.16140577862555525
KBM1789,0.4005643145661195
CLS5313,0.21586965854831514
SYP7066,0.1648952042573942
BAC6711,0.1472644278501682
SKE2290,0.31838916941812856
JIQ6981,0.10328006281231816
BVO7960,0.17692276770816412
ZUA2626,0.3510263068655678
MSG8259,0.09816827989378255
PCC0360,0.17414201178077218
JFE9003,0.1989422711524828
FLS9182,0.3377313373194937
PAM1280,0.07156967736036536
BYU2321,0.1542457874439828
CXM5506,0.1307773386517236
QBY7302,0.1633202918016564
JUK1901,0.20777047768668422
BWP0584,0.08111594006717765
UXP8211,0.18145276700754978
ZAY8802,0.17010489952064303
QGZ5092,0.21436964919703344
PLT2750,0.1340687741132991
RET4270,0.38855602829928854
SVB9714,0.12848658746968053
PGJ2505,0.432545011571589
XCR2667,0.23234179114759754
RLL3403,0.18537783209138353
XMP9341,0.4189846039979777
WSF4408,0.09149244949434278
KQS5528,0.45586564058164863
ORQ2079,0.2484909979847343
DYG9890,0.18808437063522035
JCO9274,0.23050643746506153
RTZ6364,0.10726389222111359
MZW1799,0.17744855290310269
EJB1355,0.35379012715701
DXW3959,0.06011322509545279
XBW1111,0.13318019337607165
KBU6474,0.09541800078960783
FCK8370,0.059813907651180116
DEK2690,0.3150742116982063
AHU3775,0.15488687461576706
OYF9560,0.15767756003513006
PPE7467,0.10559448730041845
QFZ6666,0.13438690660049965
SND9604,0.2015719352637906
JCH0911,0.1744354990566001
XCZ5219,0.1386586098693742
DFS7754,0.15409202265729915
QER0038,0.15981539447287402
PIQ5708,0.2766554862274672
SBM3940,0.043497252009426675
REU8468,0.5621043171486558
KUN9469,0.3008051343985909
FNG6130,0.1192164592210867
AMV7041,0.283673228854599
VQC3734,0.23194799661734938
BCG6211,0.2630502947933295
FCV0094,0.19447733828055824
LJO1761,0.2561418428508827
VXQ1519,0.3186701471998198
XDG0394,0.22245370998531375
ZCA2183,0.13980840872216793
DEY5036,0.11622950254098612
DOA2936,0.06375653602350366
ZBZ1111,0.09063591688526774
KTE4563,0.1829323169497858
JHM5827,0.22452460646914907
IDF9791,0.07024621694473554
YWO8363,0.2540833043948923
ZQU9039,0.5964174555305339
RLW7170,0.5391377855622613
RXK9841,0.22904985513122295
ALU4463,0.4116390151598708
SFE0721,0.5208083789927882
SQE0323,0.1806487288542874
QDZ4395,0.5046514715862164
GBJ3518,0.19510774281359106
ZGE8545,0.13963868861791012
XKA3092,0.15475250393557013
YKI5936,0.3724161259467201
PZK1377,0.2636533993972923
JLZ9491,0.15928264930239158
ZVR0041,0.2400688159882605
MJP3198,0.220356148178282
UQE0138,0.06124138548181631
TUW0269,0.30044427244930105
ISP0465,0.2240702988145557
XAL5847,0.5565027078265603
PRM3708,0.2540411008332432
AYO1985,0.442206961206456
EGX0726,0.10424048461890598
JDR7035,0.1553611168635019
MSS9255,0.3038142860815693
WIY7208,0.07104607829995245
VAD2698,0.19912627242632572
ITS5025,0.5721423185272354
ACG1389,0.17873986430027497
JNT1094,0.11022389529280434
SEY5120,0.2657700747617353
XDA2651,0.18867996891619798
BIL0129,0.1298958298473991
TZN3360,0.4664075782327439
OHS4922,0.2515832782745769
YOJ2699,0.14249844788344201
HUM6721,0.2056287607411102
EHP7372,0.49786788941733584
MDW3871,0.3411778978863962
HAM5349,0.21224699891234253
VVV0077,0.2814486808770376
JYP6084,0.20043621837704864
AZX2542,0.046317675055609894
QKX4992,0.2510253420180251
VJZ2239,0.23598356347426674
ZFT9927,0.30694916657529075
EPV1130,0.19529156337330295
ESO4684,0.6238557176318233
RBA8751,0.48016595628668685
IBD6200,0.18757423628909453
TCC0838,0.11018630515704199
OTO4045,0.55364463392106
FQZ1755,0.13196376576970437
TKQ7781,0.12592977687234652
GHB9539,0.09732970177278441
QKV0677,0.40947437044430174
MDC4556,0.22815102801470913
OXD2801,0.40714722131207887
AAW5921,0.3410497331558839
ZXO5432,0.29674383343122485
YKE0773,0.3741006512103084
ZQT9439,0.2631471923042956
BBX5445,0.1903473583317113
OLD3422,0.4497203316746277
HBD7837,0.1372666294336633
LII4395,0.12426865118258991
VXV0165,0.3442129976339535
IZS6375,0.19845200904288446
ZNC6270,0.33707194816937913
VEV9487,0.16927379729761988
KYX6211,0.20303658627424417
GRI7834,0.2915056294079459
BKJ6883,0.13573859150789164
NHZ4308,0.22562029395483635
IHH3352,0.28349928739658825
WGE0940,0.3595867997790036
JIY9209,0.3313777069577863
RMW4099,0.37459552574780397
ACX5394,0.3580748108457658
JMY2884,0.32693013421287437
HNN4412,0.11582321228582455
ZRE8689,0.15861229978419739
NLX7791,0.17492845356056108
NCE8146,0.5459541848959807
PAJ8142,0.31400467838020696
BXL6079,0.2275778434714361
RVE9218,0.31336193067670054
CYM7511,0.28697325219021047
ULZ7896,0.06751282869288311
VFR0394,0.4889035814285775
DLM5418,0.7472689291298317
LJA7283,0.184577956156802
VJJ7556,0.18508562378532695
MSY4225,0.14601251767449744
FGM7178,0.33640535939513355
KCA2760,0.22666598261332388
XVI9392,0.23156515812518744
ILG8180,0.42872873407780937
EJA0426,0.1382277090157565
ZYT5283,0.3117446935383794
MBD4028,0.32002200317967594
DET8036,0.10350196557011862
NPU3306,0.4074795565162578
MAF5198,0.4288786536002498
YVR9937,0.4816102739572032
NPF0956,0.1871841455866
UMZ8342,0.28600936350410944
CTA7936,0.11657651944327269
WTS5507,0.43754251085455736
YHU2823,0.30174545761914195
GCI9262,0.08030197192524316
JWG0958,0.45115463656153426
HTQ3691,0.18512299003063856
JSY8006,0.2350834948889221
BDL2992,0.3487615288785135
PPY3602,0.4466836371856119
NRH4217,0.17030000028706213
JZU9096,0.12966861278348737
BEC9902,0.27472022696881965
PUK3777,0.38858989129530974
QAI2611,0.18730005620012144
SZE9978,0.09329393540597083
ZQB1293,0.16541897036721656
DLT6582,0.08188839793922802
MBP7717,0.17719179324866344
TSL7315,0.3113968643540381
ILX4971,0.6413338097485834
VUT2632,0.14996623640360351
NHI1174,0.399399327450972
XBH4571,0.14980922784586584
ONG0233,0.4340169515183991
EOT6883,0.0834852037916239
WAA4403,0.10489090420211404
NRP5939,0.1616390377979493
CFT0261,0.04417530477683967
WBB3199,0.24385472048724102
OXW2554,0.05057094308749628
OTX8021,0.4750214688202778
HKM5973,0.08582645877475437
WOB5773,0.4162385551838616
XJP8738,0.12285890397118313
OFA9596,0.44628829877514997
YUU3704,0.4777060616155277
DAA7058,0.5300811210096105
QEI4621,0.19033304735215278
JJN0270,0.14493758585989436
VLN5464,0.10486647158910604
TKY2278,0.5263139153616818
QVB1146,0.5924631977179634
GZG9726,0.2310124223906759
WAG8989,0.29833464590106534
WYG7915,0.18073243612405332
JKR7298,0.1019748618052039
NKC9965,0.1376441909102481
OLX7030,0.1687347588546336
NUM1967,0.20654417396424404
VPG0102,0.4437564181849004
WYP6798,0.3371288867228277
XVX0001,0.22022550396969384
ENE5821,0.25431497256674424
PXT8963,0.18061978411493423
NAK6905,0.43775811178332713
ROJ5124,0.26229123706904245
EGP9963,0.15440018273969613
EJD6191,0.18556211629439512
VVI9738,0.1874620363324855
GZB6774,0.26807123026058505
ZSQ0383,0.12195024174266571
VMN2008,0.24811402818226794
VSW9307,0.21953129229916885
SXC7989,0.13525697424948294
JRP5911,0.36145998046564065
FQM6684,0.34806080523638017
JTZ1972,0.20538866259986976
YRK8678,0.38063526632297096
YUX6245,0.22596311952073847
OZT0083,0.2857080337455452
WWU3357,0.300196641551719
GIP8061,0.09432302721161359
GAP2506,0.19962342635188088
MTV2911,0.2386475732357881
EYC2947,0.0851130912390227
KFJ0398,0.28090120993914847
KVP8638,0.3743645280605879
IEN7559,0.3277203295750452
ISM8366,0.19090220002852115
QRB2092,0.20458911757363335
ZEF9982,0.21771153131489202
PVQ8431,0.13750405863892287
JYR6904,0.1323272488531011
VYN2284,0.06382001372372952
RRD4317,0.19070550321355453
SIW7452,0.3958815610521712
BNK6722,0.5172545032205431
EAC3647,0.15893392034042825
UZY7255,0.07811215560632315
NJR3268,0.20397641143570341
SXJ2106,0.529557231204318
UOL8150,0.4746320139198515
GFG8118,0.14695027821331708
BTJ8291,0.12607427168148017
IWD4843,0.11615723665399054
UJH1928,0.15931634811100637
CTQ8211,0.1819577690530327
ZBU3909,0.22500710166640736
CHH0005,0.6879314546242062
LOH2075,0.18820195752606128
SOZ9505,0.2099743722396033
IDZ8560,0.4573829898953077
XTH4023,0.14819573492208926
QWM3456,0.09105484363237226
ZWT5514,0.1758733386914592
JGY6248,0.5200088750560969
YNI9415,0.22432594131765152
YHB7736,0.5019047417370148
HRY3458,0.4477087995072697
NHO1841,0.09812282247635905
SJT4275,0.08724705116407587
JBC0455,0.26765313100622046
YSV6272,0.22582425567595862
SYR7039,0.2723983925170302
VTH8070,0.11479213392308525
CFL9774,0.09620350003661886
HWL0255,0.09008393957771428
PWW1560,0.42583101500649145
ZXV8075,0.06281784263788065
AEI0906,0.14928144256922743
ZKT4898,0.12706535099925184
OVZ2889,0.1863929440219325
JNK0707,0.14171314979295493
FHI9082,0.31490094107451416
CZC7195,0.24366531478438294
EUS8425,0.44803234570885736
VQF7120,0.11386359914047393
GZF3442,0.3750628058047955
QHH8798,0.21333959432230679
SVY2210,0.5618264095614265
DDE2452,0.15057032868095288
UOD1909,0.09989480071073978
LFI5893,0.15604618985374777
VFH7810,0.1365251216987098
AEA3832,0.132946285350292
ECF6645,0.38543435970461365
KVT6536,0.19118215278296227
GJR9253,0.19461166974086877
FMI2663,0.14321911430542106
VQF2039,0.2542580669211176
NLZ7990,0.18892247251150254
QBO6904,0.1678636309317784
ZBO6514,0.2936266682820934
AMJ7143,0.13665236813567666
PPA4216,0.20234349190606976
UNG4672,0.10300420745562276
JKR1254,0.334963080440158
VEB3556,0.0833279400125098
RMY5487,0.2897917349971041
YAL0969,0.3981381154758964
PWY2348,0.3310222615230369
IHD5140,0.11171884327901137
XAR1535,0.24159505353286645
MOI8849,0.10450802453269549
TDA1772,0.050685634094510074
FRP3664,0.2287370725440749
QXQ3920,0.22711419213916034
WZM4928,0.1838442540208633
FEI7112,0.12603454708553083
ZWH2382,0.28575613401694305
YXE2782,0.5381760270250493
RYR6789,0.34374728984539993
DOY0839,0.18131405650874058
KOZ7559,0.4269169168425853
CGG3378,0.2637717424604108
MTV9217,0.16733333378766557
AEY3302,0.3925866066413777
SNN3415,0.2402683366623452
DLH2120,0.18162003660083031
LMC5561,0.16080576215728065
JVR3739,0.10656837122386446
YDK7231,0.16052744442318567
LKP2717,0.17674769573905694
NLD0288,0.49086056224720664
QWZ3328,0.416290996364454
AQB8755,0.20696226794981734
ZPO6482,0.2357614215005807
VJA4011,0.07224715050050617
UNR1034,0.26684032123951834
JET8498,0.15422329684233094
KZM1206,0.2526224306310654
ZHM9357,0.20076089314503556
DQJ5519,0.3744313302465309
WPQ7065,0.15827619989866878
ANP6398,0.150662166509319
TWV6276,0.26537791119353626
UIG4581,0.15950325180575878
MCK4510,0.28209810853482736
WCQ8946,0.14568937595759754
VPL5439,0.1621028830047403
QUL4939,0.26927351409170264
DTB0595,0.2026363549932211
WGZ0312,0.17516218014463464
ORU3710,0.44512214434187314
BMU3842,0.3738041474330892
WAS1041,0.504634124098275
RUV8304,0.1550981913131107
NXF7025,0.2669247947972912
SMT6291,0.23208301720334354
COY6762,0.28077054649866334
UXX8278,0.195157850865226
QOP8824,0.1258623426554416
XVT5952,0.1958167777656627
HWE7781,0.1819558695023809
SRR9343,0.24391203057003785
FMT3981,0.1931529616099047
RWK1255,0.2409369255431079
GUX1313,0.45941469346631303
VED0121,0.6254277074161978
SQR9285,0.07434409252907584
PSQ9368,0.2075915002119109
DFU2564,0.2286307712940927
OLC5603,0.13693655886751516
ZAH6196,0.3185439705779671
GQZ5053,0.176397888770778
NSL2545,0.1365617434962837
PRO0137,0.23943130003881866
STU0764,0.09350125577635618
KTK7805,0.05822696671167548
EYS9609,0.44296666065597223
KZG5885,0.28727678464074446
PCB8761,0.06757609826011766
WGW9568,0.5300609627737765
BEP3948,0.46224946738096745
DMJ2590,0.13867190673752058
CTW5615,0.1894886537013443
OPB8278,0.26634633970986366
CWB2561,0.4727974391191085
XIJ2478,0.12428147561028789
FDX4097,0.3403477331578829
YJG5740,0.23079631212706583
SRX6811,0.05228142657171862
PRK4060,0.10497261535582844
ZSQ2949,0.09984055933618398
HES7557,0.28297358414026513
UWQ9670,0.4625815065150098
BAJ2081,0.24842564507397835
DXX9121,0.28592845389434257
VZD1340,0.36323268230797556
KCX1429,0.13299855113827233
JUZ7305,0.08562283167811978
AMD7755,0.21418792275690393
AOT6315,0.18518370656720026
YXO2209,0.19887960448058187
EWV1407,0.1632173399013916
GWG3380,0.24165025986980898
YUU4145,0.5751090661959809
TZW5104,0.1840756713392604
SVI0226,0.487631710100454
KOO3080,0.49338751571920353
RCR7780,0.480208096078867
DDZ1864,0.19500304858410236
MSG9202,0.1557016040873127
GNC7973,0.21312991214300409
TNB6317,0.07146874324158518
CKP5184,0.49309045628653053
FAN3835,0.12360696915819656
ASP0506,0.4230659930583915
XEP8902,0.15887889971856964
GFQ0333,0.15793182335744702
STU7442,0.11120338445874373
KZH7721,0.1371267653328323
QFV2858,0.4352780857290618
CNA2475,0.0836775370445698
VPQ2939,0.18122957299318887
XTL1241,0.20602340805793024
RTH9839,0.4913415672919168
YVY5308,0.17954062288469905
FZY1694,0.42355515373944996
YCA2616,0.3594671572682793
HMU3975,0.13522515149433148
FDU1357,0.04727829077304561
COI6888,0.4684921217406896
YQQ9816,0.2393027860317085
DCJ0598,0.048272892332516436
QAF1690,0.18949680372543276
SSF8640,0.32947900099210614
QZS7048,0.2828790738850318
UMU0017,0.08492291456092654
NHR0599,0.13222832201693824
TBH5424,0.06372458028371812
ASQ3055,0.23111737434970034
YJL2807,0.13648227106009578
REM8079,0.1443787323909841
PYI6606,0.2212244146680131
FIO0648,0.5003551778959856
KCL5134,0.20658950531618164
XFA4921,0.05715576237544691
MFS7445,0.2781906444337729
LJN7166,0.5330954637006357
ZSB8267,0.41534683594248684
NOY2382,0.08832003289519706
VID0540,0.3217504801733598
PUI7231,0.4416692240085739
DIU7827,0.13854851934623072
LMS1840,0.06334151667255589
JSI0972,0.0698343057735201
VWH4510,0.12477167495497439
XPZ8442,0.26976651712074873
IVR6080,0.21907365642783896
DAE7056,0.24620285247840043
XSF9221,0.42970413352446124
WDQ3723,0.5931403000474736
SDI9085,0.08654669869834873
SZA0713,0.37153525947234134
OHE7288,0.14398522915365855
RKN4919,0.3602444611342606
UEP2190,0.21568836545122702
CLT5723,0.054106333715838485
VJI8551,0.12150694994227836
XPK3889,0.3993731294423251
SGT3305,0.1377212026819542
SAL4070,0.09023354902678328
WVM8211,0.47490910895724153
PCS1722,0.11520042765957801
XKR6147,0.43778389797829637
XUR2232,0.3028850188537915
JKT7149,0.3040935722983524
KYO3320,0.34155643614746645
BCR7281,0.20521899836374027
RGW1489,0.1396616103724717
AXN6618,0.23176395434797334
PJA2115,0.20956024351671348
OQO8884,0.37503532155878355
YNZ8560,0.2151768346000434
DHB9103,0.2029940892608812
YIO0165,0.33279980772063167
EPR3439,0.25855712834275063
BXC6882,0.348193586682242
JDH1113,0.1803565934738626
ZOI7409,0.21271556464155478
NMP2912,0.117823905330286
GOJ4289,0.43333639101534466
XHX1364,0.5202515423062024
VVZ4851,0.32152085193306007
WTK2653,0.14085517953642462
MAE0737,0.2507750632734371
IMV3149,0.31079086762370134
KTR9193,0.3765315473218789
TOD3591,0.09498391160958214
FRB8474,0.09968432070789426
QZV0518,0.20237806033299094
VIP6808,0.05071320320693732
KXI8109,0.16622215722777425
ZFJ7032,0.5915288452343268
KFB2661,0.2309306620964076
DMG4116,0.4847471471508486
APL5877,0.21904860496989445
THY5809,0.14118684261501613
GJJ4558,0.17460366036143693
BPW7388,0.25481377374320574
XST7223,0.38950046059543125
JEE4921,0.06730273681957763
LLE1425,0.33110286143162543
KUE4150,0.3237125350051623
WWE1408,0.04702280938552769
RUE5821,0.31339568318245964
RUJ2756,0.47370272473498565
IXU0926,0.1249677926916127
YBZ8802,0.1280187073718473
KKN8936,0.5039768261295068
VMI2245,0.14537889300565454
SMJ0545,0.15152181197547956
DAS8749,0.20883861657660527
YER8134,0.40790259336442086
UYH0872,0.10426723055457846
ZPD2531,0.5180943921384185
KTL1545,0.26350936685434334
EKQ2049,0.38697430160188295
GJL6540,0.29446780845326465
XZV6966,0.5346149514947813
LVM7923,0.19469268989368305
IEB7788,0.4440495614797451
UJV8655,0.4646768055454655
GMZ9526,0.34825424409059386
YBZ1017,0.24124099603878016
ALX8013,0.1173628970360854
GER5584,0.16054354960235512
MWX9044,0.11116577721703505
ERU1857,0.06832844866247396
RVZ4998,0.29018708808199406
UEQ7217,0.21660639895962594
WNU3314,0.15238143015866157
FYP5922,0.1751512962922193
WEW4166,0.45557972920464
GQL0285,0.22454876259186224
GBA5352,0.0816555168521265
WJL9492,0.17810625137328942
HSM3570,0.4116954927982043
HCT5417,0.2374985703724649
HJH6473,0.40467780117349494
OGM5986,0.19408951872858027
GLG4293,0.07401398897541608
VWN3938,0.26300269773291307
GXA0045,0.15294297843408594
HYI7006,0.2691111470267678
MKZ6848,0.7603743918707726
KDF2835,0.25397760981620776
JKP5380,0.24859680370696247
OIM8727,0.4454242821065428
VUI2290,0.07585020050845354
WDW2129,0.4608814218397262
SAR8093,0.2506680381049185
RAT9039,0.15590721270867194
WIK5954,0.1276123484502303
NVL7088,0.26713621245257463
QFF2987,0.3653053611625878
WOQ3211,0.28448556003881514
GWQ2895,0.33810981161507564
XFB2979,0.29275837724246545
JUR2499,0.177895066672369
FTD3973,0.25029502075937593
GAF1548,0.07034154525337714
CFV3986,0.44373696101577875
CWY7712,0.3727465136778724
AHR9467,0.1312683280151477
MUR0716,0.3301205440372135
PZZ4271,0.28033508156367626
UMW6557,0.2549256088189327
UDL6067,0.3352236647156767
ZHI4043,0.16098003524538018
BKU7239,0.16774572030537485
AWV1442,0.16883597741272247
LTU9152,0.20561990271918204
GAA7231,0.05284248820270453
TYZ2295,0.3118720919937913
TFC7836,0.058405331607628834
GRX4717,0.19247291411733344
PHZ3014,0.07107970608369246
SQY7131,0.25916130640619567
SZP8923,0.13218384035949163
SHF8940,0.24858152369336042
SIY6976,0.3172943545848599
OUU7553,0.34755989407542137
IZY8370,0.11819867592823327
UFP6673,0.3894712822656058
YCD0298,0.4619413152841191
GYV4279,0.09530935449639155
UOH6028,0.24996164769657625
URM1669,0.1614132995965392
WOK3312,0.1503892533505107
VKM9785,0.18119094921038012
DEY0553,0.13356404641213027
KOE0267,0.46311179645736966
QDY7816,0.30699711113323946
VQI2890,0.1924560844687759
LRX7049,0.16991540565708405
QPV0099,0.18561809890805248
KRV8762,0.1587461309785479
VAC7571,0.27063340544626613
HZB5860,0.15331216082961907
SWN2244,0.30831079137420964
LOO3134,0.09200121678707504
CJC9458,0.6156804128084676
RGQ5084,0.24264656188029618
QTL8583,0.15459411487181168
TJF9910,0.15388019927091456
ZTS7674,0.18563645101690565
CIF9346,0.3627408938134902
PLT4718,0.16041418531328638
OGH1176,0.1708975045907892
BBM2431,0.2657960218591164
MMC1438,0.16502708250161874
JLL4117,0.1312274214227961
SYK4331,0.267061068367467
QSY9890,0.07625334266086986
DJX4643,0.11976897848327925
COJ6421,0.31875181040570943
HNO4349,0.45925866626067685
XAC1384,0.4804784029717015
VQZ2493,0.624794244335529
AOO7588,0.12871484704456054
NPG6848,0.17202992465186057
COW1344,0.21067585967306618
MWE5697,0.24247833966711163
VMY8506,0.14286779809694858
EML3806,0.48095055360432143
KOM3157,0.0445396647965112
OLX0382,0.2572048771433392
QAA9380,0.2528807495862506
ANW5580,0.18478711731041253
ESW6215,0.1854854950835374
ASX6995,0.07631676447365073
POP5770,0.1737683148068305
BAG5404,0.43051127286565977
LYG2422,0.35984300018167514
VNF0722,0.24289177378850302
JEH6392,0.10068324061791238
UPJ1865,0.13205868837316959
FKS7618,0.3044551115088819
ILV6048,0.13397444969358815
MQI3920,0.22954075498640739
BYF0970,0.24689165683314906
WCO6481,0.17812705928390307
KLW5610,0.34422959836136596
TRL9207,0.1532429601293778
JXJ5162,0.4359403989097745
IQM4120,0.16174443849688958
FTE5233,0.18879745923347807
GUD3977,0.16883177816191294
ZPP0234,0.35723616184707496
EEF1466,0.11425117795797983
VOV8606,0.431835334330002
HPR5191,0.25710022412170896
LYA8405,0.295495069025244
WBU8735,0.3574502307663016
TQR2275,0.17778961928589038
JPW5875,0.5958031197134556
TLJ7924,0.2873011824631899
XMY2043,0.11352240146680379
QRO2231,0.2143101265498393
HLF4845,0.23733089602649252
UJU3717,0.2999206346432045
ORB7785,0.06880293188687096
URX8712,0.21102648268221413
GFL4830,0.2341553186327461
QRI3011,0.3877268279409463
TWL7361,0.06194813196584453
GSY8311,0.21701871617094876
ZAB8662,0.16768400748798276
INE5446,0.26442511748929
NAT5345,0.18489819252324313
BUD2177,0.1618034749621567
OGP8515,0.22457262571928804
QPY6663,0.18452988623836514
RLJ9691,0.12404686344666804
UKF6131,0.20275054500353734
IGK5300,0.08743896044043727
BOA2857,0.2618714101987784
OUJ7375,0.285109510438164
ODW2622,0.39848462229940473
EFV9929,0.6029355004866542
UMB6250,0.15676920267762415
ARY2581,0.07522089555419186
FWD1267,0.2536628786697662
QWK4961,0.270228796367434
RWR6816,0.098889602264082
DHZ0702,0.36088383586729544
CRC5041,0.5213467850286524
XOF2459,0.4594252060629349
WKQ9187,0.13471723981743064
AZV9085,0.1608551576863957
YSZ6492,0.4205987904150838
CNK2218,0.30190353903284345
OBF4098,0.168906984150696
LMY9061,0.18577194598078678
SPA0324,0.15651302024519415
QMB9576,0.07832707477235687
EPE0986,0.2954679651119112
YPH0413,0.2512571147084336
RWU2048,0.13497573469368737
XXL3715,0.1546735349227139
LMY8761,0.5765208208652767
VZX6168,0.06729294044737905
TQC6813,0.09927360775680008
UDQ1869,0.16356189669936572
DNH5723,0.4339562117965793
QXG6300,0.22418093464975378
SKP0307,0.06625928702502042
KYD6619,0.251958684394725
UBI4597,0.2183063260201541
XJZ0694,0.1926693549411067
VCB7873,0.310217499790413
DVP8229,0.10981144338262762
ENQ7050,0.6139757698983674
VSO8083,0.13597537719732414
IVW3734,0.21567360587808238
STS4967,0.2689566022778735
NQY3007,0.20871888784570838
RPA2336,0.09827450224110226
NKE0904,0.17997030258857707
IQI3842,0.15596485703191867
HKA5518,0.2951360165739678
GOS8577,0.1398825288833971
ZQE8717,0.06731052541348746
PVL0488,0.1561389146965804
BNJ8623,0.5736502321619034
GEN3250,0.23381365597399092
LWY0125,0.3901542087010426
PAJ0655,0.10113353466683005
DSJ8355,0.2987429793567555
ZTM3982,0.2525585405073281
GTG0544,0.11351805677289308
YNX2835,0.22863748797245373
TGN2850,0.21261858763602898
BXX5261,0.19083615771573767
HSE2409,0.1611189155626282
DLZ1901,0.22778290787929814
GEJ1320,0.3562907518545942
VWQ6022,0.1895127054655108
YOK7020,0.39825318626446854
CBJ3105,0.19387947870120523
VSY3899,0.2613877765162849
VTA4221,0.2714448229536477
HHB5509,0.3753246163541387
TGZ6086,0.20444226126281748
RMP4380,0.1836680665965932
UPX5708,0.17022131462952814
ENL9282,0.1557671216591151
LZH7750,0.17512554819461254
IBS9693,0.21713673329569438
PKI0279,0.24081677909534438
MNM4404,0.13848437282062365
LHG3702,0.3185942978232072
QXS2664,0.19711293168494667
ZJE8725,0.21577168812174352
OJA7001,0.2087476578621686
ZSQ7961,0.08945490715146891
YVV8348,0.10000532490882574
YEM8450,0.38681857564034516
OWZ3181,0.20263983132029764
VJT5618,0.14826603516663972
IAD0845,0.13423340051832208
KSU8228,0.37995752790287907
AKD2635,0.2348840328121689
DPT3746,0.10963878996604551
HBB8000,0.12188989796968179
XKS7078,0.20875579963655688
BSW6379,0.3147148853460986
NMD9061,0.16589587844662482
DQB2981,0.15307596239050653
CFD9987,0.15236375164601584
XYJ7765,0.17593955215814028
CCO6993,0.14442662718869245
LMK8623,0.1182854632403581
MHO6527,0.1101774093331129
MPD1810,0.2258600776941976
BTH9628,0.27939365748178746
WRF4157,0.2579402841710956
XXN2403,0.3285182264868672
FFJ6322,0.16761601843817703
WZD2412,0.13302138422998422
OEE0398,0.14361205586815
GMF4223,0.15559800121071338
EVD1832,0.3049312980643722
EAO6665,0.3795483151994896
ZTE0996,0.15168974220913523
WJI7604,0.17653219646363635
GXB5604,0.12491401308482988
FRS8324,0.17179608081373346
ICR2183,0.4524195191255437
SQI8245,0.1107508638850892
ZEI2787,0.4767611866953042
UHX8290,0.11255273717417366
TTO8119,0.5195427795207191
EWT7697,0.19733567921317138
LKC1392,0.19213014537876982
KZA3127,0.3825409881355089
FTW6416,0.384558183858219
GFW7003,0.4544817176198418
YTT4302,0.19810716841405712
EOE9840,0.12255685100975963
RWM7830,0.2783880037280098
GOB8336,0.12029540181572665
LFV9110,0.06406999048612771
JPW2124,0.16689890884083583
BKF9745,0.11144621851800772
ZRA5115,0.12252708438934062
LFH2159,0.3430869198453797
VMS1291,0.06243561854246331
PMX7872,0.514247557321626
QXX7294,0.110103575266077
FBP6560,0.05166675271089271
VEK2855,0.08325273972728828
ZVI3482,0.2176770632566503
WID7204,0.34204835582633364
UXR9283,0.20884230525643174
GCR0520,0.044077434658820004
ECC9768,0.17167302914647975
BPF2428,0.06442650746254369
DEJ5473,0.12727857957811206
XYO6541,0.12199260419054372
NJU1327,0.20409062825761526
WSK2569,0.40609956101642897
MEY6847,0.4479481586759549
OCI5920,0.18875990789699867
BFM7635,0.8273543129586349
XVU0737,0.11151009351951445
ZOS1822,0.1778372079160442
SKD0534,0.13969630986677914
ZBX7132,0.2293269900613886
MMO9244,0.10175660643171615
PRR0310,0.101976749337541
TJG4761,0.2827625839624609
BBN2496,0.09020305154140895
JIW5388,0.5980751607157563
KSN0005,0.22899014136110282
MOK8564,0.1926688308634683
EUB5732,0.20885298839753752
NLQ5109,0.16931202803577142
ZXP4295,0.12293610482997838
PAG8472,0.1909430784903665
LXR1978,0.12275169614507106
BRZ3164,0.17413612382399188
DKT7237,0.1751854772961316
ZCE2914,0.15388905316366897
VHI6516,0.1929727037275704
UTV4967,0.26156726010147463
USJ4246,0.34803103583490846
HWH1249,0.1589709766277876
ITF4864,0.3412475653125693
KNB6126,0.14764729120085845
QYO5313,0.24821952206447295
WIJ2188,0.3250105977167723
ZBJ6751,0.12947128018109128
VST3056,0.10499006172791524
UEA4586,0.1768154314004131
QOT0490,0.12969828520130433
KAG3392,0.5238651753891277
SUX3398,0.07941086061622275
GXR5119,0.4726847289246721
WVZ9101,0.23514941391899655
XQQ6405,0.2801086686506615
ZWH9628,0.1578590512642357
OMZ6112,0.26774746408395494
LYP1066,0.5430551790860735
ERN5227,0.4343550168514512
DOA5901,0.11448850010593821
IVS2527,0.22355971740665206
LJE2834,0.16969986824030375
OPH7321,0.33721152517512437
OWH9677,0.5489442357234984
XGF4872,0.1641617082142951
PKM2654,0.12413855476545532
RVE3128,0.4501638946330521
HCZ1235,0.45237220405943385
QUZ4412,0.2257030389592439
AGT2111,0.12278925833561824
PSF8463,0.09266663991011159
KBU3273,0.4543991124699086
XZD4636,0.39985650384153154
DOO2539,0.2525330012663693
HFY8294,0.06039576625583186
EFC4627,0.47398873612038117
MSV3690,0.08984125243397241
TIR2213,0.24648341254126796
OHJ3283,0.2752915401660325
TVM6927,0.5641935598889752
TCQ4437,0.24025361358859337
TWF0211,0.14494136438128716
SCV6838,0.1018775425305015
DMN4994,0.22539634851399606
INI8518,0.267179809950729
SDY1000,0.3373079626217427
JXM4061,0.22425383964216875
PMA6094,0.14684782549645323
WTH9861,0.40836089369559725
XXB6736,0.20832572455944637
IJU7206,0.35454494396699787
RJZ7847,0.19004959482785502
BJK4564,0.09322089687172852
NDX0091,0.13988453105798176
NFD6321,0.07048151694396568
TEN1858,0.07272389693598946
ITC4358,0.1550635453606337
FGY4048,0.11762797058889005
CPQ0026,0.2161135863439794
PZA3978,0.2022686111881037
JOR3671,0.16556997728339456
PKI3568,0.15656660378888798
TBJ6999,0.4106024583217983
ZVM0946,0.14135609328383814
OQT3041,0.5895929918545058
DJB0799,0.2449062667389553
HBV5727,0.39357508299453714
APF9285,0.17575839327874482
UXG0628,0.2720042528483198
COL6410,0.3306855185254392
QPZ9639,0.24742595276610851
UON2161,0.12890012411054777
IUA6276,0.21743421638166693
SLE2186,0.17623068925793786
TLT4666,0.1703547015768663
SCO7140,0.3200186561192684
BID4149,0.26473068387012694
BYF4218,0.11743735204127466
MNR0110,0.2689725627078212
ULV2517,0.28969335416880265
PAR5191,0.2541408661400037
YFP3399,0.24948530351066092
WUZ3632,0.13235398596753578
QDA3476,0.21409248738153275
OGF7039,0.5100732234584534
GPS1812,0.3882097641785217
ZAJ2495,0.39408476689775745
CJP5768,0.3397153877543112
GYY4735,0.31812509163772185
WHD6815,0.10903103734324895
RAM3944,0.1012106653537551
AHF2562,0.18670576287199675
PHX3766,0.12763377860184605
IMO2872,0.129772985213051
CNP5354,0.1322222489292733
CTN6782,0.14993025455947856
PTO4108,0.15030181726464734
KTY2623,0.14662544402219632
UDY4764,0.4764348735313002
DZF4635,0.17772894910799342
BCW2803,0.22797366543486056
RFG2472,0.3668976529878855
EAF3848,0.10008915196700094
CZM2079,0.09681126589323076
ZKL4083,0.34710938753078635
MIK0805,0.12060605667751148
UZI2506,0.6337912831738631
XAM1154,0.30488298180164985
PVI6541,0.6866694472466063
VZG6189,0.6144675041321952
BRF5316,0.31276310344912434
LHF0941,0.3507454917302546
GTE5510,0.18847520405016124
GYX6928,0.1307819551354402
QCY9581,0.12033575823084444
JDV1123,0.12421386554977815
PXK5315,0.10870059455181941
NKW7035,0.25047163695780505
VQX9879,0.16373156000094755
VAD2981,0.45637123504567395
LHV7423,0.29746484640501997
DRJ3471,0.19521387892244957
NAD7807,0.2133049749964777
JWY7649,0.19818547948512819
THO7074,0.16351080859315092
HXZ2367,0.33659393324485914
ZSW8883,0.2174351819349984
TQL1788,0.25505930122579806
MHA3207,0.4070266214779606
ESX7797,0.07384182604175535
AZN4578,0.12715794956078608
BVH2792,0.15489353403222111
EOL8504,0.3165592976538566
DLL3527,0.2675988284778419
FRU5617,0.19063112945997235
DOA2423,0.15410084613961936
LWW8841,0.18078720587608163
BGJ1341,0.1941964261250388
UWA7636,0.2887926933534548
FNS6374,0.05914842393735087
ZKU9184,0.22034446092565885
MYM9229,0.5059137951243691
CNL4026,0.2065437251268784
BGN9072,0.35871252676891446
UNQ1367,0.08667625741836456
XOQ9765,0.21963693096825623
FTD2271,0.21267988054574996
UUM5139,0.28234978433868835
EIS3052,0.27553478834717315
JKF8552,0.22451230475108833
KRN7329,0.14762730729631873
OUO2432,0.20047834663413028
QBK4624,0.316004138770831
FGN0012,0.2972782710993847
GAI2781,0.3013887120176958
KLU5273,0.07651792991890036
YOL0313,0.47049869943899103
USN6075,0.194172456164587
SGK7112,0.4018970618437241
YUE5724,0.20918458128094206
UAW7134,0.2119115412512704
RHQ8345,0.2561215544694382
RQF2533,0.2838799740838835
ZBT6866,0.26620288117185564
KYG8599,0.15299227819464548
UPQ9522,0.1291792951986651
UCU4704,0.21506651686838937
XAD0851,0.06179643621614299
XPT9850,0.34997339083041934
OLV0463,0.3171142305509591
CUI5604,0.12795967724358903
WQU7921,0.08973307460822656
RLI5225,0.21262262106302623
EED2034,0.09935736713811366
AKL8171,0.12900727973979034
WEE6596,0.22133230672539186
PTJ7041,0.4437171592635503
GDT0244,0.3508511397660392
RSQ4934,0.06200347530142292
VRX9705,0.28771335953822025
GPE3631,0.08868143272382759
JOW9926,0.6454402622372132
VIK1863,0.38300240071668035
NVL6534,0.3083885908492009
QHG8919,0.06545617788943464
WCP7148,0.2266971853601701
TLY9214,0.14257163567713374
DJK3149,0.3018093412176965
FEZ0727,0.2577863933384749
YOM9469,0.26050715402922026
UBK5070,0.2574149368663285
AAS0547,0.2612367789649347
VWD1732,0.174450154514608
HIY9904,0.26752805282333947
BVQ7153,0.33303643851060233
LGY8368,0.3948177698728033
BMA3899,0.18200343415802084
VVX4694,0.07738518448275285
IMK2918,0.2949146577658286
YUZ6270,0.21163585227014203
ZYM9424,0.17019901988081834
XRJ2315,0.3847383506467032
IDD7799,0.11852080401691302
FRN8579,0.13793893004550675
JHU6135,0.25185996273263955
VDS1337,0.3260314958226311
PER4129,0.16351030740645148
RUC7755,0.2489980581748008
NZN0284,0.446787655614276
UKP7195,0.45795044253909395
SEJ4725,0.16976530436855297
FTP5392,0.412418714995314
BOQ7717,0.37935161702524534
JNM9386,0.4883659250219493
UAJ7272,0.04468144110243763
PRI5009,0.2240669304354854
SHM1712,0.14089795221445336
SWO6965,0.32548494714121085
KFB9546,0.19968362198441447
QQB4653,0.23868387829850632
PHA0404,0.07562767737441183
SSR4486,0.14143463727199546
UKI2868,0.13493792071804608
AXB2199,0.21100123472053808
UOS7094,0.39071814861809434
LYF6455,0.1792602084153073
LOS3155,0.24242549211291659
AXQ3876,0.2975165578676105
GWM1097,0.4781113959879618
ZEH8158,0.6713614715256959
OBD8591,0.4228249507635261
MLR5938,0.171917404726869
OCJ0092,0.3145918435615195
OVH4365,0.5438448121505228
CYN9635,0.27116176777335343
BMN5555,0.121478321183772
WZC6296,0.2228701014204828
DBQ3455,0.13868177985916538
OHA5515,0.1773346404696119
EHX4627,0.40938181671410784
LGJ9688,0.17769859211733888
NJN8094,0.22110027896319023
HRH3000,0.23607350044498382
THR1355,0.15648314492016568
LCC4833,0.18218735584271453
KZZ3219,0.5127155709619458
SYH8984,0.14307134465938925
NER9898,0.04616235818398201
CJD4837,0.1256637479185495
NKV5527,0.32045002430437575
LKS5211,0.06298321844989899
IAF6833,0.18318498158819727
EEU4202,0.11009472957481403
XGW9909,0.336354485494463
UPK2830,0.04278706628770878
LII6921,0.16815374283988388
BDH0866,0.16916015752221167
IIB5822,0.16099907230625735
ACM2835,0.6186186722040443
FGH1485,0.16863222939195793
HKZ7723,0.22906940275648588
UMU6066,0.3646444197801236
HXY8339,0.3393788123330063
XLD6579,0.1509186713248492
DHQ3602,0.22022381852146292
HBU7419,0.11243147573585496
HHJ7156,0.23138709435952257
LBN2287,0.17308066032539252
QTG3237,0.24016569819671027
FXH4110,0.252635821300285
WJG4417,0.17191647278491878
RIJ0802,0.1438917585502722
YDQ3107,0.2209826212753749
UBK4003,0.26498677053953007
HVJ6067,0.1902754428146878
LUA3795,0.04369620944731607
NUI3132,0.14164891288356116
AJM7387,0.4239627373549081
AZG6236,0.11729293259543801
BSI2619,0.3553498260350313
DHM1013,0.21911615037282461
XKD9271,0.07512817537611481
NMU4177,0.2051971642929157
CWJ2732,0.28578266609912617
BTH7777,0.15384419350952047
IIN3898,0.3792389319082306
YZK9083,0.132732142852581
SDC0837,0.320500163186335
FWI2945,0.11406141931003602
OMD5376,0.05251052133005708
REO1188,0.1383230616516074
FRM7796,0.3626496764932394
JWH4432,0.18312111754774282
GRQ8737,0.15143879662276213
LVV2133,0.08357822590382114
QQB8724,0.113496510018441
YUT9546,0.18731593825065918
WXC6361,0.18935565950860195
BHY1451,0.10063359687418695
ZII1542,0.21042845389656453
DOO9843,0.7347732210687407
RZK1351,0.11463787754091209
YYM1312,0.1886996190365699
MMK7965,0.46614928347887735
TTU6295,0.4688981529601002
DAH6958,0.20715935722600168
PCO8490,0.6290609947342625
DJP3433,0.19990755700371884
OAA6548,0.10700357427178929
SFP2263,0.24171285833589692
CJT7713,0.14486179762762508
BJB0699,0.23171487960404988
PJF0726,0.07734178718002126
HPA0283,0.21164788133425205
ZJS3044,0.37440684469439667
OPN6394,0.10406268314586246
UYM2119,0.0901576072870779
ORI6815,0.20638304483905845
PND7208,0.21512492008798842
HHH5760,0.18936068322321645
LIQ5670,0.24768591654736885
QUB2406,0.20714655601754803
MIY0143,0.14669306376267124
MCG8811,0.34450778438899365
MHW2096,0.24729436707767344
LQK0997,0.2703857919255268
OBR4658,0.22123068283778674
QZJ3393,0.3249726148684048
RTY0569,0.06621270025734184
YOB4544,0.1890477762572785
QAL2426,0.28981937769241867
PDU5166,0.23721095303236112
KUU2207,0.14942897308789613
NJX5033,0.41268264709284924
OXK7667,0.21906035960492776
KLI4744,0.08448248984995653
FES2855,0.30643066546265424
ZAB8325,0.6296754690725611
CQC9277,0.17681496598597118
MBF7782,0.1927759515725783
SZZ6788,0.33678616964225966
SDR4540,0.1917298191172723
DIL7710,0.37000097170274276
TKN4878,0.4309351786247306
XGD1675,0.48811260765090553
QEL3927,0.08264508304077406
RTY6219,0.28228994896751025
WWJ6659,0.10788286676607316
ASU8300,0.10306276639373703
XYB1679,0.04228114413065825
RBU0914,0.17267220297460806
UQV8798,0.17274821480058955
JLP9320,0.18022928903557492
QWQ7004,0.18126657796995074
JSD5400,0.162551448241457
WON5434,0.12827738842569278
YMT2795,0.1612512021059062
LIB2206,0.3365911421830088
BCP8558,0.4813603656419911
SXM4193,0.19343785874830988
XNJ3271,0.08451243259602517
WXC1747,0.16428588516434114
SKX5603,0.23719054853086177
AAJ5590,0.14923312061151459
JPT4045,0.21775403555029588
TCX6417,0.1527016337005626
NND5256,0.25271812503640634
AWM4830,0.20052772969240154
CCO2782,0.4108760521398799
XYB3729,0.12688236143499595
PXP3498,0.21477304183634352
XGG7955,0.4408714079190535
LYJ5084,0.1985708263162217
ZJO9311,0.1098808705605742
DHK9700,0.12006328700358333
XVI2143,0.4231025874447497
WBP7682,0.1541938124989273
UVG9357,0.3778694942929934
FRD1898,0.11756620347174956
VQN9954,0.09382478471586221
UDU8569,0.46013149654393004
GIS5379,0.209969345558198
AQL5845,0.449560755607077
JDA9258,0.22088418403754456
BIL6692,0.5639498610613667
WTD8139,0.15675850423378151
NNS8064,0.1096274752257985
IQT2995,0.18628093838787826
RWW1032,0.30477115721069004
KYU9106,0.2714439118420614
PJL5141,0.18019619039519574
MRF9734,0.25142057247174027
TSZ1464,0.30730110108220327
VOD0368,0.2755071508746253
ZJO4648,0.253869701973364
KUF9356,0.13576936133230527
SHA2863,0.26933303927584157
ARZ0060,0.13374620385895059
UPP9315,0.2533068097329628
JPH0891,0.1063153165081689
WJC6264,0.2348238252527249
XHB8908,0.12859749917490154
FGS1465,0.2829129193393476
TNN7189,0.11978189159731097
GBV1525,0.2528828832098305
UNM3035,0.2428513991272594
OTH4354,0.2059939690869686
MWK9161,0.31160053940680077
XBJ1523,0.2989790422990331
OTQ1307,0.4663711840331251
QUI8859,0.428965137283633
FXA1974,0.15554079331683401
HQZ4083,0.12095331151921353
JRX8081,0.21083662615429358
SMA9339,0.2244920973715798
ZRV1847,0.2589657616321776
GSY8940,0.18364382919080696
HDH6951,0.15616480344824782
OZX5767,0.40799048609173866
BKN2732,0.3151824402903018
MON4409,0.28968581789204245
VEH2084,0.2952753940535832
OXR2175,0.15443964145979414
QIT2040,0.22541122565579574
NDZ7253,0.3212178464365439
DGN1477,0.19902426102063797
XKG5616,0.15561717578126763
GFT3859,0.28732820742787407
ZEG3074,0.15989350266526675
ERC8823,0.1887070342535314
ANN1757,0.5638535802557941
HVT1416,0.2628920820718644
FNA5079,0.16380997266056435
YTT3689,0.06161818824449892
ZRB4114,0.47023470688128877
LKC5167,0.4681234374468177
QKO7079,0.22913919619929513
NXS4393,0.14300257616319864
LET0397,0.24343705727377737
XVM6189,0.23078376605257503
MDW7993,0.1788816117281586
YFY9264,0.21756730027037716
MFA0286,0.13578254560907418
TRX1943,0.19421280894711804
AVG8200,0.1892547715680318
ZFJ3116,0.40421198769720906
DKB8692,0.3406896789801281
JEE2838,0.07121934298819776
EED4838,0.09354734263079009
BPP1288,0.13131358699688928
DOW2822,0.41621584954611357
NQI7015,0.4719164966667046
ARJ1652,0.27173883645603153
MKV9833,0.41677465050274887
BAG5364,0.2449481995011842
QLK0972,0.13699279154450036
QBM3534,0.17084988148375688
XXO5042,0.12211938733237099
BWD4481,0.2780191912098874
DUE1526,0.17455719867386554
CNP6504,0.14291587523239976
UDL7915,0.22113587676318155
CTQ7672,0.2751323044651866
EQY5043,0.11655198840835855
RLZ1107,0.10026049292694578
DXK7889,0.5455376383838393
HOS6888,0.11436193860142883
WFP2253,0.23596873983856412
ABK1979,0.06614856248769395
NSB9683,0.16002914890967843
GQZ2156,0.15738415837427258
TNP6583,0.3231390918966986
UNX8157,0.23803786036936428
OPH9058,0.49049451581559933
ARA1083,0.4945071122659641
CPR3859,0.14905396017011105
DIT8983,0.3116464429138343
JXX4274,0.16646911065886463
DGQ2285,0.5095143194271029
TEO4197,0.1668960048413721
VLS2232,0.22504322754962527
VSL3471,0.20343796129297403
VKV3009,0.22169474532302383
VQG9824,0.20464355169648954
UDZ0523,0.2651659315670504
RTZ3365,0.09680720984876454
DUM4265,0.21150427644317002
OCW4594,0.2529048753755012
PNY3340,0.3614186537033631
TKO2407,0.23813600726254394
RBK7640,0.15515438424337974
VWO0656,0.13357070782535346
PVH8216,0.16252405811889029
PFV6207,0.4146398663621357
ARD6927,0.4868060934429951
BXX3179,0.08823510658453061
EJA6722,0.16522403333145744
RKB7690,0.251135528668159
GSU7345,0.36642004763801717
MTF6536,0.181058456661827
EEK1731,0.13518613453436473
XKE2034,0.30086960577007327
XFZ4451,0.28930677996434717
DNV7450,0.060230056684832944
DBM7804,0.20462545735103588
OSN2115,0.17290184655212518
DIE2462,0.33906955990741683
NCR1938,0.29687187591750913
SLI3385,0.1840507855354043
IMV6618,0.37080937913981543
MWI9236,0.1175890964729374
CPZ7415,0.28038860693096407
GVA3046,0.18620705353311248
VCF7450,0.13442240026055038
RWR5955,0.4888160655406557
UNR6482,0.22987004804880884
ZSW6504,0.24316642734832072
WHF7797,0.11666420883626492
JRZ1587,0.16869254915070936
WKN1856,0.4050736545739404
OKO5198,0.31745501432639706
ZOF6714,0.29068951483018857
HOV1633,0.16365375001732432
HHL8001,0.09996812308352877
KSC5408,0.24456686288813784
RVG8305,0.4172492639586152
PXV8041,0.21840639624093947
JCG5205,0.0823731838237346
EWG3114,0.16544066717962794
AWF8804,0.23578745534449155
MRI9171,0.10008355595071708
BES4026,0.1972130369490179
PWB2790,0.108710294673148
MKZ4027,0.4151900226046089
YRJ8304,0.1315399426495516
BJE4168,0.1662686242858129
WJI4276,0.14681713593114545
SMG2272,0.20480091046053883
SBB1777,0.2810162499817012
PQK3153,0.25823711765056756
EDF5544,0.34769685726945954
NWV3159,0.22015448861604858
OPH4418,0.2536562295014903
UVX1686,0.17923577443081673
LTL4424,0.18188240201437003
HTP9675,0.055996325110438956
JHE5718,0.26808959536885224
QWF4463,0.194978321832577
UFC9328,0.17484857963682
QWG8477,0.4559891082493277
FLU7651,0.22532634816014382
HML6971,0.1764754712209189
JCO8536,0.13446022878695382
VJR7001,0.4260448869615561
HKE7026,0.162671859070189
NAZ5847,0.17752467156057056
DLH1235,0.19957032261794888
VWC1889,0.21331481229799892
LQG2414,0.155196992069701
BTP3447,0.20179635965896042
NIH2856,0.34852179868138716
OFF1083,0.19962075153016437
ZQA8799,0.45705918822833674
IJK6751,0.13499189580004478
BOB6176,0.19912962785804456
XFP3339,0.2050075975297542
TAS3348,0.1281748570898144
BHN6210,0.2765939032924427
GNW5149,0.28656929812332
VVH8291,0.3230954761941683
HVW6558,0.21596863212614645
LHP6615,0.1479991017932307
RNJ4226,0.2533022213534702
IZN2011,0.08752669880996998
SLM7035,0.12709944820139193
XQJ1139,0.23748086068925517
AMJ0335,0.3857305500811008
SIB3087,0.32621847241117224
NLJ4328,0.11458518043144139
LUL8746,0.1857168288139361
XTZ0050,0.26122853185245093
JVQ0976,0.1339496471105719
ELW9308,0.16251214157145177
QYH1973,0.19704078927076848
AAL6035,0.2427359196100294
EQI6267,0.21418797865557493
ZNO8211,0.1291947522937639
DJG8036,0.2345781958002303
LMG4322,0.19873929281332153
ZRB5371,0.19593993248778865
WPV2188,0.4800618914760421
PAP5839,0.25713383766294096
VXA5180,0.14073151802698675
GYS4742,0.14758298383486818
UTG8994,0.1931174823078659
WZJ4218,0.19240086994107533
MVR2420,0.10302269971458772
MRB5680,0.25771351718952246
WNO2118,0.28543021204096003
NGV3962,0.09420874355905279
HTR2914,0.33498368977388454
PKM7354,0.13819272130260354
UAL0916,0.2559957413991302
TQM0482,0.21877467606032064
ZIB0347,0.18081313914152036
UYN6870,0.3251420745185064
GRT4611,0.37511964516399854
XFY3621,0.48033129422415227
VFC2623,0.2756099192989333
WZF6184,0.3802336495622678
OOJ4678,0.23100627404025875
RJP5764,0.17628051486052598
AHZ8000,0.4413303132156189
HDE0780,0.09169769219634087
JLW1736,0.2740505762914074
AWU2812,0.33112515591463054
AGX4063,0.19229858997390967
XCL3451,0.2557583047476287
OVB6800,0.15678214862570064
IXQ8744,0.1826217474051686
EZP3118,0.18959575910427737
QWN0794,0.6154351816501079
VEV4096,0.2403721531082184
VEU1076,0.2875974174127574
YDV5701,0.327065031389352
PMJ7354,0.18689743563467723
LSK0936,0.27837177972248256
OWL8934,0.24441581229476053
SDV7836,0.34286909412342065
QIL6179,0.11670724046798861
HSX4903,0.2870761199961529
XOU4343,0.17456650204458463
KFI1941,0.30463468550907963
QJE0535,0.25746437995376825
SLE6915,0.1054026263314218
SCO9217,0.1506850500665119
MVT7781,0.28316698969646253
TMG7575,0.6006815856259891
IHQ8441,0.24181298635417173
HXB2178,0.14279213381455522
QGW3324,0.6065719353419682
ZRV6802,0.2218133447128464
UQN6219,0.2229962111697046
KSO7707,0.1280830052108501
LMG8449,0.09826363137432088
SSY7236,0.23018720488974526
AXI9652,0.20076645257570278
JWO8793,0.08020559249250199
UUB0607,0.2571384172190937
ECD6444,0.1897112484010322
BBJ5618,0.1826942237410321
MHX3291,0.18241694603552544
PZG8347,0.22743705922132143
UKO0197,0.22492723886958935
DYK7152,0.14169130082578119
DWL1376,0.2405004277214478
OMX1967,0.21807923490987485
AIV8783,0.22083877534715343
CRE5923,0.20415040529910652
HIC4011,0.2099796101726603
HOV6112,0.24570198514066202
KBF3850,0.17510238682988377
VUI9301,0.25892183747963227
XWS7934,0.25063702583212166
BEE5677,0.15987688389208513
JSY3976,0.38223780558857906
BMY1563,0.38595932929680643
HXQ4485,0.4952332693020515
TIS5890,0.2132500721348193
FKX3159,0.1944709073642037
YMK9880,0.2406547710698789
VCD5495,0.2609738216170497
FOO0472,0.34446104756156726
QZU8396,0.22466260455593268
HTC6808,0.07564205180242273
BYL2752,0.12759747228744148
ZAM8218,0.28059625828897516
IXN9654,0.24831669012729243
TTL5403,0.14130807884948862
QYE5349,0.3755040411061425
EIC7153,0.3315668951260863
XTA6550,0.31434390967282577
LJX4501,0.10575741695839425
SQP2640,0.2314111467383116
IZO4596,0.206109939989625
FWI3799,0.3634599345105374
AZU7246,0.2838327225448133
ECB5710,0.4297758797238556
BQD5122,0.3889200443626837
UYU9430,0.13478642934110754
PCK7063,0.15342780271981307
IEN2498,0.22177130784357876
TNY8680,0.4296820658577266
UCK0106,0.250675264176725
AOB4977,0.21979244807663048
PPE2382,0.2969139018827644
FYU2252,0.1786445114431274
SIU7145,0.25850429223244653
HVR5096,0.11049607771412065
OGB0163,0.39465492916753764
JRS7729,0.07320604441662476
IGR8562,0.11479534358309072
JEX0834,0.14659366221388515
TFN6722,0.4159678429236682
XKG8280,0.14824316835201584
FOP8068,0.23600569402968655
AYU1495,0.24555971666087345
VQP3744,0.14489735323554923
NOC9056,0.15879918354630335
DTA0824,0.1697845877359603
NPD9854,0.22459185471880705
FXK6082,0.15432984654464862
EIN7977,0.05563295324597348
FTW6027,0.44296826966796465
KBR3556,0.20893924634843608
EHC3947,0.12709477835568855
LQQ2433,0.1937534320038556
IDG2104,0.3118644839321779
UZF5415,0.17154623000901362
MBP8060,0.29221664057085267
BEV2395,0.12042326498162584
VSU6747,0.09224326877593138
BCL2284,0.12659472289264126
RAZ1360,0.18573005787766408
EWY1556,0.6516487848079583
NNE0522,0.34692371769144553
XQM5627,0.0791290096927461
AOX3558,0.41923076501810086
WUN9170,0.6477137970207428
XZJ3149,0.09292519936818648
OKL4921,0.3901420025551375
IZO0258,0.13971875457137625
WRF2650,0.380502546155249
YZR0011,0.17603019292966002
RJO4245,0.4561113416213741
CRM2675,0.2057238397553914
DKL7615,0.2510218404254374
SQG4906,0.29150132449717525
IXO4087,0.11929769361577347
NBW4124,0.2979264252932956
SJN3966,0.15994274951888654
KKR4361,0.17831526281177934
HEK3882,0.22355895857369765
QOY8848,0.12841584230953262
ZQV3715,0.06087823827985312
UXJ9385,0.24911404760080946
VVE5601,0.2544935040647021
NHI7594,0.2748676112260855
WQW8250,0.27108374339096486
KID1021,0.15081940629848226
MVW5606,0.10538037891251503
VDJ9872,0.3187431817038455
TUJ6907,0.15438561310948143
KVD7026,0.16699063587663568
GPM3013,0.1428084356712658
YPX1846,0.1163437222104532
DHB3654,0.5949360109165343
XXS9902,0.09660293872385206
IOY7072,0.12153532251783879
DLS5038,0.5218308611477603
NLD9930,0.1055990381150489
APM7094,0.3522461808724295
UFW9487,0.27153763882575044
LTY5277,0.3133650765907676
BNR2104,0.27680041865649085
GXQ8493,0.18244675612464384
TXJ5088,0.5198248973819519
HRQ6010,0.403213670401243
YWN0709,0.2004737304397204
ZXE9454,0.3185474330175131
OXB8970,0.2621159903809
TZV1176,0.14770285595709506
BTP3681,0.22631367945054653
ICO3585,0.262786987889528
RDF9417,0.47480002138721794
VHF0605,0.09022193145447693
IAG9096,0.2706221052027644
RQF5460,0.31463640382080643
FER2233,0.17933485492362514
DDX8572,0.07048612943399075
SXI1042,0.16222329296735213
KTM2552,0.09986902293197525
LXB4245,0.22507574666030242
QYH8445,0.4112461494143103
FPH7362,0.2142750086621598
WMO6968,0.16298939542287513
YVY9123,0.4249804637859647
PWI7008,0.10550235954535785
EWE8647,0.2746576688445253
UGH5821,0.24982432668443755
CCC6358,0.2258881935962878
NJM4224,0.1516862798069158
JLN8569,0.24593353627274145
SBS8635,0.13840795983971266
TCK0667,0.13798497184658307
TTJ8073,0.10885378814451034
FYM4884,0.16577674423272
BAH6808,0.08930351824567216
SMS1066,0.367955205051433
BZV7110,0.14693286390784757
QUC3244,0.09999499303625514
NCH5512,0.27582302984815943
MWJ2009,0.12056356000795243
LMJ6900,0.268678231972725
NRJ7601,0.4060275101482172
XHN7398,0.22541287390857778
VVK7366,0.17346984367240287
OOJ7340,0.1604843558114791
ODG4805,0.13505779377655763
TEH7221,0.2979302184660551
RVA6521,0.24298036242485
LDO5407,0.27564393832905376
USN1312,0.18936643380996673
JPE7604,0.12442675425628284
CWI1855,0.17407642718443195
RUG6092,0.1976534774393811
YBW0147,0.3413428925557238
FOL7863,0.16438112086303133
YFD5576,0.09849312372434198
UMH1775,0.12877415835445857
ILG2801,0.35261524523622595
IYC4401,0.3495198518770769
DGU6130,0.09999489223164343
GXN6308,0.038726396218399475
VVJ6567,0.20191534161219468
QGT3401,0.4278280774638895
EHV5543,0.29291426489017786
XPH1693,0.3007832986935121
XVI6143,0.07901741538480309
MVT5363,0.21048573700923517
BJP4782,0.16036892553274723
VEI6692,0.2669206108016565
LSH8066,0.11989323395899808
OES5230,0.08355802749770068
GUS7697,0.23946553653673927
GIZ4545,0.11018083279168144
YSJ9267,0.35405943861094546
LQM2884,0.1798374404801158
VXK8098,0.24899739856005307
LHQ6161,0.10077853997488327
NIB7023,0.469295164417326
YGT5746,0.15581396274496792
OAN1929,0.48833959842663377
RSD3480,0.0794556197620175
GFU7927,0.13425011474290696
QPX8297,0.13460388667048714
MDE2942,0.24122582873273915
EMC6814,0.24522028919395253
RHB7538,0.31714541547759345
QVA1519,0.43870695855622566
IYH6561,0.15331487005758024
XBT4342,0.18875353180450544
WVS5347,0.2281969132277483
RYC9887,0.15737496201543033
OWG0725,0.21525381795217324
PDQ7527,0.3138717443295523
AAA8650,0.2089252022633029
MPS1872,0.4520929433329761
XPC3180,0.29771639577356135
ERE3203,0.19939668635428953
JNS2424,0.5823135392948965
QIP5472,0.16936963977468775
KRI1406,0.20218166077148195
LCG0245,0.056418576504376323
UGQ3179,0.11049707527460009
QTL9465,0.32862386875310673
WXX7131,0.12656234504777106
UBL8285,0.17089805434980068
CFN7090,0.19943200148243678
TPW2557,0.05406753660439753
FNI8664,0.103177061437113
PIO9382,0.24256802082445625
CCZ6527,0.4414620973043506
QOK1729,0.2936344559368986
DKE8863,0.21349634258837938
CRV0203,0.4711735336766114
ZNN4201,0.18987406007114832
CDV7774,0.24117600392195646
EMG5794,0.11851084121964285
WNJ0629,0.5600120287295404
GGP7119,0.21441230916599271
PAH1172,0.24024309829951973
PJG5643,0.24852901646256298
IAM1828,0.1130735345927345
DIK3154,0.22617599367118243
CTT5887,0.34661197343952543
PLX1043,0.1416785967316879
SIJ6453,0.31844499085168126
UGI7847,0.2188622257504596
KGO6514,0.20253326726519552
ARC6739,0.11556360500392483
YAW0653,0.18253012807092342
YQM6980,0.23197955125822559
HFE2279,0.5356090856029738
VZF6216,0.17578915743645132
ZCH6489,0.20563045124088256
TVP7259,0.12493963651712377
GAV1656,0.2910670159968281
WPT0894,0.49535871557188776
YWS0422,0.3786456498469448
XUK7427,0.16771231596946481
HLU2704,0.09443612430384055
YFZ6065,0.2259637096461953
YPM4038,0.2029319846571013
XLE1332,0.1348054056513197
WWQ9108,0.09000025670757919
OBA3645,0.7895582003175271
GUE8114,0.36770314875118815
LDI5459,0.316235065846856
SIJ7030,0.1866709663096027
SGF2166,0.24584477327959303
IUS8573,0.2761559030979537
OAV3919,0.20012775698521604
NSC7363,0.31190051451195866
BPV9497,0.16060256363700218
ILU0718,0.2584541261163394
QDB3206,0.2024789278900925
ELT3255,0.12223672377545035
XKQ2938,0.13941240236736802
AQA0422,0.3587803967208082
PLP7326,0.09315390239819983
PLY6486,0.14597309057854396
TXV3058,0.21470479138484524
HZU6833,0.697367946367529
OYN1376,0.10673821998612695
RKZ2520,0.29382110504170733
VJK1168,0.2968566640015505
ZBV7530,0.32153859849556093
LWZ3926,0.418617141881696
OZK7168,0.0681886307179416
DIC4454,0.2791894556400499
AQE1099,0.15313451500069591
FVI6751,0.3504588704086199
JHS9927,0.3523394476644071
DBB3746,0.28723424020398847
CWX6774,0.35550494906386626
JXD3194,0.3032688501480145
EWS5489,0.4084180132306735
YOO0895,0.06622927124087453
QMM3659,0.15708971351805087
OKZ7721,0.2549122704814776
MZB2572,0.2547876466794548
JWR7273,0.21807580101807267
JVR1502,0.10060902324569435
BII5034,0.05995351542971316
YST1582,0.25183073080924334
FRZ2719,0.27784163785436594
LJL4583,0.12112394716740779
IVK1262,0.11190991789564612
AGO2014,0.10434666611448293
VOY4391,0.22947217154881466
DIA7288,0.5309685369862186
KTJ8937,0.2991918926093265
GHZ6620,0.14284646700091033
EIQ5825,0.1347120527604118
DMT3024,0.21690609411015577
NSA3551,0.11941653285554156
HGA5858,0.180186788785628
SYY9291,0.1394502688772019
ELM2280,0.7469670670441224
OVQ2692,0.12117928205587558
PRA5342,0.5381508339271875
FEX1797,0.32241905375211255
UNW1268,0.516839987241371
UNF3809,0.25317496709234655
AGW7178,0.17745085180046707
ZRE1357,0.2603753804296171
IMT4399,0.1484165517029401
MWK5375,0.16593181645700744
QVR4912,0.4176825122333542
CYK6709,0.20681162771645273
LJJ2126,0.3471939823324454
RUA9027,0.23631822488740845
ACA1080,0.29875316277590414
ZPH3170,0.2814892535350929
IDM4207,0.38023767704633776
ZTP7739,0.06606652639967625
YDV5815,0.589753299998303
BQO0017,0.45495855399534435
XUA9984,0.37516080909614397
INW7958,0.35139582632436844
KFQ2870,0.18039028281228697
KOY1613,0.1549361773768302
YCT7342,0.38753537551204864
QQA9782,0.19030539980503977
BAO5422,0.29922931028668925
KAS6278,0.21120737243489893
XNS2468,0.14667618098906837
VIU6714,0.23354330084690839
SMA2660,0.3138590481687932
CEZ5920,0.036646631598660336
JJX6153,0.24798761945836917
ZCT4811,0.3565919252077206
ISM2735,0.179628450899368
KMP9746,0.17415650551442352
LLQ4055,0.17822796489617973
RRF8912,0.3283754943852024
QBW7406,0.12375191006137265
OJS1596,0.5709703858259938
RHO4507,0.2673317996014786
LKP7516,0.10212853986532443
XZH6228,0.36862818553284493
NAA2800,0.2388952486640258
BGZ5066,0.2540482365009208
CMI7750,0.29850316088960377
UWS1232,0.6314942511749237
UCU1562,0.1741477300200581
CXZ1451,0.4747921769392988
XZI0704,0.3001295058150792
DQZ9741,0.48897123060576714
HHO4419,0.2764522772027113
RZA0154,0.131511463862456
XCM7012,0.2743079976691713
SYQ5872,0.28562688626585236
WGT9197,0.4131182668147065
ZPP2318,0.39924620408478106
YNY5682,0.28512233773212736
DTI5849,0.17348910955098762
MRL8735,0.24609751603652513
NZT5187,0.20559707922913037
HBD0405,0.17768728916707088
FQS4223,0.08169966725450337
OMN1338,0.22844381018858922
TNK1463,0.1542695155139311
WJW5789,0.19681412366078388
FIM7054,0.31453425358084336
FBZ6525,0.18779082269934594
ZFM8609,0.24976472528184665
DVS8106,0.25426594335584013
WQG8515,0.2705094043392708
XMX7499,0.23501147381941953
YEM3557,0.08178727342819826
VAN8479,0.2065502803823609
EEX1705,0.07977125169930299
MLP6187,0.21944591173573472
ZZT9034,0.15290161715623393
PYC1906,0.17023564785173145
XKX0417,0.18384863595327486
IKQ1892,0.7394511759845518
JPS7984,0.22507121785657094
YJP4939,0.29020082597887664
QLY7451,0.10888419272073876
CAQ1761,0.13243803281123348
RHS3194,0.12273560446129357
URH2223,0.25110366119690164
EBV5526,0.17235678642927535
VPE7690,0.039105893032494905
MQX2555,0.23639017768428713
LGF8647,0.16812294754192925
ZZE1862,0.20387355776215885
TEL1237,0.15139198648932542
IHX5741,0.27164088665191055
QHN6664,0.21737345038050124
WIH9047,0.4791438761691694
SPR8036,0.3137806945414674
XLY2971,0.13897976277837917
NFX0427,0.0798045362343423
IUO5128,0.26394765013687993
ZBK1450,0.18349198890083715
RIH8440,0.22857695965864622
WZA0097,0.14221036421974462
ANN3748,0.32286261790912774
BPC0427,0.2534164884682854
NCR6054,0.408221081907185
VEV1335,0.3611082401232137
YBY0166,0.3509205122310758
IEN9002,0.1673077130197979
EIK5210,0.11211465794967237
YPX7615,0.20425772220145064
GGN2096,0.43285717916244165
ROY7283,0.35548938408110076
DBD6207,0.27940524774187264
YDH7665,0.08357290244351068
PTU4988,0.17708882284884267
HNV9512,0.173376908686058
AJD4806,0.19682268183373633
FYX9557,0.17070635537392587
FWL1743,0.3036824767665153
OFR8910,0.5396013135572941
EPU4284,0.383227017006504
FSX1358,0.07454604263933633
HAA2935,0.11337530516225593
DSP0219,0.1214824821984235
FBK1277,0.20913692860077654
IQQ1006,0.17269853472255647
UGB5004,0.3029827543711673
LVR9175,0.26728425235135095
KDB8963,0.16283205399830356
LNL1742,0.3725498862724827
DXT3232,0.20844502309151952
FWE5809,0.17731640975062046
WTS9172,0.330454723577105
YWE2221,0.3159624256408134
VYH7939,0.28722692865843175
CDH8864,0.3314682832433044
XLJ2088,0.11908709524605217
IXG2936,0.5238512680262036
SWZ2844,0.2243936426729967
AFK3912,0.14817738125322746
GMR8075,0.16600895892760936
JKS3370,0.10168152358311251
QUQ3329,0.365326164128387
CTY1175,0.30141371691459296
PJW6595,0.11105159852382614
FHG7478,0.28301456153062027
PDK2198,0.2092754190994499
TLV8472,0.25754804394182623
VSE1384,0.15490338680161173
BBA9440,0.31368017691136413
ZAZ6128,0.16967157774436445
ALO3534,0.16735626062120798
ASR0646,0.05636145116909779
JCY7418,0.13957972444100844
JEW5959,0.11094999067596924
WTP7859,0.2086574936893687
AVU1700,0.2522726796843224
YYU6072,0.21902823834119717
NKM6522,0.4932375701457972
MWZ9346,0.12177447712890797
GTK5704,0.17162776131085258
BXV7167,0.07984282592684916
QHC3452,0.09900898969714723
MPG2391,0.2649988963682104
BNA2789,0.3906284333743946
MVP6799,0.21519904078362567
CIW8623,0.11383657577934578
VPA4812,0.23359458343033365
XOO5653,0.2731186920162155
BQL6282,0.21501158140010027
ZKI4872,0.21836401900202856
DCP6169,0.06891775193192104
RGC1823,0.2116977530995515
VHU7518,0.22511275349443885
RXK1646,0.1841557263363462
IVV1740,0.2834702425384053
VDF8766,0.3720784646570469
JQK6477,0.09109124152285232
UUP1334,0.2823893444647254
XAP8677,0.32056647613437805
MQA8873,0.13591837828180062
RYP7886,0.2853494680680405
AFW6003,0.1633989073322072
NIF1838,0.18305505828154695
QKY3033,0.31058471094527795
MRI7916,0.12575560353780757
PQX0971,0.17595137078765982
XQB9992,0.5439637520459656
AGV1957,0.06451428790835516
VCH3197,0.39503512345877356
QLF7152,0.12535652630349303
GRR7219,0.2400164536730909
SVQ8097,0.0666299353210499
COL9431,0.1692490815824545
HHB8171,0.15751643584067831
BXG5131,0.15610949029203317
FOF8111,0.18454024996765422
RTV2240,0.240900044973603
LIJ5511,0.19952115075332505
KMK4275,0.34280407697192317
CPY9285,0.25098866803223263
PRO7683,0.3159396270816867
QSM5588,0.126337164818538
OQS7196,0.214551756160652
TCA1389,0.25647253927886565
ENI0173,0.19015878382371257
EMQ6425,0.20055726459683645
ZLT9131,0.46276002727602883
DRN1504,0.12990647245334833
MZI4502,0.5602261193144851
STS6672,0.20658789243615966
WGQ4961,0.1921562124256604
PHS4900,0.3368883346345536
MFR0763,0.19236433352135124
HJC0056,0.16561723267957135
TXD5361,0.10037065050986958
ZDI7351,0.24858601076017667
MJC3046,0.250797247207272
SPR6183,0.11876055717984144
MXO9018,0.5392066154377897
CUH7592,0.08130887789044325
PQN0513,0.1397995426767887
PZO4069,0.25967090524641734
TNX6536,0.34720835648322956
ZXZ6487,0.16307732370795097
OEY5873,0.18171324129195415
EPM0672,0.3194638098281299
UAK7607,0.2947296772902773
PUR4801,0.42270216965785706
SIZ0903,0.4645550304403593
QAK5501,0.4053207922764213
ERQ1003,0.12608894657079628
JHS5395,0.09001652441817393
FOP0128,0.44587522801722823
CMF5213,0.3267994888654342
QON0449,0.3027844520811826
ERS2335,0.23904184766772013
ANU9281,0.32777745013044934
ILZ7555,0.40504400862417395
MIS9792,0.07657535292100191
ZIQ7762,0.17239426588412204
NDG7924,0.1101211741699202
FQG8979,0.2766488140576472
LSZ0654,0.35475758663373264
SHP1082,0.2190233872239416
WIM1278,0.27814054998059307
AUR6868,0.18149224939650366
XKU0997,0.10512463414668567
VQW1327,0.34472376327323073
DSW7214,0.157057536557184
ZOV6208,0.22056046108654498
PGR6688,0.148712637063484
KEA8009,0.14592302308513197
LNC6328,0.15808485873570113
GMA7529,0.32242897681660193
GUY1739,0.31944204598552334
BQS3910,0.3341819661452849
IMV3273,0.1851413488174543
WUW8672,0.40804917750817654
XZZ1931,0.1790206881864534
JVK1763,0.09428889827875991
QQU7584,0.13792486180084473
RII1341,0.26615228629790116
ECF2001,0.06380125058420542
IJH8267,0.5902162072142171
GJK5821,0.3385343520675186
HNR0653,0.4345211057293333
ASA2572,0.2577235699614643
JAL4562,0.4646976751594102
KXD6314,0.3203863172069878
PFJ2186,0.09923965697604568
WES6815,0.393980854001304
PHS6750,0.07852510216085692
RMM7844,0.1360236194094841
GDC4179,0.1708459964097873
QUK5788,0.17322857035640235
GJL4316,0.5027763721607023
OEC5147,0.6107024500532648
HNT7828,0.20754554582361126
GCK6333,0.16293090404652041
HNZ5414,0.37147115933988434
CVK2844,0.15369333187313247
MRZ6686,0.12674970644282885
VEB7548,0.18829189304802973
ZFK6222,0.40545771344828446
TCP7362,0.28613945956890063
AEX8842,0.5006840794588676
INS6906,0.075432119588506
XQP9889,0.09182392974306801
FNH2173,0.2597552608801058
OOI6909,0.102584095118815
IVU7217,0.15721587788382174
TLQ5774,0.6310355833034307
OJA2961,0.20257482354647802
SEH7834,0.43028541184872793
XKI2459,0.20411815855272838
GME1877,0.2730675410142406
RKI7230,0.13400398889621468
CFQ6408,0.2167589632802941
XMG3875,0.08748467716081672
HXK3423,0.25419556089540696
JXU8966,0.053806278019449975
GAT0080,0.12885595747442974
SXJ2606,0.21268927217013228
QSF2441,0.18539210129851771
TQS5006,0.2994236670038067
DOP1780,0.1282208863352725
ESM6222,0.21589006403108965
EKA5363,0.22647877562589386
IZB3771,0.119103050314869
XYD0602,0.04983936238687136
GNP3501,0.2616192165203548
AQC9120,0.11617744745128877
HNV4885,0.20012869545063874
JBX9545,0.2359867514589251
SWU3965,0.2101234760800736
YSB2339,0.08156934943647665
WDZ5490,0.5498688822474639
KYR2691,0.13504649125155968
MRF9654,0.426459438949013
IET0507,0.36763263176835737
CXW8897,0.13688885902742925
RHO8502,0.16223408238184042
DGI5875,0.5047454723847152
CBG8496,0.09370935111328431
JMO9215,0.18907315772258104
WHH0842,0.37285592722598865
IRT3982,0.2941247173304282
ZNY3995,0.09630068072111446
RWA3263,0.20765499339958474
RRW5248,0.14882723394021352
KSX1126,0.05000912821622206
ZGP1344,0.44079861578721524
TAP0740,0.16151334878996507
SBV4244,0.03950664437143568
VNM7279,0.20288144137323239
XVN5713,0.3449444931356056
PNI6616,0.19556243913884389
DHK0115,0.21849519068955078
ELZ1893,0.300252777751941
MMD9376,0.20061438676904056
HHO0755,0.12397837424437379
AGI6103,0.24283419007768436
DSJ1568,0.1618833902560999
OGQ3745,0.3490331405293433
EWU3335,0.2932643978119468
IBI8973,0.10823837269423296
MNM0998,0.12447822713704947
ZFN4243,0.15451222449343588
TAE3942,0.5132336883211365
CEQ9038,0.0491911896237594
YDW7588,0.10476134704502378
FLB0221,0.29234689254566953
IFS3000,0.136377296120608
GOX2033,0.15784457777140518
RCR6392,0.03822745637872998
ZMZ4534,0.6252524545737125
DPW5768,0.3949670777597685
KKG5808,0.3569523256712418
IBC0776,0.20071514704263402
QJQ0583,0.1798822165467978
YHT6044,0.25454656448937313
IZD5201,0.44348609696827973
FQQ6014,0.4369922656184276
HUG2535,0.25998061338944595
AWE7337,0.23140151603797732
AFX6015,0.125372315949173
JJA3465,0.1932926761663871
YWQ6319,0.15726661217911356
UTL8063,0.26683069705798385
IRB0365,0.24484233623482402
DQC8790,0.2723158333263303
OKS8792,0.17298729426918621
RPI9883,0.2105503314537491
KJD6196,0.3205084742676166
AVL0382,0.2776984102390091
WHR7833,0.22351587718749
DTG7149,0.41903966407998866
ZPD3564,0.3620026569081027
FOG9482,0.3251551564348984
ZFV2720,0.324876290209205
KWX6049,0.29521134722995
UEF4956,0.2937613705656218
JEK7287,0.3174915531346482
WPG6950,0.41811230576650704
QBJ7505,0.3481486281750111
GWN8595,0.19986538738307788
BZN6603,0.2538254484896076
XFZ2764,0.2217706411609985
IGC0378,0.12032919731808232
MMP1537,0.17328642402749442
SCY5429,0.26669262448168146
SMJ5723,0.2914863253078658
SVM8665,0.30367919763429274
JUC4326,0.45860253426634245
POJ2305,0.29823081323900147
TGL1412,0.31852137613236886
TLB7079,0.2451894400757444
LMR6185,0.18659313226819726
KHK7436,0.3601833256267521
OGI4322,0.30431869071696904
RVZ4835,0.16029417590918388
BJN0689,0.09749844341197608
UXE5576,0.16142050427861743
RZS9370,0.3052014131012262
XFQ2974,0.09171523415534388
UZO8276,0.13104980320673465
GSL3386,0.1514415517670606
AWS3695,0.45422421519186185
IRT2345,0.1942193367866018
JLA0351,0.16531649450792085
UDG0334,0.48889471293200626
BKE8828,0.23905045663972058
BSS5927,0.517564157556294
QFM4192,0.1947259661106891
UOL8406,0.18874295047747375
DVB9995,0.16342289737305082
ZFM1248,0.22230678068503476
FAH0757,0.40080007460436046
YNP2161,0.23270429498622072
TUH2095,0.2220239468118288
BAY9049,0.2165143812735909
SZZ4113,0.22134689501928523
IAH5734,0.15463473256424962
IWZ1372,0.18962582745282267
YBR4638,0.2097588031931765
MOB7614,0.11951362923636286
ATG7894,0.3757538512731232
QQM8288,0.15376193861796897
XMU6369,0.14826578284684647
DSD2182,0.17977221641401714
JEF9970,0.4956955836850168
BJU6237,0.19186562739956398
MCP1196,0.6445572230234536
WQZ2473,0.23398203470567272
EXP3813,0.20981714911629673
ANY6979,0.14838019952137477
MJT9896,0.13467252040396105
RZF0126,0.23527291626991362
WNT3190,0.13286373378278032
SXR8785,0.4503906684944101
VEZ9878,0.1855545677410971
IQR1803,0.32474207053326576
GKP5747,0.25079366818031845
KWZ1032,0.3040525461743563
UNG2441,0.413160606564924
DEZ7950,0.45518022354705834
LWQ5268,0.41690058823705994
ZMD0621,0.26449733567879585
LXS2378,0.16301896008614086
TNA8704,0.0598912923555948
SXG9064,0.2156223285075737
TCJ5769,0.29986680712611957
HFW8197,0.4966112881704746
GHB7075,0.18102129712454423
TXW6272,0.2764925390225154
XYC9775,0.18691908378485095
ICN4734,0.3462256000042251
ZMN0832,0.149470815235843
IRZ8003,0.4112615166183335
HUF3490,0.21266137586046505
FCD5431,0.3119085428650683
VXK6316,0.4496280736781264
YHN4722,0.1761382619319861
RTM1575,0.27711822922308843
YSB2112,0.08381824368367864
KCM1722,0.22968173307626547
OTS8869,0.22632536334217038
NHB2867,0.21064735399660903
UTP7979,0.28397604315595404
HSM0794,0.7721514263141631
RMZ6032,0.11002233540024055
IMW1976,0.29684897588186465
NFP1572,0.23500373217114454
UMQ1245,0.29109570594708434
VPI3440,0.2182631226394907
IAR8050,0.13050679624708983
LZR8401,0.36957831208693154
SHF9433,0.2640643509868312
UJL4817,0.6597194509677589
TRR3958,0.09108707357594753
TXD8258,0.35799912100649767
FCO4051,0.14839609523775343
OSB4374,0.1788480389723615
FVW1939,0.4659484197979263
PEX5881,0.13281588019301646
UZO1865,0.4114747573108945
LWE1790,0.09048103276447049
GWB7700,0.2868601587093311
ZOP8654,0.3535004296805926
XLA1817,0.17117510531558708
HWW7112,0.28884090283444763
SFB9784,0.4296501514749747
OBN4261,0.06696203065247086
VRM2547,0.20568899813949929
DOC8167,0.19176940157137276
SWJ1035,0.14143925223298717
FLF2496,0.35932574292835845
JYX8578,0.582799235239514
AEU2982,0.31393496942336085
YVH2306,0.4005888364029322
QKL4250,0.16330602071667366
LBW6479,0.34817399862787385
XQN5681,0.37197173573387493
CEP4086,0.372897208379153
YGX0420,0.16467865822928396
BKB7512,0.27720434233902824
IXG9725,0.21314979868617304
BOF5544,0.16331319940643174
UYN7747,0.0748092362183217
ROF4670,0.2202747593684019
UGV7717,0.03862170788370583
OEI6069,0.14725754247698108
EZO4175,0.3229223053320227
OIF7758,0.5836277324392727
JEH2919,0.23849000361259592
JCE4705,0.2422936467109344
BOD3734,0.20157412109318085
HRI5660,0.18387470500717318
OOO8613,0.04039439052577218
XCU4599,0.14664840725100275
KRX9049,0.28058490302444317
JOB6245,0.1539915464241269
QNM0137,0.3114064128741782
WIM6665,0.10049537280582695
LNU5227,0.23110434840519564
YQN9605,0.20773178710722714
UQJ8425,0.1433063557045083
PSC0175,0.13286424448235373
DJY2431,0.19625582271544975
ISL8214,0.23228283839175706
IIU0389,0.1622642161796715
SZT2166,0.4017774320695006
QGG3461,0.136973404109678
XCL2050,0.27049309139361344
QMQ1245,0.17160288076853933
DWG4532,0.12865846666407502
VPI6024,0.32169117979777945
ZYV1950,0.2080201793684493
ZFG5023,0.24879921289505819
VSF0357,0.18171384914847127
OEY6081,0.08696825534892323
TUB2085,0.09823265221571416
MNC6692,0.23314385540144866
VRR1008,0.23103665708742022
YVT6450,0.14506048449176312
FAO6275,0.25705604215202515
PTD9190,0.14006750906426071
JSO5437,0.27014046663290964
MFH9979,0.2793189057586641
SLW2279,0.36278040709775183
AUZ0340,0.28108037808194525
AWU2833,0.44461309304488617
LFN0157,0.33081807536982083
GPR0346,0.5012446949823791
MMU5621,0.20481696597330618
IJC0456,0.07902142820483286
HJI0200,0.0900781506800707
PUI7508,0.26589633362685333
QWI3198,0.37614182629365706
VRD3282,0.22787931287400554
IXU9829,0.3084325623484135
NSR4945,0.3420121392337582
CJY2412,0.08015965285221453
SUL1935,0.12428545758864921
WAU9525,0.18515801939220386
VAR5218,0.08685227135409493
OIQ8584,0.2098148056640507
TXN4932,0.18909469830360776
FST0470,0.44875291180581406
YVU3745,0.24473770751873555
VRX1810,0.4577014958705915
ANZ2576,0.14962907902261813
DFT7074,0.3058238231332137
GLT4950,0.27793187143713644
WBD1290,0.0759779356688661
KLD9539,0.16727209370932453
UFD2281,0.12745123456154545
AGV8920,0.14810088872389837
EZM8303,0.14798186417924414
VHB2724,0.38357115969337474
CGS7371,0.1334105098176534
KRX8325,0.146253031026377
HQM2559,0.4496134000644231
OAS4314,0.3442293065975708
REU0208,0.2049416174700368
BCK4124,0.41708321760331796
YXF7483,0.1795646159553742
EJI6128,0.37186454380522044
ZMZ5134,0.400086473567248
YAV1162,0.16334969611249192
NRB1641,0.23781651080013982
YBA0436,0.5798545035747713
WDM4803,0.1401969540019272
APA0477,0.10111355554241251
DJJ7857,0.24662525946771183
DDO2541,0.4048527357910497
DTT0915,0.2389174275062199
DIO9974,0.25816681178873624
RTS4274,0.3672161235194635
EVQ9390,0.15571445592502883
GSS9218,0.1566446572931008
QPV1399,0.059346401812784916
ZGP9947,0.27417905754900024
VXZ0953,0.1749294347596016
AKN4052,0.07519911676930913
GGP3877,0.6179888470861715
AVK5211,0.2192349227664937
CBU4492,0.2214642078904594
LGY4995,0.28726578885819276
DPF8787,0.2471791778757993
ZLU0244,0.16696976260466753
GKG9739,0.222889542274197
XWD6996,0.12068030290904401
AKF5899,0.3242606593228949
UBN8639,0.2638560225185712
UOV8935,0.2854025886560155
SCV5979,0.2535164461596726
WCH0782,0.5391712757603254
ARH6872,0.11824771250766573
NMM7694,0.34244036619444
ICX6399,0.14237604211055627
TCX4933,0.13269920602437668
UMW1034,0.3090929727577709
YYP8138,0.22370860250526647
SCB9443,0.2281967173060296
ITC6113,0.49981958168373736
FCL9477,0.3044890321619162
OXN4850,0.20834028946452937
JYD3480,0.32728051667103436
VRQ7885,0.6312566130055345
FUP7384,0.36137327930215696
QWF1930,0.13315366511608873
XJR3753,0.18099842328351975
JYQ8107,0.22350185465069528
RLK1604,0.15610048531496998
WWU5537,0.6171398526618532
HYS7523,0.34624908145774863
ZJR0568,0.14790247134041062
BRG1099,0.23669674825931786
JVW7197,0.12570935484570836
ULE4248,0.29510327269990055
FBK1312,0.3231304029864887
VSH8159,0.16617412663521985
DMQ5786,0.1687771311339768
GCB3430,0.2437604887580617
OLF0501,0.2102269514434403
JWD0044,0.47521024731506106
TJP7761,0.25876545580812443
BQX3256,0.0810035301178094
XYX5749,0.3595524739997886
MRK3909,0.1597265000060892
XEA7163,0.19566929000469013
HCW6650,0.3517935809173978
TZP4079,0.21809605313983776
RYR3568,0.17087033515176173
KAA8266,0.2697632765903848
EJP3492,0.3964313415707075
NGH6480,0.1709052717371572
RBK3849,0.1916164717559632
AVU5986,0.2747973033283779
BVU1715,0.18018008952630327
WDM1181,0.18454952047312506
FMT3576,0.20749850744764098
YTJ2895,0.3488580995397122
LYE8184,0.23165203363433806
TGB5296,0.18787910409578196
PAM8552,0.27532283748578174
FOB2099,0.38551964153309815
PGW0709,0.3667086348431234
WZF7186,0.3491636097229083
YZJ1826,0.17759080292241575
CUK6688,0.24012609465012863
JJL9592,0.10902494869691849
BLJ1552,0.1070122427001047
CKE5978,0.22981826690739043
KEP7251,0.46276509622138384
CWA1833,0.18992675412728255
DIG4152,0.19685753181312535
QJO2482,0.14733763875520658
QFS9248,0.14506038821970327
VPB6339,0.569227414373424
BBN5975,0.30336299567268943
XCZ5265,0.2456162808757099
ALH6740,0.3407880367265041
VFE1712,0.06116131185709669
PBU6519,0.05554215289893714
JIL1820,0.18616806641067857
TKO3377,0.25280487734320944
XOL1792,0.46205060547328736
HUQ7289,0.20626716736556422
EIH7258,0.18787186221999472
XHL3600,0.21757638386614594
BLG6557,0.1605084647330982
XOH4990,0.32882061584301875
SFG9400,0.128134962685631
CTW0716,0.20796038531798167
EPQ1022,0.18594972146410088
DDF4807,0.10172914158831564
JHE1802,0.18049373353300813
XKA0286,0.2068495551004016
KJS4977,0.06019811231841429
KIX5898,0.3645295484037642
KAJ5890,0.0521730391095572
HTN5032,0.22076990272064936
XBG3646,0.47305791722294854
STF0095,0.12441516038614435
XYS3253,0.214302834330158
YFM9412,0.28007160629306055
EIC9765,0.28050452836952916
SJW3302,0.11819879911200026
GQS6751,0.19812814147659835
VHY1313,0.2537285532847459
JFS7189,0.3060851635408484
UGC3514,0.39995005842729003
CNX2296,0.2687776260397614
FZA8058,0.10801446027423678
ITU2802,0.16603216763274095
WIJ2095,0.4911173219523826
KPD2769,0.13360105008368175
SZO7824,0.3971249746320322
VSF0918,0.10326151903736842
QPO6163,0.20426775388978816
QJG9094,0.12685347327127616
WSN4732,0.17479654437814424
QAH7760,0.2334922577351384
QJQ6048,0.31816228647865963
QSS0205,0.14874098746098596
ZJH8058,0.13986876842705276
QIP0730,0.22199880403925065
SZC2380,0.3983979557793094
RGL9560,0.10165769443345177
WBE3412,0.18665049095488676
ZRW2620,0.1108037871902328
VLM7962,0.1008953319328564
ART9792,0.0671845555517333
ZJN9258,0.5538882413046975
LSD5527,0.5263856371328384
XFA9780,0.1559096795414139
YZX0939,0.07309329834292401
CYB1866,0.16274677963605663
EHO3159,0.24663496728153814
SIG0318,0.42554087157416715
VGM0574,0.161220848224805
VHH6882,0.07687722580187333
ZNX3901,0.3523246172224657
GHC3228,0.2038398498118931
SQG0318,0.17103348768042728
IEY6901,0.16312147777212566
HUS2611,0.23308080314284854
YEH8272,0.06754775281455454
ZPJ4887,0.16682487947739888
FVM9271,0.0849577629962369
BYC7251,0.30927399656675053
VZV4566,0.1977600793514141
HJQ9078,0.21231315723921268
EGR2718,0.3723223659112637
BQW0054,0.21474981243210894
NWE8918,0.10256622931672219
GWU4698,0.31637393098324035
CZX9272,0.16234507741678725
EYB9921,0.13501835605647164
XJP5950,0.12822613888454126
IFJ6475,0.25318819835719136
XNM9426,0.43390360144919027
TSQ8268,0.061408461517588636
KPO2933,0.19064721742539317
LXQ7529,0.20085470408120915
XRF7014,0.38039494759532605
DNC4443,0.29597582048895105
AXH1658,0.25285501661907506
AHZ7652,0.387629038804667
NWH3193,0.0859589310997802
TID1716,0.5923524561342265
ANP3440,0.4405467148318271
OUG4685,0.3108127526954935
MWD7907,0.29845486539555066
TPQ4836,0.2306547081214528
AAJ6531,0.27907602221581906
XKG7418,0.32075761699390115
LJF8014,0.22965309187256064
IWF7341,0.09386415721826175
USH9806,0.2558129340503185
HOT8154,0.17979988729115917
DAX4292,0.21746879404194952
KYM4729,0.19095586928033648
LKI9763,0.14575742820979445
JAY7470,0.3433195453804267
VAG9407,0.06172593171674522
AXD1373,0.27627840145758314
KZV1736,0.18233052686638013
ION0603,0.2715183467407335
IBD4973,0.26337891698181465
HAX1381,0.2450987045254923
GDV3204,0.16161617178914425
GQU7798,0.41743407352593803
GAQ1597,0.315032376234263
KVP9269,0.3465788824693417
RDH8031,0.10884229469067036
QLJ5966,0.3355585059475671
OUM7825,0.11844370089592934
OPJ7108,0.48038193071757224
XXV5331,0.4195144899134424
NIA3272,0.46745493265046206
IPQ4779,0.13325953875287452
OGH5544,0.1645251268823088
IDS6311,0.2030037378842546
ZAL6103,0.18789353376490076
QMH1755,0.1712660465162903
AXF6974,0.23582709812941044
GCI3630,0.10131828084025372
VZW2401,0.18917348505387005
OVE3990,0.34500148005134895
NOV1064,0.09473380983914984
QYK7288,0.3984985344668033
EUR5124,0.30638666870155884
UXL5796,0.27774434297710693
TDZ5862,0.33372204925036897
UNT1852,0.20890663064867382
ZQT3434,0.17159222801183277
RBL0406,0.2788449550436779
NVN3331,0.2087783400566454
QYU6181,0.11284086161062323
MCR9458,0.2993921727782469
INV8873,0.224573910284991
CBR7213,0.11401325399906424
JHG9105,0.3492060819613611
TMB3670,0.1102973973396419
PGJ5657,0.577281836087378
UGV5295,0.17971703846565937
OXI5106,0.37785923337071076
DNV3094,0.31871436711800993
VAH0839,0.4328426040581196
CCY9074,0.29080352680268606
HSC7757,0.35896179188417726
BRT3178,0.38531785195326707
TMT4944,0.42119370651998994
XTK9260,0.27020119104737794
MXU6827,0.17600960318958056
VPJ7122,0.18960809787856522
NGU4725,0.20021005332329703
XHW4190,0.21278933915525367
YAY5524,0.18348475319658267
SSM0392,0.19351026860100584
FXD1708,0.1582108517629331
MPV0672,0.3038609314699613
IGZ9386,0.11216145964132149
TOI1490,0.37470786081932217
QAZ9933,0.29376276635419546
CRM2978,0.13108170613432943
OIB9991,0.2179646656617714
KVN4822,0.2198584969610067
GCG5533,0.31663488133766265
VTK8111,0.15180860939700405
KAE9168,0.10077471037822257
RGV6468,0.19433885972912268
LWX7015,0.3756122518261947
PZK8396,0.30681408127500187
RHE1717,0.2349062128514777
VCQ2207,0.47278117254258695
VQT9580,0.5478208321888014
IOB0677,0.27211450939652143
QPJ4092,0.3253901613340188
AVY1533,0.16698286242373755
QDJ1312,0.17179961637958782
XSX5863,0.4266463202061862
RNZ7687,0.483460997068153
FUE4559,0.3921124217209842
KFB0998,0.22181728161021746
BJW4567,0.16919614435057925
KUC9637,0.31523489318052894
QLT3222,0.3582985452160749
FOK0149,0.2874858915739505
KEJ2913,0.12204773198860522
KCM5467,0.30216625293709887
RYH8245,0.38306692559681427
RUE5771,0.037869031931573226
HNH0868,0.22069606188797355
XBC4033,0.3893220636102501
ZLF9201,0.3914317017757405
FKK0636,0.1969643001918646
WCN3474,0.47318244027033607
DGN9413,0.2892826837667505
ZVT9034,0.17157508493032653
GYU5540,0.10628951234443823
FDX4205,0.13486804964705
IPD1251,0.3082929070158158
ZFT9168,0.09292522207240236
PYN3393,0.20861616459790153
FTZ6683,0.11755280289158389
AKI7936,0.2611437740341341
MPY2709,0.29451300570003147
NTP2659,0.4409105270296554
IDE2433,0.18783327865527474
SVO8258,0.22860040119972364
TNE9256,0.37642486948139425
LEG2561,0.2024676667753014
UKA9422,0.24804114811755373
MCH1289,0.17799895435248783
IND7831,0.2829743970286932
WLX0704,0.15671600138833514
NJG1634,0.07189282179754282
CBU6288,0.21419038510138483
BBK2710,0.38162639039834434
HZL9836,0.19460400025479324
CHC3948,0.24252200837660207
ZUS6740,0.09344082277019017
VFH7531,0.289504405335589
GWE2897,0.10244468626214887
CAS5155,0.09696274406193947
GMW9681,0.2654798119434379
MES0461,0.3264140290340804
TWZ5436,0.1584711120951239
TVV2529,0.13591969282170283
AQZ6865,0.49008718280079727
OIC4021,0.2008351219853621
MOQ3911,0.09988459312659077
DNS8201,0.15291721016400206
ZUI6325,0.1962194561702735
NJA8351,0.2907592754762556
ODB5040,0.5742907712881805
IPW5152,0.35686192550397167
XZY2224,0.2847059756803423
FZB2992,0.14105332402890017
ZRO4379,0.353687957222902
RJI7678,0.2218307523660648
LVN5225,0.23154418141071548
OYF4788,0.20837196912886732
CIS4067,0.3025606229169738
KIR6566,0.12804692265397422
WRS7799,0.10410620343369387
ISB9210,0.2060015291472065
BKG1713,0.45923773079730484
NIG7239,0.13773069229257517
UHJ2010,0.07708177848592168
SGE7571,0.3086161137990419
DJH7886,0.21933868786907124
TML0327,0.2717428904209716
JSU6205,0.577878465630989
UBA1024,0.18063095140856644
ZWM3611,0.22329591195050227
AQD1119,0.24661973249715957
UHR8841,0.3229186092197638
EZL8963,0.30762121073849885
VEY3609,0.20741298156244076
IMN3213,0.3330744260826548
ZFI4055,0.17872056532605957
ISJ7190,0.12188474843141733
YRK0679,0.2505023366582591
SEP9777,0.1745904692624747
XIM9647,0.11527129365900704
IJF2788,0.23298979984377624
HXU6751,0.2432724200780455
LSM8308,0.3258573147090032
FGQ0847,0.23185774040913543
MUT3329,0.10749600708006495
EVW3568,0.2822377985197608
FSK9108,0.18908061311013905
EGK0077,0.44446250465149706
RTH7598,0.335996245303938
OEZ7029,0.15414898870794297
UIN0383,0.19989092620593046
NVR7308,0.24086679852683798
LFN0770,0.17507044879532685
WYE4302,0.3463959564441804
OFR1250,0.19829924663717993
HVR7961,0.1968754807925971
WDT2838,0.1671644603348853
QER6562,0.10511901661529346
ZDE4635,0.16495136696957072
BDM2485,0.3032179655053934
FIC2222,0.37224466282520163
HKB7207,0.11492396607546178
KYQ7812,0.12420879670134903
IIM0404,0.1133448143856333
XCD1483,0.23292050143231324
AVJ1401,0.20517855702137472
DZC5973,0.6379265805149951
APX1161,0.5883081531912502
GOQ0389,0.18847587118282255
XAE6247,0.2256373831141252
AQX5762,0.13862293259336983
BRS9830,0.3615654937591473
PRJ3006,0.07311901951207417
UBS4074,0.15214881142717399
KAM8647,0.1933315746086874
EBX3166,0.2032981973812721
UNT5825,0.16734719892819896
ATV6282,0.15213193096778135
NFY8031,0.3066572306153544
GDC9171,0.03736252201236961
RID8507,0.22453869969424947
OEY2607,0.4200600790679176
PSW0387,0.13865171620166042
MVW4654,0.11651857325791763
EZS6596,0.47199218678582233
CVB8449,0.3246962253105216
XSF7433,0.2618857341451836
SPN0794,0.17900647097601766
NAB4031,0.22465909002802642
RDP5976,0.16885458901561984
ODE7386,0.3068625713483825
MST1998,0.15180269521234277
BZM9077,0.282039758432954
DNS0664,0.4873003618615815
NZQ2516,0.2721690575323799
MUT8357,0.41585660354300497
NUL1408,0.13153354081367402
MXT6982,0.15574347840240074
ILD5756,0.16828514939671255
SNX5115,0.15231024138259586
VDE5638,0.20501663985174798
XDT6352,0.4343291413817435
ITP3953,0.24839076066434948
SJL0243,0.1057643841115527
YLU6132,0.45590013605584834
ITV2576,0.08579712044364607
OVU3708,0.17862171109453936
FHX7449,0.17717443793667353
TMT6978,0.15905837927651537
BPN2368,0.08427547177628349
HMT7274,0.29259808606375937
ULH3666,0.06610718564113309
GMU7686,0.21238069640964213
QII9327,0.1222120179112282
LBF3051,0.1691156453606465
ONT8863,0.250937840635088
ZYP5276,0.294564704238959
LUD5291,0.11015454792910159
TDZ8382,0.13352581292596485
TPG6394,0.20721704377767805
RMR6937,0.20127258085086816
LMY0729,0.1918115381082982
AMC0445,0.2521963624558527
SSB1104,0.5152383946386111
JNF8209,0.1851346008307452
RRE2084,0.3618272547522696
WZZ5459,0.24109764434710276
JNF4249,0.06727472924639656
DBO1637,0.33839904227008316
AKR7639,0.07875149025537737
QUR9661,0.2425118551505664
LUS4900,0.22184186582107845
DNT6503,0.2880206554484796
HZR5957,0.1871726539769439
XWR2281,0.14986745702146798
YST3431,0.3415986793544136
IEH3003,0.11787066700941533
NYB9148,0.4516739203397579
PII9352,0.13868630752227193
LEV9553,0.636541146075948
OCE4351,0.07400566170385466
DNY8601,0.26305287080609335
DFL5337,0.24331203848808602
MDZ1058,0.0803566702930505
ADW7699,0.1179561830330191
BBX5076,0.21741973701891334
WUQ6007,0.19356974053771442
ZEY1800,0.20982786251358587
JOP6452,0.22561667582505265
KIT4113,0.12619384357224012
LIN3185,0.22056263837517281
QHT8208,0.14317370702245896
JJM5633,0.22279703980507745
RNT6014,0.26903349732058673
YPM1923,0.4202928647190908
HHL5681,0.06165650212816606
ABP4829,0.1376838842275246
IFX0205,0.12290780007948991
UEH3912,0.46784525452018894
TKW1098,0.14970609633066456
WYN1877,0.08379023689995743
PPN3139,0.05630316158064834
RUP9504,0.23455775927958156
TFK5517,0.49316927655014997
JEC2726,0.16407763578339332
SCP7748,0.10347141918277389
MGW6057,0.21742679044494934
YYN2755,0.06106223797114047
VNB5918,0.2850128769961894
JCG4440,0.3078328427194399
IBD2156,0.13135833391470236
VIX2519,0.18643676716541163
XZT8966,0.4456536148827908
JKW8832,0.32630955510185977
XQR4664,0.2525255501741265
HOS7277,0.25739251086252996
ZIH4509,0.18875106598693814
FZM2635,0.06381270976818804
BQQ2812,0.32807819707417585
QTT1172,0.20393492096704952
EIR5523,0.20497206107974167
XZO0242,0.2797713575077361
AZV3528,0.22283106052215124
SFX1939,0.2296362737230498
WZV5563,0.13284091209790896
QZB7687,0.055290946847037885
FUH8115,0.1774821484065605
TMM9869,0.09793820099240569
NCG1476,0.08374971188814781
WJN4297,0.17691408998496094
RAT4822,0.18159072108353244
RIC5857,0.2535305535869176
VSO0563,0.34561114235154944
VMA1558,0.23386126662085419
BOL7206,0.15716080366710133
CZQ3950,0.09748044072793291
NJU4912,0.2504212232065881
GAZ8594,0.2966340183993151
FOX4419,0.09310026815108442
LBN4213,0.2803822113565219
ADA1940,0.2604623895532841
ZPG0651,0.36630796866507814
KEJ8705,0.0593542180613777
UHB5802,0.11414727081429255
KMZ7327,0.15670041770019943
NJT8387,0.2404967413396466
XAP3954,0.21391643743171998
FEL1637,0.4271806226597741
IKV7714,0.14520821776622203
DPZ1880,0.3218176637757742
RGT7421,0.07277851661107772
AEK9286,0.29503458016829837
ROM8234,0.24095083085045255
XQX7484,0.26730803441916373
OLH5732,0.13981930619351282
EXQ7424,0.1997676870740019
FVH0886,0.1758299888282395
KYL6652,0.09868193749022627
KTM5656,0.4610062576786616
MIG6527,0.2494171347336262
SVR7025,0.17070281067758178
NCJ4089,0.1194199653312699
FHS2667,0.07184543420676057
VHZ2363,0.19606867947537918
OXW0223,0.2218478117522532
PJU5928,0.16607631859616515
IKH2812,0.2868436419621383
VMA0683,0.15279907471730203
TGG9176,0.06217618097647864
NLQ2220,0.154400631176349
JEG1496,0.4230763621301971
KDZ6336,0.16710672608671956
JQL9820,0.2534479794515183
GRD7737,0.38594198530381235
GFP8654,0.2713370642515283
SDO8567,0.11769660286355903
EZH1168,0.25040532149262573
CQI1581,0.19346367395655012
GDQ8895,0.10396583111039376
YRC6765,0.35487904939791587
OCH0693,0.14277112302675726
DRE2586,0.24871298839017156
EWP2402,0.1290026943164216
RIN1708,0.26733699417770046
LKO2402,0.3915340741613172
RHW2826,0.23783963256973634
NNX9566,0.45579351732376483
UNW5036,0.3846311523275335
SIZ4373,0.20146657056454745
XDX8398,0.11976304111247756
BVY9650,0.184416192290992
UBZ6506,0.4217751411550669
BOP0282,0.18596514768666156
XIU8129,0.4919269870591021
NYD0344,0.350832616460587
VVO5031,0.2164851248972315
XHV3554,0.18790752143959702
KZH9892,0.18319820411385154
TYJ4103,0.2053228064631824
ZMK7102,0.20567196706057034
FFI0442,0.3768695184120152
COH3368,0.2382502811145699
MID8808,0.34904227984507513
RUV2796,0.2399736251297363
QJK7408,0.16543932954323476
JRH4838,0.13657179472827605
QQX6215,0.27582220320873774
NWZ2697,0.32958037325725054
EZU1406,0.31491833868986113
ZYV2745,0.06621688174196798
SIN0801,0.3774082652491497
EJO5929,0.2762903739902567
KLU4765,0.14000256927799
KMG1756,0.24314797475619368
XGY8792,0.25986533587095
TZF4711,0.34545324582684145
TFO2196,0.21946308921829177
YSD2730,0.1888331688836543
UBB5348,0.05489124505489891
JKJ0093,0.1195476297331331
SOS9493,0.19727538111684884
CPV1365,0.16325376931308866
BSO9027,0.4629126616219155
XJA8753,0.38551925145727034
GWN9096,0.2846706966047645
MNK4884,0.3705527252998397
PRK6362,0.3588516371462075
LQN5334,0.18514542628064634
OGJ5702,0.24171137648668095
WTD5629,0.202994289184223
DIE4208,0.251003366217028
GNE5232,0.16789844667328496
OZH1950,0.061889301863840396
ELX6331,0.2802471973757315
NPC3191,0.13375503186366472
PAH1597,0.4211832303022244
BVJ4858,0.30710959963632417
OJP4439,0.09415090797186834
TDR3485,0.2971575260786419
AXV1661,0.17324883299862714
RGG1369,0.3992756967133619
PNI7364,0.12164983403239223
OTI7000,0.3055089017227034
XRG0070,0.11470240482036216
PIP8809,0.21903272569689505
GWY1981,0.07985568542069965
VZI6264,0.14510516884122798
WVO9284,0.25559321813420643
RYX2969,0.41751216518732004
HUI0041,0.1375164215132789
REF0444,0.11604913732574478
NCF8710,0.3342011499820556
JIH5267,0.23844173743636193
SLV2360,0.3584021030700488
FCQ3915,0.15202369552256936
PYL7123,0.1495781266453297
HKH5725,0.10732237076641432
XLO3239,0.09738698522184251
OLN1336,0.10688651041676042
ECP4621,0.22570765642374266
KPS0064,0.30649569280336264
CLU5954,0.1687837114356708
UNG6284,0.07708025735143666
VYF7983,0.3163507549534653
URN1834,0.3685304632899782
OCH6913,0.40911642258944625
ACR1583,0.10781719231279001
ZYQ4775,0.06064585799415643
BNU8024,0.053829425796608245
PSC4692,0.23471519878800706
MWK1300,0.4445596844852682
VTZ7837,0.17929361923479015
GVY3459,0.2181822305507701
ZXH8781,0.12548086229582836
PCN7228,0.34924529232088275
ORQ0272,0.09155479561441321
WKW0910,0.2257066978224278
IFM5092,0.1888667172311271
HDJ4116,0.35100482130167154
OQB5335,0.11745197848930648
OFX7490,0.30091179103263144
OOU2927,0.25337424118168
WLT8543,0.2690261643260161
DYZ0643,0.18510849958284303
BHE7518,0.07567482588303213
OTE8834,0.1726764070737952
JKZ8611,0.34809610418333387
DXF2796,0.1316870705187531
BKD4940,0.33307361740159236
LJO5796,0.23437440776864246
DDJ7985,0.17706649748328826
NEG4016,0.4911561486590308
MTS4859,0.12526343351716177
ZIQ3070,0.050386990419889005
MQR1484,0.26093867615575583
SPG2102,0.21410140493241114
ZPG2396,0.31096667844626713
BWG1095,0.25633189143672
IRG5962,0.2306306597348849
EDN5025,0.21353608229266507
TLO0577,0.2601776735936307
RJM5646,0.5096768857818645
KUP5538,0.14231200853526532
ZMH6406,0.2910286233083145
TQI4631,0.5162250654639516
VRA1232,0.09551698599144859
YHS6319,0.15553159221429638
FDR8571,0.17592581472083763
UMU7047,0.12812658004681526
FCY4622,0.43869815025873427
GMN0416,0.3374229865060745
HVO6893,0.3138347145157794
ZWR3316,0.16192003462825805
FPP0788,0.13785603885710732
SBF5209,0.17750225355163046
FCJ4472,0.1853713562215006
KMK8317,0.21828576006180164
YGK4233,0.17731974285426258
VDZ0820,0.2762988839153661
EWA2578,0.28109843581293414
API8763,0.1050580194024131
NSQ5830,0.1534867613567806
XIV6334,0.1800844285107537
RYE8536,0.24696769532831386
BYZ2502,0.20358959182351782
CVW3012,0.0833869343480067
XSP9376,0.8170590039210989
DPX6274,0.4587701773974269
YAV7462,0.1414404745336591
TCX1554,0.24491888982663315
OSC7642,0.05494329410366378
BZL4977,0.07063252631805234
GWJ7994,0.2671829771003814
JLQ1365,0.33046013711936273
BHN2813,0.19223957493038463
BKI1459,0.22909023604334602
WBD6906,0.18073431574756854
RNM5558,0.27288796698036205
OSX5974,0.2401699718714216
OVX5430,0.08789524109376885
IJG8643,0.3732349838479456
MER4585,0.3531826002020955
YGH0528,0.33833026493792057
MXN5427,0.13532902445748346
IFD3298,0.3910565124627654
WNY9805,0.4753171903693102
NOL8760,0.15820035937137777
HRT4289,0.27312714282509704
FTM3729,0.18242734099744262
JPA1525,0.25881002148842014
AAC4913,0.2731012167458297
GTA1400,0.19132858654665796
ENL6464,0.5764685656717722
CHE9991,0.1351785653006651
XDY1278,0.32707838568190284
MVZ9561,0.13169865082592674
NGC4607,0.09719715103358481
BSB1812,0.5320841643419373
GCQ9238,0.5286323498098032
QBW1615,0.3653639747748905
OJO8099,0.10024160108719965
OUX2052,0.09946905718642753
MWX6680,0.14898095415690213
AXZ0961,0.14948730421503958
XPN8077,0.3101596139073024
FZL1982,0.2537078157971519
WIC9070,0.29943293901332896
HDF3459,0.18663328755295966
NGD0004,0.1672367346436439
TGG3926,0.1885846797572001
IGK0243,0.10246072358783088
BGV2526,0.48391729591542076
BLC9364,0.19337577819035767
OFD7539,0.4136419710984687
OAH1823,0.10586724401482198
NQZ4084,0.2263593825215442
IYX3416,0.17840151776772378
HDQ2252,0.3319617912209292
VBY5671,0.16741352606197094
LCW1193,0.22526037121445788
TNU8061,0.23576027973774172
LKL6935,0.12482045026602244
SUS3751,0.23066760201210687
VGW0131,0.29703959080004355
WZM8088,0.27897981901443236
MYJ2040,0.36618991169344467
KPI8713,0.4756902339862926
HAY6713,0.12116605244620249
DZA1378,0.2268321399233831
KEE7365,0.0826694937206765
OWA8647,0.22625119906872715
TUJ0235,0.37797445237632454
ITC8151,0.21073287466116755
IFG6313,0.17075253121208714
MOK3205,0.4590073098909793
FTY6144,0.18395957556894743
KOA3700,0.42165170157087345
PYP7703,0.32798629170366167
LHC5900,0.11970032323069155
JGZ2115,0.2122569535679802
UNI1663,0.07925132074975452
ZFG6509,0.12241754900234869
UNE9379,0.10780911804045604
XYH6411,0.11460413654947962
QTW5754,0.5818575092851255
FSO3694,0.37350363243927664
HOY4148,0.13994579327263826
VFR5550,0.22363427841068628
RJC9683,0.1874215816146891
JMP4506,0.6879394444376372
EZN3332,0.3567774627295081
ECU2366,0.2808879470786264
OQI9772,0.2817088396673765
DEG0862,0.03616878399785245
IZU0386,0.19165980069613356
TGE4171,0.18346142692124767
HGU0195,0.3100988275227455
HYW1345,0.05283927332445288
KWJ9347,0.17287933188670435
NEN7347,0.19244359510871928
FWV5794,0.24585016306671462
AME1301,0.26281111113702627
YHQ2814,0.18178201948720615
STY4964,0.11475217779441206
DRD8345,0.32015369332584653
JRK6366,0.14658007590417085
NYD0866,0.3073124503689808
CFQ2102,0.12945097958909793
VOS7787,0.36756822823623897
ZGN3501,0.19003455712446699
VIU6738,0.16036407263266417
OEJ7985,0.10856933213421041
QVP6329,0.16092016372019832
EJE3330,0.0628367410145935
NZV9061,0.21207270159607922
KZF6644,0.28535804814143756
OCA2457,0.465324318838985
NKJ4924,0.2936002901224967
SLS1109,0.07441669792028226
BID8669,0.08701123063531727
AMX9569,0.21716732991542162
AKU8460,0.19054154228900944
RVB6841,0.4955922438596662
BJP9895,0.11637098845807704
NUI4528,0.33862031477112337
YLV9127,0.12121625775644096
NRU0188,0.1816561337447434
MSB7840,0.11916849784387877
OUZ2583,0.6534994344670141
IBB3805,0.5197933051053343
SAZ9515,0.09072592591202312
CVL2907,0.3808571549232137
QUY5674,0.22244828479543918
DGM8734,0.6678725677341258
EXD0090,0.15359739303733647
JLL6388,0.1869341534564313
XPI0088,0.44432482257253875
FFS4989,0.23671900693539547
FKX1094,0.18780110906604192
HOS1189,0.22597133424068994
DMC9213,0.1359505048242426
USS8184,0.2710119885224812
NLR9778,0.45266186423529337
UVB2218,0.1358343347636066
UOY1581,0.11578051550016265
YGK7391,0.2730491780390664
EGA6066,0.19584147493218432
DXI2554,0.23092713107481755
JYQ1182,0.34495449930330935
TJF7046,0.23067186585795882
HBV3751,0.21916922369113526
HIO2881,0.2561159125358177
KKW1949,0.09388415127503773
EXO5445,0.2937682431064034
SHJ8274,0.2131404877796823
PVD6218,0.21948353933890433
GBR0983,0.49965908071780335
QFH9826,0.6566387300536024
NKJ6268,0.11612771645220579
LOD1596,0.107038189087848
KZO1947,0.06274000866985176
WJY9773,0.11656057771352746
OAB1566,0.11459974662002383
ODN6043,0.15245840026144564
LQC3204,0.18688538292555684
FUG0693,0.21955343903416366
FON4316,0.1758910889784979
QRL2739,0.2973919755350521
EUV8682,0.13635058596128458
CPU0483,0.12652913419391068
DBC4185,0.1344193165517176
RHI4955,0.17366555850501347
DGP8509,0.44613858994053146
UTG5131,0.14031446950922932
ULJ6592,0.34096757227003344
BBE5979,0.41742753603402366
BBR0750,0.22569628670380296
RNF0523,0.2771005063810514
RMX0277,0.3185951572150929
FHW5229,0.3930720084549793
JAB9481,0.1506730282794907
PEX1813,0.14776672695731036
KOI3974,0.21675985068631481
TCS4563,0.25464015139017826
RBV5707,0.4983619460508753
FTH0281,0.2862187146827272
UAH5815,0.15366676062243168
EUB9838,0.24660722917516023
ZMQ2617,0.2826294019517344
PXN4987,0.31931520786150513
NJW8728,0.19927379934280678
NSF4229,0.12884351061410954
SXU5601,0.29136070561799626
WCG5642,0.22876145502972248
IWH0066,0.11362710442857486
IZI8962,0.41362388024694485
ZXI3114,0.42582897254919866
TRH0877,0.16523823492265127
DWS1156,0.1320589921630789
BNU5172,0.13598356207121232
HSW5481,0.1596364648419811
KWN7089,0.26769211987357866
LFF8505,0.31399875187927534
GVX5582,0.2295800073937046
VDU0832,0.2413677683537747
VIJ4798,0.23250179771318263
YMM0458,0.12296046799108538
OGB3564,0.16791445256151757
MEQ6866,0.3790782526228158
AOE6958,0.17310472017328965
VEK5561,0.10086495485465195
WLL6206,0.3579359847558484
LNR3498,0.12457915317509473
YPZ7612,0.44169464432896893
GCX1531,0.35645961691643274
TXA7847,0.2673755446884937
FJZ0116,0.2730554482782064
LJZ2683,0.24023543239874118
EIM7860,0.14137326559933652
AUU3823,0.31372339582768105
CHX4581,0.4220175727700406
YRD0437,0.18429393987387296
DAB0671,0.24651082245747433
XDO5057,0.21160713309294177
ZKW5475,0.2734273999035553
CGO7243,0.20372226887727543
EWZ2252,0.3206323019007995
BWC2297,0.18109406252573024
HVF8197,0.17958842218727816
AYH9061,0.360269885620899
AME3933,0.07536095565419709
XNC2032,0.08857660010794864
VTH8783,0.12751763100464927
XCY4881,0.20617239484195302
GSJ8580,0.1384983494066261
WQQ5955,0.3179526780028947
OMK1405,0.4635496525903577
APA3758,0.11856628131728933
LMZ3692,0.3616829579226298
CBX0707,0.13374693161584095
HUD3876,0.1327645269214358
FRU5905,0.19713579986832913
PMS6526,0.5607876522293509
ZXJ7471,0.2369813456610527
ZBY6746,0.374349365257575
NJT9868,0.4989522851029358
UVY0564,0.0792096814540939
SKW1143,0.1618957313678873
ABG2525,0.1781020810464119
UFU8390,0.415340071304622
NGT9960,0.31730134546843064
ZRY4907,0.27245196244042885
BGA9143,0.16129769630609753
SBI9198,0.1872708889138338
TPZ2821,0.15352774106358164
ZHI2106,0.24752747598531036
GJS5356,0.4240743197473615
SAR1513,0.2561591471142275
CWB9113,0.29165011506697863
XEL8841,0.16708898996868904
ERY3718,0.11789067485884483
RJE5240,0.07600457572541063
QJG6699,0.28812684259472965
RGX4351,0.3281256334557765
KOQ1552,0.33067122972587026
DFX2670,0.09862260898916245
UTW6638,0.25908587379879866
PBX0575,0.3264187350260228
DJU8355,0.10822098246235258
OBM5317,0.4707498181069935
UHI0457,0.15185558882114833
CWC8353,0.3811167729163829
GTN3770,0.18353208530475498
PWP6352,0.1935746182114285
BVD4367,0.08907572795617019
EZU7351,0.29307033984557257
LMC8257,0.4531657352075617
WXD5973,0.29274755885230175
BQS8990,0.2081618678378542
LZL3343,0.16407053044816847
SMQ1462,0.25366858126209463
TFY5736,0.22324548493434795
NEW9673,0.22969849636745246
WTI0208,0.4834618210575769
GOL9753,0.36530945900149214
HRK1159,0.26510715115883793
QEK9330,0.20189036934620003
RXH2280,0.14344058825991224
ZFI2141,0.26764634230822626
FBP4085,0.3215994821348837
LRW6457,0.11098544493395406
MSA7617,0.08640861036029969
HXJ0847,0.14237927996057612
FNI8232,0.11467753488416947
LRM8286,0.35221661997178916
PFV9823,0.06905201992103766
JCE3764,0.4324513647148718
ZHX8548,0.28446849647005606
QFC8467,0.22754451374921464
VNH7366,0.3651395535329097
DGR6762,0.128363169761745
CQO4483,0.1439289943452738
JRA4800,0.3373918958954265
VEL6171,0.2773604832303439
ILO6000,0.3019448570195718
UGZ3030,0.21725302200148688
BSB4917,0.17156754564227897
THD2413,0.2564434712707755
CED2110,0.3117299858809509
LOR3260,0.12193014464969779
SIO5381,0.30407093787904865
AOZ0664,0.0752189935699018
VHR7684,0.04165363804996316
TFV5435,0.34346640825341807
VNV6240,0.40452973271880455
VJM9383,0.08778895174954746
EKP3156,0.23150201870907344
CKL4208,0.5272058351164013
QMQ2073,0.08200281712910001
ODP4214,0.2958189909780065
EMQ4270,0.4059185547380901
NCO2846,0.5950188123636054
ZKW4912,0.3084109953166239
FSY0685,0.19406416428654466
PMV3303,0.3810214762797185
MHM7359,0.12073516581972667
AMU5446,0.4862760054763749
VOP0406,0.12218260152518073
XWN2574,0.06051553929157018
USF3234,0.14892108178948807
BWZ8496,0.46945248918810684
RGY4012,0.09247692420034369
YQH6242,0.3433319294624227
NXM9286,0.3350632495760794
VPK3577,0.2108320085024139
ANQ2382,0.3198581401288639
CXF3459,0.18341945013572022
YYD2813,0.18131755756743773
DSE7516,0.1146816531194608
BIJ6208,0.2579939216191116
HKR9614,0.5480320911046103
MBY2881,0.14080679704999305
RNM1234,0.08660164255518231
CVF5149,0.4729158158901808
DQT9935,0.33273242383433627
UXD3629,0.0577009910970242
ZPM2559,0.1901756682190496
SUF0190,0.21200860910334013
UQC7394,0.39972068846459957
MLL2713,0.10619468641688677
MVW1001,0.13257311068240993
ZOL0937,0.1891091065791567
ERS5113,0.15577871061473603
OIQ3452,0.40757200444919106
KFJ9679,0.07336291826759335
UOI3318,0.40982498644244897
TIL3217,0.3284831223887246
LIT9079,0.41426991294511917
MGN3958,0.21463389789169324
UJS5723,0.1425272842708556
NFP4748,0.2511840097908908
SBB7768,0.34913263825093127
NBT7826,0.2737338820149252
XTT9899,0.3187949067663135
DHM3901,0.34426521059655735
UBU1016,0.37255023531384485
QEO5046,0.26642196211638614
YQK8315,0.14292026270656424
JEM8731,0.43946489166149477
TJP5066,0.24465247662296002
ZJU7735,0.06221019563552928
SDI6080,0.38386151993444795
CZV3482,0.474856199426308
PQX5630,0.3364205761150012
NKZ0214,0.2190261236802017
HLX7206,0.1804526726894712
YZX8841,0.09088872148426498
ECQ2509,0.38154269114939426
MYL9728,0.32145351048985854
XAQ8230,0.1623649620107164
RKG9466,0.4952097267840761
GFM9961,0.20232196718623413
ECR8128,0.04597537494516355
UUR4860,0.15636124123030912
XFW2308,0.09312292645998796
EGP4520,0.21441101562039966
KCR3281,0.29315353417446816
LBZ5822,0.10551608705696801
MSP5345,0.15235605425121992
UZX5829,0.24363566139222398
VLK8520,0.406081250193823
UFA7337,0.13965099846292242
NZL9708,0.2508703887203377
NPS8684,0.2541095395409919
DAB4074,0.21095746715314398
KHQ2631,0.1157952325670404
LYE7723,0.26132272734091616
IGH2607,0.626829758308549
TAI1258,0.35910990824656897
BOM8677,0.1713609430166294
RIA2278,0.23255455715081452
MCP2020,0.15471238962570372
DMU7521,0.1756774619516634
OAN2005,0.1117105392599732
QNX1018,0.049158107474699446
PIP0182,0.19535617143600364
GFF0570,0.0798199227287214
YXA8986,0.07504633499122083
JLU8438,0.22620906240533373
ZYW9004,0.17764857451545446
NFM3278,0.19066170324003542
KIU5533,0.2515212615788028
FBW2168,0.2007213847526504
NPG4374,0.08352169492142426
FJL3478,0.10601690130282435
CFC6920,0.27044486935208484
YLG9645,0.28639347726631964
HQA1719,0.09501802511254662
AWQ8996,0.09236820093465878
ZXA8304,0.2018436892307651
UYR1714,0.2926190971334977
IWS8403,0.19074089943878592
BGN8123,0.30360857553532083
JQP2398,0.16527165338560418
XBS8326,0.13249215710672788
FNI7163,0.3318274206641209
SOP6458,0.16794711955660702
PIF5803,0.21294574866524496
MKD6010,0.19196410177973386
FMP7211,0.22498847278746414
VHF3016,0.06933562478171157
IWS3982,0.2013934688492755
TQQ4585,0.16002427403408825
ADE5557,0.12668240673854067
EGQ3082,0.2537581866260802
HQD0501,0.20226710638589235
KMK3923,0.2722435883111923
DAH8950,0.14478997783684938
CYI7850,0.2571723529589013
LKI8677,0.16840846685366587
WPJ1514,0.25078086733684285
SFZ0122,0.1751121350309689
FHA4722,0.11085982178441209
WNY7098,0.3049483587947423
UEP3307,0.22075733880329518
GAJ4574,0.047803120201588944
KYG4754,0.32481030259185395
BCY3028,0.22496629077061497
LFF1558,0.14407275724931853
YBS7007,0.23505256745285744
NKO2158,0.4505577404148293
SPX9613,0.06567165168810861
NON7604,0.38619432936645476
FFN7247,0.2547561271193004
SQG1697,0.2657724261417038
YDA3984,0.10142788773833271
DFB8435,0.19738790844310544
VYJ0443,0.10626046688332248
VCP7262,0.4046336680038401
WRN3435,0.2335148174798204
BTT2446,0.2043165507975255
LAH5377,0.1915848035872226
HSW3806,0.2490191755062752
HRO1928,0.2530122223591276
XLU8146,0.13855180335125494
SIN1614,0.24472197146817254
BLN1988,0.16804128751163447
XHK7418,0.12451592701895271
ZCA7979,0.12285733885108345
XLB2047,0.20829791156395389
QAU3695,0.22549056489517494
GOG3970,0.24452674193065593
ISN5239,0.10859693086642584
CPU1536,0.4191586142372031
MKX9001,0.1782708185334073
KOR9892,0.1491384487647309
NLU9073,0.28263437831475746
KIU5875,0.14817486612395642
WDP5238,0.4137863560268832
UDM5755,0.3075326418786201
GUK5794,0.1265918011841229
FYM8868,0.12723381565052894
BHK2487,0.354693582805673
ZRG1286,0.5581525156833353
XUH3076,0.2290964974114766
UUM2341,0.6022331966134786
ZJX6721,0.26556699419029756
SXV7548,0.3211708663192836
ETL5828,0.18620296374868675
YBV0249,0.419330070440188
YWV0248,0.40788159996991236
LHV5651,0.23849429278009068
PIJ2107,0.172191232930778
BAZ2922,0.19822776190582359
BFN7414,0.05692156952049141
LCJ4382,0.16577330485488398
MSZ7963,0.6321618943984341
LLQ7511,0.2537941006274571
EZQ8929,0.1735947144207334
EYW3271,0.23987214305613264
LUR2550,0.41525048642887535
KWV5171,0.19526888674726553
BJP6002,0.33442117478316685
GAZ6352,0.22130925453314415
NOE5899,0.173229898982058
GSO6330,0.11723181947494923
DAH7009,0.3647435094013481
SLF0607,0.2623312696861852
PSS4938,0.2731099438039243
YGX9689,0.17593851215882925
BYQ1680,0.41866055807528013
NSD5065,0.42296085837272057
SBI5104,0.05420055489430751
URW5994,0.3386490772196694
LPU4091,0.2355568302248185
UVH6494,0.2589191272764203
OIA6408,0.28045275009725473
KJF9569,0.1974622261866637
XSB8188,0.5011311243445378
KPN3155,0.2585233630962194
FSZ2003,0.3914562209177254
ESE6389,0.1928697793097266
EQS2051,0.18601180014810362
JXM7806,0.3168733777772088
FAG4187,0.08285503507325809
PSW9861,0.13208363524969294
ZZA4074,0.1163916976088649
HAU2809,0.4285745696366693
VPW4006,0.2464647770103139
GEK2385,0.32437303142599205
PSK0074,0.16957779697904093
JDP9071,0.3239856261169115
BJT2367,0.34254156466214486
WZL3394,0.0877684062064157
YMZ2832,0.12626299315534603
CAV4415,0.116413793366734
IWC6782,0.3611654899189051
FYS1072,0.29288946099445434
BKO8859,0.16054891176581262
XPA1096,0.07894019776458437
UTK9333,0.06519313139593688
JUH0752,0.3397026431144112
CWE4540,0.33516561076398305
GTT5772,0.24079916340171323
NMS7261,0.21424699527164118
NFC6092,0.40367821869178405
SGY9017,0.1339073396343242
IQE8101,0.3101173031716603
SCV6718,0.41605886199718267
CHG1677,0.14853377502795115
FXY2129,0.05999309507844601
GDF6179,0.5088367609991958
VLB7065,0.36653611750521964
HUT0035,0.3267775582562273
CQT4321,0.19746442958661917
EJC5633,0.22082355462731748
XFS1411,0.10633947633284742
SZP6865,0.314093296262414
PRT5108,0.16816388876333888
MFG7332,0.5279914576432941
IES6695,0.09103997632847709
BGF6096,0.1842699460376396
KMX2095,0.2753778985842487
BXV0396,0.3164245658720488
AAS7113,0.20144219677775407
LXU4185,0.15590989328464608
AMZ2875,0.15324536405325112
VTO9083,0.2650451456441795
OYV2826,0.1235762688997741
RVB3422,0.19020672930259586
VQL8869,0.16705314302068064
FHI3975,0.32035203687917674
MRT5122,0.34805002734697615
NZT2696,0.30771102494443775
UJV3086,0.20857793773341174
MWX2959,0.4599560097172809
JRH4241,0.35315891502512825
WDY5282,0.39886325310399784
PFI9861,0.15983296577421002
NLH1159,0.19377684228299497
UMO9863,0.2560082983751538
WUA2558,0.09097365819733315
BOV2617,0.23942916032609352
HUF8662,0.31052977458836156
ZGV6167,0.5197535626583015
FJI7768,0.26221941729680714
NYX8294,0.20690730247551853
WCS2391,0.1974547080308415
YXT8825,0.19535290847944523
UYD1555,0.378617045489682
KDE4661,0.13198239559675198
LFW3799,0.10679022870944882
BOI3325,0.16508145742662073
JBD3230,0.2647051562091469
XOO2590,0.4416331040956831
VPY3256,0.23949594342498912
FWK6396,0.25107284575725203
AAQ3587,0.160112746646767
USX9973,0.12223988099133455
ZFQ2099,0.36514823638693544
NSP0769,0.13348121971316493
VZW2794,0.19640266135038428
FPQ9097,0.11828889970756754
FKC0825,0.1866182305347778
RNJ6469,0.07350697141953329
FHX5987,0.296050121693685
VKA7541,0.26661448219848427
ENB5449,0.3776935182603379
PAY7678,0.1734596058335031
KZS3695,0.0839684661807168
WNU0768,0.21667844112877568
TJL7779,0.14189119323787938
HUU6061,0.614871015299323
GIA7202,0.12645298993954976
JWY3275,0.5047287269230883
LRR3413,0.06337784585675738
PSO2484,0.6761848175406537
AMN4190,0.1922570545586523
CMM7729,0.20835132264939862
WMY3696,0.0788467117288752
VDS7382,0.12983114985648234
JCU7529,0.17099521034522835
NDV4582,0.10731786772759981
ATG3843,0.3108459477966498
BVB6806,0.30538081506144543
OVJ7342,0.2769440179648245
EWF4593,0.17159556801721457
VCY9319,0.12953956834851799
JYE6112,0.33145090517128084
XJZ7853,0.11298062972480243
ICI4338,0.14202430325416313
XMZ0098,0.47288292322252873
GEE3464,0.1594515335474162
WYH5383,0.06421118464555813
IOA7460,0.2891106387074996
BGH0751,0.09409379305710196
BZZ8446,0.2802556817393893
UAL3684,0.1389635610115619
DBG4584,0.2094968903731788
BNH6408,0.07813322637632927
ZIQ5333,0.33721878486192675
IVJ7741,0.38615495748287026
NTP5344,0.21286210914540393
GVG0103,0.18652611768235827
YJM9336,0.1627031142623498
QFS7363,0.10097817410722441
PDI2374,0.367740471363824
KXT0789,0.15594572049131702
QFP8139,0.08730275134722001
PUN5266,0.20006097636479692
SVH2177,0.18987964585180214
YJR6111,0.18736034110750543
DSS7133,0.2634598614912121
NCL7062,0.13800821140619687
AJU0855,0.1920799150529136
XPK4890,0.3728926079911992
WIZ9924,0.1798894815104269
MGV2706,0.5684456091522609
WFZ7199,0.41466822850626683
DWL8248,0.17404161583758887
LAN6798,0.2657542206362527
PFP3113,0.3784186867617647
UXE5171,0.19744109848107877
BWO7771,0.48648059666976357
BCK9106,0.33019176022768804
KFE5862,0.3160515899721427
OSV8609,0.3178245815822067
GBW7920,0.48080465783416265
LKC5945,0.47924085823153467
UGZ4314,0.04547990274579965
JWR3503,0.06601247509598342
JQG1138,0.2229530027892915
DVR8493,0.21020053958404308
JOT3091,0.37343808661535166
QUF3899,0.45209217931311957
ISF5324,0.15953929904558065
MEC7902,0.17799398990684584
JXL4357,0.17689536375836684
LLR5129,0.13439145579542985
LLX6667,0.28171006833806655
WTI7122,0.24274985267126883
PYY3836,0.10405770566570306
CWM5708,0.3020576916248415
ZWD0729,0.2957755622393498
AWZ1380,0.26199573382672786
YUY9265,0.3004942146494326
ZOP8692,0.1356878202633075
LTZ6008,0.16569948325452474
IBA5631,0.3984652781634608
GEO1078,0.1665862711332004
MTP5467,0.08814031950398156
KFZ7463,0.1431322567953791
ULX1591,0.3641369933901047
IGH0605,0.15724889021495556
QMP2561,0.12081927526116627
OPY8179,0.5602591191272351
ONI1797,0.22211047378776486
DRK4458,0.12537446925591106
OEJ7372,0.26451851026163625
GOS8120,0.14369021324784506
WPR9475,0.43890970569561955
TQS9197,0.3180476170861983
KZV0779,0.15808957470744378
HYL5313,0.1270122288574757
ISD8532,0.44935560296502997
XWV4369,0.4316235566262101
YBN0441,0.29500195898293635
XJM7641,0.04769265871411817
UOL9545,0.1721731538631567
GTK2540,0.35183367021730283
OIV8849,0.11573009668061046
VEL5401,0.29192435750017903
VON6500,0.5049949622590805
QXN3582,0.1933500445413397
KCS2600,0.10401770618448553
LNL3239,0.08879471995672918
ANZ7871,0.5063338232018445
TXH4345,0.08925189980327022
IGO7620,0.44889527659641143
YUW2965,0.4122897980356297
RUS8416,0.06987689202010909
DHZ2877,0.5907575841638979
CGE1904,0.15986856705089172
DJA6086,0.25871446112492374
JVF2534,0.35004803376970417
MDR1905,0.37375102174096947
FDM8444,0.1360151893744983
MYR9045,0.7084063502367817
CHH7599,0.12013544776963422
YKM3043,0.1122590639593746
PCX2311,0.20363525716187206
BPP3429,0.19747557200351842
XLF7396,0.36380962726004645
QVD6861,0.2467748672789365
EAC9541,0.16772032622609923
JNY0669,0.5772340953154144
CMY7360,0.197276329821208
RTG5042,0.43955522529471863
VPT3891,0.08364401180519691
WPR3809,0.33129620524914755
EZG4620,0.23034429442314514
PVO0967,0.3733940429889524
APS3407,0.08417792046732722
EXM6711,0.21830935574776758
ASQ3605,0.23325410485933334
EMZ9496,0.13712650158320489
PRQ5952,0.5244958142594215
CSV0355,0.08414241933881676
OWR0811,0.12549025220278784
STE2994,0.25270430841300406
UCX8064,0.12411559871815489
AEO9747,0.17079831990535843
NHE1342,0.1954299159957129
FIM2448,0.15297345693141343
VVI2122,0.16004626114662993
CHU5307,0.12086314824372597
VGS2219,0.39400000953051345
SKG5089,0.20806824801738522
QZX0534,0.15273999332182672
KVW4203,0.18229787323032118
BTY4771,0.2653140767748873
VWD3593,0.38068042171675825
EGA7849,0.15745551523946733
NSO0204,0.17962484680041613
BII3399,0.20012387424221936
DIK3381,0.25126796322669853
ZAD0002,0.15898048792338343
FZR0923,0.08888289126248895
KFJ7839,0.208128016473648
FDW9073,0.26726353513238504
CDA5025,0.4050993519160909
ZNO3134,0.26499083568776527
UJR5843,0.423122208602041
BAY7500,0.32918789244572294
LBK4717,0.3749164139840016
JPW6842,0.6227726528250079
UTN7073,0.12377873654051703
PLA9363,0.18609842038107155
BHU8373,0.3789953193496343
VEL7874,0.2529513244354258
OWV4701,0.38468679191406024
YGU1647,0.1674909851028785
DPR2681,0.16033546470113597
AHG3945,0.16629856819429098
HBA6797,0.24887947576129746
LIR6551,0.15609320439319202
QQA3477,0.21823820887059975
RLK8064,0.15989535350366874
FZE9803,0.12660801554049045
XHC4412,0.26336513984509585
KIC5437,0.401838945153322
UJK6515,0.15526175672345036
WRR8006,0.24143376742181066
LIH6194,0.27246320719639283
HOM9326,0.18742779076619265
RVL6761,0.19985125919479516
OYJ9371,0.24005093595402496
PAS8310,0.35276478005517053
LWP0450,0.2863066892303372
QCO7801,0.2680271625612759
VPB2229,0.09217974582340817
SFD0686,0.4308208404508847
PBN6180,0.23244305294513296
OFV4378,0.674985577070036
RJG6648,0.1724280479476409
TJG3580,0.18834361345106534
JMD7331,0.41862489269274145
ZVK6303,0.12999766554078634
GXN7069,0.20290651314803804
MVH2014,0.5445301090726175
DYT8927,0.27603491478660286
NBL0712,0.8047090305901672
GYO0155,0.22830009163956702
IAC9902,0.04019039238942855
DCT4033,0.532507840731681
QWI7337,0.1689964391814016
TPQ6194,0.24416681648500707
CXL1729,0.1707303639477409
TQQ5065,0.05774835941948365
ORZ3223,0.17699081455716098
ZJT2723,0.11907001180720417
GJX5455,0.05006449956644148
GAJ3499,0.14873779759664835
QJA2746,0.30812551753648904
IPN4571,0.2705541539193804
THG8073,0.16654863728884706
UPD6273,0.1601407594655235
JYL9827,0.22458571928683282
UQX7522,0.18064913003058847
RJE7226,0.36996996287984113
PXO0226,0.279105294137699
RVA5201,0.25987087327634945
AEV1617,0.2617521267351708
QCA6988,0.34552871962519194
BUP5917,0.1757981607962237
EUC7877,0.09346367857146394
LMA1495,0.25562712795740783
DMS1343,0.11291753370199958
BEY3736,0.30039168201111255
REI3559,0.24063752208825745
VFR8526,0.31712951309588316
DXP3708,0.11324305774055045
CYB7594,0.251170678680863
ZKB0497,0.22574594899696296
BXD9603,0.19020164396670286
TBV3936,0.4611683841566792
MEK8872,0.3087152290197389
AXR8386,0.15824115578403158
HBK0550,0.08530572076974148
MYM7993,0.06257246821624451
BFP0803,0.27784777103196856
OHY6574,0.12308737259313952
XVS7344,0.2087688608140099
FWE2319,0.2856374202241396
GGE4068,0.2174632346865823
SFQ5356,0.19592575959882988
IUR5201,0.13995723038037677
HIZ5925,0.2260120786596879
FLM9708,0.33295590822494686
LCR3080,0.29075570086362534
LFV7294,0.13153186430340516
GTV8967,0.1581862964450816
XIW4088,0.4033936781290834
PDB5618,0.28115267163583885
IKW5382,0.12853724164549396
QSW5028,0.13414533974723963
PQK1609,0.1791420522200298
KFA3706,0.2222198358474161
ROG5869,0.16302919165612043
IZB7057,0.3985778348472564
UGT0576,0.21799454457963716
IKE6341,0.15122282472291482
WFD0657,0.14516121236554042
NRR3437,0.08497572317798162
PON1393,0.3923477683325298
IKG9157,0.22304769994887663
STA4873,0.17212633138611075
FGT3217,0.19805101046630527
DPJ2630,0.15085820760111196
XKR2285,0.1754408835769464
TGU4244,0.10404159616707387
WXE0371,0.5972797334564577
SKV1611,0.2861103377700113
WEM7796,0.10293779292253782
HKF5825,0.12546053879926133
MMB8694,0.13850409374211167
YSC5977,0.23824837391852854
ALD0226,0.23528371933104872
RUJ1149,0.40877381985229105
BIT9596,0.20470337970778363
QDY5235,0.21750681848282769
OBF2010,0.22777667700860363
DNI4141,0.16386831621916956
FIO3277,0.17850646604291193
EBU9897,0.17473195855551166
JBB1038,0.42774996502126345
HOK8117,0.23524647244731406
ATI2837,0.2915773288426684
WJN7406,0.09980733400852544
TBD3532,0.4809206413765495
NIP9564,0.6411915160237781
JFT7708,0.20606474715668918
JCX3888,0.4375363569398931
ZJT7098,0.4139766390586313
HMK4154,0.2558161872391894
UAO0030,0.11932099747502578
VUF9010,0.21552997184522157
DWT8749,0.35798946039741586
IZG9580,0.18332036564764137
NAV6508,0.12708842819835228
PVN0440,0.4745976423664761
RBV2680,0.6309384878053843
KIO7475,0.07780698878464312
QIK9112,0.14790904667904306
YNP7424,0.1362706740243362
LNP2526,0.5145800147452603
JSS7069,0.35743886310807543
BOF6549,0.15238330844372566
ACZ8821,0.22065973755239857
BDE3165,0.4495124649887658
MHK2146,0.34935708861588544
CFC1014,0.4436842465199792
NVF3938,0.22961788251495382
BKE1559,0.14018161933427764
XZY2744,0.11175989137060761
WIA5017,0.4073770860236725
ZIX2511,0.2799012181406865
WGU1584,0.2157237152809894
HMQ7762,0.30010119597762225
DZA1512,0.135582081326889
BZT6517,0.5718770261313424
LDX9294,0.13389221018966294
AVJ1407,0.40016203307329024
LVY1540,0.08278421425033568
OAQ8445,0.3332448531322268
IER3992,0.20976094651732008
GSH7565,0.08237114307302165
MZL1445,0.2670450156032625
UTR9251,0.12832448949287525
CWQ8289,0.4111005473021092
PKY0579,0.19260583407256032
BBG2676,0.1286208549452409
FJE1300,0.2376014211289583
SVU4532,0.0695254736460273
HLR5621,0.14540211608422132
ZKG2634,0.20300150443278697
EMJ4291,0.24584934648313853
KTM9004,0.17073906743566636
FEQ8164,0.21040129227054757
ZXH0943,0.16000081685887313
TYU9186,0.16687121272977995
EEB0624,0.545618301005624
LWQ9693,0.13355859084732513
AYO6751,0.2353605026356872
MEM7039,0.4020138796458497
XCJ2719,0.16963804656207984
VBI9490,0.2702271787091642
JPN6438,0.20092123373406431
YOP4022,0.11997245461491293
WIE1670,0.13715916698111638
ZZG1279,0.22220108356448584
IBY4892,0.24650731652757182
VRH3683,0.19590227508593896
KTV1619,0.14798613812319777
GQB7094,0.3023498970399746
YCU3371,0.1807868158179535
DTP4491,0.24280062014777412
WIV9796,0.18344401689544246
MJI5663,0.2200483934780195
WCR3433,0.28622264955983456
VYN4221,0.14242696996142332
HVJ2795,0.33574407633367354
WTT4377,0.08757712401561525
LDS2388,0.06576379674480119
UTE4496,0.17199977763434973
VJY4583,0.2987866975600929
LSA7964,0.38275585765380127
BZV3649,0.15594597661150375
LWS1272,0.22016069007423855
VLH0947,0.14636458499704477
ZVO2998,0.11698090591946583
PBJ7693,0.5298753726757124
KQH2058,0.1864951596277197
ITP6992,0.4252968062860603
WKQ2030,0.187372298485301
TKJ4454,0.13753407922969502
MCT7093,0.13735890662345243
LQQ6326,0.5346227428387157
RKB6395,0.09281619679429255
ZAH9261,0.2399125550196199
GZI1127,0.10880954363114317
CVV6331,0.37729842705008704
XQA2811,0.2391414886334744
SYI6054,0.41811541948818987
AMY0655,0.0838801883664921
HZK4281,0.08803205054861894
WNT8145,0.1481197886401103
CCX6236,0.5058552082098496
OAE2016,0.1054901122017046
HHZ0542,0.14472220364283359
DZV5764,0.2107871933003068
WXR4271,0.10628398340549952
NJL1519,0.33173979547787846
ZBX8960,0.12570739276669712
TCO1239,0.623105868651866
IZE0277,0.22792824389595207
WXK9583,0.19535231214881027
FBE6451,0.2952045831197325
FTX0418,0.16364810501248184
UVJ1190,0.30454038420978397
ZQD5170,0.14041631492422482
MMG0954,0.09033526888740837
QTH7652,0.24340812382610943
EPL8454,0.39835632769181456
ECP8252,0.47713062733450934
ZAU0784,0.5656677233409496
ECW3835,0.37873384316943964
CMS0318,0.3925962522401981
WLW5649,0.1161020527774073
JHX5386,0.2997484785913233
PCH3333,0.31609435652828016
CJD4090,0.1281806085151016
ZHQ5954,0.37158797124525056
TFC5723,0.2596338584458068
WRQ7331,0.19144574403201958
KAN4912,0.12728080189730467
EPD8279,0.23740456116305336
PDC5099,0.35170971444561444
DPY3938,0.18087755004095749
UDO2330,0.16726840549961106
WKK8778,0.1730902203118607
KJM7083,0.2596815090955679
DCA2616,0.16067788230713345
XEH0275,0.11194029636002813
BVJ8088,0.24998649006169604
ZAQ8758,0.15075129050118455
HRF6526,0.3148451169877225
QQJ4189,0.5993810675802885
ABK5848,0.46318947216769785
OEH5253,0.4948791908344837
FOT2445,0.3398897222995858
UXU8867,0.11647402996080669
HUX7982,0.24817161406719115
SMV5436,0.4426234907056053
FBQ4481,0.09444865686954948
IUV9080,0.06517864233950915
LRN0740,0.23635120455483763
CBT9092,0.3210548695376531
CQG4678,0.20097928599825063
JGQ8837,0.07499272145676984
RSE5980,0.1653892142086752
WSZ8728,0.21781497698288926
SAD7889,0.502959394870764
DPH0398,0.5322725021276183
UQR7067,0.11001221382783095
UUY9624,0.5075324172960762
PVA1710,0.6024039055728926
BOT5603,0.2320985749193128
LWY7653,0.1537494704421655
YDH2973,0.22397728572493736
MEE9924,0.2842330743873303
DFH2841,0.2548100430261541
JHI3131,0.19842654163994705
AGP6903,0.18265119334363505
RSK5328,0.170431336020527
VWE4596,0.16569059325186009
EVB4879,0.13676852175423962
QHA7457,0.48108401867099254
BTH4717,0.42241603649567927
ZYR3814,0.1938707439665585
IHS6850,0.4274254638520979
EBB5326,0.14305788678139986
UOC8757,0.22829657510262044
VGX1724,0.22102758552005136
ZZW2620,0.17662147321406058
WGP0738,0.16146083730965657
NDT9688,0.21249308743280187
RDG5759,0.046914651438981804
MBZ3219,0.31086264465666286
VOA2778,0.11518425219004172
TER1659,0.19219015561409983
CPG1677,0.1773679069163514
MTD7705,0.29238325382883623
TXG5920,0.24503578947027355
MYX1390,0.27231002457003195
XMW2906,0.24062854345533627
NVX6011,0.148316554799887
LYR1389,0.23327312197950995
ZQS9453,0.25589119615564526
KVY6771,0.19356058477289922
JQP6097,0.1623768384414965
ADB1236,0.17506206630947663
FAA0655,0.15662964946316094
RUP3785,0.2606493524937583
VTO4977,0.15404736621624673
OWY9257,0.191770151226737
INZ9599,0.16360081672452223
UYV9434,0.16437000725093767
QCN3988,0.34944743100472037
AIJ4474,0.1327156803657831
GMF6125,0.287235187381459
RWZ2877,0.2849151325713504
CVR4043,0.16065262666404997
RZY7054,0.20244625820066073
QPL5273,0.2863492939669001
KKO1796,0.5319335424203323
DHQ9595,0.42679071494216453
OUT6240,0.07908929781066046
LIR4665,0.17947525813219237
VBS5912,0.17505798383251603
IEK4502,0.13294862796682733
FYA8853,0.37162701558773525
FOH4659,0.5979803857288394
XNC2504,0.16507325194492264
SHN6071,0.3799760928910545
FPE9638,0.07291098650307751
MIQ2318,0.19654314763379657
NKE5145,0.2876427218632469
BNP0383,0.08470107698951532
OXQ4019,0.27210825531140964
QLG7535,0.10873854176668332
NFG2213,0.17116809271153985
EWY0202,0.3283040905280146
LXZ6473,0.4595869254614446
XLJ8555,0.38619013103585903
EIU1933,0.3169084919608582
YGT7289,0.24972409974061113
YNB7874,0.25637487436937184
NTW5371,0.1282095408980983
VSN3165,0.20326893439318888
BCO5595,0.4901895572969645
NZB4891,0.2988461521964976
UTK5485,0.33069690158385073
SZO8539,0.10076484466889923
DEP0199,0.27206370837785515
ULJ4832,0.1981039068871869
NLA4883,0.22537617215378722
ISZ1044,0.15926230360850535
VOD3596,0.2298397030082033
PNU9920,0.07291012457920305
VBP9681,0.33633859134085725
UFA6698,0.1320049604560426
IJP9499,0.11762678917902347
FDY6857,0.10494977265375756
LSM4366,0.10196330816699191
BSH4545,0.1378055459408426
VNF0492,0.23197659269891932
NRN3248,0.42550733363100174
CFL2795,0.20274214016084718
UPY6262,0.4172990940911742
JWA5753,0.43993220128050226
YSL7643,0.16546297979989708
IJE2413,0.3268272268318499
HMG6508,0.27384620109204344
OND1652,0.32280847204305935
RCD9204,0.30236934796566023
CVX3958,0.2552318530381792
SUD2927,0.22069460724386464
ECC5428,0.11731510140653821
VVF6053,0.404712727146783
ZUW8629,0.1769295750405914
QCW0913,0.23499929561391575
UCQ2988,0.14703362247832064
VTI1308,0.1875166635553554
YPL6010,0.3057962762272674
FQY4754,0.3717814072219442
IMB0115,0.2905654591759108
TGG0560,0.22639942339638908
LOW8153,0.4678134740037801
PMQ6674,0.27065655481779816
ZFY4122,0.1632367061490332
GDB4295,0.2333899489828212
IXI1781,0.1588011625205029
VJW0795,0.29109711118685744
VBO9417,0.3561333361915366
NBE9866,0.07939558894662987
VGC0338,0.21228707385654022
JMS7867,0.1328793575177348
CSE8479,0.13032282528990563
BPR3060,0.5958998470583444
SWM8178,0.3628948351079476
ZAW6991,0.12741940644834476
GZW7919,0.22719483617284977
QLK2483,0.2781154930343172
FBN7235,0.2343704140839587
DPI4700,0.25426025559013615
JML5008,0.3033126037814229
EWV8051,0.32473858794214844
NAY8513,0.20692281342188157
GKN9646,0.2078422880760713
IQF6763,0.060429202166051604
QLJ2322,0.15158348711350034
EGR2384,0.1541756788707001
LDI6232,0.7624057718219059
IXP9686,0.08245065036222701
WIS5869,0.504277219283106
QPG4120,0.3963544234771223
ZFO1888,0.2468550507868873
GJX9033,0.11022342025177875
HZG9332,0.1474803299926317
RIV1782,0.1639879401921663
ORG0034,0.22285415097541647
MBO0090,0.35431144651558055
JCK6531,0.062402322841384396
VYQ0919,0.40732871014743155
TOC5703,0.09615287869294895
CHD7768,0.34162544274121814
TZO3960,0.11262011236582832
KYP2401,0.04704021281790122
GTU1888,0.44916276180960585
LVV0631,0.2589529195771637
NXY1801,0.21550418339918076
LDF0276,0.6033905733239565
QCD5470,0.48758228095298506
XGA1603,0.17026963912078621
BKD5139,0.29932187801529797
RIV7224,0.4418763176768562
HAC3956,0.43720230839184643
CIX5564,0.41427666842631705
POL3249,0.4681131447546472
NVJ1952,0.27548072802521567
LJP8831,0.3155087946701523
CMR3851,0.20057579589524943
BOL6020,0.5229730430062641
QOT7252,0.1967614535332012
SET4895,0.4731274226971569
AOM9004,0.06059878300374027
WRL8060,0.2472688357823097
YRI9524,0.12253589166984903
LRB8922,0.27940288175706535
NCP8644,0.22005915041450397
WTS4018,0.14727974383763126
DTI7426,0.18818490247990965
ZGR0098,0.17455925594774008
SAD4571,0.13026708782599522
KEF3478,0.31391832141655385
KVP4733,0.28051545415248375
TQW7158,0.23222942505134866
VBW5493,0.2549392260573771
MPB0399,0.07561375801076262
BYK7045,0.16574290616693116
EZV1040,0.11838299134979055
LIX4967,0.18787729040556933
YPX9462,0.5887568993820665
GUC7779,0.25629790488273113
EIW0176,0.37744020252072014
JPP3633,0.10488176765062807
ICE8497,0.09043491548050936
JCB5870,0.10796510754384223
TSX8703,0.35546675563484764
WTN8881,0.1784988034979674
VTX2950,0.10183320728652163
OXO0872,0.24879773279224707
SLL9902,0.07627388738847352
CJD1628,0.11219215277821966
YME3555,0.35488577455922393
XKF9852,0.2773744746618694
DRE7767,0.18853589166022036
ZWO1818,0.21698292310984907
FEX6317,0.5480224862914225
SNQ7014,0.13185456209790986
GQN3038,0.5248321592062943
PFF5514,0.23939772916476867
HPV1117,0.25343971388260383
III5054,0.04866818532346996
LNW6654,0.333748861190008
ARC6596,0.14057397477244468
IPP4620,0.4196476079902516
NLR3257,0.2838662760837129
CTB9878,0.4849857381136808
VMT5143,0.20363896298731743
AHM4211,0.1291927810716719
KCL9551,0.39828740210008107
NHK4195,0.2318125935326956
INQ8214,0.11670674530592005
LAX7318,0.22288374221358567
TYJ1073,0.30982055347318543
KHR8174,0.16857279123006585
FXV0272,0.5567815412518219
QYA8718,0.08092588154378073
MGB8317,0.3326407471983695
WYJ0017,0.19632607155023768
YCB1541,0.05154721432542779
OCO9701,0.3487841680701586
QOT4213,0.24395419832942827
IZB8133,0.14552702619744592
JQT1085,0.25749230258820927
BCD5519,0.30727158041487146
XBP4686,0.22740354749451633
BUH6163,0.15892098704776056
YCL4225,0.2622382907047735
ZGN1837,0.3136080582949136
VWT7951,0.3780411532908823
WCU2909,0.11870163348234998
ECJ8667,0.08954570724381027
FIZ8807,0.09437305527016177
WEB7022,0.20360051957087816
UMV5479,0.2682613169352351
NTU3115,0.12313101654369842
OHS0889,0.10962988821820781
JRT4331,0.237865246776468
AWU8320,0.2414235089999073
FZQ6790,0.2774747734681258
SAW2413,0.5615716564037498
MBR1935,0.6389965684631355
EUM7981,0.13147442599053968
SXQ9635,0.17147583289385343
CSK8727,0.286492295487778
BJA6633,0.12068336694510012
ZTS4215,0.08381637830074501
CXW2502,0.1392660258020334
VON6528,0.37695617411732313
XBC1483,0.15393462617333123
BPK9428,0.12088121363530566
IJM2804,0.09344616596284665
JAU0056,0.3921678705921102
SKG7687,0.18428584333435233
LUE7177,0.6127018328372474
TFE7449,0.10185285477436298
KUU3033,0.08194844289500214
BSC6214,0.26478862271567216
UPB6992,0.06576893120346675
LPO9433,0.1437650371526705
GRR5260,0.1431069588908162
ZYX2775,0.357647664635672
CRR7571,0.28124956263801404
NVR7579,0.22995997116765893
TRO6653,0.17420555117599631
QAZ5784,0.24487685850646468
CSA7855,0.3274263567298743
SKR7049,0.20669555059046943
VDC5945,0.11431103649746192
RQG6441,0.2031179554061628
UTK3942,0.21079749807980078
GIS5276,0.2205630455688322
LZC3931,0.08958396656878481
AQZ8439,0.21401029021070686
HWR8277,0.5354826537562221
QSW7544,0.20761068376824585
QMO6786,0.24594049649299207
FFT1267,0.20871435186299797
WBL1699,0.10504297613732161
DLN4360,0.19893767444666724
QVK9371,0.44642131603892055
PAJ5923,0.4611713091507411
VXF7049,0.3569815033795031
ETT8073,0.16212353736345073
AVE9956,0.17626372055864242
TPT4243,0.227416026167438
EVT5415,0.165142354387436
NRY2349,0.32642372423447347
KPL2000,0.3564629479626024
JQC8916,0.14048645633588774
IGT4727,0.08936004426395452
FOQ4697,0.24613152924926035
JMD2554,0.4183675511857735
EWK4862,0.18838978262353956
SFG4231,0.47416678450577504
OUW6979,0.724987196830733
PAT9207,0.09034380778129725
XTB1114,0.20269336104147218
SUR8024,0.4956192535236468
JMJ3446,0.0665852467944565
FLT1779,0.24198038825047757
ODI3507,0.16773288617824372
VKX4649,0.338327643296351
LXH0711,0.3418081873434413
GOH3012,0.41341933680992754
XZK2864,0.44766086612867617
FSA2525,0.1562287730590413
OML8735,0.10951774726310187
CKW6247,0.10792794690005485
BZK1475,0.19900912920981179
BGZ3773,0.17622923610913277
IHZ1914,0.5237455718460863
XYA6636,0.33801086997516866
RWD5233,0.38933820009094583
GPV8030,0.24947036797988373
NVZ8701,0.5165698173658658
XSF4318,0.2963772990949847
WXM7923,0.23661733527519685
CVQ0880,0.22230635885433808
QOQ2863,0.10986108279905457
RXX0623,0.17572767812554219
CKY6595,0.1242643632246559
EXP5590,0.1774975612710009
JWS0195,0.16562444246521243
DNV3342,0.1497932417416945
WHY0533,0.10027729511772601
IJR6798,0.19827288711136865
SVJ2157,0.26285942413572083
YLW4737,0.18961511408378745
HUH1315,0.46838898207584595
XMX5505,0.16576560131257087
TBK7519,0.1191452266998138
KXA1414,0.3034431873283686
FQH2166,0.3202926291625444
RQN7624,0.3169913548898192
EES6771,0.3680415838589188
JPZ4794,0.0729928852275227
SYU0185,0.11554277168483554
OWS0031,0.1967635568269381
NGE4427,0.2595908888464599
FGO3834,0.2448518094392995
OFI9247,0.44960819626258414
AHB9803,0.5201653867243439
LXD2374,0.3355020604452868
PBZ7120,0.3047891270570032
NIF8371,0.24925577742212918
XST8100,0.06494649886571752
CPB8339,0.1461310251370732
NLP6754,0.10316849194137517
JSI2170,0.05846068906589782
QFM3680,0.06701924393933789
BHN6631,0.21581077165453333
CEL0556,0.27763039345344354
XBD4029,0.1719311568509763
RYE7752,0.2327086011048617
QOV3032,0.16636409017927922
XIL7243,0.07911107860771943
KAD8756,0.20340973663998532
UDU3246,0.20316496685880728
BKS8607,0.23265040965824685
NNH7225,0.3024459447130757
CON6996,0.18898629338221323
HXS4917,0.184514551688164
PWS7531,0.052885603178057274
CPA8641,0.735020502034678
RTW1393,0.39941179223299206
QRM8880,0.29471372192152556
SYU1247,0.1685586279216069
BKP7999,0.2284356213934065
RWQ2872,0.24451055251758208
VET6669,0.1418476681913425
BBR8345,0.24430428550064015
FMC0185,0.23153490152593478
YWX0652,0.1685490815213403
FEU3392,0.2708040430206575
MAI9069,0.1790345691966946
KSE3648,0.38565096896844037
JRU2012,0.16009309179799502
LAG3972,0.23921244004427553
XDU6150,0.16693529818478872
BZO3678,0.4821152445008278
UUL7578,0.22888085531570326
ENT4935,0.06418762524706617
WXU2063,0.20322709719040416
MFJ3188,0.16513634515084274
LFN1743,0.20216663695778003
FEB3954,0.1272533966520949
XJJ5859,0.24919931724626418
VIM4571,0.20571004147293942
EHY5432,0.21153477371154603
QRH8342,0.277856893853266
XMG1831,0.19011701610056228
TJC9764,0.19279840810034796
XUX2979,0.16067063529532802
QIX8136,0.06444380609693588
NOD6437,0.5143778700927195
JDV4500,0.2888472474631458
TSU3436,0.22197583421290165
YQE3043,0.21433978218096641
PEN4600,0.10717529117738867
VXG2069,0.14867073667366046
PGV2258,0.2011950240757949
PPB0159,0.22421224580594848
EEZ5587,0.09463908502781072
NKJ6134,0.2228896305905351
GNL8515,0.32558650214482787
UDB4012,0.5841233927657379
EUV8082,0.11119749254818702
FKA1499,0.1736762907175207
TDW1832,0.19205486708297462
UYL3937,0.17730073889189535
WZQ9514,0.11655905610758079
YRA1133,0.14452605120331607
AUE4212,0.2270051297968724
AIO5707,0.13052382486323025
ANY3654,0.3561387221048438
CCJ1581,0.24041461977197032
RVJ5539,0.2669758037269362
JQV8142,0.2958029626028286
LKP7864,0.21966469347895365
QYO2749,0.22691155700968563
VTS0473,0.1636200007045231
PGN4080,0.28780845636758245
BDC3366,0.13870898167615286
ZSZ5292,0.1168416147334803
RLE9918,0.1277374768525551
EXF1515,0.27834608299087743
UTE0139,0.254005294355991
OFR2518,0.3259539585275246
JJF2590,0.1897450655896857
LJL1360,0.19167497303813041
CIC4708,0.2761157619332277
BCA4110,0.2129237246086218
YSR8537,0.0581912073717564
ESH9012,0.15817080060954997
XQW1169,0.22543028337594917
SIK2342,0.18605996460149393
EFQ6319,0.18082785415264818
XQE1526,0.2043587907210679
AKR9099,0.3231746169751489
JAI3468,0.11866981021154106
WTY4270,0.14319924749448606
COV5080,0.0928326632085395
LMM1024,0.1570212001420728
IGE2896,0.5670472112327702
JBT5109,0.20013639578392253
DST8276,0.21645487049823753
BQC4343,0.2910370783393364
FKR4884,0.07322269206676246
EEZ9582,0.12199470547082918
KEM7815,0.15637291677014875
ZIC4531,0.3231821349688844
TXY3351,0.351345596722116
SVT4843,0.15373045707880253
MCY8318,0.08221609570021234
ZHD5694,0.39729744585782406
EYL3435,0.12498694786417441
FAK8590,0.20872698336272177
MMA6648,0.5982985452475474
ZXU7819,0.40945196000601447
TXT5173,0.36407420495700016
NOW6615,0.11873141587820532
NCZ7758,0.3898836825874955
REI3094,0.20503452516711534
GKU4570,0.6642925120986891
QPM4563,0.3234333143393946
LIF0935,0.18496314079241735
QFT7638,0.25443888280858656
LDD7909,0.3628874955347973
PMD6356,0.4378065266832869
XSM2533,0.10116144967861737
ZAA9704,0.4616294072271807
PKQ6825,0.1441913077301239
WAJ3293,0.27327668197247956
FJC4376,0.19533274137911494
WOD5328,0.25863956181242687
OOV7630,0.044286284994836944
JLE0045,0.33800374970602937
TRT6193,0.24414772626982198
WRI6749,0.2353177319215271
SKX1054,0.2011341145210029
WOT9749,0.22625501443106058
LUO0920,0.3809090257708779
FED9755,0.09860087951483418
KSC2280,0.41953935034692647
SVJ6815,0.3133755310481613
NGF1992,0.12998118756640797
PZX7839,0.10287636339796892
FQJ6322,0.1447974379769125
JNH8656,0.08777658338047635
UEK6875,0.10745000190712217
FVT7847,0.17984644046452988
VYM9686,0.33680944900828763
HUZ5652,0.2089292316441887
UGP0737,0.15544424842697047
PML3266,0.11781923993880014
SLY8923,0.3199625465405424
QBQ3841,0.23412801697170368
DRH0163,0.2193499991838114
NDQ9001,0.40785284537579586
DVM2517,0.2996799794191322
LDX6766,0.18500275728152593
ETF3376,0.09084940932977549
PPV8379,0.3433151087350919
GWG6827,0.1583742386207995
QPP6524,0.20600442228397176
ZMG3395,0.12290634931164292
RYA6828,0.3123184655251335
TLJ4903,0.41088996363410185
QSJ8380,0.22429960921451755
HVA7599,0.32808577437157005
INA3184,0.2249555955459424
LIC9006,0.1747684138415522
CRX5646,0.10810316963872592
CJR7973,0.2033898502397022
SIX4048,0.14128661472299642
HIJ7224,0.21293232831388292
IDF6143,0.4405427747035147
LHA4851,0.21078533123798449
DUP1250,0.07817327912884339
ETW3839,0.2667021581124994
TOS2521,0.06000564452271335
TXU5196,0.25275324579195635
UTN9806,0.09946777528353482
UPT6736,0.15889718561176613
QLO4437,0.1751445147055971
FDB4146,0.551011122113126
CJN3294,0.18971523479965796
IGX8925,0.20977374500575005
BRN1292,0.22218604614953275
JVG5455,0.1737326328540744
OWV0422,0.1226779522965378
EUF5580,0.34612100666646234
WVI2357,0.26720392221614203
GMI3091,0.09568747058204527
OKX7088,0.12330777926078514
FHX3427,0.11728855207404328
IUX3518,0.33893757951359593
XHT2960,0.24551560126158614
BFO4768,0.06562479132084416
QCZ2397,0.24901003687534037
HUY9240,0.09216223664170656
RUG7309,0.14894568575854347
VMV0997,0.19558667424949838
ADM0827,0.2877731636977694
ODT3808,0.2192646398409044
CDQ3303,0.19155526752979427
GQT5475,0.23326375529727886
MAQ3766,0.0796673812525246
QJS1732,0.23461539140940013
INZ3983,0.11977810823753908
QGT0911,0.31457147940549796
VKB0890,0.2509902677432342
ZIX4904,0.4174566038666221
WNB7111,0.3623233603945565
QVL5835,0.2971732449194421
OVN3723,0.29275610914340416
ZHH4408,0.19796052953610468
AGR0025,0.09926734717454848
XBP6656,0.17091994827970733
XZV8150,0.06580107863211575
LHG6661,0.16737932561760577
PMC6232,0.384460748729863
FIF4321,0.2629868567467665
ODY3807,0.2827456105039916
RXP3675,0.17033075676890827
WDE8034,0.3520901009812404
DXW0967,0.21278274924501575
TEB1181,0.29780883108547274
GRC8180,0.19081734560160846
MYP5419,0.1839067200367757
DEH8750,0.27192478781172086
XDN9367,0.4094240412009598
LCB1865,0.1559013344331345
NTT5170,0.4262068912794331
SOQ1632,0.20474869924191758
YUH9692,0.20272288097527008
JYD2074,0.17675003358688046
QQG2862,0.27902695938055366
CXM1623,0.10512626508823655
FUJ9930,0.19410440885146044
CNB6992,0.12249781875108698
ZVR3165,0.3496701852637059
VIG3338,0.37080887722118006
ECX6390,0.30620711492349145
CVZ4208,0.25008208579216246
NYS5963,0.28079791405617455
QYV6805,0.3851582959815429
RPM1362,0.38919714859951754
HZT5933,0.33248876193886356
HAB9073,0.3071594191379898
UMP0408,0.13546573997064915
LDP7953,0.08771741008190624
HJO5548,0.18680908603097313
SWL2951,0.3798862374315157
HQJ7509,0.16849243797896898
YXE3238,0.3374581907775174
QBA1659,0.5566162400249224
UGQ9648,0.32126620283529483
UUZ0902,0.4265733164671454
YIK0290,0.13907648770686448
TKL9885,0.503706078328938
TAV6410,0.1812658311161048
ULZ5016,0.2735472088912855
EBN6340,0.22243077940136996
SXG4078,0.3315112249166377
RGS4046,0.4349733588504848
ZEN1745,0.13598250049633903
EQP7859,0.15408321966001243
XZG0749,0.26415888761009565
MUR1259,0.44750479552560535
GNH1572,0.1596332614002951
RNT1103,0.1345326691395207
KQP5148,0.19553897943880763
YPL9606,0.114412217958124
GEC6684,0.3919421021285685
OJV3269,0.15524896511691236
KBU9669,0.18982821310069709
EXK0686,0.079525391743936
TXD5026,0.3294099323756577
WBE7793,0.1268823334916141
FOW7270,0.19151068090236706
SQT6432,0.28011736851636587
YZN0545,0.24305483178272225
JWG9773,0.5788865856614452
RYL1835,0.28873662574061354
VGS9426,0.1603397511923573
LLE5822,0.5244672744266065
CYU7374,0.6088011085590704
JCR4090,0.23539390263751253
SPD9900,0.25477187782846994
GDM0800,0.21316991208230757
GPN2716,0.07445382000992942
HYB7458,0.4068846838687371
YMD4662,0.6855476864378305
IGD0921,0.40377357934987324
CJT1561,0.04604294755247924
DEI4249,0.3109884429927331
ZOO1036,0.1901916975432446
ZWD9803,0.25712121591237913
GUH4927,0.1492451679399409
FLS8480,0.13733109831531273
POE9287,0.24948144427339555
QFK9602,0.19874519648323027
FEF1920,0.22508324069068222
ZQK8721,0.23419036204315388
KGP5853,0.34482331111377473
HME7697,0.19788529667394705
LCF2931,0.1468314226971342
XXY7874,0.32508126893106365
ZEL2095,0.4839271053904642
GUR3247,0.16154391312243327
JDL4331,0.23968821018752523
EHE7119,0.2476285598380787
UHH0658,0.3382981243825834
END5028,0.16358709421249246
HZE4718,0.3776469013798084
TPN7250,0.2604912418924544
JHI5936,0.04923414996477518
UDI6384,0.2696338542827469
RHD2687,0.1688437036638767
BXS8111,0.2562714042929347
TJK7138,0.6323628384978417
JQI3533,0.3201280180079999
GNX8347,0.5138739134506395
RXD9228,0.25303251536097643
FNH3965,0.10538088321001225
EMP8062,0.46554983565970226
MEJ4356,0.16938411248738855
UIZ6838,0.41084492008689455
UMV2455,0.2669801592207871
HDQ9910,0.2508842363785294
DZK2637,0.4901423038380805
MFA0957,0.5836274993437593
FHG5382,0.06643093600698098
QCU3035,0.14693647473709986
YCK3225,0.13350687340970332
VEK9874,0.1969006703015807
NTY2368,0.1418547216996113
LVT3457,0.2111141585963027
ZVH5381,0.10738544647749557
FCE1353,0.2060647957917719
WQW2081,0.12365479669863118
JUQ6158,0.2200577450559473
OHS2466,0.37391913759038414
KPF2140,0.25945753571394614
BAO9938,0.11863920408949677
BEB9268,0.2337567256051752
PEP2360,0.08264836429543194
KBJ3393,0.16053115469223098
KJP8929,0.2457823628204953
IRS9319,0.5374205386641964
GNA6559,0.3487447064083529
GDD3535,0.10598611757526277
XHK3076,0.5333874797809469
OPT3877,0.21729750204361184
KDM5132,0.22922415881546124
ZGH1260,0.27173834115268136
ZPC3616,0.11921659805456407
CCD7521,0.10520801727550838
RLR6078,0.1720160166276101
XHW4339,0.2097010391783155
NEA4125,0.15474680469535815
FYT9337,0.15122028751439376
MZA5737,0.1501646322810263
IWX8525,0.09202437684101666
UXY3602,0.269483464168666
KAY9863,0.23489005970405682
ICL0681,0.22737027805534438
STV8662,0.25573862294913197
NXA3158,0.2215834851507772
WUT1669,0.1884759668353549
WHX4931,0.28902189737737904
QMF2498,0.346993306156022
FAR8609,0.2031411797501014
MJN8543,0.2594779209145621
ANC1727,0.22804072077898038
CMY5018,0.23466575799183367
NUY5204,0.07360317315131186
YIR9679,0.18015776132250647
XDM6706,0.16524967737612523
ANT8269,0.1303678310845811
ZQP3525,0.26277940168720193
UKG7598,0.12472772898575415
KIS2908,0.32334339234518034
AIL7774,0.10454067053720653
WYW7672,0.36430849924517655
QCX5525,0.12012259350772654
JZV0769,0.1547212570911711
DLR0932,0.15262709198788915
VXC8863,0.35964477986095755
KOH2895,0.2806492786808317
WMY6508,0.3809384102678969
IFX7040,0.3191020606080674
KZO2590,0.07680555478808175
HLW7095,0.19060040030596337
MRQ4796,0.2449887814623374
NUA9006,0.288346121715515
BSN6358,0.27558754963802895
AAB1308,0.1468441924635158
MFD6294,0.28102628548843545
CPM1668,0.1480672388904636
ASC0080,0.2903849522903653
MFS1546,0.38781066604106257
GTV8803,0.11109613240852444
BTB9943,0.1432308718200158
SWM6904,0.36391261761689103
VRE5552,0.2142106212273842
PPV2663,0.44206220858837636
NPR4084,0.3356407493361303
FIN5241,0.14323357766275216
MLF9852,0.24980740646510105
PFX8404,0.18673284931902095
NZT8763,0.46765635474949724
SYP8802,0.2192059069240005
RKG6794,0.13516137630283226
HUT3552,0.5935744495206575
GHQ1739,0.15098892321790605
NHM3753,0.25548513199101697
NXA4981,0.09718394101847541
JKD5635,0.18788889715395152
NDH9283,0.05810196070332551
DRI7386,0.37089930800629234
NTM3474,0.2339674913593339
BQR0893,0.4406269270136566
EGR9812,0.5124093648418013
KLO8178,0.3136988470251923
RPY1835,0.10907121419315208
BZL8581,0.2298207002161842
QYH1854,0.28270185494323147
PGK9212,0.0977150051057227
UUE1033,0.1454351793224204
ZAP8815,0.31598878481118753
WON0228,0.27294063622402626
RSO2008,0.22952883289600806
EHH7629,0.13010054962438977
ABQ4338,0.4025408969746731
EBY8977,0.1864192470152108
FWF2890,0.2943812676261929
HKI0609,0.3100401758051881
PAB5947,0.24226953334970058
HEA7016,0.36822980872184685
HDW8123,0.34517424356015325
LLZ5422,0.15698847945072222
ZPT7132,0.36670433259130886
JEU8627,0.42833620035987113
UQY3173,0.2300503909289652
BLM2089,0.3233545340814868
DCD5221,0.08664872408673337
PHS2469,0.08005015506729518
WII3386,0.10884071105370845
OSB6146,0.14927409114281687
ZYE8393,0.17765174540712356
NRS5494,0.325354270530311
VCK3879,0.12487110456041803
QBK1287,0.41124864314459986
OOT2673,0.19719212352744162
PLD4712,0.21647734298738885
BCA6861,0.11580859431332381
BKB3148,0.09095524258342806
UYT2460,0.08385648946566568
CGV2591,0.2032987518158812
XSE3563,0.05490515289391593
HRZ3422,0.5562247291757121
WKP4106,0.07603472479633086
EOH2042,0.23893820718232983
MKW1588,0.3141074786687092
VKV4425,0.17246523779370668
JIH0956,0.4611761687725307
IWV4857,0.13563756590028064
HJX5465,0.3347757736726202
YRJ6285,0.22623293335956274
APA9822,0.22001537663082782
ETJ7252,0.20532175638437053
UAZ5155,0.19147627122493535
JCO5005,0.1975803033517961
PON2616,0.15944650997613552
GZZ9302,0.25150274675439055
EXM0909,0.22827812464359648
YPF0123,0.25616007772534377
JPO5490,0.13550411159191517
SWN1165,0.4876767114086227
DTI8446,0.1842956825100599
BSX9409,0.20220189454671428
ILF8133,0.2633207024614456
TAP4650,0.6201870541311777
NQB1919,0.04533684670668913
EVN2619,0.40648853524270157
FKO1395,0.17030414797771812
KQL9739,0.1785314114196853
GTP7103,0.15585892741217527
FAB5180,0.23492107927745506
DNG5054,0.23147197653503412
PIV5711,0.17096066888686481
RDS0818,0.21852812318162226
NVL0735,0.10338597564537555
JHS0345,0.2339600858517046
AOW0183,0.17503729248181
JWB1663,0.0640437855919416
QBI8434,0.1345101047759128
YGY5084,0.08829225784760755
LAJ2381,0.35680794683086675
MVQ8426,0.39885624470916825
XEU3341,0.1759302800785814
WBB7069,0.20324331227463227
HSV9997,0.28950164733030054
HPZ7235,0.24567869432196232
LEQ9893,0.24820560297690775
SRX0685,0.24485594598929525
TJE0525,0.35586801065890666
CBV9705,0.27781784402975823
NFH7701,0.2578631753257125
MRJ7981,0.23457792416661094
LRQ4994,0.07317978995643432
TPZ2644,0.48460156028737195
DPE2366,0.19261424996253612
GSL8285,0.22721668884198828
ASE9553,0.24389803429729404
GCQ4270,0.221756482234391
JOI9750,0.06853945073600025
UTD0147,0.2098185624321749
KZW1095,0.2569210564183416
GSL0577,0.4998272337099325
OTP1368,0.5999203046480623
JHZ6457,0.18383453300528219
MKI6175,0.3739405881557614
GTG8406,0.34251449559535246
VZP1954,0.35607314324909217
LES8781,0.12312338944897022
PCF0526,0.2717210488617426
WPW2050,0.42637246731830825
DTH9411,0.24007388726949372
YBA7820,0.39327512839629086
VSR8739,0.4103952089353508
OOR8305,0.4180766566302437
KDF3451,0.14282669132630643
HRS7842,0.15063859211678746
XZU3965,0.28677013669844426
NWL3338,0.21272687058023024
GWS6777,0.10270013848694332
PWO4056,0.12486366134928711
XRN4973,0.11492183498666964
EJB1687,0.19762122128724605
BUT3103,0.13884559654445236
WQW1045,0.1677175026242266
MDG3445,0.09103891354881966
XUJ0717,0.1293533329124813
HXD0371,0.2525141597421165
FGD6466,0.1878086692978883
YZW8155,0.15782451062154154
YSW6454,0.1769314820287311
XRS1062,0.2516506048891132
SBK5282,0.3107270981911122
UMT8393,0.08324232884916312
MLC7262,0.47152198051391625
CHE7839,0.25725713228339964
ENK0333,0.12996970821232776
WGN8449,0.13694101872195713
FAM3458,0.08445151167296769
LIJ4989,0.616093744845907
WCJ1614,0.1712275424107399
LCJ0354,0.25273603997744626
MAS7337,0.2673358129152673
WMR6816,0.041985998173208236
QPD3244,0.2895242843467423
DYR2618,0.20215892531572435
LZY6766,0.12181746551076678
XPA5745,0.11359576007938996
OHE1207,0.6018878292874494
GMB5921,0.506270806608383
PUN6155,0.20279753307086856
UWY5599,0.5107071685531521
BZP2422,0.3783572809146589
BFA6296,0.4175233792404881
FOC9534,0.3836350207211827
NIT3559,0.2971269847822787
QWM8810,0.12982239321272793
XUO7622,0.12534627692447145
ZYR6469,0.16829140245763705
FQV3213,0.2650254705985499
HMI8445,0.0827977828844428
VSX6822,0.4864212430511315
CUD3348,0.07061931797436821
OPN2109,0.3624159394105038
NQD6519,0.4868245221617665
EAH9489,0.3517454414422596
PUT4775,0.22893339807188065
DQA2691,0.17511933163906868
MXS8930,0.42324247020808475
GGJ4008,0.5175422548481697
MKH2409,0.06883277268216463
UOZ4237,0.49248375380117376
DSH0462,0.2937195684267313
PPZ1079,0.6222794529283379
YUO8157,0.3695154568053483
EVN8189,0.3032254474000081
BJR1526,0.2688636170135748
ZHB8179,0.41877253297203654
ZLR5824,0.148742374487772
CFC2212,0.3053324517702076
MTE3132,0.20337047207095066
RUD7931,0.23624677628720428
ZOJ5082,0.06519082555181131
VQD3919,0.09422215787071365
EFW1850,0.19299052108102668
BWX5427,0.21952722179036402
KCJ9813,0.2789297127147994
WHY7887,0.3163170938173923
LIJ6032,0.08806518456437555
YKE3129,0.17811959248336326
XNC4926,0.3356117413605398
ZVN8083,0.2186441570884174
FHS7261,0.35446314292521397
JCH6559,0.14740358823394942
XSV3662,0.12155046296327437
OFE0816,0.17785586542496162
MZK6467,0.17591062292339507
WKI8810,0.35194903900873264
QZY3155,0.3699075743926656
ZGQ3169,0.4016135763156899
BSK8553,0.12698904659564195
DPI5831,0.3825493041429971
DAN7614,0.12730843482060633
MHS4201,0.2224712451697943
LBN7990,0.06540230858275814
ZEW3244,0.13973415763026137
GVI6361,0.11050592114037561
SUU7959,0.2522989663231826
KJY0103,0.12125780994421341
LSI9574,0.11052243408335641
UUI4640,0.5077355742744439
APN0763,0.21573264697137653
HTC6582,0.3268335597694806
LRJ2531,0.3121495706095815
RCX0166,0.3030329371625863
WLS1334,0.21324062289846324
GHU5711,0.29054385134780175
GXN6885,0.15703615170063331
SUL0918,0.07379559808052225
WUB3727,0.14107409545797872
RTU6031,0.30547778453511043
MOQ2182,0.33033360426597747
SKU1753,0.09702614186936218
CYF7753,0.30537245719018263
TPW5388,0.3743188645755843
BNS2586,0.4909969767639039
KEN2166,0.09119905435717529
OCJ6547,0.23959636958542163
NJP2923,0.20581426368290973
ZQV2760,0.2103480552059271
VWU6539,0.2985489547205165
FHB5662,0.23714229891990363
FLJ5568,0.11073562001072969
NYZ3610,0.4416562821192589
XBS0822,0.49394292584034405
CBC1282,0.2803850228338797
RJE0984,0.4481512501540657
EGL3373,0.39222421878330316
ACY6703,0.6917051592437904
RYV5129,0.11019609045215141
PEX4835,0.3138573887341524
KGZ3991,0.25513009336129044
GCP0419,0.20314649519755948
VJN5659,0.18288247070314853
XIL6278,0.20341547310744607
CSD2119,0.16025988584601836
NTC9929,0.05928459130405152
LQD1080,0.345337791064774
SEJ9531,0.20409607396163082
RZQ0003,0.1361511449869302
PZW2114,0.14620923369203562
QML3842,0.07239836796232045
TJA2905,0.2247389122832504
PIJ4611,0.24458006321479928
HAM5599,0.08142373265756522
TXM2652,0.25323660237490503
GAB3659,0.4427453305324413
KCA1906,0.23362187707136442
SVC9075,0.12991261669913726
PJV3622,0.11845662608740383
SBX7333,0.19890052507173442
HYM0481,0.51683282143571
DFY0681,0.2914259575065752
RSF3235,0.14845775418228882
PFP2410,0.17887298029790696
YZC6174,0.12237759103689701
FMI6039,0.36860325157580504
KSY3204,0.2045386830183156
JHS9734,0.10389453824439138
WKC7792,0.2528508200345511
IOY1200,0.31964301637849013
XUE4561,0.16994911250001338
KCT7437,0.23361351726741197
NMP8623,0.12055732327879255
QRU9935,0.20471462061240991
DMD4641,0.24268268912743465
NCA7180,0.09076742207585069
FEY4017,0.15011628315804365
EUG2066,0.2093311197214149
XRR3806,0.1417674868289341
HVJ6716,0.314907909472258
OLP0692,0.2040376192909643
ERC6469,0.36524255112664056
AWA4755,0.3231367082990712
YQQ9139,0.2638527772104451
OSX9492,0.25835956887755684
QGU8564,0.0771979601309655
YAO4151,0.13241049743644245
AMC9558,0.20456378514879905
VWB0124,0.11595571034451786
ZJD1609,0.15183559576189343
HVK5251,0.42557703597448165
MZL9303,0.11760869714444146
YOD6029,0.0746048240523166
CNL4438,0.25840448043310715
ZSW2054,0.18450714639064567
NXC5824,0.10449005323774214
BDO4892,0.23228676260825784
VLK0339,0.30137875771454575
XYU4157,0.10555747464674226
XMN6548,0.26723798197091075
LXW9245,0.09983081467696335
JYZ3206,0.4332717355534438
SIV3918,0.3444501260128804
RDI2951,0.39179530506609994
CKS8961,0.16499476363061058
GGD3196,0.2530771561523353
ETB0894,0.34741070655538026
MLA9778,0.30550872502775084
DWK1986,0.04468439368869145
EBT0068,0.2348070677886831
DHA1853,0.4290668183526031
HWU2594,0.07182187113063232
QPH8016,0.17169075429435027
QZI2250,0.20927678476748585
ELO0702,0.24929374295880094
FHW7284,0.19314834863028832
JXO7389,0.5503418188143588
AYC0810,0.26270762352497584
GWJ3254,0.22043823536762627
IBO1945,0.16411837949102553
NSE2304,0.4219809068064585
SQB4852,0.1335332290548702
FQH0034,0.2407312729297966
QGG5280,0.3436112094306465
VJB9962,0.18941886623938345
ASL7482,0.11220725960091996
YYR0976,0.1788399384532438
TID4683,0.34285344595956463
MQF4406,0.4339064343088338
PXU1703,0.05203768980269933
UJM2633,0.2420159792450214
ZSC9815,0.2205240657140198
WAU6889,0.48492158826324006
IIR5545,0.3603962809521566
YWD8219,0.43068254933203287
OVU5964,0.20339994311379733
SOX1774,0.49234124775053123
YMN0357,0.17586561388459687
UNK0731,0.19388145693924583
AWV4949,0.10011379462865061
LIA2179,0.31895720140410405
KOJ2933,0.15848232063488155
OFN2940,0.16669497532996588
XLH4413,0.11830991501325533
CAM8238,0.1145031408449169
OUI0191,0.25534248394831055
TVZ9158,0.20708675230292403
QZU7391,0.1376565549008469
YTC8533,0.3403905802101428
ZUL9082,0.16008818266109676
QDH0283,0.6234070372316399
JOY2839,0.30246573075098865
UZE0497,0.0750299883369948
GUN6865,0.19503632828007608
OQQ7043,0.21714234057901816
QSY2045,0.25284320812572136
SNL4417,0.11148760895066974
SAH0586,0.18857508553184188
WUM7977,0.4223336156771069
LUE1768,0.2621920704005806
TFG3357,0.15024713568787634
BES6653,0.31074305954736164
KLU2053,0.13052177285554376
EDZ4179,0.3102004445599634
KQO4708,0.20548793085500844
NPT4412,0.2098953587111929
HJG3099,0.24568490678332108
HZV4375,0.35304308185186245
KDS4463,0.37746613532418527
AXB4934,0.28773970286102535
GYM0773,0.21707847303214975
GJC1483,0.2872083303848184
SAF1656,0.2518665594221228
OMF0261,0.1412760141989432
WDA0383,0.5174443501792059
XUQ9842,0.16811561252014334
KZA0317,0.18569045565205933
XNF1437,0.06488242602873617
BGA5764,0.26804493583038763
TKG7900,0.08667532863764987
OTV1030,0.3052617750108736
VWK2998,0.2392965680530878
QKQ6320,0.23568017269494226
WPC9633,0.14807352694628353
EKW6480,0.06495312088162553
EFQ0392,0.0764621902790202
MRZ7379,0.5619377800174876
WAC5824,0.37027391565249695
OMT9415,0.20384558017004464
XMG9583,0.0995158700458162
UFF1261,0.3786213447131962
DCP0796,0.08901695517277036
HBE8442,0.23987804736802815
YQS4458,0.2384587485922424
SQU4407,0.2708556337051011
NPS6601,0.18745541465842938
XMN8380,0.21133691260809787
PVM3035,0.5384141046468333
IWD3752,0.16903845730703784
GLF9686,0.48948750605879066
RRX0963,0.22671081242664717
UAB7848,0.1618121704305246
TDS0452,0.5524080118474565
HSK3153,0.308913538670264
SQA3360,0.32893168067778905
ECI1955,0.20685133016572393
BTU2947,0.13287143431799397
PEZ7733,0.05805486529690962
RPE1400,0.09589183492855602
QKS3138,0.07467493727209988
WOT7140,0.31215256178782785
CIH5726,0.2718386849402329
LUE0157,0.5031478791336749
KFW0111,0.47154672071827675
OAI9172,0.25447519623082665
LAH1856,0.10711912557068042
NFK8809,0.3519592346693436
EGP0512,0.21934026746619348
BXM5911,0.3840899361000197
NWJ6522,0.2639828645661375
FAB8496,0.2768492165208137
UGD0885,0.10980877262063775
NLE4038,0.38615745224315234
RMT8564,0.3121260318292585
LPN5269,0.24816505311109413
SRF1001,0.33049433817899376
IPO5628,0.14422958887046794
YAB2836,0.4836864217986623
EAK7493,0.2848789218592332
VZS8779,0.31638532118622226
ZHU5296,0.3173514506821867
EHL7819,0.44671921410879933
ITI5109,0.3922537353098836
ZJJ6069,0.14513013221407708
UXQ8523,0.23473796757838947
BJZ5615,0.17748129645757224
BFK8030,0.21296538456160152
NOH6334,0.2154649227029659
QCJ0449,0.12736949224892377
LGV7177,0.30673404579685937
YUU8227,0.22515137175481528
EYU5539,0.1553433279168965
FXQ9279,0.2421491710698233
KVN0414,0.27611702654453585
BWO7564,0.2241612270129244
SHA4528,0.13697743125943965
LCV5905,0.3646459522466925
PPJ8929,0.20516023452796636
ZTY0059,0.06252642830936786
AYY0072,0.15936158146112633
TUR5072,0.39540482879156924
DPA2836,0.2708911670486932
MWP0809,0.26774549578747453
NIT5344,0.23794724576619714
EMF9379,0.2674925069720486
FDW7329,0.14399196048575363
KAA7544,0.29190322432686844
QYA6379,0.1796608516880429
HLA1104,0.165015702943393
ZTB7327,0.43499644268234594
VSX6645,0.47095816633747
MKX0188,0.18892482989241594
MYK6810,0.1259686643669278
UJZ3099,0.4743871918241181
NLQ6953,0.1424794893871915
THD3997,0.16475909555245805
DHW1898,0.20977242380108965
CAZ6419,0.15686937824853317
HCE9029,0.32193963657023733
BPO3584,0.17908773959055332
DCW6953,0.3899718581528033
WJW5631,0.455654888040953
JMU4733,0.16357851467883353
AUQ3924,0.2621266904500468
WOB4261,0.11146484482307448
FAA0395,0.37271987945497637
SJJ3512,0.22100308496881516
MDD5141,0.23600578779262874
UFL6151,0.2661502979827688
RNV2828,0.1964135974676757
IBG4905,0.09554154622978273
EWQ2853,0.42650050403521156
DKT1418,0.12301698924855561
RCA6055,0.2561389277682251
PTU0261,0.19418421524050172
RQM8471,0.07841141508419715
FIO1669,0.09718758106534797
RWA3084,0.3068998082480021
MWJ3622,0.15537003949480596
ZWO7580,0.17723506714858273
ZNN5139,0.1345719877077464
XKW2878,0.27268980248565955
SOB1176,0.0982630120000214
XCK6612,0.341337239842654
ASP8488,0.12360390918007096
ZJQ7036,0.2721372941765386
KSE8052,0.5864248642941352
BDQ1385,0.2641790121319961
VXR0368,0.2828580129014369
ZHB4902,0.08156032283045521
POY8883,0.12534904980395
GIQ3177,0.1469789705885835
ONY1016,0.26814088176861434
CHQ4117,0.2720086305600099
XID9340,0.2779338790103511
PEC4135,0.23486458665274243
ADP3518,0.2428769783870343
WUD9379,0.22998857206949957
RCT6710,0.24151292198182212
YPK9577,0.16616157873907203
KOX2113,0.09709759251717588
UJG4961,0.2441489055334808
HAY5847,0.45241855649180635
PHI6345,0.1678631946685203
PEQ3550,0.2415158150110235
KAJ4969,0.5290298965648718
UEE9718,0.3039107425776482
FNT7313,0.37371607640453774
OQO5683,0.193567874294307
NWQ3973,0.20892168568365926
GTI1384,0.2677066423914504
AHK9950,0.19000036953237895
GPZ4054,0.33617198160776984
HFK9029,0.22644999550994338
PXA5874,0.18371513093677053
QQK0987,0.4653814927170712
KOB6393,0.1284388435955333
UCS9907,0.43173757990932227
ZUD7019,0.45847987900611564
JUM0665,0.18321815307342515
TPP9015,0.2988009532738566
MXR4724,0.1718139026929098
HOD5285,0.24541685580820596
DHM7054,0.32070622950228833
CQJ0272,0.14406221829211235
KLO3196,0.2627556545692656
GFB1649,0.39193593338417193
NOQ5877,0.11551008531449763
CYI8589,0.15206078537294504
FWO7157,0.3055845914525921
OWE0183,0.3439039242029235
QXU5403,0.19096739705201835
MWK4766,0.6837229323589569
XLG8768,0.17563454755204155
VKS3432,0.2010534606454636
GMC1606,0.2138638687684981
PNE3192,0.26482232913907366
ZDH0081,0.4053975309100845
BUQ0384,0.26565709562552037
SDJ1245,0.4673566702628624
YHI0373,0.07908939802012804
HTB2148,0.3390932818708295
ESJ8744,0.2089647283687325
OKZ6934,0.38820406894037846
IWJ2087,0.08377244087906484
YQW6666,0.0822282794067202
DRL1639,0.20191311061667996
HSB5951,0.6448227584919386
RLN3664,0.19670318481111077
DQX4439,0.17855687015884272
BRL1853,0.26303911048606854
WTV4777,0.3540442925035395
UYI1073,0.40048005734591746
EZM9046,0.4015078878986788
NGH1312,0.3536828587533212
ZPJ3568,0.10831765968793837
GCU3692,0.15642285928503746
KQP8149,0.11600041037977454
XRE6790,0.18504051247783565
WOB4424,0.19744129434480848
TZX2171,0.2625345808997803
KLB6758,0.429529207728618
NJZ1004,0.14287256615990798
SLC8186,0.20611678696104044
ESD3201,0.3654097641356758
GIL8255,0.25212070370519823
VIA2238,0.21078149753521302
BIK2002,0.16314557612249955
IGN2069,0.1727712223868546
WDC3985,0.12091354298916171
GTD3498,0.13119734474499525
ZRR6014,0.14703661113055652
FUQ8627,0.4726989882300506
RUY4061,0.29771330708985794
DDH0817,0.1739405130719389
DKE5313,0.12647513866508903
GQB8062,0.10619340060480084
MJW1038,0.4737600422694661
MGE4928,0.3224529215622959
WMX3148,0.2362224086572569
BCL4088,0.13743655767930188
POH1215,0.26796639394440064
DBJ2669,0.1763216865657041
ZTQ2278,0.4042024003771595
QPC2404,0.4449034938121943
FOA9641,0.06379091431951851
UZR2198,0.14675994535702094
RJD8220,0.3408323114625103
YPO7168,0.42491918879906326
ZSO7284,0.312443020886286
YKC3947,0.22238961925209727
RAX5623,0.3614783769725845
NDN3928,0.3433160677310508
XBG4294,0.15951433587317848
URI6844,0.16185358017677354
LPC1008,0.11345082091312354
MQN7236,0.13221745460987103
FTS0705,0.19181314048848677
XRV5896,0.0985031536129135
FNK1549,0.14423794383971084
QVG3369,0.1412836561251804
UEF7361,0.07621936215471474
OYI0421,0.08026387607667722
RGN7073,0.3017718395475826
DTB7149,0.16290347556538562
WAS9056,0.32701533829268886
ZDM4647,0.35016704995872294
TVA1688,0.3162267835242148
AUN6131,0.48437397737019416
WLN1597,0.5846869660470067
QJD7373,0.138840321222483
PUS0461,0.19272354450404972
VHL5519,0.26535610696786477
DGF8059,0.1665431021429882
ZDP8152,0.1754385322984999
KIT9995,0.22705243520573246
HXV5931,0.08820239120579294
COI0100,0.19061360111364184
CMW1744,0.163432363829736
NLQ4471,0.061095847920773175
TKC3707,0.2171618815933933
IEX1198,0.17245928884102685
ELK8724,0.18053845767793833
MXV3637,0.10343114335278605
WCJ6522,0.5448280805932845
OEQ6921,0.2213164872194226
HHM4121,0.3262249802194947
LOH3133,0.37709564712673704
WGF4780,0.24544635948513388
IED5984,0.3758860725003418
PLN6758,0.23970119517834684
OLC5808,0.07763428511284784
CJW9798,0.1179887262021071
GAI6119,0.2687056439082392
BKC5625,0.5556906798589675
YSD5776,0.36009649356538387
XTN1465,0.45019090824873476
YST8825,0.29618972128406734
PWA9731,0.15850919783061468
WZF0204,0.2321989236262502
JOO6585,0.09521872568261328
FAY5510,0.18683140034550383
HLI5171,0.1103569242206661
HXG8092,0.18927970302609617
KKM2246,0.305854266402674
LPR8244,0.1337842784147404
VDY3830,0.34871480506229274
SCQ8086,0.1304972107899734
SLB2171,0.5700344444365034
NRH4257,0.12013930016465132
CNC6073,0.08876330102362397
ZOU1261,0.0556395530229339
SPT2697,0.16511275121525326
ZQW1536,0.5325084098118081
ATU6677,0.13640485160834956
KLW4229,0.15973127089308933
HVE5828,0.3700701419291505
GBI3333,0.2919284924520691
LVX7085,0.19745591845173177
GQQ6522,0.17297540160886452
CHQ1313,0.3305673660620299
IUD5304,0.16870414141892429
UPF0845,0.2926689554239666
DFN3122,0.39245635342302565
WSE2433,0.37634122726138086
FXK1875,0.11405544945413114
XQO2229,0.08122795808406764
EHE2388,0.23869161452795248
DFO2542,0.18084179208108722
VYB8146,0.334163532492043
UPI6716,0.09571159365840158
AZV8887,0.37439071145901104
IIT8345,0.14639937326031188
NSR4067,0.18999523776385258
UND4463,0.1546264390894651
DJH5832,0.26504303041914823
RPJ8255,0.3001763427784414
BXX3872,0.6487048304017201
YMQ3196,0.09955643586990987
ZDV7390,0.0948562481950288
PIP9062,0.2567650577358839
LNL0304,0.32146520015327285
WYQ6546,0.22148224270879732
NET5300,0.13167935532733333
WGH1231,0.13724825719195616
HAL3239,0.1296258678968296
LBR9014,0.08545861126499558
ITU9867,0.13323856316723476
KIJ7291,0.3363500312402274
FVP7293,0.34666366184713077
TNR9657,0.15179711495004775
XSE5958,0.11581284332483864
MAQ1010,0.19102217933923532
YSJ0631,0.41716473281503946
SGE9558,0.13496726931537142
BDN2933,0.2176051747467995
LLT6330,0.5011597458047885
HRY3373,0.12592929429561942
UHW9589,0.18887307461815692
NWK7279,0.22712082907925477
LQT5241,0.5269794406760797
SNZ7816,0.1851224041343686
VWP2460,0.30932699398638225
VSV7263,0.3039462184735677
PAI2981,0.5489817859804969
AAT2571,0.22592353748712102
XNM3039,0.07958743591742819
OYQ3855,0.21187017950230808
OXT6838,0.3050009253108953
MIO5543,0.12169087166555467
BOM2763,0.3286946134945429
SFZ9405,0.36007757893068026
ACB8398,0.1305569103688421
CYD6578,0.3093897979081243
OCJ4962,0.12850506271210901
QEA6309,0.30733604789065283
SUI4465,0.6574979256075851
FMR3924,0.06142910308536352
PTI8284,0.41189679475896707
PZT1362,0.2026657337577234
PIK1727,0.07789619267831006
TDM7158,0.10840256942257501
OFG8429,0.25378432745892077
YGQ0653,0.34908148152557156
CRQ3454,0.120215207932894
LZI6201,0.26898516971505343
DUN7031,0.3705407517317291
EAF4040,0.1763917284819073
AEY6897,0.21003378427264738
SCZ3033,0.12515422332041096
BHB5455,0.318575104509603
DMA3129,0.13899675376267948
EPJ7195,0.24224050671331965
XXL9376,0.1394713054369424
FXG1204,0.22803344733941677
SCJ5893,0.12319276069777024
JAB5413,0.158127086524683
ECI4724,0.4843440124429343
VJW5200,0.13140877480000626
GPQ7753,0.08301695946247603
MGM0506,0.1938262517141915
IJF8157,0.15292105350970814
UAJ6492,0.2559638855540736
OMN7687,0.23031556985763357
UJE0913,0.30524244297525904
EYQ7148,0.3674887290502759
PLJ2057,0.11617123669539035
VWC6238,0.08337421682922169
JAZ3904,0.08453998570245348
SLF2540,0.25008639828408996
ACW2850,0.13638872383887005
IAO0540,0.33793253259823913
UZW5012,0.2179851487227516
UMB1656,0.17902227279785984
JYZ3579,0.27417626396323624
NQE6140,0.3649061885516796
TNN1819,0.31279133218267813
LQE8452,0.3117832452182261
DDO6847,0.19909017924717667
RPF7802,0.15687069379561447
FNE2013,0.10079704219149715
WWQ2829,0.3024175371804029
FPZ8406,0.28620883114220186
THE2609,0.1347847301503401
YFV2493,0.2417406173416598
TPG5056,0.27832730548401263
CKT1474,0.4652284178839263
UWN8033,0.3725485207049138
VZZ8105,0.4502174254826895
CQB7810,0.605783442120787
RPA2932,0.3272508078282421
HVN2303,0.2956649077672945
DNE2280,0.15125282336622925
QZS6625,0.22042413091285692
IXJ3391,0.2004377048965726
IBJ7457,0.09563717789568747
QWK4411,0.15370650445537393
THI8299,0.11351858636890054
WQI8618,0.16845465081677616
EHL5492,0.1737234939212341
DCE6168,0.12026090286588409
NQJ8766,0.2786151905541795
VTG2380,0.24413300476919006
LNF2835,0.21967982285591603
JJR4127,0.12863659753429893
GJW8107,0.31945052902647664
WOT4362,0.3977645384373722
LTV7533,0.1562535296587196
HLS3172,0.3504708968835866
BCV9335,0.08946490498944672
VKX7361,0.07092520924425263
UPR0212,0.1584926478459885
GAD7822,0.1823732405806842
FTY3806,0.18286068065350772
EQY7009,0.09540481225673325
EDS6036,0.44733053747824814
ANI4768,0.24181621643461193
BTQ2124,0.10547689368965643
YQT0133,0.24682177233311345
WCL2270,0.34418468510180544
UMS8559,0.36031815990146104
GFR4574,0.42946902515020857
SEY9322,0.09960043532571382
VZZ3704,0.2546049542894368
RCA7209,0.37171396737453966
WMT0282,0.10270591796993796
ZGZ3238,0.11790207147476285
PCH5579,0.4465362232278937
KVQ5659,0.4271262157015878
DXW7491,0.21533032406307265
UGO5322,0.12994305873783663
ZFA1134,0.05922148664737581
PMA9220,0.19615553125248053
EXB8441,0.27474496258328573
ZEY4073,0.09441357900025873
VRB9328,0.034316636394224394
IXY2561,0.18772394736545042
TCC6535,0.1446135186911927
OJU3724,0.4471315634416423
XDL7709,0.19453542225523876
ORF5661,0.11327793543246283
FLD1463,0.20274831450738162
BJP9208,0.47884088095554356
TAC9100,0.16344514888300204
SBF6739,0.1832032303702623
TXT2079,0.13664970801644952
KKH5705,0.19961231015506253
QSJ1521,0.16106276411936013
SPZ2638,0.28341481684219616
QKS3066,0.18268426653314743
HLI8086,0.11771294096980485
RVP4550,0.35633073216857863
HNJ9495,0.11369450024849216
YOJ3693,0.2528119579809123
GJS0697,0.4389118256611637
EQR1972,0.1759988333020668
OND0210,0.24510702151836247
ZKT9269,0.10723457109597442
UOP5878,0.365397494959241
LHQ8463,0.058713038471409754
VTK5721,0.13488918998508886
DFT1373,0.17831986170555808
ZZQ4322,0.3497561875674664
TEG7575,0.6537287816972002
ZDN8364,0.1896509311385602
PMH3356,0.37966194941333514
ZKC0601,0.23226632665941235
WCE9841,0.2768231047195918
MQZ4133,0.5305748660029909
QUJ2416,0.35699274609371623
UIQ1872,0.16471357213889354
TPR4093,0.42128510696224475
UNY6653,0.43232516060648246
KED9088,0.10077179732870234
GJV9147,0.1273357254925346
YYK1409,0.13510193169541082
BDP1730,0.09405323772358222
IIS1162,0.2818307795309875
QDK0707,0.2717016033324271
SBM6710,0.183320716340284
LZD3025,0.18634259825953442
SCN0463,0.35608231007492314
WYZ3750,0.050161745172072024
WJE7625,0.29813170127589833
LVH9493,0.39629200057154
OGP3197,0.14400884108799017
VVY0930,0.2953514329484828
PVD6484,0.28627469464793837
VFA1552,0.4824848742045698
IGX6687,0.12872852602730572
VGB9010,0.13390661349326047
GRG2410,0.15054033810077344
UGC8879,0.23130086658477803
WUZ4473,0.25794699872120397
XSF5046,0.3176337408163133
TCF1709,0.29832985836623765
QGP8200,0.39065042170513836
TWD0882,0.3819448927921122
XXL7278,0.15979139304353604
UBQ9279,0.20219969007847707
YIL3942,0.29064171457040916
BFA1695,0.2911710139862413
GKS6057,0.39820038993375934
CEN5283,0.18042435810312757
URI5280,0.16595890331932875
ERO9064,0.08179371652236177
WSF6571,0.3194586412774475
BVH9547,0.07958466792986936
ZJS4141,0.24319126402181723
RBF2204,0.07413742701264502
ZZV5719,0.19686658207060145
PBW0578,0.2153691553114362
OJH9892,0.19691159067531847
IEW3033,0.22369207005277003
VRF2412,0.2471667209160362
AEC5051,0.21598539998229505
FGL7789,0.12052968170668107
MJZ4395,0.22466985744167828
DUX4345,0.18633547685142984
CSQ8628,0.28161754636312286
TOT1468,0.34193667080289875
YCS1207,0.16592366788073945
UVT9591,0.1727426853285995
KOY5019,0.3250204400801035
NSL3572,0.09380466459031869
UIC6064,0.333671960824616
RFW6714,0.2944446083329651
EAJ9097,0.09354010704118433
JOU4957,0.3531868029782844
TEE7042,0.35190707085434064
KJD2151,0.12074265144345733
XQL4738,0.4798692195680261
BFU8118,0.10457260559207582
ZET2122,0.21460440765990355
FUK4311,0.1630992173794602
QUE3466,0.08731330193622257
SWM1601,0.3236852095531283
JDO4667,0.08243270483907893
KLB4904,0.26733612540195545
MNL4989,0.0913798098756342
PIK2814,0.2562933424070971
SJU8294,0.26182931363584
HLB3116,0.38267116719716565
ZCR4661,0.4644492011463384
HRT2532,0.17910087150873777
QPI4398,0.25744151352123956
BHE2901,0.3528977070803068
BGA4649,0.2402003479594632
BIE1986,0.17419236698610993
CWT0763,0.41055614698224374
WPR4507,0.18464387053002218
PAR8871,0.24521442396416038
VPV9675,0.4040373118022846
ZCN4019,0.4679440109878562
QXH9868,0.28652209786746397
IGL2036,0.07535623262655339
PXG0071,0.4936251134701545
JKJ4473,0.2829335048641186
JDM0244,0.16230232551066626
NFS4819,0.24373595250046912
VGF0668,0.1834042845955723
XEU5703,0.21124239802765046
RUO0833,0.12685513764624778
EQV2141,0.4752618652694295
GBO6128,0.172978214649071
ICW7329,0.11560983834431615
PPR4284,0.387757849736099
EWD8008,0.165732521786652
WII0655,0.35050836977890903
RTW5196,0.21089361450137198
PXK4242,0.30613957574736467
FBW4362,0.39932844536469364
NKX1957,0.17962630586429845
FPX9711,0.19836217469692646
BDR5063,0.0975726472112792
ALG5020,0.17636796889707754
UPU4766,0.2492265838926286
NJD9805,0.07017803679328304
OXI7734,0.11797771934707675
LCI2089,0.4350850704601273
DMF6569,0.18452226935563784
GYS8804,0.33598652768092707
RXQ7168,0.30212180881897105
AXU3149,0.14399978556464613
QQV1056,0.3898972138537915
UDI7181,0.3367831377387063
ZTG9882,0.19787605629416405
XKZ3080,0.06893214892830324
WXB4285,0.13600448143763919
ZFP0139,0.21535206596213322
RKY6757,0.12940704302579095
RNL9971,0.1726784581487302
MOV1007,0.20166991202270873
EUF9193,0.282647588974523
ATY5952,0.2935553328072636
HDI2450,0.2824783959519651
DCP3341,0.4425075345651315
YVW2924,0.2514568983715382
AMQ9367,0.05700225136854925
QRH8014,0.104009796755259
NDQ2138,0.5519862809994772
TTO9585,0.13938644639436723
XIT6623,0.11650039387719692
VFW0657,0.1727076050601192
BZD1767,0.22435999879985194
LJL3808,0.08974881994624571
ALN1220,0.25793220177453546
EGO9071,0.08006376973601344
JOC9153,0.2072331770758424
INT7734,0.0794355054812853
NID3881,0.1208491358121057
VSR9271,0.08097127958433677
CNJ2189,0.2041425620192884
WQX1820,0.27494003685467183
DFR9329,0.1840446455045832
ZPL9559,0.29201599202672707
VEB5415,0.10120372093716613
NDJ1733,0.270362414625669
ZGR2446,0.17754637544464963
AQZ9907,0.25329151327121696
HKN3098,0.13482059224503534
GQE7545,0.2602205629809673
APS8818,0.2813737782176123
SYB1914,0.1284041224941365
SWB2082,0.12376454384255296
LLU8086,0.3263063638070268
NXQ5035,0.22210575377616448
GJX2850,0.18944724739228336
YKM9772,0.16237037836663576
CNZ8777,0.17752196672665424
UOG5029,0.38384280707621576
KTY2647,0.07063755030691563
ZYR9156,0.09422399723943223
RHH0385,0.522079739886745
LOH9986,0.4777291924030706
OLB3222,0.33569940175505836
TGM6913,0.1390616434846105
TRM5291,0.10360537251895706
JSH2786,0.07107823741683776
FAG8343,0.4249554101052714
XXI9968,0.301950990107361
XVX0630,0.16625666263515218
ZGL2012,0.17926730124241114
CMY3122,0.615395547291256
RHA7400,0.3501379736980182
WOT8084,0.3487895982936361
RMI9464,0.2247377815934608
ZRL2727,0.32465350326350295
JSC4855,0.3270626961829772
PIU6931,0.2407579416040532
WAI8374,0.16774797931658308
XQU0774,0.4140896764063051
HLP2424,0.28177136905318223
HRM1429,0.23378641603433822
VVC1093,0.17782612924842425
LZJ5353,0.09412034020759143
RIQ9136,0.1923013179715204
TYC4355,0.22548357250911674
USX4346,0.12169726380508064
JCD4951,0.09823280281541173
AQE0764,0.13839459755570954
JBG8345,0.32193435421137323
LRK3576,0.0931971892603014
ZLR7960,0.19932525348102248
LQG5244,0.07718118493947555
MHK1073,0.3403343310388868
RCZ7157,0.1788194688888631
SSB7551,0.25214493486288725
PXO5302,0.04736080882966668
JPI9674,0.2700195003969697
BLY7604,0.20048626008568338
OWQ7804,0.4350816090819289
KTY3963,0.1515971398967132
PPM4319,0.11031484305246574
JLP1821,0.05699299893559067
MPR4339,0.35020374618224726
SPE3315,0.11138171399370621
GSQ2343,0.22683681298754615
RRD2557,0.25675230933075865
SEH3346,0.2078434232256903
OMZ7979,0.43005559778097896
TVX0902,0.1858896927575039
QMD7998,0.1898966371980465
GIY7765,0.20877445232879027
WRA8283,0.24745550892705664
VRN2912,0.24351964652098915
WOW0457,0.10999341825876816
AAY9915,0.1595611861625836
MCV8852,0.17659650566329724
ZKK0483,0.21475396017574117
IUV2370,0.12654077484097384
BQT2347,0.13597756369449226
RAB0460,0.21656195938585165
VYY2503,0.09292870370985254
BQA4119,0.15837713794389754
OBX3043,0.27755174459517545
AWJ8508,0.05220892878897825
XTH2006,0.1858930253952177
LOS6758,0.12264052807280774
FNG5006,0.16812411668232255
PQA3617,0.08137005083719483
TMK1023,0.12059829903163094
KUG7819,0.52865279021876
GEM2691,0.2820275473648837
XYK0485,0.24678417645041456
KDG4735,0.37562956852216056
WGV0890,0.15690734760572386
YWM6922,0.18536127254947057
XMW6050,0.0907109388166983
FVR5417,0.29519221030778175
TWB8895,0.18927009832816744
PER0203,0.10846987617695311
DAD8582,0.12282804353093581
QVW5666,0.12647571562629611
XTU3993,0.1677327722911124
QJS0135,0.5973303349447433
SVI6098,0.10743292467916396
OXA0211,0.23299346081965125
MSD2642,0.08785095107454956
GAJ7911,0.49549362018515386
RNJ5292,0.22448949268875273
XUF3740,0.2446022078077378
MTP2791,0.2003143621979628
LDJ8976,0.33617397611516164
TUZ5834,0.3128103925505101
BWA2307,0.2679181602119152
YWO6436,0.15397230843733856
OKM6664,0.08015987698495228
TGG6922,0.13732949008789203
TGG8868,0.21179133646327658
KMH3623,0.09167284094927189
SHU4421,0.26984675636249483
AWU4246,0.11555307443796783
TKC7338,0.05254008704465127
DXZ1314,0.42447530233530495
RAC3921,0.23905078235304184
TJN6899,0.20437318451406547
NUE6631,0.256503431966514
SPK2793,0.0853585303909457
EEV4381,0.20850074384662043
YLP6088,0.14844726944938816
DUL2848,0.17831264634570426
USU5289,0.27040691480964185
KNZ9821,0.2654410187310327
ALO7156,0.11832359932877533
QHH4547,0.2924878853757752
LIX0583,0.17483619545103116
DVI1262,0.38425645756399823
SPU6876,0.3206318991568005
FYF1334,0.2364584056712615
HGT5795,0.6038147243670098
IMP8425,0.23769544191038153
JXZ9197,0.39730464759128553
VVQ4339,0.12411723291562085
DAO4421,0.13115557570482272
TOK7160,0.33860386565559225
YJS6181,0.4289640518774114
XFJ4423,0.1284602855675824
TZR7612,0.21158002068763107
OCB0159,0.1443377668825807
NKL4707,0.2148095833096251
IDS2174,0.07173869607168062
DRZ5494,0.29653917560405474
DDI6072,0.2983806206438861
ZZH9609,0.19318250673978335
ZVP2569,0.37660001924789754
CUD1746,0.18464209166045106
YCV2081,0.13834660432452228
BQP9020,0.22141435172660065
YGK2060,0.16821164373937522
YKW5527,0.5878519831119351
ACX5115,0.21191804071986942
SCM0059,0.24052041791816212
LQI8710,0.1965737310632641
AGB9768,0.41577868773052484
ETJ7781,0.112662383446728
BPL9331,0.18452887303309912
OMU8839,0.27634025382142313
DFP5387,0.0940563932178944
MHX5145,0.12239645015688115
GCH3336,0.05989535502887776
PON4432,0.2980761851146238
MLF6966,0.16243906009020556
HZY4130,0.47934438630725595
ARZ2060,0.21080545692733227
LKU6595,0.14267546532001144
PLL5967,0.06197359474751607
SLK2959,0.1843356301509474
DHN1111,0.3396912362929358
MPP7301,0.20854203409819838
ZZB8437,0.265312048983419
NQF3212,0.3668726121619004
MNK0960,0.09322391204534147
PWU1684,0.18657930824095115
LWL2689,0.40649879013243945
QYI7393,0.1170294525724259
CMX2357,0.09671580633743714
SOH8850,0.21581210179178723
ZGL1552,0.09965716228875639
GNU1789,0.4049207092081232
CBT8745,0.25441746296288814
GGC9923,0.3069406264171233
TCU0568,0.07340788709359976
DXR6816,0.29739270985139094
BYZ3907,0.167662350666061
CNT5049,0.517361474361853
BFM2923,0.18418391756849503
QUO8903,0.16709860871002774
GLN2683,0.2786930214920022
DXZ7938,0.25580167309342694
QXH6973,0.27915632467155616
VDP1152,0.6301587030267983
CLT4807,0.2992312546661389
LVU3472,0.1563806651295178
IZE7631,0.13964481084654431
CNO7276,0.06461212782957083
CUU7270,0.4280998485561346
VKX4593,0.1355723936544343
UCG4902,0.41486078775795643
ZDS1307,0.39258441291246327
GKK5693,0.2394139422090931
YUJ8464,0.32308423996511837
MMY8083,0.30282870132522527
EWU1072,0.18235973397789593
TXS7897,0.32892010052678256
RDH3093,0.4081516794076015
DOQ0911,0.1545723861640772
DHD4872,0.31669686298134614
NOE2039,0.09996349612302874
GFZ2202,0.14823036073790938
TPY4290,0.13164816951474181
YOH9978,0.16668323877325697
ETP6944,0.11117688624490954
WBK0769,0.07591390521438623
JKS7151,0.18058268575466818
BLR6983,0.11730280556402188
OCR6516,0.4214093091539086
XUK8738,0.2220263415924413
TXE9195,0.15979127214948477
WTE8394,0.11642958079013417
NDJ9703,0.16244596135441253
FUY4600,0.30685320759720336
JMN9165,0.5414472552347391
DLW2837,0.6763593818696437
BBU2488,0.3343475371459794
GQX3493,0.15364883216818356
LTK8258,0.202304480799341
FAI4079,0.23111442996536494
VGW8609,0.11642339029675794
XEC8503,0.1382216995317437
YIB2036,0.27588288034439523
RBG7787,0.5880632053718269
QUG9785,0.14187975925282995
AYM1556,0.1717378501945544
DCI8918,0.22927640333323038
SFC3662,0.2284636861205698
YZE2133,0.13165006327065953
YYF5693,0.32556527123972895
YIR0910,0.3037296487697102
RTC0158,0.1986755322395713
CYF8027,0.1165813208766887
JVA6010,0.2476410264862811
VMR7339,0.309987996547879
ZVQ7756,0.3047194430884338
EPB1902,0.3980754025662965
HMA1683,0.29408012443525866
UDW9896,0.5384646219943431
INJ2839,0.3339510343120644
XPW5468,0.14770877055817394
EWN3886,0.1325915811385402
RLG4571,0.18436421487210067
YRT9372,0.22446666863467993
YRH8201,0.4152043876355666
BRU3883,0.21037122614601242
SKZ8473,0.1181302751826987
XRY4887,0.15427783471908518
ULE8976,0.33805248474659355
PNW3961,0.031925542680070244
ZLV4477,0.1411774285363396
EME2296,0.11132435975050209
OJE7672,0.20506930126808232
UFA2792,0.1726148826945189
HYK2764,0.20047828548969876
EMJ4193,0.5338239352370157
TRY9793,0.09949479884403155
UND8104,0.23045684950392373
INW7518,0.27937694413906283
YSQ4508,0.20437121713900658
KWU5608,0.5047798466436186
MKP8589,0.26431660070896124
LWG9686,0.10027668789085213
KUJ8182,0.16535476658560075
DPR0998,0.1298430006236043
SST6383,0.2173644480619131
KJK7433,0.29960366611031125
RYF9809,0.41129013702294004
WSG6782,0.2696823328006752
XHZ3894,0.680848391380986
CRW6764,0.19132105825504772
IHK0142,0.11432659115633621
KPI1673,0.21716014593487099
VJJ0920,0.24311720591625594
QHN1317,0.37543072364343133
QVL0117,0.19340763729887178
CYG6976,0.15680037367910937
WQJ5266,0.4320640530575619
EFV8152,0.16206225738616445
EYR8430,0.057016015158286186
CSS3873,0.160528656122641
DAF1550,0.12919441542952192
ARG3013,0.09473849299797991
ZQR7323,0.2173390302263076
PSP9513,0.06635253285136518
QOI4229,0.2987711589855894
RKU4120,0.17435357393062664
AYL9666,0.15447208899064457
LIG8137,0.1205003596294193
TLN4120,0.17345323471973903
PII4855,0.24604226677483645
KKC4781,0.33664144476629865
UGJ9148,0.3385094672026394
NAH1937,0.4207162977737616
IBS6724,0.12636451580689284
YOM1813,0.3656852663581524
UQB5928,0.09290817392569839
EXM5263,0.2069343594003101
SKZ9545,0.18737111264869002
YXX8481,0.3183601423203543
EKE1509,0.32529178836290035
XFH9691,0.1471927209504389
YSC6667,0.3287901547118858
HJA8242,0.29600626125286245
MMG4678,0.5352868300025191
GHM3350,0.07848792231501048
CPH4470,0.1353668860608414
RVE8333,0.3168542749703068
BJQ8824,0.30234066487885247
APV4434,0.2997935157588373
GQX9495,0.30990925601677416
LFE6178,0.2616261687886289
SUR5735,0.2899198685259777
SOU2853,0.2575727361979983
MYB4068,0.14158007128396327
HOI6711,0.15945414357750243
IVQ9537,0.23861126716241896
APQ9887,0.19802710204991278
OYI5611,0.24159983810776972
SQP0394,0.2090844126411153
OAD9860,0.43056229052092837
XQI3680,0.26687840798431445
CQA0273,0.21871570154664544
JZE7318,0.14567996568187316
ASS2736,0.19330533187382906
BWM4784,0.5607410196283783
HOZ0409,0.26559625638456785
MQR7431,0.3548996081046832
XHM8073,0.2924309430409867
XJP0014,0.2903485268873976
TZC5853,0.35087312415184885
GOO7415,0.34655796058091176
JHN1039,0.3889099636541805
GJC1812,0.38965186893372233
NGR7410,0.255333994371653
JOP3400,0.18431821863044184
IAQ2910,0.37848599162720753
NKK9441,0.1310135311669246
JWQ2070,0.15549453687140766
FUA2972,0.21230097800205397
OBK8154,0.189430241393972
LTX0849,0.35019685931047617
RYG2522,0.2790710967031755
ALN2547,0.2298295084067509
VQR5900,0.3205530859483946
YXW0430,0.11981400599358027
QIF1562,0.26800516442067895
ENC2948,0.4436117934070401
TYA6116,0.13126178753176687
MYN2101,0.6366015189496079
MPH1858,0.1636715608893497
PVD2935,0.10723316761411011
PQA1895,0.2632998595138987
ZXL4357,0.3473414833873914
FWN0813,0.08712208129284185
FJQ4108,0.175525852847788
OOX8926,0.06587827918205622
XCI6898,0.19578037360580086
JLT2782,0.23942781756461629
GXY9486,0.36286563118410586
QSF6937,0.19629426297364125
DNL4265,0.1817525841918014
HXK2025,0.22501871627127018
UCF6307,0.7825972476035805
TZZ4995,0.2935211432290671
VPW8963,0.19915710628218755
SZC7086,0.13179850537348559
RKI4428,0.5272855540258956
DSE7424,0.3054406735410319
BYK2560,0.2486520048550309
HCV6851,0.30063881243262247
MCN6330,0.10963978934727756
QHX3606,0.32924531856020267
LIG7352,0.2765274558829449
OCB7121,0.03373844536177874
RND2956,0.1770722025102851
VJM9312,0.2645791325867584
CNI4759,0.2404089811767791
XGX8361,0.35540352036136047
RSN8872,0.43259883289133877
WUJ9752,0.26960839248002966
ECJ7109,0.11391893597897988
VKN0521,0.342111817781162
FMF2687,0.4428113303653011
QRN3278,0.22528948954576142
OIK7662,0.42722636461314817
WFS5713,0.1576788043260474
RKK1023,0.11320720819586648
JAC6138,0.31415730938669406
YLK5805,0.18687685295469778
CJI4621,0.320857283666742
QAD4256,0.6407737703194123
FMS5517,0.32145744334101173
QEI8904,0.11296343933232286
FKQ4280,0.2802231578010699
DNM6555,0.09129032681545
FXD2467,0.16267762672767336
MAA1936,0.3094877044989879
LCQ0642,0.18082540070388317
IYR9562,0.10570009830877349
ARI3219,0.10821308986076665
YQX8862,0.5262767452965895
QNC6999,0.2430010531087571
FLM8038,0.1952282002468396
EOW9067,0.32284202217802943
DIY7061,0.49766662852178556
CMJ9389,0.17906762265957085
FKB4069,0.05385232692009596
CGT6928,0.3297725510482136
TLQ3658,0.24341510356331975
MHQ0302,0.33356126782692475
AFK3676,0.184208761022221
QRB7722,0.3690786600742671
SJC0158,0.2475248198583147
RCH3812,0.40144724489163097
GEN6842,0.1629880474397873
FNE4328,0.24722565605868657
WXG9684,0.28328400691351907
FCV8286,0.23520153347880043
RVQ0084,0.10386127809735271
PGF1168,0.2837305414306516
FTZ5809,0.2510698036085871
ZTK7324,0.19813724503956354
XRZ6099,0.30611206501388105
IPD6107,0.27963297092389694
PQY5066,0.172999763908479
PRU0629,0.4189502504099543
AYP8708,0.4977665418280298
OBQ4700,0.10893309509784269
UJR8468,0.11004025615070821
PXT5309,0.1531719161316874
POT6788,0.42804609921477954
JVW1000,0.28805937350570954
NSK0652,0.4207246580907983
ICA3637,0.09983448287666384
DCP1085,0.1330398270432496
DCZ6187,0.1406266299725401
DFZ5791,0.5009629887872711
DUI8399,0.19184311409526525
TGF8462,0.20320854186515774
STK2892,0.07649118442014709
KGC2143,0.2971268085674948
MRJ5417,0.36649428816080926
KNE4875,0.11596051119842665
WWU8717,0.16191886912173026
XBA1009,0.16056428445106205
URC7565,0.23984253641482947
FGH8879,0.1679325511954115
TDY8258,0.20550184775063499
XYG9380,0.05990361061062154
VXC2814,0.18204542055649753
LIX0857,0.2933419063294463
WIV1316,0.1989972967950799
WJB0796,0.21808055592004363
WDF6414,0.1827293617339073
RMW4668,0.30739043343429184
FUU6581,0.08485425001338265
XMJ4060,0.29494231900278517
SOY6474,0.2953165752327569
ZRZ7446,0.453357722252676
WUN0078,0.15363927336047215
ZQD0286,0.2366591099106174
PUK7832,0.19793966533215712
CBW5745,0.6475703902854423
CZN9299,0.13383200854961827
WRT2255,0.30173783378898067
UQF2952,0.1441951624396341
RVM1295,0.13484612259528728
PRO7906,0.16533845297759495
QCH0078,0.4572142208238378
XYW3022,0.213522321969219
UDJ1243,0.3411895396708878
LSM4498,0.2252685855853756
PHI3536,0.3870980074716781
MPU6302,0.18740020349017739
LYN7774,0.03931130901458502
QUS1468,0.5699868722566084
OTC5448,0.1201821246425189
XKE5180,0.13399724392851162
URN0347,0.07033378803540269
FZE4687,0.19633326583289
BVQ7673,0.46000642879917886
EZM9452,0.08997674435019695
GPS3302,0.14647611874691455
GUN5844,0.16124146587940413
AYN8791,0.15726686122037617
LGX8830,0.14627517494865674
PIY9509,0.14698519334501034
RUW9586,0.48961942186227503
LQL5669,0.18571651191936284
PLO8760,0.18411899473337934
BGZ2838,0.19584721555271586
WHS1751,0.4001655190002904
LDC1774,0.6271384172106234
AXJ6702,0.1262700704424423
HCL1779,0.3796520339792222
EFH2183,0.0927778000149668
XOA3736,0.2536556400518277
UGK6327,0.20719811633475335
ESV8661,0.42514429845000207
MZE3278,0.20703767344476035
CTL6582,0.39054913962807875
BZD1651,0.3104753938506647
SOM1304,0.08158308030866086
GTQ0095,0.3015713639907795
YYP6016,0.15211010227582406
ZLW8020,0.24474567218901147
LGF0331,0.35753351901394825
WRY2911,0.27733138442116567
INE9421,0.04929226506420719
ZYZ8989,0.564467013519479
TBI2765,0.19914950053908675
ITS7667,0.17145005687914447
ICK6739,0.1947779460659191
BXK4237,0.16971422097865566
VNI7499,0.18399729625805322
GCU1033,0.2603594357739726
HUG5452,0.7052153370332429
VWA6897,0.30043741465977375
FVT7281,0.25024880526231913
LMY8193,0.6499684292355264
NRR7838,0.31268016400498727
JXS1528,0.2334043057191616
GTJ5916,0.2523923179522024
ZVO6581,0.24577932024946753
CRM6164,0.33184693825731093
TFC8917,0.09701190029096356
LTP2350,0.20245597664293621
CCJ8697,0.2547869865474434
VUR3194,0.16946213237082428
MEG1780,0.23837481258783166
ZAA9723,0.17123182652660854
RPX4079,0.11902168758611738
SOM0507,0.21379637473782798
LCS1549,0.2061752183504613
CCV0759,0.2076027759752592
QAN7266,0.2976034815949188
PNL4797,0.137694674880603
RJQ1884,0.0837279432001452
DQZ4278,0.16911188546864292
WFG7626,0.19150568383878028
POT0131,0.34888544119333914
JMS5345,0.21723920640281694
RGD9707,0.1883328367853314
TGT3516,0.3025934532439899
CBI0263,0.1479531215969825
FTN7519,0.1528905598696896
TWG7257,0.2404660433019944
LCN4343,0.23075373379026157
ZVL6847,0.3648340045307754
CZO8241,0.16359701778062768
CDO0664,0.1992558882634716
IEI2406,0.1058202998471259
JTE2790,0.06197287392086899
PLX0698,0.2953387776575543
GQF0238,0.13421322122050575
DWC7982,0.2051908818927232
FTO3822,0.05633656286902113
WEG6221,0.15993753045564058
AZG2944,0.5538709599946295
XMV0741,0.15160475754577837
UGH1295,0.22746028351331146
HQR9335,0.15589946688648668
NKQ9327,0.643610185259175
XTY9372,0.26788900162086426
EYB1405,0.33940569445529917
AGO5581,0.20588078862099995
QCB4606,0.4164008827284593
XPY7960,0.26177984382241676
SEC6669,0.1332980382956905
QLW6555,0.3329753002450493
XLG1609,0.19720490168797095
HPI2607,0.2885927896109663
EVB4443,0.5307668806899373
ODN7655,0.19242885391217773
RPG2644,0.29833895968290536
OYL2687,0.2715135919553531
GTM6270,0.16540564500423613
BHF6755,0.10944809612573564
GJK9666,0.20957376379077364
CYF6186,0.13079262070313225
FAX1132,0.10012594822389302
OND2893,0.37190876534978773
MWW1847,0.1550900788026991
EDM4225,0.23982149725511445
PHR9695,0.3711838351561499
AEH6740,0.249987421993722
ZMQ3615,0.19314461500174565
GOT7201,0.41276684874920005
ZLQ5494,0.425787112870036
KHZ2516,0.1848105292859019
BVJ4973,0.31452258974375447
CWX4561,0.43822463447116744
GJI2743,0.18693060825239527
OMG2647,0.3191129037124502
FUR1115,0.1024388084449056
FCZ9083,0.23024563136800394
UFL4356,0.10034761178324499
ZBS4925,0.204660005934332
HPB5006,0.044160050683150556
RSG0748,0.1537687536717773
CBF6533,0.13083269495668703
EKV4020,0.17695339595814805
EWQ4926,0.06713670118942484
MSK3451,0.20615336332105458
YQE8855,0.1004617429403714
OXR3527,0.5678636910849427
DOZ1481,0.31670878131678704
OXP9987,0.118814443057197
ANN7983,0.1818929342265635
HLD8743,0.4233168764774869
VTK6628,0.5135984365251225
SRO9037,0.10185280715616342
UBQ9686,0.43108883303166956
MVG6267,0.13766200748724552
EMO1696,0.3885535617686314
TGD1798,0.1945974868087306
FHK2988,0.1566917422062512
XNR9052,0.5612975261720269
AXR4132,0.16836492651283358
WGH6565,0.21321381649933308
FML6794,0.2315226829820135
DVJ9838,0.4544827974875689
DIC6615,0.19773686188300704
RBU0373,0.20758922880571853
LVE5589,0.32512830160372513
ILK9645,0.11899042293249185
QNO7435,0.4948541304771856
LPL3544,0.07935902202829424
DZS1655,0.27482782721592025
BMZ5036,0.09981025859527085
ENQ2648,0.036982243474060615
QHS5121,0.1301674846589477
JRU0425,0.050257931943370124
AJC1854,0.2547245614426865
BCI8265,0.23093076236971777
LAP7008,0.2592749309366798
PRQ8360,0.364207632000447
WRO2076,0.23507477465883989
NBP8599,0.30853401061552393
HXZ6061,0.22750334185497983
RQB8738,0.3473921841438681
WQX3133,0.2585485954065449
OFG6256,0.12427393036392015
CDG2022,0.2249430698650909
TFP6421,0.10643281072104745
OWX9646,0.15605228126303283
LTT8237,0.3301244730949416
BOF3129,0.15466004725654
VOW9109,0.4035316436450318
CWN0691,0.25476357695319285
HYS1355,0.19659072969627983
NZJ3062,0.40574339612361926
LRT8091,0.11670234322035482
QSG6295,0.44177393140325677
RWL6854,0.10932708567241205
MNM3630,0.3866734869221391
YUI6791,0.18601590379000407
FJX0190,0.17701751243239533
QQF5096,0.4099187613902369
AJS6206,0.4839455292825712
STF2875,0.4804287474741917
OUS3364,0.1263875555821698
GUC8571,0.09211427901912987
FXH1573,0.17013180253534102
CTI4900,0.23949857223592264
BAF9737,0.3563298298593147
XPJ2696,0.20671923383038657
HXT1930,0.2091774230077298
WMQ8645,0.49256505418420543
XZF3932,0.19244018510519778
EHC2456,0.2773651584109457
WLR3209,0.16731183376697775
TMW3776,0.2805562852065089
BYI9884,0.23249987152096668
TVL4976,0.2901734649763162
JMS3751,0.2643802264965628
EHD8569,0.305939314351933
UXK4747,0.3173718706046726
KWC7487,0.08483858901550058
LME1343,0.08587285179020623
SJS5024,0.25895961694532016
EBP0107,0.22338207128800816
MXW7089,0.2313908261091755
XLW7075,0.28348993898576097
VLE0044,0.0911007890191469
MVW2125,0.4649544132698458
ROL3261,0.5042270559381874
NEF0732,0.3380282580723886
TNH4937,0.17296095214343463
NHD9630,0.26739959044863254
VBV1330,0.13336342560022638
NGK5798,0.11356202248976668
TIB3609,0.4552216493143754
CQX9257,0.4100411284820771
JJB2918,0.32506904910333767
QGE0385,0.08564279686573695
XPH3100,0.10096873855939686
MXQ1607,0.0720804811621326
WQB9441,0.22541830722695255
IFX4669,0.3424897934723554
LTE9151,0.17149025217893826
QXD6741,0.21043259280274862
BTJ7572,0.14432569717058902
ILG3077,0.36855798544660556
IQM1201,0.1688695796096523
BLE7111,0.06749232062558357
KAW7370,0.169426327566541
OAI3127,0.3386327216810891
IOJ5332,0.22080971215145934
ZSF3534,0.0956841853024664
RQU4937,0.18872452548089255
MPZ5602,0.12754512113011596
ZOD9642,0.27946416807555696
TEO8067,0.31996399260828184
TKM5696,0.232097828185489
AOD2802,0.10793528027294881
HUK7613,0.1622343434118077
JGD9511,0.22593347744313874
AYZ8798,0.3646625486433936
ZDM3945,0.17608215169450753
LTH5029,0.2136138275964903
MXT2148,0.29235329245981584
GVM6956,0.179321956362214
WDW2862,0.18831789508331825
QJQ9522,0.1472150090954059
FRU3187,0.439433168769046
DPK0141,0.41407990744132306
LTR5585,0.17109138143895464
XJF5775,0.14434514236233836
TOQ6204,0.4583380285700367
QXS0144,0.3321041317289446
TBX5804,0.1226149900767968
PMY9951,0.12283024770178115
EIV4595,0.27542394300775486
YUU6633,0.20526597759406182
UGJ3843,0.21292605435843528
UWK0037,0.5181311518345323
VNK7348,0.16601310086199977
CPA3848,0.7369175720009572
KPD9994,0.4050277538712259
KCJ9439,0.06100151898516914
PEW6534,0.18233369752457387
RSC8075,0.328190481346935
YCJ9085,0.07416501270987046
PRL0472,0.4052378100128213
FWK6361,0.22234203810689207
YLG8442,0.18284282793599138
GEH5854,0.2428797759961429
SAL7389,0.113255619352227
YMS7341,0.22624431452196522
IKD2768,0.17741936677874032
TJF3331,0.27772690723445215
KWE2891,0.11233017724017053
ZKN1526,0.4588452284515184
FYN0193,0.3212360404283322
LDW7977,0.31757463384488055
UHQ3906,0.1719228458437897
AZQ5561,0.20370006765696924
PJH4687,0.31341924784538366
XKX6806,0.40976188311307626
HAM9575,0.15641815718842716
NAT7573,0.1796704224897101
EYL8899,0.07510454262693719
GTH7212,0.19364214365857846
QID8015,0.126015939463054
RNN0054,0.2643600423578592
CSG0726,0.6047629138012782
ATT3526,0.20003299146299322
EFF5669,0.19259490370982105
YZY4981,0.39369026959377074
NKD2183,0.19679438902291269
ZRM7482,0.17801440893306011
SJK5331,0.18093910631112792
GUB3614,0.3189421851681481
NTC7862,0.686004426019268
ICO2684,0.09587005625094691
MVW8128,0.08563776747409242
BDS8123,0.17118856594587542
YVT3141,0.05701136747745063
RGI2704,0.24442305844090342
HTP8585,0.36283572255306706
HZU3585,0.31858057991571836
XSF9432,0.3355935778444764
NGC0638,0.4837122757696878
DZE7578,0.15796197701587802
YDC3343,0.4067821782789671
FDG5520,0.2720895365410443
VEP9395,0.17667537784157186
GGK4791,0.11734197941105295
WZS8541,0.1051842186477636
QHX3936,0.2722516704189303
QDG4818,0.26445786370076824
ZUQ7887,0.290040478081175
AGY1309,0.2392271256983836
UVW4100,0.19655805508147803
BWN9219,0.482467592217495
FHL4572,0.4596799319325395
HWT7241,0.2319502647325428
UOV5896,0.09518124626865168
RMW6133,0.08147885459485199
QXR6850,0.05063620768143448
YFQ4304,0.07633935115706227
BYG6143,0.22802272017904104
UCW0671,0.2982322837182774
QDL1220,0.12867801644230253
RPC9516,0.24775387394990736
LIX2357,0.44830476721396006
ARW4463,0.49227757221599544
NER5135,0.16224762277027055
TIT4262,0.1528399139507318
KOP8740,0.15966845746534497
ENR5341,0.1772975687657224
SVI1672,0.3621027319421731
NJA0713,0.12137892894906793
CZY8688,0.1667804137229734
FMS2015,0.06459848123718215
QHK0296,0.17981312718161033
TIB0285,0.12867935235305947
KWF8147,0.1654503858971229
MKT7416,0.23246972480655148
BAS7787,0.3660111141948795
WBA8393,0.19906383784141438
BPN3486,0.19573540059119174
HMG0854,0.4264124793026692
BZA4231,0.26826802820239287
OPQ4102,0.454464595059858
LUR4054,0.11349794900947212
UKX7997,0.14191138881078003
BAT8245,0.2419187597125436
GUE9488,0.3930830337696641
DNG9558,0.6114014758725316
NEP1395,0.08881070468308805
YFU0433,0.1594003074170542
OWG0002,0.1121159221367991
XYQ1238,0.08716026475220884
MTZ3600,0.21694482833806888
LUB2819,0.3582932799383443
XYG6240,0.46266019139623726
BYU2818,0.12167233614472363
YNE0190,0.17706830034303514
XPB8615,0.19181482371838782
ANV7632,0.17762173667089928
UBK9497,0.10614631298316614
QRB7048,0.21744731405497103
SUJ0543,0.37566372110514984
OUY4612,0.6637500965886325
CEY1822,0.07648819106048518
BAU8123,0.14037711313431658
IJY1244,0.17823690470247064
JAL3784,0.3884843052751813
NMJ4281,0.28580322230603217
MEE9328,0.19470698915089257
WJK2404,0.2861933018225156
AKW2898,0.3334087600090188
RDN5018,0.13710747186874117
YDN6409,0.49864089681388357
HYA0471,0.41809173821195694
KAZ7187,0.06838591965484184
TYM3126,0.2282688738435656
KOA5634,0.2445365764146788
EMR5325,0.32355118643325265
PFV6163,0.20488097565660046
UNY3920,0.16549811501462586
KUT6020,0.11598682762841318
LJG4273,0.1750223572597392
SDC1469,0.06998786961281166
CMU0635,0.19400771151641155
OSN6352,0.20593128438160296
TME9410,0.35065493511244106
WDI8148,0.15796121164672947
PPQ8383,0.28216588879933435
HXN4016,0.45273522332661964
EPG2440,0.44999159537442035
DFC0443,0.26157423015412895
NQL4457,0.3496119112611651
