ID,Target
DFO6773,0.47113407683419173
ACG1537,0.5932613297152161
DQL8503,0.552239594124451
SIM5667,0.282108587726187
CGP5642,0.1781978673903342
RPR2789,0.23311522462393258
HGL6434,0.36295967578494925
PUI8765,0.5363242573389813
RQE9284,0.568143261686322
IBC5636,0.6174483775483868
ROD6708,0.6657991424150425
PVG1848,0.47793485921436846
THG3807,0.3507154194737904
VAU3040,0.6367246405690443
DWL2697,0.3107726060461515
ZAN7304,0.7119416866881059
TVE9995,0.2213419957831763
PCF6080,0.5501707705884819
UPT5060,0.48797674553229575
HKP8843,0.531225743946752
QJU1928,0.3343973213837953
ZON6991,0.35805482941807626
RAE1398,0.32826142221231436
SWH4514,0.4796623565847345
IIG1667,0.4484277858619167
VMS8326,0.4498198711550601
GRQ7156,0.39912270503797914
CAE5003,0.4626098719068003
FRS9838,0.32690543871565453
DFN4452,0.7283171291220621
GZO1321,0.1292170138655518
RGA5708,0.6190632089544126
ZJV4081,0.47648839359464285
WXI1643,0.28127856129097856
SBD7132,0.3934738872381939
HZL3502,0.754588157791788
WKR0537,0.24449632528347665
XLB2397,0.17063595940069182
ACA6327,0.42641182474002054
IOC0400,0.5612782462293212
UCF3461,0.20928375390652573
EAH5172,0.5651056186129343
ZMH9077,0.7086958482021581
ETP6377,0.5126655443976597
BRN1398,0.6113036449604238
PFW7493,0.5995293304932107
DTB4517,0.8477910008252837
ILK1949,0.4577137284775944
PBE7941,0.5264990095371191
HJR0365,0.7261910218817517
ZMC9606,0.7709964898015358
FLT3646,0.4280636406746017
PYI1436,0.4924660295845141
MJQ4939,0.33578886105092837
TSY2603,0.8299129726268817
YDG0242,0.7853952233660638
SIZ1523,0.4755722726150835
HSD3272,0.5820817020730755
QGG9170,0.3373733444305382
KUP3285,0.2552928893714364
SRM1677,0.5652606764879843
WUA7908,0.41571957362963596
SID8395,0.18992005514295845
VOK2057,0.6780110178971832
XZK8217,0.6530164205520482
NNT9148,0.3046980953607659
TMJ9163,0.4660169297376881
CNL5625,0.32436475750915533
LDU1725,0.35630098146233147
MCZ6471,0.4842223170540959
CLT8952,0.47029467319746043
ELK6989,0.6170663649921313
BBW4784,0.21044119514903073
QAY3817,0.7416543206293543
AYC4715,0.42307170144872724
BEM7158,0.754628949619471
BWZ1441,0.3990451875724553
UBF2009,0.36653058153320855
LRC6071,0.7496704851219534
ODN6164,0.7047402384051685
AMQ8363,0.778502447887397
XZQ0660,0.5247909804539911
BZN0084,0.52560510098551
PMP2691,0.38959640551973324
ETA5284,0.6491303823749511
OJY4163,0.4841841456258571
IFE1361,0.622456285218946
GIZ8603,0.7002015449793008
OZI7954,0.3723520637727163
XLJ9298,0.6059799058255588
EPS9448,0.6890285650734457
DKV5123,0.5285259858792946
JMM7357,0.16347750946959394
BSP2705,0.6710639662612883
NNH3400,0.3938324824044222
WYY4670,0.43958149601270613
PNS7835,0.3793899981690091
ZJU6296,0.22731377975772027
FBV1095,0.6485314618368342
AQY6650,0.5578149594464812
WWO8325,0.2948439460336466
UAR0401,0.3026373766879403
FFJ6554,0.2336976819157604
HQA2546,0.5325467790679237
TIO2245,0.5220654304703903
UYC8813,0.3379757930880386
TFZ3535,0.7359589121546801
WET5158,0.37473069476764687
TYB4328,0.5981888191545582
DJW5769,0.5579885670194187
TFJ7526,0.6466032096006938
IME8210,0.5794496051194525
XAC2820,0.2989841057522584
BCN1457,0.371775141070043
ZXL1102,0.8047466775635421
NNR7100,0.4603056133322186
LZL5785,0.6317284728844059
HOJ4432,0.36074915722319506
QCK4637,0.3196475923396668
ZVA9791,0.4427230459256389
QRJ4411,0.5427365779737511
UCZ8863,0.45189314311254253
MKX7122,0.38170570844003876
GXA8899,0.553963737245715
EAX7700,0.24534028767144608
QOH3789,0.6362066318524613
NGC4355,0.4797270008023884
VJQ4277,0.34620123831733135
QZM9978,0.30043259633462427
TAQ3968,0.4699533863434259
XBQ7957,0.6641277642852613
GUP9966,0.7223566254153021
IZD6170,0.12513291354395634
TME9261,0.2494546810396215
DJO2039,0.41302421260252153
RSA0679,0.2504039055540596
SBW0791,0.8565189961429699
QSV7106,0.4509501085905482
JMP1245,0.5628067323352329
GUD9321,0.5299466097302553
LXM2954,0.5969268855425461
LGI4642,0.5917076870793881
BQS7913,0.46195460476356487
XJS3739,0.612792549808046
BUF1276,0.5204319049571183
JTC1315,0.2911536524930587
WCG0333,0.17865513250589865
AKV2947,0.21382390898894119
BTW7748,0.4920284016508622
OGY1474,0.3707154098454667
SSC6417,0.09738870009387589
RIO4406,0.6644268804761986
RWS6732,0.36220015159868957
PAY3626,0.3648148922310437
IWQ0772,0.46017521124299066
CQC7476,0.3778009860524444
FRA2470,0.43183859456385126
LBI8368,0.3338524166882312
VBO9478,0.4019868242048477
XRQ6385,0.35512095815800626
ILW4257,0.2811600531788422
GDS1490,0.4303778449757673
PXX0426,0.6701132743271792
XJM2247,0.21405012676137591
DOL0347,0.6167350511794079
WFV1019,0.24166266786050758
UVT5968,0.26615339986363223
BLH0526,0.41015350005925255
JTN3703,0.7766412540853301
BCU6206,0.771120867117842
UTW6518,0.45258793924196467
AQN4052,0.17831290552965504
TMU2581,0.34975712975248874
EDJ3712,0.5309135137902304
VTR3659,0.5888312046503082
FDI2651,0.2642795519907822
OHH3383,0.4952898449865285
XVH7995,0.29872611792943415
IVY6009,0.522865630922768
YDN1128,0.18580583681959748
NEF1312,0.604442656690234
QEA4547,0.4607514841761424
YKQ7318,0.5917493725230631
ZKQ2426,0.7076194916372511
YJQ6360,0.4829621478765201
YDZ5100,0.2832513356257909
LTT2841,0.5908515746854806
TWU6658,0.1758996763436114
LCW9731,0.31773859397769916
MKT5578,0.36473789591480316
DVK9351,0.522339314775617
ZMP8248,0.23286985709289373
KYY7821,0.2264958476183006
AVJ8974,0.5383250008512187
DOK9100,0.27466959626749093
ECD7626,0.4664949408388717
YNF2554,0.3799125436833487
CTU6321,0.733610404509217
GMF7103,0.3265994014410979
BRF3061,0.2936890351776887
RJB8313,0.7126535115431804
KMC2649,0.3766962461562492
AAL3606,0.6302695051825606
KIF3467,0.6047560484291152
YBI5203,0.5690745215308659
WLI2207,0.4850799585672922
NXE2716,0.14655148580196545
QDS5954,0.36055977362630015
EKN9573,0.3666259078240119
FNC0226,0.432664294303533
SJU0287,0.4018351552540575
EFB6786,0.7145624086803336
UVC2479,0.23108484649740943
GST7887,0.22101117531081452
IOM4923,0.1919015814803426
SZO9257,0.4990843365049709
FSX6639,0.32595645737293305
EIH7872,0.6055690460512347
DYV7545,0.47366978480014715
SQW3453,0.4436170324907284
ELA4440,0.4890078047482854
VOX5185,0.4126228953080425
ZKK2844,0.46416875333768903
OOC9500,0.5066422655367339
HIG7345,0.5795319089802922
UVQ0146,0.4107539439095391
PSS9989,0.43350656629127016
VQN9394,0.724659632260355
UGY8965,0.6515286425634729
VDG8451,0.6607383229041707
OLT9843,0.61310886095124
LOG2264,0.3412932354204181
YFS9689,0.7071373356508229
GBE3000,0.3931479977288302
CBK7888,0.3356323736973899
MSJ3134,0.365500467068268
MJH6242,0.2725494255359919
YZU8809,0.729437305346883
CWG0188,0.676171048996289
SYG1986,0.6962090359846087
NBC1180,0.3287932297296421
SLW9447,0.49285532442491214
WYY2045,0.6152228650614832
MFT2817,0.3559340539164049
ZGJ2969,0.7693090342927248
CUA0202,0.36925098456003763
GGT6416,0.5994268522008616
LZU5185,0.5307650202842863
XNX2676,0.415106283353353
CFI1200,0.7550948369879008
PAP1874,0.3475897965070813
UPZ5905,0.528227532165127
DQX4472,0.7866259984123806
BZS9230,0.18078192984104843
KQE7116,0.4506050708398634
VBA8686,0.788735910053022
PKJ0136,0.4305888024292628
TDE1710,0.2514105423956812
UDL9511,0.4956958562293489
OJA7544,0.6114123376193337
WID8415,0.7022813908964262
IXL1208,0.5879696503145506
UWT3931,0.6285525456229558
QGG5977,0.22627241588940755
ANA7964,0.5046966299140492
HEF4116,0.7025925401072733
JXQ5032,0.2939380866715893
XRU6956,0.6137086332749887
SME8030,0.4151887529029655
IRZ5669,0.701357192465292
FFX2740,0.606215759098211
JXE7156,0.3100609820594197
EOJ6968,0.4123423886947416
UKH4457,0.3307863953969329
QSD0662,0.4679206936290262
CDH8767,0.43804400962768736
NCZ1766,0.5278720824491987
CBE7721,0.593247034758406
JAF1807,0.691633016929373
VZE9639,0.27937406809022
QVH2896,0.33401010383239843
SUF9796,0.366005610010471
KQD2227,0.31155685562394453
OXN3636,0.4156678052287841
EKX7884,0.44193190046506226
UBB3172,0.31750778107641126
AWZ8951,0.2693096349457727
COQ6853,0.510348417915891
LHK8813,0.46401621210631194
MMJ3810,0.5388176988023362
DQZ9725,0.19959513015702562
CVH0937,0.4944827857099858
MMZ6751,0.5792893731940282
PVN8363,0.2993313856725715
XWI0820,0.7312097735797272
FSR2001,0.7399800397629434
JYN3021,0.471830854400613
KPY1302,0.5992647889858826
IDR0248,0.638183997385358
LHN8416,0.43790114658625023
XRI5806,0.7214457107372402
TAE6093,0.4753246391414767
BUU8360,0.8462814058072047
FJP4956,0.631563356846759
VIG6768,0.6489373720608181
WYD1366,0.5331240537242319
EHS7518,0.5737443889229656
QJA1196,0.5274344056287329
WCP9282,0.7076668914888646
ELK3640,0.6765641265727353
IRY8613,0.7777432153619248
IGR0423,0.41549428258840093
YAH1716,0.5994133613388046
OBG5674,0.1590266711138921
OQQ8607,0.4366416035212724
LXD9398,0.34938717874999764
NGV1153,0.53282017151725
IRE9130,0.23610257172757246
IWL0174,0.33229470309841896
NCY2045,0.22961382906286357
XFE8683,0.3301063803077513
FPB0008,0.5085777603103425
VIP0940,0.4862242141732201
JQR1894,0.6984995075783081
ROX1611,0.18290976493147462
ALM5771,0.22066235549014698
LEY6688,0.11314148310113757
VGG4396,0.3308665209391232
RHU7416,0.46156524131253385
MWJ5507,0.7245868633763722
ULY9181,0.5619390135976715
IMG2600,0.626342146706291
OUP9451,0.5911364477276232
MIR9240,0.5745266906226325
ZRL9800,0.7839870488265246
NWC1345,0.20428506051695688
VNH1391,0.38595760403129364
JXW4828,0.4438070708798279
VBZ7199,0.4049838015267336
WLF0421,0.30133485772274177
UKR0792,0.7486527017474287
QJF9545,0.26716690266830234
LEO5692,0.47477438254192567
DJG6508,0.7062384529800515
AOE3363,0.39748569851488874
OSU3876,0.4877422548473923
WMS2804,0.33888792037448406
KRN6708,0.6183953964355872
IFE5408,0.20469549038201967
ASP4223,0.5064088624785859
ACI7391,0.37543373160011495
DDA0281,0.31486634978945766
LIH6429,0.10715004545327546
HWP8777,0.7302382764494662
LFJ4299,0.336622297094543
AIY6599,0.48399609174806485
QRB3811,0.5310416845276238
FUE9670,0.589072204597728
JBM8920,0.3678777900922784
MYX0246,0.4599138305890729
CTC5913,0.8084351899178169
RZN3717,0.3757149598177804
NXF0575,0.538301359248944
QJQ5816,0.2059558303902036
SMN2492,0.48683176668354156
YNS1825,0.1386197370565024
GDM4311,0.34755967113275954
MPQ9948,0.4833443081018894
BSI2741,0.4497728067391825
MHT9814,0.3930069944047025
KQW4336,0.6617453164548811
SGK9596,0.5571086537630355
WYI2584,0.23543978439743998
JPM3125,0.22548598374517406
TWO6625,0.5714386294826844
ZYR9195,0.2541291202020159
UBX3089,0.32243870175919154
HIY3832,0.20986033219904732
RSQ2014,0.5163213977616048
HBN5862,0.30971499296568183
PWI1151,0.5648646269598947
VHV9062,0.3487556814464431
TNG6275,0.639333032538014
ZGT7648,0.8528600676261083
BTJ5094,0.72619152884252
OWQ1317,0.6779418775769178
FZJ8283,0.7125289639606434
AAU0759,0.6670647203609467
NXH5986,0.726343524280468
UAC7517,0.6679027085371656
HQD4364,0.6318131133276232
SRF2584,0.40904760665759204
YYA8087,0.3699708204136119
NBA4065,0.299570864205808
NZT0627,0.12167292777995886
OEB8359,0.31675240130252647
YPR6624,0.4168939700044688
KCH5008,0.4068844806880739
STC3523,0.6535529503832811
MGY3123,0.5642196618360928
LRY1938,0.5361230934270614
SVA7219,0.14045516349729073
DNC9467,0.6835125734437183
LRC2676,0.4727085942398591
APM1038,0.5716783784755626
YJZ9859,0.4279324535275188
VYX7142,0.4954375744716084
MFK2019,0.3570993308805127
FPE6810,0.5310922551140003
XBT9674,0.48290855531565985
ZPG6061,0.4606866947592949
FCG9088,0.370471987805721
URC2367,0.1852720464158071
EHT5699,0.5469427665643702
XAJ0279,0.528532632408781
ORX2274,0.6977863779523474
HJO8517,0.5230767450805868
MIU6675,0.5235962256406312
GWB1362,0.6516946441603425
GJB8260,0.32505912396417064
UWX1200,0.7017919880730602
JXP2884,0.29604040954552696
PNU7995,0.3087139977561203
ICK8620,0.764013020053755
YVG7100,0.41370460907395307
ZQA6204,0.5777938491980714
PNP3590,0.4494572204745836
CTN4936,0.7369772654642525
AFE9344,0.350864651733288
HJG7797,0.4062629321670735
IMN9206,0.577264288606453
JAD4840,0.5933368935815677
KKE4285,0.5089706370579293
HDB0095,0.6827990345573592
RCS8492,0.4150759146771378
GNF9509,0.3811739671076187
AAL3161,0.40125078412307247
TGQ7962,0.513290541723287
CFF9202,0.3016878345801964
CMF9347,0.6707353631113914
CIB2416,0.3927399000920236
CBK7203,0.5283391676363222
MRF2491,0.3789469373023403
JMG7680,0.36413356390779933
RTC6762,0.6705209596619446
ZVD2009,0.693019526406865
WFP9497,0.5935785150583538
PEX7134,0.3019930302596033
FHA1852,0.5448099178716194
UAO4501,0.33346303339429717
IQJ8723,0.5574380576628319
BQL5404,0.46270195837690303
KLN7250,0.3028607369351584
BNW3280,0.6732802625968297
AAN8609,0.37070977132499927
MEL1982,0.3891718151828042
QVT9418,0.5393008722317941
FNV8858,0.48737070478846173
KIO8299,0.25708353278514884
RSJ4654,0.13293062516370593
BCH3690,0.5357046075022337
SYC9531,0.40940928658594805
KIL6229,0.4613233728689742
NBO4677,0.3413264541528765
EKA8324,0.6679521693894168
ZSQ6837,0.5436430735551216
WXK5001,0.3991021671353967
RUC4832,0.4185954934580501
KJK0672,0.4374540961807338
IQM0593,0.28392641263402524
LPK7313,0.7795322109405618
ZTQ2325,0.3601320802921563
GDC5285,0.6867679146064974
QUR5370,0.2865503257648472
SHR0678,0.5914631676276547
YES8392,0.685543284876324
TOB4763,0.4072442584371653
YOU7542,0.33185443331890613
GSH8987,0.752329638924336
WWZ2281,0.5896977305217986
ALA9742,0.6487648264273388
GCN5077,0.47155386478425637
ROO7648,0.37308418604473836
NVR0886,0.42903814388969386
RJF5346,0.520355175677074
XLF9962,0.4125138534005774
ZGA9831,0.3870903265321113
WOC8918,0.7320704016517602
AHI6284,0.2920285016863935
NIU4213,0.7165530575565893
SQK5201,0.45507089922165395
AJO3590,0.3949680743893324
WZV6293,0.4851183960339112
NWA5890,0.41318597530565576
WVE5452,0.48512664991853244
YGS6044,0.5116620922625901
SUY4237,0.31162452905295784
PWC4767,0.47250243173989476
BPZ0803,0.29071404076879725
KJX2470,0.5336508747423575
KIE5395,0.6524956256255461
SLX0697,0.15996476899742768
UUK9663,0.4149911834240599
IUG5399,0.24269652814152468
ORV6100,0.412523117549423
OFT6653,0.6135440325214472
XQY9087,0.1515171031898801
KTO5138,0.5541001936813058
JXM1524,0.4320477244901218
PWB2146,0.7461109514516346
FVU2525,0.28442443483053775
LYD1152,0.5511030194959832
QTA7916,0.6505751320821066
OIR6331,0.5537368829074815
EYU4023,0.5490715022874377
QPP4425,0.6224414695759787
EBZ2462,0.736502745864229
PEC0913,0.3542445889804163
RZW4685,0.2994467741537915
ARL1855,0.34817806834730985
GNM5799,0.2820092865937734
UWZ6120,0.7256799409529728
HHH9210,0.26111881945313914
AVB0694,0.2535160603556409
TMT4597,0.37897005274511614
UBS1325,0.28807509077906607
AGL0230,0.44659523600648077
RAY1338,0.714053584651597
UBO3797,0.2508158155505401
CQF7521,0.26069568519709657
KDP1198,0.5151867593290611
INL0868,0.5739296964450386
GTK3189,0.3384891909423508
WTM4005,0.7374919823730777
FIP8993,0.7744691879347624
FCZ9834,0.4337377898979042
RML3792,0.5175294370614691
PMZ1560,0.5038161508354604
EGE4577,0.2689981357880908
AGD9018,0.25490586982301794
DAK7002,0.7926102699880426
RYM2412,0.5075858094312251
GQK3574,0.387110486126227
KDJ3912,0.45082467150645333
LWS1614,0.22797880164328843
CWL5798,0.5724494882278132
GOY7408,0.47980861380872764
MDY5140,0.4726601359973439
HHY3374,0.6688523479634702
BUJ9611,0.6559370039398755
QIF4923,0.6936855334382488
PAT5605,0.29416779678375976
ZVB1813,0.5816042130293338
SXC2843,0.575509596485133
HBA6381,0.34160639610476606
RII5546,0.18939785291271272
HXS4855,0.4969387211781583
XBZ6752,0.35754910852019656
LWF5773,0.6429147836109478
DUQ8476,0.3362245714126523
SEU1555,0.5542580576242908
RNP9751,0.45958730293211836
WIQ8770,0.47358283304327814
JSG5695,0.30498748332831305
FKO1241,0.3606367702674826
PCC3793,0.4778046149716874
CWD4541,0.26355512172510787
ROG9695,0.7268008137310641
MVR4037,0.6875643900900893
FMM6372,0.4882331139374291
BGB3523,0.8224562288889903
TTF6509,0.3631298344184159
ALW9297,0.4835367295935025
ZOS7568,0.7892841511329015
ABH8279,0.3398414662862405
UEK6628,0.3256343363652717
HNC0717,0.3022102042121867
JGT4554,0.5226453952532771
IJS7638,0.5372381715583388
ZZN6544,0.6509250075053373
YZA9256,0.5691993218321899
GZU9440,0.24123536415796715
ZLK8905,0.7020075941844228
ZWC9267,0.6125617210485768
BVE8079,0.20718591781671283
OYH5249,0.23006100350855413
KYH8521,0.4323136106686415
MZE1888,0.3175958689120463
CDN4250,0.6140125789295071
UWE7463,0.6138228862553792
GZN3833,0.49563611568373817
BAO8553,0.6712074418965983
ACB4517,0.5945181506688714
SPU3212,0.5701101342191978
BEH3042,0.306986935132835
RQL3472,0.18648075457301788
MAW0136,0.5545067393956179
KLE0471,0.47146136026201707
ZAY0157,0.49046511347284427
SWT8253,0.6796441686618138
MPI6855,0.4986047734926117
FWG3117,0.422923993553841
CVS0423,0.21654954283997702
GOU2454,0.3220145799101583
PYB3720,0.29770473279211346
JZW5332,0.6990503231032733
ETY4656,0.6045013928331046
ETA7123,0.3757769330675233
MOE5691,0.5284416093362068
LDA8763,0.7299627212289836
ZRX5373,0.4851410703238012
IJW7879,0.6783157546767385
UZW0758,0.4712797726431443
OAG6186,0.40875488094228934
UAM1818,0.6151652313566885
FNN9065,0.6038743930347226
JLF1780,0.24900496648222975
YEY0893,0.4191420970097762
THB3713,0.3569227879742403
DVN6545,0.36387027598204474
TOM6543,0.4928012357400286
ZVO4515,0.2876592901527686
CYN2809,0.22710179860935173
XKB8356,0.25767983382553405
QPH0628,0.5367822797644443
BMM5092,0.2985765677923339
GYU8973,0.5163158198303595
XQI4092,0.5939984925617725
GSW2383,0.43179239411413856
RTU0647,0.5219149318777939
NRO6275,0.5129823784150076
WHT4713,0.446439243859892
PSS5199,0.4332995550563194
HES2744,0.31712261359355326
GEJ7100,0.31109892277701556
JDD9640,0.1629740836507386
YTK9530,0.5524123053477863
FVE2799,0.29539633591554393
TSZ4979,0.4046568241752079
FEE4563,0.6552437324686361
VNQ7798,0.3489081489944296
QTG4449,0.39496232736901893
GCJ5619,0.22446819817492356
VCM2564,0.1370247970903154
XZG3618,0.5859254393419233
XBU8194,0.2713723501560645
JUF6933,0.2034302599253293
XVI8728,0.6393289108490408
RIN7079,0.5090568546999774
SNK1073,0.41520729559283903
WMR9670,0.5202489710666395
PZX8160,0.28630750342829614
TXS9808,0.13639920849554324
MEJ8315,0.5029057918801645
FRQ1522,0.41219531280113836
EGS6505,0.3089657792109564
UZR6300,0.4551571167129577
LVL0476,0.41291721001856196
TZL5867,0.31907168524364454
RCS5132,0.13394094764863693
LTI5885,0.6929427137011931
YPS4288,0.39601386688791634
EHB7328,0.47749586420446405
HON1536,0.6973320236148749
GHL5700,0.23880310023755102
ACW4420,0.43404844998159037
GBT3538,0.3721384825780114
YID4243,0.2103807192967171
AYS9891,0.4320877652156933
KVT5468,0.42469000685173325
XRW8396,0.7612150825117124
NPA1002,0.5749907113211804
LQR3842,0.6063650448193183
WRB9722,0.2970632201161956
WEC1460,0.6071285564259469
XFU3132,0.3575305430667481
HTE2743,0.6645659505602424
ISN9613,0.39797344159029363
JEQ0297,0.19294781350566065
ZJY4720,0.16349379102000072
EOA8137,0.5175321972951055
LTW8046,0.6433128522516389
YQH3278,0.610822148730732
CLX9204,0.7717659467188277
QRT0197,0.6949918106108701
OTW0820,0.12579252751914685
NNE6919,0.3728131588893537
LSO4428,0.33126283301884346
LZP5655,0.24288822755336295
LLT3946,0.5725244675573445
NPM5272,0.6013068348192504
MVF7543,0.3436246955017035
XJP2259,0.7282112023950974
FSO3741,0.38479799889364347
OOO7653,0.5114364427864826
UON4433,0.4224086764979099
MUF3433,0.733268580141049
RZD7599,0.5765002040856879
RDM3372,0.6366594727368555
LYQ4178,0.16772054549748255
FZE9079,0.5520174285650534
JMS7931,0.7763174694767221
BGQ3650,0.11111985880486942
ZFY7024,0.35503617546269556
JNV0033,0.3115745137208314
SNV8933,0.41238417213809914
XQQ5448,0.5227654889483807
JVI6426,0.23627959066851176
AJG2925,0.26492427137431146
XHP0971,0.3065663213308785
TRL3273,0.7399494238425588
INO5257,0.4683067686656802
KTX9283,0.3018000807949072
WAN2047,0.38353595166109694
EZW4173,0.5912166738768602
GVA8261,0.2635402351865161
TRN7688,0.37653864751885097
XXQ2067,0.4892243004434401
TLE5689,0.5684007511007982
XSO7171,0.30040324160638443
SWG9948,0.4511838583386186
EFH1289,0.5996649270962254
IHI0179,0.7502851689893016
CKT9987,0.32588356354075493
NEY7960,0.5894892182470003
IAN9597,0.5113432071909271
HUI4628,0.2417367959036259
RPK2559,0.2348766920192801
ISQ5968,0.6055466619109756
GPO8313,0.4085406371014897
BTM1480,0.5681106015808074
CPA4097,0.5304512898283633
YBU6951,0.4506868812335187
NZP5864,0.6310730682133779
GUG5402,0.3847541514050855
ANG8993,0.22040463718030034
HAZ8153,0.46625198384474725
RIY8056,0.28828719465626923
VXL6740,0.3592391807854523
KKD2286,0.276655827544907
OZJ2377,0.41798651887973215
TPY2223,0.4290912376612782
UGB7070,0.5605173015715722
XMQ6320,0.6083755179153408
WXJ6113,0.2552709278262451
DNT5997,0.4618628404804719
GTN8407,0.21727730965607323
OPX4184,0.325517097480824
OOO9002,0.6368749915025141
SJM2211,0.5125636096803989
NHI6465,0.5414361226351001
DST5945,0.2339839278138978
IQD1148,0.3591492758866548
SHE0851,0.40315745553823307
BEW4511,0.2388508330486053
JPI0719,0.6921481516640245
ZRE3751,0.80621255649924
PAP1748,0.5191947551789983
SWM4204,0.35858996159735806
MDB2345,0.4168832218844588
IXT9815,0.41225518847180337
XZX1851,0.7194075360671147
ODL4468,0.5816351780700304
VMV0614,0.46521163817360783
FFQ0287,0.41509795478517214
JJA5635,0.32803062363292945
QDZ8109,0.4500367043634582
UDK4641,0.6988019273027738
AUA7593,0.5577821237698768
JRT5690,0.5467814678785945
SAY0372,0.16267895282373385
DAP2327,0.49750719933048043
POB2969,0.4317664075733891
WMM5493,0.8283552418526406
ATA8626,0.32037854621233386
RYK7124,0.2643601996470276
WHQ9704,0.5859726379796071
SMI5794,0.6387563835555031
TVK7202,0.5707232916000975
EHX2873,0.6154858670304219
AVI7437,0.20184818453147763
UUX6205,0.8133282215367829
LYV7047,0.4497042539291457
XNK8631,0.5980806637183311
RCU0089,0.2354742928830856
PYY2224,0.2240519788055326
CMY6767,0.5166503090321488
LKU2429,0.2208403068135639
GGL3050,0.2747821103474878
UEB5168,0.6087512571279727
LEQ1966,0.31737926570748254
NPA0528,0.3023268464965746
FKR5763,0.4634565891503491
RVG9026,0.39675076510088364
NDD9993,0.45750515272965864
QNU5649,0.3647213187115635
UMN0855,0.5420524564764274
ZSC7988,0.604086383174378
YJJ5065,0.33326390956120655
OQJ8732,0.5690544965063561
IGA4476,0.381626934425445
BTU5140,0.3179647233295185
RDA0342,0.26967923102975483
EUE3994,0.367311278001612
SCV4186,0.3589112631190875
CQL4046,0.7922766154044186
GUY2358,0.4568370470325388
URW9904,0.48132840258031556
WRG7171,0.4037732331697917
ACD2246,0.7630854258674616
INO4142,0.23367435713824064
PTY9539,0.1797295501160372
QAS7910,0.554095320265083
RZJ5292,0.66036374957374
ZYW0866,0.22750919577931714
EMR1813,0.6698738487779113
GRQ2002,0.47619486213373385
SQN7208,0.24637724855677545
HUT1144,0.44955402955793744
LHE5009,0.3309020051957012
EZB0785,0.5984164348136238
PQM0525,0.731912723296163
STT0519,0.18244285884359415
ZWO2588,0.5693678782552537
RDH0021,0.35069541213946104
THM1978,0.6549469111970707
AIR4332,0.5152797477032953
PGH1161,0.5186293249433082
SXM4608,0.6578180368904637
WJW5812,0.8142253694529612
RHX5336,0.43457111956951316
HYM1546,0.6567026883483446
KEC8696,0.4371951870184287
OQG2549,0.1727771628120062
XUU0192,0.3280150955348728
AQQ9230,0.5015719522452341
YPM4680,0.3827611003087132
MWF7718,0.6013782478743818
MXD5779,0.1937625636081634
UTB8959,0.3295866619376773
TOO8154,0.5138661317399489
LJL8197,0.4102113690171129
CHA3496,0.44715651997605244
BBU5421,0.1748130382701192
GSC0915,0.388868070116041
QDK9607,0.32320264405217775
QIW0738,0.42755103270506595
OZO7612,0.5233248897373727
YSY9501,0.37076061959772544
UEI3008,0.5180933493037035
ULS8507,0.4633208702753347
AHS0758,0.43258155367914963
ENH4743,0.5027029021485792
CQZ5056,0.14660802159193945
JJM8301,0.5331336768664692
KQP7442,0.7050900435134196
QUQ4381,0.7140703257266326
LBT0298,0.5530873617413958
QUB5329,0.2911216054714121
WCG2324,0.659459610902032
YXH8003,0.4090611283371099
GEF3744,0.509743808092393
JGC7613,0.4091224120830694
YDL6245,0.5937437961954781
MND3837,0.36159788923619657
QSU9207,0.2535399179171002
FID2110,0.5058482541198358
ZFK9137,0.4692252474717754
BZK3777,0.413904236943169
VEZ6817,0.48757457628177636
JTU0326,0.24936675361187735
BXL4785,0.5180490295812398
UCK4966,0.55783418944011
WRA0082,0.3417962209938989
GOF4110,0.2710979936616932
XLS6633,0.5137733650080141
DGS1210,0.3073753666905639
QWA1794,0.21586022146965633
XFC5853,0.7084122491287452
HGK5319,0.2773882576431745
KQS8229,0.6949250853190032
BLV2818,0.4378074129688085
LZE5011,0.6544363474378502
PYN1910,0.4825913247142076
GUH7132,0.2188344260002941
PBW7602,0.6141079994408328
CNW2475,0.6813845013759409
VXK9874,0.6812307810724405
UFZ8218,0.6567009372707652
ADV6084,0.21130362291015362
PFD3487,0.33480591248960073
CRM0707,0.5165375624408045
YLQ2622,0.4433257757410422
FJZ7605,0.46417451979786634
ABU4286,0.18721483327457084
ELP7252,0.3564994344183258
RFT7225,0.6668362665275589
PPK4577,0.41200058805034717
BWE6905,0.578410118731895
VBQ4322,0.3713725737405687
HXS7343,0.30002753824224193
YSK9022,0.6515878905494302
LZJ3939,0.23040076751833766
WCD6269,0.5605399180046928
CLY6856,0.44488461073841734
PDU3383,0.42152930271889827
VOF4824,0.6096715387460302
QRA5442,0.24950587896206858
YAB0608,0.3974465423639237
PRL3116,0.6612955923140278
RRQ3897,0.6896555672420027
GXP3168,0.7006696289432144
GGS2005,0.38563943480933655
TOO3590,0.5701190154951373
TPB1864,0.7403014416045121
NVN5302,0.2734117926701625
EHI6232,0.3306521602439491
VLP9905,0.470947214931173
AGA1325,0.7601089053492197
ICE4902,0.2122539619508392
WWX6392,0.4599335649193267
RQB4428,0.4522467741689651
QYN8884,0.480414212846537
EUS1159,0.38810483843121407
NKR5443,0.39685036745212765
HPC3138,0.41224812411372685
TKQ9049,0.6201239024670613
FBP3340,0.8241423963624538
NOO3967,0.5935837876613091
GSQ4526,0.27645672809299393
ANW1028,0.35895761751511135
LHA8316,0.7379892396664839
WBW1659,0.44387937488873186
XZO3969,0.44308420778861096
TEU4321,0.47712877893175254
XPQ6910,0.45668957224222917
VTQ6246,0.33060502946285864
FSA7655,0.6307341133521651
CSY0853,0.32856354925933257
VCY4269,0.5593062161737788
UHD9364,0.613473689239804
HIN9530,0.2761089170247467
GOG2550,0.5762284340049124
ZMG6475,0.5526823570375362
QYI6167,0.4388714233107687
LVO7124,0.3951850443013489
JWP6949,0.5154479669474972
DZU1118,0.4436112667978472
AIW0610,0.46702348583626774
QXQ4841,0.624321578440149
SEZ8373,0.5847264859161213
EQR3786,0.42972207883940533
RPG9584,0.4077140259966714
VIX8570,0.5710230094525868
YQR6271,0.6116526685350759
FYN8286,0.3443479122441299
JVF7588,0.5164268864622182
KPC3382,0.6692858331519226
FHE5153,0.4005756882062612
WTY4874,0.31323402481856544
QAB7266,0.6534099941101763
NFH9054,0.7078794189631522
YKB6244,0.6094288377629326
GZZ3339,0.565001496661788
BBY9981,0.5792955975601438
LSY9026,0.447835810716266
DUJ3056,0.4601038258043104
FUC1582,0.7740496760578137
XOY2362,0.6720795726092138
LOG9950,0.30733423022133594
ZXN5891,0.5860366294329235
CXV8222,0.6656584274267496
WOH4538,0.24758473317771154
VWD8860,0.30417315023315916
EOP7001,0.40520097356213813
GSX1302,0.60093900380668
OCT0968,0.504300959131388
WHL5554,0.5385652138155405
YJE3037,0.37172251551453594
FNN4968,0.5468862663729234
WWY7679,0.4059968464261123
QZD1717,0.8123449786946233
VOB6197,0.24150213141064386
TBA9548,0.12100325538051414
RLU9697,0.5730802580946166
BAS8697,0.5185080349845861
LJR4460,0.6957943531649537
HGO6222,0.5420385187220409
HXW2166,0.6481314065115817
OVP3632,0.15010633353900812
MCQ2270,0.31663118413468644
ICD6182,0.5304071914555816
BFQ5435,0.22389691623595837
DPF3505,0.38038645704799173
SZS2580,0.5544716714651953
LBK8500,0.25671954959930837
TXZ7775,0.5339671104636077
BKG3252,0.3211695666083808
ZFB8258,0.48523198146865404
PHV2247,0.3863100302718741
RRK8430,0.30981610531360865
AMH6780,0.4877785227756685
OSH5574,0.4932540052389451
DFI9099,0.5962028067761652
FKU3482,0.4443034047179147
VNO3261,0.5786742919493566
BED5373,0.4788391379461462
MJE9253,0.4215827416461253
HKX3204,0.4993783277308156
VQJ2963,0.5040334757712132
ZBQ9287,0.5441410385328225
MZX8398,0.5558390843624555
QEG6705,0.3404893174345713
PQK6783,0.384876470175525
MBE7976,0.4639400080577251
ALL3849,0.3790250602211005
KXB4677,0.37909472189963245
XOP0754,0.49619720147110424
MLL3293,0.4045981373973873
JSX3868,0.5547092727536097
DIZ5799,0.5514555155286545
NIK8885,0.6057873102743037
GJJ5386,0.5556339316469263
ZAT1651,0.5325295022001687
GMP0039,0.24637327828532068
ITI1428,0.5291524112811768
TRY8812,0.7237156628372877
UEG2101,0.7567100619426473
ODG6850,0.5536846039547286
VLE3171,0.237327754881188
RRD3841,0.42482921936671947
YXY8101,0.5739885817883359
OZK6228,0.2859013282857074
SBD5545,0.5065651981094985
IDC8637,0.6847537025730714
VZW5146,0.2665107047855358
PTQ8057,0.5254488180827324
OEF4340,0.5856972206542729
KVD8305,0.5585255287532664
MGZ9268,0.2692064282712467
AQJ8176,0.23398704436891135
UXS0840,0.5568536630320258
TCI5572,0.4719396675357995
SHM7627,0.3766348923830659
QMA0181,0.8321002224667929
TSV5611,0.7762236928266356
PGW5092,0.2999996682346207
BSD1651,0.613404100459035
IQJ6229,0.7183639167933948
PPE8142,0.7133709860698847
HVE1566,0.27747513444599387
JPB6828,0.37095536661956513
LMS8961,0.3066004193202598
EGQ8831,0.30471199923606607
YLP6900,0.55115520115362
TBE2482,0.3420081165897468
YPJ1369,0.7624362262464052
NAX1253,0.37393075809103965
PIP7566,0.37110476855101593
DKU9301,0.7010072110887607
KVA9530,0.5008805173970309
CQV1702,0.7693810502259456
OBG7598,0.43121809830203917
VNB1149,0.24542699644806928
HMI2014,0.5883542088976356
YMG8950,0.46529934205343143
JNQ2962,0.3429490235922165
ANK6820,0.4384173007765871
ZFE0439,0.3238392962583304
CZQ9593,0.3777843791241473
PCJ1585,0.276506874990908
PBU9519,0.6028996200893164
ENJ8537,0.5643809945424612
RPM5143,0.44053617431970477
SUD6466,0.36303430542356957
HFF5761,0.6843960024517342
SCF5953,0.23732975314699298
HAQ3115,0.21401413673613753
BUK5097,0.7078060578931354
YVA5755,0.47272748489874106
QHD6039,0.5852382845480669
ONT2622,0.4217497901015873
OGF3946,0.371792793263113
NGV7466,0.43056057111026025
SKM5604,0.6638308661071542
KTE1007,0.32497301572104903
QHE6351,0.4335606770528667
OQM4860,0.6761229210763705
LOQ2210,0.43209046198296747
EXL3021,0.5893798992434095
ASY9425,0.6196934472862435
EFI4290,0.5703100926232711
EJH6568,0.4197422464816148
ESK8758,0.1733844531753068
WPW4521,0.23263856349500833
IEP4997,0.5010367498047157
FCY8976,0.41713157645167087
SNM5031,0.4289330716073894
ZOD3613,0.4026574897008149
NJW9796,0.2691733819939352
BFM6246,0.2578926941153771
MLI2180,0.6016259653320711
FHR9764,0.5634633276769336
BOC1640,0.6300532144033487
EDV0533,0.34672495098717937
DVT4971,0.48117262078012757
FQS6688,0.6332711791574631
TIY6714,0.39299642942909024
BBG5427,0.6859021025041384
VVY0236,0.27392106962510226
AGY7111,0.2431259417907565
YIH4148,0.48518958400282247
BPA2613,0.2576004239205278
XGN0040,0.5119925214236096
XIY9154,0.5707767032187754
UBT3433,0.6549888942540413
YNC1880,0.7918154082313176
RQV5395,0.30991704370894463
QYR1720,0.61548811742934
AGJ5776,0.36299928865920533
YIA9506,0.5886983446543697
IWU6149,0.46045336867110276
KAX4382,0.695563649545326
ZEN3760,0.6056252491756248
UGP0922,0.3881025354454489
MJX0269,0.5611886305209391
WUQ1092,0.18745319284157286
KLK2362,0.5357843770698955
NHW2173,0.4701246596088066
ECQ4722,0.26330816764311366
DXQ4983,0.5406741274160386
TGH4720,0.746844832025873
RVV4718,0.5819101887048822
RMN3173,0.7027041707011824
NXZ8964,0.5383278194147884
UYF0960,0.6131917168439316
GFY0485,0.4273972187563921
ELW4685,0.6325239671629805
MTK9048,0.5109576914527961
UVG9381,0.4706589157754385
YHY5021,0.4314478594363975
MML5987,0.631526326939567
EAJ7823,0.5023157950604039
TIZ1361,0.6002682224679435
YLC2019,0.675767164405647
JFH0021,0.16083742459752073
LXV4773,0.8477336148098449
XDV4102,0.24191986214407382
GOA5098,0.8229976118015812
MYV6648,0.3189771599776506
CTJ2639,0.5025004052086791
KQB2667,0.3460693893886918
RCQ9055,0.5634859858639661
AMR3084,0.5713923359331375
AWS6964,0.26856453089449445
PXX3164,0.5652964479257724
OTJ7222,0.4506653771329547
HLT8409,0.4238553057086668
XBZ1903,0.21002850653413363
DVD1043,0.10405112918014829
YMN8454,0.3697384188522487
NZH9363,0.6902349808157743
VEV2993,0.3679958677227538
GTV0004,0.6575637198894796
FRY6602,0.5786165705554577
SPC8953,0.22951688437015547
PJO2885,0.6923600134596122
KQQ4757,0.5923220061653084
OUG4136,0.3238965374283856
WVY1999,0.5552320462629062
NNY7188,0.5047207250997918
BIR3043,0.6567377520204254
CVQ0610,0.6950112221893605
NLO7554,0.5469002974553417
FHH6565,0.5728360245746144
QSY4897,0.6270199988939632
RBJ5665,0.48669492659582764
OCA7850,0.5123988838113294
SAT0260,0.4249185615947048
PNM7458,0.35546918040117687
ZQL6865,0.4516523032546816
BYX0793,0.43106463510086324
UOJ8877,0.3924457655760486
LGY1944,0.4706711992374026
WTO1199,0.587377183656593
WZJ6108,0.42286095601803625
YAJ5633,0.38253093448075
LLO9138,0.4894713007912269
LGR1397,0.3857302058488001
ADT7244,0.4088022414628387
HZI6879,0.30060445830094107
JMD4429,0.5805707553372584
YNU8823,0.522836351824974
PEU5781,0.732663777795887
VXW5951,0.39583060750195864
DOI4745,0.5307914950567273
XRP0508,0.27855835964180814
BUP7237,0.34098207235385564
XZF0997,0.3987590584317035
ORE1289,0.6261731456870974
SUJ0824,0.46876506376868265
QZQ8912,0.41267848709247534
IVK8543,0.5365269394206414
KLT0884,0.7417549397948093
ZBB6007,0.3608744740652989
STV1844,0.6157479550237566
AIM8162,0.25854712399880814
BHN2674,0.4213179414937382
BHF2762,0.7093754336571496
FBA9492,0.39851467055086215
PNV0987,0.6557694212800014
XRS8392,0.6441948197570764
FJR4109,0.3321631871438668
REP5450,0.48716022309257273
VDS3487,0.3235526904873388
MFT3114,0.8335346307397103
TRE7039,0.5084592503309036
RRP7437,0.6840112212022385
UBN9469,0.4648463774481511
ERD6851,0.310709900962058
QOF2168,0.45422954545282135
PRF9554,0.48509125206191017
LVX2306,0.45720953297692074
MKR1698,0.2707650918315502
CTP1782,0.3534105450783307
YUX4991,0.572039775238354
WKU8308,0.2272183547224824
KLM9826,0.34086174777178313
IMJ8928,0.20128441940815386
FFX0134,0.5124262857347882
FPJ9006,0.6947929097425357
UUH5167,0.6380993484919929
VGA6455,0.20484053161508062
CDT3301,0.7511184629348865
KEP8508,0.20762813842824215
PNX5528,0.45410686947356943
DMC3452,0.5692168823466235
YPX7333,0.4761666117277688
CSI8065,0.691828997123808
JGW6825,0.3430568461126177
JBC6586,0.5419157622168713
PYB9757,0.6478432754902491
VBB5768,0.48434973743130455
XNQ8052,0.3274166935186625
KCJ8578,0.5793916715777744
RAT6428,0.6301826433545041
ECA9346,0.14869277728046554
FIN5470,0.5238136710214633
INH2355,0.2995086889006946
OFC0099,0.6939385417004524
LAF5061,0.6466656776436971
CZL8124,0.5183114941984048
DXI7734,0.3591223635747562
UZE5266,0.24704049972728198
NQT7169,0.4761196738747785
ZGI6456,0.5826169024152766
ALD4699,0.6465081636314933
MPP9322,0.6087186621318814
HHZ9924,0.5378420602052398
IOY1053,0.4171192530427264
QFA8583,0.564878977396146
NON7673,0.7600064118996438
GUG3740,0.672461229537298
BWT9777,0.4567312572192312
YZZ8955,0.18856279572977266
QTQ0151,0.35453088435581676
MQD0086,0.31925629768642183
IEP8756,0.26709114049262983
HLV4294,0.4963435954474403
IWW1700,0.37622470282733006
LMB1742,0.548479465929599
IZN0947,0.8271763896156779
UGS7726,0.47171996377975584
TGD8975,0.44278260481783166
DNP1343,0.32619945653319365
RZJ7547,0.45069278194712636
DGD5941,0.36935905968964866
YAN5151,0.7138692032722259
MSV2708,0.4435220237853458
WFW6623,0.27228770772638716
QPH7678,0.7037739541533619
RHF7227,0.5910645899253709
QGG1694,0.248639047315138
LCP5425,0.600775193351108
RNR1236,0.42824348659516215
CZR9446,0.3855158508661335
CWM6629,0.43790716233151566
OHR2811,0.7028386371706977
DOB2836,0.4864340465907992
WSR4692,0.35565945908699087
UJX1851,0.5284557625278119
CLF3763,0.5818531342708582
YKY6460,0.6427588349790962
YEE0005,0.5681481391083728
LRK1521,0.39807602345480264
FOB8975,0.620716907349334
ZJC6844,0.5348574671036058
SQO4595,0.5608392055343824
YJU4611,0.6032367250770995
PKJ5453,0.17816737138290772
NRJ9279,0.6320996965168114
ZLB3853,0.32527631443583005
YPE2843,0.5822294793824473
OMB2404,0.34973056290388227
QXQ5371,0.35070026128448023
DWP4776,0.7588605519148975
DYC3729,0.6336007480820198
SYA5630,0.7707695417848648
FSZ0753,0.3674271251631615
IKJ9927,0.6356256732203487
LLO0013,0.6400252862308694
LJC9413,0.6617516948371014
GZR7220,0.5374601700236709
MLF4890,0.39604051945420576
HKX2217,0.6545532766269455
HLP8891,0.4016050754052706
YSD8942,0.7986738783889857
VJC3345,0.4112911540567201
JQU6225,0.6203559291926174
YXV2150,0.8059141793520448
NVJ1683,0.4100772263135286
OFD9452,0.6552042147545459
NII5419,0.46276969770037735
JWC1566,0.4052214422331578
AXY5191,0.6700421717337862
DDA3048,0.46087580523449123
AEU2727,0.6290129304877917
MXK4708,0.6684295053355526
WMU7184,0.4953993371169062
QLP8362,0.622071803681912
WQS3967,0.3451874164288452
RTU5105,0.2413897049401728
VBA4441,0.41169096966893454
CYN3583,0.38414835252896484
BDO4886,0.39682376119507895
YVV6051,0.20542010814949346
WGP1526,0.7094399426806843
UDV5640,0.33913693918147086
WVT1418,0.5968560777559527
BLC0999,0.6360146867186505
ENP7533,0.5761726879262105
AEY8698,0.5468049751664001
NHP0064,0.5628161628085592
AYD3935,0.6299520658683981
UEM2638,0.21659398157545015
GKK6297,0.23512605229773847
PTR1163,0.16870131946591033
GBT2034,0.5685083424513292
WJY4048,0.4440359028247647
TCH2635,0.30263853235479354
NLF0803,0.4803120798396872
RPI7686,0.4277008373544117
GNY5436,0.4102239146585765
EXQ5477,0.31736187023239654
IOS5691,0.49874996807347644
VUC7832,0.6807894835881543
SXL6599,0.2609123906592344
KIS6550,0.458396194024441
IFX6470,0.3654945098391651
QDG2834,0.7720103122971003
TML4354,0.4643261400810704
VOU6894,0.2052044506293675
LMW5498,0.21800587686255818
IRR9834,0.527936610802734
XUU3875,0.32037837524890717
PPN1291,0.4243004388882528
GPS4832,0.332864563732294
BBY4907,0.2934751489777482
XWH0239,0.5385955038598951
GCY7299,0.673043630241323
SFL0656,0.41836195935181303
ROG6364,0.5562753148658677
CJP1826,0.6948739562134177
XNB4879,0.32559678187114577
GHW7497,0.39385589940317123
CIA7291,0.4054238649159664
JHN6870,0.6567688507844517
UHA4462,0.2672082251262787
WHC6939,0.3497160573570076
LDR6471,0.20485877256388055
PMR0233,0.5789016199137011
MQL6945,0.7851423593623672
DWV0912,0.46405449371828345
UPA3518,0.6876078557235007
BHB0424,0.23852597686218963
AST9794,0.2870271226200169
GSY3503,0.5205334425919788
ECI4878,0.62981873769466
IOB3543,0.35550118298776956
SLM3548,0.35933357880989825
HBR8681,0.6729659287387058
AIG2884,0.32003783195864816
YBL4627,0.43565677296762045
TCE5274,0.41835027436072236
YWD6282,0.4687904802681671
GYW7356,0.6069413499106361
UOF5714,0.3897189054602039
ACU1723,0.36055372424584436
JYB7426,0.6451293221951885
IAD5127,0.47124837577029505
LQY2307,0.4361524557748958
QNB0256,0.3334316379911013
CNN9280,0.32821920451170233
LJL4826,0.36310810638099394
RLE6077,0.37925880327907946
UBZ8854,0.7887634064198163
PBL9060,0.4171669333911489
HON4195,0.5977383906157119
LKE7887,0.30044527625253875
HOA3501,0.6313680964027826
YSN0341,0.6491281414944334
JKS9027,0.409033235873152
DSJ0790,0.33582272637844757
RVK7955,0.2243319977910296
GGI6941,0.44918643936635766
BRF3111,0.5382524380240028
WLO6029,0.8367157405607683
HFC6052,0.3318569681035103
CSS4641,0.22959064468356497
HBX0135,0.36073317915928177
CGZ0900,0.6859973030690277
FWF7177,0.7854453891311416
WLX5928,0.6703781717966104
EQD1778,0.1414081345350234
GSQ3416,0.37992810900815827
YUA8278,0.5953743791689945
DKX2794,0.19129190109471778
HZW1287,0.5846681112552875
XMC6471,0.5321824896249222
PXA5342,0.47270798017399357
RXW1741,0.07130396745342883
FZX1294,0.21532077366749075
IUC5486,0.6348685630066181
ZZJ2708,0.3077456348610646
DJD5560,0.37264097754203457
OYQ4478,0.6638512929608746
MOA3063,0.5525433695723304
BNA3251,0.43384830635703303
TBJ4149,0.4991150827427896
AOD5592,0.3097832631628452
SYU7567,0.17810696014253755
PXB3114,0.5342131185883436
BDQ3004,0.22191595850883608
WVU7296,0.5708633069001656
BRQ8431,0.4974912099210557
UHL1758,0.24353748101673464
OYP0446,0.6260225097104201
ILE7594,0.38381427823211084
QUR5960,0.5084256416839786
GWX1065,0.17043820944471014
GWE7702,0.19237331774396277
POZ1462,0.5273165917770692
GQG7927,0.8215212846430681
YNP6209,0.6863361671300422
HNR4579,0.4799109556967913
MRX4488,0.4128395513108986
UQM9355,0.739400359629946
JZQ8372,0.5527349262517316
RPL7113,0.39063625042483036
IBK2170,0.4750704432340513
NFR8627,0.19331217627429592
PUV5957,0.7713206725879498
FAY4381,0.3883455395909672
ZYZ8976,0.520967050587742
INI0968,0.5018658834328027
POW3290,0.17633282714492868
YUZ6503,0.48310984736726054
MVX2963,0.17964298488965297
JIY3246,0.4119364231341986
JMO6098,0.3833840254805376
CTA9349,0.6194554747350968
MQD7143,0.5184950122275586
LLY6471,0.6615730835959793
CMD5926,0.291579355568302
WZS7051,0.28477433823162407
CPZ3691,0.5317140901105376
ZZQ6371,0.4191031556986977
JTF5577,0.3939849677394411
IYA4493,0.5637908663693122
HJA2325,0.20966707157860887
OXC2277,0.3048557987825501
XDP8467,0.5357459921389369
THA7110,0.508478371410179
UQI8975,0.16358066851266467
VMD6254,0.5983982604917805
JRV5262,0.6317321739891383
CSC1612,0.5445267830919741
TJG5921,0.6733177420239354
DLZ2704,0.6496797667399825
IOV1951,0.3759057538269806
AXC7047,0.27634563862651657
PMO7295,0.33468338905663203
UNB8295,0.22624143767511976
PIM9503,0.42869624186288935
FIX9786,0.6214073193917955
JJG8011,0.5415408879615691
EDD2054,0.3589712474502061
YXD5569,0.7901846333030795
GXZ9714,0.37892947677775696
GAV4283,0.3595542362772872
BVO5697,0.6298415544242216
TBF8496,0.2945154826499508
WNJ2132,0.586269727517867
DBE8617,0.6204640660543639
SUB9272,0.4688147397607957
PLD0627,0.40261432144232645
URA1140,0.5256261006729845
BQO0470,0.5936186428347838
WPZ4520,0.5216439153400046
BPI1396,0.5367482252589842
NNT9739,0.5108530996881645
NLT1918,0.8073946916572426
OPB5945,0.4805727788567094
BQV1931,0.43714715414817934
TNN9944,0.447069520804188
NIT8064,0.2095980172310315
KTZ6082,0.5070352306912377
TDC8192,0.30376431704789925
UCP3108,0.49841829715040525
VBU2662,0.7088951893041244
BNR2978,0.364298165363335
TFI3921,0.5620028274910515
LQA2399,0.2823624707702843
WZZ0574,0.33159458365272493
LNP8330,0.5609930625279957
UFP6156,0.3773111406753182
VLG0744,0.6499697796463442
CRG3282,0.5253566591950771
KYV0097,0.21868395867338744
FWW9362,0.6086660181942696
DJS0404,0.28980770485331114
ZNM0264,0.5421445680708834
MFS9438,0.25108598466187104
LHG4907,0.5671133165477136
LLV9401,0.1627337942328786
BLO7629,0.5522824737198697
RLY0794,0.35627295009853294
VQI9198,0.2033389163228263
GTA5475,0.3457727805773239
SSQ8389,0.635540794708512
ZSF4237,0.4802265674890272
WYW9187,0.497866314675421
CZJ2345,0.5233195284216854
BZL7046,0.5053953201320243
CYS9250,0.30509200597346126
LUR2157,0.4823440604580886
AOH2742,0.37228469759255833
QEL3121,0.32047937909633456
ZFT6399,0.6031561661611625
FDD4728,0.6948684601478888
KPM4245,0.679442341905709
FQB2129,0.33912516722169156
WGS8262,0.6010900555650281
OWX4064,0.36627776558541525
OUD8979,0.6213135915966446
FJE9369,0.7137129123058944
AML3227,0.3941838226837548
PRS9586,0.3294347783478607
OFJ0120,0.7568176302739535
ZCN0986,0.23955577001641393
ZRK6279,0.3177476488289998
GQO4179,0.6029631751163514
BON1340,0.4507856446616305
LKG0694,0.2014102243810145
VXZ0803,0.4659798918616204
HHH6742,0.46633924677461813
VPM6117,0.8157450201068475
YTS3483,0.38820670969327237
BYK1773,0.3087441665231143
WIC2466,0.511298925673306
UCC9614,0.4451968122244156
PJV4989,0.46995450812023654
HTJ6371,0.5179434371439745
HNT9637,0.30140201552539686
MAY3073,0.25261134212499686
PTJ7520,0.4956068005853755
HMO6264,0.42209623353860737
GJC8706,0.5185823005341222
AHC5700,0.38843646204155097
NXW4848,0.5151714104182427
BOB1940,0.17977073978417618
IQJ4126,0.30322764230264554
MVI9716,0.6807103367672839
GJP5178,0.3853138641255344
YZM8152,0.35293424025712605
GGT3124,0.44984673574319023
HVW0323,0.4620743923380898
LRA3844,0.17908464049957237
QJS4465,0.4557668579781116
PQX3659,0.2150639526899032
PJP9645,0.2980447576357957
HRL1242,0.5393961310330744
IYR9842,0.43978996765641915
YNH7590,0.17222074793266537
RCR4057,0.5143272503311789
FNQ5041,0.5085921195612009
ORO7997,0.2840726498066494
TBG5645,0.37459613734823216
EPD9107,0.23183165360205021
PXN8761,0.29023753504957556
ETZ4935,0.18301252196522497
OQH2910,0.3218437089547149
PCK2606,0.46997945185700296
XWX8755,0.7305862923037489
MLO6978,0.611135103059259
WLZ1157,0.17044283146726302
UPS0344,0.2617728606668131
NBO8038,0.3893890295677955
DIB6753,0.3887075399625468
UZE1684,0.47723388173581976
QQG6149,0.4157051894747652
QAU8104,0.3012077789942798
QGA9213,0.3351285006969171
CWO6851,0.2996913143552044
JTM4958,0.36812733870437986
YQS9295,0.5706104947812172
ESJ3848,0.70208115061717
IWU2032,0.3763775408983524
KPH7842,0.1811212991938446
LRN8162,0.7198033475469688
AXE1699,0.5822076264701337
XKB4966,0.5084699398802542
STK2218,0.3915850246469388
HYQ6433,0.7409905361409785
GTU7140,0.1344547994387986
UNR5657,0.2743798913684358
TTM2253,0.6304783444750708
YNV2699,0.43261826212750154
YIY6671,0.33841541674281134
FRE3263,0.3393177334080969
KMF7808,0.18952911574283363
ROL0904,0.31263704428591244
PZK7451,0.44773028457017905
KIH0254,0.45383109566556
LWI9052,0.41164027645499995
BVC9479,0.26814253857712983
URY0635,0.40369401972461383
XPZ4576,0.42237333827767914
XKZ9102,0.626707297704158
ZUW9102,0.6373737673524572
UBN0486,0.5416148604379224
BDO4948,0.5023091499187823
UMK7105,0.10296830680938392
BPN3689,0.5497204889844205
LCY3691,0.587866029068555
DAB1719,0.6619516981953929
VOD9149,0.25910112079035524
ADN0299,0.4134246282956592
VWW5498,0.4956275365433686
IDO0436,0.2937380179842595
CSE1995,0.7027082834669921
ZZJ1691,0.4071200328214054
DOT7701,0.42163128674988376
MGZ8737,0.25485564822552054
HZX3153,0.32346516052263496
QNL1418,0.5258792557616997
OMF7498,0.2291273212178335
XHX7072,0.7305504194164357
GSB7562,0.32140291304521035
GAE6243,0.22132692894879277
LNJ0511,0.5399503365939328
XIW7209,0.21585394088569695
OFS9244,0.5109682423266901
ZTU5066,0.5622994309402515
TUL1265,0.2847136647380621
SUB8522,0.2256566367131665
CIN9277,0.2172739841537831
SXQ4671,0.3921679270201734
UFN3622,0.5545571978310161
VZV4722,0.8255578715392202
VLQ2390,0.23497979720699616
SLY4655,0.38403640774441544
VCP3342,0.12462286912333656
OGX1137,0.5337190168406009
ABY7970,0.19334296974595716
LTT4359,0.4985889209931561
RGP6696,0.5348410847500258
ETT3134,0.25650057343847643
VQK5360,0.32434609999685887
TAQ5167,0.6843935358110104
TWG2069,0.12471306944752199
OLL1043,0.5721369214615023
RMR6916,0.5943509441414383
CWW9082,0.25662186211322063
DIS1533,0.325539999502952
UDW1446,0.3694201535598996
NEY9288,0.3973742040934785
GEQ3261,0.4779702783665161
DDE0864,0.6876787685500336
HRW8057,0.7453289501398598
EDZ5434,0.321179111380447
XDU4447,0.59916304968375
HDQ1554,0.2832245087019759
ICD4170,0.6721812399583873
ACN2803,0.5579221525127667
FLB0567,0.561332436705644
AFW8735,0.43048331159595615
QHF2663,0.6652468001246831
SIS4056,0.6048457599081148
BFB7024,0.1733286339157083
FFD2187,0.5556239752097625
LTU4222,0.7628503476478176
HTJ6857,0.36596108675099126
KCJ8116,0.531542430234351
EBF4220,0.7474785064888911
VKE7153,0.6269329689700619
RDY5024,0.3422933308639823
BYR5509,0.22562035502395214
RJH2016,0.3531998483546149
IKG5514,0.6856878798696231
NVR5085,0.4801746371542574
INF3715,0.6168057969469759
IGM6607,0.48633261070971745
AMP6369,0.3917495923290983
YVK1582,0.3210385280290736
JZB2864,0.23863243537220505
LDO6927,0.5523517098149701
WCG6571,0.5554839643005204
MXU4187,0.590962099667262
DCZ7738,0.32496438856338944
KWG2188,0.5437252512358813
FTK2655,0.1963222475679664
FBF9527,0.41610119367414394
OJR2867,0.17551449250044254
LZM7871,0.7314921150095524
REQ1736,0.4123529368929154
PSQ9989,0.6024102083382014
OJG0594,0.46820096014352053
PMQ4178,0.5973810977320041
ZMJ4726,0.26389768222770366
CYF4956,0.6940904536156698
PVF6811,0.62594802024739
UYG7466,0.6624142392522313
IRM5695,0.4961902128806844
YJL8439,0.31315518234988177
XEZ1743,0.4807666689459632
WAH5084,0.34416926067266645
PHY8772,0.29178692062188916
AXR6112,0.5056392645543036
OUC5425,0.1648089839254243
NJK5446,0.38368120451122845
RKP0540,0.46909731566553853
JIJ1460,0.42947776079301603
PTK6472,0.4092166356611484
OXS3977,0.41557286584553826
AOM8900,0.30674347088968545
VNR0359,0.4108703362325624
IYU3895,0.5403076578013019
LIH7939,0.6555564766577097
MWB3044,0.17682098972952667
GWW0191,0.26618149461241275
YYZ2592,0.5583062593104848
AMV8743,0.37395528406412437
VGR4206,0.2035607374325999
QQB1582,0.6923087534821933
AIS6545,0.552570714219593
ENG3349,0.44971685745834755
GLG3671,0.5438738970424478
ESG7838,0.4265168473142394
VJE5970,0.6456086866190806
TJV4032,0.5791870364789709
NPZ0320,0.5659100786198769
GLH8560,0.6381635974663091
FCK6397,0.4529426831099607
ZND7829,0.6404928960174862
WGY6041,0.751030801988554
FDI2501,0.5127380614722975
BMN3470,0.40856839636900755
HBW4130,0.39550239024379746
PWK7987,0.4821094041096086
WHO1663,0.3528373906890972
NWK2342,0.8212649792628179
UJS7468,0.5160451262466595
BEX0285,0.6034652064491673
UWS5984,0.5658461301217207
WTF7343,0.6951255968074925
RRZ0390,0.5107773751010324
GDN8780,0.4222826694678266
MNU7249,0.4215113814598103
GDI9499,0.2457223054471542
IIU5693,0.6471395913476758
OIP2054,0.4022864346638415
LFJ8326,0.40921914042879654
CZN4189,0.6361907817769036
UXP6651,0.6216039884731531
RGY6659,0.43052778261198926
PDN4232,0.7579119090065015
VND3934,0.173066821657774
THN8314,0.5374498934477455
NLD9324,0.5473715141862624
UXS8258,0.4419649493447218
KBY6262,0.5256449165223843
CEB8766,0.698400454862873
EVF6778,0.630346532023703
QSN4123,0.15583044741403856
NRU6209,0.5791337387349206
ZFI2630,0.4408675254867681
PBE7043,0.5363599742640324
WKK0810,0.3452771795844948
JGW0377,0.6618506585227218
JPE7891,0.30688414276400466
OGK4654,0.7683204544820054
EUP8882,0.4644013934902625
ZZP9215,0.5175872360256767
UJK4511,0.5785946038792884
RIO7274,0.5034079569251079
CVK7281,0.44168913448874797
YFN6083,0.4679598154197495
ZWB0653,0.6423112228714087
XJF4320,0.21528149849918798
DRZ0501,0.33406835209396796
UUS9592,0.42097259511256135
GYT3367,0.5807347477553506
YOW0478,0.40564591990868204
ETM8048,0.40388969935648805
VHI3955,0.29746517591977123
JWY3546,0.2246722445354413
YGE8169,0.1727876168937811
RBG9621,0.45665236189813696
KFH8046,0.4910870213230777
NKO9494,0.4800200070464987
PXL7755,0.4196399404446046
ZEO6020,0.4673534649286231
RNI7236,0.6621756689704179
NVM5624,0.41915285543524866
LYF0002,0.6779884556856269
DPI0552,0.32233624564228164
VFL2098,0.33929478251329187
HPU5706,0.7115452980706946
IOG1292,0.5143909122989355
VCG0006,0.20297732429817214
VDT8680,0.7648682498608822
PHN9134,0.47269644280227735
QLY8408,0.48114610151497744
GQF3229,0.5176647787128903
QRU5190,0.4315081638721301
JDY8653,0.27446976934902156
LXP2696,0.18272999740267015
DAU1948,0.3293947387459449
ZKB6852,0.6284743271322711
JOC8182,0.4160751591485212
WPU7243,0.5778891944695806
DHM8155,0.39662872567122837
BKV4337,0.7082127668640184
DJZ1621,0.4461889896402355
RHE8232,0.21043913455573285
RZA3300,0.5488108378616445
RWJ2599,0.7615997329405929
NXU0486,0.39045877020277253
MTJ8168,0.5100822349896605
RUK3184,0.38089425441391106
THX8305,0.3627362248025206
FUE9305,0.5292473168158731
CLR6222,0.5022530762786418
GEH2238,0.46982715160311533
VMC7749,0.5033807022061725
UVC7051,0.5992352712786703
IQM6307,0.19507740248893965
NQZ4921,0.379886803120251
KAD0889,0.4794854876663381
FQS6563,0.10523900661583487
TJU1657,0.358652073318376
XRQ2866,0.6618653024809017
YSB7616,0.29892876600219165
CMF8636,0.35155129994441664
AYU6254,0.572222476446176
VND3349,0.5436092088066707
ALF0873,0.43173439377036615
WEX6547,0.2963026567579034
KZH4174,0.4578947799965375
HHL1028,0.5079032446127897
FAU4783,0.33997003952567806
RIP7417,0.8711661239221843
CQB2052,0.8053321825312304
QHR3186,0.7041021626143437
CGJ4146,0.4651139032687647
PQE8422,0.3262207502616213
KRB7101,0.5401179418532418
HPZ4991,0.2707674487450024
RBP6977,0.5122806798411347
XGJ5317,0.25393902413064723
IAN3692,0.5813721248871513
NUM4282,0.5625319019372963
YDE7220,0.45637878292204764
GTX0308,0.2062247566510806
RHG0618,0.36667445326521436
QTK3234,0.6760340506653634
XFV6894,0.3600480814172045
CSB8399,0.5709641890150378
NOR4701,0.6040697794492739
NLJ3968,0.506206677334011
ANW2628,0.4317694599186836
DAI3533,0.7879413095130339
YBI9285,0.43826926867219573
CSM7170,0.21601759629995249
ZQW4008,0.273944209920519
HIK4516,0.34571192278541274
EXB5481,0.24663251321841975
POP9861,0.6804831881820033
ZCD8647,0.4346127368676176
MMW3189,0.15602390999456137
FZX1386,0.2184091896171656
XJW6981,0.6316525791949034
IDH4923,0.6278452055153144
TMQ7955,0.39548796656526897
NNO2893,0.32075292438368036
OCP7865,0.3586652255704587
FSV5399,0.5122534001018082
IPV8950,0.4315429816025774
OVV9534,0.41944310712100263
HJV5406,0.10975465054608721
NRX3458,0.48298697825151704
KKR6119,0.39367478677983164
VBK0052,0.2898137727419274
ZPW0742,0.7326657418522783
IXO4783,0.330350778117976
OLE9164,0.7944968405492265
FDO9514,0.26672589278983105
WCY9603,0.35098081550237153
OLP9314,0.4575312717619834
XKS6868,0.15575123942051447
AUA0544,0.20243220627791983
TKO6061,0.3828350925610187
ZQI6616,0.26937774099760636
YFX8262,0.4776098240770687
SCQ8450,0.31604420574858205
ILX6428,0.4367284154819488
VYM8610,0.653859718275112
WJQ5273,0.16057522608660862
HSP3866,0.3018949983416421
COM4021,0.6172916894289507
KTI4978,0.29297211939752393
UNS9134,0.37205145582254107
GZN1159,0.6868640263236351
FEL9461,0.43142051192588493
IOW9233,0.5130492136978029
WHA4761,0.7938224716386418
ZLG8983,0.38442610328833043
QVL5196,0.7516128513722464
XNL8446,0.4301763442691592
FIX0268,0.6263018431901353
MXI1482,0.2031806933296274
SMT7267,0.29858217695605854
SAU4456,0.5401113253265167
LMZ6995,0.3807989360408609
EGW7117,0.1699876502211239
OOU1184,0.7267273143102194
PYN2702,0.3324744266056171
ZGF0892,0.4752348256615644
ZOE9846,0.5426242946878032
DWO7481,0.5982999443618331
LPO4681,0.3276031068489987
EPZ9944,0.3078858622925588
VDK9305,0.5849011278621267
FWQ3053,0.6759231892868718
YVX1629,0.45124234114120193
IZU3946,0.3767439647177156
UTO2381,0.800676550230654
OFL6647,0.3734009612547674
RNB2889,0.6654986874123541
OVM6008,0.4608935892993398
ONB6887,0.4538687387762771
FBZ2743,0.2811904817407872
FLW7842,0.5992849919165837
TGR6277,0.6398166730620926
JRW7214,0.5806625879572508
XRX2449,0.12095465552357502
KZW1071,0.49895104360536136
XLB1971,0.44929021800286156
GQG1121,0.3376059345802194
JPH2255,0.654179886391456
RUA0004,0.39472876411809077
YWA6586,0.32641640976174247
GQB7841,0.2911329038488197
STM7106,0.6330170907139171
AZB5440,0.47857722532336716
XHV9925,0.6420288878220853
QDH6299,0.41135435995135744
WDP7476,0.3722320032757119
NMT6166,0.43048281269914207
VGG1549,0.43732422646532376
RXS1106,0.3342302216670275
XLY3335,0.38887002639220997
GGQ1618,0.4996273275050946
IUQ7048,0.2300709934169469
UYK0965,0.7416141090029053
WMR4750,0.3820729478593203
OQS3013,0.728805850169169
LLN9525,0.38147234999271207
WFH8896,0.5806848976881102
VOI1089,0.32468426856206817
ALK1216,0.4593256631848498
VYW8970,0.3594830160443529
HRG6795,0.38374971058196033
WAA4157,0.5315284819484252
BMB1791,0.4904622002253065
KQB1175,0.4238103181524651
TIV9623,0.26387208866913825
KYI2691,0.5930622375983958
JWC4499,0.6194883817205941
ODO8213,0.5622040778557917
BYA8224,0.5698344336597178
JBA5116,0.7071105569495503
IHD4177,0.4583666501258081
TVR2929,0.4953652605551223
USI4915,0.31528650456920737
XFA6190,0.41126799251718654
BLS9176,0.7469841895140445
MOR8223,0.7203388868628443
SPY1026,0.8162485899686358
VEW0881,0.4773896944503222
EMW8362,0.1889788893871218
OEJ6592,0.6759844808992649
CXM9033,0.3495624197166093
COZ8513,0.4362750384900777
VAZ4436,0.4426722955845713
RJP2369,0.36606396622899856
XKK0547,0.339608158357311
CFU5890,0.4726989873608919
KMA1753,0.4907758363511254
AUG1693,0.3094205700778402
UCV9795,0.20080250584462694
RJS4002,0.45896835142842407
NEZ2618,0.26154586239162303
HAB9276,0.4943718409699815
ACJ7471,0.44128435455664416
JOF0586,0.5977455862553462
IDU0788,0.13277931971123247
ABN2881,0.4089745573176665
DGE2915,0.2799593448969312
YWU0331,0.5556725904890722
BBW3982,0.5871916428342144
KYI3863,0.5685159892442087
QKM0486,0.40107666392192076
PEW4437,0.3635566544091825
UYE5984,0.4081377603906914
TCF7202,0.3727681883633153
NEW7492,0.5357090032827542
CCD4905,0.5195713746452348
AHF7381,0.5267473095107409
BXP2360,0.5405415886683022
VVS8339,0.4571289532578455
HRI1575,0.7250446760571218
EDY7938,0.659037241669254
JPA9779,0.685049431909339
VHM8071,0.2991189183172189
LVJ5056,0.6954483210357049
SPX8793,0.2530604085826153
UUH9741,0.6259061040065007
IXG2935,0.42932003932065516
GZB7607,0.5319616863506138
EEY2062,0.31276558012446637
ULW0305,0.3377674336307032
NSY1800,0.5752708569577194
KJU0911,0.5350103322855685
NXR5741,0.5944703209673248
NVN2979,0.3616771294930478
DNW3213,0.3225826590358722
PPD5223,0.566708707433684
GOY4787,0.3497162601714718
IFE6896,0.2588451211621879
NNS7901,0.3231161360011331
BYC8082,0.3856039716283583
WWP2211,0.6847201071327945
FCD5461,0.3406348186162493
JOV0932,0.6151327105649675
UXG2063,0.6238575196925453
AUC0946,0.5593171634623525
ZQW0645,0.31079305667585977
AJX1894,0.4263041651152277
TRF1830,0.25416258596248376
LXF8692,0.7525690628371853
DRW6350,0.2944561662993443
TWC5720,0.5385948068721867
OUB8072,0.38423909736221296
OSL9110,0.5014774820624933
AHA5047,0.5458165675476995
ESM5253,0.17287175693816534
RKL5421,0.5739819185711347
IVK9421,0.7890421867410742
GST4391,0.1668033727600717
RGI8636,0.28114529676891026
IOE1286,0.7602545731518707
AGH1193,0.33774141983726064
HBF9445,0.6009529621938831
NSO0462,0.7831843531327835
INQ4034,0.4476621653251634
FOL4515,0.30625765106107955
WKR6036,0.18830561258256323
QKT5763,0.4706487893064697
LFZ7306,0.7571312965345409
RZB9651,0.4367236020298534
YHL0162,0.43055310889248977
UNE5104,0.6501924181999644
DEC3967,0.6033754071129006
JAE7915,0.4827555754073429
CEM5682,0.8109155881892575
WXG2815,0.2964495645424906
YQN3117,0.5659615321254797
ZLK9610,0.5755079619566609
ABH3755,0.30654148242649465
BUB8347,0.5858103754773506
XGX1909,0.4264952577826847
FHU9085,0.43492409909657115
MZE9843,0.3717217977763799
QNW8864,0.34167876201671715
EAV0422,0.32744694426104154
PQD3932,0.5989441337821917
ZKD9795,0.38485754228542046
INJ6803,0.3149178351356135
RIW5780,0.34978825766974925
PNB5177,0.3381105217883256
SGU6485,0.2356151043110739
JNJ0531,0.44319546502415486
PHN7709,0.6811284980093738
HWB4033,0.3466833063678566
FGK3267,0.3352774452484249
RWV2020,0.4439364656733214
ENU6205,0.538107787924215
CBX9036,0.49417795128052877
YAZ2550,0.6151174708478717
CBG7468,0.4229926437203969
ZFZ1089,0.39105758164340193
VXJ6073,0.33346997778494114
CXS5682,0.18328419784905411
XXG7687,0.6872638229376792
NPB7952,0.5162423231652907
LPU0502,0.46984800333657467
NOG9482,0.5540414314403554
DMA0770,0.5598604342364679
WFA8111,0.38122185956459625
MRD7341,0.5336376357588313
RAC0923,0.19211363420701538
CGI4064,0.28545031905530405
BHF5913,0.5588058003391512
TQT9316,0.7455349140735715
XTE7211,0.3808497956278432
OSL5694,0.4556432416604048
HLU2560,0.6113454753566655
NJT6734,0.4474310919600343
PDQ6018,0.6142301253277489
VQX0152,0.6004218944153443
RDZ2697,0.6138963740390881
WJH5077,0.48710020304180984
HHI5726,0.5862715582576145
BOS7836,0.23223577617280494
APX2161,0.3010755825509851
GWM1482,0.26307765264627664
LCA9291,0.6971853092387638
ZHQ3679,0.3066224856928386
PLD2249,0.2638883136601425
IEA9841,0.3431533063179441
GEI0319,0.7002208578664824
JQE4987,0.1517389551224672
SZL5463,0.1856195646603148
MCI0240,0.328070972201547
FVT7225,0.2527412275232377
UJV3631,0.3061505032149813
QYO1346,0.6616622440052458
VIV4576,0.8075403371587727
CUB7496,0.40986197283237363
KZQ6126,0.3083024892073082
VFK8134,0.3885758048880987
YCN7326,0.4280797153358213
HLB3847,0.38097212279957127
TDW6663,0.4928373385534969
KBK7769,0.7784548548962301
IJP7584,0.4218444604936416
VVI7960,0.4165555247954244
FWL5818,0.8513684240553305
XAK6948,0.7542906193309912
SQG1144,0.4745036311400353
VVA0065,0.557168822760694
ZOZ0391,0.6133290581176328
MPH6874,0.399332224626287
ZEY1074,0.16512604202953854
UMA9410,0.40518198446002823
VQC0943,0.4146201188093271
DZL6452,0.45098812929287624
BOM1302,0.49499580479618205
VVJ8185,0.312824932265504
KNV7050,0.30570933859594984
YWN7078,0.4254602326244358
YTO5069,0.4602148237555704
HUT5107,0.6282024216822969
HBI9011,0.17261705606461572
EJP1062,0.5960970563986334
BLE1407,0.6492577533394461
DOW7737,0.6482669237311506
GWJ0731,0.2405579859583477
DVK0525,0.6999219712265011
ABT0755,0.23856888794285006
KDQ3420,0.6648500704183238
GRV3964,0.4886123412997579
TAZ7275,0.43951340816302437
FYQ9788,0.4072278481057923
OYV9502,0.268862713783595
RZR0683,0.3963400434548321
KIS1920,0.3318345237177109
AIZ4304,0.6845461074001963
MNC6867,0.4669912527087208
JHT2975,0.5769494187230225
AWN2202,0.4731370011377068
UXA7661,0.4083944430947127
YHG0100,0.28449757369247164
BGQ6413,0.27617657932896167
OSV9923,0.2441499953653497
WGA1952,0.43312752496965296
ICN2500,0.5266542056882849
GZT7277,0.5493811818898064
PBP4048,0.7028280269971843
XMQ9215,0.5373128643226445
NEK4446,0.21265270002861877
DPN4713,0.5288283053001079
JBG9700,0.5172071621533363
VLK0975,0.1574147947614665
KSE1752,0.84766822659272
UAL0333,0.7385554760089155
HNJ0861,0.8280419816052934
YNE3686,0.8263097665589002
FKI0101,0.65625108795302
WUP8684,0.47733825388220436
ZPX2126,0.46900826076333874
CTP4152,0.28039606629571273
QLX4092,0.5592410474712388
AOK5541,0.6124705549130564
AAW0413,0.25810063468939276
NGW7719,0.5862982077372922
FIH1903,0.7492335144081653
TAU8457,0.29282262921125385
COG3558,0.714554693456483
OBP5338,0.35771180794442875
RHK6186,0.6119052461430012
IMJ7164,0.5898152260890892
YLB6270,0.451675829764214
QFA8280,0.26168038646284375
OUS9118,0.7490209022217172
HYO2274,0.3140085569254793
CSE9609,0.5240097507538998
UOE3068,0.7298378868087984
JCC9986,0.42227414897967813
KOB3118,0.3683889284643331
SVC9307,0.6908125527275663
EAM6064,0.20347761012320556
UVN5572,0.5394460967230269
ZHN4479,0.5374841320913605
ING8369,0.5124671467435072
KDF4616,0.3778744135061382
DEJ9407,0.30192971770836097
CXT4128,0.11252043051327551
TCT6480,0.2283137271704902
UNZ3586,0.6532674818036385
CEL0672,0.6842824214631673
WMW9321,0.27167077360034464
MIU4874,0.8194118323377226
GHY7900,0.18382953876485697
QXY3232,0.43603410477502036
JQT4476,0.5322110409052468
NDK8564,0.40660594712637266
YMO6206,0.32588686168088177
XMJ5924,0.7017560758567887
XVR8871,0.11317883326290189
XEH9534,0.5829373861873272
CYV3256,0.3723795537154507
TJH9274,0.21714079130147995
VTT0304,0.71439193246809
RMW3853,0.4849857784949951
JDY9215,0.41381391749585145
PZY1904,0.7058299576872221
XHT3697,0.7898782214804638
YBC8532,0.3929976184207759
FBJ2223,0.6010839683461661
EON2993,0.6277014534587283
URV6265,0.6997236715768984
XBY8963,0.26425669022313997
VQS0169,0.323123015240713
ELA8839,0.46245953000554935
GWS0703,0.45180718621391375
TOX8176,0.3657055797080551
ONB3244,0.5114117015330174
PXX6146,0.25474524904010937
YUX0481,0.3509607570312036
EFI0965,0.3469389952686721
DRD0479,0.3003080064459713
DWY6364,0.34749552852966287
ONI0884,0.27532552159769164
MCN8344,0.507570932662629
YKS4319,0.5003142035353089
XZO0245,0.5157427121168043
GEI0522,0.7826284409155606
IKZ9484,0.43033728584543474
DBN4342,0.5434911748362629
NJP9989,0.6184152565575587
UTX9521,0.6218802091561777
AUK8540,0.6423659099114702
PUI1246,0.0958779284917726
PDM0256,0.541932075610233
YZK7499,0.39878999000058285
GNW4349,0.26602394639463295
CVF1019,0.46240057176537547
ELP7845,0.38205456477358346
YCN2884,0.4255678228752538
BWS7092,0.5558512983594789
KZK3699,0.3085325183243623
XYO7986,0.45003719363145234
IRY7916,0.1781402965599014
LQA1132,0.38332804486434735
FTW5458,0.5796092402358873
MIB5596,0.3690680960921057
GMH8226,0.5526083978703046
EOQ6675,0.0993559499441318
QSE8298,0.3493704399721568
VLZ1739,0.6247922378822148
OMO6127,0.14319244867419528
ATF1687,0.4538377862284877
LBV6765,0.47472192817425235
CGB8675,0.702509702845321
ZFX4279,0.5788691685688689
ELF2926,0.4655768989407573
DNN9040,0.46609723544534337
NMT3661,0.33892248485377696
UEO6191,0.5909709162833289
IVQ2334,0.3720728844627064
KNW2940,0.429304774281913
QNB3273,0.4293451761974138
FNH7242,0.2058145980094568
VVS3655,0.34258883658642203
XZA6769,0.5309913754150573
UOM6424,0.6143761912363134
FBO3201,0.44414240162925145
SLY2701,0.3208345411890156
KXS2731,0.4534464656164854
XBW9703,0.23226564238278777
OSW9461,0.4778958355392421
LYU5526,0.6660269257465368
NJU2479,0.42900325231035197
KYM8332,0.651806059067181
MAB7407,0.3217518504145266
YPZ2854,0.8232534712012666
JBF7199,0.6251647077663225
JZD8433,0.4035190847559377
MFP6362,0.6365247936035524
JKW4520,0.7124022473598389
QGD7776,0.6156856277099431
CHA6808,0.508945426198666
UBS9220,0.5218064838090744
WMY0640,0.4738594569545729
CRC2190,0.356132440438867
AVW9491,0.4159544072152247
NGN1485,0.6950949234714858
QQN9296,0.6833984897424593
NGR5046,0.4394704207298758
LAN8432,0.5128671922476056
TAQ4819,0.32083815551835004
CPI9822,0.37010496439758983
AER6514,0.11774251348902785
SEH8603,0.8684451122437926
ILT4241,0.42419120586100095
HKE8304,0.7103867603068771
TRW3403,0.454250197339961
RZY1654,0.41547006237200035
NWK2633,0.2573977867707646
CFS3204,0.4575546267642713
NSH7795,0.5974617144277296
UDJ8583,0.4959479028705288
JMO1835,0.6755646872624937
REJ3686,0.25956082499588373
GDF5664,0.6844976644147522
NVV4484,0.5796662773077715
DDP7484,0.16651570734371085
XSF7421,0.21173943358567152
NLT2046,0.6291770513256173
SIQ0790,0.42139618869229434
FZD1147,0.1572753136158708
SAA8955,0.5237989832228075
VCE3631,0.5875861994989702
ECP4298,0.540305499982978
XIU0799,0.7562820630146316
RBL6086,0.7859978730893697
YBP3161,0.502190465400263
KMY5612,0.5143998883479503
ZBM7911,0.2840397265466771
OCE7294,0.6546146695585351
TZE4540,0.49853318233508703
OYY6449,0.48660761825827514
IJK1308,0.6187266424087421
KPT6842,0.5167789329860588
UKW0215,0.4276388111106109
LRN0774,0.6148134895770415
VCE2379,0.2858833626580188
FMI2837,0.22723927344793998
XLW5979,0.5352907582386196
GOV8873,0.5002767560523753
DNF0823,0.6923942562077878
HPH5240,0.554316716050462
AMU4525,0.4605211789491301
RAZ4524,0.6710991597116333
CJX7660,0.5800640040867818
KRD7992,0.563436221366042
CPT9754,0.2639697273918485
MQZ8423,0.7019402615563769
XZS3817,0.6198080405248645
VCT1670,0.3523115007012217
MPQ8940,0.4991028487966404
QTT2590,0.2510446565797761
RDH4737,0.5272912068335331
TGY9004,0.30114395618534723
QQO7458,0.7956837526675452
LOI8195,0.5458271112122308
XNK4649,0.6241112165337295
ISE5644,0.1504737876642069
QQK7127,0.5489553832768157
TJP4799,0.4001017713798188
OXJ4842,0.10917256316125287
RNA7496,0.5467801145647736
OGL8285,0.4803653066872077
SWE3610,0.3444977673872248
UJB6693,0.605333028033563
DGQ0428,0.4171912151880595
UAF2108,0.7656765668970502
XSY0056,0.3354336272343326
HLU0539,0.16849318925154871
ODQ9274,0.30914094983343865
KFX6128,0.3331876574374854
YEG5478,0.46458247814468984
HRD5727,0.254399310914008
ZGE3625,0.3761270045642631
UMD6920,0.4178343489730015
MUJ4332,0.41617245450462004
KIF1692,0.6972726935262811
DFL1502,0.5895608001421087
CHL2034,0.7043495074038612
WLT7867,0.4947160429141015
PXZ3818,0.44082766743079865
FYM9226,0.735042018214681
DAC6061,0.5679060363419441
RHB1657,0.5403468601262273
NXO2283,0.5793123353322741
RLR7250,0.7523446993601167
YWK2082,0.6079937612271412
BYK5591,0.38638894290863135
ACB7270,0.6928773341004302
EAM2579,0.4830098500201518
HHR7325,0.6341076517907401
VHG9675,0.5713742143460269
RRO6606,0.4176019867406541
ERV7117,0.33260414917613235
MBE3268,0.5587333390692367
VWD2016,0.4649322979409253
UDG0132,0.6521524146248777
ASO9327,0.39024647442161703
YFX3025,0.3942164388304509
YHO3350,0.599687265569911
RDJ0057,0.7115567146328116
OVI5461,0.6754418569520446
IIE9717,0.327065714613306
MQU9813,0.19810237046318255
QBK6167,0.3791267933247097
MQD9120,0.392380899144125
MPN1782,0.3937959717089618
IAZ0582,0.6183064431571327
WER3297,0.5916126242951415
DKU9622,0.23530572441566286
XZU1389,0.5299426392415156
JIV3958,0.452080156851202
OUU8805,0.29322859224008235
HEA7369,0.19643820813849638
XVP2264,0.26645130989592836
DFR6067,0.3912978201528628
FBL4503,0.5129901953016892
LNE6682,0.4987614516121424
ZNT6954,0.14649776215370314
FNV1771,0.6924957722330287
ADK2106,0.2443379407309301
AEZ9340,0.43163211161778203
VFQ4319,0.24146111327248887
XSZ4118,0.6835225446698383
EGA6616,0.6590645466160074
MIZ1027,0.5431342078979191
SRS6744,0.3675374476838426
JQM1187,0.42963047186849906
ZHL3139,0.7961213235932334
NEW6706,0.21195952021951017
MQP7394,0.3848957827301397
RUD5319,0.633447631706494
GJO6846,0.6074400772269183
NWG7741,0.43643278729147567
QRJ9739,0.5431583714742325
UKG2642,0.5642061719808618
UZE6034,0.4156941529523181
JVA3845,0.7533537798772534
SQF8086,0.382257610105296
ANJ5892,0.3229914402313077
UXX1393,0.46391162133160685
QWT8893,0.2992702377611766
IPI3012,0.29052771757130447
BFJ0934,0.394023975684017
EGP1636,0.22863774395359684
JOB6556,0.8126834131338857
QRG4068,0.7340570358918578
MKK2644,0.8089007639505926
NOT8646,0.46702757594584016
BNU2999,0.4796035481496807
JNR6923,0.7747846926716715
WYV8264,0.7124666313761004
MYX1892,0.7671673861801277
MEB3676,0.5888004455287413
XQZ3311,0.41054483378339046
JJX6807,0.30191059650924057
WXK6036,0.12121998579561132
NGT4741,0.3840451549026348
LXO3834,0.7498676265434384
HTC2895,0.6922038113146775
SAX0105,0.28607995509095374
DTR6300,0.44988372290328477
DPE0579,0.1373900687510412
WNX2417,0.24409098348334632
XZM4055,0.10666079207535104
LHX7184,0.6367320103280221
KSO6598,0.5647775920164775
OLE4506,0.48454038689131845
NWZ7800,0.7793550681873163
LIU4069,0.3529969088076902
JKO7105,0.597286477804003
HHU9275,0.7338609225858049
TNV6516,0.43470350943692726
LYT6293,0.48307604238455226
LKU6285,0.5457027826504485
YHL4141,0.17157912629164312
KEH4496,0.4065628954661085
DAG2617,0.2335844578273986
LWL1497,0.5428436453346592
OQC7661,0.5172663844634008
JJQ5903,0.4507370750291117
QNA7565,0.5787808580445523
GHC8140,0.45170860034100785
SWJ3811,0.4431057270155284
BJI4095,0.641467461083573
AEA8629,0.2414116100521421
OAX5074,0.5007787441609618
MHX3492,0.24737748381354377
WSM4668,0.3696148890961135
ZVE8493,0.32363626461792494
HNI2057,0.5789089605072731
KYB7279,0.33550211909648564
TNR6519,0.4197070988754482
ZAF6488,0.7204061081200466
GFR6971,0.42803209894054145
VEY1968,0.2512610012021495
CQF6416,0.26203800042859754
TUG3248,0.4358008994232345
LEC4955,0.7423349798162607
OQR5476,0.39146847706982113
UHA2449,0.4510029771896642
GRP2675,0.30348827418869073
ELA3131,0.3752726070092788
UZT2014,0.2821354494102674
NOR0351,0.7289942105569198
SQV1536,0.705727852027123
MWO2395,0.42435637263496523
JKI8422,0.23676173127845276
CSM3282,0.7485311635304991
MKA1884,0.25749174299986244
OAT4775,0.6490508942947871
WAE6729,0.22199910520045288
PUU7424,0.2674223143075613
BVD6400,0.6652694069609719
FNA8904,0.37540355297795186
VJE0900,0.4996738394481746
TOH5347,0.45466732283741884
FVT9140,0.40206218718388614
GRH5559,0.2900601777189495
UBD8889,0.7747458284190823
GFM8976,0.22570505015372228
SNB8067,0.3203371027625206
JAN6657,0.664268457156419
ZGO5482,0.5546890458793251
WAI7897,0.29745830608299634
TQQ8810,0.5783460509971461
PPR0538,0.5891734012765283
IQD3049,0.4463633778290322
EVW3261,0.39871062596464774
QTP0829,0.2619547104169181
ZAR1668,0.7221360548390029
YNM5067,0.23358247992079154
ITH8224,0.19834937479827522
REM1332,0.24143439481108678
SPS6604,0.29548183422825963
AAE3132,0.5489563992018476
HOU6184,0.364413453813435
CZP4309,0.2906521941975514
LEL3646,0.4737759781157141
KLS2376,0.5650081701803575
SCX6724,0.42473114508653925
JDX2248,0.4403718581507236
CSQ5122,0.28019093503184694
NCV4201,0.6666538843202383
RFX4239,0.7337311371263416
MHR9246,0.8085898017898131
GBZ6626,0.5084386246450178
RPD5488,0.3025849877698424
HYI3434,0.6404776521011885
MRS2505,0.6777433960487914
AMB4315,0.5234902005790297
PMG9403,0.5128092396221475
PJB5201,0.4751831607371676
WNR1849,0.2352339504516028
WIH5320,0.6323071585195814
ZNM8480,0.646038055888435
XXT0474,0.8475682202914697
QIG9493,0.1889242509719756
AFN6386,0.16785235285289204
PRR9621,0.6213938857774782
XCB9683,0.3366909226609319
DZT6788,0.5210440611326853
WWG8089,0.2701522459728348
UKQ0153,0.4861202931317715
BCZ3036,0.5578910866141141
NVZ9450,0.5779357856353532
CCZ0625,0.43807807949259436
ZLP2972,0.20544680988983893
ZJB5926,0.5182358938715097
CMG8982,0.522913496761267
WTU0545,0.34382721140358596
FKL8364,0.7147210056310774
PLX5842,0.2533905909785161
JUN3444,0.342226749147172
SKE9305,0.4595734472425902
ITL4779,0.5048182756830354
JJO0795,0.3818933170879931
NXU9005,0.3047382927782842
QGC9923,0.7884113195074244
MRQ3624,0.28220158875370654
DGH6557,0.5292603729246459
HDE8710,0.3246497487956937
AMV2337,0.3759189115738935
UNQ8256,0.5955225126381147
LOH5505,0.5986517266839361
IQY9989,0.3229254052325818
PLQ0927,0.7044903129570282
ZVH1070,0.49900457477896953
QWM7774,0.7841334059796796
LCA6145,0.4476183274034123
CXS9262,0.5857320069731126
FBG7333,0.5530367193860107
OEE9697,0.30563525956139037
VXD2888,0.5251703675204166
JWU4615,0.2328115534972357
PIM7408,0.4788064524271068
KOH1629,0.4562184829473851
FNX6879,0.21586085981721606
JEQ9499,0.6612919980771059
UYE7582,0.6459401032075931
MFM9712,0.541148509262291
CIW9280,0.6695755553295512
BIH6763,0.4776258712687489
IVR4724,0.30722099740120346
JMG2675,0.2697601267798669
PAL7750,0.288475211494233
EGQ5337,0.2743732325229957
HNM5599,0.5398877536410897
WWK2226,0.3981313985389717
XMD5380,0.20458971260714706
CMT4787,0.30505004444257866
OTN1938,0.48711074892102557
VIT1701,0.3374513978610644
WMK4466,0.3436240606660295
JJY8197,0.6107860502483141
XCA6285,0.4660102666467601
LSX1698,0.7009846093646358
LIY7658,0.7012659216613902
AWN0993,0.4620640440321431
GJQ8756,0.4891085274419625
UQA9509,0.5767831064107429
YMN9110,0.4762676333201675
TPV6824,0.36529666654174936
BHD6476,0.7879508740421876
JSQ7862,0.5867640844212124
IBD7350,0.3918029755542986
WVG9491,0.5207831862720571
ERM6024,0.34963038735551344
EVY4906,0.677785491512261
HZA1744,0.38991344981446785
JCT4386,0.47612435506770334
GPO6473,0.3100635958072995
MFJ1189,0.4108031326072204
UYB8567,0.5662944786326443
TOE0201,0.3502857069457558
PZV6692,0.37496288056118976
UUY0456,0.5582335951180964
XDE4403,0.4048273260834567
RAY0990,0.7469184428518388
YXS9979,0.3384839016559688
BFQ1956,0.2766739160552552
BNT0970,0.5576399194685834
ILM6904,0.35856700594639035
TTD5928,0.30007180399689687
LRK6522,0.28866243240644834
NWI7548,0.5194242980692511
SBO1935,0.3827038499469665
ANF1816,0.44346452695016536
KOO2576,0.39738213236413217
XJK2683,0.27152736801352895
KXO3550,0.24940218433119682
PXC5758,0.6640145310942211
NQY7197,0.6190587821262808
EWQ8929,0.8187397777104213
ULV2580,0.6927919581127319
TCG3740,0.3462693430917402
HLQ7927,0.36178104763361246
RBI8043,0.4165812232353257
XUB9735,0.30115838013003515
YPZ4317,0.32079741296056324
QXZ4385,0.468094879663789
JBY3887,0.6761458066223541
PMQ9284,0.5080005114868834
WPD6992,0.3900574114086815
OHO9405,0.6832933771431017
JXZ7487,0.39010741141418875
YBC1242,0.3834380079111964
GNC0544,0.3855949494024749
DWG6506,0.25677266411523086
GHE4135,0.2850967691271157
YTY8763,0.5914053658700518
KBN2378,0.5647052230003379
AXT5962,0.8181879401283014
BOG9757,0.2916343932413495
JWU4504,0.3334024933487238
WFW3920,0.7666281636938247
NUT5984,0.28487956101548867
SRM0734,0.29372042269130233
SXM1210,0.7464035196316413
MNP1285,0.36626634940229774
OLN6828,0.7023270948401628
PND8015,0.7235068618400557
OGX2067,0.5916955588562113
NGW4148,0.3618414184159336
XNQ9739,0.518567538093451
PVC0396,0.08193255730493076
YQU4379,0.19783639120291305
QCZ9183,0.2513946922883391
HEK1976,0.5868280793553649
IGG2798,0.45071743179514484
LVB5412,0.49369305504296557
GJT0245,0.45567909057994554
UKH9382,0.4564117587077071
MSI8579,0.6420377627805857
ZLG0202,0.49578505201534195
JLT3081,0.2306519280934717
QUS9552,0.24649204192698387
YTA1880,0.5198593671904889
CDK2415,0.39984880448801213
GDK7008,0.43719010409111353
XHB5695,0.5159068317455947
CEL0699,0.4262487131984871
EIU7027,0.3025031771439003
HTM0146,0.41650288519989853
FZO5757,0.5057778034925154
TDL1068,0.5459232874611946
NIW2607,0.5570427301655748
HEO0125,0.2913036717842692
MEX7417,0.39163079197041367
OEN4472,0.3571283562057919
BRT3771,0.14464796990268194
GUG8607,0.726062199412557
ZOA7096,0.46983599761776806
SDH8992,0.6720502880304714
JMD0120,0.43540994335879024
BMO6026,0.3756124010869639
ENV4544,0.7031054371977127
JQH9915,0.2527104585708749
GMK2427,0.570747617270885
FPA0677,0.45539152855090004
ZVL0171,0.7330825668575132
SYC0712,0.789648365691152
MHD9822,0.4816794246060578
HPD7237,0.8349167137320948
FEL2808,0.5416200926684984
MMC8838,0.3692193952604384
NHK5621,0.4221273693873676
LDO7056,0.5960286813999967
RJU2365,0.4824967327200628
WUT2469,0.1895693132684965
YMA0571,0.1936922243184184
STT6043,0.5693982226309665
YGZ8268,0.3939565087630487
TZR7334,0.649204493874232
KVM0019,0.5476738410215468
KCI1006,0.5285464223020689
RJR2607,0.2761539347463523
DNK7474,0.48474763664822873
PMY6529,0.364737705084382
JAT6175,0.5575150638206731
GRH8210,0.7428528205665235
KFU3441,0.7290661118708721
KVB7435,0.2962646717642043
IYP0080,0.5314482972076939
VBV5453,0.42852592800200684
DUA8888,0.5888336740500533
SKS3637,0.27060983515965076
JJK7748,0.5229921643202874
IWD6431,0.4133076023936951
BZE5384,0.2849178394474759
KFY4089,0.2816626647881352
JBZ4242,0.3406349544840876
JMI3553,0.5782844421378622
VJM1864,0.15892574312198546
SVH8709,0.6972950810328484
SOY3070,0.4751604428955947
TUE3956,0.7456075437226922
XIX5596,0.29210493648372343
CZS7133,0.6297215220747014
FIX2641,0.4175871815313297
UXD1841,0.48464318383608346
XIX9094,0.5561132809221878
ZVV5799,0.6706431064765784
VBT2621,0.22757698695767975
SGP4291,0.3226935990045199
VWE1468,0.552303378512572
QUX9721,0.28858969588879757
OYI6805,0.5551640250881605
PHQ4045,0.44149007565878146
IRE1258,0.5496507393421001
TQY2059,0.39575727171233116
CIN7912,0.6241280940867829
BFT1621,0.26674512416994073
XTV8065,0.6826212719123932
JBN7458,0.2298456733304799
ECA7340,0.6364227436453822
FJV6411,0.4281798579944397
LBI3544,0.3096562360242584
IHF4906,0.7202890936128586
BCF2737,0.6960526477559095
VOX5055,0.30036266073152934
OHX8131,0.6314496469485483
OOJ2242,0.47504312292381873
OYF8344,0.4898319799868828
BDP4806,0.32823260113424857
XHM8420,0.5414495715926756
HAJ9645,0.8097768658811925
PDE8624,0.48147739556197405
NLT2148,0.3126298483826232
UHI7991,0.6109213919224112
FWX8897,0.40087434897680707
OWB7178,0.6544807773491991
REU1247,0.494493577306725
CRO1769,0.4608910132259217
TLD5484,0.3641548310436116
PTV8574,0.41720563445699016
BWS1336,0.23005009931282666
OII8763,0.30301444473941264
LPO1321,0.527353875492071
NHW7391,0.3178665850942176
JUC7750,0.2445557122886377
CZF4822,0.3025210203608086
KBN3400,0.7397337556562901
SNF1740,0.23555984025895013
DXF7268,0.6231814132232943
EEV9383,0.23270220430117025
WJQ3332,0.4736790205719741
ORN5586,0.5310346433431461
JNZ7774,0.44761026580504704
KGI8277,0.41379035944423986
UQV0433,0.3450354293116357
CDJ1262,0.6343583840475719
ELI3656,0.26342718333185006
CJF9592,0.8601669953400616
IFV9314,0.472761164430851
VDJ1118,0.36813913209887483
DTA8682,0.8041866800466424
TGJ4666,0.6681663678617173
IZZ3291,0.5001482438025997
ZWT7505,0.3268357274233295
LTK9250,0.2491208213227179
DVP8940,0.38789856285664115
OJP1964,0.3135810095515416
WNA2120,0.4182835765284803
MSO0106,0.5061341771857205
XNB8483,0.29954449925056303
PZM1761,0.3217906054055874
ENW1475,0.44616023491633694
AJL7031,0.7007006730410111
LWS0585,0.6504795218056312
TXW9164,0.5527775970491124
EXD4634,0.6277165018698179
KJW6467,0.6796458393283619
EZD2570,0.25624739655563383
ZJV2396,0.5425083493339041
OFC1459,0.5548955690509315
VFR3116,0.49689824531497534
GMO1024,0.6999875165768357
BWM2061,0.38452144565312396
QTD8623,0.6006061038991514
KUM5250,0.17100055095232972
RJI3984,0.3643449761262651
VCS6618,0.37329671564082084
XRI7782,0.5721700152406392
TLU8006,0.3541072727212341
KIP1222,0.42947671518230873
ZYW6392,0.8628287846051013
LQG6833,0.3655890102689181
YZS6822,0.37628908442553677
WYB4183,0.758071647121181
JTZ2381,0.6018967791009388
WOI6716,0.196982127311466
CAH3623,0.42556032586645287
DHO8082,0.3182517384295295
WBZ5686,0.526244976678621
PTJ3034,0.48500115870685306
GOH6841,0.3073991261088576
IFK4684,0.36761681139582897
NUC6904,0.5710151549702429
VGA5416,0.4675471649268335
YLK9460,0.49791306957446135
DQW1972,0.6748128477318655
FTN8264,0.6553491787375391
IGT3880,0.5621302063840252
FUA6770,0.6230012185066232
TLV7456,0.2517167307875462
WWE3484,0.5476505222202832
DTR9952,0.709518337048779
YNO1665,0.3004239395446818
VGE9961,0.38154158165878943
RUA4176,0.14063713316117898
IKF0037,0.2894383041334766
YRO9974,0.38246970462854757
GWY9006,0.42372838125178236
FVD7466,0.2885316741806018
UHF3142,0.3086989870015199
DEX6242,0.20227291097665018
QXR3196,0.2483578761174344
IYU8091,0.33107903660912014
BCP0378,0.5595181857830084
IKD6628,0.2928706369286365
NEA8008,0.4048370458594253
IFL0400,0.32475197544729373
OWR3438,0.2832182701373049
YTR7954,0.5787223421166079
UAG7922,0.2712783144996129
MWS4567,0.7153922129887318
HYP0579,0.42972065983505
CWP1122,0.3555360111237157
GRI5844,0.7045830620642796
ZNJ9881,0.685643637803232
AND9132,0.5310464309870107
OTX1554,0.3162934271879409
JZI9321,0.33634310048107513
LLG6222,0.41090169468529103
MDS9093,0.48480821169842164
QQB0215,0.562324992834266
QQT6587,0.4769551776125641
LOK7515,0.5448418790723901
GYA7750,0.461024584830115
MNV7286,0.7650395844051113
YRI8408,0.5770311707821855
TWE1980,0.5295231273987959
ZVU6266,0.26588307254610194
RRG0247,0.5023527108003125
HHD7862,0.7006562582129973
AJE1820,0.403054289640895
ZDR0733,0.5817719022304396
GGP3321,0.2145287763427404
CTU8248,0.4099078259760359
ETX7860,0.21698018296517899
BYX4709,0.4614461900350177
JER5258,0.3105711785305057
ATP7809,0.5053577614027491
OOS9657,0.772308351723454
YBH8650,0.4134053758410993
VPU2235,0.4135473991767671
AJE0878,0.4645466274713236
VOM0132,0.518638634295175
XPU7817,0.7760453579219043
MLD9068,0.6493548990089815
GAF5632,0.7482488268132508
KVJ6297,0.7134135341758634
BQD2750,0.6012464034192047
XFK0812,0.2211057474545896
RBI8449,0.7819036269198038
XBJ4755,0.36709702316089804
PUG4486,0.3995763368026684
SOK6661,0.6462802550162211
XXR7349,0.5903041518785628
HKP1866,0.5187730554262125
YPM4023,0.7426567286508545
OZL2864,0.7398132299227642
GQA0832,0.269245892410032
MXU2531,0.7003131404944606
QYY3922,0.18188568259912177
RZJ6026,0.7272832998329128
LCS1493,0.24058537491181253
QJP7869,0.5781589685921535
VJO6966,0.6824333064796713
OFL4209,0.4521249377042395
PFZ9129,0.38229254660741774
MZR6876,0.79599232871274
MCV7828,0.28971299710364906
SZN7612,0.45189834825056746
HNX6356,0.3895624623998026
WKH3337,0.5262210312018145
PNI0320,0.6629358796613735
LSK2897,0.32676037701044575
AGY2805,0.3657474365521817
FEB0191,0.6741549100433355
ASI3597,0.2862806759421441
RAW3160,0.35235431028667047
SAL3837,0.3774785847509328
QMO1576,0.33137897096013347
XCJ7065,0.31421199545075656
YKO2034,0.5071669550791175
MYM0707,0.685130709577027
GOD1525,0.4888044492914308
YGS6472,0.4934938415372635
MVR6731,0.36488708907817496
AQY0818,0.5481529837803323
GWL4324,0.5825157715397091
SAL3804,0.5053811372405498
LXN5221,0.46632126517640754
UXM8042,0.22887985736055544
GOH7601,0.2772699920153945
UOH2212,0.628750401398431
YUH8545,0.7590939328739124
UVO5135,0.39178082071907216
VGV2371,0.29624517024850505
MSD1546,0.47115732176091757
QVY5202,0.5879713347237664
MDH9411,0.42832109327017254
XRP3871,0.1850449410495316
IDL4446,0.3391569994248442
SVT0852,0.4565131925225541
STW1369,0.41116046412084734
KDX8757,0.525294345358747
OKA2718,0.4325775288760358
KGZ0857,0.591926796496854
HXT1988,0.4476956605319921
PPL4821,0.1569004691113261
ZSA7657,0.8068517436056712
CCD7293,0.41642385099493684
XPP4684,0.189446023036578
MYE1200,0.3729182978988586
DNA6848,0.2323150632228821
WAX9047,0.22896358904583644
JHL5576,0.5473250290541373
HMH5026,0.3169858194245933
EQK7900,0.559631470778472
THU0418,0.3140650088774781
AAN1264,0.608710903764214
FGB5363,0.38793230429786807
CTK2833,0.7381076105486685
DVB6982,0.5902565037004898
RNQ9043,0.44510479922671203
PYH6242,0.25345937306025734
NJQ7029,0.6967071106111724
XXQ2266,0.5526132807389329
TWF8468,0.6765254991517393
PBX1659,0.31879629717797453
VYE6525,0.5500145412276539
XGZ7303,0.22886222698892392
JWG0572,0.6643158619262728
GCZ5567,0.3170766650366926
OEK7979,0.25891775025881986
IQR1080,0.6009148003604521
EGP3030,0.36372985237923533
KXD1325,0.7019167903266682
AHW4029,0.4488646953812549
ZDL7831,0.4978378234405501
UUC1303,0.8593848095024075
JHW4195,0.6593637857396791
UQA3823,0.6911032105546543
VHB0197,0.4373063055074656
BVR4732,0.4462115901676798
MWL6209,0.16985171530720505
USW0558,0.5584582798820853
PED1745,0.38756018807136233
KZU0103,0.6504771207001282
AKF9929,0.5737723711595325
XHX5246,0.4808740769851468
SFA0308,0.5596973408434343
DVD4120,0.4231876723943858
ESO9920,0.5068068173551462
SRL6640,0.5518669417178318
CUR0551,0.2281645328061555
ZRZ9828,0.7249283693967038
JHZ8593,0.6146967007825761
NHF5531,0.5252033228792242
FQR9806,0.6466049737763326
ADB1496,0.3088919948328215
CYJ8609,0.47294872457432097
PBY4400,0.42710803396929753
LKQ7118,0.4740370921588172
PJM6055,0.5276746491042089
CDO6881,0.28506533125685174
DRF7884,0.31642283794232384
OLC5061,0.5911477970407366
AKG8619,0.364546823041337
GES7925,0.5891857391498763
OPE3417,0.18596656642111395
TWP5888,0.3993132427366496
TNJ4880,0.5575964491911358
XYM6908,0.6691228594253642
OTV7462,0.3484710668286513
QDM0499,0.7020413447069078
XXX7106,0.21249292922079555
CEY7529,0.26510154420776605
EQG7914,0.23612107971260848
HQH7800,0.6650615134842794
FDK8158,0.42222170375690554
VLN1057,0.49040800660027983
QYX1812,0.19021203700969272
UFM6656,0.3987591025550133
HIF2994,0.5436451975968265
EPT6107,0.45229289372461123
SVH5874,0.47138172062468947
GIO5888,0.37109685198371406
MPK6697,0.5359104616324897
JHJ6002,0.3782127025584904
WQB2834,0.27662318283848997
QKK7312,0.4416950048326539
YJZ3677,0.7708626605484176
MBG7300,0.49206784067674336
NGX9445,0.3840164052150197
QTU8109,0.42550038832490195
OLI7614,0.31869896081224464
FSG4468,0.5659555386543877
RCH3872,0.5671766611690459
YXB5864,0.24560605205533578
HOR7464,0.7489471665038128
EIC2487,0.3148233253878033
CCJ3339,0.32496146939993065
RQJ9221,0.3760602770006523
HAO7587,0.47769797430821065
KNM1584,0.30961599306764404
WLN0973,0.5505687425429141
WER8629,0.29945457851919505
SLS0471,0.18048204124353992
RWZ7062,0.5625832217238247
HKX2986,0.5838727112568461
GCY5175,0.28781133121341806
AOT2477,0.18527953154496843
HVO1046,0.4336470722093529
NXH0170,0.42390566786638073
GZV4285,0.37077684766851576
XNV7471,0.6634726579886175
BJX4302,0.552899156975656
VSH5730,0.3125174804657976
FDM7929,0.4988417015169679
PAU3377,0.2938671627252606
PII3257,0.3750226135286416
MMY8958,0.6169368093426405
HSJ5714,0.5899952727717416
WUX6406,0.5099675966467582
YAS4032,0.38199559596017013
QZX6944,0.5065355017304574
SBX6305,0.4974229228473221
DQH0443,0.5164155865225709
QHJ0432,0.4031810082760449
MEZ1886,0.44836977845167564
FFW5346,0.26444002819229756
GCI5754,0.6051494772497096
YWS2631,0.5845615848637683
BJE6322,0.45102416135261336
QOD5952,0.3667938895955345
PVQ0274,0.3939736170639852
RWA7760,0.46355837661575705
LBD4986,0.21648780415584934
INX2297,0.4634109036774333
SWE8062,0.26717718967052806
CDJ6273,0.32911034281008117
UVR3325,0.44751724711254326
AGA7615,0.22303364890473418
QQF6530,0.45092025990426826
VCP5164,0.37897493364225643
IBJ4529,0.3163566306815798
XAP2030,0.13426713426801754
VSZ4334,0.6306967778065002
IDB3510,0.5322827082790732
CVK4116,0.11831717330389895
YRI3393,0.4103285336089262
XWJ4426,0.5601519467565158
CDL2013,0.24323700837424017
YBT2195,0.5803117200015835
XMX7085,0.47912170267606763
TMS4399,0.5307325363392588
VNW3430,0.645543861611792
FQL9334,0.6282802956048926
BXK1712,0.3476971537651255
KVQ0997,0.23520104384207366
ARP6086,0.3671290664743136
TZA4677,0.7653162846329885
KHL2108,0.4763726522827178
KLH3876,0.41146683003375234
BVO1335,0.4703559618460035
WNP1085,0.6571568530321432
RZU4330,0.43012184212987353
YNC1324,0.5518352159961922
AWY0298,0.5616807623162409
PZK1558,0.35504435041863036
TTN9630,0.30011665152137706
BIL0479,0.43933634525679305
QYA2602,0.35896054789152754
UKK4307,0.5609616700676961
DMS0338,0.739631845487887
VIP9261,0.21002947268444513
NPL9257,0.5006499700594585
POW4586,0.5343106950718957
KXL7076,0.564841036652754
PFS5716,0.7188763474032438
AKY4887,0.5839231914931748
QPB1967,0.559457099909876
KFF3495,0.14777355672140224
ZZF6930,0.4058192150008336
NHW3925,0.6090775848707098
BRN8497,0.5101987797352132
UMJ2226,0.190861984409927
RNJ1710,0.3330148824877099
LUD5116,0.6001946723082089
OLT2214,0.38709776233243126
XXJ7220,0.22574727724711124
VPE1768,0.45577981506386706
MNR3391,0.6661836632487742
JHM0984,0.5463828967050498
FAB0388,0.6247560115072419
OOR0476,0.36939162417237886
IBV7915,0.6876795561830192
YFK1866,0.46772374249241244
ZQD4890,0.37705522132968994
WDC9798,0.303256976033217
CXG8456,0.5770661947415207
DOO3002,0.6661063564647944
YID2854,0.5242873971951181
SNT8269,0.6251901299366386
AJE5284,0.3822758633898085
GLI3826,0.5418346130034296
MPN9544,0.25995401869706053
ZOL7983,0.717289217769384
VGJ9459,0.4461124602568172
YGU7937,0.5165712157176153
ZHD4984,0.5229411554164374
TQL5044,0.33474792101327316
GZL6126,0.49255976952152475
TED4788,0.3558048149916767
QCB1230,0.5589721709993504
KCU5480,0.19847925495795463
JYA4020,0.6548133766662986
AKI9938,0.42511690549899334
CDZ5280,0.42057605095617207
IJS3257,0.7229730591099829
XHU6926,0.4791023142919567
ZQD9442,0.46906800895471296
XSW2306,0.855045415864718
QMP1263,0.36384581838532354
LLJ3258,0.19788074354818036
GHM9007,0.28901751148440075
LUC5355,0.7409073036061538
JPJ1369,0.5080019711579801
GHV5643,0.533919694671307
JNX1312,0.7817564832656857
DNQ9370,0.5819502530344164
WXL4780,0.3595074960265558
WCO3839,0.5356983736148504
IDJ9502,0.6368315281495462
MWF4845,0.7410398163273962
WIA4859,0.3127835322555717
PYN9857,0.19796739790636994
BBK1144,0.4809098403691103
SWH7163,0.2312820790861894
GMF6824,0.08640844543057621
IVT1624,0.42554931751011926
PYR5155,0.7267512732892897
JAN7670,0.4997767521725432
SUL6082,0.6236139830363386
GQN5525,0.45494905341769637
EPR1251,0.4359464671636952
YVF9131,0.5919663987372324
ETE9042,0.3596554654257152
RTU8397,0.46164486735658583
VQL7165,0.8751591192560209
FHF3153,0.5092150163221588
YEL7480,0.3582529889536135
QNY9983,0.3146737019146296
WLM4602,0.2678882843685314
BHV5209,0.3354585114613716
EXU2651,0.5011705367994307
QMM0719,0.4274287292923052
JCY7195,0.5917647891877111
OMG3714,0.6715899111764825
PLZ7937,0.4304191783918429
UWY1087,0.6798369150061409
KLL3321,0.6744727623865245
FRT0766,0.541417613911075
AWI8218,0.624978640653632
VXH3216,0.2565182305736252
USD4961,0.6026397226846134
QDE2276,0.5651900002127316
NQX8981,0.6529391744965084
LXQ3911,0.5685369104998338
JUS0617,0.2912548329826766
VPF0649,0.29361681816861146
OUU9584,0.7906555425853945
VCE9304,0.44664249603309053
NZI2126,0.20500252282111392
ZVJ8894,0.582328102822304
EWR8128,0.20916705522846538
GKF7029,0.5393633788680033
FNM7614,0.4935190562681385
FHS8655,0.5014750214939293
KMK7242,0.47854246993871635
AHA8842,0.25188893667785506
CPJ8082,0.4937959470644203
DBC9627,0.570399378407681
XJW5496,0.39009685265786725
BKG9784,0.6349000657010456
KBD8351,0.37113705824894405
EJG4853,0.3874949436748224
XKA6945,0.37661711018195243
FIS6302,0.3382666364968416
VVC7858,0.3014145991724937
RIF2689,0.6029995057841943
AUG6492,0.6168964367184756
YCU0440,0.27479054828369076
UDC2578,0.2953802212950029
RHJ1529,0.36389241649315757
XFC8473,0.44604273548293094
OOA3990,0.5867133113753177
XFL8207,0.7240190181643176
ICS0547,0.4532508868615028
CSV4897,0.3827547763645988
BWU0006,0.5515322695220662
ZIL6789,0.36024035889242806
ZTL2295,0.4266382437232828
ZIX0088,0.6691647037271936
MEU3717,0.23404541084534358
QEF2532,0.36954875475242194
WNE1300,0.7554486552478542
NOF3605,0.39217731526064853
BYB0853,0.32164875199824977
VLO7141,0.549294098560207
KMY8105,0.3780864566543594
OPM4779,0.4174392956282907
JZM6435,0.2798910996991388
MHO6099,0.23611407387877567
JOV5051,0.437273953082956
QJV9526,0.5663922040057469
HKB9998,0.7431567979854025
GML4512,0.4285181564148536
JVN6993,0.3176005280692646
KCA0947,0.762735713290201
QRG9446,0.4531205879821189
HBG3407,0.5277730057667716
UBA6870,0.29478612105886304
WLC1148,0.4492934306019216
CBV8051,0.5843884472133333
BEY5463,0.5329246319449219
JGV3234,0.5663064499222106
SJB9840,0.4580575591729432
SSN6235,0.27175399210751955
XSM0027,0.31015636411500186
MSN0593,0.6564981651449165
OQC1881,0.4690047318531113
JPY5172,0.2265526431370183
RYW5823,0.49416537475969713
DFC2221,0.3495449836666657
IKP8033,0.4410022339717287
OGM0827,0.3986949801203149
ABG1050,0.7419991514548255
OST4137,0.38943660508704575
IDC7341,0.3265540838839863
XQO3065,0.4619088638324916
GPA9799,0.6283080056915215
BJY1570,0.61446508390551
WTF3459,0.6556927237338689
PTO2678,0.5010592959873984
YTJ0953,0.6654846985336033
TPQ8776,0.5517346121149899
PAU6559,0.38117353061225046
GJP2053,0.4228128243955104
RWP9660,0.33202385500861314
ZSD6924,0.21196762245190476
CVN9903,0.2522225099578247
JZH4481,0.6682408717131613
TVO6484,0.6821163620726837
DSW4641,0.4874727278192345
DTC6376,0.4877483507746599
NEQ1445,0.7860464421539836
MGN0204,0.15534513091806104
LFJ2299,0.5551477835561262
MBZ9428,0.40033472993082736
ERK3686,0.10943388186599635
DMU6787,0.29425801205300267
MNZ9630,0.7106382247582553
PLD3289,0.6196019486328176
PYZ0091,0.6077018777979569
QYG2595,0.39085854004040466
AFI1911,0.1752547990368769
IUT6554,0.7387786055405394
IID4833,0.5943517783447245
YUM6195,0.29678686866728954
IDK5493,0.5411288210051314
RMZ3418,0.40266456352038127
YOF1202,0.5180779291942152
OBH7504,0.4693368310113318
PBG3271,0.5334085806074815
GYN7033,0.48103711556574885
BRJ6883,0.5047899215340267
QBO3877,0.5423817536249806
YXZ9927,0.5156074814085984
OLD0052,0.3687684255901285
CNX1986,0.6335438764641127
JZH5443,0.3024189905515575
DYM5551,0.2706649939597282
NUK9864,0.4386002391136585
SYM9711,0.6470351298405819
TOD4932,0.6426354159708547
BTU0301,0.44899765868803604
AJA9066,0.42765574472976675
FPN7604,0.12526224059654195
IWK5748,0.4025445343177741
OSA5438,0.6479369333755415
IXV7393,0.3982624961918773
FLI2208,0.6186912810375903
WED7235,0.29352845373509595
XBF6820,0.4833470894021779
GTI2773,0.3263600469467364
ETD1365,0.5176202328604325
YBJ4724,0.37485325552488985
TPO5722,0.6481470001225603
SSW1446,0.4405598064445564
AGB9743,0.5632808758321379
TUX4026,0.48896545473731845
LFH5084,0.5587306766710202
MJA0420,0.39134446590573513
OUC5158,0.5727578917041019
QBM6980,0.08060935681076613
MUP4364,0.6680232041002654
LXS8907,0.3515617517018542
TFL1336,0.6021019645093426
DAW9391,0.3690187067254015
ISS1895,0.21044042056883075
MCB6789,0.4873435050487163
OXE0035,0.17966744617782404
SPM4129,0.3857773938840965
TFN9819,0.6367150594690799
ZMC3441,0.36203066365850656
VEH5136,0.1757024874878594
HEO2144,0.45118531483220764
TRB9176,0.456759113325596
FGJ1745,0.16205654767231295
XTX2547,0.4558604524983419
ICV6713,0.33047223087046496
CED7966,0.3217563011710624
SDI9954,0.38517798077717075
VLF4370,0.3468707560220757
YBI1526,0.46305964844826464
AKD9529,0.7347916603454593
ZIY2949,0.27419454527534043
SHG0969,0.6529768805234711
ASJ3263,0.4118538297168347
LEB5194,0.5749575609293986
BJV3212,0.49948547563085494
VHW3643,0.12680347252117433
AIC2509,0.7149265456412588
JOD0140,0.5367513444723906
AFU6285,0.5939789113577064
BPX1480,0.36284491356586035
FOQ9360,0.41381069987870917
QRV6768,0.910290496162336
JIO8124,0.6142566061320999
VBG8435,0.5868606156441756
UJK1395,0.5043055655101806
FYB9461,0.4338685553055187
LDQ2649,0.44888092358444387
IBD7077,0.6452819284303135
KRB5307,0.6672603824006504
YMM3305,0.337430124671414
UPX2572,0.43234209209885305
JQH9365,0.3762500318498375
MLW7872,0.43500719760384937
FMW5804,0.33780903901243226
PEG3670,0.4404579500762625
HPV6445,0.15517789264191997
DJJ0601,0.24591087204070572
NCD6920,0.6621820697438123
LHV4605,0.31546290252051373
ZQK5110,0.4771519113836419
GXJ3881,0.25132545135300044
ESS5640,0.6274743779874229
TMB8649,0.5198622283578416
PIM2851,0.16758524011801143
AAY0842,0.5081703401826333
CKF3096,0.5401956815774978
FGV1618,0.6486809924709
PVS5967,0.2207479291357614
LIM3859,0.5249752047071233
RMR1331,0.1852567996712036
BEB3268,0.2599065042588731
IDY9946,0.34401106251114894
ETR4969,0.43166426416579506
PWY8113,0.411974677762243
WPT5799,0.47513977947426156
SMT5693,0.6999690126739484
MVK3353,0.422780533066956
PUW5873,0.3880849730272725
NDR3956,0.37157265796786304
NTO7966,0.6890407972373704
TEB7405,0.6684462361061263
GTO9790,0.5342125208466142
KBB5390,0.2220066602733943
JTS4195,0.7791852484137939
FKZ6121,0.3654404743958221
ZYU0285,0.19290172122102073
MYZ6375,0.7326669546177634
YYM4394,0.8135375691787533
MOT2487,0.46209812516627835
EEA6474,0.29209967715925617
UTP6684,0.526551452099343
KYP4853,0.25316265211568606
EMM0394,0.38663574581996546
ZAQ4179,0.22058147420883928
RFJ5349,0.6006872674897071
HRK0701,0.4033642729672028
KSR8026,0.35892194517843684
RYZ8152,0.4456997430968384
GLA5774,0.29701739505151575
CXM6380,0.6160116127939179
VKS1935,0.40041228894060465
OLY4676,0.4534537900204554
CJU5534,0.3700183051583634
MSE9863,0.33997702590104467
OZM6965,0.59693410237825
GVX1518,0.40200424810997176
NWR9800,0.4051804691564068
GKG9293,0.41534725214411095
SOI0594,0.4731862079714409
UAK9715,0.43421488206163106
HNS4860,0.5330845116145202
QQE1863,0.5800093409575828
AOM1139,0.7720207213906535
JND5222,0.6320476786486517
DUR7694,0.23111950097405737
BYJ7605,0.5210523357442304
SCA1279,0.24001246521068856
KIR1085,0.48329659725823565
WYD6141,0.22714662992503573
BGT0275,0.4797899773434075
MMI2820,0.7697756264389325
BWL9777,0.28751417726822753
KSS8555,0.4203322741767173
FRH0417,0.6449061317352919
CGN9405,0.15947575129867236
UKT3236,0.4693274513373418
OTX7862,0.4038033031819625
BSI6803,0.4098140491142905
TTQ0940,0.4456976557729849
TWS2621,0.4575775084385543
LUR7303,0.3865581306072875
YBG1625,0.8717506405653211
FSQ3432,0.30602127385959094
JTK0613,0.4617862833708557
WYK3449,0.5038041899486296
ULH3218,0.32886018088279234
JVK5990,0.29611225043936346
FIQ0497,0.6327169332080024
TGB7149,0.17461103703718206
XAU7965,0.6108918338664889
CJF9080,0.6078947061457811
REX3620,0.6726854409486681
DXQ8472,0.5202073104542212
AMP5118,0.5912309515082727
PHN1758,0.45744967391973235
QLB7997,0.4013964860450357
FTG6947,0.42614396663956977
RBO9223,0.5579253085878328
VVN4722,0.46613784698553457
BMR4527,0.20339237827802809
IJY3353,0.2214926401118958
JSU1713,0.4532252249137952
EWB8475,0.18389888766125076
LWK5584,0.31552546027115463
VCX4463,0.5673376381236177
YOL2804,0.23257824160876212
KAF4464,0.3775940518834287
FIL5551,0.33108501039597976
KTQ5309,0.5166919636513567
UPX7124,0.6214887998776818
JRC4352,0.30386849602033345
UNY7553,0.4551600737907001
MKJ0164,0.7905785336710688
UZD1931,0.7275713677197161
CKO1213,0.2859193698580168
KED8188,0.4206662208958944
ALF8356,0.48635707181899074
USK3232,0.2781821380362161
DNZ7924,0.2945758563147538
NUK2552,0.4302405203855489
TWW3741,0.349239199708705
UHY2725,0.582345675435348
SXG3103,0.40639223265983865
KZD5913,0.4427463606630567
LFR3187,0.4179351315455278
EKV5193,0.5003926694729827
YAO3141,0.46739507717815404
GOC0400,0.5621867264609804
MVX8740,0.5769745607260779
ZVL7167,0.713418717335626
QCL5689,0.5587254958656153
DAM1172,0.689223402011263
ASK9555,0.48379626263022224
NPL3337,0.34569912997086877
FMY3806,0.4002612524512319
UST2624,0.4866688372065833
HCS9376,0.45000151314727443
WTW2307,0.27514094621150187
SDE7885,0.5354524632151831
IAN7977,0.430078475234183
QEC1993,0.25851379964810606
QJP1557,0.1650833009618517
IUI7963,0.34497000811067446
SDI6665,0.5654012839055614
KFV4209,0.5711781442422202
HWF9009,0.6624672687438483
KKV9741,0.41600952044179024
YNH0185,0.7366777607633631
PZK4366,0.16093845481325997
UWS5455,0.46206806890948415
TRP3743,0.5524008565193635
DFO2095,0.46234417530711064
JOF5772,0.7341253236979269
ETC9215,0.6169043896933203
ZEH6132,0.5499592810566305
NAS2706,0.4908944901564687
TPZ3230,0.5648835889994894
WCB9042,0.39547327190205467
QIO7021,0.5676381321527652
IZV1149,0.5440270914026553
CFQ8562,0.3169835496100975
VSS7607,0.4667641679915925
CJJ9855,0.36849009916709263
YTY4845,0.3689184525847953
TWC7330,0.5868061576991188
EIB8160,0.41646946219670106
HFY9382,0.4214585583547881
IEE5503,0.4476995211972589
ROO8981,0.4221017810729676
AOG8492,0.4765493107800211
VOU8833,0.5942382793958524
MSB7854,0.4630665046255475
YVF6589,0.25632167635347314
RQX6209,0.6079571046575962
WZD1341,0.3855598019853116
RXG3147,0.2605976303346923
SYN3470,0.2647275278930236
DWN2532,0.8515432977208867
ASF5513,0.46029238041086434
WHS9360,0.6622474189226943
JLP5589,0.44860342869170505
OKS5692,0.6686770273173924
HNV6246,0.5678672866901655
HKL0910,0.4265737378878301
BOX2370,0.7452227338894856
AKE0444,0.42321694864176324
MHG0604,0.30933067438024675
MFQ3423,0.6615830998646679
LFK3506,0.7291384602471088
HCF4579,0.7442638960388546
VWC7373,0.5473757725050171
BIV6976,0.5557148758628723
NTS1702,0.3907710057131604
ZCC5163,0.4073705852868476
OGB6889,0.3309738863481789
PHW9074,0.3764797824659739
CET0786,0.6731077058765219
VEC9508,0.17830328516920463
XKS1665,0.38514552864271473
FUG9600,0.3371913116551576
KNU8936,0.6024641423681864
SHC1204,0.2792943883480109
ZPX2229,0.2731789105752091
GCT2462,0.4061832068011267
AYZ7183,0.6785742786363708
BLE2265,0.375161660229181
BTF8456,0.5140674846829865
QRG3891,0.5331597007626686
ZEN0526,0.31594649391424595
DIU4140,0.527387998855543
EIK8980,0.5454991426688393
KSS0055,0.5081102290964213
AZV1285,0.20947732503923686
RLG9209,0.3683834659224024
LVW1887,0.768345072784801
TAS0098,0.560935416591888
QKQ5346,0.3472463461042841
LFI6971,0.1985780720164631
BQX0824,0.38640481882430083
XML9945,0.6292511846722171
ZXZ5078,0.5770908887013483
IXF4211,0.5207106018898071
KND6746,0.5945957641448516
QQS3620,0.38806282540229464
LVI9628,0.2983363438922488
DUI7864,0.6520593377540015
JUE4551,0.6694219424345276
ZPL2300,0.22791967803135385
YEL7564,0.22270604344618533
UGU2507,0.34028792565597094
ZOI8056,0.2629851832852733
QEA8664,0.546870734415167
QUI8924,0.2778397525000761
OQL3155,0.4821663407159019
ZAL5931,0.36023846208027616
IKV4421,0.40605388599884945
FZA4018,0.386446003600029
KCO2495,0.35890214427633305
SVS5231,0.673671343720799
SAW7527,0.8034556303907731
OGM2631,0.36997482059264303
CVB7805,0.3654762797816608
RLF5135,0.38727248512111395
NFE1191,0.5597820537853649
XZF7825,0.38706437625307016
ENJ1626,0.5974609920649735
EEF0190,0.32581951480996096
PTB5659,0.3609981894922601
KTA0598,0.428751413601844
OPH7503,0.48999160228028027
PFB6052,0.5735181683536561
PQP6676,0.2554185110076933
LQY6462,0.48042867309186266
QST8666,0.5565306809648042
KWV7849,0.6057059353850204
RWP7421,0.42399955991300053
LJM4775,0.46908356553281505
BKO8359,0.32842569548672385
LHH7349,0.25867433587139027
HHY5540,0.463438441323308
VRG5107,0.4102516377440115
GTY8915,0.4281883760511859
BKP2297,0.2783214127209983
FVO5750,0.6337181158478585
ECD8980,0.580369561011181
AEA8744,0.4164558417399529
DFA1094,0.4565149356974774
VNG4659,0.3859313183393823
BYJ7960,0.5002849671441771
AUX9209,0.455216326565924
YKV9464,0.24357049987738086
ENV2990,0.34815028200844156
UDP3564,0.39080395655215544
LXG1340,0.4575125385904933
WRR3525,0.8553021308134986
ZRR0628,0.38307923087480716
NOI6763,0.5931852047267531
DKT5697,0.8196258979625027
OQW8246,0.4770389254508586
EJC9467,0.6366263946282498
EZC0491,0.30994278883399223
QAJ7649,0.36611860735784724
RNR0652,0.7332738383041119
WTF2571,0.7835334596918706
MVZ9434,0.3485831993244358
OJG7664,0.4132339490091845
TTH3651,0.39978144141055766
YBB8917,0.31822833116988875
PSI3002,0.5394153727968608
QFC5037,0.5731429217641727
ALZ0191,0.2681222418741891
HZI4473,0.37309395865042655
RFD1285,0.7238378689355623
BFH0789,0.3612696180641516
JZX9489,0.2587236923606138
DGS2614,0.30267055646402447
VYZ9856,0.3887106633706017
EZM2512,0.5962337384625105
DNH8453,0.31715542211426895
ZQR1786,0.3339023071136485
EUN7100,0.6132444370690429
FDH8985,0.2669388900249303
UKU6956,0.5448337733455156
WCW2836,0.1646125273209081
ENW5898,0.4832540392239308
OSP4369,0.39834089402261613
PGT1337,0.10530328127957658
LEG8297,0.7003581349006034
CEP8192,0.5532674904165639
VJO5168,0.4099507488203237
QBW2877,0.4985005595291046
VIQ7083,0.14135669087312824
OQI5447,0.5438463790527123
UTM9935,0.2166838338126662
AGY4559,0.297144816385174
JOR6780,0.45580585052368044
MPW8036,0.3086088937447414
EBS9206,0.46378549234579475
WZH8778,0.3115233976246343
SDT4780,0.2149498577104029
XEB8025,0.40809703754146254
VLP0594,0.3590095219378722
FGX8087,0.3024487734071681
NZH6934,0.5314000431029514
YME8412,0.494797856508972
RWK9524,0.432323390189116
RPP9214,0.6176364523210541
WBK6963,0.6211938304253772
DIG5398,0.38207727563289234
RXB4565,0.2857487735886212
HHK7103,0.18525025910774823
BXO5829,0.276917635600502
TGW1447,0.5478300259248593
SCG9633,0.48206664912884273
YRH2661,0.6632152265884613
BWM0677,0.5066429419490784
XMI9842,0.40691457247206
JYV4622,0.6594659575980584
FSJ5438,0.3313657019001946
ZPZ2675,0.43823266552670564
FCT5311,0.4721451026440019
DLU3504,0.49323264068712563
ESU2238,0.8740362304815497
HEY5668,0.7444298958400871
UNN4464,0.42353430291846955
HSF2545,0.22845532461083237
JIA5527,0.17705496321516193
ZDA5112,0.7807331270595113
HPI8130,0.40125769221888297
JER8240,0.8149765488333572
TAI6687,0.3506369859437939
GHY9750,0.3069124124603328
ZMJ3632,0.412667900090737
LNL3875,0.5054284107101285
KBN0133,0.721083480910041
REV6314,0.4283250877361643
BJK1459,0.6058226409758546
MSF4854,0.5092602159547736
FWV0487,0.37103837316466776
RGY6197,0.5407725915155605
TSD3692,0.6822451545334445
TVS6288,0.42770823876330794
CZV6542,0.5477074516437742
NFW8789,0.4111506698839676
EEE8038,0.5880610642094478
BKX6172,0.5167543334430165
FUG8771,0.5828895235076664
GHN3574,0.24620142285215965
YSQ3489,0.464671763818577
ARP2492,0.4605090407036207
QHT8444,0.7079100893259043
CVN0729,0.4195816632387065
EJS1772,0.5231215655227116
SUZ0883,0.1872155988806786
ZVY2197,0.6382378111373914
QDD5758,0.35853875284420517
TKX2350,0.8781140118003913
HRP1387,0.45019890704744764
MWU5491,0.31053271944362854
VBM5950,0.44565238976734156
GFK1650,0.35753230007827913
BYX3935,0.5066667421231444
SNN8579,0.6506810487067562
UTG6923,0.4305653410493412
XSZ7452,0.7701839644347945
WDB2677,0.8536001614424596
GEW6229,0.35643467194485606
BCF2024,0.34031311212607646
PDL4276,0.3726786871382807
CBG3780,0.8252303780219198
JBX0021,0.3945862805243066
PUC3281,0.22006782523852306
FSE5481,0.5148104522749273
XZU8058,0.571993747422718
SNX2482,0.5190286435877023
JBY1932,0.3110727581199999
FCF7662,0.26619373493444287
CYF9743,0.3347310856458116
IXO6328,0.7177091517542483
BQJ7708,0.43791870247863346
OTJ3739,0.24701337220721428
HWN7895,0.5544082931510246
GRH0857,0.5435933384740778
BLB3672,0.4702711477883147
UJL9519,0.2924199206684634
TWS2222,0.408391300994432
JMM6461,0.479597431020566
MIW9885,0.09232820907975962
GJD6146,0.28305809987622144
GKG8118,0.4170712975452751
WLE0388,0.24853300052771865
MNS8646,0.7631017429093305
GRN3294,0.7227685749776026
JUU9607,0.25827590981370835
HJP7251,0.2897396325787191
ZIW6118,0.23556998274169771
ZXD5535,0.755478751255106
QKA6528,0.5931356819802464
LTG9775,0.38705043301256603
PSG8261,0.60346652330219
CFT0700,0.388067789505618
MAQ6578,0.5352514200800087
JBJ6918,0.571394023350796
LUR6716,0.3539182501204561
LEO9229,0.7348102173309314
UWO2302,0.48177031260110803
RPZ9969,0.5519024415945463
DSD9781,0.4772169118349416
PNR9550,0.46064783854380925
VTS9332,0.35951690421125376
PLR7625,0.5428503598443618
ODC6962,0.6671962690114206
VHS8337,0.22080775084842502
WLL4766,0.6008010059545705
OLC7159,0.3858687962609647
VEQ2672,0.6689799212624877
TAM0554,0.8104999696152718
FKW9070,0.507072843153184
DPV4648,0.5985140609898953
BWW9888,0.4778087833193468
NAY4318,0.5335728993300916
CZS0804,0.2960249303815855
UZF5143,0.33166611827500175
JLH3600,0.3686377018650905
KGX5457,0.37272370364342816
GSP7505,0.5047538944518817
YZX4763,0.37825234240746536
XTX1712,0.4347460950736163
VDI9052,0.7470637140262782
JCG6240,0.5998689103784602
HNT1528,0.35969062872647767
IUV0877,0.7020865284087375
JUB7317,0.32786007943054235
MQY3342,0.6015744017453131
JUR7255,0.4496347753001717
YDH5194,0.5559806022355124
VRQ0437,0.5329218293497141
YXH2028,0.33806318510047034
SHA1662,0.4408718910616583
PDT1117,0.6738254590481457
HCW0199,0.28083693955922867
PJX7205,0.8467710789517463
BZH4836,0.5873025153632172
ASG5674,0.5270489618522616
HVV8464,0.6244954037095853
YSA1245,0.3974047635693504
SBV7190,0.8363554543667047
RTA4987,0.6733691091652446
SXY9677,0.836407614800838
ROO4595,0.7775151980467369
ALO9044,0.355552492322495
ZPB9438,0.28600786781010157
FMM1892,0.17994466389660754
LDJ7958,0.18415636967932034
BYN6337,0.38515235983983
YZY1243,0.31208665923007434
FXS0153,0.3384027010523482
DWV3734,0.4814240524978632
ZFU7858,0.5073506946201103
TZR4919,0.32097286592169544
TYW1214,0.4441236720052145
NUL8756,0.3293652629868354
GHL9084,0.3274826300878165
UGS2885,0.21959178785127056
HCZ7735,0.4256284842216235
VZR1727,0.496298414764215
JAR8765,0.46583366137056453
BAB6072,0.5446317327389718
JHA7215,0.7245390203460328
XCF6915,0.2727518998372623
CXI7076,0.4998004203902971
CGV3552,0.7147126373770806
TPY0173,0.5674573669512329
XIC4153,0.3554435488576151
ZYQ3231,0.1401768635522345
IGW8709,0.31945396025647643
SXW9627,0.8144639749591398
ODC3755,0.548697156690106
PMG5727,0.6901419383898423
XZY3938,0.38886936218049983
MIN4748,0.33702659224386705
EVC7553,0.3347269146075987
IKT6186,0.48368124143662505
KDD5931,0.4459385411373381
WDW3223,0.2532954381520651
WSB0329,0.4749297967840328
EKZ7043,0.5309026192801399
QLE5254,0.5050657119727998
OCD4049,0.5551867956242741
YCL7418,0.604105762391405
WNS4421,0.3396525443092547
NYZ4365,0.5004548439182409
WMV4422,0.320164972862888
AKT0958,0.5261288143271151
GVA3060,0.7585934973902297
PTL6582,0.6281618465914139
BTB1426,0.6490622276793376
TMX3858,0.4927865443316643
HVS8035,0.563964959605127
ZJD0061,0.4744781286255358
TXO8401,0.3194064900292021
HQT0893,0.3109005592999
NNV5095,0.4869348665785455
UAR9616,0.19142569294754663
LYX6274,0.3070357772506625
WTU3373,0.2389500788310258
LRR1839,0.6740580892418375
QXY9142,0.4021649212341588
CCA1626,0.5061595233013014
QUC1235,0.3118618709735937
HPR2520,0.4112654430758144
PNJ7376,0.6299273093306373
VQK3788,0.6762611659871581
EJA1949,0.39260486816670237
GOQ2092,0.5154712754588233
TBB5324,0.1257620545743202
OVD9013,0.5667820443493206
KNF0091,0.39511671915890406
GCU0368,0.25601586207772875
ZNJ5257,0.461499267486531
TRR7591,0.3772949570038114
AQC3776,0.28605872301424934
BDK1364,0.8579489234984612
XDY3049,0.504137395282072
QLQ5347,0.5907119079568615
KLG3169,0.6617712975313192
RVT7833,0.19009701728721762
JMF6722,0.18336273409548115
LHH9992,0.7310011985392493
NXQ6998,0.32259416206992436
TGY4950,0.4296229628521409
HFI0890,0.5969566868200308
DJQ2888,0.5505451958294274
KJP8382,0.5665229414318712
ZRS5857,0.401255694539067
QWK4295,0.5883988023571705
GIR9283,0.6691362578118235
OTO3264,0.6113529784499995
RIF4368,0.38420750490334016
NOD6688,0.31761831741314717
WFI8419,0.3052246635167295
PDG4790,0.5333942404742068
LHX4004,0.14288258074838972
KWB6083,0.44444456746561395
STT4648,0.7094405593287277
CQI0027,0.6421350065227748
VBL3943,0.5239414313718195
VEI0635,0.4198061931950548
SGZ0280,0.5736127685606606
PCJ9550,0.6058857800990772
KBK0047,0.41884003111182194
GWR5964,0.5063755519993691
VKQ5613,0.5490627756092694
KKR6240,0.2783853237811538
SLF2772,0.6141146964664649
LTV5899,0.7687748634294517
EKG3566,0.554518815986304
ACK7993,0.680890886557093
YPZ4897,0.7672070443789323
SUD7001,0.45297610624803225
VEL3281,0.4312841427938943
ZGJ2684,0.41850869292858556
MBU1497,0.2645597262313528
AAD2883,0.6533742882551563
RMG3845,0.2612323908301227
RPO5835,0.29512273433800473
QVB0036,0.3498124668776197
SEL8588,0.39775720949511834
VND3841,0.721396566557005
EFO4204,0.21176349677614695
PXR2287,0.3143629534271492
RIR0031,0.4466413225685888
TDB3761,0.7161787793449147
MBI8114,0.5353688837929079
HVJ0153,0.4058926364239927
ZKR1383,0.5580537979379467
YEF3573,0.41826555782461516
KEI0652,0.44919596831584785
AIZ0672,0.7501979203191678
CXX4478,0.7261553111233984
PDQ3506,0.3711977368336579
HWS3142,0.5523950796214019
LIK1297,0.29481765730322623
JEK4889,0.4019541996368288
BYO6149,0.5060755147311582
FJZ2480,0.2779890906744492
RTM6715,0.5743353021693116
MUN8863,0.3369237661818817
VGK9172,0.4594831124058548
LHA2788,0.4284458908134193
MID4291,0.26347201867705905
YCK5781,0.4307066059929539
KLV7473,0.7498634659938778
QIL9125,0.3975701136285555
JMG2326,0.2582298952257235
CCL8625,0.6630717900219988
RJL8493,0.4187552655486093
ONI5068,0.6259779112111177
JPQ4370,0.322363847777771
GMB3883,0.4422767745732461
XNS8441,0.6249449759709037
WSK2123,0.37136445323649137
XUR0775,0.19082983917785606
MGS1115,0.26586199388109727
WKK0836,0.5758859774568317
VVP6146,0.4831004953690596
PRC9059,0.5061145009408337
PIW5229,0.6310484737481801
XLN7604,0.3653029964407547
IBW8943,0.7950514863445302
NYY1117,0.23102586165810712
CPN4737,0.49772850984681555
RKL6112,0.5364018366791078
JPW0197,0.29394050322018606
KVR8225,0.48682877852463063
XAH2559,0.5546691861526672
HAT9042,0.35528560295639594
OTL7926,0.2791245537419188
RGB6079,0.4393722309977259
XNQ6646,0.5701462149408132
DCQ4942,0.5619702051889142
VUH5569,0.4804769093378985
DQW9614,0.35082924388521736
LFA5298,0.36888877071048
KUE8098,0.48850887304568946
WNQ4841,0.2767421753487151
RRH4963,0.7648509707842918
XTN9896,0.4594373911877551
YOU8712,0.4258622331177366
QNO1150,0.29866589866091386
BHL4463,0.6228684175456571
AZV1070,0.4322656409480755
CDX5736,0.23591450369278627
KZL1871,0.6900618301752308
WIN6633,0.5327560352881976
KFX7900,0.48806540381843516
MOB0956,0.5121209676223661
NOF9696,0.3663762568575648
VKN4884,0.4576113488031992
GZJ3947,0.5077015046983762
ZQB3405,0.3687776476143096
NKN4451,0.7882669465589627
IRN8112,0.38811875844913607
FWE5356,0.2880744494470058
MJZ7503,0.6132487014359148
OCP4395,0.6603037027037344
CDU5606,0.3570256545602219
WZN6022,0.3796116951646992
WNF3197,0.3656425018451347
GLO3781,0.4243584672255046
UXD5028,0.12412366941363226
AYM9437,0.40426544065783115
FWG2787,0.15099132460379347
TUS9307,0.5461677417128904
WUL2593,0.6926647963861268
EGT7010,0.4724533320097864
IUW8494,0.27693527741452023
MRO5204,0.5047289976578935
IWR1856,0.2803589081607961
YYX2774,0.31953993561702526
YEZ3269,0.5141041452244733
YME8681,0.30884256384153125
NGQ6258,0.2887123981991711
EXF5432,0.7315938519455453
XTL1593,0.5089372810552968
AQA5089,0.19129672088705066
MVS2339,0.6633714862808084
CWV2589,0.5412984790544682
NBO1176,0.5474118199067786
KMN5510,0.5494857160669884
UMU2928,0.3040311204323113
LMH1320,0.5014501087922721
PGU3527,0.4937106580771755
NWK6000,0.41609043053122524
RUR4149,0.4965327040779687
MWZ0284,0.4669013501941435
IGY3677,0.6432435540040226
KGJ9267,0.6776774175368387
TMK6440,0.4679805197118099
UNJ6623,0.27532004266860655
SRG6618,0.2154324207127265
GSJ0468,0.25881278061637775
CXP7063,0.5183628248163444
PVR1377,0.5243481752660801
HTO1755,0.32148026112461486
AMS9709,0.4681779740462278
FQT0432,0.3241360346103247
GRA7225,0.13807505508176068
QOW7293,0.4381119293536466
USF2198,0.6249687212085028
NIW9339,0.38554933995640256
FRG4201,0.3544232258774076
FGI4742,0.7593815540529792
JFG5680,0.5681963053334207
QYN4491,0.4017108526366208
NZW6090,0.5132896481397379
SJP2560,0.5665082729008641
ZYK6879,0.5699451148032859
YMM2910,0.47792527691991404
TTO1527,0.4844887713550633
EML0665,0.3266766082643839
DPQ4018,0.6625811495789697
SSV8285,0.20435522591189842
VID4694,0.41230598532396695
BZA2279,0.48856653045483006
KNO1025,0.4331956297609033
YKT7191,0.4836775525758619
ZJC9138,0.5325449279098525
ZOK9565,0.1466181349115956
GVR4749,0.392681293026139
FXF4569,0.6180724977360565
CAP8569,0.31996856093232867
XFP8700,0.7294310139374207
SVX6880,0.5512129602875255
NNK0785,0.3762823373297911
UIR4154,0.3404011481559292
YGN9330,0.3050887744207972
EBR3020,0.6158604904271705
HCE5651,0.5108506103025006
NQC5999,0.5101922523285454
XGY8160,0.5152340539866506
UWL1133,0.45967013500923054
YKI3142,0.37192596052502014
UCB3986,0.33747467782098906
SYL2415,0.2400796698734836
IPW2222,0.7246386653499266
EVC3607,0.4006649169055701
KOV4171,0.12370709866884207
XMW0193,0.16279571762927722
YMH3925,0.5058045413436864
OZW7701,0.5401579590280973
QNF9556,0.3448698638613729
OTV9414,0.5523892505219751
MAR4449,0.6865702804574614
NFJ2056,0.5040718017810031
HCU1891,0.6484190173443727
HGO4994,0.769587076519995
ODO6798,0.295740242835215
PXX9750,0.7021213353501459
SCN3025,0.503856259332356
VMM9927,0.2761817438380526
TBG8314,0.7783598971724653
URC1145,0.5145130777118422
CSW3521,0.6277713218273203
JBG5644,0.7069557260873196
KXG4715,0.46645106400975334
CXQ0417,0.6931990655526068
GXD8597,0.2669971071842494
QXU3204,0.25258191594095625
KQF6775,0.7155385365080863
MGJ6981,0.1534120826939305
IQW5637,0.565877093452913
ZXH8766,0.6184126899183443
XEI8670,0.24845478758490105
CFU7715,0.35462261788606764
INK5005,0.4342840023189538
YRM0155,0.41908351005487854
VPD2395,0.6647379334577265
DCE8682,0.36654127031420636
UCG4005,0.26986793165924516
ZSI8588,0.3796573411501764
MYM1218,0.6824590670187594
MDF8209,0.16944131075441712
EMG5177,0.3051594223107955
YXP1936,0.47318041372923675
IFQ4336,0.3067648189949142
RHK5615,0.4676621546787329
SBA4095,0.3255513602229661
VJA0906,0.36767021708995545
FCB2951,0.6519573207976839
DBT2207,0.3349953136199114
DZT2636,0.3920530583969913
TYD3220,0.3988475804112837
VYM7787,0.36910417680988555
REK7574,0.3010803263879937
WXF7530,0.6021347667789403
QQQ8118,0.3282443780387808
HTU2108,0.36037459905150354
NFJ5599,0.5952126704996122
DBL7406,0.49576340695231025
VID4590,0.43345076339677113
UAJ4265,0.15007684165891666
EMK4872,0.5381954541169591
DLC4330,0.6128422730230199
WOP5017,0.8040496914549324
FJM0195,0.5032086040090749
LZH5232,0.6687044287351134
CBX1499,0.5454718693893126
PBI8593,0.3857785960180918
QRE2315,0.6917964206172008
FWO2121,0.42976089741388207
MCH7129,0.38743467470502957
JCD3244,0.544277701433487
GEY2384,0.3641210923045092
EOT0800,0.8501077530162677
CAG1966,0.1934445188439991
XOQ8267,0.36408435624776186
HAO2179,0.47891124730427975
YFE2987,0.3442487866642973
AQH4113,0.35788388874488236
VPC7784,0.5522510320199459
GAE4033,0.35204768084649557
HFH2832,0.37823554833251194
YNA4748,0.4125124806757758
GPY3239,0.2117421098590506
DUK5098,0.7017477258735024
EVD5179,0.459444882061233
ETP8404,0.33562335898776074
DDH5472,0.3159992461114995
FRJ7037,0.6394871432647186
ZZN5264,0.6821551693323793
AIL3984,0.5459515093506334
KXO1895,0.4687607942915868
PMS6371,0.3501784039297178
GYC2314,0.6300475384698994
TDB8324,0.26129778618073357
OOS2267,0.4072210217901642
NFA0143,0.4611359741349898
ELV9312,0.41434914366644987
MPB1578,0.4057017777703402
LQI3770,0.3815660187722875
SGE1895,0.34226696015458413
IJL5437,0.45110703855560164
THL4535,0.41882002587758344
ZKV1212,0.09764523973038976
NZM6805,0.6261023243756612
HEB0012,0.5348700647049682
CVY6425,0.3027314439495087
OHO3705,0.43563911079991635
QYL9334,0.2623682012372106
VOQ2687,0.34295098794794515
ZPM3046,0.2653843105032866
TXO7147,0.4194040198354881
BFO2223,0.26159775958867726
MYJ9670,0.38491558952680055
NDD5717,0.5740712781186995
KDA4285,0.3339850850949042
XYI8525,0.41405880868682193
YCG2282,0.4671908265472099
ETL2773,0.13971093120309738
FOH2598,0.46091577881652507
IDO4690,0.30765827305435417
MNG5618,0.29308338848060533
ELJ8701,0.5058089747556179
OGH1319,0.7444826288813661
KYT6714,0.4668590695189133
MHT6742,0.29859490391009047
TKN3033,0.3517905734792294
ABS7187,0.5755064303211538
TVE4444,0.6235703983675547
JKT2068,0.41785806527859337
XZH2442,0.29609105933580426
QLD6078,0.3932204281807879
LJE3409,0.4919274779974995
LIS1441,0.6801994348126014
NHP4867,0.6383001531018536
KPN5066,0.5692115154095151
ICU0848,0.24943873968498284
LBR0080,0.4345647443167221
CIV5777,0.4070292465252961
CCS0209,0.38403573223932136
UUT0371,0.4527478403688812
WML3891,0.6518309797519024
ASJ1462,0.22489577116032047
PUO0647,0.5980648963192557
GXH8163,0.4567970609597138
VNC0540,0.4481811334760581
AIH9575,0.5329160604807607
OQV6885,0.5783687072824636
TEF4500,0.3437972847537987
PNS6387,0.2699048581394531
HIP4893,0.44457883730354714
QYD4372,0.4290064122143503
UMB7309,0.5860951280471441
UUC5284,0.573401731134646
NEE1107,0.3231415062991281
CFX4186,0.24058755662553363
ITI2049,0.46592488225173717
PKW9888,0.36633062712856157
CUM8119,0.22656091206868137
KOQ9260,0.30637153072920925
KBD2546,0.3016942762441047
XNO2459,0.7397432830690992
OSP5135,0.3633729511973715
NUK3247,0.5157638726327396
LDP7138,0.44745568451200884
AGO9562,0.25571135948841467
EVF8193,0.488573462921985
JLG0654,0.3424661811796664
RUI6084,0.26322998251077356
POJ2149,0.812195555929848
ILZ5501,0.2782623999346901
IDF1632,0.6770356608195922
NTI7053,0.28968525544252766
COB7179,0.5395727509412362
IWW3189,0.4049732842898413
XZR3521,0.7203503011529494
LDX4603,0.44291313927895776
COL7939,0.2984967805725722
BAY5313,0.3760852633522669
MWQ8997,0.4554573784939109
QTK4473,0.7192557283684654
ALV8552,0.6111809065744624
VPX7439,0.6734920929192568
HLU8266,0.41712960999268206
BBH4360,0.3188610710635076
KGT7542,0.16164436413086164
UKJ5118,0.4883409713921322
DHN0432,0.4116034730594646
DQT3826,0.6516013639789858
SUH9864,0.35666296768969497
SQU9444,0.5855196702904839
LUM2519,0.8231270688043721
OQJ3928,0.39253699467035824
HPP1357,0.3588167819712571
NFN5277,0.32160809512774297
TUV0623,0.6521095220887692
OPM2941,0.12620290832706593
KOQ5431,0.5943373093798595
GAP4265,0.6370979902241906
BNZ3638,0.30500934636515564
TBJ8716,0.4565322908995578
HWJ0779,0.33748071253779427
KRS2351,0.38944197389061236
POK7367,0.43569387248472474
WGB8580,0.46125190670414146
OBR1097,0.2746084910846717
DVA4039,0.47671710172057136
WZJ6385,0.4612399772708824
POE3029,0.4189599493718693
VBV5612,0.3793265891990339
XQL1805,0.5948171406334309
EQL6505,0.6799667708500375
YPX7414,0.39978765761942203
CIT9706,0.3503934195295768
PSE6800,0.46221513378552753
BBC9404,0.3804167337370758
JRG4072,0.32144833194634154
FTS3076,0.5012180234725422
ZSD6556,0.4461806331950365
SKO8584,0.21197474508577624
JOY1325,0.28185610123591703
YEY2871,0.6362425471563619
RVO6834,0.2186499059144371
CLY8255,0.5816764410825428
ITA1163,0.8050230044537708
OTL4174,0.31657625634819453
HSF0753,0.6051480249790201
DXH0163,0.4145652279569963
KNE4050,0.8121407527914248
WJD3556,0.29410298814691427
ZWM0368,0.6213326579286527
JVL2234,0.44229892161462453
TFL7433,0.34112611954546157
RPO5369,0.6142607081949957
PMZ0494,0.76422559817384
AVF3622,0.31076214531673546
BNC1936,0.3088045833177154
ITO5690,0.3397932701499715
JVC1192,0.34877996588861077
WND5424,0.6539195868000846
LPV6023,0.7213328289812863
RMM5581,0.5105242306598222
MYA1487,0.29090379982133335
MQJ4227,0.294233728476926
ZVZ0289,0.23453014469368758
BJO4950,0.3628918773383049
YJP3297,0.5861555258072321
FHK4733,0.30620142132729944
SYZ5307,0.22991368248203398
VDD2367,0.4439131450806113
OZK0553,0.38850008863747876
IFM9840,0.40890711650452166
DYP9712,0.5113798796137801
UQB7091,0.5453081746158899
TKH8797,0.5697059613057796
JOL1871,0.659908066590676
ZGH3464,0.6224165872702911
CPV1788,0.854162220784308
VCQ4561,0.7821979263772482
XVJ1667,0.41524656506436536
THF6432,0.38868541641369775
DBL9760,0.6301285251864212
TXI5549,0.62667618121306
DBY9220,0.33363544692488134
SHM4954,0.21824848804015198
LAV1102,0.1679860718694076
IAP7997,0.2750452615322604
NML0074,0.5638124318078919
TFB2931,0.681843676055079
KGG6179,0.40556068473743734
FHK0449,0.6302743147620138
ZYK1198,0.7023532871059626
VFY2783,0.43555180952351874
AWP9999,0.465890308611828
SVW2890,0.21543571988677376
GQP2345,0.328131801398424
OLK6065,0.12642775676227677
XKI5123,0.4394335413064264
EGV4508,0.3924819949514289
XIR6560,0.42147633713446286
NFK2500,0.4005200542112446
INK4396,0.6752668051569675
LNG9379,0.4584800050368427
WYG9998,0.49356912836174993
MHJ5555,0.3357798480745183
CWI6595,0.4903429090723304
JLZ3995,0.29512659730243496
GWN9320,0.6159789891063555
QLI3415,0.2855495746780946
ZAO1147,0.37996661312534713
BJA0530,0.30633036603535063
FZH5135,0.17227374874246468
ZCK8951,0.5524723328062014
UYB7252,0.1317374986101856
KYF5284,0.3177531983809279
LZZ0602,0.33872515888797494
CRE4975,0.5662988577219092
WMM8716,0.3748424822156912
VFC6338,0.3354550004807006
BOH4540,0.6530978682233962
MNK3254,0.3590203710977352
BOO1830,0.23382534889911438
VLE0062,0.5184691575279305
BRO3922,0.3928083925003972
MID4006,0.37172407787021483
PFU5510,0.5997742997193078
AGD0324,0.25906067988283404
JMM5929,0.38619453599005876
NDN1828,0.6167843231876813
ZDG7808,0.2693486538781003
SET0702,0.6443044139601449
DFO6845,0.43114479325082866
JKN9521,0.17368759246364068
SHS5892,0.15840591187759004
CUR6928,0.5267908128421898
OBK5676,0.2536069881772826
WSV6530,0.2458721565037175
CBK6753,0.6703898801821387
RMB8469,0.5205994121423562
ZLH1705,0.6740472973207031
AFN3652,0.38264017972548275
ZFW9194,0.3263358837741039
ZKJ5260,0.27529120669647184
TTT2711,0.5896621515105549
BBT4470,0.6143284070169482
SFN0970,0.2134751970971863
XQN5432,0.6881060564173882
COI7295,0.3678056044066858
KLD5054,0.6101279043858762
LTC1596,0.367252428333216
OSI7867,0.342914334765228
HQQ0270,0.6617175728079735
FAX2339,0.32824621768041684
ZVT8721,0.3017671667555572
YPD7990,0.3034697345610085
OGM1192,0.5040147752339854
ACT7257,0.4490304300079492
UCE1234,0.3152480304781361
SUQ0374,0.2363000392691868
MVG3260,0.10182600085879165
ZNJ9314,0.2743232422246903
OND2913,0.6064935603472366
ILU2951,0.40145830673347654
ILW0381,0.3167681427845857
ZLF5237,0.7375136008394989
UNQ4162,0.5711261044608544
HCC3659,0.5765200986498467
KQR6108,0.7928249854318264
XLN8445,0.42009856922826466
EPR6798,0.20144426316444192
ROA3504,0.6165517098224489
GEC0457,0.23070033761963415
XED9607,0.4556027534251587
KOZ8984,0.538693392837484
ZSL6084,0.5518937629383193
VQF8684,0.290249626406511
RPO2216,0.38983561378806086
UYB8063,0.48340990040770615
EGZ4796,0.555341206247397
SJZ8252,0.5436434903182216
OTA2435,0.6978061955786253
ICK1089,0.6900838044429765
ECO1908,0.24239647663221234
XDZ9260,0.33140265954864934
XLJ0410,0.35095811870371196
LSM9312,0.7137027154263096
MMS9463,0.7421252981787604
XEI6088,0.4156861487312506
BUF7457,0.4126729376975281
QGW9320,0.5799956841908164
LKC2597,0.2254154410066611
WMD0994,0.607979018217277
RRB4455,0.3646000551442645
YYX1233,0.16012502040543852
FTW2672,0.30620003455134104
SBJ7249,0.6905425865260387
ZJT9580,0.27293138821151924
YQA3054,0.4682687607188271
JGJ8412,0.7938257035263038
UJA9657,0.3979627561450338
KSI7132,0.24425445726963574
OGF9018,0.6032703192883695
KHZ9617,0.4016957254720208
RXI4358,0.5848268704555171
QWK0300,0.19919656447684644
BLU9500,0.2915860140668948
MNG0422,0.4726073812506063
KBU8158,0.33643086968716396
LKL3006,0.8100457168817334
GKL4338,0.4889810783313217
JWG6293,0.1343516066173239
QAW2515,0.7593231608648837
RRF4752,0.4055589641363441
XNT6274,0.7592322614536956
GNG0750,0.40920827826476247
BYM4470,0.4270942317406449
PFI2164,0.5352816539349752
YVT0040,0.716295782305167
BIW2656,0.19144915104986995
SJY1333,0.2849661430514557
KYP7177,0.7243136889774799
HWL0927,0.40495027614797907
WZT4945,0.5084145329199964
BEX3325,0.10847920743902477
QYE3536,0.35622894886169004
RSA9435,0.4447760154903257
KMX4023,0.2511369475752156
AYW7072,0.1913601016650688
THU4995,0.7325821580638049
DCW1135,0.6889493252579542
LOG2978,0.4974148913529852
PPP9475,0.35675446893340423
LVJ7546,0.2633123477096599
LOJ1062,0.6911752659587541
VRW3439,0.5268639450396255
OSM8631,0.14044850122788058
DEB6956,0.2712940310638398
TLQ3678,0.5946089375145159
NIJ0124,0.5520605659384359
YVA8893,0.4774302451083278
MWM7162,0.3722105493591169
BTP4984,0.35146305460517774
QLZ5480,0.4523483261822525
MQI0456,0.29225242857311046
JZB8717,0.24235031544324737
SGS3243,0.5266699592394996
ECG1932,0.4299524734162135
IKL0922,0.3907697443924573
ZEA8656,0.6860381252094034
PQJ3332,0.4088824788286996
JPD8924,0.5457629446287943
UII2018,0.6198800760173098
VOY5170,0.3206763043358856
DIX3994,0.40819001707187624
YYN4667,0.37321655219392
RTN3895,0.34515688151563767
HWA2899,0.5225332522640558
PFE9704,0.2679663214850013
VSQ7496,0.3378402370751141
ZFZ3363,0.37110211077328753
RQN0784,0.5978000824322912
SDA6052,0.735160394648825
WZP4660,0.19487123755496974
LFM1956,0.6111661465671473
JGL9272,0.45741270102708464
GYE1401,0.483404897861886
PXB0812,0.7080547837528598
MHM7208,0.4713128116664728
JUL6037,0.7720608492490209
GKJ9414,0.5890559391878079
KMY2541,0.6817121808031821
ARB0479,0.20721569772489173
ZOB7169,0.4902968838499752
ASW5148,0.2981786439236512
ZDA2366,0.36210009466968446
AVD0872,0.4191929376664337
CCS0420,0.2761555504077168
TTE2860,0.5435640069494857
GTY0260,0.4031378652596285
DXE4385,0.6448429472338221
KUQ6497,0.7084725956512682
SFP7730,0.6320477547808497
CMF1328,0.3455372699828479
LMA8748,0.8122121854906991
VGR6653,0.37973474854556033
RGZ9524,0.36083942293911037
FET5502,0.2653584132160029
JEM2463,0.25499288353452354
AUA6044,0.4437910231027167
HPL9647,0.6063501511215448
BPS1507,0.3059825244768333
CYN0995,0.7820211295472351
QHA8114,0.30052761786179294
FQC1777,0.5429970829216505
DBS4086,0.38019979420086714
QVF9227,0.4018039001182121
VIP6915,0.15401311423070627
MUD8340,0.7522497287907765
JQF8966,0.2406457420180073
RQI1364,0.5804951738209466
NUF4509,0.5185010026780693
SWZ3190,0.622065262472068
KXE7933,0.41807267158721245
EYA7729,0.6717439953113239
HYM8302,0.4745580417566651
GCB7154,0.5170231478497851
UUE4847,0.42313304918912653
KVU9663,0.3176811030102839
CUK3424,0.4899425639012102
NUI5688,0.5221617429761625
CTV6017,0.509775798407765
DLV6265,0.5937131926314908
JEW6037,0.3639400933010499
RVI2343,0.6294584229898269
VZD6811,0.41936538720958394
NOY4863,0.5671130208102776
UCD0369,0.5652170306391969
KOQ1845,0.3369081864147248
SXK9864,0.5652786640048206
QWH1123,0.4858672607543448
KET7710,0.5770022017046114
AAA9588,0.7244262011985031
VMI7234,0.6121664607270473
MUP3281,0.4255145890137274
BVN3042,0.3187651879670067
IGH7033,0.5342967968108524
VWJ7094,0.4323346077702614
HHY5559,0.4858023604655149
ZTO9615,0.5184419163870377
TXZ7480,0.7128855041969502
IAV4641,0.783018685026737
YTB5875,0.6067075644040438
ERO8164,0.6351605437002437
EXI5648,0.7867506989613453
ZIX0400,0.4487357952645
ZBA8054,0.49616963265499775
IJQ0067,0.268563496463009
MHQ5990,0.3779855887182476
BCI3337,0.20688656602614655
SEY4573,0.330400652508726
MDI7427,0.44897855512875395
EKB7410,0.5243433328842627
YMD6194,0.647944609845747
OXP3211,0.5635899352304603
EZU4202,0.5490882588685844
QJO6550,0.4556365738811894
DBY2718,0.40311900423767016
JNH8313,0.46356546456133746
UAF9340,0.42594190224489764
EAU6080,0.39225903630079423
MNJ5531,0.5252271162177987
RNX7667,0.32855843824545833
ONU6035,0.4377539613992827
BSC8810,0.4626826456244956
FBQ9869,0.5074330960808799
RIQ7033,0.367896674877349
LGC4819,0.3653712461890323
EMS0266,0.5820342541086373
DXC6825,0.3124692064432704
TNM0466,0.5851935039292785
LNQ8961,0.23348903548075414
RUP3769,0.8263725269472045
TZX3040,0.665007997468985
EVV4409,0.7478182667536011
QRC2600,0.4591898961705003
FDA8093,0.8397716471201047
BAS5021,0.8111556871470842
URQ7179,0.5795451535683686
EGO7411,0.5423500365311708
VZE2929,0.4043983536996985
GPG9657,0.5777841109882796
UXM4472,0.5928431165790499
GYF4105,0.5154479780342281
PKN9430,0.39945098354173225
GVW3536,0.508590783948963
MXB4178,0.39191126851076
JZG3275,0.5507315145188925
YYO2395,0.3659374187802493
ICC2081,0.39317417056853055
DTM0924,0.5474198996360373
NYP4516,0.6692899890173972
UNA9848,0.2770096314800616
BYB5464,0.5956939656138124
DKO1294,0.43825069147092066
PCP7504,0.1878439978812901
IJT3111,0.5715131420686497
AAK9116,0.33984571909905215
XOT1298,0.5424917979993626
QZV9383,0.8361987431374136
IME2259,0.5483101829172098
GNN8970,0.7138145983549038
BQJ3332,0.45307295516228974
OXP1204,0.44195150054640525
VNJ4126,0.42165446556772596
TWG5565,0.6345420340917676
QLR5710,0.7405028312903441
VJD8728,0.5200442469837062
VXX9955,0.41085693526400136
QOX1929,0.14934953578023175
VAL7213,0.708647829889989
PDX5198,0.31844790246039667
LMM2608,0.5187647332856066
DNE1153,0.27113292333988487
AUO0261,0.4608542878298704
ATO7516,0.5867637626696837
ZHX0628,0.6942418324565306
QJF9132,0.6651449338837078
TJY2251,0.66018819123942
GVH1191,0.5284169073595422
VNG9948,0.11739920566664251
OJN3679,0.2629077663859788
CLS3261,0.4750101757301167
LED9519,0.5137297334403567
WEQ8487,0.19534841399855796
DEK0926,0.33972227800839433
XUO6581,0.6101081645189945
NXY6607,0.8686882679059426
TBC5887,0.6180481419014063
YEN9422,0.5841752142612796
IJQ1845,0.28976333389057846
PZC6928,0.5277726430620261
VUG5620,0.6618062488839935
BFK1815,0.5148894908752314
TDA1980,0.46413278621821297
TOW5003,0.28409703630947514
OMN9815,0.2513178820530419
GRE0617,0.5033663314780756
JII4592,0.5794597693337705
AOO6661,0.15619805850485538
CBO0620,0.5086326466714516
SWB7719,0.18929409356749186
BIT4693,0.2727186792807012
MIG5603,0.7858492756226337
HBV4213,0.4063867984567456
OET5314,0.5997993200391868
COB3315,0.35299624802983043
RSY3697,0.5134616048577514
MSE5681,0.5886506785071506
MMH4276,0.34472278419414276
PFW6501,0.4890255859234894
ZSR0004,0.2035282884689616
GKH9197,0.49855447200301634
TRV0849,0.49391426108152414
SIW4146,0.5321548534714452
KRJ0667,0.22703231106801638
DJP8752,0.42151779234031617
BJT9550,0.6295363607079975
VZN6590,0.4433265330062573
JWZ1931,0.5437503238992037
QIH6605,0.20244152005035415
YZF6523,0.6799355140565911
QKG9178,0.16059111036402857
QIW2111,0.1938426360072424
SQM9169,0.5327397472465893
OVA8898,0.6014217989407865
YVS2362,0.2572804766732029
FVO7749,0.5370497493380433
NNU4088,0.18750681117187956
APE0586,0.2225310224137598
VSX7592,0.4229412718213887
VPF6231,0.5006448500898452
HSR9557,0.14045810451235546
ZAJ8603,0.19017162844642282
TMK2376,0.3417334412592273
GLJ6382,0.6074905421663256
ZLQ2374,0.24959778931420237
JLD2056,0.20720315649975438
MRY2653,0.39853903031558374
IKL9848,0.36872607644395233
NUU8477,0.44956692888568134
FKL4317,0.5655571597436944
PPW6729,0.5602396535032405
SQO3135,0.2249073256188354
TPG3348,0.20908449999080578
PRV3805,0.523148816272824
FOP2376,0.3405016028241174
KWR4841,0.5044112845414114
BMJ2460,0.5345716980773065
JAO1630,0.783311605923282
NZP0982,0.4112407486496966
IZP9673,0.3338188324684056
AXH4205,0.601151581767972
EKY2953,0.2749513967470843
ARZ7146,0.5064625755966465
AZW8658,0.39447749685305455
DVA7837,0.5470799680528848
FKH3342,0.48579468931305364
GTJ2409,0.5567616554948825
YKG5133,0.35870828778213604
HCF8656,0.20011312500629527
CJM6032,0.42231503327919073
PWL3400,0.39784264803560176
FRN6924,0.6365280301015698
JUY6087,0.5522068669021282
SES3445,0.5487587060874968
WGI1556,0.1959632853228462
JCY3296,0.6404335272022791
ZYP6649,0.2749109910588338
AED3703,0.5833834489529522
MTZ7722,0.6619567157016034
BJG7415,0.26716347033579535
QUQ6472,0.6223028560808546
ZPH0403,0.4596110666526303
TNT9669,0.41035373072173975
UPQ7495,0.8124040004566494
UQN4012,0.27638237721764686
TTO9584,0.5217370478571578
KQR3390,0.5015217616699795
GWH4376,0.26402393044898814
WBC6848,0.5783653166874146
ROT5760,0.4166335373450039
ZIR1901,0.6381361212512003
ZMP0907,0.5854717905659751
EJH4064,0.7341148626977205
IAA4193,0.49460160695578553
JAV8082,0.6935860645553342
BZJ2124,0.49078277150857985
BHS3652,0.43968534230125206
QGN7269,0.2972697316169137
BQB0802,0.4311015497008654
LAN9368,0.2612730332003864
BLR4102,0.4782768283275171
EJL9181,0.36218450327768187
CGJ1367,0.3284661635219289
YGM7289,0.6846529569635715
ANE4633,0.7108403541598493
RVJ5763,0.34489491976228265
EWD0068,0.4435336412954854
KIU4194,0.6282367108201018
QUK9800,0.1346009204809447
ZXV4730,0.24638017433762263
LVO3150,0.6766444985751632
AHH5972,0.4291197924356337
XCC1590,0.6211401813785588
GFT3151,0.5260602054961494
ODI5254,0.5112695954674352
OHC5461,0.16358276018239862
AAV2795,0.28197501316758233
LOZ9316,0.3908183467191654
KWR9727,0.259815864335267
TPP8062,0.14224680279628638
AVM2870,0.6489351730233958
ODF8635,0.7494089915840654
CFI3776,0.4000093451454308
YFE4650,0.5673608833693622
BCO5854,0.7461905083660134
MMN5992,0.6218785814422864
BTQ6212,0.31827073611965717
VXN7611,0.7596748853659693
HXL0687,0.7007339342258191
HCE8316,0.42945248928795615
WZS2541,0.2910754096714507
VPU3401,0.5328397471715433
VEB8716,0.649408240048638
CJV7406,0.5429468166300482
RJP1923,0.21902556612986976
KBN5171,0.4029195681639119
QPB1565,0.2438098356171599
SHW6134,0.38280078035580234
PVV2656,0.2900988814300029
GBK2327,0.71409380514285
GSH2269,0.4241535363034502
HQH5342,0.5299675611229028
IOH7276,0.37545088782345853
EEF7466,0.29548071574619367
VGV8594,0.4349340105068161
QSY8941,0.6336780606468395
NYC2081,0.4222179859459901
EGT6687,0.6309640363061623
OEG2338,0.7988992438282972
VMK6024,0.20741626782211336
AHX1094,0.5085511203948532
SMN2302,0.73132303336172
WBO6639,0.33331509769925144
DWE4874,0.44194583648238306
YGG2124,0.276541240920407
DLT6927,0.5965739827781033
OMQ5213,0.4497659020469897
HYN3175,0.44639904924866636
MXM1386,0.4310463001325269
YOE8273,0.41364181444567916
SXH2889,0.5339617420537802
CXY0805,0.7252119572223859
VQM5812,0.44862316680175135
DDA7524,0.5586594257546464
WOD5143,0.6474914425954611
OZJ5660,0.5228237368787
ISX8503,0.6992170736664095
JQX8638,0.46428625634660264
YDL1970,0.7004493847285502
WFU9294,0.22836205232794554
TPM6484,0.6995570315277002
AYC1772,0.38697720380322514
KBW5416,0.187703612474074
KAG1205,0.3246670911129597
ZVJ7299,0.17823998354517995
JLE0161,0.3086436364894535
LEA1423,0.7249387604292868
YBA3882,0.45810065234463426
UHM9085,0.5846195345181339
MIL1434,0.8044064606661666
XPQ5985,0.506024731911438
UPN6139,0.2533076828460829
WJA4580,0.4592018610195267
IMT6969,0.33430872167613207
LIO2897,0.47961456787723783
CXN6801,0.3941614629452889
BLU1556,0.7763713503914331
AWG3946,0.4954111464562586
DLQ9556,0.3988709109956546
XEU7488,0.5787435354706687
FQU7276,0.5137291308792488
NCY7459,0.37134396485110116
BCV7892,0.768795213141211
FLH4618,0.4451114230915138
ZVV3028,0.19887100266595178
QZN1601,0.6843624940250107
XJZ1637,0.6890792354015363
SYB5040,0.5590295330007028
MAT7613,0.33665583888813344
NGH6801,0.49508874871922914
ZOL0059,0.5325486948279082
EXA7114,0.5413576886544624
CXM0142,0.2946538268888218
PJS4371,0.5753049741503382
JXR1657,0.8040924329676418
BEK1391,0.5923934859615159
WXU9583,0.20673037134805422
RNZ7098,0.6796210980823947
PMS0890,0.5972727518726907
AQL5980,0.7568614841858239
ERS2016,0.387321502745594
ZOH1839,0.1692225627612964
FVX0195,0.42624303748197345
BPH3648,0.5020477903901969
ZVF6316,0.3211630941285776
BSK9724,0.7289232856217611
IBD2355,0.25249838326601265
CFW3424,0.46950854263696945
HXP4535,0.3760117253931669
CAT0625,0.5655360243135751
MTT2731,0.37344478774275525
IFO0991,0.3501556528386954
GVG1586,0.5071452121824999
CFC9673,0.19550643385842373
TEU2111,0.6827524672711908
QPS7127,0.3028225573119929
YBV5242,0.6625228938037776
KOR4670,0.5208079374701171
QTM8492,0.7274358362002216
MYK8510,0.28006342699683046
NAG2773,0.539868174284484
PEC6263,0.5121718800662606
PGD1204,0.30435066951839984
LGI3912,0.7371890380337784
GCF7357,0.4947739330445867
OQQ3585,0.5161274219208764
ARM0626,0.42562201622286117
IAI1021,0.6501681141879649
MFE2142,0.4830298241340172
KPI3589,0.328989728895491
YKS7999,0.41754745782321356
VGQ7720,0.8361193750340662
PWY5428,0.407110610938303
VAS9650,0.3995198731290141
VTV0991,0.571140334815067
HQA7458,0.21487929183045046
LSI5734,0.5839996312023342
OKO3668,0.4709592037754261
GZL1877,0.5677196314252472
KWN6422,0.34810772287924324
GUA2567,0.3064515022571676
RPQ6675,0.5273566832870099
YWS6693,0.4579282351505745
MKE5428,0.29510540553079306
LDN0458,0.40913958803011763
GGQ9031,0.3576974756738898
EFY2280,0.18602733781614478
GHV1064,0.32100701827797584
SIT8510,0.5869405481973763
LZK5720,0.3161253711623631
EYY4984,0.2481537519233921
RTR9720,0.13982932238653537
VWC8361,0.37266139476111676
IJA4476,0.5975183433056374
DUM8709,0.4113470998245261
FFC0445,0.5041352367270002
JXW3652,0.39617300941069794
YMO3299,0.46760864271531316
NNG1473,0.4168593902807057
ZLQ9497,0.3711690822701429
CEG0886,0.24857335815802387
HDH7352,0.5238513372313027
PFY5839,0.7160602549390037
MEK8334,0.6837988114857048
NMS8978,0.5183184870049787
IAK3961,0.3305404225255099
ZKC1865,0.6522812990830028
IZE0994,0.5555621203706573
IEF1735,0.6387207826619195
KRJ9966,0.19603043407392864
UTW1027,0.5817753666857798
SZS6272,0.7509655952062265
EWF4567,0.6376207218263383
RPO1618,0.7276170504415456
WPH0720,0.2528530299075325
RNX3075,0.6409650449813233
AEQ9742,0.635219137415984
AXU6734,0.5439384250216153
YMV2014,0.3487036039833686
DAI6955,0.3082543772466649
ZOG7564,0.30355324536258005
SEZ3317,0.4243512354019203
MUM2400,0.22836850607733797
OXQ4007,0.34673748861820214
YFW6128,0.6480617571014804
JYG5473,0.3591076324230743
LUO0745,0.45794679454216064
ZQF4174,0.34672299901809406
IQD9173,0.403791189423119
GOI4498,0.5022170104703452
IEA3699,0.23340579327861014
DGM0987,0.4673331383945252
NEI7370,0.2865515814152076
ERV1656,0.30804762875631037
TKS3561,0.2948154582136496
WLW9309,0.5780959321587046
CGJ2857,0.6835573201626112
TSV9145,0.2511370156256339
UUQ1311,0.6036775837378136
UCK8281,0.668481045718905
XPR4649,0.26662468202863876
UZC8409,0.2338386228307814
YQC1970,0.4065649359161356
DFP4363,0.19748389078402379
QZS7440,0.14004500537618972
TOP7250,0.562960936305397
GTO4021,0.46544499131205525
MAY7087,0.31420949207259447
JQE4302,0.5853079316800444
CFU3071,0.407638136259832
OLL6961,0.4004616326296809
PPP6269,0.5793597982665707
VEX9118,0.4253768212261006
NYL5099,0.6049817577864178
YGL9131,0.290818354144989
DGS3906,0.3821944739731329
ZLO3535,0.263406325732234
FZC9071,0.43301563130505494
WMI3939,0.35057725897632314
JPO9622,0.5708211323038007
VJO1435,0.4209640901705118
MEE0643,0.5814909310467142
FEB8548,0.6324149385164749
ZHF8378,0.40688767503790446
QLA4090,0.47286283818544667
RCB2810,0.48655795772909116
ALJ3904,0.162882493756385
PNR8169,0.6069521849997306
PYZ1926,0.40019947935797734
UJK4426,0.35568040810442636
TSH1599,0.6268570207265008
PWK7163,0.45372043787191935
WLA4833,0.6704880865290861
LDO6548,0.25176199887305956
FQC2356,0.4400110358283275
TCV7063,0.6178120356356878
RVQ7144,0.4870642271092403
CKZ0327,0.505397776433889
PBL2066,0.45349632779133364
FWD5802,0.4413522882347834
GZL8043,0.3842765894514323
BUR8794,0.4015650934865994
LSD9958,0.5055092902678062
CKP1348,0.6696772030969882
LEO6471,0.6722889493146987
DDE9666,0.25198245414496073
GLF3965,0.4262807316480287
DYX7823,0.5249265468658832
KJT7189,0.42648181735203766
BEE4902,0.3510745546030596
AUL8562,0.30503124696212724
LOU8589,0.41336843908551996
XGX4399,0.6032100327403791
EMH7843,0.25458850782992276
XVW1746,0.7035732810334797
FRA6871,0.6694794020195011
BTZ4615,0.5877765066115798
JVK0399,0.49357682925951085
FBY7439,0.23490791122610455
OIK1811,0.4129715832195547
TKN3551,0.3952561102967444
MTB6145,0.2973028702713813
TEY1076,0.48285112978932426
RPC8419,0.471214699764416
CIT5139,0.1869925674198845
MLI3430,0.17854440565381974
RUM2934,0.40232970929008244
GKW1381,0.7017920895883484
GLY4319,0.6401837537016035
JXJ8620,0.6862634827337467
BBG8561,0.6891020661131994
NYD6470,0.6276668965043208
UKF9707,0.1416924029071299
BJO0932,0.7270887312684533
HQB9105,0.8105166242015039
FGN2844,0.39314960136371635
AXN0878,0.17020038776869337
ZEL1467,0.34525436581723973
HAK5952,0.24683760791320816
UJV9692,0.5728661512384489
VAN2435,0.6317062726805547
XMK2800,0.5209982045803022
BRM4559,0.24806817691082372
VMA1079,0.6471270424611015
WVE4547,0.5310483287777322
ZXW0932,0.5212366865162462
BNI5636,0.5048037831132213
JSQ5352,0.6536671614510716
JIK0732,0.5170033335613651
WCA3320,0.7656500638532763
DGH8126,0.43235544163843687
CHF7735,0.2995370919178532
RVR4678,0.3183972691372244
YCN0564,0.4262902327501271
GTV8271,0.596626101058029
VWS5640,0.7268136501192473
BVJ8966,0.3237694054861865
COP8976,0.18202856405295645
BOE9059,0.5355783899434411
SBJ6590,0.500626568970861
UYT4403,0.24642813095737398
KZV1116,0.707383579429987
BRG4032,0.492551207901386
WYC4073,0.32600736143738696
IOJ2896,0.3489544502929479
LGG8684,0.48735923127633407
NTQ2843,0.444314974769263
ZMJ8643,0.38847107563711364
HCT2467,0.25200117946909106
DIA7855,0.6123619896534197
AYZ3084,0.5242485214195246
RQO3935,0.4768794362139464
KFL0846,0.5264403128795707
JQO2913,0.42707740551306106
DMD1697,0.552549080258678
GED3979,0.20163170476532696
JBS7118,0.5170034403091844
QQP9322,0.2839617356936106
QXS1157,0.39839168473083014
GNB0143,0.46947138176770625
UNZ5294,0.3809151902541675
IQC3186,0.3975768380072368
YWD1004,0.3401638031702636
GDI9314,0.41150692448499443
XEM8565,0.5879835813293673
BHJ2958,0.7028795650349304
JSS6390,0.7615638881436189
EFU6084,0.4861753832744424
ERJ1605,0.5786345035886968
MSK2594,0.6517757182552953
WKZ3834,0.47580741954035394
LYR8244,0.6418569939722373
AIA4353,0.24274973052029952
IJU4513,0.545502453118216
NET1084,0.8654485583812409
FOY8002,0.6876641941165812
IVT7362,0.21471636873131605
MXX0393,0.18054382651122122
MMW2468,0.2181459449185226
EYE8405,0.5387028517187273
CFJ7271,0.5556168872232499
GXG3374,0.558973696094084
JZR1336,0.4351651808869921
OYB2502,0.4131364894322293
GQP9769,0.5032819998189194
BTM3832,0.47016701473594286
BFE5307,0.37912398749309106
DPV3741,0.616755539534763
PQF4011,0.8582460051748537
SWH8660,0.3566543130447644
RUJ4124,0.6312936871902988
JIY3874,0.8463263067349442
YTW0738,0.4574527319259593
DAF5576,0.5062104847693825
RME9904,0.3250266277772091
WQD3637,0.4795445345887736
XRC5135,0.39359911419733284
BWV9133,0.6919997194949102
YIE0212,0.3642294539739572
FVP1386,0.3434883220115218
JEV4772,0.5209954901039747
IEQ2327,0.48448495669697084
JGS3639,0.748141086126535
SLE5494,0.25949687623737444
FXQ4001,0.3764035246556795
BIV7112,0.6338991088964343
MJZ2835,0.3744648172822322
UWI4086,0.5858327344304577
GGL1207,0.38184985577792124
BTO9222,0.4607374777396121
UMS5559,0.3654287707855846
KXR8978,0.544322156916406
AXU6879,0.456350504341553
HWM4825,0.4676292000274966
KKR0210,0.47721757940357595
KXI1947,0.44494820095024706
ZJA9996,0.30978745765351395
MIH9177,0.21632293805439856
DTV9213,0.37878758732622614
BNY3169,0.23968311946679383
KLP0815,0.522921550227885
SDD4646,0.25686210276799093
RIR0329,0.8773021602695363
CBI0742,0.5741223327850744
FJW6585,0.3321095237036019
IGJ0815,0.7317129223635496
HXV3170,0.6954006698479355
CCH9613,0.3044902920029714
SBD3987,0.18850464659766608
RGI4775,0.8763174019597095
BRW3605,0.4888101623172677
ETH1834,0.5726419205365361
QOH0105,0.24401496537758802
NXU2122,0.4396663345328804
SPE1936,0.2389776591256876
ILP5244,0.3276825354794356
DKB4195,0.5244090685594622
GGX6644,0.3729975099832618
HDL4118,0.8767395516104538
MUM2925,0.5070730491840371
BXC0675,0.7820863135887641
VBG2014,0.2921951697783695
VLU9792,0.33544974244850995
RMG6391,0.5519550490315972
GAY4087,0.43866770343673184
UJQ3777,0.38792303036941084
BII2514,0.38038895559554387
KSH2923,0.20413863760510423
QCF8781,0.4991603155635724
ZBW0966,0.4970868245095782
LAL9849,0.7460474130196106
TTF0318,0.4826908801244286
AXH4028,0.36778675789081655
DDA2131,0.6385980596631269
ZHV5176,0.348922495923121
JUK7771,0.6886987150138434
RMU2942,0.4810519692825483
JAY0661,0.2704901275718942
CNL5981,0.38792289483174286
RQX7816,0.2174227518446354
KUK3137,0.48897693035202533
EWA4218,0.6959172447262044
VEG7294,0.3290856798506071
ENA9649,0.16754777444731236
PND1769,0.5262372736716463
AIL9603,0.49315336405486254
PBD8901,0.3002071477545542
LRW0566,0.1661055697879131
DSG9297,0.5057703193832949
ORK8776,0.33470257263510655
RAM1246,0.4026483834631614
KQA0613,0.35624010208469975
PPV5408,0.5358957735403315
GYE9182,0.49146429277228904
ZEY1691,0.3178017048595959
TNS2062,0.3145468713971577
CXA2052,0.5269629070249824
IUM9938,0.3947867750803466
KPE8453,0.5660637981537624
PPK6428,0.6120906554717552
ZEZ2501,0.40864400473905577
CTP6917,0.5461125186002687
AXP8120,0.44661302373281686
DUU4571,0.4469794066835547
ZQI1951,0.2386184869071565
JEQ3602,0.5155726442561546
PYC9616,0.3816451321131797
MRM9344,0.5310499195833506
AZY8792,0.5494342668299258
DBM3331,0.3754314749617647
MQR3184,0.6934837218159258
KMG7587,0.13250757006572467
GGZ5023,0.2511022303647975
PNE9100,0.3970918241272488
KOV1191,0.8493746658816816
QDD7290,0.83819677734862
YSB2123,0.47345994116525175
WJW3660,0.4847658101154558
YIS9227,0.11598837027046807
MXD8938,0.6699711537801166
VTK6219,0.3806018457417904
YEB3982,0.3870708031061039
SRY6422,0.8288956703713073
KWS9373,0.651501863073023
HOV2809,0.4127224700694611
RPS2710,0.43196464243178584
AGZ7677,0.26242020645924224
NSI9711,0.46157071464905836
AYA7112,0.457475705277563
JFE0601,0.40739817355983127
UQY5571,0.6189969127203543
RYD8898,0.3184040490251373
ROY0244,0.3900553866916966
TNQ5151,0.4711266898019336
BOV0135,0.36383017241015786
BEN5821,0.46205791529128554
JAU8428,0.37564789124352543
MTS3008,0.4747342525747043
RQF7412,0.5509026482044462
GWM5403,0.20321519254062068
TOR4862,0.8548131242026501
VXS2017,0.33052253149979754
PNG6506,0.5388996661261236
KTY1630,0.2728068661916751
NEZ0088,0.35029068747115766
AKO4410,0.4063726231487145
LGJ6361,0.7422180809092612
AXY5928,0.3655639420669129
UZJ1364,0.7734666402172696
BHK9223,0.20143099211782128
ZRY6611,0.6775715960822662
SYT9117,0.3044300121190387
RHA1752,0.5128948079115608
QHG7774,0.2260631130351046
FZP1221,0.6389932852808623
CXT8185,0.4949642961069454
IYS4616,0.6513160285325579
WBG7223,0.5723259725926692
POJ1795,0.15416043741526472
BOX0998,0.6025864552158456
PCE0012,0.33200363855459863
LCF0616,0.4834269983351121
QER2016,0.4484874043365999
RGD8830,0.7055294567259214
EEI1108,0.2890535380018404
QVC3142,0.5375433171026118
UBY1157,0.5655015220785095
JJR8103,0.36762735744323366
GID0753,0.4854082381581005
ALQ2306,0.36202897916677307
PAZ5488,0.6223030426908627
GQD8795,0.27918428243442595
ZKF0734,0.431671601651645
CJH0968,0.4453162555010196
ILL5777,0.6173250293890495
OCQ6817,0.6326023259158994
ZEU2990,0.5875327230314754
ARU1460,0.49448785888653235
EEB7566,0.5083268914021118
WDY3934,0.6392655153511185
IRD9332,0.40631854474641005
GUW6567,0.2856850348876599
HIF0807,0.6185822487563792
ZCG0051,0.6681241512011825
ZOK4964,0.4117747943083396
KRJ9215,0.15046582077727236
AJO7833,0.44629196698351264
YGZ2186,0.34089228583207165
HAS4692,0.5373784856454012
BCF1980,0.5647649882414177
CCF7489,0.29661361656042967
VYW8259,0.6541245083558999
VLO5119,0.6625800981945776
RKC1431,0.30974621212811115
IZG3588,0.5206832995527597
IKZ5035,0.3238819107782253
VYV2122,0.47957800267166434
FXR8591,0.5770785410566299
PQW0600,0.4666515290173151
LLB7273,0.4431489580467966
RXV9670,0.4306950892138589
CHF3116,0.5448639099879448
QEQ0559,0.4625347696123746
NEJ4604,0.2981680534315612
OAX8431,0.24178654760616425
NFL1683,0.5096203426205126
WXL7207,0.687593654701924
KWN3865,0.5354418341284723
SEA0000,0.3639747351740688
CDV9089,0.5615164222284886
PTE9060,0.4368806740125521
EZI8293,0.5355412399022044
ZII8284,0.6587679544646532
YQL4011,0.45052467629784315
NWC3918,0.5207399617601886
PGF9316,0.34846374019589943
JMZ2846,0.45626712597980607
XXM8641,0.4415189472337569
MCO0130,0.5150499324576369
YHC4720,0.7406773678978295
JLQ7235,0.7999042953216612
DAF2263,0.35510361788814626
RRP3610,0.7036879980289423
SWA4008,0.1909808531588871
NBM3100,0.6643695896241316
NOZ8348,0.836517267426616
TPY9415,0.41930367553357156
JVH4734,0.7859779938881933
KKD8998,0.796950198782578
MZU8145,0.40258086770044654
ODJ2354,0.6976281539512685
FPK9517,0.5921941584418496
WWT9655,0.3344343622086003
GNF3420,0.5201562684021489
HLY9063,0.6285085907360545
OMP3870,0.3419019699250441
FVB6527,0.19125026955965502
DVO5558,0.7942463876144024
DWI5691,0.36099606801866235
TDT6145,0.33089168529337865
NTN6827,0.6435445255527952
RVA5934,0.46202060535524064
GFR8885,0.30640054951117773
ZCU5825,0.34494016860396476
XQV5298,0.32810657082328853
QIZ4338,0.412578688654624
GIN1432,0.7475020013332788
RLP1548,0.28949041627817695
BLK7848,0.4604348815421619
WSC0490,0.5914153502052357
ABF3437,0.27056994858018324
HTT8114,0.3714266758737386
CXN2987,0.7668775589418486
KVY1451,0.5991026528935237
ENJ2042,0.23189471453755775
LTD5596,0.6412083956746358
UAF6215,0.5714104820405365
KZS7358,0.6233046696458489
HYO5945,0.49961904516784067
JGQ5158,0.5422434526249788
PIN8218,0.7812513110259612
WCP7093,0.1859936914927278
ETJ7006,0.4175077299628254
KBX3042,0.36101372572810575
XML0008,0.5320742828028037
ZWH4164,0.7333919550125144
VKX0637,0.6815311534594579
EID2749,0.6927971845135106
OEG3398,0.5227437066431385
FSC8722,0.5197337026148474
CKX1541,0.2102433029394062
SMY9467,0.7415779223887393
MTP3016,0.5691675931847048
ZPQ2501,0.4318776672009458
SIV6541,0.5212736508120579
QBA7624,0.45088636818528577
OZL5460,0.18975336973546766
CYJ3102,0.4100579449400535
GWZ1787,0.5092721216987238
FTN0555,0.7847811392115351
HDZ7180,0.6913158978245206
YFY7146,0.6236898900509956
ZKV3967,0.3986537494076688
GHT0372,0.32620883336608675
RYF2512,0.39640513047299164
NVM6318,0.5076915405723675
IZS5973,0.21314590617227003
TJN9956,0.8456991107696845
QLV9442,0.5532743628453876
ADP7351,0.2671581013995086
ZZM2561,0.3611560763746506
HTH4326,0.6954968155097792
NNG9589,0.7056906264769534
WCC8086,0.3326769427502308
FES1274,0.6032959105726043
GFJ9304,0.45672717803919943
JKX6384,0.4241434341152428
QCS8665,0.7076797037571619
EZB6534,0.6034261755335165
NBF3809,0.39985089283061903
TYM7948,0.265404851642198
JPW9435,0.5856661480770082
YYG4777,0.24133505721850512
FME9725,0.3399299441806634
UNW9229,0.28017755945421247
OGO9969,0.38859593082070903
SOC4844,0.3901982256639349
NWJ5906,0.4738612248252864
STF1253,0.5368708499704105
TTB0785,0.2343725253456638
UQE1066,0.6430064546222957
WUP4056,0.5733482990253659
XVG5906,0.3606539721778425
VDF4156,0.14011616020448722
YUW9552,0.5407269869014978
KME7972,0.4404649764383263
XHY4917,0.36209276838994436
NJV5170,0.3099645326758299
FSX4444,0.666404142148939
YFF5235,0.3627932767839961
RZX5593,0.2385324441489018
QFS2917,0.5998138314161461
BKL5342,0.8666016157898415
VBS2012,0.38630934653130805
YUY2212,0.2859186286805714
SZR5572,0.2289639252621603
TXH2388,0.23488121409970536
TNN3693,0.478035412091526
UZT3585,0.8046087508614789
HQK3080,0.2563253216025728
LLI6154,0.5765887989769952
ZOF1765,0.6071755921373783
RLV8929,0.4050680604197364
XHK0610,0.495095524419331
OMO4138,0.7298694226734519
DBO3941,0.553621235477595
NOL1049,0.5627545688420754
VPE9687,0.7869537198087142
PUT1722,0.8292276783731308
LXR4166,0.42966457942551506
MRS2780,0.39401422509491
BGO6644,0.5066754208302653
SLZ1775,0.5222353493000501
QVU4211,0.42019081421175414
ZIF3745,0.4477178650812298
QVV9581,0.14674216899402773
KMW6719,0.4653438387658634
BTY6651,0.38767798972349493
SQJ2079,0.6424596694168668
IJM3039,0.6047390277487533
QHL6081,0.5622351455934627
XYY3704,0.6594708631256324
RSD8940,0.3103907127669611
MWQ9427,0.5256113750191138
KDS2281,0.4416491305410677
ZGF8036,0.730332272949432
EIF1456,0.49933292594086687
GZB1521,0.1632094826983271
POI6224,0.7830562553135271
OEY3483,0.6769663498480177
QNW0395,0.6777732296549768
FXF9036,0.5460023616430976
ADE6109,0.8071152159652693
JCK1521,0.5021552714535807
PHH7643,0.3179843939287063
OTG5928,0.38944798335383835
XOP7071,0.6005430344887245
WMK3106,0.3503238193517618
EKA5575,0.5724244245682059
FVO3531,0.23630190252988098
DLN0234,0.744393929296207
UIY4652,0.5054847163239382
YRY8615,0.4604416712396037
ZDG1261,0.145305243988255
AWD2190,0.4545611590632087
KHV6984,0.2521827624429372
RAD4091,0.6043307261491156
IGT1178,0.8500175918432454
FMF0970,0.4846029295320165
MDD3279,0.43793372255501506
FIL0048,0.4481664456012155
DNX7324,0.6000642444820631
LLN2770,0.7103225470536499
QEE6829,0.5097571756947654
AJL8427,0.17258592899557063
GHH5153,0.4651018761779561
OSM7311,0.24448915730424278
BBF2867,0.28181734331621794
WJA5248,0.1991933862804147
JFV9029,0.38952500655114425
ONY3338,0.3992510400364123
RYV7167,0.6049251625770721
XYK5207,0.28059665188024285
VQL2467,0.494169105978641
QTV3905,0.4800374452591783
ZXC9568,0.5324363027608507
XVZ4297,0.3137192228576095
TLF4772,0.22270243955182842
VXS3827,0.4680108123802887
VKZ6866,0.33349507419031904
IHT0941,0.4165359127434594
GSQ7558,0.3212159912518981
USE8246,0.36098492701853424
OUK4608,0.3278860138328916
YYY2709,0.14881748854257346
YIV4482,0.8021845299198594
KUF8780,0.6532622994138465
JIG2780,0.43168449963507854
KFC7566,0.7613897265845926
IVC8672,0.7745233997067412
URG7195,0.3297277223226462
LEY1887,0.4598934443438404
MTO8300,0.29990367340233476
NOY3485,0.32183433994300825
DWK1635,0.640182838860614
VWI8259,0.4588457733935471
TVC6021,0.5267725554759617
RZS4121,0.616251146924542
MDP9088,0.4636114972188259
IDD8680,0.5508211517456114
CJJ0067,0.34862337641772284
HXQ3855,0.7453072196796017
ARR3600,0.32455498052770837
HDG9113,0.8540459125808662
EXP2649,0.28164430127534434
COM1513,0.4311275893787862
BSI6025,0.5148209494475292
QTF2549,0.37371846221944993
DEA4939,0.28318240105454173
MEY5478,0.4992653722788963
WFN3819,0.6858561847331889
DLE7102,0.32758965668146145
SVZ7837,0.40135047543762614
JPG9474,0.6116351855171767
PST1973,0.3585796881543949
VLA2925,0.5332983181535389
GFQ6921,0.7355900586294861
SVQ3659,0.5390542371295354
HFJ5560,0.3499861914542631
TJO9482,0.3408922566637684
KEF1283,0.2543354452228316
XPE5334,0.3726087388449021
XDD4731,0.6958209938336418
DTC7666,0.40541592450773095
MAV8739,0.4340072084012542
GCG0006,0.26055867054119314
EDJ2014,0.5876965403727661
EPX8664,0.2666781502226311
POW6716,0.6297659420687766
KAZ2977,0.677655303667887
XCX8052,0.36164347763066157
ZNV2307,0.5098008649855155
TCG4082,0.15374581793565806
NLD4865,0.33932829081636956
DRT1162,0.2560108446698902
NYV8017,0.5937290290870293
YVO0721,0.8665450666865129
MMN3031,0.3988731147105309
KFS4774,0.34589340289050485
CCW9949,0.23800517918669326
QZZ4039,0.138088902423944
NKY0219,0.246873407879594
JHT0528,0.08866852669392296
KVQ0049,0.485033169361076
OHY5260,0.395214433360692
MOV3618,0.5829537700710782
MUN1785,0.5139537199349609
IES0974,0.5960053289416412
FJL0266,0.6027930149263735
OQD2211,0.8336704011163685
OMC7899,0.31602472642012724
EHN2289,0.4035502338573586
YBO3438,0.5328464007852425
XGC6121,0.5623866654521129
KLZ8117,0.5886501287366042
QZV3301,0.43587230800639587
KAB4183,0.5031774502338954
MJU7092,0.5768405342220059
SIG4960,0.3398581194927273
QLK5702,0.39264123210183594
WPI6483,0.5384682774873425
ZUH8446,0.4919144168568587
PPJ5717,0.4944815496977689
MAL4596,0.2798882732167193
OWN8577,0.23481510866868213
OSN2565,0.23251575736112604
FGV2111,0.1563309109950471
XYO9485,0.7751523954121387
CEJ0840,0.4743138604916445
BMZ8322,0.3891889146859838
BGS4330,0.7234520715412573
JEI1597,0.634622907104496
ZXQ3606,0.4963464169353968
QZD2155,0.6052294331192873
ZBT7709,0.30804781422300936
QYV6318,0.6126092118820722
XDO7573,0.41779854774318564
HPM7246,0.4398006166448796
CYG6666,0.3352050138484133
AVE8214,0.4959117666032626
AFZ8966,0.4110100268400518
FOD9580,0.4510789124978415
AXA4301,0.37404259105507204
EKA3091,0.5563550380686423
XCJ5568,0.2585493205200181
WND2059,0.5532280419973375
SWK2288,0.18248476519497464
IWZ2880,0.37090279691439315
PIT5158,0.5942718534714218
MKF9945,0.48140618540714125
ZCG1930,0.494465363760103
JZL2900,0.6505172093811656
GSG6048,0.44233954250869933
NVU5467,0.5415404064746018
HKW8901,0.4736538713172949
UHC9744,0.6361390030349725
RLU9682,0.5739684398690307
OIA1294,0.4428224839708354
SZE3233,0.6226698864692565
IRU4838,0.2039605304814478
JES1785,0.4007416056847906
UCY6561,0.3887417037453237
OTB5118,0.41333929860440904
JCN9706,0.7260405235445387
IOH5588,0.5680541555403342
QOW4543,0.2561163753903544
UHK7473,0.6714389371387635
BDH3448,0.49211376642687993
PXM1687,0.32672050826768706
FPU4247,0.3860425574364646
AOX3969,0.5756654934789147
MGM4489,0.6421359049473473
NSJ5694,0.4950378441191313
KHY5361,0.325547550439874
IDE2014,0.6748422190639024
CLG4527,0.17681580637941488
PAE0187,0.452714439327861
TZX0712,0.49496756968275557
MSI7288,0.4973581412069346
OPH1133,0.8299806875988184
GIW1153,0.7020473667314622
PNL8766,0.23622222375591367
RJE9943,0.3332051807567159
TZF9992,0.6538224731668395
OAI9854,0.2141858882807363
BMY3167,0.7268211831831378
HUA2243,0.17912743590886046
WPV5328,0.2915843251459644
CKV5562,0.7102399713668507
XTM2180,0.6608220345453122
JCE2465,0.4867820600846752
ZPG5413,0.4491411641321819
DZU7019,0.20006524542852414
VXG1725,0.4859547945142781
OPM6059,0.7559894489964948
JSB1729,0.8229220787670855
KUT3144,0.3208042415193312
AMH3165,0.1728075603512151
NFK7084,0.36979488739342015
YJN6123,0.41314116739734813
ZYV6499,0.27082211764793357
DYE9365,0.6381773838767156
CYH0071,0.6560450683368199
PLD7359,0.8634847261702822
OQB2795,0.6060556996201518
YJG4869,0.42101725159683995
VYH0021,0.42445754841448863
KIS6502,0.12384395452487558
UUY3020,0.5641911244391428
PHQ0092,0.4091585912559869
BVY0985,0.72172956026629
YRD6672,0.471757979792699
CVW3569,0.5131308355861773
RMR0822,0.3366286975316401
NEM7093,0.5345838280546944
AJG7697,0.2564320897654835
KDH9406,0.24491973097332462
MQS9876,0.6026642165111112
BBR0344,0.5432483111543132
MJR5449,0.6671540245385732
NKV4242,0.6372901908264323
ERZ7613,0.44041058448742065
YHF4884,0.6729088538115393
SHY3389,0.4380698470102268
DYR0315,0.553057211063235
QRJ0474,0.26139213188761545
WSR1971,0.1566499197011643
BRJ2331,0.4675468708701081
ZNU5088,0.29118195654034873
LGB3949,0.3917090596330904
DDN0916,0.4716977161848562
VNO4744,0.6880651580833838
HAM0625,0.10585288666878231
VNS0417,0.5511202361785954
ADY2431,0.5012681386710228
JHO2864,0.6592157025652342
SUH1250,0.2267132677047032
TEL6348,0.8509281640591606
ANO2014,0.44456161632619684
NIH2178,0.4154091128271461
LYD9788,0.7481329612073455
YMS9619,0.4210056630605639
DDJ8939,0.5317155058423934
IGY2653,0.3111010026986284
ZOE8875,0.6359664612836399
FAX4808,0.29531385310988506
VMM4007,0.3132927130895486
YMD1401,0.39315677164441387
VKT1013,0.13130798298076815
YKE1591,0.33828387563191237
ZNJ7114,0.3994014065088674
JBU9048,0.4361205669092036
RPL3665,0.500377880298667
DOZ0297,0.5553121020009615
KXW3156,0.40204021635039117
XHI3128,0.5651991298329312
PEN6055,0.6398060846650521
KRV1729,0.7567467755911629
IYP8988,0.7338332082227195
NQJ5272,0.5895786956414487
IAU7186,0.3837106888621245
QIS0846,0.5519923989614837
WRB6555,0.705818405430033
PAO8178,0.6128463717603322
FQB3317,0.33668809877917655
XOA6073,0.19731585071076035
VYY2200,0.6578803353035895
ASL2036,0.5390983996835593
YBZ3502,0.6568988321135546
PZJ0490,0.4305099160068875
LTY8297,0.31817059541013526
YCZ1142,0.2187360395874309
TCD6914,0.6157147304125459
GLY8970,0.45237107463865944
UFH6676,0.3715765386997588
PJE8049,0.36898877523162665
ZGL9870,0.5012894260105525
JHB3243,0.36383849359188314
QCT2926,0.12813419540380694
JZB8726,0.6872898861791065
ZWI7654,0.38850434709463355
YBX9273,0.5919121094172207
ATY7236,0.28362491326930966
XPU6142,0.16842716882836448
KZS3494,0.6009071211336242
YWO4932,0.31912706155816734
VSU1745,0.41552324811756375
CUG6548,0.5063344768567103
JJI8874,0.31029203627205665
RNA2808,0.34664227071040826
FZP4826,0.42176353832731733
GYZ6456,0.3383145000197159
ZBN2884,0.5216854126644851
ZJQ0471,0.24605016645171449
DLA5530,0.24751093754398687
NUT8542,0.746094109421192
VNK6354,0.8296772662482057
UXU8427,0.3862943880638859
GFD3985,0.6370924521423696
QQR5737,0.4657419448786698
AFC7665,0.2548940582013646
SLD5495,0.7389810123786399
VHD7317,0.6742201191346419
YAL5508,0.30822116580130404
OKH9384,0.6546874182041901
GEH9340,0.5358129615692712
KDT6136,0.3971586573556742
PGO8069,0.4073339676164434
PLJ3715,0.42612564107181805
BKM1964,0.24726930668964744
ILT1034,0.4329629487827636
NKT5664,0.37591652708085205
DFI0560,0.5871117455542202
WTZ5124,0.6813776613103053
GJP9524,0.3733245813471223
IDH3670,0.5586988035898788
LHV6715,0.7091212993002366
SOD1257,0.5888335872200539
XUT0094,0.41472325355888123
WLY2791,0.5894698011955178
ZJN7497,0.39061978481210385
OTP9424,0.6610719073060444
KOG2427,0.5364289018742208
DGT2607,0.31665890859354523
IGV9153,0.2402752662361191
SNK8485,0.21197876449174607
GIH8293,0.3794249587734107
ZYN4270,0.6149572965966722
HAD5689,0.5212560400876975
KGR5948,0.41967605703443017
XRO7658,0.5789595887576755
YLV9908,0.5348620625690125
EAP5638,0.7229710133394753
IFX9842,0.46545359084595805
OMU3958,0.42579545255472223
QFL6187,0.48437037749660977
FVE0231,0.45914112834780635
BYG4627,0.8757660528395668
GLU8969,0.5396147256088372
IZD9452,0.44651090742409555
EYW4468,0.5372540640613497
AGT1201,0.4586628493157835
IHI9922,0.5991295785723091
QRN6335,0.16183815010713692
FZU8851,0.5317781083000306
GYP0381,0.3416108866883224
NHT4249,0.19388481015438283
FYT7747,0.552086778033517
KMR5833,0.6681174944506593
XKY8972,0.3733870989845846
JAG2909,0.281058985308641
CBU6594,0.4430519095570413
KUP6171,0.31160263323070897
WJC1017,0.5691899486637017
EUO4937,0.4521184219388919
CIU7319,0.692248637994612
IHE9927,0.2161559707418559
TPK7407,0.3859061969101393
QGV7700,0.4599383860527949
YND3412,0.4454407751634798
PLP7642,0.6076317758109132
QQH3030,0.09686801262373153
XGS7797,0.4594055367971302
MAG9468,0.3396783050201023
EQK1178,0.4530665471499492
OFC1169,0.31184879313849706
ZYB3704,0.4231596027277781
TXE9669,0.3151768604489698
EDY7478,0.3664431563059683
ZRM3482,0.5839627352880395
OLR8983,0.5277094975619084
KZO2848,0.3213319431245013
YUL2449,0.3499516507304269
MQF8373,0.3550743049151275
JIO0650,0.24992304175694452
YLC8229,0.6015516208970056
CIQ3019,0.7240290936532982
LID4577,0.5068999326597948
FHF4230,0.6010702605686149
VHY9741,0.5036662658648857
ACZ6656,0.7932995853511002
XPK9673,0.21434637645206586
TDS9357,0.43281475997037083
NCY1055,0.1691133563917837
YUP2078,0.35298930522277194
NFA4698,0.3453941476048517
NGC2448,0.401180532364332
MCP9761,0.3843085192648625
OWJ2412,0.19502413606999716
PHK9684,0.6084479217496803
BOP1305,0.38106650297635064
YGK0608,0.3966609433345494
BJV3737,0.360338580448383
QAD4506,0.3350419781758733
RCU1459,0.5564211290936855
ROB4774,0.15316690165031424
QPA1500,0.4913033895542355
ASI9484,0.4461279169550559
ADC5158,0.3506480765104441
TGI2756,0.8813770715606394
XWZ0948,0.27670971357063884
BCZ6218,0.4710905256411517
AZI6548,0.4469076596827657
NJG6414,0.29825080422776484
RYT3911,0.4118044189589715
FAH5419,0.1710649247016352
XDW3658,0.4950165577620281
YFQ7483,0.5053236606987338
OLH0534,0.38800408347508125
MOW4518,0.8382536075587776
JLR5477,0.536890762512081
RCS1192,0.5160154002623598
BPH1146,0.5170095630939462
FAG8556,0.21590658185196215
ASH8711,0.34997608243544975
OZI5872,0.5413390861857623
USZ1437,0.27915603243086556
MUX0020,0.7757611736033235
TCL8035,0.40773664767665185
FXA0346,0.8227137616193839
DGW1711,0.6621554663227893
MPI3843,0.3623066024301947
ZGJ7391,0.21174742015145573
UXU2443,0.44320933461500195
VMG4433,0.3186952989262701
YPL6662,0.5444067415123222
XZI3703,0.7577068746000383
CHM5321,0.39423657416645475
CZD0003,0.24467938378137302
UAE6199,0.41783521262941903
ZHP3348,0.6219951695551201
CAY9941,0.49167190943610667
IDA0149,0.7013445601634528
ZRV0689,0.556254546411116
KAG0964,0.3323493097548197
BIV1231,0.5699572624289927
OFY6640,0.5229950264905521
DCD9303,0.4623491572888803
BXK9899,0.6050080569622743
ZFH3397,0.4300615946891116
DWF6920,0.28679477758999916
XJB0970,0.5070207250368588
YVY7207,0.3626447982995538
NYK7788,0.7717072909222208
MLS4709,0.7128972067154036
YMW3766,0.6088115352948835
GTT5147,0.4426133698173928
BRO1762,0.4988505077011605
JWL9572,0.3340078707156482
WMD8920,0.7561748379798502
EAE4795,0.4743248169514881
CGY2385,0.4120575598529461
ADX0708,0.3944823468504514
JGD1227,0.5739129761852296
ZQQ0815,0.24310583618588436
LGB2539,0.6497857760119924
DIY1538,0.7125350135128654
SXD0066,0.601489654956696
DHG4347,0.31570189655552366
IVL2875,0.47239139214817294
DXJ1576,0.44985368706897777
XXD3056,0.4663669302802785
FKR8136,0.2568303992442656
XHS7469,0.6397732330348982
JXY8304,0.1581322937857421
XCO8396,0.6986667904071631
SJW6493,0.3495725576734262
WNW9509,0.5008021813513528
IIQ7956,0.3466945414149338
ZGN8635,0.4859848507652494
OYS1674,0.54136649594683
LFN5026,0.5563876179844863
QFM4433,0.34409393020612816
SRP0203,0.6542134976466253
GTE8180,0.5878913151291212
BUV2825,0.48965710529547
UXO7662,0.3154404326047838
FBP0568,0.5921304564014269
UDU8112,0.4386317865686928
PAO7740,0.3302345614376609
YAK8421,0.43040371275377903
GVN2038,0.6382572913239322
ZQP0382,0.1726792686150632
CNQ6513,0.46047687267796794
PUY6632,0.5178530504182767
BVP7323,0.4086759059953281
RLM4016,0.42465753210131335
YFG3055,0.3716728263704299
IWU5623,0.6275891805282275
HRN6899,0.26706186337668025
QEE6261,0.5229954911598439
MTQ0293,0.601816272134951
MVC1429,0.5448642684150046
WRG2254,0.29923406727680296
ZCN9897,0.36418624881158357
OZP4495,0.6632503576600219
DLN5343,0.3641548654364857
JEK4684,0.34521622316143247
SJL6931,0.40666872023193124
ZSW8276,0.5428800172225469
WSV2609,0.6691925028607446
MHV7737,0.4487228850462604
YRR8549,0.12904538051815687
ERV1528,0.5455710246152781
NOF6559,0.6792423018850485
TBX6932,0.5190356663536104
TRM8176,0.6995776581299609
ARS4511,0.5153772947789593
HRW1770,0.368919456567962
KBM1789,0.6894362867544397
CLS5313,0.4627884470077107
SYP7066,0.3243819521626247
BAC6711,0.2831445214147159
SKE2290,0.6061262616032217
JIQ6981,0.2260187068047084
BVO7960,0.404354896412384
ZUA2626,0.6070987928400876
MSG8259,0.24981529837776775
PCC0360,0.3740176460811035
JFE9003,0.41476366095245204
FLS9182,0.6265928240210069
PAM1280,0.18127650358284947
BYU2321,0.3687489087837776
CXM5506,0.30823814163540814
QBY7302,0.35473039704721504
JUK1901,0.4617908722345957
BWP0584,0.21732508428617683
UXP8211,0.4031159166429112
ZAY8802,0.41060922922443766
QGZ5092,0.47636541587225023
PLT2750,0.3101318408825386
RET4270,0.6523062456082213
SVB9714,0.3071260433101939
PGJ2505,0.7175560947293694
XCR2667,0.4959325231204527
RLL3403,0.42396286267789035
XMP9341,0.6889488058248681
WSF4408,0.2171363457859565
KQS5528,0.7214868698762995
ORQ2079,0.49972392479860067
DYG9890,0.40531205960752476
JCO9274,0.480251729433416
RTZ6364,0.28558308471792404
MZW1799,0.4044431177498547
EJB1355,0.5813011663050639
DXW3959,0.1635285974794502
XBW1111,0.3423470562041517
KBU6474,0.23992850606315946
FCK8370,0.13678820370818243
DEK2690,0.5796481259475321
AHU3775,0.3793605672859461
OYF9560,0.37684288648069814
PPE7467,0.2725125871716326
QFZ6666,0.33379943658921246
SND9604,0.44469534401969174
JCH0911,0.3842309601620307
XCZ5219,0.33597118752744487
DFS7754,0.3737951204131239
QER0038,0.36164510539688727
PIQ5708,0.5538449503976487
SBM3940,0.11507651008445581
REU8468,0.807197136681555
KUN9469,0.5786271035817124
FNG6130,0.29826453118854124
AMV7041,0.555339919532394
VQC3734,0.4735464328471904
BCG6211,0.5227547410056496
FCV0094,0.4483512990939366
LJO1761,0.5016941196616335
VXQ1519,0.5995733798440022
XDG0394,0.48970256437333975
ZCA2183,0.3379780229653178
DEY5036,0.2689127851155228
DOA2936,0.17045757215838372
ZBZ1111,0.23932551007278607
KTE4563,0.3986748352041055
JHM5827,0.4572224079750605
IDF9791,0.1663995614739399
YWO8363,0.5251198151212287
ZQU9039,0.7993348802826711
RLW7170,0.7819602584804197
RXK9841,0.4820979222323025
ALU4463,0.7120093503827513
SFE0721,0.7761933424721041
SQE0323,0.40674393481619786
QDZ4395,0.7611520012620263
GBJ3518,0.4031356952012012
ZGE8545,0.3384495510406441
XKA3092,0.3692077187136923
YKI5936,0.640618504505474
PZK1377,0.5372229190676588
JLZ9491,0.3836310066736545
ZVR0041,0.4883885590376596
MJP3198,0.4768003412857853
UQE0138,0.15246458319004644
TUW0269,0.5717736164093286
ISP0465,0.5086133687434093
XAL5847,0.760669163084242
PRM3708,0.4774376282842705
AYO1985,0.698891467937037
EGX0726,0.23724894312827965
JDR7035,0.3495584855788067
MSS9255,0.5513644110362176
WIY7208,0.1744874332106941
VAD2698,0.4379799761119515
ITS5025,0.7953631976417822
ACG1389,0.3963312493980703
JNT1094,0.28269671800167057
SEY5120,0.5269746133555017
XDA2651,0.4273466023996181
BIL0129,0.3182791072861176
TZN3360,0.7362131004997295
OHS4922,0.5334138098022749
YOJ2699,0.30703568828459604
HUM6721,0.3531100533652013
EHP7372,0.7278000750831397
MDW3871,0.6278471679883333
HAM5349,0.4588099278697572
VVV0077,0.5237901181519554
JYP6084,0.4395092137788952
AZX2542,0.10829570088940475
QKX4992,0.4894112390087941
VJZ2239,0.4432394613665903
ZFT9927,0.5314155094237903
EPV1130,0.4079283557412731
ESO4684,0.7836544428867027
RBA8751,0.7383042436644313
IBD6200,0.41120633466431084
TCC0838,0.2527675067640432
OTO4045,0.7924108615083651
FQZ1755,0.33308820474038864
TKQ7781,0.2551009528919042
GHB9539,0.2524724963370809
QKV0677,0.6898202233690878
MDC4556,0.4681718000865817
OXD2801,0.6546340944167618
AAW5921,0.6249657092173264
ZXO5432,0.5754318877980932
YKE0773,0.6424526394366538
ZQT9439,0.5312037864798527
BBX5445,0.4231538561650619
OLD3422,0.7312042038621238
HBD7837,0.30402065627629843
LII4395,0.30782530197569985
VXV0165,0.6196633575827565
IZS6375,0.44924308986257533
ZNC6270,0.5925791197390508
VEV9487,0.3774469585876862
KYX6211,0.43609228722429105
GRI7834,0.582749568624117
BKJ6883,0.31454781357490474
NHZ4308,0.47158344118766043
IHH3352,0.5499326674488503
WGE0940,0.6344349521567613
JIY9209,0.607242933019264
RMW4099,0.6481020689764584
ACX5394,0.64932395776966
JMY2884,0.5977602236080305
HNN4412,0.32160988154391507
ZRE8689,0.34710827397281896
NLX7791,0.40324749040105273
NCE8146,0.7893310209103098
PAJ8142,0.5744449026596516
BXL6079,0.47775094300312515
RVE9218,0.5844600535934966
CYM7511,0.5672175839950889
ULZ7896,0.20055764593168593
VFR0394,0.7318002963203375
DLM5418,0.8882263289012132
LJA7283,0.41914882016089766
VJJ7556,0.4489475074587199
MSY4225,0.33610678964458296
FGM7178,0.6343837005469837
KCA2760,0.4767348441193363
XVI9392,0.46780682562607806
ILG8180,0.7060600608851758
EJA0426,0.3376520198174709
ZYT5283,0.5939857059691105
MBD4028,0.6068486869453746
DET8036,0.25423550810546786
NPU3306,0.6849870495664582
MAF5198,0.671126781067014
YVR9937,0.7324529274472802
NPF0956,0.4033652521346829
UMZ8342,0.570793587835564
CTA7936,0.30121109125827267
WTS5507,0.6933475837793266
YHU2823,0.5512716641289235
GCI9262,0.1796789441151391
JWG0958,0.7190672038614023
HTQ3691,0.41301632583540776
JSY8006,0.48651241650138705
BDL2992,0.6231795204358189
PPY3602,0.6356578673496244
NRH4217,0.3912237133720144
JZU9096,0.30385608226591165
BEC9902,0.5655364755628298
PUK3777,0.6602946204623805
QAI2611,0.414416027259774
SZE9978,0.23828558586190848
ZQB1293,0.40382130618464707
DLT6582,0.21379425864298343
MBP7717,0.41326140119416743
TSL7315,0.5875215843370152
ILX4971,0.8219923585425729
VUT2632,0.33584788908012875
NHI1174,0.678320191066174
XBH4571,0.3387276378320418
ONG0233,0.7062077617921476
EOT6883,0.20660335194317397
WAA4403,0.2784670236786512
NRP5939,0.4010711413145911
CFT0261,0.11613482580599117
WBB3199,0.5275383720218578
OXW2554,0.11704696757858166
OTX8021,0.740918837724321
HKM5973,0.2172268139192584
WOB5773,0.7074153610865793
XJP8738,0.2908132565904876
OFA9596,0.6905908890954546
YUU3704,0.7149798406858849
DAA7058,0.748604627142271
QEI4621,0.44348986367743587
JJN0270,0.3059601049210647
VLN5464,0.2693217238243551
TKY2278,0.7850493623347645
QVB1146,0.8142996548908962
GZG9726,0.4945635921929081
WAG8989,0.5439909946329272
WYG7915,0.4133765607755765
JKR7298,0.255641882596156
NKC9965,0.36099714591524334
OLX7030,0.4005892606645312
NUM1967,0.456997201209486
VPG0102,0.7160624241168962
WYP6798,0.6123844910252222
XVX0001,0.4740728360575604
ENE5821,0.5156454451908935
PXT8963,0.3800681159948695
NAK6905,0.6945031431127736
ROJ5124,0.5255680270246222
EGP9963,0.3542546643040298
EJD6191,0.43483973925754615
VVI9738,0.40586766278024244
GZB6774,0.5225789134818329
ZSQ0383,0.30860122617670616
VMN2008,0.5037949487798262
VSW9307,0.474843934672427
SXC7989,0.3375246652995435
JRP5911,0.6398793869288738
FQM6684,0.6029794419900816
JTZ1972,0.44116170077736505
YRK8678,0.6499848692011927
YUX6245,0.4740592052412379
OZT0083,0.5392686971581142
WWU3357,0.5762625649886873
GIP8061,0.2336962546196965
GAP2506,0.4319233295370121
MTV2911,0.5045677550679675
EYC2947,0.2397544775319001
KFJ0398,0.5327880974043148
KVP8638,0.649038982338511
IEN7559,0.5706538384222621
ISM8366,0.4165710743145824
QRB2092,0.4312454325623258
ZEF9982,0.4030295941223398
PVQ8431,0.3169961997715894
JYR6904,0.3204577211802229
VYN2284,0.1783370802195143
RRD4317,0.43393751082830845
SIW7452,0.6734691079643021
BNK6722,0.7311424862988007
EAC3647,0.3703470531790395
UZY7255,0.19581659191326592
NJR3268,0.48809267442634807
SXJ2106,0.7868260045084011
UOL8150,0.7260874301374863
GFG8118,0.37335394828262686
BTJ8291,0.28848377113863893
IWD4843,0.2975604438828827
UJH1928,0.3729148037224464
CTQ8211,0.40856451496074003
ZBU3909,0.5020637580623364
CHH0005,0.8581559073730032
LOH2075,0.4055616163078211
SOZ9505,0.45665917385740856
IDZ8560,0.7059307856104571
XTH4023,0.3363470336014186
QWM3456,0.24229219419067902
ZWT5514,0.3838556380097616
JGY6248,0.7657815227807473
YNI9415,0.46816963437884634
YHB7736,0.7614386564282222
HRY3458,0.7246086406380606
NHO1841,0.2483206420340138
SJT4275,0.2106251798072265
JBC0455,0.5170838354407177
YSV6272,0.4246346305371019
SYR7039,0.514263640874064
VTH8070,0.2679284852833283
CFL9774,0.24633159796543305
HWL0255,0.21493730487303275
PWW1560,0.6963306425979496
ZXV8075,0.161251655557528
AEI0906,0.3419532464071161
ZKT4898,0.31180588857697306
OVZ2889,0.4957616176960342
JNK0707,0.30741863300821315
FHI9082,0.5985988526435371
CZC7195,0.49623006684701215
EUS8425,0.7204813892461929
VQF7120,0.2657879628511753
GZF3442,0.6431020778541358
QHH8798,0.46121766860735036
SVY2210,0.7358462440484682
DDE2452,0.34582328103499904
UOD1909,0.2800065276444342
LFI5893,0.3475945260291914
VFH7810,0.3102786082260951
AEA3832,0.3275225304975123
ECF6645,0.6718126782578063
KVT6536,0.40824886707810565
GJR9253,0.41102231328047056
FMI2663,0.32987076297288825
VQF2039,0.5131866243656661
NLZ7990,0.42719961273544566
QBO6904,0.3769462871409703
ZBO6514,0.5683377128969811
AMJ7143,0.3171921454732796
PPA4216,0.4354954754778178
UNG4672,0.23413959048861596
JKR1254,0.615861228848184
VEB3556,0.20624207927259738
RMY5487,0.5626426516415637
YAL0969,0.7126619544615005
PWY2348,0.6073443055805222
IHD5140,0.27797647350609206
XAR1535,0.512103199932746
MOI8849,0.23149118643982908
TDA1772,0.13147224142925823
FRP3664,0.5203869437300032
QXQ3920,0.4872196315467856
WZM4928,0.35551395281632386
FEI7112,0.2828702195152372
ZWH2382,0.5528757880904643
YXE2782,0.7764607864020688
RYR6789,0.5994848674166983
DOY0839,0.42541444331193695
KOZ7559,0.6588158518712108
CGG3378,0.54725583432143
MTV9217,0.38614882928516403
AEY3302,0.646320958804116
SNN3415,0.5279671515135919
DLH2120,0.41187453925802714
LMC5561,0.34953910101868685
JVR3739,0.23083915067722957
YDK7231,0.35285253201682515
LKP2717,0.3974006119028427
NLD0288,0.7293884020376106
QWZ3328,0.6967076278544547
AQB8755,0.4556226825582059
ZPO6482,0.48725474315843664
VJA4011,0.17978300345015655
UNR1034,0.5383584377643283
JET8498,0.3627123536562417
KZM1206,0.5211133366465401
ZHM9357,0.43356331291142397
DQJ5519,0.6382903651670678
WPQ7065,0.3787296208921638
ANP6398,0.3429016101699629
TWV6276,0.5015275010389952
UIG4581,0.36953087214984615
MCK4510,0.5416049815317379
WCQ8946,0.3352172670884767
VPL5439,0.3983212558536455
QUL4939,0.5348958440289894
DTB0595,0.4489329689288239
WGZ0312,0.39050513744643395
ORU3710,0.698409674986684
BMU3842,0.6749779588824172
WAS1041,0.7300493551231179
RUV8304,0.37297828556156765
NXF7025,0.5231900761043532
SMT6291,0.49147828251278763
COY6762,0.556588039182368
UXX8278,0.43450311085179927
QOP8824,0.2778128995076608
XVT5952,0.43650648697489086
HWE7781,0.4078855921252882
SRR9343,0.4994290996183522
FMT3981,0.43003599065419396
RWK1255,0.5033153357235428
GUX1313,0.7026923815176979
VED0121,0.829065229779064
SQR9285,0.1925790127295495
PSQ9368,0.4555785597773686
DFU2564,0.4858182448003089
OLC5603,0.3147720409223021
ZAH6196,0.5642192110121632
GQZ5053,0.404876615102529
NSL2545,0.3388439052166678
PRO0137,0.4583093050907429
STU0764,0.22579583555875674
KTK7805,0.1549231249723814
EYS9609,0.7095348829488054
KZG5885,0.5505980598149846
PCB8761,0.1803428538951957
WGW9568,0.7945276150801703
BEP3948,0.7389110483950413
DMJ2590,0.31581361526972174
CTW5615,0.3956807014965931
OPB8278,0.5319939296237525
CWB2561,0.719014987482711
XIJ2478,0.30707673894243726
FDX4097,0.6216833166631395
YJG5740,0.4795419414915739
SRX6811,0.13394284886391333
PRK4060,0.26024997704422886
ZSQ2949,0.2610403181320397
HES7557,0.528323119988623
UWQ9670,0.7178201465425093
BAJ2081,0.47865754641034963
DXX9121,0.5458482306462823
VZD1340,0.6368107485693972
KCX1429,0.36439271397212497
JUZ7305,0.2175388961658835
AMD7755,0.4617907493496685
AOT6315,0.381060942666681
YXO2209,0.4340708883670684
EWV1407,0.3613683987721953
GWG3380,0.4862332683906523
YUU4145,0.7926890437596098
TZW5104,0.40668533109516575
SVI0226,0.7221742605906399
KOO3080,0.7423156633469473
RCR7780,0.7470805148914651
DDZ1864,0.42581068200215916
MSG9202,0.35375683287673415
GNC7973,0.47246537754271534
TNB6317,0.1658559493069825
CKP5184,0.7633256597779831
FAN3835,0.30450239482074715
ASP0506,0.6786558086867096
XEP8902,0.39473204321087957
GFQ0333,0.3315061907959279
STU7442,0.26250228254347563
KZH7721,0.3171199441193376
QFV2858,0.7058974451182866
CNA2475,0.2139735078469073
VPQ2939,0.420872422222162
XTL1241,0.4600320917930559
RTH9839,0.7236999162380345
YVY5308,0.4139283606441539
FZY1694,0.6930800937639209
YCA2616,0.5996649568614031
HMU3975,0.3043942314071207
FDU1357,0.15214291245921838
COI6888,0.7108537457362745
YQQ9816,0.4762130020644757
DCJ0598,0.12669158992067336
QAF1690,0.4408316402008506
SSF8640,0.5763511711838569
QZS7048,0.5360905286910563
UMU0017,0.14791968916083562
NHR0599,0.3049911105689093
TBH5424,0.14154496611757353
ASQ3055,0.4761259040199551
YJL2807,0.3124590073080973
REM8079,0.3615439960326711
PYI6606,0.4768655828412662
FIO0648,0.7794795487348959
KCL5134,0.4230907866645984
XFA4921,0.15075611628506327
MFS7445,0.5415571931674549
LJN7166,0.7555539951169697
ZSB8267,0.6995298873247603
NOY2382,0.2296625085058907
VID0540,0.5898790774800698
PUI7231,0.7114774447440043
DIU7827,0.3486077100878261
LMS1840,0.17475038437802784
JSI0972,0.17604956994680784
VWH4510,0.2963710810051735
XPZ8442,0.5426129818126267
IVR6080,0.46301903342576495
DAE7056,0.4828633439129277
XSF9221,0.6890823882202957
WDQ3723,0.7888485593932575
SDI9085,0.21477409310896758
SZA0713,0.6547457543676083
OHE7288,0.3158707391096871
RKN4919,0.6010298192445379
UEP2190,0.4605948318786076
CLT5723,0.12691284893748117
VJI8551,0.2815120581474357
XPK3889,0.6837509244671607
SGT3305,0.3431171726051168
SAL4070,0.2249842782706178
WVM8211,0.7405704104578704
PCS1722,0.253466403712829
XKR6147,0.7252466722532956
XUR2232,0.5798740415511806
JKT7149,0.5727989626155391
KYO3320,0.6058579868948214
BCR7281,0.44887795207331843
RGW1489,0.3344030477224514
AXN6618,0.48651213274961036
PJA2115,0.45562644813385794
OQO8884,0.6306876657689536
YNZ8560,0.4516855731372261
DHB9103,0.42951412511619774
YIO0165,0.6081068738347719
EPR3439,0.5369234241086739
BXC6882,0.6078216876481651
JDH1113,0.38789878788621657
ZOI7409,0.46768334657504373
NMP2912,0.2817497306088668
GOJ4289,0.684790848023164
XHX1364,0.7651242854416003
VVZ4851,0.6008106350074999
WTK2653,0.3327514365393217
MAE0737,0.504640833125492
IMV3149,0.5550008768021661
KTR9193,0.6512033205484122
TOD3591,0.23566956856655424
FRB8474,0.23794494684381176
QZV0518,0.45045234034750015
VIP6808,0.13558712970296802
KXI8109,0.38347473563767503
ZFJ7032,0.8010517729528459
KFB2661,0.5034784520408733
DMG4116,0.7390201451814628
APL5877,0.44000627355713023
THY5809,0.33100046350213613
GJJ4558,0.3959738755148547
BPW7388,0.5111517234324842
XST7223,0.6739711341501312
JEE4921,0.18264659531812225
LLE1425,0.6022588147299619
KUE4150,0.5978450825170813
WWE1408,0.12396547973465774
RUE5821,0.5842301822285688
RUJ2756,0.7163430332009024
IXU0926,0.3082324039856621
YBZ8802,0.31191406322740817
KKN8936,0.7724025459684564
VMI2245,0.35731198324663094
SMJ0545,0.37751661573969514
DAS8749,0.445638393745854
YER8134,0.7175680672482707
UYH0872,0.26258585244354304
ZPD2531,0.7506638738491006
KTL1545,0.5188719963675829
EKQ2049,0.6357869761215544
GJL6540,0.5831530322422037
XZV6966,0.7634158790019512
LVM7923,0.44271111359959175
IEB7788,0.7167583261070838
UJV8655,0.7225309092918384
GMZ9526,0.6173854421852389
YBZ1017,0.48927195751685293
ALX8013,0.2903162121819454
GER5584,0.34850586759229135
MWX9044,0.2531131284455905
ERU1857,0.1951179422925601
RVZ4998,0.5816998249540538
UEQ7217,0.45447271277270357
WNU3314,0.36750209815542034
FYP5922,0.4053039851590158
WEW4166,0.7065771370030529
GQL0285,0.4815440476067693
GBA5352,0.17331706689201196
WJL9492,0.37980255635390975
HSM3570,0.6774776670963878
HCT5417,0.4896287883981984
HJH6473,0.6631922789064518
OGM5986,0.39363748218078004
GLG4293,0.17980794606705033
VWN3938,0.5316467754151055
GXA0045,0.35215172827598973
HYI7006,0.5509637619272141
MKZ6848,0.8919794524374585
KDF2835,0.5046497219762889
JKP5380,0.5052488050341416
OIM8727,0.7173844685235476
VUI2290,0.17917922078038165
WDW2129,0.7227953864987028
SAR8093,0.49998006381679067
RAT9039,0.35676676224776066
WIK5954,0.28979801781478126
NVL7088,0.5531880221572736
QFF2987,0.6283627643248639
WOQ3211,0.5628264312181751
GWQ2895,0.6325051176320897
XFB2979,0.5786753245925886
JUR2499,0.3699963815313379
FTD3973,0.48099010956514354
GAF1548,0.1710490406331545
CFV3986,0.7092705803232311
CWY7712,0.6374091178600352
AHR9467,0.2865390016517568
MUR0716,0.5893264534321201
PZZ4271,0.5504129243014677
UMW6557,0.5002456832052107
UDL6067,0.6165831298566982
ZHI4043,0.3616127367552579
BKU7239,0.36599931076015174
AWV1442,0.3899049451813427
LTU9152,0.4523865784059825
GAA7231,0.13547947080696202
TYZ2295,0.5840787335163051
TFC7836,0.15864063446670282
GRX4717,0.4105288842580604
PHZ3014,0.16548428837066428
SQY7131,0.5069728060068712
SZP8923,0.32669802017009886
SHF8940,0.5177622022795973
SIY6976,0.5962401501476096
OUU7553,0.6196420461657726
IZY8370,0.23674683912636993
UFP6673,0.6672315787884715
YCD0298,0.7199180894313518
GYV4279,0.23781693646250707
UOH6028,0.5129225780590161
URM1669,0.36249097646771744
WOK3312,0.36290424565798324
VKM9785,0.40523633000988957
DEY0553,0.3438117709349432
KOE0267,0.7569460408145885
QDY7816,0.5819092033321338
VQI2890,0.42564262939235525
LRX7049,0.39714184942340836
QPV0099,0.41604406918812
KRV8762,0.39282731931184317
VAC7571,0.5475572973628813
HZB5860,0.343389022680456
SWN2244,0.5831605217383904
LOO3134,0.21243501006059654
CJC9458,0.8309890010685191
RGQ5084,0.4985082347620514
QTL8583,0.33934408984148867
TJF9910,0.37705758176885057
ZTS7674,0.39888373524916887
CIF9346,0.6332245637286062
PLT4718,0.373982762555941
OGH1176,0.38708278128272033
BBM2431,0.5220039509328436
MMC1438,0.3473431324769181
JLL4117,0.31449070588672345
SYK4331,0.5392391458986306
QSY9890,0.1917475777476947
DJX4643,0.29389330390800605
COJ6421,0.5657883133776832
HNO4349,0.7162182272085865
XAC1384,0.759818721320099
VQZ2493,0.8245138256322285
AOO7588,0.32077829145718556
NPG6848,0.37841723499191243
COW1344,0.47068205268429264
MWE5697,0.5069213621655139
VMY8506,0.3270024009838734
EML3806,0.7278935712708555
KOM3157,0.10658374379377555
OLX0382,0.49003378353800037
QAA9380,0.5140615863595099
ANW5580,0.41106095486835403
ESW6215,0.4049595971049175
ASX6995,0.1979323712593569
POP5770,0.3753950184244267
BAG5404,0.6811011203003811
LYG2422,0.6551834140002366
VNF0722,0.5186427064100049
JEH6392,0.2533096643117693
UPJ1865,0.31246568903592026
FKS7618,0.5966558035490876
ILV6048,0.29202238771935474
MQI3920,0.46769414311008983
BYF0970,0.5168692893810374
WCO6481,0.39452636471353086
KLW5610,0.6123804602079966
TRL9207,0.3653581781150987
JXJ5162,0.7004833817790848
IQM4120,0.34627620455977753
FTE5233,0.4280246383291845
GUD3977,0.4086137669357731
ZPP0234,0.6219488714675945
EEF1466,0.2535590901772991
VOV8606,0.7062812192839646
HPR5191,0.49943233171247214
LYA8405,0.5473830179827824
WBU8735,0.6180979443285153
TQR2275,0.4350411075958987
JPW5875,0.8164313311408865
TLJ7924,0.5814805828937154
XMY2043,0.195384060008756
QRO2231,0.4668366739854823
HLF4845,0.4908933031805266
UJU3717,0.5660560857334724
ORB7785,0.17495739185998388
URX8712,0.47071958358954974
GFL4830,0.50813794091453
QRI3011,0.6762808496476601
TWL7361,0.1580264543387339
GSY8311,0.47236156744896457
ZAB8662,0.3923601130505624
INE5446,0.5199787112335282
NAT5345,0.42081411972709176
BUD2177,0.3561969424943534
OGP8515,0.4450089132663301
QPY6663,0.39839547201665726
RLJ9691,0.3018888580961172
UKF6131,0.4057227643237699
IGK5300,0.2148308153779571
BOA2857,0.5476702020136041
OUJ7375,0.5527737156067889
ODW2622,0.6665303443238563
EFV9929,0.8313075207673953
UMB6250,0.3542501593842375
ARY2581,0.19064452154532072
FWD1267,0.5232758192020343
QWK4961,0.5470078448969093
RWR6816,0.24392033023398557
DHZ0702,0.6441594621102806
CRC5041,0.7531659419653728
XOF2459,0.7086832503234979
WKQ9187,0.3108711444021237
AZV9085,0.37011199142035894
YSZ6492,0.6737865013210484
CNK2218,0.5850527975066985
OBF4098,0.37755819983515737
LMY9061,0.3830409139675696
SPA0324,0.3904439868302077
QMB9576,0.19749501498061037
EPE0986,0.5634143742684142
YPH0413,0.5286733284630393
RWU2048,0.268573521846209
XXL3715,0.3491233273134641
LMY8761,0.7943871747292551
VZX6168,0.17835514912132824
TQC6813,0.2487295129016167
UDQ1869,0.3843437704649819
DNH5723,0.6816132146111178
QXG6300,0.47433520326311607
SKP0307,0.1639540788647888
KYD6619,0.5045930622596282
UBI4597,0.4840507052979465
XJZ0694,0.4408703205641093
VCB7873,0.5901984823417469
DVP8229,0.2761769965334962
ENQ7050,0.8303049769863629
VSO8083,0.341902863472184
IVW3734,0.4591982377352915
STS4967,0.5227855909109544
NQY3007,0.45176206980238565
RPA2336,0.252651399045271
NKE0904,0.4110160576486555
IQI3842,0.3703724462796762
HKA5518,0.5628701316948198
GOS8577,0.33248615313709384
ZQE8717,0.15617356615520156
PVL0488,0.35209927586884043
BNJ8623,0.7785821571272524
GEN3250,0.4970389145378751
LWY0125,0.6893524122065531
PAJ0655,0.25129291829485656
DSJ8355,0.5566326404376795
ZTM3982,0.5269868736080278
GTG0544,0.26267370430908754
YNX2835,0.44234717073980756
TGN2850,0.41705179582413426
BXX5261,0.412951531818575
HSE2409,0.36385343472911874
DLZ1901,0.47558023217949
GEJ1320,0.6264463296369108
VWQ6022,0.4030160131282609
YOK7020,0.6598913525108584
CBJ3105,0.44272362158607104
VSY3899,0.5445269052737612
VTA4221,0.542658880823749
HHB5509,0.6233282853331188
TGZ6086,0.42551113123207607
RMP4380,0.40221537541351265
UPX5708,0.39575884026624486
ENL9282,0.354654984854078
LZH7750,0.36411254689744793
IBS9693,0.4750944397836081
PKI0279,0.47235307347674793
MNM4404,0.3528633720103094
LHG3702,0.6177740806978295
QXS2664,0.4234286547016409
ZJE8725,0.449678612597575
OJA7001,0.45338085880966467
ZSQ7961,0.20955447226169602
YVV8348,0.23467953733676966
YEM8450,0.66494355422644
OWZ3181,0.43105483939089806
VJT5618,0.3419464434767444
IAD0845,0.3204164024803379
KSU8228,0.6384004753151474
AKD2635,0.4930017237649285
DPT3746,0.26372526468353286
HBB8000,0.25905932921628777
XKS7078,0.4533899665255333
BSW6379,0.6030889408314583
NMD9061,0.39576030749908764
DQB2981,0.3661321451508678
CFD9987,0.3552657862060404
XYJ7765,0.40471525322284574
CCO6993,0.32746522471900763
LMK8623,0.27473270111152587
MHO6527,0.27289096060941864
MPD1810,0.4853356673392602
BTH9628,0.5346566870628537
WRF4157,0.5267334171102749
XXN2403,0.5772971121211965
FFJ6322,0.32621833839749487
WZD2412,0.31788136764840885
OEE0398,0.31938826995003194
GMF4223,0.3781718446863737
EVD1832,0.5688391796988805
EAO6665,0.6582272829589668
ZTE0996,0.35528886296899254
WJI7604,0.3778525754893609
GXB5604,0.30113026052728575
FRS8324,0.4209347999358691
ICR2183,0.7221564920898877
SQI8245,0.25333592986728065
ZEI2787,0.7384362820820909
UHX8290,0.29363909031324964
TTO8119,0.7442357705539288
EWT7697,0.4198651768266665
LKC1392,0.42687997615023837
KZA3127,0.6506239001025766
FTW6416,0.6660859298372285
GFW7003,0.7035315127406905
YTT4302,0.4484645432754638
EOE9840,0.2702521638948062
RWM7830,0.46024687575222994
GOB8336,0.2393168070045308
LFV9110,0.17231306417596387
JPW2124,0.38054040298087094
BKF9745,0.3274255037539315
ZRA5115,0.27796401065215826
LFH2159,0.6406467076646672
VMS1291,0.17025051456885712
PMX7872,0.7681142637158153
QXX7294,0.2582277952031917
FBP6560,0.1371634288198272
VEK2855,0.1987668980397417
ZVI3482,0.47283307842701244
WID7204,0.6179213400382159
UXR9283,0.40487257877253086
GCR0520,0.11497202486810863
ECC9768,0.410561618141895
BPF2428,0.1693826931142204
DEJ5473,0.32410986820895504
XYO6541,0.2935240331014518
NJU1327,0.43907221664700163
WSK2569,0.6501109726346546
MEY6847,0.7046242463174982
OCI5920,0.43093570254533076
BFM7635,0.9208900963133985
XVU0737,0.26162199797601987
ZOS1822,0.4120465698979832
SKD0534,0.35249391970231564
ZBX7132,0.4934235908625756
MMO9244,0.2715095381223119
PRR0310,0.24735925444837212
TJG4761,0.5639515836085468
BBN2496,0.20996114778224423
JIW5388,0.8319316139756069
KSN0005,0.48453832964030374
MOK8564,0.44656201382686433
EUB5732,0.46953691167994716
NLQ5109,0.39718951678353565
ZXP4295,0.31149277499315514
PAG8472,0.4091419202198822
LXR1978,0.3014479266653902
BRZ3164,0.4019910355797328
DKT7237,0.3939613383348304
ZCE2914,0.3432182686407219
VHI6516,0.4160610503585178
UTV4967,0.5027017331640704
USJ4246,0.631805118161237
HWH1249,0.36302695225640935
ITF4864,0.6421865740590235
KNB6126,0.35791234978703956
QYO5313,0.5107308072826802
WIJ2188,0.5969914653651219
ZBJ6751,0.29662257692253485
VST3056,0.21413700692343676
UEA4586,0.4093438810183767
QOT0490,0.2867433285625034
KAG3392,0.7801361953034512
SUX3398,0.15182919027175612
GXR5119,0.7292217327139934
WVZ9101,0.45685546435860314
XQQ6405,0.5659430123428362
ZWH9628,0.3592552330634294
OMZ6112,0.5251486334387119
LYP1066,0.762000965747127
ERN5227,0.6882752761902285
DOA5901,0.3117124708195438
IVS2527,0.4787966795882472
LJE2834,0.37945986073166743
OPH7321,0.6522122991831641
OWH9677,0.775186069503084
XGF4872,0.3470010378345455
PKM2654,0.31874757083328337
RVE3128,0.6938953393850698
HCZ1235,0.7150785095518274
QUZ4412,0.48043437715988324
AGT2111,0.29839988731519224
PSF8463,0.2460641391370435
KBU3273,0.7296519473899606
XZD4636,0.6604070517333486
DOO2539,0.5199161120933256
HFY8294,0.13980945006705633
EFC4627,0.7448516728206365
MSV3690,0.22266174454689858
TIR2213,0.4999884597853134
OHJ3283,0.5372935195446903
TVM6927,0.7803800176278013
TCQ4437,0.4913837448307886
TWF0211,0.34813280909547395
SCV6838,0.24915516392971204
DMN4994,0.5056448447126979
INI8518,0.4930323251944286
SDY1000,0.601763543204809
JXM4061,0.46298339199651534
PMA6094,0.3477313858314669
WTH9861,0.6945838287816261
XXB6736,0.43824699132095113
IJU7206,0.6335282600604912
RJZ7847,0.42028136694045326
BJK4564,0.2601416701365833
NDX0091,0.3143529305475454
NFD6321,0.1823199525577565
TEN1858,0.17759791537525857
ITC4358,0.35872733556264025
FGY4048,0.298416877663087
CPQ0026,0.4441828341051922
PZA3978,0.4322211097175531
JOR3671,0.3651258056234373
PKI3568,0.3593722001341502
TBJ6999,0.6567130126343251
ZVM0946,0.2995065895160273
OQT3041,0.8092413123027082
DJB0799,0.5020498986830207
HBV5727,0.6614657366526443
APF9285,0.3893188919633605
UXG0628,0.5468002873653054
COL6410,0.6196083196425083
QPZ9639,0.49882222266430787
UON2161,0.3261909348153738
IUA6276,0.4521503327831131
SLE2186,0.3952069176651782
TLT4666,0.3873084109642618
SCO7140,0.584963695220072
BID4149,0.5230004440428283
BYF4218,0.2887574485167654
MNR0110,0.5430954587825861
ULV2517,0.5583464861748086
PAR5191,0.49577261828362845
YFP3399,0.5053181312441494
WUZ3632,0.3252331123282652
QDA3476,0.44703941433909933
OGF7039,0.7671234823543404
GPS1812,0.6762760641064274
ZAJ2495,0.6604254684836321
CJP5768,0.6345428121447293
GYY4735,0.5790771766982336
WHD6815,0.2477037793778233
RAM3944,0.256804953113446
AHF2562,0.4210130698586753
PHX3766,0.31300257969604633
IMO2872,0.28125074956529034
CNP5354,0.294724475579427
CTN6782,0.3433933468283533
PTO4108,0.36947777617108724
KTY2623,0.3421554202528733
UDY4764,0.7244694176352588
DZF4635,0.4228687720215557
BCW2803,0.5226643764423091
RFG2472,0.6323061388948421
EAF3848,0.24566590641563815
CZM2079,0.26477393891946044
ZKL4083,0.596036392518228
MIK0805,0.3084510614536792
UZI2506,0.834945614410356
XAM1154,0.5625945785617447
PVI6541,0.853425637528192
VZG6189,0.8408001046527013
BRF5316,0.6046439457011531
LHF0941,0.6279067040773495
GTE5510,0.39796336415107253
GYX6928,0.3244563197916717
QCY9581,0.30047164358396117
JDV1123,0.30910710039812966
PXK5315,0.26167550192248396
NKW7035,0.5008695215625831
VQX9879,0.39458472148818613
VAD2981,0.7229614188089456
LHV7423,0.6083997337172374
DRJ3471,0.41576225146601536
NAD7807,0.4750299797266512
JWY7649,0.42226464012207987
THO7074,0.38506768477473663
HXZ2367,0.6106992920245501
ZSW8883,0.4654123436082984
TQL1788,0.5100999198046752
MHA3207,0.6707200683512207
ESX7797,0.17972857817700047
AZN4578,0.2698888831536337
BVH2792,0.3517122053609053
EOL8504,0.5846623414286887
DLL3527,0.5246691862620432
FRU5617,0.4388463058729564
DOA2423,0.367416203847519
LWW8841,0.41539680985364524
BGJ1341,0.43794976498829424
UWA7636,0.5477067518774885
FNS6374,0.14316526380459577
ZKU9184,0.47478094061963444
MYM9229,0.7558895234671228
CNL4026,0.45473045668962336
BGN9072,0.6294187151240467
UNQ1367,0.2158882702251603
XOQ9765,0.4787414465891165
FTD2271,0.46480304938800704
UUM5139,0.5467993093978304
EIS3052,0.5496164157473388
JKF8552,0.46373024384430206
KRN7329,0.33345183364788905
OUO2432,0.48999233228420114
QBK4624,0.6023961350457062
FGN0012,0.5676885996525557
GAI2781,0.5796684284684733
KLU5273,0.1997529243010953
YOL0313,0.7301445053187171
USN6075,0.45313918378485923
SGK7112,0.6504695267051346
YUE5724,0.41445016831675546
UAW7134,0.4142280032610155
RHQ8345,0.51542564586416
RQF2533,0.45420327125157517
ZBT6866,0.5714852385415081
KYG8599,0.30429708290681645
UPQ9522,0.28877885526624797
UCU4704,0.45460554020166744
XAD0851,0.14955799989547844
XPT9850,0.6205517930470684
OLV0463,0.5725255277524163
CUI5604,0.27187591451003634
WQU7921,0.23281610430360086
RLI5225,0.4383127840974085
EED2034,0.2576437776202085
AKL8171,0.31899937913184745
WEE6596,0.4821990441640371
PTJ7041,0.6953812278686888
GDT0244,0.6219640477356814
RSQ4934,0.1402457953819942
VRX9705,0.537980143156848
GPE3631,0.235113916674036
JOW9926,0.8517972081485149
VIK1863,0.6492554041563938
NVL6534,0.5675702895376666
QHG8919,0.16558512387155075
WCP7148,0.4708410089537001
TLY9214,0.34643407326171377
DJK3149,0.5883276432469396
FEZ0727,0.5092853982602639
YOM9469,0.5512746594824613
UBK5070,0.5003188350623223
AAS0547,0.47783615085674436
VWD1732,0.4215560740961305
HIY9904,0.4938344670908897
BVQ7153,0.5991787089068125
LGY8368,0.6661340408304885
BMA3899,0.4378748595699404
VVX4694,0.19941027547473952
IMK2918,0.583032070038313
YUZ6270,0.43332443941192417
ZYM9424,0.369603230849557
XRJ2315,0.6760906530296088
IDD7799,0.2804775919031478
FRN8579,0.3498939170382806
JHU6135,0.516765507964447
VDS1337,0.6033579177667733
PER4129,0.36816009654254833
RUC7755,0.5460251811904269
NZN0284,0.7173491527107788
UKP7195,0.7565020558477549
SEJ4725,0.41037804078235623
FTP5392,0.6555374036603527
BOQ7717,0.6696521633278975
JNM9386,0.7707749877990501
UAJ7272,0.11997083065321666
PRI5009,0.4617099604836551
SHM1712,0.3198100272772369
SWO6965,0.5827328842305339
KFB9546,0.4524597752907401
QQB4653,0.511446342120905
PHA0404,0.16518549636506297
SSR4486,0.33903806232500006
UKI2868,0.3125707175195563
AXB2199,0.4378124077686354
UOS7094,0.6714037088110257
LYF6455,0.4195921409800162
LOS3155,0.4877702236593948
AXQ3876,0.582472971522631
GWM1097,0.7294290797263872
ZEH8158,0.8480671772591152
OBD8591,0.7107666185229381
MLR5938,0.37013727129162394
OCJ0092,0.579550002929019
OVH4365,0.7566504586061574
CYN9635,0.543268074062078
BMN5555,0.27692980262794037
WZC6296,0.47473089593560713
DBQ3455,0.3326231536633384
OHA5515,0.41609164347887706
EHX4627,0.6901974643864757
LGJ9688,0.37641328785891076
NJN8094,0.47185127409703337
HRH3000,0.48080033253980364
THR1355,0.3648014812194774
LCC4833,0.387901652368631
KZZ3219,0.7553410744278771
SYH8984,0.36604850618069434
NER9898,0.12342215425394872
CJD4837,0.29506663563788604
NKV5527,0.6046779054846141
LKS5211,0.15167961870264207
IAF6833,0.41079008271207174
EEU4202,0.26235120555203173
XGW9909,0.6098940932569165
UPK2830,0.10923372912329456
LII6921,0.38368677932508133
BDH0866,0.35703717990356587
IIB5822,0.3772577188351782
ACM2835,0.8346460449991994
FGH1485,0.38324474201229003
HKZ7723,0.48013184237413864
UMU6066,0.6445913965222333
HXY8339,0.6151580192015796
XLD6579,0.3427940533610932
DHQ3602,0.4602428355381431
HBU7419,0.22366343628663118
HHJ7156,0.4867536928902874
LBN2287,0.3689899452859117
QTG3237,0.4333155896409493
FXH4110,0.5174843888687916
WJG4417,0.4052748812779138
RIJ0802,0.3422709656477526
YDQ3107,0.46659070195269736
UBK4003,0.5428219573381438
HVJ6067,0.39332865240185483
LUA3795,0.11771233562817644
NUI3132,0.3109959803752231
AJM7387,0.6701013789820457
AZG6236,0.3201074897151221
BSI2619,0.6269400044602922
DHM1013,0.4631088177336197
XKD9271,0.18875279175661505
NMU4177,0.4350029370674067
CWJ2732,0.5569552213873599
BTH7777,0.3512665856985739
IIN3898,0.6347542667527161
YZK9083,0.32545617203773514
SDC0837,0.591724278730288
FWI2945,0.2629055090649405
OMD5376,0.13762871413588426
REO1188,0.34586918545998924
FRM7796,0.6489563141488188
JWH4432,0.39654626108598945
GRQ8737,0.378937782441173
LVV2133,0.22329838094686233
QQB8724,0.24660402066667994
YUT9546,0.4127607615764755
WXC6361,0.42635533760853644
BHY1451,0.27597553496172045
ZII1542,0.44931896737829363
DOO9843,0.8897138788611144
RZK1351,0.278049362489445
YYM1312,0.41933477066761665
MMK7965,0.71170037937394
TTU6295,0.7377548595402548
DAH6958,0.43892167710271474
PCO8490,0.8284272407876453
DJP3433,0.43051150245280556
OAA6548,0.2648805824438342
SFP2263,0.5097679592651063
CJT7713,0.320094504748642
BJB0699,0.4962837302365814
PJF0726,0.2131714989755963
HPA0283,0.4619769684309576
ZJS3044,0.6307003106481966
OPN6394,0.2484001476500082
UYM2119,0.22434465050861357
ORI6815,0.44835232531573116
PND7208,0.4674985276577968
HHH5760,0.4179637942141099
LIQ5670,0.540924385153607
QUB2406,0.4712596619105628
MIY0143,0.3376623469740957
MCG8811,0.6085193009628291
MHW2096,0.4856013387247523
LQK0997,0.5229803081353045
OBR4658,0.480349306700738
QZJ3393,0.6213715179023425
RTY0569,0.152434329540233
YOB4544,0.3955186948108584
QAL2426,0.5631285696138106
PDU5166,0.47216409046151103
KUU2207,0.3364351259420902
NJX5033,0.6986063409386506
OXK7667,0.4420561088266136
KLI4744,0.2306889828328967
FES2855,0.5375129754701627
ZAB8325,0.8518966058566303
CQC9277,0.38073927740616426
MBF7782,0.4155067644338053
SZZ6788,0.6170378113883564
SDR4540,0.3863482371043688
DIL7710,0.6579692157693587
TKN4878,0.6915764078557644
XGD1675,0.7643279787293208
QEL3927,0.2020484938934714
RTY6219,0.5580521045829402
WWJ6659,0.21773397032227493
ASU8300,0.2620944489599005
XYB1679,0.10045015128746401
RBU0914,0.38653471487794133
UQV8798,0.38740437555039564
JLP9320,0.3958652055283766
QWQ7004,0.4312427135290715
JSD5400,0.312802680378486
WON5434,0.3163243715017625
YMT2795,0.39138779116798433
LIB2206,0.6287179262396254
BCP8558,0.7290182869815711
SXM4193,0.4059073936814583
XNJ3271,0.21421817510563454
WXC1747,0.3748033125630474
SKX5603,0.48762747119709243
AAJ5590,0.35525101041323676
JPT4045,0.4573686603453893
TCX6417,0.34009971574448344
NND5256,0.5093754179610628
AWM4830,0.42017804235079664
CCO2782,0.6561550471406783
XYB3729,0.3100189063835194
PXP3498,0.4573406621464325
XGG7955,0.7187884068579024
LYJ5084,0.396186542820257
ZJO9311,0.2456551381397898
DHK9700,0.29162860866362206
XVI2143,0.6877984928313939
WBP7682,0.37400661966246723
UVG9357,0.6499627066578831
FRD1898,0.32552299848021027
VQN9954,0.22006620532322482
UDU8569,0.7133236431576045
GIS5379,0.4460625546244584
AQL5845,0.7299004536555536
JDA9258,0.4781674166541735
BIL6692,0.7791182875311468
WTD8139,0.3922873054510704
NNS8064,0.2708676600580397
IQT2995,0.43083360588803055
RWW1032,0.5942954144943692
KYU9106,0.5245315164451314
PJL5141,0.39224316775058066
MRF9734,0.5066913242040286
TSZ1464,0.5660749571914734
VOD0368,0.5501242784508104
ZJO4648,0.5084115570909483
KUF9356,0.3182389835844452
SHA2863,0.5243048726962993
ARZ0060,0.29533357924073267
UPP9315,0.5129264768421647
JPH0891,0.26092277380529133
WJC6264,0.5042086259744186
XHB8908,0.32802053640745416
FGS1465,0.55076850868104
TNN7189,0.2810142400372734
GBV1525,0.4876608881350272
UNM3035,0.5009822688239455
OTH4354,0.45380124579966763
MWK9161,0.5681119926747884
XBJ1523,0.5914622009753332
OTQ1307,0.7437136478708958
QUI8859,0.6997580534285255
FXA1974,0.3474359380673887
HQZ4083,0.2805328548414658
JRX8081,0.47188612552948944
SMA9339,0.44764902290782693
ZRV1847,0.5232803432917444
GSY8940,0.41967144540440027
HDH6951,0.3534109055654781
OZX5767,0.7060327744382487
BKN2732,0.5455985930347516
MON4409,0.5400435891839658
VEH2084,0.5497908449100379
OXR2175,0.37284748450823935
QIT2040,0.4833677436441546
NDZ7253,0.590388973884387
DGN1477,0.3924920182932973
XKG5616,0.3468628522822471
GFT3859,0.5607442336130799
ZEG3074,0.37424578057256724
ERC8823,0.4055526036363056
ANN1757,0.7912254562635079
HVT1416,0.5216913775383153
FNA5079,0.3635341876407585
YTT3689,0.14187171219511246
ZRB4114,0.7455576143679512
LKC5167,0.7169487211963202
QKO7079,0.48584673677141643
NXS4393,0.3418796808306316
LET0397,0.5043048538434068
XVM6189,0.4768765876453127
MDW7993,0.3759821420982535
YFY9264,0.43868636565063757
MFA0286,0.31908384937554685
TRX1943,0.41764194128011717
AVG8200,0.43318888950984935
ZFJ3116,0.6432399103497267
DKB8692,0.6527782992124054
JEE2838,0.18311941698354
EED4838,0.24134236069373308
BPP1288,0.31113046542830364
DOW2822,0.7032239873100155
NQI7015,0.7192489635371851
ARJ1652,0.5276898695118741
MKV9833,0.6596811853463584
BAG5364,0.5391535928398975
QLK0972,0.3308922746872082
QBM3534,0.3798471472882481
XXO5042,0.3136976661917532
BWD4481,0.5612067064718521
DUE1526,0.3923583834861158
CNP6504,0.34481338582198406
UDL7915,0.461912322437679
CTQ7672,0.5548192155952995
EQY5043,0.26790587347563266
RLZ1107,0.22034537704586846
DXK7889,0.743703107184416
HOS6888,0.2796530804574235
WFP2253,0.49693510819304715
ABK1979,0.2015338489631159
NSB9683,0.35528726204901984
GQZ2156,0.3786127942754448
TNP6583,0.601502853223474
UNX8157,0.502419799980223
OPH9058,0.7398193964623242
ARA1083,0.7390193262634205
CPR3859,0.3285903510844507
DIT8983,0.5966982547444671
JXX4274,0.3712789946740585
DGQ2285,0.7346039133596658
TEO4197,0.3569927598759521
VLS2232,0.4842775459935588
VSL3471,0.4818522020911968
VKV3009,0.4649471138815017
VQG9824,0.43291003728138844
UDZ0523,0.5303692147010972
RTZ3365,0.2292007320997096
DUM4265,0.4573863463834324
OCW4594,0.50583845828174
PNY3340,0.654101477988417
TKO2407,0.4850394550817683
RBK7640,0.3568024590843965
VWO0656,0.30249845037726547
PVH8216,0.40340258921638633
PFV6207,0.6740690243560803
ARD6927,0.736687478746263
BXX3179,0.1896274309358281
EJA6722,0.3495613820639695
RKB7690,0.492000674622286
GSU7345,0.6583270908525857
MTF6536,0.3925471816378505
EEK1731,0.2905535919330219
XKE2034,0.5807928052761763
XFZ4451,0.5546439282372023
DNV7450,0.17498499282360203
DBM7804,0.44461060198991287
OSN2115,0.4162865101147803
DIE2462,0.6171127967444209
NCR1938,0.5699818145818296
SLI3385,0.4364830170344355
IMV6618,0.6588349848649457
MWI9236,0.28324836745238297
CPZ7415,0.5481294863668601
GVA3046,0.41498008443583856
VCF7450,0.3153329169378808
RWR5955,0.7512741026753126
UNR6482,0.48430086112397813
ZSW6504,0.4944203178305351
WHF7797,0.2826533684858789
JRZ1587,0.34457638060200024
WKN1856,0.6663339278938822
OKO5198,0.5718591024408683
ZOF6714,0.574036165313511
HOV1633,0.36438323322531974
HHL8001,0.22293637220617374
KSC5408,0.4907814634702613
RVG8305,0.7031015893683706
PXV8041,0.48090046023282706
JCG5205,0.2069560008071631
EWG3114,0.3570651149862278
AWF8804,0.4951815433563653
MRI9171,0.24131054087770729
BES4026,0.45420093429531244
PWB2790,0.23296253349887255
MKZ4027,0.6871044440448607
YRJ8304,0.32252439397456373
BJE4168,0.36917325845953985
WJI4276,0.33799781168772414
SMG2272,0.4494882587410352
SBB1777,0.5380381604132646
PQK3153,0.5204067487848569
EDF5544,0.613794583164691
NWV3159,0.45302001746220233
OPH4418,0.5194280781541522
UVX1686,0.40604416921416925
LTL4424,0.44846000409225056
HTP9675,0.1423165650223405
JHE5718,0.5331619798532757
QWF4463,0.35970714539317816
UFC9328,0.41227062158796735
QWG8477,0.7069360327716775
FLU7651,0.426160056629794
HML6971,0.4090623864274149
JCO8536,0.3263325596696313
VJR7001,0.680161013234919
HKE7026,0.3541769444403319
NAZ5847,0.4009700626554995
DLH1235,0.43734270502067496
VWC1889,0.4476007863054315
LQG2414,0.33572134399037673
BTP3447,0.449980559493809
NIH2856,0.6232614001800133
OFF1083,0.4493306864192391
ZQA8799,0.7286544219622721
IJK6751,0.3222938995434618
BOB6176,0.4443738671219507
XFP3339,0.43585235527171623
TAS3348,0.30384870653344115
BHN6210,0.5474837532541855
GNW5149,0.5800681476323158
VVH8291,0.5942182194027394
HVW6558,0.47474067086269744
LHP6615,0.34341148575729186
RNJ4226,0.525651659604513
IZN2011,0.2358925830094505
SLM7035,0.3001247785098341
XQJ1139,0.5099287186438746
AMJ0335,0.6696132385576735
SIB3087,0.6093930546074037
NLJ4328,0.3089732996855537
LUL8746,0.4270671585680917
XTZ0050,0.5328171894394189
JVQ0976,0.31109185302151765
ELW9308,0.39716473722161877
QYH1973,0.40126184043345925
AAL6035,0.4939424142831928
EQI6267,0.44012692308107987
ZNO8211,0.32884918424836135
DJG8036,0.502043346453043
LMG4322,0.4583890853760654
ZRB5371,0.4086320170535997
WPV2188,0.7386199578941202
PAP5839,0.505102714772326
VXA5180,0.31916598612265634
GYS4742,0.3318339842887336
UTG8994,0.4183228002394648
WZJ4218,0.408419169010707
MVR2420,0.2551480577103118
MRB5680,0.5284350055282484
WNO2118,0.5409794710468567
NGV3962,0.2394975873273851
HTR2914,0.5815965949543129
PKM7354,0.36416022013495486
UAL0916,0.4595579944538235
TQM0482,0.44472970817964536
ZIB0347,0.4070527590912962
UYN6870,0.5870065921116722
GRT4611,0.6384143629179068
XFY3621,0.7492563544178447
VFC2623,0.5268617316625016
WZF6184,0.6499125411309679
OOJ4678,0.47547488671165333
RJP5764,0.4016391242968652
AHZ8000,0.7195579593919532
HDE0780,0.20768902741771786
JLW1736,0.5334205837993895
AWU2812,0.6181949662727397
AGX4063,0.4079630107390821
XCL3451,0.5263105460762986
OVB6800,0.33992139347242273
IXQ8744,0.40489104241745066
EZP3118,0.4167038294766331
QWN0794,0.8019817229737253
VEV4096,0.4880301963747014
VEU1076,0.5585812378754361
YDV5701,0.5972073652479555
PMJ7354,0.4223442463890292
LSK0936,0.5472113306350981
OWL8934,0.4973901541609577
SDV7836,0.6125168288747742
QIL6179,0.25998239372788384
HSX4903,0.5645358982763121
XOU4343,0.39144704883837805
KFI1941,0.583345145643584
QJE0535,0.5128387335376156
SLE6915,0.22959469586313666
SCO9217,0.35436583751600004
MVT7781,0.555699586132168
TMG7575,0.8108943949525196
IHQ8441,0.4887082257220223
HXB2178,0.34511811183530977
QGW3324,0.7992638003273429
ZRV6802,0.4716088498458609
UQN6219,0.48170989834298555
KSO7707,0.32259499687767096
LMG8449,0.2565625905472824
SSY7236,0.48005726497131435
AXI9652,0.4359709429055347
JWO8793,0.20773263266643172
UUB0607,0.5133321309477935
ECD6444,0.4211284623232194
BBJ5618,0.4065819039993031
MHX3291,0.42100090563145237
PZG8347,0.49484350029436985
UKO0197,0.4751504335301368
DYK7152,0.34150764845230686
DWL1376,0.4957199492034733
OMX1967,0.45908140106787637
AIV8783,0.47317288490190323
CRE5923,0.4586491775395962
HIC4011,0.44244155697379906
HOV6112,0.5008718047853687
KBF3850,0.41280400274884604
VUI9301,0.5253227336218644
XWS7934,0.5010574896606196
BEE5677,0.3580966093277255
JSY3976,0.6676517097336541
BMY1563,0.6786897184968846
HXQ4485,0.739981282354154
TIS5890,0.4709723756028509
FKX3159,0.446279493220481
YMK9880,0.5050158861512613
VCD5495,0.5014878304430511
FOO0472,0.6005436263953171
QZU8396,0.48718911325340386
HTC6808,0.205770672954166
BYL2752,0.3094295068699545
ZAM8218,0.5593612183038091
IXN9654,0.5189178693148017
TTL5403,0.33310546193455615
QYE5349,0.6488173773297105
EIC7153,0.5975909491547832
XTA6550,0.5901399789548263
LJX4501,0.22797147383703992
SQP2640,0.5029900229362556
IZO4596,0.43220390003157094
FWI3799,0.6422839635745564
AZU7246,0.5427911551478015
ECB5710,0.6962202094790333
BQD5122,0.6611531356783616
UYU9430,0.3200375280568896
PCK7063,0.34013301018649716
IEN2498,0.48621708346627907
TNY8680,0.6940631466739863
UCK0106,0.503442976292843
AOB4977,0.47877131537354567
PPE2382,0.5587430436598264
FYU2252,0.391986650651945
SIU7145,0.5214435387235186
HVR5096,0.2920852420580096
OGB0163,0.6797566989069838
JRS7729,0.18536456462021791
IGR8562,0.3238738560119482
JEX0834,0.36873052147223767
TFN6722,0.6637956074446355
XKG8280,0.33543751206256794
FOP8068,0.48571798570493724
AYU1495,0.5140891590174428
VQP3744,0.35846125062463907
NOC9056,0.3588223830559953
DTA0824,0.39459894139181806
NPD9854,0.4579358333007981
FXK6082,0.30486977670958204
EIN7977,0.15196576271160275
FTW6027,0.7191689707072509
KBR3556,0.4477726785918859
EHC3947,0.24783073723825333
LQQ2433,0.36827795144844105
IDG2104,0.5549792055336603
UZF5415,0.4156392896013625
MBP8060,0.5652342616305625
BEV2395,0.28987493908112905
VSU6747,0.24540746044662556
BCL2284,0.2952241336648684
RAZ1360,0.4010314509337668
EWY1556,0.8202030711030869
NNE0522,0.5919970290350622
XQM5627,0.19523482074764703
AOX3558,0.695437955673686
WUN9170,0.852384577466503
XZJ3149,0.20071253254400223
OKL4921,0.6401393473473437
IZO0258,0.33265049795438245
WRF2650,0.6542140551979584
YZR0011,0.37541049890774253
RJO4245,0.730404987141129
CRM2675,0.44035346501929556
DKL7615,0.5003461227806023
SQG4906,0.5490211038555504
IXO4087,0.27734747559278194
NBW4124,0.575754603142019
SJN3966,0.3682292523755809
KKR4361,0.377445453852771
HEK3882,0.44952461519559017
QOY8848,0.3130641719029742
ZQV3715,0.14464739853290326
UXJ9385,0.5037259491477859
VVE5601,0.5188241927423811
NHI7594,0.5446082089592131
WQW8250,0.5351542672544369
KID1021,0.35553343319262043
MVW5606,0.2814623630440479
VDJ9872,0.5938745157749467
TUJ6907,0.35097965794832736
KVD7026,0.35476378074617365
GPM3013,0.3441631820863923
YPX1846,0.2554616063166134
DHB3654,0.8122123186764731
XXS9902,0.2686594123954754
IOY7072,0.2789715436128314
DLS5038,0.7455419064157208
NLD9930,0.22219463336157702
APM7094,0.6616370683489742
UFW9487,0.5456808380124016
LTY5277,0.6004970027848586
BNR2104,0.5450115273646383
GXQ8493,0.4084494172042418
TXJ5088,0.7622872183484589
HRQ6010,0.6734942840360435
YWN0709,0.44724851606056804
ZXE9454,0.6060382273535198
OXB8970,0.53301964927912
TZV1176,0.3266218446919273
BTP3681,0.47339253473682424
ICO3585,0.5393619795677188
RDF9417,0.7003245607229645
VHF0605,0.24669842071785483
IAG9096,0.5090843113700484
RQF5460,0.5958658516413987
FER2233,0.39590946500581303
DDX8572,0.1865614629906398
SXI1042,0.29663337424633396
KTM2552,0.24279368181702693
LXB4245,0.48175223144592966
QYH8445,0.6896451578410419
FPH7362,0.4552913984000738
WMO6968,0.3615006269372314
YVY9123,0.7012914427823159
PWI7008,0.27310141099455426
EWE8647,0.5360024641480187
UGH5821,0.506758169802305
CCC6358,0.4402472303791178
NJM4224,0.34734293222132206
JLN8569,0.5077155839994824
SBS8635,0.317736872159652
TCK0667,0.3422327786237573
TTJ8073,0.25144081201893836
FYM4884,0.34065749632435854
BAH6808,0.20571323637905956
SMS1066,0.6511623579646707
BZV7110,0.3788332790413919
QUC3244,0.2539701710589835
NCH5512,0.5425396724901462
MWJ2009,0.30409120715760324
LMJ6900,0.5434283335497672
NRJ7601,0.6645403318605221
XHN7398,0.45837857720318853
VVK7366,0.39332609873812663
OOJ7340,0.372835656154363
ODG4805,0.3237246560838513
TEH7221,0.5378177171656489
RVA6521,0.5244663837712381
LDO5407,0.5561585726506021
USN1312,0.4140555890442666
JPE7604,0.33186289738077773
CWI1855,0.385601672417016
RUG6092,0.41214956369009315
YBW0147,0.6164213250873702
FOL7863,0.35960220947566846
YFD5576,0.24918586742777823
UMH1775,0.2967589349580789
ILG2801,0.615669628307608
IYC4401,0.5644168783651112
DGU6130,0.238758734154183
GXN6308,0.09379935764724248
VVJ6567,0.4325285230518311
QGT3401,0.6907663691409709
EHV5543,0.5834725874139262
XPH1693,0.577383473674841
XVI6143,0.21534751664544152
MVT5363,0.47478104201341736
BJP4782,0.34674548565597646
VEI6692,0.5281623591268999
LSH8066,0.25999919004541044
OES5230,0.21759860151861124
GUS7697,0.4855894217378399
GIZ4545,0.2636136854256014
YSJ9267,0.6341619972817109
LQM2884,0.3899311248721613
VXK8098,0.5072803735308146
LHQ6161,0.27337558322555744
NIB7023,0.7290182322455606
YGT5746,0.3494069367033762
OAN1929,0.7350541332663051
RSD3480,0.20954896930704242
GFU7927,0.3305412255313877
QPX8297,0.310832241050217
MDE2942,0.5022306990107845
EMC6814,0.5035075086249001
RHB7538,0.5882659148272016
QVA1519,0.7028071190669843
IYH6561,0.36494145671807626
XBT4342,0.4354495700149152
WVS5347,0.49024336400397034
RYC9887,0.36599905356306445
OWG0725,0.468879449726415
PDQ7527,0.5847473973430581
AAA8650,0.46352955814909075
MPS1872,0.730025696906425
XPC3180,0.5552163856553196
ERE3203,0.43718388859954055
JNS2424,0.7835035764214016
QIP5472,0.356871147380407
KRI1406,0.4381916584764935
LCG0245,0.16807947380861352
UGQ3179,0.25327945239944927
QTL9465,0.596268810133037
WXX7131,0.3296268375567082
UBL8285,0.3958383951936168
CFN7090,0.3967950497126534
TPW2557,0.1294436376252662
FNI8664,0.22389750196362865
PIO9382,0.5019026254548626
CCZ6527,0.6521593729502716
QOK1729,0.5677172929734499
DKE8863,0.4744116951601635
CRV0203,0.7424059754233031
ZNN4201,0.428047861409021
CDV7774,0.5008933928520157
EMG5794,0.2897824452706833
WNJ0629,0.7966686442598745
GGP7119,0.4785447064495639
PAH1172,0.4862692700208502
PJG5643,0.4996650662254685
IAM1828,0.2693087872608313
DIK3154,0.46051806866130873
CTT5887,0.624567802889909
PLX1043,0.3539694132123802
SIJ6453,0.5108545589904777
UGI7847,0.4695915597495533
KGO6514,0.43779622078674685
ARC6739,0.29096833896967794
YAW0653,0.4174520513552827
YQM6980,0.45662639991903836
HFE2279,0.7913264836581009
VZF6216,0.385090855931634
ZCH6489,0.46411344040746433
TVP7259,0.2761819546422505
GAV1656,0.5572494826667646
WPT0894,0.7318266781678477
YWS0422,0.6349031366841196
XUK7427,0.3639557603801998
HLU2704,0.21465882427767574
YFZ6065,0.46028557113036006
YPM4038,0.4310823833732411
XLE1332,0.29855899307642203
WWQ9108,0.21788167913913645
OBA3645,0.9140149573615167
GUE8114,0.6463418556156629
LDI5459,0.5915533991125682
SIJ7030,0.4131998675934812
SGF2166,0.480873244867069
IUS8573,0.5496829087957994
OAV3919,0.4293921160334386
NSC7363,0.5782197673237134
BPV9497,0.3813400440262527
ILU0718,0.5346919998048969
QDB3206,0.440050659519088
ELT3255,0.29622418654328636
XKQ2938,0.32413799198849597
AQA0422,0.6455210318670639
PLP7326,0.23423890559257024
PLY6486,0.34073102681415507
TXV3058,0.4608886380633858
HZU6833,0.8802683023781672
OYN1376,0.29072140703035826
RKZ2520,0.5434480348128877
VJK1168,0.5853541948143539
ZBV7530,0.5932439757974285
LWZ3926,0.7022770928240335
OZK7168,0.1693231107796122
DIC4454,0.5339400740578684
AQE1099,0.3430157569510078
FVI6751,0.6403223386248605
JHS9927,0.6213957823630667
DBB3746,0.5597177499907393
CWX6774,0.6065438064321874
JXD3194,0.5770700319520445
EWS5489,0.6263935042859688
YOO0895,0.14491145375732867
QMM3659,0.3747786179240055
OKZ7721,0.5352943592178987
MZB2572,0.5478058190378076
JWR7273,0.438945585112205
JVR1502,0.24561641233752177
BII5034,0.1418229752445637
YST1582,0.5109422504601279
FRZ2719,0.5540944942001881
LJL4583,0.2903975626653991
IVK1262,0.21746505338338257
AGO2014,0.24754819554541152
VOY4391,0.47974025720877406
DIA7288,0.7826182918624743
KTJ8937,0.5594563800276787
GHZ6620,0.3271608587049964
EIQ5825,0.26530303647809034
DMT3024,0.44492922463514917
NSA3551,0.265609219550677
HGA5858,0.388665982627877
SYY9291,0.31797103500158297
ELM2280,0.8917315299686324
OVQ2692,0.3010057830787437
PRA5342,0.7969832304049304
FEX1797,0.6015431360273872
UNW1268,0.7766456765584445
UNF3809,0.475582506638201
AGW7178,0.37389416678503834
ZRE1357,0.4741767643442201
IMT4399,0.33562791246416473
MWK5375,0.37477165508533894
QVR4912,0.6757962237965537
CYK6709,0.46297090837095345
LJJ2126,0.638825814877432
RUA9027,0.4726885619956486
ACA1080,0.5692946019497654
ZPH3170,0.5256401420254215
IDM4207,0.6325476542536841
ZTP7739,0.15130911203023248
YDV5815,0.8107707823379806
BQO0017,0.6682167460060624
XUA9984,0.6727978297360352
INW7958,0.6178577898610612
KFQ2870,0.41412252183632065
KOY1613,0.36913331555472395
YCT7342,0.6501504232553861
QQA9782,0.4218427080369187
BAO5422,0.5433090461808004
KAS6278,0.4548260361395095
XNS2468,0.3539394768584743
VIU6714,0.5026339558504243
SMA2660,0.5634162952847429
CEZ5920,0.10632094128734439
JJX6153,0.536820875051893
ZCT4811,0.6299512235857228
ISM2735,0.41147171990102593
KMP9746,0.4253823651910717
LLQ4055,0.4024945212979446
RRF8912,0.6126079298913133
QBW7406,0.29138727936674297
OJS1596,0.8074604959358869
RHO4507,0.5301232115711014
LKP7516,0.23807705210564128
XZH6228,0.6590301840373433
NAA2800,0.5082181484793223
BGZ5066,0.5117582708709035
CMI7750,0.5552888257715297
UWS1232,0.8244279792850361
UCU1562,0.38805266459053833
CXZ1451,0.7179819842109413
XZI0704,0.5712364060266166
DQZ9741,0.7336107805699097
HHO4419,0.540892435309672
RZA0154,0.3567122064033588
XCM7012,0.5466289848477099
SYQ5872,0.5675548674837801
WGT9197,0.665629530472304
ZPP2318,0.6764413808568549
YNY5682,0.5616114717166627
DTI5849,0.40289743343748036
MRL8735,0.5235297826443068
NZT5187,0.44700487984309734
HBD0405,0.4271195797176816
FQS4223,0.21993252462234358
OMN1338,0.49480279631465685
TNK1463,0.36860153342350804
WJW5789,0.42107997558230803
FIM7054,0.5908152573104802
FBZ6525,0.42098859512028464
ZFM8609,0.4890408803778179
DVS8106,0.5225948463568003
WQG8515,0.4936233458666136
XMX7499,0.4762385740185745
YEM3557,0.2230032668876424
VAN8479,0.4334398559508336
EEX1705,0.18863089055119128
MLP6187,0.4914520368307
ZZT9034,0.3720320091089288
PYC1906,0.3592003128263876
XKX0417,0.4166969699121367
IKQ1892,0.8736024086144193
JPS7984,0.460848122593655
YJP4939,0.5362154516515852
QLY7451,0.3012715604241416
CAQ1761,0.29177361104789173
RHS3194,0.3158919927985018
URH2223,0.5407339042338694
EBV5526,0.3866326392445409
VPE7690,0.0901551440311408
MQX2555,0.5076382481597431
LGF8647,0.3727219408073653
ZZE1862,0.4532706891172487
TEL1237,0.3524162533269265
IHX5741,0.517355343853133
QHN6664,0.47384242557319584
WIH9047,0.7320414099005809
SPR8036,0.5848341592259754
XLY2971,0.3500609898126959
NFX0427,0.20318100248691048
IUO5128,0.5172183848101776
ZBK1450,0.45244935351012083
RIH8440,0.45591156368956626
WZA0097,0.33549619237235545
ANN3748,0.5950568380900754
BPC0427,0.46301614591535334
NCR6054,0.7048565559879315
VEV1335,0.6348197666738745
YBY0166,0.6540899735156666
IEN9002,0.3649622933795918
EIK5210,0.30304466686666187
YPX7615,0.44219452838173406
GGN2096,0.6655738317721839
ROY7283,0.6199625451381392
DBD6207,0.5440932472259528
YDH7665,0.23509022026707285
PTU4988,0.40658151947175153
HNV9512,0.3970932881572433
AJD4806,0.4091438679491605
FYX9557,0.3823164080166227
FWL1743,0.5708471405892096
OFR8910,0.7684110261710907
EPU4284,0.6178617957261902
FSX1358,0.2023502033293289
HAA2935,0.2583653738798716
DSP0219,0.2937495574452899
FBK1277,0.42776099364127923
IQQ1006,0.3771356421373794
UGB5004,0.5751314396860817
LVR9175,0.5394926176306729
KDB8963,0.3686595017129436
LNL1742,0.6352058402540318
DXT3232,0.455664653401728
FWE5809,0.40772013801669205
WTS9172,0.6175850827335022
YWE2221,0.5940408559857652
VYH7939,0.5553689742797447
CDH8864,0.6247578035617408
XLJ2088,0.29230070626523025
IXG2936,0.7245477948561827
SWZ2844,0.4841717580414567
AFK3912,0.280816512728585
GMR8075,0.41026896368248883
JKS3370,0.22030312128385557
QUQ3329,0.6527620389775126
CTY1175,0.5372651630513386
PJW6595,0.26887541531395703
FHG7478,0.5575683945660889
PDK2198,0.4526909610999059
TLV8472,0.5153684395980976
VSE1384,0.3715624931855895
BBA9440,0.5820644134071902
ZAZ6128,0.3646548745025302
ALO3534,0.3750152880035987
ASR0646,0.13588226257564087
JCY7418,0.3313261543220119
JEW5959,0.2896238247369855
WTP7859,0.4466737906686244
AVU1700,0.5031309468897021
YYU6072,0.4402456491514326
NKM6522,0.7458161928426491
MWZ9346,0.31557534717349334
GTK5704,0.3637518753721161
BXV7167,0.2229091543746588
QHC3452,0.23006163116434555
MPG2391,0.5407950387567929
BNA2789,0.6609996919110336
MVP6799,0.44278326557065534
CIW8623,0.24155310712330716
VPA4812,0.47181240872561186
XOO5653,0.5321562575976905
BQL6282,0.4769618611486245
ZKI4872,0.4435210237237821
DCP6169,0.1346575972977586
RGC1823,0.4207549014918733
VHU7518,0.46896666029889783
RXK1646,0.4126006667429615
IVV1740,0.5555249476928569
VDF8766,0.6485628131137213
JQK6477,0.21492096513185024
UUP1334,0.5485809002765228
XAP8677,0.5968879966841975
MQA8873,0.31747496054412216
RYP7886,0.532701309127064
AFW6003,0.37456749808206313
NIF1838,0.38009118482353943
QKY3033,0.6012004164418997
MRI7916,0.32991310349755226
PQX0971,0.3907482510626072
XQB9992,0.7897432836772109
AGV1957,0.15664224461087642
VCH3197,0.6929711975036353
QLF7152,0.2916162907515121
GRR7219,0.47732556651133146
SVQ8097,0.16412445482478213
COL9431,0.3772924420437241
HHB8171,0.37090295257051953
BXG5131,0.36005771009981924
FOF8111,0.42043635060902707
RTV2240,0.48699659897810144
LIJ5511,0.44267703230269667
KMK4275,0.5919881580438314
CPY9285,0.5245979356883942
PRO7683,0.558097168131294
QSM5588,0.30525811147186194
OQS7196,0.4469409465589586
TCA1389,0.47707352236576883
ENI0173,0.40226561895605845
EMQ6425,0.42639423810199123
ZLT9131,0.7136923154920163
DRN1504,0.31284581544350576
MZI4502,0.7942028469202727
STS6672,0.4651780767402594
WGQ4961,0.42338307974825423
PHS4900,0.6056532710570673
MFR0763,0.4084467887290563
HJC0056,0.3194910743513044
TXD5361,0.2656809504524516
ZDI7351,0.508027244441769
MJC3046,0.5068614782956782
SPR6183,0.29963942676648986
MXO9018,0.7737648765118568
CUH7592,0.21842159938009362
PQN0513,0.3337790476721788
PZO4069,0.4927128107130125
TNX6536,0.6112131181373561
ZXZ6487,0.34959357788158135
OEY5873,0.42292820900343203
EPM0672,0.5939626179577723
UAK7607,0.5561995077782631
PUR4801,0.6921548525400182
SIZ0903,0.6896594447362533
QAK5501,0.6767334887041202
ERQ1003,0.2956691395485288
JHS5395,0.23803961828636486
FOP0128,0.6981738728110748
CMF5213,0.602223511324803
QON0449,0.5690844520444633
ERS2335,0.45964506253117493
ANU9281,0.6065154434287808
ILZ7555,0.6828017949734342
MIS9792,0.17888549547246277
ZIQ7762,0.38102093436456785
NDG7924,0.3038334676006171
FQG8979,0.5567201451040054
LSZ0654,0.6044535374699748
SHP1082,0.4752649027275765
WIM1278,0.5525046052891787
AUR6868,0.3994866610002479
XKU0997,0.27156525823533445
VQW1327,0.616860822227573
DSW7214,0.36743457978513444
ZOV6208,0.4654076036660944
PGR6688,0.3386310352071983
KEA8009,0.3404739376068314
LNC6328,0.35045363771762655
GMA7529,0.613829230272516
GUY1739,0.601102596988269
BQS3910,0.5883902927637045
IMV3273,0.42802006733202597
WUW8672,0.7029388904430388
XZZ1931,0.4068765781629734
JVK1763,0.23209726826566632
QQU7584,0.32577213722999715
RII1341,0.5354558974621193
ECF2001,0.18475494966651285
IJH8267,0.7566445731450979
GJK5821,0.6113764409010936
HNR0653,0.6897644925899934
ASA2572,0.4960348907297587
JAL4562,0.7420712174261135
KXD6314,0.5376928884074886
PFJ2186,0.23599726743633673
WES6815,0.6838258323138512
PHS6750,0.16565133588343808
RMM7844,0.33953797540060376
GDC4179,0.36468985977736157
QUK5788,0.38518986111015463
GJL4316,0.753876748382198
OEC5147,0.8415631581694976
HNT7828,0.46926125754436493
GCK6333,0.37753946413156225
HNZ5414,0.6449622087706395
CVK2844,0.35038777457735776
MRZ6686,0.2885666604728628
VEB7548,0.4109964571554414
ZFK6222,0.6575520237196899
TCP7362,0.569164196563799
AEX8842,0.7438940420451594
INS6906,0.1965424476496231
XQP9889,0.21912402669983227
FNH2173,0.5194115760186938
OOI6909,0.23461275432045411
IVU7217,0.3608244568541177
TLQ5774,0.8278682713242718
OJA2961,0.4469343990842845
SEH7834,0.7106210363660972
XKI2459,0.44147913662904525
GME1877,0.5469717469176149
RKI7230,0.3323608015996408
CFQ6408,0.3706171525886749
XMG3875,0.2241485466670893
HXK3423,0.5206314820400302
JXU8966,0.12169628927337812
GAT0080,0.2994858202377068
SXJ2606,0.4632583952169811
QSF2441,0.4138764764845321
TQS5006,0.571600197314635
DOP1780,0.2762203224590945
ESM6222,0.484736609867631
EKA5363,0.484054945287891
IZB3771,0.29224964469263537
XYD0602,0.12239753388568829
GNP3501,0.5402713886229779
AQC9120,0.2854765042519005
HNV4885,0.4338705819478653
JBX9545,0.48455599533653754
SWU3965,0.46030632513895403
YSB2339,0.2129508401253701
WDZ5490,0.7723363549280488
KYR2691,0.33482594928601755
MRF9654,0.7017785798284575
IET0507,0.639182252952296
CXW8897,0.3168559852529245
RHO8502,0.3759947558206392
DGI5875,0.7438395412337434
CBG8496,0.20250045033949665
JMO9215,0.44540829515672964
WHH0842,0.6430901009493901
IRT3982,0.5690627920034954
ZNY3995,0.24415101777210577
RWA3263,0.46489209857632
RRW5248,0.3468439514309133
KSX1126,0.11471892101043449
ZGP1344,0.7045943600981791
TAP0740,0.34199395667080995
SBV4244,0.08000261100487364
VNM7279,0.4181345113222257
XVN5713,0.6233206749190546
PNI6616,0.4508032200644198
DHK0115,0.47142535707767125
ELZ1893,0.5754272240069963
MMD9376,0.4199123543254144
HHO0755,0.32664223691667266
AGI6103,0.4918492423813236
DSJ1568,0.3582475278996903
OGQ3745,0.605036102098859
EWU3335,0.5588072303142841
IBI8973,0.25805181802076477
MNM0998,0.3219561905361294
ZFN4243,0.34447479254839947
TAE3942,0.7540286072528344
CEQ9038,0.12145138074259412
YDW7588,0.24221997460578398
FLB0221,0.5586601241432065
IFS3000,0.31741452504484086
GOX2033,0.3731166031379569
RCR6392,0.08711832637398025
ZMZ4534,0.8268453208476488
DPW5768,0.6621069094340186
KKG5808,0.6466869653882309
IBC0776,0.43623816226056306
QJQ0583,0.40399517326860124
YHT6044,0.5291948191360388
IZD5201,0.7164770230271004
FQQ6014,0.7163740353246493
HUG2535,0.5284378658956712
AWE7337,0.4747999276070694
AFX6015,0.2949608061629716
JJA3465,0.42701535857529727
YWQ6319,0.34036109918854934
UTL8063,0.538584352557167
IRB0365,0.4876818776006524
DQC8790,0.556851460475399
OKS8792,0.404665467365425
RPI9883,0.45385997022389446
KJD6196,0.5958386702670734
AVL0382,0.5220846096751879
WHR7833,0.4559066159869994
DTG7149,0.6749836233422943
ZPD3564,0.6388204528469997
FOG9482,0.5933898778508085
ZFV2720,0.6098967903957192
KWX6049,0.5679164977638477
UEF4956,0.5837316403318656
JEK7287,0.5885504039258427
WPG6950,0.6073238221700021
QBJ7505,0.6228860226302878
GWN8595,0.4299058709193219
BZN6603,0.4999119083851058
XFZ2764,0.4589104267930511
IGC0378,0.28620930548224105
MMP1537,0.39720862189110034
SCY5429,0.5548059113002998
SMJ5723,0.5467297595507862
SVM8665,0.6038248090534234
JUC4326,0.7135345946580655
POJ2305,0.5667022341673259
TGL1412,0.5950819448649792
TLB7079,0.4834078077294751
LMR6185,0.4036849244695796
KHK7436,0.6055182065805236
OGI4322,0.5795484422039282
RVZ4835,0.3823864477868451
BJN0689,0.26237343374271277
UXE5576,0.3877923838867093
RZS9370,0.5781200864079278
XFQ2974,0.21420651255852882
UZO8276,0.29535358019122043
GSL3386,0.3583216026122345
AWS3695,0.7168709472912972
IRT2345,0.42378197271465806
JLA0351,0.37941041023022287
UDG0334,0.7528413214720769
BKE8828,0.49989345612891845
BSS5927,0.787418483157599
QFM4192,0.42183159386657626
UOL8406,0.44093386377578525
DVB9995,0.37359282265477695
ZFM1248,0.4626078707449667
FAH0757,0.6737925073525902
YNP2161,0.4926080812548051
TUH2095,0.48577439761081564
BAY9049,0.45264930933193587
SZZ4113,0.46874092288477753
IAH5734,0.36799320034984595
IWZ1372,0.41692362355186796
YBR4638,0.4608645682155548
MOB7614,0.3044538544616717
ATG7894,0.6624290037401399
QQM8288,0.37134032541107204
XMU6369,0.33690292940152217
DSD2182,0.4150548657351435
JEF9970,0.7345421347080193
BJU6237,0.44164566728988497
MCP1196,0.8452473691068717
WQZ2473,0.4988876624951584
EXP3813,0.4637841634829594
ANY6979,0.325080760547578
MJT9896,0.32830918521500896
RZF0126,0.4622012434295219
WNT3190,0.330479157909314
SXR8785,0.6941360403430618
VEZ9878,0.42470403861788125
IQR1803,0.6068158479281037
GKP5747,0.5006911429268304
KWZ1032,0.6117314631882473
UNG2441,0.7013842433677447
DEZ7950,0.727716822009348
LWQ5268,0.6587589399553873
ZMD0621,0.533887950964626
LXS2378,0.3513230901007987
TNA8704,0.1369159514613616
SXG9064,0.4244777744600789
TCJ5769,0.5804843392611392
HFW8197,0.7467475165361915
GHB7075,0.4120331538911776
TXW6272,0.5272872665636458
XYC9775,0.3766393662531749
ICN4734,0.6381012303969608
ZMN0832,0.35069626807859544
IRZ8003,0.6628674327162988
HUF3490,0.4306917135737359
FCD5431,0.5794263163058047
VXK6316,0.6925292257798257
YHN4722,0.3986462446897436
RTM1575,0.5433123845924915
YSB2112,0.20689738273278757
KCM1722,0.45469539691689315
OTS8869,0.49314977495579126
NHB2867,0.4517439942725141
UTP7979,0.5562775614639474
HSM0794,0.8800825421142814
RMZ6032,0.25534891639575613
IMW1976,0.5686175559924248
NFP1572,0.5021113084037474
UMQ1245,0.5683117976402878
VPI3440,0.46470843676299695
IAR8050,0.3184142535150993
LZR8401,0.6515152809355786
SHF9433,0.5229309205354297
UJL4817,0.8335223411958105
TRR3958,0.22795664080895886
TXD8258,0.64693269304737
FCO4051,0.3235023663924931
OSB4374,0.40159134842039856
FVW1939,0.7131974827069791
PEX5881,0.3228034596218799
UZO1865,0.6771221766116505
LWE1790,0.2428911036515898
GWB7700,0.5579523807273578
ZOP8654,0.6424968772685061
XLA1817,0.38681347452167775
HWW7112,0.5381767179298115
SFB9784,0.6745346573272795
OBN4261,0.1259273347154395
VRM2547,0.4332266593128234
DOC8167,0.42457790339464524
SWJ1035,0.3544234360039294
FLF2496,0.6472753498400914
JYX8578,0.8184885132414336
AEU2982,0.5626858033614228
YVH2306,0.6634588400566995
QKL4250,0.394459836509813
LBW6479,0.623912416688212
XQN5681,0.611227517198787
CEP4086,0.6433476375270529
YGX0420,0.3749982393544264
BKB7512,0.5395253318071572
IXG9725,0.4460899470733123
BOF5544,0.38140998132046405
UYN7747,0.19565824568778356
ROF4670,0.47789131524885026
UGV7717,0.09394299028048732
OEI6069,0.3157519123954096
EZO4175,0.5917180111553835
OIF7758,0.8076571177652389
JEH2919,0.4776224308228491
JCE4705,0.4928620475857196
BOD3734,0.4122081365425646
HRI5660,0.4031273596682653
OOO8613,0.09893464132157194
XCU4599,0.3181328057189071
KRX9049,0.5428456433603043
JOB6245,0.3378634928091066
QNM0137,0.5850230662667638
WIM6665,0.22271768073841233
LNU5227,0.473699326861772
YQN9605,0.4356666560501075
UQJ8425,0.3368974595224645
PSC0175,0.3221044923145762
DJY2431,0.4348473283912852
ISL8214,0.5104808029497271
IIU0389,0.3680767528488295
SZT2166,0.672562676524558
QGG3461,0.31855906177247656
XCL2050,0.5338547065836644
QMQ1245,0.3831630317129841
DWG4532,0.29602827290985667
VPI6024,0.6172734852026537
ZYV1950,0.4424140119687566
ZFG5023,0.5066399046401002
VSF0357,0.41461582019972065
OEY6081,0.20082313654934666
TUB2085,0.248034433210846
MNC6692,0.5098588102407107
VRR1008,0.4688050760297891
YVT6450,0.36169360493562175
FAO6275,0.5277485382974106
PTD9190,0.33196542282340386
JSO5437,0.5471247943155627
MFH9979,0.5332648453484279
SLW2279,0.6276573292087058
AUZ0340,0.5463497367003225
AWU2833,0.6948507540250656
LFN0157,0.6203107115057168
GPR0346,0.7454910941461541
MMU5621,0.4458572350288832
IJC0456,0.18515614330953414
HJI0200,0.2088811176768604
PUI7508,0.5208282696532931
QWI3198,0.6536278180884186
VRD3282,0.4429566611506054
IXU9829,0.5799679024268265
NSR4945,0.602199305878657
CJY2412,0.16646467959682182
SUL1935,0.2679506663432086
WAU9525,0.41031469449726526
VAR5218,0.2346424347726462
OIQ8584,0.45062231404184233
TXN4932,0.3764152852379889
FST0470,0.6720076385008573
YVU3745,0.48282720966757153
VRX1810,0.7197309398345306
ANZ2576,0.3435262018381628
DFT7074,0.5829203827744202
GLT4950,0.5495186810499153
WBD1290,0.15303378673093568
KLD9539,0.3328527247917269
UFD2281,0.3277365505972139
AGV8920,0.3607898276174322
EZM8303,0.3558471006439709
VHB2724,0.6583315541319517
CGS7371,0.31077570965036533
KRX8325,0.3436073472648312
HQM2559,0.7126458606145439
OAS4314,0.6039085093584148
REU0208,0.4539464596508579
BCK4124,0.6900871652712549
YXF7483,0.3956729079316565
EJI6128,0.6467444099658064
ZMZ5134,0.6746485850088231
YAV1162,0.389203465152508
NRB1641,0.49526169575474316
YBA0436,0.8053815492423996
WDM4803,0.3095800295887598
APA0477,0.2500978788052405
DJJ7857,0.4983774279031175
DDO2541,0.6849961966061497
DTT0915,0.49686925710527624
DIO9974,0.5082476957001364
RTS4274,0.645731397557429
EVQ9390,0.37576844570139073
GSS9218,0.3853139385832283
QPV1399,0.15136424007196378
ZGP9947,0.5509529768536734
VXZ0953,0.39812981986140145
AKN4052,0.19352065134469854
GGP3877,0.808009706615586
AVK5211,0.4657980709717276
CBU4492,0.47339482540874994
LGY4995,0.5475790991630252
DPF8787,0.4950429993779976
ZLU0244,0.36634971106408687
GKG9739,0.477140542059216
XWD6996,0.305915129767871
AKF5899,0.6038040095012295
UBN8639,0.5271649813605468
UOV8935,0.5936129080082985
SCV5979,0.5080964723847313
WCH0782,0.7675797331354003
ARH6872,0.27801678836221394
NMM7694,0.6154632098989069
ICX6399,0.33861069581480924
TCX4933,0.3135931749015945
UMW1034,0.5972115837452402
YYP8138,0.4742560227961891
SCB9443,0.47545519951273535
ITC6113,0.7581814494744714
FCL9477,0.5868552312643752
OXN4850,0.4437542889547323
JYD3480,0.6291161031981077
VRQ7885,0.8281707912628608
FUP7384,0.6224501325892547
QWF1930,0.3460209801167654
XJR3753,0.4150949190583312
JYQ8107,0.4704801189755586
RLK1604,0.2730426522005314
WWU5537,0.8306401728485245
HYS7523,0.5984016907860082
ZJR0568,0.3310919239465465
BRG1099,0.48389264144198335
JVW7197,0.3080813075703176
ULE4248,0.5454590558849668
FBK1312,0.57691684835608
VSH8159,0.38083429131869667
DMQ5786,0.36419184137659144
GCB3430,0.5009915885240962
OLF0501,0.43571795881192055
JWD0044,0.6942180233524133
TJP7761,0.5022529845856811
BQX3256,0.19459649811369942
XYX5749,0.6355400499564118
MRK3909,0.369669160398926
XEA7163,0.4421330373642111
HCW6650,0.6287520120947944
TZP4079,0.46078083098829575
RYR3568,0.4167520681810492
KAA8266,0.5057255862550367
EJP3492,0.6728183033264648
NGH6480,0.3851894280503001
RBK3849,0.40511753257549765
AVU5986,0.5293248357730456
BVU1715,0.41049922466931354
WDM1181,0.4303004177451942
FMT3576,0.45047109859935697
YTJ2895,0.6389171143101553
LYE8184,0.47725077531747334
TGB5296,0.4050687547180483
PAM8552,0.5310661725624364
FOB2099,0.6641535668078546
PGW0709,0.6727562074552216
WZF7186,0.6531974884662521
YZJ1826,0.39885889846610695
CUK6688,0.5172473822886612
JJL9592,0.2535737576280822
BLJ1552,0.21443150390927906
CKE5978,0.4742860849526106
KEP7251,0.7212606787383896
CWA1833,0.42451156130436674
DIG4152,0.43915884780834663
QJO2482,0.32968955281560763
QFS9248,0.331130407280226
VPB6339,0.8179230136245638
BBN5975,0.5640584149271078
XCZ5265,0.5148056652305534
ALH6740,0.6000800002179004
VFE1712,0.16356352139445818
PBU6519,0.14390412209011694
JIL1820,0.4150105594004435
TKO3377,0.5067753761966456
XOL1792,0.7257459548165409
HUQ7289,0.4098465252839945
EIH7258,0.41080833152944596
XHL3600,0.46995263166925216
BLG6557,0.37540477797641586
XOH4990,0.6110595999027651
SFG9400,0.30680744985212277
CTW0716,0.45223405045951787
EPQ1022,0.3812321518685842
DDF4807,0.26368149078780295
JHE1802,0.40174331849905
XKA0286,0.43828329400768784
KJS4977,0.15768292041285378
KIX5898,0.6372493328342866
KAJ5890,0.1286765804380879
HTN5032,0.47557612648971165
XBG3646,0.7269973774182776
STF0095,0.22174127119289602
XYS3253,0.47328543073561974
YFM9412,0.5387161523229003
EIC9765,0.5620124524398912
SJW3302,0.2751072796603518
GQS6751,0.4098346095877491
VHY1313,0.5266721969038046
JFS7189,0.5837696334428155
UGC3514,0.6462820541325627
CNX2296,0.5311713290540929
FZA8058,0.2698540843884903
ITU2802,0.3749541941226723
WIJ2095,0.7556824025967399
KPD2769,0.30677472841783626
SZO7824,0.6643750284012812
VSF0918,0.25534627564387485
QPO6163,0.42692300493858976
QJG9094,0.29381979631954114
WSN4732,0.39412673440659246
QAH7760,0.49098416672598816
QJQ6048,0.5839815801044671
QSS0205,0.3703822451872897
ZJH8058,0.3535098976547476
QIP0730,0.463509271155037
SZC2380,0.6735384346074416
RGL9560,0.2555252398423853
WBE3412,0.4386645274850331
ZRW2620,0.25078218470191044
VLM7962,0.24700257477783932
ART9792,0.18440645148224627
ZJN9258,0.7945323232158698
LSD5527,0.7821067776853986
XFA9780,0.3543288749439816
YZX0939,0.16924352181842126
CYB1866,0.3852790632890382
EHO3159,0.5110205797682813
SIG0318,0.7046017708210519
VGM0574,0.37491457348910945
VHH6882,0.1738809540235154
ZNX3901,0.6260939035846924
GHC3228,0.4345452705060649
SQG0318,0.36899262684733597
IEY6901,0.3893488873081206
HUS2611,0.4812778001171139
YEH8272,0.18064636140368617
ZPJ4887,0.40054483439176536
FVM9271,0.21275305663203925
BYC7251,0.5850931321606774
VZV4566,0.4176326770751612
HJQ9078,0.46218705158659074
EGR2718,0.6407012744638106
BQW0054,0.44734988404871234
NWE8918,0.2411017414330007
GWU4698,0.6197116979645035
CZX9272,0.37323105426779213
EYB9921,0.3200019760847615
XJP5950,0.30454557685870676
IFJ6475,0.4975048504975225
XNM9426,0.7168679784404688
TSQ8268,0.14514173297815738
KPO2933,0.4133482817074813
LXQ7529,0.4364681536980925
XRF7014,0.6427456736560605
DNC4443,0.552452774326221
AXH1658,0.5411560538300645
AHZ7652,0.630912152985965
NWH3193,0.21117472396009043
TID1716,0.7956354071635899
ANP3440,0.7161853706773378
OUG4685,0.5903205485825299
MWD7907,0.5482156433173923
TPQ4836,0.48434487315176317
AAJ6531,0.5566810845401821
XKG7418,0.5604418976486828
LJF8014,0.5144649380399142
IWF7341,0.24925811294289932
USH9806,0.520303880189078
HOT8154,0.4090358385727923
DAX4292,0.43700964173499085
KYM4729,0.4573230470998074
LKI9763,0.34489559658133373
JAY7470,0.6168149619381066
VAG9407,0.15729573497147384
AXD1373,0.5658354410758354
KZV1736,0.4182843304575536
ION0603,0.5392181873445782
IBD4973,0.527768750389361
HAX1381,0.4883819190388153
GDV3204,0.40289775928115346
GQU7798,0.6545842309629755
GAQ1597,0.576253173984958
KVP9269,0.6119069253560246
RDH8031,0.2761440427847385
QLJ5966,0.6409323537977049
OUM7825,0.32588397984974316
OPJ7108,0.7200174571990524
XXV5331,0.6673272038648506
NIA3272,0.707765045670613
IPQ4779,0.3237030944421292
OGH5544,0.36382606336944934
IDS6311,0.4510938596498894
ZAL6103,0.4417253776719264
QMH1755,0.38838456568635316
AXF6974,0.47111698433905536
GCI3630,0.2575517193817668
VZW2401,0.3897618688008291
OVE3990,0.6376693842754113
NOV1064,0.25755679700641787
QYK7288,0.6836849020367148
EUR5124,0.579170675248591
UXL5796,0.5582574953503474
TDZ5862,0.6327027513425961
UNT1852,0.46659966993094415
ZQT3434,0.36983406492834187
RBL0406,0.531697133343976
NVN3331,0.45964046346798165
QYU6181,0.30188203483559184
MCR9458,0.5690581118282518
INV8873,0.47792813008350155
CBR7213,0.2980285292818188
JHG9105,0.6279710963892906
TMB3670,0.2747710460552351
PGJ5657,0.8038556425417053
UGV5295,0.3961542037724836
OXI5106,0.6608763880696357
DNV3094,0.5893488435340731
VAH0839,0.6921232512687263
CCY9074,0.5480639529540163
HSC7757,0.6271351605225185
BRT3178,0.6645693134074994
TMT4944,0.698203407944723
XTK9260,0.5531870905829921
MXU6827,0.38615991700170593
VPJ7122,0.41149899452311006
NGU4725,0.4215680724694893
XHW4190,0.42808299249337484
YAY5524,0.4120031022543968
SSM0392,0.44899712237606054
FXD1708,0.37090372735348776
MPV0672,0.5823972550677948
IGZ9386,0.28491800827339697
TOI1490,0.6580079841804883
QAZ9933,0.5658785047799325
CRM2978,0.31596934139024924
OIB9991,0.4566593281286659
KVN4822,0.4609487639377664
GCG5533,0.5725530859912963
VTK8111,0.36861146640232584
KAE9168,0.2783075093987402
RGV6468,0.4414961883178198
LWX7015,0.6335575800186314
PZK8396,0.590909235074993
RHE1717,0.4615643557596211
VCQ2207,0.7390375266621806
VQT9580,0.7907913658958173
IOB0677,0.5463671469587841
QPJ4092,0.6080657396950553
AVY1533,0.3940330993326346
QDJ1312,0.40635526007227357
XSX5863,0.6928531341650082
RNZ7687,0.7437015745254543
FUE4559,0.6417526343176948
KFB0998,0.4615920776463029
BJW4567,0.38230034082775516
KUC9637,0.5549803196792638
QLT3222,0.6361820199824068
FOK0149,0.5642172563941632
KEJ2913,0.2979113012443083
KCM5467,0.5897366564599015
RYH8245,0.6785109013037237
RUE5771,0.09050940096787428
HNH0868,0.48240527969306407
XBC4033,0.636814174100244
ZLF9201,0.6799327706140276
FKK0636,0.4502831035407664
WCN3474,0.7308861854315235
DGN9413,0.5445436536459443
ZVT9034,0.36656422020963425
GYU5540,0.23009341321531948
FDX4205,0.3215786135145134
IPD1251,0.5956471371807627
ZFT9168,0.22372369552780347
PYN3393,0.4552665551719962
FTZ6683,0.27446705337427685
AKI7936,0.5317943313439775
MPY2709,0.5396850616811514
NTP2659,0.7006632153216587
IDE2433,0.44108033378388906
SVO8258,0.48559055308253757
TNE9256,0.5666764616103686
LEG2561,0.44028796243515816
UKA9422,0.49903378106105106
MCH1289,0.3910478158914145
IND7831,0.5657555520727999
WLX0704,0.3350223860511763
NJG1634,0.13652878367075214
CBU6288,0.4530022213004733
BBK2710,0.6675789616137073
HZL9836,0.39338295127771367
CHC3948,0.47202029860255484
ZUS6740,0.2336984010668435
VFH7531,0.6055865352786309
GWE2897,0.2408925552724485
CAS5155,0.2602692458921001
GMW9681,0.5021655831566146
MES0461,0.5743973987460205
TWZ5436,0.3615093408305178
TVV2529,0.33520339657652004
AQZ6865,0.7156677342206326
OIC4021,0.44307212553008374
MOQ3911,0.23186819995761265
DNS8201,0.3713620040682405
ZUI6325,0.41222032581959545
NJA8351,0.5551154372692143
ODB5040,0.7977848807244019
IPW5152,0.6321130884175908
XZY2224,0.5471755565369695
FZB2992,0.32457271607361854
ZRO4379,0.5765174175015673
RJI7678,0.4877697677617713
LVN5225,0.49333450780227184
OYF4788,0.47326561571565884
CIS4067,0.5975283349858858
KIR6566,0.33005432064216217
WRS7799,0.24828329647561384
ISB9210,0.40077793421144486
BKG1713,0.7018168941326891
NIG7239,0.3377042110568063
UHJ2010,0.17949223154911817
SGE7571,0.6012556931076919
DJH7886,0.48960387899769114
TML0327,0.5396790431482565
JSU6205,0.8252994029102273
UBA1024,0.40629270002838364
ZWM3611,0.471836815631796
AQD1119,0.49271921878629976
UHR8841,0.6136678299729781
EZL8963,0.5672728581016285
VEY3609,0.4372070528392518
IMN3213,0.6220030941350964
ZFI4055,0.3864050714983938
ISJ7190,0.3215012050664881
YRK0679,0.511293847972269
SEP9777,0.4001719635593628
XIM9647,0.263906395691162
IJF2788,0.48548896752849113
HXU6751,0.530345709339386
LSM8308,0.600775352056851
FGQ0847,0.4841586903284476
MUT3329,0.2541186516906008
EVW3568,0.553129809153261
FSK9108,0.4106429190068726
EGK0077,0.7183842508927063
RTH7598,0.5890728762949651
OEZ7029,0.3594333976467932
UIN0383,0.44193678819471016
NVR7308,0.4707833890058534
LFN0770,0.40826375890259337
WYE4302,0.597885520096799
OFR1250,0.4448266719154371
HVR7961,0.41549211087448745
WDT2838,0.408060883228533
QER6562,0.2520079861782149
ZDE4635,0.38254809650570243
BDM2485,0.5799097929134819
FIC2222,0.6428594025821016
HKB7207,0.28492740358507784
KYQ7812,0.29748280754652573
IIM0404,0.2685731824678609
XCD1483,0.4656981876828394
AVJ1401,0.45674475825174754
DZC5973,0.8493380077904968
APX1161,0.8275109446410049
GOQ0389,0.40960641330964725
XAE6247,0.486999900745003
AQX5762,0.33406076597086326
BRS9830,0.6271790293145656
PRJ3006,0.17315550412192496
UBS4074,0.37693499011607345
KAM8647,0.3784246392781511
EBX3166,0.445264854611457
UNT5825,0.39335564925062905
ATV6282,0.35830588836874666
NFY8031,0.5648959053001078
GDC9171,0.08031013334089503
RID8507,0.4070510631511697
OEY2607,0.6856641862711035
PSW0387,0.3323444567029684
MVW4654,0.28639090459270633
EZS6596,0.7220792720954822
CVB8449,0.5654657423974181
XSF7433,0.5194251720761764
SPN0794,0.381714086911488
NAB4031,0.4772896353973814
RDP5976,0.39099897684983353
ODE7386,0.5674069315830292
MST1998,0.36687251228922774
BZM9077,0.5570853966766073
DNS0664,0.7323955160309531
NZQ2516,0.5471258816466197
MUT8357,0.6824649100248471
NUL1408,0.30347935931295034
MXT6982,0.3664800776225166
ILD5756,0.32763350856484147
SNX5115,0.3531349364422484
VDE5638,0.43389624860296594
XDT6352,0.7010325994964727
ITP3953,0.5095685683291589
SJL0243,0.23545636458072536
YLU6132,0.7239336695177264
ITV2576,0.23310466126394042
OVU3708,0.41657618868525736
FHX7449,0.38824811502501727
TMT6978,0.39279712810204276
BPN2368,0.22016843387662738
HMT7274,0.568932179518798
ULH3666,0.1736177921225268
GMU7686,0.4618681409222504
QII9327,0.2849500089403251
LBF3051,0.3629636132480264
ONT8863,0.4867279242741585
ZYP5276,0.5612284601556794
LUD5291,0.2683491724051228
TDZ8382,0.2975982072811055
TPG6394,0.4422609618152859
RMR6937,0.4733482395374042
LMY0729,0.45921875674845
AMC0445,0.5052957958182261
SSB1104,0.7794714499296344
JNF8209,0.4162670614824977
RRE2084,0.6136878221307619
WZZ5459,0.5194861150697542
JNF4249,0.19463149399348537
DBO1637,0.6262097217946797
AKR7639,0.2146286384442138
QUR9661,0.511842705885405
LUS4900,0.47373724081564605
DNT6503,0.542936622181436
HZR5957,0.40519535267875373
XWR2281,0.33161775084271233
YST3431,0.5821825402078021
IEH3003,0.2461519374061705
NYB9148,0.7239753959108429
PII9352,0.32859374194401586
LEV9553,0.833982678757912
OCE4351,0.170835152678783
DNY8601,0.521160057038499
DFL5337,0.48739615407332837
MDZ1058,0.19554155488243866
ADW7699,0.28814230307966987
BBX5076,0.4692894169867805
WUQ6007,0.4288940838335814
ZEY1800,0.4627146852535463
JOP6452,0.46909432821569486
KIT4113,0.30029843134128437
LIN3185,0.4316750422792216
QHT8208,0.31138321374641675
JJM5633,0.481260298643088
RNT6014,0.5501371465771235
YPM1923,0.6887518982097713
HHL5681,0.18762393416921339
ABP4829,0.3350812703177811
IFX0205,0.28503017635311084
UEH3912,0.7304462743998413
TKW1098,0.3026801521939726
WYN1877,0.19736528872556144
PPN3139,0.14885264216466423
RUP9504,0.47119830394801954
TFK5517,0.7331393032179647
JEC2726,0.3592861730727909
SCP7748,0.238765390539845
MGW6057,0.489115578372293
YYN2755,0.1591101837548492
VNB5918,0.5547742363989595
JCG4440,0.5924912356961596
IBD2156,0.28819426303787676
VIX2519,0.4324054660584051
XZT8966,0.7162566350338252
JKW8832,0.6026267051172607
XQR4664,0.5361721418462482
HOS7277,0.5343285782990325
ZIH4509,0.4180329269600064
FZM2635,0.1822468490207829
BQQ2812,0.5680004855719742
QTT1172,0.4699178772521376
EIR5523,0.4195353832210345
XZO0242,0.5599232916340108
AZV3528,0.45254744016809706
SFX1939,0.48545189640867087
WZV5563,0.29254237677617284
QZB7687,0.1525536569010133
FUH8115,0.39640634238888783
TMM9869,0.25139499328855125
NCG1476,0.20688782335291028
WJN4297,0.36317620976842147
RAT4822,0.41140432071736754
RIC5857,0.4652741619500855
VSO0563,0.625555472781011
VMA1558,0.4800606815207772
BOL7206,0.3774394796035551
CZQ3950,0.24337996466695816
NJU4912,0.5201687092520153
GAZ8594,0.5908374481376629
FOX4419,0.233728330149866
LBN4213,0.573927441580035
ADA1940,0.5008110746810771
ZPG0651,0.6500164886913922
KEJ8705,0.15467324546462344
UHB5802,0.2595662049685749
KMZ7327,0.3723540500584244
NJT8387,0.5181840693782266
XAP3954,0.4505494190162098
FEL1637,0.7021754456608926
IKV7714,0.3359004147069383
DPZ1880,0.6038315246107949
RGT7421,0.19156025165086712
AEK9286,0.5816416984234871
ROM8234,0.4947136696223498
XQX7484,0.5459418725005448
OLH5732,0.3193989557511886
EXQ7424,0.4236708137384534
FVH0886,0.38824450460358245
KYL6652,0.2545418165241826
KTM5656,0.7154212945687425
MIG6527,0.5174992792582706
SVR7025,0.42539597679832203
NCJ4089,0.2869582858545549
FHS2667,0.1912362705270026
VHZ2363,0.4410677990119592
OXW0223,0.4564333787459523
PJU5928,0.354854626797002
IKH2812,0.5051780714351107
VMA0683,0.38220051076476963
TGG9176,0.15435268677550115
NLQ2220,0.36389613996620707
JEG1496,0.6988202787846315
KDZ6336,0.39469651403020356
JQL9820,0.5253696250612199
GRD7737,0.6539143659529
GFP8654,0.5940425511666404
SDO8567,0.29394425632708393
EZH1168,0.4694611682274692
CQI1581,0.43655149695816514
GDQ8895,0.25211907690232366
YRC6765,0.5900961494358592
OCH0693,0.32685682387159404
DRE2586,0.5031709191674839
EWP2402,0.296240077902912
RIN1708,0.5326945173804519
LKO2402,0.6535883837384429
RHW2826,0.49425415694229385
NNX9566,0.7242428117060726
UNW5036,0.6713309494750991
SIZ4373,0.39271785275849613
XDX8398,0.2803516317529392
BVY9650,0.4195338250276293
UBZ6506,0.6841788302955952
BOP0282,0.4140699720912742
XIU8129,0.7318407946992185
NYD0344,0.5917426933410658
VVO5031,0.467099652212353
XHV3554,0.41426406635046853
KZH9892,0.40404316022432774
TYJ4103,0.4494628437856248
ZMK7102,0.463159225714887
FFI0442,0.6747359242453859
COH3368,0.49124120898858553
MID8808,0.6375870005423959
RUV2796,0.4803497143048962
QJK7408,0.34670451328418495
JRH4838,0.32422020059979056
QQX6215,0.518145392253855
NWZ2697,0.5993776764065781
EZU1406,0.5826228390322765
ZYV2745,0.1934964266575279
SIN0801,0.6533483548388416
EJO5929,0.5427175961682099
KLU4765,0.3260425105436154
KMG1756,0.5237168444196054
XGY8792,0.5317395634066633
TZF4711,0.6148108782639717
TFO2196,0.3171247844649577
YSD2730,0.4093105029331182
UBB5348,0.12819764335214773
JKJ0093,0.28673056475511244
SOS9493,0.41923274089183665
CPV1365,0.37655090663283886
BSO9027,0.7152442177401876
XJA8753,0.6634075041733476
GWN9096,0.5385023345828949
MNK4884,0.6569337890612548
PRK6362,0.6192507809493576
LQN5334,0.42462857574878493
OGJ5702,0.4999212803940892
WTD5629,0.43572264346019185
DIE4208,0.5120352948144122
GNE5232,0.36967633521041476
OZH1950,0.16072637333275358
ELX6331,0.5427856237761708
NPC3191,0.28129915735226085
PAH1597,0.6889391754049111
BVJ4858,0.5438190596186381
OJP4439,0.2501376334260385
TDR3485,0.533181190192524
AXV1661,0.3808029068706058
RGG1369,0.6564968767188148
PNI7364,0.2951620729335239
OTI7000,0.5586434085946768
XRG0070,0.2752424635472986
PIP8809,0.4719924701138201
GWY1981,0.2132664687179997
VZI6264,0.34045703952732476
WVO9284,0.49637798643148523
RYX2969,0.6617818799073024
HUI0041,0.3306196937052611
REF0444,0.3042563582970416
NCF8710,0.5838483927131582
JIH5267,0.5027826487433221
SLV2360,0.6356599669557655
FCQ3915,0.34568915166230985
PYL7123,0.35714130714449066
HKH5725,0.26473417836816
XLO3239,0.2386055846539085
OLN1336,0.29222400476863897
ECP4621,0.4782126954384251
KPS0064,0.5801849694049629
CLU5954,0.3794655002335207
UNG6284,0.19347543797973146
VYF7983,0.607940945023879
URN1834,0.6336568546115968
OCH6913,0.6821039812264217
ACR1583,0.25515159150271816
ZYQ4775,0.14746446620619671
BNU8024,0.13648334178796015
PSC4692,0.48813757901347893
MWK1300,0.7068006330823865
VTZ7837,0.39750175647068314
GVY3459,0.4461696193927441
ZXH8781,0.3067207570506253
PCN7228,0.6122562968587317
ORQ0272,0.22680631985142408
WKW0910,0.4860611394778541
IFM5092,0.4245998099687887
HDJ4116,0.6512331101377973
OQB5335,0.27811470385990694
OFX7490,0.5825557212736499
OOU2927,0.5034655550176043
WLT8543,0.5604499209328927
DYZ0643,0.41670881098428614
BHE7518,0.18805639009850525
OTE8834,0.39158265378190926
JKZ8611,0.6090488450938911
DXF2796,0.29684011619033573
BKD4940,0.6037803377319338
LJO5796,0.5089114222669562
DDJ7985,0.38820458481697345
NEG4016,0.7479301595469972
MTS4859,0.304204075441672
ZIQ3070,0.1261522050139819
MQR1484,0.5427546508851611
SPG2102,0.3920427973356082
ZPG2396,0.5788230634163332
BWG1095,0.518246497424665
IRG5962,0.492403895049217
EDN5025,0.45498997043853456
TLO0577,0.5017666693895361
RJM5646,0.7342871470298531
KUP5538,0.32948194605486864
ZMH6406,0.5707661874095445
TQI4631,0.7652853343455703
VRA1232,0.23998565194725033
YHS6319,0.34861365628456514
FDR8571,0.39879229865285143
UMU7047,0.29757896534183975
FCY4622,0.6920151809751574
GMN0416,0.6208421189224312
HVO6893,0.6029609466799898
ZWR3316,0.36284967476864655
FPP0788,0.32919017335732587
SBF5209,0.40226481580968515
FCJ4472,0.4305228623815556
KMK8317,0.4761102477227084
YGK4233,0.40990647696243687
VDZ0820,0.5249085169055805
EWA2578,0.5386264506898012
API8763,0.2840174810161152
NSQ5830,0.316505871088067
XIV6334,0.3815870960951963
RYE8536,0.508422980731427
BYZ2502,0.41101766834375847
CVW3012,0.21242800056248165
XSP9376,0.9139063171182166
DPX6274,0.7220045767538618
YAV7462,0.3398873077522442
TCX1554,0.49089035594814856
OSC7642,0.13457491712868047
BZL4977,0.17814606543499473
GWJ7994,0.5336505790263907
JLQ1365,0.6084357159987045
BHN2813,0.44555644833145525
BKI1459,0.4821355132276285
WBD6906,0.40201470640289755
RNM5558,0.5264308417081052
OSX5974,0.5063073456108694
OVX5430,0.23018419860215547
IJG8643,0.6553778331283117
MER4585,0.6196095291201179
YGH0528,0.628528808335762
MXN5427,0.33910316596659784
IFD3298,0.6656670420982765
WNY9805,0.7177422729914132
NOL8760,0.3979867644154658
HRT4289,0.537527096548564
FTM3729,0.411631420089332
JPA1525,0.5006299085819038
AAC4913,0.5300580070348627
GTA1400,0.42136133081087956
ENL6464,0.8155550433153386
CHE9991,0.31513974477592616
XDY1278,0.5922885669524228
MVZ9561,0.32034869829987656
NGC4607,0.23115687158194126
BSB1812,0.7683426626371387
GCQ9238,0.7711421871213668
QBW1615,0.6256460771991273
OJO8099,0.25252778460657904
OUX2052,0.2645735804925191
MWX6680,0.347588049692784
AXZ0961,0.34416710116241356
XPN8077,0.5834345737083908
FZL1982,0.494436831070875
WIC9070,0.5962223611870281
HDF3459,0.4310448323272004
NGD0004,0.3641760678898168
TGG3926,0.4690402040063236
IGK0243,0.22575917167523282
BGV2526,0.7574591780023889
BLC9364,0.4401417331176272
OFD7539,0.6712623554090824
OAH1823,0.2661934216609774
NQZ4084,0.4841801106135238
IYX3416,0.37094731543344184
HDQ2252,0.5458045341618554
VBY5671,0.3911740198722515
LCW1193,0.4303149224155679
TNU8061,0.478440374532249
LKL6935,0.29030416442983026
SUS3751,0.462380062665438
VGW0131,0.5645445500414227
WZM8088,0.5660885508013103
MYJ2040,0.6439792569248298
KPI8713,0.7344920216780755
HAY6713,0.29345833815828243
DZA1378,0.4931620822337845
KEE7365,0.2127820320425682
OWA8647,0.46317641971016427
TUJ0235,0.6608808177986072
ITC8151,0.46726490839443946
IFG6313,0.36140752691849937
MOK3205,0.725439390101294
FTY6144,0.40612178836117435
KOA3700,0.6966146296270077
PYP7703,0.620691064102217
LHC5900,0.3113030094389662
JGZ2115,0.4441927500701972
UNI1663,0.20906613997761972
ZFG6509,0.3214190672463122
UNE9379,0.2669245174201605
XYH6411,0.25597132278194845
QTW5754,0.8195547282411103
FSO3694,0.6613144565922099
HOY4148,0.34205682605740767
VFR5550,0.4684623639078697
RJC9683,0.4238922848018885
JMP4506,0.8642598556120916
EZN3332,0.6552145896447981
ECU2366,0.5442161768503696
OQI9772,0.5372585376555463
DEG0862,0.0972421402347333
IZU0386,0.4392642764802301
TGE4171,0.37447625950423047
HGU0195,0.5728707466364514
HYW1345,0.14266818023753922
KWJ9347,0.3895821586529914
NEN7347,0.4198977245030518
FWV5794,0.5123638549265268
AME1301,0.5401298203406611
YHQ2814,0.4086050898615075
STY4964,0.22317074160059006
DRD8345,0.6173066030134471
JRK6366,0.35232736631389766
NYD0866,0.5844560518379243
CFQ2102,0.30328962827044703
VOS7787,0.66180284691373
ZGN3501,0.44867219746381604
VIU6738,0.35446004846180845
OEJ7985,0.260112102576035
QVP6329,0.3702293394846961
EJE3330,0.1777746710005463
NZV9061,0.4272531958127558
KZF6644,0.5489762252918504
OCA2457,0.735113602013126
NKJ4924,0.5686979901664109
SLS1109,0.1982216775085279
BID8669,0.21455463507418115
AMX9569,0.4685465257940974
AKU8460,0.4230973023881252
RVB6841,0.7348499416119697
BJP9895,0.27878238276091644
NUI4528,0.6192553921081526
YLV9127,0.3371631637462652
NRU0188,0.39383884556506193
MSB7840,0.28702692053579437
OUZ2583,0.858490144400214
IBB3805,0.7518916964219446
SAZ9515,0.2284468166119439
CVL2907,0.6523467757819856
QUY5674,0.4703226730640989
DGM8734,0.8329254059560826
EXD0090,0.3751821752102332
JLL6388,0.37101631642675065
XPI0088,0.7169476926064275
FFS4989,0.5421375916850201
FKX1094,0.4271302998709743
HOS1189,0.5001089028967655
DMC9213,0.32035187054078307
USS8184,0.5410873791500167
NLR9778,0.6500988324658118
UVB2218,0.31611885433726095
UOY1581,0.26951856597920537
YGK7391,0.5406441142338192
EGA6066,0.43523300738398935
DXI2554,0.47604569615101155
JYQ1182,0.6224109219111805
TJF7046,0.4843889683892142
HBV3751,0.4601261190006281
HIO2881,0.5105710890956022
KKW1949,0.22890182183788374
EXO5445,0.5689572028552605
SHJ8274,0.4537854472098924
PVD6218,0.43682508762643263
GBR0983,0.7374750694894211
QFH9826,0.8388963750973135
NKJ6268,0.2178337322760127
LOD1596,0.26594271363833416
KZO1947,0.17463189576133248
WJY9773,0.30082390325904085
OAB1566,0.26003623083767474
ODN6043,0.3462052497161169
LQC3204,0.42462917966449376
FUG0693,0.42990933440063867
FON4316,0.3680577010194642
QRL2739,0.5710754318668034
EUV8682,0.3089947034431882
CPU0483,0.29204275425298737
DBC4185,0.32612947192646763
RHI4955,0.38001540470257134
DGP8509,0.6978949915791787
UTG5131,0.3608887953299231
ULJ6592,0.6026504172439989
BBE5979,0.6933825028414322
BBR0750,0.47126180652843713
RNF0523,0.5506994779146032
RMX0277,0.5830750737018854
FHW5229,0.6626446543940672
JAB9481,0.3303654163629406
PEX1813,0.3518852949648628
KOI3974,0.4380049953082049
TCS4563,0.5053314599201102
RBV5707,0.7396585608722279
FTH0281,0.5441038359614844
UAH5815,0.3916912033387752
EUB9838,0.5495846347689249
ZMQ2617,0.543221380198219
PXN4987,0.5911502370414208
NJW8728,0.4341766368810007
NSF4229,0.3227081580860867
SXU5601,0.5578891213912631
WCG5642,0.4476894424449907
IWH0066,0.2871589882125463
IZI8962,0.6916471751134735
ZXI3114,0.7099279399736963
TRH0877,0.3676528552684294
DWS1156,0.2937911808209723
BNU5172,0.3336486276428137
HSW5481,0.3240359130575321
KWN7089,0.5152118119887023
LFF8505,0.6044172217002597
GVX5582,0.4833613264028624
VDU0832,0.4978784931629599
VIJ4798,0.49372626765971966
YMM0458,0.2893544198736131
OGB3564,0.37716091796414447
MEQ6866,0.636526492670244
AOE6958,0.36954608832991426
VEK5561,0.2480379360266924
WLL6206,0.6204429868400279
LNR3498,0.29580791797157113
YPZ7612,0.6948324271544656
GCX1531,0.6211363717312038
TXA7847,0.534344890782384
FJZ0116,0.5393372257917888
LJZ2683,0.4826863085305145
EIM7860,0.3300823522789786
AUU3823,0.5818371900308528
CHX4581,0.6887428727312679
YRD0437,0.344093840725549
DAB0671,0.5250207868086157
XDO5057,0.44982923250591517
ZKW5475,0.5540656893833902
CGO7243,0.42614525305671946
EWZ2252,0.6123359763976556
BWC2297,0.4132481451984837
HVF8197,0.4043824783380203
AYH9061,0.6147668328746344
AME3933,0.1933562731149409
XNC2032,0.2349505451664909
VTH8783,0.3149694768653352
XCY4881,0.38393853751984336
GSJ8580,0.34077782782705696
WQQ5955,0.585199916279439
OMK1405,0.7158573712751662
APA3758,0.285087662254344
LMZ3692,0.6358897374348575
CBX0707,0.3262097255288462
HUD3876,0.28788054184438155
FRU5905,0.4446973594710797
PMS6526,0.7813104084545878
ZXJ7471,0.4845742079043839
ZBY6746,0.6545990809427902
NJT9868,0.7461821906071602
UVY0564,0.20104129724957806
SKW1143,0.37645678620242184
ABG2525,0.4099916314386535
UFU8390,0.6713459218778767
NGT9960,0.5648005776491231
ZRY4907,0.5460671594927221
BGA9143,0.36954146529237814
SBI9198,0.40092084907229586
TPZ2821,0.34266660913587854
ZHI2106,0.48412418431013354
GJS5356,0.6957482968904503
SAR1513,0.487655155693088
CWB9113,0.5455228938818231
XEL8841,0.36780686504937776
ERY3718,0.29574193888843936
RJE5240,0.17463859846629406
QJG6699,0.5648241271971862
RGX4351,0.6115038710379802
KOQ1552,0.6291101028830884
DFX2670,0.2372358384255997
UTW6638,0.5129288208795554
PBX0575,0.5833298836271634
DJU8355,0.2716298108549015
OBM5317,0.7348520253069635
UHI0457,0.3264714993534586
CWC8353,0.6733260045246495
GTN3770,0.41327950801960495
PWP6352,0.4432424333342309
BVD4367,0.23148234146717456
EZU7351,0.5648091018362696
LMC8257,0.7103340790151956
WXD5973,0.5694486249318725
BQS8990,0.4364101198373897
LZL3343,0.37614599153872846
SMQ1462,0.5049964169900194
TFY5736,0.4929150222457723
NEW9673,0.4790671767085843
WTI0208,0.7350588911969415
GOL9753,0.6352652513563333
HRK1159,0.5259611163335205
QEK9330,0.4442109052067274
RXH2280,0.34674381368486945
ZFI2141,0.5359027687395259
FBP4085,0.5847591911533926
LRW6457,0.2541663547957778
MSA7617,0.2357135125069811
HXJ0847,0.3506387367098928
FNI8232,0.23667148304282162
LRM8286,0.6247742624360245
PFV9823,0.1795329115024436
JCE3764,0.6681582356022933
ZHX8548,0.5506942781810433
QFC8467,0.4610541116444001
VNH7366,0.6300559025922593
DGR6762,0.31273855587250327
CQO4483,0.35528052742951655
JRA4800,0.5824186138671523
VEL6171,0.5446066531251698
ILO6000,0.5570002308993135
UGZ3030,0.45066966224006394
BSB4917,0.3822112439756639
THD2413,0.4898288107239453
CED2110,0.5606993830995765
LOR3260,0.2688573658351917
SIO5381,0.565923796307173
AOZ0664,0.17566931916205958
VHR7684,0.10153113238533042
TFV5435,0.6076624493888679
VNV6240,0.6822329370065825
VJM9383,0.2202410968284994
EKP3156,0.47592394023400164
CKL4208,0.7756111917567033
QMQ2073,0.19797395773960877
ODP4214,0.5746071626628032
EMQ4270,0.6980473744071264
NCO2846,0.827875752368722
ZKW4912,0.5840199020983604
FSY0685,0.40992385666010406
PMV3303,0.6589071358850267
MHM7359,0.3043450117917944
AMU5446,0.7024243093378785
VOP0406,0.290136722636598
XWN2574,0.15666202852806208
USF3234,0.32500688929507626
BWZ8496,0.717246397266642
RGY4012,0.2364142735326605
YQH6242,0.6120750892114187
NXM9286,0.5989314224997438
VPK3577,0.41645831482621426
ANQ2382,0.6052309923910852
CXF3459,0.41194851635588525
YYD2813,0.39095214789405935
DSE7516,0.3016850033027309
BIJ6208,0.5108683946773879
HKR9614,0.7760717574902566
MBY2881,0.3364480003141244
RNM1234,0.2118807989604415
CVF5149,0.7307108334120557
DQT9935,0.6080877522364626
UXD3629,0.1631492212058531
ZPM2559,0.4278304465213237
SUF0190,0.4435277638932488
UQC7394,0.6899555123681548
MLL2713,0.26112381515198235
MVW1001,0.33836819880229674
ZOL0937,0.4214208231861879
ERS5113,0.3391759738193019
OIQ3452,0.7075784450556061
KFJ9679,0.21049339749314777
UOI3318,0.6473946517282189
TIL3217,0.5854990234875785
LIT9079,0.6928573059217463
MGN3958,0.4623130390261014
UJS5723,0.33150634559314723
NFP4748,0.52572206726266
SBB7768,0.6306971653749812
NBT7826,0.5714913614915329
XTT9899,0.5843959711904688
DHM3901,0.6425692122761225
UBU1016,0.6345878065655312
QEO5046,0.5288601988951372
YQK8315,0.3402155790408449
JEM8731,0.7056588655773572
TJP5066,0.49188659837441495
ZJU7735,0.14890699347132957
SDI6080,0.6504817121509979
CZV3482,0.741258313212998
PQX5630,0.6114525957684869
NKZ0214,0.45417502303143914
HLX7206,0.3694880657552416
YZX8841,0.20712197074685973
ECQ2509,0.6483765888399681
MYL9728,0.6012833417273422
XAQ8230,0.36001038825110576
RKG9466,0.754813094320556
GFM9961,0.4338268185817326
ECR8128,0.10487675613539159
UUR4860,0.3690735629515324
XFW2308,0.24593862387787288
EGP4520,0.4689098293016148
KCR3281,0.563607279543622
LBZ5822,0.25232362504595657
MSP5345,0.3708493600768784
UZX5829,0.5027694944329293
VLK8520,0.6805098552629677
UFA7337,0.3260074253918995
NZL9708,0.5047297696726297
NPS8684,0.5261648307352532
DAB4074,0.4644996127946262
KHQ2631,0.2747463450768063
LYE7723,0.515189745499826
IGH2607,0.8401770327420068
TAI1258,0.6241759007276358
BOM8677,0.38264266830674226
RIA2278,0.47202581057663967
MCP2020,0.3687362993691757
DMU7521,0.4085912702477777
OAN2005,0.271005080787419
QNX1018,0.11105004845969522
PIP0182,0.4463302201510643
GFF0570,0.16107674501598251
YXA8986,0.1823633936050921
JLU8438,0.4364046642553445
ZYW9004,0.4039842086973918
NFM3278,0.4048653600587339
KIU5533,0.505467935175157
FBW2168,0.43891412205689073
NPG4374,0.21221546362924928
FJL3478,0.25561483614937536
CFC6920,0.5109104491639483
YLG9645,0.5284097845947666
HQA1719,0.25333104466274103
AWQ8996,0.25028516529742223
ZXA8304,0.4397194972703344
UYR1714,0.5646731410604138
IWS8403,0.4286033664095915
BGN8123,0.5757740561694049
JQP2398,0.3824869952229985
XBS8326,0.3095795025414131
FNI7163,0.5744162714700382
SOP6458,0.3757363161321044
PIF5803,0.44951304369379214
MKD6010,0.4245905595249579
FMP7211,0.48222946812182366
VHF3016,0.17666221996355613
IWS3982,0.449284088023543
TQQ4585,0.362976775704729
ADE5557,0.2881306187222172
EGQ3082,0.5087663028426647
HQD0501,0.4500123811406987
KMK3923,0.5442851849417322
DAH8950,0.3355041699776377
CYI7850,0.5105314121605161
LKI8677,0.3729869360382506
WPJ1514,0.5170711277556752
SFZ0122,0.3794937001971039
FHA4722,0.30772319287343725
WNY7098,0.5821774658346067
UEP3307,0.4581955814639294
GAJ4574,0.1283202265124149
KYG4754,0.6182491256488728
BCY3028,0.46635454890799705
LFF1558,0.35301092753545243
YBS7007,0.47789083671079274
NKO2158,0.7142182245425241
SPX9613,0.17137819245208183
NON7604,0.6566230744749133
FFN7247,0.5309132725103582
SQG1697,0.5207719711356381
YDA3984,0.24839731612836474
DFB8435,0.4848166896789454
VYJ0443,0.27093660703344835
VCP7262,0.6950010296606534
WRN3435,0.47688499068910545
BTT2446,0.43650910904282225
LAH5377,0.43270322636222797
HSW3806,0.5159814084092949
HRO1928,0.4703638629379831
XLU8146,0.34465122255869535
SIN1614,0.5330667432065486
BLN1988,0.373550573835895
XHK7418,0.3276748849494092
ZCA7979,0.3144344360078318
XLB2047,0.419853430850658
QAU3695,0.44854078072254605
GOG3970,0.5030972178213092
ISN5239,0.27362885788052577
CPU1536,0.6763042708977084
MKX9001,0.38913595285234504
KOR9892,0.35196229570682863
NLU9073,0.5163315205157045
KIU5875,0.3379430477138822
WDP5238,0.6982732836341292
UDM5755,0.5962586878257371
GUK5794,0.2970673081642987
FYM8868,0.297585578467939
BHK2487,0.5713968605482069
ZRG1286,0.7931960084602621
XUH3076,0.4813913013234057
UUM2341,0.8428612057719587
ZJX6721,0.5309774975986669
SXV7548,0.5861686981727487
ETL5828,0.4089309104664367
YBV0249,0.6936130664541934
YWV0248,0.6688870190010305
LHV5651,0.4851825715177559
PIJ2107,0.3906910182431788
BAZ2922,0.44491859296673814
BFN7414,0.14180870789900843
LCJ4382,0.3840885143404881
MSZ7963,0.844138379330937
LLQ7511,0.5165483603320967
EZQ8929,0.3947654839194271
EYW3271,0.4975452301310927
LUR2550,0.6956817002932104
KWV5171,0.3917154859218425
BJP6002,0.604269376084766
GAZ6352,0.4567636080196227
NOE5899,0.3854106658564474
GSO6330,0.28916498606811913
DAH7009,0.6212346822586523
SLF0607,0.5345667521006673
PSS4938,0.5315256069923883
YGX9689,0.39528669971463387
BYQ1680,0.6590250576400475
NSD5065,0.6910064107940516
SBI5104,0.1534138816777678
URW5994,0.5381069178249676
LPU4091,0.4887711388940838
UVH6494,0.5277926446232775
OIA6408,0.5503290598307332
KJF9569,0.432600463019984
XSB8188,0.7400092408062166
KPN3155,0.5125020754919591
FSZ2003,0.6587324664632938
ESE6389,0.4304047440404858
EQS2051,0.43079705115854333
JXM7806,0.5985874005523015
FAG4187,0.19509306087937556
PSW9861,0.3342583028223344
ZZA4074,0.28674305617682844
HAU2809,0.7240420748717729
VPW4006,0.5320471603719964
GEK2385,0.5579662492970316
PSK0074,0.3834761377805074
JDP9071,0.5919047662875218
BJT2367,0.6281044109250521
WZL3394,0.19871087606162008
YMZ2832,0.303528188988975
CAV4415,0.27036886339468735
IWC6782,0.645207807022614
FYS1072,0.5650352563894789
BKO8859,0.36906293093653153
XPA1096,0.1731428329383984
UTK9333,0.1791438726420638
JUH0752,0.6146948819965434
CWE4540,0.6065617348342999
GTT5772,0.4936987965025616
NMS7261,0.4593013330347896
NFC6092,0.6879267881085604
SGY9017,0.33087219697573117
IQE8101,0.5952811521311665
SCV6718,0.6863507847973767
CHG1677,0.360992281464413
FXY2129,0.14581864862012203
GDF6179,0.7454034770579782
VLB7065,0.6532868985066705
HUT0035,0.6304428905757825
CQT4321,0.43889667933479865
EJC5633,0.4598734952093186
XFS1411,0.2751395558844059
SZP6865,0.6061253593817507
PRT5108,0.3571273220726989
MFG7332,0.7602983065485228
IES6695,0.21573567833908183
BGF6096,0.4031812347789602
KMX2095,0.5509921473084904
BXV0396,0.6025017600898909
AAS7113,0.4383729585540409
LXU4185,0.36737732194338013
AMZ2875,0.36977232470691074
VTO9083,0.517267970461601
OYV2826,0.3053007935332013
RVB3422,0.43144827182608164
VQL8869,0.4301497942436826
FHI3975,0.5458929029666776
MRT5122,0.6334278006691795
NZT2696,0.5779994105111032
UJV3086,0.4489893648750581
MWX2959,0.7064620491591846
JRH4241,0.6382006274912847
WDY5282,0.6596645675577293
PFI9861,0.38246186071429683
NLH1159,0.4040999427704195
UMO9863,0.5392727543004219
WUA2558,0.23480197666689404
BOV2617,0.49796973646499876
HUF8662,0.5963526884713739
ZGV6167,0.7655578585667555
FJI7768,0.5327886330926251
NYX8294,0.44189090582948304
WCS2391,0.43546284892591774
YXT8825,0.4095291271411717
UYD1555,0.6373723708414543
KDE4661,0.310798507000169
LFW3799,0.2676179844898573
BOI3325,0.3734832497561705
JBD3230,0.5429577630575725
XOO2590,0.7002779091945621
VPY3256,0.5159499102642161
FWK6396,0.5259397153330031
AAQ3587,0.3495411420926642
USX9973,0.326230979226127
ZFQ2099,0.6588102452458922
NSP0769,0.31607259856762965
VZW2794,0.4346955795350277
FPQ9097,0.302841202948385
FKC0825,0.379194658065156
RNJ6469,0.19218017915107985
FHX5987,0.5698694396914056
VKA7541,0.5276455496146892
ENB5449,0.671582298887424
PAY7678,0.38838581271847156
KZS3695,0.21128648591470217
WNU0768,0.46061381720664013
TJL7779,0.36484879313540575
HUU6061,0.8082395593577625
GIA7202,0.3049481887578408
JWY3275,0.7419285377543882
LRR3413,0.13117350513777137
PSO2484,0.8574310801534403
AMN4190,0.4242619010687232
CMM7729,0.4393451520807901
WMY3696,0.21371268586612913
VDS7382,0.3192270545234944
JCU7529,0.36676328363369953
NDV4582,0.2744914856986428
ATG3843,0.5729383829543199
BVB6806,0.5960374067103631
OVJ7342,0.5310995310208008
EWF4593,0.40509627703819007
VCY9319,0.2942273296858802
JYE6112,0.6039906859902032
XJZ7853,0.26565102037619814
ICI4338,0.33730174494179177
XMZ0098,0.7445878171080702
GEE3464,0.368223477626799
WYH5383,0.16919587573097325
IOA7460,0.5483916539507233
BGH0751,0.26395940553013675
BZZ8446,0.5825564710136579
UAL3684,0.30799113824092983
DBG4584,0.45221937455313926
BNH6408,0.2055188069750596
ZIQ5333,0.6091029856463839
IVJ7741,0.6769280340185647
NTP5344,0.45198412220685796
GVG0103,0.41947499763795887
YJM9336,0.38321445722018704
QFS7363,0.25234802426199743
PDI2374,0.6399277242812265
KXT0789,0.3405262399898343
QFP8139,0.20529390352334195
PUN5266,0.42736972668648426
SVH2177,0.40957736189160693
YJR6111,0.4099233385242746
DSS7133,0.5495146128910607
NCL7062,0.3268105635918686
AJU0855,0.4063751258285356
XPK4890,0.6577740662902788
WIZ9924,0.399377777251589
MGV2706,0.7886628413454694
WFZ7199,0.6915345289616484
DWL8248,0.35322719376563
LAN6798,0.5397273404328252
PFP3113,0.6616350238180496
UXE5171,0.42122037680489094
BWO7771,0.7385484510252243
BCK9106,0.6227676838749129
KFE5862,0.5761027167442716
OSV8609,0.6076945779255015
GBW7920,0.7424969367774129
LKC5945,0.7221269170758753
UGZ4314,0.09387821584328802
JWR3503,0.18026275519404805
JQG1138,0.4898392038973186
DVR8493,0.4602726199234035
JOT3091,0.6506104999842556
QUF3899,0.7409502239544895
ISF5324,0.3763344170651327
MEC7902,0.391523354870087
JXL4357,0.3945241675172359
LLR5129,0.32180794966184406
LLX6667,0.547718402632531
WTI7122,0.4883287418397037
PYY3836,0.27169011722379344
CWM5708,0.5517457562020698
ZWD0729,0.5666594140896034
AWZ1380,0.4945317450545738
YUY9265,0.5725910876275421
ZOP8692,0.3229110127561974
LTZ6008,0.3656160230902835
IBA5631,0.6813381040592414
GEO1078,0.384948776707232
MTP5467,0.22399135250355148
KFZ7463,0.3248905678201647
ULX1591,0.649874436681359
IGH0605,0.35360851654935294
QMP2561,0.3262369370246974
OPY8179,0.8021656797737118
ONI1797,0.45425562716646234
DRK4458,0.2756272619805214
OEJ7372,0.49875876358263654
GOS8120,0.3553773846007062
WPR9475,0.7035492674678283
TQS9197,0.5976139171102207
KZV0779,0.3098273174205768
HYL5313,0.2891930361130751
ISD8532,0.7251222644434364
XWV4369,0.7079807036012618
YBN0441,0.5855812660659909
XJM7641,0.12888693942116342
UOL9545,0.3061488894292019
GTK2540,0.677836384794772
OIV8849,0.27252682467137024
VEL5401,0.518992210545674
VON6500,0.7461783420436158
QXN3582,0.43023917475476414
KCS2600,0.2523269360609276
LNL3239,0.20596015671430795
ANZ7871,0.7282613458938931
TXH4345,0.2013710554003246
IGO7620,0.7286712284312101
YUW2965,0.68108145729045
RUS8416,0.19078138771670342
DHZ2877,0.7948517552356061
CGE1904,0.3599783536233064
DJA6086,0.5182990105779567
JVF2534,0.652328155512774
MDR1905,0.6783129506252273
FDM8444,0.3133788915155116
MYR9045,0.868874493691014
CHH7599,0.27665160300962705
YKM3043,0.27956830179993303
PCX2311,0.4222315385580336
BPP3429,0.4458340892429439
XLF7396,0.6940825421904894
QVD6861,0.4910553815134134
EAC9541,0.39484722185094867
JNY0669,0.8068172471911382
CMY7360,0.4348883869790036
RTG5042,0.7163306760065821
VPT3891,0.23235637056922995
WPR3809,0.6166003834899885
EZG4620,0.49450329415792454
PVO0967,0.6324368423551608
APS3407,0.223769497050249
EXM6711,0.46337758198829315
ASQ3605,0.49795372054137144
EMZ9496,0.34511820352959705
PRQ5952,0.7672544619121745
CSV0355,0.21581068498629355
OWR0811,0.3023177067910696
STE2994,0.4998123328863097
UCX8064,0.2605290219269428
AEO9747,0.40545350790779133
NHE1342,0.4467321079654383
FIM2448,0.29379521907108636
VVI2122,0.37743832461158966
CHU5307,0.30005360823464444
VGS2219,0.6442432585468894
SKG5089,0.43788798555912417
QZX0534,0.33312701458536365
KVW4203,0.4239474385400867
BTY4771,0.5471468655680927
VWD3593,0.6614563080963525
EGA7849,0.3849246633650155
NSO0204,0.4049469467132979
BII3399,0.3823333638849142
DIK3381,0.5305793665743191
ZAD0002,0.3589334880372319
FZR0923,0.2150781117260669
KFJ7839,0.43381538630954075
FDW9073,0.5316131548479859
CDA5025,0.6544858225572247
ZNO3134,0.5391557082751365
UJR5843,0.6774785725415468
BAY7500,0.5877916404603478
LBK4717,0.6374192832679244
JPW6842,0.8162381204429445
UTN7073,0.301407645404574
PLA9363,0.41673260265461326
BHU8373,0.6491647819758244
VEL7874,0.5291734083599746
OWV4701,0.6508650886818957
YGU1647,0.41827682955163764
DPR2681,0.37735590038477185
AHG3945,0.34969781339905015
HBA6797,0.5035044246781409
LIR6551,0.3837364553474872
QQA3477,0.45190997366535385
RLK8064,0.3513106769745498
FZE9803,0.28963110520346874
XHC4412,0.5580526597809929
KIC5437,0.7006970597699864
UJK6515,0.3791051549972705
WRR8006,0.4931512197818358
LIH6194,0.5376170442076237
HOM9326,0.4141597879190466
RVL6761,0.4355935620386814
OYJ9371,0.48671265135088415
PAS8310,0.6099649994588223
LWP0450,0.5399504258476856
QCO7801,0.5426662242314559
VPB2229,0.24894513405632115
SFD0686,0.7061099136315864
PBN6180,0.4794876341848739
OFV4378,0.8593175721331698
RJG6648,0.398897105729925
TJG3580,0.4218644476749411
JMD7331,0.6660505000737533
ZVK6303,0.34154372080411505
GXN7069,0.4583272419457208
MVH2014,0.786817047690133
DYT8927,0.5625920708739914
NBL0712,0.9093056553357105
GYO0155,0.48265448322836957
IAC9902,0.10765898005620278
DCT4033,0.7723169291389854
QWI7337,0.38860430211439156
TPQ6194,0.503010078156455
CXL1729,0.3861809823448979
TQQ5065,0.15581321493477876
ORZ3223,0.4140575192633934
ZJT2723,0.2560333301446768
GJX5455,0.11602580304148637
GAJ3499,0.36243904413186695
QJA2746,0.6066831644729981
IPN4571,0.528428372414082
THG8073,0.3881195593863561
UPD6273,0.3896365729772745
JYL9827,0.48027937100555634
UQX7522,0.3966251470786194
RJE7226,0.6390009132866812
PXO0226,0.5571320632497857
RVA5201,0.5371709826618735
AEV1617,0.5302926171108883
QCA6988,0.6015447029112876
BUP5917,0.39400271209343884
EUC7877,0.22118365529529552
LMA1495,0.4979556565728389
DMS1343,0.2720661218766527
BEY3736,0.572043205121509
REI3559,0.4202864915303431
VFR8526,0.5876998152982378
DXP3708,0.2914340396440968
CYB7594,0.5342724315155579
ZKB0497,0.4657533443166803
BXD9603,0.43586615964948916
TBV3936,0.7218192198006015
MEK8872,0.5659101637655417
AXR8386,0.3785074719415799
HBK0550,0.19496953994022942
MYM7993,0.15915367813988684
BFP0803,0.5400672955684273
OHY6574,0.28483013344986813
XVS7344,0.454477160627921
FWE2319,0.5762034041817825
GGE4068,0.4841289603279922
SFQ5356,0.39651243342289816
IUR5201,0.34880998224700555
HIZ5925,0.4556095380169932
FLM9708,0.6005769592566734
LCR3080,0.5627359992828723
LFV7294,0.299549882293635
GTV8967,0.3795583868560712
XIW4088,0.6981684507330768
PDB5618,0.5638093145732685
IKW5382,0.31917833237228155
QSW5028,0.3320250030298836
PQK1609,0.3957002684473417
KFA3706,0.48136906135267477
ROG5869,0.34469128236001273
IZB7057,0.6453555295878869
UGT0576,0.46434205800801415
IKE6341,0.3517993028663425
WFD0657,0.3405835593210845
NRR3437,0.16443499875615372
PON1393,0.674929308279111
IKG9157,0.4581469634326986
STA4873,0.37796007750160066
FGT3217,0.4240980481716696
DPJ2630,0.3582885841062717
XKR2285,0.37230577842542084
TGU4244,0.24662741578758945
WXE0371,0.823302982029302
SKV1611,0.5670179662437362
WEM7796,0.27869748940619254
HKF5825,0.3049788772244359
MMB8694,0.3221713322182194
YSC5977,0.4880649485221423
ALD0226,0.48783431450274267
RUJ1149,0.6884214641921574
BIT9596,0.4424885500522853
QDY5235,0.4416710752344937
OBF2010,0.4688862583433952
DNI4141,0.34751450283409946
FIO3277,0.37329045871614197
EBU9897,0.4026263880007064
JBB1038,0.6959090156403415
HOK8117,0.49582975686326597
ATI2837,0.5656351381511237
WJN7406,0.22567530022173368
TBD3532,0.7511265191859053
NIP9564,0.8416339157911717
JFT7708,0.44726646096634365
JCX3888,0.7023592868956651
ZJT7098,0.6643246240227024
HMK4154,0.49710065811921844
UAO0030,0.27658829687765196
VUF9010,0.4443530589047925
DWT8749,0.6595812492819355
IZG9580,0.39839909806268575
NAV6508,0.29784889934886205
PVN0440,0.7566660491312022
RBV2680,0.8255069887753218
KIO7475,0.2075178408559004
QIK9112,0.36336078606784666
YNP7424,0.34259851746223025
LNP2526,0.7725674734964251
JSS7069,0.6179412223004002
BOF6549,0.33778445985814914
ACZ8821,0.4486981660444401
BDE3165,0.7134944619512634
MHK2146,0.6164138445672728
CFC1014,0.7097732169369592
NVF3938,0.4835971518368816
BKE1559,0.33442100040970824
XZY2744,0.26881761300515156
WIA5017,0.6629213759800964
ZIX2511,0.5429068344605003
WGU1584,0.43169791476745517
HMQ7762,0.5856890191680985
DZA1512,0.32407624530444873
BZT6517,0.7773891893132442
LDX9294,0.31592601847262847
AVJ1407,0.6763884007464301
LVY1540,0.21103638319749862
OAQ8445,0.5930747476334528
IER3992,0.44055189577791215
GSH7565,0.22478108623946455
MZL1445,0.5462783021282526
UTR9251,0.312500771420623
CWQ8289,0.6620377747185923
PKY0579,0.3951256476931578
BBG2676,0.32017209705394717
FJE1300,0.48523897591160337
SVU4532,0.15864220359729883
HLR5621,0.32992204640242895
ZKG2634,0.4276806368156626
EMJ4291,0.4940008490152433
KTM9004,0.4129333777064117
FEQ8164,0.4699257044788938
ZXH0943,0.3728577599691253
TYU9186,0.35707953596892894
EEB0624,0.777541051041508
LWQ9693,0.28487831273588804
AYO6751,0.4805413495228712
MEM7039,0.6852711218856403
XCJ2719,0.3636726355872134
VBI9490,0.5313100497370276
JPN6438,0.44066699375833185
YOP4022,0.2791102888291428
WIE1670,0.3279732111985482
ZZG1279,0.4703716028665378
IBY4892,0.5047375622852605
VRH3683,0.4242317813487066
KTV1619,0.32551600729920266
GQB7094,0.5861554441620268
YCU3371,0.4035959664324131
DTP4491,0.47766590015765836
WIV9796,0.4004313154931204
MJI5663,0.4598319150860109
WCR3433,0.5657396641597588
VYN4221,0.3611803637855962
HVJ2795,0.6238230647478847
WTT4377,0.22370776577522353
LDS2388,0.16210821978249942
UTE4496,0.36198044283763775
VJY4583,0.5762247991213056
LSA7964,0.6605266217026243
BZV3649,0.3637560641583936
LWS1272,0.4641287033327261
VLH0947,0.3223530799741531
ZVO2998,0.23389264357160175
PBJ7693,0.7786154914472315
KQH2058,0.39830553179932854
ITP6992,0.6858997549221495
WKQ2030,0.41112142476100194
TKJ4454,0.28528561742691616
MCT7093,0.3222149950046095
LQQ6326,0.756852509324826
RKB6395,0.2187977318629059
ZAH9261,0.5288903692965315
GZI1127,0.23896124728445156
CVV6331,0.6652943039249984
XQA2811,0.4975682054778228
SYI6054,0.6462896187698036
AMY0655,0.21096215562687673
HZK4281,0.1917768294900956
WNT8145,0.34108016642809513
CCX6236,0.7410223500204939
OAE2016,0.23599313267387015
HHZ0542,0.3563760519853765
DZV5764,0.4459548886681236
WXR4271,0.2905729692410383
NJL1519,0.5925612563524728
ZBX8960,0.3177548259235405
TCO1239,0.8048514769564452
IZE0277,0.5049772005911639
WXK9583,0.42427656251562407
FBE6451,0.5665940722251165
FTX0418,0.38718314455330866
UVJ1190,0.6091212290423087
ZQD5170,0.313401470363405
MMG0954,0.22813177999225132
QTH7652,0.47712895222269847
EPL8454,0.6818960850361812
ECP8252,0.735304774433885
ZAU0784,0.7912442096541278
ECW3835,0.6591581999230108
CMS0318,0.6669455150043506
WLW5649,0.28383301056049315
JHX5386,0.5670409478282806
PCH3333,0.5893446646380794
CJD4090,0.3086761677081862
ZHQ5954,0.6507824856564765
TFC5723,0.52020244162235
WRQ7331,0.42895536178441207
KAN4912,0.2787317832273885
EPD8279,0.4585056114860066
PDC5099,0.6338500533490955
DPY3938,0.3878019558876798
UDO2330,0.3926042620531563
WKK8778,0.4075062106933758
KJM7083,0.48329539260776017
DCA2616,0.36237757214424887
XEH0275,0.26359195670036567
BVJ8088,0.47053226607331383
ZAQ8758,0.3482115215330695
HRF6526,0.5844274042989063
QQJ4189,0.8217319845068544
ABK5848,0.7338883118741498
OEH5253,0.7220459049255022
FOT2445,0.617722826289664
UXU8867,0.28795075020985805
HUX7982,0.5136904375081903
SMV5436,0.7214967063105597
FBQ4481,0.23924812018253835
IUV9080,0.16569870472756393
LRN0740,0.5046453806693261
CBT9092,0.6021472970125925
CQG4678,0.4418167899541331
JGQ8837,0.19088356990593283
RSE5980,0.3699698112763614
WSZ8728,0.4654211677164543
SAD7889,0.7604633345122409
DPH0398,0.7756283117362003
UQR7067,0.29104505836157174
UUY9624,0.7766226430486374
PVA1710,0.8077202190825707
BOT5603,0.4781472032450465
LWY7653,0.368456765913764
YDH2973,0.456754912158502
MEE9924,0.5378190306931949
DFH2841,0.5378511556811272
JHI3131,0.405872342702254
AGP6903,0.3946073836987381
RSK5328,0.3868302792651265
VWE4596,0.3793166760100692
EVB4879,0.3226591909475883
QHA7457,0.7342462188921893
BTH4717,0.6920193752761438
ZYR3814,0.4206429743089907
IHS6850,0.700345328838375
EBB5326,0.3358009887076925
UOC8757,0.47600947899390395
VGX1724,0.47087197257005203
ZZW2620,0.3767816698446976
WGP0738,0.35419632613765983
NDT9688,0.4556759901558041
RDG5759,0.1329130097993476
MBZ3219,0.5617371601210385
VOA2778,0.2906411127686964
TER1659,0.39757791963418027
CPG1677,0.38907516325722435
MTD7705,0.5765134803197176
TXG5920,0.49665243868334874
MYX1390,0.5370972852052411
XMW2906,0.5207978341588339
NVX6011,0.3590206469020914
LYR1389,0.48064929006367185
ZQS9453,0.5373920782372343
KVY6771,0.3478927424795903
JQP6097,0.3864631065977218
ADB1236,0.42076418180432634
FAA0655,0.3595587235081536
RUP3785,0.468432208314356
VTO4977,0.36987234332962554
OWY9257,0.4310432712866818
INZ9599,0.3279471843904004
UYV9434,0.3711117987638851
QCN3988,0.619091027099467
AIJ4474,0.3075847269108248
GMF6125,0.5497020635723395
RWZ2877,0.5505630245263683
CVR4043,0.3904653119082631
RZY7054,0.41914740014911545
QPL5273,0.5778947704196064
KKO1796,0.7805035337660605
DHQ9595,0.6975351664825137
OUT6240,0.20798801473617173
LIR4665,0.39027168826622743
VBS5912,0.3792927804038547
IEK4502,0.3140935482997156
FYA8853,0.615948842830517
FOH4659,0.7902441053662154
XNC2504,0.36987503674904776
SHN6071,0.6589668157365093
FPE9638,0.19064747911950716
MIQ2318,0.3790434114988833
NKE5145,0.5671898913497405
BNP0383,0.22494609807048996
OXQ4019,0.5298213027772944
QLG7535,0.2805120756526464
NFG2213,0.40704465037299487
EWY0202,0.6077711765091428
LXZ6473,0.6552068810116524
XLJ8555,0.670735913209491
EIU1933,0.5875581700146709
YGT7289,0.5314089742181819
YNB7874,0.4945595455854244
NTW5371,0.3123107560162394
VSN3165,0.4389632266997145
BCO5595,0.7769607227432906
NZB4891,0.5558336335998586
UTK5485,0.5866733591080923
SZO8539,0.22592662693523136
DEP0199,0.5362838285298109
ULJ4832,0.44866756321396795
NLA4883,0.4637082220157403
ISZ1044,0.3745968061008697
VOD3596,0.49115667198463225
PNU9920,0.16481726760930498
VBP9681,0.5931564212184787
UFA6698,0.31446919622205854
IJP9499,0.28708409746697416
FDY6857,0.2963730715733634
LSM4366,0.2776217104771466
BSH4545,0.3301673251259884
VNF0492,0.46829379265891197
NRN3248,0.6573228067565926
CFL2795,0.4280772212715311
UPY6262,0.6917013069934097
JWA5753,0.7134546629092141
YSL7643,0.3737248230825019
IJE2413,0.6053978745364638
HMG6508,0.5544389397124847
OND1652,0.6021635077065663
RCD9204,0.5586467351087732
CVX3958,0.49264728269657126
SUD2927,0.4696797227218697
ECC5428,0.29546369838784514
VVF6053,0.6619645721011026
ZUW8629,0.4096703822196009
QCW0913,0.4785952803003792
UCQ2988,0.34534953461959056
VTI1308,0.39211620106570405
YPL6010,0.5486287276013354
FQY4754,0.6669954933879387
IMB0115,0.5787169347495799
TGG0560,0.4745315989897104
LOW8153,0.7432606307810982
PMQ6674,0.548020264440822
ZFY4122,0.3606396049249092
GDB4295,0.4388521687978804
IXI1781,0.3864021600128301
VJW0795,0.5674361202775143
VBO9417,0.6361145500417545
NBE9866,0.2026310150990822
VGC0338,0.45212680783875764
JMS7867,0.3127202540109419
CSE8479,0.32463706875738085
BPR3060,0.7996804042099724
SWM8178,0.6524117909261464
ZAW6991,0.26739751367438364
GZW7919,0.46145902735351446
QLK2483,0.5511630977617127
FBN7235,0.5004981329790492
DPI4700,0.5242796476032785
JML5008,0.557337355367826
EWV8051,0.5921222609288781
NAY8513,0.42295527001294264
GKN9646,0.44745179449415773
IQF6763,0.12824596555036988
QLJ2322,0.34863822503140657
EGR2384,0.3455034850343534
LDI6232,0.8811476565879187
IXP9686,0.18065923771824594
WIS5869,0.7565606106608327
QPG4120,0.6707701558397503
ZFO1888,0.48883812022180123
GJX9033,0.2461060001471361
HZG9332,0.36459800385544255
RIV1782,0.36727646207710657
ORG0034,0.43161428542991725
MBO0090,0.6218574553641634
JCK6531,0.16524583786920727
VYQ0919,0.69596087750889
TOC5703,0.24128306076305991
CHD7768,0.6205550589967633
TZO3960,0.27237115487339747
KYP2401,0.10075065556428796
GTU1888,0.7219862133131439
LVV0631,0.5128489190668195
NXY1801,0.42212396765861004
LDF0276,0.8326561386328076
QCD5470,0.7302759482074846
XGA1603,0.38503503269148126
BKD5139,0.5988355798048499
RIV7224,0.714344382682958
HAC3956,0.670165235100141
CIX5564,0.6772144212554148
POL3249,0.7373919340961542
NVJ1952,0.559503610691341
LJP8831,0.5935740273495308
CMR3851,0.44637197888736285
BOL6020,0.776207647478203
QOT7252,0.4193357981050184
SET4895,0.7268546335582304
AOM9004,0.15237686438779935
WRL8060,0.49972026283081206
YRI9524,0.3016868527116115
LRB8922,0.5397026405894969
NCP8644,0.46942539578543657
WTS4018,0.3239557620389616
DTI7426,0.43309660841606695
ZGR0098,0.3739895172304458
SAD4571,0.2979712901158035
KEF3478,0.5884973692088297
KVP4733,0.5477331641978279
TQW7158,0.49126282672060545
VBW5493,0.5271081098975585
MPB0399,0.21586120587411764
BYK7045,0.413030538734609
EZV1040,0.29455490504517723
LIX4967,0.4139340540739364
YPX9462,0.8162261501878774
GUC7779,0.5333337852074845
EIW0176,0.6621929091313726
JPP3633,0.23564804003811488
ICE8497,0.2090752986510497
JCB5870,0.275379623935249
TSX8703,0.651462814777769
WTN8881,0.3895529742567817
VTX2950,0.27085573144614544
OXO0872,0.5101020257577397
SLL9902,0.19959278253762497
CJD1628,0.2566117292809328
YME3555,0.6277187181038508
XKF9852,0.5340089497144374
DRE7767,0.4441498403940738
ZWO1818,0.4576574148774966
FEX6317,0.7804259686758643
SNQ7014,0.30377488453287643
GQN3038,0.7646410957097095
PFF5514,0.4833657506476246
HPV1117,0.5178608747046292
III5054,0.11265166501099957
LNW6654,0.627107533181194
ARC6596,0.3279977803583498
IPP4620,0.6959820898301169
NLR3257,0.5501816557603113
CTB9878,0.7474822253651556
VMT5143,0.43836486502801636
AHM4211,0.31436833315271756
KCL9551,0.6689076749868949
NHK4195,0.4264866029636933
INQ8214,0.29854062856790603
LAX7318,0.48152286033703956
TYJ1073,0.5955885604779684
KHR8174,0.41646821640809406
FXV0272,0.8289327894446773
QYA8718,0.22569196422283597
MGB8317,0.6053338691601307
WYJ0017,0.43075018658029135
YCB1541,0.14015618422578496
OCO9701,0.6333479764374397
QOT4213,0.49597963488439056
IZB8133,0.33392886347985223
JQT1085,0.5696514764047448
BCD5519,0.5752422247362425
XBP4686,0.4955243043490743
BUH6163,0.3838489584299993
YCL4225,0.5261256933064986
ZGN1837,0.562208515651883
VWT7951,0.6492196086775409
WCU2909,0.26715145577955596
ECJ8667,0.22036618576349198
FIZ8807,0.197240714245108
WEB7022,0.44103382812942443
UMV5479,0.5342334486102482
NTU3115,0.2801750299439815
OHS0889,0.257412414046588
JRT4331,0.5030735382910577
AWU8320,0.5054303666262452
FZQ6790,0.5400094397303884
SAW2413,0.7958844321174842
MBR1935,0.8383913233578367
EUM7981,0.3019347379815051
SXQ9635,0.37140524595615687
CSK8727,0.5442796707425013
BJA6633,0.2795190563491713
ZTS4215,0.2065112650805627
CXW2502,0.32364404923315426
VON6528,0.6682838476505816
XBC1483,0.4105498104001236
BPK9428,0.268439920006837
IJM2804,0.23010522106757583
JAU0056,0.6490593669536274
SKG7687,0.39088911067562754
LUE7177,0.8297542951127265
TFE7449,0.23459904912513022
KUU3033,0.19876711069752195
BSC6214,0.5064962822027551
UPB6992,0.1749779538406718
LPO9433,0.34543513574461343
GRR5260,0.36265216261474215
ZYX2775,0.640082820427294
CRR7571,0.558520429100213
NVR7579,0.47317772571316924
TRO6653,0.4057645823327717
QAZ5784,0.4841124719146394
CSA7855,0.5927602245309345
SKR7049,0.46249539845760407
VDC5945,0.25937423471599474
RQG6441,0.43576346680767536
UTK3942,0.4458846207872291
GIS5276,0.48242110037575775
LZC3931,0.2280195708985229
AQZ8439,0.47275079729210195
HWR8277,0.762894604855583
QSW7544,0.4486062366216162
QMO6786,0.4745714637334321
FFT1267,0.4410034927698538
WBL1699,0.2768772621921679
DLN4360,0.42519655516846794
QVK9371,0.6996643761272271
PAJ5923,0.7367179166443952
VXF7049,0.6294985090346111
ETT8073,0.3725245922868387
AVE9956,0.37872327735601374
TPT4243,0.48894224813461645
EVT5415,0.3697784359686695
NRY2349,0.5984937503182463
KPL2000,0.6311611832460863
JQC8916,0.3365490010043799
IGT4727,0.2344910946774214
FOQ4697,0.5024378806921403
JMD2554,0.6696051599828168
EWK4862,0.4150772501725292
SFG4231,0.7320635376386875
OUW6979,0.8607859372577555
PAT9207,0.23400675943338592
XTB1114,0.41023112737307404
SUR8024,0.7399178668748402
JMJ3446,0.16157166621852523
FLT1779,0.5246205276185993
ODI3507,0.38044746955152176
VKX4649,0.6229710532033064
LXH0711,0.6140075287970349
GOH3012,0.7036064942509382
XZK2864,0.7010557199563106
FSA2525,0.3463630743488913
OML8735,0.2545445752399943
CKW6247,0.2735030657030691
BZK1475,0.435450342182067
BGZ3773,0.4378125643360161
IHZ1914,0.7757331164988333
XYA6636,0.6142367687384516
RWD5233,0.6791972257646484
GPV8030,0.5136315324178113
NVZ8701,0.7622998542421634
XSF4318,0.5612567464571622
WXM7923,0.5067436205058597
CVQ0880,0.46989694643375896
QOQ2863,0.2666592266555719
RXX0623,0.37413801661347657
CKY6595,0.2645982495752063
EXP5590,0.4047942081800545
JWS0195,0.4074386024522872
DNV3342,0.3732821107106433
WHY0533,0.25624633500326977
IJR6798,0.4693005751301747
SVJ2157,0.5141298536259747
YLW4737,0.4150546894268121
HUH1315,0.7300463048313395
XMX5505,0.37762996868307847
TBK7519,0.2972130834702492
KXA1414,0.5729951271688905
FQH2166,0.6077907875935624
RQN7624,0.5800274802852575
EES6771,0.6540247315719953
JPZ4794,0.17683506593318082
SYU0185,0.26754881125056873
OWS0031,0.42679002655106935
NGE4427,0.5223655396564622
FGO3834,0.503698895618664
OFI9247,0.701225546735837
AHB9803,0.7542734452602692
LXD2374,0.5885810540794653
PBZ7120,0.5721804400722362
NIF8371,0.5287389240254453
XST8100,0.1592846481515118
CPB8339,0.3582305426752045
NLP6754,0.24666780009176745
JSI2170,0.16312334348748905
QFM3680,0.18582634866509481
BHN6631,0.45536240106348963
CEL0556,0.5415175887551988
XBD4029,0.3858811536348652
RYE7752,0.49727468841932954
QOV3032,0.38962941521121114
XIL7243,0.1989776481946517
KAD8756,0.44463078927775646
UDU3246,0.4536999847934185
BKS8607,0.46465492152341853
NNH7225,0.5761172107061177
CON6996,0.42118206115580137
HXS4917,0.40573060658629306
PWS7531,0.12143343028989177
CPA8641,0.8656364681880311
RTW1393,0.6588927728152166
QRM8880,0.5765719734128912
SYU1247,0.3944116373364725
BKP7999,0.5035871507274429
RWQ2872,0.49729907860710226
VET6669,0.3163797511328764
BBR8345,0.5203256980432329
FMC0185,0.4710148177140542
YWX0652,0.35823282746831636
FEU3392,0.5156479903675885
MAI9069,0.40453586648475764
KSE3648,0.6519464293959788
JRU2012,0.3675929996433758
LAG3972,0.5013291296172097
XDU6150,0.3807682609824216
BZO3678,0.7388083217803987
UUL7578,0.48395427975812483
ENT4935,0.14879020450400013
WXU2063,0.4502302544573791
MFJ3188,0.37650539493389196
LFN1743,0.4538706638949085
FEB3954,0.28967807895644343
XJJ5859,0.5130784118121926
VIM4571,0.43257118373434983
EHY5432,0.42762534293067933
QRH8342,0.5341484769389868
XMG1831,0.4091089665994831
TJC9764,0.41201022106208546
XUX2979,0.39214668244005185
QIX8136,0.16100335497395873
NOD6437,0.7710348530412624
JDV4500,0.5773893563084639
TSU3436,0.49432243022964
YQE3043,0.4900676863797902
PEN4600,0.27763943213045955
VXG2069,0.35745364125030815
PGV2258,0.4210856211131702
PPB0159,0.4641312805675776
EEZ5587,0.26671813193479127
NKJ6134,0.4467777770287152
GNL8515,0.6175892143457679
UDB4012,0.8108032474455295
EUV8082,0.26755075253075683
FKA1499,0.3804326354498812
TDW1832,0.42294587731924077
UYL3937,0.39296097934872637
WZQ9514,0.2826300266923053
YRA1133,0.3551464891716417
AUE4212,0.4776853779343842
AIO5707,0.30959508152534704
ANY3654,0.619403247529495
CCJ1581,0.4998338500619454
RVJ5539,0.5453318101555095
JQV8142,0.5798249013543764
LKP7864,0.4425168321017036
QYO2749,0.45610239033583566
VTS0473,0.3968315954644939
PGN4080,0.5631598194279046
BDC3366,0.30357345008730074
ZSZ5292,0.2980682903562485
RLE9918,0.27996147898138407
EXF1515,0.5703428297123351
UTE0139,0.49433626962572813
OFR2518,0.5502071045671844
JJF2590,0.40379491296849324
LJL1360,0.44011438308278106
CIC4708,0.5393854085068575
BCA4110,0.46010775127107434
YSR8537,0.14615381058335972
ESH9012,0.369662147168827
XQW1169,0.47445780606415017
SIK2342,0.4233115337484109
EFQ6319,0.4175224318736988
XQE1526,0.4348017585005052
AKR9099,0.5695563421103526
JAI3468,0.27921439444580687
WTY4270,0.31946870232471597
COV5080,0.19170619823098736
LMM1024,0.37054553452490385
IGE2896,0.7808965570748752
JBT5109,0.4329006896831693
DST8276,0.411101870766259
BQC4343,0.5775985243277024
FKR4884,0.2187727288029581
EEZ9582,0.2968438607140384
KEM7815,0.36820360782493117
ZIC4531,0.5956992503824067
TXY3351,0.6203609169701096
SVT4843,0.37702128586244943
MCY8318,0.21259857630082782
ZHD5694,0.686679024798854
EYL3435,0.32223784003159983
FAK8590,0.46192929963852836
MMA6648,0.8088487326686682
ZXU7819,0.6715935844002766
TXT5173,0.6511975253840465
NOW6615,0.29523197376755456
NCZ7758,0.6585264384733159
REI3094,0.45798911204985826
GKU4570,0.8423300624731673
QPM4563,0.5866428473717383
LIF0935,0.41214174961853295
QFT7638,0.5110451284391524
LDD7909,0.6089561241481591
PMD6356,0.6916789410906964
XSM2533,0.20931589726787195
ZAA9704,0.7214494223798801
PKQ6825,0.31958841586159215
WAJ3293,0.5287841600311151
FJC4376,0.433751875545108
WOD5328,0.5146821735603836
OOV7630,0.11650802605546562
JLE0045,0.6095090281328227
TRT6193,0.49919181784160493
WRI6749,0.5102531582249599
SKX1054,0.43731979554378436
WOT9749,0.4592812669500725
LUO0920,0.6489097634236093
FED9755,0.25849697178697945
KSC2280,0.70542167654586
SVJ6815,0.5874439388661356
NGF1992,0.29058339218747103
PZX7839,0.25610619511760435
FQJ6322,0.3509726095624927
JNH8656,0.21085265647588544
UEK6875,0.21476476080952892
FVT7847,0.40998950934949235
VYM9686,0.6081857223994878
HUZ5652,0.4215646173839397
UGP0737,0.3624495478772607
PML3266,0.2530003734648691
SLY8923,0.5996580902545888
QBQ3841,0.49855321649575457
DRH0163,0.45625766460342837
NDQ9001,0.6804879039558277
DVM2517,0.5135159273685711
LDX6766,0.35965579372699896
ETF3376,0.22856451753236898
PPV8379,0.6053838657086504
GWG6827,0.3650793803735254
QPP6524,0.46327339377228755
ZMG3395,0.28430126210634804
RYA6828,0.5990262239495959
TLJ4903,0.6542615913888863
QSJ8380,0.4861499414400624
HVA7599,0.6074214363904702
INA3184,0.45841807803988033
LIC9006,0.37668445602519246
CRX5646,0.2305500606117322
CJR7973,0.4515217255044851
SIX4048,0.3065922913941011
HIJ7224,0.4589325673900325
IDF6143,0.7378276431667256
LHA4851,0.4307914110429027
DUP1250,0.2025002925444648
ETW3839,0.5442165834725633
TOS2521,0.15489638481466045
TXU5196,0.5240633415985965
UTN9806,0.25284844011810975
UPT6736,0.3548001033787388
QLO4437,0.3692592229419994
FDB4146,0.7658739908932632
CJN3294,0.44533222089926233
IGX8925,0.44964653962740525
BRN1292,0.4766738031403632
JVG5455,0.33921080110119695
OWV0422,0.3205699833499049
EUF5580,0.6245273117044601
WVI2357,0.5558463973010943
GMI3091,0.24455164216964922
OKX7088,0.31331779153394956
FHX3427,0.2920623062032773
IUX3518,0.5959691826187212
XHT2960,0.49632931157614496
BFO4768,0.1571166941324347
QCZ2397,0.5037219921293609
HUY9240,0.23753552910605547
RUG7309,0.34229888899742766
VMV0997,0.43872735756052333
ADM0827,0.5773437017224882
ODT3808,0.45435118585392514
CDQ3303,0.3785071568202749
GQT5475,0.49236999004791115
MAQ3766,0.1945819544391913
QJS1732,0.4614891514100564
INZ3983,0.3010695561490407
QGT0911,0.5736112860492116
VKB0890,0.5225747518579903
ZIX4904,0.6821658817141157
WNB7111,0.6282200258762812
QVL5835,0.5693850616760071
OVN3723,0.5735031661777167
ZHH4408,0.4513751113385212
AGR0025,0.24887682959935561
XBP6656,0.38136761652986245
XZV8150,0.14679208110793357
LHG6661,0.43157535616713727
PMC6232,0.6498824852324423
FIF4321,0.5391981340985121
ODY3807,0.5252084627555896
RXP3675,0.38572758714900174
WDE8034,0.6274487495736166
DXW0967,0.4161662722533341
TEB1181,0.5802163825468697
GRC8180,0.4273529386575522
MYP5419,0.41636129652123216
DEH8750,0.5278380145231395
XDN9367,0.6202747490875756
LCB1865,0.3314197845294148
NTT5170,0.6858705142858418
SOQ1632,0.45116531087135153
YUH9692,0.43324874091622956
JYD2074,0.37905889781011715
QQG2862,0.5332210209174637
CXM1623,0.2554766513762302
FUJ9930,0.44001012817932794
CNB6992,0.2243255696237633
ZVR3165,0.5894968908143889
VIG3338,0.5873071206790347
ECX6390,0.5647251828314458
CVZ4208,0.5111071283061385
NYS5963,0.5533938845854453
QYV6805,0.6298619801404131
RPM1362,0.6837585299884655
HZT5933,0.6017718232794136
HAB9073,0.5758891117520241
UMP0408,0.3295357568205333
LDP7953,0.22306375098102285
HJO5548,0.41765680681531886
SWL2951,0.6382730481404303
HQJ7509,0.351298818413734
YXE3238,0.6096182106164615
QBA1659,0.8089451543029134
UGQ9648,0.5864054252519182
UUZ0902,0.6952724341650616
YIK0290,0.3044655671782722
TKL9885,0.7707623335894426
TAV6410,0.3825513930755142
ULZ5016,0.5474642149063166
EBN6340,0.47333494559366107
SXG4078,0.5981522110044957
RGS4046,0.7067789345588278
ZEN1745,0.3012165707514733
EQP7859,0.36351941683925293
XZG0749,0.5123624608773082
MUR1259,0.7284597140278483
GNH1572,0.3565671558915643
RNT1103,0.32082157343113843
KQP5148,0.43742446039837585
YPL9606,0.2738627480096642
GEC6684,0.6303283837598302
OJV3269,0.36061997241452565
KBU9669,0.40327225010176765
EXK0686,0.20160841273788138
TXD5026,0.6303321321110286
WBE7793,0.3158761000266141
FOW7270,0.4121792240112943
SQT6432,0.5643513167601981
YZN0545,0.5071284184723727
JWG9773,0.7925126614435319
RYL1835,0.5688325826480162
VGS9426,0.37782659347704367
LLE5822,0.7722364294941236
CYU7374,0.8095873202204027
JCR4090,0.4969185842135714
SPD9900,0.4980895866995701
GDM0800,0.46041675872536675
GPN2716,0.20190703738714624
HYB7458,0.6811027027911772
YMD4662,0.8660252581696911
IGD0921,0.697485001550786
CJT1561,0.08534932364802418
DEI4249,0.5836352780477948
ZOO1036,0.42308977401546893
ZWD9803,0.5482926737685219
GUH4927,0.38448405478580233
FLS8480,0.30522014275778864
POE9287,0.47891398090770315
QFK9602,0.4436130111133792
FEF1920,0.48732960389338525
ZQK8721,0.5015190569486249
KGP5853,0.6163322307483478
HME7697,0.42763353935373777
LCF2931,0.3673773284557109
XXY7874,0.5968290171861605
ZEL2095,0.7018805936794087
GUR3247,0.374141885311103
JDL4331,0.5461934263413627
EHE7119,0.5106015048688325
UHH0658,0.6265382930543418
END5028,0.38350947796295437
HZE4718,0.6496924569264378
TPN7250,0.5219766942864983
JHI5936,0.12208587695833466
UDI6384,0.550944983937961
RHD2687,0.39150113099807554
BXS8111,0.5144135061093941
TJK7138,0.8421880310816208
JQI3533,0.5957672295943098
GNX8347,0.7381124730824331
RXD9228,0.5263683698922155
FNH3965,0.24648341173366534
EMP8062,0.7224856649647259
MEJ4356,0.4128828094415858
UIZ6838,0.7189382823532416
UMV2455,0.5481718786430242
HDQ9910,0.49374313861778785
DZK2637,0.7579789551883639
MFA0957,0.7494627229466974
FHG5382,0.1669934977919473
QCU3035,0.3191148128840066
YCK3225,0.3121346874252736
VEK9874,0.39154184308210377
NTY2368,0.3249899958963448
LVT3457,0.48279314675523144
ZVH5381,0.2642444331868466
FCE1353,0.44932193404281373
WQW2081,0.2767205276392001
JUQ6158,0.45797583895709965
OHS2466,0.6392418178388893
KPF2140,0.5263008194595626
BAO9938,0.2905803388609523
BEB9268,0.4942781275853541
PEP2360,0.18714865545272458
KBJ3393,0.3701390903812039
KJP8929,0.5003777162663127
IRS9319,0.7805938576861786
GNA6559,0.6406097569212408
GDD3535,0.2658260710817731
XHK3076,0.7788483011537909
OPT3877,0.4714063846689727
KDM5132,0.47526793701755815
ZGH1260,0.5411788510352376
ZPC3616,0.317102834082225
CCD7521,0.26188589756326663
RLR6078,0.40863365485233355
XHW4339,0.4495086819777521
NEA4125,0.34749093763302324
FYT9337,0.3393067738598562
MZA5737,0.33646730247989287
IWX8525,0.24577645184770416
UXY3602,0.5974478151412342
KAY9863,0.49220553734163347
ICL0681,0.45855131097463087
STV8662,0.5233740588949115
NXA3158,0.4877470139421804
WUT1669,0.41230999678436253
WHX4931,0.5598336308696464
QMF2498,0.6238571729151479
FAR8609,0.4508650010610661
MJN8543,0.5348040384804688
ANC1727,0.5037251977822926
CMY5018,0.485463818518218
NUY5204,0.19137190165624895
YIR9679,0.42250885957101675
XDM6706,0.3670654796412026
ANT8269,0.331145578327768
ZQP3525,0.532366270027174
UKG7598,0.3404392811174069
KIS2908,0.5945029636252542
AIL7774,0.2371586358833639
WYW7672,0.6212387340325171
QCX5525,0.26219409622547685
JZV0769,0.36121858103699184
DLR0932,0.3651812507014191
VXC8863,0.6276170851479099
KOH2895,0.5745532713245952
WMY6508,0.6560461215581085
IFX7040,0.6077471055613322
KZO2590,0.2012110836255206
HLW7095,0.41722007461741156
MRQ4796,0.5159255469072602
NUA9006,0.5391750032358752
BSN6358,0.5413815320448664
AAB1308,0.3293883964448492
MFD6294,0.5376583939461079
CPM1668,0.30684637569821416
ASC0080,0.5789671388077756
MFS1546,0.657607719791114
GTV8803,0.27715442034415944
BTB9943,0.3388514978177983
SWM6904,0.6352678641756458
VRE5552,0.4513250179634586
PPV2663,0.7093608108542941
NPR4084,0.6151593510367858
FIN5241,0.3278933387667017
MLF9852,0.4952560614438259
PFX8404,0.409334270433121
NZT8763,0.721910334451203
SYP8802,0.47359454665298867
RKG6794,0.3215755125483537
HUT3552,0.7928471893058473
GHQ1739,0.34846865725760934
NHM3753,0.5219144683464172
NXA4981,0.23221483172801488
JKD5635,0.4261473490013647
NDH9283,0.11411218172796116
DRI7386,0.6372151177076583
NTM3474,0.4755909923845697
BQR0893,0.6893918063972093
EGR9812,0.7603988572565582
KLO8178,0.6350633561405941
RPY1835,0.2682159746469949
BZL8581,0.48100016315283467
QYH1854,0.5094886812912518
PGK9212,0.24355302167294496
UUE1033,0.35480645368542535
ZAP8815,0.5904043501850917
WON0228,0.5404019017800655
RSO2008,0.47919790618852015
EHH7629,0.30463746345046994
ABQ4338,0.6805712697719004
EBY8977,0.41452744076369225
FWF2890,0.5673631843918666
HKI0609,0.5780268653076295
PAB5947,0.5070688834646407
HEA7016,0.6303323719329479
HDW8123,0.6113746837402828
LLZ5422,0.3398118194194161
ZPT7132,0.6367835909194489
JEU8627,0.7179214217493525
UQY3173,0.4948714153071646
BLM2089,0.5942556679440385
DCD5221,0.23855361417168422
PHS2469,0.21703456294260068
WII3386,0.2662093731764805
OSB6146,0.36776741564193344
ZYE8393,0.40679598224046426
NRS5494,0.5489869010803192
VCK3879,0.29660097148295933
QBK1287,0.6813649625228676
OOT2673,0.46655389574013145
PLD4712,0.45540854684584275
BCA6861,0.28075322750634846
BKB3148,0.22999290500680702
UYT2460,0.22120921782881414
CGV2591,0.4206345978700074
XSE3563,0.1449744338780549
HRZ3422,0.8179673570172135
WKP4106,0.19469487920088677
EOH2042,0.5030379728065013
MKW1588,0.5853100375145421
VKV4425,0.389869996992255
JIH0956,0.6932869462984558
IWV4857,0.31302696848599637
HJX5465,0.5989234698070718
YRJ6285,0.4547386088106301
APA9822,0.46412217956561946
ETJ7252,0.4481615579488963
UAZ5155,0.41679761590837927
JCO5005,0.4364407430322736
PON2616,0.3388239189667614
GZZ9302,0.5332081135122076
EXM0909,0.48093201500693367
YPF0123,0.5166561886199891
JPO5490,0.3381104971765823
SWN1165,0.7297917999702535
DTI8446,0.39113256134984475
BSX9409,0.4548741495915998
ILF8133,0.5201331839400641
TAP4650,0.8145277180664019
NQB1919,0.10584208494669026
EVN2619,0.7030800591063259
FKO1395,0.3930429098171721
KQL9739,0.3887351388918587
GTP7103,0.3444096055177689
FAB5180,0.4973801013324402
DNG5054,0.47131555866769015
PIV5711,0.3546666312232992
RDS0818,0.4664659463607199
NVL0735,0.24800147688340873
JHS0345,0.48088651601600657
AOW0183,0.39507178766599677
JWB1663,0.15366372856412006
QBI8434,0.3372250030405938
YGY5084,0.2026433300911656
LAJ2381,0.6417366035583937
MVQ8426,0.6645841169702624
XEU3341,0.42249218653462267
WBB7069,0.4415973199748177
HSV9997,0.564168248153886
HPZ7235,0.48053231381309464
LEQ9893,0.4879051384780468
SRX0685,0.5161538124714485
TJE0525,0.6132108391334015
CBV9705,0.5605712884265016
NFH7701,0.5302518930019218
MRJ7981,0.47398025383534703
LRQ4994,0.19075581668376712
TPZ2644,0.7436003426038784
DPE2366,0.41137447006976274
GSL8285,0.3981740209853416
ASE9553,0.49709545447801334
GCQ4270,0.47367331834104626
JOI9750,0.17772208461787783
UTD0147,0.4559234166820521
KZW1095,0.5216534122491703
GSL0577,0.7872728790230555
OTP1368,0.8062771477282654
JHZ6457,0.4141879978507073
MKI6175,0.6607663772641038
GTG8406,0.6053738599698438
VZP1954,0.6503169828976553
LES8781,0.285465551389453
PCF0526,0.5491864169227808
WPW2050,0.6860112698719963
DTH9411,0.48699653073231225
YBA7820,0.6787529503931279
VSR8739,0.6794490724996571
OOR8305,0.6806981099078699
KDF3451,0.3338184338355969
HRS7842,0.3590985731733836
XZU3965,0.5434786543942723
NWL3338,0.42049002599413043
GWS6777,0.24254176723880813
PWO4056,0.3113397450572782
XRN4973,0.28107127542065874
EJB1687,0.43488222840891105
BUT3103,0.3331904610918344
WQW1045,0.37899576545137326
MDG3445,0.2225494287723478
XUJ0717,0.333600710370611
HXD0371,0.5002449889498349
FGD6466,0.3901660624977578
YZW8155,0.36943454424311345
YSW6454,0.38929998492263734
XRS1062,0.5470766307417968
SBK5282,0.5940231079718171
UMT8393,0.2140512858689792
MLC7262,0.7254881964356045
CHE7839,0.5125002838453655
ENK0333,0.29148058787592196
WGN8449,0.34090997831863007
FAM3458,0.20699855183384316
LIJ4989,0.8353980345477577
WCJ1614,0.37513252160153077
LCJ0354,0.4661431839507956
MAS7337,0.5359256972874273
WMR6816,0.11247168155046613
QPD3244,0.5375541417384816
DYR2618,0.4298199307776463
LZY6766,0.30126882773150465
XPA5745,0.2667503317834634
OHE1207,0.8044003668833709
GMB5921,0.7658120153790956
PUN6155,0.43592296553412446
UWY5599,0.7704919963226181
BZP2422,0.6418900380338451
BFA6296,0.6756600594645802
FOC9534,0.6405088321254171
NIT3559,0.5833996851884303
QWM8810,0.32561502796397407
XUO7622,0.29805618101029385
ZYR6469,0.40153337586411586
FQV3213,0.5405126569932659
HMI8445,0.204362163036804
VSX6822,0.7356148583859923
CUD3348,0.1952480315994663
OPN2109,0.6375481393587997
NQD6519,0.7180852681961963
EAH9489,0.6353727587653203
PUT4775,0.49260905028576246
DQA2691,0.41028137711968105
MXS8930,0.690626751083523
GGJ4008,0.780116689152922
MKH2409,0.17679947198490617
UOZ4237,0.7535691619369682
DSH0462,0.5810325714318865
PPZ1079,0.8342889980425134
YUO8157,0.646332591490987
EVN8189,0.6053994924521202
BJR1526,0.543967353570929
ZHB8179,0.6848326884646259
ZLR5824,0.3471670683435476
CFC2212,0.5914772102894051
MTE3132,0.4448011415262542
RUD7931,0.4983060521579567
ZOJ5082,0.1716368430470138
VQD3919,0.22384704507271808
EFW1850,0.4285478714515443
BWX5427,0.4665943091284354
KCJ9813,0.5662997669324684
WHY7887,0.580701418122547
LIJ6032,0.22402511846346593
YKE3129,0.43093189490673217
XNC4926,0.6148475473382894
ZVN8083,0.4389166307629876
FHS7261,0.6363262644284786
JCH6559,0.3597331208770521
XSV3662,0.32028298338355343
OFE0816,0.38467656969902364
MZK6467,0.3715323081184385
WKI8810,0.6208538673690481
QZY3155,0.6479350440519845
ZGQ3169,0.7205850121013732
BSK8553,0.2916653297295349
DPI5831,0.6695546569736072
DAN7614,0.29835704144198943
MHS4201,0.480152763045068
LBN7990,0.17840571389424026
ZEW3244,0.27707628121810096
GVI6361,0.259429490142491
SUU7959,0.5021178885958946
KJY0103,0.30514000288456355
LSI9574,0.2931024842041766
UUI4640,0.7647413637629189
APN0763,0.45818251767295487
HTC6582,0.5660355269868536
LRJ2531,0.508263790984486
RCX0166,0.5338227534673078
WLS1334,0.46729819260966526
GHU5711,0.5614024656568241
GXN6885,0.37693425570950667
SUL0918,0.19253899893675128
WUB3727,0.33260475496996944
RTU6031,0.586396166996538
MOQ2182,0.5808694835562438
SKU1753,0.26640960702116473
CYF7753,0.5588356660567254
TPW5388,0.6585238354051095
BNS2586,0.7257303060363514
KEN2166,0.17961344739578303
OCJ6547,0.5002536670461877
NJP2923,0.44991417749618373
ZQV2760,0.46078013976850934
VWU6539,0.5698846528292727
FHB5662,0.5028891207952454
FLJ5568,0.2552340968058279
NYZ3610,0.7190388834209988
XBS0822,0.7540008731860847
CBC1282,0.5422672642935829
RJE0984,0.7018844973794339
EGL3373,0.710752132930026
ACY6703,0.8523614780206137
RYV5129,0.24787865158874148
PEX4835,0.5640543831622887
KGZ3991,0.5331451757111644
GCP0419,0.44775983916471557
VJN5659,0.4128068912081723
XIL6278,0.45712758421914906
CSD2119,0.3911568512510942
NTC9929,0.1549763215516397
LQD1080,0.6132682524498024
SEJ9531,0.39358199328080257
RZQ0003,0.30255264311211505
PZW2114,0.29775154750838906
QML3842,0.17911106877620545
TJA2905,0.47399334979682584
PIJ4611,0.502010759370752
HAM5599,0.22205580175284237
TXM2652,0.48971140372559957
GAB3659,0.7013077713090993
KCA1906,0.494523058396838
SVC9075,0.29357657945604954
PJV3622,0.2956024731853056
SBX7333,0.44252326252036944
HYM0481,0.7662916326375029
DFY0681,0.5663403080593624
RSF3235,0.33417909403366924
PFP2410,0.39232840307263894
YZC6174,0.2685443838216193
FMI6039,0.6329225894151761
KSY3204,0.44314130406147484
JHS9734,0.27183396646194474
WKC7792,0.5175569670056472
IOY1200,0.5861894679701452
XUE4561,0.37446435788207966
KCT7437,0.4815798497377685
NMP8623,0.2890131854328074
QRU9935,0.44853663186060855
DMD4641,0.5150208553782071
NCA7180,0.24409167715948302
FEY4017,0.3474079544271649
EUG2066,0.446987586037574
XRR3806,0.3441837321802521
HVJ6716,0.5822895132097882
OLP0692,0.4435689462253828
ERC6469,0.6710662152013576
AWA4755,0.5948829306365607
YQQ9139,0.5423606894711251
OSX9492,0.5113373130824154
QGU8564,0.20087055071781243
YAO4151,0.2915509457858038
AMC9558,0.44133188747142704
VWB0124,0.25788771683854844
ZJD1609,0.3429847043717361
HVK5251,0.7097912061651493
MZL9303,0.2729339657258036
YOD6029,0.19780985782310467
CNL4438,0.5185294935689891
ZSW2054,0.3977908622743109
NXC5824,0.27651608643685494
BDO4892,0.4820285149455993
VLK0339,0.5510638637278227
XYU4157,0.21801316125296746
XMN6548,0.5018284266034926
LXW9245,0.2850120095061565
JYZ3206,0.7118153191045389
SIV3918,0.6215478164751713
RDI2951,0.6769246585091403
CKS8961,0.40392679442186896
GGD3196,0.5165273023716171
ETB0894,0.6203900643701639
MLA9778,0.5997076654738593
DWK1986,0.11055989453033434
EBT0068,0.479534122766434
DHA1853,0.6649895694456704
HWU2594,0.18962763784783218
QPH8016,0.3889008560638746
QZI2250,0.4360606217235145
ELO0702,0.5188257844338019
FHW7284,0.44836182236888283
JXO7389,0.7882813963762972
AYC0810,0.5079297352810175
GWJ3254,0.47342094774439447
IBO1945,0.38643660647778905
NSE2304,0.6833914737925851
SQB4852,0.30746559333481366
FQH0034,0.514341416714001
QGG5280,0.6184361552649689
VJB9962,0.4329344187114956
ASL7482,0.2673490409553244
YYR0976,0.36338629564790764
TID4683,0.6284610156290042
MQF4406,0.6672193172238062
PXU1703,0.12545746787621237
UJM2633,0.49341416259446597
ZSC9815,0.4786102482263436
WAU6889,0.7385130877569758
IIR5545,0.6375655269549354
YWD8219,0.6906337161663592
OVU5964,0.3891646750773334
SOX1774,0.7413975976117085
YMN0357,0.4043778010395795
UNK0731,0.4386093705466362
AWV4949,0.26323248864540477
LIA2179,0.6090098946132342
KOJ2933,0.3446671069079667
OFN2940,0.38618248787279486
XLH4413,0.26320556921537497
CAM8238,0.2800722671852981
OUI0191,0.5205699933571291
TVZ9158,0.4673218871350919
QZU7391,0.32107531398484107
YTC8533,0.6109130657617978
ZUL9082,0.38050710089927225
QDH0283,0.8192489826920752
JOY2839,0.5781744521830955
UZE0497,0.15912497568121142
GUN6865,0.4031835895197487
OQQ7043,0.42349072772863433
QSY2045,0.5328486466678014
SNL4417,0.2600199462184084
SAH0586,0.4127447923850057
WUM7977,0.7116179284012618
LUE1768,0.5296645598633949
TFG3357,0.35823806369193595
BES6653,0.5797222785495502
KLU2053,0.2872691588170494
EDZ4179,0.5986094352970793
KQO4708,0.4610354591478977
NPT4412,0.4343692957425402
HJG3099,0.5110933649660155
HZV4375,0.6441034474299184
KDS4463,0.6212707349491591
AXB4934,0.5622767163689126
GYM0773,0.48270658459818955
GJC1483,0.567246062901753
SAF1656,0.5160224167354774
OMF0261,0.34581098399231414
WDA0383,0.7677877722078218
XUQ9842,0.3954211233566211
KZA0317,0.4199807988326535
XNF1437,0.17426557772091714
BGA5764,0.5423719941653109
TKG7900,0.2100540298453972
OTV1030,0.5439394787892801
VWK2998,0.5263562456984197
QKQ6320,0.5010092255515654
WPC9633,0.3633012292162444
EKW6480,0.1674568183827696
EFQ0392,0.1870663551645722
MRZ7379,0.7998548856906836
WAC5824,0.6605786165170675
OMT9415,0.44863362093276765
XMG9583,0.25331900027748555
UFF1261,0.6626221207856651
DCP0796,0.21099577883073595
HBE8442,0.4845977555394831
YQS4458,0.4900870674712207
SQU4407,0.5425095500081534
NPS6601,0.4255086135580389
XMN8380,0.4366044247062836
PVM3035,0.7707529808188555
IWD3752,0.3528614299325584
GLF9686,0.7351125435805544
RRX0963,0.4409663371150119
UAB7848,0.3522913646738526
TDS0452,0.7957389496699232
HSK3153,0.5899872932469661
SQA3360,0.5982995935221072
ECI1955,0.4463765079338546
BTU2947,0.33271857312801795
PEZ7733,0.14571275838030492
RPE1400,0.1951598100862804
QKS3138,0.18058108436107514
WOT7140,0.6158233200683579
CIH5726,0.5459465508370099
LUE0157,0.766595122975679
KFW0111,0.7265625914229146
OAI9172,0.5190184709865804
LAH1856,0.2466288374608808
NFK8809,0.6058444899658405
EGP0512,0.47164521772153023
BXM5911,0.6428591500918914
NWJ6522,0.5280992420393295
FAB8496,0.5533301858559051
UGD0885,0.26235755853625026
NLE4038,0.6715770001619648
RMT8564,0.578371909730338
LPN5269,0.5151152911336269
SRF1001,0.5948241255743445
IPO5628,0.341480009690483
YAB2836,0.7439420303802107
EAK7493,0.5450676411445351
VZS8779,0.5814128424859686
ZHU5296,0.5798293201999984
EHL7819,0.7106582518108049
ITI5109,0.6502634153928476
ZJJ6069,0.336708860426351
UXQ8523,0.47066610826306016
BJZ5615,0.41020992406959234
BFK8030,0.47616386548587525
NOH6334,0.4509766272802303
QCJ0449,0.29879598217912434
LGV7177,0.5807789543032286
YUU8227,0.47791642016829833
EYU5539,0.3569013128384193
FXQ9279,0.5333024015537736
KVN0414,0.5104794473289832
BWO7564,0.41661903841414
SHA4528,0.3233039884851023
LCV5905,0.6504471781084321
PPJ8929,0.44731674465705096
ZTY0059,0.15006520899372508
AYY0072,0.3804961721613876
TUR5072,0.688699852157144
DPA2836,0.5515573631763921
MWP0809,0.5238256123622873
NIT5344,0.4957202990410673
EMF9379,0.5305213121512905
FDW7329,0.3380412016297752
KAA7544,0.558327443341864
QYA6379,0.39862327978234807
HLA1104,0.3921034723560481
ZTB7327,0.7188250657308008
VSX6645,0.707429024388638
MKX0188,0.3580712702812486
MYK6810,0.2942533278213032
UJZ3099,0.736749206811971
NLQ6953,0.3429687140549043
THD3997,0.36926790508720425
DHW1898,0.4291347200047242
CAZ6419,0.3980543766133831
HCE9029,0.6127041586483929
BPO3584,0.43105124104592646
DCW6953,0.6774417309870102
WJW5631,0.7317873877801455
JMU4733,0.38317147527101875
AUQ3924,0.4829021885873795
WOB4261,0.272140228076648
FAA0395,0.654089072490935
SJJ3512,0.47848018376366247
MDD5141,0.5034213766365002
UFL6151,0.5250993100435314
RNV2828,0.4548560108377425
IBG4905,0.24361395470630928
EWQ2853,0.6764720210380478
DKT1418,0.31775665086370974
RCA6055,0.5151146739367553
PTU0261,0.4196812135236927
RQM8471,0.2069313962590499
FIO1669,0.2294681812867779
RWA3084,0.5986803385796808
MWJ3622,0.38167977539548675
ZWO7580,0.37879137505218946
ZNN5139,0.32819527122130665
XKW2878,0.5079954666011617
SOB1176,0.2660665195090644
XCK6612,0.6048481529139744
ASP8488,0.2950844391360156
ZJQ7036,0.5421941844241509
KSE8052,0.82178484011905
BDQ1385,0.5240205926807349
VXR0368,0.5640131432548622
ZHB4902,0.21062078278702145
POY8883,0.31704619788607535
GIQ3177,0.3568187640133062
ONY1016,0.5450342334286805
CHQ4117,0.53215654347691
XID9340,0.5422023924069264
PEC4135,0.5052424922904081
ADP3518,0.50426111006844
WUD9379,0.4444499878157826
RCT6710,0.5003537619413201
YPK9577,0.3751296845860646
KOX2113,0.2184360937359179
UJG4961,0.4982020122457064
HAY5847,0.7308330161860874
PHI6345,0.379084793077617
PEQ3550,0.5052619514035122
KAJ4969,0.7537222962648924
UEE9718,0.6108470278504272
FNT7313,0.6415326961595148
OQO5683,0.418761232962297
NWQ3973,0.447010211790837
GTI1384,0.5278292408873396
AHK9950,0.43146719154396684
GPZ4054,0.6014818258034484
HFK9029,0.4914512723933512
PXA5874,0.3998400065405127
QQK0987,0.7174616752657256
KOB6393,0.3218921789479836
UCS9907,0.7173243409553619
ZUD7019,0.7062362868744243
JUM0665,0.4083111459564846
TPP9015,0.5776808297056311
MXR4724,0.3819685129938771
HOD5285,0.49803949246524754
DHM7054,0.5963273489138313
CQJ0272,0.32388322106554807
KLO3196,0.5129987272967929
GFB1649,0.6713687381462404
NOQ5877,0.265554523953884
CYI8589,0.348023660735708
FWO7157,0.5537661230619167
OWE0183,0.6350830238936578
QXU5403,0.4197969202238756
MWK4766,0.87164031602938
XLG8768,0.41126544245351876
VKS3432,0.424238053982383
GMC1606,0.4440487889637761
PNE3192,0.5604483501286877
ZDH0081,0.671197985572341
BUQ0384,0.5212987771745771
SDJ1245,0.7307188631333882
YHI0373,0.20701092444251193
HTB2148,0.6038503542209556
ESJ8744,0.46388796618351585
OKZ6934,0.6652680009900218
IWJ2087,0.19771505878641368
YQW6666,0.21298959892230865
DRL1639,0.4357687458664129
HSB5951,0.851101337381586
RLN3664,0.4206346556860096
DQX4439,0.3882364970631584
BRL1853,0.5224648377342999
WTV4777,0.6405668618621461
UYI1073,0.6625757883084644
EZM9046,0.6729647797936679
NGH1312,0.6396171943710051
ZPJ3568,0.2643678134094777
GCU3692,0.365326805974985
KQP8149,0.31236788751421474
XRE6790,0.43864596662201505
WOB4424,0.4529504310224919
TZX2171,0.5366986018645019
KLB6758,0.6987226834935184
NJZ1004,0.32252340706399546
SLC8186,0.4385375957730632
ESD3201,0.6120534100453258
GIL8255,0.5213338693134835
VIA2238,0.45527654628861075
BIK2002,0.3339468917741976
IGN2069,0.4079725672086699
WDC3985,0.2739451333497607
GTD3498,0.3076395563083337
ZRR6014,0.34383974712793275
FUQ8627,0.7298514119145139
RUY4061,0.5674985291602362
DDH0817,0.392449150833709
DKE5313,0.30613392355443275
GQB8062,0.24401147990708702
MJW1038,0.7214135073673688
MGE4928,0.6008589045155769
WMX3148,0.4939175162303392
BCL4088,0.33569635393892344
POH1215,0.5264723880580315
DBJ2669,0.3955208932451822
ZTQ2278,0.6560584753501971
QPC2404,0.7167676044627972
FOA9641,0.1494467149902246
UZR2198,0.3217950943755402
RJD8220,0.6035826443519664
YPO7168,0.6779048341393775
ZSO7284,0.6055001451687974
YKC3947,0.4604206912826127
RAX5623,0.62505204831171
NDN3928,0.6247613672738604
XBG4294,0.37075032180849304
URI6844,0.3584162237334354
LPC1008,0.28110059102071666
MQN7236,0.3187700882203962
FTS0705,0.40375715753959396
XRV5896,0.2363042037813037
FNK1549,0.3446926965804626
QVG3369,0.3316057719128538
UEF7361,0.19409968586258505
OYI0421,0.1902906756434576
RGN7073,0.5886761808467821
DTB7149,0.3816474887816819
WAS9056,0.5819782768304996
ZDM4647,0.6432577098520109
TVA1688,0.596494477536725
AUN6131,0.7248232594995684
WLN1597,0.8152108956301892
QJD7373,0.32947611438140534
PUS0461,0.3659259925383922
VHL5519,0.5339169919511243
DGF8059,0.3731333865701738
ZDP8152,0.37395167822924763
KIT9995,0.4883214284866772
HXV5931,0.2185691400947384
COI0100,0.38223403210001505
CMW1744,0.38876137082351475
NLQ4471,0.1642381943234441
TKC3707,0.433703563574228
IEX1198,0.3967345357845841
ELK8724,0.40200500368388103
MXV3637,0.27805021283685627
WCJ6522,0.764627220528517
OEQ6921,0.47318700739472863
HHM4121,0.5743159549280464
LOH3133,0.6458767487500799
WGF4780,0.5043819175791414
IED5984,0.6548740895665602
PLN6758,0.4917200723503026
OLC5808,0.19714500245894
CJW9798,0.28549834595170104
GAI6119,0.5376489534182393
BKC5625,0.7837746259063085
YSD5776,0.6238473169674449
XTN1465,0.7188494465712039
YST8825,0.5553243815351128
PWA9731,0.37761610301324394
WZF0204,0.4336705563542874
JOO6585,0.225167293770054
FAY5510,0.4060956947110078
HLI5171,0.2761243773576453
HXG8092,0.4197702389978759
KKM2246,0.608406047132689
LPR8244,0.34156361783592365
VDY3830,0.6200029561762713
SCQ8086,0.29273588951828
SLB2171,0.8050834364829381
NRH4257,0.29400025499700116
CNC6073,0.21980960280860243
ZOU1261,0.15031733029293753
SPT2697,0.39290228854924364
ZQW1536,0.7266176528331212
ATU6677,0.3313645285826277
KLW4229,0.38115482494512787
HVE5828,0.6417284514919708
GBI3333,0.5602676008820084
LVX7085,0.4014619115193757
GQQ6522,0.38463809980797714
CHQ1313,0.6073294628758489
IUD5304,0.3953121590814629
UPF0845,0.5338867531928803
DFN3122,0.6270900606069103
WSE2433,0.6529599166614445
FXK1875,0.27843041943496977
XQO2229,0.1643423145513711
EHE2388,0.48723661376415867
DFO2542,0.41797282674895114
VYB8146,0.6120898783139385
UPI6716,0.23716555656893898
AZV8887,0.6325008604389997
IIT8345,0.3491796169293848
NSR4067,0.43087526764328005
UND4463,0.352352689274449
DJH5832,0.5368721642322718
RPJ8255,0.5921045139843406
BXX3872,0.8656898599659798
YMQ3196,0.23815093226394804
ZDV7390,0.23441315337386243
PIP9062,0.5126781581755464
LNL0304,0.5872440165395346
WYQ6546,0.46827585936050176
NET5300,0.30957633082774727
WGH1231,0.3129510144570943
HAL3239,0.30165641827590767
LBR9014,0.22657171383189936
ITU9867,0.3220255093853789
KIJ7291,0.6292155055928418
FVP7293,0.6235976088732726
TNR9657,0.3375476310503397
XSE5958,0.2929550083162263
MAQ1010,0.4213195358943772
YSJ0631,0.6807616133059705
SGE9558,0.32790516752229243
BDN2933,0.4506700342506239
LLT6330,0.7585108303513054
HRY3373,0.2986391472249848
UHW9589,0.39553873972003645
NWK7279,0.46097924002447305
LQT5241,0.773779871568645
SNZ7816,0.38771447893114436
VWP2460,0.5917150490416582
VSV7263,0.5623357353401225
PAI2981,0.7398910398395477
AAT2571,0.4973030813170447
XNM3039,0.20755595980269784
OYQ3855,0.4576833332841904
OXT6838,0.6088238149913663
MIO5543,0.2970650722267901
BOM2763,0.6048170162714166
SFZ9405,0.6165063076757568
ACB8398,0.2936391304127718
CYD6578,0.588795874548747
OCJ4962,0.3195121196852228
QEA6309,0.5930472432898151
SUI4465,0.7922658085263252
FMR3924,0.12559758863454065
PTI8284,0.7040731601033835
PZT1362,0.468056240301246
PIK1727,0.20301826366323783
TDM7158,0.27617243496646143
OFG8429,0.5306854486636691
YGQ0653,0.6374416679877669
CRQ3454,0.31132810639742586
LZI6201,0.5699332958190324
DUN7031,0.6384205421725792
EAF4040,0.3913320078681629
AEY6897,0.4422246698084445
SCZ3033,0.28764845523284704
BHB5455,0.603940421086594
DMA3129,0.3159824077240123
EPJ7195,0.4982145659983618
XXL9376,0.33016603462458854
FXG1204,0.4768179343066707
SCJ5893,0.29644435870312813
JAB5413,0.3478174699390973
ECI4724,0.7185285124316156
VJW5200,0.3140035453792652
GPQ7753,0.20953275275695324
MGM0506,0.43325582053255773
IJF8157,0.36159761317634825
UAJ6492,0.5152496232822773
OMN7687,0.4703460587276462
UJE0913,0.581187603588093
EYQ7148,0.6235954684132695
PLJ2057,0.2951566328216152
VWC6238,0.18592766013351755
JAZ3904,0.21738053495988624
SLF2540,0.4430410171609013
ACW2850,0.3101019646948101
IAO0540,0.620533531487843
UZW5012,0.4719824828700526
UMB1656,0.3873792196179194
JYZ3579,0.5102477453493448
NQE6140,0.6411045213326462
TNN1819,0.5980949973412004
LQE8452,0.5733991022518906
DDO6847,0.4197163187735959
RPF7802,0.33283932943994937
FNE2013,0.24944850049450648
WWQ2829,0.5888915075282251
FPZ8406,0.5086197576303324
THE2609,0.3240880320750468
YFV2493,0.5063885385773756
TPG5056,0.5628660816412046
CKT1474,0.7207408443609916
UWN8033,0.6420881906183818
VZZ8105,0.7285527779212633
CQB7810,0.8390881552476104
RPA2932,0.5877911416644438
HVN2303,0.5653378486533646
DNE2280,0.34781739159739894
QZS6625,0.46850599188540265
IXJ3391,0.43804918619996636
IBJ7457,0.2598994336459463
QWK4411,0.3268365954989227
THI8299,0.2856419145173702
WQI8618,0.36786726263676084
EHL5492,0.4072551941120355
DCE6168,0.26794265837250214
NQJ8766,0.5546995507055938
VTG2380,0.507241222673721
LNF2835,0.45177983409945677
JJR4127,0.31096594602277455
GJW8107,0.6000052091928315
WOT4362,0.6610391351125475
LTV7533,0.3590919199380804
HLS3172,0.6292309789772302
BCV9335,0.22197988667933694
VKX7361,0.177163017315582
UPR0212,0.3566125775159386
GAD7822,0.42262597112676453
FTY3806,0.4056503800454336
EQY7009,0.25003091760054175
EDS6036,0.7179777672121025
ANI4768,0.48807552955104566
BTQ2124,0.2536582822051066
YQT0133,0.4997656113903853
WCL2270,0.61213186651986
UMS8559,0.611913429514901
GFR4574,0.7035185004729828
SEY9322,0.27471580851714644
VZZ3704,0.5221741610901296
RCA7209,0.6548952450982896
WMT0282,0.2490782979118844
ZGZ3238,0.2928802713157624
PCH5579,0.7137101036314911
KVQ5659,0.7069152304462173
DXW7491,0.4724725489603272
UGO5322,0.31828206632379846
ZFA1134,0.1411099152526574
PMA9220,0.44440523292804646
EXB8441,0.5181849524361527
ZEY4073,0.2310229816762976
VRB9328,0.07765707459046103
IXY2561,0.44276218153875213
TCC6535,0.3252277603717942
OJU3724,0.7189482037286457
XDL7709,0.42424596730217173
ORF5661,0.2697887258383527
FLD1463,0.4286962494644374
BJP9208,0.7618013736337333
TAC9100,0.38531430217794554
SBF6739,0.37970969902093976
TXT2079,0.31246247922231213
KKH5705,0.4434455058494916
QSJ1521,0.36966143502110216
SPZ2638,0.5562781953800056
QKS3066,0.41026541372844383
HLI8086,0.30549094923990866
RVP4550,0.6340609084206221
HNJ9495,0.274151634221913
YOJ3693,0.5123137123671402
GJS0697,0.6776081939744248
EQR1972,0.3925312521282119
OND0210,0.5037827103374038
ZKT9269,0.23965171079560554
UOP5878,0.6043341078824431
LHQ8463,0.13261074401896192
VTK5721,0.3117016239037896
DFT1373,0.40488571782073995
ZZQ4322,0.6203201339791651
TEG7575,0.8541875424267799
ZDN8364,0.4223876441604906
PMH3356,0.6269468877990666
ZKC0601,0.4882940951222249
WCE9841,0.5525736037865508
MQZ4133,0.7706116792848066
QUJ2416,0.6359150820058739
UIQ1872,0.37564706054224917
TPR4093,0.6910067494902056
UNY6653,0.6882252147902983
KED9088,0.2568034693142199
GJV9147,0.27363941574025785
YYK1409,0.337298347629861
BDP1730,0.22416174800240074
IIS1162,0.559882244912105
QDK0707,0.53849399038366
SBM6710,0.3962274942925333
LZD3025,0.4193043493577315
SCN0463,0.6035810982421715
WYZ3750,0.12906391513202625
WJE7625,0.5861643076974508
LVH9493,0.6723487121929218
OGP3197,0.32162180595063966
VVY0930,0.567333146436854
PVD6484,0.5513537373367905
VFA1552,0.7149009122384667
IGX6687,0.2932002517779565
VGB9010,0.3205665775885513
GRG2410,0.3262076698456844
UGC8879,0.4841550637202134
WUZ4473,0.4771570714891075
XSF5046,0.5863699293085007
TCF1709,0.5806022921048996
QGP8200,0.6705949331066547
TWD0882,0.6678392076667734
XXL7278,0.3601892943872797
UBQ9279,0.4155414935010285
YIL3942,0.5728600674617541
BFA1695,0.5573586306823948
GKS6057,0.6678209005142668
CEN5283,0.4249849420282197
URI5280,0.3700049892041441
ERO9064,0.18911879210259452
WSF6571,0.6073169175175438
BVH9547,0.20021923725861832
ZJS4141,0.47073063471214277
RBF2204,0.1919942282449624
ZZV5719,0.45617183157452057
PBW0578,0.4667959715881983
OJH9892,0.4190584060094051
IEW3033,0.481371514410284
VRF2412,0.4957387677459146
AEC5051,0.4499717189340303
FGL7789,0.2813111780504517
MJZ4395,0.44849187948037245
DUX4345,0.3920886931491899
CSQ8628,0.5591486843291446
TOT1468,0.6211611730825194
YCS1207,0.3834765523527478
UVT9591,0.39353294190249144
KOY5019,0.6226098144332654
NSL3572,0.2334575747922352
UIC6064,0.612502932383758
RFW6714,0.5576035034030761
EAJ9097,0.2470731334840821
JOU4957,0.6120636004274791
TEE7042,0.6206814818472502
KJD2151,0.3008281812869313
XQL4738,0.7323758692385255
BFU8118,0.26609083577278314
ZET2122,0.4765831865540068
FUK4311,0.3734656113900586
QUE3466,0.22133989164915707
SWM1601,0.6092827986661398
JDO4667,0.19437661600188316
KLB4904,0.5316047835609959
MNL4989,0.23432583400222065
PIK2814,0.5057834255092034
SJU8294,0.510450674013485
HLB3116,0.6585998173641255
ZCR4661,0.7317792790475075
HRT2532,0.40923276190931573
QPI4398,0.5135401056551431
BHE2901,0.6463521877141466
BGA4649,0.49050502411911256
BIE1986,0.39621980432379617
CWT0763,0.6741784629193922
WPR4507,0.41224202116082864
PAR8871,0.5850941587499763
VPV9675,0.6917592192513731
ZCN4019,0.7240394342732354
QXH9868,0.5633307583176125
IGL2036,0.2034110655685019
PXG0071,0.7372886682800717
JKJ4473,0.5544308875234615
JDM0244,0.3585531600829642
NFS4819,0.508442490646192
VGF0668,0.4229334375588662
XEU5703,0.4707723294782446
RUO0833,0.3006893673621236
EQV2141,0.7120727955443108
GBO6128,0.3942921805304828
ICW7329,0.3026533358800664
PPR4284,0.6607517419571483
EWD8008,0.3768800499108225
WII0655,0.6291531224891839
RTW5196,0.46913634449400704
PXK4242,0.5841577721815094
FBW4362,0.6901566196761182
NKX1957,0.3970136098896382
FPX9711,0.4516466097868076
BDR5063,0.24192308921432693
ALG5020,0.411344516415822
UPU4766,0.4984683067547055
NJD9805,0.16656061914579864
OXI7734,0.2855023720570359
LCI2089,0.6676736419145545
DMF6569,0.39763295453125025
GYS8804,0.6170633214157307
RXQ7168,0.5684239196244715
AXU3149,0.34163564034213023
QQV1056,0.6605112006302692
UDI7181,0.6026753736910148
ZTG9882,0.42326505318388197
XKZ3080,0.1821226587940697
WXB4285,0.3246788517617913
ZFP0139,0.42653400980578693
RKY6757,0.30581849219765894
RNL9971,0.38345844299052617
MOV1007,0.428359988759036
EUF9193,0.5557776596571302
ATY5952,0.5569597040670977
HDI2450,0.5223892127689481
DCP3341,0.7023607549911971
YVW2924,0.5212992772516357
AMQ9367,0.1378754896375755
QRH8014,0.25505550179135505
NDQ2138,0.7880723298311624
TTO9585,0.29304145614686067
XIT6623,0.30574273834827753
VFW0657,0.39230633517504565
BZD1767,0.4760021602379004
LJL3808,0.22825120871505583
ALN1220,0.5218965808207202
EGO9071,0.20525986998400877
JOC9153,0.4488028287032232
INT7734,0.2074799790361855
NID3881,0.3167661581609078
VSR9271,0.20531609251810495
CNJ2189,0.4529790256636002
WQX1820,0.5294268416769382
DFR9329,0.42875970689939147
ZPL9559,0.5539129910404317
VEB5415,0.24700071439261426
NDJ1733,0.5306243162448634
ZGR2446,0.36360801459062725
AQZ9907,0.532490766590764
HKN3098,0.31609713842867165
GQE7545,0.5283185367305959
APS8818,0.5566447842827585
SYB1914,0.28345201258120434
SWB2082,0.2951627415336932
LLU8086,0.6093799738373585
NXQ5035,0.472462282329063
GJX2850,0.42363890762939055
YKM9772,0.37872800101224396
CNZ8777,0.4075761041419172
UOG5029,0.6551618151842266
KTY2647,0.18166844932097195
ZYR9156,0.25139346862374745
RHH0385,0.7923137652434677
LOH9986,0.724611194123998
OLB3222,0.6068726286740939
TGM6913,0.33682027256520847
TRM5291,0.25730340351570175
JSH2786,0.18657853300736724
FAG8343,0.6863716992848865
XXI9968,0.5502500714344375
XVX0630,0.3667009614981943
ZGL2012,0.39440773219694686
CMY3122,0.7922275039232545
RHA7400,0.6108341991340781
WOT8084,0.6221250698404038
RMI9464,0.4799077548212076
ZRL2727,0.6083175124822185
JSC4855,0.5802179588891676
PIU6931,0.5031075938295861
WAI8374,0.34238517164883714
XQU0774,0.6854058790311955
HLP2424,0.5726560596713476
HRM1429,0.5102897088600632
VVC1093,0.3939480419090923
LZJ5353,0.23980160186686397
RIQ9136,0.41756976471902146
TYC4355,0.48969148457886286
USX4346,0.26696320279840546
JCD4951,0.19119500048767663
AQE0764,0.3215917764651358
JBG8345,0.6022634236704821
LRK3576,0.22086586042785414
ZLR7960,0.45492347049589765
LQG5244,0.21710292272464
MHK1073,0.6237375873273093
RCZ7157,0.3776794436010641
SSB7551,0.5256604227761084
PXO5302,0.11109094575115264
JPI9674,0.5558833351467871
BLY7604,0.4623033953401299
OWQ7804,0.7118336517105576
KTY3963,0.32762266010405217
PPM4319,0.2684728056816688
JLP1821,0.14546204245932434
MPR4339,0.6336484361404343
SPE3315,0.2970927747825411
GSQ2343,0.48006409636026776
RRD2557,0.49424318780705995
SEH3346,0.4745767129228416
OMZ7979,0.7179778224685803
TVX0902,0.4459862618936282
QMD7998,0.4059658026619399
GIY7765,0.4416826429133219
WRA8283,0.5206677080318707
VRN2912,0.4977882238606913
WOW0457,0.26027600446598964
AAY9915,0.3716652915242421
MCV8852,0.39102372486285775
ZKK0483,0.45385013491242227
IUV2370,0.29724881117698987
BQT2347,0.3256829446360711
RAB0460,0.43975884433009227
VYY2503,0.22080249627462867
BQA4119,0.36781158377823286
OBX3043,0.5602653786310858
AWJ8508,0.1290300844440236
XTH2006,0.40074556606573547
LOS6758,0.29050529041226447
FNG5006,0.38368888510943444
PQA3617,0.1840168637640181
TMK1023,0.3048160202838828
KUG7819,0.7633020830455027
GEM2691,0.5237694497602379
XYK0485,0.5397332167391523
KDG4735,0.6424481962095426
WGV0890,0.36985710247941234
YWM6922,0.43554468348285597
XMW6050,0.21883888263823117
FVR5417,0.5801807743116455
TWB8895,0.4238402138862204
PER0203,0.2762149874653142
DAD8582,0.3148815715940083
QVW5666,0.2809313754229226
XTU3993,0.35235376369465354
QJS0135,0.7676408600400135
SVI6098,0.25827953374094575
OXA0211,0.462422344281035
MSD2642,0.23642495224198687
GAJ7911,0.7513036692267194
RNJ5292,0.4503361467156071
XUF3740,0.4917415605840502
MTP2791,0.44232242456478527
LDJ8976,0.575274354105957
TUZ5834,0.5899324679337613
BWA2307,0.5420917499353103
YWO6436,0.3433396890493139
OKM6664,0.20187932046366355
TGG6922,0.33695718840506655
TGG8868,0.47767327906968104
KMH3623,0.22762124099187567
SHU4421,0.5172725690297728
AWU4246,0.2736356750539254
TKC7338,0.146492546157518
DXZ1314,0.6672711594971731
RAC3921,0.49506871799817126
TJN6899,0.44415482356884367
NUE6631,0.5193601769963785
SPK2793,0.2160463402640968
EEV4381,0.4307361775823133
YLP6088,0.3374216488240408
DUL2848,0.4104807160741452
USU5289,0.5408072704055308
KNZ9821,0.5413772574233625
ALO7156,0.29737808996456533
QHH4547,0.6069840487481161
LIX0583,0.4038761093559669
DVI1262,0.6737068224814553
SPU6876,0.563425011080122
FYF1334,0.4812471360341915
HGT5795,0.8233598614710133
IMP8425,0.48758023946145707
JXZ9197,0.6532864621803476
VVQ4339,0.32291415317160066
DAO4421,0.2497734336654387
TOK7160,0.6135009533539988
YJS6181,0.6655293153163383
XFJ4423,0.3004211182453659
TZR7612,0.4406304780250313
OCB0159,0.3488494725063765
NKL4707,0.45407344319264725
IDS2174,0.17810779509128252
DRZ5494,0.5662853533094954
DDI6072,0.5519731896702915
ZZH9609,0.4155662708672202
ZVP2569,0.638955401056938
CUD1746,0.4424914098720585
YCV2081,0.26696337562848826
BQP9020,0.4722477193995048
YGK2060,0.38230940882963954
YKW5527,0.78794787515374
ACX5115,0.45676678661630626
SCM0059,0.4871944337363247
LQI8710,0.4141070045856229
AGB9768,0.6821098411189919
ETJ7781,0.28317773240406136
BPL9331,0.3992640023823716
OMU8839,0.5254052414896349
DFP5387,0.21130885897971474
MHX5145,0.30370269431937164
GCH3336,0.15458086485223105
PON4432,0.572409543329306
MLF6966,0.3780964349324377
HZY4130,0.7500293329308542
ARZ2060,0.45128709157999997
LKU6595,0.32005129146710093
PLL5967,0.13219898558026685
SLK2959,0.39562057219044344
DHN1111,0.6126106822234938
MPP7301,0.43748979552752354
ZZB8437,0.5357613660988101
NQF3212,0.6318018422526157
MNK0960,0.2442092507096195
PWU1684,0.4181232439815971
LWL2689,0.6586150985741307
QYI7393,0.27292524940131263
CMX2357,0.2410968815410112
SOH8850,0.46767046185314126
ZGL1552,0.24937917059355588
GNU1789,0.7115269874491457
CBT8745,0.47742133733813874
GGC9923,0.579295190783123
TCU0568,0.18944864853456497
DXR6816,0.5733355599472769
BYZ3907,0.398098056077038
CNT5049,0.7841631975541411
BFM2923,0.40577094702256483
QUO8903,0.37717745822243615
GLN2683,0.546094064896612
DXZ7938,0.523032529429435
QXH6973,0.5449422264916828
VDP1152,0.8306833100654015
CLT4807,0.5413841812426208
LVU3472,0.3528069682942685
IZE7631,0.36007023687188205
CNO7276,0.1741664601287009
CUU7270,0.6915015951842419
VKX4593,0.29141575053067753
UCG4902,0.6832139375564683
ZDS1307,0.627190615754504
GKK5693,0.5099213347899629
YUJ8464,0.5939875748535913
MMY8083,0.5786038773889673
EWU1072,0.3928588703398742
TXS7897,0.6069330026664382
RDH3093,0.6865229936007563
DOQ0911,0.3684641801894699
DHD4872,0.5830009452849717
NOE2039,0.23282992475858452
GFZ2202,0.34785725068931767
TPY4290,0.3048332923221687
YOH9978,0.37663343646563346
ETP6944,0.2794563125711546
WBK0769,0.19567730322365687
JKS7151,0.4170575175629628
BLR6983,0.27027441782299955
OCR6516,0.7012745882728817
XUK8738,0.46138777113965895
TXE9195,0.36606281459400863
WTE8394,0.29591709035661073
NDJ9703,0.3698912103813196
FUY4600,0.5795539836640025
JMN9165,0.763261980337567
DLW2837,0.8735923239755294
BBU2488,0.6124529979140255
GQX3493,0.3512106396831349
LTK8258,0.4454869453797157
FAI4079,0.5413625041859077
VGW8609,0.2871700874245873
XEC8503,0.3470086024548697
YIB2036,0.5379569356963667
RBG7787,0.8148837112558303
QUG9785,0.3415920260975991
AYM1556,0.36783728944005467
DCI8918,0.39944262146541565
SFC3662,0.4890296654751801
YZE2133,0.31559152716177424
YYF5693,0.6232607350861042
YIR0910,0.5965622516109305
RTC0158,0.4328310961089506
CYF8027,0.2833889411111457
JVA6010,0.512710742788657
VMR7339,0.564648465709609
ZVQ7756,0.5376719845234155
EPB1902,0.6882171300835035
HMA1683,0.5592554940460651
UDW9896,0.8062809869915839
INJ2839,0.6162299491023301
XPW5468,0.3496237570691378
EWN3886,0.31423224166111197
RLG4571,0.4023435658820417
YRT9372,0.486916175493847
YRH8201,0.7069132188905273
BRU3883,0.4487046363073545
SKZ8473,0.27889931647377686
XRY4887,0.3531509010145336
ULE8976,0.6216292992783432
PNW3961,0.06280071886005828
ZLV4477,0.3098474149465491
EME2296,0.2584581043157062
OJE7672,0.43334497687548457
UFA2792,0.38290867698494696
HYK2764,0.43845114649725225
EMJ4193,0.7913649558408771
TRY9793,0.24027491127930725
UND8104,0.5082831499537127
INW7518,0.5481376783096581
YSQ4508,0.45023708054509376
KWU5608,0.7806457378854988
MKP8589,0.5384835062767704
LWG9686,0.2409002953851785
KUJ8182,0.3972683584532278
DPR0998,0.3061934379544919
SST6383,0.4494625138619507
KJK7433,0.6143990543490526
RYF9809,0.6753595875600784
WSG6782,0.5400141133118489
XHZ3894,0.841938322073981
CRW6764,0.42597196969435214
IHK0142,0.25929738381048484
KPI1673,0.43516418620270514
VJJ0920,0.4988481903859743
QHN1317,0.620803158232528
QVL0117,0.40983459094051844
CYG6976,0.3433127202930009
WQJ5266,0.7035476373563833
EFV8152,0.39694345796543595
EYR8430,0.13906905794828647
CSS3873,0.36646596630155076
DAF1550,0.2867835742718361
ARG3013,0.2377286728390399
ZQR7323,0.48261527411689753
PSP9513,0.19592258219191033
QOI4229,0.5462700998904783
RKU4120,0.3066481834520208
AYL9666,0.3440704317156076
LIG8137,0.2675677859920215
TLN4120,0.4090773452087596
PII4855,0.4865095540221532
KKC4781,0.6269172909491777
UGJ9148,0.6318425724806945
NAH1937,0.7167965563995137
IBS6724,0.3173241724898989
YOM1813,0.6488805197276567
UQB5928,0.22256242368795134
EXM5263,0.36852164964415385
SKZ9545,0.3972686396457635
YXX8481,0.5959042094777267
EKE1509,0.6053676403339807
XFH9691,0.34334460620566737
YSC6667,0.5897688222426913
HJA8242,0.58212930304943
MMG4678,0.7668840044247431
GHM3350,0.22640884936398495
CPH4470,0.3163986525118306
RVE8333,0.5850927815398432
BJQ8824,0.5886671725426863
APV4434,0.5701646452503196
GQX9495,0.5837864728743768
LFE6178,0.526491259180719
SUR5735,0.5656249143704658
SOU2853,0.52489571010919
MYB4068,0.32819092460957183
HOI6711,0.36015166383086505
IVQ9537,0.5019627324302751
APQ9887,0.43012608618669856
OYI5611,0.516307961944152
SQP0394,0.462097065484402
OAD9860,0.721163729469092
XQI3680,0.5382169610312623
CQA0273,0.4723770580071723
JZE7318,0.3544188483971786
ASS2736,0.41939911598881635
BWM4784,0.7954632292374824
HOZ0409,0.5538334061388471
MQR7431,0.6170366706011938
XHM8073,0.4953708818514704
XJP0014,0.5575567766660763
TZC5853,0.6298739727053215
GOO7415,0.6379357178588279
JHN1039,0.6694239335864888
GJC1812,0.6619546582335069
NGR7410,0.47482387432150136
JOP3400,0.40382733914428987
IAQ2910,0.657947913724281
NKK9441,0.29526318151073344
JWQ2070,0.3483923716438662
FUA2972,0.4706634276300609
OBK8154,0.41440498978992324
LTX0849,0.6078838530282754
RYG2522,0.5707113317721425
ALN2547,0.5047877273216109
VQR5900,0.5851428206216609
YXW0430,0.27806510772861165
QIF1562,0.525887646626369
ENC2948,0.7078823645376369
TYA6116,0.28542244411941253
MYN2101,0.8182864024648675
MPH1858,0.38208970766947903
PVD2935,0.2549803784885321
PQA1895,0.5171444266682103
ZXL4357,0.6079738689759092
FWN0813,0.22347095902419478
FJQ4108,0.3874079754319193
OOX8926,0.17057657782990981
XCI6898,0.3993745205302433
JLT2782,0.45873729983639644
GXY9486,0.6425603999323081
QSF6937,0.4201928161049921
DNL4265,0.40233909975528664
HXK2025,0.4891013362597637
UCF6307,0.9029936116452986
TZZ4995,0.5766570085904386
VPW8963,0.44522377016344217
SZC7086,0.3181441692091974
RKI4428,0.775160034691256
DSE7424,0.5869965700382854
BYK2560,0.5074546786255641
HCV6851,0.5964166533719536
MCN6330,0.24929864423772052
QHX3606,0.5874009546107922
LIG7352,0.532969594484214
OCB7121,0.07401153314990214
RND2956,0.3715874614706491
VJM9312,0.5238640942100519
CNI4759,0.48135998400939745
XGX8361,0.6257985073618223
RSN8872,0.689378490389176
WUJ9752,0.5407873817059626
ECJ7109,0.25390748947976344
VKN0521,0.616307306853275
FMF2687,0.7084462923274512
QRN3278,0.46978893704293495
OIK7662,0.6855624661569741
WFS5713,0.35430518535936234
RKK1023,0.2921775269086761
JAC6138,0.5983554582322396
YLK5805,0.3936370201390183
CJI4621,0.5943809967292274
QAD4256,0.8443370788695912
FMS5517,0.5887256770472286
QEI8904,0.2942622222828034
FKQ4280,0.5388604356996932
DNM6555,0.23921525344487268
FXD2467,0.37044192924517966
MAA1936,0.56808936456461
LCQ0642,0.3380178808693309
IYR9562,0.3053622997007449
ARI3219,0.2748980394756756
YQX8862,0.7784760707045119
QNC6999,0.5183461965911565
FLM8038,0.4011339751113171
EOW9067,0.5879243282997939
DIY7061,0.7629414713283379
CMJ9389,0.424067468885294
FKB4069,0.12828742834075677
CGT6928,0.609689834491961
TLQ3658,0.5093304743543958
MHQ0302,0.5993646536095414
AFK3676,0.40460320888984297
QRB7722,0.6411101602668446
SJC0158,0.5292375701692799
RCH3812,0.6675352374382907
GEN6842,0.3698289209938387
FNE4328,0.5003521016271042
WXG9684,0.5580766207230551
FCV8286,0.48840790665298783
RVQ0084,0.2412849703419444
PGF1168,0.5363729737099334
FTZ5809,0.5127442714541971
ZTK7324,0.4223046180678675
XRZ6099,0.5815953983898242
IPD6107,0.5511953005819177
PQY5066,0.3741349480373053
PRU0629,0.7004469645230916
AYP8708,0.7442852729083054
OBQ4700,0.2602261638572465
UJR8468,0.25721326820129825
PXT5309,0.36204599961494255
POT6788,0.6880725008822274
JVW1000,0.5677658709038934
NSK0652,0.6892245501548979
ICA3637,0.23164861376255047
DCP1085,0.3462252334234711
DCZ6187,0.3206395197320265
DFZ5791,0.7736406132098355
DUI8399,0.4210584660246051
TGF8462,0.44527373164607525
STK2892,0.17271167998255307
KGC2143,0.5693315816057349
MRJ5417,0.6449090659703047
KNE4875,0.26546216321284144
WWU8717,0.38806022159337167
XBA1009,0.3596526522719362
URC7565,0.46683714287506684
FGH8879,0.3785337107114389
TDY8258,0.4323554459840934
XYG9380,0.14857779470145682
VXC2814,0.4160949852336181
LIX0857,0.5555382463132947
WIV1316,0.45186064126805797
WJB0796,0.45826983805948673
WDF6414,0.3981760808769933
RMW4668,0.5838984980896954
FUU6581,0.22558587297572247
XMJ4060,0.5507974273135281
SOY6474,0.5557578559034696
ZRZ7446,0.7298467468897197
WUN0078,0.3641687271629314
ZQD0286,0.49244810027539204
PUK7832,0.43672884406214196
CBW5745,0.8353613830770458
CZN9299,0.3159730887697617
WRT2255,0.5776493069225761
UQF2952,0.34784771045771123
RVM1295,0.339030862609825
PRO7906,0.35001633737744065
QCH0078,0.723660916202826
XYW3022,0.42488308736653124
UDJ1243,0.626821009582587
LSM4498,0.46022230274588743
PHI3536,0.6354687243217928
MPU6302,0.4228799135836744
LYN7774,0.0786951512491412
QUS1468,0.8130654168415636
OTC5448,0.2900308784890596
XKE5180,0.3087910841490805
URN0347,0.17601932040489768
FZE4687,0.4257663547364947
BVQ7673,0.701193455480789
EZM9452,0.2164175751748538
GPS3302,0.35609772057961286
GUN5844,0.35231179847427535
AYN8791,0.3809677041012118
LGX8830,0.3452871948204456
PIY9509,0.3688183225423017
RUW9586,0.7390111771488653
LQL5669,0.41585401638631975
PLO8760,0.4102321340654515
BGZ2838,0.4185300682093675
WHS1751,0.6790447301350193
LDC1774,0.8237421794247712
AXJ6702,0.3478836969282143
HCL1779,0.6625592719102906
EFH2183,0.2265826341174058
XOA3736,0.5179136788661699
UGK6327,0.42751163167983414
ESV8661,0.6950109715637292
MZE3278,0.44806547558472376
CTL6582,0.6390993953992444
BZD1651,0.6091100782556789
SOM1304,0.19860969408256965
GTQ0095,0.5666643400797924
YYP6016,0.3274552262883982
ZLW8020,0.49183302680467866
LGF0331,0.6248316388254108
WRY2911,0.5525221462975239
INE9421,0.14755984791930749
ZYZ8989,0.7846952904575402
TBI2765,0.42391038018599037
ITS7667,0.3732175579104652
ICK6739,0.44891164704427566
BXK4237,0.38485494651241864
VNI7499,0.37539421186152777
GCU1033,0.5340288701610142
HUG5452,0.8546540078418163
VWA6897,0.5651408240667418
FVT7281,0.5147280580411453
LMY8193,0.8678452377644245
NRR7838,0.5810116581832858
JXS1528,0.4809643915914071
GTJ5916,0.5276170052214556
ZVO6581,0.5016540125237183
CRM6164,0.5719748179199771
TFC8917,0.24456611619622046
LTP2350,0.4004425232018522
CCJ8697,0.5251693935609055
VUR3194,0.35735132795872004
MEG1780,0.5214621470104894
ZAA9723,0.3944439567368714
RPX4079,0.27084902342928757
SOM0507,0.46499301776944
LCS1549,0.44199939786490505
CCV0759,0.4595134337439952
QAN7266,0.5099495637430876
PNL4797,0.3296548902739889
RJQ1884,0.18442598271135333
DQZ4278,0.3952266123457272
WFG7626,0.44503350039150735
POT0131,0.6169261114973013
JMS5345,0.4616776664528614
RGD9707,0.4484955564794473
TGT3516,0.562322937703661
CBI0263,0.35265793907757054
FTN7519,0.38541140980624145
TWG7257,0.4818228045579091
LCN4343,0.47296677232845996
ZVL6847,0.6310272538133822
CZO8241,0.383185912566174
CDO0664,0.42057157153582597
IEI2406,0.2614283265392942
JTE2790,0.1473552611520607
PLX0698,0.5788951333230592
GQF0238,0.31407287290843894
DWC7982,0.42270203613838625
FTO3822,0.13701153914991904
WEG6221,0.37389667012232813
AZG2944,0.7831553830562508
XMV0741,0.3194099753805468
UGH1295,0.45409892810706737
HQR9335,0.3854428901784147
NKQ9327,0.8264427522359716
XTY9372,0.5121877011516409
EYB1405,0.6168649911468476
AGO5581,0.4229744974204045
QCB4606,0.6677787001910263
XPY7960,0.5384526730134915
SEC6669,0.3066191839993889
QLW6555,0.559682676401444
XLG1609,0.44340755787465197
HPI2607,0.5683133200341715
EVB4443,0.7554722126899984
ODN7655,0.4569586303162267
RPG2644,0.5736902198432059
OYL2687,0.5371227408301176
GTM6270,0.37557706873833585
BHF6755,0.2678668132263281
GJK9666,0.4537645125495305
CYF6186,0.3097462286579581
FAX1132,0.2494815543969513
OND2893,0.6390836564668743
MWW1847,0.32434722980468184
EDM4225,0.4393953815434144
PHR9695,0.6368503723075317
AEH6740,0.510758184588239
ZMQ3615,0.4096896951989185
GOT7201,0.659981234449324
ZLQ5494,0.7039673994368697
KHZ2516,0.42587683331117415
BVJ4973,0.5621929242448104
CWX4561,0.703074267885068
GJI2743,0.4312725517851219
OMG2647,0.6003851210389668
FUR1115,0.24798767776114025
FCZ9083,0.4762359682737018
UFL4356,0.2507283842707121
ZBS4925,0.42783048705107296
HPB5006,0.10034860803713552
RSG0748,0.37529129548898194
CBF6533,0.29473224684198934
EKV4020,0.39009592518480474
EWQ4926,0.17861478339813536
MSK3451,0.431290793003058
YQE8855,0.25028460590413937
OXR3527,0.8057653752152648
DOZ1481,0.5908019400589261
OXP9987,0.28682748178570266
ANN7983,0.3958574197030999
HLD8743,0.6700638220069849
VTK6628,0.7349194954109419
SRO9037,0.2513920418311387
UBQ9686,0.676956741050449
MVG6267,0.32051149181270755
EMO1696,0.6773960243393412
TGD1798,0.4304048962449807
FHK2988,0.3590502104801474
XNR9052,0.7925708464826826
AXR4132,0.3698767322975765
WGH6565,0.45238507148804713
FML6794,0.5137463203291766
DVJ9838,0.7224663431889011
DIC6615,0.4153926756133712
RBU0373,0.46562466704999955
LVE5589,0.6160659742520019
ILK9645,0.2874232756467249
QNO7435,0.7310144263676441
LPL3544,0.17765010687204827
DZS1655,0.49639523863040075
BMZ5036,0.26422339880536255
ENQ2648,0.08842027802133226
QHS5121,0.30010727031105844
JRU0425,0.11244023893711597
AJC1854,0.5108708486074123
BCI8265,0.47942531260693505
LAP7008,0.5047052330712213
PRQ8360,0.6347542253453412
WRO2076,0.4717148125126555
NBP8599,0.5794384349157643
HXZ6061,0.4812540958719906
RQB8738,0.6089930866697809
WQX3133,0.5286443244476741
OFG6256,0.3125289639335383
CDG2022,0.5020225190644416
TFP6421,0.27985659248268446
OWX9646,0.3651174359472026
LTT8237,0.5942426705525647
BOF3129,0.33198670464489977
VOW9109,0.6620148053646134
CWN0691,0.5160383866486619
HYS1355,0.4226642638675795
NZJ3062,0.6714565645436844
LRT8091,0.29040159028104834
QSG6295,0.7023231468998761
RWL6854,0.24422355444130064
MNM3630,0.6552333591246547
YUI6791,0.36771369451637176
FJX0190,0.405431100825237
QQF5096,0.6485864860122368
AJS6206,0.7619528714193873
STF2875,0.7672196640336537
OUS3364,0.29826778953091576
GUC8571,0.2241827188399533
FXH1573,0.3804807943005556
CTI4900,0.5035028603588904
BAF9737,0.6468698303158839
XPJ2696,0.428243064043546
HXT1930,0.44946350014540265
WMQ8645,0.6982602654284041
XZF3932,0.40869146609646173
EHC2456,0.5394568675684673
WLR3209,0.37588140015992283
TMW3776,0.5096065711091002
BYI9884,0.4773379611697791
TVL4976,0.5430860361703614
JMS3751,0.5379094527023234
EHD8569,0.5528954380687308
UXK4747,0.5609569345369708
KWC7487,0.21305830744316206
LME1343,0.18457302571816994
SJS5024,0.5283149736934474
EBP0107,0.4931888146409225
MXW7089,0.47591090924852264
XLW7075,0.5447206068155076
VLE0044,0.22451239599349804
MVW2125,0.7408188152916219
ROL3261,0.7623778126524756
NEF0732,0.6263744100622207
TNH4937,0.37451847814639916
NHD9630,0.5396766400246475
VBV1330,0.2940621294624894
NGK5798,0.2939465305141571
TIB3609,0.6927066320127545
CQX9257,0.7056717037292091
JJB2918,0.5775697466792519
QGE0385,0.2077079308628902
XPH3100,0.25257815789132143
MXQ1607,0.18819701563917288
WQB9441,0.47147506788686183
IFX4669,0.6238838635145576
LTE9151,0.40532216894433265
QXD6741,0.44352229849527874
BTJ7572,0.34266862613581944
ILG3077,0.6229108671965641
IQM1201,0.3830343304862476
BLE7111,0.18313745045599297
KAW7370,0.3523737344441234
OAI3127,0.5941141497649569
IOJ5332,0.44172587654421563
ZSF3534,0.21159116690608817
RQU4937,0.41361405324278816
MPZ5602,0.301424689307289
ZOD9642,0.5441809361028865
TEO8067,0.6062451515749882
TKM5696,0.4795260135395643
AOD2802,0.26852421282430483
HUK7613,0.3811441277685325
JGD9511,0.47436148885033097
AYZ8798,0.6315938436794938
ZDM3945,0.3886706781730839
LTH5029,0.4442577757109489
MXT2148,0.5454162943345617
GVM6956,0.41549647476832247
WDW2862,0.4246013034743181
QJQ9522,0.35237278514472253
FRU3187,0.709135422707175
DPK0141,0.6824154336602927
LTR5585,0.3892896902013487
XJF5775,0.3437017728423751
TOQ6204,0.7315517525622655
QXS0144,0.590457501342399
TBX5804,0.2827461638041225
PMY9951,0.27771520194981913
EIV4595,0.539402932220434
YUU6633,0.455099327690229
UGJ3843,0.4425846025396422
UWK0037,0.758145674364638
VNK7348,0.35184582245676493
CPA3848,0.8843348106070541
KPD9994,0.6827170474909575
KCJ9439,0.1499827986110471
PEW6534,0.3825623713962946
RSC8075,0.5620569354724212
YCJ9085,0.17375694315580842
PRL0472,0.6880508164850611
FWK6361,0.474618413355124
YLG8442,0.3965351077424197
GEH5854,0.4923936610874314
SAL7389,0.28349199089338545
YMS7341,0.3999193926175605
IKD2768,0.39522085076729757
TJF3331,0.5174659060035193
KWE2891,0.29327104309146484
ZKN1526,0.7184316777908422
FYN0193,0.6104045084841625
LDW7977,0.5931781681504071
UHQ3906,0.39522466666260925
AZQ5561,0.4505885851051273
PJH4687,0.5990723159067686
XKX6806,0.675445259424948
HAM9575,0.34480476933257836
NAT7573,0.38617889020992324
EYL8899,0.1920015700535756
GTH7212,0.4311742892398893
QID8015,0.28875129631601976
RNN0054,0.526766252843634
CSG0726,0.786317653138761
ATT3526,0.4413339343256245
EFF5669,0.44166736817913016
YZY4981,0.6703076774729358
NKD2183,0.41500694533557236
ZRM7482,0.3913027871927958
SJK5331,0.42054871381689873
GUB3614,0.5879939598157963
NTC7862,0.8566004012236157
ICO2684,0.21851856211654816
MVW8128,0.21267608459211798
BDS8123,0.3957258072588549
YVT3141,0.14835206686654495
RGI2704,0.500759225117248
HTP8585,0.64035688259534
HZU3585,0.5881135144490364
XSF9432,0.6056620752148304
NGC0638,0.7141627117305464
DZE7578,0.45431413680249155
YDC3343,0.6653876670522431
FDG5520,0.5360110316431282
VEP9395,0.37874670151111334
GGK4791,0.27705433626104065
WZS8541,0.27028681334658683
QHX3936,0.5393055084231804
QDG4818,0.5296545786103444
ZUQ7887,0.567978814259803
AGY1309,0.5077908424122498
UVW4100,0.41458127306055753
BWN9219,0.7646896845160488
FHL4572,0.7138025634075892
HWT7241,0.4652456830074866
UOV5896,0.22445333112489213
RMW6133,0.20236599336175237
QXR6850,0.1354733020143066
YFQ4304,0.16822729755480434
BYG6143,0.4581229276815773
UCW0671,0.5690245218755334
QDL1220,0.31012970453685196
RPC9516,0.5166524715323709
LIX2357,0.7191885713083351
ARW4463,0.727294631203841
NER5135,0.38535629219547035
TIT4262,0.3686777944546636
KOP8740,0.3639013639855011
ENR5341,0.3690729772576028
SVI1672,0.6434649236738109
NJA0713,0.2682915347425227
CZY8688,0.37996050002168286
FMS2015,0.16804026595313099
QHK0296,0.40641924404449536
TIB0285,0.2971879027224888
KWF8147,0.3717027731053773
MKT7416,0.4964183363750436
BAS7787,0.630632518109554
WBA8393,0.4513457047571125
BPN3486,0.43315314589122533
HMG0854,0.678673706151141
BZA4231,0.5105156116420688
OPQ4102,0.7190141053549922
LUR4054,0.28215524396897157
UKX7997,0.31775478346827024
BAT8245,0.47539587741702427
GUE9488,0.6450444432253704
DNG9558,0.7828281496216734
NEP1395,0.20492499289347726
YFU0433,0.35738062938697196
OWG0002,0.2714990979812851
XYQ1238,0.22937762327391703
MTZ3600,0.43393954413656527
LUB2819,0.6565194457142328
XYG6240,0.7082569435440149
BYU2818,0.2838638484714645
YNE0190,0.40236443866395427
XPB8615,0.4288899554874051
ANV7632,0.4301129787099435
UBK9497,0.2614692473955284
QRB7048,0.4621775569941784
SUJ0543,0.6538528294685738
OUY4612,0.8478346817242542
CEY1822,0.17352767379102776
BAU8123,0.3406460931744015
IJY1244,0.41569989277577796
JAL3784,0.6636156924227458
NMJ4281,0.5549819137160421
MEE9328,0.43829126923798195
WJK2404,0.5022581990736541
AKW2898,0.5983552951216328
RDN5018,0.31816418685237047
YDN6409,0.7373782184123409
HYA0471,0.6901773680850527
KAZ7187,0.18312259886895563
TYM3126,0.45926384897384825
KOA5634,0.4229664706709409
EMR5325,0.5880588813095058
PFV6163,0.44491048992088106
UNY3920,0.36039740449206153
KUT6020,0.289992551712793
LJG4273,0.41347190877757667
SDC1469,0.19124874393778546
CMU0635,0.4293224822483041
OSN6352,0.4480234340534102
TME9410,0.5774500824518208
WDI8148,0.3161213747586169
PPQ8383,0.5331687699448521
HXN4016,0.7215482667921044
EPG2440,0.7067319920142549
DFC0443,0.523803784961958
NQL4457,0.6307816940393166
