ID,Target
DFO6773,0.3391986334229151
ACG1537,0.520287905426945
DQL8503,0.4134074918311535
SIM5667,0.32645169914347427
CGP5642,0.10687667468164937
RPR2789,0.08087395882238853
HGL6434,0.0661693788508315
PUI8765,0.15410566099927844
RQE9284,0.4955117289860888
IBC5636,0.6936542232749878
ROD6708,0.5766457058196324
PVG1848,0.13983752653459713
THG3807,0.07007148877442823
VAU3040,0.6217929353066127
DWL2697,0.12980942551737162
ZAN7304,0.8202811290020399
TVE9995,0.0481651837881404
PCF6080,0.4685947683382859
UPT5060,0.46849264063394724
HKP8843,0.2126848722544578
QJU1928,0.08042832037696437
ZON6991,0.17009476463077075
RAE1398,0.10916271176498621
SWH4514,0.33431488053283437
IIG1667,0.29111186903911207
VMS8326,0.27521210039447297
GRQ7156,0.45639684298374233
CAE5003,0.1422610079866766
FRS9838,0.09997727469463451
DFN4452,0.8550222317083781
GZO1321,0.034898976544395166
RGA5708,0.3908168227971461
ZJV4081,0.2128076254415968
WXI1643,0.043874818007303834
SBD7132,0.06043273926559688
HZL3502,0.3132792925332995
WKR0537,0.12928062807464882
XLB2397,0.1552866123284481
ACA6327,0.31157057382417436
IOC0400,0.4509086403484659
UCF3461,0.03579567132201317
EAH5172,0.48068305686662954
ZMH9077,0.8176887313117825
ETP6377,0.1024072415489061
BRN1398,0.6245973157027531
PFW7493,0.4213793048476697
DTB4517,0.950361216329408
ILK1949,0.4897112766081438
PBE7941,0.3093928248842023
HJR0365,0.7620448277349205
ZMC9606,0.7441070672839856
FLT3646,0.24256562025201378
PYI1436,0.3807981870051629
MJQ4939,0.07470506514243307
TSY2603,0.8156619184789228
YDG0242,0.7472168275666685
SIZ1523,0.4945262409915375
HSD3272,0.45980066231285344
QGG9170,0.13485052212921486
KUP3285,0.06601383533198552
SRM1677,0.45753599334441314
WUA7908,0.1436576334518002
SID8395,0.07204363427546571
VOK2057,0.6144346850555791
XZK8217,0.18998556674920636
NNT9148,0.13361707259707903
TMJ9163,0.3277280375297411
CNL5625,0.08978100206526704
LDU1725,0.19414709182009282
MCZ6471,0.3989626323079792
CLT8952,0.3088773659064025
ELK6989,0.396231473402566
BBW4784,0.2924980346384501
QAY3817,0.5319595248868126
AYC4715,0.35097779355217973
BEM7158,0.35319700336924514
BWZ1441,0.5542337017917457
UBF2009,0.14609383486672736
LRC6071,0.8530625141112269
ODN6164,0.7905747617212143
AMQ8363,0.49218394683572936
XZQ0660,0.47959399701176286
BZN0084,0.453976170221763
PMP2691,0.18678136952637744
ETA5284,0.2543215153809463
OJY4163,0.3106726491654384
IFE1361,0.2649417313537003
GIZ8603,0.9312773532246589
OZI7954,0.13018284591889773
XLJ9298,0.21958590228788938
EPS9448,0.5816246561476773
DKV5123,0.20738556386496115
JMM7357,0.025272634191456846
BSP2705,0.6222658227584201
NNH3400,0.2961519450558623
WYY4670,0.1678064756801942
PNS7835,0.17056108359471814
ZJU6296,0.14063498189096352
FBV1095,0.4664028498590148
AQY6650,0.21508391079999373
WWO8325,0.1407054359566288
UAR0401,0.05992327503604873
FFJ6554,0.14166577336314737
HQA2546,0.10033028948939748
TIO2245,0.3685736775134049
UYC8813,0.12016596555709881
TFZ3535,0.7927647407720807
WET5158,0.19540810257213745
TYB4328,0.5129351258639147
DJW5769,0.2921657505744368
TFJ7526,0.5164957959597836
IME8210,0.24170859998999752
XAC2820,0.22071651174106327
BCN1457,0.1828249900545172
ZXL1102,0.7771971541922035
NNR7100,0.06855204863427615
LZL5785,0.5378151302549137
HOJ4432,0.1351817015843079
QCK4637,0.2519839308222985
ZVA9791,0.15997709874578878
QRJ4411,0.3014432049631188
UCZ8863,0.11541291170765691
MKX7122,0.065719581867155
GXA8899,0.17088908578404052
EAX7700,0.09394243679170106
QOH3789,0.49652241008139925
NGC4355,0.16306563334171037
VJQ4277,0.0426813621084342
QZM9978,0.1165158879121936
TAQ3968,0.4950707776037735
XBQ7957,0.6303131602647745
GUP9966,0.5107079647798966
IZD6170,0.004736009432791266
TME9261,0.25973020710538264
DJO2039,0.4098605030691794
RSA0679,0.0586348914203575
SBW0791,0.8205935181848126
QSV7106,0.46156745431926216
JMP1245,0.3554555019681931
GUD9321,0.4784887939375055
LXM2954,0.4540085460542106
LGI4642,0.5826719207247767
BQS7913,0.26487855121777554
XJS3739,0.1280253062093694
BUF1276,0.14090965471503603
JTC1315,0.05302438323082577
WCG0333,0.04135849737737998
AKV2947,0.12738345144049534
BTW7748,0.2561027193690528
OGY1474,0.2128410139676043
SSC6417,0.009195803493676932
RIO4406,0.6597702921651608
RWS6732,0.20867369104246056
PAY3626,0.11263545221090164
IWQ0772,0.6425212364060813
CQC7476,0.34379444226400696
FRA2470,0.3381063001901814
LBI8368,0.14748973621122763
VBO9478,0.42271514021070494
XRQ6385,0.04880474237015052
ILW4257,0.05675060525907114
GDS1490,0.20982427983774618
PXX0426,0.2821240941571937
XJM2247,0.07026150844408237
DOL0347,0.6369390446893044
WFV1019,0.11951698759264923
UVT5968,0.045937639207975674
BLH0526,0.07580300325459864
JTN3703,0.8127502846872796
BCU6206,0.5701982394151333
UTW6518,0.3843435523000273
AQN4052,0.004762033914277815
TMU2581,0.2787869536370359
EDJ3712,0.32353174289159004
VTR3659,0.3777652686211483
FDI2651,0.0815143761068911
OHH3383,0.3562917235056539
XVH7995,0.10316432666317596
IVY6009,0.37618549310855015
YDN1128,0.09747099569869036
NEF1312,0.6860385403178711
QEA4547,0.4897384071909187
YKQ7318,0.3188570533696479
ZKQ2426,0.520235890591034
YJQ6360,0.28522697110842166
YDZ5100,0.08371985518164841
LTT2841,0.17110036602014136
TWU6658,0.10247083361265363
LCW9731,0.092695297454354
MKT5578,0.2621751053093874
DVK9351,0.40343556082900217
ZMP8248,0.13513039080274294
KYY7821,0.18400611267238617
AVJ8974,0.3133319272524315
DOK9100,0.08257431650871178
ECD7626,0.17190718664209167
YNF2554,0.45364526493027074
CTU6321,0.3389685728476788
GMF7103,0.10880807600176466
BRF3061,0.1794192210578315
RJB8313,0.6841896426593856
KMC2649,0.6140272084966718
AAL3606,0.8422326218890744
KIF3467,0.10996704760921276
YBI5203,0.5453324732699828
WLI2207,0.16115832566112157
NXE2716,0.10534666753561932
QDS5954,0.0897931810696887
EKN9573,0.1804912805838127
FNC0226,0.4422523456665431
SJU0287,0.39957657001216695
EFB6786,0.6953598616393246
UVC2479,0.2128357837864837
GST7887,0.015747194842557124
IOM4923,0.07697125212519434
SZO9257,0.4722542591178447
FSX6639,0.0980444196468507
EIH7872,0.5224589487939113
DYV7545,0.2792677461711683
SQW3453,0.16499579477349283
ELA4440,0.738067740729746
VOX5185,0.6324333803498848
ZKK2844,0.5541152582839766
OOC9500,0.0434332841401477
HIG7345,0.3759878915722913
UVQ0146,0.2660410673800546
PSS9989,0.3320289670666257
VQN9394,0.5027325854454959
UGY8965,0.4412250541469976
VDG8451,0.7696119677016628
OLT9843,0.6687159643401458
LOG2264,0.1101693215819765
YFS9689,0.5003997703171765
GBE3000,0.21066350044150967
CBK7888,0.20408417468190607
MSJ3134,0.13581354691667638
MJH6242,0.05355693437284539
YZU8809,0.7638460271703714
CWG0188,0.7759782198575724
SYG1986,0.4149111133197425
NBC1180,0.15135317235355597
SLW9447,0.4616486076719081
WYY2045,0.16689097216689852
MFT2817,0.2607425218181367
ZGJ2969,0.8240868762534175
CUA0202,0.09602770629886653
GGT6416,0.6374258855486248
LZU5185,0.18316006901626117
XNX2676,0.23256131369113742
CFI1200,0.6388071320543447
PAP1874,0.17754669365635764
UPZ5905,0.1437948175914299
DQX4472,0.6732292816765948
BZS9230,0.10880326230470473
KQE7116,0.33050836855894494
VBA8686,0.7682585723386898
PKJ0136,0.2464573834753025
TDE1710,0.16739664288659084
UDL9511,0.2587183412317479
OJA7544,0.41141535081175057
WID8415,0.4751010358450373
IXL1208,0.3550505142144604
UWT3931,0.48581670329926796
QGG5977,0.02258285008857276
ANA7964,0.08110992144010994
HEF4116,0.5497695181156532
JXQ5032,0.1714851362972584
XRU6956,0.16881044991280034
SME8030,0.10970946648821286
IRZ5669,0.5529326044693536
FFX2740,0.5316676452756488
JXE7156,0.05707488278911042
EOJ6968,0.24318208200572125
UKH4457,0.496171530676264
QSD0662,0.2583547773606029
CDH8767,0.11228014061276928
NCZ1766,0.3279541061966099
CBE7721,0.28702162155178723
JAF1807,0.42376561158116005
VZE9639,0.0701300419190241
QVH2896,0.09277479858194607
SUF9796,0.1522982073892335
KQD2227,0.07422565241083716
OXN3636,0.12202522599750086
EKX7884,0.14840407352810592
UBB3172,0.3140611106757833
AWZ8951,0.12757055859983235
COQ6853,0.3889886262305521
LHK8813,0.0821302480193937
MMJ3810,0.4110121919512176
DQZ9725,0.21303217940435143
CVH0937,0.09598329166598916
MMZ6751,0.7000011233032082
PVN8363,0.27117972839650295
XWI0820,0.7717817686152183
FSR2001,0.6252310261796111
JYN3021,0.35523466190977065
KPY1302,0.6211324897524613
IDR0248,0.5544230150659613
LHN8416,0.17195178208998899
XRI5806,0.7328325882321665
TAE6093,0.27031074540702965
BUU8360,0.8825313998402726
FJP4956,0.5687883779603632
VIG6768,0.3901017077288359
WYD1366,0.4557352616460427
EHS7518,0.5202670592682929
QJA1196,0.18847114586421568
WCP9282,0.611486961818869
ELK3640,0.3749062248199464
IRY8613,0.864072173598614
IGR0423,0.2961504334825121
YAH1716,0.14500940880487026
OBG5674,0.07015866723694757
OQQ8607,0.3481398936033493
LXD9398,0.18685316377485015
NGV1153,0.36584998586575007
IRE9130,0.11832664394161883
IWL0174,0.04762219601451563
NCY2045,0.13842069766026044
XFE8683,0.034561258760965774
FPB0008,0.30192902877639805
VIP0940,0.4915661525749361
JQR1894,0.4515023304136017
ROX1611,0.056391454139904526
ALM5771,0.1277143426315957
LEY6688,0.034979777775010004
VGG4396,0.10983819691607466
RHU7416,0.19127659871822397
MWJ5507,0.37437832034253893
ULY9181,0.37890045986140086
IMG2600,0.6389086489146789
OUP9451,0.09697199471907707
MIR9240,0.7074683654650271
ZRL9800,0.8933989885199755
NWC1345,0.029000302692688978
VNH1391,0.3482413331474533
JXW4828,0.23000018416482074
VBZ7199,0.08515706390628698
WLF0421,0.09999529837892286
UKR0792,0.6675775971122917
QJF9545,0.17790592156683419
LEO5692,0.3729741288437933
DJG6508,0.6238741265066099
AOE3363,0.2791701292969793
OSU3876,0.5807915032539602
WMS2804,0.08637230962464351
KRN6708,0.5068393315792987
IFE5408,0.23606899571070783
ASP4223,0.3831124406830704
ACI7391,0.30348115142352033
DDA0281,0.1062042799097423
LIH6429,0.02658981212828991
HWP8777,0.7696480516871997
LFJ4299,0.048160095414115686
AIY6599,0.3524886603524922
QRB3811,0.3812639570319084
FUE9670,0.5250309460731686
JBM8920,0.2073189834787192
MYX0246,0.19589350690030793
CTC5913,0.5268784840457156
RZN3717,0.11038347338643029
NXF0575,0.2186281254820075
QJQ5816,0.031850845663452206
SMN2492,0.3520406696059115
YNS1825,0.03878129008565738
GDM4311,0.053583690720495694
MPQ9948,0.27748067124837233
BSI2741,0.10196663872883296
MHT9814,0.2027214704918122
KQW4336,0.7208996150747918
SGK9596,0.08885535168301478
WYI2584,0.05921576090952738
JPM3125,0.03556835010899624
TWO6625,0.0673536593217279
ZYR9195,0.12515324477347706
UBX3089,0.13822992167014678
HIY3832,0.04041326947177782
RSQ2014,0.4843125628334557
HBN5862,0.10552663060234876
PWI1151,0.1650598751476825
VHV9062,0.022822867918253276
TNG6275,0.4954386059955979
ZGT7648,0.7895839433995068
BTJ5094,0.8801312243024096
OWQ1317,0.7503346163976619
FZJ8283,0.4407703521756896
AAU0759,0.4263658832994468
NXH5986,0.9101597442660366
UAC7517,0.24171413738277267
HQD4364,0.4384413923798619
SRF2584,0.20428018624459746
YYA8087,0.3110178544110114
NBA4065,0.3613255521206922
NZT0627,0.014431494817239375
OEB8359,0.23829069678375664
YPR6624,0.370343599552545
KCH5008,0.23432046116500233
STC3523,0.4022242850488212
MGY3123,0.3559477698173232
LRY1938,0.5004937485100274
SVA7219,0.002980954859586897
DNC9467,0.4533044267471488
LRC2676,0.27167707397008156
APM1038,0.25199988884842284
YJZ9859,0.30225437359127194
VYX7142,0.2850334782809217
MFK2019,0.3120050920039777
FPE6810,0.22088696478193118
XBT9674,0.09458241446287766
ZPG6061,0.24849449785344477
FCG9088,0.2940649573318193
URC2367,0.08979904955913282
EHT5699,0.157774785415978
XAJ0279,0.5766134915318005
ORX2274,0.38775655630604783
HJO8517,0.4155993915263702
MIU6675,0.397483219828857
GWB1362,0.6943822780197193
GJB8260,0.1966142596260896
UWX1200,0.8048426837464709
JXP2884,0.08631109043855076
PNU7995,0.11541886707399676
ICK8620,0.37753691346584156
YVG7100,0.10002304945514894
ZQA6204,0.4222572301420284
PNP3590,0.039906474139715514
CTN4936,0.5775914949119583
AFE9344,0.08252841676118962
HJG7797,0.18871332214153516
IMN9206,0.4286239162622151
JAD4840,0.4043353599630794
KKE4285,0.31152429405408116
HDB0095,0.4610462309841256
RCS8492,0.09159653523923399
GNF9509,0.3037338008167957
AAL3161,0.25110923396685964
TGQ7962,0.2525231317206875
CFF9202,0.09744564852068845
CMF9347,0.8294556745993686
CIB2416,0.3919617818039373
CBK7203,0.1868141558193253
MRF2491,0.03614965677085524
JMG7680,0.32998429376522104
RTC6762,0.6294593302242273
ZVD2009,0.5399108210691863
WFP9497,0.546837748313737
PEX7134,0.15490815770246266
FHA1852,0.31006963276821764
UAO4501,0.15834225084691045
IQJ8723,0.4492731049213986
BQL5404,0.43471985411431885
KLN7250,0.15564971145079923
BNW3280,0.5724890036321278
AAN8609,0.17164604300391847
MEL1982,0.23383310090617332
QVT9418,0.5546261151416771
FNV8858,0.4820566228576599
KIO8299,0.06978460331884667
RSJ4654,0.12028846027909522
BCH3690,0.5549894209726534
SYC9531,0.44688956256041273
KIL6229,0.24099088790764978
NBO4677,0.16676473076920434
EKA8324,0.5382029250514567
ZSQ6837,0.28417587342514594
WXK5001,0.12341114828961583
RUC4832,0.13181624606551937
KJK0672,0.40894385907727876
IQM0593,0.1071028338887213
LPK7313,0.696663794359232
ZTQ2325,0.12971562458441938
GDC5285,0.42442199411266496
QUR5370,0.06557481882323238
SHR0678,0.38843061787726857
YES8392,0.43304575138740414
TOB4763,0.19440086898137277
YOU7542,0.1060720969643599
GSH8987,0.6151222601194296
WWZ2281,0.38328926704466
ALA9742,0.38354670583722167
GCN5077,0.22251948871303706
ROO7648,0.05959394384529993
NVR0886,0.2258516942213497
RJF5346,0.6071133776095499
XLF9962,0.0912053753470997
ZGA9831,0.14034819322057238
WOC8918,0.6993315165979458
AHI6284,0.0920975121535369
NIU4213,0.7161761928205583
SQK5201,0.33973596532624867
AJO3590,0.1021744468014841
WZV6293,0.483170682849613
NWA5890,0.3603272226111439
WVE5452,0.20322361792229884
YGS6044,0.25714599389755133
SUY4237,0.10417572456378103
PWC4767,0.1437586638695569
BPZ0803,0.16466879460450326
KJX2470,0.47781772099821546
KIE5395,0.5803543347097598
SLX0697,0.02496853067740085
UUK9663,0.19480677434469088
IUG5399,0.21962780524608758
ORV6100,0.2010878549857926
OFT6653,0.4190722894091319
XQY9087,0.00458703091980291
KTO5138,0.36793372297491844
JXM1524,0.3078377587581955
PWB2146,0.586891205780721
FVU2525,0.05904069349016541
LYD1152,0.49656371469571253
QTA7916,0.5870907322019305
OIR6331,0.4412102934154115
EYU4023,0.1647200608141292
QPP4425,0.2320316598939158
EBZ2462,0.7488314404668158
PEC0913,0.26386034183681584
RZW4685,0.21006872643317154
ARL1855,0.021169619214522786
GNM5799,0.13988028621558013
UWZ6120,0.7006580164717507
HHH9210,0.1892985613693566
AVB0694,0.06317864425174548
TMT4597,0.21075425341804563
UBS1325,0.14743985209454752
AGL0230,0.5282101772664302
RAY1338,0.34679509645816203
UBO3797,0.34606970812926247
CQF7521,0.2181294056321852
KDP1198,0.19559980730817825
INL0868,0.30600219101538356
GTK3189,0.20037380126276372
WTM4005,0.6698856373915095
FIP8993,0.7482575948292607
FCZ9834,0.18937379996034454
RML3792,0.6338450197387003
PMZ1560,0.35693262422108313
EGE4577,0.03575095982182656
AGD9018,0.0300777231721125
DAK7002,0.4803251960612222
RYM2412,0.41594225260369183
GQK3574,0.25378770002336737
KDJ3912,0.2842734084558948
LWS1614,0.09050976813658113
CWL5798,0.18008955203052252
GOY7408,0.3141409085668839
MDY5140,0.26715120396738873
HHY3374,0.3466819014239775
BUJ9611,0.3980417144514169
QIF4923,0.7023270997414945
PAT5605,0.26293674380759763
ZVB1813,0.3237838004887424
SXC2843,0.3173997804931316
HBA6381,0.1144528260087996
RII5546,0.06289492336037276
HXS4855,0.28615478279870177
XBZ6752,0.1258058857383943
LWF5773,0.4738407603872843
DUQ8476,0.3285246370475975
SEU1555,0.2719302768989162
RNP9751,0.1517839829338176
WIQ8770,0.4611041624534157
JSG5695,0.03641131161935246
FKO1241,0.3049665099891975
PCC3793,0.10790399036932571
CWD4541,0.0753232407317696
ROG9695,0.45191256589302575
MVR4037,0.591726299445062
FMM6372,0.3861631726215964
BGB3523,0.8668814832883449
TTF6509,0.33344937471986047
ALW9297,0.12784115480269093
ZOS7568,0.553134719220966
ABH8279,0.12657852533435174
UEK6628,0.2043633804727971
HNC0717,0.175513780170091
JGT4554,0.10383184966803312
IJS7638,0.5067190942880103
ZZN6544,0.39511365037499374
YZA9256,0.5568212472205294
GZU9440,0.016327267169542886
ZLK8905,0.8447812274730284
ZWC9267,0.429508245280378
BVE8079,0.0978942975339528
OYH5249,0.15546524421389754
KYH8521,0.4206716016279015
MZE1888,0.372692518681671
CDN4250,0.5382565714480398
UWE7463,0.5289687903512509
GZN3833,0.46265646402242766
BAO8553,0.7093393865971374
ACB4517,0.5825536973263996
SPU3212,0.5266504717352253
BEH3042,0.13794534388837168
RQL3472,0.09743749276139559
MAW0136,0.5746757081443764
KLE0471,0.08060986682374438
ZAY0157,0.19495631267868915
SWT8253,0.7041487455851125
MPI6855,0.4104537469950357
FWG3117,0.1013259004519649
CVS0423,0.1594333919750827
GOU2454,0.021529360472549882
PYB3720,0.06040587026975867
JZW5332,0.6389895210663878
ETY4656,0.7895010915834292
ETA7123,0.08178457930372177
MOE5691,0.26291727275659016
LDA8763,0.5882105644848346
ZRX5373,0.5143742028541444
IJW7879,0.4056142211300314
UZW0758,0.23074407141863437
OAG6186,0.33581946937653157
UAM1818,0.5080807746498536
FNN9065,0.3233543287850896
JLF1780,0.10942619558238144
YEY0893,0.10066109056255806
THB3713,0.20516262052814163
DVN6545,0.04521326078433072
TOM6543,0.3626819869236454
ZVO4515,0.1278654363507791
CYN2809,0.046926725064373
XKB8356,0.13575271769904962
QPH0628,0.3469521984906151
BMM5092,0.26364699530505575
GYU8973,0.32868035137794155
XQI4092,0.767763773457545
GSW2383,0.2427468542431715
RTU0647,0.27920166471917424
NRO6275,0.38394538066598444
WHT4713,0.16358683241425742
PSS5199,0.2176272518030766
HES2744,0.08285727997757042
GEJ7100,0.32610865017363744
JDD9640,0.019528373494042253
YTK9530,0.6611206495378511
FVE2799,0.30331948682934357
TSZ4979,0.1596906016203107
FEE4563,0.734808752045379
VNQ7798,0.42945977985905814
QTG4449,0.45950281040431223
GCJ5619,0.03696556870168298
VCM2564,0.004060201524667962
XZG3618,0.46601846040073475
XBU8194,0.17352477843285913
JUF6933,0.02508558882172762
XVI8728,0.6207939197844402
RIN7079,0.4489760878321976
SNK1073,0.2545541847862649
WMR9670,0.18048382023636128
PZX8160,0.2808895344420387
TXS9808,0.04900110925801953
MEJ8315,0.1844863030792663
FRQ1522,0.1971371454072798
EGS6505,0.12451181375788012
UZR6300,0.36761082844950643
LVL0476,0.12140449767676224
TZL5867,0.03039329479098818
RCS5132,0.00697228513338919
LTI5885,0.625756601312224
YPS4288,0.17412931623683142
EHB7328,0.283974565088654
HON1536,0.5630246763061771
GHL5700,0.06981037861528044
ACW4420,0.11266663391652795
GBT3538,0.24120990405947282
YID4243,0.08664128892501244
AYS9891,0.22743935627314268
KVT5468,0.11607958544170917
XRW8396,0.8154290782586876
NPA1002,0.27746623607229054
LQR3842,0.42720432695752414
WRB9722,0.03823835348909358
WEC1460,0.2833494417951893
XFU3132,0.11768422643256199
HTE2743,0.2840552871964198
ISN9613,0.18964354183215945
JEQ0297,0.034246034093629
ZJY4720,0.05097201977098589
EOA8137,0.3290265745884447
LTW8046,0.5520371914517798
YQH3278,0.5399733417679532
CLX9204,0.6680992809701352
QRT0197,0.20196331685224644
OTW0820,0.07057801998313978
NNE6919,0.19265658456286483
LSO4428,0.045172264242496554
LZP5655,0.015300144228916556
LLT3946,0.42661229572530496
NPM5272,0.4143157753739371
MVF7543,0.454341867459166
XJP2259,0.7516481350720118
FSO3741,0.3050495896557446
OOO7653,0.44803319138344716
UON4433,0.20735269294493183
MUF3433,0.6570530808148323
RZD7599,0.29141105031424863
RDM3372,0.47428157196623444
LYQ4178,0.05350287060190679
FZE9079,0.2542041177896743
JMS7931,0.6308938877293989
BGQ3650,0.03469085259156455
ZFY7024,0.1473614312004337
JNV0033,0.10973104343486775
SNV8933,0.20834538782251244
XQQ5448,0.4725625114275191
JVI6426,0.08309326598656122
AJG2925,0.12146777054129788
XHP0971,0.14263803061279498
TRL3273,0.866602319848293
INO5257,0.3733813653342289
KTX9283,0.05274694612802552
WAN2047,0.22834370652337319
EZW4173,0.3070133606881141
GVA8261,0.08876359749856141
TRN7688,0.08243626537052465
XXQ2067,0.5455852180372923
TLE5689,0.3941527164240322
XSO7171,0.33648305252310773
SWG9948,0.39534231143438
EFH1289,0.5289000435806793
IHI0179,0.904570717433647
CKT9987,0.1595275662024619
NEY7960,0.38915709350167854
IAN9597,0.3481747817351269
HUI4628,0.0911352079501614
RPK2559,0.047263878859203
ISQ5968,0.4361541661530885
GPO8313,0.18355280624693238
BTM1480,0.33455325356344107
CPA4097,0.4969053884380351
YBU6951,0.5573571578745306
NZP5864,0.5259749202223822
GUG5402,0.4495518610129142
ANG8993,0.12644588297382203
HAZ8153,0.3681324133408098
RIY8056,0.1317205962638268
VXL6740,0.17379157970393186
KKD2286,0.07421626263445537
OZJ2377,0.19921234913100194
TPY2223,0.1386142970692256
UGB7070,0.3870427310443277
XMQ6320,0.24726216368909226
WXJ6113,0.2847556153211728
DNT5997,0.23718236321607078
GTN8407,0.036536846790549096
OPX4184,0.06098096464299464
OOO9002,0.3888924973215241
SJM2211,0.3731019005651924
NHI6465,0.5115627550614062
DST5945,0.06069767293350068
IQD1148,0.13731855846088195
SHE0851,0.14589309038373885
BEW4511,0.028847614465784207
JPI0719,0.4571391843267855
ZRE3751,0.5484833324983077
PAP1748,0.02925758643817584
SWM4204,0.1832372115445433
MDB2345,0.04770161944943694
IXT9815,0.10169073085026142
XZX1851,0.6658990300851513
ODL4468,0.18677877315885724
VMV0614,0.38801665257011375
FFQ0287,0.15172462296403944
JJA5635,0.10069173046461302
QDZ8109,0.1386993816615378
UDK4641,0.4734783956143202
AUA7593,0.23139515526071916
JRT5690,0.2596935173949298
SAY0372,0.10245448056995353
DAP2327,0.16330754373693682
POB2969,0.2036361225100356
WMM5493,0.8893055591084449
ATA8626,0.06062786999906395
RYK7124,0.18809401780760246
WHQ9704,0.59098018296427
SMI5794,0.7336192747121333
TVK7202,0.3507274119069382
EHX2873,0.18153400664580213
AVI7437,0.10983538959525928
UUX6205,0.8882656339988727
LYV7047,0.43950722138602966
XNK8631,0.31121509379185436
RCU0089,0.07184670454639364
PYY2224,0.07801055332011887
CMY6767,0.31674392472394075
LKU2429,0.09244422378864282
GGL3050,0.3026474605202387
UEB5168,0.33109627378301404
LEQ1966,0.1596802903228416
NPA0528,0.02128915018807626
FKR5763,0.32734864584170686
RVG9026,0.08568685074625582
NDD9993,0.5087877578896388
QNU5649,0.10720229684083964
UMN0855,0.4023479233434583
ZSC7988,0.4180195479454859
YJJ5065,0.022835388088576315
OQJ8732,0.6208860687274407
IGA4476,0.09027732063051801
BTU5140,0.16921156669603604
RDA0342,0.036828707239911274
EUE3994,0.11623749982553802
SCV4186,0.16406197708790854
CQL4046,0.8298247740594568
GUY2358,0.05999237523540725
URW9904,0.27480558066129973
WRG7171,0.31444487961036777
ACD2246,0.5002229266868423
INO4142,0.065188973390879
PTY9539,0.061540247557741436
QAS7910,0.07175714500883208
RZJ5292,0.5439854718082736
ZYW0866,0.1968162978436349
EMR1813,0.5975924624296378
GRQ2002,0.5383091959513836
SQN7208,0.1925872440316022
HUT1144,0.29460040760698125
LHE5009,0.6970856021681743
EZB0785,0.5087230628894865
PQM0525,0.34918777442747884
STT0519,0.02734797944849209
ZWO2588,0.4888701658551794
RDH0021,0.1034061673910342
THM1978,0.6768483668003095
AIR4332,0.3552129157724636
PGH1161,0.5953580829828069
SXM4608,0.4118744434857817
WJW5812,0.8424120890585935
RHX5336,0.16913932000241563
HYM1546,0.6046104485308098
KEC8696,0.5335830945282808
OQG2549,0.2660270672709714
XUU0192,0.009125764639289526
AQQ9230,0.18149684302568114
YPM4680,0.42146709056102954
MWF7718,0.3022758548444318
MXD5779,0.21806924283958276
UTB8959,0.21493864129161586
TOO8154,0.15505469699525493
LJL8197,0.24896788615294174
CHA3496,0.3348598877762369
BBU5421,0.12413018423920656
GSC0915,0.12044207387907968
QDK9607,0.35727788372893055
QIW0738,0.1152561412582487
OZO7612,0.3438896583815058
YSY9501,0.15959760366694312
UEI3008,0.3600183244945771
ULS8507,0.26023323411998356
AHS0758,0.2622031700771083
ENH4743,0.14382303288050283
CQZ5056,0.036190484984017404
JJM8301,0.1974430439952363
KQP7442,0.5462826674140591
QUQ4381,0.6142444987872625
LBT0298,0.38350269639487294
QUB5329,0.16851997673460486
WCG2324,0.694685516912489
YXH8003,0.1310124681952504
GEF3744,0.08971017076364375
JGC7613,0.40132950478300045
YDL6245,0.3661888739450192
MND3837,0.2331029105051117
QSU9207,0.1455707733313154
FID2110,0.2941327474609234
ZFK9137,0.13462386813136556
BZK3777,0.457696332136735
VEZ6817,0.07255691577013124
JTU0326,0.02837260853607001
BXL4785,0.4208930075310671
UCK4966,0.23019968875154181
WRA0082,0.17497085268697957
GOF4110,0.07128860791552737
XLS6633,0.4120417152205939
DGS1210,0.16179474072109395
QWA1794,0.05532063383740474
XFC5853,0.7902365118225366
HGK5319,0.11635993298345428
KQS8229,0.7715443894326819
BLV2818,0.09641298809200118
LZE5011,0.6550761545191629
PYN1910,0.11945571312043
GUH7132,0.02784599045621961
PBW7602,0.35826356704245355
CNW2475,0.6634513498609202
VXK9874,0.2673054539241706
UFZ8218,0.2602948522704391
ADV6084,0.09747316379395056
PFD3487,0.01740857366252289
CRM0707,0.6135068774338084
YLQ2622,0.2637431316338691
FJZ7605,0.253358943356945
ABU4286,0.044767305918969005
ELP7252,0.08471097874938358
RFT7225,0.48975351364351244
PPK4577,0.2016822249881627
BWE6905,0.40704800700690036
VBQ4322,0.2893882017100558
HXS7343,0.0462511882125107
YSK9022,0.6801152621780814
LZJ3939,0.0658753910038918
WCD6269,0.5110702917343581
CLY6856,0.2144757412263366
PDU3383,0.16160777254676612
VOF4824,0.5964091450637341
QRA5442,0.12564487014687264
YAB0608,0.1723234590414202
PRL3116,0.8074593927430608
RRQ3897,0.2666661515953352
GXP3168,0.6191726176145795
GGS2005,0.24783184878733194
TOO3590,0.5964035949485791
TPB1864,0.7540619789656338
NVN5302,0.12012828783910086
EHI6232,0.14699775428035625
VLP9905,0.21590804996252064
AGA1325,0.3875383919147619
ICE4902,0.28452366354207165
WWX6392,0.3758264869505787
RQB4428,0.3622545523984852
QYN8884,0.1506101829026886
EUS1159,0.2922140508666119
NKR5443,0.4205992331674133
HPC3138,0.4079995605872933
TKQ9049,0.3476896828089556
FBP3340,0.9063143811473006
NOO3967,0.6621150641841315
GSQ4526,0.05770925585027713
ANW1028,0.23172820270932204
LHA8316,0.5307168207916657
WBW1659,0.45063088844743315
XZO3969,0.4151619416636919
TEU4321,0.5323295830636293
XPQ6910,0.2673632696619954
VTQ6246,0.18763766193511996
FSA7655,0.5561445333980495
CSY0853,0.08507343171686446
VCY4269,0.44131162293383824
UHD9364,0.5149001295124249
HIN9530,0.12847856962907342
GOG2550,0.3782368743916818
ZMG6475,0.5622001932046111
QYI6167,0.4217201142634095
LVO7124,0.1984463019136193
JWP6949,0.3324437594901202
DZU1118,0.0899073054595402
AIW0610,0.341077315640793
QXQ4841,0.4330045322662815
SEZ8373,0.5688181265442029
EQR3786,0.23006356389784358
RPG9584,0.43112881326849595
VIX8570,0.04982655074385515
YQR6271,0.35968529118558906
FYN8286,0.14574581418011187
JVF7588,0.3591901868469316
KPC3382,0.592178063640642
FHE5153,0.09348286707616635
WTY4874,0.19603724397269376
QAB7266,0.7291076902959868
NFH9054,0.8718558038020442
YKB6244,0.44485016885034057
GZZ3339,0.3938240681387822
BBY9981,0.4021593437926171
LSY9026,0.34196995705190225
DUJ3056,0.6618188913200491
FUC1582,0.6244237994775825
XOY2362,0.13990395131475408
LOG9950,0.16109580498749596
ZXN5891,0.2592266872209025
CXV8222,0.4690604676799837
WOH4538,0.04825775675165942
VWD8860,0.06987755026445214
EOP7001,0.14887101079866635
GSX1302,0.5379828252420563
OCT0968,0.457372139877197
WHL5554,0.5022726785699934
YJE3037,0.47475885238966614
FNN4968,0.4238586391468146
WWY7679,0.22948852432212538
QZD1717,0.8058938006806546
VOB6197,0.13502734900391544
TBA9548,0.019384094669044886
RLU9697,0.46010536610964314
BAS8697,0.5390650810825863
LJR4460,0.8462783055092098
HGO6222,0.3122716663662761
HXW2166,0.25605815765473516
OVP3632,0.022196402960049846
MCQ2270,0.6203434591757931
ICD6182,0.17219320327925303
BFQ5435,0.11938074168311485
DPF3505,0.16164611245954771
SZS2580,0.3291554867817719
LBK8500,0.22317418522387913
TXZ7775,0.4520484197055353
BKG3252,0.3831952326421886
ZFB8258,0.17499610528779658
PHV2247,0.15736276614198116
RRK8430,0.10954038390450171
AMH6780,0.3389591548867564
OSH5574,0.29463456882539435
DFI9099,0.49843013569972844
FKU3482,0.04911909873227756
VNO3261,0.18932742746232614
BED5373,0.2709196831737372
MJE9253,0.22991292369742306
HKX3204,0.4065770081297319
VQJ2963,0.334748376025422
ZBQ9287,0.2604534267748254
MZX8398,0.44295974769206764
QEG6705,0.13387365708688917
PQK6783,0.2825952416808322
MBE7976,0.24936086379823033
ALL3849,0.31944964564618694
KXB4677,0.15992399399482846
XOP0754,0.0506330492719798
MLL3293,0.07278946694008646
JSX3868,0.4260481073246426
DIZ5799,0.17228592142429178
NIK8885,0.5430264470275651
GJJ5386,0.5034738753856126
ZAT1651,0.43137883580671316
GMP0039,0.09101421453471017
ITI1428,0.3652130999596697
TRY8812,0.8145318344275945
UEG2101,0.6850839441743817
ODG6850,0.28456173225352366
VLE3171,0.06355640980100244
RRD3841,0.12693155679416435
YXY8101,0.3578770758920417
OZK6228,0.055348992966162996
SBD5545,0.35900141719524636
IDC8637,0.8082093358506331
VZW5146,0.4623999200764143
PTQ8057,0.12401928798211956
OEF4340,0.3062282648627
KVD8305,0.35539316970714896
MGZ9268,0.09843190005375091
AQJ8176,0.4824344042862985
UXS0840,0.24292416612710285
TCI5572,0.12472069407018783
SHM7627,0.36982203096854904
QMA0181,0.8414234957626172
TSV5611,0.7073824252243514
PGW5092,0.15342425310023308
BSD1651,0.5390292634213979
IQJ6229,0.6308190422665094
PPE8142,0.8194819549996648
HVE1566,0.043451998067553954
JPB6828,0.054156410023550414
LMS8961,0.19548188691800383
EGQ8831,0.11307357502041109
YLP6900,0.6038664657124053
TBE2482,0.06982017173822558
YPJ1369,0.6808005372269692
NAX1253,0.5007701282476575
PIP7566,0.21184705569917323
DKU9301,0.6081382423504607
KVA9530,0.1826288264118963
CQV1702,0.7330729904412346
OBG7598,0.3091227209526625
VNB1149,0.29624848738486687
HMI2014,0.41091455754717593
YMG8950,0.3289508084098911
JNQ2962,0.11854995662470211
ANK6820,0.1330376779322606
ZFE0439,0.16509761829850447
CZQ9593,0.01843330629831748
PCJ1585,0.24480811432194566
PBU9519,0.48998612042728956
ENJ8537,0.5641804963316445
RPM5143,0.2763042144861143
SUD6466,0.14735842212052264
HFF5761,0.547144437962163
SCF5953,0.10226983937478518
HAQ3115,0.02723243142433063
BUK5097,0.6738900590246902
YVA5755,0.278456480560335
QHD6039,0.24945320082283928
ONT2622,0.2493841209750511
OGF3946,0.15009797168627345
NGV7466,0.23853740527015285
SKM5604,0.5905110308060171
KTE1007,0.2675903444804452
QHE6351,0.1579543937806475
OQM4860,0.7037790711646641
LOQ2210,0.18494757539965626
EXL3021,0.8236452634544261
ASY9425,0.1792904823992047
EFI4290,0.41665027419923445
EJH6568,0.623101562405038
ESK8758,0.011326297980743055
WPW4521,0.05559650799465088
IEP4997,0.07226595476085242
FCY8976,0.11003599954463286
SNM5031,0.3693318974279093
ZOD3613,0.11936073811884955
NJW9796,0.07368897288194824
BFM6246,0.242858805523813
MLI2180,0.413814645286834
FHR9764,0.3625374485491352
BOC1640,0.43979873776851613
EDV0533,0.19990031996810723
DVT4971,0.25092346457746156
FQS6688,0.4238678425395187
TIY6714,0.28544616903503023
BBG5427,0.5786857380288851
VVY0236,0.13209060653300322
AGY7111,0.05639767484097172
YIH4148,0.26237087110859636
BPA2613,0.14511176536765089
XGN0040,0.23911237307108796
XIY9154,0.5453639862871692
UBT3433,0.2802271282528305
YNC1880,0.8820095442665667
RQV5395,0.27655766876652754
QYR1720,0.1440301364692985
AGJ5776,0.1689139099148586
YIA9506,0.6860500861456418
IWU6149,0.21706492515685344
KAX4382,0.5497356742653259
ZEN3760,0.5777611126327346
UGP0922,0.2889186429635345
MJX0269,0.227840680758272
WUQ1092,0.06342829325946442
KLK2362,0.6420444739761788
NHW2173,0.7046216399671467
ECQ4722,0.21259128240133868
DXQ4983,0.34158715122356387
TGH4720,0.9027262455718044
RVV4718,0.9394002037179238
RMN3173,0.7440201726108702
NXZ8964,0.12781892818720686
UYF0960,0.4271169388680347
GFY0485,0.4053281882483557
ELW4685,0.6960406093849691
MTK9048,0.2965775142190316
UVG9381,0.18781096805950043
YHY5021,0.10939288365372199
MML5987,0.6738879131056746
EAJ7823,0.21573625850786893
TIZ1361,0.4746476584136839
YLC2019,0.5838679058404409
JFH0021,0.10589198900789974
LXV4773,0.6881108738343699
XDV4102,0.03817061914697659
GOA5098,0.7168030819640977
MYV6648,0.2697401593824021
CTJ2639,0.4878814121751907
KQB2667,0.1935715042961074
RCQ9055,0.3381352589334142
AMR3084,0.140956970215792
AWS6964,0.17975356454018626
PXX3164,0.4101582594420073
OTJ7222,0.2652098701701624
HLT8409,0.431143417458953
XBZ1903,0.02728105803013064
DVD1043,0.009993345416147348
YMN8454,0.17705469112758646
NZH9363,0.4718503994835426
VEV2993,0.2601005425298234
GTV0004,0.29770873346791105
FRY6602,0.3855679647515998
SPC8953,0.08593287766663145
PJO2885,0.48748750089183246
KQQ4757,0.3516994735547488
OUG4136,0.2953978571342432
WVY1999,0.34990939631173174
NNY7188,0.15088960642270205
BIR3043,0.23525916976377687
CVQ0610,0.7103771806039251
NLO7554,0.49069331968992835
FHH6565,0.41531619590553603
QSY4897,0.7056457455981536
RBJ5665,0.25291980522738733
OCA7850,0.07153737493798877
SAT0260,0.15607345642814627
PNM7458,0.3779371895577053
ZQL6865,0.10809710183552193
BYX0793,0.3572864044717401
UOJ8877,0.08833990164522194
LGY1944,0.27358467914712903
WTO1199,0.108756860970673
WZJ6108,0.25405093635571885
YAJ5633,0.12758394902816603
LLO9138,0.6928889845238367
LGR1397,0.1710193789008586
ADT7244,0.314248383860468
HZI6879,0.1684278482192244
JMD4429,0.2670151039553959
YNU8823,0.22177900785090254
PEU5781,0.6376617020667655
VXW5951,0.4512871637859269
DOI4745,0.17710827187323944
XRP0508,0.028066916812882637
BUP7237,0.11392591855328783
XZF0997,0.2801147459195117
ORE1289,0.40238843824664033
SUJ0824,0.24118080704015496
QZQ8912,0.11131555214187694
IVK8543,0.369687136669494
KLT0884,0.7292959404095936
ZBB6007,0.1309678664783933
STV1844,0.4770966216587219
AIM8162,0.11616779811100823
BHN2674,0.5509568860090662
BHF2762,0.6447581757205506
FBA9492,0.08649463125683303
PNV0987,0.6769032276443558
XRS8392,0.4088430160514169
FJR4109,0.21269610423896493
REP5450,0.3480173066563264
VDS3487,0.42512494803786705
MFT3114,0.9050661559131798
TRE7039,0.18899913585301753
RRP7437,0.5526577657478068
UBN9469,0.21592445846622432
ERD6851,0.14220223498875503
QOF2168,0.27357519808636344
PRF9554,0.4745198456614786
LVX2306,0.170167166667228
MKR1698,0.15467942567131296
CTP1782,0.18139214306120247
YUX4991,0.5749631993779197
WKU8308,0.09091138590152521
KLM9826,0.4377703140812063
IMJ8928,0.09484843016510193
FFX0134,0.3199569832057691
FPJ9006,0.530503349800043
UUH5167,0.6911748273924121
VGA6455,0.07478758457856582
CDT3301,0.6506949253079657
KEP8508,0.09821353927290168
PNX5528,0.4263523456350267
DMC3452,0.6030800282613522
YPX7333,0.4688263668713037
CSI8065,0.5408093093888463
JGW6825,0.22236825288250717
JBC6586,0.35492559659150724
PYB9757,0.8689774988100761
VBB5768,0.0800937092239981
XNQ8052,0.032313537737326266
KCJ8578,0.28164706639421166
RAT6428,0.8641471370527471
ECA9346,0.05876807170183464
FIN5470,0.5152569167535689
INH2355,0.010887720532285058
OFC0099,0.31311899920425884
LAF5061,0.46825227864584534
CZL8124,0.5233962075557868
DXI7734,0.40384902737869155
UZE5266,0.08923589142726072
NQT7169,0.2635250504052541
ZGI6456,0.27439684592386865
ALD4699,0.45754967112004036
MPP9322,0.46339047443889725
HHZ9924,0.4268341824639604
IOY1053,0.2910351940797934
QFA8583,0.2565461850008628
NON7673,0.6041721839014866
GUG3740,0.5275132428791444
BWT9777,0.4352302802972619
YZZ8955,0.14651566772231722
QTQ0151,0.05503729283566954
MQD0086,0.12478079608504684
IEP8756,0.21729231198533083
HLV4294,0.3396238089687497
IWW1700,0.07487285021934048
LMB1742,0.31621139863510456
IZN0947,0.8152706642563384
UGS7726,0.3055055566792902
TGD8975,0.21468921961324938
DNP1343,0.15382567642404135
RZJ7547,0.10997692887420027
DGD5941,0.15925829677445769
YAN5151,0.7199444290503584
MSV2708,0.31412460793270996
WFW6623,0.45065438049555584
QPH7678,0.5332820802683936
RHF7227,0.3352548010776188
QGG1694,0.12190127451709092
LCP5425,0.5680078431505496
RNR1236,0.29158963703841045
CZR9446,0.12834483609163716
CWM6629,0.26424885695190503
OHR2811,0.6060062428269858
DOB2836,0.45859822153041785
WSR4692,0.11297675138629196
UJX1851,0.4536683567145024
CLF3763,0.735067263531426
YKY6460,0.12124840386706423
YEE0005,0.3512786108278163
LRK1521,0.20643540312450653
FOB8975,0.6885262810079336
ZJC6844,0.3014036296696364
SQO4595,0.09917817928925239
YJU4611,0.20097232321210065
PKJ5453,0.027744568653061595
NRJ9279,0.8066082657302621
ZLB3853,0.1263988440818659
YPE2843,0.3608144573979504
OMB2404,0.11266275912949701
QXQ5371,0.17717021258370463
DWP4776,0.625003863860186
DYC3729,0.5708212394621824
SYA5630,0.7783883083814337
FSZ0753,0.15035647134848815
IKJ9927,0.48088903809841216
LLO0013,0.6342719634956566
LJC9413,0.24929964752854486
GZR7220,0.5382103376706208
MLF4890,0.07010005457040924
HKX2217,0.5971934463129113
HLP8891,0.16775504607498376
YSD8942,0.840005925725643
VJC3345,0.13328028189383492
JQU6225,0.18952057349683166
YXV2150,0.9064630390250327
NVJ1683,0.32838221459447603
OFD9452,0.5791863332948376
NII5419,0.2049717303756544
JWC1566,0.1270766148458145
AXY5191,0.4683717889878214
DDA3048,0.21030481535562026
AEU2727,0.27171467479934724
MXK4708,0.733041263867574
WMU7184,0.38398255015185195
QLP8362,0.6446450656134848
WQS3967,0.1821583317245691
RTU5105,0.008616883725405708
VBA4441,0.08831686536281845
CYN3583,0.21221587280961132
BDO4886,0.19707312246267278
YVV6051,0.028605521310358022
WGP1526,0.9104651898403915
UDV5640,0.16748039644485066
WVT1418,0.07324637627669502
BLC0999,0.4456334564420196
ENP7533,0.32448615086972454
AEY8698,0.32407366628028267
NHP0064,0.2885891878622813
AYD3935,0.46445590518765256
UEM2638,0.18800487261814786
GKK6297,0.05500274085237452
PTR1163,0.023767812429258215
GBT2034,0.41458242538511575
WJY4048,0.37364232340442255
TCH2635,0.052017283843273414
NLF0803,0.3059401121452947
RPI7686,0.22132779786584558
GNY5436,0.10759544304718965
EXQ5477,0.23663371669348976
IOS5691,0.36187625299289516
VUC7832,0.7269440593274722
SXL6599,0.17891509899866054
KIS6550,0.40897747405347845
IFX6470,0.27048985120800073
QDG2834,0.6817352572658218
TML4354,0.2134094361151656
VOU6894,0.11601197647684951
LMW5498,0.2188578086263811
IRR9834,0.2874230229850697
XUU3875,0.17208052516088382
PPN1291,0.3758597763247187
GPS4832,0.15802076444198038
BBY4907,0.08920460196107156
XWH0239,0.4967827225764569
GCY7299,0.576704397201382
SFL0656,0.13956636595417343
ROG6364,0.5100095934869427
CJP1826,0.48716832121259834
XNB4879,0.36764476040496247
GHW7497,0.5123972882301452
CIA7291,0.416636248299176
JHN6870,0.3898239019363306
UHA4462,0.3464966835830539
WHC6939,0.20630871572860937
LDR6471,0.02196935387747003
PMR0233,0.7176046686586838
MQL6945,0.8991637292662082
DWV0912,0.43074506746401253
UPA3518,0.5469507243790822
BHB0424,0.10567580768346997
AST9794,0.14519476880750204
GSY3503,0.528417206332168
ECI4878,0.4223462102299642
IOB3543,0.21587080432184244
SLM3548,0.1907487521179568
HBR8681,0.32157160542524715
AIG2884,0.10979585808049526
YBL4627,0.06529956952196656
TCE5274,0.12687834809823925
YWD6282,0.18591530303684475
GYW7356,0.48391664548475466
UOF5714,0.25010577727901373
ACU1723,0.13088413440383914
JYB7426,0.3846518981438894
IAD5127,0.4364360747625957
LQY2307,0.12446458215374126
QNB0256,0.39123135654440355
CNN9280,0.24172376331592382
LJL4826,0.18495716945659588
RLE6077,0.08438386619278222
UBZ8854,0.7693994723012724
PBL9060,0.24245216072502024
HON4195,0.5351664095113118
LKE7887,0.10610461557532147
HOA3501,0.30105994403276504
YSN0341,0.5037089700481698
JKS9027,0.19727524729059703
DSJ0790,0.11637966575018883
RVK7955,0.2452256109389984
GGI6941,0.3592591265660687
BRF3111,0.26389063130514423
WLO6029,0.8816084872600148
HFC6052,0.22814795158823656
CSS4641,0.050069362008791855
HBX0135,0.07093735536403858
CGZ0900,0.8630829826199449
FWF7177,0.7642234515861366
WLX5928,0.34680858420346566
EQD1778,0.10503045383936363
GSQ3416,0.14865100317983101
YUA8278,0.31690243666655266
DKX2794,0.02500123025516561
HZW1287,0.43266098133836284
XMC6471,0.49778536272150986
PXA5342,0.06013704504713357
RXW1741,0.021551820085948043
FZX1294,0.015369616833746982
IUC5486,0.6461125054541126
ZZJ2708,0.0992819763373969
DJD5560,0.29605606487185154
OYQ4478,0.5034125519493112
MOA3063,0.21366867877328408
BNA3251,0.26579956599248183
TBJ4149,0.2788464902946654
AOD5592,0.05969616464936575
SYU7567,0.0059230359899711685
PXB3114,0.11803877681166978
BDQ3004,0.15933686555170865
WVU7296,0.22749371870196186
BRQ8431,0.22864760901230663
UHL1758,0.10291500189962594
OYP0446,0.4784514099206371
ILE7594,0.26386083352412404
QUR5960,0.22686122572844844
GWX1065,0.027561132151474526
GWE7702,0.06685780609492645
POZ1462,0.471808548541078
GQG7927,0.6251475483515986
YNP6209,0.5411839682758366
HNR4579,0.27119024229625566
MRX4488,0.23519086570280592
UQM9355,0.572310601613848
JZQ8372,0.6812670094827801
RPL7113,0.305539635423908
IBK2170,0.5569359650003582
NFR8627,0.1553682697841789
PUV5957,0.8190215493827951
FAY4381,0.10691432506326441
ZYZ8976,0.4713836701651128
INI0968,0.08594270689248758
POW3290,0.04043910723851807
YUZ6503,0.16644391360312172
MVX2963,0.08191735608486399
JIY3246,0.09827772102834592
JMO6098,0.0838285780918597
CTA9349,0.6076568772154127
MQD7143,0.5361464619344058
LLY6471,0.6757405320897424
CMD5926,0.22624804673377188
WZS7051,0.0806084426538121
CPZ3691,0.21130692291054243
ZZQ6371,0.06378879211365633
JTF5577,0.16663669088370228
IYA4493,0.6551024346908147
HJA2325,0.035269914175684765
OXC2277,0.6455597109337383
XDP8467,0.38070671310091625
THA7110,0.6145353273549973
UQI8975,0.07366100603981902
VMD6254,0.39237407755484793
JRV5262,0.7117873215865574
CSC1612,0.25703172808337355
TJG5921,0.7237787502867808
DLZ2704,0.6477242692440708
IOV1951,0.26835814371028976
AXC7047,0.16363935676441646
PMO7295,0.33863817005115887
UNB8295,0.02903963799334196
PIM9503,0.1096748188812266
FIX9786,0.44296854894191223
JJG8011,0.1280339340629105
EDD2054,0.2945446301016061
YXD5569,0.8701809985437641
GXZ9714,0.09820656438593517
GAV4283,0.24360431259443463
BVO5697,0.28566911110122334
TBF8496,0.08040107155038208
WNJ2132,0.431713607703742
DBE8617,0.2981107274267796
SUB9272,0.6020917322464943
PLD0627,0.14633005884019104
URA1140,0.34693889115960636
BQO0470,0.35220458022273693
WPZ4520,0.45077518648664777
BPI1396,0.42382976482446205
NNT9739,0.29718882085041304
NLT1918,0.7985672668905035
OPB5945,0.19932987075851868
BQV1931,0.3535439302474187
TNN9944,0.36612979799376516
NIT8064,0.16282846705939566
KTZ6082,0.15299876081153752
TDC8192,0.24241766723973188
UCP3108,0.3908495509835358
VBU2662,0.47137675616906183
BNR2978,0.22789401048479127
TFI3921,0.466480596398702
LQA2399,0.17470756406109442
WZZ0574,0.18294293377984402
LNP8330,0.25571728037633334
UFP6156,0.2010498076025466
VLG0744,0.6786010085212287
CRG3282,0.12522119082616748
KYV0097,0.04228831281736924
FWW9362,0.20811303651207494
DJS0404,0.11281994970811389
ZNM0264,0.17010392779590677
MFS9438,0.09901285680487476
LHG4907,0.30271855698747513
LLV9401,0.14888573311098058
BLO7629,0.22422292137540012
RLY0794,0.4177565572851439
VQI9198,0.028188313899623414
GTA5475,0.2310246962794533
SSQ8389,0.7817893940228546
ZSF4237,0.4926217533771418
WYW9187,0.3395638453541389
CZJ2345,0.4298553391425679
BZL7046,0.14497643226696935
CYS9250,0.0530219063383337
LUR2157,0.2266444594745185
AOH2742,0.1534072988449192
QEL3121,0.2703207077908969
ZFT6399,0.19636499310936026
FDD4728,0.24498838113949906
KPM4245,0.5959900893489507
FQB2129,0.31930135812016996
WGS8262,0.726386286137597
OWX4064,0.07874846447224214
OUD8979,0.4145369798800125
FJE9369,0.9107163340098186
AML3227,0.21462023228296842
PRS9586,0.19096761248128408
OFJ0120,0.7192322394985986
ZCN0986,0.10914574430505948
ZRK6279,0.25165884456680065
GQO4179,0.20909975526843413
BON1340,0.5676174671488308
LKG0694,0.09022881429950039
VXZ0803,0.2452947939122659
HHH6742,0.5807403642644261
VPM6117,0.7856101775960811
YTS3483,0.43912236442935043
BYK1773,0.4198573782396616
WIC2466,0.5158569312477015
UCC9614,0.27776541716016384
PJV4989,0.12200444425451494
HTJ6371,0.2125805383143466
HNT9637,0.08635682547588962
MAY3073,0.01896795408039834
PTJ7520,0.2483769490786936
HMO6264,0.3035660324504811
GJC8706,0.2415319609610914
AHC5700,0.21527600848756556
NXW4848,0.35016227917810244
BOB1940,0.04496046256656084
IQJ4126,0.09260823874958025
MVI9716,0.7280697277571704
GJP5178,0.3782232900240473
YZM8152,0.1761834452863745
GGT3124,0.41840930098878404
HVW0323,0.21458121577045525
LRA3844,0.024250319052193943
QJS4465,0.371610826151042
PQX3659,0.22954286253476852
PJP9645,0.054639176094699496
HRL1242,0.1316179273938194
IYR9842,0.14542785659957522
YNH7590,0.05066271567164218
RCR4057,0.3391381022792223
FNQ5041,0.48098361641809734
ORO7997,0.08838549208134674
TBG5645,0.21066728329091924
EPD9107,0.08099434861344816
PXN8761,0.2141876996780619
ETZ4935,0.027958342290428685
OQH2910,0.0924733600782494
PCK2606,0.30342047791622834
XWX8755,0.8085519987272717
MLO6978,0.6976311624742286
WLZ1157,0.06423800471587815
UPS0344,0.20041683750489386
NBO8038,0.17952994617191562
DIB6753,0.1728183149808573
UZE1684,0.4413252351481753
QQG6149,0.2130489153142426
QAU8104,0.24990795441341473
QGA9213,0.02455591159043262
CWO6851,0.28454107240318927
JTM4958,0.1306656039937982
YQS9295,0.6560749284766003
ESJ3848,0.5302440134328363
IWU2032,0.19439799760171622
KPH7842,0.035070832111566516
LRN8162,0.8789739563237124
AXE1699,0.8396506943033811
XKB4966,0.445545604113288
STK2218,0.7186114194697936
HYQ6433,0.7294973376134373
GTU7140,0.057686471217625636
UNR5657,0.047607140903811164
TTM2253,0.5578407290742694
YNV2699,0.2733782670955597
YIY6671,0.06033878445782344
FRE3263,0.13023488188900142
KMF7808,0.016176089731454915
ROL0904,0.09367850631934507
PZK7451,0.2650037132633319
KIH0254,0.36980231141164976
LWI9052,0.2743236733299423
BVC9479,0.20424999517232806
URY0635,0.13142069092517558
XPZ4576,0.3542822209006506
XKZ9102,0.5135574493426337
ZUW9102,0.4614438973418947
UBN0486,0.21082738788411234
BDO4948,0.2971934263387879
UMK7105,0.021763602540941424
BPN3689,0.6239308941956725
LCY3691,0.17992456078063992
DAB1719,0.41671027691704415
VOD9149,0.1206289493300967
ADN0299,0.16743049457169767
VWW5498,0.2703052053986737
IDO0436,0.0952938580854909
CSE1995,0.6129058884978074
ZZJ1691,0.5315296067173412
DOT7701,0.2517147444307018
MGZ8737,0.2129212090652599
HZX3153,0.09106004418800241
QNL1418,0.5535242060950142
OMF7498,0.024805456295791863
XHX7072,0.34437290419513755
GSB7562,0.2234450100428377
GAE6243,0.06316669792745838
LNJ0511,0.2187932675262832
XIW7209,0.06363399299011527
OFS9244,0.2025578681727294
ZTU5066,0.5665444148186481
TUL1265,0.07901934508688963
SUB8522,0.04091939342304536
CIN9277,0.11638833079553904
SXQ4671,0.10569705132165101
UFN3622,0.16570346252203097
VZV4722,0.8617819519227328
VLQ2390,0.04163395698557124
SLY4655,0.19358956421922602
VCP3342,0.013874160475075689
OGX1137,0.05481887155902684
ABY7970,0.0966686286686055
LTT4359,0.3118680061960821
RGP6696,0.3738798196484937
ETT3134,0.2150103881798678
VQK5360,0.16249716723758717
TAQ5167,0.8796718964215363
TWG2069,0.005434812359933429
OLL1043,0.672644029116665
RMR6916,0.5449185283679802
CWW9082,0.18164589517184823
DIS1533,0.11534385550774293
UDW1446,0.2099582377576017
NEY9288,0.329419000725402
GEQ3261,0.2862484421032327
DDE0864,0.3344214248621086
HRW8057,0.6347481965005923
EDZ5434,0.26431101409434776
XDU4447,0.3925320248284135
HDQ1554,0.12134976010609569
ICD4170,0.841324009256377
ACN2803,0.6108142914967128
FLB0567,0.5428664392827508
AFW8735,0.24574252212226538
QHF2663,0.34434912378261345
SIS4056,0.24126406848419393
BFB7024,0.008365308402399973
FFD2187,0.26665883566821524
LTU4222,0.65487948852431
HTJ6857,0.039723395240715366
KCJ8116,0.24490096353189916
EBF4220,0.6507874809087162
VKE7153,0.6700253257248252
RDY5024,0.34036651861373535
BYR5509,0.07182396647723088
RJH2016,0.08073603084864306
IKG5514,0.47719474256588906
NVR5085,0.23530417510856438
INF3715,0.5176144452747571
IGM6607,0.2909006771287753
AMP6369,0.24534890026053752
YVK1582,0.19522690477325622
JZB2864,0.11255695337423652
LDO6927,0.5207428539091973
WCG6571,0.6783303292337989
MXU4187,0.20252396099817607
DCZ7738,0.22159804122624333
KWG2188,0.3670353615985612
FTK2655,0.13948086643041732
FBF9527,0.17407395505172046
OJR2867,0.22126881404250173
LZM7871,0.4227845422245072
REQ1736,0.11317905282841659
PSQ9989,0.28037008119468076
OJG0594,0.356112133862341
PMQ4178,0.13839822812398195
ZMJ4726,0.03832184273065919
CYF4956,0.6884204322109817
PVF6811,0.47954203975709936
UYG7466,0.30725419390155423
IRM5695,0.1957778939591199
YJL8439,0.15176839977382703
XEZ1743,0.19564262552565292
WAH5084,0.09235965094552155
PHY8772,0.23286670380177046
AXR6112,0.41956980136335514
OUC5425,0.0236162656546001
NJK5446,0.20332804992894282
RKP0540,0.09285061790776915
JIJ1460,0.18725918591882776
PTK6472,0.48160972724093115
OXS3977,0.1341208264679752
AOM8900,0.06263658624893409
VNR0359,0.4282966812913465
IYU3895,0.39967837768781556
LIH7939,0.43908252115360624
MWB3044,0.011963383696791036
GWW0191,0.0496270293650104
YYZ2592,0.23142763860135981
AMV8743,0.04075541510220128
VGR4206,0.023132524161483196
QQB1582,0.6305986454773294
AIS6545,0.3083284552639924
ENG3349,0.22803909177801376
GLG3671,0.4990833563312743
ESG7838,0.20836596945779084
VJE5970,0.5140763669792052
TJV4032,0.15948478579926437
NPZ0320,0.4823659324371952
GLH8560,0.37417451042878297
FCK6397,0.19681158385939237
ZND7829,0.39603839467496377
WGY6041,0.721197674284747
FDI2501,0.3524852276997749
BMN3470,0.2492789086350803
HBW4130,0.44840134694870354
PWK7987,0.2614895103043335
WHO1663,0.20268483221915742
NWK2342,0.6329892849533059
UJS7468,0.4958286051447136
BEX0285,0.7728329182494404
UWS5984,0.41346307938962334
WTF7343,0.7848619365952901
RRZ0390,0.47958746723833423
GDN8780,0.30999362762832733
MNU7249,0.16672709048559745
GDI9499,0.08135896619162027
IIU5693,0.8275136090531413
OIP2054,0.43471296713544916
LFJ8326,0.1168242969984487
CZN4189,0.32376945380810096
UXP6651,0.46026982111638387
RGY6659,0.4493524562099862
PDN4232,0.7931947226645546
VND3934,0.057499371765788884
THN8314,0.4332951653308516
NLD9324,0.5437188634464023
UXS8258,0.3547299877264393
KBY6262,0.29972167838636576
CEB8766,0.20865257674280285
EVF6778,0.597572716538705
QSN4123,0.026712480400442908
NRU6209,0.19600820166005903
ZFI2630,0.3455766332881205
PBE7043,0.4652117731564219
WKK0810,0.09249751093475939
JGW0377,0.4333581626493045
JPE7891,0.09028927778167148
OGK4654,0.21734120296739132
EUP8882,0.2152674442389922
ZZP9215,0.5629771662075586
UJK4511,0.5274081217989571
RIO7274,0.21880327651118317
CVK7281,0.4317942015781088
YFN6083,0.28967311492241604
ZWB0653,0.4250381721876436
XJF4320,0.06439022029967949
DRZ0501,0.2502812937858281
UUS9592,0.2581802110945368
GYT3367,0.37519749842799344
YOW0478,0.13770861350707422
ETM8048,0.07575079872643412
VHI3955,0.08930588689309378
JWY3546,0.14105398348408996
YGE8169,0.09659275763912009
RBG9621,0.44564107045308
KFH8046,0.09008639506647519
NKO9494,0.28373690968348164
PXL7755,0.18604831745418193
ZEO6020,0.1382974935813944
RNI7236,0.3483594599691352
NVM5624,0.1230751750135223
LYF0002,0.7361458482119778
DPI0552,0.07257904963171122
VFL2098,0.23642549215715788
HPU5706,0.1460439163875568
IOG1292,0.2747077398725022
VCG0006,0.02432735164687993
VDT8680,0.7512116732896202
PHN9134,0.19371580527759286
QLY8408,0.37437206866645983
GQF3229,0.15090314211927094
QRU5190,0.20008778283496453
JDY8653,0.22415456219370622
LXP2696,0.06448165312942587
DAU1948,0.16241809015578224
ZKB6852,0.3642868872864957
JOC8182,0.1359062323036639
WPU7243,0.40102230291433116
DHM8155,0.11980826948310493
BKV4337,0.6197688439492577
DJZ1621,0.30674714324876046
RHE8232,0.020724553002757974
RZA3300,0.31388621174259945
RWJ2599,0.545604853318682
NXU0486,0.24509214448544087
MTJ8168,0.1138165704214216
RUK3184,0.18495860286152493
THX8305,0.17745607650947337
FUE9305,0.16880198859724135
CLR6222,0.4816170783004672
GEH2238,0.3569130660680814
VMC7749,0.3184669351451238
UVC7051,0.397038998030516
IQM6307,0.09299592027415358
NQZ4921,0.13714468100795768
KAD0889,0.33616300292342444
FQS6563,0.003997739429736489
TJU1657,0.1826694954993508
XRQ2866,0.6132054112816272
YSB7616,0.1365250594898744
CMF8636,0.2463524955417297
AYU6254,0.6043305623882038
VND3349,0.4663946193732213
ALF0873,0.18130936010110707
WEX6547,0.01702971045911919
KZH4174,0.48166107467955743
HHL1028,0.21399516622721163
FAU4783,0.15431664902544315
RIP7417,0.9212840520420362
CQB2052,0.7247868956232358
QHR3186,0.6861444839611132
CGJ4146,0.2780930827262809
PQE8422,0.5004138750899798
KRB7101,0.7425742326616248
HPZ4991,0.16956574466021318
RBP6977,0.03749986171555918
XGJ5317,0.04216534640436133
IAN3692,0.30550283669372474
NUM4282,0.2702505356530995
YDE7220,0.1757490365053586
GTX0308,0.05329143270808554
RHG0618,0.34995323119898364
QTK3234,0.5210049723701976
XFV6894,0.0835307627768609
CSB8399,0.26170339165689055
NOR4701,0.30201805757643096
NLJ3968,0.36369314348296206
ANW2628,0.4456925656284028
DAI3533,0.7732250487394952
YBI9285,0.7306059841399749
CSM7170,0.0698526796961762
ZQW4008,0.32316899810495364
HIK4516,0.1997434259196703
EXB5481,0.1057541480142668
POP9861,0.4512529283680132
ZCD8647,0.2697776746022208
MMW3189,0.015779761920037917
FZX1386,0.04430419930486009
XJW6981,0.35874905296631504
IDH4923,0.5712113252693475
TMQ7955,0.226952653044227
NNO2893,0.24474049588577493
OCP7865,0.23270965169585978
FSV5399,0.2928076514463986
IPV8950,0.0833064523693804
OVV9534,0.09107936135318966
HJV5406,0.008989078719079422
NRX3458,0.3676247017432268
KKR6119,0.12602168878121256
VBK0052,0.21751982041358353
ZPW0742,0.6798935376018653
IXO4783,0.1957751966966505
OLE9164,0.6622397708423795
FDO9514,0.09710845404838447
WCY9603,0.17498257301014442
OLP9314,0.44161542781338564
XKS6868,0.01933809672995343
AUA0544,0.08105243355257566
TKO6061,0.3833906890041868
ZQI6616,0.11410166107321969
YFX8262,0.5774911332928957
SCQ8450,0.26376480774371713
ILX6428,0.24652868271193804
VYM8610,0.4176519606485648
WJQ5273,0.18890404916392417
HSP3866,0.21953698335608146
COM4021,0.285013391434466
KTI4978,0.2011263606199382
UNS9134,0.22814402097863057
GZN1159,0.6101571520349229
FEL9461,0.15535764209004574
IOW9233,0.4059214635226907
WHA4761,0.8801154528526725
ZLG8983,0.1692797704217262
QVL5196,0.6292611283089379
XNL8446,0.40704085415920693
FIX0268,0.831330795444768
MXI1482,0.06510895839033076
SMT7267,0.18490770099884205
SAU4456,0.15860403928909853
LMZ6995,0.10018834842260405
EGW7117,0.044599442065398495
OOU1184,0.7003589620198135
PYN2702,0.12657593440217654
ZGF0892,0.3185070936144732
ZOE9846,0.5557381103151942
DWO7481,0.5110740564006875
LPO4681,0.14385086391075982
EPZ9944,0.19089590567260012
VDK9305,0.4449367458520237
FWQ3053,0.43913026457667653
YVX1629,0.1665581368113
IZU3946,0.2503109169369311
UTO2381,0.8333167333042044
OFL6647,0.06985248322963496
RNB2889,0.5236899675511085
OVM6008,0.37241996237206304
ONB6887,0.45785226392762013
FBZ2743,0.16865262894719504
FLW7842,0.635753516855276
TGR6277,0.5415067689445371
JRW7214,0.4415731787412794
XRX2449,0.059856370638812544
KZW1071,0.27605990498109245
XLB1971,0.25631864777539204
GQG1121,0.24470375402557318
JPH2255,0.5976213024055214
RUA0004,0.2602128230157077
YWA6586,0.06815409088569822
GQB7841,0.18753956728135235
STM7106,0.38990897928117524
AZB5440,0.1687769670904856
XHV9925,0.6939529405713488
QDH6299,0.31157138848048277
WDP7476,0.12719198101564563
NMT6166,0.2807137016850253
VGG1549,0.35332887027430604
RXS1106,0.22644350434136484
XLY3335,0.43200799940029405
GGQ1618,0.3352090332577605
IUQ7048,0.06565000451811547
UYK0965,0.8407985075528488
WMR4750,0.2554627370679837
OQS3013,0.6757631954151381
LLN9525,0.2784949024879694
WFH8896,0.25323137337589474
VOI1089,0.08141014921895753
ALK1216,0.061013193774520746
VYW8970,0.15042939498008687
HRG6795,0.21906535148887557
WAA4157,0.44783273811260005
BMB1791,0.0421732333476029
KQB1175,0.19325265141543935
TIV9623,0.15668850695825262
KYI2691,0.5717574911967036
JWC4499,0.5301269776832634
ODO8213,0.5973412481543742
BYA8224,0.3736035654113253
JBA5116,0.7180655983372535
IHD4177,0.23772018901666714
TVR2929,0.6477049932160956
USI4915,0.07334100527783072
XFA6190,0.36515395991713145
BLS9176,0.8366535370371676
MOR8223,0.6371853857990584
SPY1026,0.6825487687260808
VEW0881,0.13405326988523095
EMW8362,0.028634689266945026
OEJ6592,0.7100623880311838
CXM9033,0.10035934122982164
COZ8513,0.32993437303983697
VAZ4436,0.2880948397530376
RJP2369,0.14246792229605243
XKK0547,0.3383579112761111
CFU5890,0.18314665783086914
KMA1753,0.26481529629097245
AUG1693,0.09744717482663169
UCV9795,0.0419776360365626
RJS4002,0.35578577539853246
NEZ2618,0.1955019704912279
HAB9276,0.29114515733380886
ACJ7471,0.49900723358297744
JOF0586,0.33325971055462505
IDU0788,0.07484367715480462
ABN2881,0.30584068396683844
DGE2915,0.1817173642963717
YWU0331,0.48499570531514286
BBW3982,0.3973362580931922
KYI3863,0.53492927129535
QKM0486,0.19778233580852564
PEW4437,0.13601851419866284
UYE5984,0.32186398429259866
TCF7202,0.14036319764136668
NEW7492,0.5430885925301611
CCD4905,0.47194725771771046
AHF7381,0.2540753002852032
BXP2360,0.41900516203538873
VVS8339,0.28610836313898
HRI1575,0.6999201552611578
EDY7938,0.47544404587316536
JPA9779,0.6245144725416776
VHM8071,0.1152825134799915
LVJ5056,0.4915430724782332
SPX8793,0.02028573461467259
UUH9741,0.2521970585344242
IXG2935,0.11102674143348311
GZB7607,0.40186154318508166
EEY2062,0.0419933951167066
ULW0305,0.13019520933769302
NSY1800,0.35493070870278326
KJU0911,0.46502302313024274
NXR5741,0.3882715105097474
NVN2979,0.2393963914518964
DNW3213,0.2122917473834362
PPD5223,0.22397977473250175
GOY4787,0.15594060223204356
IFE6896,0.11839336135066009
NNS7901,0.052446065734924587
BYC8082,0.22077373858328173
WWP2211,0.7694960207721985
FCD5461,0.5455123380591139
JOV0932,0.3533727830517136
UXG2063,0.4398223081397738
AUC0946,0.24359533431612806
ZQW0645,0.06940661160787864
AJX1894,0.28256429976689956
TRF1830,0.13342710277857853
LXF8692,0.6442200022808221
DRW6350,0.10219422424833757
TWC5720,0.2573813136586728
OUB8072,0.20932470874285447
OSL9110,0.32619274073228655
AHA5047,0.5049231570473809
ESM5253,0.00417063427408899
RKL5421,0.41828436224041465
IVK9421,0.732373842846021
GST4391,0.03300012763325187
RGI8636,0.08260200481883408
IOE1286,0.7595464537529767
AGH1193,0.19793885218310922
HBF9445,0.39376916118622796
NSO0462,0.7531908019956419
INQ4034,0.4522896167118554
FOL4515,0.20507651554350356
WKR6036,0.05794283409595889
QKT5763,0.18945827638377954
LFZ7306,0.720640460067918
RZB9651,0.33667839517087017
YHL0162,0.12505276980989136
UNE5104,0.45264279608363767
DEC3967,0.5121302888955548
JAE7915,0.3248777932702926
CEM5682,0.38089004143872585
WXG2815,0.09385033780338435
YQN3117,0.41937419440145485
ZLK9610,0.46461101754366135
ABH3755,0.1390938542662578
BUB8347,0.6138458243304613
XGX1909,0.2682726044135086
FHU9085,0.07283201767742642
MZE9843,0.19491367274670818
QNW8864,0.1997366696906773
EAV0422,0.2090305379231272
PQD3932,0.6534470296041308
ZKD9795,0.3481726816716691
INJ6803,0.14053306374324712
RIW5780,0.2479322532891302
PNB5177,0.17270241553048396
SGU6485,0.22366521985335452
JNJ0531,0.2735776744694561
PHN7709,0.5402493360596903
HWB4033,0.11472226903680731
FGK3267,0.10026173253487611
RWV2020,0.31338639472228674
ENU6205,0.2497109166223285
CBX9036,0.24965895860621803
YAZ2550,0.5467392300991606
CBG7468,0.26210982274170025
ZFZ1089,0.142373775124844
VXJ6073,0.029477803327626003
CXS5682,0.020475448242218194
XXG7687,0.816824172697045
NPB7952,0.21030586142699695
LPU0502,0.39576247444505025
NOG9482,0.5612296233919825
DMA0770,0.5938326234513461
WFA8111,0.2006999335576878
MRD7341,0.25278430942415103
RAC0923,0.06127238290728199
CGI4064,0.0641613315887258
BHF5913,0.4529834425678271
TQT9316,0.7064362574103091
XTE7211,0.15015655552336202
OSL5694,0.22029952753363127
HLU2560,0.4592583057755128
NJT6734,0.2620313425341631
PDQ6018,0.6640077613581262
VQX0152,0.2592960845787426
RDZ2697,0.3788627168187054
WJH5077,0.20925645598259646
HHI5726,0.4291586590482705
BOS7836,0.06553728597294436
APX2161,0.07546582195093564
GWM1482,0.05957911126825363
LCA9291,0.2376694712140799
ZHQ3679,0.16704315286265264
PLD2249,0.020636700507080455
IEA9841,0.2351430734401225
GEI0319,0.6768971077629065
JQE4987,0.06880386991032116
SZL5463,0.048656684190517975
MCI0240,0.1987638509083416
FVT7225,0.06699090644747635
UJV3631,0.0980264518381801
QYO1346,0.5704510328957083
VIV4576,0.7484807143998145
CUB7496,0.26194667129281385
KZQ6126,0.1881003834041738
VFK8134,0.3216104266438508
YCN7326,0.04929544470996589
HLB3847,0.2081995051799677
TDW6663,0.34617854534631204
KBK7769,0.7187596577034951
IJP7584,0.24927688986479868
VVI7960,0.2929705152755702
FWL5818,0.7964484052396247
XAK6948,0.8621342764690652
SQG1144,0.4737061183158252
VVA0065,0.3195031797537062
ZOZ0391,0.34367650948417505
MPH6874,0.23104120394332175
ZEY1074,0.011262296270653373
UMA9410,0.43063370070590695
VQC0943,0.2890526283353212
DZL6452,0.5358818677781895
BOM1302,0.4400415008270382
VVJ8185,0.07075924121972386
KNV7050,0.24730120270612238
YWN7078,0.17443791603416947
YTO5069,0.4390218690547503
HUT5107,0.48896252783762145
HBI9011,0.1729906084808419
EJP1062,0.5706035703760705
BLE1407,0.6645519033118125
DOW7737,0.4463515250007428
GWJ0731,0.0817369673774106
DVK0525,0.7036689150736202
ABT0755,0.06774990540923027
KDQ3420,0.510745609166821
GRV3964,0.2807474735573825
TAZ7275,0.2546458057409175
FYQ9788,0.15570922953305236
OYV9502,0.09168741238292125
RZR0683,0.07147048601408751
KIS1920,0.22669017373347203
AIZ4304,0.6509493592958043
MNC6867,0.0919748776337413
JHT2975,0.4551801582569835
AWN2202,0.4919336569661625
UXA7661,0.2501989114738722
YHG0100,0.32052507260506574
BGQ6413,0.021820197627447645
OSV9923,0.17258381781115903
WGA1952,0.3733597895836306
ICN2500,0.20908232907860475
GZT7277,0.3939109038040395
PBP4048,0.5564559499910317
XMQ9215,0.45036802761553374
NEK4446,0.10188466830570693
DPN4713,0.2567057941664756
JBG9700,0.6772246764931188
VLK0975,0.09364507996793102
KSE1752,0.7925571653307728
UAL0333,0.5189791730879374
HNJ0861,0.7798396641475843
YNE3686,0.9559251163443624
FKI0101,0.32003833935769016
WUP8684,0.23893020607765486
ZPX2126,0.3232025197979653
CTP4152,0.12066915472442453
QLX4092,0.25546495807036995
AOK5541,0.49228588280522634
AAW0413,0.007989145712946464
NGW7719,0.47581443267423756
FIH1903,0.4653209823364412
TAU8457,0.23088598806704053
COG3558,0.7131088650444133
OBP5338,0.09256253620698844
RHK6186,0.2998627338020734
IMJ7164,0.35353500380088976
YLB6270,0.1989475323475436
QFA8280,0.05005843004622717
OUS9118,0.687093344244482
HYO2274,0.33968764929685635
CSE9609,0.27947300965107785
UOE3068,0.2373137598947713
JCC9986,0.23888193785567874
KOB3118,0.4768513874563236
SVC9307,0.553798765815974
EAM6064,0.24530939406572938
UVN5572,0.3732335024669856
ZHN4479,0.54631495385264
ING8369,0.4710340843602158
KDF4616,0.12002566338034912
DEJ9407,0.02475443241030353
CXT4128,0.011822584228791375
TCT6480,0.11006222390510184
UNZ3586,0.22144026652925042
CEL0672,0.559359870097053
WMW9321,0.05263375193910542
MIU4874,0.6623684191107813
GHY7900,0.12016224152959222
QXY3232,0.17697038289551115
JQT4476,0.3265276255968909
NDK8564,0.2251853182597675
YMO6206,0.07609564688317207
XMJ5924,0.6898646719759445
XVR8871,0.004851066973522135
XEH9534,0.42298291657589726
CYV3256,0.2898085932301771
TJH9274,0.026859197809856825
VTT0304,0.7261338024178327
RMW3853,0.3523642167110332
JDY9215,0.09195887865670671
PZY1904,0.6281257572026733
XHT3697,0.8832477275648285
YBC8532,0.2514841816822412
FBJ2223,0.1768458950197357
EON2993,0.6675270584871456
URV6265,0.5771669186703191
XBY8963,0.18049831635013194
VQS0169,0.06875565451610914
ELA8839,0.10181322419366108
GWS0703,0.2886743847383492
TOX8176,0.2867967112725741
ONB3244,0.37705326661272065
PXX6146,0.2850864082617654
YUX0481,0.08946526464475556
EFI0965,0.23270812540791125
DRD0479,0.10101739590713334
DWY6364,0.07088271397401989
ONI0884,0.21154892382872503
MCN8344,0.37543434684927335
YKS4319,0.5583686741123238
XZO0245,0.20435990372113813
GEI0522,0.8081976624137354
IKZ9484,0.2730010031979528
DBN4342,0.38242696399720455
NJP9989,0.22898151836375466
UTX9521,0.6162861439827818
AUK8540,0.5802000546317654
PUI1246,0.013473745199641844
PDM0256,0.19399376461912043
YZK7499,0.26481692640905324
GNW4349,0.13821652784021857
CVF1019,0.21608214542246107
ELP7845,0.11982830366916473
YCN2884,0.39805768098821237
BWS7092,0.35421374277709095
KZK3699,0.08842794739681727
XYO7986,0.6247538860628175
IRY7916,0.025820687512459303
LQA1132,0.2929043320375238
FTW5458,0.8240391517710594
MIB5596,0.18880504180927718
GMH8226,0.12247060399677683
EOQ6675,0.002757296985031183
QSE8298,0.3533600258967019
VLZ1739,0.34399320153146856
OMO6127,0.014492353809915735
ATF1687,0.7332709335198007
LBV6765,0.5790353034014168
CGB8675,0.8118336203799756
ZFX4279,0.5933588404990835
ELF2926,0.37811726597197476
DNN9040,0.1521841131838401
NMT3661,0.04042417056486922
UEO6191,0.09718144046333621
IVQ2334,0.16188237899589056
KNW2940,0.443041176216764
QNB3273,0.4971410652434836
FNH7242,0.027107505941627513
VVS3655,0.3254408972224707
XZA6769,0.2570054868621398
UOM6424,0.7038795537061106
FBO3201,0.324454583843014
SLY2701,0.24770236402388487
KXS2731,0.4946667983486787
XBW9703,0.026932196898261193
OSW9461,0.138837619193965
LYU5526,0.4130062887670028
NJU2479,0.2048322885805833
KYM8332,0.45867390540270936
MAB7407,0.1716086549409032
YPZ2854,0.8500899047996058
JBF7199,0.7313531918437778
JZD8433,0.18509774925080552
MFP6362,0.6110174306969616
JKW4520,0.46562879966732335
QGD7776,0.3238586983699901
CHA6808,0.5153540081988462
UBS9220,0.4333355233327739
WMY0640,0.23239685543750838
CRC2190,0.08161405281529986
AVW9491,0.2947997903601889
NGN1485,0.35415693039208473
QQN9296,0.6555965268131805
NGR5046,0.24127736642940253
LAN8432,0.46490133612020995
TAQ4819,0.08870793193217917
CPI9822,0.14726533715033616
AER6514,0.011931615770607041
SEH8603,0.7054223524074004
ILT4241,0.3239392186858408
HKE8304,0.38191090276465345
TRW3403,0.1494730161171282
RZY1654,0.20966991162483528
NWK2633,0.11361570895982151
CFS3204,0.3535161197381618
NSH7795,0.6645344837986151
UDJ8583,0.1854004598800726
JMO1835,0.5507996252085282
REJ3686,0.03322497022105282
GDF5664,0.4760204611774419
NVV4484,0.29159554436520746
DDP7484,0.018224561461869467
XSF7421,0.22000920342692812
NLT2046,0.8022418775844333
SIQ0790,0.3619273569279984
FZD1147,0.07138167511874682
SAA8955,0.1368811107280041
VCE3631,0.6512692459656172
ECP4298,0.22289983575434621
XIU0799,0.6281127474775626
RBL6086,0.5311356151876528
YBP3161,0.13369280255868052
KMY5612,0.1903397106536282
ZBM7911,0.11896045308019022
OCE7294,0.6614174436179314
TZE4540,0.5658251652149843
OYY6449,0.25462311296424256
IJK1308,0.723923462911056
KPT6842,0.2144960886382019
UKW0215,0.5024245610670397
LRN0774,0.29457855835515334
VCE2379,0.11157480651105665
FMI2837,0.0871714178727518
XLW5979,0.2310727056476431
GOV8873,0.2206736621206426
DNF0823,0.6029984507165188
HPH5240,0.09607090473109536
AMU4525,0.41470805844407527
RAZ4524,0.7430527223028331
CJX7660,0.6398374248279108
KRD7992,0.2594610200429045
CPT9754,0.08689009376593025
MQZ8423,0.4900899764549947
XZS3817,0.28856311027594594
VCT1670,0.05972106569710142
MPQ8940,0.24170940093124654
QTT2590,0.06652806149086447
RDH4737,0.3720079409920976
TGY9004,0.1269116635750532
QQO7458,0.9110272652511437
LOI8195,0.3404450801943574
XNK4649,0.51008484350473
ISE5644,0.03551761994170706
QQK7127,0.4709680817101843
TJP4799,0.3007453925225923
OXJ4842,0.016618715735519644
RNA7496,0.29642996304080677
OGL8285,0.33484395487065094
SWE3610,0.2637897033642283
UJB6693,0.517966512283288
DGQ0428,0.06997530798485184
UAF2108,0.19286676862306218
XSY0056,0.24566904954971536
HLU0539,0.03881045010540994
ODQ9274,0.2827876639119271
KFX6128,0.09569027309075029
YEG5478,0.2641344917945889
HRD5727,0.15483646879004975
ZGE3625,0.04363111793029766
UMD6920,0.3426874899632375
MUJ4332,0.09519546402933157
KIF1692,0.6165161126011034
DFL1502,0.7364911022526026
CHL2034,0.7243625174276371
WLT7867,0.17710112034825137
PXZ3818,0.14835108404076464
FYM9226,0.5671200048867427
DAC6061,0.5080129661919833
RHB1657,0.5544250994155074
NXO2283,0.34128966224070695
RLR7250,0.7558224994988307
YWK2082,0.8056563879256036
BYK5591,0.43989893454115825
ACB7270,0.4483746111253466
EAM2579,0.31794665840087794
HHR7325,0.6381007722464692
VHG9675,0.4511941587786586
RRO6606,0.3724378263408577
ERV7117,0.065088622184302
MBE3268,0.4141549700748443
VWD2016,0.28093503729215885
UDG0132,0.8460884320057411
ASO9327,0.2855755796761605
YFX3025,0.27203855094278984
YHO3350,0.4357038382385164
RDJ0057,0.4417806997135721
OVI5461,0.6063060495030587
IIE9717,0.1836301652052798
MQU9813,0.11958595665239563
QBK6167,0.291586823885991
MQD9120,0.22334235997549115
MPN1782,0.06204002528159933
IAZ0582,0.5816866021361586
WER3297,0.5190359720487985
DKU9622,0.0661088252502542
XZU1389,0.3822604401034051
JIV3958,0.19933941837854
OUU8805,0.044086813930549675
HEA7369,0.06686611061579092
XVP2264,0.1220565520418374
DFR6067,0.33919447871283653
FBL4503,0.3954374913714612
LNE6682,0.16273099075124867
ZNT6954,0.026969774221865674
FNV1771,0.30512100576444945
ADK2106,0.055178713119263166
AEZ9340,0.3802656610824799
VFQ4319,0.17038198106995506
XSZ4118,0.35651374698390254
EGA6616,0.4440760914005829
MIZ1027,0.5434931826152594
SRS6744,0.476631333892215
JQM1187,0.17091083021469086
ZHL3139,0.4928128877689333
NEW6706,0.14205116062810852
MQP7394,0.2714368528433011
RUD5319,0.5800391581718802
GJO6846,0.4400577460721707
NWG7741,0.18966572773055063
QRJ9739,0.24427944909888588
UKG2642,0.7194743595254054
UZE6034,0.313252609840797
JVA3845,0.47656808354550284
SQF8086,0.21313418911172116
ANJ5892,0.12965952883184073
UXX1393,0.3351589217457706
QWT8893,0.16986861875666145
IPI3012,0.20095994085878355
BFJ0934,0.1511805406283449
EGP1636,0.08906754058039233
JOB6556,0.8564840750884809
QRG4068,0.6531179605704617
MKK2644,0.6604739635999919
NOT8646,0.12188711655455521
BNU2999,0.38620846457198776
JNR6923,0.699628086251661
WYV8264,0.9182919938391257
MYX1892,0.7504990447832635
MEB3676,0.5799704005777727
XQZ3311,0.3155349950877607
JJX6807,0.04437586414389347
WXK6036,0.0028147338380869274
NGT4741,0.2629992597701315
LXO3834,0.8391257229257039
HTC2895,0.5427226012754623
SAX0105,0.12263918777241022
DTR6300,0.49636408051371506
DPE0579,0.12792862137293007
WNX2417,0.16480895038292748
XZM4055,0.038656842543624434
LHX7184,0.7372250766964985
KSO6598,0.5933029322572364
OLE4506,0.16100501690488409
NWZ7800,0.8109302767107439
LIU4069,0.12247440990872506
JKO7105,0.6727020152198997
HHU9275,0.6429366091282103
TNV6516,0.25531595748001695
LYT6293,0.43643717358950884
LKU6285,0.540579478552712
YHL4141,0.0380295753528216
KEH4496,0.21352078490405035
DAG2617,0.07433550329184156
LWL1497,0.6544464125013286
OQC7661,0.3478400229356723
JJQ5903,0.4703011144250889
QNA7565,0.43996696155215
GHC8140,0.7131694946835231
SWJ3811,0.03663862048191203
BJI4095,0.7598110663992388
AEA8629,0.08485829435782055
OAX5074,0.22384316360386397
MHX3492,0.18821616312648334
WSM4668,0.48602838488694605
ZVE8493,0.06134823918253575
HNI2057,0.2583742430164406
KYB7279,0.18695623471106762
TNR6519,0.23967951531350495
ZAF6488,0.6671294759911008
GFR6971,0.18949481737782947
VEY1968,0.10052657485521593
CQF6416,0.22261299420163377
TUG3248,0.12639959561785027
LEC4955,0.45898008362134785
OQR5476,0.1913037375609465
UHA2449,0.45902199460363985
GRP2675,0.16732587325685971
ELA3131,0.10626574865552076
UZT2014,0.15501271412257445
NOR0351,0.7821663679143016
SQV1536,0.7059736014574072
MWO2395,0.31099448944505675
JKI8422,0.012778930579069146
CSM3282,0.8028811334553423
MKA1884,0.08738919550350864
OAT4775,0.9256085961327439
WAE6729,0.06506824559396794
PUU7424,0.04986291146509569
BVD6400,0.4306789412575195
FNA8904,0.3026804870049358
VJE0900,0.5748316015645231
TOH5347,0.22129509042810042
FVT9140,0.20926061038198623
GRH5559,0.1612481543862831
UBD8889,0.6731390680300608
GFM8976,0.14053794995036836
SNB8067,0.04716104918020774
JAN6657,0.5019853873033919
ZGO5482,0.18051971136317638
WAI7897,0.1297744545902155
TQQ8810,0.5258406662119677
PPR0538,0.5399733890985442
IQD3049,0.5081288443965224
EVW3261,0.14461641772702005
QTP0829,0.03932763101370977
ZAR1668,0.6341893475333807
YNM5067,0.16945067032050673
ITH8224,0.05147209562601498
REM1332,0.023468909714639184
SPS6604,0.11397001785415321
AAE3132,0.16845024602658068
HOU6184,0.24399112811503096
CZP4309,0.016026902738998452
LEL3646,0.3969161158223465
KLS2376,0.39364831692079066
SCX6724,0.1648563834629254
JDX2248,0.16399428786321435
CSQ5122,0.04018805973810798
NCV4201,0.5670575071218013
RFX4239,0.7304469464439589
MHR9246,0.91586029179512
GBZ6626,0.11033626351382156
RPD5488,0.15260587580269103
HYI3434,0.12854836283941365
MRS2505,0.5077826181570672
AMB4315,0.09294070458952321
PMG9403,0.3318371096251939
PJB5201,0.4878339063955959
WNR1849,0.0937447070173533
WIH5320,0.4543480136763337
ZNM8480,0.4517035904171323
XXT0474,0.7742873204927978
QIG9493,0.10156598002382625
AFN6386,0.019325162011383686
PRR9621,0.5816737912182185
XCB9683,0.19448208383250706
DZT6788,0.15527730109552942
WWG8089,0.19204686098988935
UKQ0153,0.3728180281599512
BCZ3036,0.41830465539830014
NVZ9450,0.6806452419087557
CCZ0625,0.2607897294907351
ZLP2972,0.06684554542151944
ZJB5926,0.09309522699255819
CMG8982,0.5511727966635637
WTU0545,0.21852270339132188
FKL8364,0.7325971546118544
PLX5842,0.049265711444353814
JUN3444,0.11204203388656435
SKE9305,0.3366882778502762
ITL4779,0.17698323003537714
JJO0795,0.12667406963058647
NXU9005,0.04000987750457255
QGC9923,0.5509011890865118
MRQ3624,0.06696658049345079
DGH6557,0.3624278484140999
HDE8710,0.2824132925597215
AMV2337,0.2869986645310305
UNQ8256,0.40369292539127655
LOH5505,0.26646181642560723
IQY9989,0.26384276209177987
PLQ0927,0.8227506768849576
ZVH1070,0.3108794624922791
QWM7774,0.8619970183085086
LCA6145,0.6092167256765061
CXS9262,0.47223160084133925
FBG7333,0.4607941763111089
OEE9697,0.3210433755465702
VXD2888,0.11630336802859778
JWU4615,0.08131934357694603
PIM7408,0.298430135939515
KOH1629,0.3548422987835389
FNX6879,0.07590814162722638
JEQ9499,0.7463765809378758
UYE7582,0.6308473809905004
MFM9712,0.33294475656140066
CIW9280,0.6354269457632129
BIH6763,0.4817475872555963
IVR4724,0.2253304317469098
JMG2675,0.10175064485563674
PAL7750,0.04522856890886928
EGQ5337,0.06044276493520479
HNM5599,0.3115400654746073
WWK2226,0.14334103496181055
XMD5380,0.17298391211811895
CMT4787,0.22624171141371507
OTN1938,0.25141002476584345
VIT1701,0.18614654592909818
WMK4466,0.10601988507263947
JJY8197,0.6646254838220836
XCA6285,0.38791774496640463
LSX1698,0.624190546694991
LIY7658,0.5354781948668667
AWN0993,0.5917862664748054
GJQ8756,0.14488623419253374
UQA9509,0.202494881296273
YMN9110,0.2755907727314087
TPV6824,0.31769327987793694
BHD6476,0.7325623501732837
JSQ7862,0.09523271259454846
IBD7350,0.11637629090791599
WVG9491,0.42629326761533465
ERM6024,0.047621131468630666
EVY4906,0.4234787103678977
HZA1744,0.43364683862916586
JCT4386,0.14730778956917995
GPO6473,0.11995917262955487
MFJ1189,0.4115471206881694
UYB8567,0.41133415874919593
TOE0201,0.3260487433136279
PZV6692,0.17140947894015435
UUY0456,0.6944454699563354
XDE4403,0.2039640891144574
RAY0990,0.8446325368288126
YXS9979,0.22935356209597615
BFQ1956,0.027833705142951644
BNT0970,0.3848973032947186
ILM6904,0.18406257821838506
TTD5928,0.13824036857507163
LRK6522,0.16929970013266712
NWI7548,0.31686336658664876
SBO1935,0.2662564955677432
ANF1816,0.3450470487614027
KOO2576,0.3632313226470672
XJK2683,0.11701502425986941
KXO3550,0.19022999329405724
PXC5758,0.7485834870817362
NQY7197,0.4403623839433901
EWQ8929,0.5220868272089881
ULV2580,0.4838360034186531
TCG3740,0.14458221346568545
HLQ7927,0.026493355381292136
RBI8043,0.29181113310145496
XUB9735,0.10381702591231373
YPZ4317,0.07086614827426506
QXZ4385,0.48656203652271945
JBY3887,0.598690266588883
PMQ9284,0.5135046556157442
WPD6992,0.28684367578431136
OHO9405,0.6425903502986804
JXZ7487,0.10805585016787474
YBC1242,0.21392870595900995
GNC0544,0.4463185923231697
DWG6506,0.25302262256707314
GHE4135,0.21721318173089652
YTY8763,0.35211001595200037
KBN2378,0.39607789890880335
AXT5962,0.8049321796616757
BOG9757,0.23181234849520757
JWU4504,0.19978005289540635
WFW3920,0.6757045732867574
NUT5984,0.25092113342221234
SRM0734,0.06633328442255602
SXM1210,0.6660390714070012
MNP1285,0.34253761024695706
OLN6828,0.2433574028912241
PND8015,0.5732668566878291
OGX2067,0.43031081526518494
NGW4148,0.4696130963174794
XNQ9739,0.40153319115231906
PVC0396,0.06691646867344107
YQU4379,0.06584749563206846
QCZ9183,0.031326784149806414
HEK1976,0.37005016388223844
IGG2798,0.5483414333786447
LVB5412,0.30602703428064276
GJT0245,0.13014885758337005
UKH9382,0.3677786488186392
MSI8579,0.4497562270316364
ZLG0202,0.41794165046325715
JLT3081,0.08042369595540187
QUS9552,0.10006984149014883
YTA1880,0.5146926138022839
CDK2415,0.30273125285841196
GDK7008,0.047562835277375655
XHB5695,0.16388429589442444
CEL0699,0.8099348740452769
EIU7027,0.166542892699375
HTM0146,0.08694012480870557
FZO5757,0.03860887083302543
TDL1068,0.4036809038580009
NIW2607,0.31769033784262957
HEO0125,0.04535915747756904
MEX7417,0.2679436131063989
OEN4472,0.09650278278086813
BRT3771,0.019470391788357258
GUG8607,0.5030486846272023
ZOA7096,0.32906266706584364
SDH8992,0.5297434348124427
JMD0120,0.2231582012766654
BMO6026,0.2745209929094171
ENV4544,0.7515784693385026
JQH9915,0.05429239816125208
GMK2427,0.3475233359298724
FPA0677,0.3866448130347814
ZVL0171,0.48554932606445755
SYC0712,0.7872374850948402
MHD9822,0.4736142352691952
HPD7237,0.6369060093187022
FEL2808,0.6084976851239662
MMC8838,0.06382137200593405
NHK5621,0.06868939641646613
LDO7056,0.21459175224048577
RJU2365,0.5293782398028863
WUT2469,0.018788014261335646
YMA0571,0.11826141416850518
STT6043,0.638629284205293
YGZ8268,0.17271818172548067
TZR7334,0.8709348776789979
KVM0019,0.37332529603921244
KCI1006,0.19744060936358088
RJR2607,0.06332253602512498
DNK7474,0.346306243202653
PMY6529,0.17059315981442474
JAT6175,0.4818773489788398
GRH8210,0.5494393501646078
KFU3441,0.6596020424143724
KVB7435,0.3224731352346155
IYP0080,0.2833171791660198
VBV5453,0.18227217042882113
DUA8888,0.07660267708873365
SKS3637,0.17531877971013782
JJK7748,0.6356923030253454
IWD6431,0.1982459094771203
BZE5384,0.1710846168733221
KFY4089,0.07484943938275941
JBZ4242,0.14063945977072534
JMI3553,0.27222129133560335
VJM1864,0.022822607511864903
SVH8709,0.5763564323995132
SOY3070,0.14520542379501916
TUE3956,0.6878215521732818
XIX5596,0.027404047358864782
CZS7133,0.4608548505186401
FIX2641,0.185527526133997
UXD1841,0.482451159320361
XIX9094,0.17474262944968744
ZVV5799,0.7490936076676652
VBT2621,0.0778061479388721
SGP4291,0.17305738662069617
VWE1468,0.32690022325637447
QUX9721,0.19292481754796142
OYI6805,0.529252150253201
PHQ4045,0.3772540684958746
IRE1258,0.2488431617290907
TQY2059,0.366213720272776
CIN7912,0.2781472723734389
BFT1621,0.10246023238702563
XTV8065,0.6212220897459684
JBN7458,0.0358325538559049
ECA7340,0.38676644272403365
FJV6411,0.12381267280685583
LBI3544,0.21918659192850654
IHF4906,0.5186029014297844
BCF2737,0.5756400751568471
VOX5055,0.2565658718006527
OHX8131,0.6584641664290616
OOJ2242,0.2652901212261454
OYF8344,0.2806892110403063
BDP4806,0.07101278288719193
XHM8420,0.6088017729832157
HAJ9645,0.9000933348366373
PDE8624,0.40506228226718344
NLT2148,0.05915881010200625
UHI7991,0.11379497178651732
FWX8897,0.39936652703490344
OWB7178,0.38028107357339064
REU1247,0.436610372927048
CRO1769,0.43259943739212164
TLD5484,0.16397774777493043
PTV8574,0.39601238993799043
BWS1336,0.11942237141381339
OII8763,0.14687661434389565
LPO1321,0.18488156302615352
NHW7391,0.019729574964891708
JUC7750,0.18651414174693567
CZF4822,0.03915521675608243
KBN3400,0.8908222147159471
SNF1740,0.060436776446499724
DXF7268,0.5685548002082278
EEV9383,0.19544706486312094
WJQ3332,0.18242673262510067
ORN5586,0.2808354589393207
JNZ7774,0.08537969526871411
KGI8277,0.3199154194350741
UQV0433,0.1689928436014129
CDJ1262,0.5644398864027511
ELI3656,0.10888300457492178
CJF9592,0.9820776518860651
IFV9314,0.5463927506090227
VDJ1118,0.3474334188799045
DTA8682,0.9525318041366672
TGJ4666,0.47526195873230787
IZZ3291,0.32415775705380795
ZWT7505,0.08141320163184838
LTK9250,0.12609256518882742
DVP8940,0.24959039141498382
OJP1964,0.04648108267362789
WNA2120,0.18081098842102722
MSO0106,0.1614929215533289
XNB8483,0.12803036731413656
PZM1761,0.09385006897233902
ENW1475,0.35388116711549444
AJL7031,0.5678600670778042
LWS0585,0.36918890954625194
TXW9164,0.34399278924554116
EXD4634,0.5724916555695672
KJW6467,0.5439512352568312
EZD2570,0.13208909954643722
ZJV2396,0.2452554220327194
OFC1459,0.519097158918696
VFR3116,0.6483990160049226
GMO1024,0.7733763245793658
BWM2061,0.13884369030991706
QTD8623,0.6518644292531061
KUM5250,0.029205893460877548
RJI3984,0.14603769088068042
VCS6618,0.30363806407825467
XRI7782,0.3273117318420011
TLU8006,0.13686737367784782
KIP1222,0.4489276855295294
ZYW6392,0.8492302069641714
LQG6833,0.4514985501685592
YZS6822,0.14935037395261647
WYB4183,0.6849522950336769
JTZ2381,0.49752329894725617
WOI6716,0.06974814866215027
CAH3623,0.051878546744817185
DHO8082,0.16285188739253179
WBZ5686,0.07218251653077538
PTJ3034,0.29585335611217317
GOH6841,0.1420408448939091
IFK4684,0.09744280842788519
NUC6904,0.5286073811646228
VGA5416,0.2197547258528841
YLK9460,0.2947108318004103
DQW1972,0.6035653532840433
FTN8264,0.8124531379521956
IGT3880,0.5624558947022078
FUA6770,0.40935935562706477
TLV7456,0.12558402951904604
WWE3484,0.3621934615641042
DTR9952,0.5341352376149229
YNO1665,0.0871458760171336
VGE9961,0.10072067851481163
RUA4176,0.18379113333848537
IKF0037,0.06545945536542337
YRO9974,0.22333739880565504
GWY9006,0.3550261152668034
FVD7466,0.06015586744231102
UHF3142,0.2367364277975709
DEX6242,0.09986194903064359
QXR3196,0.31453010602509984
IYU8091,0.12294740542830049
BCP0378,0.35633868038748906
IKD6628,0.07329106480314768
NEA8008,0.2461606438665045
IFL0400,0.1344970523422936
OWR3438,0.1796200647776099
YTR7954,0.6026030679119924
UAG7922,0.4067686653586156
MWS4567,0.7426977664307071
HYP0579,0.18313259411853652
CWP1122,0.29122776434520253
GRI5844,0.7724954319939382
ZNJ9881,0.4267216763428445
AND9132,0.5819324277668635
OTX1554,0.09560062065806975
JZI9321,0.10563489383657863
LLG6222,0.3560255481542803
MDS9093,0.42512793794348047
QQB0215,0.3845838431667699
QQT6587,0.39485188247831415
LOK7515,0.45374490608947826
GYA7750,0.43439962927949205
MNV7286,0.8279324756337456
YRI8408,0.40784340813732717
TWE1980,0.1372645860001919
ZVU6266,0.02588806302196051
RRG0247,0.6559831046942467
HHD7862,0.19167480917594212
AJE1820,0.4294455197805235
ZDR0733,0.6545285156953337
GGP3321,0.059807950378014285
CTU8248,0.09985327480673416
ETX7860,0.028287729300445336
BYX4709,0.3749759949774255
JER5258,0.27734309772172
ATP7809,0.21809973364840127
OOS9657,0.9337507427789791
YBH8650,0.18617228101409677
VPU2235,0.07476056480768378
AJE0878,0.5375924692992933
VOM0132,0.8243973991172321
XPU7817,0.8340008028811174
MLD9068,0.48168423375313446
GAF5632,0.8237652994976992
KVJ6297,0.4677220259736252
BQD2750,0.29408195827374933
XFK0812,0.006975487331576463
RBI8449,0.6588804028915629
XBJ4755,0.45422234813319323
PUG4486,0.2583659453351746
SOK6661,0.594892208929916
XXR7349,0.6006282702928238
HKP1866,0.3017931226560044
YPM4023,0.9223045057226461
OZL2864,0.8353316679249113
GQA0832,0.27813723145239294
MXU2531,0.5845455225515688
QYY3922,0.10131199937972096
RZJ6026,0.5521962468148293
LCS1493,0.07043405078589886
QJP7869,0.6595218751109178
VJO6966,0.656247546710032
OFL4209,0.213862337450272
PFZ9129,0.12855742103149256
MZR6876,0.8455449182653172
MCV7828,0.18442265664824262
SZN7612,0.18833093142602733
HNX6356,0.14428647113092796
WKH3337,0.3871523499753688
PNI0320,0.43897759273746256
LSK2897,0.1297910533381887
AGY2805,0.30902263337241387
FEB0191,0.6427232224168147
ASI3597,0.2892646685148772
RAW3160,0.2081521545238484
SAL3837,0.1174503417218011
QMO1576,0.10829811499635862
XCJ7065,0.27694100213135425
YKO2034,0.37995997916381963
MYM0707,0.7003010822922712
GOD1525,0.28484676809483184
YGS6472,0.393255608945678
MVR6731,0.2315800591748988
AQY0818,0.3634761377669478
GWL4324,0.3632121692276434
SAL3804,0.24839241306685148
LXN5221,0.27134226790755483
UXM8042,0.0460223482247532
GOH7601,0.11641253373187142
UOH2212,0.6661899538900368
YUH8545,0.7466737801185472
UVO5135,0.2779546136782364
VGV2371,0.03809299874473018
MSD1546,0.17518496383163612
QVY5202,0.5443003711090181
MDH9411,0.3036717163441617
XRP3871,0.01609483867893024
IDL4446,0.1294154773857982
SVT0852,0.24233604804839762
STW1369,0.16263894855131658
KDX8757,0.5435312395775986
OKA2718,0.294852802001896
KGZ0857,0.3198490706314252
HXT1988,0.08472422064457638
PPL4821,0.035113046743136395
ZSA7657,0.8370296968581321
CCD7293,0.060631424081647296
XPP4684,0.040398095791872646
MYE1200,0.16060308288741781
DNA6848,0.03076308812544865
WAX9047,0.05313055266429087
JHL5576,0.537938196903367
HMH5026,0.07855426834471049
EQK7900,0.49150703955574093
THU0418,0.22226772612061158
AAN1264,0.4405450342604145
FGB5363,0.07996887964602319
CTK2833,0.6571562499882649
DVB6982,0.5036615343472673
RNQ9043,0.44039671671528563
PYH6242,0.14067420952429704
NJQ7029,0.4208022983229725
XXQ2266,0.2979256819507127
TWF8468,0.6498409769915767
PBX1659,0.05861776564345581
VYE6525,0.25747667108842204
XGZ7303,0.04561513820776453
JWG0572,0.3878039333842232
GCZ5567,0.07290166279579303
OEK7979,0.16179136203978578
IQR1080,0.36143211673434045
EGP3030,0.11290434064654481
KXD1325,0.6141192446323085
AHW4029,0.34255943678912304
ZDL7831,0.20548290305324318
UUC1303,0.8835930414507973
JHW4195,0.296198625026798
UQA3823,0.3628762552692948
VHB0197,0.23580209737796706
BVR4732,0.1719810158322686
MWL6209,0.002386480560961576
USW0558,0.4065936873017643
PED1745,0.03574642141364106
KZU0103,0.6266124008161883
AKF9929,0.2754212640997377
XHX5246,0.14782069283708418
SFA0308,0.3589435168722309
DVD4120,0.20686744494472623
ESO9920,0.48812160388886655
SRL6640,0.47758193323173903
CUR0551,0.06415339720299269
ZRZ9828,0.9240603955600405
JHZ8593,0.583077417356197
NHF5531,0.1877260637408713
FQR9806,0.6594782480583593
ADB1496,0.11828522900967971
CYJ8609,0.3333221134438629
PBY4400,0.08731874503971862
LKQ7118,0.15005297204803322
PJM6055,0.49877735225485725
CDO6881,0.324590876557943
DRF7884,0.22795077449904447
OLC5061,0.6046673565079999
AKG8619,0.32520524803587186
GES7925,0.22526725759699126
OPE3417,0.051672964127928676
TWP5888,0.2438234436191144
TNJ4880,0.7017747269753334
XYM6908,0.711655174254012
OTV7462,0.2941789180877899
QDM0499,0.5835792073543317
XXX7106,0.09074076472334716
CEY7529,0.09492769954435742
EQG7914,0.0994737145655983
HQH7800,0.8661394040669886
FDK8158,0.5739705043773088
VLN1057,0.3288122500180312
QYX1812,0.14048783719735097
UFM6656,0.17357348889335866
HIF2994,0.5611217884918032
EPT6107,0.3175105928792579
SVH5874,0.42955387010049934
GIO5888,0.36403170944705854
MPK6697,0.6041280562381256
JHJ6002,0.08327271333637172
WQB2834,0.08439401498416951
QKK7312,0.13996131565594278
YJZ3677,0.8269383329476314
MBG7300,0.2677112622201606
NGX9445,0.24655627964864155
QTU8109,0.13668887425810067
OLI7614,0.061909812220561154
FSG4468,0.33814456423903694
RCH3872,0.15400515940405107
YXB5864,0.057236526602970295
HOR7464,0.805990173015973
EIC2487,0.26359968943861656
CCJ3339,0.16249423053990114
RQJ9221,0.35837316983646283
HAO7587,0.7629659389209109
KNM1584,0.04945045644826526
WLN0973,0.34809139267555156
WER8629,0.12297124033917091
SLS0471,0.0676642793474279
RWZ7062,0.5288788448031604
HKX2986,0.24523524705916952
GCY5175,0.07828439618436658
AOT2477,0.07777642180828111
HVO1046,0.13368894727572284
NXH0170,0.184516734840432
GZV4285,0.1496748967693252
XNV7471,0.41129864631348656
BJX4302,0.4029387650972843
VSH5730,0.14838446325200783
FDM7929,0.6163449852262405
PAU3377,0.27610807192701414
PII3257,0.37549993453293645
MMY8958,0.5598855075939129
HSJ5714,0.6266147282527055
WUX6406,0.3439966175343572
YAS4032,0.26287510958434007
QZX6944,0.28755261556384437
SBX6305,0.39164759776282054
DQH0443,0.11647745159989621
QHJ0432,0.3996458176100921
MEZ1886,0.2559169700731369
FFW5346,0.21456020132079417
GCI5754,0.6369814105006837
YWS2631,0.5180465439903835
BJE6322,0.2186518862333597
QOD5952,0.32143730309723584
PVQ0274,0.17394341714794745
RWA7760,0.43949108372099854
LBD4986,0.031787619318947385
INX2297,0.07768770883364594
SWE8062,0.02210863408343094
CDJ6273,0.03158149020772788
UVR3325,0.11449279757333126
AGA7615,0.04788850282286305
QQF6530,0.16348500512785305
VCP5164,0.2222626931722207
IBJ4529,0.14799346228814048
XAP2030,0.01991863684188854
VSZ4334,0.5935845558203737
IDB3510,0.07784331039742494
CVK4116,0.12792053589429445
YRI3393,0.4141960920195801
XWJ4426,0.7344381017109116
CDL2013,0.09245888245363171
YBT2195,0.3157659239212985
XMX7085,0.18805820479096197
TMS4399,0.6728712841919454
VNW3430,0.5107786846718737
FQL9334,0.09323674290823034
BXK1712,0.17761608500218265
KVQ0997,0.11186357601241692
ARP6086,0.3113142568644194
TZA4677,0.8124539426662442
KHL2108,0.18781476795125346
KLH3876,0.19871919466059615
BVO1335,0.22665411474029357
WNP1085,0.5158667738097198
RZU4330,0.11021864910561985
YNC1324,0.4266432154617105
AWY0298,0.5611071367391713
PZK1558,0.3528962607990757
TTN9630,0.11667134716133407
BIL0479,0.34380777732943607
QYA2602,0.14635934444355186
UKK4307,0.20820650852052144
DMS0338,0.28257569902536167
VIP9261,0.19574361100574098
NPL9257,0.2622732998578454
POW4586,0.6041426712647427
KXL7076,0.5050645410417582
PFS5716,0.8757225401711782
AKY4887,0.8355885847910227
QPB1967,0.5441677636110028
KFF3495,0.04425702809458248
ZZF6930,0.35619012507342007
NHW3925,0.2399713627583228
BRN8497,0.22704161745928128
UMJ2226,0.022481790509580456
RNJ1710,0.20747183655313792
LUD5116,0.46357548888197864
OLT2214,0.2288623645492646
XXJ7220,0.056267880028311706
VPE1768,0.10755676593134048
MNR3391,0.454500704153318
JHM0984,0.3386769153091104
FAB0388,0.5319780151792589
OOR0476,0.2824596948309246
IBV7915,0.7130867386428678
YFK1866,0.43504171444158446
ZQD4890,0.20548423433888022
WDC9798,0.21148605540164822
CXG8456,0.10252450433931662
DOO3002,0.4468264085787872
YID2854,0.4055486352980502
SNT8269,0.3763871089796569
AJE5284,0.39450659595173093
GLI3826,0.14771146117628156
MPN9544,0.03707006934144779
ZOL7983,0.8715477671881269
VGJ9459,0.2037047193764763
YGU7937,0.2787736915418849
ZHD4984,0.20825627120991488
TQL5044,0.2206358532883441
GZL6126,0.549405617284838
TED4788,0.26686890993484585
QCB1230,0.5589761903585183
KCU5480,0.1604488153505053
JYA4020,0.7953503919687062
AKI9938,0.32519162204714
CDZ5280,0.13014399001942648
IJS3257,0.7813721086471584
XHU6926,0.2757584037038038
ZQD9442,0.12623649571048756
XSW2306,0.8683130378343283
QMP1263,0.05904532507864376
LLJ3258,0.010991457592814878
GHM9007,0.13499168670908154
LUC5355,0.8765334798976839
JPJ1369,0.27700743372049513
GHV5643,0.44989193861380466
JNX1312,0.4365231972717714
DNQ9370,0.3259623256263386
WXL4780,0.08450787579961154
WCO3839,0.46075433539410043
IDJ9502,0.361769227754592
MWF4845,0.8427423228249492
WIA4859,0.14951736998528534
PYN9857,0.06862490780011304
BBK1144,0.32689063997272855
SWH7163,0.06761359562970108
GMF6824,0.004143753592065319
IVT1624,0.5011096108260435
PYR5155,0.6537022153956993
JAN7670,0.39258053700693457
SUL6082,0.43974376234567764
GQN5525,0.15955686137525535
EPR1251,0.4421528738488865
YVF9131,0.5026418259464526
ETE9042,0.27467813937113567
RTU8397,0.33424533511379667
VQL7165,0.9754211178494452
FHF3153,0.17427382404819708
YEL7480,0.03945605041598412
QNY9983,0.13188035611384513
WLM4602,0.06377027355290851
BHV5209,0.32026224321757973
EXU2651,0.3317689531695134
QMM0719,0.2428474505460922
JCY7195,0.15416648839348132
OMG3714,0.6381939486200359
PLZ7937,0.3180109711556405
UWY1087,0.5656993315130303
KLL3321,0.40640730259715707
FRT0766,0.28304377423755583
AWI8218,0.23128010388363449
VXH3216,0.046980985965559836
USD4961,0.36799501575590493
QDE2276,0.3582990904128294
NQX8981,0.6965493854264447
LXQ3911,0.2869859335266909
JUS0617,0.14802629333110384
VPF0649,0.30870748227035466
OUU9584,0.725883535810367
VCE9304,0.2875414707993371
NZI2126,0.036332884267752996
ZVJ8894,0.45792061457673
EWR8128,0.15859897397168085
GKF7029,0.20269116789952557
FNM7614,0.10602716527468473
FHS8655,0.1977015889825541
KMK7242,0.13385451861669664
AHA8842,0.07402908582609727
CPJ8082,0.11978480369288429
DBC9627,0.3104908389218064
XJW5496,0.5288121663764862
BKG9784,0.34832347354280657
KBD8351,0.35311107659130364
EJG4853,0.11689127943573618
XKA6945,0.15661934695583268
FIS6302,0.0964707895900005
VVC7858,0.24261122565203186
RIF2689,0.3426735437181815
AUG6492,0.7326830185797263
YCU0440,0.18954271184825908
UDC2578,0.30967160774437763
RHJ1529,0.13837904812768165
XFC8473,0.34219357218503116
OOA3990,0.24552841234095132
XFL8207,0.6891698453093253
ICS0547,0.3385381575357429
CSV4897,0.4377567693546756
BWU0006,0.8773803913050062
ZIL6789,0.10145892031476476
ZTL2295,0.23198961934111678
ZIX0088,0.4975481598451642
MEU3717,0.1522699267675976
QEF2532,0.31615362264602154
WNE1300,0.4889746788277118
NOF3605,0.16653689249732948
BYB0853,0.2059667520348942
VLO7141,0.39837830392298706
KMY8105,0.30944528921300646
OPM4779,0.2999411352341342
JZM6435,0.08611647831760512
MHO6099,0.11523851093565614
JOV5051,0.4220812223341356
QJV9526,0.2956203207489872
HKB9998,0.7120733527730705
GML4512,0.10728137920657829
JVN6993,0.2613452472523445
KCA0947,0.7712782894251312
QRG9446,0.10822772987673718
HBG3407,0.2751398101116047
UBA6870,0.13158642773799042
WLC1148,0.24437416331244421
CBV8051,0.5155588180133244
BEY5463,0.3729824791848684
JGV3234,0.7712071068877685
SJB9840,0.5103476057264179
SSN6235,0.034649492016145644
XSM0027,0.28094182037678744
MSN0593,0.4539607109427772
OQC1881,0.18939089027901893
JPY5172,0.037915907565206415
RYW5823,0.5582502056803269
DFC2221,0.2170591618252771
IKP8033,0.42291523696870237
OGM0827,0.22154915287830465
ABG1050,0.7030659597566624
OST4137,0.05105729195251953
IDC7341,0.3538647079951088
XQO3065,0.6082168769425447
GPA9799,0.699751700599709
BJY1570,0.46115148292942704
WTF3459,0.5245955906482105
PTO2678,0.3384339274271249
YTJ0953,0.10542044263837924
TPQ8776,0.49958273875658854
PAU6559,0.059494469454572686
GJP2053,0.3964577675277773
RWP9660,0.08637423539287632
ZSD6924,0.05341046252664876
CVN9903,0.0685764963178438
JZH4481,0.34926609265408715
TVO6484,0.6540891068880073
DSW4641,0.44747330718214046
DTC6376,0.17861097772847753
NEQ1445,0.4280293537151005
MGN0204,0.02076978561486482
LFJ2299,0.312443063320013
MBZ9428,0.20776204287536942
ERK3686,0.03877463037907337
DMU6787,0.17008655124856215
MNZ9630,0.7722144665828405
PLD3289,0.2085108974146713
PYZ0091,0.5136811119492405
QYG2595,0.008953845049623547
AFI1911,0.08180869835224783
IUT6554,0.5513803640023045
IID4833,0.5360690004010096
YUM6195,0.009327014898215979
IDK5493,0.17823249899745122
RMZ3418,0.21432036983730687
YOF1202,0.09558909874691485
OBH7504,0.2906047319762543
PBG3271,0.38578888035694353
GYN7033,0.3725528421461475
BRJ6883,0.5112152678268085
QBO3877,0.4549851634733677
YXZ9927,0.4006656933096735
OLD0052,0.35465108536375656
CNX1986,0.2527113368843372
JZH5443,0.1183645844736356
DYM5551,0.17817755683873057
NUK9864,0.2881648640512719
SYM9711,0.6981893333429421
TOD4932,0.35054456095157877
BTU0301,0.4180824341075416
AJA9066,0.38565880399325925
FPN7604,0.0472320213524468
IWK5748,0.41839654152400757
OSA5438,0.5707809198156993
IXV7393,0.07131180929560176
FLI2208,0.22332524734074144
WED7235,0.04988315035393385
XBF6820,0.1760531303700299
GTI2773,0.10784285745920985
ETD1365,0.597897812632872
YBJ4724,0.3433607812757423
TPO5722,0.44454530379987467
SSW1446,0.10359012956806457
AGB9743,0.2660542856875504
TUX4026,0.37020733905974396
LFH5084,0.646220410910924
MJA0420,0.37097453430555083
OUC5158,0.20427479589387781
QBM6980,0.014689456149126466
MUP4364,0.4967743589008007
LXS8907,0.061233714057289015
TFL1336,0.41140805262908353
DAW9391,0.18027839219817035
ISS1895,0.0614336794124468
MCB6789,0.2410819614316373
OXE0035,0.08248204811812769
SPM4129,0.3596455914242146
TFN9819,0.5543561296340392
ZMC3441,0.12403159474364203
VEH5136,0.01878222629000273
HEO2144,0.26968264578405055
TRB9176,0.22043248550551858
FGJ1745,0.07219368887820081
XTX2547,0.3023533097715631
ICV6713,0.08675771720588563
CED7966,0.34247804151728
SDI9954,0.1571770839335838
VLF4370,0.8435770685320799
YBI1526,0.21811036716460627
AKD9529,0.8069221061067353
ZIY2949,0.03912526648017547
SHG0969,0.6121085219982592
ASJ3263,0.13983084423580577
LEB5194,0.6001243992737884
BJV3212,0.4284460743805016
VHW3643,0.02193066867292035
AIC2509,0.7324734186575861
JOD0140,0.4409979461080415
AFU6285,0.6871403758006758
BPX1480,0.1513821129376462
FOQ9360,0.4128261373456548
QRV6768,0.9644236647741535
JIO8124,0.5448152270278348
VBG8435,0.37816990306821374
UJK1395,0.5494583203033073
FYB9461,0.3157466662189876
LDQ2649,0.2647869172765897
IBD7077,0.6720417770462085
KRB5307,0.7022355003020683
YMM3305,0.14344924438433812
UPX2572,0.24178426173779394
JQH9365,0.356718940327301
MLW7872,0.4746751236110642
FMW5804,0.24188322402880552
PEG3670,0.15726810741880295
HPV6445,0.08401818482638786
DJJ0601,0.13582582033788157
NCD6920,0.8243268112826904
LHV4605,0.07832948141396026
ZQK5110,0.21800919320779125
GXJ3881,0.08413851295538892
ESS5640,0.594198112123785
TMB8649,0.21125074569732175
PIM2851,0.009488521655833516
AAY0842,0.39238495301296794
CKF3096,0.3250453312723509
FGV1618,0.4257752555581884
PVS5967,0.0832107361496995
LIM3859,0.12892302402648345
RMR1331,0.08922828221404903
BEB3268,0.03193844313166526
IDY9946,0.18506268010682503
ETR4969,0.4583411083913342
PWY8113,0.41432443536013536
WPT5799,0.23118495998637312
SMT5693,0.6915990779218644
MVK3353,0.13371463143352835
PUW5873,0.19346375245382993
NDR3956,0.19082851409319856
NTO7966,0.6156112429959025
TEB7405,0.4785893895335452
GTO9790,0.5139461378047218
KBB5390,0.3121692239476051
JTS4195,0.7514184407744043
FKZ6121,0.12888235015560803
ZYU0285,0.300114372040534
MYZ6375,0.3033233431544081
YYM4394,0.8392702977525441
MOT2487,0.15108647814412624
EEA6474,0.04123145903054879
UTP6684,0.4854424667442689
KYP4853,0.11447080733953784
EMM0394,0.14769336648268203
ZAQ4179,0.03343785811955335
RFJ5349,0.29067508304294976
HRK0701,0.19443624166996853
KSR8026,0.18310549386182623
RYZ8152,0.48689087424044775
GLA5774,0.3031358878431961
CXM6380,0.5646043892235416
VKS1935,0.1477106419418105
OLY4676,0.1666422626564636
CJU5534,0.2633398733752643
MSE9863,0.37862107996051453
OZM6965,0.38995160048373245
GVX1518,0.25450913363905836
NWR9800,0.192376866370843
GKG9293,0.11929775201414514
SOI0594,0.4568118978568439
UAK9715,0.47072702229475055
HNS4860,0.5055934457883131
QQE1863,0.735084925773786
AOM1139,0.8807648576507768
JND5222,0.13632406035607408
DUR7694,0.01576504626147248
BYJ7605,0.44755259166651823
SCA1279,0.11989120999713464
KIR1085,0.30755125253513504
WYD6141,0.059979204146174636
BGT0275,0.31612390661914264
MMI2820,0.5090479630453234
BWL9777,0.24289067425067334
KSS8555,0.3227711606723491
FRH0417,0.4707084286564109
CGN9405,0.030409564614162013
UKT3236,0.35560002702644583
OTX7862,0.17481649653331563
BSI6803,0.09368154784556372
TTQ0940,0.1304199435223819
TWS2621,0.24743180284373292
LUR7303,0.26064492339691997
YBG1625,0.6913243260129648
FSQ3432,0.2919625597009709
JTK0613,0.34469405245588175
WYK3449,0.41202154749310244
ULH3218,0.16850916220006434
JVK5990,0.061117343487550525
FIQ0497,0.7608995892807912
TGB7149,0.1126137777624462
XAU7965,0.32830313584132464
CJF9080,0.19276884141542708
REX3620,0.8915418119247791
DXQ8472,0.5053289293594434
AMP5118,0.6811473729401033
PHN1758,0.20382878269200863
QLB7997,0.09249669513952682
FTG6947,0.5024267222010756
RBO9223,0.515366055737955
VVN4722,0.4065578148408178
BMR4527,0.024264213343597494
IJY3353,0.24453294349142926
JSU1713,0.23665038118998868
EWB8475,0.010898389207635023
LWK5584,0.057117187275493045
VCX4463,0.3405822296139719
YOL2804,0.047918086803070234
KAF4464,0.26890694558059436
FIL5551,0.3512202228750925
KTQ5309,0.30327481616655333
UPX7124,0.5604861262294176
JRC4352,0.16319218851333545
UNY7553,0.3780570800534161
MKJ0164,0.7400307687000652
UZD1931,0.7140900735414485
CKO1213,0.1595306763486097
KED8188,0.2391033567076623
ALF8356,0.28780076871653815
USK3232,0.09009585615381434
DNZ7924,0.06966298146582624
NUK2552,0.2285719935318178
TWW3741,0.16635772585251546
UHY2725,0.2733129273587279
SXG3103,0.30629235080709455
KZD5913,0.4281668894464185
LFR3187,0.28886806454547576
EKV5193,0.4067182781844364
YAO3141,0.3223452525289692
GOC0400,0.5408082272657604
MVX8740,0.4429401492670146
ZVL7167,0.7668756388867282
QCL5689,0.29873483327735934
DAM1172,0.4352740627955747
ASK9555,0.16341982309761394
NPL3337,0.13228867442116715
FMY3806,0.24004194819206742
UST2624,0.2826425440877458
HCS9376,0.3907210965216759
WTW2307,0.13873314552963778
SDE7885,0.4491679460981092
IAN7977,0.33944210738267905
QEC1993,0.18112559452367882
QJP1557,0.010474354289427409
IUI7963,0.1462193719055594
SDI6665,0.5881133992428554
KFV4209,0.5914235114647484
HWF9009,0.7238821370444226
KKV9741,0.3100210419593149
YNH0185,0.7947862904270162
PZK4366,0.019650316794624083
UWS5455,0.20533821598817692
TRP3743,0.06396111928056447
DFO2095,0.24771624358119707
JOF5772,0.7242507733996295
ETC9215,0.5556299785695729
ZEH6132,0.38424165264319865
NAS2706,0.23405123534451908
TPZ3230,0.557645271638475
WCB9042,0.06968254398242633
QIO7021,0.42348122913329833
IZV1149,0.05129899009777592
CFQ8562,0.49569614006439433
VSS7607,0.1740324668400197
CJJ9855,0.037514046353667174
YTY4845,0.36997296833381804
TWC7330,0.5894993977253449
EIB8160,0.2196064051011897
HFY9382,0.03461259010652199
IEE5503,0.4204002592139521
ROO8981,0.2814264124404819
AOG8492,0.1472682166820341
VOU8833,0.5899928772914994
MSB7854,0.24240559573281464
YVF6589,0.08510991827097328
RQX6209,0.5931437850429705
WZD1341,0.12607991879922084
RXG3147,0.051406892999951936
SYN3470,0.1614444360230743
DWN2532,0.8644732814071734
ASF5513,0.15776851402399533
WHS9360,0.3644694581015403
JLP5589,0.255743727266691
OKS5692,0.564773202815217
HNV6246,0.26894965137171245
HKL0910,0.18095435652795547
BOX2370,0.5278374604614056
AKE0444,0.17744201035955318
MHG0604,0.2965232969412247
MFQ3423,0.638188919724967
LFK3506,0.6554832578758125
HCF4579,0.805032807008872
VWC7373,0.4087918531503528
BIV6976,0.47113298974445134
NTS1702,0.15298403140057745
ZCC5163,0.23132322399449265
OGB6889,0.06106652162429847
PHW9074,0.04718781496028739
CET0786,0.3646641893878107
VEC9508,0.1997331800285185
XKS1665,0.3681490666361604
FUG9600,0.3953965538859384
KNU8936,0.4515804956936368
SHC1204,0.1977440443928777
ZPX2229,0.27584228365785896
GCT2462,0.31754540615875537
AYZ7183,0.5439213867945156
BLE2265,0.2167670658572789
BTF8456,0.41782719008338043
QRG3891,0.2456850030684863
ZEN0526,0.07841226218208174
DIU4140,0.1039872989266517
EIK8980,0.36019588301510025
KSS0055,0.5119200179351615
AZV1285,0.10319332803798359
RLG9209,0.052180766539001965
LVW1887,0.8149199677882695
TAS0098,0.5484799937131729
QKQ5346,0.3061356326637827
LFI6971,0.05093008251631407
BQX0824,0.1278201649110775
XML9945,0.4094789078919138
ZXZ5078,0.4368116360224707
IXF4211,0.4292340631979498
KND6746,0.7476825352529313
QQS3620,0.3560980625651396
LVI9628,0.06483245922233385
DUI7864,0.7067163049318871
JUE4551,0.4314060611011902
ZPL2300,0.04581185658801421
YEL7564,0.06303941937427489
UGU2507,0.1152601509794171
ZOI8056,0.32696736231777274
QEA8664,0.3901969757694019
QUI8924,0.05041118691333376
OQL3155,0.4385334141612918
ZAL5931,0.020393689259453028
IKV4421,0.25961930444435366
FZA4018,0.23661348920326064
KCO2495,0.06340131519420512
SVS5231,0.29960211253087826
SAW7527,0.7166755873884082
OGM2631,0.35682866683622344
CVB7805,0.17765829638909014
RLF5135,0.2522723115356771
NFE1191,0.3172172807283181
XZF7825,0.2421477822800095
ENJ1626,0.501315892392798
EEF0190,0.2250823616886036
PTB5659,0.5316472523148247
KTA0598,0.2538911565660214
OPH7503,0.47166500714655135
PFB6052,0.3147987163823206
PQP6676,0.09180529273735843
LQY6462,0.36600152188589063
QST8666,0.41345295950742716
KWV7849,0.3830498516006097
RWP7421,0.23690425306614657
LJM4775,0.3890646869355294
BKO8359,0.24565977724245394
LHH7349,0.051406066337499404
HHY5540,0.5539902817559161
VRG5107,0.3258001206016105
GTY8915,0.13910118404594837
BKP2297,0.26330326418317684
FVO5750,0.55635492641735
ECD8980,0.35071668250117827
AEA8744,0.3153531513992884
DFA1094,0.2665274478243585
VNG4659,0.2787269477758207
BYJ7960,0.5497850420586975
AUX9209,0.23731762210865182
YKV9464,0.20614346121863777
ENV2990,0.155796847936496
UDP3564,0.25550251343231073
LXG1340,0.33169701223961706
WRR3525,0.8979662494367413
ZRR0628,0.09078657317367791
NOI6763,0.4802056443843478
DKT5697,0.6072426376638901
OQW8246,0.15110277906288466
EJC9467,0.5756148532641155
EZC0491,0.09337495803435515
QAJ7649,0.4361750905461732
RNR0652,0.4953287058782148
WTF2571,0.869103539989722
MVZ9434,0.1374051421889957
OJG7664,0.21716709689321853
TTH3651,0.3205573513823566
YBB8917,0.41158103665495116
PSI3002,0.6092584543007614
QFC5037,0.26620034462528275
ALZ0191,0.20899204370019442
HZI4473,0.2089377509684083
RFD1285,0.7725716266880577
BFH0789,0.12384191527977431
JZX9489,0.08390223492024765
DGS2614,0.09991015484615666
VYZ9856,0.14362853089795746
EZM2512,0.33669024458729274
DNH8453,0.15326033923597424
ZQR1786,0.030936768532691263
EUN7100,0.6749972707140413
FDH8985,0.2678260990821207
UKU6956,0.624773201311977
WCW2836,0.04078539441484306
ENW5898,0.1427351527277566
OSP4369,0.5701827939969353
PGT1337,0.04960603950015736
LEG8297,0.8082303520430906
CEP8192,0.7726626979636528
VJO5168,0.21510897235422607
QBW2877,0.07492618812221082
VIQ7083,0.139706508845163
OQI5447,0.3370036455453236
UTM9935,0.04805756280758552
AGY4559,0.039153372901520156
JOR6780,0.29326963408868234
MPW8036,0.17396533354255767
EBS9206,0.3974653678712146
WZH8778,0.22261364509456458
SDT4780,0.0948816934273444
XEB8025,0.11173491392424746
VLP0594,0.25322461110517674
FGX8087,0.08830153316588235
NZH6934,0.647028062030076
YME8412,0.2866298398382582
RWK9524,0.11691148932256196
RPP9214,0.4782229201738063
WBK6963,0.2817802095271481
DIG5398,0.22924563618251556
RXB4565,0.16272805825914385
HHK7103,0.23137822882202086
BXO5829,0.09326443690172136
TGW1447,0.2093071862919612
SCG9633,0.16888774898189224
YRH2661,0.6845562804174811
BWM0677,0.6118451892796605
XMI9842,0.5491123662789326
JYV4622,0.3019318386244073
FSJ5438,0.023502038303824607
ZPZ2675,0.08624857910705624
FCT5311,0.48037225441824744
DLU3504,0.4281735208839963
ESU2238,0.9499434403491397
HEY5668,0.8478240541589858
UNN4464,0.23789240075415247
HSF2545,0.10189118969269603
JIA5527,0.057818535157443805
ZDA5112,0.6749689646195409
HPI8130,0.28742775503951384
JER8240,0.8401557212515182
TAI6687,0.2901610350714995
GHY9750,0.47514933871948734
ZMJ3632,0.1874477877457367
LNL3875,0.46483977780063057
KBN0133,0.5488880278146849
REV6314,0.1529003034192563
BJK1459,0.28594913053540366
MSF4854,0.13493680763109325
FWV0487,0.37439156672137375
RGY6197,0.5631920902511807
TSD3692,0.6388709244010641
TVS6288,0.2686878053953613
CZV6542,0.4616520639863459
NFW8789,0.5046505933951015
EEE8038,0.6906592810005813
BKX6172,0.10945352014232168
FUG8771,0.3234370930560822
GHN3574,0.1302332427148181
YSQ3489,0.3984200339028312
ARP2492,0.08908501080906629
QHT8444,0.6173308554286346
CVN0729,0.07291695857004772
EJS1772,0.4652802088181176
SUZ0883,0.13433729171834563
ZVY2197,0.5250117774592168
QDD5758,0.14240781514423934
TKX2350,0.8380675141867744
HRP1387,0.3334806234097165
MWU5491,0.19023955024581046
VBM5950,0.3382560947316647
GFK1650,0.11001063910490193
BYX3935,0.5972345885905589
SNN8579,0.24749611723225626
UTG6923,0.1948269398882017
XSZ7452,0.7249143242850496
WDB2677,0.7546258025008571
GEW6229,0.30014167376084083
BCF2024,0.1724305835626491
PDL4276,0.21164929341836702
CBG3780,0.8268384995902516
JBX0021,0.3978877427977231
PUC3281,0.05361567073635865
FSE5481,0.14790837141182095
XZU8058,0.5125097179172716
SNX2482,0.22124147372724365
JBY1932,0.17340133536127444
FCF7662,0.07561802425256953
CYF9743,0.18035691829715045
IXO6328,0.5558143937067487
BQJ7708,0.14477324584464446
OTJ3739,0.06192920816703294
HWN7895,0.2442763273708483
GRH0857,0.17486088828426882
BLB3672,0.38980669526792516
UJL9519,0.018067352430095367
TWS2222,0.1693082252955499
JMM6461,0.2215576748081014
MIW9885,0.014120305125194257
GJD6146,0.26611110766743473
GKG8118,0.021202202119284856
WLE0388,0.11931376322579242
MNS8646,0.7173792891350094
GRN3294,0.5736117719325199
JUU9607,0.10572163470680988
HJP7251,0.12257519920364476
ZIW6118,0.02314822628300657
ZXD5535,0.7457310130851528
QKA6528,0.33270356621180275
LTG9775,0.04103731992694513
PSG8261,0.18421576164727155
CFT0700,0.2091755483137354
MAQ6578,0.4340690500008458
JBJ6918,0.42925166821999455
LUR6716,0.34940609074060724
LEO9229,0.7793554442910048
UWO2302,0.46319853687235907
RPZ9969,0.3439019076297568
DSD9781,0.12834914224103583
PNR9550,0.22724187369784998
VTS9332,0.14431133586412545
PLR7625,0.45807694804167254
ODC6962,0.6165819825747674
VHS8337,0.15812609408670625
WLL4766,0.4176860971886084
OLC7159,0.19985123635211363
VEQ2672,0.6632958555670466
TAM0554,0.9183583072725287
FKW9070,0.5354782594460223
DPV4648,0.5606746335057281
BWW9888,0.48494458411969166
NAY4318,0.24869792464341467
CZS0804,0.1717995809856293
UZF5143,0.07661075056374826
JLH3600,0.10725136508897468
KGX5457,0.13199455139140526
GSP7505,0.28111017445839676
YZX4763,0.36459716479778653
XTX1712,0.5753440069988934
VDI9052,0.5610421888842947
JCG6240,0.6798291097338759
HNT1528,0.126144940342918
IUV0877,0.8440700342634352
JUB7317,0.06969792857607107
MQY3342,0.1555031602988535
JUR7255,0.17875658254401167
YDH5194,0.08569844920327264
VRQ0437,0.5333137175686627
YXH2028,0.1817029489174714
SHA1662,0.3418600443764539
PDT1117,0.3320716379728632
HCW0199,0.1956950956486061
PJX7205,0.5528822401741422
BZH4836,0.26836593653148505
ASG5674,0.4096482359391803
HVV8464,0.4751940206883462
YSA1245,0.139900624924679
SBV7190,0.5312036638619339
RTA4987,0.7566353548498969
SXY9677,0.961477760243302
ROO4595,0.5219507700597689
ALO9044,0.030155988039671334
ZPB9438,0.23877160065258468
FMM1892,0.10581687045847878
LDJ7958,0.051741354554939216
BYN6337,0.3791727730828681
YZY1243,0.3380313022231579
FXS0153,0.037777834753059285
DWV3734,0.2930387215475784
ZFU7858,0.0978495469614589
TZR4919,0.1379756276391201
TYW1214,0.46449353548118283
NUL8756,0.14518505604422421
GHL9084,0.034079404273827954
UGS2885,0.1813164806171436
HCZ7735,0.05944329306100078
VZR1727,0.22633459882673052
JAR8765,0.22178875156511013
BAB6072,0.6638905180016211
JHA7215,0.40540280078956714
XCF6915,0.09254785489272857
CXI7076,0.5079270027569338
CGV3552,0.670764046824467
TPY0173,0.2735041561590412
XIC4153,0.1246791740927597
ZYQ3231,0.023394542356892544
IGW8709,0.09533275273681993
SXW9627,0.8936084880913315
ODC3755,0.2588003501260769
PMG5727,0.7210195086136627
XZY3938,0.26339032266463863
MIN4748,0.1600869603143855
EVC7553,0.13430438696219504
IKT6186,0.36368487243165387
KDD5931,0.47231292040972617
WDW3223,0.07167426513728067
WSB0329,0.156089778644265
EKZ7043,0.3150591413626818
QLE5254,0.1886421998973544
OCD4049,0.43331301921530213
YCL7418,0.19820610979098519
WNS4421,0.09133040903663033
NYZ4365,0.3971126132723583
WMV4422,0.15535145719234067
AKT0958,0.4570038637800373
GVA3060,0.8383153103540352
PTL6582,0.45130131497929404
BTB1426,0.42855962077479576
TMX3858,0.3528407465868965
HVS8035,0.32020013291424154
ZJD0061,0.27163765152763825
TXO8401,0.02084419589545662
HQT0893,0.09155008467977087
NNV5095,0.32134920365753894
UAR9616,0.03486042986929882
LYX6274,0.19487174011326655
WTU3373,0.07645656539562981
LRR1839,0.38799492177133754
QXY9142,0.2760910444285184
CCA1626,0.2561120347212468
QUC1235,0.2270304821911441
HPR2520,0.19948362645544604
PNJ7376,0.2728618980908663
VQK3788,0.7801657014136782
EJA1949,0.15372044428098672
GOQ2092,0.1620282811195469
TBB5324,0.05819076957960969
OVD9013,0.38591608701240576
KNF0091,0.1506800010313951
GCU0368,0.20174633038237766
ZNJ5257,0.3558417656702221
TRR7591,0.11022716588002815
AQC3776,0.060163903032686414
BDK1364,0.7966074145799419
XDY3049,0.489870403331044
QLQ5347,0.24702819128752526
KLG3169,0.505188909862712
RVT7833,0.0492899347156963
JMF6722,0.023211166182425365
LHH9992,0.5353483810010506
NXQ6998,0.07344394043858955
TGY4950,0.32538969316500393
HFI0890,0.7946018670456453
DJQ2888,0.4722924939601303
KJP8382,0.49899510583354295
ZRS5857,0.1300528186998652
QWK4295,0.2762368230053066
GIR9283,0.6611160319582654
OTO3264,0.6139414520404257
RIF4368,0.21136817328129262
NOD6688,0.07597128785049928
WFI8419,0.13326266813020854
PDG4790,0.3527530183478765
LHX4004,0.004237398552073985
KWB6083,0.40254436334757804
STT4648,0.6946877671051765
CQI0027,0.260387512270087
VBL3943,0.5697280330811084
VEI0635,0.4382528448094121
SGZ0280,0.43151325661015333
PCJ9550,0.6638097869582431
KBK0047,0.13413375801547572
GWR5964,0.12360204937214431
VKQ5613,0.30433086146276106
KKR6240,0.19309248561590078
SLF2772,0.6115068709995266
LTV5899,0.7514607241323035
EKG3566,0.46033728261782003
ACK7993,0.6911010078336944
YPZ4897,0.5457104310924131
SUD7001,0.1625459676854602
VEL3281,0.3530329634766334
ZGJ2684,0.13995393028169315
MBU1497,0.13422682710994188
AAD2883,0.5918937697827373
RMG3845,0.10853780734493108
RPO5835,0.14864598788559538
QVB0036,0.12382513773211105
SEL8588,0.24264611354260676
VND3841,0.6035921280216647
EFO4204,0.1116038045182787
PXR2287,0.06898354831374173
RIR0031,0.25967324795906205
TDB3761,0.7021400626312722
MBI8114,0.41517369140513705
HVJ0153,0.09172286601200698
ZKR1383,0.6117713062061474
YEF3573,0.22531713135846393
KEI0652,0.21207571006743794
AIZ0672,0.634597651767362
CXX4478,0.7719549304222073
PDQ3506,0.255672735964394
HWS3142,0.20865922620671074
LIK1297,0.12962442883744937
JEK4889,0.1537830636871815
BYO6149,0.2482959733000574
FJZ2480,0.08332719745159975
RTM6715,0.3855000629273549
MUN8863,0.23822640387193214
VGK9172,0.2748616027829578
LHA2788,0.45993990779248023
MID4291,0.09244111364056931
YCK5781,0.376943949671615
KLV7473,0.6933019866781733
QIL9125,0.311787403005862
JMG2326,0.07882862625728049
CCL8625,0.4983105887899361
RJL8493,0.49522921153943056
ONI5068,0.44435651067976417
JPQ4370,0.05160819810171797
GMB3883,0.24527923698253076
XNS8441,0.6278683974813672
WSK2123,0.22656532301383575
XUR0775,0.10219216606346271
MGS1115,0.12855602062867091
WKK0836,0.5692109951404494
VVP6146,0.24584689420583578
PRC9059,0.47743908431588566
PIW5229,0.5747298355105273
XLN7604,0.24135161138022057
IBW8943,0.8503025329542145
NYY1117,0.0779279330907267
CPN4737,0.4466828882563165
RKL6112,0.7526118618049374
JPW0197,0.10722374059361713
KVR8225,0.3101447367233114
XAH2559,0.20703186849194685
HAT9042,0.11784771914885254
OTL7926,0.4359464594502476
RGB6079,0.3482098101152208
XNQ6646,0.595724206934408
DCQ4942,0.19394028131622018
VUH5569,0.043173816669078276
DQW9614,0.22558550326289792
LFA5298,0.5032481926417196
KUE8098,0.04548946623814913
WNQ4841,0.11214077560069816
RRH4963,0.5572819727056473
XTN9896,0.34245961749410675
YOU8712,0.5138852979114341
QNO1150,0.1435310552319064
BHL4463,0.12062303284847667
AZV1070,0.03828416945846914
CDX5736,0.08279688286021002
KZL1871,0.7679944797659063
WIN6633,0.6000760281089411
KFX7900,0.2379914696614306
MOB0956,0.275881465828256
NOF9696,0.16487011497772316
VKN4884,0.5426710287216687
GZJ3947,0.30930679189215904
ZQB3405,0.2241763935710583
NKN4451,0.5864913355031197
IRN8112,0.20957164749871499
FWE5356,0.187404517140975
MJZ7503,0.5022490128731769
OCP4395,0.4395449282392655
CDU5606,0.08095789731062177
WZN6022,0.23557832145350532
WNF3197,0.18832052796501333
GLO3781,0.29055062353094696
UXD5028,0.031908208932347
AYM9437,0.08971105195273237
FWG2787,0.02253815647104221
TUS9307,0.15991372378529176
WUL2593,0.6441994070416276
EGT7010,0.3719374777305738
IUW8494,0.2089387460517292
MRO5204,0.32832061418032893
IWR1856,0.10283756995264205
YYX2774,0.1972562327649045
YEZ3269,0.5476462658213342
YME8681,0.10150858180834861
NGQ6258,0.08744889189396936
EXF5432,0.7242344407635378
XTL1593,0.5484515140674903
AQA5089,0.07609976251373587
MVS2339,0.452126891651464
CWV2589,0.4586597431412487
NBO1176,0.4667807499879562
KMN5510,0.4166647681670924
UMU2928,0.08570408390095202
LMH1320,0.08560860685788621
PGU3527,0.3269252093760937
NWK6000,0.22876108623200755
RUR4149,0.6579141536375054
MWZ0284,0.2366482199451557
IGY3677,0.42895092966141174
KGJ9267,0.761674344456353
TMK6440,0.40496123908105286
UNJ6623,0.10353952672198258
SRG6618,0.046059636313563405
GSJ0468,0.050502388275233054
CXP7063,0.59750904173893
PVR1377,0.37107506401279905
HTO1755,0.12031295715149364
AMS9709,0.43864755211516065
FQT0432,0.1465875418111718
GRA7225,0.06852142653201516
QOW7293,0.2235619602013808
USF2198,0.10929355600663455
NIW9339,0.15207026611668614
FRG4201,0.14185058330708952
FGI4742,0.49368001029356184
JFG5680,0.5607114378802731
QYN4491,0.07398288683819201
NZW6090,0.43554470386460725
SJP2560,0.5291538555814619
ZYK6879,0.19924482850369
YMM2910,0.11633607107955198
TTO1527,0.1949040665131075
EML0665,0.42418188345861224
DPQ4018,0.2793494694353027
SSV8285,0.07376184170792649
VID4694,0.3721876315164783
BZA2279,0.380621665985316
KNO1025,0.13984672980184845
YKT7191,0.23496481699874058
ZJC9138,0.5610767560232565
ZOK9565,0.009439134709627579
GVR4749,0.37107077301622277
FXF4569,0.36251950431629193
CAP8569,0.14338713459732685
XFP8700,0.7457041552198601
SVX6880,0.4791501218114986
NNK0785,0.14816655644345259
UIR4154,0.047166420789023326
YGN9330,0.10674851848445255
EBR3020,0.44450238269276077
HCE5651,0.15543727465261042
NQC5999,0.20960605061912574
XGY8160,0.3713731047443574
UWL1133,0.28269461151438174
YKI3142,0.31234118782660447
UCB3986,0.2296720461261244
SYL2415,0.06926185806429948
IPW2222,0.5669116087807453
EVC3607,0.11428350592815227
KOV4171,0.028788948447153545
XMW0193,0.060410977678341075
YMH3925,0.18296043424204786
OZW7701,0.34616232388388946
QNF9556,0.11845528834737047
OTV9414,0.44364567719392667
MAR4449,0.6454053513197824
NFJ2056,0.40551779751304834
HCU1891,0.6216141573423984
HGO4994,0.4233294800056389
ODO6798,0.09268269414323276
PXX9750,0.5992121084441445
SCN3025,0.2697989355873932
VMM9927,0.12048399456528763
TBG8314,0.9203913853432264
URC1145,0.23999793117854754
CSW3521,0.5548792015964025
JBG5644,0.4498225590853132
KXG4715,0.14702628777083426
CXQ0417,0.30166341624312415
GXD8597,0.20379429339015265
QXU3204,0.16296224000839324
KQF6775,0.4813296724858112
MGJ6981,0.015378524890657786
IQW5637,0.08748478040422684
ZXH8766,0.3853332910018394
XEI8670,0.03698091568719824
CFU7715,0.15164581261338925
INK5005,0.15147375435781898
YRM0155,0.31359817674181395
VPD2395,0.6785026097519901
DCE8682,0.2090017253343132
UCG4005,0.1676017646106722
ZSI8588,0.5528298980467703
MYM1218,0.29570905081510857
MDF8209,0.08086434464829853
EMG5177,0.1557883488251392
YXP1936,0.2443084875931092
IFQ4336,0.17454423693120874
RHK5615,0.2932833774287029
SBA4095,0.09617836231726769
VJA0906,0.36886123783114094
FCB2951,0.5823416674996952
DBT2207,0.11279598740323764
DZT2636,0.11213468076650414
TYD3220,0.1492882847588524
VYM7787,0.19274193439104823
REK7574,0.11171886918790064
WXF7530,0.5997857637936971
QQQ8118,0.08660937737947612
HTU2108,0.45499293164959204
NFJ5599,0.2818390057049564
DBL7406,0.23365486943492458
VID4590,0.242128750406145
UAJ4265,0.07235103370316058
EMK4872,0.2853120485969868
DLC4330,0.5911019007790349
WOP5017,0.7683685368464939
FJM0195,0.18303048492179383
LZH5232,0.6624881563079508
CBX1499,0.1790399267890065
PBI8593,0.1630501558202072
QRE2315,0.3045963439483134
FWO2121,0.03940540767596346
MCH7129,0.3116639804416688
JCD3244,0.2669614475465162
GEY2384,0.22988919127769805
EOT0800,0.89932894073735
CAG1966,0.1281954031905023
XOQ8267,0.2031180958192206
HAO2179,0.2699759664355704
YFE2987,0.14787106996662297
AQH4113,0.18667781011623993
VPC7784,0.42027257368503884
GAE4033,0.14597046967489927
HFH2832,0.283121273026417
YNA4748,0.4222038961797098
GPY3239,0.32921470917887896
DUK5098,0.8850429940427262
EVD5179,0.4597119348474001
ETP8404,0.12414165309428586
DDH5472,0.11018989718739514
FRJ7037,0.7506009416166527
ZZN5264,0.7083590201638235
AIL3984,0.45913776212629687
KXO1895,0.4819975507556912
PMS6371,0.451730817896511
GYC2314,0.7211233821682024
TDB8324,0.0739808606182021
OOS2267,0.27761992686337095
NFA0143,0.4353545317636397
ELV9312,0.15949462177463553
MPB1578,0.13767252236553296
LQI3770,0.23304301160903818
SGE1895,0.10639860925266235
IJL5437,0.22283134835704613
THL4535,0.2352433096564351
ZKV1212,0.00874457504808557
NZM6805,0.854869329757737
HEB0012,0.7777664107304669
CVY6425,0.16721601287694987
OHO3705,0.1280839716524207
QYL9334,0.30261995375144685
VOQ2687,0.2705975895371944
ZPM3046,0.09271238691957522
TXO7147,0.04636797891088555
BFO2223,0.02286426605135136
MYJ9670,0.21706580641033027
NDD5717,0.41150598169867303
KDA4285,0.10597505791726905
XYI8525,0.16057684877604173
YCG2282,0.10559171900302894
ETL2773,0.005309067522393332
FOH2598,0.19015186617338226
IDO4690,0.12374261056090989
MNG5618,0.26685829129067135
ELJ8701,0.15059571637580457
OGH1319,0.8707538015896543
KYT6714,0.20813438675370374
MHT6742,0.029734250443168957
TKN3033,0.3722816174813225
ABS7187,0.42547903559046707
TVE4444,0.3469122343281968
JKT2068,0.25451268149400813
XZH2442,0.13959302634477755
QLD6078,0.047018217067110304
LJE3409,0.35232228791233233
LIS1441,0.6974228242861417
NHP4867,0.46507746150620544
KPN5066,0.28110194126930854
ICU0848,0.20542524048097463
LBR0080,0.33443456022699286
CIV5777,0.12278635492875185
CCS0209,0.23934059508306574
UUT0371,0.39265841927203793
WML3891,0.24103661150411712
ASJ1462,0.07953501915274225
PUO0647,0.16664121559198017
GXH8163,0.5018579845272519
VNC0540,0.24926963953611234
AIH9575,0.45936000387756926
OQV6885,0.30667425345708443
TEF4500,0.327713956738817
PNS6387,0.1797407752877874
HIP4893,0.3416379717577325
QYD4372,0.17765089589904945
UMB7309,0.5501583955031695
UUC5284,0.24973659762929723
NEE1107,0.2660527844675596
CFX4186,0.07265652587535733
ITI2049,0.02951501514033195
PKW9888,0.6113938028967965
CUM8119,0.04630913970091785
KOQ9260,0.19576860147515146
KBD2546,0.18429013672596625
XNO2459,0.7773144322654311
OSP5135,0.10188979943531189
NUK3247,0.5581175984205919
LDP7138,0.2815582070520353
AGO9562,0.041543888755988384
EVF8193,0.31286213729110485
JLG0654,0.13077311134868388
RUI6084,0.20014346882435696
POJ2149,0.8356153472497794
ILZ5501,0.15637355470195968
IDF1632,0.5414865541146276
NTI7053,0.0632514136606583
COB7179,0.5329238857501027
IWW3189,0.25065182246442597
XZR3521,0.35485696999943916
LDX4603,0.21949953935080943
COL7939,0.1562189741826872
BAY5313,0.10551532291964275
MWQ8997,0.26754268796962344
QTK4473,0.6497649237829939
ALV8552,0.27751536626267975
VPX7439,0.6613863030187325
HLU8266,0.13807507839715183
BBH4360,0.21866958257289068
KGT7542,0.10526302004584986
UKJ5118,0.2887228652377635
DHN0432,0.4648259444926741
DQT3826,0.6910768278000411
SUH9864,0.09196200787328797
SQU9444,0.3372948810294634
LUM2519,0.6829938975461582
OQJ3928,0.13880111900053696
HPP1357,0.32081955060629297
NFN5277,0.11403602758413432
TUV0623,0.6179008133571742
OPM2941,0.08401730970090032
KOQ5431,0.7307016816927755
GAP4265,0.7108107668766359
BNZ3638,0.1196860611425425
TBJ8716,0.336203114233235
HWJ0779,0.09358118056644134
KRS2351,0.5513137456498678
POK7367,0.1978514006007493
WGB8580,0.6197047740090197
OBR1097,0.1169884137421146
DVA4039,0.25658108578383076
WZJ6385,0.12131813788700102
POE3029,0.425282280776513
VBV5612,0.7309846030347
XQL1805,0.27029846711341304
EQL6505,0.7136355585923987
YPX7414,0.11212531092880199
CIT9706,0.05848722803239441
PSE6800,0.22140697174542798
BBC9404,0.1293861844089441
JRG4072,0.05570244695983321
FTS3076,0.4564350243739177
ZSD6556,0.5214340523001787
SKO8584,0.05902967865637633
JOY1325,0.08927645307084282
YEY2871,0.19331035866295443
RVO6834,0.0652853956950021
CLY8255,0.4076430473270306
ITA1163,0.8193400506291081
OTL4174,0.03592503273488756
HSF0753,0.32023334026643724
DXH0163,0.1028051275983264
KNE4050,0.922217913132411
WJD3556,0.2002465213225834
ZWM0368,0.5114279559321353
JVL2234,0.23605744780512064
TFL7433,0.1357809027009693
RPO5369,0.5667496956406283
PMZ0494,0.908677369266488
AVF3622,0.06936668871004377
BNC1936,0.07248342734959613
ITO5690,0.12623585731408887
JVC1192,0.25304644765286854
WND5424,0.7246236438180149
LPV6023,0.42463523511004875
RMM5581,0.5031898043353163
MYA1487,0.1564233532222145
MQJ4227,0.2742762529691954
ZVZ0289,0.020057050452145064
BJO4950,0.11261990255148617
YJP3297,0.135444422412029
FHK4733,0.051359335734179806
SYZ5307,0.053219008745615616
VDD2367,0.2716972094112942
OZK0553,0.12838128384976377
IFM9840,0.4221471680341261
DYP9712,0.25624401604004254
UQB7091,0.6471604908676112
TKH8797,0.7124683541857396
JOL1871,0.7111907722715497
ZGH3464,0.3833631802998837
CPV1788,0.6796510097069944
VCQ4561,0.7814243372998724
XVJ1667,0.23334246578272602
THF6432,0.221964800511383
DBL9760,0.45325513428991443
TXI5549,0.4784215991202874
DBY9220,0.192880388816562
SHM4954,0.03249601665556284
LAV1102,0.07034981122310646
IAP7997,0.23130576468559333
NML0074,0.4163492746502661
TFB2931,0.694466899407274
KGG6179,0.27740895541077404
FHK0449,0.717950541719157
ZYK1198,0.6261868716291391
VFY2783,0.17439833479245712
AWP9999,0.28319278344760246
SVW2890,0.07181190534551263
GQP2345,0.09648007575161235
OLK6065,0.06347447525990957
XKI5123,0.1496608235723152
EGV4508,0.1604880830092558
XIR6560,0.5270801367313177
NFK2500,0.12831898012643533
INK4396,0.2932136865615646
LNG9379,0.28575599866917173
WYG9998,0.2751872058921556
MHJ5555,0.19951788638197904
CWI6595,0.48563210403738144
JLZ3995,0.02941291683763012
GWN9320,0.3712961704247807
QLI3415,0.09899888183378204
ZAO1147,0.09087206815542592
BJA0530,0.08485924948722426
FZH5135,0.01601025624511593
ZCK8951,0.24061582591847636
UYB7252,0.0488314725976779
KYF5284,0.09707268030808432
LZZ0602,0.04524837240278313
CRE4975,0.4857011177637698
WMM8716,0.09513494263604598
VFC6338,0.19105730671074253
BOH4540,0.5876274182840066
MNK3254,0.18375689960904593
BOO1830,0.17058512739833087
VLE0062,0.11017402734667005
BRO3922,0.3175465353801311
MID4006,0.11115493480683149
PFU5510,0.3711841754231121
AGD0324,0.09791404786408049
JMM5929,0.3110382142241454
NDN1828,0.45248689438419876
ZDG7808,0.07870556461469627
SET0702,0.3607274250338698
DFO6845,0.23948230972647058
JKN9521,0.1322286929962237
SHS5892,0.007000696012469587
CUR6928,0.6633299175518931
OBK5676,0.09912756175227318
WSV6530,0.03749675471794096
CBK6753,0.32074873716649627
RMB8469,0.4220694335462686
ZLH1705,0.54774137519844
AFN3652,0.12528615751151573
ZFW9194,0.12160230754574673
ZKJ5260,0.09591440293281404
TTT2711,0.20338176386018245
BBT4470,0.5447771657414664
SFN0970,0.0878816251946192
XQN5432,0.5644170461267871
COI7295,0.32885305248861246
KLD5054,0.4486783171277245
LTC1596,0.03181753408633271
OSI7867,0.21248372081539119
HQQ0270,0.8047554945333951
FAX2339,0.2314191243695928
ZVT8721,0.2483143528437978
YPD7990,0.07553661852850038
OGM1192,0.5247192040247861
ACT7257,0.22282335359907635
UCE1234,0.19783784562599488
SUQ0374,0.026190115571103578
MVG3260,0.005368957773283689
ZNJ9314,0.04372282648830757
OND2913,0.42409159185076395
ILU2951,0.12339051966871074
ILW0381,0.1012721622161742
ZLF5237,0.5937384708727713
UNQ4162,0.3266547528625454
HCC3659,0.39382913299163647
KQR6108,0.7803389438455145
XLN8445,0.11896748325405285
EPR6798,0.037604133289630436
ROA3504,0.19131046739214294
GEC0457,0.14479468363580733
XED9607,0.43430019028808015
KOZ8984,0.12621898563962825
ZSL6084,0.18371711824828915
VQF8684,0.0986605009640681
RPO2216,0.05564889368635013
UYB8063,0.2866612082907278
EGZ4796,0.15190795090554818
SJZ8252,0.600191197429538
OTA2435,0.4973923287585189
ICK1089,0.7782319671267682
ECO1908,0.17089735911930437
XDZ9260,0.28254488909885744
XLJ0410,0.030508144227090965
LSM9312,0.6578413853760431
MMS9463,0.5582739934491084
XEI6088,0.11139601087250353
BUF7457,0.13233096720654286
QGW9320,0.14691706868901672
LKC2597,0.33625424314835733
WMD0994,0.6245323123004868
RRB4455,0.34537971429220377
YYX1233,0.08554001781480203
FTW2672,0.06543229826341254
SBJ7249,0.2644602429293217
ZJT9580,0.07837567273372599
YQA3054,0.5712411473396817
JGJ8412,0.6414233404869046
UJA9657,0.27596545098525904
KSI7132,0.20255421700655507
OGF9018,0.6049815421841274
KHZ9617,0.1807856104467445
RXI4358,0.49944028181679045
QWK0300,0.050007882901918405
BLU9500,0.10823171830284402
MNG0422,0.48630797950459775
KBU8158,0.2805373127098112
LKL3006,0.9536766315557158
GKL4338,0.3120960816042186
JWG6293,0.24339069547056694
QAW2515,0.5351812344079869
RRF4752,0.5157392221424897
XNT6274,0.6047663530461989
GNG0750,0.12833790480200893
BYM4470,0.0922573659175026
PFI2164,0.4903007392296688
YVT0040,0.6064907737288033
BIW2656,0.051594554060233555
SJY1333,0.1589699290939314
KYP7177,0.41141856816932243
HWL0927,0.29275139724029603
WZT4945,0.6717203469030749
BEX3325,0.013035237640501584
QYE3536,0.24148012272929784
RSA9435,0.20850093890730506
KMX4023,0.14764957740088774
AYW7072,0.19990188678792936
THU4995,0.8577858429435933
DCW1135,0.880677040940438
LOG2978,0.10658950062679753
PPP9475,0.22492366895664836
LVJ7546,0.13270288997315705
LOJ1062,0.7262352371751156
VRW3439,0.5100604763324751
OSM8631,0.03806478686392203
DEB6956,0.03224832833918464
TLQ3678,0.2885805082174046
NIJ0124,0.22863680268362846
YVA8893,0.1805586862331116
MWM7162,0.2465806272789221
BTP4984,0.12164144493563916
QLZ5480,0.3777371938474895
MQI0456,0.40479035998709634
JZB8717,0.03229744307464517
SGS3243,0.3822013552995534
ECG1932,0.12633286006893724
IKL0922,0.4133495159949831
ZEA8656,0.3532164563940612
PQJ3332,0.12659730658410556
JPD8924,0.4998761810120688
UII2018,0.2409328801207482
VOY5170,0.17162184135779976
DIX3994,0.28651614607755854
YYN4667,0.22414097164580596
RTN3895,0.1224958138430273
HWA2899,0.4475844367150012
PFE9704,0.07745390164922704
VSQ7496,0.04523790621860039
ZFZ3363,0.260722058566886
RQN0784,0.5268223562060612
SDA6052,0.6091029200062279
WZP4660,0.12412936221963661
LFM1956,0.6762118900827668
JGL9272,0.40127460151811783
GYE1401,0.4761571849726754
PXB0812,0.712549850077049
MHM7208,0.1582678865746429
JUL6037,0.8676141389232174
GKJ9414,0.4592423712332118
KMY2541,0.42130354990185476
ARB0479,0.06737449718284372
ZOB7169,0.4320584862441972
ASW5148,0.04146552184017233
ZDA2366,0.058920291026738604
AVD0872,0.08449224587825456
CCS0420,0.28496367586496507
TTE2860,0.28392443513531285
GTY0260,0.07517519237762721
DXE4385,0.4089232746789988
KUQ6497,0.8301679608522725
SFP7730,0.4509760566836918
CMF1328,0.04665914491413816
LMA8748,0.8562267293843264
VGR6653,0.1161231169409851
RGZ9524,0.02888050994510076
FET5502,0.07899444773992367
JEM2463,0.019938117791587995
AUA6044,0.22345653502965618
HPL9647,0.5843095096671426
BPS1507,0.03631447848857321
CYN0995,0.6168436693846882
QHA8114,0.08913622472988882
FQC1777,0.4420039016022057
DBS4086,0.1795153665347106
QVF9227,0.5445262811315892
VIP6915,0.02830703872193202
MUD8340,0.6841995065621814
JQF8966,0.21858037388000418
RQI1364,0.6175361223243987
NUF4509,0.4334489433356859
SWZ3190,0.29436802052198663
KXE7933,0.3425820288601393
EYA7729,0.30845013483233485
HYM8302,0.1656588561818848
GCB7154,0.35630172757337597
UUE4847,0.07534817949632387
KVU9663,0.022936895611362213
CUK3424,0.3528337437869618
NUI5688,0.39478182640602116
CTV6017,0.6601078037916507
DLV6265,0.7272290766009629
JEW6037,0.08771022559081966
RVI2343,0.23834218936350934
VZD6811,0.2488871092288586
NOY4863,0.21297795918170095
UCD0369,0.48563742185318326
KOQ1845,0.2040690508977471
SXK9864,0.11156330081705
QWH1123,0.6586372106049044
KET7710,0.4838863625824965
AAA9588,0.7696079393761069
VMI7234,0.5638842480672507
MUP3281,0.4270523884900425
BVN3042,0.058008480905630946
IGH7033,0.2697646577064292
VWJ7094,0.4198691886688059
HHY5559,0.2035278455986081
ZTO9615,0.3028176359203284
TXZ7480,0.7506799982312418
IAV4641,0.35331249678748156
YTB5875,0.5577378209229003
ERO8164,0.4355218435753143
EXI5648,0.8127500775753557
ZIX0400,0.1908844369638642
ZBA8054,0.2119264831984137
IJQ0067,0.04379693695209818
MHQ5990,0.06694729628164889
BCI3337,0.012356530878380378
SEY4573,0.35937231103931444
MDI7427,0.08180887783695139
EKB7410,0.40890416015154396
YMD6194,0.4360035752866856
OXP3211,0.34780230966756787
EZU4202,0.5046863044652059
QJO6550,0.09052856775190146
DBY2718,0.2040442480033794
JNH8313,0.48178010606580074
UAF9340,0.3936599499492488
EAU6080,0.28249518586211014
MNJ5531,0.520534865724178
RNX7667,0.3128645905693412
ONU6035,0.20419350382282828
BSC8810,0.3046914173691614
FBQ9869,0.32862862676837634
RIQ7033,0.10614339107915013
LGC4819,0.5765358848618394
EMS0266,0.2850655714342386
DXC6825,0.25905572549769135
TNM0466,0.29587349320324324
LNQ8961,0.34326508436450226
RUP3769,0.9225968125191146
TZX3040,0.2190104244140904
EVV4409,0.8833002200181974
QRC2600,0.5023961064315776
FDA8093,0.7708739894540223
BAS5021,0.9097171142470724
URQ7179,0.3847892837490542
EGO7411,0.5218455426114021
VZE2929,0.19413713142937844
GPG9657,0.2623311843935898
UXM4472,0.4567409341172677
GYF4105,0.23073082613471954
PKN9430,0.28796651217085956
GVW3536,0.15822295864149366
MXB4178,0.12813828041169453
JZG3275,0.26293337766658653
YYO2395,0.061846689822658604
ICC2081,0.12512110621030412
DTM0924,0.5789638425514949
NYP4516,0.47783168696194406
UNA9848,0.2663559447803763
BYB5464,0.46054290601707554
DKO1294,0.3084468880559869
PCP7504,0.038630444509647574
IJT3111,0.3757986633366419
AAK9116,0.07524313401414012
XOT1298,0.279748421417546
QZV9383,0.869828681384802
IME2259,0.31217258898564615
GNN8970,0.6143950969554121
BQJ3332,0.2884648839032853
OXP1204,0.1957718046814723
VNJ4126,0.16219919982899395
TWG5565,0.659589301040373
QLR5710,0.7745819068329884
VJD8728,0.14701859805447515
VXX9955,0.3179630887552036
QOX1929,0.14768298690075346
VAL7213,0.677245431205701
PDX5198,0.40492229921896944
LMM2608,0.2667251676268382
DNE1153,0.0818482514237289
AUO0261,0.2407073176499705
ATO7516,0.1872515600641983
ZHX0628,0.3522053045754533
QJF9132,0.5313431865745387
TJY2251,0.4636571415056968
GVH1191,0.3193252852872943
VNG9948,0.021691099930026013
OJN3679,0.04673977786472785
CLS3261,0.2494693380612131
LED9519,0.2670077139777761
WEQ8487,0.026219491621637996
DEK0926,0.10928822477657525
XUO6581,0.3883795819474827
NXY6607,0.9422819215089648
TBC5887,0.4148440054982844
YEN9422,0.30709218745201433
IJQ1845,0.10355408078024725
PZC6928,0.6530149931645454
VUG5620,0.10378458621019974
BFK1815,0.468103835023487
TDA1980,0.2656888424342405
TOW5003,0.20021282884341737
OMN9815,0.047410981689706345
GRE0617,0.25313379796753427
JII4592,0.48505719839426326
AOO6661,0.062359826575396224
CBO0620,0.744860092179247
SWB7719,0.06678989254194351
BIT4693,0.15425888878315214
MIG5603,0.9062196848955196
HBV4213,0.026976287968743077
OET5314,0.6693690649805172
COB3315,0.2013403410021983
RSY3697,0.2898533552917683
MSE5681,0.311094974733162
MMH4276,0.25930053055261104
PFW6501,0.20889138009236752
ZSR0004,0.03066551603379351
GKH9197,0.4159322679544005
TRV0849,0.0844565371727679
SIW4146,0.5016351705207276
KRJ0667,0.29339270759239255
DJP8752,0.35171415853262195
BJT9550,0.4622967623166021
VZN6590,0.3530382011330401
JWZ1931,0.19831251561044472
QIH6605,0.16064128282195342
YZF6523,0.7077266194906252
QKG9178,0.027531353965874642
QIW2111,0.04662455762054848
SQM9169,0.1417185554320216
OVA8898,0.7072006579553187
YVS2362,0.06160585238569246
FVO7749,0.5551058534127776
NNU4088,0.015641106845454625
APE0586,0.09308075626537018
VSX7592,0.30706404414451727
VPF6231,0.42006621714097275
HSR9557,0.006697964917873803
ZAJ8603,0.023791518161556318
TMK2376,0.13467449406450668
GLJ6382,0.30462700462546677
ZLQ2374,0.11752381605144907
JLD2056,0.053757926194568185
MRY2653,0.19940858688028346
IKL9848,0.2935592814055834
NUU8477,0.5635565707860184
FKL4317,0.491206854906403
PPW6729,0.4392514093918984
SQO3135,0.11364136049068062
TPG3348,0.11574226526059204
PRV3805,0.3084655291860271
FOP2376,0.04731428898899444
KWR4841,0.5487912051134883
BMJ2460,0.11798174866986547
JAO1630,0.8290073088735503
NZP0982,0.3267889382058435
IZP9673,0.31825625041282235
AXH4205,0.3079238761571088
EKY2953,0.18592740309915864
ARZ7146,0.1683474329203316
AZW8658,0.15903243503610193
DVA7837,0.36003689075297024
FKH3342,0.26265233213598194
GTJ2409,0.29413230438506444
YKG5133,0.13060379910120126
HCF8656,0.11652446690759649
CJM6032,0.13687342770814556
PWL3400,0.3052092823837256
FRN6924,0.7195514407378412
JUY6087,0.6198119367943385
SES3445,0.3097434489083015
WGI1556,0.00980682143544379
JCY3296,0.520744449946943
ZYP6649,0.15677729162475673
AED3703,0.2041993030260591
MTZ7722,0.5666033858501826
BJG7415,0.03332364540703615
QUQ6472,0.31604517157588774
ZPH0403,0.12170687660276781
TNT9669,0.14400089905305383
UPQ7495,0.7640590216285642
UQN4012,0.08077305706698597
TTO9584,0.3251517522186727
KQR3390,0.3725198986844907
GWH4376,0.12388592235914786
WBC6848,0.15459539829966457
ROT5760,0.31630330118910976
ZIR1901,0.4231641500679238
ZMP0907,0.2436967634232747
EJH4064,0.43755296976034413
IAA4193,0.2853109557184989
JAV8082,0.4941779240215294
BZJ2124,0.49869966265699706
BHS3652,0.20671286217944057
QGN7269,0.19039120696597925
BQB0802,0.1451789689269629
LAN9368,0.10552493420056483
BLR4102,0.2580517867915497
EJL9181,0.3772315222220014
CGJ1367,0.7796976247206373
YGM7289,0.8029139498215492
ANE4633,0.5540779100056497
RVJ5763,0.06852746091168363
EWD0068,0.37234432877081924
KIU4194,0.3051282699055549
QUK9800,0.0093501450699496
ZXV4730,0.05367613145129346
LVO3150,0.578756135576245
AHH5972,0.3211635611385054
XCC1590,0.1553483888362507
GFT3151,0.7653606763363946
ODI5254,0.5140460316227019
OHC5461,0.07913082245849813
AAV2795,0.09957114681819654
LOZ9316,0.1204118610629395
KWR9727,0.09741368589931326
TPP8062,0.019448488938659764
AVM2870,0.1590706100354179
ODF8635,0.7540007619536965
CFI3776,0.2446063703539835
YFE4650,0.2660424878305322
BCO5854,0.7071224581868396
MMN5992,0.2725291371673893
BTQ6212,0.14696399738952048
VXN7611,0.9211742039363959
HXL0687,0.2111831844805755
HCE8316,0.3185006914284697
WZS2541,0.14347172265963587
VPU3401,0.25915395688154175
VEB8716,0.1950560445047
CJV7406,0.5182861148313642
RJP1923,0.10833374276777814
KBN5171,0.06133694136925252
QPB1565,0.04578896791531144
SHW6134,0.1709267177676903
PVV2656,0.1182467120193285
GBK2327,0.6655625574460168
GSH2269,0.1702198121401631
HQH5342,0.26293805041934404
IOH7276,0.14316643679963745
EEF7466,0.12284957807933114
VGV8594,0.3806505250317931
QSY8941,0.3444554312232532
NYC2081,0.5059441051148948
EGT6687,0.6750783245835059
OEG2338,0.8342610302327187
VMK6024,0.07972108488372748
AHX1094,0.4505991775141954
SMN2302,0.7105763899220351
WBO6639,0.26010695203610745
DWE4874,0.2622992055337269
YGG2124,0.05053118295509809
DLT6927,0.5654200102311533
OMQ5213,0.4095440833636029
HYN3175,0.23073747212034776
MXM1386,0.2986226486939836
YOE8273,0.26779631571987284
SXH2889,0.5075117445388451
CXY0805,0.6855277106278844
VQM5812,0.46582631779825034
DDA7524,0.4697729535138277
WOD5143,0.5500021601028181
OZJ5660,0.5042161505376546
ISX8503,0.38400343366115586
JQX8638,0.08539447472954415
YDL1970,0.7476840094027709
WFU9294,0.09650434481249803
TPM6484,0.4518791924579663
AYC1772,0.19406483015294446
KBW5416,0.10882810275826328
KAG1205,0.23824164108247767
ZVJ7299,0.04993065107739909
JLE0161,0.03478626551957736
LEA1423,0.666332784531703
YBA3882,0.1331976977383344
UHM9085,0.7098781098741443
MIL1434,0.8872278531739857
XPQ5985,0.5627321529757852
UPN6139,0.07699772426254646
WJA4580,0.24662668342841268
IMT6969,0.10168460649989014
LIO2897,0.2521038036950419
CXN6801,0.09087022974321385
BLU1556,0.6433995133169189
AWG3946,0.3951045454145027
DLQ9556,0.14037466644618612
XEU7488,0.3846043093867182
FQU7276,0.6935679551793833
NCY7459,0.14371236671585633
BCV7892,0.6925929287832695
FLH4618,0.2465484740918406
ZVV3028,0.06830003623539381
QZN1601,0.5239867767479014
XJZ1637,0.6110301952522217
SYB5040,0.3646900647671425
MAT7613,0.06429985331467562
NGH6801,0.315576552703025
ZOL0059,0.375660574057629
EXA7114,0.5050268359397831
CXM0142,0.2776536340663923
PJS4371,0.2569453379141564
JXR1657,0.7880824802242852
BEK1391,0.3301146316053184
WXU9583,0.09154436468713481
RNZ7098,0.6946006978205221
PMS0890,0.5502021339098119
AQL5980,0.7818811789851517
ERS2016,0.24534572684333927
ZOH1839,0.1739108846558136
FVX0195,0.4546303755790091
BPH3648,0.3014953526857121
ZVF6316,0.169674146125822
BSK9724,0.7571563668630732
IBD2355,0.3830584139052658
CFW3424,0.26453252519023857
HXP4535,0.2007061770416108
CAT0625,0.5120262378079534
MTT2731,0.2835063288870787
IFO0991,0.10439663081705315
GVG1586,0.200826929765176
CFC9673,0.049059336312375176
TEU2111,0.7162487351152735
QPS7127,0.09324067630388863
YBV5242,0.3354163786436246
KOR4670,0.1589095316505344
QTM8492,0.5719169358266134
MYK8510,0.08678016072580155
NAG2773,0.25226968719279075
PEC6263,0.4647145515997633
PGD1204,0.0787655184983638
LGI3912,0.6382982893246987
GCF7357,0.1672075276055105
OQQ3585,0.036612390266399335
ARM0626,0.4138541999524605
IAI1021,0.2723768066502097
MFE2142,0.20953790022996907
KPI3589,0.4775875821682422
YKS7999,0.1450862455219275
VGQ7720,0.9044443830828954
PWY5428,0.2460849731834306
VAS9650,0.1619674382183109
VTV0991,0.5747573770261023
HQA7458,0.028793944517528886
LSI5734,0.30156848264296976
OKO3668,0.2664550047462459
GZL1877,0.2260711717534384
KWN6422,0.11358400331571236
GUA2567,0.22295191138133577
RPQ6675,0.5118871489058994
YWS6693,0.07431268691459142
MKE5428,0.26304087491832223
LDN0458,0.37548612552734456
GGQ9031,0.11047182150240069
EFY2280,0.06288642394893054
GHV1064,0.0488977718088537
SIT8510,0.3301241976928912
LZK5720,0.10347864980645342
EYY4984,0.11719438678596816
RTR9720,0.013169491677247276
VWC8361,0.2119667453542926
IJA4476,0.5605081770699585
DUM8709,0.26706323346020494
FFC0445,0.23182665969517147
JXW3652,0.17267830631065012
YMO3299,0.1621890967793174
NNG1473,0.06196424121437849
ZLQ9497,0.5103997381634354
CEG0886,0.3126468388616862
HDH7352,0.640738927550738
PFY5839,0.35146434295096163
MEK8334,0.5894476554583693
NMS8978,0.4842557577565928
IAK3961,0.24132385208376986
ZKC1865,0.5933590501740572
IZE0994,0.43086318562755377
IEF1735,0.5366840705275757
KRJ9966,0.024487970149018597
UTW1027,0.5860163063443017
SZS6272,0.6311876438838346
EWF4567,0.29471837180852034
RPO1618,0.630854271695162
WPH0720,0.06203172516224309
RNX3075,0.7737437043382039
AEQ9742,0.7485073767467707
AXU6734,0.2162896145397038
YMV2014,0.11713962026370772
DAI6955,0.16983362293724213
ZOG7564,0.07718498212307832
SEZ3317,0.4012124965967439
MUM2400,0.04852603936613759
OXQ4007,0.11396149893741599
YFW6128,0.5856370986459565
JYG5473,0.06665755560191179
LUO0745,0.13049439644696295
ZQF4174,0.32623727769690486
IQD9173,0.2630203819820483
GOI4498,0.34021104611111774
IEA3699,0.049244606188469806
DGM0987,0.17025872299055156
NEI7370,0.09044525313271846
ERV1656,0.09904099489928193
TKS3561,0.14887957993081904
WLW9309,0.1800977348168933
CGJ2857,0.33320420661173805
TSV9145,0.11433843346740309
UUQ1311,0.21589343103210715
UCK8281,0.2738408204481715
XPR4649,0.20977194719832723
UZC8409,0.11383424330211564
YQC1970,0.19099634183342415
DFP4363,0.16164824703931005
QZS7440,0.009809804010252044
TOP7250,0.5389022854591488
GTO4021,0.3359090343864043
MAY7087,0.11699615153796614
JQE4302,0.2686517097490641
CFU3071,0.27767983611207325
OLL6961,0.21080722583126912
PPP6269,0.2916038521408552
VEX9118,0.47915230128433284
NYL5099,0.5855186895862176
YGL9131,0.029478647896320275
DGS3906,0.30315649256754634
ZLO3535,0.07910043013718916
FZC9071,0.282018842211941
WMI3939,0.04860260456230365
JPO9622,0.47889798327650906
VJO1435,0.16433218979393655
MEE0643,0.39101340492750464
FEB8548,0.5426736486821125
ZHF8378,0.4224261171055197
QLA4090,0.4879554222711968
RCB2810,0.21324694175288766
ALJ3904,0.061390430871807955
PNR8169,0.428102955488166
PYZ1926,0.04155630263657297
UJK4426,0.26509921231247113
TSH1599,0.40811385464809113
PWK7163,0.21430945483043592
WLA4833,0.7645695519629566
LDO6548,0.10958667013377837
FQC2356,0.2376907743959989
TCV7063,0.6305380248500866
RVQ7144,0.540107989876772
CKZ0327,0.2006965330240857
PBL2066,0.3118733288787667
FWD5802,0.3733640739156305
GZL8043,0.08901997673799864
BUR8794,0.06862925545796818
LSD9958,0.4950379863299117
CKP1348,0.5363559545269251
LEO6471,0.4931608553482227
DDE9666,0.07545293445339524
GLF3965,0.18124303026168678
DYX7823,0.4498750905199364
KJT7189,0.20702860122797712
BEE4902,0.3057038911230518
AUL8562,0.1151712208918121
LOU8589,0.2612558559292598
XGX4399,0.4506982867136895
EMH7843,0.0947632368652196
XVW1746,0.7205676530102957
FRA6871,0.6273471337367924
BTZ4615,0.5051817236236393
JVK0399,0.5037772180918053
FBY7439,0.14332429605855523
OIK1811,0.2520090318810409
TKN3551,0.14544475194949974
MTB6145,0.10762178178375478
TEY1076,0.13159501384466815
RPC8419,0.2876337584396336
CIT5139,0.054437089611383514
MLI3430,0.03235681627063573
RUM2934,0.3732958148468847
GKW1381,0.5224190768622721
GLY4319,0.2162152041060342
JXJ8620,0.5445637890201055
BBG8561,0.6048746556434315
NYD6470,0.321418150691016
UKF9707,0.033862242743979316
BJO0932,0.7106650602690607
HQB9105,0.9022462249457721
FGN2844,0.1102878402063247
AXN0878,0.07153884473422588
ZEL1467,0.05308705653902718
HAK5952,0.2735268468069186
UJV9692,0.10862557532610034
VAN2435,0.5093074530307675
XMK2800,0.12238686363641478
BRM4559,0.1010508707029795
VMA1079,0.8310965480582121
WVE4547,0.3528350509669934
ZXW0932,0.3163555579570641
BNI5636,0.11094025973738686
JSQ5352,0.5105395530046901
JIK0732,0.1960551264289719
WCA3320,0.8009943785632786
DGH8126,0.2463571393214947
CHF7735,0.19227821139839749
RVR4678,0.23825121507994199
YCN0564,0.3249134074122363
GTV8271,0.444092570392924
VWS5640,0.6012946028558398
BVJ8966,0.06667772938812438
COP8976,0.06745646870825947
BOE9059,0.28893460953968536
SBJ6590,0.15175960525772653
UYT4403,0.08494063019275608
KZV1116,0.8761875262775431
BRG4032,0.3795916049958421
WYC4073,0.09620125708885485
IOJ2896,0.19454755263790668
LGG8684,0.13539347519032652
NTQ2843,0.48392606658218257
ZMJ8643,0.3793186481583395
HCT2467,0.018002411261197577
DIA7855,0.5842481316819899
AYZ3084,0.2578558514702675
RQO3935,0.20679121623119473
KFL0846,0.04076454902760342
JQO2913,0.34117321985730586
DMD1697,0.07211903029230492
GED3979,0.16054221100560362
JBS7118,0.4059279175610618
QQP9322,0.16567150266168523
QXS1157,0.06398392032148918
GNB0143,0.38647599174433706
UNZ5294,0.1403319448155312
IQC3186,0.37651750771378417
YWD1004,0.3003333148820038
GDI9314,0.2737261430721879
XEM8565,0.2620907598317682
BHJ2958,0.6432073592298335
JSS6390,0.836133671763265
EFU6084,0.3345547504011881
ERJ1605,0.41839043894497335
MSK2594,0.4940956498904034
WKZ3834,0.3787868483148283
LYR8244,0.6484492887672615
AIA4353,0.17162898287400463
IJU4513,0.38712504825869665
NET1084,0.9564714509722689
FOY8002,0.6383209705695313
IVT7362,0.07571770878432511
MXX0393,0.0479030114394071
MMW2468,0.06690506459991169
EYE8405,0.3665803236754535
CFJ7271,0.3110578485461677
GXG3374,0.41361073088846034
JZR1336,0.33597889132738085
OYB2502,0.1284597313970314
GQP9769,0.37724071339114806
BTM3832,0.22302544356821058
BFE5307,0.3776013266990755
DPV3741,0.7377962607292747
PQF4011,0.9446747775675227
SWH8660,0.34406867144835657
RUJ4124,0.3978918522187018
JIY3874,0.8081250643946355
YTW0738,0.3331537204858718
DAF5576,0.4187824793596688
RME9904,0.1345984313720806
WQD3637,0.16918754225451338
XRC5135,0.35322374805830953
BWV9133,0.6683277400397233
YIE0212,0.22650105313760718
FVP1386,0.216870181921922
JEV4772,0.31435804717725924
IEQ2327,0.4658411343188752
JGS3639,0.7391246143649197
SLE5494,0.07209269087932832
FXQ4001,0.15642828741590184
BIV7112,0.4013189988224548
MJZ2835,0.43291381845526383
UWI4086,0.3790276048415367
GGL1207,0.06755228100823267
BTO9222,0.08183465832450833
UMS5559,0.26643691689010046
KXR8978,0.30393995506675264
AXU6879,0.18416821534892022
HWM4825,0.5693065103833572
KKR0210,0.44952924441413267
KXI1947,0.2872995219835043
ZJA9996,0.1999181870740943
MIH9177,0.01460108323889794
DTV9213,0.21172700569953587
BNY3169,0.18605077521219196
KLP0815,0.6698674291005488
SDD4646,0.06849391815472262
RIR0329,0.9281040767939958
CBI0742,0.49664902735372984
FJW6585,0.2273126168715385
IGJ0815,0.7858485341504053
HXV3170,0.6272050043653665
CCH9613,0.1305950715026815
SBD3987,0.09660916956997115
RGI4775,0.8405678899714661
BRW3605,0.42002240094717996
ETH1834,0.22498897873686424
QOH0105,0.03580313558371808
NXU2122,0.24948636878661612
SPE1936,0.0910216747979437
ILP5244,0.15861367125800938
DKB4195,0.46608102627389675
GGX6644,0.32996881495408037
HDL4118,0.7811966935593182
MUM2925,0.6717450689288824
BXC0675,0.47815550565076637
VBG2014,0.1484601248181031
VLU9792,0.4110639410947164
RMG6391,0.49158955508717134
GAY4087,0.7279902700079176
UJQ3777,0.3157638296061995
BII2514,0.06597567705477869
KSH2923,0.013112220164295463
QCF8781,0.3134376755474446
ZBW0966,0.2018394233283656
LAL9849,0.8203595262293183
TTF0318,0.3823847526395155
AXH4028,0.12476757944143246
DDA2131,0.36648133358499185
ZHV5176,0.20378364229700002
JUK7771,0.4693187207828894
RMU2942,0.38344289585173386
JAY0661,0.09135335665240239
CNL5981,0.1091527724815051
RQX7816,0.03486946763963583
KUK3137,0.1817861970392776
EWA4218,0.8203083553791655
VEG7294,0.2588948291418409
ENA9649,0.10434307839422266
PND1769,0.09689301365924621
AIL9603,0.141719133276605
PBD8901,0.029495266613518322
LRW0566,0.06517663376190296
DSG9297,0.1363294802939045
ORK8776,0.19430208310791863
RAM1246,0.0880742202495504
KQA0613,0.24215607500596587
PPV5408,0.4329795899780059
GYE9182,0.5163790613625835
ZEY1691,0.14127334689865992
TNS2062,0.15312006093080327
CXA2052,0.20525278477418973
IUM9938,0.22249482456230868
KPE8453,0.509032335106798
PPK6428,0.6135778260259991
ZEZ2501,0.27573302616023115
CTP6917,0.2605522746339803
AXP8120,0.38684108444323645
DUU4571,0.11152520515466709
ZQI1951,0.2357647345563796
JEQ3602,0.5496137297094197
PYC9616,0.211614573847745
MRM9344,0.14699735327267616
AZY8792,0.3126416483198106
DBM3331,0.05375107479555056
MQR3184,0.6738610529946475
KMG7587,0.023373741672572026
GGZ5023,0.07749041495259588
PNE9100,0.16371841364204306
KOV1191,0.8850143239898904
QDD7290,0.765802209708762
YSB2123,0.4698267606572487
WJW3660,0.3730067018489849
YIS9227,0.008058660650999694
MXD8938,0.7765937030247817
VTK6219,0.06017141206466203
YEB3982,0.06826179925901098
SRY6422,0.7004138315590659
KWS9373,0.4315776079940752
HOV2809,0.21009204567519033
RPS2710,0.13296642286949076
AGZ7677,0.07849267868919262
NSI9711,0.39679320953645125
AYA7112,0.2709231694855634
JFE0601,0.3287112134801619
UQY5571,0.5845297719966742
RYD8898,0.0868295328243366
ROY0244,0.39122030028376625
TNQ5151,0.6628793454014956
BOV0135,0.2802976264290123
BEN5821,0.2685882454887372
JAU8428,0.24512801836900813
MTS3008,0.10767030277753621
RQF7412,0.46120076181283765
GWM5403,0.05224484624338069
TOR4862,0.9419506175399346
VXS2017,0.3325687960787319
PNG6506,0.6470639890511103
KTY1630,0.05687531306171975
NEZ0088,0.08956856197904135
AKO4410,0.16747685220033373
LGJ6361,0.470934320366715
AXY5928,0.21355333736545362
UZJ1364,0.7666629626730846
BHK9223,0.05912145890183313
ZRY6611,0.7595114421526872
SYT9117,0.13913626922125735
RHA1752,0.41383050627875967
QHG7774,0.09556314739728955
FZP1221,0.45704726012377456
CXT8185,0.3383850316489298
IYS4616,0.42893166175374825
WBG7223,0.6139711786022347
POJ1795,0.08352774596544223
BOX0998,0.4563809346706715
PCE0012,0.21878302115132595
LCF0616,0.279491211048066
QER2016,0.28643177186648844
RGD8830,0.8566371359971257
EEI1108,0.19374834973275884
QVC3142,0.29824459041470786
UBY1157,0.32699886087885316
JJR8103,0.0559849901395823
GID0753,0.23832043682076992
ALQ2306,0.18503678423740785
PAZ5488,0.7284950399887522
GQD8795,0.24516086383396815
ZKF0734,0.3377834730159824
CJH0968,0.14813642901306828
ILL5777,0.5462010664526494
OCQ6817,0.40380407125302936
ZEU2990,0.36052832245209265
ARU1460,0.3574688102209976
EEB7566,0.5717994328333103
WDY3934,0.43351534435246086
IRD9332,0.10158250207760425
GUW6567,0.0906811056083905
HIF0807,0.7968887966347834
ZCG0051,0.5417400332783413
ZOK4964,0.1332174571915904
KRJ9215,0.02394864257491709
AJO7833,0.19524893397205428
YGZ2186,0.17677396732430065
HAS4692,0.48871386647301196
BCF1980,0.41818457649956725
CCF7489,0.07639664791005553
VYW8259,0.6761352715634943
VLO5119,0.8207740778037522
RKC1431,0.28570761640629266
IZG3588,0.4197064866893436
IKZ5035,0.43390084123448974
VYV2122,0.3928037521825938
FXR8591,0.3812019114653884
PQW0600,0.2691911213838229
LLB7273,0.3076474187172003
RXV9670,0.36308978093230504
CHF3116,0.4628471714978049
QEQ0559,0.38031331091501286
NEJ4604,0.07232517860227164
OAX8431,0.0626980715795773
NFL1683,0.3472189410210612
WXL7207,0.67854537843189
KWN3865,0.39353464887579104
SEA0000,0.30740824285695306
CDV9089,0.5226659823451245
PTE9060,0.11534460260455558
EZI8293,0.49634782320012194
ZII8284,0.6893287971973239
YQL4011,0.39908848814115533
NWC3918,0.13396038866371918
PGF9316,0.07657960688456018
JMZ2846,0.24247002913325924
XXM8641,0.14429403772568733
MCO0130,0.3683331397879366
YHC4720,0.7895366013585133
JLQ7235,0.7348157982595502
DAF2263,0.024284053540567643
RRP3610,0.4714993162856875
SWA4008,0.031122669382755555
NBM3100,0.461011776515759
NOZ8348,0.8585495521323145
TPY9415,0.2286870912014155
JVH4734,0.575916822415864
KKD8998,0.4909599665110707
MZU8145,0.05410313344760714
ODJ2354,0.610892539970246
FPK9517,0.2006271797673252
WWT9655,0.18349142341001384
GNF3420,0.47263089089586835
HLY9063,0.703655856787414
OMP3870,0.13035770198430768
FVB6527,0.06808620884057195
DVO5558,0.662814981257485
DWI5691,0.08305764468669051
TDT6145,0.288558362925195
NTN6827,0.5287414556472378
RVA5934,0.2068049980231069
GFR8885,0.04556548644031016
ZCU5825,0.2949958898026021
XQV5298,0.2588483045859462
QIZ4338,0.26964979655855525
GIN1432,0.734471957330154
RLP1548,0.039213185433661014
BLK7848,0.6169200664401244
WSC0490,0.6185641449514311
ABF3437,0.32110462096119724
HTT8114,0.14740453692277508
CXN2987,0.9625074907096826
KVY1451,0.17705680150493472
ENJ2042,0.08973565258917686
LTD5596,0.29197080874683573
UAF6215,0.5759230409070876
KZS7358,0.6960935580736115
HYO5945,0.10114421806412613
JGQ5158,0.27829718979024826
PIN8218,0.6435970995350435
WCP7093,0.04844644567783948
ETJ7006,0.08359003971433131
KBX3042,0.2080560776622023
XML0008,0.21670409981752625
ZWH4164,0.6502757837027432
VKX0637,0.691061744255556
EID2749,0.765047157822962
OEG3398,0.5762047153767578
FSC8722,0.23336193608736963
CKX1541,0.015225763915237021
SMY9467,0.32878342735229404
MTP3016,0.24167215292533312
ZPQ2501,0.13975208248985543
SIV6541,0.33789931937621365
QBA7624,0.1485688668269803
OZL5460,0.05413681909530803
CYJ3102,0.2181963744904146
GWZ1787,0.19360525380006088
FTN0555,0.7985818110938823
HDZ7180,0.7531527543367623
YFY7146,0.6768551315680339
ZKV3967,0.4911330429389954
GHT0372,0.5201065371570888
RYF2512,0.21226568903067572
NVM6318,0.24322576185920478
IZS5973,0.02628171626317154
TJN9956,0.8439800290824391
QLV9442,0.183823496608465
ADP7351,0.2715625128547738
ZZM2561,0.3038964286615918
HTH4326,0.7111907266306181
NNG9589,0.8058580576310163
WCC8086,0.29686158446443556
FES1274,0.7014519986178406
GFJ9304,0.301010605283996
JKX6384,0.2699218906545968
QCS8665,0.8297708400586729
EZB6534,0.6440642300614969
NBF3809,0.27285099296469106
TYM7948,0.3176626348063654
JPW9435,0.5090364287771275
YYG4777,0.14338068665497739
FME9725,0.18313793325819563
UNW9229,0.08896710978053055
OGO9969,0.4084972794321635
SOC4844,0.1360695772046886
NWJ5906,0.1938926656804494
STF1253,0.5169988893085835
TTB0785,0.08567225892453748
UQE1066,0.35057293034887105
WUP4056,0.2796752846056067
XVG5906,0.2837248257740237
VDF4156,0.019459080621471198
YUW9552,0.2592515013533021
KME7972,0.20797168735642468
XHY4917,0.15005309011182907
NJV5170,0.1844475251562265
FSX4444,0.8193596929154541
YFF5235,0.18453054066296234
RZX5593,0.02876612509455532
QFS2917,0.4536347962690171
BKL5342,0.9018832906144497
VBS2012,0.07504016815398232
YUY2212,0.1289644902835977
SZR5572,0.036583726102400675
TXH2388,0.10329803267713879
TNN3693,0.2905995853854941
UZT3585,0.9147679991188084
HQK3080,0.10340880714850458
LLI6154,0.2990414888694441
ZOF1765,0.5051475008653378
RLV8929,0.05068491343089252
XHK0610,0.3571773135945693
OMO4138,0.5437576835507283
DBO3941,0.3630015114937271
NOL1049,0.5833143493331124
VPE9687,0.5654694689600271
PUT1722,0.7015293702788541
LXR4166,0.09211456530581781
MRS2780,0.12041641468775267
BGO6644,0.5071898381218584
SLZ1775,0.16676777574631627
QVU4211,0.24745812679141685
ZIF3745,0.2779097455637711
QVV9581,0.014754412643015377
KMW6719,0.21596672507005316
BTY6651,0.2534569286827424
SQJ2079,0.6394250865376119
IJM3039,0.5925645468266473
QHL6081,0.3696100694794326
XYY3704,0.6265629809716509
RSD8940,0.052924411343932394
MWQ9427,0.21862265100838368
KDS2281,0.0992915291381649
ZGF8036,0.6246398752328387
EIF1456,0.23029869258684016
GZB1521,0.027134319921667496
POI6224,0.8689416864824
OEY3483,0.42093366668468096
QNW0395,0.4773161328175718
FXF9036,0.4718868783936534
ADE6109,0.7743585099663367
JCK1521,0.09624167814102352
PHH7643,0.2407732189771379
OTG5928,0.27070013490825
XOP7071,0.48622706720599695
WMK3106,0.16938880254142005
EKA5575,0.4121796473906063
FVO3531,0.27466392862831396
DLN0234,0.7902216936040551
UIY4652,0.3028289705951592
YRY8615,0.3556597680355456
ZDG1261,0.09762833821950259
AWD2190,0.09418918419848635
KHV6984,0.09507921799992464
RAD4091,0.511904204876921
IGT1178,0.9207857275649514
FMF0970,0.3380630151020873
MDD3279,0.2939365056189109
FIL0048,0.30418189576488813
DNX7324,0.6029980218894
LLN2770,0.4753302485631285
QEE6829,0.35334974228082583
AJL8427,0.008089224951645999
GHH5153,0.3421342990685293
OSM7311,0.03332011118957659
BBF2867,0.06761652084457145
WJA5248,0.18649014416436782
JFV9029,0.09542569323590294
ONY3338,0.25660231765473984
RYV7167,0.16656636103247052
XYK5207,0.11837059455954047
VQL2467,0.48135194843939355
QTV3905,0.3378117199951806
ZXC9568,0.10076887388712853
XVZ4297,0.06998546952758776
TLF4772,0.09092032439060524
VXS3827,0.1993777232919431
VKZ6866,0.1690033967513804
IHT0941,0.26306299622975393
GSQ7558,0.3114383484459598
USE8246,0.11898735666283516
OUK4608,0.14624704452196566
YYY2709,0.021677249878891098
YIV4482,0.7250582544749965
KUF8780,0.73722976409259
JIG2780,0.37712521617357103
KFC7566,0.8441648639173969
IVC8672,0.5541741432361195
URG7195,0.048184981784935396
LEY1887,0.34748844826156977
MTO8300,0.1098854653488186
NOY3485,0.22655734040621942
DWK1635,0.4945972628829597
VWI8259,0.1356308266407267
TVC6021,0.13375365283808263
RZS4121,0.5648197188607733
MDP9088,0.3573287414276459
IDD8680,0.7374459975677871
CJJ0067,0.4246579773887921
HXQ3855,0.27675827955904214
ARR3600,0.12746600012037299
HDG9113,0.2133570773250351
EXP2649,0.09906829126767977
COM1513,0.47657370371195695
BSI6025,0.17917280310780845
QTF2549,0.5176577766163448
DEA4939,0.049494880795951705
MEY5478,0.4134248381567047
WFN3819,0.6475953232325831
DLE7102,0.1284222251673094
SVZ7837,0.04214107391137821
JPG9474,0.47977803586140766
PST1973,0.1759738860393134
VLA2925,0.7825647760541591
GFQ6921,0.6287060548099878
SVQ3659,0.31445047290250694
HFJ5560,0.0603980244680904
TJO9482,0.4024150128739879
KEF1283,0.13237521735726962
XPE5334,0.08795504929147899
XDD4731,0.9433890669649231
DTC7666,0.2052394964326295
MAV8739,0.1813124708908281
GCG0006,0.17199160392763987
EDJ2014,0.45936951644802065
EPX8664,0.1397461299848956
POW6716,0.5026164486504726
KAZ2977,0.4011950640110581
XCX8052,0.057488439087302515
ZNV2307,0.5219631010615292
TCG4082,0.07042636929319393
NLD4865,0.0935260103500908
DRT1162,0.10628347126994986
NYV8017,0.7361940378333827
YVO0721,0.835158340607933
MMN3031,0.3332800903547591
KFS4774,0.2685963152800364
CCW9949,0.1211241066584692
QZZ4039,0.07089426459724092
NKY0219,0.04654806622470636
JHT0528,0.00213410061945852
KVQ0049,0.46794367074382237
OHY5260,0.22513283695461636
MOV3618,0.7931843378387929
MUN1785,0.33532436868834764
IES0974,0.08210542882421484
FJL0266,0.51752832550216
OQD2211,0.6305115028253313
OMC7899,0.11723593413937042
EHN2289,0.3434242693402857
YBO3438,0.021307243632359894
XGC6121,0.444901617003281
KLZ8117,0.5664715205061118
QZV3301,0.21742931634338888
KAB4183,0.24210467088510673
MJU7092,0.32535165388046483
SIG4960,0.14244467111029668
QLK5702,0.30381639123817306
WPI6483,0.2566029141099798
ZUH8446,0.5389615939032979
PPJ5717,0.31895583366474595
MAL4596,0.029856524035840395
OWN8577,0.0629192988074377
OSN2565,0.09791361500549295
FGV2111,0.02771603410333384
XYO9485,0.6878242702352529
CEJ0840,0.1915898850298527
BMZ8322,0.09505703243012227
BGS4330,0.47687644657133116
JEI1597,0.44801244165811166
ZXQ3606,0.557099544522715
QZD2155,0.4391485252421704
ZBT7709,0.02503920651402194
QYV6318,0.37287559544491145
XDO7573,0.07875572592444587
HPM7246,0.38799686683990664
CYG6666,0.05836456372198271
AVE8214,0.19641964784193042
AFZ8966,0.18325342558158003
FOD9580,0.348582336802484
AXA4301,0.2252406871481718
EKA3091,0.375387481995625
XCJ5568,0.0695241248935853
WND2059,0.3241048150718252
SWK2288,0.02158042617215623
IWZ2880,0.11933973205702163
PIT5158,0.6338396494436611
MKF9945,0.26095246527742033
ZCG1930,0.5328014269801792
JZL2900,0.5573132693843716
GSG6048,0.1591505344524951
NVU5467,0.23642683741810067
HKW8901,0.4795100046376704
UHC9744,0.21568657092517052
RLU9682,0.5551011866619839
OIA1294,0.2501774765457915
SZE3233,0.5019612753517316
IRU4838,0.04144492707067716
JES1785,0.43129719500382824
UCY6561,0.21271033445392573
OTB5118,0.1956055854347568
JCN9706,0.27963492881696783
IOH5588,0.545363204264007
QOW4543,0.02074549143747263
UHK7473,0.8527612430495772
BDH3448,0.5123412513356704
PXM1687,0.09933643974245113
FPU4247,0.22410334677183613
AOX3969,0.296286576791941
MGM4489,0.7949490788673257
NSJ5694,0.2781020752406288
KHY5361,0.3041492065842082
IDE2014,0.6470669966368447
CLG4527,0.02749518742377912
PAE0187,0.41168166440578924
TZX0712,0.215539906966251
MSI7288,0.42414131949081124
OPH1133,0.9402604453104028
GIW1153,0.4957223348632316
PNL8766,0.25679187710847273
RJE9943,0.0943568046390244
TZF9992,0.3105887178386867
OAI9854,0.0614671648361647
BMY3167,0.4616021390907469
HUA2243,0.012038560075001037
WPV5328,0.11717420970121643
CKV5562,0.6069577813728493
XTM2180,0.606778353440786
JCE2465,0.47773270922857375
ZPG5413,0.28854383922499244
DZU7019,0.015887706215794252
VXG1725,0.16238454988752193
OPM6059,0.3573868412225431
JSB1729,0.8707849681412116
KUT3144,0.22192765345005633
AMH3165,0.05271946314215107
NFK7084,0.322621569793195
YJN6123,0.3532138383005991
ZYV6499,0.025550505681634937
DYE9365,0.5712955466444679
CYH0071,0.7598150329998872
PLD7359,0.9044521566299754
OQB2795,0.5520498298662522
YJG4869,0.2287197603298689
VYH0021,0.07820249635062518
KIS6502,0.00868558393157201
UUY3020,0.2752267060132556
PHQ0092,0.37853410599784804
BVY0985,0.6524336829104252
YRD6672,0.27637547339109847
CVW3569,0.4673982922315827
RMR0822,0.10468338782837132
NEM7093,0.36444574334142554
AJG7697,0.020623195147349616
KDH9406,0.22756678949035405
MQS9876,0.40730624888753336
BBR0344,0.42219194255219483
MJR5449,0.6759714538493757
NKV4242,0.3711615057402772
ERZ7613,0.16609393327779187
YHF4884,0.4276767302430118
SHY3389,0.20090609504390083
DYR0315,0.7873108650926139
QRJ0474,0.12159723010233356
WSR1971,0.051423148481816554
BRJ2331,0.3534380817368542
ZNU5088,0.16814441401456282
LGB3949,0.2992902875660413
DDN0916,0.493416555503731
VNO4744,0.5784505271951659
HAM0625,0.014752873403930803
VNS0417,0.24184706307921625
ADY2431,0.42428943517712514
JHO2864,0.6654734520019527
SUH1250,0.07047930919015044
TEL6348,0.72832367100734
ANO2014,0.05717404039971692
NIH2178,0.36252597649556667
LYD9788,0.6108940440774864
YMS9619,0.14528475951222433
DDJ8939,0.5082161004822154
IGY2653,0.04089668929578897
ZOE8875,0.3040113800545653
FAX4808,0.2065870141770344
VMM4007,0.1393081785881944
YMD1401,0.1269610548407005
VKT1013,0.00902957777421071
YKE1591,0.1237146799373206
ZNJ7114,0.3305132669784063
JBU9048,0.6005477776729462
RPL3665,0.30884676320519233
DOZ0297,0.1341886182540585
KXW3156,0.6346060163898982
XHI3128,0.40490099465058815
PEN6055,0.10478363983907768
KRV1729,0.8026545243262141
IYP8988,0.5590904436818256
NQJ5272,0.25216734973989957
IAU7186,0.30062823958099516
QIS0846,0.3528609777366542
WRB6555,0.8262505208140133
PAO8178,0.46370054738485694
FQB3317,0.3241134991087011
XOA6073,0.15468743355053405
VYY2200,0.6466165588235788
ASL2036,0.2409386964900451
YBZ3502,0.4387740328507442
PZJ0490,0.23301409005584572
LTY8297,0.034629793385186215
YCZ1142,0.06492154094954618
TCD6914,0.3809477934047908
GLY8970,0.2389640017144172
UFH6676,0.10903819269717345
PJE8049,0.0663711599468714
ZGL9870,0.2620208483026692
JHB3243,0.1228759650994024
QCT2926,0.07034351521369324
JZB8726,0.8371536230887394
ZWI7654,0.19788982214938985
YBX9273,0.42814829640528135
ATY7236,0.2565338515251088
XPU6142,0.036245365312690306
KZS3494,0.5208980842768628
YWO4932,0.31637831986290216
VSU1745,0.394438397835187
CUG6548,0.14410492810060269
JJI8874,0.2218052357517309
RNA2808,0.08226257457621149
FZP4826,0.18367623838774721
GYZ6456,0.14567770542136738
ZBN2884,0.23669109568290128
ZJQ0471,0.1560447306396392
DLA5530,0.2951114908820669
NUT8542,0.4008263712122391
VNK6354,0.909252973072271
UXU8427,0.5510987918537706
GFD3985,0.36619120500908864
QQR5737,0.22000620054427072
AFC7665,0.1218918272479195
SLD5495,0.7832352929974966
VHD7317,0.7597263009599311
YAL5508,0.13967344907661958
OKH9384,0.40341431517239884
GEH9340,0.16773342591250506
KDT6136,0.13706541040402115
PGO8069,0.23109734058122175
PLJ3715,0.24697587812334387
BKM1964,0.028485209031478338
ILT1034,0.11485430793267262
NKT5664,0.4469142432574817
DFI0560,0.1911475207170029
WTZ5124,0.8152967627400505
GJP9524,0.27357175960972835
IDH3670,0.5231538075180998
LHV6715,0.7017265881595814
SOD1257,0.6272251404320318
XUT0094,0.13674431251396507
WLY2791,0.40208858325911967
ZJN7497,0.10334036129511177
OTP9424,0.5500962822661647
KOG2427,0.5087491879765232
DGT2607,0.13985932683363145
IGV9153,0.10199707059479429
SNK8485,0.15530504671996856
GIH8293,0.18750656266780746
ZYN4270,0.5628368292994812
HAD5689,0.14197972496407124
KGR5948,0.25269392891780157
XRO7658,0.6582286440041814
YLV9908,0.4283776533507018
EAP5638,0.6570128471649849
IFX9842,0.21280470511387464
OMU3958,0.0422112574055805
QFL6187,0.3386600243812888
FVE0231,0.08399959312063746
BYG4627,0.8459704746109439
GLU8969,0.583716726529655
IZD9452,0.4327503785548213
EYW4468,0.5567748230121137
AGT1201,0.15502406398483803
IHI9922,0.4477953497452069
QRN6335,0.022849709411318943
FZU8851,0.45114053256735237
GYP0381,0.05167443446187981
NHT4249,0.0800040324092018
FYT7747,0.35137949507969474
KMR5833,0.4732035021369099
XKY8972,0.4969417316634835
JAG2909,0.1651133568416834
CBU6594,0.41887404663112715
KUP6171,0.20008380364575784
WJC1017,0.5215117237017378
EUO4937,0.11423155538298105
CIU7319,0.3715155124710222
IHE9927,0.05777033470477884
TPK7407,0.10956170701908607
QGV7700,0.2579307475133875
YND3412,0.17972449123402082
PLP7642,0.6671233884010751
QQH3030,0.007414059948221023
XGS7797,0.33954247542558397
MAG9468,0.05735143847369121
EQK1178,0.21837764970305443
OFC1169,0.2730717684165177
ZYB3704,0.17322422520371789
TXE9669,0.42045797539913454
EDY7478,0.2335926816643513
ZRM3482,0.106988276402223
OLR8983,0.44156381872544387
KZO2848,0.18217087532092893
YUL2449,0.06242581664264884
MQF8373,0.5620827276054359
JIO0650,0.11537203030614339
YLC8229,0.36958234923933614
CIQ3019,0.5999770819208422
LID4577,0.5827475384862097
FHF4230,0.5926050832727985
VHY9741,0.16142641331417174
ACZ6656,0.9380386260509994
XPK9673,0.07419161623234084
TDS9357,0.23431594777245185
NCY1055,0.026030962424040686
YUP2078,0.06514171799569116
NFA4698,0.17604706072209172
NGC2448,0.1542988900827606
MCP9761,0.12493471583031657
OWJ2412,0.0833056122598763
PHK9684,0.35977307357269245
BOP1305,0.08679071454919184
YGK0608,0.2684560127861875
BJV3737,0.35172901049908323
QAD4506,0.0948123184683875
RCU1459,0.4463954024164823
ROB4774,0.03974987586077238
QPA1500,0.30087788298257895
ASI9484,0.6014505146526258
ADC5158,0.15833311053654964
TGI2756,0.8329529478316092
XWZ0948,0.34781944964070444
BCZ6218,0.23386640355117388
AZI6548,0.42213999583009615
NJG6414,0.1477486495078746
RYT3911,0.0854391849465985
FAH5419,0.11036623434333805
XDW3658,0.26283060663143604
YFQ7483,0.11852053492791613
OLH0534,0.024615507774026785
MOW4518,0.7504421839285074
JLR5477,0.2232780404337821
RCS1192,0.2719674316945683
BPH1146,0.35247794826507417
FAG8556,0.03622985196195712
ASH8711,0.18445570321209853
OZI5872,0.5542658576397697
USZ1437,0.3646289680339802
MUX0020,0.761794347741448
TCL8035,0.2395406817585287
FXA0346,0.8616539827483713
DGW1711,0.7475799174921255
MPI3843,0.09492854928047968
ZGJ7391,0.20282766884055264
UXU2443,0.449210911632899
VMG4433,0.2690606251692119
YPL6662,0.3376819250648776
XZI3703,0.8554273075073808
CHM5321,0.07622098875209428
CZD0003,0.055859233708684994
UAE6199,0.281527222109329
ZHP3348,0.6326600511743617
CAY9941,0.43124748943517976
IDA0149,0.4142700646160814
ZRV0689,0.3120568743813895
KAG0964,0.24450853208873402
BIV1231,0.605121505988522
OFY6640,0.3844586473944088
DCD9303,0.07162141210393706
BXK9899,0.5065433427448941
ZFH3397,0.15217642161662914
DWF6920,0.0646191184355905
XJB0970,0.3836798775726198
YVY7207,0.15511943805009115
NYK7788,0.6753754191678751
MLS4709,0.7779089982088199
YMW3766,0.6720479673889109
GTT5147,0.11979194352557333
BRO1762,0.3087666388101284
JWL9572,0.2894291887315209
WMD8920,0.4313053951180616
EAE4795,0.24873204442595623
CGY2385,0.24285145801698363
ADX0708,0.2570280057185976
JGD1227,0.15320443103742257
ZQQ0815,0.07119410444946629
LGB2539,0.37180432508850175
DIY1538,0.5601128658380693
SXD0066,0.4220642694108429
DHG4347,0.27673054409364173
IVL2875,0.3675833900179769
DXJ1576,0.4208873018904557
XXD3056,0.586023206406071
FKR8136,0.161653071048552
XHS7469,0.5926990740022534
JXY8304,0.01585231828676479
XCO8396,0.6507004645435348
SJW6493,0.4596141221823262
WNW9509,0.6204813715663737
IIQ7956,0.24788196595774895
ZGN8635,0.17901152101611606
OYS1674,0.20543726596103337
LFN5026,0.1653143902398226
QFM4433,0.1535944094539354
SRP0203,0.3153462533871386
GTE8180,0.3418547329613905
BUV2825,0.1995846588956208
UXO7662,0.16356973581165465
FBP0568,0.46139423594092155
UDU8112,0.14431715605515766
PAO7740,0.48392712818497174
YAK8421,0.3207996576966357
GVN2038,0.5172327235600492
ZQP0382,0.02205543453562014
CNQ6513,0.21655541911811627
PUY6632,0.3298307763871489
BVP7323,0.11698377744598167
RLM4016,0.37099657531478514
YFG3055,0.3774174565594165
IWU5623,0.5643559404890208
HRN6899,0.23073759559085655
QEE6261,0.41454234504012155
MTQ0293,0.22359364102947205
MVC1429,0.337009735608666
WRG2254,0.13731072214671416
ZCN9897,0.017705692572354385
OZP4495,0.45045786259971604
DLN5343,0.12135982857822993
JEK4684,0.07575497231594483
SJL6931,0.3264619536774044
ZSW8276,0.5688293358140865
WSV2609,0.7122510937559268
MHV7737,0.31931247595267853
YRR8549,0.05032500193766435
ERV1528,0.51503995961188
NOF6559,0.41168098902027017
TBX6932,0.3486451211632605
TRM8176,0.6993704958920164
ARS4511,0.2305983788426564
HRW1770,0.3442531882798846
KBM1789,0.6756625350984111
CLS5313,0.39827161147092355
SYP7066,0.10130445830218399
BAC6711,0.09226652110773427
SKE2290,0.4297002084558203
JIQ6981,0.119733388147054
BVO7960,0.2210398189500708
ZUA2626,0.6117015388864865
MSG8259,0.13803958939014793
PCC0360,0.10644959593442689
JFE9003,0.420453783865285
FLS9182,0.6197553255233504
PAM1280,0.021412167136317873
BYU2321,0.21886870838422215
CXM5506,0.06113890155852356
QBY7302,0.2285065461676375
JUK1901,0.11697367166277615
BWP0584,0.10959308895564118
UXP8211,0.2938763796131601
ZAY8802,0.2483508365113329
QGZ5092,0.2366452610332625
PLT2750,0.09915312941977958
RET4270,0.7017491075757143
SVB9714,0.2853976772006928
PGJ2505,0.42402313547138015
XCR2667,0.43291326866049945
RLL3403,0.1280245432900646
XMP9341,0.17071860885008602
WSF4408,0.0990696238457081
KQS5528,0.491581533729731
ORQ2079,0.07343508279556056
DYG9890,0.4719018054492993
JCO9274,0.1946578592276725
RTZ6364,0.25635545203575716
MZW1799,0.31697471938883404
EJB1355,0.4321002657510206
DXW3959,0.009824676873277241
XBW1111,0.3781278593805401
KBU6474,0.03242447865016755
FCK8370,0.008611226685552822
DEK2690,0.5659912049303095
AHU3775,0.45628619841227636
OYF9560,0.264064664174063
PPE7467,0.15898307042215967
QFZ6666,0.34362357456367476
SND9604,0.2593601231031899
JCH0911,0.2529085440881544
XCZ5219,0.16661189212117317
DFS7754,0.2499999214616265
QER0038,0.09211683482813393
PIQ5708,0.4194158103315063
SBM3940,0.004777093404001715
REU8468,0.8898658567978176
KUN9469,0.5677792352345019
FNG6130,0.15182821337318453
AMV7041,0.181347044063686
VQC3734,0.19570450731322905
BCG6211,0.4622710931372039
FCV0094,0.42574035555071194
LJO1761,0.17865899222647516
VXQ1519,0.7255886925660201
XDG0394,0.2825606893208276
ZCA2183,0.25216190797412125
DEY5036,0.08975636353120854
DOA2936,0.06882528850380967
ZBZ1111,0.05860280626340454
KTE4563,0.366086080609008
JHM5827,0.22699017582620742
IDF9791,0.045590116322261516
YWO8363,0.5953045473886259
ZQU9039,0.8880862089566582
RLW7170,0.7253673112940537
RXK9841,0.280806408733977
ALU4463,0.5296693362825865
SFE0721,0.4410858275309606
SQE0323,0.512089844017798
QDZ4395,0.7239096945881496
GBJ3518,0.3106045152627746
ZGE8545,0.18056994886548966
XKA3092,0.2116167113057798
YKI5936,0.4203107179799264
PZK1377,0.3195574318697721
JLZ9491,0.2571073235823744
ZVR0041,0.1848382851718817
MJP3198,0.3889594228717125
UQE0138,0.021306365191474073
TUW0269,0.5316958626380084
ISP0465,0.3308913633570518
XAL5847,0.9291464344439017
PRM3708,0.4026691530657219
AYO1985,0.2015842657056145
EGX0726,0.08934122877967855
JDR7035,0.3879934915922483
MSS9255,0.2188699443664384
WIY7208,0.036489203074223465
VAD2698,0.3718518556836535
ITS5025,0.7796804353386261
ACG1389,0.09140689203223813
JNT1094,0.06673933409372157
SEY5120,0.28807121144277553
XDA2651,0.3027151201859349
BIL0129,0.10104564170303049
TZN3360,0.5091066451397463
OHS4922,0.3119586716012874
YOJ2699,0.10859349719990909
HUM6721,0.13052982338672428
EHP7372,0.6773548163619663
MDW3871,0.4764562335251664
HAM5349,0.2821241888211201
VVV0077,0.4037171855451142
JYP6084,0.20194615664127108
AZX2542,0.005395893037655713
QKX4992,0.39820862652350975
VJZ2239,0.24656049907489058
ZFT9927,0.2710740714472431
EPV1130,0.41622806880029123
ESO4684,0.6262453838698665
RBA8751,0.4481341567019176
IBD6200,0.3792032852418693
TCC0838,0.03950091805039513
OTO4045,0.6253539370628519
FQZ1755,0.12212116366454824
TKQ7781,0.024639658619011004
GHB9539,0.015410798356726658
QKV0677,0.2852542757250953
MDC4556,0.5166983129470194
OXD2801,0.5921694504290477
AAW5921,0.3702631609586583
ZXO5432,0.4789510495063669
YKE0773,0.5373425076239886
ZQT9439,0.5197318759602573
BBX5445,0.12486893434107726
OLD3422,0.720955232277284
HBD7837,0.0714938228873089
LII4395,0.15874666138812538
VXV0165,0.4032021333277266
IZS6375,0.15158475157947052
ZNC6270,0.829288524986363
VEV9487,0.24039580375573608
KYX6211,0.175447594731553
GRI7834,0.5526807625240857
BKJ6883,0.24021341603497257
NHZ4308,0.4598827281120541
IHH3352,0.13162742534741212
WGE0940,0.5504175014863626
JIY9209,0.4826467984254773
RMW4099,0.7143228142363313
ACX5394,0.510077955104431
JMY2884,0.294626140888767
HNN4412,0.22532682776613633
ZRE8689,0.07803068967781318
NLX7791,0.028342688486646034
NCE8146,0.6589826738843234
PAJ8142,0.26366120113521535
BXL6079,0.521848880102251
RVE9218,0.23849979654689868
CYM7511,0.6125947899336162
ULZ7896,0.10446686610289481
VFR0394,0.45190794821632085
DLM5418,0.9507048947104475
LJA7283,0.41794332563680914
VJJ7556,0.1222838078458451
MSY4225,0.2730343599450456
FGM7178,0.45945360000287505
KCA2760,0.32658486296477385
XVI9392,0.2644822529777512
ILG8180,0.8014361028848282
EJA0426,0.14972309192703298
ZYT5283,0.6235684032747227
MBD4028,0.6065089927422664
DET8036,0.15598360949840315
NPU3306,0.6193326624298939
MAF5198,0.684019317493583
YVR9937,0.7207491570414759
NPF0956,0.21503467650343358
UMZ8342,0.4527463701115954
CTA7936,0.08587006809634744
WTS5507,0.7492270205143859
YHU2823,0.4909734586123101
GCI9262,0.04851379479493383
JWG0958,0.4727962296329625
HTQ3691,0.17066667723921441
JSY8006,0.4518369030322251
BDL2992,0.6998922915535485
PPY3602,0.7850502154388392
NRH4217,0.099694565439884
JZU9096,0.3048112805125369
BEC9902,0.37586254248389905
PUK3777,0.4838215431347421
QAI2611,0.14341431788297265
SZE9978,0.1894524480686404
ZQB1293,0.18689369221792854
DLT6582,0.2443237482920823
MBP7717,0.36646010159685
TSL7315,0.5486197609327194
ILX4971,0.811825899388686
VUT2632,0.1990419026487179
NHI1174,0.5172631108469931
XBH4571,0.025431649860216413
ONG0233,0.2881540004076784
EOT6883,0.037951342792149075
WAA4403,0.1409600546867226
NRP5939,0.3864739412922476
CFT0261,0.05417885390403627
WBB3199,0.14807030136739668
OXW2554,0.01582800745342689
OTX8021,0.89753103213762
HKM5973,0.04289597888518971
WOB5773,0.428663127363858
XJP8738,0.07306619518208299
OFA9596,0.48451349428407814
YUU3704,0.20349899693499848
DAA7058,0.4705940221550865
QEI4621,0.19823242429833804
JJN0270,0.1076357589945358
VLN5464,0.08686520472701391
TKY2278,0.8999930747564362
QVB1146,0.9360439194931456
GZG9726,0.07735935017581481
WAG8989,0.46925513369693456
WYG7915,0.2249248680418679
JKR7298,0.11236718765236488
NKC9965,0.2918990127562437
OLX7030,0.3307758473073951
NUM1967,0.1158780355676317
VPG0102,0.5536479984361552
WYP6798,0.4640651797460812
XVX0001,0.19312290734569568
ENE5821,0.3441424012137819
PXT8963,0.16186271704809252
NAK6905,0.7338988952904733
ROJ5124,0.40058188035032477
EGP9963,0.16157599987803684
EJD6191,0.41000930153146814
VVI9738,0.24703644544558542
GZB6774,0.35907960827370083
ZSQ0383,0.043370457751939345
VMN2008,0.5287091928504782
VSW9307,0.2259201209992053
SXC7989,0.04175605255586474
JRP5911,0.7120328886688383
FQM6684,0.2791941572260311
JTZ1972,0.3643169118023393
YRK8678,0.29188647692161906
YUX6245,0.3010665274169462
OZT0083,0.2445555954049489
WWU3357,0.5364253007771063
GIP8061,0.02586264267792813
GAP2506,0.2546671354921731
MTV2911,0.528786291247604
EYC2947,0.29632659333203926
KFJ0398,0.6610050534276888
KVP8638,0.24053078570097106
IEN7559,0.5048339335993894
ISM8366,0.27275099873763875
QRB2092,0.10633966115708014
ZEF9982,0.3427122725836392
PVQ8431,0.03712570534350164
JYR6904,0.19985447989556593
VYN2284,0.02728990243748755
RRD4317,0.2968830625329051
SIW7452,0.38417303437683303
BNK6722,0.7070579248596861
EAC3647,0.06117830790574421
UZY7255,0.07007325668927641
NJR3268,0.15307466855288349
SXJ2106,0.828899179608831
UOL8150,0.21924347793479645
GFG8118,0.09298032861234481
BTJ8291,0.06014565304806103
IWD4843,0.1877871182399006
UJH1928,0.12091093565636202
CTQ8211,0.19515999467002915
ZBU3909,0.23029340056877218
CHH0005,0.9240755772473066
LOH2075,0.14180017436585637
SOZ9505,0.16920509002329304
IDZ8560,0.596807549780541
XTH4023,0.17316028847532663
QWM3456,0.1548007931153376
ZWT5514,0.10924860334460038
JGY6248,0.631117687560213
YNI9415,0.4954902635351511
YHB7736,0.9174330191527167
HRY3458,0.9177066666567354
NHO1841,0.35391173083432553
SJT4275,0.01596376448513517
JBC0455,0.312278214356746
YSV6272,0.42591795073807803
SYR7039,0.04709292863515081
VTH8070,0.055085265330703785
CFL9774,0.18274131314932532
HWL0255,0.46894151220399655
PWW1560,0.8487603789615812
ZXV8075,0.12749886684383083
AEI0906,0.06815637060169187
ZKT4898,0.049922830537964855
OVZ2889,0.36253273756409155
JNK0707,0.03750660556854349
FHI9082,0.6525331293147403
CZC7195,0.12632962041802692
EUS8425,0.5840397172301243
VQF7120,0.11434887565990492
GZF3442,0.44520856015937355
QHH8798,0.28573547054943754
SVY2210,0.27505462466219577
DDE2452,0.0963559461469106
UOD1909,0.09036387880280546
LFI5893,0.2482628371578416
VFH7810,0.17982052208187763
AEA3832,0.16419685686035396
ECF6645,0.6609471686338093
KVT6536,0.2881230687276429
GJR9253,0.48355231142205635
FMI2663,0.04669424845876216
VQF2039,0.49829226760382134
NLZ7990,0.3829305864814476
QBO6904,0.3093716337039843
ZBO6514,0.5219116105349857
AMJ7143,0.10586940581919367
PPA4216,0.3566787360551933
UNG4672,0.01356552398044187
JKR1254,0.5302768218058707
VEB3556,0.03273510513819129
RMY5487,0.5028015237497363
YAL0969,0.688349211432485
PWY2348,0.22356936016423704
IHD5140,0.3166030132291904
XAR1535,0.412066685188821
MOI8849,0.012590611533773688
TDA1772,0.059950943170489754
FRP3664,0.4387604391056601
QXQ3920,0.11516669626917067
WZM4928,0.15659065678261377
FEI7112,0.07210827034337743
ZWH2382,0.4473569642816193
YXE2782,0.6400026972783294
RYR6789,0.4292424223376504
DOY0839,0.1664528428653796
KOZ7559,0.2960245137061278
CGG3378,0.5590510880902877
MTV9217,0.11795398379956225
AEY3302,0.49923159102531606
SNN3415,0.17062112563826473
DLH2120,0.44872595595755654
LMC5561,0.1631431389398794
JVR3739,0.05170679128237701
YDK7231,0.22955880887954208
LKP2717,0.12999140026849854
NLD0288,0.5665242842398529
QWZ3328,0.6742311687023395
AQB8755,0.28147890144916465
ZPO6482,0.47545464851490055
VJA4011,0.0370049218750751
UNR1034,0.603079680476855
JET8498,0.025788750514067395
KZM1206,0.6776233780821557
ZHM9357,0.24794144117347325
DQJ5519,0.39463084308292506
WPQ7065,0.10634178816933093
ANP6398,0.35183666993125506
TWV6276,0.11319846013578988
UIG4581,0.06805907582448083
MCK4510,0.4555172944787869
WCQ8946,0.2680337512176295
VPL5439,0.3495054833975027
QUL4939,0.7074673380957371
DTB0595,0.3364254030545389
WGZ0312,0.13999155869268548
ORU3710,0.4875362511787589
BMU3842,0.3642146191507439
WAS1041,0.3456255194716314
RUV8304,0.16051433141899246
NXF7025,0.25612951844558174
SMT6291,0.38547851390800647
COY6762,0.3194851114641399
UXX8278,0.1390178691863294
QOP8824,0.09251182778149802
XVT5952,0.39495644962742527
HWE7781,0.26725513492439584
SRR9343,0.2650308524305901
FMT3981,0.07246614297090363
RWK1255,0.3903018398724988
GUX1313,0.46626764019876693
VED0121,0.7096583902833241
SQR9285,0.10946583715750909
PSQ9368,0.40260613569945036
DFU2564,0.26761991447206573
OLC5603,0.03357499582399664
ZAH6196,0.5848814906540015
GQZ5053,0.12097638765668378
NSL2545,0.08286300578864535
PRO0137,0.36365778948413074
STU0764,0.06997869440219073
KTK7805,0.007613296710128664
EYS9609,0.5595925377163155
KZG5885,0.43292135178384017
PCB8761,0.06613614544720636
WGW9568,0.7512170165282588
BEP3948,0.3547415004578619
DMJ2590,0.3162875225310545
CTW5615,0.7498888703983241
OPB8278,0.580882599665831
CWB2561,0.7736904415539311
XIJ2478,0.06611111467914436
FDX4097,0.19126421200972124
YJG5740,0.4893930885134839
SRX6811,0.04606495281121682
PRK4060,0.16214935969876193
ZSQ2949,0.1461206755257033
HES7557,0.25225166981716024
UWQ9670,0.756307957014269
BAJ2081,0.14262342442712928
DXX9121,0.5845129102170138
VZD1340,0.6126789227239312
KCX1429,0.33112975286739127
JUZ7305,0.08094673750596423
AMD7755,0.2910976478264529
AOT6315,0.09885777714336623
YXO2209,0.4515072395821217
EWV1407,0.24657107218301572
GWG3380,0.21899199718768178
YUU4145,0.7803554868435594
TZW5104,0.2756331479070338
SVI0226,0.6476106190314913
KOO3080,0.3894619107917804
RCR7780,0.6092235818165929
DDZ1864,0.452912026550771
MSG9202,0.25644747851212946
GNC7973,0.4228717251845672
TNB6317,0.03596688202873084
CKP5184,0.8354045899869397
FAN3835,0.041399857416750625
ASP0506,0.2685927323556011
XEP8902,0.09953592458751008
GFQ0333,0.14047705431036275
STU7442,0.059685842988296246
KZH7721,0.16776301075746636
QFV2858,0.8253661788985098
CNA2475,0.0903182416067857
VPQ2939,0.21983115450696813
XTL1241,0.14908398454553612
RTH9839,0.5039531336589461
YVY5308,0.37582415249467976
FZY1694,0.5864488483752985
YCA2616,0.254550251424996
HMU3975,0.1208761117802708
FDU1357,0.025077848498504005
COI6888,0.5460682118214661
YQQ9816,0.5548809832424504
DCJ0598,0.021508255459252563
QAF1690,0.17136377393136853
SSF8640,0.49038901375704497
QZS7048,0.4844138562031259
UMU0017,0.00235238183613312
NHR0599,0.20069184752719427
TBH5424,0.025801965482973102
ASQ3055,0.41484581473947174
YJL2807,0.0816146519800752
REM8079,0.16803141794008666
PYI6606,0.45029111710022646
FIO0648,0.6172305048948542
KCL5134,0.16799453298346836
XFA4921,0.020160052296619366
MFS7445,0.19903962138411174
LJN7166,0.7683940434236228
ZSB8267,0.5272599175998072
NOY2382,0.06913821102421731
VID0540,0.3162659961419734
PUI7231,0.6883629195168863
DIU7827,0.09029636564366911
LMS1840,0.10349257661507241
JSI0972,0.05938489777343345
VWH4510,0.14604354914553067
XPZ8442,0.14825527832998855
IVR6080,0.11694326295276733
DAE7056,0.11612296242461238
XSF9221,0.7228751432781265
WDQ3723,0.7380335767672012
SDI9085,0.04189257837784408
SZA0713,0.8401506346005332
OHE7288,0.08068900558783985
RKN4919,0.7581059244208446
UEP2190,0.22098081297857966
CLT5723,0.007671314643714754
VJI8551,0.171637156736259
XPK3889,0.6918444174795922
SGT3305,0.09770436574431421
SAL4070,0.06312445676763265
WVM8211,0.8315003416175039
PCS1722,0.08287965814086173
XKR6147,0.6850314910704617
XUR2232,0.5748574255387523
JKT7149,0.13061929562717636
KYO3320,0.5436475114159212
BCR7281,0.11994276709081893
RGW1489,0.17123102497828058
AXN6618,0.28282753591530957
PJA2115,0.17314994771160117
OQO8884,0.5433982260544195
YNZ8560,0.4070898544712983
DHB9103,0.295380524981107
YIO0165,0.49102324977249584
EPR3439,0.3406356124965786
BXC6882,0.688385307771212
JDH1113,0.09269157557701349
ZOI7409,0.36825905222478017
NMP2912,0.13631907794557685
GOJ4289,0.5486950171443293
XHX1364,0.7931252781854352
VVZ4851,0.4881052964843806
WTK2653,0.17675647725924776
MAE0737,0.4223582822971665
IMV3149,0.2786897357442002
KTR9193,0.360090207606478
TOD3591,0.012992353737302422
FRB8474,0.05952472379654503
QZV0518,0.23900165248822272
VIP6808,0.01032820339388103
KXI8109,0.2336565137546755
ZFJ7032,0.6710446798026742
KFB2661,0.11231038866599066
DMG4116,0.6022733802302045
APL5877,0.28209658423866657
THY5809,0.52112508030737
GJJ4558,0.12076800005238442
BPW7388,0.34812745321918603
XST7223,0.6301798672961881
JEE4921,0.0511952250641793
LLE1425,0.3296247253132606
KUE4150,0.5535445996905314
WWE1408,0.027910559656071803
RUE5821,0.41469221743795615
RUJ2756,0.5788060468089377
IXU0926,0.1993466906997118
YBZ8802,0.09076853665564465
KKN8936,0.5673249183832683
VMI2245,0.09249593196933929
SMJ0545,0.16943957338706142
DAS8749,0.33691683104941383
YER8134,0.43763136257251595
UYH0872,0.06545950493398554
ZPD2531,0.7123479695905436
KTL1545,0.41584041946270156
EKQ2049,0.2766849035247229
GJL6540,0.3661453561170157
XZV6966,0.6917677763959703
LVM7923,0.2942938293371968
IEB7788,0.35424454249364834
UJV8655,0.3127481940539473
GMZ9526,0.7339275362138626
YBZ1017,0.47998518156082676
ALX8013,0.33002179991884656
GER5584,0.09831952400753213
MWX9044,0.10484455043212795
ERU1857,0.17310472404032987
RVZ4998,0.47355211233950545
UEQ7217,0.3285438401004431
WNU3314,0.13938914878795827
FYP5922,0.14084508111532879
WEW4166,0.8281341482135645
GQL0285,0.1439499936117032
GBA5352,0.017157607027643938
WJL9492,0.2012451118969601
HSM3570,0.09767517458510656
HCT5417,0.27124000575646745
HJH6473,0.7127835011202678
OGM5986,0.15722290412688655
GLG4293,0.04389770617372294
VWN3938,0.46587091758255006
GXA0045,0.0805439552961834
HYI7006,0.4807542970048865
MKZ6848,0.9085895879546005
KDF2835,0.45421148728707883
JKP5380,0.12044049893579886
OIM8727,0.716624993621297
VUI2290,0.11934708281565484
WDW2129,0.9143544634523323
SAR8093,0.6199078115534606
RAT9039,0.15052851573368894
WIK5954,0.02046074735159931
NVL7088,0.44636902972344694
QFF2987,0.4453895682706649
WOQ3211,0.4350816076231588
GWQ2895,0.5583572968820628
XFB2979,0.1742774451280373
JUR2499,0.42480759011856317
FTD3973,0.49984525345215647
GAF1548,0.022034423138397572
CFV3986,0.6999703484147168
CWY7712,0.25724998821939776
AHR9467,0.12237534286637905
MUR0716,0.5901360799466175
PZZ4271,0.7215733809774968
UMW6557,0.45097017492755676
UDL6067,0.5321664629117139
ZHI4043,0.06089667730355684
BKU7239,0.06636701680432695
AWV1442,0.5328386869455731
LTU9152,0.10815157293215141
GAA7231,0.06145322689474504
TYZ2295,0.6483093741505421
TFC7836,0.09438522527696054
GRX4717,0.19822207062998198
PHZ3014,0.02628168787590361
SQY7131,0.6988062640248627
SZP8923,0.1894931848497448
SHF8940,0.26005835257671833
SIY6976,0.44605109737406545
OUU7553,0.7430270869314453
IZY8370,0.3001370565257131
UFP6673,0.6824181111174217
YCD0298,0.206245639475046
GYV4279,0.13264681983772944
UOH6028,0.533862698580969
URM1669,0.2859882651085519
WOK3312,0.2359938254739203
VKM9785,0.21702316362043375
DEY0553,0.1796357760807329
KOE0267,0.7382921648286279
QDY7816,0.39417982176579786
VQI2890,0.35480370538795886
LRX7049,0.20023431363727523
QPV0099,0.19648628144469482
KRV8762,0.21036676881754676
VAC7571,0.4047113371712206
HZB5860,0.090822780839651
SWN2244,0.4868191483657035
LOO3134,0.12240322633674246
CJC9458,0.9450823730813059
RGQ5084,0.5125067839292646
QTL8583,0.0438306943010527
TJF9910,0.13649278392780537
ZTS7674,0.32435826463396333
CIF9346,0.6126852848738141
PLT4718,0.11032105765475221
OGH1176,0.1038636869904915
BBM2431,0.5552276696244379
MMC1438,0.20752723193119002
JLL4117,0.11438759693259606
SYK4331,0.45390214985383004
QSY9890,0.19057256292046
DJX4643,0.03154086886784659
COJ6421,0.1902709716867531
HNO4349,0.6617807331214172
XAC1384,0.6894945988392033
VQZ2493,0.9791267977392201
AOO7588,0.12706886316300156
NPG6848,0.589312486588264
COW1344,0.3252491197652494
MWE5697,0.2955418484798916
VMY8506,0.2579916497381505
EML3806,0.8422036429705317
KOM3157,0.028922248505397874
OLX0382,0.28976638417745326
QAA9380,0.11836642577754923
ANW5580,0.261777460186942
ESW6215,0.11442603276771317
ASX6995,0.01425804462629144
POP5770,0.009884480221113977
BAG5404,0.664462376466789
LYG2422,0.6454022098800895
VNF0722,0.0767219200094567
JEH6392,0.3066537259521575
UPJ1865,0.25881731963535815
FKS7618,0.5904069223176155
ILV6048,0.07814503227421647
MQI3920,0.17501769246291152
BYF0970,0.2618444483031276
WCO6481,0.37495180841712383
KLW5610,0.2837399994835805
TRL9207,0.4563053141539498
JXJ5162,0.665802473803613
IQM4120,0.08587885617491682
FTE5233,0.3280703507832148
GUD3977,0.29229135446811955
ZPP0234,0.4880586280163076
EEF1466,0.035273347623069246
VOV8606,0.45145434186131467
HPR5191,0.2703564108689407
LYA8405,0.4295768049131665
WBU8735,0.37205872296630654
TQR2275,0.2525436028201932
JPW5875,0.9440035037263691
TLJ7924,0.6207481319245695
XMY2043,0.07314625778385726
QRO2231,0.38916358289207215
HLF4845,0.2863408237940695
UJU3717,0.422720204375881
ORB7785,0.06672934290056069
URX8712,0.5026347430567637
GFL4830,0.33519041813010414
QRI3011,0.4126084325160935
TWL7361,0.14620307635171165
GSY8311,0.43271452139962074
ZAB8662,0.1579391321659027
INE5446,0.34837637032722063
NAT5345,0.3209732239651713
BUD2177,0.16553119388575344
OGP8515,0.14769785174789102
QPY6663,0.1498671730240881
RLJ9691,0.1477714315155002
UKF6131,0.7746615934674989
IGK5300,0.023518336718403084
BOA2857,0.29718567691351194
OUJ7375,0.4485204362741926
ODW2622,0.5895473043814456
EFV9929,0.7576250653406131
UMB6250,0.17779131330565281
ARY2581,0.030117416313761438
FWD1267,0.5587349405818522
QWK4961,0.7564612897307434
RWR6816,0.0892901647719777
DHZ0702,0.4359893985517608
CRC5041,0.48451202973976665
XOF2459,0.4828114869327809
WKQ9187,0.074096083207947
AZV9085,0.26214473110638
YSZ6492,0.624881774488185
CNK2218,0.380911506017464
OBF4098,0.31578338701051084
LMY9061,0.2735292304675489
SPA0324,0.13582690433639297
QMB9576,0.06682315035462562
EPE0986,0.3434685919740286
YPH0413,0.5433537719891518
RWU2048,0.07938917497379933
XXL3715,0.1063789850262334
LMY8761,0.8638695939117017
VZX6168,0.11625245539040521
TQC6813,0.158820597163699
UDQ1869,0.3109821856783727
DNH5723,0.7375602079915772
QXG6300,0.1963841173924519
SKP0307,0.026017150050505842
KYD6619,0.27796016614995384
UBI4597,0.20054635312468602
XJZ0694,0.30104071418851924
VCB7873,0.44578379219670394
DVP8229,0.03916816539339414
ENQ7050,0.7126888960525033
VSO8083,0.10465834458193825
IVW3734,0.32653765018094494
STS4967,0.6836322823200133
NQY3007,0.2801197744240339
RPA2336,0.01275499105818914
NKE0904,0.1505509155537137
IQI3842,0.3582124539354392
HKA5518,0.755684262736346
GOS8577,0.19110325974711662
ZQE8717,0.013416608219628624
PVL0488,0.056169790736627215
BNJ8623,0.6822476695007522
GEN3250,0.45433544844134766
LWY0125,0.24929048488430416
PAJ0655,0.1974995776684049
DSJ8355,0.13052784317939986
ZTM3982,0.5400079565139013
GTG0544,0.09854997296620842
YNX2835,0.29729766273579844
TGN2850,0.15020746847163932
BXX5261,0.2872191984721227
HSE2409,0.20553198038088025
DLZ1901,0.18946095951827732
GEJ1320,0.4150294302729696
VWQ6022,0.10679982027440396
YOK7020,0.29036337493248515
CBJ3105,0.19575311280830884
VSY3899,0.17675354934166504
VTA4221,0.18936307738607863
HHB5509,0.496721863417679
TGZ6086,0.10886397408481002
RMP4380,0.2426845729326885
UPX5708,0.2772110324345231
ENL9282,0.17608766351826377
LZH7750,0.5952424299223043
IBS9693,0.09247573343345149
PKI0279,0.18760133215991479
MNM4404,0.196729141914942
LHG3702,0.4451483852341669
QXS2664,0.21552559388253867
ZJE8725,0.302451260252915
OJA7001,0.6332819299089673
ZSQ7961,0.05066863344062723
YVV8348,0.01994526659394351
YEM8450,0.8267401946455654
OWZ3181,0.33465377471487034
VJT5618,0.1246934885265365
IAD0845,0.24750745437806584
KSU8228,0.7086577192451962
AKD2635,0.21590952370598746
DPT3746,0.08664838820573147
HBB8000,0.037976395982960834
XKS7078,0.42364268592352433
BSW6379,0.44174108929527756
NMD9061,0.3678111512406365
DQB2981,0.247245056536061
CFD9987,0.368964770039224
XYJ7765,0.20087825679164503
CCO6993,0.18994870469509323
LMK8623,0.3171092607238317
MHO6527,0.05354976835481872
MPD1810,0.3107850202180167
BTH9628,0.08048445633217231
WRF4157,0.24115776738417882
XXN2403,0.3938087712119462
FFJ6322,0.4466562511224244
WZD2412,0.12956007312154685
OEE0398,0.1663063046462409
GMF4223,0.12514549019083301
EVD1832,0.5632629115469753
EAO6665,0.48288727399733605
ZTE0996,0.12891378509025342
WJI7604,0.14335421438323298
GXB5604,0.5181798604433451
FRS8324,0.2792881780349932
ICR2183,0.5658665438109493
SQI8245,0.14718124414166636
ZEI2787,0.6158632129603016
UHX8290,0.1421202381362815
TTO8119,0.6727347086168798
EWT7697,0.22996109255329247
LKC1392,0.388086702979403
KZA3127,0.4043260660469003
FTW6416,0.8629180963854896
GFW7003,0.7878540599949958
YTT4302,0.4731394139912466
EOE9840,0.2123494711003673
RWM7830,0.3369719616371039
GOB8336,0.15471373375959327
LFV9110,0.23452891042128882
JPW2124,0.13373911951847656
BKF9745,0.012062450867474503
ZRA5115,0.19679730064919276
LFH2159,0.2969128444942269
VMS1291,0.04508031809387831
PMX7872,0.8389059059136966
QXX7294,0.041708073155094554
FBP6560,0.03610843983306601
VEK2855,0.006881448491451572
ZVI3482,0.3348086119820533
WID7204,0.551437699464396
UXR9283,0.07186401460567997
GCR0520,0.0764685784844498
ECC9768,0.2043347044537497
BPF2428,0.049124988192597446
DEJ5473,0.1451355525185656
XYO6541,0.08377201684512124
NJU1327,0.24812967936885147
WSK2569,0.5259697824401334
MEY6847,0.700261917257596
OCI5920,0.15480431268932993
BFM7635,0.9757691297314262
XVU0737,0.07838534446559323
ZOS1822,0.31445217628754196
SKD0534,0.06540081598524551
ZBX7132,0.474785060416549
MMO9244,0.060245787923178994
PRR0310,0.03817420834309795
TJG4761,0.6133731657717293
BBN2496,0.04104277283526505
JIW5388,0.7708975269498443
KSN0005,0.44015059920747535
MOK8564,0.3941417079613159
EUB5732,0.4139135891811891
NLQ5109,0.3003122988005329
ZXP4295,0.18357502678871856
PAG8472,0.05205425625162455
LXR1978,0.20297077742682196
BRZ3164,0.17672187100440695
DKT7237,0.16128722621226102
ZCE2914,0.16384965633179946
VHI6516,0.24691044441150226
UTV4967,0.5840117354118389
USJ4246,0.46153971722086234
HWH1249,0.3190019665760601
ITF4864,0.5499462542543092
KNB6126,0.09969767524055792
QYO5313,0.185957479466507
WIJ2188,0.23106717881707386
ZBJ6751,0.14468867355775378
VST3056,0.03112018735754864
UEA4586,0.2916209724570238
QOT0490,0.1309684301000098
KAG3392,0.8186876156427967
SUX3398,0.003907877957820053
GXR5119,0.5494269061526552
WVZ9101,0.13844971128307992
XQQ6405,0.3664773952410289
ZWH9628,0.1081034872130622
OMZ6112,0.34481279274161003
LYP1066,0.7155737004804119
ERN5227,0.454096929067232
DOA5901,0.021598667281870668
IVS2527,0.10245867279390282
LJE2834,0.2166626328132034
OPH7321,0.3992440880355517
OWH9677,0.322635673973065
XGF4872,0.3930229527653709
PKM2654,0.16410680840919437
RVE3128,0.6332564896651167
HCZ1235,0.39206391546915687
QUZ4412,0.5009665107729361
AGT2111,0.1323574519371075
PSF8463,0.06777854272142905
KBU3273,0.8026456203884434
XZD4636,0.6849819817127429
DOO2539,0.22748985310867528
HFY8294,0.07590409902429764
EFC4627,0.49110304555340234
MSV3690,0.06900353410017253
TIR2213,0.7548754881134282
OHJ3283,0.17320402353567277
TVM6927,0.9224015348220993
TCQ4437,0.46532944252964437
TWF0211,0.26647682919395355
SCV6838,0.09747861219513047
DMN4994,0.48635008271044966
INI8518,0.08942927610080954
SDY1000,0.22726996703930577
JXM4061,0.13225312182266194
PMA6094,0.178988749211412
WTH9861,0.7368389773711504
XXB6736,0.1420421754917955
IJU7206,0.2884800246316415
RJZ7847,0.21371620101858244
BJK4564,0.024830568020487703
NDX0091,0.10762057838536399
NFD6321,0.05942542772570517
TEN1858,0.020621138186022243
ITC4358,0.4618567129643862
FGY4048,0.13199430535769863
CPQ0026,0.7007589470869477
PZA3978,0.018641312409309153
JOR3671,0.19498763724148133
PKI3568,0.14805682790977004
TBJ6999,0.48505080583999205
ZVM0946,0.053062197194653424
OQT3041,0.7888750984425502
DJB0799,0.38010408144074437
HBV5727,0.8244231114612536
APF9285,0.28217263754569716
UXG0628,0.2992810896088475
COL6410,0.8240383851102921
QPZ9639,0.33554957059493506
UON2161,0.13101249839870158
IUA6276,0.23497986692510836
SLE2186,0.28382165699623857
TLT4666,0.34231997936016956
SCO7140,0.6921375094069214
BID4149,0.35123190082353706
BYF4218,0.20442965568179167
MNR0110,0.4355973642386933
ULV2517,0.17439902986162825
PAR5191,0.47408535065727125
YFP3399,0.30955839670035423
WUZ3632,0.06933181747936504
QDA3476,0.2758896757209175
OGF7039,0.8398461190716163
GPS1812,0.4233052963533907
ZAJ2495,0.691154861633145
CJP5768,0.3687602969611311
GYY4735,0.03267798663991445
WHD6815,0.16206407999005598
RAM3944,0.16146060663740616
AHF2562,0.30603485978707873
PHX3766,0.21693912503442161
IMO2872,0.0641663532734845
CNP5354,0.06827757441035782
CTN6782,0.3349643104298713
PTO4108,0.08940227719057345
KTY2623,0.10412377885284081
UDY4764,0.8608527535560435
DZF4635,0.21219771193288905
BCW2803,0.2715834161943371
RFG2472,0.5889285716024146
EAF3848,0.06945499867647284
CZM2079,0.2707494008870788
ZKL4083,0.40794363079121154
MIK0805,0.0837639522108136
UZI2506,0.8382761181191702
XAM1154,0.6514317549203312
PVI6541,0.8263658081707843
VZG6189,0.8758927196511213
BRF5316,0.4375611279699661
LHF0941,0.37701583405720956
GTE5510,0.28347002616848876
GYX6928,0.31321870505509686
QCY9581,0.28072786037987524
JDV1123,0.3632297151826543
PXK5315,0.01952513810917279
NKW7035,0.4306743881228102
VQX9879,0.32330645011435405
VAD2981,0.7631617215796824
LHV7423,0.5646715533011962
DRJ3471,0.29269670980861
NAD7807,0.24837583099298594
JWY7649,0.23478015365298607
THO7074,0.36044399345380235
HXZ2367,0.7171166939819182
ZSW8883,0.1551180104883895
TQL1788,0.4237741412122069
MHA3207,0.6502947985713107
ESX7797,0.07153877128681098
AZN4578,0.021980692436761096
BVH2792,0.14970624501760904
EOL8504,0.2578890992828358
DLL3527,0.664883973961428
FRU5617,0.2581096226006501
DOA2423,0.3129948351064366
LWW8841,0.13619442761801673
BGJ1341,0.2424687093343228
UWA7636,0.37746328440599125
FNS6374,0.006662832638230221
ZKU9184,0.49446896507061394
MYM9229,0.3388735707511243
CNL4026,0.4171568190382999
BGN9072,0.5038952740482976
UNQ1367,0.014616197861916569
XOQ9765,0.26492596451329986
FTD2271,0.16232066204087822
UUM5139,0.6054516905434185
EIS3052,0.3551722006966987
JKF8552,0.4257255353794832
KRN7329,0.06201607448973399
OUO2432,0.16370794495170465
QBK4624,0.40967704167419405
FGN0012,0.3396335902366249
GAI2781,0.7649527916375618
KLU5273,0.02203378917993908
YOL0313,0.6686437555206255
USN6075,0.2056827272882083
SGK7112,0.42801271206938574
YUE5724,0.0295463078516093
UAW7134,0.08545361450629028
RHQ8345,0.6379647042577843
RQF2533,0.1384508031229775
ZBT6866,0.2687018066188973
KYG8599,0.10146620361437056
UPQ9522,0.039364171932124756
UCU4704,0.3641502488767641
XAD0851,0.08023475629901429
XPT9850,0.5406516488726802
OLV0463,0.41894875418508837
CUI5604,0.11726547935716979
WQU7921,0.09943977622629223
RLI5225,0.13746941451621567
EED2034,0.19620338025919054
AKL8171,0.11277086840101012
WEE6596,0.2258665422662551
PTJ7041,0.801753131866402
GDT0244,0.6147769665785862
RSQ4934,0.004898232764830761
VRX9705,0.7357780715617015
GPE3631,0.1281275955098797
JOW9926,0.7961957121703255
VIK1863,0.3659227047521498
NVL6534,0.3961931573294968
QHG8919,0.05703736913577114
WCP7148,0.2351604404093298
TLY9214,0.33842594759140915
DJK3149,0.2766311555561777
FEZ0727,0.1654024609360907
YOM9469,0.27567871900660457
UBK5070,0.1643802915091599
AAS0547,0.24553831209158877
VWD1732,0.26630462421390555
HIY9904,0.5011559501851552
BVQ7153,0.23006522073083752
LGY8368,0.4982984252860982
BMA3899,0.16962815911403115
VVX4694,0.05211487348584872
IMK2918,0.37236709509138516
YUZ6270,0.1552469152688432
ZYM9424,0.3298626468737964
XRJ2315,0.5435207537010116
IDD7799,0.06597524173850527
FRN8579,0.16652631261399295
JHU6135,0.20729334676711622
VDS1337,0.12427897744012523
PER4129,0.21275686113209552
RUC7755,0.5727105419536258
NZN0284,0.49707772838199543
UKP7195,0.8427319472387315
SEJ4725,0.46396507378004115
FTP5392,0.6832796045864095
BOQ7717,0.5418378807928594
JNM9386,0.3045439682141952
UAJ7272,0.006821649537586375
PRI5009,0.24734600046913618
SHM1712,0.05895368933163698
SWO6965,0.751343223217614
KFB9546,0.3689672944265781
QQB4653,0.45311546330082986
PHA0404,0.0038745916421187303
SSR4486,0.14266956008858095
UKI2868,0.12886480853759175
AXB2199,0.20739383460712923
UOS7094,0.4141564529759552
LYF6455,0.18536494131322942
LOS3155,0.20901680247280602
AXQ3876,0.3784828607643221
GWM1097,0.5136712200552184
ZEH8158,0.8926829581399215
OBD8591,0.7718977718534495
MLR5938,0.10613161683751487
OCJ0092,0.30635642748871444
OVH4365,0.5968490779773183
CYN9635,0.21300024286511993
BMN5555,0.05931050256984533
WZC6296,0.48195810468075984
DBQ3455,0.2658074178100539
OHA5515,0.3084446029276023
EHX4627,0.3066321492490273
LGJ9688,0.06940188720024072
NJN8094,0.2611799059946008
HRH3000,0.32528767016585924
THR1355,0.31534597902003486
LCC4833,0.16053609315617307
KZZ3219,0.6568257561962462
SYH8984,0.3729567460278107
NER9898,0.03930568143274457
CJD4837,0.07430056757063279
NKV5527,0.3380114270404205
LKS5211,0.06657632329319584
IAF6833,0.1511605719585964
EEU4202,0.050615855204615076
XGW9909,0.8027987777154176
UPK2830,0.01886906718508563
LII6921,0.3009054432506218
BDH0866,0.125891989438324
IIB5822,0.04115068018072071
ACM2835,0.9244020854465607
FGH1485,0.08961741747085694
HKZ7723,0.2604794145275227
UMU6066,0.43491812225001014
HXY8339,0.42584617125315966
XLD6579,0.2718581358892439
DHQ3602,0.16560750172442554
HBU7419,0.02430523166417263
HHJ7156,0.23766490425139464
LBN2287,0.13042385919093563
QTG3237,0.2833751314259364
FXH4110,0.6167164919712725
WJG4417,0.15791898385676814
RIJ0802,0.20437489941424924
YDQ3107,0.08734270114207339
UBK4003,0.4254566019102761
HVJ6067,0.08983584288701785
LUA3795,0.009439230742156943
NUI3132,0.05595666089587527
AJM7387,0.7441461350314247
AZG6236,0.4354158943981044
BSI2619,0.6048253991568082
DHM1013,0.19288078793253194
XKD9271,0.1855674521330404
NMU4177,0.425975474787678
CWJ2732,0.3665985470580536
BTH7777,0.06394140894375169
IIN3898,0.42370532958084434
YZK9083,0.1678161591081488
SDC0837,0.30373064287884927
FWI2945,0.21145243011787615
OMD5376,0.026473838848907194
REO1188,0.1961627921790369
FRM7796,0.45929668178323013
JWH4432,0.20907402453180265
GRQ8737,0.1875542060944299
LVV2133,0.12190037482732084
QQB8724,0.08734958748449645
YUT9546,0.26520475070545635
WXC6361,0.13585982203884558
BHY1451,0.18683185991335294
ZII1542,0.32762827804087263
DOO9843,0.9342529519715143
RZK1351,0.1678431454295124
YYM1312,0.0979677517338443
MMK7965,0.5600909731982499
TTU6295,0.9118834419765586
DAH6958,0.26510004252561187
PCO8490,0.8411736889338769
DJP3433,0.13448185380904154
OAA6548,0.3639216146147558
SFP2263,0.2703209178370949
CJT7713,0.11006715367968331
BJB0699,0.25239312417653437
PJF0726,0.11603532459370519
HPA0283,0.42620130966469616
ZJS3044,0.500068529134359
OPN6394,0.057197484002859816
UYM2119,0.07698417282278405
ORI6815,0.2527675972261365
PND7208,0.5177155563741026
HHH5760,0.2603756473690408
LIQ5670,0.1931868475213796
QUB2406,0.524544318186498
MIY0143,0.17149830184289208
MCG8811,0.41309596609689814
MHW2096,0.22192438635151182
LQK0997,0.16445080718971036
OBR4658,0.4992296530336756
QZJ3393,0.4884131667191683
RTY0569,0.014313122503141274
YOB4544,0.2045710589769646
QAL2426,0.5026994451522294
PDU5166,0.35614023299444
KUU2207,0.06328229321353859
NJX5033,0.4149598793542532
OXK7667,0.1938946778010592
KLI4744,0.04594286754806987
FES2855,0.07440657306861308
ZAB8325,0.8305332832330726
CQC9277,0.09601824591352227
MBF7782,0.3506536133844934
SZZ6788,0.3065785880693252
SDR4540,0.03323775707468994
DIL7710,0.7930942543171408
TKN4878,0.47480534253793
XGD1675,0.4972333976389111
QEL3927,0.15140608131871014
RTY6219,0.19908449264840805
WWJ6659,0.06357398720107656
ASU8300,0.036182415672203726
XYB1679,0.05648067144880123
RBU0914,0.3974828104682452
UQV8798,0.41322240051791065
JLP9320,0.21844439434861168
QWQ7004,0.2642129560736599
JSD5400,0.06935187672198875
WON5434,0.0682271410525189
YMT2795,0.21386166803594028
LIB2206,0.565638114041712
BCP8558,0.6076982737312195
SXM4193,0.24988693781647137
XNJ3271,0.08249747180821097
WXC1747,0.24553430895055506
SKX5603,0.22614567438743807
AAJ5590,0.2733292787626105
JPT4045,0.24640449639827197
TCX6417,0.14543328303641825
NND5256,0.15388943306639674
AWM4830,0.09359122845416326
CCO2782,0.4318029258242043
XYB3729,0.1840703396236793
PXP3498,0.18282448339577279
XGG7955,0.7524740336741546
LYJ5084,0.34779359715844765
ZJO9311,0.2207299719710674
DHK9700,0.04045993280358083
XVI2143,0.556827971438989
WBP7682,0.32872811999255014
UVG9357,0.34771367189895974
FRD1898,0.21561005445959527
VQN9954,0.09907701774093815
UDU8569,0.5159682350423952
GIS5379,0.4676598972873155
AQL5845,0.5636420428704103
JDA9258,0.6267335184403996
BIL6692,0.59362908175781
WTD8139,0.13469847289786405
NNS8064,0.15591837552484944
IQT2995,0.20200885631725674
RWW1032,0.26043227619583886
KYU9106,0.26394035500068974
PJL5141,0.22096425956708057
MRF9734,0.5169518871774005
TSZ1464,0.6817006090927215
VOD0368,0.2484154292406203
ZJO4648,0.5499183660256902
KUF9356,0.14143111008382286
SHA2863,0.22401967889690363
ARZ0060,0.10151344145766365
UPP9315,0.4586470622566722
JPH0891,0.18133402997215411
WJC6264,0.3454060026440258
XHB8908,0.11055505530900149
FGS1465,0.2559850650371908
TNN7189,0.08246902989229472
GBV1525,0.8097135825878641
UNM3035,0.2484585598461351
OTH4354,0.23986685088000176
MWK9161,0.6694784770176458
XBJ1523,0.3108741194453471
OTQ1307,0.6472092922113839
QUI8859,0.6204459697258684
FXA1974,0.05766050067390935
HQZ4083,0.2647855437073456
JRX8081,0.2211167918931162
SMA9339,0.5140355349094319
ZRV1847,0.40585932179634115
GSY8940,0.3787179902628042
HDH6951,0.08328082946300343
OZX5767,0.7662031834324468
BKN2732,0.3977011045937621
MON4409,0.39203906373792574
VEH2084,0.2802550504190852
OXR2175,0.31727329011012784
QIT2040,0.22600862288692994
NDZ7253,0.5627803010158167
DGN1477,0.10517199885559636
XKG5616,0.16864466513784795
GFT3859,0.1608891415994573
ZEG3074,0.12012247154752456
ERC8823,0.3545123204075202
ANN1757,0.8893324684891704
HVT1416,0.28778913611441054
FNA5079,0.2369028771483412
YTT3689,0.02609016996983537
ZRB4114,0.7786826122431785
LKC5167,0.6490441553666524
QKO7079,0.20488073662658665
NXS4393,0.42977644230662515
LET0397,0.44909424912340434
XVM6189,0.4549498539368707
MDW7993,0.36258644697227627
YFY9264,0.33483886347823005
MFA0286,0.14231140027048275
TRX1943,0.276961175161346
AVG8200,0.4722514800135718
ZFJ3116,0.6582014609493593
DKB8692,0.5149292213552178
JEE2838,0.008798050837718858
EED4838,0.2758139332088516
BPP1288,0.19914679872422428
DOW2822,0.5571121560968086
NQI7015,0.6224386505430561
ARJ1652,0.3769304236333384
MKV9833,0.5758264020140299
BAG5364,0.4905563716272313
QLK0972,0.08645441859091542
QBM3534,0.46584155505298697
XXO5042,0.08879670769695557
BWD4481,0.22215304776983996
DUE1526,0.5937058921776261
CNP6504,0.1206195199883221
UDL7915,0.10412339090882727
CTQ7672,0.6162609682041632
EQY5043,0.12454542259198928
RLZ1107,0.0572731452723427
DXK7889,0.38912343934607324
HOS6888,0.15580828948041445
WFP2253,0.6468422394214679
ABK1979,0.018942904506645618
NSB9683,0.14960547280551
GQZ2156,0.12489729704023164
TNP6583,0.6215618165353571
UNX8157,0.11609340418454771
OPH9058,0.6113147220820041
ARA1083,0.8852250161012741
CPR3859,0.14550397298600193
DIT8983,0.25013098353203794
JXX4274,0.43871508204792375
DGQ2285,0.6307860202833538
TEO4197,0.14079890311161036
VLS2232,0.23314523034081835
VSL3471,0.16761029801967117
VKV3009,0.2508721903977117
VQG9824,0.3284337830720403
UDZ0523,0.19176944963933293
RTZ3365,0.06027842128973738
DUM4265,0.34897924134151326
OCW4594,0.22797936226713544
PNY3340,0.6217304589554852
TKO2407,0.2654681191307019
RBK7640,0.24336380027229543
VWO0656,0.008068833304163503
PVH8216,0.33785626478230846
PFV6207,0.3362635215893589
ARD6927,0.7048107640156241
BXX3179,0.20136017708851997
EJA6722,0.37028688778763114
RKB7690,0.18608539561157184
GSU7345,0.3357137873157484
MTF6536,0.2680271162888988
EEK1731,0.1231275015162058
XKE2034,0.4243936801859702
XFZ4451,0.24589737525011773
DNV7450,0.13964753549820386
DBM7804,0.23090144037431257
OSN2115,0.1619019677856746
DIE2462,0.18778583331469928
NCR1938,0.7951080302861736
SLI3385,0.15613904649881435
IMV6618,0.43366057584012296
MWI9236,0.0729350532815522
CPZ7415,0.35713160031444835
GVA3046,0.40153231012908336
VCF7450,0.10227638121978933
RWR5955,0.6593287312622863
UNR6482,0.1737691033029398
ZSW6504,0.3865676930079511
WHF7797,0.11945156198296801
JRZ1587,0.043597441081613675
WKN1856,0.6722069006348282
OKO5198,0.38573219542562004
ZOF6714,0.45679627364603154
HOV1633,0.03405706517234727
HHL8001,0.06119552995913253
KSC5408,0.34116025194791494
RVG8305,0.6249946217949248
PXV8041,0.5492851549423087
JCG5205,0.07219281859736089
EWG3114,0.07326704981749028
AWF8804,0.056959544938415804
MRI9171,0.12841781928791868
BES4026,0.28993095823312853
PWB2790,0.04936729411500475
MKZ4027,0.5816696649440518
YRJ8304,0.038675653228163194
BJE4168,0.537331457996926
WJI4276,0.2593806402285391
SMG2272,0.3023731939641197
SBB1777,0.3305812474385731
PQK3153,0.2600841566489389
EDF5544,0.4609948155538553
NWV3159,0.23689332040733996
OPH4418,0.2852557604762046
UVX1686,0.17587756464591578
LTL4424,0.42355624373448597
HTP9675,0.023501063788696135
JHE5718,0.29564713168790885
QWF4463,0.07530656636696786
UFC9328,0.3756855586474831
QWG8477,0.5386770092446933
FLU7651,0.0877477209799966
HML6971,0.30500730925770153
JCO8536,0.11610719889879727
VJR7001,0.49859885217775346
HKE7026,0.17078779153687892
NAZ5847,0.18273341639206128
DLH1235,0.18886957346824693
VWC1889,0.14138581296824854
LQG2414,0.09558669162008433
BTP3447,0.2281592143123401
NIH2856,0.27708648401536357
OFF1083,0.12566415522876787
ZQA8799,0.6313126445169438
IJK6751,0.04378337857549375
BOB6176,0.3338031451672697
XFP3339,0.6075698625556282
TAS3348,0.1372383997529297
BHN6210,0.6234361352031745
GNW5149,0.5257655350923061
VVH8291,0.5372562807791973
HVW6558,0.4164387532191579
LHP6615,0.11978286633953247
RNJ4226,0.20617512482592232
IZN2011,0.045785750471380685
SLM7035,0.294716210608154
XQJ1139,0.34033658316239024
AMJ0335,0.6975773909202662
SIB3087,0.5672891033231033
NLJ4328,0.2774894035648359
LUL8746,0.5203993013982444
XTZ0050,0.32217361238738684
JVQ0976,0.13689454648294763
ELW9308,0.15248187277669115
QYH1973,0.13648386323964135
AAL6035,0.24072461987819993
EQI6267,0.3349680630211192
ZNO8211,0.11734546819190246
DJG8036,0.5109419716559293
LMG4322,0.5275376114642505
ZRB5371,0.30103311601983485
WPV2188,0.8191320796304725
PAP5839,0.528242734387971
VXA5180,0.06735763891367079
GYS4742,0.07999640223321772
UTG8994,0.18222822729044047
WZJ4218,0.16936826241845737
MVR2420,0.08375630560591694
MRB5680,0.32316126063355943
WNO2118,0.4136294635989633
NGV3962,0.1623742356257665
HTR2914,0.5484295543983683
PKM7354,0.18684606239239185
UAL0916,0.035137983379169055
TQM0482,0.30110573519893924
ZIB0347,0.06669479780893484
UYN6870,0.2580768420509503
GRT4611,0.4074306944527656
XFY3621,0.6223053281498422
VFC2623,0.5032627100553164
WZF6184,0.40244600271764086
OOJ4678,0.32485163211401563
RJP5764,0.2199151996412909
AHZ8000,0.6649155200384448
HDE0780,0.06644010623823678
JLW1736,0.10784861341042827
AWU2812,0.6262338383374019
AGX4063,0.1969795926467751
XCL3451,0.5050461811615603
OVB6800,0.05324297279940611
IXQ8744,0.3728270310339598
EZP3118,0.4040859536258419
QWN0794,0.8457435431736194
VEV4096,0.14415955293728788
VEU1076,0.33032620516645583
YDV5701,0.5066480569789076
PMJ7354,0.1571910465799167
LSK0936,0.2991239278174586
OWL8934,0.09030585503721787
SDV7836,0.4289487724031834
QIL6179,0.0881763584196704
HSX4903,0.6426590376244771
XOU4343,0.0656493939366179
KFI1941,0.4038993624705011
QJE0535,0.3976757518274991
SLE6915,0.12075873669879977
SCO9217,0.0641208035271682
MVT7781,0.6633013355835407
TMG7575,0.6085750321747468
IHQ8441,0.3263753733230632
HXB2178,0.4892047721762557
QGW3324,0.8992910899249429
ZRV6802,0.29182154382323233
UQN6219,0.1323738726005208
KSO7707,0.12188083089189551
LMG8449,0.07950851194024565
SSY7236,0.14643032510433432
AXI9652,0.22828403897989766
JWO8793,0.13439160018487545
UUB0607,0.16962929940299543
ECD6444,0.11935035131882986
BBJ5618,0.3223351478742815
MHX3291,0.505820613361659
PZG8347,0.23528697096404666
UKO0197,0.20888311389623734
DYK7152,0.3322314364569387
DWL1376,0.3903243409148386
OMX1967,0.11746819279483216
AIV8783,0.4459153923018934
CRE5923,0.22033957673701507
HIC4011,0.4273209864065883
HOV6112,0.27272798572463214
KBF3850,0.11571178424528733
VUI9301,0.2425020935883625
XWS7934,0.27129673239739205
BEE5677,0.29205068219375785
JSY3976,0.3973078694420383
BMY1563,0.35536262734958884
HXQ4485,0.47802105389830746
TIS5890,0.4074035053702112
FKX3159,0.41210970985336726
YMK9880,0.2319942235582548
VCD5495,0.22503830569417452
FOO0472,0.661493158352435
QZU8396,0.5716406139974404
HTC6808,0.03777948362586005
BYL2752,0.08000718935324112
ZAM8218,0.2721430597297786
IXN9654,0.37508095001291053
TTL5403,0.17517758534671626
QYE5349,0.418081382755765
EIC7153,0.44336906539841253
XTA6550,0.36564762051663474
LJX4501,0.023591805945612342
SQP2640,0.35930012769931574
IZO4596,0.3605343894841189
FWI3799,0.5494894924212669
AZU7246,0.4253910742324177
ECB5710,0.5590951224632909
BQD5122,0.3672982324235564
UYU9430,0.07987771157706748
PCK7063,0.11915967446979973
IEN2498,0.26643368339491097
TNY8680,0.732214132461638
UCK0106,0.30544734188892664
AOB4977,0.411463871737459
PPE2382,0.30793323671879524
FYU2252,0.11220220080791762
SIU7145,0.36693791851032137
HVR5096,0.10653229200766458
OGB0163,0.705479427541503
JRS7729,0.030628183489173396
IGR8562,0.3349294394684174
JEX0834,0.36630767962006
TFN6722,0.4943859947779808
XKG8280,0.08595806924246291
FOP8068,0.5691282471396609
AYU1495,0.6759222746837581
VQP3744,0.17506860328334156
NOC9056,0.038715566467499726
DTA0824,0.14661613564147585
NPD9854,0.24473010154187466
FXK6082,0.20836965935851115
EIN7977,0.07507012314058005
FTW6027,0.779917520649598
KBR3556,0.17646167444048777
EHC3947,0.05879620451784398
LQQ2433,0.1269002145643903
IDG2104,0.3835681319107991
UZF5415,0.2558615311073598
MBP8060,0.45863760037580903
BEV2395,0.13315730314332905
VSU6747,0.09964844665786206
BCL2284,0.08495197272670718
RAZ1360,0.28979677430944745
EWY1556,0.6265869520473427
NNE0522,0.24874728811818186
XQM5627,0.020872536643717614
AOX3558,0.3094993941080313
WUN9170,0.9618516894929512
XZJ3149,0.06307783405238013
OKL4921,0.39887134065421753
IZO0258,0.16503574962482714
WRF2650,0.43415034718945494
YZR0011,0.09730275525669482
RJO4245,0.7912707529041211
CRM2675,0.15777052799489527
DKL7615,0.33939271161006096
SQG4906,0.17376732780741377
IXO4087,0.1483061917823707
NBW4124,0.4165567418060775
SJN3966,0.10206761520031586
KKR4361,0.29998680965699487
HEK3882,0.15898505226695805
QOY8848,0.22101993606885903
ZQV3715,0.011486226124596334
UXJ9385,0.49233372201821524
VVE5601,0.4376072235836704
NHI7594,0.33938111794912146
WQW8250,0.2065974381823025
KID1021,0.10993233423024446
MVW5606,0.059178541065935036
VDJ9872,0.7607437602153494
TUJ6907,0.14416719264239908
KVD7026,0.07712910906380317
GPM3013,0.14896667324190357
YPX1846,0.02077349712686354
DHB3654,0.8794212527993901
XXS9902,0.1329905086523604
IOY7072,0.18213941012926574
DLS5038,0.7303575927201396
NLD9930,0.03212298049391328
APM7094,0.36066447446791355
UFW9487,0.43873373247775643
LTY5277,0.6484163883916232
BNR2104,0.4698876153371077
GXQ8493,0.26052440994766374
TXJ5088,0.7089616074505374
HRQ6010,0.74108401388823
YWN0709,0.2604154979991722
ZXE9454,0.3888400378213114
OXB8970,0.36314405457689347
TZV1176,0.08562221502747588
BTP3681,0.12430503328902483
ICO3585,0.2767837769135008
RDF9417,0.7008273269638909
VHF0605,0.15388379365799465
IAG9096,0.5177644322120714
RQF5460,0.6305557570072335
FER2233,0.288508050502739
DDX8572,0.036610453689237536
SXI1042,0.02913097507905084
KTM2552,0.013060331025120178
LXB4245,0.264058742172687
QYH8445,0.5169620737902412
FPH7362,0.4873180036706378
WMO6968,0.19334602985505897
YVY9123,0.6668684585999938
PWI7008,0.1908832578319804
EWE8647,0.12401065198426046
UGH5821,0.3585004067649969
CCC6358,0.5390059964660172
NJM4224,0.17705032905248866
JLN8569,0.5738546202863327
SBS8635,0.17128394281701456
TCK0667,0.3170564150050067
TTJ8073,0.07157838572821344
FYM4884,0.14407627250084862
BAH6808,0.037310452666786106
SMS1066,0.4027243804957329
BZV7110,0.3805074181904529
QUC3244,0.041114400024023195
NCH5512,0.42428040293010083
MWJ2009,0.0579762394769895
LMJ6900,0.2691944524955928
NRJ7601,0.35852195274580173
XHN7398,0.3502388081270994
VVK7366,0.2811382646337681
OOJ7340,0.2932951887234614
ODG4805,0.229809850734398
TEH7221,0.7456845957617931
RVA6521,0.5256460514078117
LDO5407,0.6137172554135574
USN1312,0.44266776834396404
JPE7604,0.09513601190183098
CWI1855,0.3338798719328473
RUG6092,0.1975941398267569
YBW0147,0.30085162476647703
FOL7863,0.12501252995832698
YFD5576,0.2655318545636147
UMH1775,0.1945860869412611
ILG2801,0.39997715312871923
IYC4401,0.42130891096155615
DGU6130,0.12015865710152332
GXN6308,0.037649133078088474
VVJ6567,0.2801631894038073
QGT3401,0.512285586047115
EHV5543,0.5983314602240081
XPH1693,0.549253184754903
XVI6143,0.08114025447867182
MVT5363,0.29833303224732904
BJP4782,0.09706578609288352
VEI6692,0.10308359633468789
LSH8066,0.0901193956070277
OES5230,0.14876237836261383
GUS7697,0.18710807525324424
GIZ4545,0.1009214092176766
YSJ9267,0.7319569471705254
LQM2884,0.12698530507797484
VXK8098,0.3849238503397821
LHQ6161,0.13917740936703632
NIB7023,0.37969287281825825
YGT5746,0.12814725360774548
OAN1929,0.7438652821023888
RSD3480,0.0796180909642737
GFU7927,0.060737464502988885
QPX8297,0.25502210553631377
MDE2942,0.08908719583664688
EMC6814,0.4347935164663351
RHB7538,0.41332005033941943
QVA1519,0.5596682901646549
IYH6561,0.09975831021078951
XBT4342,0.13957685380584747
WVS5347,0.3271041737280864
RYC9887,0.3894146364589516
OWG0725,0.17191471175792447
PDQ7527,0.49069207642953094
AAA8650,0.3774007462431133
MPS1872,0.6682126058502983
XPC3180,0.20248164696870188
ERE3203,0.2622886726245938
JNS2424,0.7623317162464869
QIP5472,0.04729423638555107
KRI1406,0.12516866782641733
LCG0245,0.035385747652305496
UGQ3179,0.1298216185066761
QTL9465,0.5917504246313677
WXX7131,0.10828067431106889
UBL8285,0.20865545683106967
CFN7090,0.1409787682361912
TPW2557,0.0165405661058622
FNI8664,0.027743263827264827
PIO9382,0.13364080918668234
CCZ6527,0.8320840042420046
QOK1729,0.3385715645617134
DKE8863,0.540138894518534
CRV0203,0.5253133636685423
ZNN4201,0.5086265318671074
CDV7774,0.08822641063453521
EMG5794,0.03138482891015839
WNJ0629,0.6489205295530514
GGP7119,0.2694647357514904
PAH1172,0.12324835345452069
PJG5643,0.17814311258550383
IAM1828,0.0625080828791293
DIK3154,0.11936880045223122
CTT5887,0.46675930625359174
PLX1043,0.0902870148401914
SIJ6453,0.7453145817614827
UGI7847,0.18293049338976117
KGO6514,0.2183405247091957
ARC6739,0.07602373121957777
YAW0653,0.2703613057415209
YQM6980,0.14486230782273468
HFE2279,0.48847360449444327
VZF6216,0.1547527063758556
ZCH6489,0.4858196317745555
TVP7259,0.04965608194716384
GAV1656,0.5536211364199821
WPT0894,0.8640788458054948
YWS0422,0.4895787196791371
XUK7427,0.20231456691258656
HLU2704,0.04637068738092515
YFZ6065,0.08019338251915553
YPM4038,0.2424732539879244
XLE1332,0.07559185600032356
WWQ9108,0.12050716334337949
OBA3645,0.9184547605105531
GUE8114,0.26762296660699436
LDI5459,0.5347480416187602
SIJ7030,0.24998913698321504
SGF2166,0.21228468637660786
IUS8573,0.4622005274838275
OAV3919,0.137419836521652
NSC7363,0.418223285998089
BPV9497,0.5168321907221904
ILU0718,0.2210998168316547
QDB3206,0.12368532769532567
ELT3255,0.029076169928171795
XKQ2938,0.07638563042234711
AQA0422,0.625866637656064
PLP7326,0.0784435029209469
PLY6486,0.21869886597753457
TXV3058,0.5471685632777235
HZU6833,0.8921559864460455
OYN1376,0.150042402844
RKZ2520,0.611532009525244
VJK1168,0.630948111231952
ZBV7530,0.30793956777071735
LWZ3926,0.3938274564533946
OZK7168,0.12958736810786708
DIC4454,0.3252713727527432
AQE1099,0.26239907396833434
FVI6751,0.5426477234575809
JHS9927,0.5689784593962468
DBB3746,0.2733239309265812
CWX6774,0.2948931875713244
JXD3194,0.42682420422906836
EWS5489,0.6921857833604343
YOO0895,0.06038714457972975
QMM3659,0.1729671194895345
OKZ7721,0.5763329429811453
MZB2572,0.5673439865525619
JWR7273,0.26840119302835125
JVR1502,0.07480087655992172
BII5034,0.053227852846208214
YST1582,0.44233741798992054
FRZ2719,0.3416416184197366
LJL4583,0.11943579061022666
IVK1262,0.023722650455440572
AGO2014,0.090052850743736
VOY4391,0.0967367410931085
DIA7288,0.6083535294444697
KTJ8937,0.27885396744060253
GHZ6620,0.17222952194332886
EIQ5825,0.15562708492917313
DMT3024,0.15065261689686424
NSA3551,0.039996590604630254
HGA5858,0.19516421032731238
SYY9291,0.11325910012986704
ELM2280,0.909470105556835
OVQ2692,0.07575081052669318
PRA5342,0.7512516066304066
FEX1797,0.5754000975885847
UNW1268,0.7700457771001585
UNF3809,0.39705061660790997
AGW7178,0.31830394373757
ZRE1357,0.3748763016247366
IMT4399,0.26318285478200804
MWK5375,0.1414608402098182
QVR4912,0.6918380627187025
CYK6709,0.050945192150199416
LJJ2126,0.545154155588036
RUA9027,0.36390526587116434
ACA1080,0.3850411695187677
ZPH3170,0.3362458063449066
IDM4207,0.3717788883403548
ZTP7739,0.01817078960004361
YDV5815,0.8192059527416875
BQO0017,0.47897389756022624
XUA9984,0.661111762498237
INW7958,0.14676025578480895
KFQ2870,0.4688807998842702
KOY1613,0.14680279786612904
YCT7342,0.4873556628236525
QQA9782,0.058150261665090165
BAO5422,0.6374111521284542
KAS6278,0.30342335665570286
XNS2468,0.25789416249428704
VIU6714,0.14234708532815826
SMA2660,0.5520803705906908
CEZ5920,0.057579795400359
JJX6153,0.4653115362216549
ZCT4811,0.456817400936629
ISM2735,0.34012070467488364
KMP9746,0.0746998374015552
LLQ4055,0.1673203525768844
RRF8912,0.4567401729607623
QBW7406,0.1710760976133046
OJS1596,0.6948523863099295
RHO4507,0.4538815233270448
LKP7516,0.08383102543971678
XZH6228,0.7285040188555443
NAA2800,0.20254373060992129
BGZ5066,0.39543705988395295
CMI7750,0.23754443643087586
UWS1232,0.8171357712207503
UCU1562,0.1448972022160654
CXZ1451,0.7660458071159549
XZI0704,0.4357690331741535
DQZ9741,0.5237544968002751
HHO4419,0.2807263595996756
RZA0154,0.4210882817395262
XCM7012,0.5390068699984535
SYQ5872,0.5981175068053007
WGT9197,0.6833699432443585
ZPP2318,0.5358862418923288
YNY5682,0.3466196721606935
DTI5849,0.19884171027802838
MRL8735,0.38423913126264286
NZT5187,0.2979185582553697
HBD0405,0.40363265702981904
FQS4223,0.047605719703805
OMN1338,0.5085377220306687
TNK1463,0.1283156914579388
WJW5789,0.29105520526672485
FIM7054,0.5709013946936741
FBZ6525,0.16040300359726498
ZFM8609,0.3842378615137568
DVS8106,0.4286966226142182
WQG8515,0.30835080732107323
XMX7499,0.33453923528870205
YEM3557,0.053672814849147966
VAN8479,0.45278950612608926
EEX1705,0.1260718086249717
MLP6187,0.25154253340587496
ZZT9034,0.2574389980590491
PYC1906,0.06111879405279839
XKX0417,0.10294892217084786
IKQ1892,0.9143261704487382
JPS7984,0.1364254820431758
YJP4939,0.6220904677236603
QLY7451,0.14580571177242183
CAQ1761,0.02692793699290714
RHS3194,0.24456797023092544
URH2223,0.3540375316453053
EBV5526,0.17343569127634467
VPE7690,0.012063998613808703
MQX2555,0.28956636232579586
LGF8647,0.3737919187161547
ZZE1862,0.20117693718299404
TEL1237,0.07956261405382771
IHX5741,0.18880210189678728
QHN6664,0.3886857101514964
WIH9047,0.7843634501547819
SPR8036,0.07751808567019018
XLY2971,0.5430484239601134
NFX0427,0.03113515964043551
IUO5128,0.2033255927550528
ZBK1450,0.533811354257652
RIH8440,0.4540078942109341
WZA0097,0.22876605589895616
ANN3748,0.33761552454971305
BPC0427,0.1534841376439993
NCR6054,0.6571614332197029
VEV1335,0.72878217585668
YBY0166,0.29665314792481523
IEN9002,0.2856941742103951
EIK5210,0.02805117885823218
YPX7615,0.35653744576215596
GGN2096,0.48243343061326627
ROY7283,0.4266619777124026
DBD6207,0.4248479682707631
YDH7665,0.03467212877848129
PTU4988,0.27836615285504906
HNV9512,0.13094281405406555
AJD4806,0.3122401730604544
FYX9557,0.365813980666316
FWL1743,0.3837002385020052
OFR8910,0.38909963377099566
EPU4284,0.517003726650011
FSX1358,0.1371957368136071
HAA2935,0.07285796449924055
DSP0219,0.16753041604694893
FBK1277,0.29959225099689873
IQQ1006,0.06823264144742101
UGB5004,0.37827871602199753
LVR9175,0.10191917086473962
KDB8963,0.17126699276159274
LNL1742,0.5578011852105973
DXT3232,0.25665317082286077
FWE5809,0.24566404097739547
WTS9172,0.4205801321323492
YWE2221,0.49855904072029944
VYH7939,0.34589808573215713
CDH8864,0.5867764268074974
XLJ2088,0.21731715152692477
IXG2936,0.697053316239422
SWZ2844,0.05140698568704377
AFK3912,0.18334562483921402
GMR8075,0.24725146608893217
JKS3370,0.06261440177567812
QUQ3329,0.7005275945152792
CTY1175,0.27525478546968535
PJW6595,0.4006195942224536
FHG7478,0.5175231280157135
PDK2198,0.13788809828138068
TLV8472,0.29192575248954855
VSE1384,0.43414895674107434
BBA9440,0.21949994602286416
ZAZ6128,0.0414262110015347
ALO3534,0.12858058231829572
ASR0646,0.004631815787564965
JCY7418,0.0678808384563498
JEW5959,0.14013985299992954
WTP7859,0.030285454002810377
AVU1700,0.1270979817787138
YYU6072,0.18848863164300686
NKM6522,0.5485666768209321
MWZ9346,0.1405161904555558
GTK5704,0.2677833654834527
BXV7167,0.0905251609319075
QHC3452,0.035008152601056296
MPG2391,0.5115934278914951
BNA2789,0.5566896503088583
MVP6799,0.16849103090121723
CIW8623,0.07241156967747348
VPA4812,0.32614688599620034
XOO5653,0.49530133285831623
BQL6282,0.42449969263743975
ZKI4872,0.1396574033977701
DCP6169,0.02165101717621226
RGC1823,0.2719304786631703
VHU7518,0.5441708488476662
RXK1646,0.20257747280037716
IVV1740,0.45511840029637896
VDF8766,0.5912829351370736
JQK6477,0.03967183680687377
UUP1334,0.4417720761333527
XAP8677,0.5741735061143608
MQA8873,0.2400332617595906
RYP7886,0.30011456238799566
AFW6003,0.23801939304306408
NIF1838,0.12888487312393104
QKY3033,0.23124911915302207
MRI7916,0.2770376462654448
PQX0971,0.23034060559437525
XQB9992,0.7200858320418767
AGV1957,0.09411014124475858
VCH3197,0.8032931680169462
QLF7152,0.13569039148248146
GRR7219,0.3149097246087717
SVQ8097,0.008057724087279058
COL9431,0.15051183497116194
HHB8171,0.3383157089924887
BXG5131,0.10521079760139343
FOF8111,0.3678444337080881
RTV2240,0.19692006808817936
LIJ5511,0.5800213012899365
KMK4275,0.48536708432675657
CPY9285,0.7234771521403973
PRO7683,0.9085980540690544
QSM5588,0.16619472840419952
OQS7196,0.18552610905709238
TCA1389,0.2044115712566143
ENI0173,0.4902357095138871
EMQ6425,0.4908407978623964
ZLT9131,0.8555992835810585
DRN1504,0.05496211027514103
MZI4502,0.8452000008607191
STS6672,0.45137065234056245
WGQ4961,0.4302951220087694
PHS4900,0.8026709153815339
MFR0763,0.3928350540546909
HJC0056,0.17534498181419755
TXD5361,0.10978635097881875
ZDI7351,0.45487229432182724
MJC3046,0.1038480794897113
SPR6183,0.06159409620614849
MXO9018,0.6686904556548023
CUH7592,0.10552623454420375
PQN0513,0.1389503182644546
PZO4069,0.3220409410134313
TNX6536,0.2645215841594619
ZXZ6487,0.20235695199598333
OEY5873,0.293861870927564
EPM0672,0.6178135282363002
UAK7607,0.6344917845745105
PUR4801,0.6396880092354397
SIZ0903,0.6652998839626215
QAK5501,0.7030950857852685
ERQ1003,0.20760129129123225
JHS5395,0.16199598674106924
FOP0128,0.4493816313863966
CMF5213,0.5860896886684481
QON0449,0.4712874574323588
ERS2335,0.17672015065928084
ANU9281,0.2434042996767212
ILZ7555,0.6764078723391437
MIS9792,0.034582991295265694
ZIQ7762,0.06831698979972337
NDG7924,0.034701844956781636
FQG8979,0.5494799757855978
LSZ0654,0.6037338624821733
SHP1082,0.10400064110019264
WIM1278,0.39153964872751135
AUR6868,0.25192747495505163
XKU0997,0.15375489054261265
VQW1327,0.41707521164958333
DSW7214,0.11601206408155239
ZOV6208,0.3033426888647805
PGR6688,0.30406031709487097
KEA8009,0.1588228733526346
LNC6328,0.18444464324101018
GMA7529,0.09998428387628187
GUY1739,0.39509385937340746
BQS3910,0.3333102627942337
IMV3273,0.4501528049071846
WUW8672,0.28173807948768764
XZZ1931,0.14931522477345274
JVK1763,0.07543595647499982
QQU7584,0.22184340480263698
RII1341,0.5672387699405034
ECF2001,0.13445722008043742
IJH8267,0.8389683157935754
GJK5821,0.48074794505232915
HNR0653,0.5445885763217322
ASA2572,0.29894702034530446
JAL4562,0.6751048684115719
KXD6314,0.26339918736710133
PFJ2186,0.15575007241109734
WES6815,0.6344430552240479
PHS6750,0.014514432902069408
RMM7844,0.1048241345539404
GDC4179,0.0929815727876402
QUK5788,0.15600141742677678
GJL4316,0.525216654808915
OEC5147,0.8078339350055556
HNT7828,0.2686849857367569
GCK6333,0.14964649639201455
HNZ5414,0.6417033651399596
CVK2844,0.0661951915146915
MRZ6686,0.03898064553365748
VEB7548,0.28976364462278414
ZFK6222,0.8350722814304772
TCP7362,0.4943352624089056
AEX8842,0.8521633539906651
INS6906,0.07369306572568311
XQP9889,0.007461222334919321
FNH2173,0.12098768492135084
OOI6909,0.16348470991823233
IVU7217,0.05777193406537326
TLQ5774,0.783032238049264
OJA2961,0.0651512642353972
SEH7834,0.771206997396488
XKI2459,0.23448014895406563
GME1877,0.4302463562605936
RKI7230,0.12590301106454424
CFQ6408,0.027531223811818762
XMG3875,0.03973732425197163
HXK3423,0.17688032536431914
JXU8966,0.02940088602320237
GAT0080,0.05115470122460667
SXJ2606,0.4345833488825017
QSF2441,0.2151970099326059
TQS5006,0.45702446045840267
DOP1780,0.06108548942655994
ESM6222,0.3836657078039703
EKA5363,0.421676298275157
IZB3771,0.31545026052520914
XYD0602,0.021594088753160167
GNP3501,0.42131601758394976
AQC9120,0.3020473742097096
HNV4885,0.13004562021217297
JBX9545,0.21085698577733433
SWU3965,0.35989529976685697
YSB2339,0.10661303391400624
WDZ5490,0.9305682456362834
KYR2691,0.09327607848141112
MRF9654,0.7812650629319413
IET0507,0.3127724848615316
CXW8897,0.13650015719191635
RHO8502,0.2848436330420025
DGI5875,0.5279723374302838
CBG8496,0.10453128607658077
JMO9215,0.23551914676168442
WHH0842,0.5548960456256055
IRT3982,0.5878057211292712
ZNY3995,0.20441632210488364
RWA3263,0.1244615130481546
RRW5248,0.15895679475407465
KSX1126,0.009953646094086306
ZGP1344,0.5288091120537074
TAP0740,0.13487798755388006
SBV4244,0.014069944556591519
VNM7279,0.20571658727079953
XVN5713,0.31902071992789616
PNI6616,0.259432138173041
DHK0115,0.29239524974232745
ELZ1893,0.5436634046278045
MMD9376,0.20496253883363738
HHO0755,0.24548134437239366
AGI6103,0.45259384488444804
DSJ1568,0.28671013891760305
OGQ3745,0.6599617109607152
EWU3335,0.5222507922932897
IBI8973,0.11230611546788562
MNM0998,0.199929676384994
ZFN4243,0.1339900592249119
TAE3942,0.640047685264312
CEQ9038,0.037568582974884586
YDW7588,0.044841413205297054
FLB0221,0.4482059198651176
IFS3000,0.07975487103666204
GOX2033,0.14934362661509518
RCR6392,0.010616455512571317
ZMZ4534,0.6668290236082844
DPW5768,0.7357104734931947
KKG5808,0.7962703115470899
IBC0776,0.34613510817899995
QJQ0583,0.24478486773588098
YHT6044,0.2588752362406351
IZD5201,0.5317937459365868
FQQ6014,0.7313950466723621
HUG2535,0.5038454361591955
AWE7337,0.22792909817457274
AFX6015,0.02550497859843799
JJA3465,0.3849087906955026
YWQ6319,0.05264306191017426
UTL8063,0.380460004989452
IRB0365,0.329323273920883
DQC8790,0.14621217689942156
OKS8792,0.35470050569316375
RPI9883,0.6038737390583616
KJD6196,0.2846552047077042
AVL0382,0.3752688713428222
WHR7833,0.19778905444220443
DTG7149,0.6663945840426442
ZPD3564,0.45383188751502085
FOG9482,0.6542330478634232
ZFV2720,0.24090570391629698
KWX6049,0.09065967023864625
UEF4956,0.6575305698613146
JEK7287,0.29473812076526684
WPG6950,0.7837033399777258
QBJ7505,0.5454953410851103
GWN8595,0.15482425589966337
BZN6603,0.4558524181498721
XFZ2764,0.336665099416163
IGC0378,0.10810250575236321
MMP1537,0.2462441810456243
SCY5429,0.24014155393400866
SMJ5723,0.29498096582012345
SVM8665,0.2563208347507909
JUC4326,0.7269641186956814
POJ2305,0.3639935894417753
TGL1412,0.5720514819414626
TLB7079,0.18105845721419508
LMR6185,0.20101059434911397
KHK7436,0.3541736428160129
OGI4322,0.19908302380326653
RVZ4835,0.16609481821709376
BJN0689,0.12847408371343733
UXE5576,0.408981642900894
RZS9370,0.5019721411310105
XFQ2974,0.05679912047109966
UZO8276,0.05646328531311893
GSL3386,0.2687765783096842
AWS3695,0.6250527649672305
IRT2345,0.40338729125130024
JLA0351,0.25052027965472706
UDG0334,0.7143567024712137
BKE8828,0.12095851279812742
BSS5927,0.6909899968646787
QFM4192,0.2141474597343702
UOL8406,0.12483618622555712
DVB9995,0.4593167666939137
ZFM1248,0.27053522775454913
FAH0757,0.6103056140250612
YNP2161,0.5158708106038322
TUH2095,0.3553530575155975
BAY9049,0.2466611573258423
SZZ4113,0.12367835456329816
IAH5734,0.21256156363264747
IWZ1372,0.11452811028206615
YBR4638,0.254924811474009
MOB7614,0.1428750237086109
ATG7894,0.5439440992678238
QQM8288,0.20834097682534045
XMU6369,0.1591144885978426
DSD2182,0.0600875801689693
JEF9970,0.6826834833931256
BJU6237,0.10646661095620115
MCP1196,0.9573333652257422
WQZ2473,0.20711634758059397
EXP3813,0.38087024980879736
ANY6979,0.480725084441259
MJT9896,0.2916141083365369
RZF0126,0.08052127247515123
WNT3190,0.14984070030469618
SXR8785,0.680141678741373
VEZ9878,0.27583373171602354
IQR1803,0.733954557915803
GKP5747,0.4987104844022033
KWZ1032,0.37529956361510713
UNG2441,0.7201221665459207
DEZ7950,0.7591679366232758
LWQ5268,0.6343357640220915
ZMD0621,0.24830672792825342
LXS2378,0.17217045361713962
TNA8704,0.007488663589102888
SXG9064,0.44691947461938053
TCJ5769,0.5499090041559561
HFW8197,0.7866245734708155
GHB7075,0.11038685313147868
TXW6272,0.16537362800629116
XYC9775,0.23802323462819938
ICN4734,0.5730417883742724
ZMN0832,0.24875606984027337
IRZ8003,0.47881346459184015
HUF3490,0.11704089459698132
FCD5431,0.3108511128856221
VXK6316,0.5784102619007823
YHN4722,0.3099202993708852
RTM1575,0.44475823370995116
YSB2112,0.039991749744076564
KCM1722,0.2682886904744276
OTS8869,0.4051872728188357
NHB2867,0.4379604721757861
UTP7979,0.49079007136447844
HSM0794,0.9934234310118218
RMZ6032,0.06730805372612143
IMW1976,0.5285425049299288
NFP1572,0.5655850271548446
UMQ1245,0.2380976886438764
VPI3440,0.45863424777921796
IAR8050,0.073979216693023
LZR8401,0.283731414073912
SHF9433,0.38822404649066594
UJL4817,0.7881201472225063
TRR3958,0.056345786112059044
TXD8258,0.43908147137011777
FCO4051,0.15749778888457333
OSB4374,0.4988695362357814
FVW1939,0.46146266926367546
PEX5881,0.1805029160845839
UZO1865,0.6187734961797957
LWE1790,0.29107879302543405
GWB7700,0.45869308143984633
ZOP8654,0.5229972235790782
XLA1817,0.4388947644259933
HWW7112,0.4566332779775775
SFB9784,0.6044917648380663
OBN4261,0.008022786810205466
VRM2547,0.33947122012025543
DOC8167,0.5595597316368784
SWJ1035,0.42339909648961843
FLF2496,0.626372784608685
JYX8578,0.9170729490478795
AEU2982,0.35089593254833
YVH2306,0.5602068876855468
QKL4250,0.35006831156484686
LBW6479,0.5739975104035442
XQN5681,0.5003433908157244
CEP4086,0.6194549205215969
YGX0420,0.06956933419439883
BKB7512,0.5345750958690128
IXG9725,0.49062791416340085
BOF5544,0.3218070328811316
UYN7747,0.05850186601294885
ROF4670,0.23940664727900574
UGV7717,0.019569406258302616
OEI6069,0.18808471688130154
EZO4175,0.07654254655929979
OIF7758,0.802733306334238
JEH2919,0.19076656150340246
JCE4705,0.46924985334722086
BOD3734,0.26396421484063415
HRI5660,0.18457694847031145
OOO8613,0.022186368572505017
XCU4599,0.09507925516313066
KRX9049,0.337207785833976
JOB6245,0.18517473167849063
QNM0137,0.288038006365542
WIM6665,0.06774243807058034
LNU5227,0.3696200023310344
YQN9605,0.13857702938403638
UQJ8425,0.14711131289996013
PSC0175,0.23415149925100537
DJY2431,0.11355978875765349
ISL8214,0.2961003318013807
IIU0389,0.2659355837049777
SZT2166,0.7033389652723783
QGG3461,0.15119726431686656
XCL2050,0.2914580031253284
QMQ1245,0.14766519436243175
DWG4532,0.13145176650453558
VPI6024,0.5139770212952637
ZYV1950,0.4108832656726134
ZFG5023,0.34409408795521035
VSF0357,0.07330692819992679
OEY6081,0.06396928132480252
TUB2085,0.12064140986386833
MNC6692,0.4235285697569002
VRR1008,0.20307246171942395
YVT6450,0.1064184529911651
FAO6275,0.3010432186638553
PTD9190,0.14989244957559428
JSO5437,0.2556638500268603
MFH9979,0.5452291043064912
SLW2279,0.6499929251895087
AUZ0340,0.4089282400424511
AWU2833,0.3930036086480522
LFN0157,0.42321150223511145
GPR0346,0.60718732236398
MMU5621,0.15172025537135742
IJC0456,0.023606418319137137
HJI0200,0.024732261977117392
PUI7508,0.3800459579380256
QWI3198,0.7070155489893478
VRD3282,0.23609476871172752
IXU9829,0.46781998230411387
NSR4945,0.4647130554921653
CJY2412,0.013793055153751869
SUL1935,0.2469144473091939
WAU9525,0.5280238486045615
VAR5218,0.09117791514723086
OIQ8584,0.21076942543788538
TXN4932,0.028583633858199335
FST0470,0.3353881097092398
YVU3745,0.42581886402691943
VRX1810,0.671435492202221
ANZ2576,0.23892351127712155
DFT7074,0.31965533329232115
GLT4950,0.6772579727945194
WBD1290,0.06434355346991488
KLD9539,0.19790436311932338
UFD2281,0.021873245028182716
AGV8920,0.48581150617993896
EZM8303,0.37246063464531415
VHB2724,0.5739019046326141
CGS7371,0.06870194766917243
KRX8325,0.22012165580764206
HQM2559,0.4714847424754975
OAS4314,0.4736219529496697
REU0208,0.35421820468342846
BCK4124,0.7180188338954955
YXF7483,0.09715021509447842
EJI6128,0.515231670510872
ZMZ5134,0.36929578486941783
YAV1162,0.20885522915922436
NRB1641,0.28869745203294656
YBA0436,0.8873931880023268
WDM4803,0.1826920551626726
APA0477,0.10404581148242528
DJJ7857,0.3573239028008855
DDO2541,0.4842654987815358
DTT0915,0.3134518055034801
DIO9974,0.559953872978053
RTS4274,0.4762192257836064
EVQ9390,0.1750412393429746
GSS9218,0.27058882764154585
QPV1399,0.052250090285457705
ZGP9947,0.34763316036555075
VXZ0953,0.4426841895907363
AKN4052,0.08785430701565336
GGP3877,0.844326096800412
AVK5211,0.18955316080628906
CBU4492,0.3120263270890166
LGY4995,0.3893433634765168
DPF8787,0.580899048707444
ZLU0244,0.12722315701784326
GKG9739,0.28708624917184977
XWD6996,0.1335129666253098
AKF5899,0.17494092528237973
UBN8639,0.49198318210361686
UOV8935,0.6255369207657917
SCV5979,0.5192916203523911
WCH0782,0.8308925378635046
ARH6872,0.11237308318129809
NMM7694,0.479836272687206
ICX6399,0.08753463520649067
TCX4933,0.15127877388547328
UMW1034,0.751567542883899
YYP8138,0.16384682745559806
SCB9443,0.5336973028503366
ITC6113,0.6643176226202739
FCL9477,0.5488331872066106
OXN4850,0.3752815636811989
JYD3480,0.6983252049451146
VRQ7885,0.9021123783366066
FUP7384,0.34498209198331614
QWF1930,0.1748212083270343
XJR3753,0.031004977356619334
JYQ8107,0.23494394555664644
RLK1604,0.052191288108505866
WWU5537,0.8776122205381207
HYS7523,0.40694847958058955
ZJR0568,0.2241025906981807
BRG1099,0.2621733671960783
JVW7197,0.05198533477444074
ULE4248,0.2980526231358967
FBK1312,0.41252305486911023
VSH8159,0.3028380713248197
DMQ5786,0.3664804061511259
GCB3430,0.23384914762867845
OLF0501,0.24499621758176376
JWD0044,0.6694802072597914
TJP7761,0.579783665136843
BQX3256,0.028485063239697215
XYX5749,0.3900364524180583
MRK3909,0.2619056676256494
XEA7163,0.19735110739082792
HCW6650,0.508113611544078
TZP4079,0.31704682175101134
RYR3568,0.3451175760902322
KAA8266,0.12165815377160977
EJP3492,0.34833076993050954
NGH6480,0.13560432311234583
RBK3849,0.2806393681215324
AVU5986,0.49759748212340715
BVU1715,0.09446933136638813
WDM1181,0.41023824890243743
FMT3576,0.1661732383719247
YTJ2895,0.4765114885286045
LYE8184,0.12682136466508878
TGB5296,0.14320967944488652
PAM8552,0.1709842562178525
FOB2099,0.7076361604662341
PGW0709,0.2255268884102092
WZF7186,0.1868343351432262
YZJ1826,0.42300944963370574
CUK6688,0.4521294252042832
JJL9592,0.0103648204634767
BLJ1552,0.026432192140056394
CKE5978,0.5001784776629571
KEP7251,0.43699235573272344
CWA1833,0.4158223300808477
DIG4152,0.42270156588959873
QJO2482,0.11469358415118566
QFS9248,0.09308435989660052
VPB6339,0.8301084783466495
BBN5975,0.293473194951077
XCZ5265,0.247377386109729
ALH6740,0.2926080645127195
VFE1712,0.04311239448034722
PBU6519,0.05123131629323897
JIL1820,0.15621827990576206
TKO3377,0.14578892192174533
XOL1792,0.3868292924696786
HUQ7289,0.4382801042441538
EIH7258,0.33591200736473376
XHL3600,0.4924525131483428
BLG6557,0.13117756581611106
XOH4990,0.43774341716020165
SFG9400,0.16285283572264944
CTW0716,0.18394076927802328
EPQ1022,0.1995191141153918
DDF4807,0.39778281782209846
JHE1802,0.29968131637189444
XKA0286,0.13124758023580502
KJS4977,0.0403931131311995
KIX5898,0.4797827866739457
KAJ5890,0.012407186023073282
HTN5032,0.16078784560252418
XBG3646,0.8420188342224009
STF0095,0.06372535863025257
XYS3253,0.2671768056036366
YFM9412,0.400916226537971
EIC9765,0.4535828868504663
SJW3302,0.32116791483091334
GQS6751,0.2434304709444081
VHY1313,0.5219584105504227
JFS7189,0.7637242360802484
UGC3514,0.6894711893039658
CNX2296,0.252518898518648
FZA8058,0.44696456375863164
ITU2802,0.3885103436502442
WIJ2095,0.42951470692115085
KPD2769,0.1174962059036572
SZO7824,0.6653344229163034
VSF0918,0.09972562156321525
QPO6163,0.348425169127076
QJG9094,0.18039282374392823
WSN4732,0.2913360921659007
QAH7760,0.46705087927886635
QJQ6048,0.36562343665421293
QSS0205,0.1343204885125965
ZJH8058,0.10440104978867276
QIP0730,0.4004641678930276
SZC2380,0.515651520511104
RGL9560,0.08463916829363564
WBE3412,0.16421348161569918
ZRW2620,0.062445183696800265
VLM7962,0.08357371709947403
ART9792,0.10221752461454839
ZJN9258,0.8813844945127979
LSD5527,0.5933591927157261
XFA9780,0.19775536055175388
YZX0939,0.05485185904277259
CYB1866,0.24627913747410085
EHO3159,0.24967865459434838
SIG0318,0.6011941888068709
VGM0574,0.3104850801730942
VHH6882,0.03630530784558213
ZNX3901,0.31313372042876114
GHC3228,0.3343819305158004
SQG0318,0.34952757905614174
IEY6901,0.17603997146991723
HUS2611,0.4214894601920853
YEH8272,0.027357118852895938
ZPJ4887,0.21891880057725788
FVM9271,0.19557255052328518
BYC7251,0.23691728137381207
VZV4566,0.26755207290035926
HJQ9078,0.35005236867302947
EGR2718,0.6261570825285683
BQW0054,0.1437666134494942
NWE8918,0.1964860113188319
GWU4698,0.6415152078657319
CZX9272,0.30702447963670526
EYB9921,0.2657588577836572
XJP5950,0.11182202879066244
IFJ6475,0.36300737888526985
XNM9426,0.9126430212756552
TSQ8268,0.00743188583828491
KPO2933,0.18214986041777695
LXQ7529,0.08974782560291826
XRF7014,0.3521262346992691
DNC4443,0.12319368419961571
AXH1658,0.6755640815706557
AHZ7652,0.642614644130353
NWH3193,0.12452669268553647
TID1716,0.8502802187642202
ANP3440,0.5944781103530743
OUG4685,0.5873373755583767
MWD7907,0.3952600998138844
TPQ4836,0.30914043083346965
AAJ6531,0.5280584733695036
XKG7418,0.5375336908202621
LJF8014,0.16771984790063185
IWF7341,0.09999797373344453
USH9806,0.13752683469694826
HOT8154,0.2557331882031165
DAX4292,0.2586261125366674
KYM4729,0.2959549110959649
LKI9763,0.15181067817689475
JAY7470,0.5531018329894216
VAG9407,0.05112772600463505
AXD1373,0.37491262034801803
KZV1736,0.25259657712731715
ION0603,0.3830728214230979
IBD4973,0.22845846682346702
HAX1381,0.48945905843252296
GDV3204,0.16617989977150802
GQU7798,0.7380492539439912
GAQ1597,0.5717590604020899
KVP9269,0.3339432486821549
RDH8031,0.13924700514116767
QLJ5966,0.37836284197898706
OUM7825,0.11602400769954167
OPJ7108,0.3543784045522308
XXV5331,0.6662405580111
NIA3272,0.7803754822931509
IPQ4779,0.08838909017608536
OGH5544,0.30041066727107435
IDS6311,0.4767975500549788
ZAL6103,0.23253776101736653
QMH1755,0.04902467537020161
AXF6974,0.22559634310307175
GCI3630,0.18487630041988176
VZW2401,0.0719965299083088
OVE3990,0.6146239768822922
NOV1064,0.10114488454994056
QYK7288,0.351873954221423
EUR5124,0.4430555550884825
UXL5796,0.2807680157150645
TDZ5862,0.5297927689585996
UNT1852,0.2501506241818858
ZQT3434,0.09425376485978906
RBL0406,0.28619303530384876
NVN3331,0.19136978790337403
QYU6181,0.16869016782360063
MCR9458,0.21541773009762422
INV8873,0.4266918171028187
CBR7213,0.10404290482922186
JHG9105,0.5755464241174371
TMB3670,0.024727079425090052
PGJ5657,0.77938606281673
UGV5295,0.2087635308538365
OXI5106,0.4865057234522343
DNV3094,0.3592381537126564
VAH0839,0.4919006194287021
CCY9074,0.5553868434386753
HSC7757,0.6855103276255723
BRT3178,0.6847307026713396
TMT4944,0.6471572483431295
XTK9260,0.7445192463580834
MXU6827,0.26266114343618285
VPJ7122,0.09860059119322404
NGU4725,0.1655573046705547
XHW4190,0.22716613408717196
YAY5524,0.39893301056917946
SSM0392,0.1977954856307651
FXD1708,0.08845048143388615
MPV0672,0.42324069371702844
IGZ9386,0.28712294865998855
TOI1490,0.3178000274431184
QAZ9933,0.6202646936118642
CRM2978,0.16004315229497107
OIB9991,0.4184461741346071
KVN4822,0.11572422073792978
GCG5533,0.3981222385420741
VTK8111,0.16702838811197898
KAE9168,0.29780168076817726
RGV6468,0.2415693571273129
LWX7015,0.44261213106467484
PZK8396,0.5199984466980099
RHE1717,0.41785211384435644
VCQ2207,0.7386600118240163
VQT9580,0.8247591505825775
IOB0677,0.3591692898036864
QPJ4092,0.4691689624976037
AVY1533,0.26038139045530256
QDJ1312,0.3582537912774436
XSX5863,0.5723291093714128
RNZ7687,0.8044758780931468
FUE4559,0.2648853610264975
KFB0998,0.4592040382366438
BJW4567,0.2318396383007212
KUC9637,0.31599344012056657
QLT3222,0.5792414409052149
FOK0149,0.3349377755943675
KEJ2913,0.10412373678265213
KCM5467,0.23313368440832757
RYH8245,0.5610385291951566
RUE5771,0.03315507601825508
HNH0868,0.5061303060880953
XBC4033,0.5097312015043556
ZLF9201,0.8046372009628195
FKK0636,0.38266356193428963
WCN3474,0.6297495843276316
DGN9413,0.6002884784367496
ZVT9034,0.1300846251851544
GYU5540,0.033227218751056456
FDX4205,0.2551083944490479
IPD1251,0.10050631981957049
ZFT9168,0.03884367154536926
PYN3393,0.24753120594793399
FTZ6683,0.1139512212780209
AKI7936,0.24785953584019735
MPY2709,0.07093705674076879
NTP2659,0.6024967345679922
IDE2433,0.3171727989176743
SVO8258,0.4658115672064461
TNE9256,0.5741014889891929
LEG2561,0.3304223864942563
UKA9422,0.37313573724081456
MCH1289,0.05185322302769324
IND7831,0.5026359124916264
WLX0704,0.055005366788666486
NJG1634,0.00871547750846451
CBU6288,0.48077833892063293
BBK2710,0.5181219355202817
HZL9836,0.11408099464134927
CHC3948,0.6052970363442018
ZUS6740,0.07598191849974695
VFH7531,0.12142011261217978
GWE2897,0.032892274044089106
CAS5155,0.08018560861349831
GMW9681,0.13133824799470645
MES0461,0.4833438532373502
TWZ5436,0.2671483255279701
TVV2529,0.2406015682020287
AQZ6865,0.371635109358521
OIC4021,0.3043644032587195
MOQ3911,0.12632872313451415
DNS8201,0.23296368463753764
ZUI6325,0.3002864158064968
NJA8351,0.6562366891075687
ODB5040,0.5758062055620193
IPW5152,0.5337773606942242
XZY2224,0.39888482780120743
FZB2992,0.4221731055182569
ZRO4379,0.6213276470903585
RJI7678,0.226901003470923
LVN5225,0.1329625885530579
OYF4788,0.22229632648922948
CIS4067,0.5710442583434625
KIR6566,0.02785038243539569
WRS7799,0.17428414890011956
ISB9210,0.1321143444473131
BKG1713,0.6717690196766101
NIG7239,0.40305934674556737
UHJ2010,0.0038510044533919554
SGE7571,0.30596152591265563
DJH7886,0.49703219032133433
TML0327,0.6409954665175723
JSU6205,0.7070471037425372
UBA1024,0.13102479368838682
ZWM3611,0.31156096040616205
AQD1119,0.28057035015291204
UHR8841,0.20059413013322014
EZL8963,0.30390780436844195
VEY3609,0.29041772027815
IMN3213,0.34357148825938894
ZFI4055,0.14425965057493498
ISJ7190,0.11144525050450577
YRK0679,0.19528367350943576
SEP9777,0.2855372375280272
XIM9647,0.22619323024028068
IJF2788,0.21766136239424463
HXU6751,0.2706020174022222
LSM8308,0.3560145271791914
FGQ0847,0.14803642448036655
MUT3329,0.07439333531482371
EVW3568,0.43063543672294613
FSK9108,0.7452902852875761
EGK0077,0.77064884516676
RTH7598,0.5710199492510198
OEZ7029,0.05478874303056941
UIN0383,0.3523587000375672
NVR7308,0.28596355239383203
LFN0770,0.39954858524220593
WYE4302,0.5114935746206826
OFR1250,0.302130903570352
HVR7961,0.28433329158522214
WDT2838,0.1738932497204559
QER6562,0.32134697236007626
ZDE4635,0.16790956470290663
BDM2485,0.45242048262118395
FIC2222,0.5414049720260659
HKB7207,0.21717313649549486
KYQ7812,0.23621199136125667
IIM0404,0.06365734552842574
XCD1483,0.18730168384434542
AVJ1401,0.20907033270430167
DZC5973,0.8372552985740607
APX1161,0.866783554539565
GOQ0389,0.3123118918526414
XAE6247,0.42199789234635515
AQX5762,0.10002613267968871
BRS9830,0.3711658946027214
PRJ3006,0.037327735057992424
UBS4074,0.10798003736077773
KAM8647,0.11611148660252178
EBX3166,0.1518321473094488
UNT5825,0.13948091246111358
ATV6282,0.11068550200940255
NFY8031,0.6417195112516338
GDC9171,0.011920021356790196
RID8507,0.03708028864529104
OEY2607,0.5793125917724034
PSW0387,0.21691566236805737
MVW4654,0.06759385642316695
EZS6596,0.7531091282282603
CVB8449,0.5725975648948517
XSF7433,0.4339683692292103
SPN0794,0.1213577368985061
NAB4031,0.171672100201851
RDP5976,0.12645393517857773
ODE7386,0.6756196300906243
MST1998,0.2567082281486902
BZM9077,0.46925605363871503
DNS0664,0.8531602722270882
NZQ2516,0.5253109898653604
MUT8357,0.4431842186464735
NUL1408,0.19020553455031206
MXT6982,0.15217335200072007
ILD5756,0.1974547721914592
SNX5115,0.20999079610558113
VDE5638,0.19277211000331734
XDT6352,0.6249528747936466
ITP3953,0.1618967726979985
SJL0243,0.17730122068109447
YLU6132,0.6685260773827411
ITV2576,0.03672766724876087
OVU3708,0.27438891991171666
FHX7449,0.3700546115176318
TMT6978,0.1947601321709604
BPN2368,0.017028848270864358
HMT7274,0.3970862352242518
ULH3666,0.08796553128894463
GMU7686,0.47580355603856167
QII9327,0.035309026068863325
LBF3051,0.12611113716281053
ONT8863,0.2445317901656083
ZYP5276,0.5800631797000022
LUD5291,0.1302445772758936
TDZ8382,0.15997520052342543
TPG6394,0.5590826141813342
RMR6937,0.412375949293364
LMY0729,0.3936883540132729
AMC0445,0.29785635128812066
SSB1104,0.5061732545860325
JNF8209,0.1684130124869595
RRE2084,0.25839145214212916
WZZ5459,0.49998193969286153
JNF4249,0.06185731682023699
DBO1637,0.6450911129998839
AKR7639,0.17314340970931788
QUR9661,0.15219959342195305
LUS4900,0.4904782722724678
DNT6503,0.4518781104459597
HZR5957,0.1393887667004404
XWR2281,0.059606280722990936
YST3431,0.6920790356958496
IEH3003,0.019944333045571718
NYB9148,0.4639093183027902
PII9352,0.04762383734443815
LEV9553,0.8064304074670924
OCE4351,0.0205889845896755
DNY8601,0.2719803702649729
DFL5337,0.3969418538477495
MDZ1058,0.07001875294717438
ADW7699,0.2399036457703882
BBX5076,0.30767177089701886
WUQ6007,0.15186081203567076
ZEY1800,0.17863607870211912
JOP6452,0.2859819904890624
KIT4113,0.16239469995560957
LIN3185,0.09980636545506963
QHT8208,0.16295942883834447
JJM5633,0.661525610137505
RNT6014,0.5274184894047431
YPM1923,0.5955560812366263
HHL5681,0.08487357931201579
ABP4829,0.10664064916137946
IFX0205,0.10182689398502928
UEH3912,0.8520524215526385
TKW1098,0.024420105792940745
WYN1877,0.1569611154818858
PPN3139,0.039119305395931996
RUP9504,0.22161701361088945
TFK5517,0.7691557141819437
JEC2726,0.10524552319973546
SCP7748,0.18642239358300003
MGW6057,0.4226372989971469
YYN2755,0.07093996464015495
VNB5918,0.5945727052354504
JCG4440,0.24845193263318668
IBD2156,0.2928442616016908
VIX2519,0.25644892020062215
XZT8966,0.6683317554425703
JKW8832,0.4683250902825164
XQR4664,0.3566582473015581
HOS7277,0.14352729789437269
ZIH4509,0.2453385833478022
FZM2635,0.09105673820771087
BQQ2812,0.3796967984791763
QTT1172,0.2920719905934399
EIR5523,0.37519779842576084
XZO0242,0.31855431016363245
AZV3528,0.28381457570845653
SFX1939,0.5449787271441918
WZV5563,0.08046622520575698
QZB7687,0.039433661287117984
FUH8115,0.3986707498489256
TMM9869,0.0906008510690372
NCG1476,0.041830613034602
WJN4297,0.056465053237762027
RAT4822,0.24881416329384634
RIC5857,0.1313724219276483
VSO0563,0.5826049982411423
VMA1558,0.25640312993558134
BOL7206,0.0608617681755356
CZQ3950,0.06108047125371457
NJU4912,0.29608596247875363
GAZ8594,0.5661652328046944
FOX4419,0.0967852481577014
LBN4213,0.14647758741102426
ADA1940,0.34295225822541303
ZPG0651,0.5642545382756732
KEJ8705,0.039127343092827525
UHB5802,0.024142014565535514
KMZ7327,0.1213184827753088
NJT8387,0.4927184491011614
XAP3954,0.36613845274876633
FEL1637,0.837265847540067
IKV7714,0.24162322061244462
DPZ1880,0.629374885027502
RGT7421,0.2746621717013349
AEK9286,0.468002067962126
ROM8234,0.15176825341677458
XQX7484,0.4082001584291093
OLH5732,0.07911267747502494
EXQ7424,0.3140245618427395
FVH0886,0.08990153219277729
KYL6652,0.24695764184111482
KTM5656,0.7331504987226698
MIG6527,0.4819703935333805
SVR7025,0.2970659337046148
NCJ4089,0.17810448000319254
FHS2667,0.045589751849033085
VHZ2363,0.5899131131400226
OXW0223,0.08432966669531505
PJU5928,0.28739027199568473
IKH2812,0.6808035322456553
VMA0683,0.10899752430059055
TGG9176,0.10578182309422324
NLQ2220,0.15066681327464274
JEG1496,0.5911937890313327
KDZ6336,0.10295785090470096
JQL9820,0.25671604169864265
GRD7737,0.6944929019485837
GFP8654,0.32285465339791425
SDO8567,0.048848710497168386
EZH1168,0.14739700045706378
CQI1581,0.03166735183258153
GDQ8895,0.10012731225799758
YRC6765,0.46822259477602485
OCH0693,0.07272762437896914
DRE2586,0.3081972523142132
EWP2402,0.11379562534986969
RIN1708,0.6608271715906274
LKO2402,0.48256546454324645
RHW2826,0.38392614244909473
NNX9566,0.3890760114045124
UNW5036,0.5789252042285273
SIZ4373,0.06816083957875034
XDX8398,0.13696309696139744
BVY9650,0.22739113286262613
UBZ6506,0.471011738349782
BOP0282,0.21400138779134092
XIU8129,0.6837152096587181
NYD0344,0.18246142078414476
VVO5031,0.4172474158776034
XHV3554,0.11483557381357495
KZH9892,0.11162249152699874
TYJ4103,0.3079353785831203
ZMK7102,0.16123466671440218
FFI0442,0.5275671196292004
COH3368,0.14501012105432776
MID8808,0.16207553875330014
RUV2796,0.3204858191416316
QJK7408,0.293257495381024
JRH4838,0.3833763184491632
QQX6215,0.4471875074005193
NWZ2697,0.6722396709421351
EZU1406,0.2527921319814621
ZYV2745,0.10689571073410645
SIN0801,0.2862610408351305
EJO5929,0.2286584365320559
KLU4765,0.09476362200716362
KMG1756,0.3323473710429737
XGY8792,0.14375546635447617
TZF4711,0.6176953436121211
TFO2196,0.1730223037453728
YSD2730,0.2433775842892979
UBB5348,0.029511598755032408
JKJ0093,0.2948783241733243
SOS9493,0.21437774590067094
CPV1365,0.08203466098024664
BSO9027,0.7666378931394351
XJA8753,0.7406224652175122
GWN9096,0.2306410856195125
MNK4884,0.5426912467886031
PRK6362,0.5527237416453403
LQN5334,0.17018106651364553
OGJ5702,0.41147157335048523
WTD5629,0.5528439503543463
DIE4208,0.3979301922949674
GNE5232,0.0875825539552417
OZH1950,0.1761318724077164
ELX6331,0.3395990336812479
NPC3191,0.12975411469554138
PAH1597,0.431709774196521
BVJ4858,0.29791250626505983
OJP4439,0.009230700645595244
TDR3485,0.6804175564563638
AXV1661,0.17660422088396757
RGG1369,0.6095823081193107
PNI7364,0.1309686193695425
OTI7000,0.4030289403053182
XRG0070,0.14736996960618676
PIP8809,0.22985850982090827
GWY1981,0.0671106183127276
VZI6264,0.29393819993793563
WVO9284,0.31243552415962134
RYX2969,0.49977555383991024
HUI0041,0.07144866315082524
REF0444,0.1964425327319776
NCF8710,0.5448403853689323
JIH5267,0.5270223627763932
SLV2360,0.515528325754513
FCQ3915,0.19402089459079921
PYL7123,0.3031060676015481
HKH5725,0.022291265450149585
XLO3239,0.09054147728694255
OLN1336,0.09018917029037896
ECP4621,0.4179165733184535
KPS0064,0.2903853159785023
CLU5954,0.2949964450211757
UNG6284,0.021579473590305792
VYF7983,0.3733439446965749
URN1834,0.4998376228360692
OCH6913,0.29588329070881014
ACR1583,0.0958861407865151
ZYQ4775,0.02093276804292767
BNU8024,0.04507563521200893
PSC4692,0.1886755027634273
MWK1300,0.7619104681896619
VTZ7837,0.09398714941039833
GVY3459,0.22418122064492313
ZXH8781,0.2257999048430897
PCN7228,0.41564984692290075
ORQ0272,0.04734262367408006
WKW0910,0.609116411436328
IFM5092,0.13346213474385454
HDJ4116,0.3339171825945966
OQB5335,0.015201863209976917
OFX7490,0.10625763682549741
OOU2927,0.2027239451386506
WLT8543,0.07572326544759149
DYZ0643,0.08239427880273961
BHE7518,0.15232490105106505
OTE8834,0.3103108880017169
JKZ8611,0.745271922612242
DXF2796,0.1457379202075893
BKD4940,0.49154981310973295
LJO5796,0.3072027873805297
DDJ7985,0.33859280947387005
NEG4016,0.7798870298289596
MTS4859,0.2618857139203436
ZIQ3070,0.01611567999910925
MQR1484,0.3369682943187797
SPG2102,0.03899674105776368
ZPG2396,0.5101040638361731
BWG1095,0.2580443600919055
IRG5962,0.25685114081960686
EDN5025,0.3792235887068248
TLO0577,0.2406173414012998
RJM5646,0.6915963404948847
KUP5538,0.1091720648230988
ZMH6406,0.17840196570976
TQI4631,0.6292293509113
VRA1232,0.11195847227422513
YHS6319,0.1103730913567372
FDR8571,0.09157047725750035
UMU7047,0.03910182292012923
FCY4622,0.49658250899582246
GMN0416,0.13175104578778063
HVO6893,0.22634029584476173
ZWR3316,0.1315815178232103
FPP0788,0.3075299337860958
SBF5209,0.22668127885063213
FCJ4472,0.34022712717445935
KMK8317,0.22237540893752733
YGK4233,0.18346871019795583
VDZ0820,0.4385730303331256
EWA2578,0.28427999379888835
API8763,0.17388219216125633
NSQ5830,0.07459646437319196
XIV6334,0.19117382046722164
RYE8536,0.19906388203480527
BYZ2502,0.12800870656894267
CVW3012,0.02341545486485382
XSP9376,0.9811435552092875
DPX6274,0.7226024397594076
YAV7462,0.09487975004103127
TCX1554,0.4679063018006992
OSC7642,0.02037815942243072
BZL4977,0.006409958313492394
GWJ7994,0.6587403051869846
JLQ1365,0.38369658608368534
BHN2813,0.17737314554002362
BKI1459,0.16954699941251353
WBD6906,0.3950505456867537
RNM5558,0.4774456691175047
OSX5974,0.2980518756467245
OVX5430,0.16795964357967044
IJG8643,0.4649742639517982
MER4585,0.2736694469440546
YGH0528,0.5686157215185625
MXN5427,0.1918831127832746
IFD3298,0.35108569169860115
WNY9805,0.5630053043372187
NOL8760,0.2856838932846449
HRT4289,0.36395186001967367
FTM3729,0.2777431819556576
JPA1525,0.4903582291241174
AAC4913,0.25530405720939736
GTA1400,0.3342590540926465
ENL6464,0.903963192208627
CHE9991,0.10943617458326689
XDY1278,0.5093481884998519
MVZ9561,0.1791716679830113
NGC4607,0.049397184844790616
BSB1812,0.4611992215544557
GCQ9238,0.7963214019169358
QBW1615,0.4507000173958196
OJO8099,0.13753641446546452
OUX2052,0.21509808362483615
MWX6680,0.22424053537102012
AXZ0961,0.10795907893293484
XPN8077,0.24117591440116873
FZL1982,0.5585260944777827
WIC9070,0.0967474510869837
HDF3459,0.4890343352647091
NGD0004,0.14312412253183404
TGG3926,0.6254535800656477
IGK0243,0.07086477358533494
BGV2526,0.5563067634280371
BLC9364,0.4570760347679392
OFD7539,0.582590322608836
OAH1823,0.09480466842441358
NQZ4084,0.16783911912061666
IYX3416,0.06863781862419373
HDQ2252,0.43901143598262526
VBY5671,0.30484048056801866
LCW1193,0.1232140920040398
TNU8061,0.24387477714322
LKL6935,0.08774819575281058
SUS3751,0.5714015022963219
VGW0131,0.17412306146895162
WZM8088,0.3834878157139966
MYJ2040,0.6540089680321886
KPI8713,0.8238655856879291
HAY6713,0.11078474228586609
DZA1378,0.55107073105519
KEE7365,0.12513336451896875
OWA8647,0.508806806352355
TUJ0235,0.10842070068923364
ITC8151,0.3953775522685484
IFG6313,0.13954824695911602
MOK3205,0.718680434013098
FTY6144,0.21896502328155992
KOA3700,0.8949270627417337
PYP7703,0.570743909281498
LHC5900,0.05975531289103532
JGZ2115,0.10439765921527483
UNI1663,0.052178301310226285
ZFG6509,0.18205002072456802
UNE9379,0.20325433766899648
XYH6411,0.03751526775265455
QTW5754,0.7950351220116708
FSO3694,0.31286136882817905
HOY4148,0.19464600091058035
VFR5550,0.453850302712953
RJC9683,0.16090517741907642
JMP4506,0.9502238077909076
EZN3332,0.13346743461945848
ECU2366,0.3099696457234096
OQI9772,0.30476099553266517
DEG0862,0.07223942514469575
IZU0386,0.316000378132458
TGE4171,0.04898215378042885
HGU0195,0.520499520375643
HYW1345,0.07981587402524863
KWJ9347,0.2525491977241431
NEN7347,0.3178857762878442
FWV5794,0.4265178088581607
AME1301,0.25448922268570623
YHQ2814,0.43037669381017263
STY4964,0.07631121062369087
DRD8345,0.2695957269155166
JRK6366,0.22242231796232537
NYD0866,0.5095504983078759
CFQ2102,0.2533508147354846
VOS7787,0.7965968671065529
ZGN3501,0.3952578651658726
VIU6738,0.1319344942278063
OEJ7985,0.13549959373129056
QVP6329,0.3817054864240146
EJE3330,0.1418630067439292
NZV9061,0.3230436101110769
KZF6644,0.4556928687438461
OCA2457,0.7371476598447141
NKJ4924,0.2225712777056833
SLS1109,0.15854011934191628
BID8669,0.08671627485932347
AMX9569,0.5096815273677865
AKU8460,0.3667423742674986
RVB6841,0.3432528302059603
BJP9895,0.23482023099563748
NUI4528,0.4224962183016226
YLV9127,0.08416997555115958
NRU0188,0.188986814358459
MSB7840,0.18200107584197323
OUZ2583,0.8840087782886014
IBB3805,0.8601751300555956
SAZ9515,0.1166204461176651
CVL2907,0.4249721324237652
QUY5674,0.3426289824547179
DGM8734,0.8972529567714955
EXD0090,0.07885468856246707
JLL6388,0.3221370692071018
XPI0088,0.7402111182842083
FFS4989,0.36561539203459936
FKX1094,0.14357150314666667
HOS1189,0.2787296332835512
DMC9213,0.0785928294721744
USS8184,0.6418412328205934
NLR9778,0.3949098340947697
UVB2218,0.0952306206329599
UOY1581,0.1644372536612276
YGK7391,0.3469994649596882
EGA6066,0.35069220356726805
DXI2554,0.47328767950736894
JYQ1182,0.36927496598283766
TJF7046,0.3159014588081022
HBV3751,0.24125958742586004
HIO2881,0.7358001805833921
KKW1949,0.023771982562408638
EXO5445,0.47322475206031034
SHJ8274,0.23717315937224542
PVD6218,0.36777761166649375
GBR0983,0.8823683188087257
QFH9826,0.9215055167406246
NKJ6268,0.023000630194314076
LOD1596,0.0699505691881482
KZO1947,0.08899622435590107
WJY9773,0.048670815144816
OAB1566,0.042249590592421164
ODN6043,0.07027794423206485
LQC3204,0.34093607214603133
FUG0693,0.07392532365908223
FON4316,0.05716237840861256
QRL2739,0.06058631658780564
EUV8682,0.13445112464668033
CPU0483,0.22393958789171578
DBC4185,0.12994671120580112
RHI4955,0.32403470085704916
DGP8509,0.1381780071765599
UTG5131,0.42368440493603304
ULJ6592,0.37803571198217106
BBE5979,0.5246194521846466
BBR0750,0.316053509902648
RNF0523,0.49718866760382996
RMX0277,0.618249048044436
FHW5229,0.5513837506193281
JAB9481,0.2006878699186471
PEX1813,0.30611631066553235
KOI3974,0.24444638914457295
TCS4563,0.30276511271787476
RBV5707,0.893400198339176
FTH0281,0.45288818742062037
UAH5815,0.2542421959286856
EUB9838,0.24878203286196834
ZMQ2617,0.6786367228258069
PXN4987,0.6247844776730005
NJW8728,0.26538272855284
NSF4229,0.1471389780962677
SXU5601,0.08291772692573586
WCG5642,0.23726545358967457
IWH0066,0.1699526925492585
IZI8962,0.5511220874587136
ZXI3114,0.8099259341718799
TRH0877,0.059603003032596226
DWS1156,0.06552310500051595
BNU5172,0.08745646071993073
HSW5481,0.10203859852672831
KWN7089,0.2946149587583479
LFF8505,0.3121684468008588
GVX5582,0.1242792735358758
VDU0832,0.12477301711544676
VIJ4798,0.27489089564165825
YMM0458,0.0614418232954527
OGB3564,0.2761368002824874
MEQ6866,0.4385693623078229
AOE6958,0.11296266731464571
VEK5561,0.1485429073497271
WLL6206,0.6042745253303918
LNR3498,0.22700130823399758
YPZ7612,0.9125546678363988
GCX1531,0.17146873836129714
TXA7847,0.3117198935826894
FJZ0116,0.5351567773270974
LJZ2683,0.28496221247690223
EIM7860,0.0948858976828822
AUU3823,0.29737158127099445
CHX4581,0.5648062399387582
YRD0437,0.05164804577102381
DAB0671,0.3741056968839602
XDO5057,0.4557703100357471
ZKW5475,0.23110481576870567
CGO7243,0.06187186872299838
EWZ2252,0.3330148829288496
BWC2297,0.21114615314584131
HVF8197,0.4512104376192719
AYH9061,0.38223807007252375
AME3933,0.027602133322124783
XNC2032,0.10552202818569612
VTH8783,0.40563010929202925
XCY4881,0.129282306696447
GSJ8580,0.1839598292025775
WQQ5955,0.5799187282639947
OMK1405,0.7360968358618278
APA3758,0.19281539941666762
LMZ3692,0.4846631694163891
CBX0707,0.17146328008005451
HUD3876,0.1884683547389661
FRU5905,0.08441232907772085
PMS6526,0.5095377834869863
ZXJ7471,0.34535440069733614
ZBY6746,0.7019361278734672
NJT9868,0.5803265064333336
UVY0564,0.01986397780287046
SKW1143,0.19533186742405678
ABG2525,0.2575269296644916
UFU8390,0.27621840092108846
NGT9960,0.3479074060449209
ZRY4907,0.4168750185275562
BGA9143,0.2948860192629959
SBI9198,0.09250984118625177
TPZ2821,0.17157413189042936
ZHI2106,0.19454033957944358
GJS5356,0.7490700393328629
SAR1513,0.22837798150200156
CWB9113,0.3351139587785432
XEL8841,0.2778313925942463
ERY3718,0.007673197514797395
RJE5240,0.05929432503086848
QJG6699,0.5806038876753344
RGX4351,0.21150133318535064
KOQ1552,0.47372916801469833
DFX2670,0.08915319407230897
UTW6638,0.17088823272578701
PBX0575,0.3957652016750654
DJU8355,0.2159160683851857
OBM5317,0.6918071086604454
UHI0457,0.10147500010920514
CWC8353,0.8600090608319036
GTN3770,0.08712904613842294
PWP6352,0.3684268995430788
BVD4367,0.15751811413007483
EZU7351,0.17932389333407456
LMC8257,0.608585493554291
WXD5973,0.4314034663883198
BQS8990,0.3235063107084398
LZL3343,0.092639452673394
SMQ1462,0.45931053718216963
TFY5736,0.3057432441719625
NEW9673,0.2532175669708006
WTI0208,0.5055711930832871
GOL9753,0.42441923270535925
HRK1159,0.4609732069697849
QEK9330,0.11421976376469518
RXH2280,0.12444494544915848
ZFI2141,0.1872829141307521
FBP4085,0.48067463768107543
LRW6457,0.013525249289512896
MSA7617,0.09258973134769138
HXJ0847,0.056002597505589606
FNI8232,0.08104123361158974
LRM8286,0.26458107444520373
PFV9823,0.038497246596873765
JCE3764,0.6448853883303037
ZHX8548,0.2997041044134368
QFC8467,0.43903766516324655
VNH7366,0.2556700699933601
DGR6762,0.17709101236893005
CQO4483,0.26470121038459493
JRA4800,0.3552509756433892
VEL6171,0.395697245821679
ILO6000,0.6910909696559794
UGZ3030,0.2948453526025237
BSB4917,0.08977163352763685
THD2413,0.229811439880835
CED2110,0.24417461996067116
LOR3260,0.08526504070130551
SIO5381,0.48090908299246715
AOZ0664,0.052941162590382534
VHR7684,0.030369312162573058
TFV5435,0.5342480705023408
VNV6240,0.31372321901439154
VJM9383,0.11305800927913952
EKP3156,0.2343313612575629
CKL4208,0.6587794209751695
QMQ2073,0.1602897224222284
ODP4214,0.7199683620947643
EMQ4270,0.6844852710703573
NCO2846,0.8140082596920655
ZKW4912,0.4533108221721756
FSY0685,0.4038770068850227
PMV3303,0.54558181505968
MHM7359,0.2945219016373358
AMU5446,0.6263507121855175
VOP0406,0.15129930225943955
XWN2574,0.018695196120561964
USF3234,0.04441965143087613
BWZ8496,0.38470869987261813
RGY4012,0.2322751444587485
YQH6242,0.7459155328520242
NXM9286,0.6957049683235393
VPK3577,0.4347979592139278
ANQ2382,0.6501570835874985
CXF3459,0.35317545591580035
YYD2813,0.041275504096927734
DSE7516,0.22031348946278234
BIJ6208,0.3582548822413897
HKR9614,0.8584451903997032
MBY2881,0.18539122859056528
RNM1234,0.12066097092095861
CVF5149,0.5045429129134179
DQT9935,0.14594270541606666
UXD3629,0.03189789707985099
ZPM2559,0.4347923206357026
SUF0190,0.10382865049971697
UQC7394,0.5074563238115216
MLL2713,0.04552553471773299
MVW1001,0.1729701569199215
ZOL0937,0.2971052765033199
ERS5113,0.05864023593063566
OIQ3452,0.3299948055542231
KFJ9679,0.06716775590805142
UOI3318,0.44793390523132864
TIL3217,0.4576160510873342
LIT9079,0.5933876995927501
MGN3958,0.432113099221738
UJS5723,0.09658383289897532
NFP4748,0.23505333760268723
SBB7768,0.29802663388473793
NBT7826,0.4612032544285636
XTT9899,0.29051806746543857
DHM3901,0.46338108207455647
UBU1016,0.5024127419308995
QEO5046,0.3403011621849498
YQK8315,0.054545588081065355
JEM8731,0.5137603998629463
TJP5066,0.7956417690534795
ZJU7735,0.03777099563402703
SDI6080,0.5519711768538313
CZV3482,0.6817134615385543
PQX5630,0.2088465966930883
NKZ0214,0.370283054371879
HLX7206,0.26646766850232734
YZX8841,0.0796245823368066
ECQ2509,0.5938731605495117
MYL9728,0.7439324526651573
XAQ8230,0.06985056973339554
RKG9466,0.9021405886063951
GFM9961,0.3544268594129044
ECR8128,0.021797906437851122
UUR4860,0.35868904703055615
XFW2308,0.17229047605904868
EGP4520,0.27212625802736246
KCR3281,0.558919916003505
LBZ5822,0.1093862648581625
MSP5345,0.4569081790118171
UZX5829,0.26015819681894264
VLK8520,0.8721941011999904
UFA7337,0.25921504316512006
NZL9708,0.19322927463328748
NPS8684,0.4368756149291805
DAB4074,0.3606323965949935
KHQ2631,0.21853013903474952
LYE7723,0.21077392640241827
IGH2607,0.7717532945297698
TAI1258,0.41814631007615644
BOM8677,0.04631960746553529
RIA2278,0.41532277948958307
MCP2020,0.17563158621733532
DMU7521,0.10620016690520086
OAN2005,0.13942219952567195
QNX1018,0.015147595044843634
PIP0182,0.043007990373430685
GFF0570,0.1224480358180631
YXA8986,0.0902215733257812
JLU8438,0.020336735417607027
ZYW9004,0.16394052057950576
NFM3278,0.03650799950395219
KIU5533,0.22229075698921513
FBW2168,0.15563728982789996
NPG4374,0.06881055810270234
FJL3478,0.12887886387908254
CFC6920,0.49383867500206746
YLG9645,0.2755655762044586
HQA1719,0.07940824559353701
AWQ8996,0.11803277008799336
ZXA8304,0.09401496586320658
UYR1714,0.15749401774732402
IWS8403,0.49955452666480854
BGN8123,0.1282786245186015
JQP2398,0.0673020659263019
XBS8326,0.2329446005020397
FNI7163,0.6336966642543908
SOP6458,0.301574891090292
PIF5803,0.04842933096885776
MKD6010,0.45345639265419474
FMP7211,0.15708981216659185
VHF3016,0.026723580398557108
IWS3982,0.06429803151249748
TQQ4585,0.05719776208584301
ADE5557,0.03903413244491465
EGQ3082,0.4189750585468443
HQD0501,0.16775724393139405
KMK3923,0.4540056716004631
DAH8950,0.21686388523125172
CYI7850,0.6284209657486448
LKI8677,0.31206429624658366
WPJ1514,0.19390160681695073
SFZ0122,0.183717488106974
FHA4722,0.14144184853968897
WNY7098,0.42640325507516236
UEP3307,0.32807839546036976
GAJ4574,0.046335290739039955
KYG4754,0.7029807711587639
BCY3028,0.6680549877319288
LFF1558,0.09060834575369522
YBS7007,0.37058592166755633
NKO2158,0.5189508039186687
SPX9613,0.03198327775933851
NON7604,0.4922789107951886
FFN7247,0.39059351699796463
SQG1697,0.4780481894684289
YDA3984,0.12659570877294524
DFB8435,0.5139131573031908
VYJ0443,0.29642169008407016
VCP7262,0.7835413456432708
WRN3435,0.22356592333922332
BTT2446,0.2914652017695874
LAH5377,0.4022085519226561
HSW3806,0.38756051138211356
HRO1928,0.08154076290533008
XLU8146,0.20549996153839148
SIN1614,0.7117617175729228
BLN1988,0.20124765949217277
XHK7418,0.31405989536353024
ZCA7979,0.12702887473716265
XLB2047,0.305404262619289
QAU3695,0.09847262905493691
GOG3970,0.12950638756034338
ISN5239,0.09036303361212211
CPU1536,0.7092635276678235
MKX9001,0.23768645675858593
KOR9892,0.1599197658769253
NLU9073,0.6502377071326835
KIU5875,0.17258484231002102
WDP5238,0.6319687998570644
UDM5755,0.2986752311698613
GUK5794,0.05398317271187196
FYM8868,0.1403294442742937
BHK2487,0.0741199929493947
ZRG1286,0.6989589944133467
XUH3076,0.21163213329640088
UUM2341,0.941296294810233
ZJX6721,0.07935393240127082
SXV7548,0.10865254860648217
ETL5828,0.35161771544019593
YBV0249,0.31486118909096167
YWV0248,0.7066135578010251
LHV5651,0.10730597370488272
PIJ2107,0.12240456128042232
BAZ2922,0.24759940023188295
BFN7414,0.017688271070836932
LCJ4382,0.25441240480127064
MSZ7963,0.7908846682311623
LLQ7511,0.3929598132897349
EZQ8929,0.3086990328362532
EYW3271,0.6527745159972674
LUR2550,0.4758263399070492
KWV5171,0.3072822213618612
BJP6002,0.45141820422614953
GAZ6352,0.15940720810990563
NOE5899,0.15213988098308723
GSO6330,0.1371965506846359
DAH7009,0.5592463005789688
SLF0607,0.22913844502630837
PSS4938,0.22913200300456435
YGX9689,0.23467303624158595
BYQ1680,0.7560056227747357
NSD5065,0.5756506141535428
SBI5104,0.036295395027168394
URW5994,0.6435683832939528
LPU4091,0.23759396511051242
UVH6494,0.24990930064188405
OIA6408,0.398614650009888
KJF9569,0.4065694162668463
XSB8188,0.8110339770826162
KPN3155,0.2666071553210857
FSZ2003,0.3609798154628629
ESE6389,0.2874192748339036
EQS2051,0.5683631960950224
JXM7806,0.42741780156457604
FAG4187,0.06353460444555305
PSW9861,0.08745504129230233
ZZA4074,0.21102259166548892
HAU2809,0.61151154424512
VPW4006,0.23580092959156834
GEK2385,0.14633245972034062
PSK0074,0.06707323260289282
JDP9071,0.512177215449374
BJT2367,0.40774805625817073
WZL3394,0.03139293968476668
YMZ2832,0.10277368722282688
CAV4415,0.11161179596955145
IWC6782,0.7999452119537416
FYS1072,0.4908654487148235
BKO8859,0.16853010016502884
XPA1096,0.041073189048845375
UTK9333,0.021694859412393748
JUH0752,0.19901813261068382
CWE4540,0.5367216172385001
GTT5772,0.1543704873842996
NMS7261,0.2223743251022187
NFC6092,0.4687826667752744
SGY9017,0.12717227820523208
IQE8101,0.6331381329756688
SCV6718,0.6540930732244518
CHG1677,0.2544899183366027
FXY2129,0.02248109399845018
GDF6179,0.6455606059641148
VLB7065,0.6074189525966448
HUT0035,0.775715693192535
CQT4321,0.36278973087075805
EJC5633,0.3472484965332169
XFS1411,0.22251067639079739
SZP6865,0.38846514375992186
PRT5108,0.20019608477201623
MFG7332,0.5889139497479771
IES6695,0.06997961320111991
BGF6096,0.19787718666980375
KMX2095,0.4893756407741404
BXV0396,0.10025105252768726
AAS7113,0.25213062724711294
LXU4185,0.27142066773160217
AMZ2875,0.27592536687086533
VTO9083,0.4564098478552931
OYV2826,0.061728690171077655
RVB3422,0.23976306620299295
VQL8869,0.2148851899894028
FHI3975,0.608374333636177
MRT5122,0.14378790189622623
NZT2696,0.5604543377971738
UJV3086,0.2826068931772309
MWX2959,0.3478209471848054
JRH4241,0.6828487405102727
WDY5282,0.2621152781907028
PFI9861,0.2986873737341247
NLH1159,0.14648292799353216
UMO9863,0.4804601394111502
WUA2558,0.06820129001145996
BOV2617,0.27359076781373365
HUF8662,0.5298302463012721
ZGV6167,0.8347398448961365
FJI7768,0.38132449299365273
NYX8294,0.17993036068612417
WCS2391,0.21744092363627954
YXT8825,0.3237136670554367
UYD1555,0.7397397401338813
KDE4661,0.25407652287040156
LFW3799,0.08951419301097992
BOI3325,0.19915901264711133
JBD3230,0.42393374184291066
XOO2590,0.5707163150266833
VPY3256,0.3559050116885146
FWK6396,0.36366909734200514
AAQ3587,0.18291173753753062
USX9973,0.04533884655692204
ZFQ2099,0.5831916045895732
NSP0769,0.0909354731463813
VZW2794,0.15470264299388203
FPQ9097,0.18911230389597578
FKC0825,0.1089054488830615
RNJ6469,0.0895476591858642
FHX5987,0.44891213591125295
VKA7541,0.5331645838609154
ENB5449,0.7111981240033683
PAY7678,0.3156372392145066
KZS3695,0.24544459669921567
WNU0768,0.10845160912339742
TJL7779,0.20063803880471756
HUU6061,0.7905074651791459
GIA7202,0.1197773409659041
JWY3275,0.7967601387206906
LRR3413,0.020512596882051166
PSO2484,0.7754333979678625
AMN4190,0.1317332035360043
CMM7729,0.35553165109603474
WMY3696,0.12893249636808346
VDS7382,0.13223018978193124
JCU7529,0.2448134315550993
NDV4582,0.07005128522008788
ATG3843,0.4973445458498679
BVB6806,0.48558993427700176
OVJ7342,0.3947471307887506
EWF4593,0.4262429016996582
VCY9319,0.19025461587201828
JYE6112,0.6205248217055689
XJZ7853,0.06911764089805726
ICI4338,0.1865093878891654
XMZ0098,0.5771538397270094
GEE3464,0.17685697247834978
WYH5383,0.043394560768402146
IOA7460,0.3801321127144492
BGH0751,0.1539313480448385
BZZ8446,0.23756342496562105
UAL3684,0.09354897034955317
DBG4584,0.2985126085730253
BNH6408,0.15684110571610224
ZIQ5333,0.4491140142669419
IVJ7741,0.43242736370314366
NTP5344,0.22432855310070013
GVG0103,0.39031869182935336
YJM9336,0.17910551649739542
QFS7363,0.132117897733086
PDI2374,0.27647882506394766
KXT0789,0.0820227904333148
QFP8139,0.11198397790956684
PUN5266,0.4698348425955074
SVH2177,0.1929993988230227
YJR6111,0.17837432500639402
DSS7133,0.2933287459197298
NCL7062,0.36526449107698683
AJU0855,0.27168179873098514
XPK4890,0.543855538631035
WIZ9924,0.051227858192951295
MGV2706,0.7355805645680781
WFZ7199,0.7211578970050339
DWL8248,0.1342921886500626
LAN6798,0.4426342616222641
PFP3113,0.4321871919406876
UXE5171,0.2612727368190808
BWO7771,0.7243607012873262
BCK9106,0.698895250376849
KFE5862,0.39047948738684807
OSV8609,0.2569701015961179
GBW7920,0.6098675328417927
LKC5945,0.4963088323246324
UGZ4314,0.03641656285138267
JWR3503,0.10554051922464588
JQG1138,0.5130811426174603
DVR8493,0.15468089809458416
JOT3091,0.5595112133040979
QUF3899,0.5417517997740726
ISF5324,0.2233218998368054
MEC7902,0.2608769827732228
JXL4357,0.3464586314229431
LLR5129,0.07137447201328054
LLX6667,0.44144832817819296
WTI7122,0.4669209564439603
PYY3836,0.15264117931977916
CWM5708,0.3361591527735641
ZWD0729,0.47445824939348974
AWZ1380,0.424639006628485
YUY9265,0.3284471307214221
ZOP8692,0.13055439450663092
LTZ6008,0.22660048698243587
IBA5631,0.6775681378962668
GEO1078,0.19495716994255033
MTP5467,0.06022959540745599
KFZ7463,0.0894877595865935
ULX1591,0.39557771618852006
IGH0605,0.12605074928016316
QMP2561,0.13350419361868165
OPY8179,0.9048873517907509
ONI1797,0.23529062906292428
DRK4458,0.06772693311199579
OEJ7372,0.21773370588283592
GOS8120,0.3538044220848552
WPR9475,0.701061029042135
TQS9197,0.6062319410858683
KZV0779,0.12583348807197656
HYL5313,0.04601989942817237
ISD8532,0.8264472738793447
XWV4369,0.8256216237643468
YBN0441,0.46694757900799244
XJM7641,0.02816989777150419
UOL9545,0.3023716704518492
GTK2540,0.6780214245000228
OIV8849,0.08164155356790126
VEL5401,0.4606930730961242
VON6500,0.6314510122114564
QXN3582,0.3925928796674413
KCS2600,0.19137538282298883
LNL3239,0.02343057862456832
ANZ7871,0.7949562371401171
TXH4345,0.06224982200101789
IGO7620,0.7504122468325963
YUW2965,0.5081907888880758
RUS8416,0.15472587853111888
DHZ2877,0.7651016572676661
CGE1904,0.2824489896362945
DJA6086,0.3571402668370092
JVF2534,0.43556259198046593
MDR1905,0.7589829832745775
FDM8444,0.12126198385280315
MYR9045,0.8886447447925564
CHH7599,0.11618307356492864
YKM3043,0.05694912858535493
PCX2311,0.43114418099387747
BPP3429,0.27748774167718687
XLF7396,0.5416200886449802
QVD6861,0.10848385784312173
EAC9541,0.2984824131142836
JNY0669,0.6416510544151737
CMY7360,0.19913760728769694
RTG5042,0.5060834989324786
VPT3891,0.10446267821639835
WPR3809,0.47240742880441977
EZG4620,0.34955885462734604
PVO0967,0.7226633004915745
APS3407,0.03548612465361827
EXM6711,0.23472953606323047
ASQ3605,0.28507532486128584
EMZ9496,0.1126135404884233
PRQ5952,0.7310387142402046
CSV0355,0.03106467757116971
OWR0811,0.21121752691528953
STE2994,0.5727014075485396
UCX8064,0.05905122620175052
AEO9747,0.0924749440616759
NHE1342,0.49411070864646983
FIM2448,0.22106766009949314
VVI2122,0.44455304168989823
CHU5307,0.051492239963204206
VGS2219,0.6887452848986185
SKG5089,0.3144100180411785
QZX0534,0.11115670762812356
KVW4203,0.1406018555558323
BTY4771,0.2888686353147605
VWD3593,0.4000583269980293
EGA7849,0.38473942684047224
NSO0204,0.09389757153097834
BII3399,0.3654074394056712
DIK3381,0.25725256373375266
ZAD0002,0.06170743381211102
FZR0923,0.022923749893569715
KFJ7839,0.351993616712951
FDW9073,0.47561826118118017
CDA5025,0.6009311376226759
ZNO3134,0.11412904554616546
UJR5843,0.4074375269862019
BAY7500,0.2864792643924619
LBK4717,0.6414212443264177
JPW6842,0.7209982500703833
UTN7073,0.11923006523638968
PLA9363,0.5363035912918049
BHU8373,0.5595896831162087
VEL7874,0.4929211985346705
OWV4701,0.4022111986741107
YGU1647,0.19905814257901935
DPR2681,0.3119696073438331
AHG3945,0.2346784570854749
HBA6797,0.27700302937216403
LIR6551,0.36754961366063743
QQA3477,0.3462723600065482
RLK8064,0.43952308235163945
FZE9803,0.09331382495723518
XHC4412,0.24547370607178123
KIC5437,0.5943450998239052
UJK6515,0.12906226202927779
WRR8006,0.3698710399387696
LIH6194,0.42578751695414563
HOM9326,0.17998392385235554
RVL6761,0.4450084597109488
OYJ9371,0.13061890577336258
PAS8310,0.3598658116063843
LWP0450,0.33838334593673347
QCO7801,0.4417266621949026
VPB2229,0.09662472748998188
SFD0686,0.41408740507182085
PBN6180,0.2872335875245151
OFV4378,0.8703419723244853
RJG6648,0.22429994358793018
TJG3580,0.15194346126304079
JMD7331,0.6382014847081351
ZVK6303,0.0892872940836066
GXN7069,0.2969526765051227
MVH2014,0.8124595850994633
DYT8927,0.22135851745179153
NBL0712,0.8800741669938225
GYO0155,0.22209362425040868
IAC9902,0.0166369082903147
DCT4033,0.8807657446424079
QWI7337,0.2399091904507417
TPQ6194,0.3105034931562928
CXL1729,0.20913012079106708
TQQ5065,0.04649174683533077
ORZ3223,0.15349560203394735
ZJT2723,0.07116430699587961
GJX5455,0.030010988337927196
GAJ3499,0.1672005657718137
QJA2746,0.2309556375583833
IPN4571,0.4666400354663889
THG8073,0.17238091041201178
UPD6273,0.19245523614501112
JYL9827,0.21964460298347052
UQX7522,0.27825740124836623
RJE7226,0.5500439003237941
PXO0226,0.36616593153796584
RVA5201,0.5775798279189318
AEV1617,0.3039544965112898
QCA6988,0.4749138731161796
BUP5917,0.03319302242275785
EUC7877,0.14556408361825762
LMA1495,0.30959080994303
DMS1343,0.30768776424771543
BEY3736,0.46464527123683036
REI3559,0.3124808714315318
VFR8526,0.2429147953763395
DXP3708,0.15104033720665885
CYB7594,0.48156718223135414
ZKB0497,0.31413939740500607
BXD9603,0.384255939981786
TBV3936,0.5588967019007989
MEK8872,0.6349425573793516
AXR8386,0.16312258947679908
HBK0550,0.010223212656777511
MYM7993,0.044748486967178196
BFP0803,0.1356388697745417
OHY6574,0.13180979515222738
XVS7344,0.1939914517800557
FWE2319,0.21551233359215605
GGE4068,0.25935748174162565
SFQ5356,0.37191294867733066
IUR5201,0.22154658627362464
HIZ5925,0.48734319649749314
FLM9708,0.6753350319945145
LCR3080,0.621655923378882
LFV7294,0.020897781857147007
GTV8967,0.3112769174516682
XIW4088,0.3561489234546625
PDB5618,0.49286786932963694
IKW5382,0.19168523802798293
QSW5028,0.15014566701207727
PQK1609,0.2391796728520387
KFA3706,0.11393190967897517
ROG5869,0.2105503157522572
IZB7057,0.4287050284766847
UGT0576,0.3673111489123656
IKE6341,0.3421667820455773
WFD0657,0.10096890873475517
NRR3437,0.07072835014534493
PON1393,0.6539033199788442
IKG9157,0.23634836496302342
STA4873,0.03490650431082114
FGT3217,0.2985498010680177
DPJ2630,0.15310107328754954
XKR2285,0.09792671244078942
TGU4244,0.039833970129376596
WXE0371,0.5577215251359512
SKV1611,0.32203090494052716
WEM7796,0.03282351978560708
HKF5825,0.14667479717711707
MMB8694,0.14677898878164933
YSC5977,0.6004954433893034
ALD0226,0.3288289070290527
RUJ1149,0.6322534716945692
BIT9596,0.40562732084414305
QDY5235,0.15297736895625097
OBF2010,0.15777925026513354
DNI4141,0.36326647647040866
FIO3277,0.05182226225445014
EBU9897,0.12014820882231525
JBB1038,0.576927904820487
HOK8117,0.04424269580500961
ATI2837,0.4018066154424218
WJN7406,0.026869569850168026
TBD3532,0.29648524830690115
NIP9564,0.9179330826417942
JFT7708,0.2748670713371973
JCX3888,0.7550218781518302
ZJT7098,0.5495331754970869
HMK4154,0.27326138409076084
UAO0030,0.12274295308382402
VUF9010,0.3975258137058218
DWT8749,0.30976084167179896
IZG9580,0.3865198947507908
NAV6508,0.20180318062978586
PVN0440,0.6216940377245145
RBV2680,0.917637062505082
KIO7475,0.06563414304984003
QIK9112,0.21391719235482268
YNP7424,0.1617498683837226
LNP2526,0.5942336682250544
JSS7069,0.2636084850681274
BOF6549,0.04360283260343246
ACZ8821,0.41922775939754015
BDE3165,0.7304199965610412
MHK2146,0.6265232569711473
CFC1014,0.6168928225707773
NVF3938,0.15723566594245633
BKE1559,0.1414488541208347
XZY2744,0.03338016653065411
WIA5017,0.4572417574154888
ZIX2511,0.28784149328120656
WGU1584,0.3501878464815529
HMQ7762,0.34489361639612254
DZA1512,0.14649534805139544
BZT6517,0.8280599532194435
LDX9294,0.06578600884809548
AVJ1407,0.3895572974627264
LVY1540,0.08056666658417373
OAQ8445,0.6150597982352592
IER3992,0.3782031800163626
GSH7565,0.13550567337044722
MZL1445,0.29013315210688917
UTR9251,0.055343198936127776
CWQ8289,0.5525675542220237
PKY0579,0.3992733677357988
BBG2676,0.14777255761799785
FJE1300,0.3624654982744539
SVU4532,0.010255131913342415
HLR5621,0.03975208718799965
ZKG2634,0.25516762762419265
EMJ4291,0.5839476240956989
KTM9004,0.19637700547515102
FEQ8164,0.10670061810169577
ZXH0943,0.12949271351784752
TYU9186,0.4246700255179369
EEB0624,0.8956635391686177
LWQ9693,0.1278615385553005
AYO6751,0.20497049939604692
MEM7039,0.482151671994773
XCJ2719,0.16998536119315566
VBI9490,0.27166608724799446
JPN6438,0.2542674109811851
YOP4022,0.09284460298297846
WIE1670,0.18987481670197448
ZZG1279,0.4608569372549197
IBY4892,0.2105058932331863
VRH3683,0.44354557028938946
KTV1619,0.09013476397058842
GQB7094,0.15504602338259135
YCU3371,0.06613564153933318
DTP4491,0.21981999645285139
WIV9796,0.16626594270979525
MJI5663,0.2850814936250141
WCR3433,0.3194957078547913
VYN4221,0.022230351528679176
HVJ2795,0.3056966274568317
WTT4377,0.09644535895754193
LDS2388,0.062429131670627504
UTE4496,0.086044755274291
VJY4583,0.6163510992176161
LSA7964,0.26810092502313504
BZV3649,0.20793305449435098
LWS1272,0.13594633418354507
VLH0947,0.1411826366305682
ZVO2998,0.043786419570387716
PBJ7693,0.6309640857440156
KQH2058,0.05147398602338615
ITP6992,0.39550587321086333
WKQ2030,0.24787993426731342
TKJ4454,0.19506179323515563
MCT7093,0.20074668998351014
LQQ6326,0.722789074406481
RKB6395,0.12621034784175292
ZAH9261,0.2702415487129567
GZI1127,0.20991711373874714
CVV6331,0.7275609978559201
XQA2811,0.25866955091523286
SYI6054,0.4443466574389561
AMY0655,0.0283155454698927
HZK4281,0.1318525217144017
WNT8145,0.10294828135954893
CCX6236,0.5094978752130972
OAE2016,0.18789289304728363
HHZ0542,0.026227412067807265
DZV5764,0.503414215425119
WXR4271,0.16888144690068882
NJL1519,0.5197154230885822
ZBX8960,0.19084869346010844
TCO1239,0.9480081136060872
IZE0277,0.1272120862696699
WXK9583,0.25306424587643744
FBE6451,0.20415451567809714
FTX0418,0.20348928345503034
UVJ1190,0.5082040247482472
ZQD5170,0.28540945588916794
MMG0954,0.1542747492830508
QTH7652,0.37774825515697524
EPL8454,0.5679699431865115
ECP8252,0.5864196363385128
ZAU0784,0.9007731914088817
ECW3835,0.7202860173433882
CMS0318,0.45390906597876174
WLW5649,0.10743562235803653
JHX5386,0.49092900045387894
PCH3333,0.13149814089879824
CJD4090,0.16263462962236025
ZHQ5954,0.34985601013950124
TFC5723,0.6448408534444326
WRQ7331,0.3619602646528332
KAN4912,0.033941183000746306
EPD8279,0.4206074550024941
PDC5099,0.5917432036909942
DPY3938,0.24464611151295376
UDO2330,0.16377423942003233
WKK8778,0.19210754498386748
KJM7083,0.18985272438742032
DCA2616,0.21092795946863188
XEH0275,0.15168607179493732
BVJ8088,0.44996128721919815
ZAQ8758,0.25905531794721437
HRF6526,0.4716949451224912
QQJ4189,0.7027167005863845
ABK5848,0.6911808078345202
OEH5253,0.5829085229951901
FOT2445,0.5545072079574416
UXU8867,0.09474571489106362
HUX7982,0.4559495235686617
SMV5436,0.7752715183453726
FBQ4481,0.23366468069991947
IUV9080,0.1576200814597754
LRN0740,0.5438412558588606
CBT9092,0.15427879589717314
CQG4678,0.26646708828921295
JGQ8837,0.03778582538665824
RSE5980,0.21660226104873284
WSZ8728,0.3007153535931117
SAD7889,0.6762930647665397
DPH0398,0.47565625464495465
UQR7067,0.12367149657862504
UUY9624,0.5529405693583552
PVA1710,0.905847305738229
BOT5603,0.25003380164227407
LWY7653,0.232119283309201
YDH2973,0.3230694978434054
MEE9924,0.18927413681322267
DFH2841,0.6015436367136249
JHI3131,0.1030332118626045
AGP6903,0.3185652632614643
RSK5328,0.37396877002946133
VWE4596,0.2796887224629885
EVB4879,0.051494404869488655
QHA7457,0.7459868664858322
BTH4717,0.7000591478246085
ZYR3814,0.19539114351571704
IHS6850,0.5375527165818846
EBB5326,0.3751185115669096
UOC8757,0.11283352736211179
VGX1724,0.15128663619703225
ZZW2620,0.054522922806789234
WGP0738,0.04365320579877733
NDT9688,0.24793103143264233
RDG5759,0.0711983468887621
MBZ3219,0.09673677861801479
VOA2778,0.12105122550384717
TER1659,0.27327761976608583
CPG1677,0.32243705909948184
MTD7705,0.3753716837874252
TXG5920,0.23744984675780073
MYX1390,0.5899247002388949
XMW2906,0.199611327100409
NVX6011,0.220212511704142
LYR1389,0.5604819220150216
ZQS9453,0.3172992678165361
KVY6771,0.0995150280525923
JQP6097,0.31228799167854293
ADB1236,0.1850430754594441
FAA0655,0.03548566696662565
RUP3785,0.6159006714310408
VTO4977,0.16026351677585762
OWY9257,0.21177841730859184
INZ9599,0.11684303894820144
UYV9434,0.11012339268693519
QCN3988,0.5389362886428695
AIJ4474,0.09622680214812475
GMF6125,0.08442170183108667
RWZ2877,0.5141077864176209
CVR4043,0.2677628682623018
RZY7054,0.2834288021089879
QPL5273,0.24532048575856422
KKO1796,0.8090457510411101
DHQ9595,0.6159237509391515
OUT6240,0.08945651409593286
LIR4665,0.2029238365266627
VBS5912,0.05141974190695811
IEK4502,0.21002545814813345
FYA8853,0.19300267559218173
FOH4659,0.7393210522331569
XNC2504,0.3454660001024825
SHN6071,0.5838008406468849
FPE9638,0.05814758239211207
MIQ2318,0.057174661959531276
NKE5145,0.5376235018059775
BNP0383,0.25339912276670373
OXQ4019,0.47111322357248675
QLG7535,0.09734761757168091
NFG2213,0.18346891199452392
EWY0202,0.40349724742789506
LXZ6473,0.3570690490103746
XLJ8555,0.5724417546085782
EIU1933,0.5811136321449006
YGT7289,0.41921228840177044
YNB7874,0.21143860916884608
NTW5371,0.15869809493262196
VSN3165,0.29486955440508333
BCO5595,0.7395116634123374
NZB4891,0.3552798595162334
UTK5485,0.3318235591592247
SZO8539,0.08095354244229166
DEP0199,0.3691074550930974
ULJ4832,0.3223948335030944
NLA4883,0.4836316607284526
ISZ1044,0.097289202776685
VOD3596,0.14416445982461293
PNU9920,0.07073506822845882
VBP9681,0.33407977053736954
UFA6698,0.2072215385182005
IJP9499,0.11297535730782264
FDY6857,0.41804803254864736
LSM4366,0.2689114600546763
BSH4545,0.14021902531754823
VNF0492,0.2272123135931112
NRN3248,0.6332625573109777
CFL2795,0.09463995380462682
UPY6262,0.7913138934053748
JWA5753,0.6614962673200528
YSL7643,0.3856491490981475
IJE2413,0.4867137009290714
HMG6508,0.36892817976989994
OND1652,0.4595696703959308
RCD9204,0.46659090211834703
CVX3958,0.05004679908362928
SUD2927,0.5002881993393383
ECC5428,0.1539788984346745
VVF6053,0.7752319253138317
ZUW8629,0.1437473341192922
QCW0913,0.226614154115295
UCQ2988,0.19698866133153972
VTI1308,0.2781933717174004
YPL6010,0.5225327077830031
FQY4754,0.5917988890855829
IMB0115,0.20838335834319574
TGG0560,0.15439232953056495
LOW8153,0.787312863379013
PMQ6674,0.12850270840973435
ZFY4122,0.06747054990262275
GDB4295,0.3475645363734831
IXI1781,0.3021180984189202
VJW0795,0.6431838032244711
VBO9417,0.8127331071406809
NBE9866,0.020234776642867405
VGC0338,0.4060884543687005
JMS7867,0.1533338476555923
CSE8479,0.08569843040876457
BPR3060,0.49689176714996464
SWM8178,0.2628853181004911
ZAW6991,0.035349934051877474
GZW7919,0.3019711685635195
QLK2483,0.48796407027498934
FBN7235,0.2082677358788565
DPI4700,0.46264615848369445
JML5008,0.12202071821202043
EWV8051,0.42829910095742224
NAY8513,0.06800728027184652
GKN9646,0.3423662737168532
IQF6763,0.004960622042415225
QLJ2322,0.24399161790314042
EGR2384,0.05190759976646328
LDI6232,0.5975734554272184
IXP9686,0.09437679191757567
WIS5869,0.85241440810747
QPG4120,0.2954868724947007
ZFO1888,0.3903839406438239
GJX9033,0.2239951253066216
HZG9332,0.11834243377042655
RIV1782,0.2774188201324833
ORG0034,0.7158634339710687
MBO0090,0.4842040687603456
JCK6531,0.007401353988824098
VYQ0919,0.4436343681367213
TOC5703,0.09029877960856518
CHD7768,0.5530932497592522
TZO3960,0.014562422133330699
KYP2401,0.004129316166365169
GTU1888,0.6718295492944604
LVV0631,0.4508500439723208
NXY1801,0.1361005403223864
LDF0276,0.8267737910427322
QCD5470,0.6952198850479079
XGA1603,0.09370097645753184
BKD5139,0.19932653779969625
RIV7224,0.6772178088400919
HAC3956,0.511965353550684
CIX5564,0.6560152707273277
POL3249,0.45174696831057465
NVJ1952,0.10576464435362148
LJP8831,0.41506439972432496
CMR3851,0.11662343442273021
BOL6020,0.7801821194365426
QOT7252,0.11368636505884121
SET4895,0.8251144028976408
AOM9004,0.029723206547728195
WRL8060,0.575404030039386
YRI9524,0.16077495556540342
LRB8922,0.1899752199548329
NCP8644,0.42478959590478854
WTS4018,0.12890891222812997
DTI7426,0.11550733429639017
ZGR0098,0.34053933821459365
SAD4571,0.5145410216057636
KEF3478,0.4677674720361618
KVP4733,0.38332443827557067
TQW7158,0.42467630444447224
VBW5493,0.4731359208746681
MPB0399,0.04846697559462513
BYK7045,0.07732054156592888
EZV1040,0.08066573835469129
LIX4967,0.1957524240573854
YPX9462,0.9066891106968545
GUC7779,0.4114705731309729
EIW0176,0.5383355878945855
JPP3633,0.2208188550810483
ICE8497,0.14667224893811445
JCB5870,0.227236297783243
TSX8703,0.46777735074652055
WTN8881,0.34925998136055614
VTX2950,0.2529496700973036
OXO0872,0.1512162481217591
SLL9902,0.0022754225557239196
CJD1628,0.15982410353787774
YME3555,0.522358459682258
XKF9852,0.5179646098653338
DRE7767,0.1316887046524938
ZWO1818,0.3741412728576287
FEX6317,0.803458512037062
SNQ7014,0.12612381994071406
GQN3038,0.6029905822305627
PFF5514,0.14699681493096078
HPV1117,0.16499131870335407
III5054,0.010473037818906981
LNW6654,0.19702194095347747
ARC6596,0.05875836608527823
IPP4620,0.6180171204455464
NLR3257,0.4998930415785561
CTB9878,0.7372304139680014
VMT5143,0.3748581774100427
AHM4211,0.3758329281768837
KCL9551,0.3421418725407588
NHK4195,0.10609399600976736
INQ8214,0.16244685898882388
LAX7318,0.42951585720527913
TYJ1073,0.7839262160405821
KHR8174,0.25413099285605956
FXV0272,0.8369051942427083
QYA8718,0.12441905250265514
MGB8317,0.8760152532427122
WYJ0017,0.33870818111508677
YCB1541,0.15263216578888414
OCO9701,0.35108303756047304
QOT4213,0.36799879821482717
IZB8133,0.1272289170091266
JQT1085,0.4849824391991472
BCD5519,0.5461368337085399
XBP4686,0.29823000311503645
BUH6163,0.31437539628313016
YCL4225,0.4259022719010374
ZGN1837,0.31256424236011265
VWT7951,0.666853039483294
WCU2909,0.08206765985902105
ECJ8667,0.06261740725125647
FIZ8807,0.03648536571794256
WEB7022,0.490523819407642
UMV5479,0.4061410687020737
NTU3115,0.038175034892417144
OHS0889,0.1279036085398313
JRT4331,0.5031644304945261
AWU8320,0.5072911009949661
FZQ6790,0.28606330676278474
SAW2413,0.600037902719873
MBR1935,0.8701018001127258
EUM7981,0.0851818953621954
SXQ9635,0.3829339651916864
CSK8727,0.2684877821086221
BJA6633,0.07117174527343739
ZTS4215,0.06557423638655974
CXW2502,0.27199293133330454
VON6528,0.5088982082301255
XBC1483,0.16101005431506385
BPK9428,0.021235869148495456
IJM2804,0.06072646999575073
JAU0056,0.5436315540753421
SKG7687,0.31734371202883427
LUE7177,0.8129398979660815
TFE7449,0.03301430106615686
KUU3033,0.014289020834385317
BSC6214,0.43857407491819383
UPB6992,0.07819059254777252
LPO9433,0.07609908207678688
GRR5260,0.357336264122409
ZYX2775,0.32101406244586306
CRR7571,0.25856543950373895
NVR7579,0.3920516915801053
TRO6653,0.2433258440562703
QAZ5784,0.401332544222268
CSA7855,0.45806272971376644
SKR7049,0.3042198543768994
VDC5945,0.044715903537845034
RQG6441,0.5648075664971474
UTK3942,0.3329933943968332
GIS5276,0.43884132088454114
LZC3931,0.07426868162963547
AQZ8439,0.3689954160711539
HWR8277,0.6656833313180842
QSW7544,0.3800345236912405
QMO6786,0.1150505150749349
FFT1267,0.43481101409139467
WBL1699,0.19153827428408307
DLN4360,0.402406063008161
QVK9371,0.5441493652662394
PAJ5923,0.6872154303147725
VXF7049,0.3800751962318086
ETT8073,0.20833052405417546
AVE9956,0.3133301780875341
TPT4243,0.37202005857603565
EVT5415,0.20436696235454319
NRY2349,0.6181256372998936
KPL2000,0.3569624557195947
JQC8916,0.24624913073942234
IGT4727,0.044838802161037236
FOQ4697,0.040558734975891145
JMD2554,0.3662227414824412
EWK4862,0.2067260490320776
SFG4231,0.8007618514539061
OUW6979,0.8386524121443776
PAT9207,0.04272485817081388
XTB1114,0.06963942004721693
SUR8024,0.6273198495926509
JMJ3446,0.037333402833111394
FLT1779,0.29482034209470986
ODI3507,0.10738626450550709
VKX4649,0.18671580787349634
LXH0711,0.47240332246460814
GOH3012,0.7897045393362027
XZK2864,0.34214098276481536
FSA2525,0.3353671670958574
OML8735,0.05595528219518145
CKW6247,0.17668742586896707
BZK1475,0.2124593588742868
BGZ3773,0.14129244470199603
IHZ1914,0.7595487565581673
XYA6636,0.2507369175679723
RWD5233,0.7476565942811103
GPV8030,0.47342308900612945
NVZ8701,0.646331146245216
XSF4318,0.26110701845218576
WXM7923,0.15563489201206054
CVQ0880,0.28280146314649157
QOQ2863,0.2673064220925351
RXX0623,0.19380663067286272
CKY6595,0.1288909598477701
EXP5590,0.04959034316082503
JWS0195,0.47648995607401484
DNV3342,0.33816070907154094
WHY0533,0.1499699302568946
IJR6798,0.38431171011840226
SVJ2157,0.4093547871792291
YLW4737,0.49753745089132273
HUH1315,0.8561205691242975
XMX5505,0.062400230524400246
TBK7519,0.08166053273519712
KXA1414,0.1273230572863927
FQH2166,0.5439684592465411
RQN7624,0.4027144060985171
EES6771,0.2137617044715542
JPZ4794,0.05018461997381383
SYU0185,0.06649478508140773
OWS0031,0.2841295847972565
NGE4427,0.24544604712978493
FGO3834,0.5586793106451595
OFI9247,0.4437998339550013
AHB9803,0.645419069118751
LXD2374,0.33984728544588017
PBZ7120,0.12602758944856698
NIF8371,0.3210020523588899
XST8100,0.07306590448156994
CPB8339,0.149709505557638
NLP6754,0.08824889967303737
JSI2170,0.08714112563609541
QFM3680,0.12334657188523482
BHN6631,0.5536183372884259
CEL0556,0.2085885887914235
XBD4029,0.22579324407136558
RYE7752,0.3003059394342738
QOV3032,0.35599434376521955
XIL7243,0.07220844411256978
KAD8756,0.3672165364759329
UDU3246,0.2803312943738021
BKS8607,0.23758507998610684
NNH7225,0.4672516378267541
CON6996,0.300970091065371
HXS4917,0.08935483433165609
PWS7531,0.004408930559092272
CPA8641,0.9353805473723729
RTW1393,0.4880954670948165
QRM8880,0.5527190349533222
SYU1247,0.3385862666486674
BKP7999,0.1445628183315711
RWQ2872,0.47846656965422363
VET6669,0.08187591613599546
BBR8345,0.48674517272549306
FMC0185,0.1892390360023957
YWX0652,0.23876476097654212
FEU3392,0.28179265331046555
MAI9069,0.25820107472594717
KSE3648,0.4089812153422173
JRU2012,0.2800416470629455
LAG3972,0.4118815833762977
XDU6150,0.3788779186080156
BZO3678,0.5852020755573005
UUL7578,0.2739104289756892
ENT4935,0.03906704846889647
WXU2063,0.17734184676960463
MFJ3188,0.24974843866631607
LFN1743,0.17737981922405488
FEB3954,0.0811871424347599
XJJ5859,0.21372659926215015
VIM4571,0.23124176730187151
EHY5432,0.4607823201669431
QRH8342,0.11205216700714463
XMG1831,0.3776293435957165
TJC9764,0.17740140298798743
XUX2979,0.4211808013807371
QIX8136,0.01923255481827938
NOD6437,0.5989633781191035
JDV4500,0.7520153490770537
TSU3436,0.6165432378577319
YQE3043,0.18054707928370334
PEN4600,0.021292649167021175
VXG2069,0.2176541375765251
PGV2258,0.09455018136395646
PPB0159,0.4611408730946227
EEZ5587,0.04496932854989495
NKJ6134,0.3011784312982392
GNL8515,0.503592005165327
UDB4012,0.7443014115835644
EUV8082,0.013314572214351427
FKA1499,0.07481412441934587
TDW1832,0.281717112633215
UYL3937,0.07675775160903234
WZQ9514,0.04585669456605993
YRA1133,0.26658139270096476
AUE4212,0.43042249029881513
AIO5707,0.14153403079436935
ANY3654,0.12668818669338325
CCJ1581,0.47726366729753367
RVJ5539,0.4297094359391296
JQV8142,0.41409444181548904
LKP7864,0.3262828809591432
QYO2749,0.5716981045589715
VTS0473,0.22094168187528734
PGN4080,0.533691184016477
BDC3366,0.1408108198553751
ZSZ5292,0.08180788739211389
RLE9918,0.12620567170997748
EXF1515,0.6111453642600798
UTE0139,0.42986424747641794
OFR2518,0.4057596938482378
JJF2590,0.1705736895076903
LJL1360,0.3085590678238557
CIC4708,0.49549149256477565
BCA4110,0.20607479094302847
YSR8537,0.04199292792603697
ESH9012,0.2724684965912854
XQW1169,0.3589045445709921
SIK2342,0.2543155961172332
EFQ6319,0.11737520319945223
XQE1526,0.4265943755355548
AKR9099,0.500767315241256
JAI3468,0.03386269495055023
WTY4270,0.07304537231070676
COV5080,0.07056130496248622
LMM1024,0.18275493652536712
IGE2896,0.9283140177546082
JBT5109,0.2783361716802186
DST8276,0.17385805919490666
BQC4343,0.7237827424206759
FKR4884,0.16903219252417656
EEZ9582,0.17308603991081273
KEM7815,0.24120973761465758
ZIC4531,0.5040738182067958
TXY3351,0.3617046595761082
SVT4843,0.21218138441895526
MCY8318,0.18327951868541809
ZHD5694,0.5752367606812268
EYL3435,0.04132208215327877
FAK8590,0.31380537509295714
MMA6648,0.8391998243361178
ZXU7819,0.476372717948014
TXT5173,0.7733398850207988
NOW6615,0.0848194744970391
NCZ7758,0.6966680264651949
REI3094,0.338697262226823
GKU4570,0.8150054356246711
QPM4563,0.44444396384381185
LIF0935,0.18499615082479182
QFT7638,0.14004198574485763
LDD7909,0.4892775808318373
PMD6356,0.7469514180603671
XSM2533,0.03329218175895493
ZAA9704,0.6844945904953283
PKQ6825,0.17906809404338367
WAJ3293,0.6131492915160753
FJC4376,0.15952891588411902
WOD5328,0.5527174009348162
OOV7630,0.05802044433290735
JLE0045,0.791485433471022
TRT6193,0.22910793385085387
WRI6749,0.45293345886274244
SKX1054,0.27903488383502967
WOT9749,0.35449652336420645
LUO0920,0.8791301360487667
FED9755,0.12939257691896078
KSC2280,0.4961744418005885
SVJ6815,0.5841425247423183
NGF1992,0.02332194397310342
PZX7839,0.11929851246741416
FQJ6322,0.08243225066328436
JNH8656,0.038540430616457545
UEK6875,0.11927125643467262
FVT7847,0.49857906461411344
VYM9686,0.7465556821604992
HUZ5652,0.1928872575731831
UGP0737,0.06855005664997961
PML3266,0.027409632816413936
SLY8923,0.6525656840690051
QBQ3841,0.0915811801790311
DRH0163,0.17714644056742776
NDQ9001,0.1660534373803306
DVM2517,0.5307516840585497
LDX6766,0.12860089583173498
ETF3376,0.0895659228066407
PPV8379,0.5280102035000176
GWG6827,0.42544222289041916
QPP6524,0.27591101195915757
ZMG3395,0.08003373851453095
RYA6828,0.7646078254369418
TLJ4903,0.4143464378769821
QSJ8380,0.1780376051598258
HVA7599,0.5583731433456945
INA3184,0.2312062177666463
LIC9006,0.14361058125504295
CRX5646,0.019787546024114012
CJR7973,0.06672972524454632
SIX4048,0.08419283836168523
HIJ7224,0.4250897408143114
IDF6143,0.7095607361565841
LHA4851,0.15628778070322819
DUP1250,0.1380252054015188
ETW3839,0.5065511665439196
TOS2521,0.036117983616677965
TXU5196,0.2943836559423284
UTN9806,0.11456882914554095
UPT6736,0.1463312292031932
QLO4437,0.051536965698255416
FDB4146,0.8273447630255242
CJN3294,0.2969142395044611
IGX8925,0.22445585253100026
BRN1292,0.3559436837091861
JVG5455,0.02581934999528832
OWV0422,0.14746794270503535
EUF5580,0.4017246146373723
WVI2357,0.14670739345357758
GMI3091,0.06866389683932465
OKX7088,0.12162881899075306
FHX3427,0.08893269643952714
IUX3518,0.2749099086304968
XHT2960,0.3667348104938084
BFO4768,0.05021035202386765
QCZ2397,0.3563243451050847
HUY9240,0.15339458736180847
RUG7309,0.23726683872060716
VMV0997,0.27276228264448715
ADM0827,0.3929825042312073
ODT3808,0.28607617358384374
CDQ3303,0.5491471896653184
GQT5475,0.45537288293108136
MAQ3766,0.05565965303374602
QJS1732,0.11237018042702454
INZ3983,0.29566267632754484
QGT0911,0.8330191042069313
VKB0890,0.3044797785100283
ZIX4904,0.653159434429985
WNB7111,0.6755948205209695
QVL5835,0.6256695765284401
OVN3723,0.39376969618040475
ZHH4408,0.3069528034236302
AGR0025,0.03459423034154072
XBP6656,0.29711563551727943
XZV8150,0.018396564676455073
LHG6661,0.48143338476586395
PMC6232,0.7331104358861231
FIF4321,0.520326352655651
ODY3807,0.338770229241087
RXP3675,0.06271938499538778
WDE8034,0.4559669238626481
DXW0967,0.15225983927447795
TEB1181,0.47695082651177684
GRC8180,0.25997044414652193
MYP5419,0.27949560018644143
DEH8750,0.4380882312403568
XDN9367,0.6154181639413798
LCB1865,0.21894375064706562
NTT5170,0.1237338110711207
SOQ1632,0.1602587711341981
YUH9692,0.3910494900590422
JYD2074,0.17445046953649881
QQG2862,0.5045880193966935
CXM1623,0.14738886185543332
FUJ9930,0.40852180423779033
CNB6992,0.028448625861061203
ZVR3165,0.6870522312398312
VIG3338,0.25181155354204393
ECX6390,0.38877608770902766
CVZ4208,0.2642970275811816
NYS5963,0.36236469677230015
QYV6805,0.5904865687857778
RPM1362,0.5611585598086313
HZT5933,0.573692046962864
HAB9073,0.4938658575782891
UMP0408,0.25904532121542523
LDP7953,0.013695979787051824
HJO5548,0.35843330271935564
SWL2951,0.5371424050562879
HQJ7509,0.0632851978515006
YXE3238,0.48189969897518664
QBA1659,0.8184880195461911
UGQ9648,0.5783566329425724
UUZ0902,0.5186660684975566
YIK0290,0.3714719755269489
TKL9885,0.6619019112110447
TAV6410,0.050631109035651545
ULZ5016,0.24108126892450618
EBN6340,0.3170676541346616
SXG4078,0.5027038922904542
RGS4046,0.6230139665902646
ZEN1745,0.09759158453792745
EQP7859,0.14089005431724588
XZG0749,0.47504631340454484
MUR1259,0.23581303078606664
GNH1572,0.14076473583414506
RNT1103,0.15073721409176333
KQP5148,0.4803973908480088
YPL9606,0.1471587310954703
GEC6684,0.4818182613778232
OJV3269,0.19115305093783538
KBU9669,0.4851868353431527
EXK0686,0.06027362007362085
TXD5026,0.25104958647167896
WBE7793,0.14874016880623286
FOW7270,0.2666029785461786
SQT6432,0.5870697411842893
YZN0545,0.6852190717720015
JWG9773,0.8013403095228051
RYL1835,0.5321427823706466
VGS9426,0.11774526257949183
LLE5822,0.4161869470219172
CYU7374,0.7462208159441829
JCR4090,0.42710412652543334
SPD9900,0.36194816163135973
GDM0800,0.29236248260041353
GPN2716,0.16170021991746455
HYB7458,0.5268938966198513
YMD4662,0.8429637962951845
IGD0921,0.808001809471592
CJT1561,0.0004153970150720758
DEI4249,0.48220051667242014
ZOO1036,0.08824833155175463
ZWD9803,0.2589348360931437
GUH4927,0.152547425090376
FLS8480,0.29992335773284734
POE9287,0.23050619721758753
QFK9602,0.06027148583834656
FEF1920,0.5361478596492472
ZQK8721,0.5069502876471448
KGP5853,0.6096022875514674
HME7697,0.2992451435030645
LCF2931,0.22823453154801193
XXY7874,0.7443333960937863
ZEL2095,0.5641928957985116
GUR3247,0.2815412138422944
JDL4331,0.3870791876640406
EHE7119,0.2777210655391746
UHH0658,0.5726514745833133
END5028,0.3890051377094664
HZE4718,0.6572908524483293
TPN7250,0.28589388091466095
JHI5936,0.017577098424693287
UDI6384,0.3921250787141489
RHD2687,0.18360431714394712
BXS8111,0.39425732967037064
TJK7138,0.7828100943813288
JQI3533,0.5096709551647165
GNX8347,0.8988430219125421
RXD9228,0.4524420444577542
FNH3965,0.17640035795210873
EMP8062,0.8698940017103816
MEJ4356,0.17858300010416817
UIZ6838,0.6315257072736639
UMV2455,0.6389536519877008
HDQ9910,0.498671334890229
DZK2637,0.5456014987570467
MFA0957,0.8585801782886264
FHG5382,0.09328110758466249
QCU3035,0.061600805216875235
YCK3225,0.09384688455018576
VEK9874,0.27837731439207236
NTY2368,0.1482222060503044
LVT3457,0.40491276157481576
ZVH5381,0.17455495674900423
FCE1353,0.38450795767959645
WQW2081,0.1486605318068425
JUQ6158,0.5817044323712406
OHS2466,0.7232038485998139
KPF2140,0.08778702683146036
BAO9938,0.1618396850915488
BEB9268,0.3517972519115523
PEP2360,0.03893521748288529
KBJ3393,0.10160694967338353
KJP8929,0.07845726213940683
IRS9319,0.6653534202242238
GNA6559,0.4259403159356426
GDD3535,0.16366843359012365
XHK3076,0.4715247338441727
OPT3877,0.1864896436082611
KDM5132,0.6708516841526546
ZGH1260,0.40263611829998325
ZPC3616,0.21297620229511524
CCD7521,0.06093666142420676
RLR6078,0.31913503036718405
XHW4339,0.24306272725725955
NEA4125,0.07740215674011944
FYT9337,0.18910329861643335
MZA5737,0.08618770160057922
IWX8525,0.2588275586721094
UXY3602,0.39294516715525957
KAY9863,0.17120646571114895
ICL0681,0.15508802283072157
STV8662,0.20832787829625396
NXA3158,0.2340037429834275
WUT1669,0.10788658432411642
WHX4931,0.4696349107668488
QMF2498,0.48027579941570264
FAR8609,0.3233162410061604
MJN8543,0.4608406141401826
ANC1727,0.45329267281034435
CMY5018,0.6529877253577595
NUY5204,0.11712385541991006
YIR9679,0.32849049658431606
XDM6706,0.2863604763755952
ANT8269,0.09719789357402028
ZQP3525,0.1509101157948097
UKG7598,0.06290492767714868
KIS2908,0.42144387543516587
AIL7774,0.06175399747884764
WYW7672,0.4827182401681651
QCX5525,0.04018689810035953
JZV0769,0.15342065258968907
DLR0932,0.12362589718038028
VXC8863,0.3113212507336723
KOH2895,0.22876507750408945
WMY6508,0.4079992553565844
IFX7040,0.34435032821837486
KZO2590,0.21715942089662255
HLW7095,0.4390099645275911
MRQ4796,0.21462000533468575
NUA9006,0.3210487741206197
BSN6358,0.4590615970276189
AAB1308,0.05699932256285326
MFD6294,0.3607606707880741
CPM1668,0.07272712158064669
ASC0080,0.18157213535029296
MFS1546,0.6362863361581944
GTV8803,0.128293496553684
BTB9943,0.14394497378960783
SWM6904,0.40597699199253956
VRE5552,0.2882303686402259
PPV2663,0.6659770098390038
NPR4084,0.4649851610196945
FIN5241,0.13346009164211578
MLF9852,0.2283611101851658
PFX8404,0.29019662051449957
NZT8763,0.836212405455985
SYP8802,0.4595693074980393
RKG6794,0.20102797997898936
HUT3552,0.9046978781569261
GHQ1739,0.05943793813923421
NHM3753,0.27113582749356996
NXA4981,0.026338895694732023
JKD5635,0.492616259730254
NDH9283,0.017588030771954862
DRI7386,0.6884939542535797
NTM3474,0.2948562199146092
BQR0893,0.5461641650539505
EGR9812,0.8832741386360807
KLO8178,0.13586705866519602
RPY1835,0.16935800549155852
BZL8581,0.18309240105871305
QYH1854,0.6749455366623754
PGK9212,0.0641499227772899
UUE1033,0.2658668620219057
ZAP8815,0.6702044122230003
WON0228,0.46585080541630364
RSO2008,0.38896607194271926
EHH7629,0.14950810358226255
ABQ4338,0.7003669789048169
EBY8977,0.11770719937160415
FWF2890,0.3401745186082786
HKI0609,0.4802645558198342
PAB5947,0.4070367104752446
HEA7016,0.3137802186774284
HDW8123,0.22479850968573337
LLZ5422,0.2801111004636865
ZPT7132,0.6764235370255818
JEU8627,0.581357237799661
UQY3173,0.18629900237402935
BLM2089,0.4275902044659288
DCD5221,0.06315293148664164
PHS2469,0.03407861037370611
WII3386,0.08385301306585417
OSB6146,0.4397198998220447
ZYE8393,0.2575462430346422
NRS5494,0.18348870096723058
VCK3879,0.30428911489384586
QBK1287,0.45159745877630353
OOT2673,0.4244722986738845
PLD4712,0.1979067781170286
BCA6861,0.12318212416690494
BKB3148,0.14526471776548425
UYT2460,0.11185449881035404
CGV2591,0.18478469465802333
XSE3563,0.06371570816641986
HRZ3422,0.8069768410555416
WKP4106,0.015107881673994912
EOH2042,0.4063995425177275
MKW1588,0.45814871940945195
VKV4425,0.33615859290478084
JIH0956,0.5874131192435185
IWV4857,0.14982005411648427
HJX5465,0.3717650634846748
YRJ6285,0.2825462831260754
APA9822,0.10143172542805971
ETJ7252,0.17594488749156287
UAZ5155,0.048162207028703184
JCO5005,0.08881131474109163
PON2616,0.08843862084158953
GZZ9302,0.5238085858798894
EXM0909,0.27001295361598715
YPF0123,0.4911345477419313
JPO5490,0.1671648718970066
SWN1165,0.4329690854730639
DTI8446,0.03630415637630913
BSX9409,0.03205170395587225
ILF8133,0.31532495551352124
TAP4650,0.8699950482759683
NQB1919,0.06983804455157828
EVN2619,0.3882858700863679
FKO1395,0.08669227754741114
KQL9739,0.09845021942232043
GTP7103,0.17885354663160463
FAB5180,0.44681113888422264
DNG5054,0.15833560015759116
PIV5711,0.13332733381160253
RDS0818,0.7313027148919017
NVL0735,0.028375486440192332
JHS0345,0.08450019763518499
AOW0183,0.35606683942634537
JWB1663,0.08233869402951927
QBI8434,0.27349083655978357
YGY5084,0.03590404229769384
LAJ2381,0.6592066685398595
MVQ8426,0.5975299847273904
XEU3341,0.32047290305181897
WBB7069,0.6531093988546995
HSV9997,0.4476950598339671
HPZ7235,0.41761296183885876
LEQ9893,0.08436498966447359
SRX0685,0.17430287244790013
TJE0525,0.38559880848811495
CBV9705,0.34640534941916135
NFH7701,0.3975679402296861
MRJ7981,0.1778436434611735
LRQ4994,0.08284078013496582
TPZ2644,0.8781708763920794
DPE2366,0.2903412070579642
GSL8285,0.05307376260923537
ASE9553,0.13776306772035943
GCQ4270,0.180883596748344
JOI9750,0.03422800501384331
UTD0147,0.28889817811004487
KZW1095,0.44164041258072
GSL0577,0.8119707589450479
OTP1368,0.8838739166127658
JHZ6457,0.29286473951022574
MKI6175,0.75316974701006
GTG8406,0.16423427376380473
VZP1954,0.5205046549033973
LES8781,0.1145542581972139
PCF0526,0.3954644207164866
WPW2050,0.40328326910133894
DTH9411,0.5807675961519364
YBA7820,0.5659861249936512
VSR8739,0.40933035172616256
OOR8305,0.6386792655664727
KDF3451,0.06631969401538253
HRS7842,0.3171379927246367
XZU3965,0.3373136045988579
NWL3338,0.337003435556856
GWS6777,0.04882343077097684
PWO4056,0.4339865765902428
XRN4973,0.10184780371992361
EJB1687,0.3082402961604778
BUT3103,0.08570774687537852
WQW1045,0.15733146865442915
MDG3445,0.028083827488211748
XUJ0717,0.33774757559521157
HXD0371,0.20177121024523076
FGD6466,0.3907239986778318
YZW8155,0.17975395296432517
YSW6454,0.25426491205145063
XRS1062,0.2351318935792771
SBK5282,0.5659883049053371
UMT8393,0.04885668604354486
MLC7262,0.6236223020014139
CHE7839,0.732650392101846
ENK0333,0.07032245250987999
WGN8449,0.121196913578919
FAM3458,0.022956944535425346
LIJ4989,0.7576903214645886
WCJ1614,0.26952125872271776
LCJ0354,0.22448754123608855
MAS7337,0.31586746287899925
WMR6816,0.008650077963171318
QPD3244,0.2536390657205205
DYR2618,0.234960247007166
LZY6766,0.12817361052486512
XPA5745,0.11041634197324056
OHE1207,0.8317471910802029
GMB5921,0.43914773380780014
PUN6155,0.2181647633877135
UWY5599,0.5661019579403433
BZP2422,0.2586814019131042
BFA6296,0.7161731125661684
FOC9534,0.7488856543679802
NIT3559,0.449013927209333
QWM8810,0.19440370442842322
XUO7622,0.1693709844003031
ZYR6469,0.19793725217467456
FQV3213,0.4124820968983513
HMI8445,0.05699568921302088
VSX6822,0.6149425775225208
CUD3348,0.16762356231644265
OPN2109,0.5216248762190079
NQD6519,0.7361454614181117
EAH9489,0.5533832175280889
PUT4775,0.5051277723514185
DQA2691,0.1463825159564893
MXS8930,0.43409521746113783
GGJ4008,0.8552560579193359
MKH2409,0.015838467761455793
UOZ4237,0.553460775737268
DSH0462,0.1710863843669791
PPZ1079,0.9231065294048536
YUO8157,0.6706720224325802
EVN8189,0.2425180023757675
BJR1526,0.27056273406587467
ZHB8179,0.740502119701199
ZLR5824,0.08265560573354122
CFC2212,0.42052308076575307
MTE3132,0.5127343445061981
RUD7931,0.6897265025622408
ZOJ5082,0.020957294940312385
VQD3919,0.13827701242133164
EFW1850,0.18190917760719688
BWX5427,0.20689162963690766
KCJ9813,0.5806523495774432
WHY7887,0.20738667103450162
LIJ6032,0.05757633618652347
YKE3129,0.41752644886162654
XNC4926,0.5601362075199281
ZVN8083,0.38621490589418134
FHS7261,0.621567099153916
JCH6559,0.17590548381898893
XSV3662,0.06120693729585869
OFE0816,0.05872924794703806
MZK6467,0.10762991173074508
WKI8810,0.3963476644657547
QZY3155,0.6247811194422138
ZGQ3169,0.7592119179449365
BSK8553,0.1301028708280708
DPI5831,0.6358713578345186
DAN7614,0.20502657187869222
MHS4201,0.34912516182708103
LBN7990,0.02788348227013516
ZEW3244,0.09324360304496554
GVI6361,0.042795421483849155
SUU7959,0.35137797204993043
KJY0103,0.08262432561005827
LSI9574,0.3971380227161119
UUI4640,0.22150759272356882
APN0763,0.36536037474927424
HTC6582,0.40073332001001116
LRJ2531,0.2690321653540998
RCX0166,0.37736875561127287
WLS1334,0.22945143764119683
GHU5711,0.5448752312424399
GXN6885,0.21196570752227484
SUL0918,0.08265620066659173
WUB3727,0.1617933735044666
RTU6031,0.44138715080900254
MOQ2182,0.2790778125129045
SKU1753,0.0675470307261744
CYF7753,0.36348462372409834
TPW5388,0.2965407738405015
BNS2586,0.5738996306300985
KEN2166,0.15100639281909928
OCJ6547,0.5391823923589864
NJP2923,0.34373919856832486
ZQV2760,0.21967117441416406
VWU6539,0.26690388007133603
FHB5662,0.6146752484869504
FLJ5568,0.1136073201805762
NYZ3610,0.8077197088879248
XBS0822,0.6751550255962457
CBC1282,0.1599441821361869
RJE0984,0.7376397441106618
EGL3373,0.14709976654994328
ACY6703,0.7879458680963304
RYV5129,0.04237122245475819
PEX4835,0.4865413018816896
KGZ3991,0.2390353357118054
GCP0419,0.2713772013513236
VJN5659,0.31676057876399594
XIL6278,0.11830155949975753
CSD2119,0.3479289477491131
NTC9929,0.07383160388533275
LQD1080,0.3022316878847456
SEJ9531,0.23819049647694268
RZQ0003,0.0624845490256244
PZW2114,0.1566787380999351
QML3842,0.205535152796817
TJA2905,0.1242037523854856
PIJ4611,0.33680539238214213
HAM5599,0.030903026950014862
TXM2652,0.35373316177159114
GAB3659,0.5453523202092541
KCA1906,0.05283857521645285
SVC9075,0.07279495097513522
PJV3622,0.1284061286072315
SBX7333,0.29954407201814376
HYM0481,0.7432909726234339
DFY0681,0.1299220854362
RSF3235,0.14277947597107163
PFP2410,0.10355331030581132
YZC6174,0.05796429837537437
FMI6039,0.6974976097956483
KSY3204,0.15573576237751127
JHS9734,0.18114886627818605
WKC7792,0.42504555460135784
IOY1200,0.40028175080631717
XUE4561,0.2944323354070553
KCT7437,0.20873561801726928
NMP8623,0.04848116362589287
QRU9935,0.31319088870312983
DMD4641,0.3209718957836595
NCA7180,0.2776071743614336
FEY4017,0.0611662453946315
EUG2066,0.4436759812771125
XRR3806,0.09798079564240281
HVJ6716,0.49483018926730765
OLP0692,0.26999527344869834
ERC6469,0.4536282482524468
AWA4755,0.48606586150035697
YQQ9139,0.4626912234177925
OSX9492,0.665994628580132
QGU8564,0.03876923109256417
YAO4151,0.22219233430710184
AMC9558,0.508336042146909
VWB0124,0.16260094217467572
ZJD1609,0.12922214218485353
HVK5251,0.6720979101272497
MZL9303,0.24336472278472104
YOD6029,0.07548988994719276
CNL4438,0.45359098976495826
ZSW2054,0.16310236249893628
NXC5824,0.21079726576938332
BDO4892,0.249503035027294
VLK0339,0.3290686794471868
XYU4157,0.03031431525147892
XMN6548,0.1998591245656084
LXW9245,0.10010403943876443
JYZ3206,0.7825691885347619
SIV3918,0.7328371222638995
RDI2951,0.5981869819851307
CKS8961,0.4683096341306206
GGD3196,0.5314222418880761
ETB0894,0.526741376038723
MLA9778,0.2489311805024796
DWK1986,0.048648250875853276
EBT0068,0.15132035200898145
DHA1853,0.5987701285942756
HWU2594,0.08087413576752318
QPH8016,0.048793035327547696
QZI2250,0.3856516034917493
ELO0702,0.07983190475902253
FHW7284,0.4918785158407436
JXO7389,0.8231391037195129
AYC0810,0.385642594046128
GWJ3254,0.1876230427563954
IBO1945,0.39620317912411845
NSE2304,0.3880759063912368
SQB4852,0.23428245230836311
FQH0034,0.31627805504539697
QGG5280,0.6343093330520583
VJB9962,0.2973038467150966
ASL7482,0.23353902132855459
YYR0976,0.16482631402500822
TID4683,0.4646331957136193
MQF4406,0.406803920661926
PXU1703,0.0691617231111771
UJM2633,0.38579576314369934
ZSC9815,0.3876030721629799
WAU6889,0.5195617563759326
IIR5545,0.2977362339628288
YWD8219,0.230012123099026
OVU5964,0.1591832177861683
SOX1774,0.6535020709867624
YMN0357,0.3705924952812595
UNK0731,0.11672388486043596
AWV4949,0.11442426914064847
LIA2179,0.3846605130537093
KOJ2933,0.07164712565060495
OFN2940,0.3394132114847232
XLH4413,0.16168337121170542
CAM8238,0.1445602367403901
OUI0191,0.5213566723467074
TVZ9158,0.12945510267541255
QZU7391,0.18732371625304767
YTC8533,0.33888791966379633
ZUL9082,0.19159314065319366
QDH0283,0.8406972482804537
JOY2839,0.1896360647535132
UZE0497,0.06683369795338306
GUN6865,0.26493500408259246
OQQ7043,0.4918801708505516
QSY2045,0.6365574473243807
SNL4417,0.1078228808969861
SAH0586,0.22991856973112387
WUM7977,0.3894140617609346
LUE1768,0.3737634755308148
TFG3357,0.053465142015787115
BES6653,0.6955352816022577
KLU2053,0.14458601172915658
EDZ4179,0.6121498072722379
KQO4708,0.18914250161302215
NPT4412,0.21775609648817168
HJG3099,0.46351951958881665
HZV4375,0.4779027433078513
KDS4463,0.5358922624581957
AXB4934,0.5117414730516714
GYM0773,0.48491666958588214
GJC1483,0.12411542073827642
SAF1656,0.2490178970310477
OMF0261,0.23072643760300215
WDA0383,0.6454708095057974
XUQ9842,0.2367824760976504
KZA0317,0.273124581308196
XNF1437,0.057982176674909916
BGA5764,0.13554163505002173
TKG7900,0.06457905502581796
OTV1030,0.44983892841422723
VWK2998,0.7077727055638957
QKQ6320,0.41087961449576554
WPC9633,0.21023183218213862
EKW6480,0.13830852684568026
EFQ0392,0.0482203846400611
MRZ7379,0.7981420987080088
WAC5824,0.5020073067241808
OMT9415,0.3890127627114111
XMG9583,0.07607476699807045
UFF1261,0.433439922805728
DCP0796,0.05005443397529006
HBE8442,0.3753427747739949
YQS4458,0.4802044088641259
SQU4407,0.27007068101785886
NPS6601,0.342501184649118
XMN8380,0.20192033644320898
PVM3035,0.8557612734941978
IWD3752,0.10029895272229111
GLF9686,0.8236390580283924
RRX0963,0.5674595748202323
UAB7848,0.1938602000886754
TDS0452,0.8028988496920827
HSK3153,0.6890116095329115
SQA3360,0.3866757055145266
ECI1955,0.12456290665566103
BTU2947,0.26139889237152747
PEZ7733,0.06638137797882906
RPE1400,0.011493838260542875
QKS3138,0.09436188715053094
WOT7140,0.522089940472782
CIH5726,0.24439397499248236
LUE0157,0.7258494336855685
KFW0111,0.4191099440776349
OAI9172,0.2602137323832904
LAH1856,0.07001748078518637
NFK8809,0.6263748729600469
EGP0512,0.45333418686402993
BXM5911,0.42595303325483014
NWJ6522,0.20238879226322706
FAB8496,0.41407513174188004
UGD0885,0.1272283356990889
NLE4038,0.5913888278866183
RMT8564,0.46528788877007693
LPN5269,0.3780756383894644
SRF1001,0.5958269654821138
IPO5628,0.21711076379012362
YAB2836,0.18493849855666342
EAK7493,0.610903078430329
VZS8779,0.46158144204796014
ZHU5296,0.3407791428188145
EHL7819,0.45579030660839415
ITI5109,0.7584939656307196
ZJJ6069,0.08245944267943242
UXQ8523,0.46004303760398846
BJZ5615,0.2536653356139654
BFK8030,0.23320060954298608
NOH6334,0.24212044544990255
QCJ0449,0.11770978113536205
LGV7177,0.675621148218401
YUU8227,0.4780026652091806
EYU5539,0.22029918171788704
FXQ9279,0.3504784031995948
KVN0414,0.03879142858786929
BWO7564,0.2329591752274628
SHA4528,0.05006357820406832
LCV5905,0.41754753818252854
PPJ8929,0.31522712279478826
ZTY0059,0.02334137655818768
AYY0072,0.09181489441907038
TUR5072,0.682482981285743
DPA2836,0.449084442121329
MWP0809,0.34851308390744135
NIT5344,0.3327191241578109
EMF9379,0.5887276514093399
FDW7329,0.22934730667659836
KAA7544,0.29202098169462976
QYA6379,0.2388175427931854
HLA1104,0.1786001500571201
ZTB7327,0.735085162824018
VSX6645,0.5333211806504963
MKX0188,0.26536155434795866
MYK6810,0.15033904235801987
UJZ3099,0.5932308307342373
NLQ6953,0.20784687307447772
THD3997,0.04373656403297502
DHW1898,0.0782061883758601
CAZ6419,0.2257869240345808
HCE9029,0.3184599706438163
BPO3584,0.3565746618762197
DCW6953,0.451809104152232
WJW5631,0.791564020372818
JMU4733,0.21494904424812739
AUQ3924,0.15194494712836254
WOB4261,0.10017524545676378
FAA0395,0.6818902194446346
SJJ3512,0.31214012396041396
MDD5141,0.13561590646271862
UFL6151,0.5541221086076814
RNV2828,0.5166653121245367
IBG4905,0.24123657513579863
EWQ2853,0.8011937335117489
DKT1418,0.19573380343636418
RCA6055,0.27742747123790423
PTU0261,0.14350589085636106
RQM8471,0.07261851233206021
FIO1669,0.023433641919320333
RWA3084,0.3355476941658691
MWJ3622,0.5848649552103985
ZWO7580,0.22545459958597636
ZNN5139,0.41807076529625825
XKW2878,0.04202187244255182
SOB1176,0.24218847390038162
XCK6612,0.42942953820347113
ASP8488,0.10192597685561595
ZJQ7036,0.3396759722550759
KSE8052,0.6069878453885507
BDQ1385,0.5012463776004131
VXR0368,0.4965570558648219
ZHB4902,0.12428800016650715
POY8883,0.3787050647457668
GIQ3177,0.1220352263527318
ONY1016,0.17940398132288926
CHQ4117,0.5849995974633002
XID9340,0.18997118771210678
PEC4135,0.5226395677466896
ADP3518,0.316783644962169
WUD9379,0.3288711746035234
RCT6710,0.23062953330590097
YPK9577,0.20080184588144126
KOX2113,0.012079004449559746
UJG4961,0.32784715241083573
HAY5847,0.5994973395111031
PHI6345,0.14709629268883068
PEQ3550,0.4460262900430967
KAJ4969,0.9211008174006609
UEE9718,0.39002698879444503
FNT7313,0.5456184254734321
OQO5683,0.3106225351972692
NWQ3973,0.2698895063468634
GTI1384,0.2962700885607604
AHK9950,0.09083862638887019
GPZ4054,0.3827629193340669
HFK9029,0.2714675079006409
PXA5874,0.2839721522861884
QQK0987,0.8658328811150059
KOB6393,0.194110579057745
UCS9907,0.4565763983050869
ZUD7019,0.5850354875871743
JUM0665,0.33805186366755163
TPP9015,0.5597799587321881
MXR4724,0.18875856771671354
HOD5285,0.11778524919820146
DHM7054,0.5515184201596262
CQJ0272,0.1194408107882252
KLO3196,0.23781354691576687
GFB1649,0.392994428294581
NOQ5877,0.16078861296477284
CYI8589,0.21449874123449325
FWO7157,0.5327131804853631
OWE0183,0.5012389221647211
QXU5403,0.1430852052336073
MWK4766,0.9215001545771536
XLG8768,0.3968190908802616
VKS3432,0.2905652021694847
GMC1606,0.2724502855830397
PNE3192,0.3258772220637476
ZDH0081,0.8049525968727982
BUQ0384,0.43955168663693384
SDJ1245,0.6045505348390823
YHI0373,0.04323885646874201
HTB2148,0.3125473307598223
ESJ8744,0.26335328748673703
OKZ6934,0.5475879864763352
IWJ2087,0.043451187632190885
YQW6666,0.09071311783529322
DRL1639,0.1912142743864985
HSB5951,0.6803876012284482
RLN3664,0.10762798812048383
DQX4439,0.2780123934956968
BRL1853,0.3518537230700511
WTV4777,0.5550089435158996
UYI1073,0.2955244101752744
EZM9046,0.52310195649328
NGH1312,0.4621434590197917
ZPJ3568,0.023295523664790603
GCU3692,0.2540197020705254
KQP8149,0.20567530475164283
XRE6790,0.11868770752167336
WOB4424,0.24587995846285504
TZX2171,0.3752627358492941
KLB6758,0.4437041655720012
NJZ1004,0.11616162802463526
SLC8186,0.1446454407159402
ESD3201,0.22877141219541672
GIL8255,0.38333513906136196
VIA2238,0.06468149428807081
BIK2002,0.09312184000779494
IGN2069,0.3551278962901914
WDC3985,0.14784631295968095
GTD3498,0.12449128525263486
ZRR6014,0.14824746787705073
FUQ8627,0.7338679575275748
RUY4061,0.5791966581686226
DDH0817,0.28327954334217237
DKE5313,0.1545943296619877
GQB8062,0.06416313631172815
MJW1038,0.8815623218122643
MGE4928,0.5224391132757248
WMX3148,0.3333439174785832
BCL4088,0.17536141800219177
POH1215,0.2541662105585062
DBJ2669,0.10711638738225734
ZTQ2278,0.6986099012694998
QPC2404,0.6965785253099862
FOA9641,0.023959143568909873
UZR2198,0.1655528645098152
RJD8220,0.3844855636727563
YPO7168,0.6757828115769712
ZSO7284,0.6351473951451675
YKC3947,0.2400804675587947
RAX5623,0.29697434978587345
NDN3928,0.7830519863111788
XBG4294,0.2178987971791506
URI6844,0.23347545089825805
LPC1008,0.07271389297285585
MQN7236,0.08825117754713842
FTS0705,0.13040560861093348
XRV5896,0.06821593295622135
FNK1549,0.1339568576190092
QVG3369,0.23065814271907767
UEF7361,0.035783131013179
OYI0421,0.036315071409264134
RGN7073,0.2071046442760462
DTB7149,0.1253547157541197
WAS9056,0.47530018672844593
ZDM4647,0.4743597765741331
TVA1688,0.41595679574180794
AUN6131,0.7599178233689973
WLN1597,0.9264481468141944
QJD7373,0.14992527940370282
PUS0461,0.08127332213498326
VHL5519,0.675223125861377
DGF8059,0.13564735987699642
ZDP8152,0.40653152725281655
KIT9995,0.39035971728694807
HXV5931,0.07690746678415059
COI0100,0.18862760180911514
CMW1744,0.2627881290741119
NLQ4471,0.03485955518181836
TKC3707,0.1416548529891181
IEX1198,0.22282084535980645
ELK8724,0.058122253789576035
MXV3637,0.10061584850976903
WCJ6522,0.8202295615727798
OEQ6921,0.18988210701563665
HHM4121,0.6630178919393064
LOH3133,0.38659904363492437
WGF4780,0.3730701335061009
IED5984,0.6247503462851102
PLN6758,0.6905794523606141
OLC5808,0.05783493976091599
CJW9798,0.29798078009797074
GAI6119,0.3339407659327415
BKC5625,0.8687124394688613
YSD5776,0.540621133211861
XTN1465,0.5672231269506439
YST8825,0.4978661650759055
PWA9731,0.1664687941688542
WZF0204,0.18266395430113594
JOO6585,0.18949622329789043
FAY5510,0.21639077171768278
HLI5171,0.28429811148483203
HXG8092,0.2182449406853245
KKM2246,0.4836435617838782
LPR8244,0.03440689986687055
VDY3830,0.4237088726333094
SCQ8086,0.10911933108154345
SLB2171,0.8638222354555565
NRH4257,0.11165600647779894
CNC6073,0.03346897266788986
ZOU1261,0.041234436918533374
SPT2697,0.41636664949423696
ZQW1536,0.9518117075459108
ATU6677,0.2098719140113571
KLW4229,0.2586426540214409
HVE5828,0.16197162672782134
GBI3333,0.35897851449787394
LVX7085,0.21277856274512907
GQQ6522,0.142470926030324
CHQ1313,0.6141811356214566
IUD5304,0.06139007491989871
UPF0845,0.163874808733692
DFN3122,0.2647007242817523
WSE2433,0.7043730423113193
FXK1875,0.1045980006672176
XQO2229,0.0060172643416671594
EHE2388,0.270348763501449
DFO2542,0.24309150997700432
VYB8146,0.45437671001687646
UPI6716,0.06739381227773862
AZV8887,0.6531471955198869
IIT8345,0.04938859030174388
NSR4067,0.37107257235523433
UND4463,0.13311308127397214
DJH5832,0.3597022319950313
RPJ8255,0.2724907596688306
BXX3872,0.8007631449006377
YMQ3196,0.09100795205236954
ZDV7390,0.09583775738976649
PIP9062,0.11968726949880087
LNL0304,0.769730607754845
WYQ6546,0.1908608746534463
NET5300,0.04246740666421539
WGH1231,0.6007686807905499
HAL3239,0.2576019284618026
LBR9014,0.16271717352460227
ITU9867,0.28534996805428103
KIJ7291,0.26889420094115535
FVP7293,0.6607444883857331
TNR9657,0.052800528565155644
XSE5958,0.16279077449178936
MAQ1010,0.1302321388924965
YSJ0631,0.3770004909690713
SGE9558,0.32257518184368084
BDN2933,0.14102223353832896
LLT6330,0.6519478734749109
HRY3373,0.3724270883771957
UHW9589,0.09532034343393828
NWK7279,0.29072555860089344
LQT5241,0.8915336161084938
SNZ7816,0.08109116484361985
VWP2460,0.4903875088050603
VSV7263,0.13087475346149122
PAI2981,0.8349494193261706
AAT2571,0.43107559224433184
XNM3039,0.04773708959345641
OYQ3855,0.7011104420439117
OXT6838,0.5246027796450422
MIO5543,0.05595964675034028
BOM2763,0.3453717253472459
SFZ9405,0.685923164460341
ACB8398,0.13156947212979545
CYD6578,0.19856811076024228
OCJ4962,0.24473370848863538
QEA6309,0.6136482167950973
SUI4465,0.8307394522894542
FMR3924,0.007439670622497861
PTI8284,0.7908264976646263
PZT1362,0.1315970190023616
PIK1727,0.035752851273038615
TDM7158,0.10612948666046215
OFG8429,0.27172108164386133
YGQ0653,0.4958561139396219
CRQ3454,0.09523576318764941
LZI6201,0.6754403498010101
DUN7031,0.2281477200350873
EAF4040,0.17070147291175605
AEY6897,0.041680759597009655
SCZ3033,0.07102339203279513
BHB5455,0.3840866451037855
DMA3129,0.11709551336992315
EPJ7195,0.1753097048576325
XXL9376,0.17520966708984304
FXG1204,0.2536500020963562
SCJ5893,0.4061731461206992
JAB5413,0.04568868219399431
ECI4724,0.6855685758298693
VJW5200,0.1621274181224328
GPQ7753,0.16687979500829614
MGM0506,0.3608184342920735
IJF8157,0.03920880110094523
UAJ6492,0.22986958354855758
OMN7687,0.4212262846395764
UJE0913,0.31159891569732956
EYQ7148,0.6352484239575862
PLJ2057,0.3813929865755564
VWC6238,0.06825571242426139
JAZ3904,0.1933771644476442
SLF2540,0.43539609563334536
ACW2850,0.0447806773180979
IAO0540,0.683195483322993
UZW5012,0.27400816308778136
UMB1656,0.3247682623155987
JYZ3579,0.33279789334518545
NQE6140,0.5344472404524905
TNN1819,0.23462491143585124
LQE8452,0.2893521026715458
DDO6847,0.3141038496705619
RPF7802,0.24938422357416173
FNE2013,0.11849990917241233
WWQ2829,0.4577960341836902
FPZ8406,0.2526650820211459
THE2609,0.3490811209382834
YFV2493,0.22706069680867522
TPG5056,0.48445345648100513
CKT1474,0.643641154371174
UWN8033,0.5296577586841227
VZZ8105,0.5851792046350389
CQB7810,0.8623854511166849
RPA2932,0.7043454910794877
HVN2303,0.1048374616084251
DNE2280,0.2545866204065994
QZS6625,0.2332003630705494
IXJ3391,0.13941378361168766
IBJ7457,0.07562216906440385
QWK4411,0.021115141947545546
THI8299,0.18538890396983002
WQI8618,0.1349579280494241
EHL5492,0.4215388007510475
DCE6168,0.07667717729780883
NQJ8766,0.3561103744440563
VTG2380,0.24980450799653608
LNF2835,0.5098954200261152
JJR4127,0.1180868368706773
GJW8107,0.3198286308182508
WOT4362,0.5621229931926313
LTV7533,0.22644245649242495
HLS3172,0.6556729204339858
BCV9335,0.2981169108049908
VKX7361,0.021119627145225875
UPR0212,0.18718350358403238
GAD7822,0.1853773523572184
FTY3806,0.16139220193986417
EQY7009,0.17786950721712816
EDS6036,0.7193319340735745
ANI4768,0.5420257475595799
BTQ2124,0.04051971391950769
YQT0133,0.4213187824356518
WCL2270,0.569003478045648
UMS8559,0.40972697666577995
GFR4574,0.5787258404591694
SEY9322,0.06612864087075765
VZZ3704,0.5620704203238839
RCA7209,0.5728614571408551
WMT0282,0.10362889597175427
ZGZ3238,0.15516786826844722
PCH5579,0.5466595368778892
KVQ5659,0.7837236559243735
DXW7491,0.16542901855737624
UGO5322,0.328648590718729
ZFA1134,0.020644991410416803
PMA9220,0.07246726118205984
EXB8441,0.17988929749037283
ZEY4073,0.07608037374367273
VRB9328,0.006865286612908996
IXY2561,0.20937661473822955
TCC6535,0.17983914881566185
OJU3724,0.5209438160526279
XDL7709,0.2607234239366651
ORF5661,0.12259597026550116
FLD1463,0.23281091308947852
BJP9208,0.5613049007759773
TAC9100,0.13337222775418062
SBF6739,0.09211724020588191
TXT2079,0.263378909382286
KKH5705,0.24613141246966244
QSJ1521,0.22361255990506912
SPZ2638,0.35068064970223617
QKS3066,0.2701492134617083
HLI8086,0.013992951386806514
RVP4550,0.6200822386059167
HNJ9495,0.06207876915272128
YOJ3693,0.4267158759684256
GJS0697,0.615707749188013
EQR1972,0.3648891436958889
OND0210,0.32318992448556605
ZKT9269,0.10223193096191949
UOP5878,0.46055296914207466
LHQ8463,0.08723098220948289
VTK5721,0.23667767567577527
DFT1373,0.23380596940323928
ZZQ4322,0.10035593794782291
TEG7575,0.9162614099738055
ZDN8364,0.18864822206530815
PMH3356,0.06669166567669017
ZKC0601,0.11528312449056943
WCE9841,0.49111254078285993
MQZ4133,0.6622963284943018
QUJ2416,0.25745318068830225
UIQ1872,0.19852294420417912
TPR4093,0.6809489653431653
UNY6653,0.35708565896705663
KED9088,0.0858787078450055
GJV9147,0.036317042118105956
YYK1409,0.3555706823586915
BDP1730,0.029125657667155823
IIS1162,0.42200203662064784
QDK0707,0.481622554930001
SBM6710,0.38612219513105617
LZD3025,0.25379899563476443
SCN0463,0.37523557623139353
WYZ3750,0.033212278964771545
WJE7625,0.5023756659919034
LVH9493,0.6158210029883234
OGP3197,0.22027272280717117
VVY0930,0.41202530995267067
PVD6484,0.3538719910976607
VFA1552,0.7302612384339356
IGX6687,0.07096838581208792
VGB9010,0.34428481172778524
GRG2410,0.14233257528382823
UGC8879,0.17808266880476992
WUZ4473,0.13790533648833106
XSF5046,0.4156139584076562
TCF1709,0.7472201474418916
QGP8200,0.44638647917039864
TWD0882,0.42885733462978975
XXL7278,0.16286466267394348
UBQ9279,0.0647743660095129
YIL3942,0.462659177068936
BFA1695,0.4336443639396432
GKS6057,0.7295421988305504
CEN5283,0.5603180182134285
URI5280,0.28606409574581704
ERO9064,0.0882252699878958
WSF6571,0.4273863815120905
BVH9547,0.12227977157781818
ZJS4141,0.1386067362037109
RBF2204,0.026111788737848068
ZZV5719,0.05568033318917091
PBW0578,0.0987073440805165
OJH9892,0.26561863381953066
IEW3033,0.35766701703614
VRF2412,0.394275048603653
AEC5051,0.5108863121708892
FGL7789,0.15552276780807212
MJZ4395,0.07697560065358525
DUX4345,0.2767110458098378
CSQ8628,0.5368102424405803
TOT1468,0.2669081932920257
YCS1207,0.19398258885842956
UVT9591,0.6580726031755498
KOY5019,0.36671686437013323
NSL3572,0.12531516165268525
UIC6064,0.7053009370476216
RFW6714,0.27740026306873217
EAJ9097,0.1283103878899545
JOU4957,0.31874148287689136
TEE7042,0.4260019585904563
KJD2151,0.07379961719815055
XQL4738,0.40456533167835074
BFU8118,0.20779722177775894
ZET2122,0.25834950735071965
FUK4311,0.2293748862590737
QUE3466,0.1698235808139483
SWM1601,0.6348601085897717
JDO4667,0.046291728864311724
KLB4904,0.14113583580593128
MNL4989,0.1628598970826711
PIK2814,0.3628487309236908
SJU8294,0.1889267802524961
HLB3116,0.6464346056397214
ZCR4661,0.5709188228011165
HRT2532,0.07393533768809149
QPI4398,0.1257568037808196
BHE2901,0.6349766185898789
BGA4649,0.4822249952159251
BIE1986,0.17202350703231223
CWT0763,0.5491234605691269
WPR4507,0.3651535307295435
PAR8871,0.31925668467294915
VPV9675,0.3658496687316224
ZCN4019,0.44525762997795926
QXH9868,0.4472792370482751
IGL2036,0.07550589505421136
PXG0071,0.6789102527716739
JKJ4473,0.5472401792065089
JDM0244,0.11945897282008235
NFS4819,0.41767270272382995
VGF0668,0.1050332010292115
XEU5703,0.46768883985379694
RUO0833,0.14156277050053645
EQV2141,0.6286201176749793
GBO6128,0.18645050398418986
ICW7329,0.25911036888830935
PPR4284,0.6328799949258842
EWD8008,0.2918622579553526
WII0655,0.7710808423627757
RTW5196,0.2236614632824169
PXK4242,0.30120364151259815
FBW4362,0.4146315895455536
NKX1957,0.1093851037218541
FPX9711,0.2418266224648637
BDR5063,0.19739395946101165
ALG5020,0.24111358413460704
UPU4766,0.4417436838015416
NJD9805,0.027755184765486024
OXI7734,0.12450636443141612
LCI2089,0.7431586300606036
DMF6569,0.20681024193327577
GYS8804,0.4161992394312979
RXQ7168,0.431771523582331
AXU3149,0.22815034557322372
QQV1056,0.4385425027885842
UDI7181,0.5870933832960187
ZTG9882,0.07414747783742771
XKZ3080,0.04850039320174307
WXB4285,0.1497748878318471
ZFP0139,0.7306729945678834
RKY6757,0.1109397492766179
RNL9971,0.06287809839821817
MOV1007,0.40874261185365346
EUF9193,0.38495701798867255
ATY5952,0.26829471272744454
HDI2450,0.18499504414362755
DCP3341,0.6489116279882121
YVW2924,0.1707763902074256
AMQ9367,0.050404817217179196
QRH8014,0.07137102178566782
NDQ2138,0.8634473593460353
TTO9585,0.11684123385961762
XIT6623,0.14769643841530786
VFW0657,0.21515163803365145
BZD1767,0.4077209188198404
LJL3808,0.14626810527048362
ALN1220,0.1629510795121242
EGO9071,0.06322333809687586
JOC9153,0.08652761049499304
INT7734,0.04610339307783466
NID3881,0.23979060104441904
VSR9271,0.16300345928731533
CNJ2189,0.15417007513791073
WQX1820,0.20315157305513054
DFR9329,0.28739856378965456
ZPL9559,0.22678850137517223
VEB5415,0.07177528736336902
NDJ1733,0.4006779213589718
ZGR2446,0.25521694761540875
AQZ9907,0.43113338471087653
HKN3098,0.054920127045603125
GQE7545,0.2358811659419786
APS8818,0.33412991183827445
SYB1914,0.15690558167849042
SWB2082,0.11012236468585879
LLU8086,0.222454043329394
NXQ5035,0.1780656645221494
GJX2850,0.17404303017137737
YKM9772,0.22694379573333218
CNZ8777,0.20013534334876024
UOG5029,0.7243182370459973
KTY2647,0.1490372061100402
ZYR9156,0.05911528761952372
RHH0385,0.7963161328058324
LOH9986,0.8959556651068579
OLB3222,0.42973044755523043
TGM6913,0.2876469916523514
TRM5291,0.0637081078223831
JSH2786,0.1377241061483393
FAG8343,0.549229840536219
XXI9968,0.8160248252278449
XVX0630,0.06048858329334143
ZGL2012,0.2242401183661267
CMY3122,0.9608046452323084
RHA7400,0.4658530779710252
WOT8084,0.700649056108145
RMI9464,0.03815089639080157
ZRL2727,0.2820829143329367
JSC4855,0.6324327545442445
PIU6931,0.2721394075171427
WAI8374,0.18587402781891485
XQU0774,0.7271535573707197
HLP2424,0.40530149203591975
HRM1429,0.23509767319370553
VVC1093,0.06635075981696383
LZJ5353,0.06391252326596047
RIQ9136,0.40081453189284616
TYC4355,0.4623427187660572
USX4346,0.03657342186274395
JCD4951,0.04489089413195585
AQE0764,0.06260801815728569
JBG8345,0.6477446422071845
LRK3576,0.1175587796357927
ZLR7960,0.5314260572547785
LQG5244,0.027151809146173208
MHK1073,0.6189577669731062
RCZ7157,0.2013351859623871
SSB7551,0.6447373982404166
PXO5302,0.02098354305550267
JPI9674,0.5105361821184022
BLY7604,0.3454775240053543
OWQ7804,0.7708884549200989
KTY3963,0.11965178364703549
PPM4319,0.11196233895166655
JLP1821,0.014772599156343429
MPR4339,0.5566623010494847
SPE3315,0.3848521372408499
GSQ2343,0.12683681233373617
RRD2557,0.3072570242114446
SEH3346,0.338571680929049
OMZ7979,0.6938393002342993
TVX0902,0.39464972950202354
QMD7998,0.18288291747225965
GIY7765,0.26916870381281577
WRA8283,0.2565715661302994
VRN2912,0.40724843693370866
WOW0457,0.02670275056096177
AAY9915,0.22978146508799854
MCV8852,0.22889892851351146
ZKK0483,0.3656206307303813
IUV2370,0.13400201243474563
BQT2347,0.08336036920767616
RAB0460,0.18097137441965952
VYY2503,0.08660507992574708
BQA4119,0.20858017483036814
OBX3043,0.30334975327253033
AWJ8508,0.056693247460455135
XTH2006,0.3263652528738319
LOS6758,0.045922178640041715
FNG5006,0.2955218205751038
PQA3617,0.05519719613875599
TMK1023,0.11833158461098882
KUG7819,0.9311751255102221
GEM2691,0.5290235993860847
XYK0485,0.2753478853025327
KDG4735,0.45081937025991675
WGV0890,0.399813531091053
YWM6922,0.06556818750617026
XMW6050,0.11636547499668817
FVR5417,0.3957369614335357
TWB8895,0.11451456033899383
PER0203,0.06966057648913228
DAD8582,0.18411057904726963
QVW5666,0.08505974136547449
XTU3993,0.08917506002713567
QJS0135,0.5151739804748069
SVI6098,0.05507216488844846
OXA0211,0.15847518718480444
MSD2642,0.03318004331898401
GAJ7911,0.5650760240607766
RNJ5292,0.31554288650120454
XUF3740,0.2484556099577595
MTP2791,0.20602720428108817
LDJ8976,0.4323956066261707
TUZ5834,0.5213084302952077
BWA2307,0.42718576555507665
YWO6436,0.1092730431852795
OKM6664,0.05861019535954261
TGG6922,0.12010841176884104
TGG8868,0.41364720922039255
KMH3623,0.09380166163866696
SHU4421,0.2249100019796239
AWU4246,0.0794259664749172
TKC7338,0.07082899084618034
DXZ1314,0.4162984858390532
RAC3921,0.5452724425538035
TJN6899,0.2293380150507887
NUE6631,0.19670020299175636
SPK2793,0.021508021655909277
EEV4381,0.2735768523189596
YLP6088,0.07675810253089814
DUL2848,0.2351287038840459
USU5289,0.315681354085144
KNZ9821,0.4791684384904895
ALO7156,0.13596539829646775
QHH4547,0.6131991384612783
LIX0583,0.18875132407122203
DVI1262,0.5875342208108596
SPU6876,0.3483721579124543
FYF1334,0.4453346165036738
HGT5795,0.7197795324050572
IMP8425,0.509797162218324
JXZ9197,0.6580759258252395
VVQ4339,0.09429521060508422
DAO4421,0.07879564207810968
TOK7160,0.6238349961672653
YJS6181,0.7525247320263867
XFJ4423,0.2180640708133194
TZR7612,0.07595258292901712
OCB0159,0.10984499615062639
NKL4707,0.3455472456808895
IDS2174,0.06589316405611761
DRZ5494,0.1690285535409851
DDI6072,0.5960419129119556
ZZH9609,0.12436106418943976
ZVP2569,0.8828309641313267
CUD1746,0.2495764879962608
YCV2081,0.01199639018113609
BQP9020,0.37213928882166813
YGK2060,0.3332004858958414
YKW5527,0.9663507495749954
ACX5115,0.44453473807333443
SCM0059,0.4528125577759696
LQI8710,0.08675587055835823
AGB9768,0.8405237913444172
ETJ7781,0.08505401625270803
BPL9331,0.3057659422150335
OMU8839,0.27023516903174927
DFP5387,0.0285700494653022
MHX5145,0.27100231417526466
GCH3336,0.026151247003904005
PON4432,0.4545070405192889
MLF6966,0.22244466512324487
HZY4130,0.8114009749303557
ARZ2060,0.22668510141282802
LKU6595,0.08004285721427642
PLL5967,0.013600786613432917
SLK2959,0.2330725437280003
DHN1111,0.6735072702832677
MPP7301,0.2285835202361774
ZZB8437,0.3762630773897745
NQF3212,0.501244798676443
MNK0960,0.0394148175136741
PWU1684,0.20872176926173847
LWL2689,0.5402708411845041
QYI7393,0.044101283177008926
CMX2357,0.13608254021265742
SOH8850,0.3069165493366126
ZGL1552,0.18828758578278645
GNU1789,0.4407212163274386
CBT8745,0.6530003318033828
GGC9923,0.2112023580615382
TCU0568,0.062489869182813684
DXR6816,0.6761668267404815
BYZ3907,0.2782879216162935
CNT5049,0.8003017726067517
BFM2923,0.4836143070070764
QUO8903,0.15685848597102045
GLN2683,0.4121597818426715
DXZ7938,0.2903868958311372
QXH6973,0.33082279191842434
VDP1152,0.7701394720797893
CLT4807,0.2005465384677866
LVU3472,0.1786750365996985
IZE7631,0.36741298514265774
CNO7276,0.03709955597316878
CUU7270,0.8459020311296412
VKX4593,0.11675961626820695
UCG4902,0.4808139934521306
ZDS1307,0.7225784726680966
GKK5693,0.20656463669766342
YUJ8464,0.45600026102626195
MMY8083,0.5939295770060874
EWU1072,0.15338960404126323
TXS7897,0.4845815898035423
RDH3093,0.6635564156009545
DOQ0911,0.2912972676679654
DHD4872,0.42436683316570173
NOE2039,0.1353159017914851
GFZ2202,0.08747494033121304
TPY4290,0.1600090659702224
YOH9978,0.17064065512540263
ETP6944,0.10654149901435331
WBK0769,0.05603491826584142
JKS7151,0.15276569566129375
BLR6983,0.07301523091503995
OCR6516,0.2885444700791898
XUK8738,0.21367382604228863
TXE9195,0.11543255174165422
WTE8394,0.16313230984923302
NDJ9703,0.2552742218624279
FUY4600,0.5881120041303972
JMN9165,0.8758327973935132
DLW2837,0.6376666254615588
BBU2488,0.6451499666046364
GQX3493,0.07651295104702076
LTK8258,0.18759192277498576
FAI4079,0.14839898630725906
VGW8609,0.11275122152190935
XEC8503,0.10025360097724421
YIB2036,0.5671409077997979
RBG7787,0.7322792698003264
QUG9785,0.18707558658676893
AYM1556,0.1240096597047662
DCI8918,0.11592301125227633
SFC3662,0.30922843812519984
YZE2133,0.1281752941799881
YYF5693,0.7852449238086044
YIR0910,0.7000157750535518
RTC0158,0.2853909595621343
CYF8027,0.26723043739849917
JVA6010,0.2461940795214934
VMR7339,0.41291001545667383
ZVQ7756,0.427246649044732
EPB1902,0.37847183668326595
HMA1683,0.4317622701576058
UDW9896,0.24877320205872167
INJ2839,0.16020093380171477
XPW5468,0.2389458296697219
EWN3886,0.08037914166820619
RLG4571,0.38701082954759913
YRT9372,0.37848623187459624
YRH8201,0.8367367024020921
BRU3883,0.23359846554456618
SKZ8473,0.11072937284370615
XRY4887,0.1880384628767737
ULE8976,0.5023871911295851
PNW3961,0.017776594032058425
ZLV4477,0.11949909745667568
EME2296,0.14818053376961163
OJE7672,0.1909690607486869
UFA2792,0.13270286036169351
HYK2764,0.1417463935755181
EMJ4193,0.6197945966182078
TRY9793,0.055391531264014554
UND8104,0.08887625213329242
INW7518,0.22663917130759095
YSQ4508,0.17273824773577218
KWU5608,0.8902251559379171
MKP8589,0.49287734545640255
LWG9686,0.17811927915713244
KUJ8182,0.19725541702836594
DPR0998,0.06146035657671284
SST6383,0.16249779639849993
KJK7433,0.27270827672001846
RYF9809,0.5089894226836069
WSG6782,0.5141346689784023
XHZ3894,0.89375751659063
CRW6764,0.1844559911218274
IHK0142,0.11995824144318108
KPI1673,0.16154902001658444
VJJ0920,0.3317912393901389
QHN1317,0.6177018084334965
QVL0117,0.15356889376991914
CYG6976,0.22535762812153604
WQJ5266,0.47149816376366704
EFV8152,0.3809045792302777
EYR8430,0.1223242122320117
CSS3873,0.3200384252278458
DAF1550,0.07676659203280022
ARG3013,0.018791389867741638
ZQR7323,0.1644862966231494
PSP9513,0.048790483594362104
QOI4229,0.456381448208144
RKU4120,0.35495040166350433
AYL9666,0.04361940439732357
LIG8137,0.10206716764044126
TLN4120,0.28779908887571737
PII4855,0.1366974662999456
KKC4781,0.4991364402144336
UGJ9148,0.5683109668352181
NAH1937,0.6341326528963129
IBS6724,0.1864883071901828
YOM1813,0.6542053034796091
UQB5928,0.027796437425053167
EXM5263,0.07696724999772765
SKZ9545,0.22192850328754188
YXX8481,0.40543523152545824
EKE1509,0.5273892332063974
XFH9691,0.10731289059292391
YSC6667,0.5699616573380795
HJA8242,0.8343678281536268
MMG4678,0.4820198859575115
GHM3350,0.07634041026578643
CPH4470,0.13038629188725367
RVE8333,0.577296452562614
BJQ8824,0.6284931545392018
APV4434,0.5989706369382254
GQX9495,0.6090679913286895
LFE6178,0.1961559490081076
SUR5735,0.408720930123507
SOU2853,0.621661964573526
MYB4068,0.09924755833800553
HOI6711,0.14714276687968303
IVQ9537,0.5329440320550592
APQ9887,0.11722609771122483
OYI5611,0.2540204223483011
SQP0394,0.5731380797631302
OAD9860,0.6029158362520028
XQI3680,0.660330443950314
CQA0273,0.30353399161393885
JZE7318,0.35729123762807674
ASS2736,0.14184835067893495
BWM4784,0.7883926961415136
HOZ0409,0.3066409068280766
MQR7431,0.7193017690049468
XHM8073,0.21031799456720773
XJP0014,0.16858243830342065
TZC5853,0.5004233474013556
GOO7415,0.3944442886679451
JHN1039,0.5632910548817021
GJC1812,0.3811462835497911
NGR7410,0.1282814311192736
JOP3400,0.09776579007760841
IAQ2910,0.13951394993682728
NKK9441,0.052816939727429985
JWQ2070,0.07035131735373165
FUA2972,0.4077062528943924
OBK8154,0.311204264780074
LTX0849,0.5645603239668121
RYG2522,0.272715027642615
ALN2547,0.5040587429302988
VQR5900,0.5206278077110541
YXW0430,0.14285471286249216
QIF1562,0.5367686305301985
ENC2948,0.38438079271043596
TYA6116,0.0971116682223192
MYN2101,0.7341196035625445
MPH1858,0.08193417261557501
PVD2935,0.13008454470696412
PQA1895,0.4242380671968655
ZXL4357,0.6476541968373579
FWN0813,0.03829756745111062
FJQ4108,0.056449074746024334
OOX8926,0.018080190689313942
XCI6898,0.2863282620251652
JLT2782,0.4564736662040898
GXY9486,0.5489198698376774
QSF6937,0.24888601453251594
DNL4265,0.21535332256046064
HXK2025,0.29089987713245347
UCF6307,0.8192261750680503
TZZ4995,0.287769883342484
VPW8963,0.259431785432924
SZC7086,0.27694322387207926
RKI4428,0.6619771512285033
DSE7424,0.5107712802321481
BYK2560,0.19102917075820275
HCV6851,0.37216718149126804
MCN6330,0.03466470288072907
QHX3606,0.42513085239373377
LIG7352,0.3969720380702878
OCB7121,0.009801323647934785
RND2956,0.1938398899599689
VJM9312,0.32721781223585406
CNI4759,0.7197298329507257
XGX8361,0.5124377311507782
RSN8872,0.4076256265516138
WUJ9752,0.39962764136330176
ECJ7109,0.05987224116749456
VKN0521,0.13563692617919443
FMF2687,0.6609799805102817
QRN3278,0.3496972322996397
OIK7662,0.6903981189009407
WFS5713,0.31384563147373035
RKK1023,0.29231528936754203
JAC6138,0.5220536773810545
YLK5805,0.11769253596708416
CJI4621,0.5537462333597832
QAD4256,0.9077322199376878
FMS5517,0.21557329970123976
QEI8904,0.19282425216830354
FKQ4280,0.4923519483269357
DNM6555,0.20566622053854564
FXD2467,0.2242390380901678
MAA1936,0.18177502307504328
LCQ0642,0.11781944197184929
IYR9562,0.17391179568278556
ARI3219,0.061776434816465636
YQX8862,0.4940801555305308
QNC6999,0.28089140357782977
FLM8038,0.22718547811711282
EOW9067,0.6891973537458697
DIY7061,0.6553584652746947
CMJ9389,0.18864865718587603
FKB4069,0.0062203835375824156
CGT6928,0.5421104735587859
TLQ3658,0.42233160416401566
MHQ0302,0.149497337558707
AFK3676,0.21028422877218156
QRB7722,0.6561325795552101
SJC0158,0.25858710795636897
RCH3812,0.5509756557777806
GEN6842,0.1876693665988891
FNE4328,0.16191508367075427
WXG9684,0.4966340844056272
FCV8286,0.6721379482776714
RVQ0084,0.060442492603883555
PGF1168,0.5260026208529218
FTZ5809,0.2666207823933777
ZTK7324,0.23140255082343833
XRZ6099,0.5946067021854334
IPD6107,0.26495219534841397
PQY5066,0.26955010296785226
PRU0629,0.8266330849095996
AYP8708,0.6674992526409116
OBQ4700,0.05252169037309892
UJR8468,0.0672998443983411
PXT5309,0.2598931245385172
POT6788,0.6591917959350251
JVW1000,0.660487436469332
NSK0652,0.625601647757699
ICA3637,0.1256127259663389
DCP1085,0.11093548989891648
DCZ6187,0.13446552084164023
DFZ5791,0.11796386596022085
DUI8399,0.0663570423116252
TGF8462,0.3240183360375467
STK2892,0.011489101140920879
KGC2143,0.35385713115730366
MRJ5417,0.7842038370625538
KNE4875,0.15640450262619995
WWU8717,0.2561794115021373
XBA1009,0.106431132167635
URC7565,0.37389519335232124
FGH8879,0.24640427140437338
TDY8258,0.28073023496700783
XYG9380,0.10402006707614693
VXC2814,0.4463089829489488
LIX0857,0.17972329152417338
WIV1316,0.32533643962024605
WJB0796,0.2969797243638726
WDF6414,0.15671820730697306
RMW4668,0.5751868026850596
FUU6581,0.19034913636509704
XMJ4060,0.5489310175032256
SOY6474,0.3713931695343019
ZRZ7446,0.7527105430839061
WUN0078,0.06902438751902004
ZQD0286,0.2688789039211828
PUK7832,0.4400069530608446
CBW5745,0.7733618865408796
CZN9299,0.08335718821314962
WRT2255,0.6955299944151115
UQF2952,0.408353081241161
RVM1295,0.2886072679664264
PRO7906,0.044765163720257455
QCH0078,0.5417479337148621
XYW3022,0.17412550094586648
UDJ1243,0.4821494519991397
LSM4498,0.3847005829374417
PHI3536,0.7750665974276147
MPU6302,0.12336933355467908
LYN7774,0.028092282029083017
QUS1468,0.7615993388077494
OTC5448,0.3517870067743146
XKE5180,0.27188931827603224
URN0347,0.06613405589358104
FZE4687,0.13775358249493871
BVQ7673,0.4632663169091995
EZM9452,0.040678719854386494
GPS3302,0.1503122284364525
GUN5844,0.0536535143189536
AYN8791,0.16355243660845234
LGX8830,0.309858178987878
PIY9509,0.3378927994180395
RUW9586,0.7588237338197156
LQL5669,0.42771268364205545
PLO8760,0.2520131108581465
BGZ2838,0.2092248460435474
WHS1751,0.9030028091967007
LDC1774,0.927732263596251
AXJ6702,0.39248342076146336
HCL1779,0.44925490406165014
EFH2183,0.09106545578234662
XOA3736,0.34218204157102056
UGK6327,0.38412603429791775
ESV8661,0.6400094413338868
MZE3278,0.3716057917783502
CTL6582,0.35081522568056356
BZD1651,0.3298824574146382
SOM1304,0.02068349490480763
GTQ0095,0.5338712254831154
YYP6016,0.3778474160832367
ZLW8020,0.22105561469090404
LGF0331,0.5648092653548336
WRY2911,0.46653465336961003
INE9421,0.016299869561815578
ZYZ8989,0.8306819621171698
TBI2765,0.3669069302519478
ITS7667,0.1501363671649095
ICK6739,0.2745478346409268
BXK4237,0.40261950202576846
VNI7499,0.06241187071982529
GCU1033,0.46760276824558733
HUG5452,0.8385800757679701
VWA6897,0.639413690831602
FVT7281,0.21463328768580106
LMY8193,0.4442975840302946
NRR7838,0.4187769447861
JXS1528,0.17923830873390795
GTJ5916,0.23465459971911407
ZVO6581,0.17481345520264424
CRM6164,0.5688404194150454
TFC8917,0.06432100670925797
LTP2350,0.0532975759840554
CCJ8697,0.26205223789807536
VUR3194,0.053425132513879627
MEG1780,0.5735812782722475
ZAA9723,0.2987766255286626
RPX4079,0.04000561513593371
SOM0507,0.10891266655770396
LCS1549,0.21295122749369647
CCV0759,0.2986299826081486
QAN7266,0.3260549461520904
PNL4797,0.1950065253733506
RJQ1884,0.045576580784333375
DQZ4278,0.22762009307931333
WFG7626,0.41414940726302873
POT0131,0.45713129818276566
JMS5345,0.28234205406013124
RGD9707,0.1729921281967714
TGT3516,0.35315087981960513
CBI0263,0.14893099246824548
FTN7519,0.2618716595327061
TWG7257,0.23143115172148565
LCN4343,0.4319725281709125
ZVL6847,0.49203919206763147
CZO8241,0.19702471283599043
CDO0664,0.21123023544001046
IEI2406,0.057980476362963135
JTE2790,0.038335403953549486
PLX0698,0.6453142458163424
GQF0238,0.16341236835130368
DWC7982,0.09039913980118196
FTO3822,0.008924423876392428
WEG6221,0.08625402561324909
AZG2944,0.6657236987185163
XMV0741,0.06267197470771763
UGH1295,0.3113949011090252
HQR9335,0.14500768732508384
NKQ9327,0.8098018514991447
XTY9372,0.3843304547785898
EYB1405,0.39759819604550906
AGO5581,0.2318416590571918
QCB4606,0.48252257375697044
XPY7960,0.5697199975655107
SEC6669,0.14327943324477085
QLW6555,0.4056393800052648
XLG1609,0.3282151970550456
HPI2607,0.54744826891764
EVB4443,0.7961460698266626
ODN7655,0.635596689400657
RPG2644,0.466076095644957
OYL2687,0.19603002206051937
GTM6270,0.5368784987591455
BHF6755,0.15407289094693125
GJK9666,0.46787979227647286
CYF6186,0.04136908857128966
FAX1132,0.23783063168875332
OND2893,0.721743399536346
MWW1847,0.06434461872652188
EDM4225,0.17681382424518244
PHR9695,0.8265105945496851
AEH6740,0.1881344766621326
ZMQ3615,0.5116175791663691
GOT7201,0.41308269650926327
ZLQ5494,0.532497581484815
KHZ2516,0.2134795644043787
BVJ4973,0.3059749485324905
CWX4561,0.8194662508628087
GJI2743,0.5500944834831933
OMG2647,0.29936701361487245
FUR1115,0.108967809871092
FCZ9083,0.46749672052231517
UFL4356,0.2113235088466451
ZBS4925,0.20807903761294347
HPB5006,0.0030552795306098453
RSG0748,0.4278715336151299
CBF6533,0.05068660127657283
EKV4020,0.3539624069843691
EWQ4926,0.005792376876659389
MSK3451,0.518395333351567
YQE8855,0.09333911842900455
OXR3527,0.5993789016927107
DOZ1481,0.484724170470855
OXP9987,0.15472775801628394
ANN7983,0.21756053636834846
HLD8743,0.26689327862189094
VTK6628,0.5561804041719652
SRO9037,0.29716323719472815
UBQ9686,0.6053940512581241
MVG6267,0.3323485216707985
EMO1696,0.5473304699627842
TGD1798,0.0640450115738504
FHK2988,0.252678922788773
XNR9052,0.687420747627728
AXR4132,0.16881523129214793
WGH6565,0.2847333791088697
FML6794,0.034114828763567556
DVJ9838,0.7027338457072034
DIC6615,0.22054298362557376
RBU0373,0.8293845993893552
LVE5589,0.5069104445419872
ILK9645,0.10546653406563977
QNO7435,0.8496998977965519
LPL3544,0.03020443171999981
DZS1655,0.31994334380634964
BMZ5036,0.01894917080822222
ENQ2648,0.012664915560067958
QHS5121,0.0317236234039039
JRU0425,0.024483834167036016
AJC1854,0.581868818966653
BCI8265,0.15518094063078447
LAP7008,0.11721639110240416
PRQ8360,0.5031677264716212
WRO2076,0.4383665904608432
NBP8599,0.4844045038964056
HXZ6061,0.549183704816327
RQB8738,0.5665048921163952
WQX3133,0.44196105061352975
OFG6256,0.3345628005211091
CDG2022,0.5191157401064375
TFP6421,0.391112912766552
OWX9646,0.20206776876416085
LTT8237,0.5002508111736708
BOF3129,0.2628946685620611
VOW9109,0.11993936402382746
CWN0691,0.5914173616764471
HYS1355,0.06910255824807501
NZJ3062,0.8100843129889294
LRT8091,0.17046539174260125
QSG6295,0.6335667128711217
RWL6854,0.09458362311339441
MNM3630,0.4981257594037619
YUI6791,0.15069447285088655
FJX0190,0.17718846114187195
QQF5096,0.41386364697678235
AJS6206,0.5364882682605564
STF2875,0.6024704668676621
OUS3364,0.1018230489896154
GUC8571,0.09479465439150765
FXH1573,0.3802567066736057
CTI4900,0.17889364885840467
BAF9737,0.6570628702529748
XPJ2696,0.30067428409074415
HXT1930,0.24809599804790572
WMQ8645,0.6289039701371323
XZF3932,0.37013539514961674
EHC2456,0.502505629915073
WLR3209,0.15215241022603243
TMW3776,0.11183075297944609
BYI9884,0.1743766950037097
TVL4976,0.21344882838503568
JMS3751,0.5190915922826368
EHD8569,0.3312395643052913
UXK4747,0.5507039275906789
KWC7487,0.09995685543147519
LME1343,0.04432743867356812
SJS5024,0.5288570440685539
EBP0107,0.447884927037908
MXW7089,0.31008276059729134
XLW7075,0.32722644182468524
VLE0044,0.054437835124383036
MVW2125,0.4698474120787859
ROL3261,0.6371952895824647
NEF0732,0.39339391464843604
TNH4937,0.18014660072366692
NHD9630,0.2142447287010112
VBV1330,0.06092753944342779
NGK5798,0.12028765176703285
TIB3609,0.5226047152431086
CQX9257,0.6043056615337249
JJB2918,0.38766255709939684
QGE0385,0.016502990481226634
XPH3100,0.031715608050736095
MXQ1607,0.04416467069219038
WQB9441,0.3111306776726222
IFX4669,0.31582250907097703
LTE9151,0.17628706895541807
QXD6741,0.11378051858261506
BTJ7572,0.056181805736284826
ILG3077,0.639332065914254
IQM1201,0.23791881451028754
BLE7111,0.21847299872266815
KAW7370,0.1799424459725944
OAI3127,0.21246355127417116
IOJ5332,0.10448677410732325
ZSF3534,0.03509895068477175
RQU4937,0.4168032712398003
MPZ5602,0.07509549844794884
ZOD9642,0.7089988341388215
TEO8067,0.3507846993164971
TKM5696,0.2305915984474972
AOD2802,0.27301518474675524
HUK7613,0.17328332796622456
JGD9511,0.09029380166485904
AYZ8798,0.3932232905702112
ZDM3945,0.18525025800621803
LTH5029,0.3906322195549058
MXT2148,0.6071137996343997
GVM6956,0.24584369708921364
WDW2862,0.07966907973735517
QJQ9522,0.1774250137540314
FRU3187,0.44089971493383834
DPK0141,0.3417006787199432
LTR5585,0.29007334482086583
XJF5775,0.19174900263234634
TOQ6204,0.6173264295827312
QXS0144,0.4394020503699288
TBX5804,0.028131642168111218
PMY9951,0.10967159720032803
EIV4595,0.08783010363263914
YUU6633,0.1239381802729289
UGJ3843,0.35766152869827006
UWK0037,0.6921637691776873
VNK7348,0.10266445346583083
CPA3848,0.8958877988510828
KPD9994,0.6094841515951533
KCJ9439,0.041413446111700086
PEW6534,0.3876570253167978
RSC8075,0.3406954919197071
YCJ9085,0.06273936748492578
PRL0472,0.32420403769857287
FWK6361,0.3158570088693777
YLG8442,0.04834869185651289
GEH5854,0.10544410751422753
SAL7389,0.06063878926518292
YMS7341,0.1132445785455075
IKD2768,0.2706136492369802
TJF3331,0.25144133725754275
KWE2891,0.2846656760596278
ZKN1526,0.7677004189753877
FYN0193,0.19774346920515498
LDW7977,0.4796120306024602
UHQ3906,0.2339405196359604
AZQ5561,0.13807141241082094
PJH4687,0.341752755795694
XKX6806,0.5314676050406372
HAM9575,0.08065251441815399
NAT7573,0.09206648718812378
EYL8899,0.0669589332115288
GTH7212,0.15588249477911204
QID8015,0.07564786246058973
RNN0054,0.26907029868077037
CSG0726,0.7926662618548727
ATT3526,0.2547704693495539
EFF5669,0.3100931063654366
YZY4981,0.8860583514626957
NKD2183,0.14218434420502246
ZRM7482,0.172084766675682
SJK5331,0.5364486086344153
GUB3614,0.7179274767546514
NTC7862,0.878695656024165
ICO2684,0.01980890689705659
MVW8128,0.02039925413663215
BDS8123,0.20016929375731204
YVT3141,0.14169078737660698
RGI2704,0.503876493237903
HTP8585,0.539281341953948
HZU3585,0.2581695841094139
XSF9432,0.468732908964859
NGC0638,0.7273178861448003
DZE7578,0.23612265852431055
YDC3343,0.6981638788066703
FDG5520,0.34738776734188564
VEP9395,0.3859703984074226
GGK4791,0.1547663886605532
WZS8541,0.20063037516471463
QHX3936,0.5161041068159993
QDG4818,0.26049697338757544
ZUQ7887,0.3241457368361633
AGY1309,0.40169200249068293
UVW4100,0.17653220416513285
BWN9219,0.4988241281443897
FHL4572,0.46336780989116594
HWT7241,0.22074767071897886
UOV5896,0.11480283899545256
RMW6133,0.0982158839634102
QXR6850,0.02592019808630752
YFQ4304,0.0329501610373045
BYG6143,0.1950482609235751
UCW0671,0.3720053654135265
QDL1220,0.15433124304016113
RPC9516,0.2848742008358157
LIX2357,0.5038363106212276
ARW4463,0.7114102662635201
NER5135,0.1066488018126036
TIT4262,0.22208896460071298
KOP8740,0.10703796164038223
ENR5341,0.4321650933277089
SVI1672,0.10817049827785963
NJA0713,0.13606451986136991
CZY8688,0.10977993190118204
FMS2015,0.11165386856560626
QHK0296,0.09947091528356816
TIB0285,0.09658338201048834
KWF8147,0.21181919384664316
MKT7416,0.41672088962564136
BAS7787,0.8240519854010316
WBA8393,0.20669367916198653
BPN3486,0.37075911907055537
HMG0854,0.7879542477334581
BZA4231,0.4670398599708972
OPQ4102,0.4430852868517927
LUR4054,0.07651483323680928
UKX7997,0.08387306177984347
BAT8245,0.45004009830183617
GUE9488,0.5982420768614786
DNG9558,0.8202109180326969
NEP1395,0.04732231436558201
YFU0433,0.3648913098630093
OWG0002,0.09344380583525631
XYQ1238,0.11389523365007322
MTZ3600,0.32902098155850035
LUB2819,0.40596615063942154
XYG6240,0.793051970732557
BYU2818,0.017771825164768072
YNE0190,0.3879943559827593
XPB8615,0.545040935632468
ANV7632,0.312878279745071
UBK9497,0.14791327291949932
QRB7048,0.3410409262097977
SUJ0543,0.778469369020307
OUY4612,0.6349783995175643
CEY1822,0.0495509523712051
BAU8123,0.11628815145284409
IJY1244,0.29167110924935136
JAL3784,0.3566205192479634
NMJ4281,0.34945821141159583
MEE9328,0.3380078786477057
WJK2404,0.25865029922450067
AKW2898,0.3251613255542298
RDN5018,0.1231636063137877
YDN6409,0.693034994730706
HYA0471,0.4421269811213416
KAZ7187,0.016239861663109083
TYM3126,0.2643191333992109
KOA5634,0.17827830057234637
EMR5325,0.561055107362014
PFV6163,0.3547898081579521
UNY3920,0.1609105248445859
KUT6020,0.07836928264327521
LJG4273,0.461446281509877
SDC1469,0.07243867718746252
CMU0635,0.3419050484052001
OSN6352,0.11863481048707358
TME9410,0.7375233923352591
WDI8148,0.0499195129608371
PPQ8383,0.14015176478168287
HXN4016,0.6928031007615929
EPG2440,0.3902220104613213
DFC0443,0.3613701162204938
NQL4457,0.5307590190660941
