ID,Target
DFO6773,0.4487697585536728
ACG1537,0.603349933321654
DQL8503,0.5443880397905264
SIM5667,0.31584878019016577
CGP5642,0.17004786001972413
RPR2789,0.21373606140635815
HGL6434,0.34488818217174155
PUI8765,0.5329349359572003
RQE9284,0.5442699127192359
IBC5636,0.6311291287058152
ROD6708,0.6715991530256011
PVG1848,0.45126420744997237
THG3807,0.3602310520706161
VAU3040,0.6624950209168277
DWL2697,0.32222482383529244
ZAN7304,0.7277749686711158
TVE9995,0.2225107435904699
PCF6080,0.5932028906031658
UPT5060,0.49298265004767394
HKP8843,0.5475989283170334
QJU1928,0.3280045165342739
ZON6991,0.39106269252524395
RAE1398,0.3193446874729561
SWH4514,0.47322117018565574
IIG1667,0.4540446481079535
VMS8326,0.44034179807054874
GRQ7156,0.4551995006178875
CAE5003,0.4849123235208194
FRS9838,0.30037642730150593
DFN4452,0.7490286716239362
GZO1321,0.13596807183474036
RGA5708,0.6045709410945928
ZJV4081,0.49988892853342903
WXI1643,0.31336585634589176
SBD7132,0.40323953497760245
HZL3502,0.7435466242637851
WKR0537,0.26120255977559403
XLB2397,0.2586509604496123
ACA6327,0.4549915738647078
IOC0400,0.5615211830775089
UCF3461,0.21695441900085224
EAH5172,0.556915149369829
ZMH9077,0.7161926997126482
ETP6377,0.5222529144296817
BRN1398,0.6298122207002588
PFW7493,0.6212769547140602
DTB4517,0.8233055994257692
ILK1949,0.4426325181785658
PBE7941,0.5251657103433958
HJR0365,0.6858038391477916
ZMC9606,0.7655537277802076
FLT3646,0.4325185780620015
PYI1436,0.5339263325670328
MJQ4939,0.3565921062184772
TSY2603,0.8177415734204194
YDG0242,0.7820840741665857
SIZ1523,0.4783175732597897
HSD3272,0.5469026468269593
QGG9170,0.3737679508726597
KUP3285,0.24513852499369024
SRM1677,0.5859809826823951
WUA7908,0.4247634382806948
SID8395,0.18707538299542398
VOK2057,0.6984290110614537
XZK8217,0.6159201019526613
NNT9148,0.30933967314233596
TMJ9163,0.48560350589307716
CNL5625,0.2899351131557567
LDU1725,0.35499346633022394
MCZ6471,0.4756717037752585
CLT8952,0.4852614966400287
ELK6989,0.6553583605529151
BBW4784,0.21133274144727263
QAY3817,0.7590513726644488
AYC4715,0.4124484457852996
BEM7158,0.7537245379133766
BWZ1441,0.43867126839060405
UBF2009,0.39437521359570243
LRC6071,0.7459940849690422
ODN6164,0.699309506455245
AMQ8363,0.748511203926053
XZQ0660,0.5302590793437821
BZN0084,0.534627100324725
PMP2691,0.3849992196687653
ETA5284,0.6344477587079982
OJY4163,0.5009095120867364
IFE1361,0.5870681630512359
GIZ8603,0.6957147766661805
OZI7954,0.3708062752074744
XLJ9298,0.5384678193087082
EPS9448,0.6865165666184461
DKV5123,0.5126373760709018
JMM7357,0.1684824031044825
BSP2705,0.6791276866571252
NNH3400,0.38908082178098463
WYY4670,0.43264816484300894
PNS7835,0.39027889864134496
ZJU6296,0.26453648774759486
FBV1095,0.6457514026237919
AQY6650,0.5401598837774129
WWO8325,0.3330554515310814
UAR0401,0.3078954941216439
FFJ6554,0.2467424853548177
HQA2546,0.5663400737803913
TIO2245,0.5221329514566471
UYC8813,0.37245055294519686
TFZ3535,0.7124012614550157
WET5158,0.3830445952333403
TYB4328,0.5967203346990572
DJW5769,0.5647629371532624
TFJ7526,0.6590208258260947
IME8210,0.5577369819403615
XAC2820,0.2901975594297474
BCN1457,0.3769305410513667
ZXL1102,0.806632706732286
NNR7100,0.47495033080990057
LZL5785,0.648021291411608
HOJ4432,0.38685099475590523
QCK4637,0.34424456374912493
ZVA9791,0.44725694595648235
QRJ4411,0.546597949908007
UCZ8863,0.4527017146372269
MKX7122,0.3262119549417199
GXA8899,0.5340649420511084
EAX7700,0.25890052143099784
QOH3789,0.6405713299100595
NGC4355,0.462630448249602
VJQ4277,0.3326823717171271
QZM9978,0.3089257212698854
TAQ3968,0.4792215912977996
XBQ7957,0.6611211084713524
GUP9966,0.7135670707984891
IZD6170,0.13000038502900177
TME9261,0.25680288090678755
DJO2039,0.4126849291383036
RSA0679,0.3149087445081102
SBW0791,0.8419455449231743
QSV7106,0.47323911131420937
JMP1245,0.5751793451301511
GUD9321,0.5386957962111024
LXM2954,0.6253287330309618
LGI4642,0.5842242592038901
BQS7913,0.43511892550534476
XJS3739,0.6292765027974674
BUF1276,0.5226499713216904
JTC1315,0.31115864213541333
WCG0333,0.19537518151526498
AKV2947,0.22165022620653727
BTW7748,0.48413801231180564
OGY1474,0.4117080477434117
SSC6417,0.09866015148490392
RIO4406,0.6441141975247969
RWS6732,0.38529075602063895
PAY3626,0.37497672572267715
IWQ0772,0.433447001957646
CQC7476,0.38434833424226755
FRA2470,0.41241681501242733
LBI8368,0.3580192446304615
VBO9478,0.41596134927541434
XRQ6385,0.35343393972876685
ILW4257,0.28080625577018686
GDS1490,0.428717544247424
PXX0426,0.6507416641736529
XJM2247,0.21930764554514356
DOL0347,0.6310412764152499
WFV1019,0.25564897844739765
UVT5968,0.28174078573569716
BLH0526,0.4275503151751852
JTN3703,0.7787715184280127
BCU6206,0.7650248512963476
UTW6518,0.456349278602751
AQN4052,0.1736556194079371
TMU2581,0.33339197448107555
EDJ3712,0.5265974498807959
VTR3659,0.5749265667854677
FDI2651,0.2583308096768589
OHH3383,0.5230167989092555
XVH7995,0.314809683408256
IVY6009,0.5272559260550628
YDN1128,0.20023420053143262
NEF1312,0.5874299528986437
QEA4547,0.4698433810626211
YKQ7318,0.6079378056616569
ZKQ2426,0.6588216839813805
YJQ6360,0.475563025316891
YDZ5100,0.27914603832257523
LTT2841,0.5996806994705791
TWU6658,0.19108317012947945
LCW9731,0.32789020616429304
MKT5578,0.364020079258663
DVK9351,0.4973232300699185
ZMP8248,0.24004754584960689
KYY7821,0.2287471932540529
AVJ8974,0.5378257861798941
DOK9100,0.2855565977055617
ECD7626,0.43886636120684364
YNF2554,0.4021754134882313
CTU6321,0.7452390908785336
GMF7103,0.31624957628986844
BRF3061,0.3131292105890772
RJB8313,0.7308789443240766
KMC2649,0.3720077837679839
AAL3606,0.6479584251895496
KIF3467,0.6013106403191119
YBI5203,0.5488814341460895
WLI2207,0.4946363219518473
NXE2716,0.15559197828957824
QDS5954,0.32927623873848666
EKN9573,0.3863964159995274
FNC0226,0.4417277847485513
SJU0287,0.4142181711193968
EFB6786,0.7080541857260466
UVC2479,0.26553524830822933
GST7887,0.2525317198104407
IOM4923,0.23722996361999385
SZO9257,0.5069769279915969
FSX6639,0.33896193607471664
EIH7872,0.5719745681053805
DYV7545,0.4405486827427641
SQW3453,0.45150777119660807
ELA4440,0.46913193130462394
VOX5185,0.4520716660496695
ZKK2844,0.4704402563790229
OOC9500,0.506269576497129
HIG7345,0.5888477548333734
UVQ0146,0.4233365946502666
PSS9989,0.41815481999414317
VQN9394,0.7177535761094652
UGY8965,0.647602834177561
VDG8451,0.6627999702270101
OLT9843,0.6015582997387043
LOG2264,0.35005347427836364
YFS9689,0.707144995305502
GBE3000,0.39646438018694424
CBK7888,0.33524086034891326
MSJ3134,0.3557593515031907
MJH6242,0.30426769161136336
YZU8809,0.727479187838543
CWG0188,0.7128837598488363
SYG1986,0.7087741314086133
NBC1180,0.35861552904049554
SLW9447,0.4676171331951398
WYY2045,0.60435033319398
MFT2817,0.37251613081213863
ZGJ2969,0.7772707435283928
CUA0202,0.3595737248142178
GGT6416,0.62343019617926
LZU5185,0.5145635762680605
XNX2676,0.41468346202011264
CFI1200,0.7545356103299735
PAP1874,0.34916902266079664
UPZ5905,0.5445229387191177
DQX4472,0.7789267623152077
BZS9230,0.21263353656138778
KQE7116,0.43699029763520997
VBA8686,0.7887140798762129
PKJ0136,0.4424454956043928
TDE1710,0.2344523198167943
UDL9511,0.4949156800469472
OJA7544,0.615304356057949
WID8415,0.683621494477428
IXL1208,0.5675986072717752
UWT3931,0.6556792810598375
QGG5977,0.2308452147435675
ANA7964,0.49093864515551516
HEF4116,0.7018650334785308
JXQ5032,0.29331298873338435
XRU6956,0.6051198487384555
SME8030,0.42813739035731907
IRZ5669,0.7008357209548971
FFX2740,0.6071098161017631
JXE7156,0.3575471262525374
EOJ6968,0.43853340766775023
UKH4457,0.3217886339767647
QSD0662,0.4608916231069127
CDH8767,0.42782943738181856
NCZ1766,0.5278216637061145
CBE7721,0.6036909194749419
JAF1807,0.691604630947828
VZE9639,0.26635822286836147
QVH2896,0.3513518193090453
SUF9796,0.37695125891533404
KQD2227,0.3286081458189538
OXN3636,0.4123188410811695
EKX7884,0.45758382480070336
UBB3172,0.3288121052135542
AWZ8951,0.27836455596850895
COQ6853,0.5022871087762165
LHK8813,0.49624866018420327
MMJ3810,0.5404517488696505
DQZ9725,0.20366407767575784
CVH0937,0.4638869352902903
MMZ6751,0.5689829568879745
PVN8363,0.3081548151012856
XWI0820,0.7350356697631572
FSR2001,0.7615980303127261
JYN3021,0.5019940906791828
KPY1302,0.601256580825309
IDR0248,0.6498777334710734
LHN8416,0.43603775447276066
XRI5806,0.6951297254759792
TAE6093,0.4911239713351601
BUU8360,0.8444568949627804
FJP4956,0.6098495914739729
VIG6768,0.6293881346180384
WYD1366,0.5446086796248042
EHS7518,0.5594869310619741
QJA1196,0.5249634886803768
WCP9282,0.7282586794257241
ELK3640,0.6676554515739973
IRY8613,0.7734002431665848
IGR0423,0.39135777924133885
YAH1716,0.5701278070957371
OBG5674,0.1784389454757865
OQQ8607,0.4530396477462867
LXD9398,0.3583357900332963
NGV1153,0.5255359336001689
IRE9130,0.2415906552945246
IWL0174,0.3820590160076477
NCY2045,0.23313335518763628
XFE8683,0.35172791054105274
FPB0008,0.53565892651935
VIP0940,0.49563010161890336
JQR1894,0.7063167913696123
ROX1611,0.17952558002838126
ALM5771,0.22615764840504848
LEY6688,0.13067646477425612
VGG4396,0.3342908174686976
RHU7416,0.47005264065322483
MWJ5507,0.7438006780933775
ULY9181,0.5401894810852486
IMG2600,0.6149384146687736
OUP9451,0.5695516924536901
MIR9240,0.5901004861400029
ZRL9800,0.7775652766401651
NWC1345,0.19948298698470293
VNH1391,0.3890180696663102
JXW4828,0.44437871140934343
VBZ7199,0.4037504903440292
WLF0421,0.36337695470023135
UKR0792,0.7369066485115879
QJF9545,0.2909593016931399
LEO5692,0.4794226220338363
DJG6508,0.7159598927827686
AOE3363,0.41850852187489695
OSU3876,0.4875309700730074
WMS2804,0.3419853122876468
KRN6708,0.5735785190537837
IFE5408,0.20956855670215793
ASP4223,0.5030942333353661
ACI7391,0.4141725242575864
DDA0281,0.30346864326801554
LIH6429,0.13714433356024697
HWP8777,0.7286192897733507
LFJ4299,0.3411941219306837
AIY6599,0.4943984144028833
QRB3811,0.5299559756680005
FUE9670,0.5724468134707602
JBM8920,0.4052204169167898
MYX0246,0.5088085491373542
CTC5913,0.7883879526124723
RZN3717,0.3680465716694866
NXF0575,0.5577776065842238
QJQ5816,0.20124909024483506
SMN2492,0.5011446938975754
YNS1825,0.14610075593128227
GDM4311,0.3327322146711703
MPQ9948,0.466117005612198
BSI2741,0.4550532536742932
MHT9814,0.39602200578802815
KQW4336,0.701422156924521
SGK9596,0.5343464116973472
WYI2584,0.2616980229219117
JPM3125,0.1764054849550225
TWO6625,0.6111029029508067
ZYR9195,0.28739829397881267
UBX3089,0.3231333556695007
HIY3832,0.20844552064511326
RSQ2014,0.538806030418263
HBN5862,0.3064665131757945
PWI1151,0.5591191020683441
VHV9062,0.3664328074898135
TNG6275,0.6311494811576543
ZGT7648,0.8453729672551625
BTJ5094,0.7328013195752847
OWQ1317,0.6914746067310998
FZJ8283,0.7078301562414485
AAU0759,0.6725025391285375
NXH5986,0.6967672363068582
UAC7517,0.6755955723374681
HQD4364,0.6471670484760313
SRF2584,0.4157748801727622
YYA8087,0.44336963678508334
NBA4065,0.3045512936734457
NZT0627,0.13109940478901488
OEB8359,0.31078574802195497
YPR6624,0.44595191430938885
KCH5008,0.4360928132942163
STC3523,0.6526131660576762
MGY3123,0.5691739898085969
LRY1938,0.5233845875993434
SVA7219,0.14350084791993284
DNC9467,0.6806331906982734
LRC2676,0.46672213380136557
APM1038,0.5568337964406924
YJZ9859,0.438176647361104
VYX7142,0.5202775740579011
MFK2019,0.3327379031273572
FPE6810,0.5412174263100542
XBT9674,0.45627360152401425
ZPG6061,0.46323370124267127
FCG9088,0.4416725177287914
URC2367,0.18106008695198322
EHT5699,0.5041761968839507
XAJ0279,0.5231955928439369
ORX2274,0.7053922600584652
HJO8517,0.5163155552001227
MIU6675,0.5400713048215606
GWB1362,0.6484076198822726
GJB8260,0.34832901943984196
UWX1200,0.6698798396408394
JXP2884,0.279887488025992
PNU7995,0.2979641149120135
ICK8620,0.741163649436817
YVG7100,0.39607465106582807
ZQA6204,0.5898657732104022
PNP3590,0.43143051955479145
CTN4936,0.7460361967006144
AFE9344,0.38989248452946723
HJG7797,0.38915970089508006
IMN9206,0.5799377029268037
JAD4840,0.593397960210002
KKE4285,0.4851671016385626
HDB0095,0.6791229381992251
RCS8492,0.3953597329618754
GNF9509,0.3970191736204008
AAL3161,0.401901151711193
TGQ7962,0.531313330197663
CFF9202,0.3109134872968746
CMF9347,0.6888367527818726
CIB2416,0.4038321137892611
CBK7203,0.5373931026345046
MRF2491,0.3754150364214628
JMG7680,0.3663239937135273
RTC6762,0.6820058038918524
ZVD2009,0.6740687356573074
WFP9497,0.5806934578698959
PEX7134,0.31868606818956585
FHA1852,0.5373696487983433
UAO4501,0.3305025071393339
IQJ8723,0.546394460276599
BQL5404,0.4738790376413286
KLN7250,0.28263556128416306
BNW3280,0.6883502397403385
AAN8609,0.38007874566336375
MEL1982,0.45306241195427494
QVT9418,0.5409460313116102
FNV8858,0.48465935950682076
KIO8299,0.24759624608513514
RSJ4654,0.14848319277683072
BCH3690,0.5462316049185207
SYC9531,0.4380210076989911
KIL6229,0.4842729236893204
NBO4677,0.33816902742592153
EKA8324,0.6555748711466686
ZSQ6837,0.5545601212916784
WXK5001,0.4009546995729949
RUC4832,0.40902222009377687
KJK0672,0.45702532834752474
IQM0593,0.29333263871074483
LPK7313,0.7867692735351838
ZTQ2325,0.36649279390939493
GDC5285,0.6833155452856674
QUR5370,0.2673056435700753
SHR0678,0.5611774612345379
YES8392,0.6791245886232227
TOB4763,0.43513431262925484
YOU7542,0.3484470189880109
GSH8987,0.7632926880521538
WWZ2281,0.609552094089869
ALA9742,0.6391538115180044
GCN5077,0.4638022498847991
ROO7648,0.3635196482478243
NVR0886,0.4518208947281265
RJF5346,0.49854453762755274
XLF9962,0.43426829970734665
ZGA9831,0.38199058711098416
WOC8918,0.7237858439207512
AHI6284,0.3037266777657897
NIU4213,0.7148759793681043
SQK5201,0.4622352707545719
AJO3590,0.37620771314125034
WZV6293,0.49383508015197136
NWA5890,0.39881126039747555
WVE5452,0.4955830245049305
YGS6044,0.49676743425801334
SUY4237,0.31983925058654633
PWC4767,0.4851616338995164
BPZ0803,0.2972335526051221
KJX2470,0.5224660095942748
KIE5395,0.6644140165934411
SLX0697,0.16491475516714546
UUK9663,0.3701743026470833
IUG5399,0.27990990741487976
ORV6100,0.41575542436384033
OFT6653,0.6229001078316525
XQY9087,0.1561553366407135
KTO5138,0.5493021891579023
JXM1524,0.40988748834919203
PWB2146,0.7689203979299444
FVU2525,0.3004571151625871
LYD1152,0.5714422232074817
QTA7916,0.6306952512576507
OIR6331,0.613421664024235
EYU4023,0.517816176633321
QPP4425,0.6109027207835869
EBZ2462,0.7468938858600793
PEC0913,0.39820928576051995
RZW4685,0.2983682444363741
ARL1855,0.33985144212445084
GNM5799,0.332065372374078
UWZ6120,0.7485844304556522
HHH9210,0.3227847535758422
AVB0694,0.2531095407086365
TMT4597,0.3853644787337085
UBS1325,0.29654779731067454
AGL0230,0.44181067847811295
RAY1338,0.7205730883052505
UBO3797,0.2791646537131429
CQF7521,0.3021089161576283
KDP1198,0.49703438301194214
INL0868,0.5362840979062389
GTK3189,0.3483242090269116
WTM4005,0.7682072223258959
FIP8993,0.7461619696396324
FCZ9834,0.4386153023421199
RML3792,0.526836815949589
PMZ1560,0.5239463957739885
EGE4577,0.25363294950441256
AGD9018,0.2625657252426174
DAK7002,0.7524695969126293
RYM2412,0.5379526328639611
GQK3574,0.38835917719538865
KDJ3912,0.44355465839275304
LWS1614,0.24051967044952965
CWL5798,0.5599032070580077
GOY7408,0.49253587973826396
MDY5140,0.4895062780044725
HHY3374,0.668878880529937
BUJ9611,0.6642855635502406
QIF4923,0.7166424516418352
PAT5605,0.3024015335726961
ZVB1813,0.603883027494849
SXC2843,0.5644595875075519
HBA6381,0.30843759018752626
RII5546,0.22108100282261242
HXS4855,0.49144627116362705
XBZ6752,0.31433411921787663
LWF5773,0.6527732372706376
DUQ8476,0.34859216299249696
SEU1555,0.5661542119953785
RNP9751,0.4705608228029774
WIQ8770,0.4948704642380872
JSG5695,0.3264096316479415
FKO1241,0.35727014375252725
PCC3793,0.48855401048903946
CWD4541,0.2760922656503018
ROG9695,0.7239197682052458
MVR4037,0.6782553630270076
FMM6372,0.4807524794095058
BGB3523,0.8277841612312418
TTF6509,0.39681345516395666
ALW9297,0.44402162905909903
ZOS7568,0.7883422604910507
ABH8279,0.365857520983353
UEK6628,0.33866181776111914
HNC0717,0.3371841741201095
JGT4554,0.5070636110947598
IJS7638,0.5315972639387894
ZZN6544,0.6385455242257696
YZA9256,0.5792432738756839
GZU9440,0.24170317123785734
ZLK8905,0.7034835586292459
ZWC9267,0.6181404938141024
BVE8079,0.25702267798984924
OYH5249,0.24617562032178694
KYH8521,0.45379059103670916
MZE1888,0.384289487182194
CDN4250,0.6048607238195474
UWE7463,0.635731056473277
GZN3833,0.47100397248102616
BAO8553,0.6776373626348149
ACB4517,0.5479939312341946
SPU3212,0.5935618104261587
BEH3042,0.32256406387175646
RQL3472,0.2121199422362093
MAW0136,0.551614340946669
KLE0471,0.4843486175289206
ZAY0157,0.46133969257922913
SWT8253,0.6848316048152988
MPI6855,0.4990657466601966
FWG3117,0.4127278805756732
CVS0423,0.21833895242715814
GOU2454,0.27564439492065196
PYB3720,0.3292338360623181
JZW5332,0.6757091596354607
ETY4656,0.5674971422711086
ETA7123,0.37578155406986163
MOE5691,0.525632364322031
LDA8763,0.7230098023838921
ZRX5373,0.4841985764688966
IJW7879,0.6787737464839073
UZW0758,0.47763696415594825
OAG6186,0.4017179062916916
UAM1818,0.6268544479446383
FNN9065,0.6138220495165286
JLF1780,0.24706089441972434
YEY0893,0.40018916042113595
THB3713,0.32825402262598846
DVN6545,0.38047642059275566
TOM6543,0.4721211206057626
ZVO4515,0.3016897295596009
CYN2809,0.23839719114218452
XKB8356,0.27499968972979394
QPH0628,0.5233519792412917
BMM5092,0.3080234801125586
GYU8973,0.5548823316620541
XQI4092,0.592741915085261
GSW2383,0.4476674466530993
RTU0647,0.552385067043677
NRO6275,0.5185811957198138
WHT4713,0.4211292657195824
PSS5199,0.42781298040250776
HES2744,0.2945682407796857
GEJ7100,0.32876225922973484
JDD9640,0.19042218947216466
YTK9530,0.5912552093684377
FVE2799,0.32682214698815926
TSZ4979,0.4121708885791998
FEE4563,0.6623625809407557
VNQ7798,0.3726315722582213
QTG4449,0.38272489474777904
GCJ5619,0.23498556747681934
VCM2564,0.14115695798890956
XZG3618,0.5884253973109087
XBU8194,0.2682938648658489
JUF6933,0.1940444213024091
XVI8728,0.6518990408519141
RIN7079,0.5144552312611078
SNK1073,0.4090554660497112
WMR9670,0.513120091867584
PZX8160,0.2940511730453173
TXS9808,0.13288988951135178
MEJ8315,0.5074697152912214
FRQ1522,0.4086906001896054
EGS6505,0.3343099836342361
UZR6300,0.4316843222264169
LVL0476,0.4299666624792395
TZL5867,0.33418765351426916
RCS5132,0.1239080101137468
LTI5885,0.7151340280853703
YPS4288,0.3912167811385203
EHB7328,0.4633840281320923
HON1536,0.7008641064291684
GHL5700,0.24180064684885072
ACW4420,0.39715651426201126
GBT3538,0.3826977941321324
YID4243,0.238890731557826
AYS9891,0.4428811567398401
KVT5468,0.4436319421100114
XRW8396,0.7523668604156045
NPA1002,0.5158543016259785
LQR3842,0.5990539157546213
WRB9722,0.34030570056948034
WEC1460,0.6008361305920614
XFU3132,0.35049837174766313
HTE2743,0.6626696275192967
ISN9613,0.4272741439909812
JEQ0297,0.2256694633393628
ZJY4720,0.18836942863549508
EOA8137,0.5387207444580508
LTW8046,0.6301975726180924
YQH3278,0.6096894076265045
CLX9204,0.7766874534837961
QRT0197,0.6800858520352707
OTW0820,0.13114369958755778
NNE6919,0.3967674001282646
LSO4428,0.35736516595732937
LZP5655,0.24852059900768567
LLT3946,0.578011574697746
NPM5272,0.59507055834612
MVF7543,0.3755881941575873
XJP2259,0.7331730967444221
FSO3741,0.4032939168655394
OOO7653,0.5348065033727816
UON4433,0.43821518681885463
MUF3433,0.7527186978531863
RZD7599,0.5609816020324052
RDM3372,0.6167388377543094
LYQ4178,0.18431957172248942
FZE9079,0.5299509371530283
JMS7931,0.7651537979822819
BGQ3650,0.13736198111007067
ZFY7024,0.32695161521732313
JNV0033,0.2785205908868364
SNV8933,0.4086198596666401
XQQ5448,0.5231707964770336
JVI6426,0.23054045566720455
AJG2925,0.30678553055759733
XHP0971,0.33625423297767265
TRL3273,0.7381758396382931
INO5257,0.4990297495805031
KTX9283,0.3192744921234379
WAN2047,0.38626035609230747
EZW4173,0.6018252846726111
GVA8261,0.2808249711910992
TRN7688,0.37140549078010154
XXQ2067,0.5143444678471452
TLE5689,0.5739787991598372
XSO7171,0.31104223627586963
SWG9948,0.45989137595172197
EFH1289,0.6089264601668107
IHI0179,0.7432655433328622
CKT9987,0.3394446169951016
NEY7960,0.5553654573635303
IAN9597,0.5027603084291155
HUI4628,0.2414118322809271
RPK2559,0.2561632833215011
ISQ5968,0.5887624777238999
GPO8313,0.46149982535454326
BTM1480,0.5689345162942413
CPA4097,0.5294242992960346
YBU6951,0.4341764852209531
NZP5864,0.6026826290718293
GUG5402,0.4055450153825602
ANG8993,0.2569143831257494
HAZ8153,0.501639921113913
RIY8056,0.3405155891411396
VXL6740,0.3776484719418775
KKD2286,0.27350231586836327
OZJ2377,0.41248870861559156
TPY2223,0.39874736142736167
UGB7070,0.5542064025075385
XMQ6320,0.6163063949450256
WXJ6113,0.28079830991209154
DNT5997,0.4715308444256915
GTN8407,0.2253330117762562
OPX4184,0.34289734680609146
OOO9002,0.6530066776894762
SJM2211,0.5003335583585039
NHI6465,0.543848554639026
DST5945,0.27683040560055855
IQD1148,0.3692163065027842
SHE0851,0.42748153619790596
BEW4511,0.23954517329939506
JPI0719,0.675150305790481
ZRE3751,0.7884380682359459
PAP1748,0.4690493912255968
SWM4204,0.35634364111995526
MDB2345,0.4094578035111228
IXT9815,0.3978024459719539
XZX1851,0.7306165258548818
ODL4468,0.5585050506856196
VMV0614,0.46205550342138074
FFQ0287,0.4011002967111663
JJA5635,0.3264009537334488
QDZ8109,0.44371260408812113
UDK4641,0.6808735590370613
AUA7593,0.5317098147901127
JRT5690,0.5530712974045743
SAY0372,0.15974686117095108
DAP2327,0.506106245588194
POB2969,0.4020514580891937
WMM5493,0.8270624493486721
ATA8626,0.3246289103035309
RYK7124,0.2601614668324517
WHQ9704,0.5845523700886535
SMI5794,0.6583472386056128
TVK7202,0.5991575186956528
EHX2873,0.6314566836302649
AVI7437,0.19517934868972173
UUX6205,0.8023048821155728
LYV7047,0.5207569024144697
XNK8631,0.5863846786753969
RCU0089,0.23497502319112484
PYY2224,0.23564351538728526
CMY6767,0.4946369211843343
LKU2429,0.21906576928159582
GGL3050,0.33537803817084333
UEB5168,0.6145455951360876
LEQ1966,0.31309768181494857
NPA0528,0.3138796925121654
FKR5763,0.4417337543258519
RVG9026,0.38565439414600045
NDD9993,0.41117481047803595
QNU5649,0.41711967811565587
UMN0855,0.5082041961312056
ZSC7988,0.5977009599410219
YJJ5065,0.3428868164781803
OQJ8732,0.5714617311027245
IGA4476,0.3841373159388692
BTU5140,0.3319967164857836
RDA0342,0.23659366840680707
EUE3994,0.3770699787377929
SCV4186,0.3975871028668542
CQL4046,0.7763414174259744
GUY2358,0.4384862870452874
URW9904,0.46642152633368644
WRG7171,0.41416226021599734
ACD2246,0.7541438552819466
INO4142,0.2497269661334026
PTY9539,0.17914389705256226
QAS7910,0.5417378777745994
RZJ5292,0.7000895162899404
ZYW0866,0.23010055325750509
EMR1813,0.6838501131140842
GRQ2002,0.4935414432817189
SQN7208,0.278613668533558
HUT1144,0.4557975316810572
LHE5009,0.3201318481956054
EZB0785,0.6042057829169031
PQM0525,0.731193292166582
STT0519,0.18354335652393566
ZWO2588,0.5722115987035102
RDH0021,0.3442118956226868
THM1978,0.6428104827966109
AIR4332,0.5185488160196873
PGH1161,0.5202959067592362
SXM4608,0.6442301015926244
WJW5812,0.8126829332475286
RHX5336,0.4353757112768134
HYM1546,0.6665398258369606
KEC8696,0.4255379572097924
OQG2549,0.20523017702863403
XUU0192,0.3388097656875084
AQQ9230,0.5205783698926605
YPM4680,0.3663022062119208
MWF7718,0.6131021996030066
MXD5779,0.19441741532010964
UTB8959,0.3428351723594531
TOO8154,0.5385984604341375
LJL8197,0.40932841586144525
CHA3496,0.4732487859278867
BBU5421,0.18317398663736031
GSC0915,0.4070701492033153
QDK9607,0.3541671658316798
QIW0738,0.4316748491502903
OZO7612,0.5529708215842754
YSY9501,0.36274746429657745
UEI3008,0.5222620640795619
ULS8507,0.4751146626142372
AHS0758,0.4266474619613263
ENH4743,0.5062839081115296
CQZ5056,0.1662305298268113
JJM8301,0.5061630821544173
KQP7442,0.7051819426946548
QUQ4381,0.6989502367615156
LBT0298,0.5529700011499235
QUB5329,0.36177222921631935
WCG2324,0.6474513005252129
YXH8003,0.4000349882403157
GEF3744,0.4802120933899904
JGC7613,0.40454266242223264
YDL6245,0.5817752292827262
MND3837,0.37063943403704236
QSU9207,0.25972737845845856
FID2110,0.5367880354934548
ZFK9137,0.4843145873910495
BZK3777,0.4617573015253586
VEZ6817,0.4960031932437825
JTU0326,0.25293224023623867
BXL4785,0.5173024599494064
UCK4966,0.5496729618204874
WRA0082,0.3432908166131787
GOF4110,0.305379695663434
XLS6633,0.510363812752244
DGS1210,0.3375908034676248
QWA1794,0.22631308255250732
XFC5853,0.7206220575672818
HGK5319,0.26772297362147734
KQS8229,0.6952262124228106
BLV2818,0.3828567437223137
LZE5011,0.6508147871993589
PYN1910,0.47975485343805807
GUH7132,0.2474370988802995
PBW7602,0.5715794652396236
CNW2475,0.6814184793974023
VXK9874,0.6767131910020606
UFZ8218,0.6624180148624412
ADV6084,0.23861919141438978
PFD3487,0.30186624029732656
CRM0707,0.5311206274744917
YLQ2622,0.4442892684257867
FJZ7605,0.4632519832386267
ABU4286,0.19505305827426261
ELP7252,0.3458335794550639
RFT7225,0.6624655752274817
PPK4577,0.4363930727957201
BWE6905,0.5704484475554344
VBQ4322,0.34950508676555225
HXS7343,0.28150734090256324
YSK9022,0.6570333596626098
LZJ3939,0.2386341709572772
WCD6269,0.5533104975623477
CLY6856,0.4410692027617958
PDU3383,0.45264786139027696
VOF4824,0.6280614676751891
QRA5442,0.2865590570023718
YAB0608,0.4070260151139556
PRL3116,0.6611921267141859
RRQ3897,0.6897921797737636
GXP3168,0.6978945489331366
GGS2005,0.4055028025090805
TOO3590,0.5800411905040562
TPB1864,0.7519906989093744
NVN5302,0.26584477449301114
EHI6232,0.37756812607833
VLP9905,0.4465214230639124
AGA1325,0.7522476989737134
ICE4902,0.25461719189700505
WWX6392,0.4898837530923302
RQB4428,0.4621675528516021
QYN8884,0.5137808776674206
EUS1159,0.40033374898147617
NKR5443,0.4359100631726927
HPC3138,0.41781855836258036
TKQ9049,0.6875067805025239
FBP3340,0.8310261839365902
NOO3967,0.5928907278813308
GSQ4526,0.23284357482618934
ANW1028,0.35679600451977295
LHA8316,0.7376586922911871
WBW1659,0.44013867242563015
XZO3969,0.44945293955165483
TEU4321,0.49275690704601455
XPQ6910,0.45913012828379884
VTQ6246,0.3685037605170922
FSA7655,0.6252836067161961
CSY0853,0.3148798259548368
VCY4269,0.5818361203869494
UHD9364,0.6252724124937722
HIN9530,0.26886190265813364
GOG2550,0.5889193337237023
ZMG6475,0.5514243652157712
QYI6167,0.4654180721733359
LVO7124,0.3810140100245398
JWP6949,0.5319596459755167
DZU1118,0.44599679825131777
AIW0610,0.4996430610786073
QXQ4841,0.6258369546739795
SEZ8373,0.6106315560230261
EQR3786,0.4212322417723971
RPG9584,0.3721138239218948
VIX8570,0.55337113228968
YQR6271,0.6037030174129847
FYN8286,0.34513637516956885
JVF7588,0.5618828476166826
KPC3382,0.6747571541245811
FHE5153,0.4320775799148889
WTY4874,0.36099210863221004
QAB7266,0.6310952906768922
NFH9054,0.6908198729686075
YKB6244,0.6324033129703492
GZZ3339,0.5838038347994003
BBY9981,0.5708286829140616
LSY9026,0.5104515293117734
DUJ3056,0.45357336766822387
FUC1582,0.7370971457802952
XOY2362,0.6677190085709901
LOG9950,0.3169159187629567
ZXN5891,0.5886310589656452
CXV8222,0.70156750130244
WOH4538,0.2788853780810358
VWD8860,0.3366497739383097
EOP7001,0.44249837641034545
GSX1302,0.6030225076063047
OCT0968,0.4469231964487998
WHL5554,0.5389654214245189
YJE3037,0.39332616181972274
FNN4968,0.547659210632839
WWY7679,0.41319654850218696
QZD1717,0.8077510311270067
VOB6197,0.2723398792467035
TBA9548,0.14804373684747735
RLU9697,0.6053650741041213
BAS8697,0.5205219911913171
LJR4460,0.7103350560299915
HGO6222,0.5853969564860158
HXW2166,0.6182172011160993
OVP3632,0.14627694209574005
MCQ2270,0.33506899139783997
ICD6182,0.5441179698910033
BFQ5435,0.2418121056797633
DPF3505,0.4055533575267342
SZS2580,0.5621851794746211
LBK8500,0.2808223045998844
TXZ7775,0.528087349244244
BKG3252,0.26982118627054585
ZFB8258,0.487767328467639
PHV2247,0.4139575133621878
RRK8430,0.3227266414825675
AMH6780,0.5283207771366256
OSH5574,0.4835765108730962
DFI9099,0.5887436112884809
FKU3482,0.39901388083534794
VNO3261,0.5587655503810164
BED5373,0.4730797721213393
MJE9253,0.4327375628579266
HKX3204,0.544218462703982
VQJ2963,0.5150530800073653
ZBQ9287,0.5379066026205095
MZX8398,0.5330487435593086
QEG6705,0.3697157450118684
PQK6783,0.3891646781219083
MBE7976,0.4957941266822638
ALL3849,0.39337994348043803
KXB4677,0.3895028068729197
XOP0754,0.48458585705105856
MLL3293,0.4033716624353677
JSX3868,0.540364323917727
DIZ5799,0.5755563513520987
NIK8885,0.6171280223428255
GJJ5386,0.5789839143906927
ZAT1651,0.5531222173286667
GMP0039,0.268562493097182
ITI1428,0.5580788097480963
TRY8812,0.746295749936068
UEG2101,0.7619150353848124
ODG6850,0.5070704674974347
VLE3171,0.2538003850509933
RRD3841,0.4120976976585691
YXY8101,0.5796267747037293
OZK6228,0.2929659346995521
SBD5545,0.5234350427898058
IDC8637,0.7392465238597474
VZW5146,0.272302914221359
PTQ8057,0.5217254954743348
OEF4340,0.5933202646052252
KVD8305,0.4951431841809976
MGZ9268,0.289950952157921
AQJ8176,0.2716454046110051
UXS0840,0.5457788301133657
TCI5572,0.4706185704078189
SHM7627,0.39119148866482134
QMA0181,0.8352006327761751
TSV5611,0.7696339095551934
PGW5092,0.32735120390130146
BSD1651,0.597795675510499
IQJ6229,0.744885287031134
PPE8142,0.7319400794129101
HVE1566,0.29599204546729
JPB6828,0.40026985789252184
LMS8961,0.31558389877404536
EGQ8831,0.30535036703277646
YLP6900,0.5624450816951857
TBE2482,0.3474321832707627
YPJ1369,0.7746871456486947
NAX1253,0.3936785437401184
PIP7566,0.3709874851290527
DKU9301,0.696619722393541
KVA9530,0.4912175171998713
CQV1702,0.7777556883527897
OBG7598,0.43079292962075033
VNB1149,0.24449675093522735
HMI2014,0.5969264722893982
YMG8950,0.45846793101557876
JNQ2962,0.3568341829836806
ANK6820,0.4413345259215519
ZFE0439,0.33523520215854
CZQ9593,0.36674373862079185
PCJ1585,0.2851944540329584
PBU9519,0.6260883138586566
ENJ8537,0.5907111459425769
RPM5143,0.4374584976189433
SUD6466,0.37266605167265177
HFF5761,0.6755806843171752
SCF5953,0.24806630476924535
HAQ3115,0.2132641559112422
BUK5097,0.6978834267380052
YVA5755,0.46797886356248214
QHD6039,0.5787965852808181
ONT2622,0.43702469775950054
OGF3946,0.35111861962844876
NGV7466,0.4566377021228638
SKM5604,0.6593159113009156
KTE1007,0.33394513146104476
QHE6351,0.426160051131193
OQM4860,0.6693810888529642
LOQ2210,0.4235125104305639
EXL3021,0.6243155989056021
ASY9425,0.6092762809241881
EFI4290,0.5530256421870865
EJH6568,0.4191037623277138
ESK8758,0.17561504600748895
WPW4521,0.22972270984991502
IEP4997,0.48823841038444593
FCY8976,0.41924589249836286
SNM5031,0.48413670431122796
ZOD3613,0.41120126395560236
NJW9796,0.2616110356036958
BFM6246,0.25913384447714655
MLI2180,0.630608266265652
FHR9764,0.5357657746201887
BOC1640,0.678117441250611
EDV0533,0.365837656374758
DVT4971,0.47520467099562047
FQS6688,0.665164535138008
TIY6714,0.41898880776007374
BBG5427,0.6803010228073453
VVY0236,0.31189562354657124
AGY7111,0.2521210513082425
YIH4148,0.4776784738824073
BPA2613,0.262797090406135
XGN0040,0.5227993540118256
XIY9154,0.5684807953381968
UBT3433,0.6630127231440924
YNC1880,0.8001318744641099
RQV5395,0.31489753702732515
QYR1720,0.6140445777381356
AGJ5776,0.37071741306849754
YIA9506,0.5756666710310384
IWU6149,0.4476811684157569
KAX4382,0.6996385894219453
ZEN3760,0.5998854342903198
UGP0922,0.3814018707597107
MJX0269,0.5543416438409641
WUQ1092,0.1788630401570802
KLK2362,0.5433425096853938
NHW2173,0.49572332728393664
ECQ4722,0.2870463358627274
DXQ4983,0.5637327520822731
TGH4720,0.7413336705550968
RVV4718,0.6528434532883821
RMN3173,0.7148446634339756
NXZ8964,0.5515761845402101
UYF0960,0.6226954644513892
GFY0485,0.45599410336463364
ELW4685,0.6100288619840716
MTK9048,0.5372396881386651
UVG9381,0.43515234175082323
YHY5021,0.4212266974979341
MML5987,0.6457907018419154
EAJ7823,0.4828167773224078
TIZ1361,0.5951732445050719
YLC2019,0.6666777322910244
JFH0021,0.190709546475507
LXV4773,0.8326308524776251
XDV4102,0.2672763605481149
GOA5098,0.8238942707701828
MYV6648,0.30663633773011856
CTJ2639,0.5485576698679889
KQB2667,0.37297087028880366
RCQ9055,0.5456683611252637
AMR3084,0.5751763194608521
AWS6964,0.28803347930913714
PXX3164,0.5771021494560582
OTJ7222,0.5051666295015405
HLT8409,0.4331049726511115
XBZ1903,0.19659501995081188
DVD1043,0.10813300385287428
YMN8454,0.38746939957808757
NZH9363,0.7087241222704564
VEV2993,0.3619426631186587
GTV0004,0.6350913404848231
FRY6602,0.5585510890933676
SPC8953,0.30872607341676905
PJO2885,0.7064231674793067
KQQ4757,0.6192210220546027
OUG4136,0.3874025560005016
WVY1999,0.5846952267260607
NNY7188,0.4887802581511749
BIR3043,0.615906038500177
CVQ0610,0.7008130172939117
NLO7554,0.5613933292788288
FHH6565,0.6002133665073586
QSY4897,0.6646136984199805
RBJ5665,0.4929462436224323
OCA7850,0.5010479186383883
SAT0260,0.42485491451092466
PNM7458,0.3911197381258863
ZQL6865,0.45375938049284514
BYX0793,0.4632724430129586
UOJ8877,0.3675614162032908
LGY1944,0.5035608184378246
WTO1199,0.5962959301487392
WZJ6108,0.43874405491720536
YAJ5633,0.36144258728040013
LLO9138,0.534981161919867
LGR1397,0.3893754279394354
ADT7244,0.4172232453192145
HZI6879,0.32474096835272803
JMD4429,0.6071065950214397
YNU8823,0.5155294453049192
PEU5781,0.7443013079621447
VXW5951,0.38432404989345637
DOI4745,0.5150667054209794
XRP0508,0.25356478493075174
BUP7237,0.3311222568454681
XZF0997,0.39110142562191613
ORE1289,0.633293215107753
SUJ0824,0.49234691049185225
QZQ8912,0.4146943239096243
IVK8543,0.5548645144493902
KLT0884,0.7403708700745403
ZBB6007,0.3860560117922634
STV1844,0.6255301363459737
AIM8162,0.2458390911248295
BHN2674,0.4389513566512306
BHF2762,0.6807410461416095
FBA9492,0.37438647056865154
PNV0987,0.6238577008021374
XRS8392,0.6426336897674937
FJR4109,0.3585763092787485
REP5450,0.5023220156732185
VDS3487,0.3562388319664455
MFT3114,0.8143624294347291
TRE7039,0.5004282084726149
RRP7437,0.6620533860265938
UBN9469,0.41453386255383917
ERD6851,0.2998029310078953
QOF2168,0.4470951726883041
PRF9554,0.4961191728173752
LVX2306,0.490798761612374
MKR1698,0.26416700885562816
CTP1782,0.3423606738970958
YUX4991,0.5736854300613323
WKU8308,0.2743287441045623
KLM9826,0.34442972371214253
IMJ8928,0.1942803210289019
FFX0134,0.5123186019965833
FPJ9006,0.6853757649612975
UUH5167,0.6278728217845468
VGA6455,0.20718064025501798
CDT3301,0.7525622024011759
KEP8508,0.21004645863188603
PNX5528,0.482571773773966
DMC3452,0.5411572137285346
YPX7333,0.4340773911976782
CSI8065,0.7076803722354481
JGW6825,0.33610896889121017
JBC6586,0.5604395598803915
PYB9757,0.652199983019919
VBB5768,0.47253955058583125
XNQ8052,0.33063389187161635
KCJ8578,0.5613460990430474
RAT6428,0.6350037580122277
ECA9346,0.16472109175667393
FIN5470,0.5309629430792878
INH2355,0.278769289480435
OFC0099,0.6876001678921712
LAF5061,0.6532705152382742
CZL8124,0.5402911949077728
DXI7734,0.39416470328060077
UZE5266,0.29497042336132223
NQT7169,0.4708578340879443
ZGI6456,0.5793041152841224
ALD4699,0.637635762625292
MPP9322,0.5939672669862326
HHZ9924,0.5532310443329082
IOY1053,0.415097671671137
QFA8583,0.6032063093503784
NON7673,0.7402880638930598
GUG3740,0.6682851218911403
BWT9777,0.45052296187164254
YZZ8955,0.19586711677996405
QTQ0151,0.38851078287599855
MQD0086,0.3075026773230901
IEP8756,0.2808296120447256
HLV4294,0.5051407579859111
IWW1700,0.33787185780718243
LMB1742,0.5629182731335307
IZN0947,0.8055767815282668
UGS7726,0.5049450328269747
TGD8975,0.4307443384134948
DNP1343,0.3270813495649633
RZJ7547,0.44033200359082725
DGD5941,0.3724572565652994
YAN5151,0.7060738386719666
MSV2708,0.4981835856122397
WFW6623,0.23891927011952213
QPH7678,0.6886585459911617
RHF7227,0.6274506856834614
QGG1694,0.2509940268895393
LCP5425,0.5984885149687832
RNR1236,0.4605787122875921
CZR9446,0.40816303179898555
CWM6629,0.4642598938373193
OHR2811,0.7211429091716487
DOB2836,0.4625445826379192
WSR4692,0.3813165725866734
UJX1851,0.5543511170777756
CLF3763,0.584637390033261
YKY6460,0.6401588013770084
YEE0005,0.5475239060691126
LRK1521,0.4260949770387969
FOB8975,0.6627157518432949
ZJC6844,0.5437222797141485
SQO4595,0.5601033563207498
YJU4611,0.5942082270803136
PKJ5453,0.20663926295644672
NRJ9279,0.6293824425022978
ZLB3853,0.31927871268697106
YPE2843,0.5828988175678621
OMB2404,0.36087709764598475
QXQ5371,0.35516265779665396
DWP4776,0.7685003230794469
DYC3729,0.6406689682863976
SYA5630,0.7429860849062815
FSZ0753,0.3581790408050177
IKJ9927,0.674056516900055
LLO0013,0.6340135341548361
LJC9413,0.6358283562400644
GZR7220,0.5574130345948826
MLF4890,0.4003114789680941
HKX2217,0.6712682332872745
HLP8891,0.39051680798242694
YSD8942,0.799547662842976
VJC3345,0.44440787019679834
JQU6225,0.6149182352902144
YXV2150,0.8048832207333566
NVJ1683,0.40566841947353255
OFD9452,0.6630073687359473
NII5419,0.47002106611484606
JWC1566,0.3895413183843352
AXY5191,0.6525732607462483
DDA3048,0.4672112033534242
AEU2727,0.6028610266847185
MXK4708,0.6617665594710703
WMU7184,0.500951704298419
QLP8362,0.6373189875763381
WQS3967,0.34684835629226873
RTU5105,0.2465094812740624
VBA4441,0.41242820083422316
CYN3583,0.38959924661446077
BDO4886,0.39796199964938817
YVV6051,0.2094675527033187
WGP1526,0.7175959260180179
UDV5640,0.3380922022975912
WVT1418,0.5759924403448777
BLC0999,0.6557113167568771
ENP7533,0.5684100740382939
AEY8698,0.5436912858545144
NHP0064,0.570672571410978
AYD3935,0.6296550734571076
UEM2638,0.23543669305541137
GKK6297,0.23517821010001774
PTR1163,0.18870814066337335
GBT2034,0.583113627638746
WJY4048,0.4674388462840071
TCH2635,0.2844341052681127
NLF0803,0.44251869227384477
RPI7686,0.43567926823437925
GNY5436,0.4008137880976027
EXQ5477,0.32765896613108547
IOS5691,0.5431366686779705
VUC7832,0.6833291352592523
SXL6599,0.2506694158586231
KIS6550,0.45869691868755347
IFX6470,0.3795525705737581
QDG2834,0.7679685679616177
TML4354,0.47557317358851486
VOU6894,0.2168578768907301
LMW5498,0.21240727485821526
IRR9834,0.5235771756065422
XUU3875,0.3302763997247283
PPN1291,0.42694837660300505
GPS4832,0.3451912141356591
BBY4907,0.3161208124691146
XWH0239,0.539139358222395
GCY7299,0.6787909411335592
SFL0656,0.4383846897514701
ROG6364,0.5419302450147588
CJP1826,0.6936443989901818
XNB4879,0.32509982516292035
GHW7497,0.4108370603838471
CIA7291,0.4243851286061815
JHN6870,0.6486335013833732
UHA4462,0.281027998968159
WHC6939,0.3208621186303524
LDR6471,0.21554786607526102
PMR0233,0.5781241977723927
MQL6945,0.7681591996697481
DWV0912,0.4661364211856129
UPA3518,0.6887559211137824
BHB0424,0.2577667473032747
AST9794,0.30127325778101116
GSY3503,0.5320623785382476
ECI4878,0.6417859224646966
IOB3543,0.3854031213786881
SLM3548,0.35926799076336574
HBR8681,0.6416355185273288
AIG2884,0.3430736572260122
YBL4627,0.43428194817235627
TCE5274,0.42787851065172333
YWD6282,0.44729689020526125
GYW7356,0.6136388376374426
UOF5714,0.3628962576433728
ACU1723,0.35836510919709047
JYB7426,0.674335790831354
IAD5127,0.45745261297396106
LQY2307,0.40893158378336325
QNB0256,0.3428141138335089
CNN9280,0.3653469420794
LJL4826,0.3688860552641801
RLE6077,0.3878444337634892
UBZ8854,0.8026326504940482
PBL9060,0.42751111147276605
HON4195,0.5916426406055775
LKE7887,0.3102757002711254
HOA3501,0.6347023775642108
YSN0341,0.6583128022429076
JKS9027,0.42010388684586447
DSJ0790,0.32998248463999297
RVK7955,0.24489921565600117
GGI6941,0.4846740532569329
BRF3111,0.5347646083364566
WLO6029,0.8334704895392518
HFC6052,0.3700729307022566
CSS4641,0.20714690616897813
HBX0135,0.32263303301651963
CGZ0900,0.69608854593891
FWF7177,0.7557515415591048
WLX5928,0.6961509893286553
EQD1778,0.1438239769049284
GSQ3416,0.39463496528964376
YUA8278,0.5422080992031812
DKX2794,0.22166158554565252
HZW1287,0.598181548705236
XMC6471,0.5232817259339145
PXA5342,0.4922979964548176
RXW1741,0.10774812045591921
FZX1294,0.2255803576625855
IUC5486,0.6149515849986811
ZZJ2708,0.3166222317100583
DJD5560,0.3902661434933609
OYQ4478,0.6767037351751404
MOA3063,0.5732977363933701
BNA3251,0.4539307488544557
TBJ4149,0.5157165107612893
AOD5592,0.31181949309780876
SYU7567,0.1844528059993242
PXB3114,0.5292991959472022
BDQ3004,0.22309363769401597
WVU7296,0.5484928426322876
BRQ8431,0.5082891903463983
UHL1758,0.27360763393001325
OYP0446,0.6300108314980366
ILE7594,0.3965496613907556
QUR5960,0.5080141411008853
GWX1065,0.16383237967406314
GWE7702,0.19637188586273818
POZ1462,0.5156107300335325
GQG7927,0.8250502798340267
YNP6209,0.7075553827683307
HNR4579,0.4427270235221447
MRX4488,0.43669107066825497
UQM9355,0.7265131922314543
JZQ8372,0.5728724148285155
RPL7113,0.4000711462499296
IBK2170,0.5118260965528979
NFR8627,0.21523465543717474
PUV5957,0.7887488902823655
FAY4381,0.3886620036223626
ZYZ8976,0.521633808569656
INI0968,0.5278714347468497
POW3290,0.19488496488079646
YUZ6503,0.5067595874379314
MVX2963,0.23625047881206224
JIY3246,0.41296909094440076
JMO6098,0.39113359350796145
CTA9349,0.6296190140546012
MQD7143,0.5165006056572945
LLY6471,0.6702451934877439
CMD5926,0.345569543817105
WZS7051,0.30253451780611357
CPZ3691,0.5185151772416946
ZZQ6371,0.4460282542337975
JTF5577,0.385762263131609
IYA4493,0.5836772858243965
HJA2325,0.23064075667270822
OXC2277,0.3217941842208048
XDP8467,0.5185615850469343
THA7110,0.5353083398876152
UQI8975,0.17071742767154915
VMD6254,0.5959565996490936
JRV5262,0.6433636363242788
CSC1612,0.521006061080542
TJG5921,0.6555800328801489
DLZ2704,0.6659090027511386
IOV1951,0.3783325398126579
AXC7047,0.28995600868759
PMO7295,0.3406553036678436
UNB8295,0.24943742643912895
PIM9503,0.4123897365268228
FIX9786,0.6175533934917773
JJG8011,0.5455391119911921
EDD2054,0.3671417930892357
YXD5569,0.7825172481372193
GXZ9714,0.4042995692035606
GAV4283,0.36849099470072516
BVO5697,0.6485478686251869
TBF8496,0.29441616483537436
WNJ2132,0.5568351217048167
DBE8617,0.6431847570997751
SUB9272,0.4891191447601603
PLD0627,0.4086266050316782
URA1140,0.5396515939778214
BQO0470,0.5826108089057649
WPZ4520,0.5301860374261501
BPI1396,0.549073745469851
NNT9739,0.5104219055374285
NLT1918,0.8213830767035927
OPB5945,0.4407214762717398
BQV1931,0.41136073350360153
TNN9944,0.45139762017989865
NIT8064,0.23840069478410456
KTZ6082,0.4842145883276496
TDC8192,0.332495172916078
UCP3108,0.5114440019900679
VBU2662,0.718928938427821
BNR2978,0.3735338502132242
TFI3921,0.5756122213029261
LQA2399,0.30555525421373575
WZZ0574,0.36255809265448014
LNP8330,0.5576916936695145
UFP6156,0.4416983976867233
VLG0744,0.6561230044983747
CRG3282,0.5152752206891518
KYV0097,0.18967344846911083
FWW9362,0.6104512016840856
DJS0404,0.30647883676655546
ZNM0264,0.5423016210586483
MFS9438,0.2548028223093927
LHG4907,0.5621701219138799
LLV9401,0.1702926767595753
BLO7629,0.5852208083526698
RLY0794,0.35763883713689437
VQI9198,0.20763032277485963
GTA5475,0.3721132252686287
SSQ8389,0.6477094285578993
ZSF4237,0.4810987514898712
WYW9187,0.5118414003707681
CZJ2345,0.5617073540240796
BZL7046,0.4918919535025544
CYS9250,0.35477780488714433
LUR2157,0.4878488419539101
AOH2742,0.3560045927075989
QEL3121,0.3277425543825483
ZFT6399,0.6044506018970787
FDD4728,0.645073783907641
KPM4245,0.6707343856879863
FQB2129,0.3391162388243949
WGS8262,0.6078937839093859
OWX4064,0.3756267970481301
OUD8979,0.6212076267116944
FJE9369,0.7472207383356706
AML3227,0.37538604207834325
PRS9586,0.3325310815172958
OFJ0120,0.7506769422716488
ZCN0986,0.2426636427840897
ZRK6279,0.3404128749963847
GQO4179,0.6317462415819373
BON1340,0.4892779603327179
LKG0694,0.22048378114107428
VXZ0803,0.46532096861353633
HHH6742,0.4473073099351793
VPM6117,0.8153583746389348
YTS3483,0.3885881780976898
BYK1773,0.3247023322144251
WIC2466,0.5078875102927043
UCC9614,0.4904080715118681
PJV4989,0.46154094411845936
HTJ6371,0.5324862353700082
HNT9637,0.32640832145617676
MAY3073,0.26208243999592423
PTJ7520,0.4908075738038404
HMO6264,0.43220616203534457
GJC8706,0.5137665795467685
AHC5700,0.398111748971968
NXW4848,0.5287993060166681
BOB1940,0.17830678496145203
IQJ4126,0.28919701407816245
MVI9716,0.6657800326429584
GJP5178,0.3815721636787627
YZM8152,0.3388748250229442
GGT3124,0.42477532367395665
HVW0323,0.47838699728943296
LRA3844,0.18766386390904885
QJS4465,0.44341329918672373
PQX3659,0.2416051257619661
PJP9645,0.30557276166773095
HRL1242,0.6023239834051014
IYR9842,0.4527605824108599
YNH7590,0.18381505823788552
RCR4057,0.4871420288834796
FNQ5041,0.5039141688192522
ORO7997,0.30256464433747704
TBG5645,0.3418246394702565
EPD9107,0.23515407033531358
PXN8761,0.29652308216150824
ETZ4935,0.1611031200782154
OQH2910,0.3835105736787561
PCK2606,0.5013302266392552
XWX8755,0.738529839766371
MLO6978,0.6336098191577295
WLZ1157,0.18469681190729503
UPS0344,0.2658957440814454
NBO8038,0.3894829953715426
DIB6753,0.40023742904524473
UZE1684,0.4591486217853659
QQG6149,0.4355034904861063
QAU8104,0.3417860492983983
QGA9213,0.3201546235763995
CWO6851,0.288961205238515
JTM4958,0.370240823642614
YQS9295,0.5776467523333565
ESJ3848,0.7125632118429113
IWU2032,0.3667865648069226
KPH7842,0.20507757952491595
LRN8162,0.725623466801201
AXE1699,0.5782893779148186
XKB4966,0.5354163632724648
STK2218,0.3749445281293347
HYQ6433,0.7688965911295954
GTU7140,0.14378379226094243
UNR5657,0.2831093577116773
TTM2253,0.6227464255602858
YNV2699,0.4406075359452245
YIY6671,0.33383354567639273
FRE3263,0.3608346958100337
KMF7808,0.17719404385935186
ROL0904,0.31414730996258305
PZK7451,0.4478350319487224
KIH0254,0.4318316394825716
LWI9052,0.3972169896318009
BVC9479,0.2633405073323826
URY0635,0.3958632904106608
XPZ4576,0.4366685233446972
XKZ9102,0.6348180851448337
ZUW9102,0.6446691003599643
UBN0486,0.516944831726651
BDO4948,0.5220542008294978
UMK7105,0.12668809271605694
BPN3689,0.5525601052376041
LCY3691,0.5868973415194941
DAB1719,0.6743440998539532
VOD9149,0.2749974730091364
ADN0299,0.4264526356532101
VWW5498,0.4905249077466995
IDO0436,0.33560039164590566
CSE1995,0.7249183812291335
ZZJ1691,0.40194146786338336
DOT7701,0.4031856312843956
MGZ8737,0.27849058172192714
HZX3153,0.3010131256627074
QNL1418,0.5340398859832906
OMF7498,0.25193974823808296
XHX7072,0.7030623437826047
GSB7562,0.35590227556791904
GAE6243,0.25969235734162893
LNJ0511,0.5147545163969476
XIW7209,0.21096297996126487
OFS9244,0.49104662834688856
ZTU5066,0.5700760734310651
TUL1265,0.3298229812148143
SUB8522,0.24980272481189156
CIN9277,0.25618984608007456
SXQ4671,0.39883101987149033
UFN3622,0.5541672458559499
VZV4722,0.8163029627686986
VLQ2390,0.2284966075365381
SLY4655,0.3949732821182208
VCP3342,0.12900677444986886
OGX1137,0.5392266586028126
ABY7970,0.20448912678997394
LTT4359,0.49087434446280503
RGP6696,0.526071304476159
ETT3134,0.27104809765940846
VQK5360,0.3208366093881123
TAQ5167,0.6823982102256754
TWG2069,0.130294901605404
OLL1043,0.5751750742146927
RMR6916,0.6282298173659141
CWW9082,0.3051431321188361
DIS1533,0.3404685209507803
UDW1446,0.35025060798173707
NEY9288,0.3928084204047056
GEQ3261,0.4837976941845386
DDE0864,0.6658354717559012
HRW8057,0.7386714962453451
EDZ5434,0.3889705840731534
XDU4447,0.5781844317654244
HDQ1554,0.295342527160093
ICD4170,0.6695036704327207
ACN2803,0.5555981344334932
FLB0567,0.5643543320205525
AFW8735,0.4539231142932105
QHF2663,0.6658016016265037
SIS4056,0.5906821170455486
BFB7024,0.15386467053577957
FFD2187,0.5967879341166252
LTU4222,0.74183613760702
HTJ6857,0.38536037754626234
KCJ8116,0.540166999642126
EBF4220,0.7392865281336932
VKE7153,0.6423105560986859
RDY5024,0.3480186208343983
BYR5509,0.2111896446929645
RJH2016,0.36754617850556864
IKG5514,0.6679408802177356
NVR5085,0.5134670130949835
INF3715,0.6282220695233048
IGM6607,0.4922451454401596
AMP6369,0.3783129806858523
YVK1582,0.33038892199049585
JZB2864,0.2592763503580733
LDO6927,0.5586564193221472
WCG6571,0.5639044548400616
MXU4187,0.5743284369966005
DCZ7738,0.3625103422870819
KWG2188,0.5461095717475749
FTK2655,0.2039171747551983
FBF9527,0.3791935861625896
OJR2867,0.21642733949204326
LZM7871,0.7297783884450845
REQ1736,0.39688471995032665
PSQ9989,0.603058964369272
OJG0594,0.45276898382722275
PMQ4178,0.5933522159173821
ZMJ4726,0.2790278874091318
CYF4956,0.6724332068445046
PVF6811,0.6386311243705446
UYG7466,0.6796596917403775
IRM5695,0.4930259369303887
YJL8439,0.32338845260060617
XEZ1743,0.48789747205048034
WAH5084,0.3612821843944919
PHY8772,0.3162314614042194
AXR6112,0.5270654018877877
OUC5425,0.1846106933244077
NJK5446,0.39551930737811053
RKP0540,0.5170177215767319
JIJ1460,0.4380497238273096
PTK6472,0.40855056099965953
OXS3977,0.42707321746673377
AOM8900,0.309619363317652
VNR0359,0.4356815505456689
IYU3895,0.5494062562404417
LIH7939,0.663140563007775
MWB3044,0.16965713275356162
GWW0191,0.28986845983193826
YYZ2592,0.5694544223351388
AMV8743,0.3760228677763586
VGR4206,0.1991546698989136
QQB1582,0.7235364977552126
AIS6545,0.5890608814380099
ENG3349,0.4432116669021708
GLG3671,0.5415773680914616
ESG7838,0.440309328675268
VJE5970,0.6203339239648473
TJV4032,0.6002916621660883
NPZ0320,0.5929057491101678
GLH8560,0.6392384548129794
FCK6397,0.47498878282984486
ZND7829,0.6066873395735745
WGY6041,0.7290847477661285
FDI2501,0.49898887434370287
BMN3470,0.4006993882132168
HBW4130,0.41725285236676585
PWK7987,0.48942485580568695
WHO1663,0.3689470321895177
NWK2342,0.8226718060995983
UJS7468,0.5168095754280758
BEX0285,0.6375805666022266
UWS5984,0.5904866213663323
WTF7343,0.7243939656858359
RRZ0390,0.5012885695767403
GDN8780,0.43487509315096196
MNU7249,0.4099296773835735
GDI9499,0.252763046849033
IIU5693,0.6383425106593565
OIP2054,0.45097864826370465
LFJ8326,0.4275697455315677
CZN4189,0.6380157342856669
UXP6651,0.6150038277495081
RGY6659,0.44869861075600703
PDN4232,0.7400619378220933
VND3934,0.17015986831421137
THN8314,0.5253263152775687
NLD9324,0.5496290903857165
UXS8258,0.4194252079013499
KBY6262,0.527886826747273
CEB8766,0.7051213122730307
EVF6778,0.6360856408111717
QSN4123,0.1710380748692002
NRU6209,0.5717903249493758
ZFI2630,0.4554576416942099
PBE7043,0.5946039232072905
WKK0810,0.34221745457522035
JGW0377,0.6499500181054876
JPE7891,0.3092790724499487
OGK4654,0.7551638849308854
EUP8882,0.47069065948964744
ZZP9215,0.5399478766922624
UJK4511,0.5730439392868469
RIO7274,0.489695482175586
CVK7281,0.43870905641691693
YFN6083,0.47236747443658256
ZWB0653,0.6010671965524483
XJF4320,0.2236679291835667
DRZ0501,0.353295200186659
UUS9592,0.3869480362922598
GYT3367,0.6187544024142357
YOW0478,0.40518980140087185
ETM8048,0.39597629410906543
VHI3955,0.2701727093406964
JWY3546,0.23423253745803843
YGE8169,0.19519508425515017
RBG9621,0.4453286393945271
KFH8046,0.4808693248513287
NKO9494,0.4649172755913223
PXL7755,0.43679291767529527
ZEO6020,0.4856877177161746
RNI7236,0.6544132292232383
NVM5624,0.38446508956560754
LYF0002,0.6952976155562796
DPI0552,0.35027245587090494
VFL2098,0.33497438355290676
HPU5706,0.6970831450341254
IOG1292,0.5112705689633068
VCG0006,0.19474108996978817
VDT8680,0.7609941603521967
PHN9134,0.48014978362121236
QLY8408,0.508155906144689
GQF3229,0.533832009785632
QRU5190,0.4368001302309951
JDY8653,0.342366689939171
LXP2696,0.16326353243735187
DAU1948,0.3517386654841281
ZKB6852,0.6411819844017259
JOC8182,0.39481258682987785
WPU7243,0.5734430155025387
DHM8155,0.4057221050021394
BKV4337,0.7107378324261585
DJZ1621,0.4563390499287104
RHE8232,0.21188103574579129
RZA3300,0.5420579117761866
RWJ2599,0.7583557642978925
NXU0486,0.3760908137016756
MTJ8168,0.5521367613263137
RUK3184,0.3997128700165123
THX8305,0.38977476669564853
FUE9305,0.5099747698184125
CLR6222,0.5443352257694071
GEH2238,0.4596194601406116
VMC7749,0.5298267154738772
UVC7051,0.6075216514295162
IQM6307,0.21376379730381237
NQZ4921,0.4187112950405287
KAD0889,0.5249062518196888
FQS6563,0.11920107727950843
TJU1657,0.3996335976082628
XRQ2866,0.6312260657716958
YSB7616,0.3055874886975345
CMF8636,0.3690804242539511
AYU6254,0.5857393282459687
VND3349,0.562735562301798
ALF0873,0.41586935007500564
WEX6547,0.2932635422016111
KZH4174,0.468963280354887
HHL1028,0.5360474749303318
FAU4783,0.3482289438818182
RIP7417,0.8618541431386367
CQB2052,0.7846439688446653
QHR3186,0.7250781503878135
CGJ4146,0.4767525265912607
PQE8422,0.31984454755714675
KRB7101,0.5651849788728369
HPZ4991,0.29226722471292776
RBP6977,0.5062420994980035
XGJ5317,0.23433400852673428
IAN3692,0.5698035173230913
NUM4282,0.5413307985649117
YDE7220,0.4431309384820623
GTX0308,0.19204864595980015
RHG0618,0.37744292151765674
QTK3234,0.6653918886051944
XFV6894,0.384513764127661
CSB8399,0.5878765211540777
NOR4701,0.6274087038241618
NLJ3968,0.5257153798669075
ANW2628,0.41794326792250897
DAI3533,0.7752391572583227
YBI9285,0.4379073180753408
CSM7170,0.21617087041528804
ZQW4008,0.31647583658731576
HIK4516,0.35716235370316
EXB5481,0.26019560873231035
POP9861,0.686822268145262
ZCD8647,0.44392588471915434
MMW3189,0.13054133339242754
FZX1386,0.23680622539757368
XJW6981,0.628869036686817
IDH4923,0.6315312647196614
TMQ7955,0.43089864314344933
NNO2893,0.3591713062966553
OCP7865,0.37788914117994793
FSV5399,0.5328264348056795
IPV8950,0.40731989972278587
OVV9534,0.42718556202012975
HJV5406,0.12031893791141224
NRX3458,0.5278735725376699
KKR6119,0.40034273125267406
VBK0052,0.2978331417424514
ZPW0742,0.7406607841614877
IXO4783,0.32001753822852186
OLE9164,0.7922136169394113
FDO9514,0.25870818362320547
WCY9603,0.3747058326795619
OLP9314,0.43441424475155466
XKS6868,0.14479897207808587
AUA0544,0.20572604461678842
TKO6061,0.38357633313120654
ZQI6616,0.3110514472624191
YFX8262,0.485775897496481
SCQ8450,0.33341065825888827
ILX6428,0.41517024944199693
VYM8610,0.665778378396794
WJQ5273,0.18221951853435148
HSP3866,0.3386139286127572
COM4021,0.5745552540854515
KTI4978,0.30573592352058915
UNS9134,0.38610638440573425
GZN1159,0.6868470684835642
FEL9461,0.4292292192722059
IOW9233,0.5280699273262558
WHA4761,0.7991371760389828
ZLG8983,0.3962755782676072
QVL5196,0.7500826029348899
XNL8446,0.41795747668067723
FIX0268,0.6496545262000618
MXI1482,0.20781673839025896
SMT7267,0.31600326402937484
SAU4456,0.5250072981480337
LMZ6995,0.38763672687832285
EGW7117,0.17916688622788254
OOU1184,0.7276856879882538
PYN2702,0.3407214478099783
ZGF0892,0.44338562917238433
ZOE9846,0.5412896267135882
DWO7481,0.6070775641694999
LPO4681,0.3627097040482374
EPZ9944,0.33252782000036785
VDK9305,0.5868883402603544
FWQ3053,0.6934758691818715
YVX1629,0.4435039490908489
IZU3946,0.3627632208262945
UTO2381,0.7893396972690008
OFL6647,0.3657306231768926
RNB2889,0.6546175388266529
OVM6008,0.48177523044221443
ONB6887,0.48520989712848395
FBZ2743,0.2881449737854612
FLW7842,0.6304277670803043
TGR6277,0.668799164463928
JRW7214,0.576851100666072
XRX2449,0.12782534847203983
KZW1071,0.5263646585471413
XLB1971,0.47422864228674944
GQG1121,0.35489073135121196
JPH2255,0.6598458718258038
RUA0004,0.4360776906612631
YWA6586,0.3890000867781603
GQB7841,0.3090080756396039
STM7106,0.6389706344490358
AZB5440,0.4579707868481751
XHV9925,0.6203033448645056
QDH6299,0.4317329772306056
WDP7476,0.3452389875845969
NMT6166,0.4398805502325158
VGG1549,0.42645938116406623
RXS1106,0.3575296221506144
XLY3335,0.46737926308627736
GGQ1618,0.522393194380693
IUQ7048,0.25385941642071064
UYK0965,0.7621211680417355
WMR4750,0.38965755476009367
OQS3013,0.7297359573266649
LLN9525,0.3821840460227038
WFH8896,0.5897719476744568
VOI1089,0.3205917350571301
ALK1216,0.44405525020528624
VYW8970,0.38498714445220594
HRG6795,0.4184033051801542
WAA4157,0.5445278415517857
BMB1791,0.46444539840125504
KQB1175,0.4625208856726224
TIV9623,0.30335210104041904
KYI2691,0.6099301003030603
JWC4499,0.6154359332410295
ODO8213,0.5950527185565995
BYA8224,0.5792652646629753
JBA5116,0.6885293158654865
IHD4177,0.4568294438698162
TVR2929,0.4960289750547349
USI4915,0.3217858239273147
XFA6190,0.42234085662653215
BLS9176,0.7657222969625619
MOR8223,0.6928166066079933
SPY1026,0.8085564365132977
VEW0881,0.4579340016402425
EMW8362,0.1842826258480201
OEJ6592,0.6414369097850386
CXM9033,0.35738927025975614
COZ8513,0.4577107714972567
VAZ4436,0.4869581535616555
RJP2369,0.38981600809728406
XKK0547,0.3769078426556214
CFU5890,0.483825354501531
KMA1753,0.51111341356596
AUG1693,0.31178199329897394
UCV9795,0.20580173598792317
RJS4002,0.4762476886850771
NEZ2618,0.2742824574870936
HAB9276,0.49615526499266055
ACJ7471,0.4390047466268946
JOF0586,0.5894526103858375
IDU0788,0.13418138186525422
ABN2881,0.4040412257829476
DGE2915,0.30900923608823805
YWU0331,0.5697706981447375
BBW3982,0.613014942829628
KYI3863,0.5555218815816261
QKM0486,0.3998254688905207
PEW4437,0.37945838560003714
UYE5984,0.4295370244672805
TCF7202,0.4055035079228993
NEW7492,0.562578952875514
CCD4905,0.5629117177281071
AHF7381,0.5971632809213034
BXP2360,0.5318234552604045
VVS8339,0.4791694605248478
HRI1575,0.7213824587421163
EDY7938,0.7000870586416845
JPA9779,0.6731725034397474
VHM8071,0.3095456743952556
LVJ5056,0.7065960678483152
SPX8793,0.25070793987066503
UUH9741,0.6250960093312858
IXG2935,0.4347087533789513
GZB7607,0.5338505485340276
EEY2062,0.28164791577492637
ULW0305,0.35131901416861383
NSY1800,0.5408916536605953
KJU0911,0.5329551020566289
NXR5741,0.5889923882878191
NVN2979,0.3874545419817444
DNW3213,0.338681353274339
PPD5223,0.5803287506287934
GOY4787,0.3536740975072168
IFE6896,0.2807285400589231
NNS7901,0.34421505032526467
BYC8082,0.3331575888576605
WWP2211,0.663033204435669
FCD5461,0.34199256168624453
JOV0932,0.6178364026274952
UXG2063,0.631472547651352
AUC0946,0.517553302930709
ZQW0645,0.3057930410892304
AJX1894,0.43218744533183323
TRF1830,0.29388144001301825
LXF8692,0.748713225235928
DRW6350,0.2846120804359381
TWC5720,0.5383494919015904
OUB8072,0.38052899916031835
OSL9110,0.49069267526016247
AHA5047,0.5627682355429986
ESM5253,0.18278530106776564
RKL5421,0.5860403785627091
IVK9421,0.7689486252942455
GST4391,0.15753957008395353
RGI8636,0.2856862691173314
IOE1286,0.7539555871700935
AGH1193,0.3287610757044797
HBF9445,0.5940332087478585
NSO0462,0.7857743404604997
INQ4034,0.45426722351072657
FOL4515,0.31673568201779156
WKR6036,0.20956561031242285
QKT5763,0.4507110136610277
LFZ7306,0.7448963693803757
RZB9651,0.4273983468217275
YHL0162,0.4460735377091343
UNE5104,0.6410745543291461
DEC3967,0.6232352496784918
JAE7915,0.42582701244926074
CEM5682,0.7949290207606496
WXG2815,0.2874610019211907
YQN3117,0.57143571706932
ZLK9610,0.5859289519302373
ABH3755,0.30761461012972424
BUB8347,0.5858508515080323
XGX1909,0.4307102278045542
FHU9085,0.44388202025339946
MZE9843,0.3500013615528714
QNW8864,0.35113756217433145
EAV0422,0.3486466681347162
PQD3932,0.6189007591339738
ZKD9795,0.41004355452154606
INJ6803,0.33807025209192165
RIW5780,0.39334924091271656
PNB5177,0.3394889685416899
SGU6485,0.23742375273764602
JNJ0531,0.4608534848913445
PHN7709,0.6719420165777971
HWB4033,0.3086026303293312
FGK3267,0.3546362686079896
RWV2020,0.44841506533865755
ENU6205,0.5365015956550487
CBX9036,0.4850507598589028
YAZ2550,0.6033400553961945
CBG7468,0.4588797004377944
ZFZ1089,0.3989103520283104
VXJ6073,0.3105278872634462
CXS5682,0.16880830558800825
XXG7687,0.6919353431399202
NPB7952,0.5100939813028441
LPU0502,0.4729066330537596
NOG9482,0.5255603882928983
DMA0770,0.5703358819293904
WFA8111,0.4085806472122391
MRD7341,0.5342748518598847
RAC0923,0.19572745475763031
CGI4064,0.27574933468748003
BHF5913,0.5608449251067448
TQT9316,0.7371554479808567
XTE7211,0.36743269355817837
OSL5694,0.4961445082987393
HLU2560,0.6062449202377084
NJT6734,0.461302285551848
PDQ6018,0.6263272564172481
VQX0152,0.5813655427061931
RDZ2697,0.6018500519260027
WJH5077,0.5098229634660233
HHI5726,0.5950747650081483
BOS7836,0.21714866435755867
APX2161,0.3000353171469863
GWM1482,0.303921381847534
LCA9291,0.6829362109314403
ZHQ3679,0.3056756466584076
PLD2249,0.2619844071705971
IEA9841,0.35234115641035096
GEI0319,0.6967317079669303
JQE4987,0.1655094505390862
SZL5463,0.19235706078574627
MCI0240,0.3545813196669984
FVT7225,0.26824780384140995
UJV3631,0.2886798069941236
QYO1346,0.6592134340724988
VIV4576,0.8080161124862174
CUB7496,0.41228764265600504
KZQ6126,0.3254235523901187
VFK8134,0.41791981149212576
YCN7326,0.44220899935374647
HLB3847,0.34886162541874255
TDW6663,0.5223185976248553
KBK7769,0.7576059352803799
IJP7584,0.4128034263478339
VVI7960,0.43410647138496916
FWL5818,0.8403207680026259
XAK6948,0.7456946468230402
SQG1144,0.5175713650295313
VVA0065,0.5653397107590584
ZOZ0391,0.6042334331153091
MPH6874,0.3948776662043455
ZEY1074,0.147563916569149
UMA9410,0.43478172722301567
VQC0943,0.4297211728744428
DZL6452,0.4569285558200956
BOM1302,0.5027656525941506
VVJ8185,0.3176552024522115
KNV7050,0.29854720796217593
YWN7078,0.42278077164227057
YTO5069,0.4785024379714307
HUT5107,0.6336104835959947
HBI9011,0.20649642810418772
EJP1062,0.5986009654027018
BLE1407,0.6595113068988969
DOW7737,0.6332908797202867
GWJ0731,0.27186256843757567
DVK0525,0.6995494490695607
ABT0755,0.21960371926021402
KDQ3420,0.679417421638509
GRV3964,0.49317839449585443
TAZ7275,0.4177816412272818
FYQ9788,0.4226408715540099
OYV9502,0.26231077185319523
RZR0683,0.4273508770445234
KIS1920,0.34929880868739926
AIZ4304,0.6816900378251098
MNC6867,0.4520119345726099
JHT2975,0.5794237656599448
AWN2202,0.4784444102615968
UXA7661,0.42874058058260495
YHG0100,0.2864244532022702
BGQ6413,0.2901583079385164
OSV9923,0.25573173508838193
WGA1952,0.4368952642235582
ICN2500,0.5273451780809612
GZT7277,0.5659782849152416
PBP4048,0.7059663822309741
XMQ9215,0.5505520156345908
NEK4446,0.20592080168423388
DPN4713,0.520672633575275
JBG9700,0.5370043649841986
VLK0975,0.18279004827258855
KSE1752,0.8236658833370111
UAL0333,0.7147664299613705
HNJ0861,0.8051823156849548
YNE3686,0.8121041469747724
FKI0101,0.6634889524771695
WUP8684,0.4804689007891939
ZPX2126,0.5144918452457861
CTP4152,0.2996397829967796
QLX4092,0.5366241977080213
AOK5541,0.608735545630351
AAW0413,0.24376404485117317
NGW7719,0.5709650255693896
FIH1903,0.7343070413011175
TAU8457,0.29868543720947266
COG3558,0.7312910900447757
OBP5338,0.3645010409245334
RHK6186,0.6103738923066243
IMJ7164,0.5999494086533981
YLB6270,0.4452615689997643
QFA8280,0.26023666837982895
OUS9118,0.7641635904228855
HYO2274,0.3387641080831903
CSE9609,0.529227355180178
UOE3068,0.7198218744450888
JCC9986,0.41456085965852757
KOB3118,0.37291817983484643
SVC9307,0.6846141737131538
EAM6064,0.21769367906420575
UVN5572,0.5377571073682925
ZHN4479,0.5480447849592486
ING8369,0.5300311558082617
KDF4616,0.4200370768472176
DEJ9407,0.30697552031579023
CXT4128,0.1296958193771449
TCT6480,0.27803430805496393
UNZ3586,0.6407960993901892
CEL0672,0.6880431081427224
WMW9321,0.2534981733748595
MIU4874,0.7898366462543827
GHY7900,0.1902372337791793
QXY3232,0.44646374269547345
JQT4476,0.5393286547426296
NDK8564,0.41343248996067805
YMO6206,0.2893359640802759
XMJ5924,0.7238803442205479
XVR8871,0.10074125021826182
XEH9534,0.5726568591430746
CYV3256,0.4081834441311843
TJH9274,0.22678449790532942
VTT0304,0.7153367576439555
RMW3853,0.5077434544443492
JDY9215,0.390917127865564
PZY1904,0.7004695157286166
XHT3697,0.7945972737595113
YBC8532,0.39020153991563455
FBJ2223,0.5943560690833224
EON2993,0.6236479307656551
URV6265,0.703178419215851
XBY8963,0.27866333704200197
VQS0169,0.3026318913367919
ELA8839,0.46340433326031083
GWS0703,0.45241241537356364
TOX8176,0.3879956730534308
ONB3244,0.506590604145126
PXX6146,0.2840220305729685
YUX0481,0.3642438695169327
EFI0965,0.3527037471347989
DRD0479,0.29791622380183075
DWY6364,0.334870256253518
ONI0884,0.29332920833501774
MCN8344,0.504367580996075
YKS4319,0.5056849041979478
XZO0245,0.5452346359013501
GEI0522,0.7799671012269598
IKZ9484,0.47501985495983995
DBN4342,0.5726443529019027
NJP9989,0.6240674279886413
UTX9521,0.6154099159366938
AUK8540,0.6493685216886373
PUI1246,0.09601218021613012
PDM0256,0.5402583119584174
YZK7499,0.404406668811467
GNW4349,0.2770111418565245
CVF1019,0.4758366009321714
ELP7845,0.4015795737549036
YCN2884,0.46343226241375196
BWS7092,0.5536285108900773
KZK3699,0.324628282535829
XYO7986,0.4719691466033676
IRY7916,0.19187845806616133
LQA1132,0.3703416486711501
FTW5458,0.5847638393665648
MIB5596,0.385320659850497
GMH8226,0.5261682718446835
EOQ6675,0.10598442086146903
QSE8298,0.391511270476665
VLZ1739,0.5975271438940832
OMO6127,0.1448378376689705
ATF1687,0.45891488548606774
LBV6765,0.505849718212073
CGB8675,0.7316758130970877
ZFX4279,0.5841430321600332
ELF2926,0.491565080083713
DNN9040,0.47173948809581895
NMT3661,0.32031953587620493
UEO6191,0.5767849018491025
IVQ2334,0.42329435195788156
KNW2940,0.4463604202292057
QNB3273,0.4301796027068309
FNH7242,0.24230935098759113
VVS3655,0.3637667440297511
XZA6769,0.5237470098097451
UOM6424,0.6051302195040053
FBO3201,0.4513852379831459
SLY2701,0.33266876101564535
KXS2731,0.5376027527635685
XBW9703,0.194615025024459
OSW9461,0.4990673790906294
LYU5526,0.6632305716469694
NJU2479,0.44578736807890257
KYM8332,0.6357800548132437
MAB7407,0.3286158710120436
YPZ2854,0.8098784551886477
JBF7199,0.630130901793456
JZD8433,0.3958648156004695
MFP6362,0.634491730423268
JKW4520,0.6879112650674873
QGD7776,0.6197539563766798
CHA6808,0.5204400292199312
UBS9220,0.5478632647093061
WMY0640,0.49944777539843044
CRC2190,0.36549690035496135
AVW9491,0.41814640610528364
NGN1485,0.7059834484372277
QQN9296,0.6820800613869237
NGR5046,0.42626781092048993
LAN8432,0.5106615836433016
TAQ4819,0.35429339821646394
CPI9822,0.4120351291215022
AER6514,0.11683146972295148
SEH8603,0.8651382736304641
ILT4241,0.469964805994298
HKE8304,0.7016944902555858
TRW3403,0.41176032048479577
RZY1654,0.4565969302414465
NWK2633,0.30431035073923424
CFS3204,0.4685636604777937
NSH7795,0.5972012334742673
UDJ8583,0.4748189454582976
JMO1835,0.6916216304056586
REJ3686,0.27081609742725254
GDF5664,0.692967787367346
NVV4484,0.6060974453752268
DDP7484,0.17718547211821747
XSF7421,0.25757697213358616
NLT2046,0.629325478485016
SIQ0790,0.4293784260583234
FZD1147,0.15672045858009687
SAA8955,0.4754594680972665
VCE3631,0.5916352801348405
ECP4298,0.5249114659855912
XIU0799,0.751302892604684
RBL6086,0.7882029234209799
YBP3161,0.5173741947210885
KMY5612,0.5034723842119941
ZBM7911,0.2906322148376204
OCE7294,0.631192772188022
TZE4540,0.49637900967609794
OYY6449,0.4926210221914298
IJK1308,0.6242672118673303
KPT6842,0.4914016700323981
UKW0215,0.40917130294059745
LRN0774,0.6069353426672924
VCE2379,0.28478524594522237
FMI2837,0.23276799950682292
XLW5979,0.503901908193013
GOV8873,0.500290531332717
DNF0823,0.6900719495815234
HPH5240,0.5036820576406269
AMU4525,0.4870873120508763
RAZ4524,0.6768683280039798
CJX7660,0.5853348943304183
KRD7992,0.5988924536169389
CPT9754,0.25988486060126365
MQZ8423,0.7097849152998523
XZS3817,0.636180377630607
VCT1670,0.3674604898545098
MPQ8940,0.5091015906383185
QTT2590,0.26270887320311376
RDH4737,0.5789760355717941
TGY9004,0.3287048988331761
QQO7458,0.788752502958338
LOI8195,0.5373574751463096
XNK4649,0.640235956712579
ISE5644,0.15621127480676947
QQK7127,0.5436105595911149
TJP4799,0.4246455260897529
OXJ4842,0.11263284838876411
RNA7496,0.6007638981491786
OGL8285,0.48519499935418436
SWE3610,0.35888322976637077
UJB6693,0.6043679188605289
DGQ0428,0.4225035265283665
UAF2108,0.7609941567435466
XSY0056,0.3395995047915226
HLU0539,0.17623466418740547
ODQ9274,0.30882842608347694
KFX6128,0.3193533320567459
YEG5478,0.4597359501221192
HRD5727,0.2665823217161221
ZGE3625,0.3756622069872524
UMD6920,0.4284857410731287
MUJ4332,0.43328034782396735
KIF1692,0.6927394804808219
DFL1502,0.609170348521769
CHL2034,0.7116290364900549
WLT7867,0.5114022589812262
PXZ3818,0.4540540819442506
FYM9226,0.7237325478197688
DAC6061,0.5590728814510059
RHB1657,0.5239756356411868
NXO2283,0.5701464751810312
RLR7250,0.7485871311135873
YWK2082,0.5993574717624398
BYK5591,0.42194670486307967
ACB7270,0.6904173893114449
EAM2579,0.48689215243734163
HHR7325,0.6388384700906073
VHG9675,0.5682074060507388
RRO6606,0.42819033215382474
ERV7117,0.34317094564700124
MBE3268,0.5761229086017585
VWD2016,0.48855146568572505
UDG0132,0.6423297001217734
ASO9327,0.39251401475228037
YFX3025,0.43528409092358045
YHO3350,0.5991832284038758
RDJ0057,0.7259735368432935
OVI5461,0.693272968828467
IIE9717,0.3457646406014994
MQU9813,0.2082688951052465
QBK6167,0.3645880686537617
MQD9120,0.3731628126570053
MPN1782,0.40487157163650017
IAZ0582,0.635604272675377
WER3297,0.5923160241366497
DKU9622,0.23520912479412392
XZU1389,0.5233493942695152
JIV3958,0.44476067785308665
OUU8805,0.3408521484953165
HEA7369,0.2110039808191577
XVP2264,0.3139621899242145
DFR6067,0.3747804935688555
FBL4503,0.5066310683666241
LNE6682,0.4988338355935614
ZNT6954,0.15445033152838872
FNV1771,0.6913382730450555
ADK2106,0.27101668008364843
AEZ9340,0.46037506888939933
VFQ4319,0.23577696269287476
XSZ4118,0.6722511821058548
EGA6616,0.6676402746484543
MIZ1027,0.5293787099661708
SRS6744,0.41586744212466525
JQM1187,0.4446826136502632
ZHL3139,0.7962866045495991
NEW6706,0.24984813593684377
MQP7394,0.3981853049641088
RUD5319,0.7032206134072897
GJO6846,0.5941194746634266
NWG7741,0.4340086670990473
QRJ9739,0.5451884304690395
UKG2642,0.5657331042361319
UZE6034,0.4854058370353336
JVA3845,0.739857394320142
SQF8086,0.3796272580300539
ANJ5892,0.31849087174872337
UXX1393,0.46299498803391476
QWT8893,0.2855732411765078
IPI3012,0.3334682562653255
BFJ0934,0.40952902569185934
EGP1636,0.23605386654309302
JOB6556,0.799602785861982
QRG4068,0.7483967065789751
MKK2644,0.8159084352860666
NOT8646,0.4756924207094417
BNU2999,0.5216021446607407
JNR6923,0.7726858432985215
WYV8264,0.7276946911888941
MYX1892,0.7349280908989447
MEB3676,0.5919261624454079
XQZ3311,0.4346379393526626
JJX6807,0.31458100845108433
WXK6036,0.12432968778194316
NGT4741,0.3736111604079734
LXO3834,0.7817177919815
HTC2895,0.6763047273034304
SAX0105,0.28097306526847066
DTR6300,0.4584096769480212
DPE0579,0.14893013586226406
WNX2417,0.2999098064770004
XZM4055,0.12394766675041208
LHX7184,0.6219328918429687
KSO6598,0.5900817590573733
OLE4506,0.49456393932674053
NWZ7800,0.7782899718876634
LIU4069,0.3694381858480571
JKO7105,0.6103033809031195
HHU9275,0.740068694966737
TNV6516,0.44543575584265455
LYT6293,0.4971498415498207
LKU6285,0.5578382429381111
YHL4141,0.17409266788674466
KEH4496,0.41322010553589217
DAG2617,0.23732794429063186
LWL1497,0.545801105738689
OQC7661,0.5062346654988378
JJQ5903,0.46971689032147185
QNA7565,0.561341027431186
GHC8140,0.4916476057253544
SWJ3811,0.4239536224854064
BJI4095,0.6408702788638183
AEA8629,0.2227989597591108
OAX5074,0.5068308139672519
MHX3492,0.2508217871832846
WSM4668,0.37021797141557494
ZVE8493,0.32092561316786916
HNI2057,0.5915330357641074
KYB7279,0.34803378912515004
TNR6519,0.4292062349043215
ZAF6488,0.7041380035899751
GFR6971,0.4396446778701622
VEY1968,0.25901907838601285
CQF6416,0.25542600769580026
TUG3248,0.45472158660811607
LEC4955,0.7400611907154341
OQR5476,0.4076939554085659
UHA2449,0.4661675997274107
GRP2675,0.299875086510245
ELA3131,0.3721233652247515
UZT2014,0.2893006953370148
NOR0351,0.7377954563495212
SQV1536,0.7145187952149353
MWO2395,0.4253787219530972
JKI8422,0.23461897708751026
CSM3282,0.762733590853154
MKA1884,0.2556666895601894
OAT4775,0.6567478668035908
WAE6729,0.23087797325777829
PUU7424,0.2589799282918756
BVD6400,0.6939068159908265
FNA8904,0.37860218837454196
VJE0900,0.42342609358845634
TOH5347,0.46294388980719064
FVT9140,0.4077079649745106
GRH5559,0.31602623793006956
UBD8889,0.780490704639792
GFM8976,0.25931609260106714
SNB8067,0.33555829239014134
JAN6657,0.6610845073906202
ZGO5482,0.5555582359462717
WAI7897,0.3308465511211412
TQQ8810,0.5640351380692481
PPR0538,0.630590377698698
IQD3049,0.4608933457117753
EVW3261,0.3912445209620691
QTP0829,0.26998359151722956
ZAR1668,0.7265482121045019
YNM5067,0.2766233917883603
ITH8224,0.2196562261526645
REM1332,0.26502848939895446
SPS6604,0.32088843597161437
AAE3132,0.5633827845281203
HOU6184,0.39031400478318534
CZP4309,0.2917903524312244
LEL3646,0.4786484878911174
KLS2376,0.5902585141696877
SCX6724,0.43975165690113616
JDX2248,0.45663444961231586
CSQ5122,0.2801194483093238
NCV4201,0.6708209912337282
RFX4239,0.754051155929481
MHR9246,0.7977922025611133
GBZ6626,0.5029528650583319
RPD5488,0.3157606271331304
HYI3434,0.6307927781634953
MRS2505,0.6846467463116973
AMB4315,0.5256042133565996
PMG9403,0.5209157758476727
PJB5201,0.4899805778958025
WNR1849,0.22694391770012823
WIH5320,0.6520030150780953
ZNM8480,0.6654407686482815
XXT0474,0.8487697120540101
QIG9493,0.18872905568689616
AFN6386,0.19397041335739215
PRR9621,0.6382986141822196
XCB9683,0.3243921473778319
DZT6788,0.4786109422245821
WWG8089,0.27494528723799433
UKQ0153,0.5224702127337323
BCZ3036,0.5383042615371436
NVZ9450,0.5733218378571651
CCZ0625,0.45436194553560694
ZLP2972,0.2120806730339722
ZJB5926,0.5588755876085681
CMG8982,0.5119192094025024
WTU0545,0.34629799397244926
FKL8364,0.7279063800894455
PLX5842,0.2612898872347395
JUN3444,0.32955748712757754
SKE9305,0.4513236270920974
ITL4779,0.5346475828340845
JJO0795,0.3781757458524879
NXU9005,0.2863384766721873
QGC9923,0.7908109817368298
MRQ3624,0.2837138486736021
DGH6557,0.5463171836415208
HDE8710,0.32521043424636936
AMV2337,0.3831308210595938
UNQ8256,0.6203830212935688
LOH5505,0.6090211468224467
IQY9989,0.3504314871718876
PLQ0927,0.6884502881284035
ZVH1070,0.4826740711536599
QWM7774,0.7888188031621897
LCA6145,0.48614989135813413
CXS9262,0.5968664026682559
FBG7333,0.5492726021464105
OEE9697,0.3174556958521219
VXD2888,0.5181643231539101
JWU4615,0.23581745295439024
PIM7408,0.5000384007861829
KOH1629,0.4526059078346632
FNX6879,0.22130271578638916
JEQ9499,0.647595980047845
UYE7582,0.6521646054534983
MFM9712,0.5530881457834699
CIW9280,0.6916799307152217
BIH6763,0.4747956374887634
IVR4724,0.3286882538249001
JMG2675,0.2956067233715363
PAL7750,0.28487172594120624
EGQ5337,0.2946406222980165
HNM5599,0.5414318003341702
WWK2226,0.39764940465140075
XMD5380,0.22418925780755952
CMT4787,0.3088738310290165
OTN1938,0.5441272408283222
VIT1701,0.34054371454461807
WMK4466,0.3768236929137471
JJY8197,0.5893283255661196
XCA6285,0.47353680917615754
LSX1698,0.698524289860595
LIY7658,0.6975967847769483
AWN0993,0.47913993418866585
GJQ8756,0.5190992447664629
UQA9509,0.563150024151851
YMN9110,0.4954556541212133
TPV6824,0.38058450187029663
BHD6476,0.7900142817190595
JSQ7862,0.5804709251098823
IBD7350,0.428596819796105
WVG9491,0.5073330935641498
ERM6024,0.35958171703911884
EVY4906,0.6730038448306584
HZA1744,0.3891794278416691
JCT4386,0.4806254270612154
GPO6473,0.32156757910667744
MFJ1189,0.408384067269252
UYB8567,0.5738738944326047
TOE0201,0.3936331474259261
PZV6692,0.37638188953309554
UUY0456,0.5650405567650559
XDE4403,0.41292882506628464
RAY0990,0.7471527067602765
YXS9979,0.3506957995518099
BFQ1956,0.27800116807340003
BNT0970,0.5667178015912034
ILM6904,0.35517938450499753
TTD5928,0.31776999153634466
LRK6522,0.2951895313847933
NWI7548,0.5317669481677645
SBO1935,0.37261149555286344
ANF1816,0.44205985052572927
KOO2576,0.3999434560704708
XJK2683,0.2792583792443051
KXO3550,0.2666413184920057
PXC5758,0.6765538833527277
NQY7197,0.6110085996150838
EWQ8929,0.7924500537066113
ULV2580,0.700496420252939
TCG3740,0.3588891429444462
HLQ7927,0.34313961792219516
RBI8043,0.41347504463579887
XUB9735,0.30002040871530056
YPZ4317,0.3294610836650661
QXZ4385,0.5159148312536583
JBY3887,0.69665530717785
PMQ9284,0.49928067349754485
WPD6992,0.4038829802550064
OHO9405,0.6878641846838093
JXZ7487,0.3574909231329655
YBC1242,0.38864474390249937
GNC0544,0.4263708247455006
DWG6506,0.27663609429736913
GHE4135,0.27885034370084893
YTY8763,0.5759627616998222
KBN2378,0.5557964450596491
AXT5962,0.8153111862003027
BOG9757,0.3072356981701078
JWU4504,0.3823672169904223
WFW3920,0.7625226220775324
NUT5984,0.31547349641552347
SRM0734,0.3201228821157776
SXM1210,0.7632624391545311
MNP1285,0.36882220212916184
OLN6828,0.6911290088611859
PND8015,0.7224372526466145
OGX2067,0.5593767733877406
NGW4148,0.37639787452849044
XNQ9739,0.5181081417984613
PVC0396,0.09463960191950435
YQU4379,0.19571943948238277
QCZ9183,0.23930055864971558
HEK1976,0.5846485376916847
IGG2798,0.45183579159099396
LVB5412,0.49945271925546025
GJT0245,0.4473057818849119
UKH9382,0.44589644234686643
MSI8579,0.6413680979807814
ZLG0202,0.5222869603783945
JLT3081,0.24329210880499164
QUS9552,0.24800913805033117
YTA1880,0.5138447988225804
CDK2415,0.4159700428693374
GDK7008,0.42153750568043513
XHB5695,0.5651029033187686
CEL0699,0.49161059802443224
EIU7027,0.34773061522659193
HTM0146,0.4343236145304481
FZO5757,0.4946327708439134
TDL1068,0.5426161628814978
NIW2607,0.5408592866516985
HEO0125,0.2813011616656892
MEX7417,0.39815315735178264
OEN4472,0.4033153036490497
BRT3771,0.14432528266927294
GUG8607,0.7357307999186667
ZOA7096,0.47463573109824864
SDH8992,0.6598612261041594
JMD0120,0.4536595247725729
BMO6026,0.36926886533125114
ENV4544,0.7045414117428503
JQH9915,0.20435745390921198
GMK2427,0.5816918967369616
FPA0677,0.46971468183049137
ZVL0171,0.7292017862799117
SYC0712,0.7787985074569459
MHD9822,0.49610111303321663
HPD7237,0.8220255552068508
FEL2808,0.5442708133336591
MMC8838,0.3425778789928522
NHK5621,0.43358881708125674
LDO7056,0.5788435478802789
RJU2365,0.4795106779349692
WUT2469,0.19577345906278934
YMA0571,0.17116088886861663
STT6043,0.5730324592893422
YGZ8268,0.40631761679829703
TZR7334,0.6746436918045772
KVM0019,0.5202852277448559
KCI1006,0.5484435985790818
RJR2607,0.3030154872405201
DNK7474,0.4809474941015957
PMY6529,0.3673364320005217
JAT6175,0.555390658374098
GRH8210,0.7480717769702807
KFU3441,0.737601808036766
KVB7435,0.30087603688700754
IYP0080,0.56829332222171
VBV5453,0.41774201360411933
DUA8888,0.5858380973876435
SKS3637,0.2857296285297917
JJK7748,0.4999804135899704
IWD6431,0.421846618028023
BZE5384,0.2988162389289712
KFY4089,0.2990240935553919
JBZ4242,0.33548024076225136
JMI3553,0.5520505034419951
VJM1864,0.17099278694173575
SVH8709,0.6779144575579378
SOY3070,0.46023636378851734
TUE3956,0.7017882746597215
XIX5596,0.31622421873135903
CZS7133,0.6371590187162165
FIX2641,0.4249829644123061
UXD1841,0.49397794695836417
XIX9094,0.5468461924852909
ZVV5799,0.7001393353123726
VBT2621,0.2349930291557302
SGP4291,0.32511667848576814
VWE1468,0.4914097998408306
QUX9721,0.29337392703777
OYI6805,0.5622243018918085
PHQ4045,0.42995825887889394
IRE1258,0.5634691461472775
TQY2059,0.45008828784568305
CIN7912,0.6382035014709365
BFT1621,0.2551487599563946
XTV8065,0.6642174509665266
JBN7458,0.2716026857411867
ECA7340,0.6357820569657252
FJV6411,0.4422061256376449
LBI3544,0.33265657469497606
IHF4906,0.714591116492686
BCF2737,0.7037253074162658
VOX5055,0.31347335115890307
OHX8131,0.6347356645462139
OOJ2242,0.46473745631122
OYF8344,0.49624890254919496
BDP4806,0.30632611085626726
XHM8420,0.5555805900242381
HAJ9645,0.8182704746174727
PDE8624,0.47774564054119706
NLT2148,0.3097674784802622
UHI7991,0.5947883093547591
FWX8897,0.4068874977052677
OWB7178,0.6521332442015471
REU1247,0.49160934391389216
CRO1769,0.5065455637436402
TLD5484,0.38964652015157325
PTV8574,0.42079119067226894
BWS1336,0.24583226380321468
OII8763,0.30897683720216673
LPO1321,0.529830086483703
NHW7391,0.346362981579145
JUC7750,0.25361224430979346
CZF4822,0.33368017694665014
KBN3400,0.7406513251358058
SNF1740,0.23961986719496847
DXF7268,0.6546630510778363
EEV9383,0.26331413141074717
WJQ3332,0.4658658662667698
ORN5586,0.5426564963802929
JNZ7774,0.4324450661905851
KGI8277,0.4263371404296414
UQV0433,0.38011563588921127
CDJ1262,0.6466801323615775
ELI3656,0.2574907357394793
CJF9592,0.8555112727695782
IFV9314,0.46160192841334363
VDJ1118,0.3759755467649339
DTA8682,0.7940157950911169
TGJ4666,0.6675161414818012
IZZ3291,0.5026154346010183
ZWT7505,0.33540966921146254
LTK9250,0.26424622514527474
DVP8940,0.4001814507531676
OJP1964,0.31501636873784133
WNA2120,0.43066295300041485
MSO0106,0.4857010832397968
XNB8483,0.3062450317162106
PZM1761,0.320793598463041
ENW1475,0.4650924145312221
AJL7031,0.6746369845012399
LWS0585,0.5889060797257621
TXW9164,0.5585461270083069
EXD4634,0.6323716110527909
KJW6467,0.6844302841615357
EZD2570,0.26475628903737725
ZJV2396,0.5231758236197936
OFC1459,0.5612904676047042
VFR3116,0.51316204133807
GMO1024,0.7121002049316775
BWM2061,0.3958054012530378
QTD8623,0.6093860267853831
KUM5250,0.2098091774561339
RJI3984,0.3693059717074134
VCS6618,0.39354327599400546
XRI7782,0.5798377223665572
TLU8006,0.34377234335191226
KIP1222,0.41807376908125554
ZYW6392,0.8507654251039295
LQG6833,0.41933678026449045
YZS6822,0.37505554337954433
WYB4183,0.752716377107076
JTZ2381,0.6062423139982845
WOI6716,0.19953200578470653
CAH3623,0.4000034361615547
DHO8082,0.3132159034121027
WBZ5686,0.5436694686095899
PTJ3034,0.5228257704027147
GOH6841,0.328790227146703
IFK4684,0.3629254594381542
NUC6904,0.5864535096195057
VGA5416,0.4782134714557047
YLK9460,0.520707358353191
DQW1972,0.6553525281779949
FTN8264,0.6501454813936234
IGT3880,0.5606702208841663
FUA6770,0.6588088643473499
TLV7456,0.23939153811669742
WWE3484,0.571401603257207
DTR9952,0.7407353688963533
YNO1665,0.35793175858103915
VGE9961,0.4180846200498808
RUA4176,0.15708889947942634
IKF0037,0.314107957370116
YRO9974,0.370723852397024
GWY9006,0.4605841151949633
FVD7466,0.2972588373249093
UHF3142,0.3141891619138001
DEX6242,0.2109720187215159
QXR3196,0.25432538855569087
IYU8091,0.31792604163304783
BCP0378,0.6101362049265078
IKD6628,0.3531775071279561
NEA8008,0.4081786418547079
IFL0400,0.29172415242532673
OWR3438,0.2987908967099128
YTR7954,0.6216152207754452
UAG7922,0.2685511853433292
MWS4567,0.7160948688435036
HYP0579,0.4298190821554413
CWP1122,0.34556538091973216
GRI5844,0.7128624995901796
ZNJ9881,0.657081244811065
AND9132,0.5477563836108291
OTX1554,0.33484331641295156
JZI9321,0.3699861471416579
LLG6222,0.4540348865575234
MDS9093,0.5012145233195793
QQB0215,0.5460483523272421
QQT6587,0.48664793622642155
LOK7515,0.5229340222646107
GYA7750,0.47661959069470944
MNV7286,0.7702309086183728
YRI8408,0.571269891632479
TWE1980,0.5319865153228033
ZVU6266,0.26421353523635216
RRG0247,0.5002817369380244
HHD7862,0.7065385405662703
AJE1820,0.43416449901570076
ZDR0733,0.5852142791555897
GGP3321,0.20741455873521292
CTU8248,0.39070497467534465
ETX7860,0.19110043051226439
BYX4709,0.45656761617067265
JER5258,0.3307326843554505
ATP7809,0.49716512256298223
OOS9657,0.795762704464184
YBH8650,0.4055667754882372
VPU2235,0.4465069080656895
AJE0878,0.4956537408078838
VOM0132,0.5565423789795367
XPU7817,0.7742095828978127
MLD9068,0.6578414997171861
GAF5632,0.75322476344601
KVJ6297,0.7066302457440061
BQD2750,0.5985505040826636
XFK0812,0.22555342412183763
RBI8449,0.7852163349705998
XBJ4755,0.378128096682332
PUG4486,0.45965911660681996
SOK6661,0.6556809272906649
XXR7349,0.5994705772560825
HKP1866,0.5305560088432034
YPM4023,0.7501944298217779
OZL2864,0.7684827153132402
GQA0832,0.33034891653509707
MXU2531,0.6943007979028891
QYY3922,0.1752567506330033
RZJ6026,0.7204358898906896
LCS1493,0.2423002074834812
QJP7869,0.5910699037618065
VJO6966,0.6999066101378307
OFL4209,0.476206107557067
PFZ9129,0.381549360933368
MZR6876,0.801563977909924
MCV7828,0.285228099045656
SZN7612,0.4664388981229617
HNX6356,0.4440907278402579
WKH3337,0.5069003940159382
PNI0320,0.6681516343245977
LSK2897,0.324339683636143
AGY2805,0.366538852230107
FEB0191,0.7043734022736535
ASI3597,0.3032773847429861
RAW3160,0.36984217803110797
SAL3837,0.39831760527547727
QMO1576,0.34756604347371045
XCJ7065,0.3300290905021677
YKO2034,0.5073081881647477
MYM0707,0.6884794718879826
GOD1525,0.4859199289226185
YGS6472,0.559905895263102
MVR6731,0.3787285657328203
AQY0818,0.5610393336161331
GWL4324,0.5946198511123563
SAL3804,0.4807415086002176
LXN5221,0.46714139518595593
UXM8042,0.22847190970415943
GOH7601,0.2858052470202271
UOH2212,0.6453263057304698
YUH8545,0.7594185908706175
UVO5135,0.39528128873146606
VGV2371,0.2881629495997287
MSD1546,0.46708080605312097
QVY5202,0.5411759249695082
MDH9411,0.45014910580678064
XRP3871,0.1971832693111184
IDL4446,0.3613119281618772
SVT0852,0.4286651242206944
STW1369,0.45588961628090663
KDX8757,0.5299466258784924
OKA2718,0.460041805411019
KGZ0857,0.6013331914653868
HXT1988,0.42196345081805825
PPL4821,0.18023374777120632
ZSA7657,0.8152948102934714
CCD7293,0.41841331564594647
XPP4684,0.19854977031820709
MYE1200,0.38907548556590726
DNA6848,0.23322761578904624
WAX9047,0.2416153857617484
JHL5576,0.5446150687883604
HMH5026,0.30289129492658656
EQK7900,0.557653490344338
THU0418,0.3099156433362844
AAN1264,0.5997945248679853
FGB5363,0.39095828259998666
CTK2833,0.7271408362475278
DVB6982,0.620189500604488
RNQ9043,0.4381799224433714
PYH6242,0.312515514276481
NJQ7029,0.7118625814226426
XXQ2266,0.5626179204525796
TWF8468,0.6859294468042699
PBX1659,0.3228262785854829
VYE6525,0.5574621432716916
XGZ7303,0.21644971992394293
JWG0572,0.6882110519962698
GCZ5567,0.30275397048727853
OEK7979,0.24795827100609913
IQR1080,0.628740412174321
EGP3030,0.34413174294636983
KXD1325,0.7009969804662228
AHW4029,0.459172731381728
ZDL7831,0.4617813987487253
UUC1303,0.856772099259285
JHW4195,0.6197747023204994
UQA3823,0.6962668254566183
VHB0197,0.4762873265488046
BVR4732,0.46917037304910086
MWL6209,0.19887596109804304
USW0558,0.5605653734459691
PED1745,0.34316179311339307
KZU0103,0.6199691586923893
AKF9929,0.557899564822634
XHX5246,0.48643267316780825
SFA0308,0.5718832460899527
DVD4120,0.42866105310708363
ESO9920,0.5014509962341585
SRL6640,0.5519826889390441
CUR0551,0.3034875505494116
ZRZ9828,0.7350698670532182
JHZ8593,0.6057871477133506
NHF5531,0.5290650651363493
FQR9806,0.6723886493826122
ADB1496,0.3242514336257601
CYJ8609,0.43679710753902296
PBY4400,0.41257911531577246
LKQ7118,0.5084732396514348
PJM6055,0.5363081085299972
CDO6881,0.30723101690641097
DRF7884,0.31567367899713367
OLC5061,0.5951315929335892
AKG8619,0.37086322861411175
GES7925,0.5942816603355432
OPE3417,0.1922029135084996
TWP5888,0.4181156401211083
TNJ4880,0.5907511866748507
XYM6908,0.6715517418846094
OTV7462,0.3803676662312203
QDM0499,0.6987303976938596
XXX7106,0.23853524227587655
CEY7529,0.2736996814628676
EQG7914,0.22426275674229362
HQH7800,0.6666026940993072
FDK8158,0.4313824985642226
VLN1057,0.4758035023119017
QYX1812,0.19193797740199983
UFM6656,0.4000637197469836
HIF2994,0.5638908343195993
EPT6107,0.46738995125138233
SVH5874,0.4689558309567336
GIO5888,0.38071648201956015
MPK6697,0.5717883283346379
JHJ6002,0.37131795606538653
WQB2834,0.2828915689705005
QKK7312,0.4712695694527233
YJZ3677,0.7902061957853176
MBG7300,0.49291164380139724
NGX9445,0.3741648172093941
QTU8109,0.4302020096308774
OLI7614,0.30014854425699233
FSG4468,0.5622490996070139
RCH3872,0.5835640622678747
YXB5864,0.21932014071522687
HOR7464,0.7644092175464078
EIC2487,0.3289064094642229
CCJ3339,0.3470084468378818
RQJ9221,0.37799448496275534
HAO7587,0.5023116867987226
KNM1584,0.3402710229750168
WLN0973,0.5484937523627306
WER8629,0.2827520503058137
SLS0471,0.21353200853096804
RWZ7062,0.5506397744174892
HKX2986,0.5818183151039666
GCY5175,0.32056210962475323
AOT2477,0.18769139888626146
HVO1046,0.43065592034151595
NXH0170,0.4428752195317259
GZV4285,0.3751700345856085
XNV7471,0.6722063005269454
BJX4302,0.5469460902930174
VSH5730,0.33248814830063494
FDM7929,0.5267517060831147
PAU3377,0.22505114333268594
PII3257,0.3746838230177697
MMY8958,0.5930276517075481
HSJ5714,0.594966367067244
WUX6406,0.5081818431830721
YAS4032,0.38856963961347635
QZX6944,0.5183101600440405
SBX6305,0.5234827827325054
DQH0443,0.5057034566283076
QHJ0432,0.4114274416586285
MEZ1886,0.4652635600145259
FFW5346,0.2520062630331431
GCI5754,0.6239398414866951
YWS2631,0.5986721260504081
BJE6322,0.4210402105684459
QOD5952,0.37519843502359285
PVQ0274,0.40000996409705686
RWA7760,0.5023415642267093
LBD4986,0.2272876422418694
INX2297,0.4337660056127327
SWE8062,0.2608031597355061
CDJ6273,0.3197164716240695
UVR3325,0.42821266635673555
AGA7615,0.2216502506915792
QQF6530,0.4986456202822018
VCP5164,0.3866092331424305
IBJ4529,0.3165733982936049
XAP2030,0.15990227426429382
VSZ4334,0.615193151083114
IDB3510,0.42592833379864153
CVK4116,0.11135272646837818
YRI3393,0.4184221271270599
XWJ4426,0.5933884006563719
CDL2013,0.2413498146179197
YBT2195,0.6018144998866539
XMX7085,0.48573400128554317
TMS4399,0.5364149367103817
VNW3430,0.65757144190758
FQL9334,0.5781039313118357
BXK1712,0.35812531017470717
KVQ0997,0.23678586460922382
ARP6086,0.3848984742013827
TZA4677,0.7609351400480303
KHL2108,0.4646747826490319
KLH3876,0.40506797003948514
BVO1335,0.47172819221585705
WNP1085,0.6605906873137024
RZU4330,0.4055681246014362
YNC1324,0.5623287563110083
AWY0298,0.569174520183339
PZK1558,0.3551582827770028
TTN9630,0.2844264192709501
BIL0479,0.42570272255361796
QYA2602,0.38004108552279187
UKK4307,0.5735723417864201
DMS0338,0.7272266531109416
VIP9261,0.2076537194238151
NPL9257,0.4972773496696011
POW4586,0.5527405669063583
KXL7076,0.5814833565857102
PFS5716,0.7408461376910913
AKY4887,0.570444663311151
QPB1967,0.5406834646032508
KFF3495,0.14902305200944768
ZZF6930,0.4291334092673644
NHW3925,0.5788887676217847
BRN8497,0.5158110347555084
UMJ2226,0.19303457871737378
RNJ1710,0.35644667759471854
LUD5116,0.5854727880136772
OLT2214,0.38605599538286445
XXJ7220,0.22977458289163488
VPE1768,0.45281516589628945
MNR3391,0.6599514063436478
JHM0984,0.5449380858313323
FAB0388,0.6505746650678239
OOR0476,0.36679927663271716
IBV7915,0.6934673703148206
YFK1866,0.5196614703060317
ZQD4890,0.38194594854826197
WDC9798,0.2966037206125234
CXG8456,0.5706112876633482
DOO3002,0.6694645922285072
YID2854,0.5060005956944297
SNT8269,0.620302674964054
AJE5284,0.4071272103705938
GLI3826,0.5141022257981582
MPN9544,0.27199976008821225
ZOL7983,0.7411373651492609
VGJ9459,0.4394684316562755
YGU7937,0.5203467507119768
ZHD4984,0.5291971895845784
TQL5044,0.32725833405559435
GZL6126,0.5160699344274369
TED4788,0.3794007054806232
QCB1230,0.5461815689008047
KCU5480,0.21307688652337337
JYA4020,0.6586306912771669
AKI9938,0.43061291651385947
CDZ5280,0.4020886639296674
IJS3257,0.7481720079162368
XHU6926,0.4678596042300587
ZQD9442,0.4433420085229674
XSW2306,0.8660300813941733
QMP1263,0.38616721072704263
LLJ3258,0.2519652574930077
GHM9007,0.2734559362039609
LUC5355,0.7400318106756352
JPJ1369,0.5172754941382818
GHV5643,0.565509571029182
JNX1312,0.7519723996805608
DNQ9370,0.606659172632457
WXL4780,0.34196466125690655
WCO3839,0.5021687176025939
IDJ9502,0.6701181163320749
MWF4845,0.7466543881699104
WIA4859,0.34806651460433025
PYN9857,0.20200567127420194
BBK1144,0.476383439446321
SWH7163,0.22957223016480655
GMF6824,0.08590997854718724
IVT1624,0.4512972017091767
PYR5155,0.7124962221979083
JAN7670,0.4886053440008329
SUL6082,0.6113036307961192
GQN5525,0.4540371199088013
EPR1251,0.46185239891232427
YVF9131,0.5818372932571021
ETE9042,0.364599088831486
RTU8397,0.4340191534163199
VQL7165,0.8676699792623056
FHF3153,0.5130709019939911
YEL7480,0.3756405204579612
QNY9983,0.30897242698204797
WLM4602,0.26867825424225417
BHV5209,0.37706061195407387
EXU2651,0.4946978781140108
QMM0719,0.4262959316671687
JCY7195,0.5846269486968626
OMG3714,0.6650935185651528
PLZ7937,0.43850112301600286
UWY1087,0.6825729332608083
KLL3321,0.6874885628107169
FRT0766,0.5666097679258805
AWI8218,0.6325700586700479
VXH3216,0.26902946513106013
USD4961,0.5895839332123117
QDE2276,0.5563038941941947
NQX8981,0.6575368135257484
LXQ3911,0.585675960065566
JUS0617,0.3133725321264234
VPF0649,0.29662395276569054
OUU9584,0.7909232674799016
VCE9304,0.44423143639645624
NZI2126,0.19536638994708455
ZVJ8894,0.5431439539026449
EWR8128,0.22175527844879087
GKF7029,0.5608689476998713
FNM7614,0.5000389159103708
FHS8655,0.5246348889038651
KMK7242,0.5004557937792309
AHA8842,0.24884160637506014
CPJ8082,0.5127938945801537
DBC9627,0.5737534414822262
XJW5496,0.3967008619021567
BKG9784,0.6300512029231448
KBD8351,0.3830439656046604
EJG4853,0.4039582488581903
XKA6945,0.41523966469295326
FIS6302,0.3445439986593752
VVC7858,0.302450961589805
RIF2689,0.6129145989603413
AUG6492,0.6289815178571553
YCU0440,0.27766319512933885
UDC2578,0.29963550928285015
RHJ1529,0.3820417724395412
XFC8473,0.4930760738124414
OOA3990,0.5927209606085505
XFL8207,0.729070900289059
ICS0547,0.45461899601935574
CSV4897,0.4164703825505787
BWU0006,0.5367145255110015
ZIL6789,0.33779012589413493
ZTL2295,0.401946552247692
ZIX0088,0.6568550670407407
MEU3717,0.23590309519538138
QEF2532,0.37040129614602185
WNE1300,0.7593148250585761
NOF3605,0.3679241643420446
BYB0853,0.32568659765288
VLO7141,0.5540481948188587
KMY8105,0.42726688911905714
OPM4779,0.41566046432047543
JZM6435,0.29630124608283853
MHO6099,0.2645841154509217
JOV5051,0.42738337536565124
QJV9526,0.5498360897945427
HKB9998,0.7483319698852876
GML4512,0.4364539975347389
JVN6993,0.3470417837470697
KCA0947,0.7210536716892211
QRG9446,0.45218469977483783
HBG3407,0.537734055350065
UBA6870,0.3019329232528335
WLC1148,0.4395158916120292
CBV8051,0.602444993458374
BEY5463,0.5719698578166026
JGV3234,0.5977730424213545
SJB9840,0.45851179344894294
SSN6235,0.22945950057549488
XSM0027,0.33836216550648573
MSN0593,0.6435988945114056
OQC1881,0.4811960688346444
JPY5172,0.23518941869007434
RYW5823,0.5230116355337933
DFC2221,0.38145483412136444
IKP8033,0.4349385663850047
OGM0827,0.38587288846920337
ABG1050,0.7462214156233767
OST4137,0.39761599216418153
IDC7341,0.32720381268061016
XQO3065,0.48750929119711367
GPA9799,0.643118169459967
BJY1570,0.5827196288079924
WTF3459,0.6471842565785677
PTO2678,0.5011119235196732
YTJ0953,0.6418247392137307
TPQ8776,0.5565879540551677
PAU6559,0.4371687622605646
GJP2053,0.42691155157863864
RWP9660,0.3179559883952572
ZSD6924,0.2420815918959839
CVN9903,0.24292015645036247
JZH4481,0.6786250745914734
TVO6484,0.6874899431369557
DSW4641,0.519879941788242
DTC6376,0.513236171549244
NEQ1445,0.7871898112795634
MGN0204,0.15982844355277132
LFJ2299,0.5623433551236899
MBZ9428,0.3865272280365464
ERK3686,0.11381988284615979
DMU6787,0.27704656885910606
MNZ9630,0.709814322617805
PLD3289,0.6240633373030459
PYZ0091,0.6182209969840176
QYG2595,0.3615060187811362
AFI1911,0.173818335658573
IUT6554,0.7297944428092185
IID4833,0.5784957571547633
YUM6195,0.3100864639257814
IDK5493,0.5524983095790506
RMZ3418,0.42281475377604316
YOF1202,0.516868130478986
OBH7504,0.4506320235005868
PBG3271,0.5431940377472116
GYN7033,0.5044552110935353
BRJ6883,0.490177883667879
QBO3877,0.5216949728496107
YXZ9927,0.5088973904555261
OLD0052,0.3860493983152653
CNX1986,0.6435932033418467
JZH5443,0.3057601933662224
DYM5551,0.2810147791053524
NUK9864,0.47523833702435153
SYM9711,0.6505691768625235
TOD4932,0.6626338264955772
BTU0301,0.43590445004342626
AJA9066,0.46167962134333335
FPN7604,0.11853998179455866
IWK5748,0.3959184474555289
OSA5438,0.6623683407510702
IXV7393,0.41536915812537845
FLI2208,0.6055501882524569
WED7235,0.30558207416004335
XBF6820,0.4521468217078274
GTI2773,0.3088320756777409
ETD1365,0.5132182167336097
YBJ4724,0.3854380007570109
TPO5722,0.6260065603115802
SSW1446,0.43104861011744816
AGB9743,0.5741716198819466
TUX4026,0.48773885260360095
LFH5084,0.571247221557812
MJA0420,0.3838146169284546
OUC5158,0.5731655498027239
QBM6980,0.09711511689911528
MUP4364,0.6872718374944063
LXS8907,0.37516976136834873
TFL1336,0.5989303034158598
DAW9391,0.39408408130975653
ISS1895,0.22361208073705355
MCB6789,0.5060175535560549
OXE0035,0.17246045001066293
SPM4129,0.3850059484636275
TFN9819,0.6829427631968199
ZMC3441,0.3681069653457306
VEH5136,0.21782957668202863
HEO2144,0.48764582070509377
TRB9176,0.4482962971720818
FGJ1745,0.18401143006624077
XTX2547,0.47983948149869216
ICV6713,0.2784666367933196
CED7966,0.3147874031340546
SDI9954,0.3693778796926615
VLF4370,0.3896137089403378
YBI1526,0.4454264209374192
AKD9529,0.716675995777348
ZIY2949,0.2638017949601341
SHG0969,0.6458701013060734
ASJ3263,0.4164232447854468
LEB5194,0.5666304375424854
BJV3212,0.4499141081913289
VHW3643,0.14053738315940997
AIC2509,0.7099595190374453
JOD0140,0.5284737203307867
AFU6285,0.622002719891537
BPX1480,0.3721970615884663
FOQ9360,0.391951888553597
QRV6768,0.8998867949583903
JIO8124,0.6329811721514638
VBG8435,0.5829580231732776
UJK1395,0.5126554857365856
FYB9461,0.38986519239944795
LDQ2649,0.44757433717543055
IBD7077,0.6430857652639633
KRB5307,0.673829457996896
YMM3305,0.3459768578983479
UPX2572,0.42532546334107185
JQH9365,0.4053005367595377
MLW7872,0.4475505628933266
FMW5804,0.3636956156637496
PEG3670,0.4349762734985178
HPV6445,0.1626342123469663
DJJ0601,0.25417615944086264
NCD6920,0.6639906331371628
LHV4605,0.3132489689300292
ZQK5110,0.4860227386108686
GXJ3881,0.31381808861445976
ESS5640,0.6345336774522811
TMB8649,0.5431878828422504
PIM2851,0.17069825145137724
AAY0842,0.506934604594039
CKF3096,0.5091609193750468
FGV1618,0.6601340614655974
PVS5967,0.2401800842383518
LIM3859,0.5529640948660127
RMR1331,0.198264373163862
BEB3268,0.2726171704152447
IDY9946,0.3541533696480649
ETR4969,0.45030186853885623
PWY8113,0.4184834392593417
WPT5799,0.48563137593505773
SMT5693,0.7112978419520815
MVK3353,0.4254383180874081
PUW5873,0.4515457758625069
NDR3956,0.3479065083252727
NTO7966,0.7096847370916763
TEB7405,0.6618194369130913
GTO9790,0.5287526909469464
KBB5390,0.27635096727562025
JTS4195,0.7680642363843226
FKZ6121,0.37650508138924227
ZYU0285,0.21576649790335978
MYZ6375,0.7382656425203358
YYM4394,0.7934606650055351
MOT2487,0.5133160564411601
EEA6474,0.3127609947665281
UTP6684,0.5212511968005811
KYP4853,0.28228958355742156
EMM0394,0.37268190251185107
ZAQ4179,0.2432700876158035
RFJ5349,0.5806494648698185
HRK0701,0.4090067518702923
KSR8026,0.3757557500625074
RYZ8152,0.49897996365835123
GLA5774,0.28304792232557063
CXM6380,0.6136404181299444
VKS1935,0.3794866237945797
OLY4676,0.4474526775716566
CJU5534,0.3492839854086993
MSE9863,0.35042740160288516
OZM6965,0.5962587594744334
GVX1518,0.4068882260072789
NWR9800,0.4660384437178578
GKG9293,0.4280036303396168
SOI0594,0.47100978456842835
UAK9715,0.43105657221959987
HNS4860,0.5344719751302325
QQE1863,0.5873933520940009
AOM1139,0.7655419239063906
JND5222,0.612873422934593
DUR7694,0.21407815834468927
BYJ7605,0.516310407975939
SCA1279,0.27311919353900344
KIR1085,0.48415890508215487
WYD6141,0.22591657315271643
BGT0275,0.5014331848979168
MMI2820,0.7813961319499342
BWL9777,0.32262796415150796
KSS8555,0.43020845951435016
FRH0417,0.6681911174628477
CGN9405,0.16296962743151563
UKT3236,0.46454091804072756
OTX7862,0.41898888351275226
BSI6803,0.3916966323368059
TTQ0940,0.43051670703624295
TWS2621,0.45402977371296666
LUR7303,0.39591126119268283
YBG1625,0.8527620320365749
FSQ3432,0.33256893588543
JTK0613,0.4772024315136675
WYK3449,0.5154169849978967
ULH3218,0.33875696601850425
JVK5990,0.3090718184871012
FIQ0497,0.6224712105377371
TGB7149,0.1842224850695271
XAU7965,0.6048658665276299
CJF9080,0.6056921750678343
REX3620,0.6628429906818095
DXQ8472,0.5214794164467423
AMP5118,0.6151980179193911
PHN1758,0.4767504795104951
QLB7997,0.4072439519831118
FTG6947,0.4369273748965478
RBO9223,0.593550552494394
VVN4722,0.47325092974548444
BMR4527,0.2371823037756075
IJY3353,0.24666469744389716
JSU1713,0.4652280886164928
EWB8475,0.17952311937211768
LWK5584,0.28887631621134097
VCX4463,0.5793931228125984
YOL2804,0.2432015746442467
KAF4464,0.3999864735941315
FIL5551,0.3502266294152968
KTQ5309,0.5052022077911351
UPX7124,0.6235984531329944
JRC4352,0.31652061154663463
UNY7553,0.46326902383972285
MKJ0164,0.793004122762359
UZD1931,0.7560824953735589
CKO1213,0.2878787226332024
KED8188,0.407555940047829
ALF8356,0.5058887605292149
USK3232,0.2704337683030191
DNZ7924,0.29425622781102295
NUK2552,0.430326908292357
TWW3741,0.3663570969301701
UHY2725,0.6098201266348945
SXG3103,0.40433668289267877
KZD5913,0.4475404268082329
LFR3187,0.4336347019808967
EKV5193,0.5617226740204845
YAO3141,0.5031418156241055
GOC0400,0.5636556221787828
MVX8740,0.5762155716303952
ZVL7167,0.7096722233541832
QCL5689,0.5905336418124882
DAM1172,0.6908769991889109
ASK9555,0.4605780041520327
NPL3337,0.33494413300110815
FMY3806,0.3587634724824886
UST2624,0.48769342811161465
HCS9376,0.4516766101341459
WTW2307,0.27446254912340723
SDE7885,0.5538001490568479
IAN7977,0.4312414038427824
QEC1993,0.26575153919845923
QJP1557,0.1758180743730183
IUI7963,0.3130364939771286
SDI6665,0.5847738554014943
KFV4209,0.5630203500133205
HWF9009,0.6617838974918231
KKV9741,0.3874577390816124
YNH0185,0.7299633472420013
PZK4366,0.14843544573444986
UWS5455,0.48189588854022947
TRP3743,0.5347278794649258
DFO2095,0.4566812408417618
JOF5772,0.7326003972654211
ETC9215,0.6176506665035494
ZEH6132,0.5378040396377832
NAS2706,0.48993656346230574
TPZ3230,0.5710184516739004
WCB9042,0.40455272394508024
QIO7021,0.5730411674387557
IZV1149,0.53865444437474
CFQ8562,0.3476152061081217
VSS7607,0.46782851919297624
CJJ9855,0.40889723472147077
YTY4845,0.4001824943817699
TWC7330,0.6125954450194875
EIB8160,0.4124944451372437
HFY9382,0.42863660488050165
IEE5503,0.43802567626891425
ROO8981,0.4473974600615601
AOG8492,0.4698152680887448
VOU8833,0.583636331056887
MSB7854,0.464333357214242
YVF6589,0.25192111537627093
RQX6209,0.6265256902832349
WZD1341,0.39138203082353673
RXG3147,0.2858217592397326
SYN3470,0.26866213745965134
DWN2532,0.8482683956630167
ASF5513,0.46671362693374074
WHS9360,0.6739047867208072
JLP5589,0.4773489565525001
OKS5692,0.6599014111899084
HNV6246,0.5726643187184475
HKL0910,0.4335913282373106
BOX2370,0.7540215015485953
AKE0444,0.45185712996348415
MHG0604,0.2639284773519675
MFQ3423,0.6408103432727978
LFK3506,0.7092549790978259
HCF4579,0.7391389165153843
VWC7373,0.559354826557127
BIV6976,0.5558505952946491
NTS1702,0.361642763102837
ZCC5163,0.43296939713860594
OGB6889,0.3096478402387725
PHW9074,0.3912541258769984
CET0786,0.6771895433505426
VEC9508,0.20939788594589445
XKS1665,0.4196542262516367
FUG9600,0.3452395436677939
KNU8936,0.6032553581069645
SHC1204,0.3054307137101256
ZPX2229,0.2842293464843725
GCT2462,0.3724809007279715
AYZ7183,0.6706877325629234
BLE2265,0.33494666136586904
BTF8456,0.49880718617852016
QRG3891,0.5824663209087101
ZEN0526,0.34994782215900966
DIU4140,0.5392675875045023
EIK8980,0.5702425869730225
KSS0055,0.516837212759043
AZV1285,0.21989972691020213
RLG9209,0.3150028705569146
LVW1887,0.7536981644249091
TAS0098,0.5639610867595735
QKQ5346,0.37466697146867317
LFI6971,0.213021140415656
BQX0824,0.38025338734441194
XML9945,0.6411991267248929
ZXZ5078,0.5671519232286648
IXF4211,0.5599947019422855
KND6746,0.6015784569038256
QQS3620,0.41329094530568455
LVI9628,0.3181615428190426
DUI7864,0.642001043812988
JUE4551,0.6707332582000681
ZPL2300,0.21845250969035662
YEL7564,0.25963468782638316
UGU2507,0.3174949440773135
ZOI8056,0.28198786949733995
QEA8664,0.5443536631170269
QUI8924,0.26304283932970524
OQL3155,0.477549995797735
ZAL5931,0.33530403135256914
IKV4421,0.39532089897341477
FZA4018,0.4185559000025528
KCO2495,0.33882126827817477
SVS5231,0.6755768009531027
SAW7527,0.793812110670464
OGM2631,0.41029494219347995
CVB7805,0.41476360794003253
RLF5135,0.43367268873790854
NFE1191,0.565070559979643
XZF7825,0.41012797423025643
ENJ1626,0.6004301425804243
EEF0190,0.36040678589014297
PTB5659,0.38107845937165713
KTA0598,0.45116382373980446
OPH7503,0.49867203440048513
PFB6052,0.5948462408347746
PQP6676,0.2616684858496282
LQY6462,0.4854100929565945
QST8666,0.5331926503749003
KWV7849,0.6101932403667765
RWP7421,0.40648320603184296
LJM4775,0.46794078301966474
BKO8359,0.3233336662094235
LHH7349,0.25913744048940784
HHY5540,0.46337824701887936
VRG5107,0.39214199992648624
GTY8915,0.45631728824357215
BKP2297,0.30525223627295567
FVO5750,0.644395711183599
ECD8980,0.598769388874847
AEA8744,0.44794133673556596
DFA1094,0.45815994771092566
VNG4659,0.4324225244471908
BYJ7960,0.502047679414725
AUX9209,0.46118556167376734
YKV9464,0.2760394019609475
ENV2990,0.37693145394604
UDP3564,0.43630485227190763
LXG1340,0.4613391730892822
WRR3525,0.8477807520640565
ZRR0628,0.38703587814241414
NOI6763,0.5952042012058636
DKT5697,0.8081085692175259
OQW8246,0.47352570059366106
EJC9467,0.6437213386399122
EZC0491,0.33252987924621585
QAJ7649,0.3988874312070896
RNR0652,0.7386734348182645
WTF2571,0.7987335862630848
MVZ9434,0.3584823937957413
OJG7664,0.4394770617796988
TTH3651,0.3961414797315082
YBB8917,0.3272126359934463
PSI3002,0.5260486950285753
QFC5037,0.5545386128954805
ALZ0191,0.31850130736730586
HZI4473,0.40430150928897013
RFD1285,0.7410542685030408
BFH0789,0.3572694986602832
JZX9489,0.24327486594588235
DGS2614,0.3066101577148737
VYZ9856,0.37829743355624856
EZM2512,0.571601345774561
DNH8453,0.2968688256914465
ZQR1786,0.3046783301774032
EUN7100,0.620025329988363
FDH8985,0.256657824607403
UKU6956,0.5517484688484748
WCW2836,0.1645211981581498
ENW5898,0.4848880132811858
OSP4369,0.428799488883849
PGT1337,0.10044943403665262
LEG8297,0.7113244525504524
CEP8192,0.5507379676439189
VJO5168,0.4158266949789065
QBW2877,0.513728592811475
VIQ7083,0.1574691618626409
OQI5447,0.5725635717044061
UTM9935,0.22383797824331933
AGY4559,0.2944515411463009
JOR6780,0.47999740666454727
MPW8036,0.30584301675371334
EBS9206,0.46949056424565344
WZH8778,0.32864717107294056
SDT4780,0.23698351993310426
XEB8025,0.4140873057058595
VLP0594,0.35646755045181094
FGX8087,0.2926615924095581
NZH6934,0.46579549919809016
YME8412,0.46870233287369273
RWK9524,0.40956209453948084
RPP9214,0.5604833864093302
WBK6963,0.596275903581328
DIG5398,0.3768228631120978
RXB4565,0.2935955128928783
HHK7103,0.20184188108253792
BXO5829,0.2987666953354371
TGW1447,0.5461778978220141
SCG9633,0.4937741867013455
YRH2661,0.6813626344258078
BWM0677,0.5117676149460435
XMI9842,0.43591727602127367
JYV4622,0.655142598731685
FSJ5438,0.3092717813224989
ZPZ2675,0.44960167878817703
FCT5311,0.5054616271771866
DLU3504,0.48621804162394106
ESU2238,0.8814074600207831
HEY5668,0.7445692213867903
UNN4464,0.4357053470034009
HSF2545,0.2503562972552655
JIA5527,0.21109296971399114
ZDA5112,0.7751095685419943
HPI8130,0.42699758687710665
JER8240,0.8094436237024951
TAI6687,0.39130212629183786
GHY9750,0.3310410740593587
ZMJ3632,0.43654663669064764
LNL3875,0.5144874902834572
KBN0133,0.7415601360858585
REV6314,0.41537199059408875
BJK1459,0.6213680992710169
MSF4854,0.49503214942645224
FWV0487,0.3955722897574413
RGY6197,0.5600212525868451
TSD3692,0.6887798398671331
TVS6288,0.44197998158699886
CZV6542,0.5471745055817298
NFW8789,0.4733734351010979
EEE8038,0.6040019246252991
BKX6172,0.48691709353222334
FUG8771,0.5771745948745091
GHN3574,0.25432803926496694
YSQ3489,0.4952042321789287
ARP2492,0.44043665058781556
QHT8444,0.705853534520783
CVN0729,0.43156823770928215
EJS1772,0.5225634801148304
SUZ0883,0.19176369716777572
ZVY2197,0.6552835532966099
QDD5758,0.3358923167825606
TKX2350,0.8738785945108305
HRP1387,0.4462918135062543
MWU5491,0.3182472869305639
VBM5950,0.4548326498650456
GFK1650,0.3657784560320882
BYX3935,0.5140238256680417
SNN8579,0.655052134801128
UTG6923,0.41607492950219177
XSZ7452,0.7755959407946981
WDB2677,0.8641456129549044
GEW6229,0.38181458905557597
BCF2024,0.3472250298096755
PDL4276,0.3304250610480398
CBG3780,0.8313433170953838
JBX0021,0.3828025463055502
PUC3281,0.21407372577541064
FSE5481,0.5332460534631945
XZU8058,0.5886560932803535
SNX2482,0.5181273297564303
JBY1932,0.3131269841965315
FCF7662,0.2588962099592066
CYF9743,0.36457938805725476
IXO6328,0.7082145865086017
BQJ7708,0.45407009752684474
OTJ3739,0.2242360021337195
HWN7895,0.537469550206697
GRH0857,0.5000915310504661
BLB3672,0.49143144754390616
UJL9519,0.28528507604737285
TWS2222,0.4189615137309391
JMM6461,0.4694105029907189
MIW9885,0.12102635745531518
GJD6146,0.3369053025337167
GKG8118,0.39885842980781494
WLE0388,0.23482145071899016
MNS8646,0.779554960120284
GRN3294,0.7448468000375853
JUU9607,0.2768372892520661
HJP7251,0.3188948298558096
ZIW6118,0.22305775448724158
ZXD5535,0.7482025333842275
QKA6528,0.6579072638068749
LTG9775,0.40556041687436256
PSG8261,0.6116842254138859
CFT0700,0.38978285199660706
MAQ6578,0.5401562831546444
JBJ6918,0.6125056969040897
LUR6716,0.40031675288762225
LEO9229,0.7469264004329763
UWO2302,0.48895390922679527
RPZ9969,0.5813233196627148
DSD9781,0.4766741820041463
PNR9550,0.502920274720961
VTS9332,0.3568227818255248
PLR7625,0.5348007929737952
ODC6962,0.6578537416285286
VHS8337,0.24187540176983965
WLL4766,0.6065994450587142
OLC7159,0.3629944836855056
VEQ2672,0.6861351071542597
TAM0554,0.8184268066581405
FKW9070,0.5207990777223938
DPV4648,0.5835452958504043
BWW9888,0.48913905596783175
NAY4318,0.49851943275327654
CZS0804,0.3037818659745225
UZF5143,0.32573142044748454
JLH3600,0.3720777254286026
KGX5457,0.4095444063579996
GSP7505,0.4665895496512326
YZX4763,0.3617879389787143
XTX1712,0.4877531167563832
VDI9052,0.7491655068239818
JCG6240,0.6037101779281319
HNT1528,0.3830675926415285
IUV0877,0.7005675786638101
JUB7317,0.3061990143436709
MQY3342,0.5930857607971941
JUR7255,0.45524933491120023
YDH5194,0.5582017961273701
VRQ0437,0.5262815768316113
YXH2028,0.3399192280613003
SHA1662,0.4408146468751479
PDT1117,0.6343057211354953
HCW0199,0.3045072856918509
PJX7205,0.8208880074648787
BZH4836,0.5727327793623302
ASG5674,0.5398023551812573
HVV8464,0.6564946286767092
YSA1245,0.4181420571064265
SBV7190,0.8337656899400945
RTA4987,0.6922501156441575
SXY9677,0.8400393857583733
ROO4595,0.7620784897166972
ALO9044,0.3391871854223737
ZPB9438,0.2866539328800724
FMM1892,0.22099826632752634
LDJ7958,0.19355704112045483
BYN6337,0.40842989247500955
YZY1243,0.3195671136218676
FXS0153,0.39055557358929976
DWV3734,0.4726660957809967
ZFU7858,0.5093535574528864
TZR4919,0.34009774440101775
TYW1214,0.5050369073881398
NUL8756,0.3172445958008213
GHL9084,0.32601214697026887
UGS2885,0.26077267821102923
HCZ7735,0.43027954864527723
VZR1727,0.48470926091970157
JAR8765,0.48130835156885693
BAB6072,0.5354175740128078
JHA7215,0.7283783119244351
XCF6915,0.282497115541805
CXI7076,0.5068300095072132
CGV3552,0.7266654066617388
TPY0173,0.5465360476588047
XIC4153,0.3124407591342214
ZYQ3231,0.14733095430757293
IGW8709,0.3137087336221315
SXW9627,0.8317532533267299
ODC3755,0.5492474922318508
PMG5727,0.7200009957522014
XZY3938,0.40183060936632614
MIN4748,0.3737761793626654
EVC7553,0.3478597934926716
IKT6186,0.4813491296497942
KDD5931,0.45729836256958456
WDW3223,0.26077932744258725
WSB0329,0.46269046567571315
EKZ7043,0.5548427647166165
QLE5254,0.5286126894802637
OCD4049,0.5545340787772999
YCL7418,0.599031827595483
WNS4421,0.3733958770512085
NYZ4365,0.5000240096733787
WMV4422,0.3241828304432882
AKT0958,0.545527115739038
GVA3060,0.7452048021424269
PTL6582,0.5940008343624468
BTB1426,0.6425012380113676
TMX3858,0.49159218490393625
HVS8035,0.5605896347814491
ZJD0061,0.47421375798168003
TXO8401,0.3227308194610437
HQT0893,0.29912561654971365
NNV5095,0.5039122147372211
UAR9616,0.20867869054156363
LYX6274,0.3247576003872739
WTU3373,0.2603247391502298
LRR1839,0.6849625153661627
QXY9142,0.4173987311363393
CCA1626,0.5291215278076336
QUC1235,0.31466480361743976
HPR2520,0.413008968588359
PNJ7376,0.6366741166370078
VQK3788,0.6730200297985411
EJA1949,0.41015595676128824
GOQ2092,0.4357776172365458
TBB5324,0.1285463348986118
OVD9013,0.572965001243625
KNF0091,0.4261711933661258
GCU0368,0.26890441813964383
ZNJ5257,0.48859716047401247
TRR7591,0.37571400003868166
AQC3776,0.30045533644360267
BDK1364,0.8469323837496975
XDY3049,0.5294822381305074
QLQ5347,0.5930446591277768
KLG3169,0.6615701885795627
RVT7833,0.2111558450461561
JMF6722,0.2220480476107767
LHH9992,0.7521456642293718
NXQ6998,0.303915624412393
TGY4950,0.4222925062105564
HFI0890,0.6558661126927234
DJQ2888,0.5760866321691731
KJP8382,0.5665381132974744
ZRS5857,0.38778929959972797
QWK4295,0.5895048523419983
GIR9283,0.6725627271149515
OTO3264,0.6438229823457184
RIF4368,0.40105935796952863
NOD6688,0.3265429492233754
WFI8419,0.30839787035387695
PDG4790,0.5593312846692148
LHX4004,0.13325317253754548
KWB6083,0.44257272092257127
STT4648,0.725484288323043
CQI0027,0.6344235480066344
VBL3943,0.556586712994225
VEI0635,0.40051854975709844
SGZ0280,0.5752358278428854
PCJ9550,0.5965805332169115
KBK0047,0.40164654822378787
GWR5964,0.4857265732902942
VKQ5613,0.5216665934957799
KKR6240,0.2711364085297714
SLF2772,0.6028085414167559
LTV5899,0.7491829615009358
EKG3566,0.5674458136767103
ACK7993,0.6682202369470364
YPZ4897,0.7698155968616202
SUD7001,0.46706593221044806
VEL3281,0.4294667472992531
ZGJ2684,0.4126419007507158
MBU1497,0.2899124387620944
AAD2883,0.66086141632186
RMG3845,0.27110116047957056
RPO5835,0.30365611798683895
QVB0036,0.33736192007442134
SEL8588,0.39824438791996236
VND3841,0.7237112036273594
EFO4204,0.22182676363975856
PXR2287,0.24673590576122945
RIR0031,0.4612339538731457
TDB3761,0.674398847301423
MBI8114,0.5455540192875826
HVJ0153,0.3993395222374373
ZKR1383,0.5550177115144375
YEF3573,0.4172909385728157
KEI0652,0.46701486906525885
AIZ0672,0.7609289343354263
CXX4478,0.7370831053894266
PDQ3506,0.3610223422184238
HWS3142,0.5632777809544275
LIK1297,0.29409647037077596
JEK4889,0.42423306625836754
BYO6149,0.4925004735034186
FJZ2480,0.311930010846188
RTM6715,0.5952817294946021
MUN8863,0.34749270226934664
VGK9172,0.4795329627742776
LHA2788,0.4272390830649757
MID4291,0.26925866831248874
YCK5781,0.48646088982423424
KLV7473,0.7722681228696443
QIL9125,0.4160251636093594
JMG2326,0.2790404521442482
CCL8625,0.6309104178273465
RJL8493,0.4667042946803541
ONI5068,0.6356090332105679
JPQ4370,0.34030600414975815
GMB3883,0.43852269557457274
XNS8441,0.6434638245995542
WSK2123,0.3818705686950571
XUR0775,0.20034786751546624
MGS1115,0.2819369555952725
WKK0836,0.5515078808987931
VVP6146,0.49349098399343144
PRC9059,0.4950359556059309
PIW5229,0.6129863658027466
XLN7604,0.38394562968601337
IBW8943,0.7948406987948705
NYY1117,0.25738986629867777
CPN4737,0.5019176877665638
RKL6112,0.5966240880570276
JPW0197,0.32032045204745435
KVR8225,0.4913365140919872
XAH2559,0.5657282977200238
HAT9042,0.3369875705378081
OTL7926,0.29719301840079887
RGB6079,0.4364840316725495
XNQ6646,0.586488494880104
DCQ4942,0.580373841410337
VUH5569,0.46224692099355713
DQW9614,0.3422601559334061
LFA5298,0.41699544054088783
KUE8098,0.4817277521617372
WNQ4841,0.2647624375157432
RRH4963,0.764250871485323
XTN9896,0.4907121784118278
YOU8712,0.492475983654026
QNO1150,0.33071720396013016
BHL4463,0.6201057669324741
AZV1070,0.4404303340878928
CDX5736,0.23776501790183052
KZL1871,0.6867048212099899
WIN6633,0.5454240942928228
KFX7900,0.490026158419777
MOB0956,0.516988608889894
NOF9696,0.37998894749933826
VKN4884,0.46507066326538193
GZJ3947,0.540574169713816
ZQB3405,0.36189584155447035
NKN4451,0.7787458327926704
IRN8112,0.40122021845238487
FWE5356,0.3356278911410482
MJZ7503,0.6191252713311113
OCP4395,0.6868387906798821
CDU5606,0.35959301631220436
WZN6022,0.38086765852560583
WNF3197,0.36942014910523024
GLO3781,0.3804021618189817
UXD5028,0.12295879007610659
AYM9437,0.40638673154450505
FWG2787,0.17778572037993318
TUS9307,0.5515483550896055
WUL2593,0.6677609220646062
EGT7010,0.5165615351068312
IUW8494,0.27994929088990533
MRO5204,0.4972845213189605
IWR1856,0.2983418937555382
YYX2774,0.34406187382079456
YEZ3269,0.5240589803431306
YME8681,0.3026263107500476
NGQ6258,0.28187427571509643
EXF5432,0.7024865922024608
XTL1593,0.5112808896962273
AQA5089,0.2009651020490398
MVS2339,0.6546422248998169
CWV2589,0.607049273313821
NBO1176,0.5622500844116598
KMN5510,0.5509212959109128
UMU2928,0.3158872085856057
LMH1320,0.4842060423759368
PGU3527,0.4874994487063685
NWK6000,0.4505264050848177
RUR4149,0.5090606784689162
MWZ0284,0.4574875381655632
IGY3677,0.6414341675431341
KGJ9267,0.6812100950479641
TMK6440,0.46873618765710207
UNJ6623,0.32293273106627535
SRG6618,0.2398183690038135
GSJ0468,0.27748144364087357
CXP7063,0.5452781145540463
PVR1377,0.5402498336494872
HTO1755,0.364489262226916
AMS9709,0.4605130440446104
FQT0432,0.29735691551194626
GRA7225,0.13612671543512847
QOW7293,0.43035599411858455
USF2198,0.6221321265464829
NIW9339,0.419351704021941
FRG4201,0.3778673982553621
FGI4742,0.757708804352255
JFG5680,0.5659456859613985
QYN4491,0.38649758072215146
NZW6090,0.5159509184475077
SJP2560,0.5817578282148832
ZYK6879,0.5412324445445594
YMM2910,0.48432396733950617
TTO1527,0.4906791892810891
EML0665,0.35330772904907426
DPQ4018,0.6450814957226024
SSV8285,0.2080618171911227
VID4694,0.4093504276381254
BZA2279,0.4786633137905662
KNO1025,0.45377073555857766
YKT7191,0.48348479123358873
ZJC9138,0.5442511175494599
ZOK9565,0.17755078181468717
GVR4749,0.39483249046383595
FXF4569,0.616122737210504
CAP8569,0.3535354962840704
XFP8700,0.7281373564409159
SVX6880,0.565070988339988
NNK0785,0.3926406910014903
UIR4154,0.3223478652799338
YGN9330,0.324771949656407
EBR3020,0.6349953610457271
HCE5651,0.5156218573511075
NQC5999,0.5133651479658153
XGY8160,0.5183287597740577
UWL1133,0.47761125920185943
YKI3142,0.39360216100030776
UCB3986,0.33229516028547385
SYL2415,0.24786738521798088
IPW2222,0.7272712495214048
EVC3607,0.4126299727947625
KOV4171,0.1233351857023105
XMW0193,0.19447864999864217
YMH3925,0.4985568021434922
OZW7701,0.5452963254374691
QNF9556,0.34040865273952614
OTV9414,0.5422942869822239
MAR4449,0.6884040783460679
NFJ2056,0.5222034335308655
HCU1891,0.6487199970501206
HGO4994,0.7666211319903479
ODO6798,0.3111147752044627
PXX9750,0.7174643858726851
SCN3025,0.4914440986184756
VMM9927,0.2923347183167797
TBG8314,0.7751841596346675
URC1145,0.5461426754336077
CSW3521,0.6313291739789926
JBG5644,0.6830812280607595
KXG4715,0.4455600491328708
CXQ0417,0.6797958019309509
GXD8597,0.2994135358154449
QXU3204,0.2525017548028713
KQF6775,0.7011666037994491
MGJ6981,0.16353948545620708
IQW5637,0.5547297857754999
ZXH8766,0.6587083505572349
XEI8670,0.2864066647254746
CFU7715,0.35056987606668694
INK5005,0.4399547628412299
YRM0155,0.4435294831788848
VPD2395,0.6564453128340901
DCE8682,0.3580709683402623
UCG4005,0.3006356989063361
ZSI8588,0.3683492473098109
MYM1218,0.6728129168278442
MDF8209,0.19119718575280886
EMG5177,0.3012990757552905
YXP1936,0.4795199133047326
IFQ4336,0.3500381804544556
RHK5615,0.448805372067376
SBA4095,0.3384236796640217
VJA0906,0.39395140240330556
FCB2951,0.6582494158266876
DBT2207,0.3405295462603793
DZT2636,0.4066274925673472
TYD3220,0.38319203543972863
VYM7787,0.3841541752878855
REK7574,0.32932554437777617
WXF7530,0.622457922065591
QQQ8118,0.33914753191013486
HTU2108,0.39361744321379893
NFJ5599,0.6025237173728212
DBL7406,0.5030061923121437
VID4590,0.439409100081197
UAJ4265,0.154709668183207
EMK4872,0.57673450169565
DLC4330,0.6121179305679628
WOP5017,0.772667082839903
FJM0195,0.5102096119812777
LZH5232,0.684708838912289
CBX1499,0.5291361829409857
PBI8593,0.3959820090511081
QRE2315,0.6910466003704268
FWO2121,0.4216437248825797
MCH7129,0.3771697125241527
JCD3244,0.5360698117667497
GEY2384,0.3834497462765244
EOT0800,0.8280010884412312
CAG1966,0.17828398871115594
XOQ8267,0.3702365748384728
HAO2179,0.47227085693307613
YFE2987,0.35928201188058273
AQH4113,0.35372268770623705
VPC7784,0.554337131145313
GAE4033,0.3806526273013015
HFH2832,0.3758622616449806
YNA4748,0.4621731039066658
GPY3239,0.23390603868746032
DUK5098,0.7000026987269311
EVD5179,0.45504685118673627
ETP8404,0.3678981898412332
DDH5472,0.3249296439833426
FRJ7037,0.6352949367695951
ZZN5264,0.706666312593673
AIL3984,0.5893323204528799
KXO1895,0.5245928501606318
PMS6371,0.3648378983669512
GYC2314,0.6353058463228071
TDB8324,0.2679833511695615
OOS2267,0.44691541720968836
NFA0143,0.4554087676503525
ELV9312,0.34869228606153324
MPB1578,0.4014864820503981
LQI3770,0.38477025007375215
SGE1895,0.33285013283562065
IJL5437,0.44999336706529286
THL4535,0.39732277179822345
ZKV1212,0.10455468383730135
NZM6805,0.6603572720534405
HEB0012,0.5531527233691835
CVY6425,0.29504228887348943
OHO3705,0.42101259768113364
QYL9334,0.268902823888335
VOQ2687,0.3221648491297751
ZPM3046,0.2921086352154067
TXO7147,0.4172387986509493
BFO2223,0.27748761590887283
MYJ9670,0.4148880322504311
NDD5717,0.5986415356710816
KDA4285,0.3417921994701194
XYI8525,0.43687920509268996
YCG2282,0.4591944018098471
ETL2773,0.16223116890047198
FOH2598,0.512137044395296
IDO4690,0.30977917625784784
MNG5618,0.3412978947586571
ELJ8701,0.5006589682186634
OGH1319,0.7698910599000824
KYT6714,0.46575275482519696
MHT6742,0.2958798306446092
TKN3033,0.3555725515263125
ABS7187,0.5665210000033731
TVE4444,0.623999827329621
JKT2068,0.42544244896448935
XZH2442,0.33840894029727814
QLD6078,0.38402567549207095
LJE3409,0.521159364572392
LIS1441,0.7037890671515106
NHP4867,0.6306071047695756
KPN5066,0.5941571004405257
ICU0848,0.25467903642804346
LBR0080,0.39666159935694095
CIV5777,0.38220826723640583
CCS0209,0.39245958135519066
UUT0371,0.4677860025269917
WML3891,0.6625360292185157
ASJ1462,0.22833078067129023
PUO0647,0.6008583308834055
GXH8163,0.42915321044114213
VNC0540,0.5063398023010794
AIH9575,0.5545951675009305
OQV6885,0.6085686332329341
TEF4500,0.37805260216537573
PNS6387,0.2769439918684666
HIP4893,0.4515303890903236
QYD4372,0.42796022167989933
UMB7309,0.5638396178694534
UUC5284,0.5470098243808983
NEE1107,0.33259276852073355
CFX4186,0.20718493980574293
ITI2049,0.48276554292957746
PKW9888,0.37740426727767057
CUM8119,0.2160039663508961
KOQ9260,0.3027588840003217
KBD2546,0.3109079043704898
XNO2459,0.7312744248180684
OSP5135,0.3989670438985348
NUK3247,0.5090232298782397
LDP7138,0.44903054452001856
AGO9562,0.2156314435610339
EVF8193,0.5265702390825449
JLG0654,0.3490932346109257
RUI6084,0.26932899216563155
POJ2149,0.8181481099279483
ILZ5501,0.2915270877269768
IDF1632,0.6798607596263202
NTI7053,0.29122119100957305
COB7179,0.5585351266174825
IWW3189,0.39406777381217795
XZR3521,0.6839149315655753
LDX4603,0.48042208912866
COL7939,0.2989731514452779
BAY5313,0.33992420013633146
MWQ8997,0.4598441942122492
QTK4473,0.7278938766683491
ALV8552,0.6379165057019687
VPX7439,0.6847455002230735
HLU8266,0.4669710155729026
BBH4360,0.35418696911967923
KGT7542,0.16142246927139473
UKJ5118,0.49657705402451247
DHN0432,0.4321667573866511
DQT3826,0.6530782017522295
SUH9864,0.37222457986522556
SQU9444,0.5940576837364467
LUM2519,0.8201264096540124
OQJ3928,0.40201635295122523
HPP1357,0.36063508968506197
NFN5277,0.3201290709018964
TUV0623,0.6439670463653929
OPM2941,0.16235807440741476
KOQ5431,0.6024153820320153
GAP4265,0.6342415747209128
BNZ3638,0.32433784276392386
TBJ8716,0.4719944292022577
HWJ0779,0.326505994996901
KRS2351,0.4109040424917861
POK7367,0.43395084983462207
WGB8580,0.4846033104511295
OBR1097,0.2951353678650798
DVA4039,0.4798807530668766
WZJ6385,0.469902961854845
POE3029,0.4000773542241537
VBV5612,0.39415353403343106
XQL1805,0.6112658766103405
EQL6505,0.7061944703126135
YPX7414,0.3891211680037806
CIT9706,0.3606732465971693
PSE6800,0.4821399632360699
BBC9404,0.4000854270112265
JRG4072,0.3417486687252707
FTS3076,0.5319776889469813
ZSD6556,0.438292849245849
SKO8584,0.22915344352770964
JOY1325,0.2930297837462822
YEY2871,0.6381182040891473
RVO6834,0.2196075906832323
CLY8255,0.5517743935688318
ITA1163,0.8157402303911597
OTL4174,0.31508328356887905
HSF0753,0.6449660640564402
DXH0163,0.4328185940413877
KNE4050,0.8257435238081376
WJD3556,0.34645117954834825
ZWM0368,0.6167940227741869
JVL2234,0.4273362384140683
TFL7433,0.3475206085322178
RPO5369,0.5947673922331995
PMZ0494,0.769446309183875
AVF3622,0.328506640539934
BNC1936,0.3240727086376358
ITO5690,0.3387011647437609
JVC1192,0.38802599672906124
WND5424,0.6549261452839209
LPV6023,0.7392213769882581
RMM5581,0.5013299756590188
MYA1487,0.33283303224740046
MQJ4227,0.31759234696005123
ZVZ0289,0.18102547508670028
BJO4950,0.38182607353843895
YJP3297,0.5812753958517219
FHK4733,0.27813618011673097
SYZ5307,0.23730247399194745
VDD2367,0.45595739190114376
OZK0553,0.38205990081661245
IFM9840,0.42192166511616025
DYP9712,0.5060941867661103
UQB7091,0.5347079112611408
TKH8797,0.5926543154424211
JOL1871,0.6389415037555904
ZGH3464,0.5958429679026767
CPV1788,0.8369988182812615
VCQ4561,0.75630817276312
XVJ1667,0.44036048447982457
THF6432,0.42409043155286347
DBL9760,0.6086865293461238
TXI5549,0.6324873260008961
DBY9220,0.3282488706773379
SHM4954,0.22690992514483627
LAV1102,0.1832921591405121
IAP7997,0.30133565583637606
NML0074,0.5584387251013782
TFB2931,0.6851800236341788
KGG6179,0.4541999031133244
FHK0449,0.6530191067714755
ZYK1198,0.6954209328550706
VFY2783,0.4389801380548009
AWP9999,0.48690885529794314
SVW2890,0.22481281857775412
GQP2345,0.3087080691623341
OLK6065,0.12858947052444186
XKI5123,0.4575765296601532
EGV4508,0.4259157298478599
XIR6560,0.40114613842003616
NFK2500,0.3650197271560023
INK4396,0.6443177891491876
LNG9379,0.4771254334208579
WYG9998,0.47653300960820294
MHJ5555,0.35648882805137716
CWI6595,0.47063475559683937
JLZ3995,0.2740243562155175
GWN9320,0.614703129543586
QLI3415,0.2836265956239644
ZAO1147,0.39343556810294245
BJA0530,0.323439367427357
FZH5135,0.1775786122605705
ZCK8951,0.5386972713475697
UYB7252,0.160240486192765
KYF5284,0.35117261599414085
LZZ0602,0.3499085673565972
CRE4975,0.5611767276362565
WMM8716,0.3557813350747983
VFC6338,0.35478718576218604
BOH4540,0.6647681356835048
MNK3254,0.378793588490403
BOO1830,0.22105998625788287
VLE0062,0.5068947177823789
BRO3922,0.4024356869195378
MID4006,0.39973009500537404
PFU5510,0.6059907807670467
AGD0324,0.28689542598919204
JMM5929,0.38417764096418083
NDN1828,0.6504956163939991
ZDG7808,0.2565829177640741
SET0702,0.6357891921021869
DFO6845,0.4437615748044749
JKN9521,0.3181460905070693
SHS5892,0.18063762714174142
CUR6928,0.5099154157291147
OBK5676,0.2537754536194489
WSV6530,0.2407930250630356
CBK6753,0.6834727832198906
RMB8469,0.530429890759703
ZLH1705,0.6676156681236177
AFN3652,0.3945654454355865
ZFW9194,0.3340036641595971
ZKJ5260,0.29053093986591755
TTT2711,0.5752181010381803
BBT4470,0.6083105225295575
SFN0970,0.20191486901132424
XQN5432,0.6667643942486399
COI7295,0.3973390445106457
KLD5054,0.6094232687632368
LTC1596,0.3764544498327605
OSI7867,0.3693891993242301
HQQ0270,0.679265328265374
FAX2339,0.3523787235446136
ZVT8721,0.3269188798672753
YPD7990,0.31218763568850116
OGM1192,0.5258541535405911
ACT7257,0.45948816855040536
UCE1234,0.3178077090031592
SUQ0374,0.23272397564641567
MVG3260,0.11806751347587349
ZNJ9314,0.3092693438227983
OND2913,0.6059455843025525
ILU2951,0.40204045676491146
ILW0381,0.32648905168323583
ZLF5237,0.7564875851145341
UNQ4162,0.5581163272721535
HCC3659,0.572481875831484
KQR6108,0.786390915153819
XLN8445,0.43003325952500004
EPR6798,0.2227866079201347
ROA3504,0.6184702646898026
GEC0457,0.24722441437891965
XED9607,0.45994920844466464
KOZ8984,0.5475612832022773
ZSL6084,0.5554809950515789
VQF8684,0.2909489260941919
RPO2216,0.40079993074685455
UYB8063,0.4626113340409891
EGZ4796,0.5664906840240079
SJZ8252,0.5668449227703248
OTA2435,0.6957243578304371
ICK1089,0.6933772959801919
ECO1908,0.2454729567484777
XDZ9260,0.3633536233273643
XLJ0410,0.3999928307217823
LSM9312,0.7224069187372978
MMS9463,0.7379473801614865
XEI6088,0.4197840224675429
BUF7457,0.41066607474323097
QGW9320,0.5997018619776401
LKC2597,0.2502110721868374
WMD0994,0.6009412984516783
RRB4455,0.36404624426419974
YYX1233,0.1693020392342799
FTW2672,0.3116106682046708
SBJ7249,0.691933111983285
ZJT9580,0.2703779407026999
YQA3054,0.4693726835992667
JGJ8412,0.7914220682054522
UJA9657,0.3946119113446217
KSI7132,0.24286811422027188
OGF9018,0.5903517145448436
KHZ9617,0.41907284200204203
RXI4358,0.5857153687838376
QWK0300,0.22307787110250477
BLU9500,0.28995250786280524
MNG0422,0.458716314845806
KBU8158,0.33032754214282034
LKL3006,0.8175267203921015
GKL4338,0.4812834001324041
JWG6293,0.15344888953591587
QAW2515,0.7744246733100757
RRF4752,0.40983695817706817
XNT6274,0.7272478311786478
GNG0750,0.38806500282861395
BYM4470,0.4544578809423115
PFI2164,0.5378309797833255
YVT0040,0.7253577915600563
BIW2656,0.20570445799098916
SJY1333,0.27945123791506293
KYP7177,0.7176182616937508
HWL0927,0.43433201986351655
WZT4945,0.5285556770738223
BEX3325,0.11376900033075239
QYE3536,0.3483171556379737
RSA9435,0.44621280912344374
KMX4023,0.2590516917198418
AYW7072,0.21708288950873203
THU4995,0.7421309612830005
DCW1135,0.7003414587903496
LOG2978,0.5025971578788699
PPP9475,0.3524226732987966
LVJ7546,0.36603557488048916
LOJ1062,0.7043448616090388
VRW3439,0.5179471984057272
OSM8631,0.141397682174664
DEB6956,0.2750987773679495
TLQ3678,0.5844943258158257
NIJ0124,0.5344602131390309
YVA8893,0.47463876373467395
MWM7162,0.3972938949606427
BTP4984,0.3088365353485843
QLZ5480,0.4530604751922164
MQI0456,0.3304022532226319
JZB8717,0.22008500301367412
SGS3243,0.5274896708818512
ECG1932,0.4175339570916549
IKL0922,0.38236949057336966
ZEA8656,0.6978087961727452
PQJ3332,0.4227329737657069
JPD8924,0.5334696639120602
UII2018,0.6207026983284543
VOY5170,0.3436861528776081
DIX3994,0.4335776268721071
YYN4667,0.3877601935779641
RTN3895,0.3648167353397409
HWA2899,0.5296818539486637
PFE9704,0.2733452989229445
VSQ7496,0.3382707418744407
ZFZ3363,0.3679667918213602
RQN0784,0.61174391346692
SDA6052,0.7327263496991304
WZP4660,0.19953225725372564
LFM1956,0.6056950422300714
JGL9272,0.4653610114616134
GYE1401,0.4865135372322693
PXB0812,0.7311588344276376
MHM7208,0.4769630614605173
JUL6037,0.7713077614197233
GKJ9414,0.5812206341001024
KMY2541,0.6852779562061875
ARB0479,0.2093699697398485
ZOB7169,0.47768604573561213
ASW5148,0.3010088488246419
ZDA2366,0.35346923666696367
AVD0872,0.41942598740826026
CCS0420,0.28201367701509966
TTE2860,0.5097006515390936
GTY0260,0.3923452793441648
DXE4385,0.6466740891849243
KUQ6497,0.7390846918454923
SFP7730,0.6092160188352399
CMF1328,0.3738684084565942
LMA8748,0.8062696069406339
VGR6653,0.393016043454104
RGZ9524,0.35854508015956227
FET5502,0.2645016907714198
JEM2463,0.27917721985455646
AUA6044,0.4513245550909407
HPL9647,0.6148643468397976
BPS1507,0.3269892246635245
CYN0995,0.7746030083474145
QHA8114,0.3029667558933652
FQC1777,0.516204335083678
DBS4086,0.424948969877238
QVF9227,0.4437862300579179
VIP6915,0.1570266734083431
MUD8340,0.7500477824811597
JQF8966,0.2806421311125105
RQI1364,0.5904773828969848
NUF4509,0.5360040488200883
SWZ3190,0.6256558699472327
KXE7933,0.415870832407841
EYA7729,0.6914686511277779
HYM8302,0.47253331030882356
GCB7154,0.5289718058985983
UUE4847,0.3921140887169803
KVU9663,0.35181468791612847
CUK3424,0.5085758394080184
NUI5688,0.5457595831631649
CTV6017,0.49244342471474367
DLV6265,0.5658940612856204
JEW6037,0.3906859009380408
RVI2343,0.6446043298336138
VZD6811,0.4355502289309167
NOY4863,0.5459611655843464
UCD0369,0.5461975746535571
KOQ1845,0.33647972295324385
SXK9864,0.5701201165819548
QWH1123,0.5042658047074606
KET7710,0.5893483997553353
AAA9588,0.7101657531504308
VMI7234,0.6188808590224413
MUP3281,0.46220228479061265
BVN3042,0.30894783899965245
IGH7033,0.523597723354548
VWJ7094,0.5367436337307322
HHY5559,0.4362489869852765
ZTO9615,0.5307197874780074
TXZ7480,0.7244736008950448
IAV4641,0.7668645261363386
YTB5875,0.6043010432312357
ERO8164,0.6775117607784534
EXI5648,0.7868187832499852
ZIX0400,0.44633536206720953
ZBA8054,0.477599501308611
IJQ0067,0.3360995087353945
MHQ5990,0.376997004146335
BCI3337,0.1993512264662167
SEY4573,0.34225199471755946
MDI7427,0.46948957979886186
EKB7410,0.5160568339667813
YMD6194,0.6747610685487805
OXP3211,0.563632049730645
EZU4202,0.5507687731624971
QJO6550,0.4467554424630349
DBY2718,0.4006744836738135
JNH8313,0.4856351510990259
UAF9340,0.45904830294298976
EAU6080,0.39875017089360826
MNJ5531,0.5337158039422981
RNX7667,0.3519299144492596
ONU6035,0.4620597426465745
BSC8810,0.4774305333574108
FBQ9869,0.500046650048565
RIQ7033,0.46566461434844647
LGC4819,0.4012620888391521
EMS0266,0.5823431594118227
DXC6825,0.32669516753200517
TNM0466,0.5869360727846183
LNQ8961,0.24478096102776212
RUP3769,0.8197096347074846
TZX3040,0.6333868442593328
EVV4409,0.7502047009343373
QRC2600,0.4563728215442497
FDA8093,0.8486719226065061
BAS5021,0.8084871695130879
URQ7179,0.5707448902314192
EGO7411,0.5520606041097702
VZE2929,0.3829105801985195
GPG9657,0.5629997109322318
UXM4472,0.6023063574317565
GYF4105,0.5035778421892624
PKN9430,0.42894328455629505
GVW3536,0.5081200767916351
MXB4178,0.39153435498249445
JZG3275,0.5673356014464831
YYO2395,0.359405597898373
ICC2081,0.3883101846413108
DTM0924,0.542732363999577
NYP4516,0.6549346388037093
UNA9848,0.309386209225395
BYB5464,0.6004854299392767
DKO1294,0.4503928694673879
PCP7504,0.2055117604665629
IJT3111,0.5557534197745062
AAK9116,0.3203111771598728
XOT1298,0.555993231951766
QZV9383,0.831113585990846
IME2259,0.571179100001912
GNN8970,0.7207740191463702
BQJ3332,0.47764453125394557
OXP1204,0.4479980934692482
VNJ4126,0.423130002374608
TWG5565,0.6447435543718333
QLR5710,0.7356452696713648
VJD8728,0.5003555573863121
VXX9955,0.4288868935501542
QOX1929,0.17569740598017494
VAL7213,0.6884998306723945
PDX5198,0.33042407349047087
LMM2608,0.5521797583531866
DNE1153,0.28409229152382853
AUO0261,0.45328592123657896
ATO7516,0.5952312397111836
ZHX0628,0.7059181666164901
QJF9132,0.6508304101933146
TJY2251,0.6739530669255094
GVH1191,0.5497231285802385
VNG9948,0.1338929682732161
OJN3679,0.26641258486124764
CLS3261,0.5139702441121449
LED9519,0.5188508128573109
WEQ8487,0.19679150222073685
DEK0926,0.32140851493371153
XUO6581,0.613753209769876
NXY6607,0.8723021478320373
TBC5887,0.6182675085984013
YEN9422,0.5895865526821761
IJQ1845,0.28538865303568917
PZC6928,0.5361920422180387
VUG5620,0.6585504981853305
BFK1815,0.567507153143939
TDA1980,0.47031299469870913
TOW5003,0.29879933706809536
OMN9815,0.22036927576798412
GRE0617,0.514214183358788
JII4592,0.5726936045150622
AOO6661,0.155672608706382
CBO0620,0.49009303472624344
SWB7719,0.22203534648077686
BIT4693,0.26788735906491773
MIG5603,0.7801782666959708
HBV4213,0.39400744434740104
OET5314,0.6373912961245326
COB3315,0.3684587171282884
RSY3697,0.49726250915691855
MSE5681,0.5838329328389699
MMH4276,0.36372760974712226
PFW6501,0.48745966390041834
ZSR0004,0.20944048982990843
GKH9197,0.5073804913690443
TRV0849,0.49302874481926423
SIW4146,0.539188407234007
KRJ0667,0.26268085734391017
DJP8752,0.4482062738772056
BJT9550,0.5922453518983014
VZN6590,0.44011655764022334
JWZ1931,0.5579900791675968
QIH6605,0.2317809244863742
YZF6523,0.6856158746333307
QKG9178,0.17559980522313368
QIW2111,0.20225240106304992
SQM9169,0.5289458501330847
OVA8898,0.6121932991469762
YVS2362,0.26230701278093804
FVO7749,0.5559587179257973
NNU4088,0.1857791021942629
APE0586,0.24591241878400755
VSX7592,0.43104836792185863
VPF6231,0.4834430911955626
HSR9557,0.20265058341681752
ZAJ8603,0.1829872555898323
TMK2376,0.3478910363376556
GLJ6382,0.6092810292119438
ZLQ2374,0.25368962764788
JLD2056,0.22939609341143927
MRY2653,0.3670872246871155
IKL9848,0.359084977131554
NUU8477,0.46222788164499073
FKL4317,0.5456009871478498
PPW6729,0.5481927373496067
SQO3135,0.2480659210305503
TPG3348,0.23571792570637498
PRV3805,0.518833188304768
FOP2376,0.3492674039341162
KWR4841,0.5066064550481352
BMJ2460,0.5397279298744442
JAO1630,0.772120906392621
NZP0982,0.44153199043991087
IZP9673,0.3708228377917154
AXH4205,0.5973922638983261
EKY2953,0.2696654099211522
ARZ7146,0.5208178027367988
AZW8658,0.43923466964123997
DVA7837,0.5415209299545022
FKH3342,0.4785299673930579
GTJ2409,0.5482161527128245
YKG5133,0.3754358733813227
HCF8656,0.21187722553453817
CJM6032,0.45175012602405273
PWL3400,0.3772492877471447
FRN6924,0.6415464156938095
JUY6087,0.5327622328573639
SES3445,0.5924291595378767
WGI1556,0.2119044958582411
JCY3296,0.6481122980513659
ZYP6649,0.271633444501623
AED3703,0.5842604611478804
MTZ7722,0.6591014563470082
BJG7415,0.25519700358604036
QUQ6472,0.6093686736740627
ZPH0403,0.45046868687650043
TNT9669,0.4787571408584718
UPQ7495,0.816731393405343
UQN4012,0.28266217359605883
TTO9584,0.530411292355799
KQR3390,0.47689922072406565
GWH4376,0.2696659677043058
WBC6848,0.5657476559119543
ROT5760,0.4196581361165152
ZIR1901,0.6399403427420461
ZMP0907,0.5871178991661338
EJH4064,0.7497269181314441
IAA4193,0.5054852307730234
JAV8082,0.6809326544585508
BZJ2124,0.4946547607139433
BHS3652,0.4411660006089592
QGN7269,0.30771513003653916
BQB0802,0.4267511249863393
LAN9368,0.2740526965525462
BLR4102,0.5157276313559761
EJL9181,0.40059678306832663
CGJ1367,0.37324648448465564
YGM7289,0.6860922067824592
ANE4633,0.6706387034609672
RVJ5763,0.36842254737889674
EWD0068,0.46382184556946077
KIU4194,0.6258199957705375
QUK9800,0.15409183868916979
ZXV4730,0.26012684695259475
LVO3150,0.6703565781513448
AHH5972,0.4614687609710368
XCC1590,0.6097804513008591
GFT3151,0.5216029074864773
ODI5254,0.534164226824595
OHC5461,0.18148411459884423
AAV2795,0.2882696033408656
LOZ9316,0.3998055014295078
KWR9727,0.2305594321385434
TPP8062,0.11903229632818095
AVM2870,0.6658328794449381
ODF8635,0.7395962618480629
CFI3776,0.37782345052156563
YFE4650,0.592198271790733
BCO5854,0.7532277570931786
MMN5992,0.6278420716835302
BTQ6212,0.3087826048138461
VXN7611,0.7669003794045212
HXL0687,0.660124291104152
HCE8316,0.42765103311617264
WZS2541,0.3109761685862467
VPU3401,0.5492144419792624
VEB8716,0.6281760857869642
CJV7406,0.528994440748101
RJP1923,0.22640752973764744
KBN5171,0.39891087221991023
QPB1565,0.2559316598835816
SHW6134,0.37393362670315106
PVV2656,0.28636059391704105
GBK2327,0.7131162776094041
GSH2269,0.4496681587885865
HQH5342,0.5291473248369415
IOH7276,0.38492093933773935
EEF7466,0.26022289413579647
VGV8594,0.45602495832947354
QSY8941,0.6265904064810057
NYC2081,0.44374987711097974
EGT6687,0.6372952474940484
OEG2338,0.8098262247742161
VMK6024,0.20912104111677265
AHX1094,0.519973556415686
SMN2302,0.727952586249686
WBO6639,0.3414322937831015
DWE4874,0.44118378821120285
YGG2124,0.27643882658229363
DLT6927,0.5926155779281492
OMQ5213,0.49191633416162667
HYN3175,0.466537163699856
MXM1386,0.41757399906042775
YOE8273,0.42685231268581064
SXH2889,0.5394446854484138
CXY0805,0.7314331977808748
VQM5812,0.4479573306344299
DDA7524,0.5751649299945889
WOD5143,0.6606790206635821
OZJ5660,0.5312343202571166
ISX8503,0.7079693259129755
JQX8638,0.44461501938152176
YDL1970,0.6911621763245903
WFU9294,0.22325068663118777
TPM6484,0.732453711327302
AYC1772,0.40415475857244054
KBW5416,0.19751071014801835
KAG1205,0.3283539702100944
ZVJ7299,0.18947451846233113
JLE0161,0.3321128246979129
LEA1423,0.7306667757067986
YBA3882,0.49092426819478907
UHM9085,0.6149069379526934
MIL1434,0.801111930093554
XPQ5985,0.5134018362177849
UPN6139,0.246207279438673
WJA4580,0.4708845954399311
IMT6969,0.3095810877500929
LIO2897,0.4812566147844224
CXN6801,0.3840886967615129
BLU1556,0.7804269887512713
AWG3946,0.4921965293687736
DLQ9556,0.3884539646423849
XEU7488,0.5898299124105193
FQU7276,0.5002491298828107
NCY7459,0.3772876314405333
BCV7892,0.739463289561105
FLH4618,0.418333491717553
ZVV3028,0.2111978962662414
QZN1601,0.700774501380155
XJZ1637,0.6871951658235856
SYB5040,0.5587628107277451
MAT7613,0.3413707016754676
NGH6801,0.4979224272508567
ZOL0059,0.5264267307815501
EXA7114,0.4948582384404965
CXM0142,0.31276666746544773
PJS4371,0.5721118552604716
JXR1657,0.7936778238016509
BEK1391,0.6311110697438843
WXU9583,0.21120464724037133
RNZ7098,0.7024705171917179
PMS0890,0.6095063230218442
AQL5980,0.7676006006909829
ERS2016,0.3961548252349871
ZOH1839,0.2611002325543889
FVX0195,0.4773206742284783
BPH3648,0.5417606572265237
ZVF6316,0.34398736668109137
BSK9724,0.7203525399051673
IBD2355,0.26803462608927126
CFW3424,0.4575769878574017
HXP4535,0.3606194041340908
CAT0625,0.5769415732826413
MTT2731,0.4042387803316863
IFO0991,0.3924763980465237
GVG1586,0.520495862284198
CFC9673,0.20444302156014582
TEU2111,0.6844642106412036
QPS7127,0.3118029096931329
YBV5242,0.6694864349196535
KOR4670,0.5200745467886504
QTM8492,0.7301193463995681
MYK8510,0.3003175527570347
NAG2773,0.5507330584002441
PEC6263,0.5012103768537357
PGD1204,0.31035480147666794
LGI3912,0.755587946065215
GCF7357,0.4885604391130356
OQQ3585,0.5264863180254488
ARM0626,0.4340474697107371
IAI1021,0.648432123470662
MFE2142,0.5018016683193736
KPI3589,0.3411036341910463
YKS7999,0.413982822754353
VGQ7720,0.835946558515437
PWY5428,0.42145045160467276
VAS9650,0.4062348534927466
VTV0991,0.6001322408694998
HQA7458,0.2275000569235172
LSI5734,0.5658093029946923
OKO3668,0.49044554514828714
GZL1877,0.5667703839316768
KWN6422,0.35942842134249714
GUA2567,0.3055324901574304
RPQ6675,0.5139549656372352
YWS6693,0.38912505205023895
MKE5428,0.3542373905118611
LDN0458,0.4215264615321964
GGQ9031,0.36560860144491564
EFY2280,0.1749573350238203
GHV1064,0.3075243146184232
SIT8510,0.5785408954133264
LZK5720,0.29327522177737775
EYY4984,0.2540537203144411
RTR9720,0.15602204409578727
VWC8361,0.3959362069064575
IJA4476,0.6246522128743955
DUM8709,0.41562991560160445
FFC0445,0.4997009160375804
JXW3652,0.43306449574930406
YMO3299,0.49179230221682246
NNG1473,0.43649548701212676
ZLQ9497,0.40011516632963895
CEG0886,0.2540680854033975
HDH7352,0.49742443976223294
PFY5839,0.7190259892324842
MEK8334,0.6831265990536333
NMS8978,0.5218424524334057
IAK3961,0.3292845741641391
ZKC1865,0.649089262841728
IZE0994,0.5804204810799585
IEF1735,0.6227156989467718
KRJ9966,0.21357579439541935
UTW1027,0.5746429921325119
SZS6272,0.7577863359826922
EWF4567,0.6169972467492237
RPO1618,0.7400519486549355
WPH0720,0.2814745335025472
RNX3075,0.6955622053446895
AEQ9742,0.644438651614363
AXU6734,0.5499506347776203
YMV2014,0.3488328055285818
DAI6955,0.3302569599918633
ZOG7564,0.29078277104264455
SEZ3317,0.42371357151576483
MUM2400,0.21180721527934773
OXQ4007,0.33521228469747916
YFW6128,0.650427251493121
JYG5473,0.3721639615090616
LUO0745,0.4107804306476227
ZQF4174,0.37605798004138963
IQD9173,0.43497992453073436
GOI4498,0.45987384941063875
IEA3699,0.23399720926949796
DGM0987,0.52383477180495
NEI7370,0.26711423459892053
ERV1656,0.3261388083477089
TKS3561,0.2934043646532036
WLW9309,0.5956273965321812
CGJ2857,0.6762707959544482
TSV9145,0.26366931274430594
UUQ1311,0.5961125415101507
UCK8281,0.6955582072486186
XPR4649,0.2896000014987559
UZC8409,0.24143162008264962
YQC1970,0.3866207195262602
DFP4363,0.22238672001045928
QZS7440,0.17067834949582947
TOP7250,0.5516850406614529
GTO4021,0.4496258423239188
MAY7087,0.3245496120812853
JQE4302,0.6007174349386589
CFU3071,0.42169520550729706
OLL6961,0.394090022522903
PPP6269,0.583271638553256
VEX9118,0.43025596333529836
NYL5099,0.6251857964355584
YGL9131,0.3014323234751895
DGS3906,0.3894285454446648
ZLO3535,0.24879672076466966
FZC9071,0.4437078952537082
WMI3939,0.3908997070838009
JPO9622,0.5704535581173451
VJO1435,0.43229782470384165
MEE0643,0.5713263910716797
FEB8548,0.5777022152898305
ZHF8378,0.3980142207709797
QLA4090,0.4996661590207766
RCB2810,0.47669209972838006
ALJ3904,0.19986348192124684
PNR8169,0.6059244819584887
PYZ1926,0.4161595978613825
UJK4426,0.3600321494134122
TSH1599,0.6396982057694474
PWK7163,0.44828868125520177
WLA4833,0.6819719177049746
LDO6548,0.26299707677112727
FQC2356,0.43014527221900606
TCV7063,0.627529191196444
RVQ7144,0.5049108250256232
CKZ0327,0.5123201434665722
PBL2066,0.4734060241205826
FWD5802,0.4292918180033943
GZL8043,0.39075525052985505
BUR8794,0.40549779575473033
LSD9958,0.5200684734801011
CKP1348,0.672129488926234
LEO6471,0.6816556694243259
DDE9666,0.27118825934250324
GLF3965,0.4512922173188219
DYX7823,0.5463838330357063
KJT7189,0.4384237738958711
BEE4902,0.3610794028897334
AUL8562,0.30603888635487825
LOU8589,0.38854426270264864
XGX4399,0.6328980758864694
EMH7843,0.26913011577271834
XVW1746,0.7104925339687592
FRA6871,0.6578609061600207
BTZ4615,0.5691813044155024
JVK0399,0.5339877509658251
FBY7439,0.22482749834259927
OIK1811,0.4165781766479877
TKN3551,0.3880809998141688
MTB6145,0.30622129962354444
TEY1076,0.5098614348543864
RPC8419,0.46646623636334983
CIT5139,0.1854426894748557
MLI3430,0.19069182451041256
RUM2934,0.4052582090285175
GKW1381,0.6986711384018193
GLY4319,0.6552166183745086
JXJ8620,0.6890237672182487
BBG8561,0.6993315569946861
NYD6470,0.6351449501628271
UKF9707,0.15044233778131919
BJO0932,0.7250339786563929
HQB9105,0.8061239450557197
FGN2844,0.40208671586411243
AXN0878,0.17683360063082473
ZEL1467,0.34164692626183185
HAK5952,0.23051200101404987
UJV9692,0.5463354910891633
VAN2435,0.6156377451119903
XMK2800,0.5019756183661057
BRM4559,0.2680685207260987
VMA1079,0.661430022218742
WVE4547,0.52259787464737
ZXW0932,0.5060032654715821
BNI5636,0.5398660092309792
JSQ5352,0.672623840181048
JIK0732,0.46907057206439995
WCA3320,0.7520758264415504
DGH8126,0.42597956627714534
CHF7735,0.30082413301248145
RVR4678,0.322457527977465
YCN0564,0.43673209044239564
GTV8271,0.6175599333500553
VWS5640,0.7423686476292936
BVJ8966,0.32518427584002946
COP8976,0.19337677919346974
BOE9059,0.5181553182908539
SBJ6590,0.5137225583029807
UYT4403,0.25420429813265927
KZV1116,0.7140739847215796
BRG4032,0.5219132614407942
WYC4073,0.33820858572267154
IOJ2896,0.3544758636770238
LGG8684,0.4978713739084614
NTQ2843,0.47941071784356204
ZMJ8643,0.37664994524943934
HCT2467,0.25483335140650804
DIA7855,0.6303873210283005
AYZ3084,0.5298549077662832
RQO3935,0.45218501447721415
KFL0846,0.5542582884751844
JQO2913,0.45202078598535506
DMD1697,0.5726392857462859
GED3979,0.21772636504499507
JBS7118,0.5141118088803439
QQP9322,0.3166310351377261
QXS1157,0.3986091544383639
GNB0143,0.4624977330456708
UNZ5294,0.35611952701179195
IQC3186,0.41238983740667945
YWD1004,0.3836951790666413
GDI9314,0.4404374405134457
XEM8565,0.6079374255392445
BHJ2958,0.7032259835528769
JSS6390,0.7502654895478765
EFU6084,0.48691943625826545
ERJ1605,0.5896376589861352
MSK2594,0.6459855920934088
WKZ3834,0.48042425764354457
LYR8244,0.6610915373597105
AIA4353,0.2542505262778664
IJU4513,0.5546370272497555
NET1084,0.8639494283603211
FOY8002,0.673288595138128
IVT7362,0.21751697237362388
MXX0393,0.17654477533501012
MMW2468,0.22336796678142049
EYE8405,0.5414984748859132
CFJ7271,0.575382547490073
GXG3374,0.5791148460610328
JZR1336,0.44472476588369114
OYB2502,0.38243133787905625
GQP9769,0.50243470721508
BTM3832,0.4653002535363826
BFE5307,0.380379208159269
DPV3741,0.6164072607692447
PQF4011,0.8533304735702536
SWH8660,0.3842619675912157
RUJ4124,0.6558455148880216
JIY3874,0.8430560432962171
YTW0738,0.4808243365733297
DAF5576,0.4937324265842961
RME9904,0.33903054501030505
WQD3637,0.4889594054817475
XRC5135,0.4090196398361215
BWV9133,0.6963310198036433
YIE0212,0.3923337985479497
FVP1386,0.3347735091875315
JEV4772,0.5288824025712245
IEQ2327,0.47075699488258316
JGS3639,0.7709522079349046
SLE5494,0.31255505833447195
FXQ4001,0.4078852290292925
BIV7112,0.6159391588256126
MJZ2835,0.4019764110016598
UWI4086,0.5936780358276353
GGL1207,0.41825379832135107
BTO9222,0.442446867374432
UMS5559,0.3497557597620559
KXR8978,0.572202896203472
AXU6879,0.45860633123671163
HWM4825,0.5098489174823932
KKR0210,0.4587502279545608
KXI1947,0.4277582448078561
ZJA9996,0.33769222394612125
MIH9177,0.21800482029849125
DTV9213,0.4130621160781836
BNY3169,0.28742800506569705
KLP0815,0.5507846584234212
SDD4646,0.2519500637848806
RIR0329,0.8830006835060126
CBI0742,0.5363409881868515
FJW6585,0.3605648570875419
IGJ0815,0.7291131756112315
HXV3170,0.7126186740380525
CCH9613,0.29567458315035927
SBD3987,0.22372157206493629
RGI4775,0.8586839207881186
BRW3605,0.48427294738860105
ETH1834,0.5701593658481328
QOH0105,0.2150154608268536
NXU2122,0.425316715698482
SPE1936,0.2539383482692343
ILP5244,0.3166840192659801
DKB4195,0.5263613873018591
GGX6644,0.34300932946602886
HDL4118,0.8740103508918384
MUM2925,0.535623963405483
BXC0675,0.7732158386454026
VBG2014,0.28898938341887515
VLU9792,0.34398135740776886
RMG6391,0.5705519227450997
GAY4087,0.4565708563499462
UJQ3777,0.37584793624104373
BII2514,0.43145838145702803
KSH2923,0.19332410823678092
QCF8781,0.4838262599523275
ZBW0966,0.5081906929609983
LAL9849,0.7179754186851006
TTF0318,0.49623773967468
AXH4028,0.3490086253569712
DDA2131,0.649799488842235
ZHV5176,0.3946232871554954
JUK7771,0.6813640619067793
RMU2942,0.4875143759677409
JAY0661,0.2720418148356481
CNL5981,0.3842631944230223
RQX7816,0.23369883936342128
KUK3137,0.4943299770259407
EWA4218,0.6845905243970272
VEG7294,0.38662677136447965
ENA9649,0.17516386967308603
PND1769,0.5056483206356521
AIL9603,0.535862558754504
PBD8901,0.30956714572732835
LRW0566,0.13909752903659278
DSG9297,0.5034701933627331
ORK8776,0.34279748854786474
RAM1246,0.4048243539085524
KQA0613,0.3860703876657397
PPV5408,0.5282093086187933
GYE9182,0.5367421063726064
ZEY1691,0.3498402322609539
TNS2062,0.28828281929897615
CXA2052,0.5201922940216629
IUM9938,0.40020244777947056
KPE8453,0.5627447673069194
PPK6428,0.6015906616361282
ZEZ2501,0.40332295339874674
CTP6917,0.5677909504968666
AXP8120,0.459172794876358
DUU4571,0.4540800781004018
ZQI1951,0.32046829126282594
JEQ3602,0.5052037728552164
PYC9616,0.38374000159897226
MRM9344,0.5403584855444199
AZY8792,0.5492477323541395
DBM3331,0.35882222574194916
MQR3184,0.6929421759687194
KMG7587,0.17599668302182198
GGZ5023,0.2392777486435885
PNE9100,0.4287273725551672
KOV1191,0.8461130624630067
QDD7290,0.8344209148194904
YSB2123,0.49093467152895015
WJW3660,0.5024296424380429
YIS9227,0.13517849828225184
MXD8938,0.6548441726631185
VTK6219,0.4004399674626503
YEB3982,0.39791540334983966
SRY6422,0.8206154261825133
KWS9373,0.6542196137464538
HOV2809,0.4525235968869171
RPS2710,0.43763838725121523
AGZ7677,0.26651500541442436
NSI9711,0.4762119587791957
AYA7112,0.45422165570894774
JFE0601,0.4035904308202532
UQY5571,0.6281316585305257
RYD8898,0.30165285904055855
ROY0244,0.4019656360435002
TNQ5151,0.49509554912387194
BOV0135,0.34777739797450763
BEN5821,0.46388241315544
JAU8428,0.421591841171128
MTS3008,0.4738852445578162
RQF7412,0.5542341972817382
GWM5403,0.22980231843629664
TOR4862,0.8498006418037675
VXS2017,0.31706738019153075
PNG6506,0.5482627926655779
KTY1630,0.2995974258304757
NEZ0088,0.33747676768615903
AKO4410,0.39101012358361636
LGJ6361,0.7422756581059773
AXY5928,0.3596471742777171
UZJ1364,0.795169796602164
BHK9223,0.21609212508667472
ZRY6611,0.6989835837705325
SYT9117,0.30734326578432625
RHA1752,0.5064455703479532
QHG7774,0.24491135116249485
FZP1221,0.6529467897907886
CXT8185,0.5127289551049458
IYS4616,0.6204915913151214
WBG7223,0.5956118421736153
POJ1795,0.15750469332885794
BOX0998,0.5877987935695874
PCE0012,0.3487930679875897
LCF0616,0.5074508203249671
QER2016,0.4335794066418857
RGD8830,0.7294027537684413
EEI1108,0.32195384956469336
QVC3142,0.582429739785658
UBY1157,0.5385623229437526
JJR8103,0.3584630909206579
GID0753,0.5064601291140922
ALQ2306,0.3674577114768634
PAZ5488,0.6400956836424954
GQD8795,0.3252135307838037
ZKF0734,0.43154145322166215
CJH0968,0.4779763702995453
ILL5777,0.6281328018692179
OCQ6817,0.6693332431747238
ZEU2990,0.5700788288664435
ARU1460,0.4872289731257412
EEB7566,0.49464092399232856
WDY3934,0.6451169268117295
IRD9332,0.42241605426621726
GUW6567,0.36837281894087603
HIF0807,0.6390343127907514
ZCG0051,0.677797296999202
ZOK4964,0.41732325801947656
KRJ9215,0.1528391291279452
AJO7833,0.45129703887368205
YGZ2186,0.36272880529732543
HAS4692,0.5371699747951834
BCF1980,0.6465751400131438
CCF7489,0.29992314493752553
VYW8259,0.6515570071031952
VLO5119,0.6261063040295831
RKC1431,0.31769891636969727
IZG3588,0.5246717424024665
IKZ5035,0.3718154114426199
VYV2122,0.49414493629540973
FXR8591,0.6190368445627219
PQW0600,0.4664530069027476
LLB7273,0.44216711017587007
RXV9670,0.4784981129268289
CHF3116,0.5225007161711929
QEQ0559,0.4555359583677636
NEJ4604,0.30475081506532564
OAX8431,0.25837119847943696
NFL1683,0.4964649698040945
WXL7207,0.6699130550340465
KWN3865,0.53266815251623
SEA0000,0.36921673149374445
CDV9089,0.557130137217631
PTE9060,0.4223514966166824
EZI8293,0.555660254211127
ZII8284,0.6945103003900512
YQL4011,0.46275786880944086
NWC3918,0.5061055224863896
PGF9316,0.3579445731648649
JMZ2846,0.47970429890807986
XXM8641,0.44409730035358447
MCO0130,0.5299426590680825
YHC4720,0.7439396079056014
JLQ7235,0.7998438195504127
DAF2263,0.3189523223492366
RRP3610,0.7100319309529435
SWA4008,0.21077572741198305
NBM3100,0.6538520406752224
NOZ8348,0.8296582088815755
TPY9415,0.44302647072840967
JVH4734,0.8077805042628067
KKD8998,0.7902599545234524
MZU8145,0.440288811583321
ODJ2354,0.6685190219730306
FPK9517,0.6234809788031385
WWT9655,0.3229163185972555
GNF3420,0.5463303887227482
HLY9063,0.6376758225206417
OMP3870,0.3528941592085858
FVB6527,0.2096936359654931
DVO5558,0.7959952750923311
DWI5691,0.3681446306985192
TDT6145,0.33545993834626786
NTN6827,0.6352969834955464
RVA5934,0.505738471498836
GFR8885,0.28034484311406777
ZCU5825,0.3110688810840019
XQV5298,0.3528468992426167
QIZ4338,0.4229918905784243
GIN1432,0.7629605691732332
RLP1548,0.3071323660945234
BLK7848,0.48388152107929644
WSC0490,0.5968912130029316
ABF3437,0.2917799770420843
HTT8114,0.37871505169319386
CXN2987,0.7577512126957461
KVY1451,0.5713386579976156
ENJ2042,0.24677709768368308
LTD5596,0.67078841109869
UAF6215,0.5824266285578672
KZS7358,0.6241477368584536
HYO5945,0.5016899214789228
JGQ5158,0.5061795901184354
PIN8218,0.7893684857444762
WCP7093,0.19221309754658833
ETJ7006,0.42841188788736706
KBX3042,0.36653159101063115
XML0008,0.541899434580525
ZWH4164,0.7298761514708842
VKX0637,0.6951600254672884
EID2749,0.687176726378097
OEG3398,0.5527947247858983
FSC8722,0.518859078571348
CKX1541,0.21161059945562444
SMY9467,0.7393710114535396
MTP3016,0.5814562569533134
ZPQ2501,0.4286378735385808
SIV6541,0.5045108275061887
QBA7624,0.47163173584236034
OZL5460,0.23526712234125433
CYJ3102,0.4146158312748435
GWZ1787,0.5099544295722594
FTN0555,0.7812603630784644
HDZ7180,0.7092002419244047
YFY7146,0.6304257856109451
ZKV3967,0.37499783323518027
GHT0372,0.35940700009618165
RYF2512,0.3878460077418386
NVM6318,0.4784900476692207
IZS5973,0.22807487266883775
TJN9956,0.8182642585633368
QLV9442,0.5395174991769193
ADP7351,0.31397312967381
ZZM2561,0.36152993323905397
HTH4326,0.7251651119415747
NNG9589,0.7171543748869361
WCC8086,0.32993095613274415
FES1274,0.6040654430037573
GFJ9304,0.4616241741024736
JKX6384,0.4603800088195462
QCS8665,0.7233382824540301
EZB6534,0.6120625064109586
NBF3809,0.4098711415746761
TYM7948,0.261590722576001
JPW9435,0.5770099608692688
YYG4777,0.24635655644608084
FME9725,0.35809717788414686
UNW9229,0.28078910916036653
OGO9969,0.415721456438368
SOC4844,0.42718614992012716
NWJ5906,0.4797534414682322
STF1253,0.5327319282891243
TTB0785,0.23238748036434556
UQE1066,0.6233631573394597
WUP4056,0.5884515406170664
XVG5906,0.3711598671543071
VDF4156,0.19317792668442926
YUW9552,0.5406719019812964
KME7972,0.4436447922402459
XHY4917,0.3564166328534448
NJV5170,0.3193133150554795
FSX4444,0.6719082067954244
YFF5235,0.3879497376781635
RZX5593,0.24343951210009104
QFS2917,0.6106184764399194
BKL5342,0.8538631349102327
VBS2012,0.3648865960846739
YUY2212,0.306996539325474
SZR5572,0.22537773048799328
TXH2388,0.25955894179521966
TNN3693,0.43753082829845596
UZT3585,0.8120039496186802
HQK3080,0.25533803466329874
LLI6154,0.5655800268420527
ZOF1765,0.6126292406733848
RLV8929,0.4140524130389623
XHK0610,0.5253193085048258
OMO4138,0.7302058613180715
DBO3941,0.5469656989501289
NOL1049,0.5802834317419399
VPE9687,0.7789089456273991
PUT1722,0.823904477226832
LXR4166,0.43547788081720473
MRS2780,0.38913921405193436
BGO6644,0.521102694672464
SLZ1775,0.507305721204554
QVU4211,0.4042729840085109
ZIF3745,0.458720701614483
QVV9581,0.14460318298235947
KMW6719,0.4610484063130881
BTY6651,0.38528960431613585
SQJ2079,0.6543634780422631
IJM3039,0.606962928453199
QHL6081,0.563721470832106
XYY3704,0.6667160692889248
RSD8940,0.30420138631451143
MWQ9427,0.5267412299166433
KDS2281,0.4423985742924052
ZGF8036,0.724298218190454
EIF1456,0.5002380261583911
GZB1521,0.1737000205779394
POI6224,0.7813294727127537
OEY3483,0.697879556604191
QNW0395,0.6916779293500706
FXF9036,0.5643442988805125
ADE6109,0.7948468225555455
JCK1521,0.4766095263998564
PHH7643,0.31290346445000483
OTG5928,0.4157860807767441
XOP7071,0.5752026223116086
WMK3106,0.3654079581437987
EKA5575,0.5464668745422476
FVO3531,0.24305138569339893
DLN0234,0.7436484636933967
UIY4652,0.49928814884137973
YRY8615,0.31649504545942564
ZDG1261,0.16259158690428352
AWD2190,0.47287340031746555
KHV6984,0.2311818560070298
RAD4091,0.634023458166526
IGT1178,0.8550441586707448
FMF0970,0.4968314215514469
MDD3279,0.4255435275871398
FIL0048,0.4523047128607173
DNX7324,0.6295668459734182
LLN2770,0.6972845942825724
QEE6829,0.5201677654135576
AJL8427,0.14482388508374472
GHH5153,0.4530071592767276
OSM7311,0.24565977295580743
BBF2867,0.28292853171294474
WJA5248,0.22910272857930383
JFV9029,0.4217317955862594
ONY3338,0.3770061955323258
RYV7167,0.6116548641315335
XYK5207,0.2928733842205147
VQL2467,0.5025033498527786
QTV3905,0.4658820083842579
ZXC9568,0.52090389664066
XVZ4297,0.3222480667644161
TLF4772,0.23994049135004875
VXS3827,0.47743382286911107
VKZ6866,0.3553871070633305
IHT0941,0.4420839776082936
GSQ7558,0.36700276589256225
USE8246,0.3882935694326761
OUK4608,0.3228282238868585
YYY2709,0.17065168259726105
YIV4482,0.8122942280965045
KUF8780,0.6570720042202661
JIG2780,0.4452737868549816
KFC7566,0.7606463969665023
IVC8672,0.7929534201064254
URG7195,0.30515478358519893
LEY1887,0.47596038560943843
MTO8300,0.2992739908709763
NOY3485,0.277025037057972
DWK1635,0.644779456573506
VWI8259,0.4895276013066025
TVC6021,0.5119508593535997
RZS4121,0.6185480138141879
MDP9088,0.4646226623202899
IDD8680,0.5807093176533983
CJJ0067,0.3849852977592824
HXQ3855,0.7516527701226414
ARR3600,0.33569700693654486
HDG9113,0.8220591200319539
EXP2649,0.23860371060415228
COM1513,0.4206227782793754
BSI6025,0.5236869371493271
QTF2549,0.38877107944075856
DEA4939,0.3111685339372897
MEY5478,0.447682884147222
WFN3819,0.6758857291625527
DLE7102,0.31359763865698737
SVZ7837,0.4095510370814228
JPG9474,0.6200253300062466
PST1973,0.383430226688559
VLA2925,0.5543375282420627
GFQ6921,0.7443439445867088
SVQ3659,0.5354882556672897
HFJ5560,0.3436832762622225
TJO9482,0.36392440051099645
KEF1283,0.2553760295288629
XPE5334,0.40864854073372847
XDD4731,0.669166952109353
DTC7666,0.43586685008118825
MAV8739,0.4702655156862107
GCG0006,0.2481566793456127
EDJ2014,0.5818942630381231
EPX8664,0.2774380808792786
POW6716,0.6162561678535934
KAZ2977,0.676898577010033
XCX8052,0.34986301439894196
ZNV2307,0.5289091543441913
TCG4082,0.15316928938624297
NLD4865,0.34807566707169935
DRT1162,0.27530196579743244
NYV8017,0.6172200382990034
YVO0721,0.8599493893637676
MMN3031,0.40718150519033763
KFS4774,0.3766603210031902
CCW9949,0.23894163139005753
QZZ4039,0.16243265617734146
NKY0219,0.24328761961104142
JHT0528,0.10080066098107988
KVQ0049,0.4955600027136443
OHY5260,0.43285094849343064
MOV3618,0.6159481830801667
MUN1785,0.5130070239553797
IES0974,0.594572991489235
FJL0266,0.6215350654804439
OQD2211,0.833021205182002
OMC7899,0.30871939097291234
EHN2289,0.3997320403569519
YBO3438,0.5522146498641785
XGC6121,0.5557461165812774
KLZ8117,0.6034552686830794
QZV3301,0.4867925923491729
KAB4183,0.5202532351939247
MJU7092,0.5693341810194126
SIG4960,0.3639316552389132
QLK5702,0.4201891212055816
WPI6483,0.5520468177135939
ZUH8446,0.5137232588752623
PPJ5717,0.487868566519411
MAL4596,0.2693129282630354
OWN8577,0.22568869537674227
OSN2565,0.24017516009940432
FGV2111,0.1475836289623124
XYO9485,0.7391138043105719
CEJ0840,0.5060576467998256
BMZ8322,0.40038329799658834
BGS4330,0.7268571067359277
JEI1597,0.6434291078812201
ZXQ3606,0.5336467744390183
QZD2155,0.6062858730328432
ZBT7709,0.2974589196535382
QYV6318,0.6227917523891948
XDO7573,0.4322699414702607
HPM7246,0.4851896960565806
CYG6666,0.3714851932149889
AVE8214,0.5021655113406694
AFZ8966,0.4212860547742159
FOD9580,0.45257452265066556
AXA4301,0.3751909482577626
EKA3091,0.5647956001404772
XCJ5568,0.26577564546734905
WND2059,0.5626372484199892
SWK2288,0.18857106749273658
IWZ2880,0.41454598509926355
PIT5158,0.586681408645494
MKF9945,0.4771947688605884
ZCG1930,0.5054866865962808
JZL2900,0.6469941361555054
GSG6048,0.45629635818908443
NVU5467,0.5338375759380097
HKW8901,0.49538842830139196
UHC9744,0.6352826015228835
RLU9682,0.5779125214841601
OIA1294,0.459934015550387
SZE3233,0.6284878209565553
IRU4838,0.1940550522904937
JES1785,0.3954750579878551
UCY6561,0.4202997004925874
OTB5118,0.40271599097733296
JCN9706,0.7015740194937957
IOH5588,0.5730301009413393
QOW4543,0.22438548231865402
UHK7473,0.6820745974420614
BDH3448,0.4843138752871822
PXM1687,0.34211453241621637
FPU4247,0.3818037750084665
AOX3969,0.6188325967179904
MGM4489,0.6453161334200445
NSJ5694,0.5211991682457899
KHY5361,0.33707168288458045
IDE2014,0.6680239301821858
CLG4527,0.1756895128850616
PAE0187,0.43493677454956003
TZX0712,0.4678039153993362
MSI7288,0.505883297678874
OPH1133,0.8241988747929049
GIW1153,0.6886470059434986
PNL8766,0.26384823285461867
RJE9943,0.37301362671871846
TZF9992,0.6622097244056051
OAI9854,0.23234773791113927
BMY3167,0.7184041931360714
HUA2243,0.18815802158378445
WPV5328,0.295520798071105
CKV5562,0.735941192583176
XTM2180,0.6779304978436533
JCE2465,0.5210956402580244
ZPG5413,0.4636393596658688
DZU7019,0.2168619683757373
VXG1725,0.5076799514989576
OPM6059,0.7495843614413037
JSB1729,0.8127715086725528
KUT3144,0.32146521345541323
AMH3165,0.16547239079090573
NFK7084,0.3399113962283465
YJN6123,0.43689913806760433
ZYV6499,0.2571479457222347
DYE9365,0.6302261237904755
CYH0071,0.6571024932785047
PLD7359,0.866750624995469
OQB2795,0.6152839131727433
YJG4869,0.45059950135376503
VYH0021,0.4035640814470523
KIS6502,0.1402004645610559
UUY3020,0.5571256786139961
PHQ0092,0.42384875851304676
BVY0985,0.7002962943794943
YRD6672,0.4876627331511434
CVW3569,0.49092654242465633
RMR0822,0.3300565344593428
NEM7093,0.5237399422359545
AJG7697,0.2545197234510591
KDH9406,0.3000527193221477
MQS9876,0.629573131355743
BBR0344,0.5466774722805576
MJR5449,0.6720510838725859
NKV4242,0.6011593808307308
ERZ7613,0.4375672644763671
YHF4884,0.653311751210741
SHY3389,0.44468879495298014
DYR0315,0.5439670943903301
QRJ0474,0.2509477921336937
WSR1971,0.14948209138528012
BRJ2331,0.4690112121940802
ZNU5088,0.3188759102038493
LGB3949,0.3985964733104716
DDN0916,0.4722610998532442
VNO4744,0.674278190395601
HAM0625,0.10874925657565637
VNS0417,0.5749306827820966
ADY2431,0.46920363565113254
JHO2864,0.6653746253688199
SUH1250,0.22418403010400093
TEL6348,0.847232669849174
ANO2014,0.44773720986266685
NIH2178,0.39013873597274956
LYD9788,0.702619344140451
YMS9619,0.4090327778844545
DDJ8939,0.536398428399653
IGY2653,0.3803667114927676
ZOE8875,0.6116089341684109
FAX4808,0.30090286193959226
VMM4007,0.33874176780551135
YMD1401,0.39019734677572904
VKT1013,0.15101345448139925
YKE1591,0.3460262335478402
ZNJ7114,0.40603147047241683
JBU9048,0.45313117962311233
RPL3665,0.49918722532166765
DOZ0297,0.5553376380375257
KXW3156,0.43134065967369767
XHI3128,0.5701595641469666
PEN6055,0.6421030579229691
KRV1729,0.7526555474766927
IYP8988,0.7476828282357508
NQJ5272,0.5703828246375784
IAU7186,0.3924217775659575
QIS0846,0.5887451249384479
WRB6555,0.7295448380266957
PAO8178,0.6117824385615711
FQB3317,0.34146716762582763
XOA6073,0.19738762507481222
VYY2200,0.6577346354499175
ASL2036,0.5508261886324576
YBZ3502,0.6533499371736989
PZJ0490,0.4084579120960238
LTY8297,0.3158396474446137
YCZ1142,0.19985950919610276
TCD6914,0.59735220289247
GLY8970,0.4470770381751404
UFH6676,0.39855632393420415
PJE8049,0.36351835499463947
ZGL9870,0.5114251262531113
JHB3243,0.36632141577896804
QCT2926,0.14952324714042078
JZB8726,0.6838164815985865
ZWI7654,0.40994322736167116
YBX9273,0.6031104657661451
ATY7236,0.3209327106935507
XPU6142,0.17540218486567982
KZS3494,0.6349993589786135
YWO4932,0.3403999655243824
VSU1745,0.4349261581497345
CUG6548,0.5008441461208802
JJI8874,0.3344540414498825
RNA2808,0.3336307227966123
FZP4826,0.4261563862851775
GYZ6456,0.335340794750253
ZBN2884,0.5146412552333398
ZJQ0471,0.25306074063093503
DLA5530,0.3078987286867125
NUT8542,0.7260459451462878
VNK6354,0.8432837832841394
UXU8427,0.35146862463963824
GFD3985,0.5662706261017405
QQR5737,0.44474831639525103
AFC7665,0.29268500740874254
SLD5495,0.7319615058832242
VHD7317,0.6701939914588023
YAL5508,0.323547784628237
OKH9384,0.6361510296686933
GEH9340,0.5652711161545272
KDT6136,0.46066819850878105
PGO8069,0.41104548069872854
PLJ3715,0.42887119738563795
BKM1964,0.24082538225101743
ILT1034,0.45339553185622034
NKT5664,0.3687194018579814
DFI0560,0.5911420870753649
WTZ5124,0.6905421657524279
GJP9524,0.38306769870034535
IDH3670,0.5543485124025451
LHV6715,0.6712576923758184
SOD1257,0.5819153505581323
XUT0094,0.4376948754448444
WLY2791,0.5851235418389703
ZJN7497,0.4185715149903737
OTP9424,0.6552275095330095
KOG2427,0.5362058985308565
DGT2607,0.34346846464452474
IGV9153,0.2749983956489884
SNK8485,0.22078107220091833
GIH8293,0.38606188311065703
ZYN4270,0.6055340198459238
HAD5689,0.5013267930470978
KGR5948,0.45298277244762636
XRO7658,0.5663622051327402
YLV9908,0.5197356346022308
EAP5638,0.7356521091448557
IFX9842,0.47024105063802146
OMU3958,0.4477410123189864
QFL6187,0.47160504126634145
FVE0231,0.46966840207909344
BYG4627,0.8759967254060697
GLU8969,0.5381840868361847
IZD9452,0.44033694476846297
EYW4468,0.540078109247038
AGT1201,0.4741483619888451
IHI9922,0.5774134397197684
QRN6335,0.1802707696022248
FZU8851,0.5567759902329166
GYP0381,0.3376634985471706
NHT4249,0.17669872901022007
FYT7747,0.5583339386249602
KMR5833,0.6863250740747064
XKY8972,0.39570335632564224
JAG2909,0.29578149695637673
CBU6594,0.49227265453507807
KUP6171,0.3328279681371374
WJC1017,0.5569661050380171
EUO4937,0.4640261252519644
CIU7319,0.7026707700400922
IHE9927,0.21762183759147022
TPK7407,0.3747247078790784
QGV7700,0.46587736689858367
YND3412,0.47246817461928975
PLP7642,0.6045708106719757
QQH3030,0.1133515730118192
XGS7797,0.45937931782934305
MAG9468,0.31626254376273744
EQK1178,0.4547809849796404
OFC1169,0.30032170112885
ZYB3704,0.4144532053000337
TXE9669,0.3173285043231698
EDY7478,0.3776891826912983
ZRM3482,0.6435526759689423
OLR8983,0.5231470331488214
KZO2848,0.32504012755511746
YUL2449,0.33746182282260523
MQF8373,0.3502287827565265
JIO0650,0.26897732211771025
YLC8229,0.5991363350532042
CIQ3019,0.7193509826259877
LID4577,0.5213801763414894
FHF4230,0.5720228589639735
VHY9741,0.5677040126723893
ACZ6656,0.82059645370252
XPK9673,0.22050835146578107
TDS9357,0.4271926181108918
NCY1055,0.17490943968785025
YUP2078,0.3551603601223104
NFA4698,0.34005227910167507
NGC2448,0.4021557725517566
MCP9761,0.38789146739286845
OWJ2412,0.22115469688971143
PHK9684,0.5962273446234221
BOP1305,0.40302069862523443
YGK0608,0.40278142909664627
BJV3737,0.35731824636120163
QAD4506,0.321669280385909
RCU1459,0.5497131485227056
ROB4774,0.1616395710511207
QPA1500,0.5199998955747149
ASI9484,0.4667126227649364
ADC5158,0.3558878440952373
TGI2756,0.8769706950406952
XWZ0948,0.27907167772476127
BCZ6218,0.4855513169841428
AZI6548,0.4343521897610365
NJG6414,0.31715213163018613
RYT3911,0.42982746520322535
FAH5419,0.20398388467913536
XDW3658,0.4647266069248708
YFQ7483,0.5157807407330856
OLH0534,0.41313510635018175
MOW4518,0.8287577643721454
JLR5477,0.543241807180848
RCS1192,0.5390941859471983
BPH1146,0.5473296473620745
FAG8556,0.19390004603398284
ASH8711,0.37131085555814203
OZI5872,0.534994944444639
USZ1437,0.30914860585262965
MUX0020,0.780064055772564
TCL8035,0.3926568208863204
FXA0346,0.8198626603175939
DGW1711,0.6563616271524898
MPI3843,0.3509591139436043
ZGJ7391,0.2245287971510314
UXU2443,0.478741342031025
VMG4433,0.33495679934939077
YPL6662,0.5672961970551127
XZI3703,0.7485237996166276
CHM5321,0.39260033217621465
CZD0003,0.2998393437989237
UAE6199,0.4311689722000452
ZHP3348,0.6282735132868179
CAY9941,0.5055063461309006
IDA0149,0.6834254672512947
ZRV0689,0.5636467758427073
KAG0964,0.3696419812648663
BIV1231,0.5716856224122976
OFY6640,0.5186797151048569
DCD9303,0.4410441121360661
BXK9899,0.5752441205585361
ZFH3397,0.43366902786211764
DWF6920,0.32074855351993603
XJB0970,0.5063616771335508
YVY7207,0.3926968988116635
NYK7788,0.7603103008031448
MLS4709,0.7126259268236189
YMW3766,0.588975026001916
GTT5147,0.4445899185309609
BRO1762,0.5040339246833774
JWL9572,0.3481178035315966
WMD8920,0.7586584233561021
EAE4795,0.4777842894295839
CGY2385,0.41208632415450064
ADX0708,0.3975714614068782
JGD1227,0.5647291460430299
ZQQ0815,0.3142595918471883
LGB2539,0.6403750027428732
DIY1538,0.7247415370108778
SXD0066,0.6049051474082096
DHG4347,0.33622440584045343
IVL2875,0.5300569106544752
DXJ1576,0.4701241420551262
XXD3056,0.46319566444082044
FKR8136,0.24951717634046644
XHS7469,0.6429320646835114
JXY8304,0.15368524637037156
XCO8396,0.7116949748187406
SJW6493,0.37928281521662355
WNW9509,0.5189509061380577
IIQ7956,0.35423858405392805
ZGN8635,0.47614311198401976
OYS1674,0.5680795168854867
LFN5026,0.571422683196426
QFM4433,0.337374128464086
SRP0203,0.6537309802625607
GTE8180,0.5959608497508556
BUV2825,0.4888669929465756
UXO7662,0.30644001501677365
FBP0568,0.6159007594698208
UDU8112,0.4329693059217852
PAO7740,0.3282400345312721
YAK8421,0.4771561240140672
GVN2038,0.63496342589858
ZQP0382,0.1850338753152338
CNQ6513,0.5023457614962664
PUY6632,0.4921771169645572
BVP7323,0.40749774090646573
RLM4016,0.3979833696714905
YFG3055,0.37747076534347623
IWU5623,0.6465944883984047
HRN6899,0.27763548078344297
QEE6261,0.495243338137915
MTQ0293,0.6011990099920437
MVC1429,0.5432531432416593
WRG2254,0.40714673597905615
ZCN9897,0.3971853391381626
OZP4495,0.6654047665345382
DLN5343,0.37708131103260023
JEK4684,0.3324803860727467
SJL6931,0.4208107774184348
ZSW8276,0.5593323373527868
WSV2609,0.6618325058275295
MHV7737,0.47015240391151286
YRR8549,0.15101277711070205
ERV1528,0.5302566317833108
NOF6559,0.6738821902511033
TBX6932,0.5290724790428672
TRM8176,0.6914113861644098
ARS4511,0.517748768724303
HRW1770,0.36959473615022437
KBM1789,0.6942116743219457
CLS5313,0.4592461247579617
SYP7066,0.3568905842279726
BAC6711,0.2934716565443586
SKE2290,0.5716036731930062
JIQ6981,0.256318609104534
BVO7960,0.4282408289634246
ZUA2626,0.6191153748788822
MSG8259,0.27160372607540806
PCC0360,0.37515842174804215
JFE9003,0.42522754728454126
FLS9182,0.5895297890535038
PAM1280,0.1755943256514591
BYU2321,0.360651849702247
CXM5506,0.29813711400035325
QBY7302,0.34614085760006846
JUK1901,0.43167311051273644
BWP0584,0.22973549604251653
UXP8211,0.40592558045335825
ZAY8802,0.44107132533889126
QGZ5092,0.4971172383447325
PLT2750,0.2930859920812272
RET4270,0.6509526058793631
SVB9714,0.3158463604302065
PGJ2505,0.6832110648647943
XCR2667,0.5033072753902099
RLL3403,0.39176416063263236
XMP9341,0.6958594875978389
WSF4408,0.25524989752326893
KQS5528,0.7279400969203856
ORQ2079,0.5082523283891301
DYG9890,0.41659268737295263
JCO9274,0.4769359505479201
RTZ6364,0.2999571967077428
MZW1799,0.4031154388263668
EJB1355,0.5742429145821975
DXW3959,0.16401936981807316
XBW1111,0.3924030459382924
KBU6474,0.18358397364747553
FCK8370,0.14014618453730493
DEK2690,0.5746202791524124
AHU3775,0.3979552133959138
OYF9560,0.36296391567224867
PPE7467,0.27558659940729846
QFZ6666,0.3571096595222358
SND9604,0.44081916402933724
JCH0911,0.39024646635409466
XCZ5219,0.3445336333701158
DFS7754,0.3678271788053897
QER0038,0.3715930217421565
PIQ5708,0.5287502459671094
SBM3940,0.1211375845890098
REU8468,0.8080578275994279
KUN9469,0.6276111735306161
FNG6130,0.307756615031205
AMV7041,0.5624183267522815
VQC3734,0.45690014125263906
BCG6211,0.5332890684019067
FCV0094,0.4495113209521288
LJO1761,0.4588447516652458
VXQ1519,0.5990049637856971
XDG0394,0.5211222051372693
ZCA2183,0.35103755005506426
DEY5036,0.2831979922609414
DOA2936,0.17759774615150234
ZBZ1111,0.2635581429654316
KTE4563,0.4408371359725488
JHM5827,0.4850360113789742
IDF9791,0.16005765820234633
YWO8363,0.532062695736258
ZQU9039,0.8181199369680102
RLW7170,0.7782034871572644
RXK9841,0.4867787146845483
ALU4463,0.690012638809525
SFE0721,0.7683808505152875
SQE0323,0.43037753078099683
QDZ4395,0.7805435199172414
GBJ3518,0.4134941989908944
ZGE8545,0.34881067604127003
XKA3092,0.3557156774983107
YKI5936,0.6502894612792578
PZK1377,0.5331411827394673
JLZ9491,0.43001755642312206
ZVR0041,0.474967162847439
MJP3198,0.4953821461257968
UQE0138,0.1626687406895686
TUW0269,0.5792877509563378
ISP0465,0.49999589185782584
XAL5847,0.7573756647607317
PRM3708,0.5408185201611676
AYO1985,0.7185973314790958
EGX0726,0.28245616605752194
JDR7035,0.3827042965722015
MSS9255,0.5732584223924742
WIY7208,0.17521383438065996
VAD2698,0.45325440169594106
ITS5025,0.794839950066127
ACG1389,0.4083213907218245
JNT1094,0.2690768116344782
SEY5120,0.5233642023818718
XDA2651,0.4263781381002911
BIL0129,0.31378526999458844
TZN3360,0.7270119676540397
OHS4922,0.5388400552821528
YOJ2699,0.33407611447643243
HUM6721,0.4104317198349975
EHP7372,0.7068572271991341
MDW3871,0.6303698725051882
HAM5349,0.46878947484537403
VVV0077,0.5116023264904802
JYP6084,0.42659914139587213
AZX2542,0.123132693789095
QKX4992,0.5205666464829626
VJZ2239,0.46594323727781595
ZFT9927,0.4713189950247891
EPV1130,0.4011940931215633
ESO4684,0.7520624194398104
RBA8751,0.7364815913692149
IBD6200,0.43357395606357474
TCC0838,0.2252000963358992
OTO4045,0.7887853157605189
FQZ1755,0.34627443813529374
TKQ7781,0.2531189482964084
GHB9539,0.2502648651279485
QKV0677,0.633973382024028
MDC4556,0.4702990443279138
OXD2801,0.6898135770162128
AAW5921,0.617660622693219
ZXO5432,0.5594821141486913
YKE0773,0.6334648643924914
ZQT9439,0.5349486592894952
BBX5445,0.4346006206067173
OLD3422,0.7204638622399849
HBD7837,0.33595644884987796
LII4395,0.33029120161864844
VXV0165,0.6226642930416987
IZS6375,0.4481115957349878
ZNC6270,0.6161251990173506
VEV9487,0.3787646485104965
KYX6211,0.4271300469786872
GRI7834,0.593695999671852
BKJ6883,0.3400711505627746
NHZ4308,0.48794964766393945
IHH3352,0.5286186447994385
WGE0940,0.6463467235942554
JIY9209,0.6229414170185942
RMW4099,0.6665633605872129
ACX5394,0.6579921053738766
JMY2884,0.613844152409817
HNN4412,0.3296583391573612
ZRE8689,0.34837724772258416
NLX7791,0.4102671413694961
NCE8146,0.7700408266095838
PAJ8142,0.5903182680689313
BXL6079,0.49945016036645273
RVE9218,0.5652963588337457
CYM7511,0.5962442912734165
ULZ7896,0.18716695946238265
VFR0394,0.7245181492452375
DLM5418,0.9018458730512713
LJA7283,0.44039770669310874
VJJ7556,0.4020018295560183
MSY4225,0.3785427200848341
FGM7178,0.6295789074577094
KCA2760,0.5126744643185095
XVI9392,0.49505735249515237
ILG8180,0.7263048063382433
EJA0426,0.3492101409115489
ZYT5283,0.5962451363991925
MBD4028,0.6041783611626452
DET8036,0.25190269627940964
NPU3306,0.6726259796076297
MAF5198,0.6054794122892618
YVR9937,0.7572805761683559
NPF0956,0.42684724505208343
UMZ8342,0.5815925176427618
CTA7936,0.3135476690861399
WTS5507,0.6633201933140255
YHU2823,0.5415598589330008
GCI9262,0.19103150489874346
JWG0958,0.7331507060170769
HTQ3691,0.41862913515739003
JSY8006,0.5112680765764905
BDL2992,0.621236616104195
PPY3602,0.6137534863506577
NRH4217,0.3539087575875727
JZU9096,0.3274982049224729
BEC9902,0.5259645055388148
PUK3777,0.660111010176947
QAI2611,0.4059324169527408
SZE9978,0.26636551243243073
ZQB1293,0.389429238197268
DLT6582,0.2387473822054624
MBP7717,0.4161903481354364
TSL7315,0.6016400611331038
ILX4971,0.8197262145770773
VUT2632,0.3664541393819515
NHI1174,0.664970557455737
XBH4571,0.3214906512341428
ONG0233,0.6652168442496103
EOT6883,0.21556499835790435
WAA4403,0.28802597576021716
NRP5939,0.3940184127200319
CFT0261,0.1169211845122292
WBB3199,0.4852478763972886
OXW2554,0.1376626403274517
OTX8021,0.7595640969378858
HKM5973,0.2502137958984574
WOB5773,0.7022042136603198
XJP8738,0.312380029317889
OFA9596,0.681636600293999
YUU3704,0.7233568791875323
DAA7058,0.7412361203042306
QEI4621,0.42936908439051136
JJN0270,0.3037337275394525
VLN5464,0.27677679068255656
TKY2278,0.7898314249992069
QVB1146,0.7937890460154264
GZG9726,0.4637202781468845
WAG8989,0.5742884585635034
WYG7915,0.42109319705113946
JKR7298,0.2825580898859138
NKC9965,0.3608098655354591
OLX7030,0.4140478185551712
NUM1967,0.45256021834657556
VPG0102,0.7192673114383481
WYP6798,0.6253069543278897
XVX0001,0.5103462397191395
ENE5821,0.5652832242784184
PXT8963,0.4026364834215758
NAK6905,0.7012238934029452
ROJ5124,0.50560845309321
EGP9963,0.3579585086360682
EJD6191,0.42476467575850124
VVI9738,0.4223425861471331
GZB6774,0.5191382237662557
ZSQ0383,0.30531110353026725
VMN2008,0.5022683404751379
VSW9307,0.4678509112030169
SXC7989,0.31518095918288724
JRP5911,0.632343335114963
FQM6684,0.6102339236769415
JTZ1972,0.43430034630664544
YRK8678,0.6475851789351831
YUX6245,0.48174501621284493
OZT0083,0.5523851863239935
WWU3357,0.5784109932076352
GIP8061,0.2462944157770527
GAP2506,0.4218539521710468
MTV2911,0.5217402646845866
EYC2947,0.24862464771045023
KFJ0398,0.5555151188676847
KVP8638,0.6433735652800893
IEN7559,0.600998196283267
ISM8366,0.42286849934417825
QRB2092,0.42875989201042286
ZEF9982,0.4882496840930786
PVQ8431,0.29269281595541713
JYR6904,0.3349969535077441
VYN2284,0.1783194515700248
RRD4317,0.4266107877606216
SIW7452,0.6778572233345956
BNK6722,0.742148230405811
EAC3647,0.3816574893968908
UZY7255,0.21684335654876716
NJR3268,0.5044596260664127
SXJ2106,0.780682758720027
UOL8150,0.686676885532172
GFG8118,0.4047848293294414
BTJ8291,0.32851884685078764
IWD4843,0.30222516365457247
UJH1928,0.3016299281303076
CTQ8211,0.4222684912238791
ZBU3909,0.49437083281427335
CHH0005,0.85959497847986
LOH2075,0.399632473550854
SOZ9505,0.4733905465187153
IDZ8560,0.6951519092419545
XTH4023,0.37168368162248805
QWM3456,0.23441191419301238
ZWT5514,0.41969838341303756
JGY6248,0.7543235228252247
YNI9415,0.5153795579373011
YHB7736,0.7714285358339262
HRY3458,0.7299568314706266
NHO1841,0.2791156512348565
SJT4275,0.21487998976471556
JBC0455,0.48648668170399856
YSV6272,0.41608033068972994
SYR7039,0.5178291177289956
VTH8070,0.2691435130868119
CFL9774,0.25517272822141174
HWL0255,0.22347581839767158
PWW1560,0.723335054423657
ZXV8075,0.16617451150797852
AEI0906,0.33989311847755194
ZKT4898,0.3168774714484233
OVZ2889,0.39142077588718593
JNK0707,0.30091247617383704
FHI9082,0.5825001256384706
CZC7195,0.5194321558348685
EUS8425,0.7104866764441944
VQF7120,0.2841414410349331
GZF3442,0.6335287726772041
QHH8798,0.47414126758567254
SVY2210,0.733744999665819
DDE2452,0.37088459355098596
UOD1909,0.28070054598360566
LFI5893,0.3546017328932493
VFH7810,0.3446069316853314
AEA3832,0.32929634125269064
ECF6645,0.6854981911826141
KVT6536,0.4061621664449633
GJR9253,0.4134610939298351
FMI2663,0.3313824066058748
VQF2039,0.5175975359695495
NLZ7990,0.44758794120902357
QBO6904,0.3668100985951949
ZBO6514,0.5571303873373825
AMJ7143,0.34006812466026476
PPA4216,0.4350092021463732
UNG4672,0.2499608269753732
JKR1254,0.6154752091781529
VEB3556,0.2284995359875057
RMY5487,0.5672447046149774
YAL0969,0.7190664164903746
PWY2348,0.6267946316171631
IHD5140,0.3170528971158127
XAR1535,0.5024039510434192
MOI8849,0.25492721938016505
TDA1772,0.1494353879682958
FRP3664,0.5054821207029377
QXQ3920,0.4739395952642053
WZM4928,0.4164169622815813
FEI7112,0.30715020117466724
ZWH2382,0.556905020483505
YXE2782,0.7707054149721063
RYR6789,0.6325018718484445
DOY0839,0.4423307880272728
KOZ7559,0.6868731828990646
CGG3378,0.5844666892683215
MTV9217,0.3787982076884311
AEY3302,0.6507948167498608
SNN3415,0.5113825958215857
DLH2120,0.44057795709960873
LMC5561,0.39462699684534264
JVR3739,0.2665143239049568
YDK7231,0.37483349833665425
LKP2717,0.40452940237642054
NLD0288,0.738219618278424
QWZ3328,0.6934648337276869
AQB8755,0.48727568382542535
ZPO6482,0.49907320119774473
VJA4011,0.18334907373387108
UNR1034,0.5649205908364693
JET8498,0.3351942609971919
KZM1206,0.5497515306317743
ZHM9357,0.4394270492270299
DQJ5519,0.6294977794842961
WPQ7065,0.3380902252792668
ANP6398,0.3635819735155457
TWV6276,0.5162828703885479
UIG4581,0.3557807272017045
MCK4510,0.5295629754743667
WCQ8946,0.34362489294651244
VPL5439,0.3934685886076952
QUL4939,0.546394716327357
DTB0595,0.465363382924881
WGZ0312,0.4114516645698221
ORU3710,0.6861367730440314
BMU3842,0.6968852630325527
WAS1041,0.7273282730543101
RUV8304,0.3763301068172937
NXF7025,0.5279632341143268
SMT6291,0.4757165926550435
COY6762,0.5515788100718498
UXX8278,0.44540460941917864
QOP8824,0.27734714294991364
XVT5952,0.44630962471398417
HWE7781,0.4272924188395791
SRR9343,0.4943903167570862
FMT3981,0.46078973058738715
RWK1255,0.4919062127998434
GUX1313,0.6892726440430956
VED0121,0.829871736051931
SQR9285,0.22774320820743255
PSQ9368,0.46279593204126934
DFU2564,0.5154420004168523
OLC5603,0.29488083888765904
ZAH6196,0.5472273155892341
GQZ5053,0.395466555880091
NSL2545,0.3768810652904386
PRO0137,0.4987688079142
STU0764,0.233392961848081
KTK7805,0.153579441604494
EYS9609,0.7439257448529789
KZG5885,0.57618976707034
PCB8761,0.18394474156761978
WGW9568,0.7794602450108934
BEP3948,0.6966750357569521
DMJ2590,0.32939660384694597
CTW5615,0.4303328942104161
OPB8278,0.5452116372846941
CWB2561,0.7347605667635557
XIJ2478,0.3580389102631217
FDX4097,0.6118614633795089
YJG5740,0.4825271878673333
SRX6811,0.14387238116826861
PRK4060,0.2883363837376272
ZSQ2949,0.2623399318293959
HES7557,0.531308560691785
UWQ9670,0.7072749568175083
BAJ2081,0.5273744649219155
DXX9121,0.5826741795949676
VZD1340,0.6658222776497633
KCX1429,0.3637668596881059
JUZ7305,0.23948101115631346
AMD7755,0.45944072481619913
AOT6315,0.37697187890618217
YXO2209,0.3910153584920303
EWV1407,0.3709653292442985
GWG3380,0.45757600196325643
YUU4145,0.8117726008999758
TZW5104,0.4092663728015695
SVI0226,0.7135725188988912
KOO3080,0.7584124259366823
RCR7780,0.7471644638237129
DDZ1864,0.4469088824072415
MSG9202,0.3674285958380068
GNC7973,0.4813761199066161
TNB6317,0.16673304698497365
CKP5184,0.7502083738456118
FAN3835,0.2975870982977194
ASP0506,0.6983914722464444
XEP8902,0.33228384970897895
GFQ0333,0.33022241334033925
STU7442,0.2624500728166478
KZH7721,0.3397108426066827
QFV2858,0.6982053868897125
CNA2475,0.22137550987930946
VPQ2939,0.4066059235417777
XTL1241,0.4862925283313563
RTH9839,0.7117992867995651
YVY5308,0.44542346746998945
FZY1694,0.6922847419979627
YCA2616,0.5981162396879831
HMU3975,0.2567188684608513
FDU1357,0.12852093529065928
COI6888,0.689355272005327
YQQ9816,0.44811504927635243
DCJ0598,0.12947942047860495
QAF1690,0.42246574676928905
SSF8640,0.5716218989315314
QZS7048,0.5615944168143325
UMU0017,0.14371625615372843
NHR0599,0.30005300570316884
TBH5424,0.17889450045624536
ASQ3055,0.4794673895360332
YJL2807,0.324576178724098
REM8079,0.3564970511482033
PYI6606,0.46578018035764646
FIO0648,0.7834080357440794
KCL5134,0.4503674697505174
XFA4921,0.16425333337319198
MFS7445,0.5335068041352509
LJN7166,0.7371333892478933
ZSB8267,0.7050417962279405
NOY2382,0.23883073363996563
VID0540,0.5939182944467185
PUI7231,0.7086836796651086
DIU7827,0.34804575337688987
LMS1840,0.15323291977232767
JSI0972,0.19689919874273468
VWH4510,0.30639335180915594
XPZ8442,0.5194170987178918
IVR6080,0.4704286776266522
DAE7056,0.47275494345799907
XSF9221,0.7209774662826987
WDQ3723,0.7907678951744287
SDI9085,0.20760091680000875
SZA0713,0.6548710541278872
OHE7288,0.3481381773543614
RKN4919,0.6294844992986249
UEP2190,0.4681040031732509
CLT5723,0.14040428426523183
VJI8551,0.30876304768773066
XPK3889,0.6871432630143688
SGT3305,0.34891728517809306
SAL4070,0.23105680736430875
WVM8211,0.7391324125588354
PCS1722,0.2642442431181987
XKR6147,0.7098004743067854
XUR2232,0.5810415945981144
JKT7149,0.5647173537118954
KYO3320,0.6081788750645982
BCR7281,0.4454442021131484
RGW1489,0.34382792760104475
AXN6618,0.5111207273219973
PJA2115,0.45901353717460586
OQO8884,0.626602967268185
YNZ8560,0.4736684416928974
DHB9103,0.4599448782104315
YIO0165,0.6259080789201038
EPR3439,0.5200433545561066
BXC6882,0.6149921193059212
JDH1113,0.3624386054282945
ZOI7409,0.5060019861592733
NMP2912,0.29112145670853196
GOJ4289,0.7004668074453064
XHX1364,0.770863341771919
VVZ4851,0.6001124316822363
WTK2653,0.3331074821803072
MAE0737,0.49889557590334455
IMV3149,0.5631806970794175
KTR9193,0.6656361465215698
TOD3591,0.22255756929630477
FRB8474,0.2430396255017923
QZV0518,0.452671112828177
VIP6808,0.1317780171143278
KXI8109,0.3781775215692316
ZFJ7032,0.8023313876888782
KFB2661,0.5060272463510679
DMG4116,0.7101579825331261
APL5877,0.4360649769704549
THY5809,0.37544749274608685
GJJ4558,0.40629479277093933
BPW7388,0.515019130559883
XST7223,0.660155534362897
JEE4921,0.1779299475796719
LLE1425,0.5972705926759477
KUE4150,0.6142486535876314
WWE1408,0.11799173554009455
RUE5821,0.6222748964761488
RUJ2756,0.7170794120499682
IXU0926,0.3031839175753017
YBZ8802,0.3295483407166075
KKN8936,0.7504630747320046
VMI2245,0.35758062725078843
SMJ0545,0.35384027432097037
DAS8749,0.4751292439250544
YER8134,0.7312080206856331
UYH0872,0.24520688917080732
ZPD2531,0.758546434346789
KTL1545,0.5238620083126475
EKQ2049,0.6186665155094652
GJL6540,0.6021118989939329
XZV6966,0.7783656831888075
LVM7923,0.46499609821196874
IEB7788,0.683226120120905
UJV8655,0.7283807499628899
GMZ9526,0.6156108172997142
YBZ1017,0.5099173927947998
ALX8013,0.3195476414462677
GER5584,0.3565698856167268
MWX9044,0.29665321503684416
ERU1857,0.20551890563615147
RVZ4998,0.5657158605439992
UEQ7217,0.4661365240468123
WNU3314,0.3651209755679917
FYP5922,0.4264447474768445
WEW4166,0.7071255425457578
GQL0285,0.45287746813480845
GBA5352,0.17824774837131244
WJL9492,0.3387476471786721
HSM3570,0.705757030848402
HCT5417,0.4704657251476404
HJH6473,0.6595788575503636
OGM5986,0.3444968716006497
GLG4293,0.18517477533843496
VWN3938,0.5708990121465585
GXA0045,0.35083121086576663
HYI7006,0.565164533203986
MKZ6848,0.8880124825238498
KDF2835,0.5115083678411112
JKP5380,0.5091366100936975
OIM8727,0.7195792993301904
VUI2290,0.16593048121557416
WDW2129,0.7242488553245913
SAR8093,0.5042483112838634
RAT9039,0.33349948303785176
WIK5954,0.29570267778001186
NVL7088,0.5571192337922041
QFF2987,0.613265893975628
WOQ3211,0.5977503346179193
GWQ2895,0.6568571422234293
XFB2979,0.5740141130835109
JUR2499,0.3970146773456439
FTD3973,0.5434412461723428
GAF1548,0.17159087405360904
CFV3986,0.7133355982898395
CWY7712,0.6246956438717027
AHR9467,0.29105821623064126
MUR0716,0.600532490508518
PZZ4271,0.5704707422538016
UMW6557,0.5357176534718618
UDL6067,0.6262770451833604
ZHI4043,0.36316450347275386
BKU7239,0.35958009943581076
AWV1442,0.38452949546466714
LTU9152,0.4372329797185712
GAA7231,0.14378392926972486
TYZ2295,0.5835626454173755
TFC7836,0.15544482264970566
GRX4717,0.44595563370100666
PHZ3014,0.1661033010020183
SQY7131,0.49241972424608765
SZP8923,0.32827446562219914
SHF8940,0.522909501067472
SIY6976,0.5972236315671889
OUU7553,0.6329759327942283
IZY8370,0.22954648556765622
UFP6673,0.6545098255659204
YCD0298,0.724395224312185
GYV4279,0.24410978874134437
UOH6028,0.5274360296360162
URM1669,0.3940999233021139
WOK3312,0.38737538024942314
VKM9785,0.41881238783142666
DEY0553,0.3143223672172976
KOE0267,0.726666403908603
QDY7816,0.5733363797215216
VQI2890,0.4107081159641913
LRX7049,0.367509447972409
QPV0099,0.3716718983330248
KRV8762,0.36878109120825464
VAC7571,0.5540941814726354
HZB5860,0.34398675671245244
SWN2244,0.6008370257435353
LOO3134,0.25370361134061387
CJC9458,0.8373713682488062
RGQ5084,0.5162299304651293
QTL8583,0.3259388893211952
TJF9910,0.3647942938110804
ZTS7674,0.3847305384320943
CIF9346,0.6648269385910993
PLT4718,0.36552334950205734
OGH1176,0.3825871583698036
BBM2431,0.5433553166330126
MMC1438,0.3587749312076427
JLL4117,0.32844187839180966
SYK4331,0.5272949625396021
QSY9890,0.21595141591070055
DJX4643,0.2961963608577133
COJ6421,0.5393147339197549
HNO4349,0.6837932455819694
XAC1384,0.7525561362744845
VQZ2493,0.8264232682949179
AOO7588,0.31152842699992894
NPG6848,0.3971181629812035
COW1344,0.4996201092341796
MWE5697,0.5036985942015736
VMY8506,0.3330559624247798
EML3806,0.7032947496817453
KOM3157,0.09863135038037284
OLX0382,0.4808485506647875
QAA9380,0.49912098042902076
ANW5580,0.4335913612502368
ESW6215,0.4257977812288635
ASX6995,0.20441536748249167
POP5770,0.4045452737551094
BAG5404,0.6645511593690211
LYG2422,0.6573990480913676
VNF0722,0.502447614525972
JEH6392,0.2768475426833929
UPJ1865,0.304490309501184
FKS7618,0.5828191268933813
ILV6048,0.3203420259391844
MQI3920,0.4653381323816462
BYF0970,0.5848676741082562
WCO6481,0.42435534224472365
KLW5610,0.6314319303757003
TRL9207,0.42123845603020904
JXJ5162,0.6873004746550718
IQM4120,0.3650239792097635
FTE5233,0.42963996512486546
GUD3977,0.4156285124284927
ZPP0234,0.6150463026762163
EEF1466,0.22316130172153506
VOV8606,0.7092505514774817
HPR5191,0.5308971334287212
LYA8405,0.5461314455747804
WBU8735,0.6675609890797077
TQR2275,0.44441190869353253
JPW5875,0.8142129399522913
TLJ7924,0.5813502381946433
XMY2043,0.27251728037152273
QRO2231,0.4720182187236301
HLF4845,0.4901570476287354
UJU3717,0.5915749937128161
ORB7785,0.22734460508105067
URX8712,0.4560690396526889
GFL4830,0.5280408945498031
QRI3011,0.6596625722655486
TWL7361,0.17980350571317513
GSY8311,0.4658316841388328
ZAB8662,0.397358719507266
INE5446,0.5406656249308338
NAT5345,0.40833246096979464
BUD2177,0.35059148958954534
OGP8515,0.48256236931191554
QPY6663,0.42184288625168864
RLJ9691,0.30533164348948877
UKF6131,0.44834307969808673
IGK5300,0.21345717756737306
BOA2857,0.5470603842301256
OUJ7375,0.5687731482034832
ODW2622,0.6663238174480228
EFV9929,0.7997248902549967
UMB6250,0.3475147838921888
ARY2581,0.21052041588988848
FWD1267,0.48506293546390344
QWK4961,0.6016204170508533
RWR6816,0.24104540899243568
DHZ0702,0.6293151754693931
CRC5041,0.7495698494650886
XOF2459,0.7100992063864936
WKQ9187,0.3377663659933228
AZV9085,0.37628475192888794
YSZ6492,0.6970678544819372
CNK2218,0.5796346320907639
OBF4098,0.39969843181013015
LMY9061,0.4347027220119871
SPA0324,0.4034969026579372
QMB9576,0.1838481907238141
EPE0986,0.5779603348524757
YPH0413,0.5451301663759901
RWU2048,0.29211483965184726
XXL3715,0.3474677041664253
LMY8761,0.805325231848721
VZX6168,0.17165802268418218
TQC6813,0.2571727050669283
UDQ1869,0.3939106422722154
DNH5723,0.6818157994615381
QXG6300,0.5079033319392444
SKP0307,0.16689689727281015
KYD6619,0.5089731682681389
UBI4597,0.5112058794207605
XJZ0694,0.4462936270326341
VCB7873,0.5852607895950038
DVP8229,0.28224953561247895
ENQ7050,0.8221962725093904
VSO8083,0.34893956327602266
IVW3734,0.4581139029154009
STS4967,0.579609712942783
NQY3007,0.4763792008013677
RPA2336,0.23586343940274873
NKE0904,0.40355725272601006
IQI3842,0.3763023503837876
HKA5518,0.5811648161353559
GOS8577,0.3418846822478026
ZQE8717,0.18994994482287275
PVL0488,0.35510300588778415
BNJ8623,0.783693523292388
GEN3250,0.5168011448983364
LWY0125,0.6641172354819564
PAJ0655,0.2573788628408651
DSJ8355,0.5488667380766734
ZTM3982,0.5043280265794743
GTG0544,0.28571973838479553
YNX2835,0.46783586938315747
TGN2850,0.41601598564384445
BXX5261,0.4120236346214649
HSE2409,0.37157636486809814
DLZ1901,0.47050819870064
GEJ1320,0.6223206138390271
VWQ6022,0.38752100617588975
YOK7020,0.6475050085336456
CBJ3105,0.4407083087695561
VSY3899,0.549500579897043
VTA4221,0.5549004074945236
HHB5509,0.627493422405564
TGZ6086,0.48684174487433474
RMP4380,0.420209488094347
UPX5708,0.42103201338705504
ENL9282,0.37958848860724104
LZH7750,0.4199077762260939
IBS9693,0.49197391901684073
PKI0279,0.5042749409863886
MNM4404,0.35537031036835126
LHG3702,0.6091827406592719
QXS2664,0.4410412251334971
ZJE8725,0.44880162351386776
OJA7001,0.4706774052221837
ZSQ7961,0.20035735663635298
YVV8348,0.24226143356552565
YEM8450,0.6763057782810236
OWZ3181,0.4918744081400615
VJT5618,0.34989002141124587
IAD0845,0.31957373000800154
KSU8228,0.6434045331638639
AKD2635,0.4901625009678065
DPT3746,0.29608705505165506
HBB8000,0.2996518054847968
XKS7078,0.4470371812271565
BSW6379,0.6114715474791675
NMD9061,0.4107254168856319
DQB2981,0.4019251284020478
CFD9987,0.3573173191704181
XYJ7765,0.4111407997992493
CCO6993,0.3378414475311181
LMK8623,0.30464096229727017
MHO6527,0.2880331123160764
MPD1810,0.48226210075101655
BTH9628,0.5640540792262075
WRF4157,0.5230508809564915
XXN2403,0.6156617387425233
FFJ6322,0.4087460159055473
WZD2412,0.2941846219838624
OEE0398,0.30664384808444767
GMF4223,0.34642208138389247
EVD1832,0.5805740443787875
EAO6665,0.6905202559562118
ZTE0996,0.37301688559479357
WJI7604,0.3910949771319291
GXB5604,0.32360574037615275
FRS8324,0.42306067368821754
ICR2183,0.7145615573897404
SQI8245,0.2718561658714323
ZEI2787,0.7292085514221271
UHX8290,0.3055767463215527
TTO8119,0.7494237387440323
EWT7697,0.42333304143058714
LKC1392,0.482077929275719
KZA3127,0.6475152239769579
FTW6416,0.6923453792551727
GFW7003,0.7001481863727754
YTT4302,0.44724833186368984
EOE9840,0.2991672660380365
RWM7830,0.5409183698703378
GOB8336,0.2863817402771528
LFV9110,0.1653227036475699
JPW2124,0.3994700173163548
BKF9745,0.3183728812725576
ZRA5115,0.2863261290415381
LFH2159,0.5653667066445061
VMS1291,0.14904423736810923
PMX7872,0.7742661407690021
QXX7294,0.2812582382770083
FBP6560,0.14664514693750752
VEK2855,0.20820619756134268
ZVI3482,0.4829218565553364
WID7204,0.6332206782741446
UXR9283,0.393039663815729
GCR0520,0.1362437041290818
ECC9768,0.39858316106171293
BPF2428,0.17461503175105192
DEJ5473,0.36595294875180023
XYO6541,0.2989650987832002
NJU1327,0.4335469349033359
WSK2569,0.6802538185163209
MEY6847,0.7502182564723695
OCI5920,0.410063016485667
BFM7635,0.902597490892365
XVU0737,0.23624231470399462
ZOS1822,0.4332152010926773
SKD0534,0.3511250153344104
ZBX7132,0.48289940402491816
MMO9244,0.2700773548925986
PRR0310,0.2622769224465857
TJG4761,0.5736225427014973
BBN2496,0.21654561788617296
JIW5388,0.8114836573146624
KSN0005,0.4913947458953579
MOK8564,0.45016382678869366
EUB5732,0.4543923503416377
NLQ5109,0.4060258471270324
ZXP4295,0.33520161319696806
PAG8472,0.4326397471691574
LXR1978,0.34103133302650857
BRZ3164,0.39641888308531253
DKT7237,0.39769926147047163
ZCE2914,0.3530944657186517
VHI6516,0.4215535410770054
UTV4967,0.4958637257327603
USJ4246,0.6160730473919228
HWH1249,0.38572917868195106
ITF4864,0.6204589446695762
KNB6126,0.3797129583503727
QYO5313,0.4903887934203129
WIJ2188,0.5953684826632786
ZBJ6751,0.32658471854414306
VST3056,0.20069232030048928
UEA4586,0.4293845223738716
QOT0490,0.29810376821380047
KAG3392,0.7767387906717144
SUX3398,0.14596086517167473
GXR5119,0.7335422362714746
WVZ9101,0.45076037581578376
XQQ6405,0.5653306401428316
ZWH9628,0.3756911333028569
OMZ6112,0.5071395251919294
LYP1066,0.7549260054035208
ERN5227,0.6846156335808512
DOA5901,0.2739192411937323
IVS2527,0.46376589144058594
LJE2834,0.38077521402765435
OPH7321,0.6359675760300573
OWH9677,0.790960831266408
XGF4872,0.4025722479299474
PKM2654,0.35640960297701596
RVE3128,0.7075869182293713
HCZ1235,0.7315008045879932
QUZ4412,0.47181578198189417
AGT2111,0.29151370807352556
PSF8463,0.24529213937838054
KBU3273,0.7706155229593263
XZD4636,0.6429652010903476
DOO2539,0.4980724870715947
HFY8294,0.18224317377850643
EFC4627,0.7423716256283504
MSV3690,0.2625478578709254
TIR2213,0.5408804463878069
OHJ3283,0.5369203579399088
TVM6927,0.7870759018576707
TCQ4437,0.49625683159427103
TWF0211,0.3453740786983727
SCV6838,0.25167844088903796
DMN4994,0.5088382465104789
INI8518,0.5090845619391033
SDY1000,0.6079565377592901
JXM4061,0.5009235159590638
PMA6094,0.3590122680310089
WTH9861,0.7112444818742566
XXB6736,0.4270319176268608
IJU7206,0.6257404863831771
RJZ7847,0.42311412612115945
BJK4564,0.3005860603337136
NDX0091,0.31143341609309116
NFD6321,0.17869296517549865
TEN1858,0.194425829377005
ITC4358,0.3902612871471222
FGY4048,0.30609900303128795
CPQ0026,0.5079128148962401
PZA3978,0.4149018464662543
JOR3671,0.3272608925301364
PKI3568,0.3663378093908283
TBJ6999,0.6765278532646677
ZVM0946,0.2952348876261005
OQT3041,0.7980356036296412
DJB0799,0.4813673504354827
HBV5727,0.6693812016326961
APF9285,0.4208153625638495
UXG0628,0.5615979618022717
COL6410,0.619424934997957
QPZ9639,0.5165201134555897
UON2161,0.3415393614293587
IUA6276,0.44712668736782074
SLE2186,0.40235407610372764
TLT4666,0.40864218753716003
SCO7140,0.6144605724848424
BID4149,0.5318000516526471
BYF4218,0.31179268326573584
MNR0110,0.5452397014484986
ULV2517,0.543354369301644
PAR5191,0.502022817347647
YFP3399,0.5059523509301352
WUZ3632,0.3166107815464083
QDA3476,0.48211274068865767
OGF7039,0.7857827546200665
GPS1812,0.6796479138490951
ZAJ2495,0.6616931189133691
CJP5768,0.6657443080572234
GYY4735,0.5295997273706256
WHD6815,0.309178962224166
RAM3944,0.2766783805659836
AHF2562,0.4296039781778393
PHX3766,0.32500832706773963
IMO2872,0.31054302341914836
CNP5354,0.3063478633248189
CTN6782,0.364157721697802
PTO4108,0.3667391538901244
KTY2623,0.36761324566328074
UDY4764,0.716115566141799
DZF4635,0.4285621275033134
BCW2803,0.5068848378700096
RFG2472,0.6403419759937874
EAF3848,0.2613075764195542
CZM2079,0.2717417571434548
ZKL4083,0.6057998524654352
MIK0805,0.33651028315198434
UZI2506,0.8159265960081715
XAM1154,0.5940524347335261
PVI6541,0.8564278163754718
VZG6189,0.8523503212351052
BRF5316,0.6028638000191673
LHF0941,0.629828722510005
GTE5510,0.35645767942450685
GYX6928,0.3263121156218357
QCY9581,0.3154644039717023
JDV1123,0.32575527094594103
PXK5315,0.27654430524000556
NKW7035,0.531229716592784
VQX9879,0.4291700148376454
VAD2981,0.7400206709428226
LHV7423,0.563204296825621
DRJ3471,0.45305513936101227
NAD7807,0.4489858106255331
JWY7649,0.4397598057123897
THO7074,0.375207632137553
HXZ2367,0.6395054327967526
ZSW8883,0.4769425065363959
TQL1788,0.5288027632620698
MHA3207,0.690997272208057
ESX7797,0.20131247724427456
AZN4578,0.22780527005978446
BVH2792,0.3626405098917611
EOL8504,0.5422242188416266
DLL3527,0.5302730087068557
FRU5617,0.44950963037097263
DOA2423,0.36245456308124285
LWW8841,0.41065730858154315
BGJ1341,0.4354788815587936
UWA7636,0.5449539486249791
FNS6374,0.1302404186441341
ZKU9184,0.4711865983889012
MYM9229,0.7590132642053417
CNL4026,0.4521835033773733
BGN9072,0.6273821016275594
UNQ1367,0.23422612043860158
XOQ9765,0.48818537350176266
FTD2271,0.43112876871541783
UUM5139,0.5666759666338942
EIS3052,0.556588268680255
JKF8552,0.500715291153149
KRN7329,0.31040680679380006
OUO2432,0.4693775231968978
QBK4624,0.6087099971279477
FGN0012,0.566664550064296
GAI2781,0.5483792209913331
KLU5273,0.20196078950559754
YOL0313,0.7374688931500217
USN6075,0.4351273087319576
SGK7112,0.6573605201579754
YUE5724,0.43417756949480074
UAW7134,0.504392270794177
RHQ8345,0.5307896698360157
RQF2533,0.46013698394064184
ZBT6866,0.5556042226292275
KYG8599,0.33948919944757155
UPQ9522,0.33652129902527506
UCU4704,0.4851420393265172
XAD0851,0.1762772014933341
XPT9850,0.6220438148885197
OLV0463,0.5895833778321109
CUI5604,0.31572570380265164
WQU7921,0.24333815071133663
RLI5225,0.44745705582715717
EED2034,0.2652160086195575
AKL8171,0.312139601620789
WEE6596,0.43643149461510244
PTJ7041,0.6959938335083383
GDT0244,0.5991376753124105
RSQ4934,0.1456440475886308
VRX9705,0.5513389585948316
GPE3631,0.22940975117590529
JOW9926,0.8421393763531603
VIK1863,0.6136725905084245
NVL6534,0.5679445207197135
QHG8919,0.17165812763931762
WCP7148,0.4882828645814547
TLY9214,0.355229537131597
DJK3149,0.6048868466130987
FEZ0727,0.52763931231883
YOM9469,0.5628137035545878
UBK5070,0.49949102466203804
AAS0547,0.47665396616090216
VWD1732,0.4294582417956386
HIY9904,0.4957946182572402
BVQ7153,0.591135773494052
LGY8368,0.6798378192539576
BMA3899,0.43374061190178864
VVX4694,0.20328258436179134
IMK2918,0.5994394545455024
YUZ6270,0.47487649828038836
ZYM9424,0.3826899620193685
XRJ2315,0.682582534400662
IDD7799,0.27950535913762353
FRN8579,0.3561730361761404
JHU6135,0.5281603874885603
VDS1337,0.5905110347954475
PER4129,0.3523696422736425
RUC7755,0.48288399971988194
NZN0284,0.7402228594223809
UKP7195,0.7504618233236315
SEJ4725,0.4257335222914545
FTP5392,0.6670813243608739
BOQ7717,0.6535215134443507
JNM9386,0.7840960484212188
UAJ7272,0.10483690645495485
PRI5009,0.5167876879306418
SHM1712,0.3048912815638704
SWO6965,0.5788984944178395
KFB9546,0.43416332158152143
QQB4653,0.5445014481974407
PHA0404,0.22612172612599665
SSR4486,0.40622747289440087
UKI2868,0.3182681669593337
AXB2199,0.4454738668300183
UOS7094,0.683038726339361
LYF6455,0.4112232702502076
LOS3155,0.5105785350246709
AXQ3876,0.5724508169186375
GWM1097,0.7326319268237763
ZEH8158,0.859468998424909
OBD8591,0.6985128045644365
MLR5938,0.3592207709746898
OCJ0092,0.6034816893152393
OVH4365,0.7634377915340801
CYN9635,0.5608178823210243
BMN5555,0.2987040920554946
WZC6296,0.481967988171665
DBQ3455,0.328531985360613
OHA5515,0.4192821061425022
EHX4627,0.679330377940152
LGJ9688,0.38369290361889574
NJN8094,0.4519118694643831
HRH3000,0.4788355136857959
THR1355,0.36199347546107324
LCC4833,0.39404408577660066
KZZ3219,0.7616542685809395
SYH8984,0.36946852918127826
NER9898,0.13097144157756976
CJD4837,0.2931637918773029
NKV5527,0.628148884414449
LKS5211,0.17871730210019848
IAF6833,0.4139829678116465
EEU4202,0.27149516953543174
XGW9909,0.6168415147220299
UPK2830,0.1150589139842744
LII6921,0.39201115946404586
BDH0866,0.3607418682591999
IIB5822,0.3604499477946086
ACM2835,0.8370519645808223
FGH1485,0.37657366459876135
HKZ7723,0.46521679678608363
UMU6066,0.6392921918320604
HXY8339,0.6036698723024456
XLD6579,0.36974464986724376
DHQ3602,0.4846824703757683
HBU7419,0.25681164457028893
HHJ7156,0.4947773333621994
LBN2287,0.412341485106462
QTG3237,0.45239507643788973
FXH4110,0.5322101020362237
WJG4417,0.4120354663312911
RIJ0802,0.33347473673890515
YDQ3107,0.48414111920070685
UBK4003,0.565428479032343
HVJ6067,0.40504069559867106
LUA3795,0.15411434110026556
NUI3132,0.3122646046124762
AJM7387,0.6889253692316819
AZG6236,0.3455615970539918
BSI2619,0.597081895623696
DHM1013,0.4583015931898603
XKD9271,0.19514107430864636
NMU4177,0.44525694980501956
CWJ2732,0.5986068915536202
BTH7777,0.38263577724423825
IIN3898,0.6372875589909198
YZK9083,0.3343236354929549
SDC0837,0.5902743778329366
FWI2945,0.28173014173587113
OMD5376,0.13381411663982026
REO1188,0.3343023269343909
FRM7796,0.6608608548088549
JWH4432,0.3732942196684086
GRQ8737,0.3372157049423937
LVV2133,0.24668954579329969
QQB8724,0.27385000789019853
YUT9546,0.425354593512262
WXC6361,0.40629159005326887
BHY1451,0.27861632059112235
ZII1542,0.4447287071081585
DOO9843,0.881193436794285
RZK1351,0.3077929173090267
YYM1312,0.43267744147216863
MMK7965,0.7402386914527148
TTU6295,0.7304858391357958
DAH6958,0.4515554459880481
PCO8490,0.8234405574484666
DJP3433,0.4120367460344073
OAA6548,0.2968569941295859
SFP2263,0.5085696075391379
CJT7713,0.3263502991839245
BJB0699,0.4846450520779891
PJF0726,0.20761905245563614
HPA0283,0.45979421113219593
ZJS3044,0.6183039895593293
OPN6394,0.25907411613762527
UYM2119,0.23065045745814833
ORI6815,0.46585180808095006
PND7208,0.4776111193463205
HHH5760,0.42549862972156693
LIQ5670,0.5303513353479393
QUB2406,0.463300588245502
MIY0143,0.3637642185216229
MCG8811,0.6316430750964869
MHW2096,0.5156977367082478
LQK0997,0.5111309468414328
OBR4658,0.4968420012033472
QZJ3393,0.6135079847950378
RTY0569,0.1700350810763542
YOB4544,0.39946424971015193
QAL2426,0.570400130036324
PDU5166,0.4885129237019938
KUU2207,0.33931341037730256
NJX5033,0.6921960460106396
OXK7667,0.37269111030043195
KLI4744,0.26687772560882067
FES2855,0.5125386957531384
ZAB8325,0.8409335651675187
CQC9277,0.35893554363289665
MBF7782,0.46006904836521584
SZZ6788,0.6158121592454343
SDR4540,0.3705592815446838
DIL7710,0.6644094503849123
TKN4878,0.6935096648102332
XGD1675,0.7557718311969507
QEL3927,0.2429452603172902
RTY6219,0.4966499599058131
WWJ6659,0.24324078914723715
ASU8300,0.2464056780115633
XYB1679,0.11637969047125833
RBU0914,0.40092128106976604
UQV8798,0.4245509303948547
JLP9320,0.3995378204427067
QWQ7004,0.43495812510618076
JSD5400,0.36814255410963864
WON5434,0.34596735016956387
YMT2795,0.4039105810139296
LIB2206,0.6373199987618043
BCP8558,0.7366511858772657
SXM4193,0.4210138173327238
XNJ3271,0.22902561812280645
WXC1747,0.38794188273303365
SKX5603,0.49304214409203484
AAJ5590,0.38140115477563663
JPT4045,0.46679710100557226
TCX6417,0.39393065660659704
NND5256,0.5300901867931792
AWM4830,0.4235146739843454
CCO2782,0.6354225185102148
XYB3729,0.32913429622186435
PXP3498,0.4647145277262508
XGG7955,0.7436437982797316
LYJ5084,0.41763257209625765
ZJO9311,0.27828392125390716
DHK9700,0.307918752004446
XVI2143,0.7030934442017809
WBP7682,0.44689016394989145
UVG9357,0.6678502208277908
FRD1898,0.32390385117602644
VQN9954,0.2536040493661689
UDU8569,0.723300374212881
GIS5379,0.4471276146276032
AQL5845,0.7153107401731034
JDA9258,0.4846921158685247
BIL6692,0.7758205568743177
WTD8139,0.3731093888273326
NNS8064,0.27193016612592724
IQT2995,0.45570346601873796
RWW1032,0.6351606808166428
KYU9106,0.5505571778115125
PJL5141,0.40123427247126336
MRF9734,0.5215366372546467
TSZ1464,0.5428068313208454
VOD0368,0.5467086871118922
ZJO4648,0.4970543373514896
KUF9356,0.30959466890304016
SHA2863,0.5364533950715287
ARZ0060,0.3065583376244948
UPP9315,0.5354389390493465
JPH0891,0.25426432099726237
WJC6264,0.5000568720596865
XHB8908,0.32102484505901774
FGS1465,0.5634847524531792
TNN7189,0.26685352004848467
GBV1525,0.5192733257198796
UNM3035,0.5030740467922167
OTH4354,0.4696867408641006
MWK9161,0.5678739417335132
XBJ1523,0.5613787474290887
OTQ1307,0.76469115582374
QUI8859,0.7120804331326656
FXA1974,0.3616429185581449
HQZ4083,0.3006238224570941
JRX8081,0.45107014699954545
SMA9339,0.47824872259027457
ZRV1847,0.5400181749204522
GSY8940,0.4172934974870897
HDH6951,0.36427416521719536
OZX5767,0.732165968551815
BKN2732,0.5773491804591077
MON4409,0.5618317503726326
VEH2084,0.5949529438140695
OXR2175,0.3798026825418849
QIT2040,0.4835937751245147
NDZ7253,0.6252858161930522
DGN1477,0.42243709786695416
XKG5616,0.3253093860501072
GFT3859,0.5656956323901013
ZEG3074,0.37493863450137016
ERC8823,0.4194241453038896
ANN1757,0.7816081570810466
HVT1416,0.5212693327580845
FNA5079,0.36366157049898123
YTT3689,0.15968655948620142
ZRB4114,0.7644649137568376
LKC5167,0.728792450704027
QKO7079,0.5008192075163995
NXS4393,0.3431655998973652
LET0397,0.5211597714550306
XVM6189,0.4800197843786986
MDW7993,0.40158106190972137
YFY9264,0.4259594055331743
MFA0286,0.32278391311639054
TRX1943,0.4250955059770914
AVG8200,0.446002712456483
ZFJ3116,0.6640617103219545
DKB8692,0.655759485538421
JEE2838,0.16078915210078149
EED4838,0.2522298112712111
BPP1288,0.2992106349141642
DOW2822,0.6943621974137343
NQI7015,0.7319549884043781
ARJ1652,0.5338180389198736
MKV9833,0.6663908231328242
BAG5364,0.5571114465220782
QLK0972,0.30591217583071106
QBM3534,0.38328238991897823
XXO5042,0.3236933282023807
BWD4481,0.5696423393361215
DUE1526,0.4102896947777766
CNP6504,0.35988446226295884
UDL7915,0.4457094503098547
CTQ7672,0.5498533321165863
EQY5043,0.27870140826199447
RLZ1107,0.22346424297849235
DXK7889,0.7370917069526413
HOS6888,0.280981906048315
WFP2253,0.4971657124230472
ABK1979,0.16777779326394227
NSB9683,0.36268188302643206
GQZ2156,0.38609508693325223
TNP6583,0.6174267800671904
UNX8157,0.47417198252873266
OPH9058,0.7351856868947557
ARA1083,0.7309818384222624
CPR3859,0.31895245900067265
DIT8983,0.5655096905170897
JXX4274,0.38860038072193653
DGQ2285,0.7406029558329027
TEO4197,0.3717798639710032
VLS2232,0.47731017119047014
VSL3471,0.4395866736703224
VKV3009,0.46292727821033874
VQG9824,0.45323790892855376
UDZ0523,0.5339361555801289
RTZ3365,0.21338121963477202
DUM4265,0.43352035088642704
OCW4594,0.5488285357084065
PNY3340,0.6834696735272888
TKO2407,0.5127942494367573
RBK7640,0.3420309378229066
VWO0656,0.3130270787551971
PVH8216,0.4010880371346858
PFV6207,0.6623991016529488
ARD6927,0.7442668824686549
BXX3179,0.22794843743480128
EJA6722,0.4153942365411676
RKB7690,0.5030717346061475
GSU7345,0.6737928467782278
MTF6536,0.37576947618762413
EEK1731,0.322490069895923
XKE2034,0.5927636189784444
XFZ4451,0.5500775680696096
DNV7450,0.18952419471005202
DBM7804,0.46177797788312386
OSN2115,0.40760348399437524
DIE2462,0.5876965706460479
NCR1938,0.5738047069330589
SLI3385,0.43689429247888506
IMV6618,0.6458267402609787
MWI9236,0.29151984992005203
CPZ7415,0.5590742834186015
GVA3046,0.4387387908008878
VCF7450,0.3152403953361186
RWR5955,0.7543241130538155
UNR6482,0.4946808920232238
ZSW6504,0.5133204235541846
WHF7797,0.3168833249800389
JRZ1587,0.3525898797723827
WKN1856,0.6618499786716846
OKO5198,0.5799531390479431
ZOF6714,0.5723765599018524
HOV1633,0.3605318442070032
HHL8001,0.24777868023081373
KSC5408,0.4944179547747544
RVG8305,0.7054381712591121
PXV8041,0.5079135645109542
JCG5205,0.21199651690343785
EWG3114,0.359732288658887
AWF8804,0.49844121002801445
MRI9171,0.28422996161670294
BES4026,0.4392111671546917
PWB2790,0.265753687992839
MKZ4027,0.6871842930423177
YRJ8304,0.3271811175836363
BJE4168,0.4112595567443832
WJI4276,0.3462752523834209
SMG2272,0.4305954031924064
SBB1777,0.5264005790257644
PQK3153,0.5367750210583451
EDF5544,0.6334495944256336
NWV3159,0.44532750206080823
OPH4418,0.5082874633234196
UVX1686,0.4453931163593743
LTL4424,0.4691041532934072
HTP9675,0.16159189800449925
JHE5718,0.5399390357963733
QWF4463,0.36594239739007256
UFC9328,0.458126704817836
QWG8477,0.7237997967737668
FLU7651,0.47418182973657724
HML6971,0.4318037570203985
JCO8536,0.3125578311622937
VJR7001,0.6805399940060236
HKE7026,0.3352847577886859
NAZ5847,0.4145454702483147
DLH1235,0.4326957419256545
VWC1889,0.4628129789464838
LQG2414,0.34383287301286075
BTP3447,0.42516904972242614
NIH2856,0.6151230792667267
OFF1083,0.4488220919824379
ZQA8799,0.7211695842874167
IJK6751,0.30864211846574036
BOB6176,0.47683959240285556
XFP3339,0.4297543361217621
TAS3348,0.2810389522244354
BHN6210,0.5394216355896467
GNW5149,0.5889885735588062
VVH8291,0.6277292262712866
HVW6558,0.4791998662175665
LHP6615,0.3608940030099499
RNJ4226,0.5340941740856342
IZN2011,0.22844283543992427
SLM7035,0.3194654192336027
XQJ1139,0.46812761721895774
AMJ0335,0.6892334914573249
SIB3087,0.6019278639995651
NLJ4328,0.31836890216523567
LUL8746,0.4136333566713558
XTZ0050,0.5589391894262282
JVQ0976,0.30359744230199326
ELW9308,0.4045298919389706
QYH1973,0.38169930578627614
AAL6035,0.4821172772928817
EQI6267,0.44428713697661226
ZNO8211,0.3449415642635334
DJG8036,0.5026053356384759
LMG4322,0.4655994659661983
ZRB5371,0.4155510340432228
WPV2188,0.7340958048955789
PAP5839,0.5524662079338349
VXA5180,0.30948900435962734
GYS4742,0.3634720490675874
UTG8994,0.4002408735833004
WZJ4218,0.42314964063713634
MVR2420,0.25884650988504
MRB5680,0.5413008645362289
WNO2118,0.564553797230295
NGV3962,0.2547378168580698
HTR2914,0.6375146231746155
PKM7354,0.3026155505098875
UAL0916,0.45030484328189635
TQM0482,0.47694418337412386
ZIB0347,0.4020792274217562
UYN6870,0.5933394457247015
GRT4611,0.6848870601517298
XFY3621,0.7600660487339703
VFC2623,0.5326410635731057
WZF6184,0.663021287744203
OOJ4678,0.49008291215002214
RJP5764,0.431183303331261
AHZ8000,0.7303511508445986
HDE0780,0.2203036261946185
JLW1736,0.5343845605273027
AWU2812,0.6078971077756977
AGX4063,0.43756660835429323
XCL3451,0.5441932916456446
OVB6800,0.34511321697953123
IXQ8744,0.43208888389990247
EZP3118,0.4375094834059397
QWN0794,0.764664893670344
VEV4096,0.4732093783890745
VEU1076,0.5621623082598058
YDV5701,0.5590035885423296
PMJ7354,0.4196519675714104
LSK0936,0.5345232590351516
OWL8934,0.4696725659371916
SDV7836,0.6071668399497907
QIL6179,0.2752947052478037
HSX4903,0.5341007288679352
XOU4343,0.38633838867195985
KFI1941,0.5864288283498209
QJE0535,0.489424340681055
SLE6915,0.2689202833615186
SCO9217,0.35633086064026936
MVT7781,0.55717050880474
TMG7575,0.776955509334861
IHQ8441,0.47703039985620777
HXB2178,0.38539235335409716
QGW3324,0.8014422043618312
ZRV6802,0.48188466961572374
UQN6219,0.47366640824752404
KSO7707,0.34303505504812054
LMG8449,0.26335823755757787
SSY7236,0.48797157178066347
AXI9652,0.4361953467719561
JWO8793,0.22595546620100251
UUB0607,0.49433156624833235
ECD6444,0.4330896111377917
BBJ5618,0.38177959611016565
MHX3291,0.427050805329932
PZG8347,0.5282399993929973
UKO0197,0.4795163155509219
DYK7152,0.33754054024842195
DWL1376,0.5157679023367286
OMX1967,0.4437577552256632
AIV8783,0.5367804677990716
CRE5923,0.4316911895150253
HIC4011,0.44360279255427315
HOV6112,0.5009867063235672
KBF3850,0.3759363849501193
VUI9301,0.5028561175038669
XWS7934,0.5090668395072339
BEE5677,0.38216803371986546
JSY3976,0.6571599165341728
BMY1563,0.6751737100421336
HXQ4485,0.75287969078328
TIS5890,0.4716392527448951
FKX3159,0.4150653957399512
YMK9880,0.49264211499354493
VCD5495,0.5068580202626773
FOO0472,0.6318960055666261
QZU8396,0.45811755107207647
HTC6808,0.22204403202087986
BYL2752,0.32459110835045185
ZAM8218,0.5686086838463336
IXN9654,0.5203560568088671
TTL5403,0.32181446099901645
QYE5349,0.6505222382429546
EIC7153,0.5754203779548036
XTA6550,0.6025961520206242
LJX4501,0.27564387892775855
SQP2640,0.5079510006984816
IZO4596,0.45622929810883966
FWI3799,0.6479386183031779
AZU7246,0.5776603691035809
ECB5710,0.7149414142219784
BQD5122,0.6630855131729531
UYU9430,0.32196453140050657
PCK7063,0.3460355185846139
IEN2498,0.4556297624012361
TNY8680,0.6871082631488352
UCK0106,0.5056890558009601
AOB4977,0.469728680208767
PPE2382,0.6068852125332994
FYU2252,0.4139669027253793
SIU7145,0.5290891981229873
HVR5096,0.3086711026712148
OGB0163,0.6664911855639786
JRS7729,0.1790709352840152
IGR8562,0.3024421911301318
JEX0834,0.3643213174844814
TFN6722,0.6949558368866358
XKG8280,0.35059982026001263
FOP8068,0.4925049639541489
AYU1495,0.5282274640209372
VQP3744,0.3473369769236622
NOC9056,0.36443267321183254
DTA0824,0.4160485066185783
NPD9854,0.46381668157236133
FXK6082,0.38117813078773755
EIN7977,0.1618423576462821
FTW6027,0.7028577710102073
KBR3556,0.4500009659237916
EHC3947,0.32856808550112077
LQQ2433,0.3521076708006999
IDG2104,0.566173894501224
UZF5415,0.45286542095327204
MBP8060,0.5516597641644112
BEV2395,0.2988152587673262
VSU6747,0.2500452833005819
BCL2284,0.29981333164879276
RAZ1360,0.40465735011521575
EWY1556,0.7847679779443679
NNE0522,0.644690497006184
XQM5627,0.21130535625820734
AOX3558,0.6518272535020116
WUN9170,0.842677514433982
XZJ3149,0.21561776524061751
OKL4921,0.647445535636196
IZO0258,0.34594822917623846
WRF2650,0.664124353042725
YZR0011,0.3619926979137158
RJO4245,0.7297219759643507
CRM2675,0.45170570038445446
DKL7615,0.48905080068150214
SQG4906,0.5464691235259107
IXO4087,0.3012601030138168
NBW4124,0.5690151779708276
SJN3966,0.34962214787782503
KKR4361,0.389752354549334
HEK3882,0.46320847208206173
QOY8848,0.34790195192323226
ZQV3715,0.16296137322422757
UXJ9385,0.5200564742534759
VVE5601,0.4985153201941082
NHI7594,0.5522766486072365
WQW8250,0.5230842004246603
KID1021,0.34351647865512774
MVW5606,0.2781677118475161
VDJ9872,0.6072381788530998
TUJ6907,0.35747510326646204
KVD7026,0.35023886619509165
GPM3013,0.3668622835278686
YPX1846,0.24904046867921079
DHB3654,0.7990993986035003
XXS9902,0.27646526316556036
IOY7072,0.2887053997667578
DLS5038,0.7630221609475387
NLD9930,0.24633675279758782
APM7094,0.6263943638728584
UFW9487,0.5243751485308553
LTY5277,0.611500824469053
BNR2104,0.5591064076418958
GXQ8493,0.4290627946163957
TXJ5088,0.7580944088513825
HRQ6010,0.6646658664732159
YWN0709,0.4333447298834683
ZXE9454,0.5966403467857319
OXB8970,0.5173785964257178
TZV1176,0.34565596770064616
BTP3681,0.5040867782848963
ICO3585,0.4956497988411444
RDF9417,0.7151956356300337
VHF0605,0.25641415833821385
IAG9096,0.5478307184750077
RQF5460,0.5926628734013499
FER2233,0.3731056126515196
DDX8572,0.19053300866851608
SXI1042,0.3111261142391576
KTM2552,0.23145686651777678
LXB4245,0.4916042799366282
QYH8445,0.7040343257025111
FPH7362,0.47408668680431276
WMO6968,0.38596884882988913
YVY9123,0.7209367207590124
PWI7008,0.2769979910560032
EWE8647,0.5345327928347716
UGH5821,0.5102473431650955
CCC6358,0.4612594763485542
NJM4224,0.35498833153327386
JLN8569,0.4980188223062243
SBS8635,0.3333904026800074
TCK0667,0.31843288296486655
TTJ8073,0.2733355808365665
FYM4884,0.39933813640625954
BAH6808,0.2569194559218745
SMS1066,0.6367671161687586
BZV7110,0.38107939116333656
QUC3244,0.254438571127533
NCH5512,0.5552248034259144
MWJ2009,0.32435382855068357
LMJ6900,0.5312031442243067
NRJ7601,0.6768473919043672
XHN7398,0.4932802028399951
VVK7366,0.41016137593725693
OOJ7340,0.3906809743192964
ODG4805,0.3374807388133511
TEH7221,0.5598698385759331
RVA6521,0.5481359117293954
LDO5407,0.5774197440736184
USN1312,0.432143287453208
JPE7604,0.30553223738641705
CWI1855,0.3866519778683019
RUG6092,0.38831331063987023
YBW0147,0.6216182844612547
FOL7863,0.35719127724943234
YFD5576,0.2706925919016289
UMH1775,0.3212260294516518
ILG2801,0.589692165547806
IYC4401,0.6068833886990992
DGU6130,0.2518139999400519
GXN6308,0.10261200253612669
VVJ6567,0.4302807438890062
QGT3401,0.6930039651308144
EHV5543,0.567263309347716
XPH1693,0.5628440629534889
XVI6143,0.21449753189604928
MVT5363,0.48856185113269857
BJP4782,0.3391989892362637
VEI6692,0.5288526015340983
LSH8066,0.2951476106807067
OES5230,0.23356583045843118
GUS7697,0.505198250889428
GIZ4545,0.266482505995535
YSJ9267,0.6494793770490758
LQM2884,0.41749842210708676
VXK8098,0.5251534475084026
LHQ6161,0.2856484016810263
NIB7023,0.7239202828686679
YGT5746,0.3617093465905674
OAN1929,0.7039149130283396
RSD3480,0.20087705015164206
GFU7927,0.3063783987716062
QPX8297,0.3380156531379902
MDE2942,0.5017141985594658
EMC6814,0.5167485257336996
RHB7538,0.5822255947805368
QVA1519,0.6947866523892707
IYH6561,0.37293338531396253
XBT4342,0.46169408505242415
WVS5347,0.4933109391573407
RYC9887,0.388104663930872
OWG0725,0.4424100920302433
PDQ7527,0.5776830085442316
AAA8650,0.4904165006373891
MPS1872,0.7188465652311334
XPC3180,0.5694258813617523
ERE3203,0.45893876513419557
JNS2424,0.7804774458448114
QIP5472,0.3760521935662652
KRI1406,0.4258605572479156
LCG0245,0.14527186854733473
UGQ3179,0.26263175394643923
QTL9465,0.6317277811795818
WXX7131,0.33639550582066263
UBL8285,0.3870574938376357
CFN7090,0.383010037579067
TPW2557,0.10192038903355159
FNI8664,0.2523129049056511
PIO9382,0.49446806647444064
CCZ6527,0.6725434295949403
QOK1729,0.5829030183234624
DKE8863,0.47172136509041585
CRV0203,0.7489517016815653
ZNN4201,0.4400925798195866
CDV7774,0.5257829647393194
EMG5794,0.2706753519910046
WNJ0629,0.8103902195608039
GGP7119,0.48887143111783005
PAH1172,0.47131834196038097
PJG5643,0.5049309838885343
IAM1828,0.28762749563439066
DIK3154,0.4724816306291955
CTT5887,0.641761424385332
PLX1043,0.3389835816212818
SIJ6453,0.518144078427344
UGI7847,0.4787169208239434
KGO6514,0.4412731998361911
ARC6739,0.31869103023240275
YAW0653,0.3633607407039837
YQM6980,0.4119833062759944
HFE2279,0.7830567339344128
VZF6216,0.36791230472241315
ZCH6489,0.4493381828070849
TVP7259,0.31104933769986837
GAV1656,0.5632354080986314
WPT0894,0.6898551673482288
YWS0422,0.6422970861854687
XUK7427,0.3444564532523708
HLU2704,0.24845152905018905
YFZ6065,0.5038895516802934
YPM4038,0.46597015733706076
XLE1332,0.30955814047687574
WWQ9108,0.22726018759892827
OBA3645,0.9109923343061048
GUE8114,0.6437511314738569
LDI5459,0.6087165509826384
SIJ7030,0.4035368400029168
SGF2166,0.51401832446292
IUS8573,0.5265075853402846
OAV3919,0.4409097050830165
NSC7363,0.5986551682373222
BPV9497,0.3964056957564481
ILU0718,0.4817100075062186
QDB3206,0.4147984754217688
ELT3255,0.27152997512233173
XKQ2938,0.3495592583417131
AQA0422,0.6307124575524102
PLP7326,0.23306088493560742
PLY6486,0.37430744270440947
TXV3058,0.4682242700414279
HZU6833,0.8769900428455915
OYN1376,0.29628010796173365
RKZ2520,0.5621908598561395
VJK1168,0.5761239807488217
ZBV7530,0.6241932581964827
LWZ3926,0.6962793458606525
OZK7168,0.20365826300002893
DIC4454,0.558485663099868
AQE1099,0.3392978437097205
FVI6751,0.6326108767971446
JHS9927,0.63926159265201
DBB3746,0.5420920260363824
CWX6774,0.6491231949700411
JXD3194,0.5865861970708242
EWS5489,0.6176082290034427
YOO0895,0.22301262273477931
QMM3659,0.3879237562552006
OKZ7721,0.5483366641182973
MZB2572,0.5461531786207313
JWR7273,0.5170220618201306
JVR1502,0.2586121802926584
BII5034,0.1729414745017503
YST1582,0.5091747669184984
FRZ2719,0.5729391767963103
LJL4583,0.30762426456007325
IVK1262,0.2163670754763471
AGO2014,0.2556355852156118
VOY4391,0.4805084082806412
DIA7288,0.7818789876285106
KTJ8937,0.5638950423044167
GHZ6620,0.31965309316483087
EIQ5825,0.28679230725608035
DMT3024,0.4857406744062583
NSA3551,0.2807990543455415
HGA5858,0.385393964344504
SYY9291,0.31534082968301524
ELM2280,0.8872395446157016
OVQ2692,0.30335641631342486
PRA5342,0.788969031844623
FEX1797,0.6071332700909746
UNW1268,0.7794136428177806
UNF3809,0.5168133144290883
AGW7178,0.40513957737263345
ZRE1357,0.47482111172600616
IMT4399,0.37669932406154816
MWK5375,0.34685889889303534
QVR4912,0.6967090114851374
CYK6709,0.4359435258510037
LJJ2126,0.6505287266213329
RUA9027,0.5108953421449217
ACA1080,0.5681546066508363
ZPH3170,0.5521084459949442
IDM4207,0.6188840456546341
ZTP7739,0.15340378179314007
YDV5815,0.8282674705622174
BQO0017,0.7353441475374685
XUA9984,0.6437513962594454
INW7958,0.6275286971108754
KFQ2870,0.419572201104081
KOY1613,0.35839424748580534
YCT7342,0.643792313742731
QQA9782,0.4055788811380848
BAO5422,0.5328474715505941
KAS6278,0.4889065082216719
XNS2468,0.3012341277314713
VIU6714,0.5118541879397662
SMA2660,0.5951499933390778
CEZ5920,0.09868258948389592
JJX6153,0.5349351852864677
ZCT4811,0.6358580996004675
ISM2735,0.43896701254968945
KMP9746,0.4126676808186111
LLQ4055,0.45113144390736004
RRF8912,0.5594655455611198
QBW7406,0.2951789439778564
OJS1596,0.7750270724928026
RHO4507,0.5412100467660466
LKP7516,0.26803926815524987
XZH6228,0.6853721106245683
NAA2800,0.5295219071496835
BGZ5066,0.5178958615269212
CMI7750,0.5429556439983777
UWS1232,0.8343265465785745
UCU1562,0.381466024488922
CXZ1451,0.7197124692960817
XZI0704,0.5534473772703163
DQZ9741,0.7288998134616712
HHO4419,0.5397775653668583
RZA0154,0.3495168123472785
XCM7012,0.5525557713700022
SYQ5872,0.5629128476401478
WGT9197,0.6886757905595388
ZPP2318,0.672291918652354
YNY5682,0.5541035449397788
DTI5849,0.39254343896792837
MRL8735,0.5043014674740679
NZT5187,0.4480453477578892
HBD0405,0.43023290975194967
FQS4223,0.20679999732333804
OMN1338,0.48923113030931464
TNK1463,0.3459228486503713
WJW5789,0.4383652127044443
FIM7054,0.619892905135061
FBZ6525,0.41049295412839487
ZFM8609,0.4713398139982534
DVS8106,0.5391902655544232
WQG8515,0.4585441054149307
XMX7499,0.5119704477944292
YEM3557,0.21460466844932582
VAN8479,0.45344548569499
EEX1705,0.2099572371383356
MLP6187,0.46243403667573824
ZZT9034,0.3887609318587322
PYC1906,0.33089605165605157
XKX0417,0.4072160257436879
IKQ1892,0.8617136789965624
JPS7984,0.47392578088611464
YJP4939,0.6112765984102577
QLY7451,0.3003082099409637
CAQ1761,0.31165897217056077
RHS3194,0.3151850721811668
URH2223,0.5018669286066997
EBV5526,0.37946459707139824
VPE7690,0.08513025665464655
MQX2555,0.5064718381942147
LGF8647,0.36541340661373223
ZZE1862,0.4504062501019209
TEL1237,0.367067847772759
IHX5741,0.5015324818502025
QHN6664,0.4468311352784543
WIH9047,0.736884321192624
SPR8036,0.5820006604532882
XLY2971,0.34579030173771697
NFX0427,0.21107161343661135
IUO5128,0.5289072202114933
ZBK1450,0.4899030432932415
RIH8440,0.4512917171546161
WZA0097,0.3474957989160017
ANN3748,0.6191568957613401
BPC0427,0.4503108213380333
NCR6054,0.6761050425590593
VEV1335,0.6312793448683269
YBY0166,0.6689610504700471
IEN9002,0.37755765841487043
EIK5210,0.27367142937032973
YPX7615,0.4677940376178329
GGN2096,0.6798338472702576
ROY7283,0.6244760746003268
DBD6207,0.5617617682087772
YDH7665,0.22446984017318614
PTU4988,0.40818237671122537
HNV9512,0.40451618378919124
AJD4806,0.4444679565074129
FYX9557,0.395514744365988
FWL1743,0.5911597311299708
OFR8910,0.7827935001743844
EPU4284,0.6014979728519136
FSX1358,0.20397736461171817
HAA2935,0.23467089230278887
DSP0219,0.275000047237251
FBK1277,0.4741935286273575
IQQ1006,0.3939945868093574
UGB5004,0.5865999767245668
LVR9175,0.528439392661944
KDB8963,0.38333692037231054
LNL1742,0.6418827211191298
DXT3232,0.45910665879258067
FWE5809,0.41805007547729106
WTS9172,0.5890045382184729
YWE2221,0.5942144432592202
VYH7939,0.549292149273679
CDH8864,0.6043589777205389
XLJ2088,0.28607829635094356
IXG2936,0.7247242271111481
SWZ2844,0.45502852129950994
AFK3912,0.35380476645590847
GMR8075,0.3684667596096541
JKS3370,0.22448867817913837
QUQ3329,0.660611433316083
CTY1175,0.5643406831814017
PJW6595,0.3052788399322176
FHG7478,0.5478301655826019
PDK2198,0.44311628741121745
TLV8472,0.506110320659399
VSE1384,0.38320760434539985
BBA9440,0.6026008061696411
ZAZ6128,0.34459397695857197
ALO3534,0.39359408637867443
ASR0646,0.1388580378303932
JCY7418,0.3246125932589007
JEW5959,0.3073011747610457
WTP7859,0.4326192182791689
AVU1700,0.4818390210173629
YYU6072,0.45971055350967516
NKM6522,0.7359921328031807
MWZ9346,0.34573356584983156
GTK5704,0.38497536225351037
BXV7167,0.19795217671269788
QHC3452,0.2684540510518155
MPG2391,0.5398694414300799
BNA2789,0.6935420412165595
MVP6799,0.4396979748875732
CIW8623,0.2755425025024017
VPA4812,0.49677621625557594
XOO5653,0.524866197375399
BQL6282,0.4898518711589716
ZKI4872,0.4436463997372358
DCP6169,0.14201686835630348
RGC1823,0.4187150169211415
VHU7518,0.48445754903690597
RXK1646,0.41025584699706996
IVV1740,0.5843816401350733
VDF8766,0.6486757054245172
JQK6477,0.24494488897917135
UUP1334,0.5268910860443454
XAP8677,0.5924639135633698
MQA8873,0.3273737533498133
RYP7886,0.5477421008925254
AFW6003,0.3885472077824537
NIF1838,0.4249634707466305
QKY3033,0.5876330780367759
MRI7916,0.3208490080333024
PQX0971,0.4121046425070633
XQB9992,0.7826491431040258
AGV1957,0.16784088550979198
VCH3197,0.6990471512727309
QLF7152,0.30170638725512533
GRR7219,0.47458229201270274
SVQ8097,0.16302577867011925
COL9431,0.35171391225960447
HHB8171,0.37435692479966176
BXG5131,0.34969320354597294
FOF8111,0.437334416667398
RTV2240,0.4822592453671833
LIJ5511,0.4283886231491731
KMK4275,0.6131150609852992
CPY9285,0.5831420150704391
PRO7683,0.586607454289453
QSM5588,0.32603198677710993
OQS7196,0.4668869974690221
TCA1389,0.5238190850681042
ENI0173,0.47397552346720273
EMQ6425,0.4041880337203566
ZLT9131,0.7096388889591078
DRN1504,0.3115867634474364
MZI4502,0.8001576326956225
STS6672,0.4855883765161347
WGQ4961,0.43011772764572576
PHS4900,0.613812310260761
MFR0763,0.435083904305074
HJC0056,0.34765880728952686
TXD5361,0.27340977674062894
ZDI7351,0.5001996542956417
MJC3046,0.5020054104946801
SPR6183,0.3531646558843504
MXO9018,0.7342125753529608
CUH7592,0.20569920372599704
PQN0513,0.3663381738835206
PZO4069,0.4994251818808163
TNX6536,0.6273061733175116
ZXZ6487,0.4262429301957028
OEY5873,0.43489805429349526
EPM0672,0.5959923666163951
UAK7607,0.603323304215157
PUR4801,0.6756213425746375
SIZ0903,0.6991779417278666
QAK5501,0.6801242263197222
ERQ1003,0.3097959579498756
JHS5395,0.2529068145603711
FOP0128,0.6772433425610171
CMF5213,0.6173480776671152
QON0449,0.5830018547193564
ERS2335,0.4428632850037563
ANU9281,0.6190326015446684
ILZ7555,0.6891790327392548
MIS9792,0.19220298938372943
ZIQ7762,0.4100971944599407
NDG7924,0.32621322880578807
FQG8979,0.5535169452631206
LSZ0654,0.6010771044984263
SHP1082,0.4802398697339066
WIM1278,0.5549452353803749
AUR6868,0.4205003983757009
XKU0997,0.2496059960086883
VQW1327,0.6032273331391398
DSW7214,0.3657955939092988
ZOV6208,0.4363528629571277
PGR6688,0.35484006661190143
KEA8009,0.3658070816977694
LNC6328,0.3704541096866511
GMA7529,0.613635666047218
GUY1739,0.5983007161843732
BQS3910,0.6140120692019506
IMV3273,0.4438865332469732
WUW8672,0.713590134545004
XZZ1931,0.41486075054596827
JVK1763,0.24270507272493472
QQU7584,0.3327908269975392
RII1341,0.563050750995956
ECF2001,0.20629591209171075
IJH8267,0.7452534074094276
GJK5821,0.6237587134379382
HNR0653,0.6816021534010945
ASA2572,0.5056452207962913
JAL4562,0.7130067314236114
KXD6314,0.5210908290111179
PFJ2186,0.26633134579389495
WES6815,0.6908869684269774
PHS6750,0.15934100161158654
RMM7844,0.3072772879529395
GDC4179,0.35231949242317423
QUK5788,0.3958069005498885
GJL4316,0.7594598815184758
OEC5147,0.8189695308326157
HNT7828,0.45852212803326964
GCK6333,0.3871676948456877
HNZ5414,0.6492235235495983
CVK2844,0.3480434217114948
MRZ6686,0.2838973459159035
VEB7548,0.479272544427689
ZFK6222,0.6656807447910097
TCP7362,0.5725871770026988
AEX8842,0.7599372451809443
INS6906,0.21451859375754603
XQP9889,0.22169178282659135
FNH2173,0.5168306803917442
OOI6909,0.18993897255793415
IVU7217,0.34940835000079573
TLQ5774,0.8421022463421581
OJA2961,0.47227387384157193
SEH7834,0.6950963505749163
XKI2459,0.4438781923674917
GME1877,0.5449619344924218
RKI7230,0.36896250288169175
CFQ6408,0.3790314623464266
XMG3875,0.2213241611585008
HXK3423,0.5079594188369218
JXU8966,0.12424939471951761
GAT0080,0.3114093811580484
SXJ2606,0.47029987262877543
QSF2441,0.41257338565565904
TQS5006,0.5719385756517684
DOP1780,0.2841360681909824
ESM6222,0.48800238879971347
EKA5363,0.4959202772950669
IZB3771,0.2898673733347333
XYD0602,0.13453759971240442
GNP3501,0.5573566945484393
AQC9120,0.2817116168930778
HNV4885,0.44507654617564957
JBX9545,0.4854993578471786
SWU3965,0.45440883897631235
YSB2339,0.20966694978573613
WDZ5490,0.770406103189795
KYR2691,0.34488974906531195
MRF9654,0.7095506275413666
IET0507,0.6564702449918539
CXW8897,0.3219691793409279
RHO8502,0.39092861024905745
DGI5875,0.7453292468760192
CBG8496,0.22956844364694268
JMO9215,0.45093559956165685
WHH0842,0.6443936149723422
IRT3982,0.5450286859162756
ZNY3995,0.27084385028155267
RWA3263,0.4641401577940851
RRW5248,0.3697841632754786
KSX1126,0.10575609012966106
ZGP1344,0.7037737948115897
TAP0740,0.34697783260125936
SBV4244,0.10752376224148366
VNM7279,0.39993195869813475
XVN5713,0.6482658269560814
PNI6616,0.49473335639237964
DHK0115,0.4703428646292508
ELZ1893,0.6017997522092818
MMD9376,0.42499095900775197
HHO0755,0.2881139357838358
AGI6103,0.5345440654127125
DSJ1568,0.3622737173033149
OGQ3745,0.5956920290931929
EWU3335,0.574221170516234
IBI8973,0.2743179146815877
MNM0998,0.29035782789743525
ZFN4243,0.35376253726615015
TAE3942,0.7458608488500206
CEQ9038,0.11685733841178848
YDW7588,0.27878627579185083
FLB0221,0.5829085403774343
IFS3000,0.3503328131743451
GOX2033,0.3693042585165485
RCR6392,0.10000038137595375
ZMZ4534,0.8262123531049832
DPW5768,0.670518279713227
KKG5808,0.6604023569844709
IBC0776,0.43445648816843885
QJQ0583,0.4052473929672001
YHT6044,0.558385135055774
IZD5201,0.7021102144513117
FQQ6014,0.7149671947973892
HUG2535,0.5227357035875068
AWE7337,0.4683538569265263
AFX6015,0.3012313871754455
JJA3465,0.40426948958244086
YWQ6319,0.29957984762327056
UTL8063,0.5380487974047825
IRB0365,0.5020266218086207
DQC8790,0.5602202295358516
OKS8792,0.4130426260457625
RPI9883,0.465854947845045
KJD6196,0.5681559953874636
AVL0382,0.5221470652298501
WHR7833,0.454060945148045
DTG7149,0.6812966757940904
ZPD3564,0.6523608570482834
FOG9482,0.6098151314781075
ZFV2720,0.6246815415327204
KWX6049,0.5846328150359621
UEF4956,0.5710143339159419
JEK7287,0.6233483943380846
WPG6950,0.6069104819881795
QBJ7505,0.6120788169371016
GWN8595,0.44887671852125266
BZN6603,0.5087205112832989
XFZ2764,0.4251202997633332
IGC0378,0.29103607336761345
MMP1537,0.4250322349882695
SCY5429,0.5507835304703412
SMJ5723,0.5704738374631546
SVM8665,0.6173185036788877
JUC4326,0.7120581931495736
POJ2305,0.5252094961157405
TGL1412,0.5925213890510512
TLB7079,0.4933877577779367
LMR6185,0.43545945280027853
KHK7436,0.6066511681970831
OGI4322,0.6039369759356149
RVZ4835,0.3813439984482208
BJN0689,0.24648189172006896
UXE5576,0.39604256968073526
RZS9370,0.5877352095913682
XFQ2974,0.24635915860029886
UZO8276,0.30448149740620234
GSL3386,0.36181284683292636
AWS3695,0.715089132565524
IRT2345,0.4179722407599435
JLA0351,0.36178217322288836
UDG0334,0.7432617023133614
BKE8828,0.4900299589955392
BSS5927,0.7825936042885902
QFM4192,0.42411378824239604
UOL8406,0.426932741350308
DVB9995,0.37800916327464706
ZFM1248,0.45166206552319804
FAH0757,0.6863355489771312
YNP2161,0.4469895935984162
TUH2095,0.4686536737971604
BAY9049,0.4789836450677893
SZZ4113,0.470700686293205
IAH5734,0.362349494388129
IWZ1372,0.439080489256414
YBR4638,0.45671835923953796
MOB7614,0.3320689287006756
ATG7894,0.6815337375169502
QQM8288,0.3668490635250156
XMU6369,0.3527577679275727
DSD2182,0.4151707756713291
JEF9970,0.72828012319551
BJU6237,0.4388439356214169
MCP1196,0.8300672379986835
WQZ2473,0.5061088107646368
EXP3813,0.48061400192514836
ANY6979,0.3533347007791638
MJT9896,0.3495582453847758
RZF0126,0.47329224897479666
WNT3190,0.3380639370288415
SXR8785,0.682489503959205
VEZ9878,0.4389071853179613
IQR1803,0.6337004404753703
GKP5747,0.5104772347861419
KWZ1032,0.6072154862283791
UNG2441,0.7657054984327194
DEZ7950,0.7187525506839311
LWQ5268,0.6595475783427306
ZMD0621,0.5389875643990648
LXS2378,0.37174609102674244
TNA8704,0.13454907627573684
SXG9064,0.4348303876800904
TCJ5769,0.5874648250845547
HFW8197,0.7515771990536994
GHB7075,0.41468228495297044
TXW6272,0.5289804746243864
XYC9775,0.4170824274274848
ICN4734,0.6277619415098356
ZMN0832,0.3512188088448443
IRZ8003,0.6856058623528465
HUF3490,0.42264769043949446
FCD5431,0.5824401243628584
VXK6316,0.6915220362233401
YHN4722,0.4017488805736777
RTM1575,0.5790205300531224
YSB2112,0.20269015070135363
KCM1722,0.47061761506083616
OTS8869,0.5015963831446808
NHB2867,0.45964263106352077
UTP7979,0.5663619511591644
HSM0794,0.8761406800684322
RMZ6032,0.2858327268367757
IMW1976,0.5615233264679814
NFP1572,0.4806996601544497
UMQ1245,0.5731792713460631
VPI3440,0.49023636092357703
IAR8050,0.346741748363752
LZR8401,0.6722787838597177
SHF9433,0.5259189846353228
UJL4817,0.8392079312211941
TRR3958,0.2516650119161521
TXD8258,0.6305865579973449
FCO4051,0.3358149294857843
OSB4374,0.4101817026291229
FVW1939,0.7139180480158845
PEX5881,0.34228919639540323
UZO1865,0.6728383531531509
LWE1790,0.2911058306056627
GWB7700,0.5789164525395692
ZOP8654,0.6494122029281872
XLA1817,0.45146053670361236
HWW7112,0.5329925436015563
SFB9784,0.6650605795289664
OBN4261,0.15564874447752491
VRM2547,0.45535695721087865
DOC8167,0.4385139252326595
SWJ1035,0.36532675647182866
FLF2496,0.6586398801026129
JYX8578,0.812476512299464
AEU2982,0.5456039165150142
YVH2306,0.6710258455913368
QKL4250,0.39651230357109474
LBW6479,0.6216678886204652
XQN5681,0.6246669664075971
CEP4086,0.6331679096280194
YGX0420,0.3972829276815672
BKB7512,0.5310264877884988
IXG9725,0.4897774660052453
BOF5544,0.366827046451912
UYN7747,0.1901684997029105
ROF4670,0.49079501530184155
UGV7717,0.08886937913010223
OEI6069,0.35582728194012025
EZO4175,0.5387815094603802
OIF7758,0.8065802798975434
JEH2919,0.5364257806685259
JCE4705,0.5398705542125872
BOD3734,0.41361557436556556
HRI5660,0.41487361268606954
OOO8613,0.10284258881937815
XCU4599,0.3324841593758091
KRX9049,0.5703034478926284
JOB6245,0.327881477753224
QNM0137,0.5762837988368501
WIM6665,0.2592300277963815
LNU5227,0.4799914079850008
YQN9605,0.46347229954142416
UQJ8425,0.38218089729219745
PSC0175,0.34407293534622013
DJY2431,0.41697017020486815
ISL8214,0.5076922310207087
IIU0389,0.389280278602316
SZT2166,0.6831072872110496
QGG3461,0.3243694115944458
XCL2050,0.544073305280222
QMQ1245,0.41485942496667644
DWG4532,0.3584823210948491
VPI6024,0.6198675143787894
ZYV1950,0.4662767922032456
ZFG5023,0.5025172361291178
VSF0357,0.4030708028230902
OEY6081,0.23596683431170443
TUB2085,0.25381899883517095
MNC6692,0.4918073200434293
VRR1008,0.47904543710472125
YVT6450,0.33778085688122705
FAO6275,0.5124674226325105
PTD9190,0.33710562017458884
JSO5437,0.5643212976250886
MFH9979,0.5560977347783317
SLW2279,0.6347969411111846
AUZ0340,0.5500338279160633
AWU2833,0.7020738611581799
LFN0157,0.6089440119281953
GPR0346,0.7384528061036603
MMU5621,0.4514904907724129
IJC0456,0.1787028543443747
HJI0200,0.253106866461472
PUI7508,0.5070374205116916
QWI3198,0.6723849586322659
VRD3282,0.46588550154211783
IXU9829,0.6030851262556399
NSR4945,0.5898763174938915
CJY2412,0.17621011190777328
SUL1935,0.32604167648028676
WAU9525,0.4226615149451549
VAR5218,0.22684619203631934
OIQ8584,0.448980549695932
TXN4932,0.411639151387578
FST0470,0.604063560581728
YVU3745,0.5044005998695095
VRX1810,0.7071271679133608
ANZ2576,0.3445377958916352
DFT7074,0.571251167348053
GLT4950,0.5478707796120058
WBD1290,0.18546359265095214
KLD9539,0.359266490007449
UFD2281,0.3216882892905874
AGV8920,0.3539799208371659
EZM8303,0.36957723778057067
VHB2724,0.6439255365307215
CGS7371,0.2969468650912786
KRX8325,0.3575468410326164
HQM2559,0.7342254521376359
OAS4314,0.5842943765259478
REU0208,0.44480501231581854
BCK4124,0.7196513624392972
YXF7483,0.39986656054654607
EJI6128,0.656995719730017
ZMZ5134,0.7016990021978109
YAV1162,0.415654458131332
NRB1641,0.5206119619859807
YBA0436,0.792521555840912
WDM4803,0.3486210009204164
APA0477,0.2452593324285301
DJJ7857,0.5121144005260968
DDO2541,0.6676283918160173
DTT0915,0.5298495913458008
DIO9974,0.5196276295027435
RTS4274,0.6448697302194921
EVQ9390,0.3763444498031281
GSS9218,0.3554674369082528
QPV1399,0.16692793045932433
ZGP9947,0.5851698535344297
VXZ0953,0.4271031980965329
AKN4052,0.21489124900805437
GGP3877,0.8000994674361395
AVK5211,0.46742671898011506
CBU4492,0.47931414145701856
LGY4995,0.5529539000952478
DPF8787,0.5215777533089837
ZLU0244,0.35297547937403295
GKG9739,0.4990841783932544
XWD6996,0.29319067766355833
AKF5899,0.5783195924638024
UBN8639,0.554975925396848
UOV8935,0.5716942874834169
SCV5979,0.5359720154555018
WCH0782,0.7645180887511158
ARH6872,0.2824870041100814
NMM7694,0.6158068856319104
ICX6399,0.36442213929321754
TCX4933,0.3446128596878955
UMW1034,0.5965733231071728
YYP8138,0.43563865877572977
SCB9443,0.47640747333634
ITC6113,0.7547341187321005
FCL9477,0.5980715522134942
OXN4850,0.4198276627974195
JYD3480,0.6305706049572742
VRQ7885,0.8226181314046248
FUP7384,0.6472698795509363
QWF1930,0.3517862216254829
XJR3753,0.387956605256114
JYQ8107,0.45568364002472134
RLK1604,0.22146704925424765
WWU5537,0.8286504177833212
HYS7523,0.6523721478399716
ZJR0568,0.34097826983151286
BRG1099,0.492338612319861
JVW7197,0.3125640029252276
ULE4248,0.5293826761378243
FBK1312,0.5728921655273301
VSH8159,0.3782744959130633
DMQ5786,0.38872779806728147
GCB3430,0.5092287610649021
OLF0501,0.45801709990258793
JWD0044,0.6825040254598558
TJP7761,0.5034847818880449
BQX3256,0.18885249289258865
XYX5749,0.6049524850646638
MRK3909,0.3896442954517063
XEA7163,0.4639967000904692
HCW6650,0.6232944872371963
TZP4079,0.46974866819254796
RYR3568,0.4220763163221561
KAA8266,0.477593453059019
EJP3492,0.6798975014594413
NGH6480,0.416287489181201
RBK3849,0.4318665958673703
AVU5986,0.5464804425301562
BVU1715,0.4220974526522285
WDM1181,0.4042901487312504
FMT3576,0.42849380520719443
YTJ2895,0.6330438053965729
LYE8184,0.4841137365672453
TGB5296,0.40395353201773226
PAM8552,0.5597283915674425
FOB2099,0.6871366843919424
PGW0709,0.6326554922959003
WZF7186,0.6523350726690516
YZJ1826,0.40894267383458593
CUK6688,0.5247777826745121
JJL9592,0.24680643850690387
BLJ1552,0.24246167634711818
CKE5978,0.47522427196970474
KEP7251,0.6958719933578177
CWA1833,0.46221831682742764
DIG4152,0.4707101648390212
QJO2482,0.34056028576443204
QFS9248,0.36089298263014685
VPB6339,0.8185514537403484
BBN5975,0.5780092832390733
XCZ5265,0.5339533610100179
ALH6740,0.6126457942287006
VFE1712,0.1767030059674892
PBU6519,0.14907804927658955
JIL1820,0.4123368904162652
TKO3377,0.49103945622823814
XOL1792,0.7278226543374313
HUQ7289,0.42731929970120436
EIH7258,0.40616118851001176
XHL3600,0.4949529045010517
BLG6557,0.37417057441161283
XOH4990,0.6250318716953659
SFG9400,0.32498716815136475
CTW0716,0.5064227409211
EPQ1022,0.3731255018020821
DDF4807,0.2665957809547059
JHE1802,0.4174771697659663
XKA0286,0.4459053452619899
KJS4977,0.16357535223383154
KIX5898,0.620999636089913
KAJ5890,0.11676519240223611
HTN5032,0.47682493036915813
XBG3646,0.7229538972899084
STF0095,0.26139242021623477
XYS3253,0.4982133375155442
YFM9412,0.5561383214661098
EIC9765,0.592127485242471
SJW3302,0.29329097540710153
GQS6751,0.39085109106153965
VHY1313,0.5438604075876182
JFS7189,0.5949888277491603
UGC3514,0.6112624856786869
CNX2296,0.5609815684441303
FZA8058,0.3030509473861294
ITU2802,0.4099779777692859
WIJ2095,0.7646865232655969
KPD2769,0.28948639002281557
SZO7824,0.6559814103240574
VSF0918,0.2665345608711536
QPO6163,0.4236859417829722
QJG9094,0.3003921365279498
WSN4732,0.3936668235244415
QAH7760,0.5013215723182554
QJQ6048,0.5857234749430942
QSS0205,0.37860054421248623
ZJH8058,0.3525763406702686
QIP0730,0.48537003189601396
SZC2380,0.6746599007593562
RGL9560,0.2428515586158748
WBE3412,0.4231226271345292
ZRW2620,0.27708128839175616
VLM7962,0.24709797545281664
ART9792,0.21470810505116958
ZJN9258,0.7875240577127438
LSD5527,0.7688634224306266
XFA9780,0.331431947221931
YZX0939,0.17953417510356653
CYB1866,0.3869091744440568
EHO3159,0.5271137894421355
SIG0318,0.6944116995933045
VGM0574,0.3655390849663327
VHH6882,0.18058303262973638
ZNX3901,0.6094532931382283
GHC3228,0.4285577864346882
SQG0318,0.36467700546976267
IEY6901,0.3758065122901596
HUS2611,0.4842826938778007
YEH8272,0.1929373232276039
ZPJ4887,0.38625577292149654
FVM9271,0.2460840826592211
BYC7251,0.5843363097249048
VZV4566,0.44591773855599837
HJQ9078,0.44427501457560137
EGR2718,0.63202494818478
BQW0054,0.3803733185951494
NWE8918,0.23219359916366633
GWU4698,0.6178715793333042
CZX9272,0.37995441242585476
EYB9921,0.3401959416092518
XJP5950,0.32867955374793134
IFJ6475,0.5048658163376899
XNM9426,0.693610875981397
TSQ8268,0.16134203037158976
KPO2933,0.43395896116167176
LXQ7529,0.45723246598714984
XRF7014,0.653110314636694
DNC4443,0.5416381653277947
AXH1658,0.540421552924098
AHZ7652,0.6619019155870408
NWH3193,0.25900562462443716
TID1716,0.765941334513325
ANP3440,0.6991585214620585
OUG4685,0.5977254318666656
MWD7907,0.5707248685761148
TPQ4836,0.4806798953962979
AAJ6531,0.5540747102198899
XKG7418,0.6311117226265929
LJF8014,0.5211295272357094
IWF7341,0.2560752713775472
USH9806,0.5361548723448738
HOT8154,0.4299597137889718
DAX4292,0.41256597660265676
KYM4729,0.4742798675473758
LKI9763,0.35589796664205925
JAY7470,0.6025814581594727
VAG9407,0.1753855043614962
AXD1373,0.540987917950401
KZV1736,0.41845432610341987
ION0603,0.5309092231001221
IBD4973,0.5168388572359023
HAX1381,0.4876286837896689
GDV3204,0.375490875823172
GQU7798,0.6822101550502215
GAQ1597,0.5885465282686004
KVP9269,0.6295689492357309
RDH8031,0.28113659938283486
QLJ5966,0.6473830191201468
OUM7825,0.3040787607338224
OPJ7108,0.7345607886537429
XXV5331,0.6712379016636763
NIA3272,0.6899674322734929
IPQ4779,0.33337187948902564
OGH5544,0.36320576923081144
IDS6311,0.4594317348040079
ZAL6103,0.40018749662969455
QMH1755,0.43079011457963656
AXF6974,0.4817778675804224
GCI3630,0.2844156370972501
VZW2401,0.4167606420671223
OVE3990,0.6383662341946669
NOV1064,0.24565825883443854
QYK7288,0.6443460340461078
EUR5124,0.5819697617501421
UXL5796,0.5157033097327396
TDZ5862,0.6366819175763753
UNT1852,0.43980097457798534
ZQT3434,0.40325878717320734
RBL0406,0.5420493819085627
NVN3331,0.47733135058046894
QYU6181,0.2644215959951132
MCR9458,0.5644823839161301
INV8873,0.5007315427476695
CBR7213,0.3141519085400954
JHG9105,0.6123896594850948
TMB3670,0.28893275954093084
PGJ5657,0.8088628693056741
UGV5295,0.3991726609337193
OXI5106,0.6743898016411682
DNV3094,0.5882463160389039
VAH0839,0.707635063306022
CCY9074,0.5512928836432034
HSC7757,0.6156111644723845
BRT3178,0.6599451701023357
TMT4944,0.679045187474177
XTK9260,0.5714712516443768
MXU6827,0.3876942078866018
VPJ7122,0.4293326548604982
NGU4725,0.4029527905238452
XHW4190,0.470090558730433
YAY5524,0.3908193965145794
SSM0392,0.4307870069131566
FXD1708,0.36099247762227105
MPV0672,0.5697169832547886
IGZ9386,0.30814972697268955
TOI1490,0.6771339334885785
QAZ9933,0.5651770530503567
CRM2978,0.33642052658331123
OIB9991,0.4690385637622518
KVN4822,0.4671216967478531
GCG5533,0.6084046606535384
VTK8111,0.38347023698759747
KAE9168,0.25274673057825453
RGV6468,0.49718025884651484
LWX7015,0.6389489201254274
PZK8396,0.5954302152437407
RHE1717,0.47522429246620196
VCQ2207,0.7337821765376618
VQT9580,0.797038535723987
IOB0677,0.5400561751470424
QPJ4092,0.6199920616087721
AVY1533,0.378694544605292
QDJ1312,0.3937356916245887
XSX5863,0.7249261886707226
RNZ7687,0.7418124950920092
FUE4559,0.634226378785177
KFB0998,0.48999113403088324
BJW4567,0.38447179415987703
KUC9637,0.5806623804058849
QLT3222,0.6443402220953679
FOK0149,0.5747229421588747
KEJ2913,0.3102178317323004
KCM5467,0.6005997980238802
RYH8245,0.6941981852211804
RUE5771,0.10187829460687442
HNH0868,0.4437345590805357
XBC4033,0.631827150672301
ZLF9201,0.6915793947134826
FKK0636,0.45037864840597625
WCN3474,0.7299940950606665
DGN9413,0.5509991917665709
ZVT9034,0.39933363007605577
GYU5540,0.21477182555842253
FDX4205,0.35068461423321456
IPD1251,0.601775111636901
ZFT9168,0.23520446901632094
PYN3393,0.4621724440988226
FTZ6683,0.2148237597755595
AKI7936,0.5365190010211963
MPY2709,0.5221179971874518
NTP2659,0.6969407918337827
IDE2433,0.47337028954719645
SVO8258,0.48575345575784556
TNE9256,0.567740215473866
LEG2561,0.46983863604470677
UKA9422,0.5057319550191488
MCH1289,0.4015805027920767
IND7831,0.5590457194158371
WLX0704,0.3481942494521454
NJG1634,0.1486634250367992
CBU6288,0.4298301591015593
BBK2710,0.6629365406451901
HZL9836,0.4306267231081797
CHC3948,0.482550234572054
ZUS6740,0.25389542476006816
VFH7531,0.5358212884716496
GWE2897,0.2702002225808928
CAS5155,0.2599598730850403
GMW9681,0.5159635646710832
MES0461,0.6159393943803642
TWZ5436,0.3586628742962542
TVV2529,0.30051806415758203
AQZ6865,0.7022408711501051
OIC4021,0.4279897200006216
MOQ3911,0.24318901967921017
DNS8201,0.3708601049143739
ZUI6325,0.4199530151353909
NJA8351,0.5582707090732218
ODB5040,0.7794337054496179
IPW5152,0.614849247993858
XZY2224,0.5466131029559556
FZB2992,0.3543416850272295
ZRO4379,0.595419685227611
RJI7678,0.46715759770269155
LVN5225,0.5062329467442847
OYF4788,0.4870416899407299
CIS4067,0.5848420717997737
KIR6566,0.333141678143705
WRS7799,0.2593799232011356
ISB9210,0.42164021352996317
BKG1713,0.6481988747568933
NIG7239,0.34324644701584
UHJ2010,0.17145576333016166
SGE7571,0.5755478529133077
DJH7886,0.4997747590700749
TML0327,0.5656278638383324
JSU6205,0.8330810360992553
UBA1024,0.41084445021943533
ZWM3611,0.47997420123445567
AQD1119,0.4762631998764704
UHR8841,0.6179487370514618
EZL8963,0.5539313020846568
VEY3609,0.46189906242098644
IMN3213,0.5890353529568818
ZFI4055,0.4094610127637356
ISJ7190,0.32604775224820054
YRK0679,0.5160988187343002
SEP9777,0.3607270895354391
XIM9647,0.2824553855647133
IJF2788,0.47974320387629144
HXU6751,0.5370556458038178
LSM8308,0.6054627838041128
FGQ0847,0.5012789775115812
MUT3329,0.24937769856205919
EVW3568,0.5669255754994248
FSK9108,0.42014684777422157
EGK0077,0.717939877518439
RTH7598,0.5911844088175926
OEZ7029,0.35867335222185465
UIN0383,0.43799441915645493
NVR7308,0.4789174372782405
LFN0770,0.43952747762359995
WYE4302,0.6393712419142797
OFR1250,0.4592255885618997
HVR7961,0.43250417741628616
WDT2838,0.3771194981774871
QER6562,0.2787571760962222
ZDE4635,0.3797520749832259
BDM2485,0.6189031048554114
FIC2222,0.6478525215962626
HKB7207,0.29266703521689924
KYQ7812,0.32040499260622596
IIM0404,0.3029534284690196
XCD1483,0.47916943396528444
AVJ1401,0.463021297860893
DZC5973,0.8453560492144391
APX1161,0.826167845107057
GOQ0389,0.40846566099764603
XAE6247,0.48166197395931465
AQX5762,0.34569540746008964
BRS9830,0.5964011714926107
PRJ3006,0.17586277902661696
UBS4074,0.38346682563005685
KAM8647,0.3905267632107763
EBX3166,0.4552919559828354
UNT5825,0.4121436773821811
ATV6282,0.38845898699477943
NFY8031,0.5686038426346091
GDC9171,0.10079964769420675
RID8507,0.4318047243974727
OEY2607,0.7032686026254922
PSW0387,0.3304442311716239
MVW4654,0.2976197797898262
EZS6596,0.7210225913895045
CVB8449,0.5257887743298444
XSF7433,0.5252651182813601
SPN0794,0.4245094675156189
NAB4031,0.4809648257157664
RDP5976,0.39782135262200147
ODE7386,0.622118827304014
MST1998,0.37121684950971645
BZM9077,0.544069693094
DNS0664,0.7232326676490626
NZQ2516,0.5355453477781198
MUT8357,0.6802695214755544
NUL1408,0.3149678741446198
MXT6982,0.3949172942421316
ILD5756,0.37284469324569836
SNX5115,0.37697548668703046
VDE5638,0.43935876073235747
XDT6352,0.7031707298176842
ITP3953,0.49897469219913704
SJL0243,0.25149583542216797
YLU6132,0.7244188662395166
ITV2576,0.23685062188887285
OVU3708,0.4150559246357599
FHX7449,0.40040686801934167
TMT6978,0.37796963909060194
BPN2368,0.23048409015057186
HMT7274,0.5846457165510303
ULH3666,0.18404253556266723
GMU7686,0.4722017107016879
QII9327,0.3161194975876635
LBF3051,0.38033656444558467
ONT8863,0.4963617534955885
ZYP5276,0.5599116706340529
LUD5291,0.2837415539698559
TDZ8382,0.2752757331262269
TPG6394,0.429414734482137
RMR6937,0.5508457994002373
LMY0729,0.4239316422532414
AMC0445,0.4936387491297963
SSB1104,0.7506845656143876
JNF8209,0.4243047958291
RRE2084,0.6487532898901157
WZZ5459,0.49960847585702445
JNF4249,0.2088755481282396
DBO1637,0.637599224998958
AKR7639,0.21340216403055154
QUR9661,0.4753822452521967
LUS4900,0.4755278325333424
DNT6503,0.5656575301113331
HZR5957,0.4199767898528423
XWR2281,0.2873851017594619
YST3431,0.600420388583186
IEH3003,0.2827674400195131
NYB9148,0.7468808532790542
PII9352,0.3201087118918065
LEV9553,0.8243535006934386
OCE4351,0.19875643816265706
DNY8601,0.5395255196224545
DFL5337,0.4885550182053049
MDZ1058,0.1998269908089274
ADW7699,0.31671461621752106
BBX5076,0.4673676759709724
WUQ6007,0.43516096957714956
ZEY1800,0.4839667719036313
JOP6452,0.4579254194356639
KIT4113,0.3233848803525173
LIN3185,0.4335325571893614
QHT8208,0.3353633661157948
JJM5633,0.5043114669946779
RNT6014,0.558699440464137
YPM1923,0.7123498385330039
HHL5681,0.1764653185408944
ABP4829,0.30790907144992175
IFX0205,0.24255869682718528
UEH3912,0.7382971799425518
TKW1098,0.316742331771201
WYN1877,0.21724557984192555
PPN3139,0.1455475723475498
RUP9504,0.46053107539418087
TFK5517,0.7598535181396302
JEC2726,0.3293393431777862
SCP7748,0.24951076026509755
MGW6057,0.4708542988352523
YYN2755,0.15174634546811477
VNB5918,0.5738142858851133
JCG4440,0.6083665114941671
IBD2156,0.3001583496477867
VIX2519,0.4209885249878406
XZT8966,0.7254781660796277
JKW8832,0.6146680582512887
XQR4664,0.5442456119073643
HOS7277,0.528879098353115
ZIH4509,0.41707473197769157
FZM2635,0.1777508903047216
BQQ2812,0.5639489589051069
QTT1172,0.4584822087844343
EIR5523,0.4193385287239725
XZO0242,0.5260522712298177
AZV3528,0.4847299845859184
SFX1939,0.489526611711311
WZV5563,0.3101121376779043
QZB7687,0.16964822945961378
FUH8115,0.40655660462870685
TMM9869,0.24497160684248578
NCG1476,0.22089553910227683
WJN4297,0.35578383124641944
RAT4822,0.38586907922532515
RIC5857,0.4811794461685352
VSO0563,0.640999389792708
VMA1558,0.48552585860648506
BOL7206,0.3814056610833696
CZQ3950,0.26641116170529733
NJU4912,0.4846229405216275
GAZ8594,0.59408319463527
FOX4419,0.24441239578098
LBN4213,0.5901923020917587
ADA1940,0.48317315097745406
ZPG0651,0.6610585112381255
KEJ8705,0.15466468840885175
UHB5802,0.24633837588918603
KMZ7327,0.37427569223513385
NJT8387,0.534045831928632
XAP3954,0.4703820154288436
FEL1637,0.7050776999971691
IKV7714,0.32524631443595514
DPZ1880,0.6077164718053408
RGT7421,0.22334665350533528
AEK9286,0.5533659137954275
ROM8234,0.5390756277098805
XQX7484,0.5403498586584558
OLH5732,0.3587894914168073
EXQ7424,0.42088395533577766
FVH0886,0.4051609704649172
KYL6652,0.2668046829399806
KTM5656,0.7142622260447388
MIG6527,0.512894770891937
SVR7025,0.409209112522095
NCJ4089,0.2962158501634636
FHS2667,0.20193691745173745
VHZ2363,0.4246742032385112
OXW0223,0.47856038414862795
PJU5928,0.3731314197773782
IKH2812,0.5841463778839221
VMA0683,0.3640400095003591
TGG9176,0.19279596523959266
NLQ2220,0.3553897328769402
JEG1496,0.7032023575735314
KDZ6336,0.39382934908574746
JQL9820,0.520905580141025
GRD7737,0.659272063927175
GFP8654,0.5396390731088921
SDO8567,0.3053738375089533
EZH1168,0.46647610018253444
CQI1581,0.41561226352936365
GDQ8895,0.24883767050948072
YRC6765,0.5704655884170807
OCH0693,0.3233568545698898
DRE2586,0.5078246673225736
EWP2402,0.28248730160002766
RIN1708,0.5301401470848173
LKO2402,0.689099612991091
RHW2826,0.4900368444093505
NNX9566,0.6886653098951903
UNW5036,0.673119083652277
SIZ4373,0.4228364083051516
XDX8398,0.3102000494873013
BVY9650,0.4221392843924209
UBZ6506,0.7045100261381383
BOP0282,0.40714462213057606
XIU8129,0.7461788460559146
NYD0344,0.588683168542863
VVO5031,0.48408256870030775
XHV3554,0.4192247327194419
KZH9892,0.3887859907773578
TYJ4103,0.42741181165897235
ZMK7102,0.4496456663827462
FFI0442,0.6604243340727048
COH3368,0.4470585698063011
MID8808,0.6385698850156543
RUV2796,0.46760265592924244
QJK7408,0.37984483060648006
JRH4838,0.347329729849598
QQX6215,0.531894248060527
NWZ2697,0.6141807986995849
EZU1406,0.5980901728891059
ZYV2745,0.18467521055883457
SIN0801,0.6421722777782694
EJO5929,0.5647967379618906
KLU4765,0.3302797077391253
KMG1756,0.5531643277312995
XGY8792,0.5241949181177235
TZF4711,0.6167519425134743
TFO2196,0.34127212237597143
YSD2730,0.40646108584150964
UBB5348,0.15697262726725558
JKJ0093,0.31367422029230807
SOS9493,0.4351964986075307
CPV1365,0.338018988228214
BSO9027,0.7228967673239841
XJA8753,0.6444793172281723
GWN9096,0.5344483780135135
MNK4884,0.6645993019948269
PRK6362,0.617168089426935
LQN5334,0.4057111524949755
OGJ5702,0.5360934922880066
WTD5629,0.4652384553933645
DIE4208,0.43629015333808613
GNE5232,0.3523271410469081
OZH1950,0.16419181143552056
ELX6331,0.552522458959186
NPC3191,0.2870998287037684
PAH1597,0.6676999583090523
BVJ4858,0.5802602672913366
OJP4439,0.2639506545869728
TDR3485,0.5690319471501957
AXV1661,0.3788367656167863
RGG1369,0.68168005785727
PNI7364,0.3188379995724305
OTI7000,0.5646186871497536
XRG0070,0.2905192289740149
PIP8809,0.48113368822668273
GWY1981,0.22003394495643672
VZI6264,0.332471133433278
WVO9284,0.5425460982904919
RYX2969,0.6484230789588761
HUI0041,0.3217313959834135
REF0444,0.32563155461783844
NCF8710,0.6118851148226098
JIH5267,0.49378648912438816
SLV2360,0.6443692473359419
FCQ3915,0.35685096617306156
PYL7123,0.43237630027035
HKH5725,0.235944230247993
XLO3239,0.24693720299559216
OLN1336,0.285163177958263
ECP4621,0.4881128484738738
KPS0064,0.5984674287412209
CLU5954,0.36458684682767617
UNG6284,0.1936882295589377
VYF7983,0.6036191065271884
URN1834,0.6219782088346112
OCH6913,0.6710185959237696
ACR1583,0.2811338254262357
ZYQ4775,0.16665142253129678
BNU8024,0.12242944488740964
PSC4692,0.5136641558154026
MWK1300,0.7265631610798953
VTZ7837,0.37242757426076956
GVY3459,0.46374164485878344
ZXH8781,0.33761323140626537
PCN7228,0.5952593591289775
ORQ0272,0.24641142501355123
WKW0910,0.503433505370887
IFM5092,0.4296811215847983
HDJ4116,0.6663149974565309
OQB5335,0.2821073415704905
OFX7490,0.6458294183323082
OOU2927,0.5024237367524458
WLT8543,0.5455402934931824
DYZ0643,0.4170497194288499
BHE7518,0.2252701697185488
OTE8834,0.40862502769460435
JKZ8611,0.6057590672711547
DXF2796,0.32594879591859677
BKD4940,0.6252545076452135
LJO5796,0.5013498059564298
DDJ7985,0.4319623203740848
NEG4016,0.7337272693044883
MTS4859,0.3211308387863359
ZIQ3070,0.13949978135519245
MQR1484,0.5490616967846328
SPG2102,0.4044002869523439
ZPG2396,0.6041388292288914
BWG1095,0.5298088281153386
IRG5962,0.5059537944320083
EDN5025,0.4769466985843488
TLO0577,0.4992333362618721
RJM5646,0.7335084837818998
KUP5538,0.33905322866550874
ZMH6406,0.5632684574571462
TQI4631,0.7568680070627551
VRA1232,0.24977871438687074
YHS6319,0.36428756795639117
FDR8571,0.40706424716730655
UMU7047,0.27568007469144484
FCY4622,0.6913530419371833
GMN0416,0.6039099512829021
HVO6893,0.6079725785844761
ZWR3316,0.3592458613850913
FPP0788,0.34356847544775254
SBF5209,0.4009757348467229
FCJ4472,0.4410561842479176
KMK8317,0.4730729959375742
YGK4233,0.4230489938120622
VDZ0820,0.5415931987575888
EWA2578,0.5382818374420729
API8763,0.3023343636656789
NSQ5830,0.39887534596235785
XIV6334,0.39731033180489234
RYE8536,0.46070819872582064
BYZ2502,0.42947837894701624
CVW3012,0.20099369448213575
XSP9376,0.9058192753868356
DPX6274,0.7395002969215884
YAV7462,0.3105839819144478
TCX1554,0.47139947237181296
OSC7642,0.14773670770622366
BZL4977,0.1633983331719817
GWJ7994,0.5554184922145488
JLQ1365,0.597821472052498
BHN2813,0.4337844557028252
BKI1459,0.47390325581128306
WBD6906,0.4042183724557221
RNM5558,0.5467134699731876
OSX5974,0.4921265984306737
OVX5430,0.23166717253554955
IJG8643,0.6472625457933153
MER4585,0.619656566135329
YGH0528,0.6145395920653304
MXN5427,0.3625119583137274
IFD3298,0.6811949600997321
WNY9805,0.688830034176039
NOL8760,0.36675750598836576
HRT4289,0.5139211962436208
FTM3729,0.4298224133722758
JPA1525,0.4927942851192734
AAC4913,0.5258940248351746
GTA1400,0.4213652786738608
ENL6464,0.8014587184522199
CHE9991,0.33633964980082626
XDY1278,0.6223876142119847
MVZ9561,0.31275510123798794
NGC4607,0.2427534283633901
BSB1812,0.7484354062516262
GCQ9238,0.7369631966474435
QBW1615,0.6076881474600581
OJO8099,0.2658192449567117
OUX2052,0.2820141335080471
MWX6680,0.3548250924529462
AXZ0961,0.3720697773774393
XPN8077,0.5785233436700358
FZL1982,0.4837473289747164
WIC9070,0.5658429842211448
HDF3459,0.4489950231702653
NGD0004,0.3688806343340507
TGG3926,0.4886567880101012
IGK0243,0.25137133989994803
BGV2526,0.7192967358355814
BLC9364,0.4697191260494314
OFD7539,0.7003400348760156
OAH1823,0.28251353270772356
NQZ4084,0.499333608266533
IYX3416,0.3887515686881262
HDQ2252,0.5371265529326362
VBY5671,0.4014088262460097
LCW1193,0.38620020315228265
TNU8061,0.5197775351906084
LKL6935,0.3040913306391685
SUS3751,0.49054370676509224
VGW0131,0.5830963077823611
WZM8088,0.5656910720160901
MYJ2040,0.6395293546677262
KPI8713,0.7322161620515609
HAY6713,0.29798872534968934
DZA1378,0.4947163624600213
KEE7365,0.2148949476011663
OWA8647,0.4500408363893515
TUJ0235,0.6469363292135923
ITC8151,0.47606069777661436
IFG6313,0.38691899230553256
MOK3205,0.7388070116269275
FTY6144,0.40144163200811916
KOA3700,0.6863684165386538
PYP7703,0.6055909108122765
LHC5900,0.302433122385695
JGZ2115,0.5029404948566211
UNI1663,0.22868512651050957
ZFG6509,0.332319146464563
UNE9379,0.2694199037192901
XYH6411,0.3136331374792356
QTW5754,0.808013305263085
FSO3694,0.6617897713375176
HOY4148,0.260818349279525
VFR5550,0.49561730000095
RJC9683,0.4214760249355914
JMP4506,0.8596314803959146
EZN3332,0.6386475288570783
ECU2366,0.5476591647577539
OQI9772,0.5296746400336493
DEG0862,0.10675651793008273
IZU0386,0.4340241605093141
TGE4171,0.3723273316007077
HGU0195,0.5751560342732067
HYW1345,0.14522490402809948
KWJ9347,0.3962236945719281
NEN7347,0.4199986779434365
FWV5794,0.5285155345519824
AME1301,0.5260091319352526
YHQ2814,0.4089908762645043
STY4964,0.22351324322326904
DRD8345,0.6012075070838584
JRK6366,0.3722033543559996
NYD0866,0.5776262936953259
CFQ2102,0.3136693448311876
VOS7787,0.6794480736729404
ZGN3501,0.4430150425225214
VIU6738,0.3712783455646094
OEJ7985,0.26151615107764875
QVP6329,0.38780801735857084
EJE3330,0.18172614993751104
NZV9061,0.44609508958384353
KZF6644,0.5449361096994209
OCA2457,0.7285936129100744
NKJ4924,0.5293337678418841
SLS1109,0.22645307853386357
BID8669,0.2433178521605029
AMX9569,0.46082883030631466
AKU8460,0.4184484706008857
RVB6841,0.7232902750112258
BJP9895,0.301375544138426
NUI4528,0.6184780284057543
YLV9127,0.33981255115434966
NRU0188,0.38947052444299185
MSB7840,0.2826423939366442
OUZ2583,0.8508395123324397
IBB3805,0.7603032806882097
SAZ9515,0.2306665231689102
CVL2907,0.6610497720439307
QUY5674,0.46900353685088814
DGM8734,0.827730627691421
EXD0090,0.36957640687849597
JLL6388,0.3824320222381192
XPI0088,0.7071776930864027
FFS4989,0.5655737159896054
FKX1094,0.43807779021333026
HOS1189,0.4750339822023929
DMC9213,0.3122435382837623
USS8184,0.5653368933014126
NLR9778,0.667335558509453
UVB2218,0.3216613101776873
UOY1581,0.27222629266370585
YGK7391,0.518705470041275
EGA6066,0.43718656955826657
DXI2554,0.4873645421388795
JYQ1182,0.6284496288607441
TJF7046,0.4895697820867497
HBV3751,0.46474157833990876
HIO2881,0.5640969527373729
KKW1949,0.2162188113620026
EXO5445,0.5720107405349619
SHJ8274,0.47031248170033085
PVD6218,0.4560558764848192
GBR0983,0.7139338227595801
QFH9826,0.8463234502303021
NKJ6268,0.2555657954271669
LOD1596,0.26329568256809066
KZO1947,0.1891472407744267
WJY9773,0.2948798287415197
OAB1566,0.29414688941088313
ODN6043,0.39529025209067287
LQC3204,0.45857317880302556
FUG0693,0.4329686757290201
FON4316,0.3884683707170435
QRL2739,0.5620590934766221
EUV8682,0.3069504152927074
CPU0483,0.30012138179674214
DBC4185,0.33566463038722644
RHI4955,0.39708964752667464
DGP8509,0.6459504046519032
UTG5131,0.41746580598866995
ULJ6592,0.5869666873136943
BBE5979,0.6763766122373671
BBR0750,0.5087714027668835
RNF0523,0.5694723610135223
RMX0277,0.5864446211653928
FHW5229,0.6625299148513756
JAB9481,0.34040889716920164
PEX1813,0.35200898411858567
KOI3974,0.43385683420279475
TCS4563,0.5205013525688458
RBV5707,0.7554007024057312
FTH0281,0.5697959186836892
UAH5815,0.435318215389237
EUB9838,0.5317476714572893
ZMQ2617,0.5635609037460291
PXN4987,0.595336604136966
NJW8728,0.42872011642163393
NSF4229,0.3308379345760301
SXU5601,0.539525614861656
WCG5642,0.42842923074202416
IWH0066,0.28640335081525203
IZI8962,0.6914187721957389
ZXI3114,0.6903918778740328
TRH0877,0.3608757796189149
DWS1156,0.2963352302215925
BNU5172,0.3513686675754161
HSW5481,0.3230457279978636
KWN7089,0.49844861963403514
LFF8505,0.5829595117227895
GVX5582,0.46041002580928186
VDU0832,0.49078968710037046
VIJ4798,0.48910876749052473
YMM0458,0.2763128123462072
OGB3564,0.377712435104001
MEQ6866,0.650963503406253
AOE6958,0.3719483487581091
VEK5561,0.24267516421262006
WLL6206,0.6578144383370849
LNR3498,0.3143695166231912
YPZ7612,0.7124359840899125
GCX1531,0.5969098146214376
TXA7847,0.5417809689138515
FJZ0116,0.5276394566418631
LJZ2683,0.531470287812487
EIM7860,0.3618297137294984
AUU3823,0.59791105052724
CHX4581,0.6705888099588175
YRD0437,0.437995093662282
DAB0671,0.5318484871149323
XDO5057,0.45091189125329884
ZKW5475,0.5199169012761504
CGO7243,0.431381327261535
EWZ2252,0.5794254407821967
BWC2297,0.4088018249342925
HVF8197,0.41221516049145535
AYH9061,0.5939977726218507
AME3933,0.16865535295120995
XNC2032,0.22761280731916642
VTH8783,0.3196174010767587
XCY4881,0.4101117210539437
GSJ8580,0.3719887984040017
WQQ5955,0.5805177345142495
OMK1405,0.7187074700976789
APA3758,0.28939210194291987
LMZ3692,0.61574258530928
CBX0707,0.3103704044678565
HUD3876,0.3147002724136793
FRU5905,0.4296345756482222
PMS6526,0.775893993283621
ZXJ7471,0.4798386281440268
ZBY6746,0.6765366845187868
NJT9868,0.7496650254155024
UVY0564,0.19405957289272183
SKW1143,0.3924194512643859
ABG2525,0.4304231475519446
UFU8390,0.71269893230207
NGT9960,0.5628464527361005
ZRY4907,0.5532119629981584
BGA9143,0.356238112323741
SBI9198,0.40583393983056293
TPZ2821,0.3460022824845964
ZHI2106,0.5007571326613908
GJS5356,0.7034574584415554
SAR1513,0.5026787752947044
CWB9113,0.5310890916516301
XEL8841,0.40833005388188914
ERY3718,0.26277638907890094
RJE5240,0.17060029412705718
QJG6699,0.5345991615788659
RGX4351,0.6018274281133736
KOQ1552,0.6383275806728711
DFX2670,0.27683135509336493
UTW6638,0.5264026161105468
PBX0575,0.6189438314595195
DJU8355,0.2856993407947076
OBM5317,0.7241629661314871
UHI0457,0.373766661350532
CWC8353,0.6703125012233615
GTN3770,0.3907834107905979
PWP6352,0.4371271252699936
BVD4367,0.23257530582590805
EZU7351,0.582438965439472
LMC8257,0.719864215611875
WXD5973,0.5744790860040531
BQS8990,0.4658301942815598
LZL3343,0.39135508339059466
SMQ1462,0.5171957271577444
TFY5736,0.48351081166061005
NEW9673,0.48043992968082555
WTI0208,0.7340548722542672
GOL9753,0.6067824991492314
HRK1159,0.5319123704420438
QEK9330,0.4457900044023141
RXH2280,0.3518896228063724
ZFI2141,0.5235606190637941
FBP4085,0.5576725362717422
LRW6457,0.279953208745243
MSA7617,0.22513599701250253
HXJ0847,0.321389560536746
FNI8232,0.2590982007102747
LRM8286,0.6282459251511376
PFV9823,0.17821041047761768
JCE3764,0.6594387954821767
ZHX8548,0.5799307057399976
QFC8467,0.4727495021568453
VNH7366,0.6305645929358694
DGR6762,0.3306435438181941
CQO4483,0.35751134489374203
JRA4800,0.5756123082893908
VEL6171,0.5275025864129451
ILO6000,0.5466206206131158
UGZ3030,0.4771474394921853
BSB4917,0.4008768220053554
THD2413,0.527007419837875
CED2110,0.5779679667537384
LOR3260,0.29345600837742347
SIO5381,0.5607731882103363
AOZ0664,0.19209038401477824
VHR7684,0.12151442172462222
TFV5435,0.6121848100936038
VNV6240,0.6760001211143943
VJM9383,0.23996407356695568
EKP3156,0.47448426340688427
CKL4208,0.7618778467696405
QMQ2073,0.20642827035004457
ODP4214,0.6001045747060734
EMQ4270,0.679008514363922
NCO2846,0.8486881932386159
ZKW4912,0.6172145140369947
FSY0685,0.43777327360211293
PMV3303,0.6328763929708252
MHM7359,0.3175483443819359
AMU5446,0.689827578938696
VOP0406,0.2770318798706184
XWN2574,0.1486343736884519
USF3234,0.3677483913523886
BWZ8496,0.7222230402254072
RGY4012,0.251948666043737
YQH6242,0.6382156667393406
NXM9286,0.6505780228204217
VPK3577,0.4605155446998506
ANQ2382,0.6149022104461719
CXF3459,0.4029662244180596
YYD2813,0.41597229417053067
DSE7516,0.3296859019299282
BIJ6208,0.570920741950024
HKR9614,0.7811982598827221
MBY2881,0.3702376410438931
RNM1234,0.26046302407279937
CVF5149,0.7309170714954464
DQT9935,0.6382114816587531
UXD3629,0.17062537563148047
ZPM2559,0.42672114910544706
SUF0190,0.4416275577679227
UQC7394,0.6781166743540324
MLL2713,0.26159028141126656
MVW1001,0.3005038907844956
ZOL0937,0.4059970838007553
ERS5113,0.3625614517777967
OIQ3452,0.6929453703285896
KFJ9679,0.18859195742041257
UOI3318,0.6359426880758243
TIL3217,0.6056113923637876
LIT9079,0.690570767660317
MGN3958,0.45037285964289153
UJS5723,0.33900742664587463
NFP4748,0.5471378867445598
SBB7768,0.6285803339693908
NBT7826,0.5424325691157974
XTT9899,0.5711586105665033
DHM3901,0.6603348555221215
UBU1016,0.6449172017963581
QEO5046,0.5499705618965711
YQK8315,0.34012635914332023
JEM8731,0.7085676709372511
TJP5066,0.5178614034736654
ZJU7735,0.16326455452455202
SDI6080,0.672588691315619
CZV3482,0.7446335820238021
PQX5630,0.6278737222679344
NKZ0214,0.4633734266302716
HLX7206,0.41050064119514795
YZX8841,0.20223106282329828
ECQ2509,0.6604113385585123
MYL9728,0.6427319027914788
XAQ8230,0.3618782158223732
RKG9466,0.7432226923707852
GFM9961,0.43439959164146774
ECR8128,0.13548245917691035
UUR4860,0.36778465016476514
XFW2308,0.25194965146153914
EGP4520,0.48072995435643784
KCR3281,0.5790327635295599
LBZ5822,0.2657453086527026
MSP5345,0.3746324697469891
UZX5829,0.4970474433579938
VLK8520,0.7002573812250925
UFA7337,0.3692036179994723
NZL9708,0.4976501926244144
NPS8684,0.5107023927594501
DAB4074,0.4657956324853983
KHQ2631,0.2843917437390156
LYE7723,0.5329338639518225
IGH2607,0.8431496818598085
TAI1258,0.6365613606185747
BOM8677,0.3837069875454946
RIA2278,0.4882489925814328
MCP2020,0.38753630403576667
DMU7521,0.415919808658351
OAN2005,0.2701603115923917
QNX1018,0.13711021056008052
PIP0182,0.45855815182138404
GFF0570,0.2123240035107539
YXA8986,0.18263150309252876
JLU8438,0.3898389649906053
ZYW9004,0.4175030930877913
NFM3278,0.3894847372375466
KIU5533,0.49767669867012393
FBW2168,0.4301100637330632
NPG4374,0.2307659427856568
FJL3478,0.2670178161604139
CFC6920,0.4825019213502246
YLG9645,0.5480144414903056
HQA1719,0.2489924129906158
AWQ8996,0.2689380190439362
ZXA8304,0.45929904092588114
UYR1714,0.5802291528385979
IWS8403,0.42165625414842867
BGN8123,0.6059992120348173
JQP2398,0.34900352273589574
XBS8326,0.30482718188865854
FNI7163,0.5670916871389722
SOP6458,0.3745435252044939
PIF5803,0.42916620748177214
MKD6010,0.4243569239996117
FMP7211,0.48884243965421176
VHF3016,0.19404374856912449
IWS3982,0.4394708594838531
TQQ4585,0.37366314801589084
ADE5557,0.30807307930395905
EGQ3082,0.5341202687244353
HQD0501,0.4372433787067637
KMK3923,0.5281562271420063
DAH8950,0.3647102305596542
CYI7850,0.5317069010949654
LKI8677,0.3829140576418953
WPJ1514,0.48576196539043826
SFZ0122,0.3660293106293062
FHA4722,0.30093727811753945
WNY7098,0.596431619531126
UEP3307,0.44342911572598814
GAJ4574,0.1388141298458087
KYG4754,0.6257576067116437
BCY3028,0.5107018750018847
LFF1558,0.32406953955602
YBS7007,0.4805048440001652
NKO2158,0.7362195425926034
SPX9613,0.1632654879974543
NON7604,0.6473007099414105
FFN7247,0.5340943643457339
SQG1697,0.5116024362570076
YDA3984,0.25557520936883227
DFB8435,0.4987093540594447
VYJ0443,0.2797390949908874
VCP7262,0.6990498759755698
WRN3435,0.4454797272253568
BTT2446,0.4425911382415706
LAH5377,0.42304683161176404
HSW3806,0.5396122865589771
HRO1928,0.4740415439448715
XLU8146,0.3552869933888626
SIN1614,0.5773073505546439
BLN1988,0.37861781311269405
XHK7418,0.34388375558197143
ZCA7979,0.3301743747849566
XLB2047,0.4208703618537947
QAU3695,0.4534880751530599
GOG3970,0.4818096679274997
ISN5239,0.28614765598904546
CPU1536,0.6761914422041859
MKX9001,0.4286387110981432
KOR9892,0.37529289622566153
NLU9073,0.5391240985962908
KIU5875,0.35325471965241523
WDP5238,0.7085627073873642
UDM5755,0.5948571398765892
GUK5794,0.3135739386464671
FYM8868,0.29752813377637805
BHK2487,0.5392285568788302
ZRG1286,0.7822352471504792
XUH3076,0.48793887510410355
UUM2341,0.8411430047637845
ZJX6721,0.5387067389877913
SXV7548,0.562816632221881
ETL5828,0.3867398507843189
YBV0249,0.6955633752404348
YWV0248,0.6676153109552997
LHV5651,0.5049043852798933
PIJ2107,0.40269066358294126
BAZ2922,0.4737577232961509
BFN7414,0.16607201153132972
LCJ4382,0.37766854234045033
MSZ7963,0.8289935261244183
LLQ7511,0.5008794555814111
EZQ8929,0.3921766827820396
EYW3271,0.49895997935591896
LUR2550,0.6953172620725827
KWV5171,0.39995036924896504
BJP6002,0.6204087730293806
GAZ6352,0.481337535684851
NOE5899,0.404924061222118
GSO6330,0.34217768142451804
DAH7009,0.6550023083777033
SLF0607,0.5550265199007706
PSS4938,0.5599002210946371
YGX9689,0.40644388337919884
BYQ1680,0.6666076822204596
NSD5065,0.7183972817284647
SBI5104,0.1872527122993766
URW5994,0.5305338077619866
LPU4091,0.48814533341287875
UVH6494,0.5485739027497446
OIA6408,0.60165976855388
KJF9569,0.42481036635760033
XSB8188,0.7455816943188102
KPN3155,0.5203218873588457
FSZ2003,0.6596379766642384
ESE6389,0.4273055941019272
EQS2051,0.4144647695426003
JXM7806,0.5962178018655805
FAG4187,0.2313485799327747
PSW9861,0.3383249503211516
ZZA4074,0.29426565648928477
HAU2809,0.7052659252280089
VPW4006,0.5255056558890032
GEK2385,0.5571148033531405
PSK0074,0.3524120473832641
JDP9071,0.5839991423529091
BJT2367,0.6230698521990929
WZL3394,0.2046895085597883
YMZ2832,0.31358641828747297
CAV4415,0.305642939736204
IWC6782,0.6408679153474305
FYS1072,0.5645216707739478
BKO8859,0.38365254661963066
XPA1096,0.2188700191663431
UTK9333,0.14980264086055647
JUH0752,0.6408272545020016
CWE4540,0.6171619463361048
GTT5772,0.5138199040337313
NMS7261,0.4529149534432439
NFC6092,0.7166760581772185
SGY9017,0.3368587760100425
IQE8101,0.6091330560597615
SCV6718,0.678996816364114
CHG1677,0.36770630561219897
FXY2129,0.16010594359681202
GDF6179,0.7450306925201406
VLB7065,0.6640793669526595
HUT0035,0.5967540095572795
CQT4321,0.4642785638932535
EJC5633,0.44968890505512954
XFS1411,0.29999065641262285
SZP6865,0.6303388238849785
PRT5108,0.3921264688168282
MFG7332,0.767545176626154
IES6695,0.244234414952917
BGF6096,0.39403659285394593
KMX2095,0.5344104409495218
BXV0396,0.5890366942075043
AAS7113,0.4344451115215091
LXU4185,0.3579381095224962
AMZ2875,0.3727512433406141
VTO9083,0.547128825245275
OYV2826,0.2992983559315751
RVB3422,0.4344437646367335
VQL8869,0.42082608563258483
FHI3975,0.5662376811716623
MRT5122,0.6141188872944843
NZT2696,0.5790953521953167
UJV3086,0.420586943282642
MWX2959,0.7177984054584112
JRH4241,0.6461895541078826
WDY5282,0.6549941197894488
PFI9861,0.3964050103776692
NLH1159,0.4087210026353409
UMO9863,0.552349713222625
WUA2558,0.21664088780440463
BOV2617,0.5007387698710494
HUF8662,0.6001494045229061
ZGV6167,0.7763731925465497
FJI7768,0.5187717216718425
NYX8294,0.4348183859499656
WCS2391,0.4421932261101974
YXT8825,0.44759863284031703
UYD1555,0.6682814748373795
KDE4661,0.3342009319342368
LFW3799,0.26454625231526013
BOI3325,0.4011803065481066
JBD3230,0.5397939308562433
XOO2590,0.6895626454906996
VPY3256,0.4796328087658374
FWK6396,0.5096758950617305
AAQ3587,0.3591917168316673
USX9973,0.3364522321613754
ZFQ2099,0.6670210549521064
NSP0769,0.32363310979250687
VZW2794,0.448281044716448
FPQ9097,0.30844042666198657
FKC0825,0.3881790774488328
RNJ6469,0.19007876852319255
FHX5987,0.6041082588229957
VKA7541,0.5105196749336655
ENB5449,0.687579850206072
PAY7678,0.39926353372620993
KZS3695,0.2205876885109873
WNU0768,0.46325160523439946
TJL7779,0.374438251185786
HUU6061,0.810130011457541
GIA7202,0.30240338902815883
JWY3275,0.7546110807332449
LRR3413,0.15519019612307505
PSO2484,0.850151435736308
AMN4190,0.40018798913648473
CMM7729,0.43430918490807807
WMY3696,0.22901332400661123
VDS7382,0.31603262556680395
JCU7529,0.361985937810784
NDV4582,0.19947186212673687
ATG3843,0.5817789575486891
BVB6806,0.6010264540277528
OVJ7342,0.5182549916197715
EWF4593,0.4615094550922318
VCY9319,0.2683036543071092
JYE6112,0.6288083564803458
XJZ7853,0.2703780138923047
ICI4338,0.3459040962234848
XMZ0098,0.747804561314868
GEE3464,0.36068624352770706
WYH5383,0.1744411445513199
IOA7460,0.5559123152935959
BGH0751,0.23649111361069575
BZZ8446,0.5842241135346586
UAL3684,0.33568183433046256
DBG4584,0.45985832870524435
BNH6408,0.21734210808750964
ZIQ5333,0.6026169995645261
IVJ7741,0.679807830696634
NTP5344,0.45606849310486347
GVG0103,0.42625819704353834
YJM9336,0.38832193829065226
QFS7363,0.24722373433796707
PDI2374,0.6502102068132136
KXT0789,0.3830720327821891
QFP8139,0.24092121046488815
PUN5266,0.45472762429108277
SVH2177,0.4332099125145493
YJR6111,0.40469296495192136
DSS7133,0.5598616061145707
NCL7062,0.3502312251355259
AJU0855,0.3969344333761924
XPK4890,0.6613567111171157
WIZ9924,0.39886704730147254
MGV2706,0.7702682525256858
WFZ7199,0.6900599259378405
DWL8248,0.36538640789199106
LAN6798,0.5408423546440192
PFP3113,0.6656718765706789
UXE5171,0.43635614985363264
BWO7771,0.7255253624247869
BCK9106,0.6134170037880902
KFE5862,0.5105872999176542
OSV8609,0.5902386961097446
GBW7920,0.7407296562421869
LKC5945,0.7263309936827081
UGZ4314,0.11891052636022534
JWR3503,0.19350648228664508
JQG1138,0.4858352445414104
DVR8493,0.4464948117474998
JOT3091,0.6331150295747442
QUF3899,0.7183716284105456
ISF5324,0.3646378188344395
MEC7902,0.3852669228397968
JXL4357,0.41375203611735845
LLR5129,0.3123536664959056
LLX6667,0.5500485013044359
WTI7122,0.5204048060370865
PYY3836,0.29384483606181755
CWM5708,0.5723544866520687
ZWD0729,0.579221126795959
AWZ1380,0.49377487101327083
YUY9265,0.5875087722119331
ZOP8692,0.33196640855215115
LTZ6008,0.4084297299473083
IBA5631,0.6603546820768834
GEO1078,0.3856874352596811
MTP5467,0.22587929857094968
KFZ7463,0.34147794251260494
ULX1591,0.6396852530883536
IGH0605,0.3662059572613602
QMP2561,0.32032417143521075
OPY8179,0.7976962509757647
ONI1797,0.4688966081822456
DRK4458,0.3136846714769578
OEJ7372,0.5319112773157417
GOS8120,0.3589788042191627
WPR9475,0.735605776048145
TQS9197,0.592950931061162
KZV0779,0.3665200559168057
HYL5313,0.2951124736786739
ISD8532,0.7128657297742558
XWV4369,0.7052126780922299
YBN0441,0.5585265443150597
XJM7641,0.12821197461182432
UOL9545,0.35654791078715314
GTK2540,0.6694249036176562
OIV8849,0.27921801062272056
VEL5401,0.5370430694696195
VON6500,0.7398314506043673
QXN3582,0.43350509145739125
KCS2600,0.2729270218223951
LNL3239,0.2084138551460618
ANZ7871,0.731941521148365
TXH4345,0.2193779340105806
IGO7620,0.743491037666892
YUW2965,0.665982565805778
RUS8416,0.19547819572671477
DHZ2877,0.7784647533826408
CGE1904,0.3400290013668937
DJA6086,0.5067492739659938
JVF2534,0.6616036753980636
MDR1905,0.693281543595982
FDM8444,0.32050276235129715
MYR9045,0.8817155744871533
CHH7599,0.3265636164810031
YKM3043,0.27919226729758334
PCX2311,0.45587772181370134
BPP3429,0.4265712535227045
XLF7396,0.6328824172793034
QVD6861,0.4936620642541251
EAC9541,0.40470014040322094
JNY0669,0.8007982963032808
CMY7360,0.4394976239041798
RTG5042,0.7025385114786064
VPT3891,0.21165657742540367
WPR3809,0.6083660509681532
EZG4620,0.500422633942302
PVO0967,0.6414027078775202
APS3407,0.18124872010276633
EXM6711,0.4864176775638721
ASQ3605,0.4881085341287623
EMZ9496,0.31418968911690587
PRQ5952,0.784124054819679
CSV0355,0.2246892601042133
OWR0811,0.3043791079327459
STE2994,0.5113628011757603
UCX8064,0.2795837093802721
AEO9747,0.4236403436107525
NHE1342,0.46605610418949833
FIM2448,0.31549269899224397
VVI2122,0.37214411254930607
CHU5307,0.31792118566449157
VGS2219,0.6871117806744252
SKG5089,0.44172763450020847
QZX0534,0.34952641656592814
KVW4203,0.41738778739545357
BTY4771,0.4963886842945046
VWD3593,0.6651015133915698
EGA7849,0.38813512211530804
NSO0204,0.4012016075364882
BII3399,0.3835003361805486
DIK3381,0.513320949255679
ZAD0002,0.3370477197160103
FZR0923,0.2326238051857612
KFJ7839,0.4418613131116413
FDW9073,0.5392311890164592
CDA5025,0.6779846581388436
ZNO3134,0.5220637346095556
UJR5843,0.655194483260824
BAY7500,0.6236590832631974
LBK4717,0.6485904668621852
JPW6842,0.827408016971043
UTN7073,0.2989583647562882
PLA9363,0.42729782860373544
BHU8373,0.6530485142878667
VEL7874,0.5186040827136782
OWV4701,0.6675302984378522
YGU1647,0.4230525006648773
DPR2681,0.3909227271096497
AHG3945,0.3998591646818655
HBA6797,0.4914780592346626
LIR6551,0.39726475036740294
QQA3477,0.4864777468494947
RLK8064,0.3982153894904622
FZE9803,0.30193157507925117
XHC4412,0.5295254968853038
KIC5437,0.7050624909317408
UJK6515,0.39069260018423535
WRR8006,0.5023505332598193
LIH6194,0.5339545930130523
HOM9326,0.3988547873187082
RVL6761,0.4081081073105465
OYJ9371,0.48495343929571905
PAS8310,0.5966625133677683
LWP0450,0.5643624854674087
QCO7801,0.5445423496799431
VPB2229,0.2305794794602762
SFD0686,0.6936138336114837
PBN6180,0.48153930880631934
OFV4378,0.8665915926781068
RJG6648,0.40302371852278945
TJG3580,0.4583760270596634
JMD7331,0.680255868622668
ZVK6303,0.28650717563122075
GXN7069,0.4395367832685607
MVH2014,0.7799617613398105
DYT8927,0.5617397560869081
NBL0712,0.8931261929863208
GYO0155,0.5075195625902286
IAC9902,0.10652246486574636
DCT4033,0.7595839061972439
QWI7337,0.41377896510231593
TPQ6194,0.5212768850255347
CXL1729,0.3782606486180539
TQQ5065,0.1486388700887955
ORZ3223,0.4235250248612165
ZJT2723,0.2499818343164624
GJX5455,0.15051084851488986
GAJ3499,0.38549066270455673
QJA2746,0.6355325342593763
IPN4571,0.5259505007782543
THG8073,0.39919621261597904
UPD6273,0.3985653183039775
JYL9827,0.48084599028633507
UQX7522,0.37052279418478595
RJE7226,0.6498759904725862
PXO0226,0.5444953240534558
RVA5201,0.5434943008496302
AEV1617,0.5154660529061572
QCA6988,0.6063380696128212
BUP5917,0.3793886878915184
EUC7877,0.24699093124444
LMA1495,0.5014332020606264
DMS1343,0.29371189298900613
BEY3736,0.5880296557240917
REI3559,0.47213681803061014
VFR8526,0.6007331486059804
DXP3708,0.29542316293848736
CYB7594,0.5469372493744322
ZKB0497,0.4562671814535638
BXD9603,0.44186401285189136
TBV3936,0.7208247934594955
MEK8872,0.5807257709866439
AXR8386,0.36522058451226336
HBK0550,0.19926872504122448
MYM7993,0.16391971493377772
BFP0803,0.5680804440160643
OHY6574,0.31167897333031885
XVS7344,0.4641619258760312
FWE2319,0.5689658537706443
GGE4068,0.4531482185146615
SFQ5356,0.3913730146656891
IUR5201,0.37145020684666924
HIZ5925,0.46645041019569367
FLM9708,0.6322497113417838
LCR3080,0.5759223471426248
LFV7294,0.30076531929321787
GTV8967,0.3738795763877944
XIW4088,0.6928193493845719
PDB5618,0.5718084018063696
IKW5382,0.33733075387688627
QSW5028,0.3635199508264937
PQK1609,0.40131899999927917
KFA3706,0.4538260707841477
ROG5869,0.3367590559736617
IZB7057,0.6430396708894727
UGT0576,0.4724209130527688
IKE6341,0.4031433778132449
WFD0657,0.32340025154874824
NRR3437,0.21568110763088874
PON1393,0.687393900644571
IKG9157,0.450238374310286
STA4873,0.38242515509418623
FGT3217,0.43035885569754784
DPJ2630,0.3659455751119597
XKR2285,0.3633712816233286
TGU4244,0.2421251425607535
WXE0371,0.7968212252994241
SKV1611,0.5485225716226142
WEM7796,0.2784088761865306
HKF5825,0.30852041953384907
MMB8694,0.33981632409934365
YSC5977,0.5124978158289281
ALD0226,0.5063368470488777
RUJ1149,0.7219389981305873
BIT9596,0.43442667806806257
QDY5235,0.4535455348378085
OBF2010,0.4895855133256555
DNI4141,0.37716383964281125
FIO3277,0.3999467110966773
EBU9897,0.41451373481737885
JBB1038,0.6574653955099014
HOK8117,0.4946524969930452
ATI2837,0.5500092413559285
WJN7406,0.23819156576817999
TBD3532,0.7560401849511518
NIP9564,0.8405402837081992
JFT7708,0.4324681530618463
JCX3888,0.6994648737101513
ZJT7098,0.6777335857235188
HMK4154,0.4914491653009853
UAO0030,0.2739422735471851
VUF9010,0.4384568947054003
DWT8749,0.6458917125498034
IZG9580,0.3958089480816826
NAV6508,0.30666205812208375
PVN0440,0.7625025890132591
RBV2680,0.8130152515289827
KIO7475,0.20945476626548656
QIK9112,0.3899651098604613
YNP7424,0.35301757335717526
LNP2526,0.7629354009109138
JSS7069,0.6219499853978556
BOF6549,0.36051042720285187
ACZ8821,0.5182926439204012
BDE3165,0.7080300735995905
MHK2146,0.6036920439044181
CFC1014,0.702744329163561
NVF3938,0.4796347222821335
BKE1559,0.3692644266668773
XZY2744,0.26893196865072994
WIA5017,0.6908084569640602
ZIX2511,0.5860128443707477
WGU1584,0.4191644363956172
HMQ7762,0.5890928260390822
DZA1512,0.34325763418170896
BZT6517,0.778815181256221
LDX9294,0.3144970140741975
AVJ1407,0.6823716817585045
LVY1540,0.22843236991725244
OAQ8445,0.6264760628349368
IER3992,0.3910782405441483
GSH7565,0.2464213981405209
MZL1445,0.5329503207995441
UTR9251,0.32941418947320045
CWQ8289,0.6643941855298304
PKY0579,0.4624928445767358
BBG2676,0.33224222297781664
FJE1300,0.4828686186742091
SVU4532,0.19065517896652628
HLR5621,0.3161230069919664
ZKG2634,0.4614878015166417
EMJ4291,0.5484332787704634
KTM9004,0.3922203617124743
FEQ8164,0.4836032585498019
ZXH0943,0.3923356187197148
TYU9186,0.36654528355326665
EEB0624,0.7718815556888978
LWQ9693,0.31053279847051213
AYO6751,0.48131647694468693
MEM7039,0.6773015674514042
XCJ2719,0.3649848117750002
VBI9490,0.5366387935759437
JPN6438,0.45671543784311286
YOP4022,0.2797943655059637
WIE1670,0.3782627241407478
ZZG1279,0.4880057245391051
IBY4892,0.4934728438891728
VRH3683,0.4331747901243681
KTV1619,0.3311291901229983
GQB7094,0.5915038912059877
YCU3371,0.40525479968305084
DTP4491,0.4877069379066539
WIV9796,0.4218976836936806
MJI5663,0.45503671719534733
WCR3433,0.5422888757254247
VYN4221,0.31600687455772536
HVJ2795,0.6250540700330242
WTT4377,0.24985748332610844
LDS2388,0.16140570003628305
UTE4496,0.3317467432903913
VJY4583,0.5767143409215313
LSA7964,0.656847055484425
BZV3649,0.3936904374995031
LWS1272,0.4242579773610667
VLH0947,0.3622894916554555
ZVO2998,0.21934688114613007
PBJ7693,0.7998898653736453
KQH2058,0.3972625695277496
ITP6992,0.6775972591493471
WKQ2030,0.4279789668493449
TKJ4454,0.30378946260354034
MCT7093,0.32404556121096567
LQQ6326,0.7871725297722161
RKB6395,0.26136634939092246
ZAH9261,0.5477728809680147
GZI1127,0.27623408427831514
CVV6331,0.6533847352114279
XQA2811,0.5004960889185222
SYI6054,0.6240455678431598
AMY0655,0.21668097847673268
HZK4281,0.18910595665915114
WNT8145,0.3602653836593895
CCX6236,0.7326584351143771
OAE2016,0.27923776669078054
HHZ0542,0.3522140005602368
DZV5764,0.466627335876884
WXR4271,0.2844805674577584
NJL1519,0.570604923418453
ZBX8960,0.32199165110201794
TCO1239,0.7968885528862785
IZE0277,0.5028105050626637
WXK9583,0.41919153273621623
FBE6451,0.5660045673674309
FTX0418,0.40119330770042433
UVJ1190,0.5873104923205877
ZQD5170,0.3416498792572839
MMG0954,0.23903882293541465
QTH7652,0.5492854190395325
EPL8454,0.687414490971294
ECP8252,0.7369752168347597
ZAU0784,0.7918256584764514
ECW3835,0.6548659029615145
CMS0318,0.668780401833874
WLW5649,0.28768431133811406
JHX5386,0.5711475666782777
PCH3333,0.5898042927221138
CJD4090,0.31851649722113157
ZHQ5954,0.6569863741160427
TFC5723,0.5306377361119031
WRQ7331,0.4339606123008021
KAN4912,0.31446801742676767
EPD8279,0.47849641421546657
PDC5099,0.6215282268279781
DPY3938,0.3967052989030027
UDO2330,0.4063469507222103
WKK8778,0.3903571562140935
KJM7083,0.5112090958685113
DCA2616,0.37881027954540925
XEH0275,0.2936758070160829
BVJ8088,0.5158783366776702
ZAQ8758,0.38278277496505914
HRF6526,0.6032231221393555
QQJ4189,0.8269944026798828
ABK5848,0.7416962260778184
OEH5253,0.7521716397985154
FOT2445,0.6343112029512595
UXU8867,0.3113247913736558
HUX7982,0.5315229700208137
SMV5436,0.6904407221058332
FBQ4481,0.257708811762369
IUV9080,0.16726668341377343
LRN0740,0.5323146231409474
CBT9092,0.5871687592616548
CQG4678,0.4230794841924613
JGQ8837,0.17740298520035547
RSE5980,0.37444902543367886
WSZ8728,0.4827733358492108
SAD7889,0.7667750512826026
DPH0398,0.7700231345641612
UQR7067,0.2998234613815585
UUY9624,0.7567126803894392
PVA1710,0.7956737047617922
BOT5603,0.4924746645919516
LWY7653,0.42295849816988995
YDH2973,0.4744141136285811
MEE9924,0.5608947574580594
DFH2841,0.533702641861872
JHI3131,0.3836320435925606
AGP6903,0.4049426138459299
RSK5328,0.37472342467239744
VWE4596,0.39709167447777927
EVB4879,0.3312360542756025
QHA7457,0.7308986647194122
BTH4717,0.7192620329153158
ZYR3814,0.4123576173926459
IHS6850,0.7045518506448724
EBB5326,0.3452741033900986
UOC8757,0.49346164095648803
VGX1724,0.4650609170797383
ZZW2620,0.36671958499015533
WGP0738,0.3905286798359087
NDT9688,0.4692494609511342
RDG5759,0.14297047909011912
MBZ3219,0.5794748175064297
VOA2778,0.2861322354640433
TER1659,0.39696509205522
CPG1677,0.3969347694361012
MTD7705,0.579866814521078
TXG5920,0.5047709056168129
MYX1390,0.524670848405461
XMW2906,0.4986767085509685
NVX6011,0.4046451662025993
LYR1389,0.47504608954800626
ZQS9453,0.5446180381635326
KVY6771,0.38263920890766945
JQP6097,0.38972102097160705
ADB1236,0.3780987859137802
FAA0655,0.35858713538709225
RUP3785,0.4865083493454904
VTO4977,0.38415336967908503
OWY9257,0.40820471278276393
INZ9599,0.37045095064058
UYV9434,0.3515271962493016
QCN3988,0.6158117554413889
AIJ4474,0.30468987160119093
GMF6125,0.516521850043399
RWZ2877,0.5788179143369492
CVR4043,0.41178691131498263
RZY7054,0.4402433942570648
QPL5273,0.5747441016159607
KKO1796,0.7594977915154827
DHQ9595,0.6822599306577845
OUT6240,0.21765495306461616
LIR4665,0.40707788362240493
VBS5912,0.36869846478637364
IEK4502,0.327184569414953
FYA8853,0.6121155338631176
FOH4659,0.8077891451381765
XNC2504,0.357246065267706
SHN6071,0.64817267608967
FPE9638,0.20488230874179691
MIQ2318,0.4227521942054433
NKE5145,0.5620883784410534
BNP0383,0.2532303440923841
OXQ4019,0.5483772242528074
QLG7535,0.29481305480671116
NFG2213,0.389899588494264
EWY0202,0.5923723016140401
LXZ6473,0.6268392657219015
XLJ8555,0.6776072501987873
EIU1933,0.5921098273400662
YGT7289,0.5262863168525123
YNB7874,0.5296138789680129
NTW5371,0.3092322190205568
VSN3165,0.44450757973195165
BCO5595,0.7821054281479899
NZB4891,0.5884840544539384
UTK5485,0.571595104579712
SZO8539,0.22906094842574254
DEP0199,0.5937242422014192
ULJ4832,0.44019065887315795
NLA4883,0.47396121633977334
ISZ1044,0.3789695711734827
VOD3596,0.4578485238993658
PNU9920,0.18951586110368313
VBP9681,0.5927496185411915
UFA6698,0.3360510849771919
IJP9499,0.29583673851366604
FDY6857,0.36042725862189523
LSM4366,0.2940192396460071
BSH4545,0.334012648677228
VNF0492,0.4950769382080456
NRN3248,0.681560587491417
CFL2795,0.4311292661103186
UPY6262,0.6963168818032879
JWA5753,0.6909139980169157
YSL7643,0.38627467675443894
IJE2413,0.6134575238773153
HMG6508,0.5569047543339884
OND1652,0.5991120961864258
RCD9204,0.573918712935733
CVX3958,0.5298063023531858
SUD2927,0.47756363445867245
ECC5428,0.30320071815900973
VVF6053,0.6627038761480207
ZUW8629,0.39931280354234167
QCW0913,0.4877827423844353
UCQ2988,0.3546808542849301
VTI1308,0.4117503037118394
YPL6010,0.5877246492499673
FQY4754,0.6704404862702543
IMB0115,0.5742444810917053
TGG0560,0.4814525406525711
LOW8153,0.7421541296053801
PMQ6674,0.5346246832062925
ZFY4122,0.4177731607329766
GDB4295,0.426913450903542
IXI1781,0.4163897313581123
VJW0795,0.5859477506696965
VBO9417,0.6216646839937858
NBE9866,0.19198010727340065
VGC0338,0.4783158313876773
JMS7867,0.299520903168362
CSE8479,0.3250073745413669
BPR3060,0.7529084944575511
SWM8178,0.647827228663113
ZAW6991,0.19688294663781497
GZW7919,0.48568449999870067
QLK2483,0.5356750249807822
FBN7235,0.5352147795173109
DPI4700,0.48781251126148595
JML5008,0.5090221253221845
EWV8051,0.6078622132896399
NAY8513,0.3977116291820072
GKN9646,0.4566265667340392
IQF6763,0.1589516517913295
QLJ2322,0.3692197042890671
EGR2384,0.3863720767654669
LDI6232,0.8633352933866637
IXP9686,0.20011335849627823
WIS5869,0.772321575478045
QPG4120,0.6334799286791793
ZFO1888,0.4953330807823047
GJX9033,0.2720340070706219
HZG9332,0.3470340712775512
RIV1782,0.452549439802456
ORG0034,0.4762024795973599
MBO0090,0.6561170051202897
JCK6531,0.19474459837184413
VYQ0919,0.6820304101669936
TOC5703,0.257905658942849
CHD7768,0.6661052288131479
TZO3960,0.2575624140052966
KYP2401,0.10911404393353766
GTU1888,0.7206241799732495
LVV0631,0.5050367066117183
NXY1801,0.42612368983574783
LDF0276,0.8428597952794288
QCD5470,0.7442279947632007
XGA1603,0.41397561914151215
BKD5139,0.6105862552610354
RIV7224,0.7081499624089412
HAC3956,0.6937836184412057
CIX5564,0.7005224411784298
POL3249,0.7466429809885473
NVJ1952,0.5749518501479369
LJP8831,0.5998990561705884
CMR3851,0.4319904651451554
BOL6020,0.774354231739555
QOT7252,0.39079008422483263
SET4895,0.7460113641326513
AOM9004,0.16249155666079892
WRL8060,0.504654323301047
YRI9524,0.3195051627941514
LRB8922,0.5397244228423851
NCP8644,0.4642805534907847
WTS4018,0.34776797265503695
DTI7426,0.4429725297053843
ZGR0098,0.3908119171539466
SAD4571,0.3538035827274817
KEF3478,0.6043438781200388
KVP4733,0.5362998789975622
TQW7158,0.5014316577754596
VBW5493,0.5438062011480839
MPB0399,0.22407095397937613
BYK7045,0.4234909403893041
EZV1040,0.2657386887079869
LIX4967,0.4256035180254338
YPX9462,0.824938519043625
GUC7779,0.5372012110666293
EIW0176,0.6611604316534903
JPP3633,0.2357353298051757
ICE8497,0.23580203471306233
JCB5870,0.3054210817237058
TSX8703,0.6550345661416884
WTN8881,0.4377500838344639
VTX2950,0.26356685620924125
OXO0872,0.5092002588017499
SLL9902,0.21226549266840292
CJD1628,0.24503039519993774
YME3555,0.6491856562807611
XKF9852,0.533206831490065
DRE7767,0.4492346880080609
ZWO1818,0.47351243003723176
FEX6317,0.7712764913395327
SNQ7014,0.32607559509747286
GQN3038,0.7665090051560427
PFF5514,0.5006238163640354
HPV1117,0.5139913008336947
III5054,0.14728814514480382
LNW6654,0.6405446271168933
ARC6596,0.35321247148149937
IPP4620,0.6913952003025388
NLR3257,0.5297829793543138
CTB9878,0.7471172872080049
VMT5143,0.44350123013912174
AHM4211,0.32344691582815793
KCL9551,0.6604232480278618
NHK4195,0.4552398820088848
INQ8214,0.3132743652458977
LAX7318,0.5011086086758527
TYJ1073,0.5937606950493913
KHR8174,0.4129388998204661
FXV0272,0.8293986696612551
QYA8718,0.21338431668942145
MGB8317,0.603624879891883
WYJ0017,0.42192006044289176
YCB1541,0.15915792202044463
OCO9701,0.6298706851952445
QOT4213,0.5291036254087471
IZB8133,0.3750860437890282
JQT1085,0.5769264830213992
BCD5519,0.5622565078206436
XBP4686,0.5104203812330482
BUH6163,0.35780097290091606
YCL4225,0.5241494194934612
ZGN1837,0.5429884446060976
VWT7951,0.6433860261678251
WCU2909,0.23649450899202154
ECJ8667,0.2312105356146739
FIZ8807,0.2296726561087771
WEB7022,0.4268206706350401
UMV5479,0.538397688872082
NTU3115,0.28493373534390853
OHS0889,0.2923700312464416
JRT4331,0.49060915924263115
AWU8320,0.5053078923951362
FZQ6790,0.5904782302733883
SAW2413,0.7956475841784825
MBR1935,0.8291494299768487
EUM7981,0.3188212100989944
SXQ9635,0.38374228095426904
CSK8727,0.5515428952281678
BJA6633,0.27489600762527144
ZTS4215,0.19667128534558206
CXW2502,0.34813383222082706
VON6528,0.6717020518085852
XBC1483,0.38319675785693147
BPK9428,0.2906645103743997
IJM2804,0.2242457410851167
JAU0056,0.6539824035329411
SKG7687,0.4078202199007513
LUE7177,0.824939559702384
TFE7449,0.24675068076380127
KUU3033,0.22362313297483946
BSC6214,0.4916962601705497
UPB6992,0.1827790402032174
LPO9433,0.3963459027662774
GRR5260,0.3330494672745928
ZYX2775,0.6515382211173854
CRR7571,0.5569080856664798
NVR7579,0.46794079507505987
TRO6653,0.4076922363098759
QAZ5784,0.4821913223137742
CSA7855,0.6283181601293801
SKR7049,0.45291162047067157
VDC5945,0.2717166363870029
RQG6441,0.4464909616511632
UTK3942,0.4535653692073553
GIS5276,0.47598962038175746
LZC3931,0.2395093036630152
AQZ8439,0.4705442450487879
HWR8277,0.7702160859077141
QSW7544,0.44227614577645363
QMO6786,0.4736867180038978
FFT1267,0.48602824089329844
WBL1699,0.28513179815476825
DLN4360,0.44693421699020014
QVK9371,0.7140156022701022
PAJ5923,0.7389433834946771
VXF7049,0.6215121508056372
ETT8073,0.3731420053511456
AVE9956,0.4062268144746228
TPT4243,0.46326761316301374
EVT5415,0.3735684348386232
NRY2349,0.6179508468021425
KPL2000,0.6477767085155591
JQC8916,0.36855834259579584
IGT4727,0.2369139817307717
FOQ4697,0.43443280402291873
JMD2554,0.715124503323594
EWK4862,0.459164097784208
SFG4231,0.7296016327931005
OUW6979,0.8560846099796928
PAT9207,0.2483106647466203
XTB1114,0.4086926621388164
SUR8024,0.7293705570695117
JMJ3446,0.17001474599831903
FLT1779,0.5409387272683741
ODI3507,0.3660583515243886
VKX4649,0.5729847128227753
LXH0711,0.6546655430155073
GOH3012,0.691065489423904
XZK2864,0.7024073365968525
FSA2525,0.3792136822958054
OML8735,0.31417756723047763
CKW6247,0.2802500553306869
BZK1475,0.43213623837574505
BGZ3773,0.4127241310859083
IHZ1914,0.7649927016900949
XYA6636,0.6100918357260099
RWD5233,0.6861235997218437
GPV8030,0.5245141446108255
NVZ8701,0.7589351312969059
XSF4318,0.561994724943727
WXM7923,0.4714050491187403
CVQ0880,0.4859420502137952
QOQ2863,0.2785412860546932
RXX0623,0.3842103620761858
CKY6595,0.3260285347609306
EXP5590,0.39898449455958124
JWS0195,0.4176751040016221
DNV3342,0.34248050128547236
WHY0533,0.2845510239561302
IJR6798,0.46850916417217486
SVJ2157,0.5386165325351747
YLW4737,0.4419088898035101
HUH1315,0.7090539081850371
XMX5505,0.38608361472859754
TBK7519,0.3095048344174478
KXA1414,0.5815531897669896
FQH2166,0.6454132650240963
RQN7624,0.5712436389526249
EES6771,0.6536521243040077
JPZ4794,0.18697163809810552
SYU0185,0.2784585970504584
OWS0031,0.41847174712184926
NGE4427,0.5332583289470443
FGO3834,0.5209237156029657
OFI9247,0.6959730481158154
AHB9803,0.7661649738052558
LXD2374,0.5990384782613
PBZ7120,0.5753633387751684
NIF8371,0.5398034135887739
XST8100,0.1741673108846782
CPB8339,0.3567023765840047
NLP6754,0.3157037624867355
JSI2170,0.17386990612269715
QFM3680,0.1978943492621709
BHN6631,0.430947317911501
CEL0556,0.5511937835976319
XBD4029,0.38357449183617226
RYE7752,0.5054279649597948
QOV3032,0.3939896259922069
XIL7243,0.21666051121373112
KAD8756,0.4567748712950557
UDU3246,0.4483495823001445
BKS8607,0.4842495754934069
NNH7225,0.5899696262652835
CON6996,0.4153417944527302
HXS4917,0.39850764348660106
PWS7531,0.12108726171926654
CPA8641,0.8564968319799416
RTW1393,0.6795195467908979
QRM8880,0.5632946093309298
SYU1247,0.400274382679601
BKP7999,0.5047996767884723
RWQ2872,0.48955127264294135
VET6669,0.3189390991443816
BBR8345,0.5420015574647885
FMC0185,0.491254865905201
YWX0652,0.3698333934261813
FEU3392,0.5513290185803377
MAI9069,0.3911990964660785
KSE3648,0.6535626568652367
JRU2012,0.3720196674557376
LAG3972,0.5111898811096659
XDU6150,0.3868244003203578
BZO3678,0.7312758840790533
UUL7578,0.4924874393812538
ENT4935,0.18238546344675852
WXU2063,0.4581862704401067
MFJ3188,0.373424325032282
LFN1743,0.48739987354292486
FEB3954,0.305587971795358
XJJ5859,0.49860703781081456
VIM4571,0.44079198177479256
EHY5432,0.4385800906201936
QRH8342,0.5497752317681323
XMG1831,0.4292242531220663
TJC9764,0.38632191494466284
XUX2979,0.3968580496342739
QIX8136,0.1664671459580125
NOD6437,0.7579595332544197
JDV4500,0.570699961224275
TSU3436,0.5172991581493609
YQE3043,0.4731288392072153
PEN4600,0.2805331230039069
VXG2069,0.3639842754018262
PGV2258,0.378816832396361
PPB0159,0.47086741454541997
EEZ5587,0.2753043815562964
NKJ6134,0.44446670242624475
GNL8515,0.62448353603604
UDB4012,0.8098898870414339
EUV8082,0.23785963328966214
FKA1499,0.3946713156146139
TDW1832,0.4329961333304935
UYL3937,0.40924948572496755
WZQ9514,0.28581989932367263
YRA1133,0.36184788362867193
AUE4212,0.49268086300157793
AIO5707,0.3372883457972197
ANY3654,0.6265679158671719
CCJ1581,0.5377637369856226
RVJ5539,0.561315377110649
JQV8142,0.5992486789518082
LKP7864,0.43310074209377863
QYO2749,0.4752908571493678
VTS0473,0.41587008243531876
PGN4080,0.5674815521246186
BDC3366,0.3355008809411258
ZSZ5292,0.29734739350367606
RLE9918,0.3304223245929708
EXF1515,0.5594489333987015
UTE0139,0.49766863516600746
OFR2518,0.5633283439259623
JJF2590,0.4324261178138521
LJL1360,0.4481465262601887
CIC4708,0.5760721001735991
BCA4110,0.45264941890300747
YSR8537,0.1547232784646366
ESH9012,0.410657519846849
XQW1169,0.481053074232701
SIK2342,0.40130250716584664
EFQ6319,0.4125016476011366
XQE1526,0.43296901175283536
AKR9099,0.603418678680244
JAI3468,0.2999182929796595
WTY4270,0.30383441767468916
COV5080,0.2403397725738036
LMM1024,0.389353885175316
IGE2896,0.7888519561418226
JBT5109,0.4539860239261487
DST8276,0.4085689530929875
BQC4343,0.6024360821312179
FKR4884,0.23739250743839516
EEZ9582,0.3239874911354669
KEM7815,0.39171160370044383
ZIC4531,0.6493568423882548
TXY3351,0.6453921508254384
SVT4843,0.3624163037329995
MCY8318,0.2236088552990736
ZHD5694,0.6722684870593777
EYL3435,0.3240412122651466
FAK8590,0.47805304003820737
MMA6648,0.8036385417288265
ZXU7819,0.6583005470305214
TXT5173,0.6664956637358737
NOW6615,0.3061630852375129
NCZ7758,0.6598821310123486
REI3094,0.46169916805754546
GKU4570,0.8046140442714114
QPM4563,0.6074217510049663
LIF0935,0.4192641767124769
QFT7638,0.4848478853921495
LDD7909,0.6380197523386142
PMD6356,0.6990753635760009
XSM2533,0.2210969979757959
ZAA9704,0.7260207532810854
PKQ6825,0.37106479394264563
WAJ3293,0.5295381052620235
FJC4376,0.4391978469351386
WOD5328,0.51205221312506
OOV7630,0.12862443355290884
JLE0045,0.6403272542301107
TRT6193,0.4997445564896013
WRI6749,0.5381754917023199
SKX1054,0.42829152369999257
WOT9749,0.46533264057543533
LUO0920,0.6459683565867312
FED9755,0.26312148103604094
KSC2280,0.7092496657241176
SVJ6815,0.5896220849890789
NGF1992,0.28007321597429
PZX7839,0.223630320574239
FQJ6322,0.359126741705127
JNH8656,0.2016034127314829
UEK6875,0.24733533220489132
FVT7847,0.43884379573803134
VYM9686,0.6180891987507254
HUZ5652,0.43735485485517583
UGP0737,0.34944342019196734
PML3266,0.22717535050362586
SLY8923,0.6106493856497162
QBQ3841,0.4973599260660519
DRH0163,0.438824367369562
NDQ9001,0.6829429737858213
DVM2517,0.5235220925869617
LDX6766,0.4340333540077708
ETF3376,0.24883260931030662
PPV8379,0.6387917596861348
GWG6827,0.3658712551772099
QPP6524,0.46900799564702733
ZMG3395,0.3192753229965391
RYA6828,0.5944287672248214
TLJ4903,0.6443767767694156
QSJ8380,0.5042841334901321
HVA7599,0.6114972081916028
INA3184,0.5123960165552859
LIC9006,0.38660563294162453
CRX5646,0.24236909217582256
CJR7973,0.43264911113624344
SIX4048,0.2979379051843505
HIJ7224,0.45400877224840386
IDF6143,0.6826549686798549
LHA4851,0.43653091362322666
DUP1250,0.20942216733466504
ETW3839,0.5608872433059615
TOS2521,0.1576549004610164
TXU5196,0.5080656742399978
UTN9806,0.2916638296071006
UPT6736,0.3846453443706834
QLO4437,0.4017880338998908
FDB4146,0.7728953668715037
CJN3294,0.4476311772423518
IGX8925,0.4676395212672231
BRN1292,0.4690488629929677
JVG5455,0.3573491015577846
OWV0422,0.31072687155329004
EUF5580,0.6162196722045933
WVI2357,0.5464482134152169
GMI3091,0.25031220822347705
OKX7088,0.31046755572166335
FHX3427,0.27532555246158086
IUX3518,0.5814365594825972
XHT2960,0.5017005083525131
BFO4768,0.17093019325394382
QCZ2397,0.5179365830588026
HUY9240,0.23829291224055416
RUG7309,0.39073502565429985
VMV0997,0.4253518965312399
ADM0827,0.5359575045711784
ODT3808,0.46048474467702216
CDQ3303,0.4386304193389979
GQT5475,0.5022654115155057
MAQ3766,0.21272934537804647
QJS1732,0.4549380079849763
INZ3983,0.30786352344485807
QGT0911,0.576718432003998
VKB0890,0.5343187766697033
ZIX4904,0.6342794181317802
WNB7111,0.6395932289467406
QVL5835,0.5660006933528792
OVN3723,0.571483812092832
ZHH4408,0.4390277600079547
AGR0025,0.2670671701406359
XBP6656,0.3974944431254083
XZV8150,0.148619349179513
LHG6661,0.40151966699507047
PMC6232,0.6307147490810336
FIF4321,0.5413235378386447
ODY3807,0.532312000911637
RXP3675,0.39148619777871735
WDE8034,0.6242774683404757
DXW0967,0.4389475440007071
TEB1181,0.6028612209361387
GRC8180,0.4281033837327085
MYP5419,0.41347971197435335
DEH8750,0.5407643665870563
XDN9367,0.6345510016110533
LCB1865,0.3630082828706932
NTT5170,0.6462261888285926
SOQ1632,0.503623054112954
YUH9692,0.41035835415378585
JYD2074,0.37952504893175465
QQG2862,0.5170187980912518
CXM1623,0.3554672957796572
FUJ9930,0.4512422726578148
CNB6992,0.24709983189858922
ZVR3165,0.5933948479367603
VIG3338,0.60077924569636
ECX6390,0.5624815234791289
CVZ4208,0.4861813161774976
NYS5963,0.5414163209920467
QYV6805,0.6515678258358222
RPM1362,0.6830139561201738
HZT5933,0.6027204912201545
HAB9073,0.587137386980183
UMP0408,0.31270930929761737
LDP7953,0.23952977765018754
HJO5548,0.44232132986898615
SWL2951,0.6533622026959102
HQJ7509,0.33950464024199317
YXE3238,0.6163006250492739
QBA1659,0.7968161346980401
UGQ9648,0.581094569191986
UUZ0902,0.7079969086861002
YIK0290,0.32226042205202504
TKL9885,0.7558038055403931
TAV6410,0.37967982189245364
ULZ5016,0.5553681452825101
EBN6340,0.5244004519298487
SXG4078,0.5541939170645802
RGS4046,0.7151133803714943
ZEN1745,0.3010240487930192
EQP7859,0.3475172270530444
XZG0749,0.5271307518992542
MUR1259,0.6757549258528237
GNH1572,0.35719351305771474
RNT1103,0.3454749716060839
KQP5148,0.4575266880537324
YPL9606,0.2780837100055993
GEC6684,0.6391097770312049
OJV3269,0.35070290640089646
KBU9669,0.40480255960982997
EXK0686,0.21298896662583994
TXD5026,0.6417904390002465
WBE7793,0.3373986380399732
FOW7270,0.4273821079803728
SQT6432,0.5492054228472697
YZN0545,0.513209745788028
JWG9773,0.782135643964258
RYL1835,0.5527022557186058
VGS9426,0.3853018831860851
LLE5822,0.7647538726547203
CYU7374,0.8270915063135182
JCR4090,0.5173405816351574
SPD9900,0.5004660735102836
GDM0800,0.48905532392650325
GPN2716,0.24301621530313536
HYB7458,0.6903398819041252
YMD4662,0.8636850421566002
IGD0921,0.7185303395633128
CJT1561,0.07200878581075963
DEI4249,0.5911162598088616
ZOO1036,0.4265101004826941
ZWD9803,0.5433092435977195
GUH4927,0.38111955943558945
FLS8480,0.3273312134482048
POE9287,0.47908991022731473
QFK9602,0.4591431490087919
FEF1920,0.5062691188184423
ZQK8721,0.49394926459411026
KGP5853,0.6263204734400598
HME7697,0.43525127703460137
LCF2931,0.3540202414171587
XXY7874,0.615927801418518
ZEL2095,0.7175114973210116
GUR3247,0.3770375872122974
JDL4331,0.5000236064800663
EHE7119,0.5325498776945873
UHH0658,0.5991492024111059
END5028,0.40248387601606517
HZE4718,0.641296376838496
TPN7250,0.5291263461512926
JHI5936,0.12605607605524213
UDI6384,0.549740026241842
RHD2687,0.38362599088132104
BXS8111,0.5038502847227503
TJK7138,0.8318037311312292
JQI3533,0.6219270772585122
GNX8347,0.7748569030033059
RXD9228,0.5071362138204547
FNH3965,0.2574356531998843
EMP8062,0.7135595751706837
MEJ4356,0.41574544209851705
UIZ6838,0.710000552628972
UMV2455,0.5340239152844939
HDQ9910,0.5280212207939087
DZK2637,0.7497735275601329
MFA0957,0.6962839312535715
FHG5382,0.186067862646434
QCU3035,0.30444344912151683
YCK3225,0.33822614070132256
VEK9874,0.4039792872505775
NTY2368,0.3732669730317006
LVT3457,0.4582417122020843
ZVH5381,0.27945947124830534
FCE1353,0.47603376673059583
WQW2081,0.2815379749055884
JUQ6158,0.45355173060147397
OHS2466,0.6373259123658666
KPF2140,0.5405662964701622
BAO9938,0.3257440962122339
BEB9268,0.49890277478773126
PEP2360,0.20551642338002005
KBJ3393,0.3629188029435902
KJP8929,0.4553695019460211
IRS9319,0.7955122257080354
GNA6559,0.6325403239968258
GDD3535,0.2788974410674742
XHK3076,0.7675652831210823
OPT3877,0.4642611285009313
KDM5132,0.5012597380297992
ZGH1260,0.5500260873285726
ZPC3616,0.32036581426767574
CCD7521,0.25902806449858945
RLR6078,0.43660638991573897
XHW4339,0.45105541126811893
NEA4125,0.3334486859452136
FYT9337,0.33529589641461865
MZA5737,0.3458791401547405
IWX8525,0.2531918775097607
UXY3602,0.567064953755848
KAY9863,0.5266098733672616
ICL0681,0.4618230379247734
STV8662,0.5133093804250054
NXA3158,0.5098403571412649
WUT1669,0.4276191738734491
WHX4931,0.5485187162069626
QMF2498,0.6271685539840178
FAR8609,0.4558831188642453
MJN8543,0.5453560062058154
ANC1727,0.4778036136285355
CMY5018,0.4890567304215196
NUY5204,0.18682341131972735
YIR9679,0.43179768063496915
XDM6706,0.3660965056036597
ANT8269,0.3309065225164265
ZQP3525,0.5405591612829453
UKG7598,0.322841631098628
KIS2908,0.6003521395761776
AIL7774,0.25026198637296065
WYW7672,0.6284994128052885
QCX5525,0.27958098087107763
JZV0769,0.3736552474375059
DLR0932,0.3733038970136839
VXC8863,0.651872237929629
KOH2895,0.5792696315451299
WMY6508,0.6684145922820613
IFX7040,0.612053461687567
KZO2590,0.21144230583779333
HLW7095,0.4411409490577238
MRQ4796,0.49549900791644486
NUA9006,0.540827960179801
BSN6358,0.5344872442286527
AAB1308,0.34223333797785754
MFD6294,0.5603784988463469
CPM1668,0.3274444262018628
ASC0080,0.5769789804285163
MFS1546,0.6614471618289531
GTV8803,0.2950766002651614
BTB9943,0.3431374707993881
SWM6904,0.6273788687326104
VRE5552,0.44787136939429184
PPV2663,0.69733047477815
NPR4084,0.6273064619468917
FIN5241,0.3375045724961097
MLF9852,0.5223910538583114
PFX8404,0.43632330992080864
NZT8763,0.7147997608450012
SYP8802,0.4870663779110054
RKG6794,0.32917253413429237
HUT3552,0.797652335331915
GHQ1739,0.35059242301358545
NHM3753,0.5243890154045348
NXA4981,0.2349367288926279
JKD5635,0.40435049241817783
NDH9283,0.1215636007600141
DRI7386,0.6220580476348647
NTM3474,0.4605780212100497
BQR0893,0.6916526178475583
EGR9812,0.7601789681885964
KLO8178,0.62045734014239
RPY1835,0.32021273873717865
BZL8581,0.4795861070954858
QYH1854,0.5157222792865758
PGK9212,0.2504885993696576
UUE1033,0.3756158698990078
ZAP8815,0.6297119496592768
WON0228,0.5427690938085763
RSO2008,0.4635468119725049
EHH7629,0.3007419420103561
ABQ4338,0.6778378524449623
EBY8977,0.41863553078601906
FWF2890,0.5714347846999854
HKI0609,0.5725255493871203
PAB5947,0.5292683601314706
HEA7016,0.6390476469784141
HDW8123,0.6260582319970907
LLZ5422,0.3291934126693499
ZPT7132,0.6257643565982283
JEU8627,0.7423279192560868
UQY3173,0.5157556594646178
BLM2089,0.5800671941959963
DCD5221,0.23012988730267514
PHS2469,0.21074119809491296
WII3386,0.25817245146147827
OSB6146,0.38862342766754054
ZYE8393,0.38889946644102946
NRS5494,0.5973733457865421
VCK3879,0.30397127258430684
QBK1287,0.6664184033774576
OOT2673,0.44600703202726616
PLD4712,0.47065698730979727
BCA6861,0.2713898837234584
BKB3148,0.23581553506319805
UYT2460,0.2366348397423324
CGV2591,0.42848603542383695
XSE3563,0.14967664733829286
HRZ3422,0.7954324700536417
WKP4106,0.2058106468832188
EOH2042,0.5419998392684883
MKW1588,0.5942687722873561
VKV4425,0.39458623194335063
JIH0956,0.6650978836224232
IWV4857,0.34570872094554095
HJX5465,0.621434486220605
YRJ6285,0.4469319308658821
APA9822,0.46948829973246403
ETJ7252,0.42534872231861354
UAZ5155,0.4215424060703473
JCO5005,0.3859635488196728
PON2616,0.34578961538054015
GZZ9302,0.5615745700250481
EXM0909,0.4936262190584465
YPF0123,0.5268143822480229
JPO5490,0.3226808731120984
SWN1165,0.6839528493981215
DTI8446,0.393461123816512
BSX9409,0.46194805354061286
ILF8133,0.5173426239262007
TAP4650,0.8354858714797169
NQB1919,0.12004355608239904
EVN2619,0.695047727019573
FKO1395,0.3185537284236957
KQL9739,0.4073240544955065
GTP7103,0.35010198165796075
FAB5180,0.5085629402451481
DNG5054,0.47736508872378164
PIV5711,0.35968429574716865
RDS0818,0.4828174893822025
NVL0735,0.2461525076531598
JHS0345,0.4777750413623421
AOW0183,0.4074869282481862
JWB1663,0.16854822825263122
QBI8434,0.3505100620713827
YGY5084,0.18548821567337645
LAJ2381,0.6357994539632098
MVQ8426,0.6829890129459741
XEU3341,0.36666414165645156
WBB7069,0.46823939045301305
HSV9997,0.56030734063241
HPZ7235,0.4681006428773809
LEQ9893,0.48221795119696703
SRX0685,0.5175348403740541
TJE0525,0.5789561197632568
CBV9705,0.5733148648394181
NFH7701,0.5328423381667529
MRJ7981,0.4733143824895715
LRQ4994,0.1982819546352625
TPZ2644,0.7352165618123405
DPE2366,0.39321061150849984
GSL8285,0.4114171605494712
ASE9553,0.49108371745691937
GCQ4270,0.48491830095321803
JOI9750,0.18147371587210417
UTD0147,0.45834080699005314
KZW1095,0.5359353363127125
GSL0577,0.7757676044658409
OTP1368,0.8225730398531595
JHZ6457,0.44872924703478606
MKI6175,0.6654944900131514
GTG8406,0.6209257580828865
VZP1954,0.6771521418559011
LES8781,0.33038495196915063
PCF0526,0.5533755722277858
WPW2050,0.6688235833790598
DTH9411,0.5054005225817051
YBA7820,0.6678151007503682
VSR8739,0.6738721424882046
OOR8305,0.6919870065887712
KDF3451,0.3364976098200659
HRS7842,0.37965701016394915
XZU3965,0.5241694561184047
NWL3338,0.3829232321058415
GWS6777,0.242964834072329
PWO4056,0.32815557617225505
XRN4973,0.27708683264297934
EJB1687,0.4426671305553497
BUT3103,0.33476513162730204
WQW1045,0.3942118311346066
MDG3445,0.19513591216799842
XUJ0717,0.34754023391650124
HXD0371,0.49452454492884806
FGD6466,0.38933811609130686
YZW8155,0.3718056672876343
YSW6454,0.40333409445208396
XRS1062,0.5273716475447636
SBK5282,0.6078892607752667
UMT8393,0.24284597792245166
MLC7262,0.7090359532410447
CHE7839,0.532531634126253
ENK0333,0.28551034439620815
WGN8449,0.34144971113344386
FAM3458,0.2064406497074805
LIJ4989,0.8292045297861911
WCJ1614,0.39665655247733
LCJ0354,0.4379958599676249
MAS7337,0.5239784760060436
WMR6816,0.10505096802160711
QPD3244,0.5219206810440937
DYR2618,0.46073307991887524
LZY6766,0.2941427059013771
XPA5745,0.2594822421434638
OHE1207,0.8040005567763052
GMB5921,0.78478474816757
PUN6155,0.4265263695589759
UWY5599,0.7596082462885225
BZP2422,0.6195838187567604
BFA6296,0.6735438921467787
FOC9534,0.6446508629179915
NIT3559,0.5769161710809644
QWM8810,0.31858049958428475
XUO7622,0.31400753435296014
ZYR6469,0.3814913892722772
FQV3213,0.5321617870825455
HMI8445,0.2288529611740134
VSX6822,0.7291083717089958
CUD3348,0.18657429467371778
OPN2109,0.6367097263931251
NQD6519,0.6966549593495839
EAH9489,0.6173213693557806
PUT4775,0.48710136799209436
DQA2691,0.3960892254431804
MXS8930,0.6885096608968255
GGJ4008,0.7811526421798011
MKH2409,0.17898184429914835
UOZ4237,0.7661163568356891
DSH0462,0.5238920447625546
PPZ1079,0.8246423122570835
YUO8157,0.6519299216385668
EVN8189,0.5929629821908878
BJR1526,0.5491170387911334
ZHB8179,0.6988972426565082
ZLR5824,0.3496196862778118
CFC2212,0.6005859350323476
MTE3132,0.47422899020464765
RUD7931,0.49820079005398465
ZOJ5082,0.1731849087048354
VQD3919,0.2676038423441517
EFW1850,0.41404375944075517
BWX5427,0.4605131884757577
KCJ9813,0.5838061844809136
WHY7887,0.5753867376131391
LIJ6032,0.2330082538968778
YKE3129,0.4350637384705041
XNC4926,0.6079317617940994
ZVN8083,0.4649058976030926
FHS7261,0.6369741284458029
JCH6559,0.37251179319800354
XSV3662,0.33627840303299766
OFE0816,0.35335174973488065
MZK6467,0.3942908801779515
WKI8810,0.6326642943083944
QZY3155,0.6315829506410433
ZGQ3169,0.7231218363378582
BSK8553,0.2901770302272757
DPI5831,0.6773917563294796
DAN7614,0.3149791732554112
MHS4201,0.4804527796102979
LBN7990,0.17999793321540802
ZEW3244,0.3359928173040924
GVI6361,0.26116028651089096
SUU7959,0.5243182488209003
KJY0103,0.30348600694842653
LSI9574,0.3094914799646942
UUI4640,0.7549903908450852
APN0763,0.46913615712746914
HTC6582,0.5762123903884725
LRJ2531,0.5325955531545338
RCX0166,0.5133717016683335
WLS1334,0.48503693579729057
GHU5711,0.5774669900850607
GXN6885,0.3795832722113571
SUL0918,0.22656427789463218
WUB3727,0.34517143795102734
RTU6031,0.5755624771060456
MOQ2182,0.5901945078844293
SKU1753,0.24440168088508757
CYF7753,0.5311709645628586
TPW5388,0.6905273858511554
BNS2586,0.7024455589394935
KEN2166,0.2148725810546539
OCJ6547,0.5134861491075421
NJP2923,0.4412334957971567
ZQV2760,0.44575836064396135
VWU6539,0.5681661535671083
FHB5662,0.5145845162489041
FLJ5568,0.26762659547324225
NYZ3610,0.7033047719767566
XBS0822,0.7540483705442095
CBC1282,0.5367724546046024
RJE0984,0.6896933918173509
EGL3373,0.7095965236807006
ACY6703,0.8537236351529252
RYV5129,0.2838628451379152
PEX4835,0.6080393255793047
KGZ3991,0.5448549126971116
GCP0419,0.5173222266065156
VJN5659,0.4249819255737022
XIL6278,0.4461926553353645
CSD2119,0.41069045028641377
NTC9929,0.16219138807207858
LQD1080,0.6141470070447814
SEJ9531,0.39787035962198564
RZQ0003,0.2915095548693118
PZW2114,0.3647213221686519
QML3842,0.20287042599995617
TJA2905,0.5076597661710356
PIJ4611,0.5013177808921668
HAM5599,0.22175810785098332
TXM2652,0.5370840897245656
GAB3659,0.6863331455461313
KCA1906,0.44256658575303315
SVC9075,0.3278412157188872
PJV3622,0.3090068846410279
SBX7333,0.4425803618470875
HYM0481,0.773546694037805
DFY0681,0.5789472867085421
RSF3235,0.335713604456396
PFP2410,0.39884518282270887
YZC6174,0.28727175275236727
FMI6039,0.6411507076403531
KSY3204,0.4455362772676383
JHS9734,0.26941803502648826
WKC7792,0.4996222212756688
IOY1200,0.5635128720368501
XUE4561,0.3663103179920953
KCT7437,0.48062689901406613
NMP8623,0.29145280568508314
QRU9935,0.46133045716308063
DMD4641,0.519039213366491
NCA7180,0.24079323706445835
FEY4017,0.3564682304748155
EUG2066,0.44607920462453926
XRR3806,0.33898413658454285
HVJ6716,0.5627668475326182
OLP0692,0.46622865651513573
ERC6469,0.6836377535112688
AWA4755,0.6364162194550559
YQQ9139,0.5017732619475318
OSX9492,0.5392041317632141
QGU8564,0.21532159247536517
YAO4151,0.29975429714331675
AMC9558,0.4525894297755997
VWB0124,0.25880808994339544
ZJD1609,0.3550080169489953
HVK5251,0.6974073541146136
MZL9303,0.30801286813024165
YOD6029,0.20821069555757443
CNL4438,0.5072801526417727
ZSW2054,0.4219966080256798
NXC5824,0.2634857198943505
BDO4892,0.5159514066944193
VLK0339,0.5584697355455882
XYU4157,0.22558313022298518
XMN6548,0.5040635944318099
LXW9245,0.2545077252380798
JYZ3206,0.7160823976763782
SIV3918,0.6166515203471851
RDI2951,0.6669016548106709
CKS8961,0.4239324195445173
GGD3196,0.5310690995895059
ETB0894,0.6296825396977973
MLA9778,0.5980108147040798
DWK1986,0.11049124932159722
EBT0068,0.45788314448720496
DHA1853,0.6400466756140566
HWU2594,0.20764849018702064
QPH8016,0.3963757402249128
QZI2250,0.4888614644593686
ELO0702,0.4902335143210824
FHW7284,0.45029064869258867
JXO7389,0.7634680741115301
AYC0810,0.5215194289046324
GWJ3254,0.47233197812325944
IBO1945,0.3954619748524268
NSE2304,0.6580389975555536
SQB4852,0.3360139573854791
FQH0034,0.5437988028302346
QGG5280,0.6277486289826333
VJB9962,0.43242534236035884
ASL7482,0.28428500165418946
YYR0976,0.3607218730107312
TID4683,0.6119131516813098
MQF4406,0.5550862999291483
PXU1703,0.14967734455181117
UJM2633,0.48374879347581007
ZSC9815,0.4891401766606305
WAU6889,0.7297974045031739
IIR5545,0.6706889450195853
YWD8219,0.6793365464579765
OVU5964,0.41732260568926816
SOX1774,0.7468076714777583
YMN0357,0.41446505136943385
UNK0731,0.48056013106181894
AWV4949,0.23867424846310142
LIA2179,0.6085784312039356
KOJ2933,0.37247682148220407
OFN2940,0.39549831726976903
XLH4413,0.32538744128917224
CAM8238,0.30702693383182345
OUI0191,0.546153263985848
TVZ9158,0.48227380359147787
QZU7391,0.31577295343123907
YTC8533,0.6103348139992593
ZUL9082,0.368237035717518
QDH0283,0.8106017610787237
JOY2839,0.5527910960157764
UZE0497,0.1523875591596305
GUN6865,0.4202813561792211
OQQ7043,0.4554038525263328
QSY2045,0.5501361693731933
SNL4417,0.2714259035384942
SAH0586,0.41530569849691545
WUM7977,0.6576956742010609
LUE1768,0.5499927483271371
TFG3357,0.35210483244355284
BES6653,0.5906520804774256
KLU2053,0.30940760909920295
EDZ4179,0.5924934040429921
KQO4708,0.4831645255429869
NPT4412,0.44196834940339175
HJG3099,0.5200299593439551
HZV4375,0.6368228692692637
KDS4463,0.62916413615404
AXB4934,0.5742641610844337
GYM0773,0.48856052291287694
GJC1483,0.5926835690905142
SAF1656,0.5260723154995266
OMF0261,0.38119891526730065
WDA0383,0.7633527488886312
XUQ9842,0.42019048285533445
KZA0317,0.45370321927505514
XNF1437,0.19919236123461934
BGA5764,0.5512978312749611
TKG7900,0.24160899390757698
OTV1030,0.5427058479039805
VWK2998,0.5470578645768538
QKQ6320,0.4955544975419734
WPC9633,0.36762823190643257
EKW6480,0.18212619112778888
EFQ0392,0.17507485333260703
MRZ7379,0.8063118036001127
WAC5824,0.6880633304435134
OMT9415,0.4523100182403037
XMG9583,0.2594858345177688
UFF1261,0.6804435263539961
DCP0796,0.2208282708725863
HBE8442,0.4888647220112419
YQS4458,0.4721165210690446
SQU4407,0.5151441568337519
NPS6601,0.4406116454190144
XMN8380,0.47032631398121777
PVM3035,0.7630334531294142
IWD3752,0.3524654053107898
GLF9686,0.7343007398220731
RRX0963,0.43171072241308855
UAB7848,0.375814477060955
TDS0452,0.7861083592827721
HSK3153,0.606198990672277
SQA3360,0.6292352322421663
ECI1955,0.4488098426918188
BTU2947,0.35940561737052684
PEZ7733,0.14517327123799315
RPE1400,0.20475934269271945
QKS3138,0.19320649016936164
WOT7140,0.6208367426007917
CIH5726,0.5231952809308607
LUE0157,0.7533350113758774
KFW0111,0.7265266139229677
OAI9172,0.5398203845719266
LAH1856,0.24318020378062274
NFK8809,0.6245009130111515
EGP0512,0.4958106168966446
BXM5911,0.6535981830962565
NWJ6522,0.5250998772929196
FAB8496,0.5828175707944385
UGD0885,0.2677533714777868
NLE4038,0.6899746958179794
RMT8564,0.5620321313090864
LPN5269,0.5077115526077601
SRF1001,0.5887331943015803
IPO5628,0.3376521064310498
YAB2836,0.7221281599218594
EAK7493,0.5526931891884919
VZS8779,0.6129516346642107
ZHU5296,0.5847038168803131
EHL7819,0.7076606589541855
ITI5109,0.6725095899199847
ZJJ6069,0.34110953224217205
UXQ8523,0.4901387552017017
BJZ5615,0.4201309977099383
BFK8030,0.4706837674756823
NOH6334,0.4553775025824039
QCJ0449,0.32009568221323764
LGV7177,0.6073683449345423
YUU8227,0.4893710498643002
EYU5539,0.362041915138314
FXQ9279,0.550633553804119
KVN0414,0.47659005206505645
BWO7564,0.4791092288560926
SHA4528,0.3042438060773075
LCV5905,0.6570601926372804
PPJ8929,0.48724206486326205
ZTY0059,0.13779191471971747
AYY0072,0.3795230915150223
TUR5072,0.682415045697876
DPA2836,0.5616002568559971
MWP0809,0.5269243246030724
NIT5344,0.5137951439019868
EMF9379,0.5366357520201793
FDW7329,0.3538171193412255
KAA7544,0.5606005790140012
QYA6379,0.3992666387319917
HLA1104,0.3638628056577053
ZTB7327,0.7214979290067803
VSX6645,0.7006763035115556
MKX0188,0.42024494813726065
MYK6810,0.2982176689885475
UJZ3099,0.7366967484971566
NLQ6953,0.37577618549687886
THD3997,0.3780256555700919
DHW1898,0.4183547524247783
CAZ6419,0.42293787392975923
HCE9029,0.6051397494045584
BPO3584,0.41641593349674144
DCW6953,0.6377372460685491
WJW5631,0.7424604655954177
JMU4733,0.4077590382338031
AUQ3924,0.476012112494055
WOB4261,0.28142010690972363
FAA0395,0.6690157771555841
SJJ3512,0.4845445547491487
MDD5141,0.48908474520872697
UFL6151,0.5397761343364226
RNV2828,0.4468816453931898
IBG4905,0.2611617544493036
EWQ2853,0.6939595949133519
DKT1418,0.30692007646088554
RCA6055,0.5198740336373577
PTU0261,0.40039055511955085
RQM8471,0.2137101096546077
FIO1669,0.2261645554459234
RWA3084,0.5930035903007529
MWJ3622,0.3951292204779955
ZWO7580,0.3945293093024938
ZNN5139,0.3404715330830133
XKW2878,0.49612210419260155
SOB1176,0.26174892195382193
XCK6612,0.6249809661038341
ASP8488,0.3171041456808357
ZJQ7036,0.5425913195115458
KSE8052,0.7989638424260834
BDQ1385,0.5431328478693959
VXR0368,0.5808832914945388
ZHB4902,0.21985901006535008
POY8883,0.3171559061697353
GIQ3177,0.3561384924093344
ONY1016,0.567904804910065
CHQ4117,0.5422196647342892
XID9340,0.567356909553327
PEC4135,0.5162941193576458
ADP3518,0.5026608903698674
WUD9379,0.47902228514602757
RCT6710,0.49250975720779944
YPK9577,0.36692225085522556
KOX2113,0.22689822639123994
UJG4961,0.5029246862695876
HAY5847,0.7310465140829161
PHI6345,0.36038886114688007
PEQ3550,0.49290888628847934
KAJ4969,0.7612273036089865
UEE9718,0.5882614417209406
FNT7313,0.6463082748480747
OQO5683,0.4385022285584196
NWQ3973,0.4736273980113589
GTI1384,0.5262137992319575
AHK9950,0.40925810837629567
GPZ4054,0.5854219742383305
HFK9029,0.46334224692091897
PXA5874,0.41526018764894984
QQK0987,0.7233471494699983
KOB6393,0.34329512664485723
UCS9907,0.7312365805342865
ZUD7019,0.7218823179779141
JUM0665,0.4000733569840294
TPP9015,0.5833094892257787
MXR4724,0.3647230904043451
HOD5285,0.5292375688449823
DHM7054,0.6007331509189376
CQJ0272,0.338949471233788
KLO3196,0.5266423748443385
GFB1649,0.6539520030590557
NOQ5877,0.255795447724913
CYI8589,0.3418931673102961
FWO7157,0.5907428219566192
OWE0183,0.6077789102096653
QXU5403,0.4338455596952694
MWK4766,0.8641171289761722
XLG8768,0.3959107214575516
VKS3432,0.398953156585251
GMC1606,0.4637444345615715
PNE3192,0.5647986051087917
ZDH0081,0.6488045864072165
BUQ0384,0.5244521391089244
SDJ1245,0.7219127107221449
YHI0373,0.20331738822634526
HTB2148,0.5928613332661343
ESJ8744,0.48143681925175896
OKZ6934,0.6264267476915992
IWJ2087,0.20287125654372498
YQW6666,0.20087406642604505
DRL1639,0.44481098549078957
HSB5951,0.846629608921351
RLN3664,0.377074712562529
DQX4439,0.3887740579678248
BRL1853,0.5080168428104601
WTV4777,0.648932842570522
UYI1073,0.6915958096522395
EZM9046,0.6730916869577497
NGH1312,0.5959300503203931
ZPJ3568,0.3145431148497399
GCU3692,0.38265527609895467
KQP8149,0.307005169571986
XRE6790,0.43186470216671163
WOB4424,0.4319001900907073
TZX2171,0.5450796840182346
KLB6758,0.7378688140117459
NJZ1004,0.3499562643114223
SLC8186,0.4366784000725778
ESD3201,0.6311735637433137
GIL8255,0.525586757763792
VIA2238,0.4644035979768252
BIK2002,0.34617721673047247
IGN2069,0.3955264212848166
WDC3985,0.3149502464505897
GTD3498,0.26401267607390544
ZRR6014,0.33934553315658805
FUQ8627,0.7382779046557961
RUY4061,0.5806359952429532
DDH0817,0.42211639752092395
DKE5313,0.33349876310338816
GQB8062,0.24226261128286497
MJW1038,0.714144931821164
MGE4928,0.5604584086367818
WMX3148,0.5014904750897107
BCL4088,0.3335732052943782
POH1215,0.5234917715640958
DBJ2669,0.39494596273877586
ZTQ2278,0.6633724590264454
QPC2404,0.7258403834493362
FOA9641,0.15433341636855413
UZR2198,0.33765410164373155
RJD8220,0.6051790346731138
YPO7168,0.6486156396318495
ZSO7284,0.6053167755057423
YKC3947,0.48420050064955267
RAX5623,0.6067731877169628
NDN3928,0.6300292064176872
XBG4294,0.3817609310025032
URI6844,0.35818642477476736
LPC1008,0.27679455854485174
MQN7236,0.3132461784147486
FTS0705,0.4406564184009159
XRV5896,0.24537508317409407
FNK1549,0.32677116894864777
QVG3369,0.33333623039236043
UEF7361,0.1966755056930261
OYI0421,0.20524079753961194
RGN7073,0.5965648430771743
DTB7149,0.3729842017453923
WAS9056,0.5988410368353301
ZDM4647,0.6214007074308213
TVA1688,0.578203468226563
AUN6131,0.7188076373162298
WLN1597,0.7976023843600105
QJD7373,0.3127004273045604
PUS0461,0.3844840672936917
VHL5519,0.5414109904603034
DGF8059,0.394929354677074
ZDP8152,0.42641358538717256
KIT9995,0.47002183054315716
HXV5931,0.19675701899651682
COI0100,0.42714825016535535
CMW1744,0.38513151322842204
NLQ4471,0.17967079581264245
TKC3707,0.44860168950207857
IEX1198,0.4202050946011368
ELK8724,0.3904547867701129
MXV3637,0.2729427063348252
WCJ6522,0.7726279875149791
OEQ6921,0.48507529673224037
HHM4121,0.5994761640352696
LOH3133,0.6375804330277817
WGF4780,0.5122164371714738
IED5984,0.6544943251881143
PLN6758,0.5043820672438506
OLC5808,0.18638970827044068
CJW9798,0.28838961108468925
GAI6119,0.5499971158834219
BKC5625,0.7604226515090502
YSD5776,0.6233753956305315
XTN1465,0.718814310497233
YST8825,0.5262323736858896
PWA9731,0.3472501463105295
WZF0204,0.4302275364325838
JOO6585,0.22097336122293712
FAY5510,0.4124285172315492
HLI5171,0.2690113911652183
HXG8092,0.40454418253911245
KKM2246,0.6197293440595464
LPR8244,0.34714428039209577
VDY3830,0.626458762286929
SCQ8086,0.31469631508850104
SLB2171,0.7968977773546723
NRH4257,0.2830196633644794
CNC6073,0.22738844911731165
ZOU1261,0.15492992235099806
SPT2697,0.4067556810549941
ZQW1536,0.7439012424384742
ATU6677,0.35304856720119027
KLW4229,0.39637453331670747
HVE5828,0.5721912399050021
GBI3333,0.5772563120905337
LVX7085,0.4466578381641306
GQQ6522,0.41046083806207506
CHQ1313,0.6187874000429414
IUD5304,0.39500560295399345
UPF0845,0.5278296140776049
DFN3122,0.6207007818733318
WSE2433,0.6708318859639899
FXK1875,0.2938062908946889
XQO2229,0.18395081568597477
EHE2388,0.4994642443367333
DFO2542,0.41570795211845046
VYB8146,0.6035039020750788
UPI6716,0.2359010473790849
AZV8887,0.6528092493004336
IIT8345,0.32395821861943275
NSR4067,0.47667853871957083
UND4463,0.328580029576235
DJH5832,0.518424675248207
RPJ8255,0.5803314934347478
BXX3872,0.86574539113671
YMQ3196,0.2682815491952697
ZDV7390,0.26355260376778683
PIP9062,0.49688642403994765
LNL0304,0.607819059203623
WYQ6546,0.47954680038333597
NET5300,0.32819739162985007
WGH1231,0.3444890880468768
HAL3239,0.2894838359631203
LBR9014,0.21813705536666653
ITU9867,0.30274457069459915
KIJ7291,0.595603913684491
FVP7293,0.6162837665450442
TNR9657,0.36982174866380546
XSE5958,0.29531508612856444
MAQ1010,0.4307792602839341
YSJ0631,0.6768881581136936
SGE9558,0.318351367452163
BDN2933,0.4315683727930521
LLT6330,0.7474417893468857
HRY3373,0.32155513254651
UHW9589,0.3689295112908764
NWK7279,0.4761764338775704
LQT5241,0.7630392971653344
SNZ7816,0.45140413970214194
VWP2460,0.5863301460371806
VSV7263,0.5749589992114685
PAI2981,0.7382697173336121
AAT2571,0.4926642570789475
XNM3039,0.22016656639519366
OYQ3855,0.4660073802583363
OXT6838,0.6092210734562534
MIO5543,0.31996597540750127
BOM2763,0.5816071309889167
SFZ9405,0.5913795219550286
ACB8398,0.32168756315093566
CYD6578,0.5655852740439603
OCJ4962,0.32095015378081665
QEA6309,0.6040665980114437
SUI4465,0.7931024784307777
FMR3924,0.2226892939849051
PTI8284,0.7099477064901037
PZT1362,0.4575935700601107
PIK1727,0.19552322093438296
TDM7158,0.2720769962949936
OFG8429,0.5363646688895175
YGQ0653,0.6287130403575693
CRQ3454,0.31590103873903147
LZI6201,0.5706560246697319
DUN7031,0.5991160774021571
EAF4040,0.3934970694141231
AEY6897,0.43087786166029257
SCZ3033,0.3005276802830374
BHB5455,0.6101100410415876
DMA3129,0.3360986562871827
EPJ7195,0.502876745761883
XXL9376,0.4119101570726644
FXG1204,0.4699231908643295
SCJ5893,0.31979671688651945
JAB5413,0.363487319616385
ECI4724,0.7160410371131817
VJW5200,0.3473965306594572
GPQ7753,0.23159922176758835
MGM0506,0.4338995314107185
IJF8157,0.37343428747993945
UAJ6492,0.5169694895803468
OMN7687,0.46072351854666593
UJE0913,0.5914718341192969
EYQ7148,0.6179117477479372
PLJ2057,0.32693627001543696
VWC6238,0.22415362821506937
JAZ3904,0.26439635676454
SLF2540,0.4641863731920948
ACW2850,0.28531919551547963
IAO0540,0.6200615538634568
UZW5012,0.44490226290384455
UMB1656,0.4341078145425566
JYZ3579,0.56160528066335
NQE6140,0.6463325425199707
TNN1819,0.593531762497513
LQE8452,0.5725136991937327
DDO6847,0.4469717583966261
RPF7802,0.3736600251035932
FNE2013,0.2791724922157635
WWQ2829,0.575496540713665
FPZ8406,0.5677423362204908
THE2609,0.34569057357369065
YFV2493,0.5250411484325338
TPG5056,0.5313396427680849
CKT1474,0.72280934344887
UWN8033,0.631101752497177
VZZ8105,0.6956365159534401
CQB7810,0.8267093647111002
RPA2932,0.6117791878384479
HVN2303,0.5719238138646204
DNE2280,0.33565260134658204
QZS6625,0.4634552313573523
IXJ3391,0.43582992731932124
IBJ7457,0.26736790394857407
QWK4411,0.32861099439851854
THI8299,0.2874762023221931
WQI8618,0.36760307599891995
EHL5492,0.42184115400406647
DCE6168,0.30270577506980545
NQJ8766,0.5453202494855819
VTG2380,0.5301327116333808
LNF2835,0.4873554150189881
JJR4127,0.31104174332801954
GJW8107,0.5728288375683694
WOT4362,0.6616465811009693
LTV7533,0.369820188684449
HLS3172,0.6423815623097505
BCV9335,0.2581554002388639
VKX7361,0.19941304996379558
UPR0212,0.35488014879734925
GAD7822,0.42060664249126467
FTY3806,0.4038060408766972
EQY7009,0.27752171376376894
EDS6036,0.7337751675933734
ANI4768,0.5265310402688972
BTQ2124,0.27729840342345285
YQT0133,0.5128210743221047
WCL2270,0.5975711747048937
UMS8559,0.5885455084956048
GFR4574,0.6901489371309073
SEY9322,0.279710198523534
VZZ3704,0.5296775226062218
RCA7209,0.6366147037584824
WMT0282,0.27762066119510415
ZGZ3238,0.2943749663328868
PCH5579,0.7479734794356354
KVQ5659,0.6925046719364086
DXW7491,0.4803072298063287
UGO5322,0.3370802320502437
ZFA1134,0.1873026445645648
PMA9220,0.42569921419873125
EXB8441,0.5304982499665728
ZEY4073,0.24175073465690441
VRB9328,0.08870830271280633
IXY2561,0.4476238199572263
TCC6535,0.3191353394287436
OJU3724,0.7179035634817965
XDL7709,0.41063473337610085
ORF5661,0.2934402817815989
FLD1463,0.4082032626393081
BJP9208,0.7804763715386785
TAC9100,0.3965937722646378
SBF6739,0.39200791760815346
TXT2079,0.3263410823703349
KKH5705,0.4192309631298391
QSJ1521,0.37672194733899816
SPZ2638,0.5791744364355237
QKS3066,0.4482035248203954
HLI8086,0.2741779944602765
RVP4550,0.6641646265662107
HNJ9495,0.279425520649583
YOJ3693,0.5137858773734627
GJS0697,0.7023393316640718
EQR1972,0.42346279222653443
OND0210,0.5031134445454782
ZKT9269,0.26340022636350374
UOP5878,0.6113485568811949
LHQ8463,0.16018313664673892
VTK5721,0.3261706255906961
DFT1373,0.41121333198648913
ZZQ4322,0.6408828493290145
TEG7575,0.8622455685937461
ZDN8364,0.4405084477307205
PMH3356,0.5689844074336496
ZKC0601,0.5000540263874074
WCE9841,0.5528439802724071
MQZ4133,0.7954385144137994
QUJ2416,0.6398484078460215
UIQ1872,0.3903743771401556
TPR4093,0.7235864288052788
UNY6653,0.6666104862704376
KED9088,0.2773669631429446
GJV9147,0.2807105184759492
YYK1409,0.31251085543457563
BDP1730,0.22558324313785644
IIS1162,0.5368099089606592
QDK0707,0.5486398938980273
SBM6710,0.37654846941141984
LZD3025,0.4268806253025469
SCN0463,0.6209810125990144
WYZ3750,0.1080815146168062
WJE7625,0.5668136298679163
LVH9493,0.6478500856284661
OGP3197,0.3551964503981568
VVY0930,0.5589458187070686
PVD6484,0.5688405853378377
VFA1552,0.7441583025128446
IGX6687,0.31975581971270284
VGB9010,0.3443303230128098
GRG2410,0.3326923277128908
UGC8879,0.4799120189290918
WUZ4473,0.45307196811592304
XSF5046,0.5704327634725941
TCF1709,0.5946238661836293
QGP8200,0.656601176837026
TWD0882,0.6558615719942145
XXL7278,0.3592284690723529
UBQ9279,0.41274358525815796
YIL3942,0.554127518038785
BFA1695,0.5583207466317794
GKS6057,0.6851910366777751
CEN5283,0.4504818611873236
URI5280,0.35455343679275686
ERO9064,0.19754350473551524
WSF6571,0.567302242795401
BVH9547,0.21941692846149305
ZJS4141,0.5083320830321754
RBF2204,0.20417081531285367
ZZV5719,0.43011676918106057
PBW0578,0.5103945559397912
OJH9892,0.43099447819961606
IEW3033,0.5000177915199563
VRF2412,0.5079914515673638
AEC5051,0.45801275360161103
FGL7789,0.29917114572466874
MJZ4395,0.48395460672405294
DUX4345,0.43500285690248963
CSQ8628,0.5559229829328526
TOT1468,0.6229642799244757
YCS1207,0.3847513581182637
UVT9591,0.41165480208651173
KOY5019,0.5641320672356682
NSL3572,0.24575061799375414
UIC6064,0.651759656788066
RFW6714,0.5827260006573863
EAJ9097,0.2618899622433731
JOU4957,0.6279540803304511
TEE7042,0.6262264909648263
KJD2151,0.23882875205061632
XQL4738,0.7363957976125114
BFU8118,0.28056244688801885
ZET2122,0.4630923855203921
FUK4311,0.3893536669337607
QUE3466,0.2308396769783773
SWM1601,0.6044958881225819
JDO4667,0.23416524523771973
KLB4904,0.5381725791176578
MNL4989,0.28538831459337183
PIK2814,0.5077322796757527
SJU8294,0.5405958840246771
HLB3116,0.65885861771028
ZCR4661,0.6948276071498387
HRT2532,0.41549630894982303
QPI4398,0.5319683346434049
BHE2901,0.6732042429502921
BGA4649,0.5111396694051887
BIE1986,0.37438361604162435
CWT0763,0.6734161509937642
WPR4507,0.42502633648235816
PAR8871,0.5801773809469155
VPV9675,0.696206073715165
ZCN4019,0.6988704789952876
QXH9868,0.5840427489498314
IGL2036,0.2206119101314503
PXG0071,0.7404500801954693
JKJ4473,0.55518126555892
JDM0244,0.39469312019839115
NFS4819,0.5256117007734254
VGF0668,0.3116963299633961
XEU5703,0.48204956562429624
RUO0833,0.32783335653667084
EQV2141,0.712574470913393
GBO6128,0.42174407754827486
ICW7329,0.36374695992471107
PPR4284,0.6675542015785515
EWD8008,0.3974758433356787
WII0655,0.6436411643864048
RTW5196,0.466941120446339
PXK4242,0.6291875449940126
FBW4362,0.6467208399858156
NKX1957,0.41039882309103
FPX9711,0.4513830446712166
BDR5063,0.26677770270548257
ALG5020,0.4215904524818652
UPU4766,0.49591920375569504
NJD9805,0.1737792536521837
OXI7734,0.28790918110089675
LCI2089,0.6745082052129203
DMF6569,0.43209203925384937
GYS8804,0.6199951543163034
RXQ7168,0.5629851056376554
AXU3149,0.3817557971440575
QQV1056,0.6461761587444568
UDI7181,0.5655543656218672
ZTG9882,0.4856109687126345
XKZ3080,0.19174013966527043
WXB4285,0.3168598148354996
ZFP0139,0.4314097948813776
RKY6757,0.33201364210206563
RNL9971,0.36664337597854474
MOV1007,0.44624402395414803
EUF9193,0.5792848134379689
ATY5952,0.564685901623754
HDI2450,0.540420514467099
DCP3341,0.7258627145748513
YVW2924,0.5344997229472584
AMQ9367,0.15250928501446606
QRH8014,0.2704893824441117
NDQ2138,0.7611966255511274
TTO9585,0.3388553068975182
XIT6623,0.3118941440037716
VFW0657,0.43228626013764754
BZD1767,0.46471226491760353
LJL3808,0.2552424805065933
ALN1220,0.5103390697462333
EGO9071,0.2086188964798697
JOC9153,0.4114105104246964
INT7734,0.22413339820808031
NID3881,0.2838225059901641
VSR9271,0.2519793269460695
CNJ2189,0.45379029552941486
WQX1820,0.5274131827262769
DFR9329,0.4420513293256393
ZPL9559,0.5484245233349855
VEB5415,0.2636652090262923
NDJ1733,0.5444436597975597
ZGR2446,0.38704242326909505
AQZ9907,0.552748954586103
HKN3098,0.32061140361408963
GQE7545,0.5106255256389125
APS8818,0.5518830522148191
SYB1914,0.3291084930732472
SWB2082,0.3355083656501538
LLU8086,0.6073531937887788
NXQ5035,0.4749010724355133
GJX2850,0.4194592893850292
YKM9772,0.3859209884964336
CNZ8777,0.4279559965615114
UOG5029,0.6519073796288859
KTY2647,0.18762319987538914
ZYR9156,0.24897438291934437
RHH0385,0.7622952280061145
LOH9986,0.7464857534137029
OLB3222,0.5975783928993874
TGM6913,0.3394826644362168
TRM5291,0.260627709665768
JSH2786,0.21394604670467451
FAG8343,0.6833268239702057
XXI9968,0.5511231085501561
XVX0630,0.36798534770650493
ZGL2012,0.42392132694909673
CMY3122,0.8059193346887439
RHA7400,0.5985745971239366
WOT8084,0.6302066777390238
RMI9464,0.5030285965094744
ZRL2727,0.6101889207399274
JSC4855,0.5864962644411805
PIU6931,0.49758679482328527
WAI8374,0.36475971407844104
XQU0774,0.708230786082769
HLP2424,0.5766943748788574
HRM1429,0.5120163574039227
VVC1093,0.4007791702898563
LZJ5353,0.2531541315749765
RIQ9136,0.40736735275583
TYC4355,0.47972998652115917
USX4346,0.26664814794407143
JCD4951,0.28621438363921103
AQE0764,0.31548994937419
JBG8345,0.6086948914800663
LRK3576,0.22036764887919047
ZLR7960,0.43674913373802854
LQG5244,0.15708878082876146
MHK1073,0.6025902277094599
RCZ7157,0.41358924358257815
SSB7551,0.5325494841627156
PXO5302,0.10698485915026645
JPI9674,0.5430256184990266
BLY7604,0.45512278669417583
OWQ7804,0.7458303644996308
KTY3963,0.3501820340694118
PPM4319,0.28693859412023265
JLP1821,0.14268520179995273
MPR4339,0.6570923395935597
SPE3315,0.3254846592139581
GSQ2343,0.4680132460355349
RRD2557,0.5054297783886864
SEH3346,0.4207613836482298
OMZ7979,0.7133005210724803
TVX0902,0.44233289944531207
QMD7998,0.3963256363783298
GIY7765,0.454086771295928
WRA8283,0.5575077375486448
VRN2912,0.5000845480761068
WOW0457,0.2975711063890343
AAY9915,0.3854557471645058
MCV8852,0.35286117313614057
ZKK0483,0.468217508535941
IUV2370,0.3016189297761328
BQT2347,0.3210001255691787
RAB0460,0.45914016183904655
VYY2503,0.2517914966724704
BQA4119,0.3770334008499196
OBX3043,0.5622062079363119
AWJ8508,0.16206865762467987
XTH2006,0.4507859304676849
LOS6758,0.28373622073704285
FNG5006,0.38792121844371164
PQA3617,0.2261145441051887
TMK1023,0.330230233996634
KUG7819,0.7811946944561994
GEM2691,0.5215623682581843
XYK0485,0.5231493678242027
KDG4735,0.6185335401590873
WGV0890,0.37398642117898345
YWM6922,0.4329482274465795
XMW6050,0.22950135096206004
FVR5417,0.5752753826132619
TWB8895,0.43406070686720505
PER0203,0.2789606828662458
DAD8582,0.3220179643875353
QVW5666,0.30384477194572057
XTU3993,0.36913351512598874
QJS0135,0.7449761134299802
SVI6098,0.30388530778864387
OXA0211,0.4664426280094595
MSD2642,0.24416961804826695
GAJ7911,0.7403922893750849
RNJ5292,0.4619568123587865
XUF3740,0.5162769282945536
MTP2791,0.4463202860145788
LDJ8976,0.5984993871332466
TUZ5834,0.6183233258957531
BWA2307,0.5196990134551793
YWO6436,0.32850974633252045
OKM6664,0.23607847674938914
TGG6922,0.34412128916530776
TGG8868,0.4920335111291728
KMH3623,0.23247957616443515
SHU4421,0.5129832750720882
AWU4246,0.2687214015355041
TKC7338,0.16618096652062475
DXZ1314,0.6754842794803303
RAC3921,0.5479759612976557
TJN6899,0.4369119471490308
NUE6631,0.5474043736173362
SPK2793,0.2640915665158334
EEV4381,0.44928788474439524
YLP6088,0.3703621236036166
DUL2848,0.4259267977876847
USU5289,0.5537969666637625
KNZ9821,0.5607923564332082
ALO7156,0.2846858308351206
QHH4547,0.6010050289558563
LIX0583,0.4314479688261031
DVI1262,0.6738274970382806
SPU6876,0.6183264041060856
FYF1334,0.4949683448174126
HGT5795,0.8270952699518024
IMP8425,0.5075116888580485
JXZ9197,0.6550729262175172
VVQ4339,0.31497966701978286
DAO4421,0.33338971181520327
TOK7160,0.6064790546265366
YJS6181,0.6488592701449106
XFJ4423,0.2905900275565635
TZR7612,0.40505112910455565
OCB0159,0.3357598959279479
NKL4707,0.46424953662468255
IDS2174,0.1907860262746402
DRZ5494,0.5856324896297485
DDI6072,0.5453759289576713
ZZH9609,0.4034154104288329
ZVP2569,0.6548461578430851
CUD1746,0.4216409346710546
YCV2081,0.29016051788181174
BQP9020,0.48360729171469213
YGK2060,0.3796287342914659
YKW5527,0.810103789872625
ACX5115,0.4653355100889735
SCM0059,0.4919679565568846
LQI8710,0.40283669675344597
AGB9768,0.6954622101481405
ETJ7781,0.2862829724908317
BPL9331,0.41271488295520253
OMU8839,0.5293316448743909
DFP5387,0.22303010246434826
MHX5145,0.2879387732108008
GCH3336,0.16623605897199664
PON4432,0.5671948356998824
MLF6966,0.4016425125198105
HZY4130,0.7402281154253836
ARZ2060,0.483410448915695
LKU6595,0.3347307362803385
PLL5967,0.13723939061522086
SLK2959,0.4286677813570457
DHN1111,0.6402898573114829
MPP7301,0.4591940960601099
ZZB8437,0.5192577449576291
NQF3212,0.6058985716532315
MNK0960,0.2779428687135444
PWU1684,0.42360717921485647
LWL2689,0.6515963041450469
QYI7393,0.26609683161063635
CMX2357,0.23687918437931627
SOH8850,0.4851055599641556
ZGL1552,0.25831033381680213
GNU1789,0.7320123426754085
CBT8745,0.48744210519959674
GGC9923,0.6081745290521637
TCU0568,0.2008072267618056
DXR6816,0.5630164774019096
BYZ3907,0.3874095288029778
CNT5049,0.7622832026925457
BFM2923,0.40922456091311665
QUO8903,0.3898106476064737
GLN2683,0.5695029792755745
DXZ7938,0.5124960660053782
QXH6973,0.5478032286752921
VDP1152,0.8336082437283973
CLT4807,0.5389425685032141
LVU3472,0.40623868163285454
IZE7631,0.391110415176691
CNO7276,0.17725048133997165
CUU7270,0.6627977761278272
VKX4593,0.3369894375971752
UCG4902,0.6673803680954418
ZDS1307,0.616543474308769
GKK5693,0.5233627416889791
YUJ8464,0.5951360516298201
MMY8083,0.5687413677485214
EWU1072,0.4152188531645643
TXS7897,0.6169231171246924
RDH3093,0.6886338300487005
DOQ0911,0.36251033646998604
DHD4872,0.587989359617547
NOE2039,0.25359819496803276
GFZ2202,0.3740943915860921
TPY4290,0.3428939398929407
YOH9978,0.39388582444449843
ETP6944,0.28322427021491636
WBK0769,0.21885695432412672
JKS7151,0.43688592241550994
BLR6983,0.3041374691705201
OCR6516,0.7067912567524473
XUK8738,0.49311767692424907
TXE9195,0.4175354711650761
WTE8394,0.26585275727341545
NDJ9703,0.3676204745318718
FUY4600,0.5764937124404913
JMN9165,0.7662418925775626
DLW2837,0.8589499697603763
BBU2488,0.6278023941765675
GQX3493,0.3436691414951017
LTK8258,0.4556615742372145
FAI4079,0.5768341929559944
VGW8609,0.30185148309887305
XEC8503,0.3149264254715169
YIB2036,0.5301443127901521
RBG7787,0.7811804495610201
QUG9785,0.32948074694450336
AYM1556,0.34147908073346966
DCI8918,0.371130936017757
SFC3662,0.4719380260146237
YZE2133,0.3091037715763766
YYF5693,0.6773476817894619
YIR0910,0.6048194722845178
RTC0158,0.48867269688630777
CYF8027,0.2823142204004801
JVA6010,0.515861478108112
VMR7339,0.5603802852250593
ZVQ7756,0.579103157936133
EPB1902,0.713102087292175
HMA1683,0.542285978273094
UDW9896,0.7938095745046918
INJ2839,0.601808369029721
XPW5468,0.35246017191758644
EWN3886,0.3446455269618282
RLG4571,0.42764873856192714
YRT9372,0.4664377882228837
YRH8201,0.6995292366446049
BRU3883,0.4653506814635955
SKZ8473,0.3047546454415628
XRY4887,0.34745578977219915
ULE8976,0.6454576271875339
PNW3961,0.08063333286975727
ZLV4477,0.33198930094885365
EME2296,0.27501220788911485
OJE7672,0.4078474219162006
UFA2792,0.3983797004641814
HYK2764,0.4098730318155075
EMJ4193,0.7930716877736249
TRY9793,0.24184050383882993
UND8104,0.495932273025622
INW7518,0.556926357670895
YSQ4508,0.426157469703836
KWU5608,0.7898075021596518
MKP8589,0.5335909898614102
LWG9686,0.27045387174884455
KUJ8182,0.3817601050382158
DPR0998,0.31662863555415016
SST6383,0.48504795040233595
KJK7433,0.5691089343643123
RYF9809,0.6750943844173274
WSG6782,0.5505395840207482
XHZ3894,0.851297644399965
CRW6764,0.42105615557720677
IHK0142,0.28783207596906546
KPI1673,0.42924034644556547
VJJ0920,0.5445702662996386
QHN1317,0.6194522923664703
QVL0117,0.41962808256106887
CYG6976,0.4020601723653668
WQJ5266,0.7149382458885992
EFV8152,0.39047704977105036
EYR8430,0.16990428250619893
CSS3873,0.37535414990566873
DAF1550,0.3161140417129526
ARG3013,0.23963063274556173
ZQR7323,0.49104358061352377
PSP9513,0.20218993457506007
QOI4229,0.5515906245939443
RKU4120,0.366780716402888
AYL9666,0.340731260700076
LIG8137,0.30973495179986543
TLN4120,0.42389181336284953
PII4855,0.4809710143241207
KKC4781,0.6314226500982456
UGJ9148,0.6668727760814628
NAH1937,0.7116654202462661
IBS6724,0.30331545298388
YOM1813,0.6578726066576865
UQB5928,0.21956233597831848
EXM5263,0.3737975162818745
SKZ9545,0.4036716968330701
YXX8481,0.5858949904088511
EKE1509,0.625508428727636
XFH9691,0.3252535764884305
YSC6667,0.6250018883006784
HJA8242,0.6122127285686924
MMG4678,0.7558537129403955
GHM3350,0.2234773063513505
CPH4470,0.29434785106390965
RVE8333,0.5773004760980792
BJQ8824,0.589222157069284
APV4434,0.5719013052058634
GQX9495,0.6070072069792167
LFE6178,0.46586100910839756
SUR5735,0.5748117350688264
SOU2853,0.5198397711672407
MYB4068,0.29940980638261117
HOI6711,0.35580522527748565
IVQ9537,0.4981849014356002
APQ9887,0.4518721633705367
OYI5611,0.5527993502048723
SQP0394,0.44994583396451204
OAD9860,0.7216352294011048
XQI3680,0.5686133725307951
CQA0273,0.47227805667849154
JZE7318,0.3780154174942491
ASS2736,0.40968692193308154
BWM4784,0.7950978994098457
HOZ0409,0.5310403924632169
MQR7431,0.6217290783219731
XHM8073,0.5330604530473093
XJP0014,0.5374376692806191
TZC5853,0.6437919474103176
GOO7415,0.6256271286595917
JHN1039,0.6820963503048545
GJC1812,0.6562978640569707
NGR7410,0.46064285028632457
JOP3400,0.4168811210397972
IAQ2910,0.6458168249212483
NKK9441,0.2743829160308486
JWQ2070,0.3070084296443883
FUA2972,0.4521338046235246
OBK8154,0.4423039665758169
LTX0849,0.6074602954137647
RYG2522,0.5382055495908386
ALN2547,0.499470064616688
VQR5900,0.5822217361917827
YXW0430,0.29636575140703936
QIF1562,0.5514007331237507
ENC2948,0.7041126955279988
TYA6116,0.3178965880034189
MYN2101,0.8147305810944108
MPH1858,0.3627114842803141
PVD2935,0.2466912970847301
PQA1895,0.48443703891865325
ZXL4357,0.6259021233075612
FWN0813,0.23955011990002723
FJQ4108,0.3994282114671336
OOX8926,0.17309414078166793
XCI6898,0.40474749042543934
JLT2782,0.4635005192078701
GXY9486,0.6374905900613635
QSF6937,0.4408574156316672
DNL4265,0.40663233726465237
HXK2025,0.4996705826959276
UCF6307,0.8930586203795049
TZZ4995,0.5826536355873271
VPW8963,0.44652551806998103
SZC7086,0.3144627874799605
RKI4428,0.7648253707077654
DSE7424,0.592264321589239
BYK2560,0.5237631189947891
HCV6851,0.590589943805627
MCN6330,0.2426535895170034
QHX3606,0.5907841998249472
LIG7352,0.5453643178328157
OCB7121,0.09374068344133027
RND2956,0.35911026119508005
VJM9312,0.543592784255428
CNI4759,0.49242379546131426
XGX8361,0.6515754352864668
RSN8872,0.6932890015008221
WUJ9752,0.5531002665670024
ECJ7109,0.27042032935677884
VKN0521,0.6094598100138423
FMF2687,0.709850295587395
QRN3278,0.5031613445329168
OIK7662,0.6798613485776727
WFS5713,0.35745480098881793
RKK1023,0.3189305477678586
JAC6138,0.5926500580249985
YLK5805,0.4206988461378687
CJI4621,0.5585058020494079
QAD4256,0.8219475616743762
FMS5517,0.6081540147876366
QEI8904,0.2950159561805049
FKQ4280,0.49934360811047573
DNM6555,0.25302293802794446
FXD2467,0.34976380891889713
MAA1936,0.5824900345501532
LCQ0642,0.3898142566324838
IYR9562,0.3013548693882511
ARI3219,0.31545161519211307
YQX8862,0.7649986386612618
QNC6999,0.4897239088639905
FLM8038,0.4675500514336894
EOW9067,0.5973233732410418
DIY7061,0.7367616473630096
CMJ9389,0.4272040034798118
FKB4069,0.13586936494517882
CGT6928,0.6100427924744791
TLQ3658,0.49301465303711856
MHQ0302,0.6148036788483646
AFK3676,0.41255151277659696
QRB7722,0.6706164055968107
SJC0158,0.5278085009487261
RCH3812,0.6754935525537922
GEN6842,0.35717233942684024
FNE4328,0.4723650616123748
WXG9684,0.5349351313485226
FCV8286,0.5121850331546665
RVQ0084,0.24882753719646628
PGF1168,0.5589412644393122
FTZ5809,0.47232827932774124
ZTK7324,0.4502842070165766
XRZ6099,0.5596217132239655
IPD6107,0.555048786554859
PQY5066,0.38945490058194326
PRU0629,0.6727073833748145
AYP8708,0.7697930552303374
OBQ4700,0.2527249242249967
UJR8468,0.2645776261828778
PXT5309,0.37554228534976064
POT6788,0.6892346669616602
JVW1000,0.568205116294365
NSK0652,0.6514494824625534
ICA3637,0.27689658762611963
DCP1085,0.34424397082051744
DCZ6187,0.3386933057619919
DFZ5791,0.7558805992008847
DUI8399,0.4400606590427281
TGF8462,0.4161846227297476
STK2892,0.2142440393261475
KGC2143,0.5978998759018476
MRJ5417,0.6905306984542795
KNE4875,0.25869283578440483
WWU8717,0.3900998866402191
XBA1009,0.37378352946978205
URC7565,0.46991889910857776
FGH8879,0.40802081329607526
TDY8258,0.4008399690606455
XYG9380,0.16540429617355018
VXC2814,0.42215739606368563
LIX0857,0.5752378104873443
WIV1316,0.4482203902535279
WJB0796,0.4760207346141492
WDF6414,0.4392526441469356
RMW4668,0.567280958734817
FUU6581,0.2391269548978336
XMJ4060,0.5734713761469922
SOY6474,0.5561838178126602
ZRZ7446,0.7201831885897579
WUN0078,0.3401241547474799
ZQD0286,0.4941557259923801
PUK7832,0.44752751555812
CBW5745,0.801082819450957
CZN9299,0.32091447663437817
WRT2255,0.5536806670301734
UQF2952,0.3759835079387432
RVM1295,0.37019393718126475
PRO7906,0.3298023970571853
QCH0078,0.7010687150621769
XYW3022,0.42790956176392997
UDJ1243,0.6496762823426033
LSM4498,0.4780262684204041
PHI3536,0.6468344820678031
MPU6302,0.4405324680126276
LYN7774,0.11848232322496349
QUS1468,0.8039362041598499
OTC5448,0.3106128583621958
XKE5180,0.3178286525958023
URN0347,0.1824074399279767
FZE4687,0.44388399887138874
BVQ7673,0.707577256696291
EZM9452,0.20811159739158036
GPS3302,0.37348268955628033
GUN5844,0.33856917699234773
AYN8791,0.3676956934507247
LGX8830,0.3759851503353943
PIY9509,0.3797490853060258
RUW9586,0.7129589464694346
LQL5669,0.435583682427715
PLO8760,0.40612581104148054
BGZ2838,0.41851079597462654
WHS1751,0.702643636383422
LDC1774,0.8160065166748618
AXJ6702,0.38003966849792475
HCL1779,0.646279881819289
EFH2183,0.23524514583026981
XOA3736,0.526923481704709
UGK6327,0.38854781521684917
ESV8661,0.714141855923006
MZE3278,0.43686454544754405
CTL6582,0.638418545684692
BZD1651,0.5665518454280475
SOM1304,0.20405560785991664
GTQ0095,0.5694722552640434
YYP6016,0.3780365137020558
ZLW8020,0.48627784796828144
LGF0331,0.6408728085348171
WRY2911,0.5508303898083765
INE9421,0.14929590949699603
ZYZ8989,0.783938092134425
TBI2765,0.43616073645328113
ITS7667,0.35602068658550795
ICK6739,0.4554246399907764
BXK4237,0.4032591014185341
VNI7499,0.3859870155250111
GCU1033,0.5359868525680307
HUG5452,0.8534251293765955
VWA6897,0.5529577079669055
FVT7281,0.5605371832116445
LMY8193,0.8512757389347626
NRR7838,0.555528326886373
JXS1528,0.49980808368454677
GTJ5916,0.5174865450233616
ZVO6581,0.49773157485629504
CRM6164,0.5785374012475727
TFC8917,0.23363524744604847
LTP2350,0.38227657669810483
CCJ8697,0.5142635714365922
VUR3194,0.3970753852361691
MEG1780,0.5273191524256712
ZAA9723,0.39147190748469846
RPX4079,0.259531070298401
SOM0507,0.4495494079344494
LCS1549,0.43796882604742304
CCV0759,0.45435977463413285
QAN7266,0.5437802836312057
PNL4797,0.3545832918993147
RJQ1884,0.18424796455636702
DQZ4278,0.3961944928960724
WFG7626,0.43014024530502576
POT0131,0.5989912634665197
JMS5345,0.4629834040109997
RGD9707,0.457366258359676
TGT3516,0.5657366245312438
CBI0263,0.34820676519642885
FTN7519,0.38711703233713757
TWG7257,0.47229450574840487
LCN4343,0.4864622649241868
ZVL6847,0.630778529379987
CZO8241,0.38704286692164946
CDO0664,0.3946192827000307
IEI2406,0.2663826184468788
JTE2790,0.15685884907262845
PLX0698,0.5894688632156351
GQF0238,0.32288618550628456
DWC7982,0.45400670159415346
FTO3822,0.16344333222324264
WEG6221,0.3873060495767335
AZG2944,0.7808622008838257
XMV0741,0.35368030609796447
UGH1295,0.4386540816462622
HQR9335,0.3786390966866804
NKQ9327,0.8303078377016179
XTY9372,0.4810457771511215
EYB1405,0.60857995878175
AGO5581,0.4434471256691233
QCB4606,0.6699763374503249
XPY7960,0.5444913712510342
SEC6669,0.3170484119175977
QLW6555,0.5813751945661016
XLG1609,0.4452338731374228
HPI2607,0.5480969606075209
EVB4443,0.760194983025919
ODN7655,0.4505125822547833
RPG2644,0.5664638796353307
OYL2687,0.5248348954267921
GTM6270,0.4352833970418159
BHF6755,0.28355167275847887
GJK9666,0.4976454607286544
CYF6186,0.3110299733594062
FAX1132,0.2919290471943239
OND2893,0.6399986959324397
MWW1847,0.3840851523140387
EDM4225,0.4964242359213461
PHR9695,0.6625550424478002
AEH6740,0.5232014709545566
ZMQ3615,0.44575094219667505
GOT7201,0.6745354164817975
ZLQ5494,0.7105697863251005
KHZ2516,0.41326345171108847
BVJ4973,0.5837950130751962
CWX4561,0.6955849981866356
GJI2743,0.4567819473066618
OMG2647,0.5893791030065574
FUR1115,0.257729895983876
FCZ9083,0.4957070658771272
UFL4356,0.24903006174581774
ZBS4925,0.5012096239311331
HPB5006,0.10366055921086983
RSG0748,0.3890131359586939
CBF6533,0.311386432072395
EKV4020,0.40260375964476186
EWQ4926,0.15469330767608408
MSK3451,0.4377722605973175
YQE8855,0.272819255436541
OXR3527,0.8019598685077458
DOZ1481,0.6054663857884042
OXP9987,0.30870565895771346
ANN7983,0.41804918741139374
HLD8743,0.6303975417677786
VTK6628,0.7243794941691921
SRO9037,0.2771801624106954
UBQ9686,0.6940869266474881
MVG6267,0.3448073129128798
EMO1696,0.6814257119591858
TGD1798,0.43167107677224914
FHK2988,0.3734007709198235
XNR9052,0.7976089792438577
AXR4132,0.42262428718465156
WGH6565,0.4364613532732504
FML6794,0.5075979848537694
DVJ9838,0.7147481856474914
DIC6615,0.44575782599531355
RBU0373,0.48769767788903157
LVE5589,0.6121469507582549
ILK9645,0.3030358855769841
QNO7435,0.7265908428700748
LPL3544,0.18171087022901028
DZS1655,0.5331225122252266
BMZ5036,0.26509255317156355
ENQ2648,0.09741891236838632
QHS5121,0.3284060490912369
JRU0425,0.1486273215362762
AJC1854,0.5070260511875557
BCI8265,0.4563696142793196
LAP7008,0.4913497851220949
PRQ8360,0.6297336301629998
WRO2076,0.5326956556641086
NBP8599,0.5684540309031347
HXZ6061,0.47376100976164753
RQB8738,0.6260140197608192
WQX3133,0.5181501311500327
OFG6256,0.3655927409904523
CDG2022,0.5413087018041223
TFP6421,0.2803510993466605
OWX9646,0.3741994571590349
LTT8237,0.5922910603786065
BOF3129,0.3371164252938245
VOW9109,0.5985639602824697
CWN0691,0.5283650333430328
HYS1355,0.37233229590311673
NZJ3062,0.6689137278211538
LRT8091,0.30846682807643133
QSG6295,0.6939666566204765
RWL6854,0.2486276225020611
MNM3630,0.6586773937603828
YUI6791,0.34982398918402036
FJX0190,0.39157787569822483
QQF5096,0.6397940746960746
AJS6206,0.7573684711798909
STF2875,0.7876483667796974
OUS3364,0.29910485353191085
GUC8571,0.263664774165303
FXH1573,0.39060167871069773
CTI4900,0.46319293563326347
BAF9737,0.6178793522816942
XPJ2696,0.45795634030770493
HXT1930,0.46724927608534284
WMQ8645,0.7195457178002086
XZF3932,0.4133627367663257
EHC2456,0.5237973013158789
WLR3209,0.39230647620459796
TMW3776,0.5073407040391066
BYI9884,0.49427293108642006
TVL4976,0.5646320053012363
JMS3751,0.5161833542861277
EHD8569,0.5330628517445629
UXK4747,0.570027030583785
KWC7487,0.23347463630395907
LME1343,0.19261264687063337
SJS5024,0.5449883665203131
EBP0107,0.48913971588308425
MXW7089,0.49437871446571374
XLW7075,0.5444381236388305
VLE0044,0.23368159072755937
MVW2125,0.7397987592838683
ROL3261,0.7596564353614836
NEF0732,0.6136506511908981
TNH4937,0.37786498615729125
NHD9630,0.5430795869770716
VBV1330,0.32068048696102996
NGK5798,0.2867083425103995
TIB3609,0.7203283356824302
CQX9257,0.7052705852269173
JJB2918,0.5917652568733975
QGE0385,0.21153910557835828
XPH3100,0.2564736418037564
MXQ1607,0.21633424534624518
WQB9441,0.4890584014080333
IFX4669,0.6048029378794549
LTE9151,0.421339533564957
QXD6741,0.46026815303954055
BTJ7572,0.33584511228427694
ILG3077,0.6287535493622548
IQM1201,0.3668353104281528
BLE7111,0.19382605320631244
KAW7370,0.3455702183431874
OAI3127,0.615814132286435
IOJ5332,0.45710946604809227
ZSF3534,0.22466257983703194
RQU4937,0.43834268211613614
MPZ5602,0.30945099984027824
ZOD9642,0.5508980148022128
TEO8067,0.5988625734380755
TKM5696,0.5031171432359791
AOD2802,0.26474320572785237
HUK7613,0.3808997467729261
JGD9511,0.47932119827461384
AYZ8798,0.5995609692617359
ZDM3945,0.41109860502447143
LTH5029,0.4458188392633995
MXT2148,0.5561387412915016
GVM6956,0.4249714016481542
WDW2862,0.4410432175201311
QJQ9522,0.3558402317879741
FRU3187,0.7129160804209682
DPK0141,0.650463447174178
LTR5585,0.41729361784462293
XJF5775,0.3705690622898275
TOQ6204,0.7299779308694527
QXS0144,0.6183842453223348
TBX5804,0.22148682979048595
PMY9951,0.29728476761104305
EIV4595,0.5218375035057121
YUU6633,0.4429063709624145
UGJ3843,0.49795703530778485
UWK0037,0.77886289447142
VNK7348,0.38507445989291084
CPA3848,0.8818118104263833
KPD9994,0.67667278386147
KCJ9439,0.16952724026709926
PEW6534,0.3840990650364182
RSC8075,0.5534623931766337
YCJ9085,0.2002570577292634
PRL0472,0.6651809957360513
FWK6361,0.4700260541960087
YLG8442,0.3797177658378932
GEH5854,0.5305544137425413
SAL7389,0.27230500732094687
YMS7341,0.4090696341785
IKD2768,0.39769864485010603
TJF3331,0.5185388127351489
KWE2891,0.30615438689324254
ZKN1526,0.7233272083601926
FYN0193,0.5945149310218073
LDW7977,0.5805898450796176
UHQ3906,0.41761925143956347
AZQ5561,0.4219012343009395
PJH4687,0.5401915814179122
XKX6806,0.6809355443544917
HAM9575,0.4005327718156153
NAT7573,0.3994176394201043
EYL8899,0.19057800804401415
GTH7212,0.4123308978813949
QID8015,0.30612186223576465
RNN0054,0.5182089592755571
CSG0726,0.7728432642098109
ATT3526,0.4639540518080788
EFF5669,0.4694981276069719
YZY4981,0.6764391522208731
NKD2183,0.42690448878646076
ZRM7482,0.44392122910505705
SJK5331,0.43285406484119276
GUB3614,0.593820483051954
NTC7862,0.8637962323049388
ICO2684,0.23749124379972014
MVW8128,0.22332641626900632
BDS8123,0.3818787113441036
YVT3141,0.15766221129276517
RGI2704,0.531851054222704
HTP8585,0.6664380083447441
HZU3585,0.6093704533992846
XSF9432,0.6224268625725004
NGC0638,0.7014763574693271
DZE7578,0.37641755809374505
YDC3343,0.6957994007264963
FDG5520,0.5632065375915336
VEP9395,0.37494109479958176
GGK4791,0.2951508926151698
WZS8541,0.2736433417343752
QHX3936,0.5456978072007099
QDG4818,0.543911811502265
ZUQ7887,0.535131350456306
AGY1309,0.5092860150138113
UVW4100,0.42904683307711233
BWN9219,0.7794278696630862
FHL4572,0.7191922109347838
HWT7241,0.464680782088515
UOV5896,0.2685635929761676
RMW6133,0.22143398708325257
QXR6850,0.13663619165058108
YFQ4304,0.19671459420446075
BYG6143,0.42876684129243414
UCW0671,0.5583839491415785
QDL1220,0.3056661041632546
RPC9516,0.5129087912669648
LIX2357,0.7116384042033149
ARW4463,0.7081984025155863
NER5135,0.3854498618680408
TIT4262,0.3649737019252417
KOP8740,0.35660492871656246
ENR5341,0.356795649645615
SVI1672,0.6403666892633078
NJA0713,0.24880543568399507
CZY8688,0.37659889310752725
FMS2015,0.1818885622947856
QHK0296,0.38065547289694607
TIB0285,0.3070971881289806
KWF8147,0.4154344246388747
MKT7416,0.5170182692092679
BAS7787,0.6311272071400683
WBA8393,0.4542871439545833
BPN3486,0.4146707237540013
HMG0854,0.6746327946918246
BZA4231,0.5355075573251158
OPQ4102,0.7106028428669936
LUR4054,0.29476452664525626
UKX7997,0.34835320958130245
BAT8245,0.49426524349890777
GUE9488,0.6559142973124859
DNG9558,0.7510018421461689
NEP1395,0.20145443252107917
YFU0433,0.3895868597270178
OWG0002,0.26364159187520103
XYQ1238,0.2563262199045449
MTZ3600,0.39254971428654256
LUB2819,0.6770431997300724
XYG6240,0.6939286761067729
BYU2818,0.2806011257422092
YNE0190,0.44992208476359236
XPB8615,0.426454389683644
ANV7632,0.42008786556418004
UBK9497,0.2828354238894658
QRB7048,0.4692875664417647
SUJ0543,0.6887815744220923
OUY4612,0.8153834930941478
CEY1822,0.16521079983947737
BAU8123,0.35772812211247096
IJY1244,0.47137153966735507
JAL3784,0.6645051675285978
NMJ4281,0.5616984874745097
MEE9328,0.422063689050533
WJK2404,0.4887441665724527
AKW2898,0.5971315128297969
RDN5018,0.33662207140526446
YDN6409,0.7718255810258561
HYA0471,0.6734223997154227
KAZ7187,0.16926037878460057
TYM3126,0.4591663924347011
KOA5634,0.34790898178990876
EMR5325,0.5821508038966738
PFV6163,0.44549730291961265
UNY3920,0.362009803196981
KUT6020,0.29225884186335965
LJG4273,0.4182703004338902
SDC1469,0.19535797783152525
CMU0635,0.4537823668752311
OSN6352,0.49945785018078553
TME9410,0.5834312859042614
WDI8148,0.31917119699365587
PPQ8383,0.5383630519397573
HXN4016,0.7228879586416642
EPG2440,0.7026596555466276
DFC0443,0.511841539577525
NQL4457,0.6179202435971337
