ID,Target
DFO6773,0.4509658544711471
ACG1537,0.5667597861945998
DQL8503,0.5315790770566792
SIM5667,0.34079318195995106
CGP5642,0.18866592063024024
RPR2789,0.14336440102170184
HGL6434,0.40665643586051076
PUI8765,0.44675268477304847
RQE9284,0.5185765335027158
IBC5636,0.6373389264075376
ROD6708,0.6077879123329872
PVG1848,0.4308504763223515
THG3807,0.35785839907872663
VAU3040,0.6056484324754436
DWL2697,0.31001929199301637
ZAN7304,0.7406770255539422
TVE9995,0.1729193683693148
PCF6080,0.5253210816839172
UPT5060,0.4636722580438146
HKP8843,0.5433196248994587
QJU1928,0.22461539440179165
ZON6991,0.28467778765082785
RAE1398,0.2734989274969077
SWH4514,0.44693824603607757
IIG1667,0.318239499350095
VMS8326,0.4735607406740635
GRQ7156,0.3485627158958366
CAE5003,0.47688861878238903
FRS9838,0.3311025348742202
DFN4452,0.7177625170980283
GZO1321,0.13750295383350458
RGA5708,0.5970681976331125
ZJV4081,0.47976053695625265
WXI1643,0.28574140926011726
SBD7132,0.3579373493080232
HZL3502,0.7491941384657226
WKR0537,0.2871709369583335
XLB2397,0.2572974593331976
ACA6327,0.42694044623055805
IOC0400,0.4911430826469796
UCF3461,0.23182123592097775
EAH5172,0.5490522650059817
ZMH9077,0.6956141423051516
ETP6377,0.4864890941398167
BRN1398,0.5849305239573117
PFW7493,0.564186029221234
DTB4517,0.8167458374981061
ILK1949,0.3935419203092175
PBE7941,0.5469067012339937
HJR0365,0.6629563809063153
ZMC9606,0.7132537290926694
FLT3646,0.3564543376316788
PYI1436,0.48384654904688806
MJQ4939,0.2833037926565568
TSY2603,0.847443267092307
YDG0242,0.8056376667823378
SIZ1523,0.43653220426815803
HSD3272,0.5685298281386996
QGG9170,0.3590833047121795
KUP3285,0.23230387906439404
SRM1677,0.5502651990809061
WUA7908,0.37989119732510224
SID8395,0.17462985206359333
VOK2057,0.6981141126827684
XZK8217,0.5624928878385067
NNT9148,0.31945415524988163
TMJ9163,0.449586967232714
CNL5625,0.2612249828472183
LDU1725,0.2791337179119755
MCZ6471,0.5027845915226926
CLT8952,0.4281333170475941
ELK6989,0.6195030506277828
BBW4784,0.17544816548386558
QAY3817,0.7366511707158313
AYC4715,0.4449074946265914
BEM7158,0.7399504205593005
BWZ1441,0.41456290660102546
UBF2009,0.37264967400771976
LRC6071,0.7690070397816653
ODN6164,0.6598337799797019
AMQ8363,0.7488208328903325
XZQ0660,0.47961485067010773
BZN0084,0.4763571869847456
PMP2691,0.34307379253496345
ETA5284,0.6041100865238186
OJY4163,0.4950693742020138
IFE1361,0.5685465102128137
GIZ8603,0.6950221016315031
OZI7954,0.34061442899503114
XLJ9298,0.5199719767988785
EPS9448,0.6794783663272073
DKV5123,0.4475303777160032
JMM7357,0.1509596997970388
BSP2705,0.7196047304663005
NNH3400,0.32154818274237434
WYY4670,0.33428040067723647
PNS7835,0.3201398593856168
ZJU6296,0.27083388831493266
FBV1095,0.6503633820254606
AQY6650,0.5839243942817643
WWO8325,0.4142322252324975
UAR0401,0.3006266316651853
FFJ6554,0.19773760555039782
HQA2546,0.56757023009342
TIO2245,0.4802404624924435
UYC8813,0.3267494537980744
TFZ3535,0.7778086493334859
WET5158,0.3639360548024126
TYB4328,0.5043751165325034
DJW5769,0.5033093104443833
TFJ7526,0.6200938534801631
IME8210,0.5348089445968338
XAC2820,0.223363298086251
BCN1457,0.24076639209850798
ZXL1102,0.8123317011442593
NNR7100,0.4306507429425861
LZL5785,0.6003135245694794
HOJ4432,0.3182175726580264
QCK4637,0.3346768850261316
ZVA9791,0.4178493197421394
QRJ4411,0.5213591191280633
UCZ8863,0.4133957537123774
MKX7122,0.33972280300798646
GXA8899,0.5131064580883636
EAX7700,0.15984716920752295
QOH3789,0.6337321901502733
NGC4355,0.4034060904626977
VJQ4277,0.24027902490582922
QZM9978,0.24813934353081102
TAQ3968,0.4008819083917413
XBQ7957,0.6661427401465277
GUP9966,0.6767212454640622
IZD6170,0.07510969878898899
TME9261,0.30809762116669726
DJO2039,0.41004232883627245
RSA0679,0.18607004714692735
SBW0791,0.8234486190042016
QSV7106,0.4968675733287083
JMP1245,0.5442302619702096
GUD9321,0.5387488269037076
LXM2954,0.5442587906881923
LGI4642,0.5536246999520357
BQS7913,0.4000112398159021
XJS3739,0.6010262390817863
BUF1276,0.4288138790878367
JTC1315,0.24262966380319662
WCG0333,0.22260864398333066
AKV2947,0.11366076432335036
BTW7748,0.4807044669536065
OGY1474,0.36818359944351714
SSC6417,0.08546796866288732
RIO4406,0.6599257255135444
RWS6732,0.37771789447668497
PAY3626,0.358202727102919
IWQ0772,0.41882625085730424
CQC7476,0.35691555104494227
FRA2470,0.3968975772680035
LBI8368,0.3888435254380488
VBO9478,0.3878753661240074
XRQ6385,0.229739426341194
ILW4257,0.27208898509172985
GDS1490,0.41205463951898913
PXX0426,0.6628499139038059
XJM2247,0.18890073817987998
DOL0347,0.5969768485062513
WFV1019,0.29272314678524797
UVT5968,0.3009730635640157
BLH0526,0.3915733167089461
JTN3703,0.7556901282483685
BCU6206,0.7642721160432762
UTW6518,0.4685693438845746
AQN4052,0.12476773485596546
TMU2581,0.2892662452178132
EDJ3712,0.5005416078525928
VTR3659,0.5212918575822739
FDI2651,0.1971354192296166
OHH3383,0.4595012626858669
XVH7995,0.3034997012531424
IVY6009,0.5816153976016536
YDN1128,0.2010872287071194
NEF1312,0.6260843290178674
QEA4547,0.43505956336771495
YKQ7318,0.5607567782090682
ZKQ2426,0.67994717396799
YJQ6360,0.4468529088260561
YDZ5100,0.30511449764597
LTT2841,0.5761681988640662
TWU6658,0.15593408990508006
LCW9731,0.3029508194166938
MKT5578,0.312667201440194
DVK9351,0.48160163125611455
ZMP8248,0.2079145895640267
KYY7821,0.21786806530955535
AVJ8974,0.5047932686040923
DOK9100,0.2735532536522644
ECD7626,0.39045527873115693
YNF2554,0.35443277939642354
CTU6321,0.6998331542625899
GMF7103,0.3290458087100705
BRF3061,0.2611644053242423
RJB8313,0.6897586610523451
KMC2649,0.34532476878397944
AAL3606,0.5465391213294621
KIF3467,0.6286282558176319
YBI5203,0.555531091660936
WLI2207,0.442233573765228
NXE2716,0.16101326073543087
QDS5954,0.2186331155960938
EKN9573,0.36021715260589043
FNC0226,0.37166140985252805
SJU0287,0.41968739992196524
EFB6786,0.6694227773159482
UVC2479,0.24958677655499834
GST7887,0.23328709627119967
IOM4923,0.2503398882149243
SZO9257,0.5460225515763524
FSX6639,0.2829828966047281
EIH7872,0.5417453958706403
DYV7545,0.4123180602441035
SQW3453,0.3714465042215509
ELA4440,0.5396744685458712
VOX5185,0.3832708463625693
ZKK2844,0.4119769051052692
OOC9500,0.35143001082381164
HIG7345,0.5626383307579005
UVQ0146,0.34035070391870503
PSS9989,0.4477674827711972
VQN9394,0.6835289898959718
UGY8965,0.6297117393026314
VDG8451,0.7357167829578526
OLT9843,0.5631423918616765
LOG2264,0.28183289461351113
YFS9689,0.6529685728021626
GBE3000,0.36751261367216354
CBK7888,0.3348581938150937
MSJ3134,0.36933604399366365
MJH6242,0.19044915320395348
YZU8809,0.7364701317903554
CWG0188,0.694664113987328
SYG1986,0.6635646278326702
NBC1180,0.3634147726984397
SLW9447,0.484820908549225
WYY2045,0.5986474655942875
MFT2817,0.3579506675035698
ZGJ2969,0.7698648610155755
CUA0202,0.2893180225018517
GGT6416,0.6119287071958108
LZU5185,0.5082148594220066
XNX2676,0.3271637365777055
CFI1200,0.7176267689908398
PAP1874,0.396333842812996
UPZ5905,0.45918011526489466
DQX4472,0.8137111736552577
BZS9230,0.1383292717613944
KQE7116,0.3457549936051158
VBA8686,0.7863053276292454
PKJ0136,0.46907617356299924
TDE1710,0.2478198436399638
UDL9511,0.5156205946999752
OJA7544,0.592623092162939
WID8415,0.6886763306619956
IXL1208,0.522523916627591
UWT3931,0.5988222886853047
QGG5977,0.22162430161177243
ANA7964,0.4995950406904959
HEF4116,0.6942106987630488
JXQ5032,0.2830637064152737
XRU6956,0.5583875029837709
SME8030,0.3586942523762075
IRZ5669,0.639081227705126
FFX2740,0.5912231758466451
JXE7156,0.2879835158332719
EOJ6968,0.2687980116343412
UKH4457,0.2831916652964573
QSD0662,0.4534095664627368
CDH8767,0.3623761368521678
NCZ1766,0.48315944455742593
CBE7721,0.5925023307007362
JAF1807,0.7017397232827787
VZE9639,0.2251043323943783
QVH2896,0.30875596827023905
SUF9796,0.33691065456427205
KQD2227,0.2630509455919368
OXN3636,0.37817113097994776
EKX7884,0.45901245078794733
UBB3172,0.2925098234650724
AWZ8951,0.2556298273120661
COQ6853,0.5254756781039653
LHK8813,0.4756499093485264
MMJ3810,0.4923270276343462
DQZ9725,0.13156223100463427
CVH0937,0.4296551029628147
MMZ6751,0.5688888128051358
PVN8363,0.23204464615436357
XWI0820,0.749966527990479
FSR2001,0.7891004855168485
JYN3021,0.5242129132553595
KPY1302,0.5775773232962371
IDR0248,0.6380463572641112
LHN8416,0.3768118274708818
XRI5806,0.6345998382199524
TAE6093,0.45131318814446886
BUU8360,0.8536895779800968
FJP4956,0.5413044927122448
VIG6768,0.5383885471457874
WYD1366,0.4849751034185482
EHS7518,0.6103469433591358
QJA1196,0.41416009528202846
WCP9282,0.6706046785957922
ELK3640,0.6566781948805746
IRY8613,0.7445348357935277
IGR0423,0.27852476413262195
YAH1716,0.5340004401442755
OBG5674,0.196981906919041
OQQ8607,0.3923218553990228
LXD9398,0.32659127688053546
NGV1153,0.4733299513748003
IRE9130,0.21977526179330595
IWL0174,0.20347926731490174
NCY2045,0.25273504124709745
XFE8683,0.3218945302239605
FPB0008,0.42555454695635336
VIP0940,0.47437743929925325
JQR1894,0.6568002440117063
ROX1611,0.18087931862415524
ALM5771,0.20674675491815014
LEY6688,0.11014590152620016
VGG4396,0.31687569587367065
RHU7416,0.4102683005573617
MWJ5507,0.7459963838857377
ULY9181,0.5008520943018937
IMG2600,0.57904861405134
OUP9451,0.6204232905228961
MIR9240,0.5424001485241756
ZRL9800,0.793826476983807
NWC1345,0.21339516995335872
VNH1391,0.3336028461758743
JXW4828,0.4298773162975024
VBZ7199,0.34793721804477207
WLF0421,0.3130212862257905
UKR0792,0.6855703447577934
QJF9545,0.29926325489509586
LEO5692,0.46306944378594667
DJG6508,0.7245609645295114
AOE3363,0.4359222155344109
OSU3876,0.39661180818310127
WMS2804,0.30214465131315726
KRN6708,0.5347528905954378
IFE5408,0.17468292223747975
ASP4223,0.48034476888636646
ACI7391,0.3777864800930116
DDA0281,0.25256924308484446
LIH6429,0.0727736276385683
HWP8777,0.7252790048150265
LFJ4299,0.32881439007414515
AIY6599,0.43069682418416866
QRB3811,0.48795144005461255
FUE9670,0.6030918428507897
JBM8920,0.3998644524368599
MYX0246,0.37031684876074555
CTC5913,0.7815588998684624
RZN3717,0.29124200251365284
NXF0575,0.4930719183962416
QJQ5816,0.20115342532647537
SMN2492,0.41345268276889824
YNS1825,0.15239774017826796
GDM4311,0.26167004676738687
MPQ9948,0.42550906117206566
BSI2741,0.4630929738097348
MHT9814,0.2946268095244364
KQW4336,0.7012632162053901
SGK9596,0.49890944497656387
WYI2584,0.26504323860482204
JPM3125,0.20868785108858934
TWO6625,0.5710932158060643
ZYR9195,0.22865770352475334
UBX3089,0.33517934361833945
HIY3832,0.17905575292288822
RSQ2014,0.5025365591861991
HBN5862,0.29501282778338755
PWI1151,0.4979072796854716
VHV9062,0.34800590579222024
TNG6275,0.6141780663397138
ZGT7648,0.8361457240622505
BTJ5094,0.7723027994560939
OWQ1317,0.6683308778041048
FZJ8283,0.6708732362478825
AAU0759,0.6290539085208156
NXH5986,0.6822816124619069
UAC7517,0.6359971777490142
HQD4364,0.6159085135952653
SRF2584,0.3898411742068577
YYA8087,0.5055893722944099
NBA4065,0.2982511618122681
NZT0627,0.07634264105586018
OEB8359,0.2993925683197978
YPR6624,0.45736906416915807
KCH5008,0.4190800509536882
STC3523,0.645121058409225
MGY3123,0.5224503357443998
LRY1938,0.5815284477565718
SVA7219,0.08205402692255243
DNC9467,0.6519269570335353
LRC2676,0.4075919974429345
APM1038,0.5478237387480783
YJZ9859,0.3736008160062736
VYX7142,0.48651998323028417
MFK2019,0.36243867786493833
FPE6810,0.5012818871234949
XBT9674,0.36691230594844415
ZPG6061,0.3934606829048372
FCG9088,0.43038520744994585
URC2367,0.14393097046867773
EHT5699,0.4566622889147072
XAJ0279,0.4903835585507958
ORX2274,0.6530157517357036
HJO8517,0.4894883986113862
MIU6675,0.4506060213261415
GWB1362,0.5785269981368196
GJB8260,0.30940761309096143
UWX1200,0.6774090959356318
JXP2884,0.3035635566020845
PNU7995,0.1983270437000857
ICK8620,0.7185255588776976
YVG7100,0.39370206411590386
ZQA6204,0.6022595172955871
PNP3590,0.4392529843069968
CTN4936,0.782460002284538
AFE9344,0.3460850659434207
HJG7797,0.3128828416004851
IMN9206,0.5264144148035029
JAD4840,0.5728867797887401
KKE4285,0.46342144292210263
HDB0095,0.6913227117076358
RCS8492,0.36597457762460095
GNF9509,0.3827909908681291
AAL3161,0.48473774926393653
TGQ7962,0.5310947308811066
CFF9202,0.2877178171412548
CMF9347,0.716925965501493
CIB2416,0.34270822722647887
CBK7203,0.5332848134742393
MRF2491,0.4121558524033013
JMG7680,0.40202519327016667
RTC6762,0.6547216083825136
ZVD2009,0.6831623637018537
WFP9497,0.5136880489735514
PEX7134,0.2785545954873381
FHA1852,0.5102873690476947
UAO4501,0.3128901229405126
IQJ8723,0.5456589656669051
BQL5404,0.41277762461554596
KLN7250,0.3064989268961409
BNW3280,0.6706004134376999
AAN8609,0.35700757999709054
MEL1982,0.45017147580935685
QVT9418,0.45746468513092725
FNV8858,0.3840781507087165
KIO8299,0.26022800472720725
RSJ4654,0.18380029718010069
BCH3690,0.49430150972769926
SYC9531,0.3832089929770966
KIL6229,0.49767010526324523
NBO4677,0.3119156790542764
EKA8324,0.6542950833167037
ZSQ6837,0.5048788281893241
WXK5001,0.4153825784911099
RUC4832,0.45228181451743144
KJK0672,0.4691472143060693
IQM0593,0.29497932997221865
LPK7313,0.7454973717873278
ZTQ2325,0.39618788251523246
GDC5285,0.6667628279485301
QUR5370,0.24067402561522414
SHR0678,0.5249646365999342
YES8392,0.6433945468920591
TOB4763,0.4081066236135876
YOU7542,0.22999938539190037
GSH8987,0.7529702719790055
WWZ2281,0.5588963413100398
ALA9742,0.618575454369208
GCN5077,0.4078825445288541
ROO7648,0.4204418695331254
NVR0886,0.41810413390636
RJF5346,0.4157292273318496
XLF9962,0.3980221161888306
ZGA9831,0.33407473597741
WOC8918,0.6873552970764728
AHI6284,0.2622465806923179
NIU4213,0.6677184625415516
SQK5201,0.3761745212360723
AJO3590,0.3033477266782796
WZV6293,0.5022115493012335
NWA5890,0.35440654091796925
WVE5452,0.4568764074040401
YGS6044,0.4049060103076322
SUY4237,0.29741787465547975
PWC4767,0.48092429268180104
BPZ0803,0.20192672799417805
KJX2470,0.4478074462469904
KIE5395,0.6045245391253197
SLX0697,0.17150407852143842
UUK9663,0.320010148660882
IUG5399,0.2494221378908497
ORV6100,0.4052654108910152
OFT6653,0.5515841710287328
XQY9087,0.09609014433507604
KTO5138,0.5265410052207515
JXM1524,0.3652236857541223
PWB2146,0.7873368336893789
FVU2525,0.26278711234474317
LYD1152,0.4913709682135007
QTA7916,0.6644399366763747
OIR6331,0.5720867349129332
EYU4023,0.44186750878073966
QPP4425,0.5885652641441336
EBZ2462,0.7478288878393125
PEC0913,0.3022016578820955
RZW4685,0.21635256357996402
ARL1855,0.3276990271988726
GNM5799,0.30139616529456165
UWZ6120,0.7371027080047773
HHH9210,0.3073246680005314
AVB0694,0.23250165081628735
TMT4597,0.3671489910691993
UBS1325,0.3836266364343769
AGL0230,0.38524407404131605
RAY1338,0.6094730458327763
UBO3797,0.26114601794463577
CQF7521,0.16061028306730546
KDP1198,0.4933717844715279
INL0868,0.5020824809667374
GTK3189,0.3183787748944179
WTM4005,0.7578187101376486
FIP8993,0.7861374067002785
FCZ9834,0.37101938925600175
RML3792,0.5855247095058062
PMZ1560,0.4600714175912651
EGE4577,0.3108058024046092
AGD9018,0.2537652468115981
DAK7002,0.7303635182648892
RYM2412,0.520720571549329
GQK3574,0.3866393582463154
KDJ3912,0.32146432295221067
LWS1614,0.22347896023817662
CWL5798,0.5475090774606415
GOY7408,0.4375369951378877
MDY5140,0.5753753120428104
HHY3374,0.643677446542456
BUJ9611,0.7069040007420404
QIF4923,0.6574553158135651
PAT5605,0.2711288226325737
ZVB1813,0.5443619226539678
SXC2843,0.49421561070014025
HBA6381,0.24499763464861327
RII5546,0.1488592059788358
HXS4855,0.48843729101570754
XBZ6752,0.27139323996540043
LWF5773,0.6318168273090415
DUQ8476,0.34598879988122655
SEU1555,0.5259162852460615
RNP9751,0.336630835900375
WIQ8770,0.4264140887360304
JSG5695,0.24705710683381438
FKO1241,0.3055407438192052
PCC3793,0.46967082565126506
CWD4541,0.25992298274245446
ROG9695,0.6556014594765912
MVR4037,0.6354814473626428
FMM6372,0.5126286591889674
BGB3523,0.8291958417871209
TTF6509,0.37776479839038973
ALW9297,0.4643851835765092
ZOS7568,0.7918217798450315
ABH8279,0.35258008441127686
UEK6628,0.2990353251629326
HNC0717,0.3503041921202622
JGT4554,0.4651514366068198
IJS7638,0.4336303972726389
ZZN6544,0.5947424155130739
YZA9256,0.490311372978789
GZU9440,0.23297536681555597
ZLK8905,0.6934579072884335
ZWC9267,0.6373971326143971
BVE8079,0.205549783625189
OYH5249,0.183771567484308
KYH8521,0.44632601412771294
MZE1888,0.3571712987873441
CDN4250,0.5655966641070214
UWE7463,0.5826931776953886
GZN3833,0.4711262954778784
BAO8553,0.6604335886356077
ACB4517,0.5756637677853362
SPU3212,0.5043456793811453
BEH3042,0.29774803160536256
RQL3472,0.17368846947682923
MAW0136,0.53453650007896
KLE0471,0.43029312789156443
ZAY0157,0.4288114788353364
SWT8253,0.6783605419451539
MPI6855,0.5073134118715954
FWG3117,0.3370555516863706
CVS0423,0.23837486582614187
GOU2454,0.2084879224170206
PYB3720,0.16598585293956122
JZW5332,0.6018232547803308
ETY4656,0.5716400421044276
ETA7123,0.3630050033898891
MOE5691,0.4721033105409303
LDA8763,0.6835362169482324
ZRX5373,0.4708333246201895
IJW7879,0.6498533053395774
UZW0758,0.46912890886994085
OAG6186,0.3279040759734392
UAM1818,0.6138016169889131
FNN9065,0.5790466433700355
JLF1780,0.25248580962251654
YEY0893,0.31888159601226407
THB3713,0.30110865878093485
DVN6545,0.35718678414411564
TOM6543,0.4227288055612037
ZVO4515,0.2133179958756588
CYN2809,0.15951295243532407
XKB8356,0.2727605783812263
QPH0628,0.4829986643749977
BMM5092,0.34875649823053495
GYU8973,0.39948059382967765
XQI4092,0.5821329751463865
GSW2383,0.4417022606672333
RTU0647,0.5051884754201932
NRO6275,0.47978340491899124
WHT4713,0.4703193123445478
PSS5199,0.3940718834686316
HES2744,0.31085513181619245
GEJ7100,0.35894208500682323
JDD9640,0.18884167769491014
YTK9530,0.5501338646929455
FVE2799,0.3121001500131158
TSZ4979,0.4175527853483631
FEE4563,0.6706551831947191
VNQ7798,0.3124374401746855
QTG4449,0.36970733075064705
GCJ5619,0.2632251129234497
VCM2564,0.12979096978289853
XZG3618,0.5543693571411371
XBU8194,0.26700941941103357
JUF6933,0.2266342790648158
XVI8728,0.6145097176189733
RIN7079,0.523930919359115
SNK1073,0.3128825447465744
WMR9670,0.47619623971561736
PZX8160,0.2008416157120026
TXS9808,0.12395735923340608
MEJ8315,0.47335354107510424
FRQ1522,0.38584184719099723
EGS6505,0.2327264808737334
UZR6300,0.41065631767271976
LVL0476,0.3654101173213927
TZL5867,0.32524535636049323
RCS5132,0.08269460324258746
LTI5885,0.6724824114249629
YPS4288,0.3465268830367
EHB7328,0.45666009840759997
HON1536,0.6685760969953533
GHL5700,0.17399920427658166
ACW4420,0.4353124115783562
GBT3538,0.34142996831637107
YID4243,0.25999878835803963
AYS9891,0.4536282778833917
KVT5468,0.36688135344862643
XRW8396,0.7533109570101204
NPA1002,0.489851932960923
LQR3842,0.5297201535832501
WRB9722,0.3226901452488247
WEC1460,0.5493274315441216
XFU3132,0.2649557886748352
HTE2743,0.6211262216087915
ISN9613,0.2007140411016114
JEQ0297,0.18470881710116818
ZJY4720,0.17268996697564132
EOA8137,0.507374731974629
LTW8046,0.5680703953154106
YQH3278,0.5762944937211055
CLX9204,0.7906265825277379
QRT0197,0.6587963938000547
OTW0820,0.12687843374090943
NNE6919,0.34712597185370175
LSO4428,0.2836341268194064
LZP5655,0.1906549798295296
LLT3946,0.5172827247778419
NPM5272,0.6015322030696455
MVF7543,0.2273662579561366
XJP2259,0.7110535718280969
FSO3741,0.35899035122707745
OOO7653,0.5234067873116677
UON4433,0.3930841044714027
MUF3433,0.7576555617359416
RZD7599,0.4618132523336013
RDM3372,0.6023910222756131
LYQ4178,0.13862186413328187
FZE9079,0.5120295583382305
JMS7931,0.756349584993527
BGQ3650,0.1514458809765717
ZFY7024,0.2677751448844065
JNV0033,0.18170211923024088
SNV8933,0.3823770201754583
XQQ5448,0.4799025407313937
JVI6426,0.2220712404420197
AJG2925,0.38425092026517516
XHP0971,0.26369660001366224
TRL3273,0.7588799026286134
INO5257,0.4479565674013829
KTX9283,0.30188263286822137
WAN2047,0.3343806551732115
EZW4173,0.5665124019106565
GVA8261,0.28576180398517653
TRN7688,0.3460630569291079
XXQ2067,0.5002789208883021
TLE5689,0.5565017022668551
XSO7171,0.2314171210779384
SWG9948,0.4862662095911588
EFH1289,0.5599380426865864
IHI0179,0.7229190889972008
CKT9987,0.26440824499814164
NEY7960,0.5199839006138768
IAN9597,0.43426682513320913
HUI4628,0.23640221553002397
RPK2559,0.25311356556305387
ISQ5968,0.5681197715010757
GPO8313,0.31193282794693045
BTM1480,0.5881112289653027
CPA4097,0.492461759867521
YBU6951,0.3891446134569274
NZP5864,0.5551139138981506
GUG5402,0.35849134950497863
ANG8993,0.24638566210514812
HAZ8153,0.5285469419027837
RIY8056,0.3408650298127613
VXL6740,0.3296932362552856
KKD2286,0.2113101250904786
OZJ2377,0.43379106492058056
TPY2223,0.29060760055019225
UGB7070,0.5034661859393478
XMQ6320,0.5790201612408613
WXJ6113,0.1601947329590502
DNT5997,0.42530289685016703
GTN8407,0.19922081678497214
OPX4184,0.2456884539814013
OOO9002,0.6141405192951945
SJM2211,0.5036323789141373
NHI6465,0.500617974537577
DST5945,0.24357682328856284
IQD1148,0.3219240903326906
SHE0851,0.39438741409184225
BEW4511,0.2668649736351513
JPI0719,0.7239154667776109
ZRE3751,0.7815531505126025
PAP1748,0.48959731917543337
SWM4204,0.3082634467580966
MDB2345,0.4272165649788805
IXT9815,0.34882651860136044
XZX1851,0.7369276795059526
ODL4468,0.4772799595927342
VMV0614,0.43011419082012337
FFQ0287,0.34120775203558845
JJA5635,0.3025035647137069
QDZ8109,0.42124987960476334
UDK4641,0.6216467431924818
AUA7593,0.4903788459981656
JRT5690,0.5275720781122585
SAY0372,0.1322760120984594
DAP2327,0.5232791494885816
POB2969,0.4474671113781606
WMM5493,0.8055791603280406
ATA8626,0.3327347232289514
RYK7124,0.22577633964639085
WHQ9704,0.5337208367219715
SMI5794,0.6607116063066152
TVK7202,0.5891202863442625
EHX2873,0.579324609304027
AVI7437,0.13356398412381437
UUX6205,0.8079638197599338
LYV7047,0.4688067511809247
XNK8631,0.5588353300626865
RCU0089,0.26757349849592005
PYY2224,0.2899903385091451
CMY6767,0.45746422852248136
LKU2429,0.18311986808184333
GGL3050,0.3231201180999486
UEB5168,0.5329279946836462
LEQ1966,0.3092721563941577
NPA0528,0.3288557999655099
FKR5763,0.4324883859790271
RVG9026,0.32742687115249475
NDD9993,0.3503952446450242
QNU5649,0.38321049005122726
UMN0855,0.48525077454698295
ZSC7988,0.5346176792037202
YJJ5065,0.2969306733470487
OQJ8732,0.5588699446541161
IGA4476,0.30446762320672166
BTU5140,0.3086232320463395
RDA0342,0.2224837771616425
EUE3994,0.41816506702570255
SCV4186,0.3746629714060111
CQL4046,0.744426765982723
GUY2358,0.5149712386290958
URW9904,0.45853541134514697
WRG7171,0.31505073765630165
ACD2246,0.7662739572218986
INO4142,0.19728610002671265
PTY9539,0.13514554515356475
QAS7910,0.45335883836134006
RZJ5292,0.7246760031340567
ZYW0866,0.21735223763459985
EMR1813,0.6669779053297893
GRQ2002,0.43230260959633515
SQN7208,0.21221481304187706
HUT1144,0.4376957816714374
LHE5009,0.346943385531109
EZB0785,0.5839463549610605
PQM0525,0.7326074763439231
STT0519,0.13900617668836673
ZWO2588,0.5580189527482596
RDH0021,0.3387855362941824
THM1978,0.6988009172780049
AIR4332,0.4599599771751079
PGH1161,0.4388010387848939
SXM4608,0.6161393015801037
WJW5812,0.8017141305051131
RHX5336,0.4266641379224979
HYM1546,0.6045379150635207
KEC8696,0.42990018743780706
OQG2549,0.18513841743578743
XUU0192,0.2819020026059568
AQQ9230,0.5000251009266097
YPM4680,0.32242542946094493
MWF7718,0.5880374828858314
MXD5779,0.1795637188169436
UTB8959,0.3033852996893348
TOO8154,0.49695827428091527
LJL8197,0.35007719377444013
CHA3496,0.4522157102095528
BBU5421,0.18604555062396996
GSC0915,0.28141970602509403
QDK9607,0.35175609115189865
QIW0738,0.42595131605461684
OZO7612,0.5304737745016775
YSY9501,0.32892739796116227
UEI3008,0.4911993871932215
ULS8507,0.43637736506708613
AHS0758,0.3342478112345966
ENH4743,0.39783856292924646
CQZ5056,0.16111254474289965
JJM8301,0.43981188823445355
KQP7442,0.6648279527960849
QUQ4381,0.6918344531689877
LBT0298,0.6052347953240745
QUB5329,0.25838748231411796
WCG2324,0.6716432594334677
YXH8003,0.3553809179885391
GEF3744,0.477131541086868
JGC7613,0.3826522270308913
YDL6245,0.5562857690886308
MND3837,0.34234174567173964
QSU9207,0.22507768391318425
FID2110,0.46409072000687457
ZFK9137,0.5670385388216737
BZK3777,0.46973859684500335
VEZ6817,0.48290820053402284
JTU0326,0.2090067381748077
BXL4785,0.49148088625065367
UCK4966,0.5021914080048232
WRA0082,0.27470579696085906
GOF4110,0.25003135659451364
XLS6633,0.3479321031424592
DGS1210,0.37131564382224364
QWA1794,0.21310890752426512
XFC5853,0.7286257782164232
HGK5319,0.2040139474339336
KQS8229,0.6288254848609635
BLV2818,0.35093805875734213
LZE5011,0.6360761921549918
PYN1910,0.433701610113545
GUH7132,0.14029279168759723
PBW7602,0.6075031395683892
CNW2475,0.644577116547535
VXK9874,0.6316963440328807
UFZ8218,0.6539140798424689
ADV6084,0.24524438997845494
PFD3487,0.3775958388789513
CRM0707,0.5218728968053387
YLQ2622,0.41290050721772004
FJZ7605,0.4794250140381183
ABU4286,0.17901892117003385
ELP7252,0.3714204211093359
RFT7225,0.6413350750072762
PPK4577,0.40857348866139465
BWE6905,0.5338225560150689
VBQ4322,0.34612758434243734
HXS7343,0.17882359070568482
YSK9022,0.6722662706303959
LZJ3939,0.2834627217705332
WCD6269,0.5679199642962186
CLY6856,0.42233217865583794
PDU3383,0.44680168280086585
VOF4824,0.5544446049007924
QRA5442,0.23905260694576663
YAB0608,0.40193932682541306
PRL3116,0.623351113258318
RRQ3897,0.735595865188333
GXP3168,0.6931173370983327
GGS2005,0.4032843110734722
TOO3590,0.5203142864407738
TPB1864,0.7576454628429867
NVN5302,0.23594030766350077
EHI6232,0.3610503497524853
VLP9905,0.47476863265132024
AGA1325,0.7189348668954443
ICE4902,0.2448108585081108
WWX6392,0.48032579237376705
RQB4428,0.43351272914276856
QYN8884,0.5188686185834409
EUS1159,0.37475830679952093
NKR5443,0.32921455090827373
HPC3138,0.42574900238585567
TKQ9049,0.6439043708738601
FBP3340,0.8388845775472651
NOO3967,0.5662451301692542
GSQ4526,0.16743413192849096
ANW1028,0.3410143633538126
LHA8316,0.7261914783150318
WBW1659,0.4126735474699156
XZO3969,0.34111375059200716
TEU4321,0.3823109616245403
XPQ6910,0.4314245168018968
VTQ6246,0.32203399502683877
FSA7655,0.6385532290889937
CSY0853,0.27269339693119443
VCY4269,0.4812964950263494
UHD9364,0.6279672383615326
HIN9530,0.2697379468887872
GOG2550,0.5957688188255632
ZMG6475,0.49850147016949586
QYI6167,0.5201139219726072
LVO7124,0.36225210904979066
JWP6949,0.5164007507412918
DZU1118,0.4302881281087101
AIW0610,0.43680269452014
QXQ4841,0.606986903151309
SEZ8373,0.639324577299603
EQR3786,0.4237318855149415
RPG9584,0.4502555939182182
VIX8570,0.5526914748146142
YQR6271,0.5241786380278391
FYN8286,0.29263784958937233
JVF7588,0.551881979789127
KPC3382,0.6673789164334083
FHE5153,0.314275794053674
WTY4874,0.4050921620322476
QAB7266,0.57882487425359
NFH9054,0.7323441225151891
YKB6244,0.5861557838360003
GZZ3339,0.5879895279813117
BBY9981,0.5385637858989647
LSY9026,0.4611456523145401
DUJ3056,0.43017086714602704
FUC1582,0.7571235825187196
XOY2362,0.62810099706118
LOG9950,0.26142951474940884
ZXN5891,0.5914466365006237
CXV8222,0.6481617960525672
WOH4538,0.30307349870179984
VWD8860,0.18532043070685653
EOP7001,0.3505813194890245
GSX1302,0.5691783791267723
OCT0968,0.3800364258298323
WHL5554,0.5401199882437898
YJE3037,0.3543435074213553
FNN4968,0.5271135577223371
WWY7679,0.40215047229780676
QZD1717,0.7989214122638283
VOB6197,0.26902474736620446
TBA9548,0.11886490544576989
RLU9697,0.558751048673437
BAS8697,0.45976448053679636
LJR4460,0.7219496562970863
HGO6222,0.5022257408369596
HXW2166,0.6664231283357129
OVP3632,0.14971374310739996
MCQ2270,0.26195150100236814
ICD6182,0.5313818638931666
BFQ5435,0.22675333578304432
DPF3505,0.3886726214402268
SZS2580,0.5383412203073545
LBK8500,0.2724707141870485
TXZ7775,0.5108836086788195
BKG3252,0.38978328279240304
ZFB8258,0.4508228393276423
PHV2247,0.3780535063814646
RRK8430,0.3267294868313685
AMH6780,0.49906743372657225
OSH5574,0.42270426624063456
DFI9099,0.5914584935878393
FKU3482,0.357961919878943
VNO3261,0.5425679459170301
BED5373,0.44007863165934613
MJE9253,0.37671309274059767
HKX3204,0.5476296455633689
VQJ2963,0.4517958439940591
ZBQ9287,0.5197576211675627
MZX8398,0.5247361361525298
QEG6705,0.3043614531904711
PQK6783,0.33457648231274856
MBE7976,0.44809242997613585
ALL3849,0.4259205678081844
KXB4677,0.3115880558654204
XOP0754,0.5012389851719096
MLL3293,0.3886143486533615
JSX3868,0.5518425631805385
DIZ5799,0.5161940748242625
NIK8885,0.6067135194998062
GJJ5386,0.6045516917550334
ZAT1651,0.5370016339739625
GMP0039,0.20552223394136024
ITI1428,0.5381070298223336
TRY8812,0.7321559752203064
UEG2101,0.7616481356056999
ODG6850,0.5079065793934684
VLE3171,0.256641606624736
RRD3841,0.41207471129210893
YXY8101,0.5516450394472204
OZK6228,0.3459294401619764
SBD5545,0.554978734565039
IDC8637,0.6915719134091778
VZW5146,0.2501991297297368
PTQ8057,0.563046750231301
OEF4340,0.5254744902798545
KVD8305,0.46317227325713567
MGZ9268,0.2622333370365586
AQJ8176,0.3363848395307705
UXS0840,0.5394007937518684
TCI5572,0.42011033991788577
SHM7627,0.4054689418864314
QMA0181,0.8369311606543512
TSV5611,0.7605387814770673
PGW5092,0.3125763585328739
BSD1651,0.577050809469918
IQJ6229,0.7154542942931812
PPE8142,0.6694563341138279
HVE1566,0.2428281023319226
JPB6828,0.3867254260177101
LMS8961,0.29326696801610264
EGQ8831,0.2537586147002894
YLP6900,0.5799904919051458
TBE2482,0.32643114531924056
YPJ1369,0.7886995111031937
NAX1253,0.351883916732313
PIP7566,0.28281513964435634
DKU9301,0.6754360276271657
KVA9530,0.42412230612081603
CQV1702,0.7480130586226532
OBG7598,0.399436383585167
VNB1149,0.17196384521813846
HMI2014,0.5500404239420753
YMG8950,0.467564623342426
JNQ2962,0.28863888253793146
ANK6820,0.2894574621030782
ZFE0439,0.35596492921728756
CZQ9593,0.3405229697364614
PCJ1585,0.28006921418277786
PBU9519,0.5595539524507064
ENJ8537,0.5558618324303943
RPM5143,0.42841883551830495
SUD6466,0.2547339821050412
HFF5761,0.6284740824859006
SCF5953,0.27280796718755435
HAQ3115,0.17515818074483777
BUK5097,0.7127081755493703
YVA5755,0.46861946764843637
QHD6039,0.529922343099196
ONT2622,0.40083920779488263
OGF3946,0.34594118960443787
NGV7466,0.3856905640704204
SKM5604,0.6226541498430058
KTE1007,0.3265632323476774
QHE6351,0.39520498498311346
OQM4860,0.6243195349876238
LOQ2210,0.43144213178648433
EXL3021,0.6115891336569889
ASY9425,0.5180383803185498
EFI4290,0.5697809246483893
EJH6568,0.4014784701637272
ESK8758,0.13685638830387048
WPW4521,0.19900782757287436
IEP4997,0.3946962221925813
FCY8976,0.3782940744814089
SNM5031,0.4120406765155967
ZOD3613,0.39070679577555245
NJW9796,0.2116785937577338
BFM6246,0.2947375792729327
MLI2180,0.6180714836614921
FHR9764,0.47571792417369807
BOC1640,0.6508552422184983
EDV0533,0.36788928382830655
DVT4971,0.5175632466665466
FQS6688,0.6212391849977879
TIY6714,0.3626819804716081
BBG5427,0.6694087847486302
VVY0236,0.36645117937407135
AGY7111,0.20794921328017765
YIH4148,0.42347251795597307
BPA2613,0.19772732045631033
XGN0040,0.5061216104909253
XIY9154,0.553065246511164
UBT3433,0.6376491942089
YNC1880,0.7696618982902717
RQV5395,0.2943078248182025
QYR1720,0.6011146197308577
AGJ5776,0.2899163391912028
YIA9506,0.5587899222994123
IWU6149,0.48237365252771747
KAX4382,0.6921341223730292
ZEN3760,0.5878550642788252
UGP0922,0.3109276673823605
MJX0269,0.4972754331002395
WUQ1092,0.16451691164056573
KLK2362,0.54513266144162
NHW2173,0.4472480686237471
ECQ4722,0.17631821456679972
DXQ4983,0.537512436360539
TGH4720,0.7055118398253675
RVV4718,0.6191198856078118
RMN3173,0.715626773215627
NXZ8964,0.5218801361790223
UYF0960,0.5807121591080265
GFY0485,0.4170570253789981
ELW4685,0.59011890212682
MTK9048,0.47763605011866644
UVG9381,0.425762147827213
YHY5021,0.39041401254831787
MML5987,0.5658304108156741
EAJ7823,0.4816661729948045
TIZ1361,0.6212472599263101
YLC2019,0.5684548238997503
JFH0021,0.1745150709936339
LXV4773,0.7884970464680574
XDV4102,0.20690982169056862
GOA5098,0.8329265921168655
MYV6648,0.2970984777922709
CTJ2639,0.4992261358940237
KQB2667,0.2950838252924319
RCQ9055,0.48695922664150415
AMR3084,0.4731301315591669
AWS6964,0.3232164827987525
PXX3164,0.5303745190669946
OTJ7222,0.4789911750973497
HLT8409,0.40250095228840305
XBZ1903,0.1642863304001149
DVD1043,0.0788819751047654
YMN8454,0.344614784912134
NZH9363,0.7016536605271413
VEV2993,0.3053242092060672
GTV0004,0.5734675317594206
FRY6602,0.5015408991252637
SPC8953,0.2954423657717765
PJO2885,0.6982202010849556
KQQ4757,0.5817604379235071
OUG4136,0.4584426377430565
WVY1999,0.5465084587770636
NNY7188,0.45340225065650525
BIR3043,0.6498946848148575
CVQ0610,0.651105432841369
NLO7554,0.5275324878458755
FHH6565,0.5436479590430533
QSY4897,0.6229110186744624
RBJ5665,0.42817817416047377
OCA7850,0.4691894291780076
SAT0260,0.41476465246433336
PNM7458,0.3583538902759689
ZQL6865,0.4036668465029362
BYX0793,0.38765053002414473
UOJ8877,0.3282264113467447
LGY1944,0.46136964218567733
WTO1199,0.6125816582959375
WZJ6108,0.4250934035208945
YAJ5633,0.38921198635172294
LLO9138,0.5122156931804382
LGR1397,0.28567084309271845
ADT7244,0.4019467028803041
HZI6879,0.3467686333993547
JMD4429,0.6263452254296432
YNU8823,0.45743940592858245
PEU5781,0.7134306856446783
VXW5951,0.36495094175613063
DOI4745,0.49418997044730273
XRP0508,0.2915985827067451
BUP7237,0.33559604932220505
XZF0997,0.34525221286660956
ORE1289,0.6493843556566951
SUJ0824,0.522912657375991
QZQ8912,0.41653989636887195
IVK8543,0.4912543258886533
KLT0884,0.7428327857588771
ZBB6007,0.2931926296615733
STV1844,0.5775591862169378
AIM8162,0.20432498805872298
BHN2674,0.4382497137414574
BHF2762,0.6323080091102239
FBA9492,0.3497936061453807
PNV0987,0.6905450498293426
XRS8392,0.6022891183237343
FJR4109,0.32872764363226364
REP5450,0.5053799361139114
VDS3487,0.29816736042562514
MFT3114,0.8133151593299914
TRE7039,0.49686278234390846
RRP7437,0.6647903781507052
UBN9469,0.5044170155978648
ERD6851,0.19010486036052623
QOF2168,0.44024523818704964
PRF9554,0.4361682412398966
LVX2306,0.42633630174327486
MKR1698,0.10472881305113638
CTP1782,0.29787236880079443
YUX4991,0.4987546293877635
WKU8308,0.27100373163568475
KLM9826,0.33850566236786067
IMJ8928,0.1732742721694631
FFX0134,0.5302418249449686
FPJ9006,0.6813192286950078
UUH5167,0.6266703152273625
VGA6455,0.1734481447398486
CDT3301,0.7597022993837251
KEP8508,0.20189337446735067
PNX5528,0.38244956810225245
DMC3452,0.5516379087706338
YPX7333,0.42907466156980506
CSI8065,0.7208191005683978
JGW6825,0.24816986811387134
JBC6586,0.5473207590501853
PYB9757,0.6345698389990714
VBB5768,0.46584458030499587
XNQ8052,0.29015858375907544
KCJ8578,0.4920790659081668
RAT6428,0.6259045990347168
ECA9346,0.21645584847090613
FIN5470,0.5126228920451064
INH2355,0.31568597221612005
OFC0099,0.6636089138858647
LAF5061,0.6211290032345841
CZL8124,0.510884781435344
DXI7734,0.38326951235172735
UZE5266,0.2477083499791285
NQT7169,0.36224527844334037
ZGI6456,0.47666215298688513
ALD4699,0.6370218697151077
MPP9322,0.5819695777121567
HHZ9924,0.5214211247348491
IOY1053,0.3704560338904059
QFA8583,0.5810481862034916
NON7673,0.7547185498946068
GUG3740,0.6613377124438052
BWT9777,0.4324558451283259
YZZ8955,0.18735285635986287
QTQ0151,0.3962200892043975
MQD0086,0.29314018060364944
IEP8756,0.30230362848363607
HLV4294,0.5108774557564472
IWW1700,0.2619345117287858
LMB1742,0.5400354670361965
IZN0947,0.8138179513739952
UGS7726,0.4645870663012979
TGD8975,0.42757612969114556
DNP1343,0.2863724134721487
RZJ7547,0.37778225532318443
DGD5941,0.23159000693198653
YAN5151,0.7093812243911585
MSV2708,0.5038955946794124
WFW6623,0.20783898036057505
QPH7678,0.6736588584977148
RHF7227,0.5702150375302409
QGG1694,0.15396910294713634
LCP5425,0.5699354215573312
RNR1236,0.46385680404408247
CZR9446,0.3333832572159887
CWM6629,0.42661897792838377
OHR2811,0.6161464732926435
DOB2836,0.38355177742721674
WSR4692,0.3765220912835845
UJX1851,0.5694436893880312
CLF3763,0.4873146895347391
YKY6460,0.5720517536095977
YEE0005,0.4895479146115958
LRK1521,0.38745610507285017
FOB8975,0.7143757781485853
ZJC6844,0.5581229514842819
SQO4595,0.4956450366661471
YJU4611,0.6080241041216404
PKJ5453,0.20317130740010575
NRJ9279,0.5837728722101131
ZLB3853,0.2491979333665502
YPE2843,0.5532059191302457
OMB2404,0.3254526558786858
QXQ5371,0.3043666162072039
DWP4776,0.7295671139818707
DYC3729,0.6172502033150526
SYA5630,0.719952377723985
FSZ0753,0.39344361815335593
IKJ9927,0.6603749020599723
LLO0013,0.5884094784383009
LJC9413,0.6540822766145534
GZR7220,0.507384801675019
MLF4890,0.32025717240306284
HKX2217,0.628445158673932
HLP8891,0.39688367755965626
YSD8942,0.7996152927651131
VJC3345,0.3995030065039873
JQU6225,0.5699687402777808
YXV2150,0.7786163021902102
NVJ1683,0.4142427531097781
OFD9452,0.6579746184600145
NII5419,0.435176914623947
JWC1566,0.39156985450367876
AXY5191,0.6781835446476253
DDA3048,0.4399765887834003
AEU2727,0.6075641415142654
MXK4708,0.6319848059147418
WMU7184,0.45042280260371803
QLP8362,0.6250491917495562
WQS3967,0.2912272879663871
RTU5105,0.26604402504363067
VBA4441,0.4692320082071557
CYN3583,0.3964485233260105
BDO4886,0.4093835546937383
YVV6051,0.2901834566295374
WGP1526,0.7042170610384068
UDV5640,0.34082370030004305
WVT1418,0.4475226547051018
BLC0999,0.5965527828206092
ENP7533,0.5189842571180152
AEY8698,0.5128252256310539
NHP0064,0.5734211808332244
AYD3935,0.6307782482730137
UEM2638,0.17161783655954857
GKK6297,0.16208339861645685
PTR1163,0.1293483477074433
GBT2034,0.563536745621666
WJY4048,0.4864942529266931
TCH2635,0.1674277072075311
NLF0803,0.44598603530081665
RPI7686,0.387204553121769
GNY5436,0.30939860254321033
EXQ5477,0.306417325908329
IOS5691,0.4916541527404316
VUC7832,0.664279256699597
SXL6599,0.21808438078496703
KIS6550,0.47054748707541905
IFX6470,0.34091344524565054
QDG2834,0.7817858724320713
TML4354,0.42349881380823273
VOU6894,0.28092057798268877
LMW5498,0.18964368542509413
IRR9834,0.5375471392782166
XUU3875,0.2793765989354232
PPN1291,0.4428259555369548
GPS4832,0.27619758699634556
BBY4907,0.31957983668467177
XWH0239,0.5841258859939373
GCY7299,0.5586010422060433
SFL0656,0.4728463615180811
ROG6364,0.6248421004853691
CJP1826,0.6484689829712087
XNB4879,0.37300136775025566
GHW7497,0.32751365377011044
CIA7291,0.36409361256061523
JHN6870,0.5783390025978249
UHA4462,0.29756484775309233
WHC6939,0.32705482798406615
LDR6471,0.15500329405749225
PMR0233,0.5310785244322761
MQL6945,0.8050551794942348
DWV0912,0.45395313913125734
UPA3518,0.7072137669818986
BHB0424,0.2425126697398475
AST9794,0.3009715130313244
GSY3503,0.49620415893460673
ECI4878,0.707592232910974
IOB3543,0.35264446912611064
SLM3548,0.3185554883632837
HBR8681,0.5796539032268924
AIG2884,0.33817259278769285
YBL4627,0.44250575901651934
TCE5274,0.43771287518480384
YWD6282,0.3600880121298982
GYW7356,0.6138907605000942
UOF5714,0.42063197622041854
ACU1723,0.3216175794378266
JYB7426,0.6103246898987128
IAD5127,0.43268450937446956
LQY2307,0.3823040533184358
QNB0256,0.33799179193629875
CNN9280,0.37340836134200256
LJL4826,0.3339196476021097
RLE6077,0.23578226791058732
UBZ8854,0.824037934020233
PBL9060,0.3052260408099767
HON4195,0.5892128537708751
LKE7887,0.24002344916097682
HOA3501,0.6020835244176828
YSN0341,0.6649445749662556
JKS9027,0.40887278528081256
DSJ0790,0.30643344885888957
RVK7955,0.25720052061577797
GGI6941,0.4415637635182208
BRF3111,0.5140312545070942
WLO6029,0.8352490568675135
HFC6052,0.4080475256273306
CSS4641,0.11328582583237246
HBX0135,0.34429100941235385
CGZ0900,0.6369225480149089
FWF7177,0.7472397644794967
WLX5928,0.6226446533514853
EQD1778,0.12853258033175868
GSQ3416,0.3059360950897748
YUA8278,0.514323636257959
DKX2794,0.12245424600581672
HZW1287,0.5158471517397153
XMC6471,0.45713781766348044
PXA5342,0.3763158560827936
RXW1741,0.11415541965448668
FZX1294,0.2615583399822196
IUC5486,0.5977930484227366
ZZJ2708,0.25498335563258007
DJD5560,0.3707758097630162
OYQ4478,0.6528976885543585
MOA3063,0.5253968633834372
BNA3251,0.3968623635369271
TBJ4149,0.46255489887327844
AOD5592,0.31859254174347296
SYU7567,0.16040609277198392
PXB3114,0.5002680048274373
BDQ3004,0.2572631984449557
WVU7296,0.5682551108449574
BRQ8431,0.4666512370205833
UHL1758,0.20449042343330176
OYP0446,0.6068194130354362
ILE7594,0.3340208714541687
QUR5960,0.5490952707984863
GWX1065,0.13250927689379507
GWE7702,0.23093118842819446
POZ1462,0.4958466932772433
GQG7927,0.8341295756799285
YNP6209,0.6837783539817208
HNR4579,0.4538329320637355
MRX4488,0.34544171150467234
UQM9355,0.71881211387941
JZQ8372,0.519600600812271
RPL7113,0.3867534196036555
IBK2170,0.4911479003228728
NFR8627,0.22059846379102108
PUV5957,0.77442444012344
FAY4381,0.3693599919032289
ZYZ8976,0.3756339091111471
INI0968,0.5177720382393117
POW3290,0.17542323574260157
YUZ6503,0.4920362637280787
MVX2963,0.17402549285118218
JIY3246,0.3611164029184087
JMO6098,0.3081673118674481
CTA9349,0.5889489148068127
MQD7143,0.4312182808340294
LLY6471,0.66971591540872
CMD5926,0.32609276791908626
WZS7051,0.3086572651608569
CPZ3691,0.46049122380920315
ZZQ6371,0.2853635166304524
JTF5577,0.24763750525809927
IYA4493,0.5426825670833246
HJA2325,0.19469997941991526
OXC2277,0.339708211905456
XDP8467,0.5660749610962699
THA7110,0.42819063616949393
UQI8975,0.1316204199755868
VMD6254,0.6074112068835137
JRV5262,0.6211007862567229
CSC1612,0.5398259741461665
TJG5921,0.6083006708120735
DLZ2704,0.6753550632979639
IOV1951,0.3364282100938704
AXC7047,0.26580071877128214
PMO7295,0.3048463892474171
UNB8295,0.1969837401560898
PIM9503,0.34277804922568633
FIX9786,0.6101671952856652
JJG8011,0.4844317400590378
EDD2054,0.33148943214656923
YXD5569,0.8227736532491589
GXZ9714,0.3728644036604511
GAV4283,0.2914171389604175
BVO5697,0.6140908077099339
TBF8496,0.27500526533056147
WNJ2132,0.5674817580623847
DBE8617,0.6410905089425347
SUB9272,0.45618695674469123
PLD0627,0.3630797186349136
URA1140,0.534268698100896
BQO0470,0.5705603013759062
WPZ4520,0.5091790789375913
BPI1396,0.5326884169177483
NNT9739,0.4980981009373932
NLT1918,0.8039559257444394
OPB5945,0.3767572521741245
BQV1931,0.39144270685062893
TNN9944,0.46696850395155154
NIT8064,0.1741993341110115
KTZ6082,0.460929284578269
TDC8192,0.3172507049516433
UCP3108,0.4241560195491977
VBU2662,0.6413475864226743
BNR2978,0.39301010399094966
TFI3921,0.5012709737736291
LQA2399,0.3161286699134147
WZZ0574,0.3377050886324968
LNP8330,0.5270219820097306
UFP6156,0.35075872918979056
VLG0744,0.6160829752159693
CRG3282,0.5086594632448724
KYV0097,0.13392224884888812
FWW9362,0.5813164844257793
DJS0404,0.28069885227153507
ZNM0264,0.5392172891810565
MFS9438,0.25846799105264073
LHG4907,0.6007790960915004
LLV9401,0.1413008446706027
BLO7629,0.54998701954737
RLY0794,0.3671833686976179
VQI9198,0.1497798653380196
GTA5475,0.3462478144220436
SSQ8389,0.6609812968361157
ZSF4237,0.4938089816818742
WYW9187,0.4969193012101803
CZJ2345,0.546588005088944
BZL7046,0.48930517553943653
CYS9250,0.35925322695438316
LUR2157,0.43704982835118894
AOH2742,0.35922450711541726
QEL3121,0.3220560207608045
ZFT6399,0.5648014405864178
FDD4728,0.6198616354498544
KPM4245,0.6460557582221876
FQB2129,0.2803362725089454
WGS8262,0.6050413253606493
OWX4064,0.3825077340474841
OUD8979,0.5919082495930327
FJE9369,0.7330861211887434
AML3227,0.3356840233472224
PRS9586,0.3556359329689295
OFJ0120,0.7470700989982048
ZCN0986,0.2672863068961486
ZRK6279,0.3241733324499086
GQO4179,0.5878767972816316
BON1340,0.46090067403631224
LKG0694,0.20506274943245853
VXZ0803,0.44231144115123117
HHH6742,0.40117947579171176
VPM6117,0.7903421828792467
YTS3483,0.4352357290768646
BYK1773,0.3206084699088194
WIC2466,0.472406205191822
UCC9614,0.44416931949517524
PJV4989,0.430438732131077
HTJ6371,0.45298209161665065
HNT9637,0.2890391530941702
MAY3073,0.29582470441001857
PTJ7520,0.41906953891846827
HMO6264,0.43943477907813416
GJC8706,0.5069198884796433
AHC5700,0.40392012688638296
NXW4848,0.4836204722869168
BOB1940,0.1641882523572249
IQJ4126,0.18731185069036793
MVI9716,0.6886619607337879
GJP5178,0.28524014514606666
YZM8152,0.26007849335126093
GGT3124,0.3760704238716713
HVW0323,0.4655191707915478
LRA3844,0.14787155919390482
QJS4465,0.4331381673224981
PQX3659,0.23835954995370584
PJP9645,0.2807464006939586
HRL1242,0.5067442883008256
IYR9842,0.4156055466601651
YNH7590,0.18701337339630267
RCR4057,0.4589975547241395
FNQ5041,0.480339775907459
ORO7997,0.29451236775460027
TBG5645,0.3483847386950516
EPD9107,0.23481400926968102
PXN8761,0.3140094790160907
ETZ4935,0.16028867630838556
OQH2910,0.3769824789198288
PCK2606,0.46546942092361726
XWX8755,0.7440945695483279
MLO6978,0.6666543447710287
WLZ1157,0.1722333516529155
UPS0344,0.3047921044412168
NBO8038,0.2918401080914686
DIB6753,0.3601669444551286
UZE1684,0.4459346569278158
QQG6149,0.3960386185051317
QAU8104,0.24728000234948216
QGA9213,0.2119327990059457
CWO6851,0.26614269292467035
JTM4958,0.31800052302669013
YQS9295,0.5661120050470829
ESJ3848,0.6740212791745119
IWU2032,0.36949837400524493
KPH7842,0.10736056325108642
LRN8162,0.7264889121577515
AXE1699,0.5278065407435801
XKB4966,0.5198653283957452
STK2218,0.31911800044252325
HYQ6433,0.7433664622616122
GTU7140,0.17044717718514307
UNR5657,0.1530604332107096
TTM2253,0.5628336225247049
YNV2699,0.35525189660431133
YIY6671,0.3290466611655003
FRE3263,0.3472236316911458
KMF7808,0.15950717023356303
ROL0904,0.31203170107245315
PZK7451,0.4401394872831606
KIH0254,0.4336953340239376
LWI9052,0.351224157878438
BVC9479,0.25435975950514644
URY0635,0.3798965738175069
XPZ4576,0.3339321017158896
XKZ9102,0.6172084509777281
ZUW9102,0.6483479050781021
UBN0486,0.5003818295408344
BDO4948,0.4985742056916095
UMK7105,0.1005531986542878
BPN3689,0.5586645142320826
LCY3691,0.5962440335221164
DAB1719,0.6624700342874484
VOD9149,0.3006355986385081
ADN0299,0.4242020077849094
VWW5498,0.4631337250864574
IDO0436,0.32767957896716154
CSE1995,0.7182260318246411
ZZJ1691,0.3739383071314625
DOT7701,0.3722668708362544
MGZ8737,0.24124429971348132
HZX3153,0.2697866751799314
QNL1418,0.4878240891132481
OMF7498,0.2021419223352569
XHX7072,0.6999973253085741
GSB7562,0.334818721763036
GAE6243,0.2200034418816976
LNJ0511,0.35277186859460286
XIW7209,0.18587032050659097
OFS9244,0.47062308988767304
ZTU5066,0.5710077734617807
TUL1265,0.24501961536106362
SUB8522,0.24085147674779125
CIN9277,0.22279034893165284
SXQ4671,0.4209521750513636
UFN3622,0.4898062926924875
VZV4722,0.8068570592791202
VLQ2390,0.21666087522289887
SLY4655,0.35621146619709315
VCP3342,0.1077368975156816
OGX1137,0.4556177598851404
ABY7970,0.14526787342338054
LTT4359,0.4927117361599108
RGP6696,0.4553199259537159
ETT3134,0.21233789003742023
VQK5360,0.3034325506863846
TAQ5167,0.6721000448890514
TWG2069,0.0927516275372403
OLL1043,0.5164917654595877
RMR6916,0.5767022362527121
CWW9082,0.29754860472734973
DIS1533,0.39292278964582
UDW1446,0.3745541049343067
NEY9288,0.3891939049144687
GEQ3261,0.4005131784999691
DDE0864,0.6113267801807369
HRW8057,0.7165496025053893
EDZ5434,0.29121516690734833
XDU4447,0.49662017771020084
HDQ1554,0.18840710177283929
ICD4170,0.6408169942936914
ACN2803,0.5340497477454723
FLB0567,0.4736478373732237
AFW8735,0.4228432605931094
QHF2663,0.6311012018267378
SIS4056,0.568628699411464
BFB7024,0.08885935181059483
FFD2187,0.5373236522444559
LTU4222,0.7099335382007804
HTJ6857,0.4065565239403651
KCJ8116,0.5025176432750482
EBF4220,0.738542225309843
VKE7153,0.5758982545280029
RDY5024,0.28405993851384354
BYR5509,0.184667943992135
RJH2016,0.3030949384809296
IKG5514,0.6326968523564003
NVR5085,0.47574430433821063
INF3715,0.5778786357131096
IGM6607,0.46200607501294527
AMP6369,0.24327878285362237
YVK1582,0.24602295197423932
JZB2864,0.24255437997157314
LDO6927,0.5151306590346707
WCG6571,0.5825065544533922
MXU4187,0.500576961983243
DCZ7738,0.36512923078448556
KWG2188,0.5229405061429155
FTK2655,0.19176238436770193
FBF9527,0.3584682410200286
OJR2867,0.22276830902372036
LZM7871,0.7021280774330536
REQ1736,0.45141762761421195
PSQ9989,0.5592365506606236
OJG0594,0.46499781917973515
PMQ4178,0.4986492680410624
ZMJ4726,0.2285869559734811
CYF4956,0.6194031263898238
PVF6811,0.6027730077607664
UYG7466,0.6586505288833172
IRM5695,0.521929142510588
YJL8439,0.2742799207287887
XEZ1743,0.402954402772433
WAH5084,0.3440222720613451
PHY8772,0.2920201906531123
AXR6112,0.48020757598509634
OUC5425,0.13295264076869956
NJK5446,0.3901312654381998
RKP0540,0.5056254016130163
JIJ1460,0.4379322411922953
PTK6472,0.3894750991740396
OXS3977,0.3969845999408488
AOM8900,0.22564912725894015
VNR0359,0.4143573651267125
IYU3895,0.5268502469184491
LIH7939,0.6635416828705688
MWB3044,0.14165521398567316
GWW0191,0.2968282531691611
YYZ2592,0.550363535882028
AMV8743,0.3219258779689663
VGR4206,0.21775617661741153
QQB1582,0.6689369478325451
AIS6545,0.50710071443391
ENG3349,0.4004264792450322
GLG3671,0.5669561334740678
ESG7838,0.40829958561620744
VJE5970,0.6162271322300422
TJV4032,0.5714707499669329
NPZ0320,0.49470719631311916
GLH8560,0.6781128645970559
FCK6397,0.4735994455685171
ZND7829,0.6366043939459116
WGY6041,0.6627899980249784
FDI2501,0.4498053215020426
BMN3470,0.38408240767492086
HBW4130,0.4465809080522107
PWK7987,0.4528320447330556
WHO1663,0.32255675744677237
NWK2342,0.7479738343587952
UJS7468,0.5227019716641064
BEX0285,0.5748161686865172
UWS5984,0.5507820570898553
WTF7343,0.7352966372684452
RRZ0390,0.4956337846360112
GDN8780,0.3942276731403171
MNU7249,0.4186758448061474
GDI9499,0.19673259007510924
IIU5693,0.6546296291673487
OIP2054,0.4257755375542368
LFJ8326,0.3954806792759135
CZN4189,0.5504323479660039
UXP6651,0.5688570887496472
RGY6659,0.3612227546057253
PDN4232,0.7650775182256427
VND3934,0.19623664776684172
THN8314,0.5060493585682448
NLD9324,0.4630384593542262
UXS8258,0.3793198576127608
KBY6262,0.4934367180849447
CEB8766,0.6298083152918176
EVF6778,0.5876775502040601
QSN4123,0.14137587303347643
NRU6209,0.6379148306397532
ZFI2630,0.4199998035358222
PBE7043,0.5910095535650546
WKK0810,0.30177215944898483
JGW0377,0.6509824321128056
JPE7891,0.2526062112296943
OGK4654,0.7333406996566612
EUP8882,0.4835776662017142
ZZP9215,0.5159748371015452
UJK4511,0.5216754547474
RIO7274,0.49210022274382825
CVK7281,0.4165429478832343
YFN6083,0.42144940213963666
ZWB0653,0.5788431841461461
XJF4320,0.17032131125127142
DRZ0501,0.3128382933063615
UUS9592,0.3393902702773416
GYT3367,0.5501321617072246
YOW0478,0.3628104986474732
ETM8048,0.3486574089581982
VHI3955,0.2926409329465266
JWY3546,0.1743619585988169
YGE8169,0.12111073455538589
RBG9621,0.4283150640405035
KFH8046,0.5014073694539593
NKO9494,0.326777986104235
PXL7755,0.4055152706698609
ZEO6020,0.48451017270934044
RNI7236,0.6240345411172927
NVM5624,0.3574909151039998
LYF0002,0.6623982329013614
DPI0552,0.2504125166466395
VFL2098,0.2999965716883228
HPU5706,0.7131498865181075
IOG1292,0.48898916506934753
VCG0006,0.17394406955158187
VDT8680,0.765042367818309
PHN9134,0.4668456234413285
QLY8408,0.5271587120445289
GQF3229,0.5702462078517341
QRU5190,0.35837712827192336
JDY8653,0.3042147045509251
LXP2696,0.16587013188271052
DAU1948,0.30525467316833144
ZKB6852,0.5885155356433412
JOC8182,0.3439252293658594
WPU7243,0.5637661530235387
DHM8155,0.4640229360200192
BKV4337,0.6988777874381144
DJZ1621,0.4337176317364485
RHE8232,0.20469514199331185
RZA3300,0.4926209298926381
RWJ2599,0.7346840248774954
NXU0486,0.31793040282682195
MTJ8168,0.4943868841552265
RUK3184,0.3248421311969747
THX8305,0.35131699697101454
FUE9305,0.5146891828445844
CLR6222,0.5589165363039168
GEH2238,0.4519335866863345
VMC7749,0.49844275821187894
UVC7051,0.5766577953542982
IQM6307,0.22333713915127346
NQZ4921,0.38330709526250634
KAD0889,0.5089442390922132
FQS6563,0.06988783056400642
TJU1657,0.37832938977701974
XRQ2866,0.6212514264544327
YSB7616,0.3003791906394962
CMF8636,0.33092235232903694
AYU6254,0.5202824891026065
VND3349,0.5431702729701023
ALF0873,0.41111672078042943
WEX6547,0.22628351259571142
KZH4174,0.419501494229926
HHL1028,0.5015141119878714
FAU4783,0.37631696722839325
RIP7417,0.8674435605230304
CQB2052,0.7350594469905873
QHR3186,0.7085383530524042
CGJ4146,0.40887381885950885
PQE8422,0.3120144685683927
KRB7101,0.5208308958122949
HPZ4991,0.21883925552696798
RBP6977,0.4576917464910803
XGJ5317,0.25216490779077044
IAN3692,0.5016807651729543
NUM4282,0.5102703095325529
YDE7220,0.44498504904512043
GTX0308,0.11454924217737528
RHG0618,0.3144589037651719
QTK3234,0.6128064997420799
XFV6894,0.3278704161989579
CSB8399,0.563130213041737
NOR4701,0.6052482315316896
NLJ3968,0.5174811954619107
ANW2628,0.3582945707244079
DAI3533,0.7929421713427532
YBI9285,0.4206640681087575
CSM7170,0.21899026027086863
ZQW4008,0.3237221011342509
HIK4516,0.3715821495559194
EXB5481,0.29000295063230513
POP9861,0.6340799086013845
ZCD8647,0.4421096743541028
MMW3189,0.1500681855693671
FZX1386,0.21849845246586821
XJW6981,0.6626126303484314
IDH4923,0.595315526876657
TMQ7955,0.4002097197565185
NNO2893,0.32177279417008986
OCP7865,0.3397052311958678
FSV5399,0.5925522535075793
IPV8950,0.3604971636611337
OVV9534,0.4172286246022095
HJV5406,0.14311794703809463
NRX3458,0.5292202679479866
KKR6119,0.3556949172474185
VBK0052,0.27264843052416826
ZPW0742,0.7357328040657447
IXO4783,0.3111999536465351
OLE9164,0.8041331174206967
FDO9514,0.24843879277410602
WCY9603,0.31705674503587394
OLP9314,0.37759547538215776
XKS6868,0.10880335739096396
AUA0544,0.17163437021881223
TKO6061,0.3470715805218722
ZQI6616,0.24781185288717875
YFX8262,0.44614376442749853
SCQ8450,0.281600669421335
ILX6428,0.38494891825163935
VYM8610,0.6435837272643581
WJQ5273,0.18918915306650788
HSP3866,0.29935405726631825
COM4021,0.59311596451687
KTI4978,0.24472643778676728
UNS9134,0.3183990173141998
GZN1159,0.6530440992879236
FEL9461,0.4526437954581649
IOW9233,0.49839604535192683
WHA4761,0.7145032754279289
ZLG8983,0.3603167195602801
QVL5196,0.7291869609958203
XNL8446,0.3664907488505026
FIX0268,0.632971827535592
MXI1482,0.12706031590891156
SMT7267,0.24409367276957097
SAU4456,0.43182500685490005
LMZ6995,0.31401720278986384
EGW7117,0.17352660746742915
OOU1184,0.6829419622309988
PYN2702,0.37211537836682856
ZGF0892,0.35154808871929566
ZOE9846,0.5036089200534745
DWO7481,0.5894002761554715
LPO4681,0.32471580825554275
EPZ9944,0.27306214639726306
VDK9305,0.5834674118335693
FWQ3053,0.6446689109849975
YVX1629,0.4727471072931834
IZU3946,0.3458371439463047
UTO2381,0.794148831593351
OFL6647,0.30971141298555976
RNB2889,0.6260113666331107
OVM6008,0.43975844898557626
ONB6887,0.39858390553796613
FBZ2743,0.25972215246306035
FLW7842,0.6042509364966386
TGR6277,0.6301799445296938
JRW7214,0.5464543441914629
XRX2449,0.09206735137189376
KZW1071,0.4598911106168156
XLB1971,0.5168320974705515
GQG1121,0.3672147820854086
JPH2255,0.64048779292558
RUA0004,0.360525793012663
YWA6586,0.3315110441618659
GQB7841,0.2658832226317861
STM7106,0.6210975101859301
AZB5440,0.4065297161084701
XHV9925,0.6001626508535515
QDH6299,0.35383966276741896
WDP7476,0.45209922025678
NMT6166,0.3804874747313333
VGG1549,0.4065463948551999
RXS1106,0.2796355184195081
XLY3335,0.3556944289975524
GGQ1618,0.5669201250081788
IUQ7048,0.26301953898258534
UYK0965,0.7351832786392739
WMR4750,0.29227362721580014
OQS3013,0.6751794411758214
LLN9525,0.35807805170085344
WFH8896,0.4911494357217966
VOI1089,0.2702856921089347
ALK1216,0.3577144777231481
VYW8970,0.3213989402415642
HRG6795,0.3949703015382726
WAA4157,0.4552021696886361
BMB1791,0.4399530128243128
KQB1175,0.42381646971485243
TIV9623,0.3227528536830745
KYI2691,0.6053736859771981
JWC4499,0.5888621904818415
ODO8213,0.5369548192670232
BYA8224,0.5387720055335578
JBA5116,0.7279100858996479
IHD4177,0.548677044067517
TVR2929,0.5678005095856905
USI4915,0.2618754254160879
XFA6190,0.42250581443886603
BLS9176,0.7563277702577534
MOR8223,0.6667529663523935
SPY1026,0.775837460901534
VEW0881,0.3758742390343521
EMW8362,0.1513929545020243
OEJ6592,0.6399577291259846
CXM9033,0.37757032013191427
COZ8513,0.3921252793064014
VAZ4436,0.4468285814485627
RJP2369,0.35960407857374393
XKK0547,0.33048562584520813
CFU5890,0.4824867605537958
KMA1753,0.5312983272856704
AUG1693,0.21356257796943814
UCV9795,0.1684602181092055
RJS4002,0.34906781596142555
NEZ2618,0.2816960094101642
HAB9276,0.4845206436512139
ACJ7471,0.4439517560371774
JOF0586,0.5329530271501356
IDU0788,0.160795996106377
ABN2881,0.402802128147056
DGE2915,0.24361793540897153
YWU0331,0.5552069458722779
BBW3982,0.5991755158309133
KYI3863,0.5554086627523134
QKM0486,0.37594017456765755
PEW4437,0.19515450356491953
UYE5984,0.4326837034725347
TCF7202,0.39275718558551953
NEW7492,0.5246118848163297
CCD4905,0.5857965512736494
AHF7381,0.5513717689174608
BXP2360,0.4762329268929532
VVS8339,0.44087336873303473
HRI1575,0.7032384175120039
EDY7938,0.6688738195679809
JPA9779,0.6463066783247148
VHM8071,0.2763110451492471
LVJ5056,0.698068189058238
SPX8793,0.19036093458955167
UUH9741,0.5942627533386776
IXG2935,0.4086252673645889
GZB7607,0.46817775260023997
EEY2062,0.27506733041194376
ULW0305,0.35781556820354127
NSY1800,0.5203293465406467
KJU0911,0.522051128456463
NXR5741,0.5684001760013621
NVN2979,0.3236808718345701
DNW3213,0.31157092571246287
PPD5223,0.5491881522449937
GOY4787,0.24866139181367075
IFE6896,0.2850638411528561
NNS7901,0.2660921862278501
BYC8082,0.319376499646226
WWP2211,0.5266910764931964
FCD5461,0.3420019416053739
JOV0932,0.5580051382198251
UXG2063,0.6534649253051603
AUC0946,0.5237449316531918
ZQW0645,0.29613942093996154
AJX1894,0.3711032225775704
TRF1830,0.22515039673843948
LXF8692,0.6248995809106032
DRW6350,0.2714704242980915
TWC5720,0.45957502624947094
OUB8072,0.34689169919773183
OSL9110,0.4370679358289
AHA5047,0.531541006849025
ESM5253,0.14958831960317812
RKL5421,0.5956036702203781
IVK9421,0.7499629143363882
GST4391,0.14706156161307055
RGI8636,0.2810227838033094
IOE1286,0.709799693638702
AGH1193,0.16653590382047173
HBF9445,0.6007630171868916
NSO0462,0.7659553258615805
INQ4034,0.3946071818662504
FOL4515,0.25084565864782615
WKR6036,0.2104036478290887
QKT5763,0.3206491392302731
LFZ7306,0.7221880989702927
RZB9651,0.28892738994659867
YHL0162,0.43639851155171744
UNE5104,0.6269255041333358
DEC3967,0.6366332269767967
JAE7915,0.40954077030764136
CEM5682,0.7637586248594561
WXG2815,0.19154168217606407
YQN3117,0.616698196275207
ZLK9610,0.5909150541325014
ABH3755,0.26613607017941737
BUB8347,0.5689943060232753
XGX1909,0.35642718143498303
FHU9085,0.4638841841936935
MZE9843,0.3486118057587146
QNW8864,0.3653993470141862
EAV0422,0.3197088832288822
PQD3932,0.582428705072817
ZKD9795,0.3369061954816203
INJ6803,0.290935198075377
RIW5780,0.36557217616919224
PNB5177,0.31845624112362175
SGU6485,0.1595302699320375
JNJ0531,0.42364048987824116
PHN7709,0.6432908600892536
HWB4033,0.24274787830367006
FGK3267,0.371229873324528
RWV2020,0.37972145358033055
ENU6205,0.4924928797223672
CBX9036,0.48271679479614127
YAZ2550,0.6201113554058115
CBG7468,0.45372555587756924
ZFZ1089,0.37153154469454674
VXJ6073,0.19588773695710365
CXS5682,0.19743933563597374
XXG7687,0.684714435161016
NPB7952,0.49676020781320007
LPU0502,0.4489308007642907
NOG9482,0.4321424458594386
DMA0770,0.5270376835229681
WFA8111,0.4644355618696164
MRD7341,0.5358905705287768
RAC0923,0.1963782059653625
CGI4064,0.20320881161987506
BHF5913,0.5708736997908164
TQT9316,0.7341300599984856
XTE7211,0.3326057255676627
OSL5694,0.46096416251094074
HLU2560,0.5760977605062148
NJT6734,0.4596241187837656
PDQ6018,0.5710578478835486
VQX0152,0.5507510938427338
RDZ2697,0.6137665434328042
WJH5077,0.45424543084057434
HHI5726,0.5760878093507135
BOS7836,0.13598458725076432
APX2161,0.26103215356170983
GWM1482,0.3064632768407726
LCA9291,0.6607497102198863
ZHQ3679,0.23776742818053512
PLD2249,0.21783584890533053
IEA9841,0.33785735642438525
GEI0319,0.7040393294918015
JQE4987,0.15674743313066966
SZL5463,0.14495868031119585
MCI0240,0.27545421352699795
FVT7225,0.29700593379500834
UJV3631,0.2035164037319228
QYO1346,0.6063164803030813
VIV4576,0.8199567029805757
CUB7496,0.3966884729397738
KZQ6126,0.2965169298127828
VFK8134,0.33291509747618153
YCN7326,0.45096379306786183
HLB3847,0.3519505824839673
TDW6663,0.46896553320224516
KBK7769,0.7484361520327153
IJP7584,0.4034572084405471
VVI7960,0.44408632843290763
FWL5818,0.847120003437572
XAK6948,0.7068883318232028
SQG1144,0.4521026010100878
VVA0065,0.46118349592475966
ZOZ0391,0.552954573579636
MPH6874,0.3977817998265099
ZEY1074,0.08280277835700253
UMA9410,0.3483027956529318
VQC0943,0.3606966450963338
DZL6452,0.4089030761564682
BOM1302,0.444650037639328
VVJ8185,0.2796030183271101
KNV7050,0.30242450277043803
YWN7078,0.3725500989869516
YTO5069,0.4314010744740587
HUT5107,0.6248604329768478
HBI9011,0.17865580890879618
EJP1062,0.5605492397520706
BLE1407,0.6739559241389557
DOW7737,0.646745939498485
GWJ0731,0.26256147858958295
DVK0525,0.6769084577515797
ABT0755,0.18379523396204447
KDQ3420,0.6234085501014458
GRV3964,0.3856122346349568
TAZ7275,0.4255572369126998
FYQ9788,0.4072022561032093
OYV9502,0.22591519278945268
RZR0683,0.3762515775807321
KIS1920,0.354002983029569
AIZ4304,0.6587982298531984
MNC6867,0.4227240703779727
JHT2975,0.5735740275890242
AWN2202,0.4883672998325031
UXA7661,0.4245114938242914
YHG0100,0.2673527952787831
BGQ6413,0.31909451005809747
OSV9923,0.2137640756526899
WGA1952,0.4223876916702848
ICN2500,0.4895703207461827
GZT7277,0.5307609307460501
PBP4048,0.6877396173292766
XMQ9215,0.5228574661371421
NEK4446,0.17085444420644746
DPN4713,0.4844358329540632
JBG9700,0.4768413036404962
VLK0975,0.1448742829029272
KSE1752,0.7878481009777387
UAL0333,0.7714735451256982
HNJ0861,0.7967350319694667
YNE3686,0.8324300200445748
FKI0101,0.6453335413427783
WUP8684,0.4479989705819092
ZPX2126,0.46354320546689015
CTP4152,0.2772712189561701
QLX4092,0.5165829126690309
AOK5541,0.6254703614630324
AAW0413,0.25624970978820283
NGW7719,0.554341953502539
FIH1903,0.7248555241731031
TAU8457,0.30719151240065473
COG3558,0.7083243959683505
OBP5338,0.33731701072574005
RHK6186,0.5912693033138443
IMJ7164,0.5637314569668518
YLB6270,0.4861866615872976
QFA8280,0.22261271206027405
OUS9118,0.7309706863775832
HYO2274,0.30968326995129225
CSE9609,0.569020211142344
UOE3068,0.6606461836805283
JCC9986,0.42558593601266254
KOB3118,0.3106803286353676
SVC9307,0.6523912097554054
EAM6064,0.20866134430967698
UVN5572,0.5165076008197108
ZHN4479,0.5103237551141566
ING8369,0.4823160563097938
KDF4616,0.4054053660293936
DEJ9407,0.3183927741763722
CXT4128,0.10818152056715748
TCT6480,0.17325553469288402
UNZ3586,0.6601681575840675
CEL0672,0.6643305029805717
WMW9321,0.18802762613056045
MIU4874,0.7536894058815256
GHY7900,0.18476169711227164
QXY3232,0.42264701702712454
JQT4476,0.4847958152236706
NDK8564,0.3404688307278944
YMO6206,0.2355666729738377
XMJ5924,0.6952665375693983
XVR8871,0.09905339138573323
XEH9534,0.5615167589856496
CYV3256,0.3991887008158105
TJH9274,0.20573401689133652
VTT0304,0.7109956232266212
RMW3853,0.5039513487266054
JDY9215,0.3798779018727077
PZY1904,0.6691613587674637
XHT3697,0.7625289383331167
YBC8532,0.3478740111917606
FBJ2223,0.6147148419126437
EON2993,0.6485425362069429
URV6265,0.6432524426028419
XBY8963,0.24949258018750167
VQS0169,0.21347496417749476
ELA8839,0.4258453498776163
GWS0703,0.4631651993086552
TOX8176,0.4193663632035918
ONB3244,0.4648592673465904
PXX6146,0.244203859049133
YUX0481,0.3251365872050222
EFI0965,0.288118549988735
DRD0479,0.19513333169542407
DWY6364,0.31959075357266997
ONI0884,0.30701123704326966
MCN8344,0.5058014045290676
YKS4319,0.42043212177685724
XZO0245,0.4987923468804264
GEI0522,0.7577280713367751
IKZ9484,0.4289325104565561
DBN4342,0.5573615134072446
NJP9989,0.6119045392783993
UTX9521,0.6316315099421228
AUK8540,0.6067025238748178
PUI1246,0.09469115170894557
PDM0256,0.5075696075469918
YZK7499,0.4232037373295881
GNW4349,0.2614308079116601
CVF1019,0.41738751882066
ELP7845,0.37526866474929144
YCN2884,0.4112699223741434
BWS7092,0.4967726085950445
KZK3699,0.3145298070691149
XYO7986,0.44467207188908675
IRY7916,0.16116034662721349
LQA1132,0.3202476198322284
FTW5458,0.5784199877415112
MIB5596,0.2863331636061324
GMH8226,0.5451116568337738
EOQ6675,0.06304123867043518
QSE8298,0.36773231863196665
VLZ1739,0.5660380374515414
OMO6127,0.09249089908712732
ATF1687,0.5389862572181677
LBV6765,0.45664559081929046
CGB8675,0.7131945630862362
ZFX4279,0.5142172160379747
ELF2926,0.4514631844961456
DNN9040,0.3599828291010416
NMT3661,0.2708885225072894
UEO6191,0.5729256520147964
IVQ2334,0.34286794677825755
KNW2940,0.40107741903776817
QNB3273,0.4935152435926615
FNH7242,0.1852837398919694
VVS3655,0.3531175756035931
XZA6769,0.5124014811444415
UOM6424,0.5992084409785927
FBO3201,0.45212522150800555
SLY2701,0.3172457418543297
KXS2731,0.4577432699358106
XBW9703,0.13489176631371247
OSW9461,0.48001455698490225
LYU5526,0.6040461817987535
NJU2479,0.413140870594254
KYM8332,0.6004820981042236
MAB7407,0.3149523084294433
YPZ2854,0.7826386051192211
JBF7199,0.6221682937446062
JZD8433,0.3464735790720394
MFP6362,0.6067441248860069
JKW4520,0.7115396927695881
QGD7776,0.6040036509354239
CHA6808,0.5569855358917287
UBS9220,0.5217469953253072
WMY0640,0.5182747333909191
CRC2190,0.3269614980467043
AVW9491,0.31504007754264385
NGN1485,0.6950822405780301
QQN9296,0.6873781064436477
NGR5046,0.40125280556015325
LAN8432,0.43555166334238904
TAQ4819,0.3106482148906799
CPI9822,0.391180769321897
AER6514,0.10684872832544709
SEH8603,0.867157656397685
ILT4241,0.4299843759951825
HKE8304,0.7097008068076742
TRW3403,0.411277200752325
RZY1654,0.43748246129959883
NWK2633,0.32142058260461587
CFS3204,0.43392342964293906
NSH7795,0.6062232267294247
UDJ8583,0.474287133048481
JMO1835,0.6424386269178075
REJ3686,0.22108927186108443
GDF5664,0.66682850994432
NVV4484,0.5868718322923843
DDP7484,0.17334927723580124
XSF7421,0.1798913381431602
NLT2046,0.6123862818425266
SIQ0790,0.40181411172990206
FZD1147,0.12519249001689564
SAA8955,0.4824913035844293
VCE3631,0.5956937104276716
ECP4298,0.523723742638196
XIU0799,0.7117538251845417
RBL6086,0.7814059452749413
YBP3161,0.4870322651724881
KMY5612,0.4675101217171569
ZBM7911,0.27168288518151584
OCE7294,0.5576159229268739
TZE4540,0.45781186564136955
OYY6449,0.49796488765793645
IJK1308,0.5832656450108834
KPT6842,0.41606375349079183
UKW0215,0.408908701624323
LRN0774,0.5799465940912603
VCE2379,0.23677990063368584
FMI2837,0.2637742834964427
XLW5979,0.5116767450770646
GOV8873,0.5020775550219072
DNF0823,0.7035397543258384
HPH5240,0.5722914956692676
AMU4525,0.4287180065505755
RAZ4524,0.6842896632839496
CJX7660,0.4892831030674508
KRD7992,0.5609489828296994
CPT9754,0.24953598529951646
MQZ8423,0.7079331594354447
XZS3817,0.5711464391163901
VCT1670,0.29188633754076665
MPQ8940,0.44418277383794164
QTT2590,0.20862729955164194
RDH4737,0.5425195934364392
TGY9004,0.2262294166189802
QQO7458,0.7824775751677754
LOI8195,0.5018154777793742
XNK4649,0.6124362426746575
ISE5644,0.1306498231794865
QQK7127,0.5612084928955564
TJP4799,0.4289639486725407
OXJ4842,0.07984221057867605
RNA7496,0.5633899955170953
OGL8285,0.4546809682517311
SWE3610,0.3129711795821118
UJB6693,0.5950817680310684
DGQ0428,0.465099689940742
UAF2108,0.7637275953508187
XSY0056,0.2847812507640266
HLU0539,0.12752192564422496
ODQ9274,0.2546610138076851
KFX6128,0.2708636963214698
YEG5478,0.44418651377985596
HRD5727,0.20755398725235996
ZGE3625,0.29492646790598204
UMD6920,0.40044420039499407
MUJ4332,0.4047186553894273
KIF1692,0.6616187587548447
DFL1502,0.6161072246299836
CHL2034,0.7154124412789812
WLT7867,0.5038808243909939
PXZ3818,0.40514876913492337
FYM9226,0.680819005829054
DAC6061,0.5260067027677242
RHB1657,0.5255199658891986
NXO2283,0.5458398901917693
RLR7250,0.7190465771063992
YWK2082,0.5812234268298754
BYK5591,0.3001690932631582
ACB7270,0.651089574781539
EAM2579,0.4294608311896933
HHR7325,0.6152824875755358
VHG9675,0.43007452021133225
RRO6606,0.37927094807813216
ERV7117,0.32378234746399975
MBE3268,0.5622637695647703
VWD2016,0.4429968046145476
UDG0132,0.6559947635347642
ASO9327,0.4053133476205208
YFX3025,0.4297741586202881
YHO3350,0.6377186076115107
RDJ0057,0.7086559530565132
OVI5461,0.6508391579129432
IIE9717,0.29891252358724835
MQU9813,0.19811433842890866
QBK6167,0.4409984578139207
MQD9120,0.36114643564182347
MPN1782,0.20704450304818747
IAZ0582,0.6413027165686398
WER3297,0.5638532079852574
DKU9622,0.3015094260733545
XZU1389,0.48352160965111946
JIV3958,0.46457167346118927
OUU8805,0.29363736916291466
HEA7369,0.20222837975810407
XVP2264,0.23637299555690483
DFR6067,0.36648593707571625
FBL4503,0.4235305296979022
LNE6682,0.5315696441412765
ZNT6954,0.14798050154203143
FNV1771,0.6873393687022264
ADK2106,0.28932155072059124
AEZ9340,0.41233644120321933
VFQ4319,0.257423268435875
XSZ4118,0.5975754924170184
EGA6616,0.6655302798754665
MIZ1027,0.44243497432850604
SRS6744,0.505259692011848
JQM1187,0.2910326783956754
ZHL3139,0.8052578767212
NEW6706,0.17041744439888998
MQP7394,0.3624820164923918
RUD5319,0.6603319812261403
GJO6846,0.589582650364062
NWG7741,0.33988192562974107
QRJ9739,0.5586699692389446
UKG2642,0.5158285077309545
UZE6034,0.47048633588139394
JVA3845,0.7148934120640577
SQF8086,0.35054092367802353
ANJ5892,0.28437200105502036
UXX1393,0.2540952379628122
QWT8893,0.23834999033206788
IPI3012,0.24628336862174047
BFJ0934,0.3413575054318102
EGP1636,0.204621988163713
JOB6556,0.8043763221920498
QRG4068,0.7255185275855854
MKK2644,0.8066719346664443
NOT8646,0.3907327972620201
BNU2999,0.46060508363321123
JNR6923,0.7729588897158286
WYV8264,0.7160976851215359
MYX1892,0.715898524313994
MEB3676,0.5580205300366237
XQZ3311,0.3829990046632041
JJX6807,0.23379023318961342
WXK6036,0.07144080953025149
NGT4741,0.3398882019446721
LXO3834,0.750681432424958
HTC2895,0.6860729602815214
SAX0105,0.23009015670452906
DTR6300,0.4530247774841644
DPE0579,0.12377625061471015
WNX2417,0.27138484974136945
XZM4055,0.1051888812705946
LHX7184,0.6175461849592898
KSO6598,0.5380625455463204
OLE4506,0.4748610254402762
NWZ7800,0.7927793440846049
LIU4069,0.3680262240445605
JKO7105,0.5957925824369265
HHU9275,0.7311404724894948
TNV6516,0.3453196182992372
LYT6293,0.4089578494053572
LKU6285,0.5602624988739622
YHL4141,0.1625458318722999
KEH4496,0.4029659758170367
DAG2617,0.08640646792389829
LWL1497,0.5166786687847663
OQC7661,0.4826477685303697
JJQ5903,0.45344567286683035
QNA7565,0.5845564019548511
GHC8140,0.4417171574152879
SWJ3811,0.34100603361386017
BJI4095,0.6053130573871216
AEA8629,0.249791821046954
OAX5074,0.5092490429978946
MHX3492,0.22540716713972325
WSM4668,0.31081385518934124
ZVE8493,0.22314657798146997
HNI2057,0.5273675207129478
KYB7279,0.29380006823153737
TNR6519,0.42986472282603666
ZAF6488,0.6829620760094572
GFR6971,0.36505303979337655
VEY1968,0.25394897319510923
CQF6416,0.19567349136508957
TUG3248,0.3966140458030821
LEC4955,0.7087588645978546
OQR5476,0.3515524920981921
UHA2449,0.45412600557519545
GRP2675,0.22442489195969179
ELA3131,0.25264642275792903
UZT2014,0.28291695769931646
NOR0351,0.7276469753381626
SQV1536,0.6994922660858277
MWO2395,0.4307377927513441
JKI8422,0.19712006189737302
CSM3282,0.7608823811908099
MKA1884,0.2345565216017374
OAT4775,0.6795333631928859
WAE6729,0.19344613164448182
PUU7424,0.2158419248203578
BVD6400,0.6582773011811404
FNA8904,0.3341606856998029
VJE0900,0.40915403186920807
TOH5347,0.4368964840051791
FVT9140,0.35709655865143475
GRH5559,0.26040266129986495
UBD8889,0.8253418164257458
GFM8976,0.21949205016654993
SNB8067,0.3462054199626324
JAN6657,0.6543870753429452
ZGO5482,0.5362215916736134
WAI7897,0.21420717202433914
TQQ8810,0.4698092359902218
PPR0538,0.5858191157722915
IQD3049,0.4375226388010841
EVW3261,0.36611606386886925
QTP0829,0.27567309592502054
ZAR1668,0.7324187587519105
YNM5067,0.2572834317747971
ITH8224,0.2119184056333896
REM1332,0.23974268336286397
SPS6604,0.3035505839436062
AAE3132,0.5510885685091562
HOU6184,0.391437091733962
CZP4309,0.26528355440234874
LEL3646,0.4502488134863365
KLS2376,0.5351148710885193
SCX6724,0.42248090729886917
JDX2248,0.4174102177047316
CSQ5122,0.23391133741521447
NCV4201,0.7012777735160346
RFX4239,0.748695286646352
MHR9246,0.7816656038132239
GBZ6626,0.5103895757973195
RPD5488,0.2787629059023476
HYI3434,0.5918842037785991
MRS2505,0.640101110769608
AMB4315,0.5655314935882614
PMG9403,0.44197108379552585
PJB5201,0.42470037022064283
WNR1849,0.24626123054947005
WIH5320,0.595625596094121
ZNM8480,0.6204286905653981
XXT0474,0.8479127954165456
QIG9493,0.17739176835104115
AFN6386,0.1776350988397679
PRR9621,0.600065852321635
XCB9683,0.33878417166256697
DZT6788,0.49950124624889136
WWG8089,0.22721921831171968
UKQ0153,0.510698904144757
BCZ3036,0.5595516692845572
NVZ9450,0.5435384430079325
CCZ0625,0.41235414484477473
ZLP2972,0.14494274561084025
ZJB5926,0.5790779800814625
CMG8982,0.5073499013931294
WTU0545,0.29347377392641755
FKL8364,0.7221750194998465
PLX5842,0.22242729193489796
JUN3444,0.3468293857803969
SKE9305,0.4392025570043317
ITL4779,0.5270071196178611
JJO0795,0.2988703294594206
NXU9005,0.25091173637736747
QGC9923,0.7931025918834766
MRQ3624,0.309462002940886
DGH6557,0.5010423247688464
HDE8710,0.3016852486068507
AMV2337,0.3606010717572385
UNQ8256,0.5816778035171852
LOH5505,0.6067484350976097
IQY9989,0.312467529285811
PLQ0927,0.7148892765780661
ZVH1070,0.4494319257338773
QWM7774,0.7761439056417637
LCA6145,0.4192146927759922
CXS9262,0.5119545647274141
FBG7333,0.5310691701599607
OEE9697,0.2861663587180369
VXD2888,0.5716909435343315
JWU4615,0.27581941722580783
PIM7408,0.4711739149600548
KOH1629,0.41267757060462645
FNX6879,0.17881888636843538
JEQ9499,0.6698587115823246
UYE7582,0.6391714875839435
MFM9712,0.5652686114885412
CIW9280,0.6831826562286701
BIH6763,0.40938350270619644
IVR4724,0.34306304233868207
JMG2675,0.2802955292550679
PAL7750,0.18791071839854223
EGQ5337,0.2495152245992258
HNM5599,0.5463292928586158
WWK2226,0.2878535506304201
XMD5380,0.16076281720374622
CMT4787,0.28247838545418913
OTN1938,0.49390601907101045
VIT1701,0.23938094581306013
WMK4466,0.3126031348024535
JJY8197,0.5825987982809004
XCA6285,0.4137343446318376
LSX1698,0.6868032625939157
LIY7658,0.7199846769614213
AWN0993,0.4642992686527601
GJQ8756,0.49470307070454295
UQA9509,0.50998618484244
YMN9110,0.42064990443340816
TPV6824,0.31235419049535756
BHD6476,0.7566375093659695
JSQ7862,0.5671279283953916
IBD7350,0.4903410379246386
WVG9491,0.43472099242088635
ERM6024,0.3060580244157812
EVY4906,0.6715211016118088
HZA1744,0.38697887192825825
JCT4386,0.4272699896453434
GPO6473,0.27521041984868844
MFJ1189,0.38058101439740194
UYB8567,0.5266617519376051
TOE0201,0.32044199192364614
PZV6692,0.34098765405336334
UUY0456,0.5110795151911481
XDE4403,0.40475212981214254
RAY0990,0.7236532064431704
YXS9979,0.2999055939575333
BFQ1956,0.26919466805256503
BNT0970,0.5864151550677025
ILM6904,0.31790935799131964
TTD5928,0.32767294168704425
LRK6522,0.2964414873897136
NWI7548,0.483949765288985
SBO1935,0.34204265490404867
ANF1816,0.4157720802067639
KOO2576,0.3490378142828021
XJK2683,0.3468268326192928
KXO3550,0.23135724603525068
PXC5758,0.6381642379280118
NQY7197,0.6164265993254208
EWQ8929,0.7340178335576415
ULV2580,0.6698390264081466
TCG3740,0.4043763554172785
HLQ7927,0.23979503321467985
RBI8043,0.3815258240162252
XUB9735,0.3787982612181735
YPZ4317,0.3620313904422277
QXZ4385,0.5321256612148981
JBY3887,0.686123373454845
PMQ9284,0.4590891048588879
WPD6992,0.3268815438992639
OHO9405,0.6787078045843101
JXZ7487,0.3423073596129884
YBC1242,0.3738513774422869
GNC0544,0.36895313845884636
DWG6506,0.2633564937389263
GHE4135,0.2539232781611874
YTY8763,0.5131709913948915
KBN2378,0.5476286740095423
AXT5962,0.8265004796880392
BOG9757,0.3233760147591748
JWU4504,0.3296161977889151
WFW3920,0.765405955437867
NUT5984,0.30750788531241247
SRM0734,0.24101986965493505
SXM1210,0.7269522343362589
MNP1285,0.27316877798368844
OLN6828,0.7200144661445057
PND8015,0.7096179691067964
OGX2067,0.5059173759876195
NGW4148,0.3193626959779139
XNQ9739,0.5232509290808236
PVC0396,0.08999144100996807
YQU4379,0.1831708717057397
QCZ9183,0.1756877329662002
HEK1976,0.5824502163478569
IGG2798,0.43685391203752655
LVB5412,0.4325891018358658
GJT0245,0.36816825843246365
UKH9382,0.43908989118113995
MSI8579,0.5924982410975813
ZLG0202,0.47889525291027846
JLT3081,0.22534987861744532
QUS9552,0.23412817197483157
YTA1880,0.4761436903852482
CDK2415,0.3172431181921824
GDK7008,0.41627433755268245
XHB5695,0.5125793362055676
CEL0699,0.41699295193048924
EIU7027,0.2802620560049777
HTM0146,0.43432012159806627
FZO5757,0.40787651592066304
TDL1068,0.49236348588211837
NIW2607,0.44678943942237287
HEO0125,0.18636038935941077
MEX7417,0.4301467824310829
OEN4472,0.47060353492675705
BRT3771,0.11624124923184428
GUG8607,0.7003248895800653
ZOA7096,0.497759690609478
SDH8992,0.6374572445025711
JMD0120,0.42221355960228224
BMO6026,0.3220125846924852
ENV4544,0.6627851735267264
JQH9915,0.13591276268181943
GMK2427,0.5669325371661891
FPA0677,0.4350592224863283
ZVL0171,0.7040514726144547
SYC0712,0.7839875395951277
MHD9822,0.44088331993020863
HPD7237,0.7938970648697429
FEL2808,0.5571712872731628
MMC8838,0.3459053849445756
NHK5621,0.41989754688897835
LDO7056,0.6014541553699047
RJU2365,0.48430642071885155
WUT2469,0.204619154929369
YMA0571,0.16503117553026161
STT6043,0.5525028684454731
YGZ8268,0.38151453643406064
TZR7334,0.6868102339627893
KVM0019,0.5216735018339163
KCI1006,0.5450779123775512
RJR2607,0.1834566854128115
DNK7474,0.4663871607290584
PMY6529,0.35098833857659706
JAT6175,0.5600666455987982
GRH8210,0.6786568300442845
KFU3441,0.6851452604155728
KVB7435,0.3602399208997097
IYP0080,0.5672508409661555
VBV5453,0.34021753221700923
DUA8888,0.5211756157094029
SKS3637,0.27268532652127214
JJK7748,0.4690329351153387
IWD6431,0.3652271861834995
BZE5384,0.3068367919374661
KFY4089,0.2665257733487363
JBZ4242,0.2875315437131452
JMI3553,0.4880774919599964
VJM1864,0.1283301214409757
SVH8709,0.6100827333533827
SOY3070,0.3843989221535541
TUE3956,0.6860591112710505
XIX5596,0.24533549673983546
CZS7133,0.49257614908949543
FIX2641,0.2552689009283729
UXD1841,0.46093602551298857
XIX9094,0.5272838400512273
ZVV5799,0.6400250897982006
VBT2621,0.184382023545908
SGP4291,0.29344879293469817
VWE1468,0.47991456432251745
QUX9721,0.27952934951189673
OYI6805,0.5748372002000851
PHQ4045,0.40664112507207006
IRE1258,0.5970085951122529
TQY2059,0.38314847266930874
CIN7912,0.605542538007165
BFT1621,0.2814606248247099
XTV8065,0.635383167149378
JBN7458,0.15359315601844936
ECA7340,0.6412233703983771
FJV6411,0.3674521285266745
LBI3544,0.2940038258845411
IHF4906,0.6866236143273846
BCF2737,0.6814228187638592
VOX5055,0.15264943314510948
OHX8131,0.6347594127670949
OOJ2242,0.3904371084779653
OYF8344,0.37609279376714305
BDP4806,0.2684231555671443
XHM8420,0.5464258076933507
HAJ9645,0.8190858693281647
PDE8624,0.3785863383212768
NLT2148,0.2786065838978172
UHI7991,0.5961527309039646
FWX8897,0.4624257631743984
OWB7178,0.5773263372082788
REU1247,0.4566982476964074
CRO1769,0.44875154795048317
TLD5484,0.24451578714938926
PTV8574,0.4051422660707728
BWS1336,0.1752864223257393
OII8763,0.27900165862384796
LPO1321,0.42328487732095754
NHW7391,0.30472158715458275
JUC7750,0.1745583184304972
CZF4822,0.22795674996800458
KBN3400,0.763470048706281
SNF1740,0.2328656339914417
DXF7268,0.6604335678346245
EEV9383,0.1612576981865188
WJQ3332,0.46758263204274914
ORN5586,0.5068588709348001
JNZ7774,0.40292699274009036
KGI8277,0.41784799973740805
UQV0433,0.34920500504218854
CDJ1262,0.6485879010557355
ELI3656,0.34681497819806667
CJF9592,0.844180070275777
IFV9314,0.41382089699492025
VDJ1118,0.36326899998185713
DTA8682,0.7980622780211976
TGJ4666,0.6332252151561497
IZZ3291,0.46621969152324044
ZWT7505,0.34059456022929374
LTK9250,0.10202622812562794
DVP8940,0.32014375450348903
OJP1964,0.23077855598225674
WNA2120,0.3902088811106082
MSO0106,0.5053957753562932
XNB8483,0.2578677132256889
PZM1761,0.4399374680571858
ENW1475,0.45306254566827614
AJL7031,0.6344047148041428
LWS0585,0.5908076438079402
TXW9164,0.5008263155665633
EXD4634,0.6060614467343365
KJW6467,0.6543940238714641
EZD2570,0.2403854312242015
ZJV2396,0.5386639509736524
OFC1459,0.583432088292509
VFR3116,0.3460126575208291
GMO1024,0.6946748171690081
BWM2061,0.32879184118839705
QTD8623,0.5619693198676173
KUM5250,0.20007061928276204
RJI3984,0.3526263591937556
VCS6618,0.3654987461513941
XRI7782,0.5267064945862672
TLU8006,0.2919421654318275
KIP1222,0.3601916419822875
ZYW6392,0.8244042482597017
LQG6833,0.3538133364438973
YZS6822,0.37781898960473587
WYB4183,0.7702624660315852
JTZ2381,0.581476834759869
WOI6716,0.16361972441657238
CAH3623,0.30730273139646214
DHO8082,0.3353132744742559
WBZ5686,0.4680278088409661
PTJ3034,0.5018601051212638
GOH6841,0.2871542035807594
IFK4684,0.24858551360912248
NUC6904,0.5655895220103768
VGA5416,0.4405503638208378
YLK9460,0.4841631949264975
DQW1972,0.6480397315464509
FTN8264,0.6812397929599684
IGT3880,0.4734838926133743
FUA6770,0.5736242521748904
TLV7456,0.21393821873547147
WWE3484,0.5427127987705141
DTR9952,0.71459353936311
YNO1665,0.3783396426565444
VGE9961,0.36369633940729024
RUA4176,0.20469650641217504
IKF0037,0.33037315100411013
YRO9974,0.39841971359894673
GWY9006,0.40219713057351847
FVD7466,0.2453811716095056
UHF3142,0.2640398432275455
DEX6242,0.1390479441715292
QXR3196,0.33518933906186227
IYU8091,0.2880108003114516
BCP0378,0.5738499051469568
IKD6628,0.3046696162585702
NEA8008,0.3856231456006649
IFL0400,0.28395046999363277
OWR3438,0.3211201563011559
YTR7954,0.5902017492497609
UAG7922,0.23310415935236273
MWS4567,0.6959341016560021
HYP0579,0.41851241011086987
CWP1122,0.34927835127080015
GRI5844,0.6761727156767583
ZNJ9881,0.602548580641925
AND9132,0.48540178479802093
OTX1554,0.23107503437619642
JZI9321,0.37895955912229445
LLG6222,0.41962586350714626
MDS9093,0.4509137611965604
QQB0215,0.588040209888655
QQT6587,0.30280909267300427
LOK7515,0.4969111040942235
GYA7750,0.4078304543413588
MNV7286,0.7382876187686079
YRI8408,0.5385082974056506
TWE1980,0.493815208159258
ZVU6266,0.20927536957355033
RRG0247,0.4864280959750564
HHD7862,0.6774377450593022
AJE1820,0.3852682993531612
ZDR0733,0.5434743209362751
GGP3321,0.31401401169183907
CTU8248,0.23035389645395446
ETX7860,0.29761975588145173
BYX4709,0.4794218311265565
JER5258,0.2748795186239859
ATP7809,0.4771528571594151
OOS9657,0.7830042579723552
YBH8650,0.4081927443001827
VPU2235,0.437386035953079
AJE0878,0.4330869690423664
VOM0132,0.5313526139500617
XPU7817,0.7543116507417251
MLD9068,0.6442876579617478
GAF5632,0.7250690390516392
KVJ6297,0.6664694828063072
BQD2750,0.661006928320683
XFK0812,0.19738897028402655
RBI8449,0.7736677216660679
XBJ4755,0.28201242864103526
PUG4486,0.38792847582152823
SOK6661,0.642051199882727
XXR7349,0.6056814477869426
HKP1866,0.4713574841209424
YPM4023,0.74838524724064
OZL2864,0.7431793122692371
GQA0832,0.28474775395455504
MXU2531,0.6886656432383231
QYY3922,0.1935741393668146
RZJ6026,0.7464661018475566
LCS1493,0.19857930975447083
QJP7869,0.546535105743957
VJO6966,0.7087141218296221
OFL4209,0.4499790963997541
PFZ9129,0.3658731506330282
MZR6876,0.7712359085380911
MCV7828,0.25303666794319596
SZN7612,0.45276007265071555
HNX6356,0.358008497724558
WKH3337,0.44956089873134447
PNI0320,0.6216711119451763
LSK2897,0.30607331305753166
AGY2805,0.3335361091428507
FEB0191,0.6911807077034915
ASI3597,0.28204349172347476
RAW3160,0.32674526506915286
SAL3837,0.37752751417506425
QMO1576,0.307048206534978
XCJ7065,0.29282686888877435
YKO2034,0.5842798605917278
MYM0707,0.69405425987297
GOD1525,0.4609300798414228
YGS6472,0.5494070232687537
MVR6731,0.3717120106078433
AQY0818,0.5252212500597664
GWL4324,0.5415717155489607
SAL3804,0.4159258389559022
LXN5221,0.47841158275040563
UXM8042,0.18089973422376626
GOH7601,0.3082168675745185
UOH2212,0.5835556387483497
YUH8545,0.7505372452754028
UVO5135,0.2676967920214154
VGV2371,0.21286630659534217
MSD1546,0.4285937114232728
QVY5202,0.46254694252906253
MDH9411,0.41765552385127314
XRP3871,0.1514426683212337
IDL4446,0.3104475625492966
SVT0852,0.32768537398888176
STW1369,0.40644612946452896
KDX8757,0.5080082774666363
OKA2718,0.45992932157114264
KGZ0857,0.5309617828739029
HXT1988,0.3716986431941633
PPL4821,0.227258079372892
ZSA7657,0.7869850759845559
CCD7293,0.45467077528520056
XPP4684,0.13939481921196897
MYE1200,0.3469308683508881
DNA6848,0.22775308922446982
WAX9047,0.13660310136514284
JHL5576,0.5160004614413958
HMH5026,0.30427067844966066
EQK7900,0.47241565168417765
THU0418,0.35624797326891017
AAN1264,0.5564380634063142
FGB5363,0.32877532134463494
CTK2833,0.7208925895635152
DVB6982,0.5790822211197407
RNQ9043,0.41582734743640987
PYH6242,0.2878114873308696
NJQ7029,0.7087442714039842
XXQ2266,0.5376606550259565
TWF8468,0.6626011830894875
PBX1659,0.2120495014500443
VYE6525,0.5690146438695812
XGZ7303,0.21355146055733057
JWG0572,0.7054464750001923
GCZ5567,0.18027261142269574
OEK7979,0.1980095540897628
IQR1080,0.6134901164455603
EGP3030,0.4754178916147046
KXD1325,0.7111319604226959
AHW4029,0.4769046578011826
ZDL7831,0.41788896492478084
UUC1303,0.8419089965167658
JHW4195,0.6246850806832465
UQA3823,0.6815183140280423
VHB0197,0.465528685495881
BVR4732,0.47903110490577616
MWL6209,0.1256352832274799
USW0558,0.4891012559846031
PED1745,0.2960168769589975
KZU0103,0.6335965557413975
AKF9929,0.5045201451370942
XHX5246,0.40256597271917727
SFA0308,0.531767933533993
DVD4120,0.436875928403525
ESO9920,0.5040500383461713
SRL6640,0.5207229957394344
CUR0551,0.24088233905153522
ZRZ9828,0.7308229144021884
JHZ8593,0.5162347203847791
NHF5531,0.5207400902520551
FQR9806,0.6757245829528048
ADB1496,0.21576319556620346
CYJ8609,0.48845734140895525
PBY4400,0.3567761301567742
LKQ7118,0.505597546716809
PJM6055,0.5025070517619058
CDO6881,0.28024198027963526
DRF7884,0.28493311109892056
OLC5061,0.5826218195942436
AKG8619,0.31990138988717587
GES7925,0.6329046601256532
OPE3417,0.16332523484101336
TWP5888,0.3948086572048542
TNJ4880,0.5784083694248774
XYM6908,0.6337158853545248
OTV7462,0.33579757332510274
QDM0499,0.6574520564862453
XXX7106,0.23469942097536908
CEY7529,0.2661815664818225
EQG7914,0.2267102917249329
HQH7800,0.6336509378496114
FDK8158,0.38270529112375606
VLN1057,0.35266625442086275
QYX1812,0.2256802527849485
UFM6656,0.36083080948718754
HIF2994,0.5357782778701867
EPT6107,0.4686669096633732
SVH5874,0.5026829131462587
GIO5888,0.3785395638232655
MPK6697,0.5791566928855941
JHJ6002,0.3329688550296266
WQB2834,0.2570113520273989
QKK7312,0.3991300121979414
YJZ3677,0.7987408949062185
MBG7300,0.424251274852878
NGX9445,0.32638647752792155
QTU8109,0.3743011322738713
OLI7614,0.3031683817966317
FSG4468,0.5710437787753093
RCH3872,0.5744462725155013
YXB5864,0.19505924020343546
HOR7464,0.7388732612103676
EIC2487,0.3094654444836479
CCJ3339,0.34757800066681543
RQJ9221,0.36590298169034957
HAO7587,0.48260732958670116
KNM1584,0.2570024951852815
WLN0973,0.5065206671561261
WER8629,0.28585322605678004
SLS0471,0.1960699566412313
RWZ7062,0.5846124135334227
HKX2986,0.5451429525808354
GCY5175,0.3308123647290382
AOT2477,0.1594815280498088
HVO1046,0.3957916457550846
NXH0170,0.4121493621762074
GZV4285,0.3422494086202472
XNV7471,0.6997137334201885
BJX4302,0.5588543786544783
VSH5730,0.2976751315420573
FDM7929,0.5395085903913316
PAU3377,0.1063347701599479
PII3257,0.34012783716255623
MMY8958,0.5543818584439226
HSJ5714,0.5561827115788571
WUX6406,0.4687444145409312
YAS4032,0.38773145436193585
QZX6944,0.501718815832365
SBX6305,0.5184500055593042
DQH0443,0.42902812158637454
QHJ0432,0.3637031175903169
MEZ1886,0.41283616021484987
FFW5346,0.21078020274807313
GCI5754,0.5559396830731578
YWS2631,0.547084722854788
BJE6322,0.41113446851285396
QOD5952,0.35623485322927767
PVQ0274,0.3570163423301914
RWA7760,0.4804911231640006
LBD4986,0.16092163815162527
INX2297,0.3568826036693551
SWE8062,0.24990554252576444
CDJ6273,0.2622998672902261
UVR3325,0.42352395815549615
AGA7615,0.2265195182461768
QQF6530,0.4155432346950653
VCP5164,0.34937829226423994
IBJ4529,0.31688368286407775
XAP2030,0.0864442991365763
VSZ4334,0.5659349295322476
IDB3510,0.5125552770296119
CVK4116,0.10420589722624334
YRI3393,0.4371243771327601
XWJ4426,0.5400249761344603
CDL2013,0.24247172740858483
YBT2195,0.6070495716642941
XMX7085,0.5057441697270162
TMS4399,0.5052880273515872
VNW3430,0.5221006751583794
FQL9334,0.6082080797480535
BXK1712,0.26751319577107563
KVQ0997,0.2543955395281721
ARP6086,0.3577611280710964
TZA4677,0.7568321937524735
KHL2108,0.47322736024693896
KLH3876,0.3842949853322487
BVO1335,0.38137236549994
WNP1085,0.6839206796284315
RZU4330,0.2969989016177257
YNC1324,0.6290600044251337
AWY0298,0.5339326790624648
PZK1558,0.363516596568291
TTN9630,0.44864104442117103
BIL0479,0.37928992509741166
QYA2602,0.22347226379709104
UKK4307,0.5623192801277633
DMS0338,0.6975885885413863
VIP9261,0.29387886336728175
NPL9257,0.42837604330513473
POW4586,0.5817895002725564
KXL7076,0.5845764367317183
PFS5716,0.7164518244911969
AKY4887,0.5362947341250799
QPB1967,0.4905664794977818
KFF3495,0.15431054599662544
ZZF6930,0.3626767199762007
NHW3925,0.5614064501425546
BRN8497,0.4945814840328739
UMJ2226,0.18425207992147408
RNJ1710,0.27464675715389836
LUD5116,0.5935597373791264
OLT2214,0.27091324475609513
XXJ7220,0.16672491864459554
VPE1768,0.47255757579692426
MNR3391,0.6322225412120113
JHM0984,0.5464474543668666
FAB0388,0.6230281328833753
OOR0476,0.3284483359520422
IBV7915,0.7238914278206372
YFK1866,0.47868916140003526
ZQD4890,0.3190326821110324
WDC9798,0.24724780100987842
CXG8456,0.5999474971155506
DOO3002,0.67197809366819
YID2854,0.4684230588692924
SNT8269,0.5573287818131808
AJE5284,0.3832985386155771
GLI3826,0.5182724933988159
MPN9544,0.26198135556285396
ZOL7983,0.6923737298276764
VGJ9459,0.3917554857455392
YGU7937,0.4704457471830707
ZHD4984,0.46463369232079565
TQL5044,0.25143325527768234
GZL6126,0.5104665352978476
TED4788,0.3969782754427898
QCB1230,0.5276389964994121
KCU5480,0.1795441050771678
JYA4020,0.6475472643751993
AKI9938,0.4130267611852813
CDZ5280,0.3573020973150686
IJS3257,0.7073398157390123
XHU6926,0.44110861957975234
ZQD9442,0.4102169314827014
XSW2306,0.8557911936325561
QMP1263,0.3384170716281269
LLJ3258,0.15666717604787575
GHM9007,0.29402463384101957
LUC5355,0.7377691507007038
JPJ1369,0.43969712075228623
GHV5643,0.4932288095596148
JNX1312,0.7601020930089755
DNQ9370,0.5941068269965142
WXL4780,0.337712090927786
WCO3839,0.4474553508293575
IDJ9502,0.6398974803280278
MWF4845,0.6846665126298664
WIA4859,0.28094061519982155
PYN9857,0.19879745995695858
BBK1144,0.4278067907810713
SWH7163,0.20324901099227374
GMF6824,0.09166607630178251
IVT1624,0.44360222672764693
PYR5155,0.6557804301572506
JAN7670,0.491775239051871
SUL6082,0.6061793824756577
GQN5525,0.3571311082673424
EPR1251,0.4234881520670223
YVF9131,0.5429422308806566
ETE9042,0.3693661863808524
RTU8397,0.5127525108101999
VQL7165,0.8760093239854756
FHF3153,0.5483235351110753
YEL7480,0.2823737035803492
QNY9983,0.255439195093177
WLM4602,0.29273765124798085
BHV5209,0.37664003501621474
EXU2651,0.4527844386722437
QMM0719,0.3988717030464533
JCY7195,0.5815755220081911
OMG3714,0.7026526738866784
PLZ7937,0.4162050814329911
UWY1087,0.6431983126930995
KLL3321,0.6483097106089845
FRT0766,0.5152185345134656
AWI8218,0.5648519406495521
VXH3216,0.2444863348520244
USD4961,0.5914100019459189
QDE2276,0.5060817450283589
NQX8981,0.6386654744678149
LXQ3911,0.5188125291234701
JUS0617,0.2087017007622376
VPF0649,0.2932111962637295
OUU9584,0.7928116510957893
VCE9304,0.42074359423379326
NZI2126,0.2455265588665003
ZVJ8894,0.5840233796694355
EWR8128,0.20394570111366675
GKF7029,0.41724998884063064
FNM7614,0.4999833671274118
FHS8655,0.4720771890102184
KMK7242,0.4902834253405677
AHA8842,0.21925245870058022
CPJ8082,0.46327564354872763
DBC9627,0.613951014543985
XJW5496,0.3829268083459303
BKG9784,0.5780296972861029
KBD8351,0.3796115030785548
EJG4853,0.4063625589325414
XKA6945,0.37846548478387415
FIS6302,0.3307613658724364
VVC7858,0.2995877067960659
RIF2689,0.5988130620499196
AUG6492,0.6241187973811837
YCU0440,0.2537498556247312
UDC2578,0.26906181572135296
RHJ1529,0.32390253954257403
XFC8473,0.46441801654478715
OOA3990,0.558508956900121
XFL8207,0.7198191666215225
ICS0547,0.4617472650543687
CSV4897,0.35062596578542105
BWU0006,0.47782698822617514
ZIL6789,0.3458137143085426
ZTL2295,0.41987116675767167
ZIX0088,0.6879301064308451
MEU3717,0.1983240796031043
QEF2532,0.3379851799950222
WNE1300,0.7495236070886756
NOF3605,0.3329340487930183
BYB0853,0.2957292480568037
VLO7141,0.5876578849513319
KMY8105,0.42031690014745515
OPM4779,0.45026089163078475
JZM6435,0.2739330228217224
MHO6099,0.2724269869302827
JOV5051,0.3037068057448531
QJV9526,0.5184180271645086
HKB9998,0.7182906226311806
GML4512,0.35641328073753953
JVN6993,0.25201489016438366
KCA0947,0.690276598170501
QRG9446,0.4008656863568288
HBG3407,0.49117953956361754
UBA6870,0.2430542592740884
WLC1148,0.38052002691064424
CBV8051,0.5267450993265831
BEY5463,0.5329069307127857
JGV3234,0.5599613959517448
SJB9840,0.3791341008181512
SSN6235,0.1427935488377183
XSM0027,0.330675222084803
MSN0593,0.6176529882767752
OQC1881,0.4788276830803456
JPY5172,0.15999286355191414
RYW5823,0.4964747830619381
DFC2221,0.39403005041147
IKP8033,0.42729770957204843
OGM0827,0.34217767530580295
ABG1050,0.7605670766520601
OST4137,0.35690083715409315
IDC7341,0.29494165056782035
XQO3065,0.4675031517885363
GPA9799,0.6684029589761972
BJY1570,0.43999473620069496
WTF3459,0.6008533348263924
PTO2678,0.5278200138028074
YTJ0953,0.5864693933343744
TPQ8776,0.5127516203344836
PAU6559,0.18903413535757152
GJP2053,0.39925578276803253
RWP9660,0.26701793286080694
ZSD6924,0.1890571894863029
CVN9903,0.2059611805885742
JZH4481,0.6560295879876531
TVO6484,0.6691797992702876
DSW4641,0.5204919644979078
DTC6376,0.4507279566944339
NEQ1445,0.7584395394492054
MGN0204,0.10903616620415899
LFJ2299,0.46866624954389846
MBZ9428,0.31312735157195715
ERK3686,0.08630277946096428
DMU6787,0.20531352872899197
MNZ9630,0.7232021079713379
PLD3289,0.6021588685591778
PYZ0091,0.6566920852226311
QYG2595,0.2754008990035822
AFI1911,0.17895331991777147
IUT6554,0.7219814615078878
IID4833,0.5540713452443097
YUM6195,0.2770191051108232
IDK5493,0.5370034713738107
RMZ3418,0.39217206954035827
YOF1202,0.4753456076852339
OBH7504,0.4544187578732824
PBG3271,0.48298685258332535
GYN7033,0.3427451273271061
BRJ6883,0.4743534290124294
QBO3877,0.6150065021945418
YXZ9927,0.5239052089950063
OLD0052,0.40153816495573386
CNX1986,0.6382747228234911
JZH5443,0.25649827852020346
DYM5551,0.30714003115705624
NUK9864,0.48154220259119207
SYM9711,0.6445382004870122
TOD4932,0.5907628313638169
BTU0301,0.4013180095145942
AJA9066,0.41408915883053954
FPN7604,0.12187479104881128
IWK5748,0.4136768216160451
OSA5438,0.5916490364676567
IXV7393,0.28987614200712464
FLI2208,0.5888469713360666
WED7235,0.3178622876184541
XBF6820,0.4308903417590671
GTI2773,0.24319790506773356
ETD1365,0.4939090065014209
YBJ4724,0.329886199287741
TPO5722,0.577861256885569
SSW1446,0.3919045968243889
AGB9743,0.5215141261944759
TUX4026,0.40847517910065134
LFH5084,0.5441561611105648
MJA0420,0.325868337812164
OUC5158,0.5388964917550481
QBM6980,0.07428592747804193
MUP4364,0.6774330208480142
LXS8907,0.2421043775798094
TFL1336,0.5782182855577334
DAW9391,0.44838870086353694
ISS1895,0.19574456445555724
MCB6789,0.47241039515346434
OXE0035,0.17837209764803835
SPM4129,0.3949323536345907
TFN9819,0.6357365934476266
ZMC3441,0.3778007742605615
VEH5136,0.15156922352788366
HEO2144,0.4942932878717157
TRB9176,0.35784811480086004
FGJ1745,0.19327731396635114
XTX2547,0.42149359038164524
ICV6713,0.29426104837838335
CED7966,0.24533174008731226
SDI9954,0.31448509991993007
VLF4370,0.2669778492837657
YBI1526,0.41938992636554495
AKD9529,0.7170438636495068
ZIY2949,0.2830289222909898
SHG0969,0.6299385098385545
ASJ3263,0.35465334364611956
LEB5194,0.558209080819276
BJV3212,0.4181029154975184
VHW3643,0.09134155525255316
AIC2509,0.6899040653888422
JOD0140,0.49290019964612064
AFU6285,0.647034851353086
BPX1480,0.3044125642832061
FOQ9360,0.34834091695104136
QRV6768,0.8933850132714733
JIO8124,0.6586230475661649
VBG8435,0.5549657214019708
UJK1395,0.5514898171442771
FYB9461,0.35850754488471487
LDQ2649,0.4015266831378008
IBD7077,0.627825065427418
KRB5307,0.6342056704023098
YMM3305,0.33887531826810374
UPX2572,0.4392253554161368
JQH9365,0.42744485102295315
MLW7872,0.44150497276747347
FMW5804,0.317861518728425
PEG3670,0.40774414009253546
HPV6445,0.17746734125884328
DJJ0601,0.17988532311872327
NCD6920,0.6268319629984063
LHV4605,0.2983176992854208
ZQK5110,0.49178063651933934
GXJ3881,0.2286633719944
ESS5640,0.5883885927682141
TMB8649,0.5208356544013631
PIM2851,0.1868781982052177
AAY0842,0.5017349867290466
CKF3096,0.4966500413422048
FGV1618,0.6487569326158696
PVS5967,0.2558155615708607
LIM3859,0.5011805438873607
RMR1331,0.1963902394175798
BEB3268,0.19060104759943508
IDY9946,0.3572393059533604
ETR4969,0.4349032690285153
PWY8113,0.39105815181409004
WPT5799,0.3637613804538923
SMT5693,0.7083409611498679
MVK3353,0.4310285740934336
PUW5873,0.25528662076358427
NDR3956,0.33812044957304593
NTO7966,0.6995027318228915
TEB7405,0.6384184336424384
GTO9790,0.502505135608555
KBB5390,0.2494745669025955
JTS4195,0.7665469543694368
FKZ6121,0.3428576582146625
ZYU0285,0.1529779324454425
MYZ6375,0.700321739830695
YYM4394,0.777490783141905
MOT2487,0.42402820321627316
EEA6474,0.23039896820725198
UTP6684,0.48216093949056
KYP4853,0.274720796100797
EMM0394,0.39694279374342295
ZAQ4179,0.253646754146307
RFJ5349,0.5863549054057662
HRK0701,0.3409698529619246
KSR8026,0.3073823273551222
RYZ8152,0.4728498793263294
GLA5774,0.25807196147972034
CXM6380,0.534393324522007
VKS1935,0.30177568484299283
OLY4676,0.3933320732992521
CJU5534,0.2969448463712025
MSE9863,0.31043855091793954
OZM6965,0.5642275489430518
GVX1518,0.3478352571896627
NWR9800,0.43495754650898544
GKG9293,0.3245990122525033
SOI0594,0.4232225136432164
UAK9715,0.40939740220934917
HNS4860,0.5284757258319643
QQE1863,0.532150363634502
AOM1139,0.7604077294641344
JND5222,0.6226610775898924
DUR7694,0.19632573175857843
BYJ7605,0.44168953307594716
SCA1279,0.40321208807644
KIR1085,0.48017357541687444
WYD6141,0.25544170260686333
BGT0275,0.512045282200778
MMI2820,0.7695359640991053
BWL9777,0.28073834345002757
KSS8555,0.36560774435309207
FRH0417,0.5887020797311685
CGN9405,0.13181057828806808
UKT3236,0.4296819283169568
OTX7862,0.43630644461794194
BSI6803,0.2714285362744211
TTQ0940,0.3397278316187905
TWS2621,0.4150042796568596
LUR7303,0.3974750037754546
YBG1625,0.8528583973110777
FSQ3432,0.298833740346614
JTK0613,0.40293469110928337
WYK3449,0.4967576341995486
ULH3218,0.3147620979780453
JVK5990,0.30466719813695914
FIQ0497,0.6628068588569334
TGB7149,0.14714549064745308
XAU7965,0.5185521131080771
CJF9080,0.5539124096604422
REX3620,0.6910607465273239
DXQ8472,0.4959837683269239
AMP5118,0.5458811940036612
PHN1758,0.4224691750562711
QLB7997,0.17380094478684205
FTG6947,0.4037506102148386
RBO9223,0.5992932197319071
VVN4722,0.46178230899594974
BMR4527,0.21411309707606102
IJY3353,0.27735914544442897
JSU1713,0.41133127233575933
EWB8475,0.16018313166949874
LWK5584,0.23229117099790997
VCX4463,0.5474143562539097
YOL2804,0.3287160440021096
KAF4464,0.35914960105548294
FIL5551,0.29903807106757624
KTQ5309,0.4709029105256312
UPX7124,0.568964153876282
JRC4352,0.3639660230138717
UNY7553,0.42513462982462097
MKJ0164,0.7960478920890516
UZD1931,0.7271526355398722
CKO1213,0.30660243482756405
KED8188,0.36931638844274345
ALF8356,0.4477495271733406
USK3232,0.24547091636271123
DNZ7924,0.2091489095869453
NUK2552,0.4000492855986194
TWW3741,0.308571012857486
UHY2725,0.5925700941286555
SXG3103,0.35947505198566615
KZD5913,0.4133306081911365
LFR3187,0.3869487020436153
EKV5193,0.5548049434714571
YAO3141,0.4368048644616061
GOC0400,0.5055279600495464
MVX8740,0.5854381154794884
ZVL7167,0.6754985250178769
QCL5689,0.5595060591681776
DAM1172,0.6403346060407807
ASK9555,0.39618311405332235
NPL3337,0.4011788622451474
FMY3806,0.320472812036876
UST2624,0.47612220197375754
HCS9376,0.42812201871682176
WTW2307,0.24426846094581567
SDE7885,0.48693630685388456
IAN7977,0.4046744021455942
QEC1993,0.27078048802163945
QJP1557,0.20168424898439855
IUI7963,0.3423959331544811
SDI6665,0.5760786141120074
KFV4209,0.5731796694521615
HWF9009,0.6691228145590389
KKV9741,0.3654053549020473
YNH0185,0.7149808490669233
PZK4366,0.18098707232407496
UWS5455,0.32873944426165225
TRP3743,0.42561323567265563
DFO2095,0.37146489639117414
JOF5772,0.7657175482450292
ETC9215,0.5805450523125127
ZEH6132,0.48891351709919845
NAS2706,0.44025742742234947
TPZ3230,0.538385995127979
WCB9042,0.38773294308966827
QIO7021,0.5548715983171433
IZV1149,0.5544174540837844
CFQ8562,0.31910161109044016
VSS7607,0.5022081078861838
CJJ9855,0.3144844971058959
YTY4845,0.303420174145596
TWC7330,0.5775096924847395
EIB8160,0.41045181298441447
HFY9382,0.35616042557780253
IEE5503,0.3799077518797118
ROO8981,0.4412246921956195
AOG8492,0.4677302935224448
VOU8833,0.5922102504754805
MSB7854,0.4750399473808193
YVF6589,0.25047261615448335
RQX6209,0.5860037322954952
WZD1341,0.33035707638809697
RXG3147,0.27087969284603736
SYN3470,0.19919551376620914
DWN2532,0.8535273801552182
ASF5513,0.42075631250920564
WHS9360,0.651515112897222
JLP5589,0.47695255945896997
OKS5692,0.6618041131121013
HNV6246,0.5176679626691041
HKL0910,0.3806737581835636
BOX2370,0.7559184367706981
AKE0444,0.3697738780188095
MHG0604,0.2552590342374241
MFQ3423,0.6512666634762406
LFK3506,0.73715064666283
HCF4579,0.6887511481539019
VWC7373,0.4786194196298146
BIV6976,0.5528503653748117
NTS1702,0.3854430362257916
ZCC5163,0.40045093561482603
OGB6889,0.15332088413382008
PHW9074,0.3680484562565058
CET0786,0.6327169021099502
VEC9508,0.1991742103845265
XKS1665,0.3769971692733066
FUG9600,0.35272127704814793
KNU8936,0.5788138929240041
SHC1204,0.2842566411491874
ZPX2229,0.18644626288405325
GCT2462,0.29452044827046947
AYZ7183,0.6452491317848837
BLE2265,0.3213445731995442
BTF8456,0.5331588460953666
QRG3891,0.5298826724067728
ZEN0526,0.3113358551242919
DIU4140,0.4733211906941183
EIK8980,0.4953844015934715
KSS0055,0.4379093773397812
AZV1285,0.23205911533248352
RLG9209,0.2610997534242595
LVW1887,0.7094992474095576
TAS0098,0.5688461988196373
QKQ5346,0.36873168995148536
LFI6971,0.212686629824219
BQX0824,0.33001622772049505
XML9945,0.5946363473058783
ZXZ5078,0.5350916823101222
IXF4211,0.5654550896380963
KND6746,0.5498357076343616
QQS3620,0.2942864314426038
LVI9628,0.2138481212044064
DUI7864,0.6753525062605814
JUE4551,0.658649484055695
ZPL2300,0.15664934479094025
YEL7564,0.26923623507736
UGU2507,0.31473449417240107
ZOI8056,0.19415002343936988
QEA8664,0.4754392162769453
QUI8924,0.24633445455076694
OQL3155,0.49483793876726756
ZAL5931,0.2863191803972225
IKV4421,0.4077477012873221
FZA4018,0.37360478687291
KCO2495,0.2072624944040243
SVS5231,0.657676549148327
SAW7527,0.7727400829938375
OGM2631,0.43202253442784305
CVB7805,0.3196738105515836
RLF5135,0.386530854854856
NFE1191,0.5326858979520352
XZF7825,0.3578723290122367
ENJ1626,0.6015076301965111
EEF0190,0.33719250928156796
PTB5659,0.33031503060891976
KTA0598,0.40715281951562793
OPH7503,0.4778121757564631
PFB6052,0.6148060203791412
PQP6676,0.2589398815998424
LQY6462,0.4958714596304664
QST8666,0.5225037909428832
KWV7849,0.54885579649313
RWP7421,0.39382824670667804
LJM4775,0.4210168426304772
BKO8359,0.3024345130284409
LHH7349,0.2887350784875661
HHY5540,0.43443855271728793
VRG5107,0.3289578372854186
GTY8915,0.42690359086879603
BKP2297,0.2857087737344588
FVO5750,0.5277137475234034
ECD8980,0.5256759356359152
AEA8744,0.34511974855882016
DFA1094,0.47588070220908146
VNG4659,0.3589930773474303
BYJ7960,0.4466098461432856
AUX9209,0.4328573038577571
YKV9464,0.27951004394001133
ENV2990,0.2841016393052375
UDP3564,0.40853140011396993
LXG1340,0.376399613849337
WRR3525,0.8479324291183273
ZRR0628,0.3795791770387915
NOI6763,0.5626754104877328
DKT5697,0.7646184657810567
OQW8246,0.4757903199079006
EJC9467,0.6692838870187833
EZC0491,0.3966862823189968
QAJ7649,0.3865623912382835
RNR0652,0.7029958300193675
WTF2571,0.8323909890970927
MVZ9434,0.26176809010573365
OJG7664,0.44451584174472547
TTH3651,0.3958537380963008
YBB8917,0.35654938796274477
PSI3002,0.4402504914939926
QFC5037,0.532717932767869
ALZ0191,0.339295025641754
HZI4473,0.39441603985329227
RFD1285,0.7675685271966451
BFH0789,0.37431503640636166
JZX9489,0.26713208276479766
DGS2614,0.2597712951303253
VYZ9856,0.334437229637219
EZM2512,0.5133246478977956
DNH8453,0.30966337093428137
ZQR1786,0.31870394754892
EUN7100,0.58535002656769
FDH8985,0.31133981395349697
UKU6956,0.541952192432094
WCW2836,0.16690642409299594
ENW5898,0.5020559345329844
OSP4369,0.3674526734891603
PGT1337,0.09901942542942242
LEG8297,0.67577899064206
CEP8192,0.46490663677660454
VJO5168,0.37923697644910936
QBW2877,0.46700881128665706
VIQ7083,0.10519096267814675
OQI5447,0.5401251749068897
UTM9935,0.21354053643153323
AGY4559,0.23462869546224047
JOR6780,0.5175890604707573
MPW8036,0.2595127378569228
EBS9206,0.4595805235824617
WZH8778,0.2844942298603079
SDT4780,0.20148986054745896
XEB8025,0.401730146334029
VLP0594,0.32362997440978586
FGX8087,0.2926306011466092
NZH6934,0.45707531574792254
YME8412,0.5049044640827987
RWK9524,0.44260734894831016
RPP9214,0.6247883734886535
WBK6963,0.6060262643296116
DIG5398,0.22771352396177122
RXB4565,0.2756281499853278
HHK7103,0.1649232901784376
BXO5829,0.2758072811157364
TGW1447,0.4608369046763132
SCG9633,0.4730563122969201
YRH2661,0.6313222142941388
BWM0677,0.49390357543815194
XMI9842,0.4151374214667982
JYV4622,0.7014799822765663
FSJ5438,0.33061631816681597
ZPZ2675,0.38120484442586955
FCT5311,0.5235566804989388
DLU3504,0.46100995882573986
ESU2238,0.8660481691374007
HEY5668,0.7566377258739371
UNN4464,0.49281444926014994
HSF2545,0.20930512493585882
JIA5527,0.14275488710847234
ZDA5112,0.7396360099615676
HPI8130,0.3073898453407378
JER8240,0.8153733870937454
TAI6687,0.3926550031369693
GHY9750,0.426868826647174
ZMJ3632,0.42506013210666743
LNL3875,0.46948414462386656
KBN0133,0.7257505805907728
REV6314,0.4201237894976188
BJK1459,0.6039963007852914
MSF4854,0.420590012656402
FWV0487,0.3888124218365597
RGY6197,0.48417946612936696
TSD3692,0.6948756212195606
TVS6288,0.3962587911210704
CZV6542,0.5052055089235389
NFW8789,0.5090694594278251
EEE8038,0.5702448282822127
BKX6172,0.4716745499849324
FUG8771,0.5528946666600364
GHN3574,0.22672688856829898
YSQ3489,0.46302977902836445
ARP2492,0.43122917193756544
QHT8444,0.6903285401185522
CVN0729,0.38933424479198614
EJS1772,0.5545633769996393
SUZ0883,0.17772721253027168
ZVY2197,0.6387984881231467
QDD5758,0.3395259811643176
TKX2350,0.8820214091989609
HRP1387,0.3862792166563899
MWU5491,0.28514309988425546
VBM5950,0.3284143935148336
GFK1650,0.33787060306615246
BYX3935,0.5060018193276685
SNN8579,0.6360383109213384
UTG6923,0.45127901033626183
XSZ7452,0.7636824872988471
WDB2677,0.8661379314650949
GEW6229,0.38009871444239124
BCF2024,0.315146643682066
PDL4276,0.2971096852417984
CBG3780,0.7862525009834823
JBX0021,0.49574907801761453
PUC3281,0.18707514632243044
FSE5481,0.4867369278491707
XZU8058,0.5388790937624005
SNX2482,0.5351311625204616
JBY1932,0.293743907559799
FCF7662,0.18873340670483485
CYF9743,0.3590123096679821
IXO6328,0.7106009688791866
BQJ7708,0.4153471497663606
OTJ3739,0.18473603517954953
HWN7895,0.5711337863157091
GRH0857,0.5185378519527895
BLB3672,0.4588180913985137
UJL9519,0.19113364270132713
TWS2222,0.40177573717463305
JMM6461,0.4777638842315206
MIW9885,0.061000821929346076
GJD6146,0.3308923029015439
GKG8118,0.3813107460144675
WLE0388,0.18735259798672296
MNS8646,0.7571996895413142
GRN3294,0.7274309212855539
JUU9607,0.26492274361610574
HJP7251,0.3293154192976884
ZIW6118,0.21739803765121804
ZXD5535,0.7350842532724627
QKA6528,0.6629647810536697
LTG9775,0.37912543622499906
PSG8261,0.6163639177850668
CFT0700,0.37593145548791185
MAQ6578,0.4991860818885684
JBJ6918,0.6048428063810791
LUR6716,0.34238460390878395
LEO9229,0.7271198240363363
UWO2302,0.4011110909959677
RPZ9969,0.5410492298874416
DSD9781,0.41159389609921265
PNR9550,0.45477088320388925
VTS9332,0.32900716314846873
PLR7625,0.5389257844986466
ODC6962,0.6829196430087439
VHS8337,0.17294702457715938
WLL4766,0.5963378787007888
OLC7159,0.3819429471196456
VEQ2672,0.6031716498044646
TAM0554,0.7968597878617717
FKW9070,0.4954803515231039
DPV4648,0.5684425228124319
BWW9888,0.42617192343949595
NAY4318,0.4929896967877155
CZS0804,0.28712670370360943
UZF5143,0.32244916184053
JLH3600,0.36571921621053655
KGX5457,0.3775630242071396
GSP7505,0.4674846057495556
YZX4763,0.41964811941890623
XTX1712,0.40686075557005047
VDI9052,0.715430530766296
JCG6240,0.5660231716140212
HNT1528,0.32464395642910326
IUV0877,0.7585616955193034
JUB7317,0.23560002139481812
MQY3342,0.6225627932569436
JUR7255,0.458346846789528
YDH5194,0.5514830846116519
VRQ0437,0.5477130143579017
YXH2028,0.34186655637802105
SHA1662,0.39456511340131506
PDT1117,0.6017186118847127
HCW0199,0.25697729086755666
PJX7205,0.7748566955964076
BZH4836,0.6071318815549267
ASG5674,0.47623246089213955
HVV8464,0.6164648682814695
YSA1245,0.4325769542216042
SBV7190,0.8353069869456966
RTA4987,0.6406589060516407
SXY9677,0.8495448559437724
ROO4595,0.7326980866360954
ALO9044,0.42029306935399935
ZPB9438,0.22387570320045352
FMM1892,0.21261397118910483
LDJ7958,0.22405664559035743
BYN6337,0.37899848365330857
YZY1243,0.2745572512782262
FXS0153,0.4140793250244738
DWV3734,0.4663722973875762
ZFU7858,0.40829252343013034
TZR4919,0.3298478505688528
TYW1214,0.4984564689396868
NUL8756,0.29408216760641465
GHL9084,0.2888934987237101
UGS2885,0.18941417054565604
HCZ7735,0.362694994176551
VZR1727,0.4499315348544706
JAR8765,0.431805364847087
BAB6072,0.5151598438587304
JHA7215,0.7104331916041935
XCF6915,0.3369873459820619
CXI7076,0.5170732955426915
CGV3552,0.6411589768053082
TPY0173,0.5162234653913356
XIC4153,0.2993447742805373
ZYQ3231,0.12744199928946745
IGW8709,0.25987025206302455
SXW9627,0.8488345267146049
ODC3755,0.499472458374596
PMG5727,0.6633483274801996
XZY3938,0.37989852640345606
MIN4748,0.37813458741272304
EVC7553,0.3797491764541905
IKT6186,0.4136380362420969
KDD5931,0.4209758179692576
WDW3223,0.27226875446792864
WSB0329,0.40725877143046246
EKZ7043,0.3730773630546099
QLE5254,0.5167077278187223
OCD4049,0.5209477431522556
YCL7418,0.6642496559604787
WNS4421,0.3216706630554626
NYZ4365,0.4655708403285543
WMV4422,0.2983914748381428
AKT0958,0.5134054840742641
GVA3060,0.7464360677975389
PTL6582,0.662940459548019
BTB1426,0.6379110460327534
TMX3858,0.4089676469230999
HVS8035,0.5085782700385278
ZJD0061,0.30392551701985854
TXO8401,0.21501758684797023
HQT0893,0.24920572524296242
NNV5095,0.45728753534200356
UAR9616,0.29637622427549004
LYX6274,0.334460237155907
WTU3373,0.11488772621284223
LRR1839,0.6622574742281617
QXY9142,0.3670777244698356
CCA1626,0.49743078590007384
QUC1235,0.2507786451989731
HPR2520,0.3781055777379038
PNJ7376,0.595608364903805
VQK3788,0.6883071599794084
EJA1949,0.43981219065598803
GOQ2092,0.397109668285854
TBB5324,0.10846688500478611
OVD9013,0.5315340028497448
KNF0091,0.410928964887968
GCU0368,0.2126280780934578
ZNJ5257,0.45091092513849024
TRR7591,0.39257734631677943
AQC3776,0.28350975919151117
BDK1364,0.8380231403837248
XDY3049,0.4680523048186894
QLQ5347,0.63838621617543
KLG3169,0.6476960382157939
RVT7833,0.20892591158082927
JMF6722,0.06980713310899571
LHH9992,0.738050262060735
NXQ6998,0.257687234352774
TGY4950,0.3587052946355398
HFI0890,0.6118126285738469
DJQ2888,0.5916778976185466
KJP8382,0.5330606985419418
ZRS5857,0.3173635742055488
QWK4295,0.5871145462854429
GIR9283,0.646393110935187
OTO3264,0.640028000250583
RIF4368,0.42091443454799726
NOD6688,0.3072087428256837
WFI8419,0.313229617335098
PDG4790,0.5389465288088312
LHX4004,0.10909993378903775
KWB6083,0.4156940737155576
STT4648,0.6872014631899359
CQI0027,0.6312514817391766
VBL3943,0.5404712248748852
VEI0635,0.379725873964283
SGZ0280,0.5192341392796027
PCJ9550,0.5835949756767692
KBK0047,0.455373429322478
GWR5964,0.41544871103531517
VKQ5613,0.44392469732319645
KKR6240,0.2395596970945194
SLF2772,0.6442484990277005
LTV5899,0.787014652814462
EKG3566,0.5889662330022825
ACK7993,0.69156255880296
YPZ4897,0.7503453448078713
SUD7001,0.39255879728035603
VEL3281,0.3431064295927511
ZGJ2684,0.38904928944635875
MBU1497,0.2566242961922913
AAD2883,0.5792916246212951
RMG3845,0.26785254472589376
RPO5835,0.2533737862912539
QVB0036,0.33530647941587977
SEL8588,0.41539694483373
VND3841,0.7107761552023109
EFO4204,0.2089372607289576
PXR2287,0.3342850895159477
RIR0031,0.43353853530781444
TDB3761,0.7036256063057027
MBI8114,0.38725911870332913
HVJ0153,0.37279539988142296
ZKR1383,0.4943990739134158
YEF3573,0.3472084860899324
KEI0652,0.45849046536308663
AIZ0672,0.745735437215996
CXX4478,0.6956586797896861
PDQ3506,0.24488067320352902
HWS3142,0.5039824397607877
LIK1297,0.15191184972426583
JEK4889,0.327618648439935
BYO6149,0.47702889624671024
FJZ2480,0.21111532694745586
RTM6715,0.528046824782984
MUN8863,0.33050580247618194
VGK9172,0.5330499338702333
LHA2788,0.4182152792202047
MID4291,0.23349792743153328
YCK5781,0.34684438476486174
KLV7473,0.7589636809004644
QIL9125,0.42039043912088025
JMG2326,0.29510405504249165
CCL8625,0.5794905390635622
RJL8493,0.41890022062819193
ONI5068,0.6009725980633782
JPQ4370,0.3507088878499521
GMB3883,0.4261258683158458
XNS8441,0.6318314693873239
WSK2123,0.35050023184832707
XUR0775,0.1697308429966135
MGS1115,0.3186312773488141
WKK0836,0.6479793343614302
VVP6146,0.49489126588730054
PRC9059,0.41782523597368726
PIW5229,0.6244446094799917
XLN7604,0.3339044681816318
IBW8943,0.7744571060485285
NYY1117,0.2779981959400267
CPN4737,0.43225558507472434
RKL6112,0.5603609387759144
JPW0197,0.262947471679401
KVR8225,0.44432167874126866
XAH2559,0.5037825725257651
HAT9042,0.3176481731985867
OTL7926,0.30564114323193564
RGB6079,0.3514593018684338
XNQ6646,0.5919153319273718
DCQ4942,0.6136785450475973
VUH5569,0.40860315609992764
DQW9614,0.3491569640658591
LFA5298,0.4233487995950179
KUE8098,0.4575682953302312
WNQ4841,0.22244804243560187
RRH4963,0.7901282945838617
XTN9896,0.4205337776079149
YOU8712,0.4384437444497312
QNO1150,0.33288140632864327
BHL4463,0.5842697988364102
AZV1070,0.4077659139174272
CDX5736,0.2740773167314907
KZL1871,0.6656924797053719
WIN6633,0.5340607801170044
KFX7900,0.46473226733000217
MOB0956,0.5567032731609038
NOF9696,0.3941665296474173
VKN4884,0.39953312078739905
GZJ3947,0.5380441716607167
ZQB3405,0.3483661712498567
NKN4451,0.7218427332656748
IRN8112,0.19475551038001657
FWE5356,0.40926792055662314
MJZ7503,0.5918765788056214
OCP4395,0.6455170445430668
CDU5606,0.33713399302111974
WZN6022,0.34885532906133127
WNF3197,0.3532381322231514
GLO3781,0.39824382332885844
UXD5028,0.10531804469836406
AYM9437,0.3624111389725355
FWG2787,0.18078078043334112
TUS9307,0.5011729004751034
WUL2593,0.6576017198772494
EGT7010,0.5440096662055828
IUW8494,0.26688216197881304
MRO5204,0.4548396482625515
IWR1856,0.19091027671226737
YYX2774,0.36795054040988073
YEZ3269,0.47718052617148843
YME8681,0.24661454244174283
NGQ6258,0.16354622205064948
EXF5432,0.7255170189612018
XTL1593,0.4896773308186799
AQA5089,0.21175408521607636
MVS2339,0.5871440798140334
CWV2589,0.5838601205216696
NBO1176,0.5730855749639254
KMN5510,0.5365951394129006
UMU2928,0.28829678455867314
LMH1320,0.452543299007742
PGU3527,0.4581252327870148
NWK6000,0.46415207519894036
RUR4149,0.4792900367064318
MWZ0284,0.48518364591467766
IGY3677,0.5979271796908648
KGJ9267,0.6611219580994825
TMK6440,0.4331429308543048
UNJ6623,0.26282820909062704
SRG6618,0.2038797115039948
GSJ0468,0.25374540536476364
CXP7063,0.5464447206064182
PVR1377,0.5448642888403359
HTO1755,0.3276294401294733
AMS9709,0.410834643320496
FQT0432,0.34106350372865896
GRA7225,0.112419223600324
QOW7293,0.43404887762444866
USF2198,0.6233072361033505
NIW9339,0.33081365498758386
FRG4201,0.3210216647754023
FGI4742,0.7510540067017374
JFG5680,0.5010283081871039
QYN4491,0.37900937954159514
NZW6090,0.5458787392506901
SJP2560,0.600101309143121
ZYK6879,0.40601211820696886
YMM2910,0.49928664002212153
TTO1527,0.4534331059314632
EML0665,0.3031055659883775
DPQ4018,0.6202893692063508
SSV8285,0.22286435378970315
VID4694,0.2657599883901144
BZA2279,0.45511255637516085
KNO1025,0.4356879406701194
YKT7191,0.4260821647073159
ZJC9138,0.5449800444818257
ZOK9565,0.0700703870776597
GVR4749,0.401979488000932
FXF4569,0.6463364841344883
CAP8569,0.316774680208104
XFP8700,0.7188869009848716
SVX6880,0.5351617027721078
NNK0785,0.34105560151634096
UIR4154,0.3040815098928858
YGN9330,0.23599958276871671
EBR3020,0.5666134255237573
HCE5651,0.41579257368106975
NQC5999,0.497683646821652
XGY8160,0.49505355269641094
UWL1133,0.4797236365599006
YKI3142,0.34477616257519467
UCB3986,0.25340958694319715
SYL2415,0.21899326453798548
IPW2222,0.734279636266419
EVC3607,0.36326048017829665
KOV4171,0.10035698229321194
XMW0193,0.17835376488476173
YMH3925,0.4959210078096214
OZW7701,0.5060663306635275
QNF9556,0.2880292834641332
OTV9414,0.5160812057752615
MAR4449,0.6646539477546657
NFJ2056,0.45951459036744163
HCU1891,0.6069017634779176
HGO4994,0.7725618462482373
ODO6798,0.23039928890697012
PXX9750,0.7076494918179367
SCN3025,0.4300519115991097
VMM9927,0.361550365913352
TBG8314,0.7716279163901578
URC1145,0.5308016302927364
CSW3521,0.6602053178240563
JBG5644,0.6303992653091329
KXG4715,0.4306803702834061
CXQ0417,0.6440611302600313
GXD8597,0.2630088870023233
QXU3204,0.20317946098307418
KQF6775,0.696498363673526
MGJ6981,0.14358153601387402
IQW5637,0.498210883343949
ZXH8766,0.6477530540551154
XEI8670,0.2280984409250481
CFU7715,0.22836375957621394
INK5005,0.4499660106741626
YRM0155,0.46397070040177046
VPD2395,0.6291999741290496
DCE8682,0.35321701034382685
UCG4005,0.24249463132131313
ZSI8588,0.3301881501766571
MYM1218,0.7220406520378231
MDF8209,0.13657671783929123
EMG5177,0.21657301524857286
YXP1936,0.3560019946023309
IFQ4336,0.32798682085089026
RHK5615,0.2956462587685789
SBA4095,0.258761596041708
VJA0906,0.3753919001401361
FCB2951,0.6603097779686938
DBT2207,0.2718004862562912
DZT2636,0.4055688423175784
TYD3220,0.3508465757479461
VYM7787,0.35792071793323266
REK7574,0.2115523809774946
WXF7530,0.6157233214792556
QQQ8118,0.3781904161073705
HTU2108,0.3831490324095136
NFJ5599,0.5500164798823244
DBL7406,0.48466000619395566
VID4590,0.40261871650259246
UAJ4265,0.1648579317726122
EMK4872,0.5141537561334083
DLC4330,0.5957089946456313
WOP5017,0.7829650416733495
FJM0195,0.45945435775503085
LZH5232,0.664293042724574
CBX1499,0.5352666624757946
PBI8593,0.41461415742878627
QRE2315,0.6605961434010591
FWO2121,0.41081441948509984
MCH7129,0.3892491272550814
JCD3244,0.49698325188734627
GEY2384,0.34142239184350703
EOT0800,0.824661022865128
CAG1966,0.16503948625846043
XOQ8267,0.41034362683382686
HAO2179,0.365349678799011
YFE2987,0.2769769301821704
AQH4113,0.279847971129638
VPC7784,0.5699359300069021
GAE4033,0.305581641033048
HFH2832,0.38504620005966245
YNA4748,0.4620760095808088
GPY3239,0.19362074834209012
DUK5098,0.6361535004534501
EVD5179,0.4450159396335248
ETP8404,0.3054245268101155
DDH5472,0.27581569494813324
FRJ7037,0.607170189429685
ZZN5264,0.674411412740049
AIL3984,0.5330615783245912
KXO1895,0.5146344414159676
PMS6371,0.2598781478095254
GYC2314,0.6133880794079636
TDB8324,0.19853754925760725
OOS2267,0.38775078840431815
NFA0143,0.39722033653163674
ELV9312,0.4022855142055979
MPB1578,0.41185044674370247
LQI3770,0.36822129193128783
SGE1895,0.36058075055963923
IJL5437,0.41250985942203827
THL4535,0.29710124318976383
ZKV1212,0.08716094318154248
NZM6805,0.597278460987484
HEB0012,0.5211486823453182
CVY6425,0.2745130040579667
OHO3705,0.372054778537114
QYL9334,0.2365746538141061
VOQ2687,0.36074346631805304
ZPM3046,0.22895589174211353
TXO7147,0.39483349697164327
BFO2223,0.19057470475202146
MYJ9670,0.3615615236494659
NDD5717,0.5581969998311843
KDA4285,0.17977243510222574
XYI8525,0.47239338032465533
YCG2282,0.4601286191410223
ETL2773,0.11263235071619629
FOH2598,0.5099416209033135
IDO4690,0.278113685066634
MNG5618,0.3110383393133225
ELJ8701,0.4757442187051537
OGH1319,0.760119683842842
KYT6714,0.38496336280119914
MHT6742,0.2472619704393985
TKN3033,0.3265705031163829
ABS7187,0.5815169299717179
TVE4444,0.6135025718371071
JKT2068,0.43277384295187715
XZH2442,0.266075529675436
QLD6078,0.40612994088869525
LJE3409,0.4798848456241792
LIS1441,0.6824263378210652
NHP4867,0.6153619757407006
KPN5066,0.5900444412164216
ICU0848,0.19650517990449878
LBR0080,0.36618277449963915
CIV5777,0.37321467198990455
CCS0209,0.31048383183756967
UUT0371,0.4274085427479818
WML3891,0.6856514061069554
ASJ1462,0.18697116897303104
PUO0647,0.5688364067168694
GXH8163,0.45334543566025026
VNC0540,0.47063263361253294
AIH9575,0.5706458579218799
OQV6885,0.6019425172701791
TEF4500,0.3076278036871078
PNS6387,0.2714357037733982
HIP4893,0.4398872337049825
QYD4372,0.40600176594451054
UMB7309,0.5725271430768244
UUC5284,0.5675694256104563
NEE1107,0.2754845681914972
CFX4186,0.1665137488615877
ITI2049,0.3203328981328186
PKW9888,0.38296073954008575
CUM8119,0.17731209175001442
KOQ9260,0.31448032149903116
KBD2546,0.3083817725240602
XNO2459,0.7415813928984762
OSP5135,0.3276699391353254
NUK3247,0.5231643562636155
LDP7138,0.44720287702534967
AGO9562,0.1930228825700594
EVF8193,0.49418502558041766
JLG0654,0.3286800511946762
RUI6084,0.3510133397664452
POJ2149,0.8002908258763082
ILZ5501,0.23162723385150114
IDF1632,0.662815509296585
NTI7053,0.25716019848338995
COB7179,0.5248477589682472
IWW3189,0.3822620499076884
XZR3521,0.6494777563187045
LDX4603,0.44508935628735363
COL7939,0.30818118417638785
BAY5313,0.3049243698125405
MWQ8997,0.4333920017602933
QTK4473,0.6476038621213205
ALV8552,0.6216971199695971
VPX7439,0.6940159248429907
HLU8266,0.43520762544892694
BBH4360,0.31924847305904136
KGT7542,0.11506671277053677
UKJ5118,0.45463084194952513
DHN0432,0.39722152575869324
DQT3826,0.6497665117836051
SUH9864,0.3590462225220945
SQU9444,0.5453529051948373
LUM2519,0.7903270356250567
OQJ3928,0.4076558143901213
HPP1357,0.3630597611064662
NFN5277,0.3306000571664662
TUV0623,0.585770662098976
OPM2941,0.1719934331380627
KOQ5431,0.5416602409074297
GAP4265,0.651812376354464
BNZ3638,0.23756523277209984
TBJ8716,0.43781785216322194
HWJ0779,0.2571808944731189
KRS2351,0.3910503811800124
POK7367,0.25039714247085054
WGB8580,0.46827702868624166
OBR1097,0.3714374209325057
DVA4039,0.4358282263626201
WZJ6385,0.4519301764541222
POE3029,0.3696294950980835
VBV5612,0.3563783903649467
XQL1805,0.5631292159255727
EQL6505,0.6903782155505744
YPX7414,0.37939553036973195
CIT9706,0.27607273167976903
PSE6800,0.5056482973550397
BBC9404,0.3505223736319833
JRG4072,0.3153674400810093
FTS3076,0.51431188861073
ZSD6556,0.44997221583479713
SKO8584,0.11542803801486248
JOY1325,0.21979353479097208
YEY2871,0.6275364752528827
RVO6834,0.1609596684654877
CLY8255,0.5892769969780355
ITA1163,0.7800380188350206
OTL4174,0.3516348475347554
HSF0753,0.6056803316079623
DXH0163,0.3513867167563259
KNE4050,0.8183491698983999
WJD3556,0.40131549737326866
ZWM0368,0.6239093490868346
JVL2234,0.315764364490898
TFL7433,0.2656483956001643
RPO5369,0.5938129605480787
PMZ0494,0.7603788591659664
AVF3622,0.3005690060317903
BNC1936,0.29850882543426416
ITO5690,0.31154744369600806
JVC1192,0.318050986167552
WND5424,0.7042452478425119
LPV6023,0.746835108713932
RMM5581,0.4740787534519148
MYA1487,0.24718810444090375
MQJ4227,0.26205976627774347
ZVZ0289,0.22690076282350727
BJO4950,0.23907188037050067
YJP3297,0.5411125273660519
FHK4733,0.23824760229434933
SYZ5307,0.1866020343164945
VDD2367,0.49155161188323276
OZK0553,0.31553109810482466
IFM9840,0.39671229788382967
DYP9712,0.5028167024144583
UQB7091,0.5014474154788926
TKH8797,0.5395742091048028
JOL1871,0.6670236983280841
ZGH3464,0.5833582697105997
CPV1788,0.7971079563776456
VCQ4561,0.7409776679244439
XVJ1667,0.41009827956516187
THF6432,0.36293239784802417
DBL9760,0.5488335613573437
TXI5549,0.5803258158892036
DBY9220,0.29202194727975445
SHM4954,0.20481998464504952
LAV1102,0.14564349645454644
IAP7997,0.22438805570756337
NML0074,0.5766263341565587
TFB2931,0.6330003832902559
KGG6179,0.420206303562139
FHK0449,0.6128149264395164
ZYK1198,0.6861421186304821
VFY2783,0.3755706143128064
AWP9999,0.4118840644117456
SVW2890,0.21257837752566008
GQP2345,0.3294059212890342
OLK6065,0.09447531519872868
XKI5123,0.4573443610672926
EGV4508,0.3488071275745048
XIR6560,0.34084194000286916
NFK2500,0.342359861191397
INK4396,0.6655710017413186
LNG9379,0.45297157769914637
WYG9998,0.4364641136978921
MHJ5555,0.35963977106875
CWI6595,0.4749095233695746
JLZ3995,0.27605776166391227
GWN9320,0.5588930261258084
QLI3415,0.21937280403654352
ZAO1147,0.39583281293411826
BJA0530,0.27260290097917345
FZH5135,0.1356227507718969
ZCK8951,0.5421103692333528
UYB7252,0.1479200720394601
KYF5284,0.3224884422232215
LZZ0602,0.2833645621893328
CRE4975,0.5600101326578455
WMM8716,0.37809790461054227
VFC6338,0.37597097421311987
BOH4540,0.6314851765993329
MNK3254,0.33448470191573226
BOO1830,0.23582718321502313
VLE0062,0.49311765422776377
BRO3922,0.35282382026924514
MID4006,0.4520825174238708
PFU5510,0.5764571953954155
AGD0324,0.27843849077313904
JMM5929,0.35448861204313614
NDN1828,0.6387689367740511
ZDG7808,0.2419745127354918
SET0702,0.6022781467372339
DFO6845,0.33242197302563337
JKN9521,0.38537227838590504
SHS5892,0.08045058323122559
CUR6928,0.4801985069294776
OBK5676,0.17901650206282496
WSV6530,0.2464111726919638
CBK6753,0.6241797799732112
RMB8469,0.5106452276501918
ZLH1705,0.6306896227336645
AFN3652,0.2979875143142913
ZFW9194,0.3626309524434553
ZKJ5260,0.20346842395089978
TTT2711,0.5175737557481542
BBT4470,0.5774875366727562
SFN0970,0.1453787453191584
XQN5432,0.6444736677163134
COI7295,0.45982750781008086
KLD5054,0.5607823809963582
LTC1596,0.34239011375259676
OSI7867,0.3445012636045116
HQQ0270,0.643878042401914
FAX2339,0.2892945459172211
ZVT8721,0.3041775356124823
YPD7990,0.3137732534178185
OGM1192,0.5187734395114144
ACT7257,0.4361827247208579
UCE1234,0.29282383596327305
SUQ0374,0.2693055154712507
MVG3260,0.05003119174186667
ZNJ9314,0.2089884302524759
OND2913,0.539933862804188
ILU2951,0.3575327094954271
ILW0381,0.33875474486165474
ZLF5237,0.7399659035273262
UNQ4162,0.5241017898991475
HCC3659,0.6150275227567484
KQR6108,0.804715763280772
XLN8445,0.3389473250650642
EPR6798,0.15414090750879703
ROA3504,0.5612982985306745
GEC0457,0.1867707820270405
XED9607,0.4375123454666162
KOZ8984,0.4703610800044634
ZSL6084,0.529173766783175
VQF8684,0.27802960316759173
RPO2216,0.386793141621722
UYB8063,0.34668845631869055
EGZ4796,0.44886329455686624
SJZ8252,0.5243012178222252
OTA2435,0.5867059660444304
ICK1089,0.6506612784997577
ECO1908,0.23411092886657264
XDZ9260,0.2966753619503686
XLJ0410,0.4455346995275195
LSM9312,0.7562298300559415
MMS9463,0.7416159400644895
XEI6088,0.4158299184911268
BUF7457,0.39966133908649343
QGW9320,0.5739739423081421
LKC2597,0.21733733714056747
WMD0994,0.6095617809072803
RRB4455,0.32964644783884883
YYX1233,0.126568079571155
FTW2672,0.2996686187899406
SBJ7249,0.6615647753990483
ZJT9580,0.2613850334344789
YQA3054,0.4926127272379412
JGJ8412,0.7711252706037914
UJA9657,0.43582974578812816
KSI7132,0.19070675047939842
OGF9018,0.5522082327011465
KHZ9617,0.3973187336632157
RXI4358,0.5361008379918469
QWK0300,0.14382657655430497
BLU9500,0.28387646602888994
MNG0422,0.43232269943443297
KBU8158,0.26987590239754194
LKL3006,0.7969733328936827
GKL4338,0.4372196703242064
JWG6293,0.12106061715662604
QAW2515,0.7426375451777045
RRF4752,0.3277053625108588
XNT6274,0.750015581601681
GNG0750,0.40217190932918473
BYM4470,0.42054427046343323
PFI2164,0.5171487544878982
YVT0040,0.6716686214985392
BIW2656,0.22641631533884451
SJY1333,0.2946937048149588
KYP7177,0.7176759242088155
HWL0927,0.4181934864586757
WZT4945,0.4727237179307196
BEX3325,0.12817097532399668
QYE3536,0.33751460658419413
RSA9435,0.40671973004678696
KMX4023,0.22986686134829415
AYW7072,0.2275813964982065
THU4995,0.73849676281332
DCW1135,0.6412090540641322
LOG2978,0.48982226106081134
PPP9475,0.32732502356021626
LVJ7546,0.2596441426270327
LOJ1062,0.6893246565303148
VRW3439,0.560047414298065
OSM8631,0.09371504154209304
DEB6956,0.12528121492982183
TLQ3678,0.5179456250997085
NIJ0124,0.5746781449529534
YVA8893,0.453474931131864
MWM7162,0.2687322990084195
BTP4984,0.303452686424328
QLZ5480,0.4287279251153515
MQI0456,0.35196308379350133
JZB8717,0.22514855761662717
SGS3243,0.5589837003881544
ECG1932,0.38072916889524255
IKL0922,0.3016843275889905
ZEA8656,0.7181863899849528
PQJ3332,0.38996785642032444
JPD8924,0.48429470203875585
UII2018,0.5633374062325283
VOY5170,0.3001265404660592
DIX3994,0.36228035760404576
YYN4667,0.3685901984298684
RTN3895,0.34939894771864594
HWA2899,0.5830920772291567
PFE9704,0.16753704198280644
VSQ7496,0.2890824197811904
ZFZ3363,0.2576600122420766
RQN0784,0.5668193072255209
SDA6052,0.7193440379664039
WZP4660,0.18687274440363066
LFM1956,0.5799707858783472
JGL9272,0.4244056829751727
GYE1401,0.4191746920353761
PXB0812,0.7213606988405676
MHM7208,0.4950748928141326
JUL6037,0.7401378968681942
GKJ9414,0.5665422956244405
KMY2541,0.6536072483212276
ARB0479,0.19201785168344457
ZOB7169,0.48533134963658026
ASW5148,0.23293524401940519
ZDA2366,0.27656293264938187
AVD0872,0.3947168048098133
CCS0420,0.2973362379535101
TTE2860,0.4130257830430236
GTY0260,0.34727857463412465
DXE4385,0.5721784295809553
KUQ6497,0.6716915415603151
SFP7730,0.6085196702417257
CMF1328,0.35453739943692947
LMA8748,0.801542242858063
VGR6653,0.3201895903328067
RGZ9524,0.1804495792260337
FET5502,0.22055629112794475
JEM2463,0.2693444432050316
AUA6044,0.4511688748277616
HPL9647,0.607294411248452
BPS1507,0.35039351040606465
CYN0995,0.7637477173091953
QHA8114,0.29415742766187614
FQC1777,0.5140621180912355
DBS4086,0.43381180396654306
QVF9227,0.44367461279605713
VIP6915,0.16009065280312
MUD8340,0.7421686349208212
JQF8966,0.2566316682961705
RQI1364,0.5830058956655286
NUF4509,0.5057482935394378
SWZ3190,0.5902047571398469
KXE7933,0.5111231248954294
EYA7729,0.6056938567905668
HYM8302,0.43449298667349623
GCB7154,0.433506717623687
UUE4847,0.40033652617407484
KVU9663,0.24210419138066155
CUK3424,0.5182840990334993
NUI5688,0.5011114104753167
CTV6017,0.5196006091929388
DLV6265,0.5399665300586552
JEW6037,0.32094672842255123
RVI2343,0.6017970119696259
VZD6811,0.4251552503466727
NOY4863,0.4619471297458366
UCD0369,0.4850224344087027
KOQ1845,0.33745429940304034
SXK9864,0.5420075351867953
QWH1123,0.4790149422731058
KET7710,0.5839453250518123
AAA9588,0.7273395652098245
VMI7234,0.6095775289356412
MUP3281,0.4090956123429893
BVN3042,0.2779755971661477
IGH7033,0.5310457678392604
VWJ7094,0.40515163545474014
HHY5559,0.45367475979753613
ZTO9615,0.47306620176106134
TXZ7480,0.6942889119539825
IAV4641,0.7944209799381443
YTB5875,0.6052214903910795
ERO8164,0.6072666834564856
EXI5648,0.7262882406104705
ZIX0400,0.4297080983754245
ZBA8054,0.4243251673272946
IJQ0067,0.3056016915257112
MHQ5990,0.314633554425217
BCI3337,0.1289586923507258
SEY4573,0.32811622501535587
MDI7427,0.4018910205268496
EKB7410,0.5234355218833541
YMD6194,0.660703329028166
OXP3211,0.5305574029475768
EZU4202,0.5002388243977268
QJO6550,0.45882876052247434
DBY2718,0.41216534353324563
JNH8313,0.4596622669073033
UAF9340,0.42679864016511304
EAU6080,0.3310942525189495
MNJ5531,0.5125766541371998
RNX7667,0.3156598392787479
ONU6035,0.4310831950939032
BSC8810,0.5219247730517074
FBQ9869,0.4330650079591458
RIQ7033,0.47200674072386856
LGC4819,0.40707337382492864
EMS0266,0.5659646181876343
DXC6825,0.3169517460393238
TNM0466,0.5397809097318206
LNQ8961,0.2477310747010808
RUP3769,0.8167510244702135
TZX3040,0.5717017960716793
EVV4409,0.7240068372055007
QRC2600,0.462858580868288
FDA8093,0.8593071016309788
BAS5021,0.8085890652547236
URQ7179,0.5877294556854493
EGO7411,0.5145375647385861
VZE2929,0.33254807503985384
GPG9657,0.5600971019449971
UXM4472,0.6231728224008479
GYF4105,0.5014574363108157
PKN9430,0.4082904832324723
GVW3536,0.486912198219248
MXB4178,0.3233470553119408
JZG3275,0.5327544940411135
YYO2395,0.2315645053485365
ICC2081,0.3887941470905629
DTM0924,0.5582167808152306
NYP4516,0.640610850477278
UNA9848,0.2821652534143356
BYB5464,0.5386713101380033
DKO1294,0.3430493373386059
PCP7504,0.20685864529363565
IJT3111,0.568297519997141
AAK9116,0.2536347352343488
XOT1298,0.544461771153514
QZV9383,0.7760197809023652
IME2259,0.48116317680167925
GNN8970,0.6631825752209058
BQJ3332,0.44581588164669383
OXP1204,0.4320078926870436
VNJ4126,0.3602465151872374
TWG5565,0.6810684375818891
QLR5710,0.7136320066983659
VJD8728,0.4841259447057314
VXX9955,0.4353247068498499
QOX1929,0.1638880897879699
VAL7213,0.7186561117033247
PDX5198,0.3103973363982085
LMM2608,0.48828643133200283
DNE1153,0.22132779499592684
AUO0261,0.4049464026263441
ATO7516,0.623132675254611
ZHX0628,0.687138597947469
QJF9132,0.5930331503994568
TJY2251,0.6754403175228484
GVH1191,0.5129153121152231
VNG9948,0.12837176029861547
OJN3679,0.22681299821341427
CLS3261,0.47673235754998217
LED9519,0.49788857816094484
WEQ8487,0.16542552437876307
DEK0926,0.30713753920381226
XUO6581,0.4955663287153233
NXY6607,0.8843657235406595
TBC5887,0.5345703801035951
YEN9422,0.5429843048174902
IJQ1845,0.22571779111633747
PZC6928,0.49324534297805217
VUG5620,0.6639182229133136
BFK1815,0.5081546731044014
TDA1980,0.4059636421897676
TOW5003,0.28684664900544626
OMN9815,0.16114756773431296
GRE0617,0.4476713239396294
JII4592,0.5517319191581197
AOO6661,0.16140120279506265
CBO0620,0.48957588050450074
SWB7719,0.1962448382026562
BIT4693,0.24510769547540323
MIG5603,0.7566578783519051
HBV4213,0.3430713288089542
OET5314,0.5768156264925295
COB3315,0.3565311434458159
RSY3697,0.43277083718585946
MSE5681,0.5540004414938493
MMH4276,0.35544754506411763
PFW6501,0.42284492517593175
ZSR0004,0.2277221040850751
GKH9197,0.4532688097622552
TRV0849,0.4702120806477655
SIW4146,0.44073089448725344
KRJ0667,0.2695427319710862
DJP8752,0.4072812945031526
BJT9550,0.6277012691032718
VZN6590,0.41952011647892706
JWZ1931,0.5717855909398277
QIH6605,0.21748572769851862
YZF6523,0.6704964610111717
QKG9178,0.1605823802769913
QIW2111,0.23628492648408397
SQM9169,0.5675497090157383
OVA8898,0.5911029452492618
YVS2362,0.2681148733730113
FVO7749,0.4970660845977931
NNU4088,0.1782052083993525
APE0586,0.20930194996426058
VSX7592,0.4162765983072271
VPF6231,0.4394069092392777
HSR9557,0.09437456926042218
ZAJ8603,0.1329069010381576
TMK2376,0.17739722134644584
GLJ6382,0.5811840764029066
ZLQ2374,0.27763833165489954
JLD2056,0.20424988852016784
MRY2653,0.3782752364957606
IKL9848,0.42464901992874377
NUU8477,0.48805773272168385
FKL4317,0.5133673427930471
PPW6729,0.5513028662836196
SQO3135,0.267181781875801
TPG3348,0.21913950897063142
PRV3805,0.49945187500256044
FOP2376,0.35785360169193436
KWR4841,0.47704191119339484
BMJ2460,0.5188251584416642
JAO1630,0.7459525041519323
NZP0982,0.41508173732769993
IZP9673,0.39227568674933855
AXH4205,0.5912753132350492
EKY2953,0.3032344659154578
ARZ7146,0.46103747733412426
AZW8658,0.4062672049775335
DVA7837,0.5319268061834402
FKH3342,0.502409206965717
GTJ2409,0.5449670704599091
YKG5133,0.34419880792831015
HCF8656,0.19165227988336966
CJM6032,0.42525445268292417
PWL3400,0.32037147572506086
FRN6924,0.5596820522236153
JUY6087,0.5315746722757687
SES3445,0.5546748750742643
WGI1556,0.17982610826838372
JCY3296,0.6646718259598796
ZYP6649,0.2522155990470059
AED3703,0.5503751316063583
MTZ7722,0.6109338480219756
BJG7415,0.3176675567387652
QUQ6472,0.5915231126803895
ZPH0403,0.41365600594581864
TNT9669,0.4480757440002274
UPQ7495,0.8247430772553535
UQN4012,0.27184149739792063
TTO9584,0.5175100142586674
KQR3390,0.3881192514239103
GWH4376,0.1727818787001425
WBC6848,0.47334257562136134
ROT5760,0.3992585462787262
ZIR1901,0.585666395409036
ZMP0907,0.5250152065650896
EJH4064,0.6938500015260906
IAA4193,0.4631825629628896
JAV8082,0.6447614338724054
BZJ2124,0.45872787384333946
BHS3652,0.43124750936126216
QGN7269,0.22480857703675727
BQB0802,0.39650057661544863
LAN9368,0.21794029665884754
BLR4102,0.4610420465601057
EJL9181,0.2843677787286862
CGJ1367,0.35450787806420014
YGM7289,0.6960725353452106
ANE4633,0.6754401031889118
RVJ5763,0.31682096668426657
EWD0068,0.41004846122792765
KIU4194,0.5931351602157863
QUK9800,0.1648480969314305
ZXV4730,0.191995868590452
LVO3150,0.6729580336367834
AHH5972,0.4383292093605267
XCC1590,0.6086719484343074
GFT3151,0.49401635853003323
ODI5254,0.4406775631771566
OHC5461,0.23125358598150472
AAV2795,0.24395908399893548
LOZ9316,0.35537171576760196
KWR9727,0.22704667128535197
TPP8062,0.14299457508814714
AVM2870,0.6148842311628037
ODF8635,0.7340216955035649
CFI3776,0.46624407622869035
YFE4650,0.5564218960584126
BCO5854,0.7188442393139877
MMN5992,0.614231365196934
BTQ6212,0.3618802506899318
VXN7611,0.7894974958870213
HXL0687,0.6595096299683924
HCE8316,0.4022651417755869
WZS2541,0.2975262234062183
VPU3401,0.49211516986622267
VEB8716,0.6219598878463318
CJV7406,0.48048553393733684
RJP1923,0.21441887404050977
KBN5171,0.31412146945297886
QPB1565,0.15899397701720414
SHW6134,0.3653706371617666
PVV2656,0.1303274062402182
GBK2327,0.6797784766408475
GSH2269,0.42138228153976426
HQH5342,0.5028664136414664
IOH7276,0.387234519887792
EEF7466,0.2225000868818758
VGV8594,0.4277801308607746
QSY8941,0.5841093078048503
NYC2081,0.43593520640350497
EGT6687,0.6219907923905873
OEG2338,0.8147461965143628
VMK6024,0.16288388868084938
AHX1094,0.4917409787628807
SMN2302,0.759307812333846
WBO6639,0.2961576148294007
DWE4874,0.3378052870725501
YGG2124,0.19414321717864183
DLT6927,0.5933962671414608
OMQ5213,0.448331060068115
HYN3175,0.4454845400956265
MXM1386,0.36438068342997704
YOE8273,0.3786229568261364
SXH2889,0.4414594003180872
CXY0805,0.6915744167688023
VQM5812,0.4058212095940531
DDA7524,0.5696786337103023
WOD5143,0.6145026895484321
OZJ5660,0.4891184367360839
ISX8503,0.6471721768303894
JQX8638,0.332519311049856
YDL1970,0.7307567415583038
WFU9294,0.20333386893163993
TPM6484,0.7437496063287928
AYC1772,0.3690792823058997
KBW5416,0.19876278403334136
KAG1205,0.2970364678168662
ZVJ7299,0.13439591659503303
JLE0161,0.2692853099331743
LEA1423,0.6910860728820903
YBA3882,0.44877217915188405
UHM9085,0.5745287734037805
MIL1434,0.7762652354054523
XPQ5985,0.5357218864286603
UPN6139,0.21810018014679275
WJA4580,0.4392297632862085
IMT6969,0.33675119573703133
LIO2897,0.4120149804166267
CXN6801,0.4044815608786533
BLU1556,0.7417055251409617
AWG3946,0.47562228458892697
DLQ9556,0.3704000910791797
XEU7488,0.6107215137595106
FQU7276,0.44032875137225935
NCY7459,0.28681834068947337
BCV7892,0.7772584347611228
FLH4618,0.42680583585473597
ZVV3028,0.2537049974371657
QZN1601,0.6946529974395929
XJZ1637,0.6722688264257455
SYB5040,0.531149092361502
MAT7613,0.2630089377292
NGH6801,0.4848647313928671
ZOL0059,0.4611597144495202
EXA7114,0.4919391839060337
CXM0142,0.3054420226687632
PJS4371,0.5341431296779989
JXR1657,0.77300024220052
BEK1391,0.5404896827939054
WXU9583,0.22722426564905981
RNZ7098,0.6668018022936427
PMS0890,0.5844079887720258
AQL5980,0.7423674062982402
ERS2016,0.339774725942375
ZOH1839,0.17535671943632014
FVX0195,0.47544634435668487
BPH3648,0.5306488817297708
ZVF6316,0.2681084622635208
BSK9724,0.6896613623162058
IBD2355,0.1533802864644679
CFW3424,0.40099684514571954
HXP4535,0.32386984541180525
CAT0625,0.5978931347205179
MTT2731,0.3994092917352027
IFO0991,0.29087219693417116
GVG1586,0.44843065882089567
CFC9673,0.25071627639663996
TEU2111,0.6441258311061644
QPS7127,0.24223621550225125
YBV5242,0.7065486925579013
KOR4670,0.48177081208617634
QTM8492,0.6994402368736292
MYK8510,0.295391874978387
NAG2773,0.5405021170453291
PEC6263,0.4623091840893827
PGD1204,0.2945301304886548
LGI3912,0.7723217987741692
GCF7357,0.4960925693852905
OQQ3585,0.46887719888265006
ARM0626,0.38327777413636976
IAI1021,0.5663347044817529
MFE2142,0.4793188960083806
KPI3589,0.2992796467708761
YKS7999,0.3831723578114361
VGQ7720,0.8333248179608996
PWY5428,0.3825879223394414
VAS9650,0.3850371343813293
VTV0991,0.5194062940018983
HQA7458,0.12670989653647333
LSI5734,0.5293210982307643
OKO3668,0.4238866677675027
GZL1877,0.5277106567097714
KWN6422,0.29225383281042144
GUA2567,0.21509737877865598
RPQ6675,0.44935478238448284
YWS6693,0.35032597443249147
MKE5428,0.3478992582539869
LDN0458,0.37449186788067756
GGQ9031,0.4154703304129972
EFY2280,0.14477091983868334
GHV1064,0.2749617057996158
SIT8510,0.5535456808532107
LZK5720,0.296249589187994
EYY4984,0.19281146657963857
RTR9720,0.12222063399320127
VWC8361,0.325866820058938
IJA4476,0.5611469673174014
DUM8709,0.38183542098682727
FFC0445,0.5232281028052317
JXW3652,0.4559191981193614
YMO3299,0.44732495522506416
NNG1473,0.37401299976475405
ZLQ9497,0.3405984999446789
CEG0886,0.25058110208741396
HDH7352,0.4865496314160101
PFY5839,0.6926812227943832
MEK8334,0.6599920428966832
NMS8978,0.4932891374040987
IAK3961,0.2207140042660112
ZKC1865,0.6984055057561009
IZE0994,0.5643528493631862
IEF1735,0.5902095307491467
KRJ9966,0.18255458986651113
UTW1027,0.5816540328990094
SZS6272,0.7372383074964787
EWF4567,0.5823875630905881
RPO1618,0.7136970944693202
WPH0720,0.27403362136497317
RNX3075,0.6985318053698591
AEQ9742,0.6142352247948794
AXU6734,0.5477125769827358
YMV2014,0.3399011210491114
DAI6955,0.30730692228581014
ZOG7564,0.22974245831991208
SEZ3317,0.396112808094273
MUM2400,0.13680907562114392
OXQ4007,0.2818459932657425
YFW6128,0.5990751082744913
JYG5473,0.34887019526634355
LUO0745,0.23398488143937762
ZQF4174,0.3704963151132645
IQD9173,0.3988966260403826
GOI4498,0.3514587471650571
IEA3699,0.2293574343190197
DGM0987,0.5051465475276897
NEI7370,0.22324518549247324
ERV1656,0.28988239434437213
TKS3561,0.28614753208669763
WLW9309,0.5093512860706257
CGJ2857,0.6728508812872409
TSV9145,0.13952778464804252
UUQ1311,0.5311918303003879
UCK8281,0.6308684069468808
XPR4649,0.20009858833355823
UZC8409,0.2559219748185397
YQC1970,0.3792074527835242
DFP4363,0.18185181178903861
QZS7440,0.1446812827608925
TOP7250,0.442551237638173
GTO4021,0.3640132393558816
MAY7087,0.3322403630237469
JQE4302,0.5532712692164878
CFU3071,0.2966579190149564
OLL6961,0.40230496183433134
PPP6269,0.5237176237842049
VEX9118,0.4643506070548371
NYL5099,0.5979571551564168
YGL9131,0.35161221141198923
DGS3906,0.28333307894033344
ZLO3535,0.22912967486011576
FZC9071,0.442885568229697
WMI3939,0.31525399053378683
JPO9622,0.5838636059629919
VJO1435,0.40440683793108945
MEE0643,0.5776390574005927
FEB8548,0.5431330418885052
ZHF8378,0.354309610715138
QLA4090,0.49682984516193435
RCB2810,0.43313211660297624
ALJ3904,0.14475981225250495
PNR8169,0.5895199909652041
PYZ1926,0.4882196535027581
UJK4426,0.3517369591209742
TSH1599,0.6241551358156319
PWK7163,0.38651211624052073
WLA4833,0.6806733029103338
LDO6548,0.2848905328641363
FQC2356,0.46740291081014834
TCV7063,0.6088216363240015
RVQ7144,0.49975968636195117
CKZ0327,0.45725676438056145
PBL2066,0.39118343606834205
FWD5802,0.3794876169073206
GZL8043,0.3298376997653852
BUR8794,0.3904590210154201
LSD9958,0.422721150069305
CKP1348,0.5771603668464431
LEO6471,0.636203965453026
DDE9666,0.2675629680406628
GLF3965,0.39935437800302337
DYX7823,0.556777871969227
KJT7189,0.3905145725171893
BEE4902,0.33868873543347167
AUL8562,0.26977626671998384
LOU8589,0.3479265238728505
XGX4399,0.5776061402501436
EMH7843,0.23364357512408754
XVW1746,0.6850261689858116
FRA6871,0.6912299928858431
BTZ4615,0.5474749338482827
JVK0399,0.48480710204443433
FBY7439,0.22669233904349304
OIK1811,0.3641185448749021
TKN3551,0.23646537585447466
MTB6145,0.3153274855851465
TEY1076,0.3999204682053869
RPC8419,0.43697180460871704
CIT5139,0.15145950378083853
MLI3430,0.15009969067452528
RUM2934,0.33663185535588264
GKW1381,0.710153172128518
GLY4319,0.6268598767402961
JXJ8620,0.6388594471697044
BBG8561,0.6961184942425832
NYD6470,0.44764108458299356
UKF9707,0.14352181920302384
BJO0932,0.7014574096053376
HQB9105,0.8195494817457366
FGN2844,0.3082744673483433
AXN0878,0.20380278231965931
ZEL1467,0.2777772527818857
HAK5952,0.16279994145422366
UJV9692,0.5707552924270374
VAN2435,0.46694711427910696
XMK2800,0.5146220171982918
BRM4559,0.16324860198068092
VMA1079,0.6526931353606922
WVE4547,0.49598940920221113
ZXW0932,0.40677429248623836
BNI5636,0.49740293608236597
JSQ5352,0.6306516558003283
JIK0732,0.36024839865070174
WCA3320,0.6841801398327007
DGH8126,0.36998716703232304
CHF7735,0.29896399007392954
RVR4678,0.3332663346019733
YCN0564,0.38957433584926
GTV8271,0.5495303490395291
VWS5640,0.7332366650754469
BVJ8966,0.3003295399986284
COP8976,0.2059594056512845
BOE9059,0.5147853612028668
SBJ6590,0.503408337089549
UYT4403,0.2422523328621385
KZV1116,0.7000127353198031
BRG4032,0.47586781884842194
WYC4073,0.28914863100004523
IOJ2896,0.2958479650587223
LGG8684,0.43181497162533017
NTQ2843,0.40992525876380065
ZMJ8643,0.32779598700228313
HCT2467,0.25793116046667286
DIA7855,0.6121699653450811
AYZ3084,0.500136389338057
RQO3935,0.475283516881026
KFL0846,0.5161115807850714
JQO2913,0.38487793173746415
DMD1697,0.5762656809526879
GED3979,0.21366568258537463
JBS7118,0.40828007462404703
QQP9322,0.2846601117772892
QXS1157,0.33909870802757736
GNB0143,0.47953014377445025
UNZ5294,0.3820060330406928
IQC3186,0.39451380249062096
YWD1004,0.293012307728636
GDI9314,0.367020101017693
XEM8565,0.5902584456977463
BHJ2958,0.6713586163138793
JSS6390,0.7258367682743793
EFU6084,0.4077245682584412
ERJ1605,0.5568397862873159
MSK2594,0.6111901690363188
WKZ3834,0.4029563375095945
LYR8244,0.5805779272509474
AIA4353,0.27774005166102966
IJU4513,0.5394763874244106
NET1084,0.8781537559758391
FOY8002,0.7054134499738444
IVT7362,0.2540237051710426
MXX0393,0.18357897209151483
MMW2468,0.27517387107604935
EYE8405,0.4294855066432274
CFJ7271,0.5706414112698015
GXG3374,0.5415188709153045
JZR1336,0.4089094193610565
OYB2502,0.33270497394443704
GQP9769,0.4546383973798418
BTM3832,0.3933226236986064
BFE5307,0.3802848946418672
DPV3741,0.6028230109581794
PQF4011,0.8012639938068543
SWH8660,0.3106058704925255
RUJ4124,0.6695910141310328
JIY3874,0.8532926825295021
YTW0738,0.4164070301468798
DAF5576,0.5301046943642188
RME9904,0.2561314246814941
WQD3637,0.48195327403191235
XRC5135,0.26211392707146886
BWV9133,0.6668522191479033
YIE0212,0.38677787251544243
FVP1386,0.37800008476710595
JEV4772,0.45486179035763136
IEQ2327,0.39252756118257465
JGS3639,0.7478527811672167
SLE5494,0.32355234290316365
FXQ4001,0.37759418940830974
BIV7112,0.5921845956567925
MJZ2835,0.3820454852677454
UWI4086,0.5265507697988155
GGL1207,0.3705296066958361
BTO9222,0.4382066118480535
UMS5559,0.2997670741102146
KXR8978,0.5102051137360526
AXU6879,0.45886019475676143
HWM4825,0.5226273526513755
KKR0210,0.43083644642987706
KXI1947,0.29557456531823945
ZJA9996,0.3428933541159558
MIH9177,0.23397803691259225
DTV9213,0.39780070079593915
BNY3169,0.2402472399230089
KLP0815,0.5261076013065923
SDD4646,0.2830434068834988
RIR0329,0.8930399608538954
CBI0742,0.4931814577062697
FJW6585,0.32455868373445823
IGJ0815,0.7326875653380306
HXV3170,0.6872769850750059
CCH9613,0.23355932560184248
SBD3987,0.21647369893118484
RGI4775,0.8408449024392022
BRW3605,0.42974685169904286
ETH1834,0.5039450473505924
QOH0105,0.17915832947344137
NXU2122,0.34645626471769436
SPE1936,0.2779744011607562
ILP5244,0.306820619110493
DKB4195,0.48859397000159516
GGX6644,0.24116312233575418
HDL4118,0.8689477938864791
MUM2925,0.4600960254093577
BXC0675,0.7832542045399011
VBG2014,0.2721806320666858
VLU9792,0.3336515059263428
RMG6391,0.5268394666118498
GAY4087,0.42082560842901157
UJQ3777,0.3667920827607179
BII2514,0.39497631305324066
KSH2923,0.19597992841334605
QCF8781,0.4723601381745905
ZBW0966,0.48454893951188943
LAL9849,0.7400920367531547
TTF0318,0.4906785668510131
AXH4028,0.3390491632084186
DDA2131,0.6223484692371938
ZHV5176,0.41041375590739887
JUK7771,0.600783635241475
RMU2942,0.4625194917378548
JAY0661,0.2565228813219465
CNL5981,0.34285519324798225
RQX7816,0.22989089059630952
KUK3137,0.501461840917509
EWA4218,0.6868756715403658
VEG7294,0.3621890868160028
ENA9649,0.1540339701274425
PND1769,0.4403010240117928
AIL9603,0.44585495786108903
PBD8901,0.3077249107519501
LRW0566,0.16694645314312853
DSG9297,0.4707103096959329
ORK8776,0.3772346410878373
RAM1246,0.24509825969576884
KQA0613,0.3698035012562176
PPV5408,0.5173304467283966
GYE9182,0.5132599330658583
ZEY1691,0.35843975935981515
TNS2062,0.30523006896703975
CXA2052,0.4737861120057316
IUM9938,0.39929385823400465
KPE8453,0.5744071952963312
PPK6428,0.5914522817286033
ZEZ2501,0.3958503961986054
CTP6917,0.5800375460829328
AXP8120,0.4664757882172492
DUU4571,0.4177962945600941
ZQI1951,0.17727958374204797
JEQ3602,0.504065669004717
PYC9616,0.35029818988986194
MRM9344,0.5461220202526456
AZY8792,0.5465681195972467
DBM3331,0.3342888689146183
MQR3184,0.6757300702245801
KMG7587,0.1169098486590254
GGZ5023,0.19983600212241626
PNE9100,0.4351696199016823
KOV1191,0.8416402870647876
QDD7290,0.8382276722320116
YSB2123,0.46913889310587886
WJW3660,0.39733254380620087
YIS9227,0.10902907210281176
MXD8938,0.5991489262655809
VTK6219,0.2674434461180647
YEB3982,0.3531728203850422
SRY6422,0.8096903893603368
KWS9373,0.6436457054434886
HOV2809,0.5237963252397748
RPS2710,0.4178709720732217
AGZ7677,0.22708619657012546
NSI9711,0.47293849636417856
AYA7112,0.440882994594122
JFE0601,0.38057032778990163
UQY5571,0.5901659880164939
RYD8898,0.3553024843900742
ROY0244,0.3400755706351846
TNQ5151,0.4360910231021335
BOV0135,0.3985350084707252
BEN5821,0.4519762765088675
JAU8428,0.4058316081850983
MTS3008,0.49897340538735374
RQF7412,0.48780913971282264
GWM5403,0.2275086746050231
TOR4862,0.8575748659062642
VXS2017,0.2940770153828004
PNG6506,0.46688388435043976
KTY1630,0.14491093846018588
NEZ0088,0.3400094431828246
AKO4410,0.354793670190021
LGJ6361,0.7179258612673121
AXY5928,0.3475198965035674
UZJ1364,0.7908387427330842
BHK9223,0.17837454461901198
ZRY6611,0.6675609443656021
SYT9117,0.2866133469651952
RHA1752,0.38423035395336436
QHG7774,0.18620430719418266
FZP1221,0.657947181338032
CXT8185,0.4543058160599408
IYS4616,0.5804025714679996
WBG7223,0.5773395998697283
POJ1795,0.14188443069997742
BOX0998,0.5144143713429936
PCE0012,0.32269234026231863
LCF0616,0.4079375027948774
QER2016,0.3681079500879434
RGD8830,0.709844232161632
EEI1108,0.3167277513364703
QVC3142,0.5345603031668343
UBY1157,0.44163667940460766
JJR8103,0.33177426499242335
GID0753,0.4602360135121302
ALQ2306,0.29834288144278914
PAZ5488,0.6184504425102699
GQD8795,0.3121844059401019
ZKF0734,0.36838882192367933
CJH0968,0.4380802429623255
ILL5777,0.5989121668891341
OCQ6817,0.6606503056154991
ZEU2990,0.595820899984232
ARU1460,0.4561927277465549
EEB7566,0.4301120969286785
WDY3934,0.6302024566437232
IRD9332,0.29782277056059603
GUW6567,0.3295317770779584
HIF0807,0.638403622581449
ZCG0051,0.6677888779331357
ZOK4964,0.36463293395535584
KRJ9215,0.14480991449211345
AJO7833,0.4206258711557086
YGZ2186,0.34741967197545104
HAS4692,0.5232467031648088
BCF1980,0.5859683724986412
CCF7489,0.23316406950311958
VYW8259,0.5766361503070688
VLO5119,0.6740543979368394
RKC1431,0.3097500505282092
IZG3588,0.5034395388323535
IKZ5035,0.3093527628557517
VYV2122,0.42557051842112137
FXR8591,0.5680493753145586
PQW0600,0.40418987807669804
LLB7273,0.39622806779808856
RXV9670,0.45501831041850627
CHF3116,0.5516033177727839
QEQ0559,0.39970011599406885
NEJ4604,0.19618856582657015
OAX8431,0.2283102184194264
NFL1683,0.4336897637020453
WXL7207,0.6442867608638836
KWN3865,0.5596399206877068
SEA0000,0.25077889664319364
CDV9089,0.5288567094632097
PTE9060,0.40946450815928725
EZI8293,0.5043897339055784
ZII8284,0.6101004819827487
YQL4011,0.4243717580128029
NWC3918,0.5047927858420699
PGF9316,0.23547332631276602
JMZ2846,0.4463343537935142
XXM8641,0.3871322939113304
MCO0130,0.5061331787641906
YHC4720,0.7105783360797913
JLQ7235,0.7959036096617248
DAF2263,0.2663030777234164
RRP3610,0.6382474859476464
SWA4008,0.15100663684505655
NBM3100,0.5944224016708901
NOZ8348,0.8213517280696991
TPY9415,0.36345532610339376
JVH4734,0.8202030675027397
KKD8998,0.7765137962435508
MZU8145,0.47957714966102427
ODJ2354,0.6476197272193058
FPK9517,0.5990929235905783
WWT9655,0.3001974929439294
GNF3420,0.5324046983768213
HLY9063,0.6114674649755824
OMP3870,0.35655198726392073
FVB6527,0.22394188501469547
DVO5558,0.7545532895563172
DWI5691,0.2915882998743197
TDT6145,0.28179515958432383
NTN6827,0.5760596125374278
RVA5934,0.44493140813193455
GFR8885,0.25895094925068757
ZCU5825,0.24973279088276445
XQV5298,0.3690024582755874
QIZ4338,0.37554693216199675
GIN1432,0.7583707227567743
RLP1548,0.22792178230462196
BLK7848,0.48044631472654536
WSC0490,0.5736127313929434
ABF3437,0.2947925374382945
HTT8114,0.34742545534075175
CXN2987,0.7522778864632991
KVY1451,0.527269696190101
ENJ2042,0.20236011509348203
LTD5596,0.6773560645593084
UAF6215,0.5753236718334133
KZS7358,0.6016461007117107
HYO5945,0.46594604797446404
JGQ5158,0.5175736332184137
PIN8218,0.7615664092368768
WCP7093,0.17063636989477096
ETJ7006,0.4386903505279613
KBX3042,0.35190414432904493
XML0008,0.5648515634682879
ZWH4164,0.7752036523226863
VKX0637,0.676402028172751
EID2749,0.6310837326618554
OEG3398,0.5544516458062072
FSC8722,0.43601726402026647
CKX1541,0.1863500663641078
SMY9467,0.7098876337756276
MTP3016,0.5247466124344405
ZPQ2501,0.3355573774318816
SIV6541,0.4998353033553389
QBA7624,0.2770461050906312
OZL5460,0.19506601959791203
CYJ3102,0.4014098034253132
GWZ1787,0.492350306830176
FTN0555,0.7513145315333429
HDZ7180,0.7343863977750308
YFY7146,0.6547096603030451
ZKV3967,0.3361772968397162
GHT0372,0.3873353042441038
RYF2512,0.3319779288961279
NVM6318,0.37095844288967417
IZS5973,0.2209819487107521
TJN9956,0.8134033523315498
QLV9442,0.5110641928023073
ADP7351,0.262336171802156
ZZM2561,0.3751588310333924
HTH4326,0.6803894087538702
NNG9589,0.673442439686667
WCC8086,0.29151835055236
FES1274,0.5687387296268461
GFJ9304,0.47553507096776354
JKX6384,0.42409992345464687
QCS8665,0.6925870517711054
EZB6534,0.5697960422002043
NBF3809,0.33987507906519293
TYM7948,0.27815339367916647
JPW9435,0.580784085581862
YYG4777,0.17976448664195438
FME9725,0.32391745486838747
UNW9229,0.27128550900957865
OGO9969,0.3736424409827938
SOC4844,0.3571144920424201
NWJ5906,0.4115094704315646
STF1253,0.44515809352855673
TTB0785,0.2528627699433717
UQE1066,0.5778431140790322
WUP4056,0.5437332737784654
XVG5906,0.3353556453268204
VDF4156,0.15993841776294065
YUW9552,0.45997340367613676
KME7972,0.46407093720870374
XHY4917,0.3562969358508434
NJV5170,0.24763381161467732
FSX4444,0.615555674980787
YFF5235,0.38642725568470254
RZX5593,0.21738665766643636
QFS2917,0.6335985700373861
BKL5342,0.8315236498609806
VBS2012,0.4373424991019625
YUY2212,0.2666293847707125
SZR5572,0.28412525230444513
TXH2388,0.19559630123895094
TNN3693,0.4007678259182666
UZT3585,0.7828372626944127
HQK3080,0.25321410694421154
LLI6154,0.5173769230553826
ZOF1765,0.624041152629406
RLV8929,0.34519946946018515
XHK0610,0.5329601578337056
OMO4138,0.7081877968313104
DBO3941,0.512985683078343
NOL1049,0.5736096952001613
VPE9687,0.7532868610923052
PUT1722,0.8179364292588372
LXR4166,0.47095142412746616
MRS2780,0.29658986403020643
BGO6644,0.45273181511198984
SLZ1775,0.43023197152216885
QVU4211,0.376144344218068
ZIF3745,0.3969945210871095
QVV9581,0.13289314511447384
KMW6719,0.4584172299497632
BTY6651,0.26724102941805256
SQJ2079,0.6611975223238526
IJM3039,0.6089585088035284
QHL6081,0.5606366484420824
XYY3704,0.6184202305990371
RSD8940,0.19474974657256278
MWQ9427,0.504848503712439
KDS2281,0.39431312603377244
ZGF8036,0.7323636565473618
EIF1456,0.4944321248337648
GZB1521,0.16791752520982023
POI6224,0.7417670214882288
OEY3483,0.7116525667022514
QNW0395,0.6325653699489937
FXF9036,0.5204540534357627
ADE6109,0.7726607174535086
JCK1521,0.4950482562086238
PHH7643,0.2842088560258279
OTG5928,0.34107742616487147
XOP7071,0.5300426475398828
WMK3106,0.4146213407682102
EKA5575,0.5830689473620397
FVO3531,0.2216624387648206
DLN0234,0.7520543826150282
UIY4652,0.4654006920885858
YRY8615,0.3651154649084165
ZDG1261,0.1462795587667078
AWD2190,0.47174561745502347
KHV6984,0.16917313463144218
RAD4091,0.6021414249308408
IGT1178,0.8567346493809114
FMF0970,0.4558497310040045
MDD3279,0.4446571492022294
FIL0048,0.4341306397924857
DNX7324,0.5541450251035558
LLN2770,0.6480237404053977
QEE6829,0.5373656142515151
AJL8427,0.13992355908600643
GHH5153,0.41768620989212935
OSM7311,0.18915766710672555
BBF2867,0.2933380116946106
WJA5248,0.22217147294139947
JFV9029,0.38749736195414286
ONY3338,0.3022800188811551
RYV7167,0.5931309948019924
XYK5207,0.35343860108024583
VQL2467,0.4415989152730903
QTV3905,0.5448967418468406
ZXC9568,0.4749725229832825
XVZ4297,0.31853628457787847
TLF4772,0.2780710531984246
VXS3827,0.4340983908903872
VKZ6866,0.25031883936838695
IHT0941,0.400981377936076
GSQ7558,0.3461990852478638
USE8246,0.3582042633543667
OUK4608,0.25142387082366696
YYY2709,0.14124295602375167
YIV4482,0.7528185448766221
KUF8780,0.5994487579403782
JIG2780,0.3980046218009088
KFC7566,0.7605700124294269
IVC8672,0.7869347673183242
URG7195,0.28641090296748095
LEY1887,0.3661674621829438
MTO8300,0.2703342999469096
NOY3485,0.22992590309202887
DWK1635,0.6015208137677537
VWI8259,0.48080395139433485
TVC6021,0.4497334883425434
RZS4121,0.6042534885569593
MDP9088,0.4141433912843542
IDD8680,0.5206628380408814
CJJ0067,0.4024603513352442
HXQ3855,0.7296095512329112
ARR3600,0.25668278121924315
HDG9113,0.7861664772631669
EXP2649,0.2313299262919141
COM1513,0.376645005944174
BSI6025,0.512623407867976
QTF2549,0.3518616964160532
DEA4939,0.268680713279971
MEY5478,0.3222154127671784
WFN3819,0.7007098571895705
DLE7102,0.22399965389785484
SVZ7837,0.2915912430938365
JPG9474,0.5667248664523268
PST1973,0.34923421619532014
VLA2925,0.5131561401200576
GFQ6921,0.7559161671869844
SVQ3659,0.4577392884607575
HFJ5560,0.30323646302373825
TJO9482,0.3064251058697777
KEF1283,0.2564957690727898
XPE5334,0.4049407790699053
XDD4731,0.6327318087370697
DTC7666,0.45189811960279447
MAV8739,0.43557771214231467
GCG0006,0.24834877930997346
EDJ2014,0.5768025507077785
EPX8664,0.25476882582601923
POW6716,0.6111243050452925
KAZ2977,0.6779198290368832
XCX8052,0.3181800223313368
ZNV2307,0.46096927075632227
TCG4082,0.16744823389958505
NLD4865,0.33333225837971003
DRT1162,0.2800718563336759
NYV8017,0.6094978823777446
YVO0721,0.8538541321771485
MMN3031,0.41146734441546623
KFS4774,0.3767247620137055
CCW9949,0.21143661304845038
QZZ4039,0.16955103363691545
NKY0219,0.18126397005364372
JHT0528,0.07127492310540343
KVQ0049,0.4179195413381529
OHY5260,0.41263664081045065
MOV3618,0.5954041595055328
MUN1785,0.48972128081933447
IES0974,0.526453282822121
FJL0266,0.5824188938020628
OQD2211,0.8130623388616868
OMC7899,0.23046719855453823
EHN2289,0.3731321054777528
YBO3438,0.45134384243870834
XGC6121,0.49173442027709857
KLZ8117,0.5428754266147219
QZV3301,0.4499479133183176
KAB4183,0.47362141186431944
MJU7092,0.45163622441991097
SIG4960,0.3370554079161138
QLK5702,0.38206560844345616
WPI6483,0.48255585002759854
ZUH8446,0.5003374275561036
PPJ5717,0.4718776212417856
MAL4596,0.2564108266232948
OWN8577,0.254514434404427
OSN2565,0.18655931336332365
FGV2111,0.2219293282686039
XYO9485,0.7591415237298222
CEJ0840,0.5001903082647232
BMZ8322,0.2494040878327497
BGS4330,0.7046252588536212
JEI1597,0.6991161814371938
ZXQ3606,0.48384220284302853
QZD2155,0.5829409704804743
ZBT7709,0.24416340496569539
QYV6318,0.557237218156262
XDO7573,0.373975161136618
HPM7246,0.4579108552115424
CYG6666,0.3170642950036694
AVE8214,0.4571105892806722
AFZ8966,0.4063542044283031
FOD9580,0.3830411267700006
AXA4301,0.3339461532403101
EKA3091,0.5146773362077884
XCJ5568,0.24794711643613304
WND2059,0.5063099478796687
SWK2288,0.19039660939739203
IWZ2880,0.3004859953665888
PIT5158,0.5594197830895251
MKF9945,0.43702156580804513
ZCG1930,0.49938053472221994
JZL2900,0.6203337251991072
GSG6048,0.3798687216370237
NVU5467,0.46290667903221255
HKW8901,0.46888252004806713
UHC9744,0.6392116027781761
RLU9682,0.5575461955039296
OIA1294,0.4122182538968366
SZE3233,0.611437014588359
IRU4838,0.1994651891759583
JES1785,0.40608954756625365
UCY6561,0.32826777071978785
OTB5118,0.3723073559074095
JCN9706,0.667563387056833
IOH5588,0.5912040484971134
QOW4543,0.2168326012109015
UHK7473,0.6466529319061783
BDH3448,0.483159941658703
PXM1687,0.2922607773312096
FPU4247,0.35350778644691977
AOX3969,0.5605794472452753
MGM4489,0.578389190567293
NSJ5694,0.5680789404528498
KHY5361,0.28870553658503123
IDE2014,0.6727265701509886
CLG4527,0.17104423200431046
PAE0187,0.4573688290594635
TZX0712,0.5465817039741232
MSI7288,0.4774074138823112
OPH1133,0.8219121284292381
GIW1153,0.7276362874893808
PNL8766,0.24319192212724838
RJE9943,0.3526911307118034
TZF9992,0.6746451054532896
OAI9854,0.24952264678328626
BMY3167,0.7419142292203288
HUA2243,0.15895553445084523
WPV5328,0.22603884895874826
CKV5562,0.7350453445342596
XTM2180,0.6100493796720472
JCE2465,0.4028971225907484
ZPG5413,0.3982921367385615
DZU7019,0.20308943655353834
VXG1725,0.5535229949199966
OPM6059,0.7616878743353505
JSB1729,0.8398850253673602
KUT3144,0.2913612409782389
AMH3165,0.17161737285887615
NFK7084,0.2201854914842394
YJN6123,0.3785166311507211
ZYV6499,0.20679975640049766
DYE9365,0.5502467414275773
CYH0071,0.6615181585517083
PLD7359,0.8642151105524709
OQB2795,0.5408389268434275
YJG4869,0.4568862921873264
VYH0021,0.4070313572687461
KIS6502,0.14664762206024312
UUY3020,0.45765103391917744
PHQ0092,0.4027479780373194
BVY0985,0.6985298544446563
YRD6672,0.4553188535768352
CVW3569,0.45299624412024636
RMR0822,0.31832673982936405
NEM7093,0.5427884672948704
AJG7697,0.18662734808968273
KDH9406,0.2543323805858704
MQS9876,0.6343791003315187
BBR0344,0.49459236137962737
MJR5449,0.6409976697634767
NKV4242,0.613528954131315
ERZ7613,0.40634654274353194
YHF4884,0.6383870961818782
SHY3389,0.40649717541795777
DYR0315,0.38169455723334395
QRJ0474,0.2102636112653233
WSR1971,0.14341285881310947
BRJ2331,0.42552380387107525
ZNU5088,0.28906615485179166
LGB3949,0.3044517297978265
DDN0916,0.43580166631255407
VNO4744,0.637144093413922
HAM0625,0.10539916433600902
VNS0417,0.6154305742516608
ADY2431,0.43721192584038154
JHO2864,0.6799472757536759
SUH1250,0.18796975877349328
TEL6348,0.8085829121702945
ANO2014,0.4030793531654774
NIH2178,0.3585237745070974
LYD9788,0.7031742745185064
YMS9619,0.3849080158696905
DDJ8939,0.53499098758474
IGY2653,0.3353132731741943
ZOE8875,0.570515978032338
FAX4808,0.3121458384597888
VMM4007,0.3036189388351418
YMD1401,0.27465784733054077
VKT1013,0.15305090150696565
YKE1591,0.33984232782766205
ZNJ7114,0.3335598588188626
JBU9048,0.4237371767376869
RPL3665,0.4844948856406725
DOZ0297,0.5491010678395952
KXW3156,0.3796285745545031
XHI3128,0.5339139223959234
PEN6055,0.64341184459953
KRV1729,0.7495244817625636
IYP8988,0.7405778437868654
NQJ5272,0.5758872166754783
IAU7186,0.33893245230626307
QIS0846,0.5305124734582716
WRB6555,0.7027457755718193
PAO8178,0.6180622532241022
FQB3317,0.2936080547940784
XOA6073,0.15825758113350064
VYY2200,0.6585206126912064
ASL2036,0.5480323240672743
YBZ3502,0.6126353498128002
PZJ0490,0.40491266615225147
LTY8297,0.28933434582508893
YCZ1142,0.20047505571805838
TCD6914,0.5672841614361285
GLY8970,0.3132667744803064
UFH6676,0.42942365490864315
PJE8049,0.38625955677546603
ZGL9870,0.4754164040265451
JHB3243,0.3329778321312963
QCT2926,0.16173446472970743
JZB8726,0.7062045964858951
ZWI7654,0.39509141194595054
YBX9273,0.5766895042704642
ATY7236,0.2521275908364691
XPU6142,0.18863499217803834
KZS3494,0.5765698711257962
YWO4932,0.2963871127530869
VSU1745,0.41624085493265073
CUG6548,0.4616188508125584
JJI8874,0.22744547669627532
RNA2808,0.2864159832242722
FZP4826,0.19346759377334596
GYZ6456,0.2964164159178129
ZBN2884,0.4068972571139801
ZJQ0471,0.18109961139317812
DLA5530,0.28543635811833146
NUT8542,0.6999177923302101
VNK6354,0.8307734824994611
UXU8427,0.371657746365276
GFD3985,0.6103635055495937
QQR5737,0.4080535719083622
AFC7665,0.27723903997415134
SLD5495,0.6903622633254402
VHD7317,0.6518516133243234
YAL5508,0.23675305999633256
OKH9384,0.6532263086743235
GEH9340,0.5560941931782631
KDT6136,0.44021060325529215
PGO8069,0.4345967999527764
PLJ3715,0.40732844278623226
BKM1964,0.23864893869229414
ILT1034,0.414401159735165
NKT5664,0.37748047998843826
DFI0560,0.50170791362163
WTZ5124,0.6968741142671044
GJP9524,0.36274342976726803
IDH3670,0.5481957310638833
LHV6715,0.7000079172466561
SOD1257,0.5572866910675994
XUT0094,0.38402411402093956
WLY2791,0.536160541830262
ZJN7497,0.43772501649446965
OTP9424,0.6132209744211256
KOG2427,0.4983353336148915
DGT2607,0.35632383990830957
IGV9153,0.27290427956277646
SNK8485,0.21379019639971733
GIH8293,0.3518148471094442
ZYN4270,0.6122865019223864
HAD5689,0.5889298956544506
KGR5948,0.35406469649969313
XRO7658,0.49038134643156966
YLV9908,0.46015965615074533
EAP5638,0.6756143318880633
IFX9842,0.4283159171436053
OMU3958,0.4553311738172924
QFL6187,0.4365393459985231
FVE0231,0.4569458727090674
BYG4627,0.846507367617751
GLU8969,0.45336646280169884
IZD9452,0.46224264399344833
EYW4468,0.520159757525034
AGT1201,0.4506812023939855
IHI9922,0.5996004310837716
QRN6335,0.16676023135505327
FZU8851,0.5116403192576712
GYP0381,0.2745180463684025
NHT4249,0.13053962988069828
FYT7747,0.5325176424397627
KMR5833,0.6385437880960313
XKY8972,0.4139507902205994
JAG2909,0.3308207138703852
CBU6594,0.4148258151104665
KUP6171,0.29162787266038565
WJC1017,0.5399376131474316
EUO4937,0.47519900153776223
CIU7319,0.646401018866191
IHE9927,0.15921325029498098
TPK7407,0.33513716963610174
QGV7700,0.4073804189120499
YND3412,0.4628088061746583
PLP7642,0.5794096994620311
QQH3030,0.09881134793502816
XGS7797,0.4182559972260255
MAG9468,0.25343814882016125
EQK1178,0.3720559709579696
OFC1169,0.2942401025349053
ZYB3704,0.3768809480569267
TXE9669,0.3404060370692666
EDY7478,0.3557029617998217
ZRM3482,0.6132655656297917
OLR8983,0.4641053878121669
KZO2848,0.3095101194626291
YUL2449,0.3729712381709751
MQF8373,0.36613543813310623
JIO0650,0.2096720793406734
YLC8229,0.5027500121706265
CIQ3019,0.6879893760783152
LID4577,0.49209452780042884
FHF4230,0.5370073595584982
VHY9741,0.4733104531711829
ACZ6656,0.8171197624508405
XPK9673,0.21839889586524266
TDS9357,0.3679804180348427
NCY1055,0.18170897213540035
YUP2078,0.3276041244539492
NFA4698,0.3142172270187742
NGC2448,0.3806284552954233
MCP9761,0.30494488717890755
OWJ2412,0.19687269202889549
PHK9684,0.5737187554302208
BOP1305,0.39802486056469566
YGK0608,0.37101456850650727
BJV3737,0.24986846991982867
QAD4506,0.27016130865004445
RCU1459,0.5437024982952969
ROB4774,0.14641258069345398
QPA1500,0.5314327283994899
ASI9484,0.47626338579011535
ADC5158,0.3306396703186333
TGI2756,0.8887369544399889
XWZ0948,0.2949894651731245
BCZ6218,0.3948283832560004
AZI6548,0.4660110713892309
NJG6414,0.3095889725257744
RYT3911,0.40855263560460225
FAH5419,0.1349985035072773
XDW3658,0.49771268262757357
YFQ7483,0.447827555753463
OLH0534,0.4076321092799419
MOW4518,0.8452977858880256
JLR5477,0.5299314864292842
RCS1192,0.49224622503773063
BPH1146,0.5491798077886889
FAG8556,0.15665964255950174
ASH8711,0.3120658952648731
OZI5872,0.4353750566229272
USZ1437,0.25805499919820785
MUX0020,0.7454729547020285
TCL8035,0.36965172381043065
FXA0346,0.7897784812207463
DGW1711,0.6091191497813104
MPI3843,0.3118979239635996
ZGJ7391,0.23602792054009467
UXU2443,0.44641979871570764
VMG4433,0.29380576120881197
YPL6662,0.5384356552567575
XZI3703,0.6930120624489521
CHM5321,0.35580858754396066
CZD0003,0.26184997831299
UAE6199,0.4107960058058582
ZHP3348,0.5757618717981347
CAY9941,0.40352247942811664
IDA0149,0.670742342044174
ZRV0689,0.5681089458714256
KAG0964,0.27435048847109156
BIV1231,0.540963531948435
OFY6640,0.45781457576299917
DCD9303,0.34503059632057886
BXK9899,0.5379787587340398
ZFH3397,0.4053478389180062
DWF6920,0.24582292260846286
XJB0970,0.5298300567684646
YVY7207,0.3830119869139945
NYK7788,0.7165945128795262
MLS4709,0.6938420140624069
YMW3766,0.5666340609763888
GTT5147,0.41430544322032364
BRO1762,0.5101448129602337
JWL9572,0.2518634731895423
WMD8920,0.7072002969138408
EAE4795,0.450428140418744
CGY2385,0.31354495990137704
ADX0708,0.23681776209254218
JGD1227,0.39959518071662153
ZQQ0815,0.2896208440582724
LGB2539,0.6190612564403539
DIY1538,0.662269873274197
SXD0066,0.5712133877847502
DHG4347,0.33096793259109347
IVL2875,0.47769801894654546
DXJ1576,0.42839466828390327
XXD3056,0.4630415201798963
FKR8136,0.2236266950077502
XHS7469,0.4982437865960008
JXY8304,0.10810585813123505
XCO8396,0.6991660797821726
SJW6493,0.40395601019089555
WNW9509,0.4876478850212228
IIQ7956,0.23863795053936654
ZGN8635,0.4209379331432034
OYS1674,0.5177889722255224
LFN5026,0.590769782745282
QFM4433,0.2656335339948961
SRP0203,0.6475307046171531
GTE8180,0.6201731151945589
BUV2825,0.49583225515386586
UXO7662,0.30742513303505
FBP0568,0.5502796964094738
UDU8112,0.34611725883422484
PAO7740,0.3091823064038383
YAK8421,0.43131808761480056
GVN2038,0.6546053150990058
ZQP0382,0.18306041055421438
CNQ6513,0.4980805300198027
PUY6632,0.4962646503414879
BVP7323,0.385430713534667
RLM4016,0.37243966835083236
YFG3055,0.37029682288788596
IWU5623,0.6359198149367087
HRN6899,0.25922489848156766
QEE6261,0.45916726555939075
MTQ0293,0.5818123062275276
MVC1429,0.48135252998767725
WRG2254,0.5229726290512091
ZCN9897,0.4323666984540462
OZP4495,0.6617328562846361
DLN5343,0.3416009393235598
JEK4684,0.30162757807502516
SJL6931,0.4031509608582777
ZSW8276,0.44798258725818935
WSV2609,0.6552021118453294
MHV7737,0.4069547953972032
YRR8549,0.13627318195991991
ERV1528,0.49181007191564213
NOF6559,0.6370051968984571
TBX6932,0.5497315574295886
TRM8176,0.6378348148328232
ARS4511,0.502816988488747
HRW1770,0.28698066362673297
KBM1789,0.6657818536735587
CLS5313,0.3429982232465387
SYP7066,0.28973601127969056
BAC6711,0.17377827926206946
SKE2290,0.5947929732037683
JIQ6981,0.2535733702937322
BVO7960,0.2920208265415396
ZUA2626,0.5799264158662252
MSG8259,0.2655867018087564
PCC0360,0.45043959626207597
JFE9003,0.31195619752913234
FLS9182,0.5599052283478333
PAM1280,0.12974353457814525
BYU2321,0.29921024935853113
CXM5506,0.19567690604657106
QBY7302,0.3488809988501092
JUK1901,0.4133155405420416
BWP0584,0.2011881169427146
UXP8211,0.3575027518917496
ZAY8802,0.4748226296867065
QGZ5092,0.47513350206857485
PLT2750,0.2557322170868245
RET4270,0.6302080268167397
SVB9714,0.3513307000428405
PGJ2505,0.6795860005299228
XCR2667,0.44672369659648375
RLL3403,0.3963976426835682
XMP9341,0.6610120390036888
WSF4408,0.21734001654583923
KQS5528,0.6779063315694283
ORQ2079,0.269105227824977
DYG9890,0.5127937643702429
JCO9274,0.4083814131982637
RTZ6364,0.27866249139260435
MZW1799,0.39220634405239363
EJB1355,0.5319235458408288
DXW3959,0.16465818146712377
XBW1111,0.3895299890309976
KBU6474,0.23620474294328395
FCK8370,0.11739324057090485
DEK2690,0.5263626165135514
AHU3775,0.31092212529497093
OYF9560,0.3191333128364592
PPE7467,0.19519088634037668
QFZ6666,0.3141809040681816
SND9604,0.4177154903518767
JCH0911,0.29758955905133955
XCZ5219,0.29553089706514224
DFS7754,0.3074396225623212
QER0038,0.3121332615527112
PIQ5708,0.5136583317710631
SBM3940,0.10122163759829307
REU8468,0.805627112149289
KUN9469,0.5685781936654808
FNG6130,0.2395931696378981
AMV7041,0.49789995145860727
VQC3734,0.3676235612893573
BCG6211,0.5107732175561128
FCV0094,0.40314019412570173
LJO1761,0.47102312400759266
VXQ1519,0.5944795438765265
XDG0394,0.4318535119843031
ZCA2183,0.39338248134329695
DEY5036,0.26147802873945053
DOA2936,0.1658814894723255
ZBZ1111,0.1960306474889355
KTE4563,0.45486428137856866
JHM5827,0.4592426788581605
IDF9791,0.14895551789713304
YWO8363,0.5103035699723857
ZQU9039,0.8116043648044944
RLW7170,0.7701882650152939
RXK9841,0.43852605176455967
ALU4463,0.6791091975322167
SFE0721,0.7656406728939806
SQE0323,0.4481046087790566
QDZ4395,0.7761752301596414
GBJ3518,0.429745236564704
ZGE8545,0.3044752781817102
XKA3092,0.36205642075755734
YKI5936,0.6063736954073949
PZK1377,0.4603769968802934
JLZ9491,0.43473079236361944
ZVR0041,0.47396777786563893
MJP3198,0.44709800668321004
UQE0138,0.1414703323640491
TUW0269,0.5639219846797144
ISP0465,0.5092857117610953
XAL5847,0.7729489104398872
PRM3708,0.5275693749467505
AYO1985,0.660550920642073
EGX0726,0.1945112603571775
JDR7035,0.36254760879381964
MSS9255,0.580314788085738
WIY7208,0.17656695116401594
VAD2698,0.4611347984393995
ITS5025,0.8051497543475353
ACG1389,0.3848021304530022
JNT1094,0.11819676844837357
SEY5120,0.4358254389641527
XDA2651,0.3980673324156678
BIL0129,0.21624171429812858
TZN3360,0.6795044688708786
OHS4922,0.505828330217419
YOJ2699,0.2682647032993996
HUM6721,0.3781064648107385
EHP7372,0.674002450786768
MDW3871,0.5906032108886138
HAM5349,0.42057242336553474
VVV0077,0.4728839123782536
JYP6084,0.4027812883639795
AZX2542,0.06505871812951894
QKX4992,0.4663671264418654
VJZ2239,0.5721676302937178
ZFT9927,0.3977108445545455
EPV1130,0.2688773290029873
ESO4684,0.7751442637850287
RBA8751,0.7328183041396493
IBD6200,0.42668239559139015
TCC0838,0.22233593102007926
OTO4045,0.7666019474359289
FQZ1755,0.36044870151772795
TKQ7781,0.12594952087275166
GHB9539,0.25910258534896313
QKV0677,0.6695012293229755
MDC4556,0.5052520199981092
OXD2801,0.6712404709414408
AAW5921,0.5754991693469185
ZXO5432,0.5416653579183356
YKE0773,0.6020200187676397
ZQT9439,0.44778885164620946
BBX5445,0.44258505657089703
OLD3422,0.7240437782619242
HBD7837,0.27995255646757233
LII4395,0.3346073745983411
VXV0165,0.6361495187536541
IZS6375,0.34884944131419654
ZNC6270,0.5546470389306388
VEV9487,0.3645571735463786
KYX6211,0.43598608229129193
GRI7834,0.5896640545156189
BKJ6883,0.27573743284513447
NHZ4308,0.48863208720967233
IHH3352,0.4830159225793321
WGE0940,0.6026249752704763
JIY9209,0.5964426699913965
RMW4099,0.5948150663537404
ACX5394,0.59147939780709
JMY2884,0.5672372815612785
HNN4412,0.3024210441120869
ZRE8689,0.3558545972051204
NLX7791,0.4044210109846823
NCE8146,0.7391419649187193
PAJ8142,0.5839532657393323
BXL6079,0.45734530886987473
RVE9218,0.5789954769963188
CYM7511,0.5320870242718249
ULZ7896,0.19936011956926378
VFR0394,0.7114916858554778
DLM5418,0.8922660300423336
LJA7283,0.42491352023220574
VJJ7556,0.3909152258422557
MSY4225,0.3569861150946251
FGM7178,0.6049331396901483
KCA2760,0.38939887089359243
XVI9392,0.4639435393369932
ILG8180,0.7209438499377187
EJA0426,0.3111757391603383
ZYT5283,0.6118030247760304
MBD4028,0.5480486996508428
DET8036,0.27894016835746477
NPU3306,0.6917808789357379
MAF5198,0.627120688814356
YVR9937,0.7113286271918275
NPF0956,0.39928282411881755
UMZ8342,0.559785706167957
CTA7936,0.31420263027036727
WTS5507,0.6599189432560709
YHU2823,0.5199926776361824
GCI9262,0.22063255083966268
JWG0958,0.702274180423251
HTQ3691,0.41390398564965836
JSY8006,0.4923387330675923
BDL2992,0.5875423570072001
PPY3602,0.6155115022107037
NRH4217,0.3438779480242675
JZU9096,0.2424918760334041
BEC9902,0.4860986937457095
PUK3777,0.6331289581246727
QAI2611,0.3983328345756416
SZE9978,0.269422728635091
ZQB1293,0.37592217116435106
DLT6582,0.23412347184350513
MBP7717,0.3165914971040187
TSL7315,0.5537076889556322
ILX4971,0.8450279480553811
VUT2632,0.3441271220401122
NHI1174,0.6310297741635125
XBH4571,0.3601216469220444
ONG0233,0.5557180726125873
EOT6883,0.10169754818007595
WAA4403,0.26978619602686266
NRP5939,0.3443089478909211
CFT0261,0.13145101980377638
WBB3199,0.574646336063902
OXW2554,0.06041270569010377
OTX8021,0.7359276457238954
HKM5973,0.1787856376351026
WOB5773,0.7206378926876345
XJP8738,0.3088223568734668
OFA9596,0.6513328741122767
YUU3704,0.6700145867087418
DAA7058,0.6863789115133179
QEI4621,0.3614327527345866
JJN0270,0.24106090710672476
VLN5464,0.2097688282324631
TKY2278,0.7573989080126271
QVB1146,0.761634332129604
GZG9726,0.4544170233289824
WAG8989,0.5588642181972573
WYG7915,0.39631738442059683
JKR7298,0.1979999115320309
NKC9965,0.36990481049979423
OLX7030,0.35794885993953396
NUM1967,0.412005189389112
VPG0102,0.7114557329733621
WYP6798,0.6120055945832991
XVX0001,0.4650287596991466
ENE5821,0.43476615180846534
PXT8963,0.3681863288738414
NAK6905,0.7370384028853955
ROJ5124,0.4857618700921785
EGP9963,0.3032506053323304
EJD6191,0.5273801741832025
VVI9738,0.383747960419206
GZB6774,0.47273201544870896
ZSQ0383,0.2872203821042126
VMN2008,0.4837784890238811
VSW9307,0.4469346902830834
SXC7989,0.23281102362319134
JRP5911,0.5932292206026701
FQM6684,0.6017179469885494
JTZ1972,0.4136386699292393
YRK8678,0.6832773188755422
YUX6245,0.45307608031539326
OZT0083,0.5066182661336832
WWU3357,0.5465149639102801
GIP8061,0.23755423900373857
GAP2506,0.26606665530822177
MTV2911,0.4417857897124748
EYC2947,0.23787482454184672
KFJ0398,0.461109542972585
KVP8638,0.6494933870023987
IEN7559,0.5826977902403684
ISM8366,0.4094223346788752
QRB2092,0.42292669687448825
ZEF9982,0.41736602461718336
PVQ8431,0.35335578701559567
JYR6904,0.26784503549453154
VYN2284,0.205864518754461
RRD4317,0.345834021805924
SIW7452,0.6750686404813134
BNK6722,0.7646814874179351
EAC3647,0.34179540244250145
UZY7255,0.16130343354222382
NJR3268,0.43949622022514434
SXJ2106,0.7695688866735412
UOL8150,0.6897240575272469
GFG8118,0.40011259375229513
BTJ8291,0.29443585648231807
IWD4843,0.22446095249731318
UJH1928,0.3770891444962583
CTQ8211,0.36449945780585163
ZBU3909,0.45960356305043065
CHH0005,0.8520722511646712
LOH2075,0.4078333446930328
SOZ9505,0.4541510555880057
IDZ8560,0.7125709823879746
XTH4023,0.40358250620398095
QWM3456,0.21340761806324307
ZWT5514,0.3965520365593523
JGY6248,0.7038938744090921
YNI9415,0.44495644189499045
YHB7736,0.7717759641479179
HRY3458,0.6420225772223973
NHO1841,0.2421558034481897
SJT4275,0.21431703021297172
JBC0455,0.5185531657807823
YSV6272,0.5251761128582276
SYR7039,0.514377922655397
VTH8070,0.24461444919251332
CFL9774,0.2993551163458029
HWL0255,0.2006954675891903
PWW1560,0.7254889977186365
ZXV8075,0.09860844023639985
AEI0906,0.33245915236773776
ZKT4898,0.2905799011526176
OVZ2889,0.4155120524466985
JNK0707,0.2644746181424592
FHI9082,0.5570877814951998
CZC7195,0.479399780690671
EUS8425,0.7000475747463692
VQF7120,0.2578372117234233
GZF3442,0.5512632284916668
QHH8798,0.47614801579437416
SVY2210,0.6892278087260219
DDE2452,0.29457395199278935
UOD1909,0.28002858463487523
LFI5893,0.3297300969553334
VFH7810,0.3008814326035571
AEA3832,0.33155387634274686
ECF6645,0.6449095630031625
KVT6536,0.43553120151809094
GJR9253,0.44941299731497475
FMI2663,0.35142388807126984
VQF2039,0.45260499171894636
NLZ7990,0.455664016164444
QBO6904,0.3837281823250224
ZBO6514,0.5449062917289462
AMJ7143,0.2590506964068585
PPA4216,0.36610638640618254
UNG4672,0.17949526226913118
JKR1254,0.5955577285889367
VEB3556,0.24914872249622663
RMY5487,0.5753790252791308
YAL0969,0.7065237808550946
PWY2348,0.5875203989004245
IHD5140,0.30633644918704295
XAR1535,0.46780884091721564
MOI8849,0.2217565420670411
TDA1772,0.15696557725134166
FRP3664,0.49140288979616953
QXQ3920,0.4281195299254269
WZM4928,0.45139087905319725
FEI7112,0.2858709188432002
ZWH2382,0.4819402333763686
YXE2782,0.7268080365156543
RYR6789,0.5689611735207969
DOY0839,0.40784304124741827
KOZ7559,0.6309342218097679
CGG3378,0.5284209101583757
MTV9217,0.4010364079435797
AEY3302,0.6337541455130268
SNN3415,0.468690707740293
DLH2120,0.42788675963120415
LMC5561,0.38227483126633277
JVR3739,0.27169414120930974
YDK7231,0.36008916868240093
LKP2717,0.3581460283071396
NLD0288,0.7236361076530454
QWZ3328,0.6619540878002629
AQB8755,0.4470615232904855
ZPO6482,0.4572424473399682
VJA4011,0.17704527214151392
UNR1034,0.5371750435266814
JET8498,0.32040142433552804
KZM1206,0.5541340437944394
ZHM9357,0.5348557138564061
DQJ5519,0.5930822350568403
WPQ7065,0.31189387119799994
ANP6398,0.35139062207274235
TWV6276,0.5380098913003912
UIG4581,0.2819625408740548
MCK4510,0.5187809274657427
WCQ8946,0.3358588409054518
VPL5439,0.40019459085991466
QUL4939,0.5845633078717506
DTB0595,0.4242225745157546
WGZ0312,0.3608751812274313
ORU3710,0.6313810503769296
BMU3842,0.711515987690497
WAS1041,0.7542214982846974
RUV8304,0.27887729037315
NXF7025,0.5094118826088339
SMT6291,0.3794264409820281
COY6762,0.4627308163932483
UXX8278,0.39104835282890266
QOP8824,0.260998356477732
XVT5952,0.2193987274304577
HWE7781,0.378201871647562
SRR9343,0.4836479217751865
FMT3981,0.40302673566021957
RWK1255,0.4370094538099946
GUX1313,0.664857234001804
VED0121,0.8369896697191394
SQR9285,0.23288483286997835
PSQ9368,0.4369337367503671
DFU2564,0.41968570879697803
OLC5603,0.2272439754303061
ZAH6196,0.5119928087166039
GQZ5053,0.34549840488199707
NSL2545,0.2545361648654817
PRO0137,0.4260767770299297
STU0764,0.2630180838258275
KTK7805,0.13078562136151284
EYS9609,0.7233870986670511
KZG5885,0.509277428402802
PCB8761,0.15678059150258675
WGW9568,0.7735332951779301
BEP3948,0.7224840895330383
DMJ2590,0.3473711919373967
CTW5615,0.3545444939931543
OPB8278,0.5044732630923489
CWB2561,0.7250679264965264
XIJ2478,0.27260346080391434
FDX4097,0.582433170059678
YJG5740,0.49795016969162637
SRX6811,0.13117519503843159
PRK4060,0.3002467961154001
ZSQ2949,0.25081789298869794
HES7557,0.49199599564448826
UWQ9670,0.695523131139637
BAJ2081,0.48104336483829907
DXX9121,0.5310687872792679
VZD1340,0.6775740112479565
KCX1429,0.2737771212551317
JUZ7305,0.26747097970310657
AMD7755,0.43440953049802405
AOT6315,0.36023706822891227
YXO2209,0.37873901383110187
EWV1407,0.3539431639265006
GWG3380,0.45191103885215106
YUU4145,0.8179858678764637
TZW5104,0.41024469426685506
SVI0226,0.6920023468730228
KOO3080,0.7541036968077973
RCR7780,0.7443858141871132
DDZ1864,0.4365231329280692
MSG9202,0.30635273452989104
GNC7973,0.42825891851470516
TNB6317,0.1542484612900088
CKP5184,0.7155186592664061
FAN3835,0.24257390312299823
ASP0506,0.6543503883340234
XEP8902,0.3289572001349527
GFQ0333,0.3712792757414738
STU7442,0.20963604385728796
KZH7721,0.3251240013384793
QFV2858,0.667056392160206
CNA2475,0.20694657920671472
VPQ2939,0.38372558187956624
XTL1241,0.4663668628805946
RTH9839,0.7569020408567132
YVY5308,0.4851669494148406
FZY1694,0.6537814130753864
YCA2616,0.6241984956139164
HMU3975,0.32047440120018567
FDU1357,0.1371390321246519
COI6888,0.7272495786845973
YQQ9816,0.43288168537178984
DCJ0598,0.1325542126269172
QAF1690,0.43362447602277854
SSF8640,0.5709198413570298
QZS7048,0.5380380358677664
UMU0017,0.09860987520349211
NHR0599,0.31310448120455975
TBH5424,0.19516385440048356
ASQ3055,0.47453583978170927
YJL2807,0.22197143032120928
REM8079,0.3722893847372111
PYI6606,0.410568684780901
FIO0648,0.7470295160409136
KCL5134,0.3864247286108058
XFA4921,0.13912126938158953
MFS7445,0.5238940050637629
LJN7166,0.752220869386989
ZSB8267,0.665113322835831
NOY2382,0.21728216370297868
VID0540,0.6221707989006589
PUI7231,0.6925740824357086
DIU7827,0.3699683177194612
LMS1840,0.2041987351537889
JSI0972,0.19027449651098477
VWH4510,0.2945034143022351
XPZ8442,0.4618670000584265
IVR6080,0.48578591536480653
DAE7056,0.43197779993239627
XSF9221,0.7089849515840984
WDQ3723,0.8003391031746387
SDI9085,0.3147084169375413
SZA0713,0.6897693856288135
OHE7288,0.292651810095247
RKN4919,0.6387090013777018
UEP2190,0.39987191262452804
CLT5723,0.14445016242628103
VJI8551,0.28189033662143204
XPK3889,0.6566631466610694
SGT3305,0.32576650898622805
SAL4070,0.258687019400485
WVM8211,0.7708305591403415
PCS1722,0.2570635896604498
XKR6147,0.6444531646145782
XUR2232,0.5007382902909654
JKT7149,0.5456342104561371
KYO3320,0.6462530075617583
BCR7281,0.38339067146941697
RGW1489,0.3505611757943155
AXN6618,0.5096928547935591
PJA2115,0.4194622380001596
OQO8884,0.6024971642134079
YNZ8560,0.3987327461596721
DHB9103,0.43484908105529535
YIO0165,0.6263709117843242
EPR3439,0.4761626509402216
BXC6882,0.6229403081489512
JDH1113,0.3263180654454037
ZOI7409,0.40715745574977624
NMP2912,0.22796702549492984
GOJ4289,0.6696641179818497
XHX1364,0.7153404271494774
VVZ4851,0.5036083050153647
WTK2653,0.32455619025882604
MAE0737,0.458455435095733
IMV3149,0.5568987957464824
KTR9193,0.6510969765712976
TOD3591,0.25591386381874864
FRB8474,0.21779868527318658
QZV0518,0.423943508783374
VIP6808,0.07835785621051655
KXI8109,0.37764724165124736
ZFJ7032,0.7944267899408686
KFB2661,0.45326838168575384
DMG4116,0.6757684395481129
APL5877,0.4019029730069078
THY5809,0.41032677459395084
GJJ4558,0.37275133912344083
BPW7388,0.5131217820389963
XST7223,0.6344677639276429
JEE4921,0.1335337185819943
LLE1425,0.5982893107243559
KUE4150,0.615840808564026
WWE1408,0.1111190040853648
RUE5821,0.5709145198833329
RUJ2756,0.6870909183702846
IXU0926,0.24098762148914896
YBZ8802,0.32037495093815155
KKN8936,0.7294435846683862
VMI2245,0.3308217378195153
SMJ0545,0.39201235803869455
DAS8749,0.41828105329942256
YER8134,0.7087131717356456
UYH0872,0.2340379557729816
ZPD2531,0.7596254269739559
KTL1545,0.47884037801977564
EKQ2049,0.5935181028444398
GJL6540,0.5248971431509462
XZV6966,0.7366848829159426
LVM7923,0.4497220179290231
IEB7788,0.5811508499008501
UJV8655,0.7170341149979849
GMZ9526,0.6276722183782604
YBZ1017,0.46659053804683137
ALX8013,0.29987381941034547
GER5584,0.3034039113668993
MWX9044,0.2476550354781197
ERU1857,0.23563952406683078
RVZ4998,0.5013114725962003
UEQ7217,0.4701292560990408
WNU3314,0.34712409117555015
FYP5922,0.363742856029142
WEW4166,0.7437877178342741
GQL0285,0.388445186737805
GBA5352,0.13465971217129336
WJL9492,0.3983315211776909
HSM3570,0.6683217211937704
HCT5417,0.41673398654581995
HJH6473,0.6254294052468419
OGM5986,0.305115986692453
GLG4293,0.15429306679600435
VWN3938,0.5723194666919003
GXA0045,0.28997125425162157
HYI7006,0.5067617018405689
MKZ6848,0.8819962030509884
KDF2835,0.3419156804650492
JKP5380,0.4876976915478784
OIM8727,0.6840047079703592
VUI2290,0.16392424345407366
WDW2129,0.7195953582722009
SAR8093,0.4830856952985082
RAT9039,0.2913742930158233
WIK5954,0.21992761608215444
NVL7088,0.49518049501439926
QFF2987,0.6018816719056662
WOQ3211,0.5605344920551554
GWQ2895,0.6435934071400008
XFB2979,0.533941132194475
JUR2499,0.3136117556526004
FTD3973,0.480192856554547
GAF1548,0.23318789018017155
CFV3986,0.6684780737886469
CWY7712,0.5975589102720192
AHR9467,0.2880149195140181
MUR0716,0.5455465493011404
PZZ4271,0.562228581553114
UMW6557,0.48939566308986543
UDL6067,0.6346395730219362
ZHI4043,0.3541831677393023
BKU7239,0.35952380061038264
AWV1442,0.3341147832149189
LTU9152,0.4224218387245707
GAA7231,0.22309771011670881
TYZ2295,0.5799619844914454
TFC7836,0.12125422471641764
GRX4717,0.3948039652210908
PHZ3014,0.11163728972923732
SQY7131,0.3961449210117114
SZP8923,0.3639414085679541
SHF8940,0.5097251021746242
SIY6976,0.5111280466313901
OUU7553,0.6117621450357529
IZY8370,0.18109519024622084
UFP6673,0.6243978389860697
YCD0298,0.6364396147419555
GYV4279,0.25725129554862947
UOH6028,0.5008859513234413
URM1669,0.3665719542746378
WOK3312,0.35766598718997766
VKM9785,0.3455745826052794
DEY0553,0.3304260214840838
KOE0267,0.7252854405247503
QDY7816,0.5713223103797237
VQI2890,0.3955877423308251
LRX7049,0.37739090618180426
QPV0099,0.34395184454171623
KRV8762,0.4059799053753163
VAC7571,0.49041512600672826
HZB5860,0.3037377531135201
SWN2244,0.5664404964366965
LOO3134,0.19754503248726196
CJC9458,0.8468452369040745
RGQ5084,0.5001534223941366
QTL8583,0.24031811582106277
TJF9910,0.31512174176786073
ZTS7674,0.42084141373746675
CIF9346,0.6217606869949069
PLT4718,0.34440113511470255
OGH1176,0.449310230861365
BBM2431,0.5201521929607739
MMC1438,0.30995345306338745
JLL4117,0.3077307692948439
SYK4331,0.532514531157099
QSY9890,0.18585440328120426
DJX4643,0.27660966603839743
COJ6421,0.5399628236263626
HNO4349,0.6699678588694228
XAC1384,0.7265760930275532
VQZ2493,0.8159519121577602
AOO7588,0.27502625947263176
NPG6848,0.4029924388442231
COW1344,0.22471577598620968
MWE5697,0.47063680587266854
VMY8506,0.2707275533726899
EML3806,0.6871199021495937
KOM3157,0.07425048645183961
OLX0382,0.4187763371150469
QAA9380,0.358761472663203
ANW5580,0.3480001106432031
ESW6215,0.43761585280978915
ASX6995,0.16277365237343472
POP5770,0.33014315218412443
BAG5404,0.6414458824522319
LYG2422,0.6718258673860572
VNF0722,0.5235451819702299
JEH6392,0.21964921617374247
UPJ1865,0.3140029438243004
FKS7618,0.6225679997772757
ILV6048,0.3252511502872352
MQI3920,0.45360943539770954
BYF0970,0.5582076056391657
WCO6481,0.41361061433089513
KLW5610,0.5771410899987548
TRL9207,0.3821582164968127
JXJ5162,0.6698212320017383
IQM4120,0.34583840458197157
FTE5233,0.3230017683742946
GUD3977,0.4138869809806734
ZPP0234,0.5735967255517027
EEF1466,0.19851013163229278
VOV8606,0.6773858529136552
HPR5191,0.5395636422070659
LYA8405,0.4975730809283679
WBU8735,0.6617685468993721
TQR2275,0.42253481790963476
JPW5875,0.8065746746685931
TLJ7924,0.5675569442958863
XMY2043,0.2492975603283758
QRO2231,0.40965672435104944
HLF4845,0.5013400755736677
UJU3717,0.6086819453598662
ORB7785,0.22681991360922485
URX8712,0.5075245306337245
GFL4830,0.4773955960122091
QRI3011,0.6042136320489947
TWL7361,0.20561406303920307
GSY8311,0.4353242113948769
ZAB8662,0.35439204446456307
INE5446,0.5007834064508442
NAT5345,0.39659173652474394
BUD2177,0.33029716328424935
OGP8515,0.42310220156458184
QPY6663,0.35390424927233305
RLJ9691,0.3064212937554072
UKF6131,0.3929438927526639
IGK5300,0.13768361995945871
BOA2857,0.5638856162906962
OUJ7375,0.5175464037378541
ODW2622,0.636976416900947
EFV9929,0.7847498484659556
UMB6250,0.3463911909159874
ARY2581,0.1978253975906623
FWD1267,0.45597655516968333
QWK4961,0.4891061902863599
RWR6816,0.20327579445661662
DHZ0702,0.571967309484634
CRC5041,0.6957724541170175
XOF2459,0.722434819923425
WKQ9187,0.2530354488264213
AZV9085,0.34331916005442425
YSZ6492,0.7423604826272535
CNK2218,0.5669850836386889
OBF4098,0.28679528871663784
LMY9061,0.36908939906352456
SPA0324,0.37272493845772287
QMB9576,0.13023516605898056
EPE0986,0.4991360097661062
YPH0413,0.5340198817922859
RWU2048,0.31909483473331596
XXL3715,0.2885516839249184
LMY8761,0.7907407182992351
VZX6168,0.16236430507873506
TQC6813,0.24107584427367187
UDQ1869,0.35749910712122984
DNH5723,0.6568448339363068
QXG6300,0.4213749121356864
SKP0307,0.13685919647398676
KYD6619,0.4566459726667947
UBI4597,0.4799680197804143
XJZ0694,0.457518204240633
VCB7873,0.5627998594491113
DVP8229,0.2774022684788251
ENQ7050,0.856097050776528
VSO8083,0.3080946655708535
IVW3734,0.4536110692188559
STS4967,0.534456698196978
NQY3007,0.4205629333032857
RPA2336,0.3024976621458286
NKE0904,0.3863099544772743
IQI3842,0.34409012938916334
HKA5518,0.49219259365184487
GOS8577,0.3426351951712444
ZQE8717,0.17063354462402838
PVL0488,0.3153585639351462
BNJ8623,0.7941182936252424
GEN3250,0.44245171659200505
LWY0125,0.7135946534136144
PAJ0655,0.2442310232081779
DSJ8355,0.49871824122030006
ZTM3982,0.4722147491867631
GTG0544,0.19209049958310903
YNX2835,0.3936094885231719
TGN2850,0.4039699619830022
BXX5261,0.3808112884757094
HSE2409,0.32677145301743366
DLZ1901,0.4573602955719975
GEJ1320,0.5957141720835268
VWQ6022,0.3024446683313957
YOK7020,0.6466046347657921
CBJ3105,0.3900455939926332
VSY3899,0.4992225331120557
VTA4221,0.5038071068597911
HHB5509,0.5723337660362285
TGZ6086,0.41161432855956515
RMP4380,0.3950420773012105
UPX5708,0.343556303361768
ENL9282,0.3733451784538859
LZH7750,0.4437899222072003
IBS9693,0.5109016359157363
PKI0279,0.467879571547852
MNM4404,0.3220469098818541
LHG3702,0.5817067162941248
QXS2664,0.4201809799563047
ZJE8725,0.3943795085857536
OJA7001,0.4804972460362903
ZSQ7961,0.22666535467099755
YVV8348,0.20163041557324168
YEM8450,0.6197036481728628
OWZ3181,0.4800191709541408
VJT5618,0.26935109462461687
IAD0845,0.31174987507643653
KSU8228,0.6591827461696702
AKD2635,0.43492581029061034
DPT3746,0.20697263819488335
HBB8000,0.2835600566655094
XKS7078,0.3886217857194898
BSW6379,0.5919458790476619
NMD9061,0.3717837384083
DQB2981,0.3526667913315628
CFD9987,0.36357178648210337
XYJ7765,0.3780535502548411
CCO6993,0.266461513655892
LMK8623,0.24407090979014398
MHO6527,0.29503078027567337
MPD1810,0.41661813525659114
BTH9628,0.5417052920122953
WRF4157,0.4762378080453265
XXN2403,0.57426276533223
FFJ6322,0.3439519660395278
WZD2412,0.2324790643271505
OEE0398,0.23607418158035992
GMF4223,0.3051450606847776
EVD1832,0.5756441383628608
EAO6665,0.6971646142271849
ZTE0996,0.3603686489057601
WJI7604,0.20021790466400807
GXB5604,0.3622452477910916
FRS8324,0.33019654861045755
ICR2183,0.6333334117756283
SQI8245,0.2716611009668147
ZEI2787,0.7081062847862142
UHX8290,0.2951007185914951
TTO8119,0.7078296842631858
EWT7697,0.44342887730978303
LKC1392,0.4555359292880197
KZA3127,0.6122124039081122
FTW6416,0.640249139747543
GFW7003,0.6434769814735909
YTT4302,0.3778274076055931
EOE9840,0.21445218197496968
RWM7830,0.5520424907185585
GOB8336,0.30660658626823944
LFV9110,0.20814538122670342
JPW2124,0.3826897208212598
BKF9745,0.21322338658492695
ZRA5115,0.22621717495776217
LFH2159,0.6136349180102992
VMS1291,0.15075589158709848
PMX7872,0.7512597842685821
QXX7294,0.2669194082117768
FBP6560,0.17480219662410793
VEK2855,0.1651020871244851
ZVI3482,0.4593832130973303
WID7204,0.5823451510813514
UXR9283,0.4574590680618442
GCR0520,0.1302630891304834
ECC9768,0.3518794170507285
BPF2428,0.10425128274555087
DEJ5473,0.3150745818014342
XYO6541,0.3232758544352035
NJU1327,0.3501439627631754
WSK2569,0.6829515800011532
MEY6847,0.7157628263671446
OCI5920,0.42489330481377224
BFM7635,0.8987966852841202
XVU0737,0.1794642463333964
ZOS1822,0.3833252918478157
SKD0534,0.29547268235686003
ZBX7132,0.46352597473434676
MMO9244,0.28073850580085846
PRR0310,0.18229829019948587
TJG4761,0.46501641984327335
BBN2496,0.16616389182614802
JIW5388,0.8050466407173601
KSN0005,0.38765274285417667
MOK8564,0.42681173876212125
EUB5732,0.4801813383901621
NLQ5109,0.3522590111488608
ZXP4295,0.3393405491101756
PAG8472,0.4006521512290723
LXR1978,0.2847226553900732
BRZ3164,0.388384272674301
DKT7237,0.39281846182351016
ZCE2914,0.3512535927119551
VHI6516,0.3974010759332173
UTV4967,0.4234881205168145
USJ4246,0.6264993258329664
HWH1249,0.4736175701950073
ITF4864,0.5856414192783267
KNB6126,0.38158048433943204
QYO5313,0.36867417824079846
WIJ2188,0.5931138921418995
ZBJ6751,0.21504302219712684
VST3056,0.24134926386193256
UEA4586,0.3568592360249864
QOT0490,0.27658823563101054
KAG3392,0.7721780460291172
SUX3398,0.15223223760288135
GXR5119,0.6936479229641894
WVZ9101,0.4921791590394969
XQQ6405,0.544935559355784
ZWH9628,0.3784186673859566
OMZ6112,0.5121431192915713
LYP1066,0.7548669445013567
ERN5227,0.6596505907443486
DOA5901,0.23770211084361614
IVS2527,0.4139808625017555
LJE2834,0.26893999563985355
OPH7321,0.5900922539675877
OWH9677,0.777314771972174
XGF4872,0.3095432488476648
PKM2654,0.3254185063313541
RVE3128,0.6663606774586237
HCZ1235,0.6572152837603344
QUZ4412,0.44504551712132084
AGT2111,0.28687974213212497
PSF8463,0.23981811711938633
KBU3273,0.7514083634221952
XZD4636,0.6110875715305171
DOO2539,0.44216958708553966
HFY8294,0.13419212611245782
EFC4627,0.7113089443690851
MSV3690,0.234078256841776
TIR2213,0.4910894028161842
OHJ3283,0.5113670553909079
TVM6927,0.7238316192497453
TCQ4437,0.4651520450083116
TWF0211,0.3020359873206317
SCV6838,0.2760793139219492
DMN4994,0.5056672136083495
INI8518,0.49865105548914274
SDY1000,0.5515301291488052
JXM4061,0.49562702834974837
PMA6094,0.2654566201375176
WTH9861,0.7466049196223122
XXB6736,0.4313335846731152
IJU7206,0.6646498859692441
RJZ7847,0.41022519895206666
BJK4564,0.31868315729511393
NDX0091,0.2674747573540577
NFD6321,0.12111669351701834
TEN1858,0.20214861703009776
ITC4358,0.2696048186542862
FGY4048,0.2992783341225075
CPQ0026,0.5086216076726263
PZA3978,0.41376788558361044
JOR3671,0.3277972424923524
PKI3568,0.3703906266542042
TBJ6999,0.5859029113322041
ZVM0946,0.20749389166812365
OQT3041,0.7550846338776357
DJB0799,0.47784889890611626
HBV5727,0.6621662570925886
APF9285,0.40645807661179256
UXG0628,0.5518448681916747
COL6410,0.5469542913524923
QPZ9639,0.5023790176297149
UON2161,0.2534049868777507
IUA6276,0.3836628492824365
SLE2186,0.3857480501073826
TLT4666,0.3556967528193203
SCO7140,0.4960704565597073
BID4149,0.5349097309860537
BYF4218,0.2999365773242881
MNR0110,0.49433787001739876
ULV2517,0.5747037808766486
PAR5191,0.4572258296933677
YFP3399,0.4768247665669501
WUZ3632,0.2659391059388045
QDA3476,0.44086763411530633
OGF7039,0.7603197133913353
GPS1812,0.6168920564391083
ZAJ2495,0.5941247453729753
CJP5768,0.6328855291730955
GYY4735,0.5576155128604293
WHD6815,0.2707826437558267
RAM3944,0.2695382857085933
AHF2562,0.35899886640542944
PHX3766,0.3062414268412826
IMO2872,0.29204846566450476
CNP5354,0.24915445432093697
CTN6782,0.4131738254515067
PTO4108,0.2455579547387018
KTY2623,0.3995760697642077
UDY4764,0.6894968159686038
DZF4635,0.38028159618505697
BCW2803,0.51354853297451
RFG2472,0.570230733752898
EAF3848,0.24142635819801128
CZM2079,0.273391447443823
ZKL4083,0.6167457456293794
MIK0805,0.2846967200383993
UZI2506,0.8254605273931271
XAM1154,0.50502150284437
PVI6541,0.8516543518586875
VZG6189,0.8629654165518618
BRF5316,0.5531081150542497
LHF0941,0.6656676851193698
GTE5510,0.2625484724322923
GYX6928,0.3218413634678408
QCY9581,0.3249710317504406
JDV1123,0.3158673756829805
PXK5315,0.2426336550897375
NKW7035,0.4884252160675881
VQX9879,0.37635415044012477
VAD2981,0.7366323358010098
LHV7423,0.5945947241565931
DRJ3471,0.38164501873744805
NAD7807,0.46761208309000735
JWY7649,0.4571699969265678
THO7074,0.35451383126678243
HXZ2367,0.623109735923618
ZSW8883,0.4752663798156445
TQL1788,0.5348748261274999
MHA3207,0.6684096494640596
ESX7797,0.2016227082935763
AZN4578,0.22460731485608115
BVH2792,0.38694957837550126
EOL8504,0.5357255032846605
DLL3527,0.495734218272799
FRU5617,0.4096199818780477
DOA2423,0.3567795548960239
LWW8841,0.3076907767594314
BGJ1341,0.37886809279489403
UWA7636,0.4973237119371161
FNS6374,0.08201984939895057
ZKU9184,0.41153445928750526
MYM9229,0.7320136773412899
CNL4026,0.3986186973609741
BGN9072,0.6330848775553309
UNQ1367,0.2586405888595422
XOQ9765,0.4020618474135409
FTD2271,0.44913785154220764
UUM5139,0.5477962189495444
EIS3052,0.5450595201294275
JKF8552,0.43990213532075473
KRN7329,0.25861949772719056
OUO2432,0.39602613365884665
QBK4624,0.5636558221036538
FGN0012,0.550023370107633
GAI2781,0.5750624110470471
KLU5273,0.21128007668868876
YOL0313,0.7187973218284468
USN6075,0.4123494982830555
SGK7112,0.6579472471606631
YUE5724,0.3595193611137202
UAW7134,0.4600203880577635
RHQ8345,0.5056938019216751
RQF2533,0.4633410739385614
ZBT6866,0.5102907887500241
KYG8599,0.42296988644607886
UPQ9522,0.2437361088248169
UCU4704,0.46158960506171864
XAD0851,0.1349394733662631
XPT9850,0.5961019492034496
OLV0463,0.5446972103568897
CUI5604,0.2981709370107516
WQU7921,0.23029807834899746
RLI5225,0.450495687141563
EED2034,0.2761621153266209
AKL8171,0.3290003743687074
WEE6596,0.45074049742977856
PTJ7041,0.6596258989238858
GDT0244,0.5246858781228614
RSQ4934,0.08920913239472156
VRX9705,0.5409233311506165
GPE3631,0.24518765488196476
JOW9926,0.8054431284933579
VIK1863,0.5882445584913616
NVL6534,0.6155216776143602
QHG8919,0.1807026763029791
WCP7148,0.5203383104912779
TLY9214,0.3162784211564835
DJK3149,0.5843998326994096
FEZ0727,0.5097681529231999
YOM9469,0.4941180744507196
UBK5070,0.46719518040259583
AAS0547,0.4970779083444676
VWD1732,0.2752985164600535
HIY9904,0.4226058251192025
BVQ7153,0.5777149993409033
LGY8368,0.6186695474572609
BMA3899,0.3279513650334703
VVX4694,0.2397138740684491
IMK2918,0.5252812177340648
YUZ6270,0.39697560358251827
ZYM9424,0.3512470972118822
XRJ2315,0.68315853361964
IDD7799,0.2505351211426816
FRN8579,0.29256095263115833
JHU6135,0.4690364412636794
VDS1337,0.5444170485254154
PER4129,0.26510490928867503
RUC7755,0.534935715252809
NZN0284,0.6989044265579597
UKP7195,0.7386956393933863
SEJ4725,0.4227838376417132
FTP5392,0.6307580541585943
BOQ7717,0.6051566110280846
JNM9386,0.7470320291239433
UAJ7272,0.10001119170261352
PRI5009,0.493451319735361
SHM1712,0.2366840564889358
SWO6965,0.6275314907403052
KFB9546,0.4405060423419887
QQB4653,0.4384042664370918
PHA0404,0.1349046832827445
SSR4486,0.3422969698368964
UKI2868,0.36836144414112876
AXB2199,0.40961389698433903
UOS7094,0.6701309928770501
LYF6455,0.38746992412982534
LOS3155,0.2973863087183861
AXQ3876,0.5469169107344635
GWM1097,0.7281614440033418
ZEH8158,0.8600418599722567
OBD8591,0.6710586831615397
MLR5938,0.2259439059481925
OCJ0092,0.542536598942127
OVH4365,0.7622012475927313
CYN9635,0.5218463394491114
BMN5555,0.28361913365468233
WZC6296,0.4212877795784278
DBQ3455,0.32041585113523674
OHA5515,0.37083026972613625
EHX4627,0.6677195489884501
LGJ9688,0.3601888251356967
NJN8094,0.43207391262935274
HRH3000,0.4350742227724457
THR1355,0.32095087300426356
LCC4833,0.4294361917328281
KZZ3219,0.7324366422583185
SYH8984,0.3285646960476536
NER9898,0.08932462799350527
CJD4837,0.3043021202849541
NKV5527,0.559536322338324
LKS5211,0.15378930818653624
IAF6833,0.4163448105836487
EEU4202,0.25210051837823605
XGW9909,0.6009800536236499
UPK2830,0.09447454471517384
LII6921,0.38425520386008016
BDH0866,0.2709525970328247
IIB5822,0.2992288394904121
ACM2835,0.8244623177762607
FGH1485,0.335040603010807
HKZ7723,0.4602848049144688
UMU6066,0.6558027574800097
HXY8339,0.520861363714383
XLD6579,0.3375417994809149
DHQ3602,0.452205915492668
HBU7419,0.25299664831886676
HHJ7156,0.5059409715866204
LBN2287,0.3855056373743019
QTG3237,0.4280880438971136
FXH4110,0.47214706142867346
WJG4417,0.3100857065822342
RIJ0802,0.27021756864165203
YDQ3107,0.45395450192884756
UBK4003,0.5771584545868649
HVJ6067,0.3886046607481087
LUA3795,0.16654136497310476
NUI3132,0.3337435291022762
AJM7387,0.7010007116223451
AZG6236,0.2961207803388812
BSI2619,0.5566363209934785
DHM1013,0.3533632387622763
XKD9271,0.17120829916642777
NMU4177,0.3466015693428101
CWJ2732,0.63558259292017
BTH7777,0.3123713795296589
IIN3898,0.5872185445811848
YZK9083,0.3226234512564927
SDC0837,0.5548602973389486
FWI2945,0.2755320670583781
OMD5376,0.11281998180593117
REO1188,0.30612417972699435
FRM7796,0.6189174092548977
JWH4432,0.3512673098991779
GRQ8737,0.3217286836929418
LVV2133,0.2283110852059624
QQB8724,0.20640225495220021
YUT9546,0.36394677621895916
WXC6361,0.3957655911582553
BHY1451,0.30523572502924523
ZII1542,0.40272979363380784
DOO9843,0.8912224695247023
RZK1351,0.28277361983092564
YYM1312,0.4078697914731482
MMK7965,0.6832502450555825
TTU6295,0.732753300497386
DAH6958,0.43672216655724583
PCO8490,0.8497543324508546
DJP3433,0.39988064646282356
OAA6548,0.2434048191018122
SFP2263,0.44970843314379705
CJT7713,0.2980584341852507
BJB0699,0.4557751430164213
PJF0726,0.1395640109409348
HPA0283,0.4484306293109943
ZJS3044,0.6307330893224323
OPN6394,0.22412736561587812
UYM2119,0.16224318451416592
ORI6815,0.46471702003091336
PND7208,0.4728501324682515
HHH5760,0.39271081042469524
LIQ5670,0.4905518136639557
QUB2406,0.4753604514184925
MIY0143,0.23919826900933794
MCG8811,0.5737717980317579
MHW2096,0.5435810156257731
LQK0997,0.427091562171202
OBR4658,0.4450080923868997
QZJ3393,0.6527826921815826
RTY0569,0.11761075119914693
YOB4544,0.28865590890614273
QAL2426,0.5751670355038092
PDU5166,0.49473885282358565
KUU2207,0.2343135704198667
NJX5033,0.6905796935556894
OXK7667,0.37883884173070326
KLI4744,0.21981861842226427
FES2855,0.5127863809465857
ZAB8325,0.8374928040501712
CQC9277,0.23385367434121318
MBF7782,0.4044888975005853
SZZ6788,0.5720252403965098
SDR4540,0.3168992081431222
DIL7710,0.6137773117864238
TKN4878,0.6975802975182364
XGD1675,0.7269099681796877
QEL3927,0.20902183418244177
RTY6219,0.562836930679599
WWJ6659,0.23678322408806243
ASU8300,0.28534789730057114
XYB1679,0.08723585735166554
RBU0914,0.3991198975741707
UQV8798,0.40950711140535595
JLP9320,0.3868001135045627
QWQ7004,0.45128291615468313
JSD5400,0.26350479846597846
WON5434,0.3242955874207039
YMT2795,0.38773490563038404
LIB2206,0.625710188762981
BCP8558,0.7362957837154672
SXM4193,0.4428799688040454
XNJ3271,0.24883542746861512
WXC1747,0.3719947473496696
SKX5603,0.44765177493100816
AAJ5590,0.3780866667292712
JPT4045,0.44345601349599056
TCX6417,0.32058506912044543
NND5256,0.42185342062217723
AWM4830,0.48953829312926184
CCO2782,0.6848860555540258
XYB3729,0.15964564946811527
PXP3498,0.3956508384916956
XGG7955,0.7713872276017003
LYJ5084,0.39269232043774616
ZJO9311,0.24624841691428392
DHK9700,0.3173252517459415
XVI2143,0.6945421814399831
WBP7682,0.5020788855926539
UVG9357,0.6371709169259421
FRD1898,0.2998356761898688
VQN9954,0.23051592143513333
UDU8569,0.7390163277525084
GIS5379,0.33968437198786944
AQL5845,0.729153967290333
JDA9258,0.4948637528322423
BIL6692,0.7256708630936182
WTD8139,0.3971858451182526
NNS8064,0.3380387398697606
IQT2995,0.420634263730184
RWW1032,0.6323218275637299
KYU9106,0.5054718723404514
PJL5141,0.38023201917222854
MRF9734,0.49311576444095473
TSZ1464,0.5562278591757711
VOD0368,0.5154774148349651
ZJO4648,0.4095535287339635
KUF9356,0.3198391226950832
SHA2863,0.5136994067112006
ARZ0060,0.23267042329926027
UPP9315,0.5360146984473856
JPH0891,0.17794403711925166
WJC6264,0.48187457158278135
XHB8908,0.3215547415872332
FGS1465,0.5935435139092313
TNN7189,0.2660928275407746
GBV1525,0.5128253296671283
UNM3035,0.43824103734401776
OTH4354,0.42214650656856545
MWK9161,0.5983543576221618
XBJ1523,0.5764362697190194
OTQ1307,0.7466143393280791
QUI8859,0.716867527203191
FXA1974,0.32295111446726965
HQZ4083,0.29733372808164227
JRX8081,0.4884601121186036
SMA9339,0.42746743287056205
ZRV1847,0.5254984744755427
GSY8940,0.3673673990421752
HDH6951,0.28823482615955787
OZX5767,0.6947540564973823
BKN2732,0.5426471560112052
MON4409,0.476392240760459
VEH2084,0.524117117478586
OXR2175,0.3348225996096251
QIT2040,0.4604993662051322
NDZ7253,0.5980776037066184
DGN1477,0.2721730225388076
XKG5616,0.19191476647443573
GFT3859,0.5298822068565476
ZEG3074,0.2792003493458843
ERC8823,0.38595838054117504
ANN1757,0.7320513823320807
HVT1416,0.46594564858411586
FNA5079,0.31443951259400305
YTT3689,0.15982535393025557
ZRB4114,0.7549652219296493
LKC5167,0.7697637823451674
QKO7079,0.3837630499994896
NXS4393,0.3204462664716393
LET0397,0.4966248923198705
XVM6189,0.4044086135536026
MDW7993,0.3835605909630206
YFY9264,0.48887048359253243
MFA0286,0.305524813029586
TRX1943,0.3797054153786226
AVG8200,0.4403442491298383
ZFJ3116,0.6631261966072267
DKB8692,0.6474857184792496
JEE2838,0.1519556383248395
EED4838,0.21377925285018715
BPP1288,0.2580282305680348
DOW2822,0.6459513545407588
NQI7015,0.6936466317721262
ARJ1652,0.534202103608454
MKV9833,0.6682547869082467
BAG5364,0.46261619484629724
QLK0972,0.22551492515502083
QBM3534,0.2891211090948294
XXO5042,0.28463728978968583
BWD4481,0.5402778337019771
DUE1526,0.38199871516956024
CNP6504,0.3272871810708864
UDL7915,0.44134205423489414
CTQ7672,0.5220078019656945
EQY5043,0.17449580824024327
RLZ1107,0.20804260293116106
DXK7889,0.7130959525657096
HOS6888,0.1959786897155951
WFP2253,0.47327743668210337
ABK1979,0.1920306547362595
NSB9683,0.35847557841929095
GQZ2156,0.40445583463446355
TNP6583,0.6124473142365684
UNX8157,0.44457740806869733
OPH9058,0.6904914468302512
ARA1083,0.7274952271917837
CPR3859,0.2625974611902223
DIT8983,0.49866264988215275
JXX4274,0.36892457789140765
DGQ2285,0.7106681606701484
TEO4197,0.23650850708971943
VLS2232,0.5110005963179516
VSL3471,0.341110893151919
VKV3009,0.36435306392000116
VQG9824,0.3894186134065294
UDZ0523,0.4670043000781221
RTZ3365,0.15975557976280907
DUM4265,0.4490761122498048
OCW4594,0.4817939054324707
PNY3340,0.6591090804288415
TKO2407,0.47881145195316965
RBK7640,0.30962546546940595
VWO0656,0.3719807122842266
PVH8216,0.3073119730485741
PFV6207,0.6497048932183489
ARD6927,0.7400634554288622
BXX3179,0.17079810904798992
EJA6722,0.3245047879414357
RKB7690,0.44608019542766825
GSU7345,0.6418872122472921
MTF6536,0.4214294754400259
EEK1731,0.3783831522526466
XKE2034,0.5733908410633284
XFZ4451,0.5628961304482222
DNV7450,0.1410101891863109
DBM7804,0.4363510268771381
OSN2115,0.3921672017455191
DIE2462,0.6071023486135202
NCR1938,0.5465203344404894
SLI3385,0.39564729607636107
IMV6618,0.5732932989015986
MWI9236,0.19627776294020288
CPZ7415,0.5761729432999328
GVA3046,0.37278185692263743
VCF7450,0.2230049524581071
RWR5955,0.7371808454109612
UNR6482,0.4836009861506266
ZSW6504,0.44359859140661295
WHF7797,0.25921652944316315
JRZ1587,0.2999690649497766
WKN1856,0.6629831877953483
OKO5198,0.5479243059649457
ZOF6714,0.5223102843889332
HOV1633,0.33292986564192834
HHL8001,0.2634968700594024
KSC5408,0.3942321328262985
RVG8305,0.7440690877422211
PXV8041,0.5161532919737135
JCG5205,0.18184781841914174
EWG3114,0.3004717364253908
AWF8804,0.38814511091712506
MRI9171,0.2692811059400289
BES4026,0.37175346038372087
PWB2790,0.21187663726014136
MKZ4027,0.6777758102034118
YRJ8304,0.3082330445757573
BJE4168,0.39173178196087294
WJI4276,0.2884556255551615
SMG2272,0.40997609080219666
SBB1777,0.4903186005238148
PQK3153,0.4977755984284555
EDF5544,0.6524521358245066
NWV3159,0.46926383225540874
OPH4418,0.4599930847937064
UVX1686,0.40919835998822945
LTL4424,0.40130440175092097
HTP9675,0.1693645492565889
JHE5718,0.5145368543795886
QWF4463,0.12951062927001258
UFC9328,0.39456397742585886
QWG8477,0.697978812058983
FLU7651,0.4203187251081415
HML6971,0.4555615652628936
JCO8536,0.28385917147787615
VJR7001,0.7195060940056701
HKE7026,0.2766866374220055
NAZ5847,0.3307641788782231
DLH1235,0.4735344887598931
VWC1889,0.3962203839400201
LQG2414,0.2846080159906484
BTP3447,0.4120681003668241
NIH2856,0.5688018660892528
OFF1083,0.45199480730247327
ZQA8799,0.7110300265233797
IJK6751,0.31062481193852626
BOB6176,0.48409036110476755
XFP3339,0.2864686844022791
TAS3348,0.2954338019345195
BHN6210,0.6099912896841376
GNW5149,0.5830868900416529
VVH8291,0.5957730549620275
HVW6558,0.4401467143513072
LHP6615,0.36013107626814256
RNJ4226,0.5165702108561274
IZN2011,0.21918338662631695
SLM7035,0.2801631987175159
XQJ1139,0.46192679233086253
AMJ0335,0.702789183586457
SIB3087,0.5472681775322843
NLJ4328,0.3107064455140922
LUL8746,0.4763419790411099
XTZ0050,0.5670759162927201
JVQ0976,0.23041439172965292
ELW9308,0.3860331865253424
QYH1973,0.3925431809509493
AAL6035,0.43347375505471814
EQI6267,0.436780859720825
ZNO8211,0.29593859851555593
DJG8036,0.4542843706091601
LMG4322,0.4038726847642097
ZRB5371,0.3517646057294444
WPV2188,0.7645959350338513
PAP5839,0.5046968809535219
VXA5180,0.26063581751330017
GYS4742,0.333676977065088
UTG8994,0.3785839727395675
WZJ4218,0.3747727375452779
MVR2420,0.1924737693244208
MRB5680,0.5772223071286783
WNO2118,0.5472520083554318
NGV3962,0.18821183336556802
HTR2914,0.5514419294097194
PKM7354,0.2839994173755466
UAL0916,0.5441192119204095
TQM0482,0.42159857495463243
ZIB0347,0.2778390335844738
UYN6870,0.5403688076761933
GRT4611,0.6675661375433741
XFY3621,0.7464879310777631
VFC2623,0.4348529272815613
WZF6184,0.6009497799229312
OOJ4678,0.45385242959425476
RJP5764,0.37310974185178675
AHZ8000,0.7228059772833144
HDE0780,0.21685727047179662
JLW1736,0.4950491485558682
AWU2812,0.5530753843271302
AGX4063,0.36493273657893394
XCL3451,0.5758928548194009
OVB6800,0.29322028387536686
IXQ8744,0.42366857992370616
EZP3118,0.3660447684227243
QWN0794,0.7502152683702812
VEV4096,0.47187611172999644
VEU1076,0.5249787139583312
YDV5701,0.4873924828911028
PMJ7354,0.5020106165122656
LSK0936,0.549487259616168
OWL8934,0.4531751665250798
SDV7836,0.6191231713505065
QIL6179,0.24827252491546792
HSX4903,0.4886327125295991
XOU4343,0.30170983117371364
KFI1941,0.5503469743221185
QJE0535,0.3804458520978732
SLE6915,0.19116649971081737
SCO9217,0.26709036012565074
MVT7781,0.5343395061294144
TMG7575,0.7698308839897919
IHQ8441,0.41289146243715935
HXB2178,0.28112318863352914
QGW3324,0.8152181593821566
ZRV6802,0.49142993111558564
UQN6219,0.4769151145407271
KSO7707,0.31795192283631785
LMG8449,0.2396230145957405
SSY7236,0.45260967204193114
AXI9652,0.4102246124489347
JWO8793,0.23489284051614787
UUB0607,0.46814497933158955
ECD6444,0.4256338890350752
BBJ5618,0.3873960060965626
MHX3291,0.3297843409372551
PZG8347,0.5181123386850872
UKO0197,0.4727339396026557
DYK7152,0.24259422065827607
DWL1376,0.4264568799961169
OMX1967,0.3829935282412289
AIV8783,0.547848642628553
CRE5923,0.4093023789450331
HIC4011,0.40222310556235863
HOV6112,0.4725839400320031
KBF3850,0.29804895344611604
VUI9301,0.4782956999960579
XWS7934,0.4404368354655784
BEE5677,0.37958158646464707
JSY3976,0.6489787433053883
BMY1563,0.6641190655796753
HXQ4485,0.7260212079020463
TIS5890,0.3876161207222287
FKX3159,0.33250755090014494
YMK9880,0.3401369986928683
VCD5495,0.48730911709133284
FOO0472,0.5878588937778776
QZU8396,0.43247253394805124
HTC6808,0.21200010190675647
BYL2752,0.3238753361732851
ZAM8218,0.5873293828757177
IXN9654,0.46097012373237356
TTL5403,0.31971489374041623
QYE5349,0.6371525240276543
EIC7153,0.48303150504384557
XTA6550,0.6010131581109015
LJX4501,0.22175342689103927
SQP2640,0.46187701305762985
IZO4596,0.41598900188295745
FWI3799,0.6403071487727297
AZU7246,0.5997681190571137
ECB5710,0.6715263188147985
BQD5122,0.6311451573477969
UYU9430,0.2320807583621782
PCK7063,0.3733363740689458
IEN2498,0.43734669171179186
TNY8680,0.6870639269054988
UCK0106,0.3736281342181723
AOB4977,0.426118955069084
PPE2382,0.5538506856842613
FYU2252,0.3842499146877345
SIU7145,0.5089596728881898
HVR5096,0.28946505727139793
OGB0163,0.655634882162589
JRS7729,0.20687814123574055
IGR8562,0.24438138381682847
JEX0834,0.2603488856638769
TFN6722,0.6587561762960219
XKG8280,0.3028920557610609
FOP8068,0.40016600974423056
AYU1495,0.4966546904887034
VQP3744,0.21766745554177516
NOC9056,0.27775658223289273
DTA0824,0.38186717971160417
NPD9854,0.4332042686584992
FXK6082,0.3791830620194131
EIN7977,0.13679535494778944
FTW6027,0.7398789776667217
KBR3556,0.4434051524625001
EHC3947,0.2576257587819964
LQQ2433,0.31039243237181696
IDG2104,0.5507123313175801
UZF5415,0.3788348306652908
MBP8060,0.5391628898517724
BEV2395,0.33039197159314965
VSU6747,0.22993374435746122
BCL2284,0.3079206765034813
RAZ1360,0.42464311340220284
EWY1556,0.7775736134420903
NNE0522,0.5894721748449298
XQM5627,0.15444842444138718
AOX3558,0.6216548627271195
WUN9170,0.8214667933517756
XZJ3149,0.1528551107563336
OKL4921,0.6289310216876648
IZO0258,0.21664762275405805
WRF2650,0.6579788638557429
YZR0011,0.25003598341573047
RJO4245,0.7096231795719585
CRM2675,0.33994020663781027
DKL7615,0.4518970947290711
SQG4906,0.5468264460219289
IXO4087,0.2375171128311862
NBW4124,0.5204519360343178
SJN3966,0.27596737693014844
KKR4361,0.3692900847233704
HEK3882,0.4411739792649556
QOY8848,0.2966360151371871
ZQV3715,0.10269682458298855
UXJ9385,0.4751793979847477
VVE5601,0.45665512597650637
NHI7594,0.4628497548180234
WQW8250,0.48684565072012265
KID1021,0.3167983942939961
MVW5606,0.33370016293287647
VDJ9872,0.5527824155544281
TUJ6907,0.20896272928580767
KVD7026,0.37942167430265983
GPM3013,0.35021171203556084
YPX1846,0.23763877734345493
DHB3654,0.8297107698507752
XXS9902,0.23528495215956646
IOY7072,0.23492971306127922
DLS5038,0.7921963623980466
NLD9930,0.13906877898061806
APM7094,0.6351973297088976
UFW9487,0.6172365744848984
LTY5277,0.5541501534770747
BNR2104,0.6153684818122418
GXQ8493,0.39551634229854393
TXJ5088,0.7371433297104167
HRQ6010,0.7020975745897988
YWN0709,0.42641700602220034
ZXE9454,0.6231274451982318
OXB8970,0.46445231045179175
TZV1176,0.29902938773887927
BTP3681,0.4909178570781167
ICO3585,0.5035394449351774
RDF9417,0.7003579607840265
VHF0605,0.2269623239718265
IAG9096,0.49198264205252173
RQF5460,0.5330942797148156
FER2233,0.4759186050752732
DDX8572,0.17635263931488374
SXI1042,0.1736840940389443
KTM2552,0.1561397371859796
LXB4245,0.35794833931549747
QYH8445,0.6820064652076389
FPH7362,0.45658045546870774
WMO6968,0.3314316373013868
YVY9123,0.6598615823986501
PWI7008,0.2650595997702891
EWE8647,0.46262604135366964
UGH5821,0.46879860895514086
CCC6358,0.44281561468642416
NJM4224,0.37561839342743897
JLN8569,0.49154375354187846
SBS8635,0.27321831569913463
TCK0667,0.2551560200050629
TTJ8073,0.2437003188209644
FYM4884,0.31125033495680116
BAH6808,0.22263257287732138
SMS1066,0.6251391210517214
BZV7110,0.3658120639597575
QUC3244,0.241030818334243
NCH5512,0.5120737017406327
MWJ2009,0.2878299149085347
LMJ6900,0.48739042957710293
NRJ7601,0.6723126792882196
XHN7398,0.477293624295921
VVK7366,0.4040513469818493
OOJ7340,0.3730850892264786
ODG4805,0.26327745045608836
TEH7221,0.5896188724035618
RVA6521,0.5064194815632566
LDO5407,0.5294143177556829
USN1312,0.3939625968651244
JPE7604,0.29387411526141305
CWI1855,0.3562093626531115
RUG6092,0.4371911355403956
YBW0147,0.6106594490734802
FOL7863,0.2979776418017228
YFD5576,0.25932987979224087
UMH1775,0.2687106764109698
ILG2801,0.5867173156976443
IYC4401,0.679564530918593
DGU6130,0.18267099215938196
GXN6308,0.06886184925683068
VVJ6567,0.4509202743643097
QGT3401,0.7417326376693325
EHV5543,0.46134190931439145
XPH1693,0.6327144528807717
XVI6143,0.2041557147932978
MVT5363,0.44352924993308845
BJP4782,0.34219204281504695
VEI6692,0.5216715877569319
LSH8066,0.18133942285608018
OES5230,0.24773522394438222
GUS7697,0.4935492285876028
GIZ4545,0.20448944576570835
YSJ9267,0.6323058685889019
LQM2884,0.35174792297338425
VXK8098,0.4609699026484255
LHQ6161,0.29732767417255135
NIB7023,0.6909781729101675
YGT5746,0.3035272857208478
OAN1929,0.7187707751356441
RSD3480,0.09406106773913439
GFU7927,0.2628293145505576
QPX8297,0.3616945358261439
MDE2942,0.40206614022388065
EMC6814,0.46162925374816965
RHB7538,0.5449506824296344
QVA1519,0.7283316373054717
IYH6561,0.334095786960201
XBT4342,0.5257899077410897
WVS5347,0.47600009945834787
RYC9887,0.3425388932463405
OWG0725,0.41168032390535275
PDQ7527,0.5894069911425852
AAA8650,0.4657100720510591
MPS1872,0.7013456693570821
XPC3180,0.5933869445304857
ERE3203,0.3549019542353606
JNS2424,0.8197414703922188
QIP5472,0.3898861647541734
KRI1406,0.4251532459382247
LCG0245,0.13198257814225578
UGQ3179,0.24062294527025918
QTL9465,0.5941495332823672
WXX7131,0.3034032551234166
UBL8285,0.34107922661983503
CFN7090,0.44338931936821485
TPW2557,0.14278290860109583
FNI8664,0.20567972884386634
PIO9382,0.4274546735833878
CCZ6527,0.590077512521278
QOK1729,0.4919326509093251
DKE8863,0.4266618323278153
CRV0203,0.7089610084533831
ZNN4201,0.44732641886373464
CDV7774,0.45333111434729473
EMG5794,0.25452868516522054
WNJ0629,0.813120974578108
GGP7119,0.43110952533380864
PAH1172,0.33674605416820386
PJG5643,0.5186824894300326
IAM1828,0.2738920269372969
DIK3154,0.47403252407040153
CTT5887,0.5863591165073812
PLX1043,0.39613552530143065
SIJ6453,0.5399855506807634
UGI7847,0.46068111858746313
KGO6514,0.38619990255198133
ARC6739,0.3255743855553188
YAW0653,0.23595933577944822
YQM6980,0.40747033401990995
HFE2279,0.7688442719337119
VZF6216,0.33744944011412825
ZCH6489,0.4229850338145745
TVP7259,0.2559922514381933
GAV1656,0.5844002329069189
WPT0894,0.675230474964011
YWS0422,0.6355396180363383
XUK7427,0.43539845973570257
HLU2704,0.2002161484300744
YFZ6065,0.4774810481916238
YPM4038,0.40830920230471707
XLE1332,0.2863706987731596
WWQ9108,0.22884070830698236
OBA3645,0.9019997226378726
GUE8114,0.6622616967332026
LDI5459,0.5850039979092249
SIJ7030,0.37030805839143843
SGF2166,0.4114832177122337
IUS8573,0.5113065081652701
OAV3919,0.35981357555383287
NSC7363,0.552383241215533
BPV9497,0.3292783084139256
ILU0718,0.4820040478193432
QDB3206,0.31191968264076375
ELT3255,0.19475593601203442
XKQ2938,0.300614799454819
AQA0422,0.6196783199531133
PLP7326,0.20702042814775864
PLY6486,0.4048423934150302
TXV3058,0.41527348197012887
HZU6833,0.8906615728338464
OYN1376,0.2587429095121207
RKZ2520,0.49580036874127137
VJK1168,0.5691411453044973
ZBV7530,0.6079873534052044
LWZ3926,0.7126453650328309
OZK7168,0.17774098180507314
DIC4454,0.4937885771017694
AQE1099,0.2752231430838321
FVI6751,0.6117926170409729
JHS9927,0.6373787939115113
DBB3746,0.5501365970511826
CWX6774,0.6090388049837435
JXD3194,0.5178957640115155
EWS5489,0.6687651207497898
YOO0895,0.19073667684989049
QMM3659,0.37274756991908925
OKZ7721,0.5055886946181266
MZB2572,0.5001625785236451
JWR7273,0.5354182879625463
JVR1502,0.26089092958277127
BII5034,0.1287981453749483
YST1582,0.48591747203086383
FRZ2719,0.5704045133748817
LJL4583,0.2883983767895738
IVK1262,0.26179337473014314
AGO2014,0.2639304514555798
VOY4391,0.43473482352318255
DIA7288,0.8010036099417424
KTJ8937,0.5056304238616153
GHZ6620,0.3086991141471349
EIQ5825,0.3243858006064826
DMT3024,0.4567723829870757
NSA3551,0.2601308137652621
HGA5858,0.34103157850657306
SYY9291,0.21850793640311075
ELM2280,0.889947284247686
OVQ2692,0.277665154398901
PRA5342,0.7927947587972495
FEX1797,0.552600125747525
UNW1268,0.7558850105208427
UNF3809,0.48172736209951683
AGW7178,0.34281822623107844
ZRE1357,0.2572626276514109
IMT4399,0.28478490288050257
MWK5375,0.3659312926806771
QVR4912,0.6689513762116815
CYK6709,0.3753145514645599
LJJ2126,0.5902957112757818
RUA9027,0.49641939779980915
ACA1080,0.544195992842729
ZPH3170,0.4866297691678293
IDM4207,0.6094537697832774
ZTP7739,0.15742949244922044
YDV5815,0.8080443584175897
BQO0017,0.6819199057607805
XUA9984,0.612981770081658
INW7958,0.5688737541904356
KFQ2870,0.47946848089623445
KOY1613,0.30460737695311796
YCT7342,0.6381404681812074
QQA9782,0.3321307032120455
BAO5422,0.45294145870961344
KAS6278,0.4594768587017842
XNS2468,0.3514250827587515
VIU6714,0.5125897826980118
SMA2660,0.6160162220194446
CEZ5920,0.1297345437523233
JJX6153,0.46927298371987297
ZCT4811,0.6010769777514606
ISM2735,0.4088288013127327
KMP9746,0.5110207058917081
LLQ4055,0.4286076198093004
RRF8912,0.5962115073081218
QBW7406,0.29140422279164
OJS1596,0.7620514799233344
RHO4507,0.518256785931048
LKP7516,0.2966469378758152
XZH6228,0.6928368812845296
NAA2800,0.5046510486349768
BGZ5066,0.4336199208770466
CMI7750,0.47291318242270963
UWS1232,0.8252543988538098
UCU1562,0.3575551185285524
CXZ1451,0.697427282548213
XZI0704,0.5689241273451837
DQZ9741,0.6730301460583811
HHO4419,0.3949295617939007
RZA0154,0.3582329036811257
XCM7012,0.5432307501529328
SYQ5872,0.558577739923713
WGT9197,0.625513902224967
ZPP2318,0.6695413134444163
YNY5682,0.42884229433061477
DTI5849,0.3603317513828077
MRL8735,0.40229445617224324
NZT5187,0.38184519938626565
HBD0405,0.4441450449040436
FQS4223,0.25037625918318296
OMN1338,0.42134911724373625
TNK1463,0.4037147818483139
WJW5789,0.40379629823684543
FIM7054,0.6190714622964558
FBZ6525,0.36486787578637997
ZFM8609,0.44048854296518175
DVS8106,0.48407884540503626
WQG8515,0.4141682403184586
XMX7499,0.5003208522127183
YEM3557,0.22515960507274835
VAN8479,0.46192673471860707
EEX1705,0.13608959200847626
MLP6187,0.4275015949546286
ZZT9034,0.428939061450962
PYC1906,0.2861373644318018
XKX0417,0.38612255856199074
IKQ1892,0.8687439964406911
JPS7984,0.396953634215047
YJP4939,0.5458585683516306
QLY7451,0.34965439322320724
CAQ1761,0.3456892200776246
RHS3194,0.30505574252792517
URH2223,0.45860957108579076
EBV5526,0.35459791083781733
VPE7690,0.07230875447713508
MQX2555,0.46333960455366563
LGF8647,0.3458214298742985
ZZE1862,0.5230093210334605
TEL1237,0.37721222868535675
IHX5741,0.43021803741622733
QHN6664,0.4601429105896918
WIH9047,0.7084551920313104
SPR8036,0.5025576165016932
XLY2971,0.31934907322417416
NFX0427,0.15812417145931867
IUO5128,0.4927034125379815
ZBK1450,0.43651107605686396
RIH8440,0.4454621421391379
WZA0097,0.33258250765233016
ANN3748,0.6019046314982128
BPC0427,0.47548083567995436
NCR6054,0.6254196513139716
VEV1335,0.6316340277388716
YBY0166,0.6690267677744909
IEN9002,0.3305224576412656
EIK5210,0.11891897766010842
YPX7615,0.3860862819535891
GGN2096,0.6785299445971751
ROY7283,0.6121261120362248
DBD6207,0.49606606098353123
YDH7665,0.21550397570923355
PTU4988,0.39743883777258243
HNV9512,0.3686903001145051
AJD4806,0.3998365243822741
FYX9557,0.3760621547173445
FWL1743,0.5827576605739174
OFR8910,0.7632181575289738
EPU4284,0.6406041132599996
FSX1358,0.21541003588576202
HAA2935,0.2494036373202218
DSP0219,0.22703575952580596
FBK1277,0.46269913931289897
IQQ1006,0.31834614345423123
UGB5004,0.5261099845953568
LVR9175,0.5574710955054085
KDB8963,0.3455999771419391
LNL1742,0.6229997070728792
DXT3232,0.4089109418287448
FWE5809,0.35532662525144054
WTS9172,0.5397534978226185
YWE2221,0.5390574924691419
VYH7939,0.45649334113492784
CDH8864,0.5557297210883942
XLJ2088,0.3383211393115823
IXG2936,0.7171368569042965
SWZ2844,0.48783027143216856
AFK3912,0.3349237907415331
GMR8075,0.27270070677828323
JKS3370,0.21245018110508165
QUQ3329,0.6235013625040108
CTY1175,0.5361308106687178
PJW6595,0.2949732971383754
FHG7478,0.5506382859463417
PDK2198,0.42773065620243644
TLV8472,0.5063710687970208
VSE1384,0.29869220359972476
BBA9440,0.512608961074537
ZAZ6128,0.19583823285054006
ALO3534,0.3478875372948746
ASR0646,0.10481151599573814
JCY7418,0.3120259155123539
JEW5959,0.29622828522627925
WTP7859,0.3156775818361385
AVU1700,0.40756003933081586
YYU6072,0.45706485047288964
NKM6522,0.7104539129566617
MWZ9346,0.3670638430278186
GTK5704,0.3293558792733753
BXV7167,0.16311624841999647
QHC3452,0.3129843921721473
MPG2391,0.48178236110818284
BNA2789,0.6602737075742091
MVP6799,0.41794820259506066
CIW8623,0.25507242561716326
VPA4812,0.46147704344460666
XOO5653,0.501900259955105
BQL6282,0.4426775735272732
ZKI4872,0.43407717517036476
DCP6169,0.12141645627216989
RGC1823,0.3118982679968736
VHU7518,0.4259383706396561
RXK1646,0.42967097493631756
IVV1740,0.5353495340001077
VDF8766,0.6252464919855852
JQK6477,0.2701927835339532
UUP1334,0.5036886563671904
XAP8677,0.5846381880285004
MQA8873,0.24556002391079063
RYP7886,0.48933747271235234
AFW6003,0.3843179138278929
NIF1838,0.3776585708553705
QKY3033,0.5886528424358074
MRI7916,0.2968768963022002
PQX0971,0.39919993580401986
XQB9992,0.7795178239391125
AGV1957,0.17687020494488814
VCH3197,0.7091086588448104
QLF7152,0.25143127093658724
GRR7219,0.4263018789016259
SVQ8097,0.20571510430505804
COL9431,0.28680821241352317
HHB8171,0.36371524894853285
BXG5131,0.2924482658355058
FOF8111,0.45558666756951033
RTV2240,0.4885329284270978
LIJ5511,0.4396198457514299
KMK4275,0.6186313601509779
CPY9285,0.5507339293263895
PRO7683,0.5248062601142602
QSM5588,0.31423686195364703
OQS7196,0.4580250427861709
TCA1389,0.47309436264190635
ENI0173,0.48137394388243593
EMQ6425,0.35930691892392447
ZLT9131,0.7231285587302506
DRN1504,0.27901137429223644
MZI4502,0.8219016558041836
STS6672,0.48169716681729846
WGQ4961,0.34627163339540623
PHS4900,0.5610427575043762
MFR0763,0.37414105178177015
HJC0056,0.43134495734006395
TXD5361,0.277947253033815
ZDI7351,0.37580246928609284
MJC3046,0.48169408909812084
SPR6183,0.4057152431373208
MXO9018,0.7725856646253803
CUH7592,0.17057464506536135
PQN0513,0.31138667032779294
PZO4069,0.5003998854825423
TNX6536,0.5399886491915814
ZXZ6487,0.44908919924444474
OEY5873,0.4325241648874641
EPM0672,0.5130364545285596
UAK7607,0.5571960339044462
PUR4801,0.6695146068250983
SIZ0903,0.7275224277559176
QAK5501,0.6529312962713814
ERQ1003,0.29158396958517224
JHS5395,0.2270700662691597
FOP0128,0.6259266467643825
CMF5213,0.620898163511002
QON0449,0.4972278437108927
ERS2335,0.4749238430994456
ANU9281,0.5618039217352327
ILZ7555,0.6787151040450655
MIS9792,0.14030772929097868
ZIQ7762,0.38803056406391473
NDG7924,0.3518135722715165
FQG8979,0.5311597518918865
LSZ0654,0.5886092994177792
SHP1082,0.4670335722740102
WIM1278,0.5625457881427692
AUR6868,0.422419016018861
XKU0997,0.2556669464931684
VQW1327,0.5783413359855498
DSW7214,0.32353767796738747
ZOV6208,0.4735847374312187
PGR6688,0.3412751202977797
KEA8009,0.36857806298026086
LNC6328,0.32478080985769464
GMA7529,0.582945779140661
GUY1739,0.5534892498888335
BQS3910,0.5443558146480278
IMV3273,0.4030117432457691
WUW8672,0.714814869387545
XZZ1931,0.34617005339949186
JVK1763,0.2171967063046962
QQU7584,0.3313294930495219
RII1341,0.5590322271839419
ECF2001,0.17750600735540123
IJH8267,0.6967131554871699
GJK5821,0.6283462373492429
HNR0653,0.7171071293269052
ASA2572,0.4375710935839211
JAL4562,0.7217781914538659
KXD6314,0.48866511752931363
PFJ2186,0.245812070630855
WES6815,0.6535668159454308
PHS6750,0.21097383041472548
RMM7844,0.2555439148732888
GDC4179,0.3738493778901854
QUK5788,0.37396729718795224
GJL4316,0.7300171088095596
OEC5147,0.811075753768919
HNT7828,0.4074305886442254
GCK6333,0.3801108447000538
HNZ5414,0.6570187071903902
CVK2844,0.29499197495984697
MRZ6686,0.2942478736495566
VEB7548,0.4157813069347944
ZFK6222,0.6941777920510351
TCP7362,0.5567346334857973
AEX8842,0.7424801008837839
INS6906,0.2668780977818188
XQP9889,0.28723195761469444
FNH2173,0.49452394500105407
OOI6909,0.15710911393439778
IVU7217,0.24758488766337478
TLQ5774,0.8379218121431593
OJA2961,0.41935618302344785
SEH7834,0.6638835166527263
XKI2459,0.32800569931761564
GME1877,0.559285877616352
RKI7230,0.310331876965641
CFQ6408,0.2287337043321531
XMG3875,0.2289433332422427
HXK3423,0.4317888528711687
JXU8966,0.10460497237759853
GAT0080,0.2993798142203916
SXJ2606,0.3960455258144433
QSF2441,0.3770642299521947
TQS5006,0.5568970630377006
DOP1780,0.29649571474158515
ESM6222,0.4611400295840833
EKA5363,0.41979780224362784
IZB3771,0.2302296472484878
XYD0602,0.17604126407295004
GNP3501,0.5499618484387575
AQC9120,0.28886394668038395
HNV4885,0.41348834180402244
JBX9545,0.3357843178597342
SWU3965,0.4028982409427807
YSB2339,0.1962776789275401
WDZ5490,0.7284673069333677
KYR2691,0.2206380154901029
MRF9654,0.7182551151757014
IET0507,0.6192181014228557
CXW8897,0.27858031321081106
RHO8502,0.31132528930900505
DGI5875,0.7119206784178331
CBG8496,0.15227512959459466
JMO9215,0.4101148734306128
WHH0842,0.6283332632235745
IRT3982,0.4922193979281846
ZNY3995,0.22142007089916152
RWA3263,0.4348454649722357
RRW5248,0.36948466653073636
KSX1126,0.08961278722193698
ZGP1344,0.6638405078883372
TAP0740,0.3358122714383331
SBV4244,0.11754118662436608
VNM7279,0.4028926500401132
XVN5713,0.6430822590769683
PNI6616,0.47273551433204225
DHK0115,0.4422997752008567
ELZ1893,0.5822341471023355
MMD9376,0.3552032416602804
HHO0755,0.18989975623761146
AGI6103,0.48613680139061094
DSJ1568,0.17164369440159202
OGQ3745,0.5853231820437654
EWU3335,0.4985645030377916
IBI8973,0.19656012892651223
MNM0998,0.2905707794801463
ZFN4243,0.30099356217783324
TAE3942,0.7325396577333544
CEQ9038,0.11966847288814642
YDW7588,0.2628072964933112
FLB0221,0.570727542049571
IFS3000,0.28351971415119465
GOX2033,0.35046526242307713
RCR6392,0.06978997125092273
ZMZ4534,0.811568522759422
DPW5768,0.6745518625765444
KKG5808,0.673112964987586
IBC0776,0.4119576804768551
QJQ0583,0.4184144062977191
YHT6044,0.491458978164484
IZD5201,0.6600308973904141
FQQ6014,0.707869896634578
HUG2535,0.46227783795348754
AWE7337,0.4525677656389035
AFX6015,0.2746395420609012
JJA3465,0.4028847623487756
YWQ6319,0.25182150632445777
UTL8063,0.527361218646984
IRB0365,0.484716712784218
DQC8790,0.5351399229018159
OKS8792,0.3423164637302691
RPI9883,0.45222896053743006
KJD6196,0.5330425740703207
AVL0382,0.5158338177238365
WHR7833,0.45896516576954355
DTG7149,0.6439032078912352
ZPD3564,0.6290632757315572
FOG9482,0.5849087457570799
ZFV2720,0.589818502931814
KWX6049,0.5593996661572475
UEF4956,0.5657290996106628
JEK7287,0.5639572329548778
WPG6950,0.5781483329499383
QBJ7505,0.5468482698379327
GWN8595,0.4228971758573793
BZN6603,0.47245322946429547
XFZ2764,0.47185014821914356
IGC0378,0.23253564338967975
MMP1537,0.36300622805643523
SCY5429,0.5013271557036092
SMJ5723,0.5158189348453098
SVM8665,0.5123725013867927
JUC4326,0.6721431222477039
POJ2305,0.5498799260550498
TGL1412,0.5741712528143255
TLB7079,0.4721453021381878
LMR6185,0.42017446267060804
KHK7436,0.5623156802792064
OGI4322,0.5743062600725832
RVZ4835,0.34141658079981185
BJN0689,0.21698344297285801
UXE5576,0.40403348237516284
RZS9370,0.5286167078115419
XFQ2974,0.21734171347262163
UZO8276,0.31530829043085973
GSL3386,0.3441749964638271
AWS3695,0.6935954124002291
IRT2345,0.3193301682088281
JLA0351,0.36777075390293595
UDG0334,0.7025253070121844
BKE8828,0.3844595427064533
BSS5927,0.7331043041405754
QFM4192,0.3404874475076162
UOL8406,0.39017804280155843
DVB9995,0.4244907582352714
ZFM1248,0.3890839521178388
FAH0757,0.6492230344038105
YNP2161,0.4480993935832165
TUH2095,0.4764704796923362
BAY9049,0.3720745323976875
SZZ4113,0.3970426765488806
IAH5734,0.3424352735974017
IWZ1372,0.4251732706496769
YBR4638,0.3543520786786395
MOB7614,0.31213882703692963
ATG7894,0.6144025003896177
QQM8288,0.3741786745644644
XMU6369,0.26683837878231
DSD2182,0.2961196806408162
JEF9970,0.7807676305820576
BJU6237,0.3995054079608709
MCP1196,0.7867160814404377
WQZ2473,0.423908362328529
EXP3813,0.455227033437342
ANY6979,0.334922592343517
MJT9896,0.39626225997327413
RZF0126,0.43497946193923737
WNT3190,0.32588593684508044
SXR8785,0.6428576058859643
VEZ9878,0.31816003360191963
IQR1803,0.6233376209654411
GKP5747,0.4906268604082521
KWZ1032,0.6031113754079597
UNG2441,0.76484987015231
DEZ7950,0.7109985436328586
LWQ5268,0.6178838901716383
ZMD0621,0.5138179382799176
LXS2378,0.2600390830317084
TNA8704,0.09504833291111439
SXG9064,0.36071467983137334
TCJ5769,0.5742581463493852
HFW8197,0.7555485172688049
GHB7075,0.32737276371428264
TXW6272,0.4886485903459918
XYC9775,0.2772682767913105
ICN4734,0.7053472697033517
ZMN0832,0.2984937216499342
IRZ8003,0.632253331504279
HUF3490,0.47869319064517885
FCD5431,0.5520907172916953
VXK6316,0.6639923935608113
YHN4722,0.33849778446105255
RTM1575,0.5320425838995966
YSB2112,0.2631745948250284
KCM1722,0.4202769134752858
OTS8869,0.469366738360694
NHB2867,0.4173376767345012
UTP7979,0.5550409485228973
HSM0794,0.8789492182721553
RMZ6032,0.31637317607132653
IMW1976,0.5110639692801049
NFP1572,0.3846266384335388
UMQ1245,0.5249428009315906
VPI3440,0.41191325663548967
IAR8050,0.28582264417565695
LZR8401,0.649661142543564
SHF9433,0.4963966643834369
UJL4817,0.8463284859469038
TRR3958,0.2469776253110182
TXD8258,0.5928828613917858
FCO4051,0.31708795860136557
OSB4374,0.3374265512191717
FVW1939,0.6744096096408293
PEX5881,0.3165601533192984
UZO1865,0.6648522179752361
LWE1790,0.2287280445185882
GWB7700,0.5334520685606065
ZOP8654,0.6115233137645257
XLA1817,0.41052643433206837
HWW7112,0.5038533300871219
SFB9784,0.6277787212578456
OBN4261,0.08576918670694397
VRM2547,0.41755569664305375
DOC8167,0.39785923038459853
SWJ1035,0.38440864965834487
FLF2496,0.6273149539647164
JYX8578,0.8016648422858803
AEU2982,0.5482098258979728
YVH2306,0.6243686814792725
QKL4250,0.40615487619122254
LBW6479,0.5330035444845189
XQN5681,0.5926853212023159
CEP4086,0.6225886062078259
YGX0420,0.35447674790787187
BKB7512,0.5213595398144523
IXG9725,0.46819781883356737
BOF5544,0.3374646541672752
UYN7747,0.20780432314451347
ROF4670,0.4273134494759299
UGV7717,0.08753663606951434
OEI6069,0.28739034253466667
EZO4175,0.5758172302058608
OIF7758,0.8410205034316679
JEH2919,0.4735716178220292
JCE4705,0.4895018113189213
BOD3734,0.4312042752625847
HRI5660,0.39654231133807527
OOO8613,0.10000822156012652
XCU4599,0.3613303173072559
KRX9049,0.5486991876324478
JOB6245,0.2848069276290489
QNM0137,0.5444741040242501
WIM6665,0.2173788364389299
LNU5227,0.4008252426644851
YQN9605,0.4425661693292322
UQJ8425,0.38766788350492465
PSC0175,0.29960357865254783
DJY2431,0.4106380445559491
ISL8214,0.4198073776564739
IIU0389,0.17042238150942843
SZT2166,0.6619479101493811
QGG3461,0.3381806133289718
XCL2050,0.5300283572895207
QMQ1245,0.3504077053850294
DWG4532,0.32702110420429803
VPI6024,0.562355936457194
ZYV1950,0.4352411467507118
ZFG5023,0.505816160391287
VSF0357,0.4221029759375998
OEY6081,0.16243437273594008
TUB2085,0.26461996469089233
MNC6692,0.3319474522267613
VRR1008,0.5079291819130601
YVT6450,0.3887741408034538
FAO6275,0.5179737146438123
PTD9190,0.3236828054902
JSO5437,0.5953758764087209
MFH9979,0.571186825922307
SLW2279,0.6023973642901044
AUZ0340,0.537438057296824
AWU2833,0.7350407227657811
LFN0157,0.6402019424900318
GPR0346,0.6899946267991134
MMU5621,0.43399950126948056
IJC0456,0.19360096321642284
HJI0200,0.16030271189154785
PUI7508,0.5252224619375384
QWI3198,0.6723151242354447
VRD3282,0.4346872533402798
IXU9829,0.5714599783395184
NSR4945,0.5627486263435724
CJY2412,0.18470707498198072
SUL1935,0.2605229070265913
WAU9525,0.38355097480191724
VAR5218,0.20627233391657276
OIQ8584,0.432143445928975
TXN4932,0.45445654008734965
FST0470,0.6461923886898174
YVU3745,0.4783862741135716
VRX1810,0.6858805651442917
ANZ2576,0.327819778347292
DFT7074,0.5663422965207475
GLT4950,0.5198734482026403
WBD1290,0.1321351026815252
KLD9539,0.2701517428145891
UFD2281,0.3611968841456056
AGV8920,0.32342509874509545
EZM8303,0.35105916445649504
VHB2724,0.60626268322254
CGS7371,0.2312128671036436
KRX8325,0.3494071618784939
HQM2559,0.686981989788762
OAS4314,0.5368875347323923
REU0208,0.4430829902617906
BCK4124,0.7084930890809668
YXF7483,0.3464644608542515
EJI6128,0.689626352640046
ZMZ5134,0.6903648690471138
YAV1162,0.3914334684201437
NRB1641,0.4973811590725807
YBA0436,0.7734145605480452
WDM4803,0.32812456559013065
APA0477,0.24012814510617086
DJJ7857,0.4508884063949428
DDO2541,0.6262018701434252
DTT0915,0.49684929751969137
DIO9974,0.5317266588800599
RTS4274,0.5874026986062545
EVQ9390,0.3927743763842419
GSS9218,0.3539001313184748
QPV1399,0.17258508326050884
ZGP9947,0.5441166067268359
VXZ0953,0.43000825118930863
AKN4052,0.202926827333917
GGP3877,0.8177809430221715
AVK5211,0.4480933595601212
CBU4492,0.42070343501692326
LGY4995,0.449917045248212
DPF8787,0.5328624968794949
ZLU0244,0.33536852820197166
GKG9739,0.43291600446605094
XWD6996,0.29461320203874697
AKF5899,0.5544729613890591
UBN8639,0.5107009660547926
UOV8935,0.5364846955748379
SCV5979,0.5027625072696628
WCH0782,0.7648454665619167
ARH6872,0.2521363682772268
NMM7694,0.6021314867712952
ICX6399,0.37311446991224934
TCX4933,0.30410592459925506
UMW1034,0.589574701133117
YYP8138,0.4246401401403631
SCB9443,0.42054893299841895
ITC6113,0.6818900819918513
FCL9477,0.6047238238691848
OXN4850,0.3647072944979552
JYD3480,0.5723728832884513
VRQ7885,0.8282420557428528
FUP7384,0.5623871516299426
QWF1930,0.30591764698569524
XJR3753,0.3732391859555168
JYQ8107,0.49142720602201956
RLK1604,0.2859024284984905
WWU5537,0.816896415152485
HYS7523,0.6441998292847163
ZJR0568,0.3376660510741728
BRG1099,0.4130061669943754
JVW7197,0.35719775550534083
ULE4248,0.5900392764398188
FBK1312,0.492695080892229
VSH8159,0.3037828210293005
DMQ5786,0.3449197454588249
GCB3430,0.48147553158913964
OLF0501,0.40867916543580735
JWD0044,0.6564103116796004
TJP7761,0.3473925509023542
BQX3256,0.17587172473239
XYX5749,0.5922708686550894
MRK3909,0.31707156149568605
XEA7163,0.46122012754936054
HCW6650,0.6052742998277618
TZP4079,0.43576450423429824
RYR3568,0.364631735650278
KAA8266,0.5058703248998337
EJP3492,0.7125662008413738
NGH6480,0.39577062929562407
RBK3849,0.3974280641139995
AVU5986,0.48666217946524315
BVU1715,0.44863470687369433
WDM1181,0.3993373090597045
FMT3576,0.2981582789351386
YTJ2895,0.5904775417807236
LYE8184,0.4657531377372964
TGB5296,0.33919238012454705
PAM8552,0.5306452358276381
FOB2099,0.6209032185999963
PGW0709,0.6541361746833724
WZF7186,0.6439395581759699
YZJ1826,0.35179848624488574
CUK6688,0.3535591940315469
JJL9592,0.1526051529769653
BLJ1552,0.2947873300606837
CKE5978,0.4615053153733262
KEP7251,0.7240576354350639
CWA1833,0.4321499946753318
DIG4152,0.4038948668691561
QJO2482,0.3199883984999861
QFS9248,0.2890719593962101
VPB6339,0.8194736430746092
BBN5975,0.5832656456464492
XCZ5265,0.45599467441558467
ALH6740,0.5755064080992944
VFE1712,0.15213487755788507
PBU6519,0.1319104867382307
JIL1820,0.3356402090153623
TKO3377,0.45808470045963495
XOL1792,0.6857471637738417
HUQ7289,0.3496790018213809
EIH7258,0.3824008033136029
XHL3600,0.4999998128114568
BLG6557,0.3071549448244678
XOH4990,0.5814690124429288
SFG9400,0.34345704023744067
CTW0716,0.4966383008177036
EPQ1022,0.40316627688541895
DDF4807,0.23381479795936963
JHE1802,0.39143892454010526
XKA0286,0.4164933620291112
KJS4977,0.13232438336440808
KIX5898,0.5902018884354954
KAJ5890,0.13547343601591613
HTN5032,0.4438326925106118
XBG3646,0.6880434647717191
STF0095,0.16142317257434435
XYS3253,0.47198228889291016
YFM9412,0.5214870153794892
EIC9765,0.4264336368540809
SJW3302,0.23472691590715508
GQS6751,0.21191676747264862
VHY1313,0.5425740208885662
JFS7189,0.5789010890279599
UGC3514,0.5827978708761485
CNX2296,0.36515467225913656
FZA8058,0.28932853145698856
ITU2802,0.3783769608659352
WIJ2095,0.7626389296245639
KPD2769,0.30544394592399504
SZO7824,0.7055453891164096
VSF0918,0.2953555804763291
QPO6163,0.37519343607209127
QJG9094,0.2220771793257606
WSN4732,0.4436665101186852
QAH7760,0.44069618396526744
QJQ6048,0.558312703871838
QSS0205,0.33442646048636276
ZJH8058,0.33577204895244056
QIP0730,0.41907826839840606
SZC2380,0.6854714525718995
RGL9560,0.20507597966782642
WBE3412,0.4123082639094133
ZRW2620,0.29605422593650643
VLM7962,0.29067060763566605
ART9792,0.20557825549409925
ZJN9258,0.7721324238406981
LSD5527,0.7818227243120891
XFA9780,0.2950467639751702
YZX0939,0.13578080363994388
CYB1866,0.3347394336223227
EHO3159,0.4901502059662514
SIG0318,0.7253952532559061
VGM0574,0.33167199486521887
VHH6882,0.14771745047705184
ZNX3901,0.6026516029775614
GHC3228,0.3344245845232265
SQG0318,0.2600265595414539
IEY6901,0.3441968220826123
HUS2611,0.4513648985160429
YEH8272,0.13345409235610634
ZPJ4887,0.25921246631781425
FVM9271,0.26182493837092397
BYC7251,0.5565404963104025
VZV4566,0.38987939963371504
HJQ9078,0.42027307135324826
EGR2718,0.6042146016362567
BQW0054,0.36080098407737643
NWE8918,0.16346505373140785
GWU4698,0.6488087365270121
CZX9272,0.3641970154450739
EYB9921,0.3459856722286485
XJP5950,0.3184525981145873
IFJ6475,0.533272300455936
XNM9426,0.7082636736871695
TSQ8268,0.12236443681601018
KPO2933,0.36566457445351835
LXQ7529,0.3439603796864745
XRF7014,0.645207818861839
DNC4443,0.45918773476680336
AXH1658,0.5057496105305324
AHZ7652,0.629383508521141
NWH3193,0.251813766013988
TID1716,0.7569649773626227
ANP3440,0.7063751093534153
OUG4685,0.543296330779676
MWD7907,0.48667481325256134
TPQ4836,0.4226935883005903
AAJ6531,0.5254610488445381
XKG7418,0.5572254345939726
LJF8014,0.4371047370386185
IWF7341,0.19299794239131396
USH9806,0.47344113550902506
HOT8154,0.3816057965617811
DAX4292,0.36494561991189906
KYM4729,0.3894443103522802
LKI9763,0.3109427262889858
JAY7470,0.6479671038281064
VAG9407,0.18643683139735273
AXD1373,0.5486143489596456
KZV1736,0.41221640699189366
ION0603,0.5073734930506321
IBD4973,0.46440378968835094
HAX1381,0.46920277967809965
GDV3204,0.3860046985328317
GQU7798,0.5949077767194355
GAQ1597,0.5672921603595056
KVP9269,0.6132652576380488
RDH8031,0.21136555304922547
QLJ5966,0.626310672883091
OUM7825,0.14904421411851926
OPJ7108,0.7263994810124028
XXV5331,0.7000713873414919
NIA3272,0.7205891669048851
IPQ4779,0.3344755323387038
OGH5544,0.37174511905688695
IDS6311,0.41056694982778025
ZAL6103,0.3695079409258186
QMH1755,0.38182742842349904
AXF6974,0.44251792506540194
GCI3630,0.2778936804936211
VZW2401,0.42814048416673844
OVE3990,0.6041042626357825
NOV1064,0.2007196966553906
QYK7288,0.6339303491724434
EUR5124,0.5438097618084986
UXL5796,0.44953794386470214
TDZ5862,0.6017256543131577
UNT1852,0.39284668777665643
ZQT3434,0.39124086930607005
RBL0406,0.5457652400097867
NVN3331,0.4284732163695836
QYU6181,0.21236968202359707
MCR9458,0.5275235525421741
INV8873,0.46027618625537864
CBR7213,0.2511199043782921
JHG9105,0.5747351573954376
TMB3670,0.22819932607329577
PGJ5657,0.8230051638671653
UGV5295,0.2424512406568968
OXI5106,0.6398837151965812
DNV3094,0.5844230703604545
VAH0839,0.7133222155544441
CCY9074,0.5471522301877664
HSC7757,0.6323697174337558
BRT3178,0.6129527391087525
TMT4944,0.66129368815105
XTK9260,0.6180818201441678
MXU6827,0.345923580030796
VPJ7122,0.4273538862274802
NGU4725,0.3835371550801759
XHW4190,0.5010593796212972
YAY5524,0.36707756675838465
SSM0392,0.3725763140980396
FXD1708,0.28896338196913574
MPV0672,0.3907248559470488
IGZ9386,0.2855641276147352
TOI1490,0.6863488774089291
QAZ9933,0.5820379864313568
CRM2978,0.3246416196583088
OIB9991,0.36776751562903187
KVN4822,0.3932885027050804
GCG5533,0.6024668686385282
VTK8111,0.34272121156281826
KAE9168,0.26142539908304024
RGV6468,0.44501226410562394
LWX7015,0.5133221483667988
PZK8396,0.591788548607637
RHE1717,0.4570750486179199
VCQ2207,0.7333302201462941
VQT9580,0.7614154584839776
IOB0677,0.5538438217512455
QPJ4092,0.5544645612695736
AVY1533,0.33597183920729706
QDJ1312,0.43066060857579846
XSX5863,0.7082541101081673
RNZ7687,0.6768366792016205
FUE4559,0.6181146411959688
KFB0998,0.48322650628245273
BJW4567,0.3715252854383656
KUC9637,0.5668631141054739
QLT3222,0.6491282248209421
FOK0149,0.5609065449657937
KEJ2913,0.20671436097038567
KCM5467,0.628621912083529
RYH8245,0.7004513964316791
RUE5771,0.11164140713817028
HNH0868,0.36844760014624406
XBC4033,0.6469964434389857
ZLF9201,0.6667418517472162
FKK0636,0.2950518105196021
WCN3474,0.7379580460321915
DGN9413,0.5211313077255926
ZVT9034,0.39893979434120974
GYU5540,0.13853523190720424
FDX4205,0.4018393170819868
IPD1251,0.5673393549864333
ZFT9168,0.1605952926322215
PYN3393,0.45162052870873565
FTZ6683,0.31742599548279055
AKI7936,0.4693535063324243
MPY2709,0.42567819352095576
NTP2659,0.6173943917908614
IDE2433,0.42609295103087036
SVO8258,0.4403061700414802
TNE9256,0.5287939876323414
LEG2561,0.3892189378835617
UKA9422,0.5334678607760421
MCH1289,0.31505199873226497
IND7831,0.5037195627954068
WLX0704,0.3424176434426092
NJG1634,0.1475828316506811
CBU6288,0.4108477513920386
BBK2710,0.6095230008167063
HZL9836,0.43640903883099236
CHC3948,0.4431378349971814
ZUS6740,0.23708531625128276
VFH7531,0.5227682414823673
GWE2897,0.1997521644200561
CAS5155,0.16602890251729743
GMW9681,0.5403226293148038
MES0461,0.5967664113756742
TWZ5436,0.32334032905199844
TVV2529,0.24195249003739955
AQZ6865,0.6893954095256553
OIC4021,0.37536112355078743
MOQ3911,0.2807470724518888
DNS8201,0.34675590870153816
ZUI6325,0.4297368569528944
NJA8351,0.5390062438631781
ODB5040,0.7854133894776514
IPW5152,0.6014889119013225
XZY2224,0.6011725771032354
FZB2992,0.3832341837755939
ZRO4379,0.5637685970616853
RJI7678,0.4273970777138317
LVN5225,0.4739346673488577
OYF4788,0.41404836780016746
CIS4067,0.5025773147268267
KIR6566,0.2900830049249688
WRS7799,0.2749780113894832
ISB9210,0.42407386204469993
BKG1713,0.6309654454153697
NIG7239,0.3124029159207588
UHJ2010,0.09615857564077555
SGE7571,0.5362170758769936
DJH7886,0.4689707273483678
TML0327,0.5386831397173816
JSU6205,0.8388776503222005
UBA1024,0.4149547446354684
ZWM3611,0.5154657247512476
AQD1119,0.4567422624535016
UHR8841,0.5790079644737717
EZL8963,0.526232087888641
VEY3609,0.4588487363456353
IMN3213,0.5480433305206844
ZFI4055,0.33424897323423813
ISJ7190,0.3131465200169006
YRK0679,0.4859762935467322
SEP9777,0.3990726743258974
XIM9647,0.2559680628886914
IJF2788,0.4664919483516306
HXU6751,0.45652162706311034
LSM8308,0.6039600134899863
FGQ0847,0.3883609929513375
MUT3329,0.23522202754499352
EVW3568,0.5751965765448986
FSK9108,0.3359516065139746
EGK0077,0.7489365318652147
RTH7598,0.5724339189607552
OEZ7029,0.35000402516151763
UIN0383,0.40926279151831
NVR7308,0.3985539660953533
LFN0770,0.43994947357882863
WYE4302,0.5503316812644881
OFR1250,0.3698804612604913
HVR7961,0.34542988170112326
WDT2838,0.3443290242640884
QER6562,0.2673886231916978
ZDE4635,0.34600495283528027
BDM2485,0.5876512225725398
FIC2222,0.5746425919453754
HKB7207,0.26743023746750744
KYQ7812,0.3051434987682181
IIM0404,0.22662354843001986
XCD1483,0.432910844947236
AVJ1401,0.4344965930124017
DZC5973,0.8069492476857337
APX1161,0.8229940248047167
GOQ0389,0.4259017843925687
XAE6247,0.4968866052199128
AQX5762,0.3225673299535062
BRS9830,0.5908027611504986
PRJ3006,0.16069856028373714
UBS4074,0.33625775542870784
KAM8647,0.3153401140854854
EBX3166,0.44927023977306735
UNT5825,0.4151815552815331
ATV6282,0.34941155231487864
NFY8031,0.5562073248231921
GDC9171,0.07260681216006745
RID8507,0.4934918823491933
OEY2607,0.6834959660157727
PSW0387,0.3256529517636245
MVW4654,0.25157282339474324
EZS6596,0.7203671939389308
CVB8449,0.5085765352759414
XSF7433,0.5347458263841111
SPN0794,0.3806515505166479
NAB4031,0.4198735426911074
RDP5976,0.3543138294113829
ODE7386,0.617113695380955
MST1998,0.33189020798834507
BZM9077,0.5405304248196959
DNS0664,0.7350684223893967
NZQ2516,0.5155517246743925
MUT8357,0.6801096389981807
NUL1408,0.28976071456951513
MXT6982,0.3797396491863105
ILD5756,0.36766146263848337
SNX5115,0.40499268247992065
VDE5638,0.3773284578312938
XDT6352,0.6438783530381272
ITP3953,0.45138646544915595
SJL0243,0.2463324592319074
YLU6132,0.7165306593124626
ITV2576,0.20870766087523687
OVU3708,0.410513147857217
FHX7449,0.37840432847701594
TMT6978,0.41646962387771064
BPN2368,0.19972910619199624
HMT7274,0.5127030801312347
ULH3666,0.17282086282691517
GMU7686,0.4554725009168526
QII9327,0.22986005338468843
LBF3051,0.37588132492245113
ONT8863,0.479158443865544
ZYP5276,0.5649834441870821
LUD5291,0.19827902569058373
TDZ8382,0.3055025556297996
TPG6394,0.4213442438566476
RMR6937,0.4965588861356387
LMY0729,0.34131272529439444
AMC0445,0.5010114131858862
SSB1104,0.7461518421487446
JNF8209,0.4054345578585032
RRE2084,0.6159434829131093
WZZ5459,0.48432593154852904
JNF4249,0.17712642320231847
DBO1637,0.6397691326722634
AKR7639,0.20200586921895738
QUR9661,0.4074382885973742
LUS4900,0.4800920352781137
DNT6503,0.539022810897887
HZR5957,0.42805848530371604
XWR2281,0.265820576383578
YST3431,0.6674489487441932
IEH3003,0.23856393001291484
NYB9148,0.7375308567895736
PII9352,0.3276054497065729
LEV9553,0.7714564858567015
OCE4351,0.11599080032864521
DNY8601,0.48561807088230163
DFL5337,0.5038210330006445
MDZ1058,0.20254492537520358
ADW7699,0.2477700779140636
BBX5076,0.35298540236348896
WUQ6007,0.38310376361873133
ZEY1800,0.43799353390604967
JOP6452,0.5278463942842896
KIT4113,0.26956353083671236
LIN3185,0.38389206411157173
QHT8208,0.32568952645449756
JJM5633,0.5712739367626216
RNT6014,0.49695155453912426
YPM1923,0.6873894968726892
HHL5681,0.10794523730883898
ABP4829,0.2007576808207504
IFX0205,0.1930010073280401
UEH3912,0.6926610354033144
TKW1098,0.2886711314429907
WYN1877,0.2114608762537059
PPN3139,0.1911490081456952
RUP9504,0.4415537090089297
TFK5517,0.7812729226444893
JEC2726,0.2907881784696651
SCP7748,0.22261784228481996
MGW6057,0.4756569719686759
YYN2755,0.12666796451078635
VNB5918,0.5994301516899495
JCG4440,0.5719814906305433
IBD2156,0.28450900080306074
VIX2519,0.3917487831040365
XZT8966,0.6927501011408029
JKW8832,0.6441977109028789
XQR4664,0.44444889828406586
HOS7277,0.46285308693055827
ZIH4509,0.44973743262869914
FZM2635,0.23129350406198676
BQQ2812,0.5397869936644999
QTT1172,0.47450760873948256
EIR5523,0.4184189243149276
XZO0242,0.4328851296431662
AZV3528,0.3983790026854867
SFX1939,0.53122766494493
WZV5563,0.22918301983223346
QZB7687,0.2200746983848227
FUH8115,0.4116964415881866
TMM9869,0.1995234342615168
NCG1476,0.18016272324768182
WJN4297,0.35344650698580643
RAT4822,0.3921074087307928
RIC5857,0.4827027859949163
VSO0563,0.6067374252545983
VMA1558,0.49605687588668107
BOL7206,0.37073497374377
CZQ3950,0.253600708201715
NJU4912,0.4002214829475108
GAZ8594,0.5645998199915242
FOX4419,0.19625656178926093
LBN4213,0.4807935807199448
ADA1940,0.458147367905488
ZPG0651,0.6753465901021559
KEJ8705,0.16597871050954988
UHB5802,0.22891132061009165
KMZ7327,0.36210334373512204
NJT8387,0.5735772595949804
XAP3954,0.4116647225813038
FEL1637,0.6991038185206149
IKV7714,0.240736462502645
DPZ1880,0.5804591940660556
RGT7421,0.2044707451811781
AEK9286,0.5620214692438564
ROM8234,0.5000990592581133
XQX7484,0.47863641155915393
OLH5732,0.32686167730276616
EXQ7424,0.4371088891547696
FVH0886,0.384374429529027
KYL6652,0.24021715884095765
KTM5656,0.6681556114672961
MIG6527,0.4837337369509063
SVR7025,0.31056393683052075
NCJ4089,0.2728708521768469
FHS2667,0.20569354032548465
VHZ2363,0.41119525958774417
OXW0223,0.4861118944049322
PJU5928,0.31516665861717397
IKH2812,0.4941120844680499
VMA0683,0.36945217142417014
TGG9176,0.19622598483568565
NLQ2220,0.36826331327054473
JEG1496,0.6980448936220122
KDZ6336,0.39407548612597887
JQL9820,0.4886797592146465
GRD7737,0.6431721057765866
GFP8654,0.5375785197595089
SDO8567,0.28908355756717685
EZH1168,0.44294719875512467
CQI1581,0.3368520872211049
GDQ8895,0.1389226684216873
YRC6765,0.5848439348084146
OCH0693,0.1565685171089829
DRE2586,0.4716006940383882
EWP2402,0.2834398639328047
RIN1708,0.4509639756828294
LKO2402,0.6675766273970337
RHW2826,0.476701755277901
NNX9566,0.6967077001391794
UNW5036,0.6603650075440479
SIZ4373,0.3408878097847291
XDX8398,0.22441759854874382
BVY9650,0.41514440794436025
UBZ6506,0.6679326619859963
BOP0282,0.385451836721752
XIU8129,0.7604372904967657
NYD0344,0.5694563236566297
VVO5031,0.4694874479547664
XHV3554,0.3785172408630496
KZH9892,0.38732639333202673
TYJ4103,0.39512358729586655
ZMK7102,0.4032697573490666
FFI0442,0.6354989173379534
COH3368,0.43011120323101215
MID8808,0.676147048631797
RUV2796,0.48074785436889295
QJK7408,0.30303813368950194
JRH4838,0.2474222780923049
QQX6215,0.4985699131123146
NWZ2697,0.621053689989499
EZU1406,0.4997361441654344
ZYV2745,0.1685973705222454
SIN0801,0.6270044402772313
EJO5929,0.5255509972746994
KLU4765,0.2690766488926848
KMG1756,0.47777018551038153
XGY8792,0.487720574976025
TZF4711,0.5681231627803214
TFO2196,0.44167548694961495
YSD2730,0.3800149454042407
UBB5348,0.11858594146953502
JKJ0093,0.2697771381061625
SOS9493,0.3959695983501466
CPV1365,0.3590778903420165
BSO9027,0.6627635135687385
XJA8753,0.6074681718681323
GWN9096,0.4998438418636029
MNK4884,0.6680658621271204
PRK6362,0.5721913274152077
LQN5334,0.38759964206058567
OGJ5702,0.48246278882404087
WTD5629,0.4360769352343288
DIE4208,0.42834308370918156
GNE5232,0.31128795817020033
OZH1950,0.13728608240080134
ELX6331,0.5387732845746408
NPC3191,0.2785929804699038
PAH1597,0.6720494917922388
BVJ4858,0.5365541155539016
OJP4439,0.09851219398028152
TDR3485,0.567229095728811
AXV1661,0.4120434837935475
RGG1369,0.6295640207819346
PNI7364,0.3389786263666437
OTI7000,0.49332947406081745
XRG0070,0.23515556528535578
PIP8809,0.45695799322366976
GWY1981,0.23129377273230725
VZI6264,0.3302037198789899
WVO9284,0.5084100445424505
RYX2969,0.628007948585247
HUI0041,0.253760639897076
REF0444,0.28764719161868246
NCF8710,0.5458399144765346
JIH5267,0.44943091163791965
SLV2360,0.6208365943152525
FCQ3915,0.3212251882014305
PYL7123,0.4524762228535818
HKH5725,0.13717687176764107
XLO3239,0.25749887286390216
OLN1336,0.2576384959181892
ECP4621,0.40682407559828754
KPS0064,0.4797412895753982
CLU5954,0.3108957905650276
UNG6284,0.16124410483318977
VYF7983,0.5786222924220499
URN1834,0.6481782251576376
OCH6913,0.677067975420088
ACR1583,0.29640024596840564
ZYQ4775,0.16542431308974706
BNU8024,0.11586642657510166
PSC4692,0.5121139740253001
MWK1300,0.707537958477152
VTZ7837,0.38022892507625244
GVY3459,0.4532734074174843
ZXH8781,0.3107551473493159
PCN7228,0.5001719173190639
ORQ0272,0.15823509199050936
WKW0910,0.5155192657450213
IFM5092,0.4097594931391409
HDJ4116,0.6903495561432159
OQB5335,0.2830351669401073
OFX7490,0.619367856028815
OOU2927,0.44974901052182703
WLT8543,0.5105831858953869
DYZ0643,0.37992056009529185
BHE7518,0.20839853200613118
OTE8834,0.38701125107174383
JKZ8611,0.5882195903045989
DXF2796,0.329089018238655
BKD4940,0.5854896894932705
LJO5796,0.46384185376402226
DDJ7985,0.40159627550970295
NEG4016,0.7062171510948636
MTS4859,0.2433311879224784
ZIQ3070,0.118996596994577
MQR1484,0.5368488928503503
SPG2102,0.29928697906644225
ZPG2396,0.5665993370987482
BWG1095,0.48439400861183696
IRG5962,0.5056063229412815
EDN5025,0.47757614529236314
TLO0577,0.4899138467641986
RJM5646,0.7389204745824568
KUP5538,0.34796189026097063
ZMH6406,0.5160081351891304
TQI4631,0.779741881503965
VRA1232,0.22249480197835056
YHS6319,0.3111345865352977
FDR8571,0.3880512629064692
UMU7047,0.2980026612166746
FCY4622,0.6907174301044301
GMN0416,0.5654896081915421
HVO6893,0.5916204557678312
ZWR3316,0.3521991902938471
FPP0788,0.32204794803808673
SBF5209,0.45632577150170156
FCJ4472,0.2675340139906575
KMK8317,0.4861550686007213
YGK4233,0.34864310168983687
VDZ0820,0.5071396928221197
EWA2578,0.6196124606980494
API8763,0.2650972624025407
NSQ5830,0.3574042173331734
XIV6334,0.2874584932941494
RYE8536,0.38317944379728797
BYZ2502,0.39085142563946523
CVW3012,0.18837503506813286
XSP9376,0.9045315309634911
DPX6274,0.7303291981638386
YAV7462,0.2136673688493754
TCX1554,0.44657116826631776
OSC7642,0.14213473774131952
BZL4977,0.1291097124938176
GWJ7994,0.5421731867459834
JLQ1365,0.5716395729339573
BHN2813,0.36323891246520923
BKI1459,0.4265049505765683
WBD6906,0.39874781056937353
RNM5558,0.5318947229950108
OSX5974,0.4645895436903645
OVX5430,0.25727745138668173
IJG8643,0.6131523445679379
MER4585,0.6431665519733075
YGH0528,0.573784864958878
MXN5427,0.28988851973919616
IFD3298,0.6315086666388993
WNY9805,0.6396410844186429
NOL8760,0.3506097440586636
HRT4289,0.32057786521481857
FTM3729,0.3271060719571398
JPA1525,0.46820998083435006
AAC4913,0.4858118506633757
GTA1400,0.39626985961137684
ENL6464,0.7651206855222833
CHE9991,0.29396479665042463
XDY1278,0.567829631860715
MVZ9561,0.32836353148488406
NGC4607,0.20515870044949056
BSB1812,0.7347592354994908
GCQ9238,0.7087853143994439
QBW1615,0.528545872115646
OJO8099,0.23435014390583198
OUX2052,0.3553965663606025
MWX6680,0.31333117530658655
AXZ0961,0.31293812055198084
XPN8077,0.5627325423627344
FZL1982,0.41506831924493176
WIC9070,0.5868734371535885
HDF3459,0.4383417946228068
NGD0004,0.3958825326727333
TGG3926,0.4424991033079915
IGK0243,0.3108422814856198
BGV2526,0.7404431082197275
BLC9364,0.4253940803335219
OFD7539,0.6335495157280561
OAH1823,0.25166469910214484
NQZ4084,0.44209324664150346
IYX3416,0.3399107502798206
HDQ2252,0.49805162235454764
VBY5671,0.41619863789742356
LCW1193,0.3692955153349087
TNU8061,0.45905221179932015
LKL6935,0.28149595979380565
SUS3751,0.38710418827569176
VGW0131,0.5596076709577482
WZM8088,0.5585446820030222
MYJ2040,0.6328503396236708
KPI8713,0.6951042490300405
HAY6713,0.3336221343521288
DZA1378,0.4994112438250833
KEE7365,0.15465350744966264
OWA8647,0.44780520371654875
TUJ0235,0.561423090987729
ITC8151,0.42569653731790125
IFG6313,0.38735905963127776
MOK3205,0.6985218420664037
FTY6144,0.3939339553516899
KOA3700,0.6764348787782145
PYP7703,0.58400204979191
LHC5900,0.17113332756453165
JGZ2115,0.47771668461723105
UNI1663,0.231082075739076
ZFG6509,0.31852069415215106
UNE9379,0.23348109902901018
XYH6411,0.21709045201097624
QTW5754,0.7900571581290461
FSO3694,0.6344900215713111
HOY4148,0.2573333805368225
VFR5550,0.45356672978016094
RJC9683,0.36075228734994425
JMP4506,0.8808800492737507
EZN3332,0.6880957098916407
ECU2366,0.5274249674545073
OQI9772,0.5597036169848698
DEG0862,0.1207228598721782
IZU0386,0.4261522657630778
TGE4171,0.32731647013066456
HGU0195,0.5198389685091827
HYW1345,0.1281593815716788
KWJ9347,0.32591322871873063
NEN7347,0.40083736670061765
FWV5794,0.5211780772372889
AME1301,0.4834995903513094
YHQ2814,0.36301532569548206
STY4964,0.14594512436089632
DRD8345,0.616866408261539
JRK6366,0.30464206211851574
NYD0866,0.4933559924119152
CFQ2102,0.3224186780905359
VOS7787,0.6739354092171558
ZGN3501,0.4212879217073391
VIU6738,0.33278185447117725
OEJ7985,0.20341463801619125
QVP6329,0.37810645431650486
EJE3330,0.17047997210379254
NZV9061,0.3830809562869297
KZF6644,0.503174382725749
OCA2457,0.7164749163862915
NKJ4924,0.49418416605115006
SLS1109,0.17600009347692094
BID8669,0.21579584111953817
AMX9569,0.39618332235791986
AKU8460,0.3998784743255546
RVB6841,0.7194703178037745
BJP9895,0.23083479413591484
NUI4528,0.5662220468835796
YLV9127,0.276645541612405
NRU0188,0.35216348831038635
MSB7840,0.24418356815700118
OUZ2583,0.8241454925143448
IBB3805,0.739211132199559
SAZ9515,0.2833257968969602
CVL2907,0.6294089965808182
QUY5674,0.481998410495817
DGM8734,0.8182485167394503
EXD0090,0.3533413300627604
JLL6388,0.380497759282089
XPI0088,0.6979293757830312
FFS4989,0.5162344933883894
FKX1094,0.3555875447487258
HOS1189,0.3745365734439535
DMC9213,0.28577997320084103
USS8184,0.5449118558003575
NLR9778,0.6175821798156582
UVB2218,0.31391679230776154
UOY1581,0.1860338018863599
YGK7391,0.5013795074513266
EGA6066,0.4120234462379828
DXI2554,0.4795796697385785
JYQ1182,0.6014184785253164
TJF7046,0.4491112543409546
HBV3751,0.4068256642047296
HIO2881,0.5451170746637651
KKW1949,0.21705183906570458
EXO5445,0.5665577383044309
SHJ8274,0.40691871908220534
PVD6218,0.46075775444139566
GBR0983,0.7090849513829784
QFH9826,0.8527945747162089
NKJ6268,0.17902032163279866
LOD1596,0.19378090557167105
KZO1947,0.16388285164796887
WJY9773,0.25338971001945654
OAB1566,0.2878882531895964
ODN6043,0.40219728274500016
LQC3204,0.44516342643498386
FUG0693,0.5399021191239104
FON4316,0.24793322237087204
QRL2739,0.5682858271948589
EUV8682,0.3412401782813116
CPU0483,0.31431559302190254
DBC4185,0.34397793388680314
RHI4955,0.3988664484510243
DGP8509,0.6929163471501563
UTG5131,0.4336299537713562
ULJ6592,0.5311694065095351
BBE5979,0.6102627657196841
BBR0750,0.4701369496707425
RNF0523,0.5349531251968884
RMX0277,0.5093674544521829
FHW5229,0.6869091979443128
JAB9481,0.2935447203240011
PEX1813,0.29802538026295966
KOI3974,0.37531299439592025
TCS4563,0.5033013148132597
RBV5707,0.7092101273790037
FTH0281,0.500684507219051
UAH5815,0.39433637241883684
EUB9838,0.5724637137069922
ZMQ2617,0.5558912314618589
PXN4987,0.5225580694395212
NJW8728,0.44664556994800836
NSF4229,0.3007660042101205
SXU5601,0.48095138712381946
WCG5642,0.44980828258100136
IWH0066,0.27739105050572876
IZI8962,0.6396402637303439
ZXI3114,0.7108737446727843
TRH0877,0.3591780781860428
DWS1156,0.28678164169764203
BNU5172,0.3319381763585678
HSW5481,0.262300606270952
KWN7089,0.5075159029796992
LFF8505,0.5836509889435814
GVX5582,0.40331935993945794
VDU0832,0.4149072274744741
VIJ4798,0.4931363507373315
YMM0458,0.24456388118444009
OGB3564,0.36799190800305437
MEQ6866,0.6375184669355868
AOE6958,0.384898905237822
VEK5561,0.2544673814091569
WLL6206,0.6387226320923489
LNR3498,0.3234917913832138
YPZ7612,0.6808001476513058
GCX1531,0.6094552024832034
TXA7847,0.5643343045068645
FJZ0116,0.48181578590309626
LJZ2683,0.5102626682081339
EIM7860,0.38393267940749576
AUU3823,0.6099160210189938
CHX4581,0.670362782077754
YRD0437,0.26258399057655035
DAB0671,0.5386267645535341
XDO5057,0.4214953095311604
ZKW5475,0.5078534124064245
CGO7243,0.4105430553638679
EWZ2252,0.5363650027434207
BWC2297,0.3593106324694356
HVF8197,0.44896162348705426
AYH9061,0.5748821582293514
AME3933,0.1877776877991511
XNC2032,0.2263011210997797
VTH8783,0.3149346098877862
XCY4881,0.41629035046444557
GSJ8580,0.436157005009414
WQQ5955,0.5780466649860951
OMK1405,0.6967760994271507
APA3758,0.2969325987035135
LMZ3692,0.5659064358880936
CBX0707,0.32936459207934315
HUD3876,0.3949460848685945
FRU5905,0.3976642376952479
PMS6526,0.70542955102162
ZXJ7471,0.39767308275300234
ZBY6746,0.6467441913080638
NJT9868,0.7752684916607806
UVY0564,0.14841861737388043
SKW1143,0.3513333763220088
ABG2525,0.42585970072402657
UFU8390,0.6792675441321939
NGT9960,0.5139419781849294
ZRY4907,0.5249273591287185
BGA9143,0.3092084708555487
SBI9198,0.3686174790613219
TPZ2821,0.3403039942261018
ZHI2106,0.43447604628521563
GJS5356,0.6724214576678836
SAR1513,0.47785094595473016
CWB9113,0.5446782910292618
XEL8841,0.38022322465565217
ERY3718,0.2393473978537125
RJE5240,0.15188454342219637
QJG6699,0.5051263036381644
RGX4351,0.5226158071393294
KOQ1552,0.6106889586284378
DFX2670,0.17398367790570174
UTW6638,0.5098558475169765
PBX0575,0.6228652176501107
DJU8355,0.25495831289455284
OBM5317,0.7079190720027154
UHI0457,0.30743424719959195
CWC8353,0.6609815984971522
GTN3770,0.3648420940061475
PWP6352,0.4100093667784754
BVD4367,0.28172348853397516
EZU7351,0.5637908281487438
LMC8257,0.6725137047923968
WXD5973,0.5419096114490347
BQS8990,0.39126622935560235
LZL3343,0.2985849718459804
SMQ1462,0.4712671198877028
TFY5736,0.4593840727535226
NEW9673,0.4182888099070097
WTI0208,0.7472799569449398
GOL9753,0.5380731830531454
HRK1159,0.46309116600734485
QEK9330,0.4195326262763358
RXH2280,0.3366870666193039
ZFI2141,0.58617055333527
FBP4085,0.5669112075416628
LRW6457,0.24876252257304562
MSA7617,0.1503646822145735
HXJ0847,0.2619219316840173
FNI8232,0.24282173997705342
LRM8286,0.5719321126300853
PFV9823,0.1832827252691777
JCE3764,0.6543862364032211
ZHX8548,0.5396210097679374
QFC8467,0.42621020927768893
VNH7366,0.6882272773866303
DGR6762,0.3173514476792634
CQO4483,0.2942465756691408
JRA4800,0.5219632092502232
VEL6171,0.41835956704153243
ILO6000,0.5583690688237319
UGZ3030,0.4882472036414878
BSB4917,0.3675436383642009
THD2413,0.49722822388654403
CED2110,0.5643465414955811
LOR3260,0.31088507273592714
SIO5381,0.5446854034821452
AOZ0664,0.20140228991140507
VHR7684,0.0844443312688556
TFV5435,0.5907204422486211
VNV6240,0.6633894676214118
VJM9383,0.2843101209963137
EKP3156,0.4210567307225588
CKL4208,0.7876446795390406
QMQ2073,0.24436876793108755
ODP4214,0.6546232719261605
EMQ4270,0.6484021004575378
NCO2846,0.8466395489655952
ZKW4912,0.5767438331123469
FSY0685,0.3781972064349064
PMV3303,0.6095600391067507
MHM7359,0.273650805374456
AMU5446,0.6625761832090683
VOP0406,0.19506009595719848
XWN2574,0.12750883867664692
USF3234,0.33342896895657553
BWZ8496,0.7452737602096067
RGY4012,0.23821444715349555
YQH6242,0.631023435021138
NXM9286,0.6140792139166743
VPK3577,0.45696966043439735
ANQ2382,0.6179299639740364
CXF3459,0.3805583613441504
YYD2813,0.390622499621977
DSE7516,0.3011357570826678
BIJ6208,0.5054674041601751
HKR9614,0.7777643067441286
MBY2881,0.3507295189864466
RNM1234,0.25141840583928565
CVF5149,0.6829355371799528
DQT9935,0.6500863360353019
UXD3629,0.12020912159466834
ZPM2559,0.4494863015141604
SUF0190,0.4387739731335944
UQC7394,0.7193223192043956
MLL2713,0.19176981611207491
MVW1001,0.3100311056921878
ZOL0937,0.3118043517153528
ERS5113,0.2241720037096699
OIQ3452,0.6716859399857801
KFJ9679,0.21395852774807225
UOI3318,0.611805090497559
TIL3217,0.547088201620454
LIT9079,0.6584087983235083
MGN3958,0.4849603137058948
UJS5723,0.256543204346744
NFP4748,0.49671415182922346
SBB7768,0.6180236103060197
NBT7826,0.517134629146361
XTT9899,0.44715652275418816
DHM3901,0.6430977497839806
UBU1016,0.6208318956208705
QEO5046,0.5039370766060315
YQK8315,0.25067942746485256
JEM8731,0.7190742566219307
TJP5066,0.5636568050010462
ZJU7735,0.10803603302094644
SDI6080,0.6294498080175426
CZV3482,0.7036970297704029
PQX5630,0.5691188584107678
NKZ0214,0.43304185103314335
HLX7206,0.4506955264618926
YZX8841,0.105597661527985
ECQ2509,0.6357888983309956
MYL9728,0.6460998863455875
XAQ8230,0.2548836488113787
RKG9466,0.7251502936001207
GFM9961,0.3224115289115816
ECR8128,0.11017052762904646
UUR4860,0.3058181109589493
XFW2308,0.24439287523589703
EGP4520,0.4118015840607354
KCR3281,0.5604627320337504
LBZ5822,0.17572351560309812
MSP5345,0.33211922897396545
UZX5829,0.48238457639976384
VLK8520,0.72207899285461
UFA7337,0.32389442234621557
NZL9708,0.5247768609903779
NPS8684,0.4651788473904608
DAB4074,0.4098047859003726
KHQ2631,0.23878306389188567
LYE7723,0.47186810259482254
IGH2607,0.8258628701358295
TAI1258,0.5850816562366579
BOM8677,0.34736117020726553
RIA2278,0.33466811873702
MCP2020,0.423038268084306
DMU7521,0.40943576586807423
OAN2005,0.25604082958500207
QNX1018,0.09087593432871165
PIP0182,0.4320031765862985
GFF0570,0.15763912689453005
YXA8986,0.17341964947591362
JLU8438,0.35671200907162154
ZYW9004,0.3559692701279449
NFM3278,0.3178735239516831
KIU5533,0.5160128054423089
FBW2168,0.4315267321203284
NPG4374,0.18870826510538183
FJL3478,0.26940894974162033
CFC6920,0.5154246793643594
YLG9645,0.4740816840897452
HQA1719,0.23171759028768768
AWQ8996,0.25345670540540444
ZXA8304,0.4513431658480814
UYR1714,0.5386984193766599
IWS8403,0.4062514482221396
BGN8123,0.5079721122225215
JQP2398,0.2510585687186208
XBS8326,0.2280927096029129
FNI7163,0.5043877343162558
SOP6458,0.3437173927845901
PIF5803,0.41797158121422334
MKD6010,0.38428774624485573
FMP7211,0.4822882262301667
VHF3016,0.0850010128726197
IWS3982,0.37601551722798465
TQQ4585,0.2805699996775715
ADE5557,0.2818272332927636
EGQ3082,0.4771163676492282
HQD0501,0.4039837955269862
KMK3923,0.5169012317635869
DAH8950,0.39124845382293233
CYI7850,0.49499415379785205
LKI8677,0.4058259359429132
WPJ1514,0.5062745777616261
SFZ0122,0.3027375659560829
FHA4722,0.2723921990788217
WNY7098,0.5436692919206155
UEP3307,0.431142636349457
GAJ4574,0.14143533711116812
KYG4754,0.626139848642608
BCY3028,0.4792586979983784
LFF1558,0.2973931767934222
YBS7007,0.4602439663331433
NKO2158,0.7302923649875493
SPX9613,0.16531096165399561
NON7604,0.6614246112472958
FFN7247,0.45422168500145843
SQG1697,0.45018165427482165
YDA3984,0.2013696707894881
DFB8435,0.5093123920282266
VYJ0443,0.2704142709729842
VCP7262,0.7188531639920561
WRN3435,0.3817611684464287
BTT2446,0.37342204219427355
LAH5377,0.2812105866410565
HSW3806,0.5226280715131589
HRO1928,0.447564942535286
XLU8146,0.34292429628488313
SIN1614,0.5595060646188336
BLN1988,0.35552600637113896
XHK7418,0.3110519584257669
ZCA7979,0.3290993804232973
XLB2047,0.38721104197971895
QAU3695,0.41785396199112507
GOG3970,0.5234576806984909
ISN5239,0.255292039728305
CPU1536,0.702393341759541
MKX9001,0.3270750943670553
KOR9892,0.35949790798987336
NLU9073,0.47146289341246655
KIU5875,0.29754558974466433
WDP5238,0.6588203453517425
UDM5755,0.5705161159524246
GUK5794,0.27533857987914173
FYM8868,0.29350708374578505
BHK2487,0.5346526928956314
ZRG1286,0.761446658634028
XUH3076,0.49647837217391566
UUM2341,0.8025541011658509
ZJX6721,0.560677431931794
SXV7548,0.5517947279850897
ETL5828,0.36720895256562835
YBV0249,0.6600498375394015
YWV0248,0.6274118602137388
LHV5651,0.4628347305540354
PIJ2107,0.36991897367403137
BAZ2922,0.44567751703199876
BFN7414,0.14582080105544104
LCJ4382,0.32980483937923877
MSZ7963,0.8416958465965525
LLQ7511,0.504395251765714
EZQ8929,0.32835844964325445
EYW3271,0.454599958432304
LUR2550,0.7215127611897133
KWV5171,0.35391003860050796
BJP6002,0.6400793277535451
GAZ6352,0.4416722713197138
NOE5899,0.3655169620179441
GSO6330,0.3116529687261392
DAH7009,0.6405101348838393
SLF0607,0.5159811788126587
PSS4938,0.5386963261361534
YGX9689,0.3963725066012868
BYQ1680,0.6136564913031826
NSD5065,0.6716825020566134
SBI5104,0.22444722046743396
URW5994,0.5752330593168415
LPU4091,0.4672160300865836
UVH6494,0.5115051201002054
OIA6408,0.5411555248368998
KJF9569,0.38402918260378166
XSB8188,0.7254555957646688
KPN3155,0.5328495659104059
FSZ2003,0.6319408585445315
ESE6389,0.4275707228514191
EQS2051,0.4747574873005726
JXM7806,0.5590200233798092
FAG4187,0.2629758051276411
PSW9861,0.31517991464938316
ZZA4074,0.2743645494515961
HAU2809,0.6765223835211935
VPW4006,0.5002093148479836
GEK2385,0.5279224366705301
PSK0074,0.28000397131317195
JDP9071,0.539638684203749
BJT2367,0.5983558811403172
WZL3394,0.16412324008809964
YMZ2832,0.25365672192336486
CAV4415,0.27696505365915736
IWC6782,0.5817808216255402
FYS1072,0.5224482386092302
BKO8859,0.36966236020839094
XPA1096,0.25247876705675387
UTK9333,0.2125186357245524
JUH0752,0.6362962191843051
CWE4540,0.5931985480117437
GTT5772,0.46765172194584337
NMS7261,0.4869791300857174
NFC6092,0.6285457728266266
SGY9017,0.28038484096001637
IQE8101,0.569140049394765
SCV6718,0.651962150048525
CHG1677,0.3761012416560242
FXY2129,0.15144585038778643
GDF6179,0.7399135714203413
VLB7065,0.649685160600311
HUT0035,0.5537598501622883
CQT4321,0.4067064615528084
EJC5633,0.4519138355589438
XFS1411,0.24538683083841062
SZP6865,0.6062240661494412
PRT5108,0.3670037986250676
MFG7332,0.7472075807461723
IES6695,0.17117698648639107
BGF6096,0.3783577304149982
KMX2095,0.48343620407502824
BXV0396,0.5775850685797939
AAS7113,0.37806623750759916
LXU4185,0.3735458196043173
AMZ2875,0.37704167818213463
VTO9083,0.5207747223744243
OYV2826,0.30025234373614795
RVB3422,0.35004411124473417
VQL8869,0.3779323517078598
FHI3975,0.5537651070813382
MRT5122,0.6055393318230464
NZT2696,0.5383602214800607
UJV3086,0.2659410999853004
MWX2959,0.6381961399789655
JRH4241,0.6171049828053728
WDY5282,0.6564240353843604
PFI9861,0.35812037399609686
NLH1159,0.3789336251778099
UMO9863,0.4888864966986559
WUA2558,0.1698709586012454
BOV2617,0.47962988060633227
HUF8662,0.5849741039745142
ZGV6167,0.7833006120053954
FJI7768,0.5177820028285172
NYX8294,0.42111660604098783
WCS2391,0.3981358634421248
YXT8825,0.4044108650582921
UYD1555,0.6460563088930573
KDE4661,0.33680147077317824
LFW3799,0.19916137395641256
BOI3325,0.32632386845237965
JBD3230,0.5101989583178854
XOO2590,0.6767498234741335
VPY3256,0.5084177495153243
FWK6396,0.5253423692047313
AAQ3587,0.33242795083736
USX9973,0.31373958675401176
ZFQ2099,0.6436664543140076
NSP0769,0.23995771785841868
VZW2794,0.3300918950411016
FPQ9097,0.2756035283528654
FKC0825,0.3914124256441546
RNJ6469,0.16978843931734328
FHX5987,0.6002347195714639
VKA7541,0.4911467253452317
ENB5449,0.5807976403389692
PAY7678,0.3677873644310931
KZS3695,0.15233875028625946
WNU0768,0.39852819570769443
TJL7779,0.36854178969352785
HUU6061,0.8130599094582324
GIA7202,0.27615908003775375
JWY3275,0.7414466362273252
LRR3413,0.1326300779669004
PSO2484,0.8648361050257002
AMN4190,0.36136836985464743
CMM7729,0.3842883267156741
WMY3696,0.17422675423351294
VDS7382,0.21910880294478968
JCU7529,0.2963218859555421
NDV4582,0.17627062066188298
ATG3843,0.56059232852356
BVB6806,0.6131542592235427
OVJ7342,0.5045583466662735
EWF4593,0.4172121790665185
VCY9319,0.20134798115507457
JYE6112,0.6120774352481182
XJZ7853,0.2263633511681481
ICI4338,0.3754175688245525
XMZ0098,0.7095659419556188
GEE3464,0.39324914602893013
WYH5383,0.18567316805900222
IOA7460,0.489924457574517
BGH0751,0.16273755020556355
BZZ8446,0.5308269325134441
UAL3684,0.26382049117918627
DBG4584,0.41598315048199974
BNH6408,0.27586284154772206
ZIQ5333,0.651988558543435
IVJ7741,0.7366134511537178
NTP5344,0.3449460851009157
GVG0103,0.3555346212140777
YJM9336,0.3943759925375296
QFS7363,0.1876406655582111
PDI2374,0.6263287928253196
KXT0789,0.42820115903571976
QFP8139,0.20916217009821778
PUN5266,0.42182786596851507
SVH2177,0.40089890127846717
YJR6111,0.40019387043160753
DSS7133,0.5848141485813825
NCL7062,0.35182130475128903
AJU0855,0.39447250870635775
XPK4890,0.672161452888143
WIZ9924,0.3262540313477463
MGV2706,0.7297334779671526
WFZ7199,0.6523089581020937
DWL8248,0.1904217340509713
LAN6798,0.49328363774815276
PFP3113,0.6927432045120241
UXE5171,0.45494258328662096
BWO7771,0.7622588452829834
BCK9106,0.5865840113505113
KFE5862,0.5138640700278789
OSV8609,0.5300400752910684
GBW7920,0.7543624662358032
LKC5945,0.7321935547807058
UGZ4314,0.0708881228621855
JWR3503,0.1934539508317454
JQG1138,0.48862849465149694
DVR8493,0.4259545577770366
JOT3091,0.6339971239201714
QUF3899,0.6971707319853739
ISF5324,0.32852327103072465
MEC7902,0.38349974294851796
JXL4357,0.4431447104777727
LLR5129,0.2524313768382941
LLX6667,0.5114958809968246
WTI7122,0.5002314900509771
PYY3836,0.3850476385405056
CWM5708,0.5582268941983825
ZWD0729,0.5163798854356279
AWZ1380,0.46901690717119776
YUY9265,0.5476484147018342
ZOP8692,0.29669993652171384
LTZ6008,0.2635487954514571
IBA5631,0.6827766417077928
GEO1078,0.4207461309409143
MTP5467,0.22777029535632914
KFZ7463,0.34120736373849025
ULX1591,0.6377702219897747
IGH0605,0.34872871870984595
QMP2561,0.28785668180654633
OPY8179,0.785223968460658
ONI1797,0.41255100701127234
DRK4458,0.29347089807952864
OEJ7372,0.533881388709211
GOS8120,0.3290032781483557
WPR9475,0.7051129565325442
TQS9197,0.5526751119895996
KZV0779,0.3305532591756511
HYL5313,0.2876814546454
ISD8532,0.7042089789800585
XWV4369,0.7189623344701483
YBN0441,0.4937606083144646
XJM7641,0.10601159136288733
UOL9545,0.4222850868938112
GTK2540,0.6212950938318944
OIV8849,0.2604646140651783
VEL5401,0.4968440229276847
VON6500,0.7388170802929612
QXN3582,0.4162979143963265
KCS2600,0.25466867155335354
LNL3239,0.21935495179945633
ANZ7871,0.7790399373425394
TXH4345,0.140003601935515
IGO7620,0.7198367980359663
YUW2965,0.6499318487281004
RUS8416,0.14934704993732087
DHZ2877,0.7452569155959611
CGE1904,0.34411709716063316
DJA6086,0.48542553485783574
JVF2534,0.6810811288503302
MDR1905,0.6697666328646581
FDM8444,0.2970716799430383
MYR9045,0.8839052394613577
CHH7599,0.29155889330594564
YKM3043,0.2931083987978104
PCX2311,0.43321835582120305
BPP3429,0.3761249638012567
XLF7396,0.6175643464368357
QVD6861,0.4166282423591212
EAC9541,0.3240053276725788
JNY0669,0.8261913395635082
CMY7360,0.4154506130389042
RTG5042,0.6610708420141995
VPT3891,0.2708492600170789
WPR3809,0.5903488957350964
EZG4620,0.4663526323657298
PVO0967,0.5677581416140917
APS3407,0.07483746745216677
EXM6711,0.44335695184142415
ASQ3605,0.4938078272204402
EMZ9496,0.21225476890396305
PRQ5952,0.7449575248708227
CSV0355,0.21540857141815473
OWR0811,0.2975793246589304
STE2994,0.4479422622222452
UCX8064,0.1599163716131687
AEO9747,0.3883406522399799
NHE1342,0.42464700546203027
FIM2448,0.3798800620712688
VVI2122,0.26109663188455556
CHU5307,0.40448554344488935
VGS2219,0.6451066419344069
SKG5089,0.4307999079767029
QZX0534,0.27026342705265116
KVW4203,0.4025708200161937
BTY4771,0.45123546112859786
VWD3593,0.6165049122820762
EGA7849,0.39009903024266696
NSO0204,0.3835075979780281
BII3399,0.4164448872566971
DIK3381,0.46383394780328574
ZAD0002,0.3879439384818941
FZR0923,0.2035691084227103
KFJ7839,0.4123263343321701
FDW9073,0.5214298242499422
CDA5025,0.6587015436794392
ZNO3134,0.4575650385462659
UJR5843,0.6193045821825648
BAY7500,0.5288182278822523
LBK4717,0.6026988636579322
JPW6842,0.8256353903764091
UTN7073,0.24288857118821755
PLA9363,0.4619824137031393
BHU8373,0.641040314880683
VEL7874,0.46099854440065724
OWV4701,0.667256659257262
YGU1647,0.428246414787597
DPR2681,0.41692740275755963
AHG3945,0.40243525338099523
HBA6797,0.43839714779251204
LIR6551,0.31510180411313293
QQA3477,0.4715947074046077
RLK8064,0.36776966386629184
FZE9803,0.3447789494262793
XHC4412,0.43908043664227
KIC5437,0.6755331278205554
UJK6515,0.3062871529941323
WRR8006,0.5275622087850287
LIH6194,0.5008723140535757
HOM9326,0.3714318218909952
RVL6761,0.43403431220861416
OYJ9371,0.4307895933207096
PAS8310,0.5292526921948506
LWP0450,0.5100184127621512
QCO7801,0.5279784556358745
VPB2229,0.21168235836866983
SFD0686,0.7010233227620772
PBN6180,0.38505153256185265
OFV4378,0.8557054003832874
RJG6648,0.38462816673911293
TJG3580,0.4466356437276663
JMD7331,0.6421443529062514
ZVK6303,0.18452759622440248
GXN7069,0.4112779167065015
MVH2014,0.7909485304702802
DYT8927,0.5274291523944138
NBL0712,0.8942580977579878
GYO0155,0.4668122523305432
IAC9902,0.11117392839132388
DCT4033,0.7292446688139308
QWI7337,0.4419764146886104
TPQ6194,0.5252663555197183
CXL1729,0.2904425558651276
TQQ5065,0.17023617107618919
ORZ3223,0.3638301752713415
ZJT2723,0.3762970722553481
GJX5455,0.11773784141602026
GAJ3499,0.24719478986550653
QJA2746,0.6211775868906533
IPN4571,0.4989969757821596
THG8073,0.4078220701909914
UPD6273,0.37110367573514885
JYL9827,0.4786359257766087
UQX7522,0.3470729586582785
RJE7226,0.6209963430474422
PXO0226,0.5003445245229775
RVA5201,0.5187793581940703
AEV1617,0.485181176268479
QCA6988,0.556870455310968
BUP5917,0.3722645053701403
EUC7877,0.25799655377117997
LMA1495,0.4481966666609571
DMS1343,0.24348790881697538
BEY3736,0.5274147443602272
REI3559,0.4631666071692709
VFR8526,0.5537375076656698
DXP3708,0.27060737418419173
CYB7594,0.49284863812539464
ZKB0497,0.44137371750710774
BXD9603,0.4212736800338714
TBV3936,0.7670123798265178
MEK8872,0.5797834103240929
AXR8386,0.37111525133360124
HBK0550,0.1357172810676368
MYM7993,0.14890504846244373
BFP0803,0.49130258846858366
OHY6574,0.2866167585508751
XVS7344,0.4073572796938049
FWE2319,0.6100263084460361
GGE4068,0.4082279112249183
SFQ5356,0.46440392150983195
IUR5201,0.31232614222703275
HIZ5925,0.4402426931781334
FLM9708,0.6427346629752443
LCR3080,0.5428192920655339
LFV7294,0.292929460405183
GTV8967,0.32027510949387406
XIW4088,0.6652263497326116
PDB5618,0.5280061059659877
IKW5382,0.3262866390131797
QSW5028,0.3343903981208213
PQK1609,0.36588251922259746
KFA3706,0.5440995363771042
ROG5869,0.2891291661304471
IZB7057,0.6703706766696449
UGT0576,0.4679146993375561
IKE6341,0.440087973928382
WFD0657,0.2529651202089957
NRR3437,0.23746743306241333
PON1393,0.644398010615317
IKG9157,0.3915549989574923
STA4873,0.3354179740401724
FGT3217,0.4773630660045298
DPJ2630,0.3065144139856544
XKR2285,0.3619665695205163
TGU4244,0.1698436944371482
WXE0371,0.7838951358272377
SKV1611,0.5087807414790406
WEM7796,0.26457162051758903
HKF5825,0.2904139794322008
MMB8694,0.29432067927682004
YSC5977,0.469693836805146
ALD0226,0.45604192208398137
RUJ1149,0.699311995892231
BIT9596,0.40007490992695116
QDY5235,0.47514539100086234
OBF2010,0.4547619149779264
DNI4141,0.37475237180959076
FIO3277,0.34611030075071897
EBU9897,0.2669856899947669
JBB1038,0.687323901524749
HOK8117,0.4947794844909568
ATI2837,0.5400270122252919
WJN7406,0.18791902540638664
TBD3532,0.7885279167877904
NIP9564,0.8502964189086029
JFT7708,0.39014189745786404
JCX3888,0.7187073589662963
ZJT7098,0.6585760600423332
HMK4154,0.4455990933583961
UAO0030,0.2612433777956725
VUF9010,0.4236844442098572
DWT8749,0.6223047366938955
IZG9580,0.27573387590248294
NAV6508,0.29754028970839097
PVN0440,0.765406318559763
RBV2680,0.7766723478963524
KIO7475,0.15540862719392676
QIK9112,0.2929938031794016
YNP7424,0.3212133113456926
LNP2526,0.7449548762810737
JSS7069,0.5790341352768327
BOF6549,0.2981308092746492
ACZ8821,0.49236547096485267
BDE3165,0.6863180478540781
MHK2146,0.6142277657993265
CFC1014,0.6821656549302189
NVF3938,0.47941143874888664
BKE1559,0.3266937380193744
XZY2744,0.23868306293458863
WIA5017,0.6453729708888485
ZIX2511,0.5504597744211929
WGU1584,0.43667972271682093
HMQ7762,0.568760005962981
DZA1512,0.3875373916750812
BZT6517,0.775573120047102
LDX9294,0.30014480929848447
AVJ1407,0.7119681266842358
LVY1540,0.19376607627275286
OAQ8445,0.5838575143612058
IER3992,0.2874603898636118
GSH7565,0.2528692470242163
MZL1445,0.5122788156598385
UTR9251,0.3993069697783095
CWQ8289,0.6243163184780445
PKY0579,0.45808705495684804
BBG2676,0.29265839474919025
FJE1300,0.45372023295271835
SVU4532,0.15941369764852178
HLR5621,0.23959970372401415
ZKG2634,0.4611446412182808
EMJ4291,0.5263916660235173
KTM9004,0.3873235279278737
FEQ8164,0.5122446278452957
ZXH0943,0.3968901707361298
TYU9186,0.3140173401290901
EEB0624,0.7318019416089613
LWQ9693,0.25076397936548284
AYO6751,0.4257563159040718
MEM7039,0.6620628285054765
XCJ2719,0.38806186442633245
VBI9490,0.4998580697993588
JPN6438,0.43012344662862023
YOP4022,0.22345519133443967
WIE1670,0.36559529396921486
ZZG1279,0.4213156256197273
IBY4892,0.45037848040482203
VRH3683,0.41523740859103264
KTV1619,0.21704732988569014
GQB7094,0.5795005543169167
YCU3371,0.38074107391602413
DTP4491,0.47106178592119485
WIV9796,0.39211154965655537
MJI5663,0.37853765227967656
WCR3433,0.4628427866022854
VYN4221,0.3641121352997696
HVJ2795,0.627204151826632
WTT4377,0.3004084969020447
LDS2388,0.14028577118699764
UTE4496,0.28718384477188097
VJY4583,0.5701529251423004
LSA7964,0.6760508886994503
BZV3649,0.3525391526557668
LWS1272,0.4226324826710756
VLH0947,0.32319262852860753
ZVO2998,0.33737646976613495
PBJ7693,0.7754544500706405
KQH2058,0.29000598815185874
ITP6992,0.68057673175476
WKQ2030,0.33940207679311457
TKJ4454,0.35507056460768427
MCT7093,0.3062826452360068
LQQ6326,0.7709465566151961
RKB6395,0.2309058940164814
ZAH9261,0.5587369964488074
GZI1127,0.18563455384303063
CVV6331,0.6098860324502082
XQA2811,0.4786596967236022
SYI6054,0.5446594451568596
AMY0655,0.1303444761050948
HZK4281,0.18890528358214606
WNT8145,0.2965708070408288
CCX6236,0.7290724542459297
OAE2016,0.30034372024614175
HHZ0542,0.2881391448680768
DZV5764,0.4684520026635301
WXR4271,0.27383532367725877
NJL1519,0.6014550131586375
ZBX8960,0.23721949911416762
TCO1239,0.8056010545727673
IZE0277,0.4436676382303179
WXK9583,0.38301001152829683
FBE6451,0.5544904979604379
FTX0418,0.36864519594705564
UVJ1190,0.46374326712494096
ZQD5170,0.2907580951903072
MMG0954,0.20809013677937946
QTH7652,0.5264927975829314
EPL8454,0.6580349949369241
ECP8252,0.7159300789763523
ZAU0784,0.7213034742961122
ECW3835,0.5938020688749683
CMS0318,0.6133348274991023
WLW5649,0.281236383731175
JHX5386,0.4915310985859973
PCH3333,0.5482966436382636
CJD4090,0.3115171216430596
ZHQ5954,0.6219530959364815
TFC5723,0.4740749936918591
WRQ7331,0.32940198583906555
KAN4912,0.34674945408118446
EPD8279,0.47937826052247706
PDC5099,0.6097226628087559
DPY3938,0.2980358196089632
UDO2330,0.4023866137272553
WKK8778,0.38352760030078364
KJM7083,0.5266275726982665
DCA2616,0.3320565066751552
XEH0275,0.2635072007708539
BVJ8088,0.45434753177821424
ZAQ8758,0.3480216636751175
HRF6526,0.5721389872312986
QQJ4189,0.8107970735487562
ABK5848,0.7114290079504056
OEH5253,0.7037110002548365
FOT2445,0.5809974517489844
UXU8867,0.2436193217182435
HUX7982,0.4716522594557609
SMV5436,0.7202626493174169
FBQ4481,0.2505088384842066
IUV9080,0.12564689119104763
LRN0740,0.5260670823356658
CBT9092,0.5886016918128947
CQG4678,0.43488175322539563
JGQ8837,0.19044672085065334
RSE5980,0.345006056110278
WSZ8728,0.47714545167601785
SAD7889,0.7875333403801534
DPH0398,0.7530198008865265
UQR7067,0.34264249126941826
UUY9624,0.7529432713390021
PVA1710,0.819295169322961
BOT5603,0.4597922594103394
LWY7653,0.3444875719637665
YDH2973,0.4889861968761127
MEE9924,0.5204556225420063
DFH2841,0.5086535739243445
JHI3131,0.37264568252219055
AGP6903,0.40103173616248305
RSK5328,0.36226644127195207
VWE4596,0.38992335985619386
EVB4879,0.2808779782333686
QHA7457,0.6647371527095574
BTH4717,0.6941945906680882
ZYR3814,0.4344685385047972
IHS6850,0.6697969385065063
EBB5326,0.3294617049276723
UOC8757,0.4608037665803191
VGX1724,0.4250666397123384
ZZW2620,0.3000579802847093
WGP0738,0.2687644441790408
NDT9688,0.4545479261406321
RDG5759,0.16303049776846548
MBZ3219,0.6154083064602366
VOA2778,0.27142873340608137
TER1659,0.3564693108773133
CPG1677,0.41440263833043833
MTD7705,0.5886740522745532
TXG5920,0.43442966914914183
MYX1390,0.4665613467433467
XMW2906,0.5304009233022954
NVX6011,0.3261357812119795
LYR1389,0.5304654313863055
ZQS9453,0.5676796617532702
KVY6771,0.33760804177667186
JQP6097,0.34884264047067837
ADB1236,0.4335209862001721
FAA0655,0.40706512612290474
RUP3785,0.4521432535235415
VTO4977,0.37131070534367017
OWY9257,0.32048309781453005
INZ9599,0.30368201015728
UYV9434,0.3003999890626338
QCN3988,0.6255422654507086
AIJ4474,0.3071329194654015
GMF6125,0.5315038683615532
RWZ2877,0.5393471969155565
CVR4043,0.3846483266266146
RZY7054,0.3801911016489413
QPL5273,0.5516729622887871
KKO1796,0.7461813276471159
DHQ9595,0.6823643819570443
OUT6240,0.2026732204375566
LIR4665,0.49475557477994586
VBS5912,0.4074398158967951
IEK4502,0.29584863175024784
FYA8853,0.5659257170523618
FOH4659,0.8027845228540792
XNC2504,0.2674443498681787
SHN6071,0.5642416857583434
FPE9638,0.19970010468487515
MIQ2318,0.37944473380770255
NKE5145,0.5255215296014195
BNP0383,0.22017353247930196
OXQ4019,0.4762295971338928
QLG7535,0.29138028220287504
NFG2213,0.4058764077516901
EWY0202,0.5604404173061737
LXZ6473,0.6046257394116821
XLJ8555,0.6825994076118019
EIU1933,0.5664185606436412
YGT7289,0.4643740339561227
YNB7874,0.4032751567365091
NTW5371,0.33657204766532767
VSN3165,0.4156391446883574
BCO5595,0.8064477400327363
NZB4891,0.5753508801339527
UTK5485,0.5582312765858067
SZO8539,0.18798457718800277
DEP0199,0.5568686912657459
ULJ4832,0.4081687359476022
NLA4883,0.37988219401202616
ISZ1044,0.39026880683233295
VOD3596,0.4088290363410947
PNU9920,0.1539130847792314
VBP9681,0.5577051151299459
UFA6698,0.3139094250650177
IJP9499,0.28260699938844613
FDY6857,0.2362743056506266
LSM4366,0.2382550929345069
BSH4545,0.25422971062854344
VNF0492,0.47465605352760337
NRN3248,0.6802685159794241
CFL2795,0.3906986242347375
UPY6262,0.7005606421585868
JWA5753,0.681700326509466
YSL7643,0.29197366073926684
IJE2413,0.6199608538366421
HMG6508,0.4677150197682428
OND1652,0.5691559388365947
RCD9204,0.5568697745058526
CVX3958,0.4653617524589101
SUD2927,0.44373604573495795
ECC5428,0.2378680055181706
VVF6053,0.6313586522330236
ZUW8629,0.3955953376582517
QCW0913,0.4732362302122753
UCQ2988,0.3871865785708398
VTI1308,0.3619672136616752
YPL6010,0.5370273016081639
FQY4754,0.6734252199848497
IMB0115,0.5607659873981619
TGG0560,0.48272017636670334
LOW8153,0.7492766774222356
PMQ6674,0.5362422649156703
ZFY4122,0.42356206693253623
GDB4295,0.41750188468466065
IXI1781,0.40946804925177016
VJW0795,0.5527196620038023
VBO9417,0.6268418010307811
NBE9866,0.13604292843969826
VGC0338,0.4760449626164941
JMS7867,0.3101666524353572
CSE8479,0.22934990648418765
BPR3060,0.7236376494879754
SWM8178,0.65393893031348
ZAW6991,0.2888921897039836
GZW7919,0.4915273361769741
QLK2483,0.5450012898169149
FBN7235,0.4818740714856784
DPI4700,0.464717789246314
JML5008,0.5189295944272997
EWV8051,0.6166578097573056
NAY8513,0.36305449017125535
GKN9646,0.262610548782649
IQF6763,0.17652153711504506
QLJ2322,0.3388777079868986
EGR2384,0.25720838898222637
LDI6232,0.8649751420512046
IXP9686,0.16895854827687481
WIS5869,0.7379545424993138
QPG4120,0.6685940152656364
ZFO1888,0.3807517413869917
GJX9033,0.2911302607230664
HZG9332,0.2170704861307811
RIV1782,0.4216302632835016
ORG0034,0.46946791252284265
MBO0090,0.5081710100004536
JCK6531,0.2237920593244365
VYQ0919,0.6597821373203019
TOC5703,0.26240048628966745
CHD7768,0.654290567499746
TZO3960,0.20909039074561614
KYP2401,0.1469870619245096
GTU1888,0.728023823292279
LVV0631,0.4997314429673703
NXY1801,0.422536150467668
LDF0276,0.8206670290263972
QCD5470,0.7371859758572645
XGA1603,0.4542979195214008
BKD5139,0.5518707216624457
RIV7224,0.6678946959589003
HAC3956,0.6994189289089912
CIX5564,0.7063862390229785
POL3249,0.7342986675073272
NVJ1952,0.49756525751561204
LJP8831,0.5618227344087964
CMR3851,0.4315725495023272
BOL6020,0.7555246993483711
QOT7252,0.4189927184874111
SET4895,0.6896022764505627
AOM9004,0.15863166979310983
WRL8060,0.4894886129768276
YRI9524,0.16055407971762975
LRB8922,0.4523301465670055
NCP8644,0.4383933353807895
WTS4018,0.3546848531676611
DTI7426,0.4641040105674645
ZGR0098,0.3376149677281613
SAD4571,0.3145622802360562
KEF3478,0.6233729289414609
KVP4733,0.4996739577951714
TQW7158,0.4822553833246532
VBW5493,0.46042263484836515
MPB0399,0.2165681385387677
BYK7045,0.3943259886391261
EZV1040,0.25108566555192846
LIX4967,0.3984489292630814
YPX9462,0.8111849472099752
GUC7779,0.4978959457548549
EIW0176,0.6606552353951637
JPP3633,0.16913732642437262
ICE8497,0.2362500179967125
JCB5870,0.32699383011107647
TSX8703,0.6319095601745838
WTN8881,0.43705733584802614
VTX2950,0.24860985908365285
OXO0872,0.5348560763737132
SLL9902,0.14746104266345686
CJD1628,0.2629386437849691
YME3555,0.6276924657598455
XKF9852,0.5599481004719784
DRE7767,0.43917012707117836
ZWO1818,0.42086542489237444
FEX6317,0.7895183174410183
SNQ7014,0.27663665386292247
GQN3038,0.8002971206654302
PFF5514,0.4640864720157243
HPV1117,0.5006700171038302
III5054,0.08057943017130711
LNW6654,0.6806073975294785
ARC6596,0.269093155407961
IPP4620,0.6474049752790921
NLR3257,0.5878654940053559
CTB9878,0.7023010122967958
VMT5143,0.31631976287653935
AHM4211,0.2893978146803274
KCL9551,0.6267155939590215
NHK4195,0.3796868083702167
INQ8214,0.26554745266126173
LAX7318,0.4122926079096391
TYJ1073,0.5506307100250746
KHR8174,0.3793834951221442
FXV0272,0.8097830587350434
QYA8718,0.15479900019906934
MGB8317,0.570844800836917
WYJ0017,0.38513880979401194
YCB1541,0.19056280684927437
OCO9701,0.5632641342765669
QOT4213,0.4792676683396503
IZB8133,0.3143249006401488
JQT1085,0.5508425679829898
BCD5519,0.5726921892808001
XBP4686,0.5064152513130585
BUH6163,0.28990778381036514
YCL4225,0.4242271920239077
ZGN1837,0.5249865799218233
VWT7951,0.5977065657836607
WCU2909,0.22144619004025545
ECJ8667,0.230320885741844
FIZ8807,0.13534985377453343
WEB7022,0.41750112161018826
UMV5479,0.4572744695289991
NTU3115,0.2493753282748182
OHS0889,0.27358804553896915
JRT4331,0.45085071878487015
AWU8320,0.47671994003115586
FZQ6790,0.5554455944690965
SAW2413,0.7462325370832908
MBR1935,0.8509820393474918
EUM7981,0.25812103860417585
SXQ9635,0.3739462321265405
CSK8727,0.5051034465442108
BJA6633,0.19956558309318095
ZTS4215,0.22243203321829977
CXW2502,0.30470998373088554
VON6528,0.6764470558723622
XBC1483,0.32316708937617566
BPK9428,0.28522040631357476
IJM2804,0.20156216389855713
JAU0056,0.5950469695138106
SKG7687,0.376434013390056
LUE7177,0.844763317892069
TFE7449,0.27261786276899513
KUU3033,0.18610811907652475
BSC6214,0.4671611725850924
UPB6992,0.1632940278758167
LPO9433,0.38147972303116123
GRR5260,0.36168315234678133
ZYX2775,0.5916444324904442
CRR7571,0.5680168845977236
NVR7579,0.493454465262633
TRO6653,0.3462358285724294
QAZ5784,0.3976733636041957
CSA7855,0.5802481960851956
SKR7049,0.44409694101000113
VDC5945,0.2291419429046047
RQG6441,0.3686615122805781
UTK3942,0.3101256262463132
GIS5276,0.4666835856794833
LZC3931,0.20849265927085395
AQZ8439,0.48203532401651755
HWR8277,0.7475094286055317
QSW7544,0.4361311592049044
QMO6786,0.37528619546207526
FFT1267,0.4489236029150536
WBL1699,0.3126539051059888
DLN4360,0.4366664796516286
QVK9371,0.7120974111723897
PAJ5923,0.7353431979891318
VXF7049,0.6389738230080041
ETT8073,0.3933980469069034
AVE9956,0.4052222203047786
TPT4243,0.40497778189543393
EVT5415,0.3328814795814919
NRY2349,0.5809924730746026
KPL2000,0.5739018196050082
JQC8916,0.2722135037702891
IGT4727,0.20911224910654672
FOQ4697,0.3270101655354185
JMD2554,0.7205892223022609
EWK4862,0.36445191351364276
SFG4231,0.7555110725468152
OUW6979,0.8438684670227621
PAT9207,0.24976944026280842
XTB1114,0.3854755740573115
SUR8024,0.7269959477230533
JMJ3446,0.09795714123782173
FLT1779,0.4927389335399435
ODI3507,0.3312026825513067
VKX4649,0.5904900083190612
LXH0711,0.5984474917059012
GOH3012,0.7640443604440202
XZK2864,0.6684343439769311
FSA2525,0.35256231963830514
OML8735,0.21986700633657527
CKW6247,0.2564512092221568
BZK1475,0.4050180861249149
BGZ3773,0.3007457722208163
IHZ1914,0.7728068219318666
XYA6636,0.552244521611914
RWD5233,0.6794514020638839
GPV8030,0.46568076885365317
NVZ8701,0.736016638095739
XSF4318,0.4923493080816769
WXM7923,0.4525100398223729
CVQ0880,0.44926017971852483
QOQ2863,0.25769213978057753
RXX0623,0.3751251048833432
CKY6595,0.1182081027296496
EXP5590,0.3877255770801638
JWS0195,0.4086541904285271
DNV3342,0.2979968262742757
WHY0533,0.25996973941053664
IJR6798,0.450193826391264
SVJ2157,0.5380544082586967
YLW4737,0.3949370200083272
HUH1315,0.6604694452745008
XMX5505,0.34103589869976947
TBK7519,0.21805925178295069
KXA1414,0.5638860493338724
FQH2166,0.6585976964958259
RQN7624,0.5054985951578596
EES6771,0.6520422072158948
JPZ4794,0.12865934018409106
SYU0185,0.2210477951161419
OWS0031,0.4286451538892261
NGE4427,0.5045592905719566
FGO3834,0.46653273250565913
OFI9247,0.6919802768844305
AHB9803,0.7324986447628241
LXD2374,0.6702384890527588
PBZ7120,0.5124778063573384
NIF8371,0.49080967126205166
XST8100,0.16373870763585077
CPB8339,0.3324971206169319
NLP6754,0.2940067190780048
JSI2170,0.19377606372637243
QFM3680,0.17560219579120484
BHN6631,0.447321910028562
CEL0556,0.5383879291209475
XBD4029,0.43489675959355834
RYE7752,0.4951839108168213
QOV3032,0.31606490783808316
XIL7243,0.2016573181079171
KAD8756,0.4574134345249403
UDU3246,0.38253663010201167
BKS8607,0.49537243127289976
NNH7225,0.5844663319035999
CON6996,0.4818850116099687
HXS4917,0.41968636447654967
PWS7531,0.08278532095680731
CPA8641,0.8556041048917661
RTW1393,0.6401735656452684
QRM8880,0.5612927731603621
SYU1247,0.3941545201793003
BKP7999,0.45548850915646566
RWQ2872,0.450321574855968
VET6669,0.2905889536635856
BBR8345,0.4915502267595517
FMC0185,0.44422990766541864
YWX0652,0.4067757643166622
FEU3392,0.5482797582581224
MAI9069,0.2935723825592015
KSE3648,0.7137946406657166
JRU2012,0.31195687222591517
LAG3972,0.4621716529859734
XDU6150,0.444174832134138
BZO3678,0.7372509398147821
UUL7578,0.47372059643228787
ENT4935,0.18094358507068214
WXU2063,0.4350365480768169
MFJ3188,0.32613780179677937
LFN1743,0.4591977727482788
FEB3954,0.28443904284486865
XJJ5859,0.44539038612382026
VIM4571,0.41801223535054294
EHY5432,0.366265505791565
QRH8342,0.49798307834746136
XMG1831,0.37226086609140413
TJC9764,0.35045379983344827
XUX2979,0.34410850238734636
QIX8136,0.1397772228693988
NOD6437,0.7822440783140416
JDV4500,0.5408672991129678
TSU3436,0.43599434097480055
YQE3043,0.5284670479911082
PEN4600,0.28456817131287804
VXG2069,0.30747837062986944
PGV2258,0.33170777109349614
PPB0159,0.4613730745171913
EEZ5587,0.2691042413641484
NKJ6134,0.42925061729380976
GNL8515,0.5849585690960071
UDB4012,0.7707523652512791
EUV8082,0.243915194963752
FKA1499,0.36713219270728964
TDW1832,0.44385350294003884
UYL3937,0.3927885251333685
WZQ9514,0.20243483603288673
YRA1133,0.24780600811787104
AUE4212,0.46546205201602464
AIO5707,0.3172700207129351
ANY3654,0.5793288088481059
CCJ1581,0.5600512576188925
RVJ5539,0.53014287204425
JQV8142,0.5463374501377252
LKP7864,0.43849902162774135
QYO2749,0.4714795113362758
VTS0473,0.37482791335850074
PGN4080,0.5044044414332657
BDC3366,0.3134215882359779
ZSZ5292,0.27394196131131515
RLE9918,0.384747150079164
EXF1515,0.5333996394731926
UTE0139,0.49984500234828494
OFR2518,0.5531741997173826
JJF2590,0.28565584821353746
LJL1360,0.3831831925038988
CIC4708,0.4986927120260604
BCA4110,0.40694189456060975
YSR8537,0.15808871329605076
ESH9012,0.3136285286469806
XQW1169,0.4551629453543499
SIK2342,0.37305857153258165
EFQ6319,0.35645059587102784
XQE1526,0.4715155829677574
AKR9099,0.5743504306155602
JAI3468,0.26677781382673577
WTY4270,0.337441892880037
COV5080,0.21025761755803749
LMM1024,0.3437594888962208
IGE2896,0.779063947250597
JBT5109,0.41548773997526206
DST8276,0.39149848539477167
BQC4343,0.6079217894290814
FKR4884,0.19346733516553
EEZ9582,0.25393844076746175
KEM7815,0.3950418828053238
ZIC4531,0.610640286412891
TXY3351,0.4999304475869047
SVT4843,0.2401492815363158
MCY8318,0.24227762098487826
ZHD5694,0.653066219412955
EYL3435,0.21674918817136898
FAK8590,0.4584714866239915
MMA6648,0.7717466504951173
ZXU7819,0.6475655144755814
TXT5173,0.6632594981245854
NOW6615,0.22580096472571023
NCZ7758,0.6048346663029944
REI3094,0.4060438002806205
GKU4570,0.810910840289631
QPM4563,0.6502769263602864
LIF0935,0.425116448754654
QFT7638,0.38354085666765453
LDD7909,0.5919180689814733
PMD6356,0.665172408506119
XSM2533,0.16319417474679926
ZAA9704,0.6953284151709135
PKQ6825,0.3516317485921458
WAJ3293,0.45785658357782444
FJC4376,0.48679255075839484
WOD5328,0.43430695811675835
OOV7630,0.1404386808450721
JLE0045,0.623154184075161
TRT6193,0.4467413305759542
WRI6749,0.47600760682746385
SKX1054,0.3895149774043218
WOT9749,0.4390531487890618
LUO0920,0.6760712923856258
FED9755,0.23320236570089667
KSC2280,0.6726186509549565
SVJ6815,0.552075564617522
NGF1992,0.21787673055463486
PZX7839,0.2232438289971
FQJ6322,0.3406557740888742
JNH8656,0.1680267984171322
UEK6875,0.22709227347396402
FVT7847,0.42121764729073197
VYM9686,0.6002421922528582
HUZ5652,0.4286882688318983
UGP0737,0.2528344578758732
PML3266,0.18699122056667583
SLY8923,0.553339808785705
QBQ3841,0.44346032894934456
DRH0163,0.4517628098330149
NDQ9001,0.7010332554045838
DVM2517,0.47652349294159635
LDX6766,0.3857032102873638
ETF3376,0.1802633439308838
PPV8379,0.5997565718707573
GWG6827,0.37565379946766253
QPP6524,0.49567775456099655
ZMG3395,0.286707984024461
RYA6828,0.5980062577149722
TLJ4903,0.664748461469405
QSJ8380,0.487073601312833
HVA7599,0.5356769028386109
INA3184,0.5232506555857762
LIC9006,0.37260966281550734
CRX5646,0.12755046581020618
CJR7973,0.4168400969997529
SIX4048,0.3769805257350596
HIJ7224,0.38475460102996334
IDF6143,0.7526181618528183
LHA4851,0.28417308745720216
DUP1250,0.20182040358079695
ETW3839,0.49197570595373685
TOS2521,0.16426634876050927
TXU5196,0.44727051961654324
UTN9806,0.33126570596160304
UPT6736,0.26957866117305523
QLO4437,0.36283807330896617
FDB4146,0.8045454063144275
CJN3294,0.4270081473778345
IGX8925,0.47530835277778943
BRN1292,0.45847256829503497
JVG5455,0.36147702908852686
OWV0422,0.23783043470349904
EUF5580,0.6435646864013818
WVI2357,0.5257086179477819
GMI3091,0.23658092513464085
OKX7088,0.18580585959845203
FHX3427,0.25715885258550053
IUX3518,0.5071339207074255
XHT2960,0.4657203711347684
BFO4768,0.1507998649434955
QCZ2397,0.4997928866367138
HUY9240,0.21016442646754935
RUG7309,0.32902097972241545
VMV0997,0.37013357971728134
ADM0827,0.40237889812839767
ODT3808,0.47167075725577623
CDQ3303,0.33958235343510135
GQT5475,0.43221747687800294
MAQ3766,0.17526991582120097
QJS1732,0.40303227871663067
INZ3983,0.29692907375431943
QGT0911,0.6006860817573865
VKB0890,0.5973309813951202
ZIX4904,0.6061670097573437
WNB7111,0.6018347214058335
QVL5835,0.5052980727372242
OVN3723,0.5505777834997982
ZHH4408,0.3697513894706515
AGR0025,0.30562655665102273
XBP6656,0.3847479361469827
XZV8150,0.16240591570341265
LHG6661,0.3075775975311959
PMC6232,0.6282140415427537
FIF4321,0.4862808106840555
ODY3807,0.3179282929552157
RXP3675,0.3607426869036552
WDE8034,0.6065111844100629
DXW0967,0.44705706264967077
TEB1181,0.5598495054479835
GRC8180,0.36853200860198326
MYP5419,0.38992240723653077
DEH8750,0.49843758300586205
XDN9367,0.6586075781794761
LCB1865,0.3649208438619978
NTT5170,0.6205584150550121
SOQ1632,0.470914266806717
YUH9692,0.3789243902357031
JYD2074,0.34232906953075143
QQG2862,0.4605069821056093
CXM1623,0.33556157914505363
FUJ9930,0.3532320237361273
CNB6992,0.22510548032384084
ZVR3165,0.6226180923877759
VIG3338,0.5816685003555746
ECX6390,0.5265805078796747
CVZ4208,0.4812143477417154
NYS5963,0.5352541620386844
QYV6805,0.6227036929976139
RPM1362,0.7030027087300793
HZT5933,0.5386712950681267
HAB9073,0.5551547663826587
UMP0408,0.2916684647181792
LDP7953,0.2107976205306535
HJO5548,0.3257097383296664
SWL2951,0.6586454272566113
HQJ7509,0.36611137969065255
YXE3238,0.5842521131944943
QBA1659,0.7541997236774074
UGQ9648,0.6428033678387349
UUZ0902,0.680295276735358
YIK0290,0.27596829341335455
TKL9885,0.7530112882605038
TAV6410,0.3380272272799173
ULZ5016,0.5091181276414218
EBN6340,0.44913130621834335
SXG4078,0.515206589309075
RGS4046,0.708382223383395
ZEN1745,0.3197476433392041
EQP7859,0.26653550928634817
XZG0749,0.5156035140028149
MUR1259,0.6856141233937075
GNH1572,0.41462574481818903
RNT1103,0.3739842779518784
KQP5148,0.39157022964685423
YPL9606,0.25254266323683466
GEC6684,0.6082748877785479
OJV3269,0.4482891785981194
KBU9669,0.37910531961422855
EXK0686,0.12852555152677286
TXD5026,0.6592217635459
WBE7793,0.2638580040115743
FOW7270,0.4279725800165271
SQT6432,0.5574075345415022
YZN0545,0.485139016882861
JWG9773,0.792115238695794
RYL1835,0.5151665257709629
VGS9426,0.3113356981140145
LLE5822,0.770788078690382
CYU7374,0.8284507112008711
JCR4090,0.44973509156975305
SPD9900,0.47627019142768673
GDM0800,0.5106980074354972
GPN2716,0.17772436550917395
HYB7458,0.6586312167453859
YMD4662,0.8610433763832825
IGD0921,0.7057888681487173
CJT1561,0.0703752161007499
DEI4249,0.49784722323221575
ZOO1036,0.3906231504195017
ZWD9803,0.5687311383603583
GUH4927,0.3107621734376639
FLS8480,0.2587091868801768
POE9287,0.4378352582477662
QFK9602,0.364792256838636
FEF1920,0.5289658432044487
ZQK8721,0.4611879654073974
KGP5853,0.5953521234732004
HME7697,0.36527809878104095
LCF2931,0.29985907713514337
XXY7874,0.5644027599537718
ZEL2095,0.7159563132229161
GUR3247,0.3664596616875643
JDL4331,0.4669517464875962
EHE7119,0.5471827738443462
UHH0658,0.595994724565703
END5028,0.3540814271343871
HZE4718,0.616497104504255
TPN7250,0.47795468326889246
JHI5936,0.1242697261942306
UDI6384,0.5266883526955313
RHD2687,0.3455867781521018
BXS8111,0.4757830062166949
TJK7138,0.8181960411703283
JQI3533,0.6180108043505356
GNX8347,0.7841606143048357
RXD9228,0.49639687700862284
FNH3965,0.1859260378388821
EMP8062,0.7390916454775469
MEJ4356,0.3861687155948052
UIZ6838,0.7006223380115607
UMV2455,0.528520814137703
HDQ9910,0.5267128534263386
DZK2637,0.7350114968750994
MFA0957,0.6852972387118197
FHG5382,0.1422462930598477
QCU3035,0.22044353469374528
YCK3225,0.217856088152124
VEK9874,0.3711644760773291
NTY2368,0.3599876458837065
LVT3457,0.4153050583047414
ZVH5381,0.24915044897465985
FCE1353,0.4835463339011332
WQW2081,0.31280783271885093
JUQ6158,0.41454939455166634
OHS2466,0.6752795261382694
KPF2140,0.4652571342436548
BAO9938,0.3178751542244154
BEB9268,0.4498412620797599
PEP2360,0.18160408223845567
KBJ3393,0.335315275223481
KJP8929,0.38693799175733856
IRS9319,0.7433309320962713
GNA6559,0.6165222022237269
GDD3535,0.21675344040811087
XHK3076,0.7823795243310924
OPT3877,0.4134781006137347
KDM5132,0.479420653985604
ZGH1260,0.49222325831969693
ZPC3616,0.33609198530492873
CCD7521,0.23198747088062208
RLR6078,0.4258743137935875
XHW4339,0.4334924847820802
NEA4125,0.3228024370226478
FYT9337,0.27135672014994744
MZA5737,0.364002103153194
IWX8525,0.24921173433219593
UXY3602,0.5044012807005808
KAY9863,0.5161425661150506
ICL0681,0.424594643983165
STV8662,0.46022033130232354
NXA3158,0.4571771169762013
WUT1669,0.4049132695545102
WHX4931,0.5073959167433425
QMF2498,0.5677135353089938
FAR8609,0.39788086606822115
MJN8543,0.523977697144418
ANC1727,0.4686257059791179
CMY5018,0.4912961969924989
NUY5204,0.14480270109453316
YIR9679,0.4304057523511119
XDM6706,0.33927451412638865
ANT8269,0.2709909207567482
ZQP3525,0.523060973266777
UKG7598,0.2730853087698585
KIS2908,0.5712591001471453
AIL7774,0.3068025123470108
WYW7672,0.5449747524961075
QCX5525,0.227539674185364
JZV0769,0.33578438853882125
DLR0932,0.32997673728300586
VXC8863,0.6051816704846438
KOH2895,0.5245630111465139
WMY6508,0.6485197326532286
IFX7040,0.6161453780912601
KZO2590,0.15643324810130255
HLW7095,0.4369625658240019
MRQ4796,0.4031159723265889
NUA9006,0.4847858812260532
BSN6358,0.49288460240637705
AAB1308,0.3569627011065611
MFD6294,0.553087973960498
CPM1668,0.4083419635278219
ASC0080,0.5648775829034246
MFS1546,0.633062981058533
GTV8803,0.30766811504651864
BTB9943,0.3324653056823771
SWM6904,0.634459715358843
VRE5552,0.45837854377372234
PPV2663,0.6528224061981484
NPR4084,0.5709955660199438
FIN5241,0.3478443776113519
MLF9852,0.45211777448877866
PFX8404,0.38744624418188817
NZT8763,0.7465338083403212
SYP8802,0.49552433255448264
RKG6794,0.3034983654142469
HUT3552,0.8053848253395983
GHQ1739,0.3269757467573101
NHM3753,0.45382285008278844
NXA4981,0.24010930190057858
JKD5635,0.3890446796103852
NDH9283,0.13417283536104663
DRI7386,0.6191847076649285
NTM3474,0.3738081064091777
BQR0893,0.6143121073888655
EGR9812,0.7222428060323212
KLO8178,0.5550848594619338
RPY1835,0.31609514547765816
BZL8581,0.37359078282875013
QYH1854,0.454857209822744
PGK9212,0.2850863327143205
UUE1033,0.3642984811082113
ZAP8815,0.6863718431022824
WON0228,0.5497342565495517
RSO2008,0.4448355511026483
EHH7629,0.22273362566641053
ABQ4338,0.6937347111583887
EBY8977,0.41099989321907104
FWF2890,0.5580443516554967
HKI0609,0.534941994331426
PAB5947,0.5631134144808223
HEA7016,0.6113269848444175
HDW8123,0.5936479520678507
LLZ5422,0.2416402136095004
ZPT7132,0.5767726978569114
JEU8627,0.7073693159947636
UQY3173,0.49410623082439703
BLM2089,0.5643820733196544
DCD5221,0.17876246681842275
PHS2469,0.11085778362179673
WII3386,0.25330275789556916
OSB6146,0.4043066972398194
ZYE8393,0.33449315131815377
NRS5494,0.5352827862733562
VCK3879,0.2870726828921809
QBK1287,0.6113215132543192
OOT2673,0.37396550980073
PLD4712,0.4603704912310642
BCA6861,0.18916256944539236
BKB3148,0.21705413569024348
UYT2460,0.20648795330593214
CGV2591,0.34951022104569246
XSE3563,0.18705387803476764
HRZ3422,0.7626737051106717
WKP4106,0.1344505306784449
EOH2042,0.5354324210955218
MKW1588,0.5416599345469384
VKV4425,0.37772174365266786
JIH0956,0.7063201451110176
IWV4857,0.2686736618709391
HJX5465,0.5452870745516963
YRJ6285,0.3961278415947264
APA9822,0.42027455373156997
ETJ7252,0.39640327431710093
UAZ5155,0.38292940065049497
JCO5005,0.3635359449160298
PON2616,0.29890872889338316
GZZ9302,0.5002689144796613
EXM0909,0.5092651809040898
YPF0123,0.49950484508739734
JPO5490,0.2913652277545486
SWN1165,0.7072565327661056
DTI8446,0.40357369447721214
BSX9409,0.3601351300884801
ILF8133,0.4983057208261857
TAP4650,0.8035588034682943
NQB1919,0.1012408950665208
EVN2619,0.6935899162533568
FKO1395,0.30966190748221795
KQL9739,0.2717097828041324
GTP7103,0.36483861720133876
FAB5180,0.42634741796172443
DNG5054,0.4419872112625576
PIV5711,0.24576812386697677
RDS0818,0.4453336211438205
NVL0735,0.24251734614440054
JHS0345,0.5126654946568379
AOW0183,0.3979013838453804
JWB1663,0.14083597981362003
QBI8434,0.2521484783084052
YGY5084,0.18672738479791776
LAJ2381,0.5886613589210745
MVQ8426,0.659339651438935
XEU3341,0.378951186276062
WBB7069,0.4423273589685471
HSV9997,0.5433816366405744
HPZ7235,0.4608785855811688
LEQ9893,0.4337016814483646
SRX0685,0.4763547954885479
TJE0525,0.5376645980959243
CBV9705,0.5648270799648267
NFH7701,0.5284397164701371
MRJ7981,0.46370137162434094
LRQ4994,0.23211209146472553
TPZ2644,0.7412161668593826
DPE2366,0.42667496493960516
GSL8285,0.4460116539314215
ASE9553,0.44335200899594057
GCQ4270,0.3993037622465008
JOI9750,0.15096537751640038
UTD0147,0.4336094684417406
KZW1095,0.4721279962435644
GSL0577,0.7640068911072827
OTP1368,0.815656680352565
JHZ6457,0.3875626499679018
MKI6175,0.6502675321259362
GTG8406,0.5912236192036125
VZP1954,0.654239383752896
LES8781,0.2511846145346332
PCF0526,0.49297471322577974
WPW2050,0.656927645520922
DTH9411,0.4519654331752951
YBA7820,0.6913680210439225
VSR8739,0.6646978112939799
OOR8305,0.6122433303865014
KDF3451,0.3388517634112704
HRS7842,0.30986790556183
XZU3965,0.5296770639649574
NWL3338,0.42726767428874085
GWS6777,0.15844819271599142
PWO4056,0.33576725219555015
XRN4973,0.21600372261144304
EJB1687,0.4228381548129662
BUT3103,0.28608618868097874
WQW1045,0.3924008260721114
MDG3445,0.08318200299411008
XUJ0717,0.34281715017560377
HXD0371,0.44559309210771003
FGD6466,0.397797464052975
YZW8155,0.20458732757319037
YSW6454,0.3687631152607505
XRS1062,0.567362475705266
SBK5282,0.5789481835488908
UMT8393,0.18536132967192723
MLC7262,0.6911188782220871
CHE7839,0.47682953485207735
ENK0333,0.2646304390211011
WGN8449,0.20584567267742518
FAM3458,0.1935425063177814
LIJ4989,0.8218906878119486
WCJ1614,0.3264239301756992
LCJ0354,0.4211112950308974
MAS7337,0.5205597320229861
WMR6816,0.1287482742519395
QPD3244,0.439994524388956
DYR2618,0.45451363787784294
LZY6766,0.2596539977356891
XPA5745,0.23334209280844548
OHE1207,0.8048901700053429
GMB5921,0.7651654374347938
PUN6155,0.3871166434580474
UWY5599,0.7427874823727308
BZP2422,0.5931691607750638
BFA6296,0.6688147178823489
FOC9534,0.6072944351070931
NIT3559,0.5211409726755644
QWM8810,0.26954454168455233
XUO7622,0.29754375840797026
ZYR6469,0.4777783672448652
FQV3213,0.5302894274311986
HMI8445,0.2520719058727472
VSX6822,0.7035416596456079
CUD3348,0.1987401674597509
OPN2109,0.6032178668882335
NQD6519,0.7222389866182714
EAH9489,0.5827261794983564
PUT4775,0.4517263794179748
DQA2691,0.38365986038697925
MXS8930,0.7118898170151677
GGJ4008,0.7714383682207294
MKH2409,0.1784167315284429
UOZ4237,0.7187972501124805
DSH0462,0.5026621679114647
PPZ1079,0.8218448890593061
YUO8157,0.6680396344626389
EVN8189,0.5531096969869791
BJR1526,0.44733741377448877
ZHB8179,0.65504275464385
ZLR5824,0.28711087664026885
CFC2212,0.5896284810744772
MTE3132,0.38024594890390884
RUD7931,0.4271321386915921
ZOJ5082,0.19693176375879123
VQD3919,0.18885397310077376
EFW1850,0.3588065320956938
BWX5427,0.33904727643397564
KCJ9813,0.5732040713235872
WHY7887,0.5441257162941858
LIJ6032,0.2384353007710372
YKE3129,0.41496366201013674
XNC4926,0.5616246566620199
ZVN8083,0.47489388702409535
FHS7261,0.6447648543165723
JCH6559,0.311898268837223
XSV3662,0.3019005183539647
OFE0816,0.29099712106882664
MZK6467,0.3531356203385731
WKI8810,0.5649103564862387
QZY3155,0.6349542761195647
ZGQ3169,0.7400121800164263
BSK8553,0.2725776494089633
DPI5831,0.6379122538231378
DAN7614,0.331930096699936
MHS4201,0.4462393029957113
LBN7990,0.1697626934633533
ZEW3244,0.20933372478716916
GVI6361,0.2481965035737024
SUU7959,0.4947005565144248
KJY0103,0.3329427728948214
LSI9574,0.2720876470719101
UUI4640,0.7272290653199823
APN0763,0.5036021244013257
HTC6582,0.611623366976594
LRJ2531,0.4848508485631541
RCX0166,0.48350610939279914
WLS1334,0.4378984019062493
GHU5711,0.5779789749493355
GXN6885,0.34045224596959406
SUL0918,0.2676519033979835
WUB3727,0.40879253276628286
RTU6031,0.5798110106338232
MOQ2182,0.5835971575705704
SKU1753,0.26603299741121544
CYF7753,0.5431031105710503
TPW5388,0.6734875010954947
BNS2586,0.6818549123339964
KEN2166,0.33522062920747875
OCJ6547,0.48809882063137766
NJP2923,0.34662998986128585
ZQV2760,0.46731554224568134
VWU6539,0.5585109749156631
FHB5662,0.509515269724766
FLJ5568,0.23628606238716568
NYZ3610,0.6850681297427503
XBS0822,0.7178662443601326
CBC1282,0.5307544334793998
RJE0984,0.6746127017984445
EGL3373,0.6934186836942116
ACY6703,0.7936144469178418
RYV5129,0.18258157527815647
PEX4835,0.5546628511654571
KGZ3991,0.4950433645889425
GCP0419,0.46120923772657973
VJN5659,0.4240788624586283
XIL6278,0.44873509758470975
CSD2119,0.39385779646265107
NTC9929,0.19422329297542706
LQD1080,0.5130418853679789
SEJ9531,0.33958996215444226
RZQ0003,0.2347305749554096
PZW2114,0.371583260089908
QML3842,0.20716787870145068
TJA2905,0.4762992916309124
PIJ4611,0.4467816122760466
HAM5599,0.16845108641113077
TXM2652,0.4575587197137063
GAB3659,0.6741868865561386
KCA1906,0.424461304251798
SVC9075,0.2932403118948195
PJV3622,0.33748025498721274
SBX7333,0.42167369385407133
HYM0481,0.7581030511281828
DFY0681,0.5274920292784024
RSF3235,0.3236600313792655
PFP2410,0.30901810932189694
YZC6174,0.2672779022696056
FMI6039,0.640927268419054
KSY3204,0.4050741771855544
JHS9734,0.3041286966420932
WKC7792,0.481638649742816
IOY1200,0.5728250017464395
XUE4561,0.3627909008539487
KCT7437,0.48804295158361477
NMP8623,0.24264053609806305
QRU9935,0.41188953856659566
DMD4641,0.46560021695291254
NCA7180,0.23854900352303585
FEY4017,0.2614348048549614
EUG2066,0.49340470714448353
XRR3806,0.31963093615773736
HVJ6716,0.5526760599347336
OLP0692,0.43633575812786296
ERC6469,0.7266864003102145
AWA4755,0.5919939677359988
YQQ9139,0.39567342068213424
OSX9492,0.4577089589012618
QGU8564,0.16179674201519303
YAO4151,0.2842832811008312
AMC9558,0.4343958685988779
VWB0124,0.29071757528265074
ZJD1609,0.3491416762090072
HVK5251,0.6365658110409798
MZL9303,0.24716074811904573
YOD6029,0.2063054473612717
CNL4438,0.4776777842424208
ZSW2054,0.4226517284287898
NXC5824,0.28966662777681856
BDO4892,0.505653922464154
VLK0339,0.5589875144891845
XYU4157,0.18678949436771627
XMN6548,0.40333286911590066
LXW9245,0.17092911993578574
JYZ3206,0.7424945296225733
SIV3918,0.6128560025449272
RDI2951,0.6550080457596178
CKS8961,0.4246709344201974
GGD3196,0.5383991263642665
ETB0894,0.5958806676227014
MLA9778,0.5193614921810632
DWK1986,0.10356524403118274
EBT0068,0.43626785723651085
DHA1853,0.6268894669487831
HWU2594,0.167733797569003
QPH8016,0.37606503854777573
QZI2250,0.47402710157529687
ELO0702,0.49616461957101
FHW7284,0.3914626215280957
JXO7389,0.7750408653164722
AYC0810,0.5042567186864901
GWJ3254,0.42787140137907853
IBO1945,0.37640817626064593
NSE2304,0.6505655104611605
SQB4852,0.27791701593265283
FQH0034,0.5013229866883557
QGG5280,0.6047081260329461
VJB9962,0.420103825977168
ASL7482,0.26008367642463737
YYR0976,0.16134849913658472
TID4683,0.5947534952509704
MQF4406,0.5087386404349793
PXU1703,0.14826949862379277
UJM2633,0.4305884283712096
ZSC9815,0.4499522084395681
WAU6889,0.7822105665084401
IIR5545,0.5819239053215649
YWD8219,0.6396916361302682
OVU5964,0.34442701859485086
SOX1774,0.7268316087460579
YMN0357,0.3916099031022094
UNK0731,0.46886805981138363
AWV4949,0.1961122474430092
LIA2179,0.5821266621969456
KOJ2933,0.39752835648233525
OFN2940,0.35199910944751345
XLH4413,0.23882344506997139
CAM8238,0.29994896258303005
OUI0191,0.5623649307009818
TVZ9158,0.42079540253391357
QZU7391,0.2926946194964369
YTC8533,0.5512480184485512
ZUL9082,0.38562925742276
QDH0283,0.8109166997117758
JOY2839,0.5294758965818827
UZE0497,0.10328059356320364
GUN6865,0.38593018608296487
OQQ7043,0.4318518581167408
QSY2045,0.551264574939472
SNL4417,0.16154978217427535
SAH0586,0.38473211552301323
WUM7977,0.6508636774968742
LUE1768,0.5068240837944166
TFG3357,0.263898255525142
BES6653,0.5335280656293411
KLU2053,0.29374303246844974
EDZ4179,0.5484302620286629
KQO4708,0.49395626453884606
NPT4412,0.35730498994006327
HJG3099,0.49640690071751015
HZV4375,0.5880140884101729
KDS4463,0.6667389510004261
AXB4934,0.5825932947029773
GYM0773,0.4515613784447942
GJC1483,0.6004372527000064
SAF1656,0.4513290818011375
OMF0261,0.35088670100632974
WDA0383,0.7621272082506317
XUQ9842,0.43156800703375653
KZA0317,0.4142996659296959
XNF1437,0.24538719960013541
BGA5764,0.5359456860720304
TKG7900,0.2720855086497052
OTV1030,0.5224438861844427
VWK2998,0.5540221683231842
QKQ6320,0.4185537058732185
WPC9633,0.36501226334067666
EKW6480,0.15982045433820613
EFQ0392,0.17061466369610762
MRZ7379,0.7836761676476637
WAC5824,0.6617689104349216
OMT9415,0.1918046042228671
XMG9583,0.24627847468949313
UFF1261,0.6001553038440293
DCP0796,0.1772535037548171
HBE8442,0.47394612616158976
YQS4458,0.3975278249270477
SQU4407,0.48992428816228256
NPS6601,0.42340003707992613
XMN8380,0.42679485274793605
PVM3035,0.786395908985147
IWD3752,0.3035168696255612
GLF9686,0.7526432625087737
RRX0963,0.3950640613903772
UAB7848,0.27741029449277843
TDS0452,0.7662038573867321
HSK3153,0.5980412764993386
SQA3360,0.5859485251660346
ECI1955,0.4306174607789916
BTU2947,0.3307026223774348
PEZ7733,0.0660889880674313
RPE1400,0.09390163675358215
QKS3138,0.24328570741198247
WOT7140,0.5911437740978696
CIH5726,0.49953411154866145
LUE0157,0.7857721576223331
KFW0111,0.743061687217578
OAI9172,0.5362406024682842
LAH1856,0.19183663023711064
NFK8809,0.5788096846145618
EGP0512,0.47885616798958397
BXM5911,0.6186672125135325
NWJ6522,0.4607842493176629
FAB8496,0.5691915799510318
UGD0885,0.20261751609593773
NLE4038,0.6383126540438514
RMT8564,0.4796014623131203
LPN5269,0.5066835460557176
SRF1001,0.6120364988649704
IPO5628,0.268330957736227
YAB2836,0.6955324116793938
EAK7493,0.591163346841611
VZS8779,0.5802480795604804
ZHU5296,0.593828572176716
EHL7819,0.7276301822943105
ITI5109,0.5782389776823417
ZJJ6069,0.2519681140838656
UXQ8523,0.4443684704038656
BJZ5615,0.3822467504755754
BFK8030,0.50264057418257
NOH6334,0.4153625074335251
QCJ0449,0.21860486738449678
LGV7177,0.5913690290837654
YUU8227,0.465352262059835
EYU5539,0.30514505932889546
FXQ9279,0.5212884932014324
KVN0414,0.39055616767856155
BWO7564,0.3924155885810929
SHA4528,0.2943968823517463
LCV5905,0.5887455661553059
PPJ8929,0.429993343567963
ZTY0059,0.10175474725191225
AYY0072,0.3125636875984311
TUR5072,0.7073198597403326
DPA2836,0.5501854351308612
MWP0809,0.46617378374687535
NIT5344,0.496051455550756
EMF9379,0.46609502479940523
FDW7329,0.3954371608029631
KAA7544,0.5634507964670601
QYA6379,0.33983588367105727
HLA1104,0.2918670099241149
ZTB7327,0.7253803749774184
VSX6645,0.6770289370349611
MKX0188,0.3065482356129368
MYK6810,0.19406897268041767
UJZ3099,0.7474111946080463
NLQ6953,0.36867914303949056
THD3997,0.35203542932243564
DHW1898,0.3167517017766462
CAZ6419,0.28279034145205373
HCE9029,0.6585409572190554
BPO3584,0.48573245439446117
DCW6953,0.635951842923329
WJW5631,0.6858798835283121
JMU4733,0.45476877658986475
AUQ3924,0.4046626390743031
WOB4261,0.2697933627596546
FAA0395,0.6981934676678679
SJJ3512,0.4780250616555327
MDD5141,0.42378386672849067
UFL6151,0.4498197727360923
RNV2828,0.39847684156631796
IBG4905,0.2140164868983174
EWQ2853,0.6614838989468385
DKT1418,0.3500134030128876
RCA6055,0.48397267569623564
PTU0261,0.36798570302620726
RQM8471,0.22245326974377475
FIO1669,0.20087097040756946
RWA3084,0.554361471390994
MWJ3622,0.32125641111766057
ZWO7580,0.31902413327535334
ZNN5139,0.3199066236457283
XKW2878,0.5544874746276164
SOB1176,0.23117728601610893
XCK6612,0.6310833248578704
ASP8488,0.3188664213274453
ZJQ7036,0.4982441267902612
KSE8052,0.7608044000270112
BDQ1385,0.550088512119247
VXR0368,0.5544687439794493
ZHB4902,0.16504530678597074
POY8883,0.3021828173408007
GIQ3177,0.33139223176123855
ONY1016,0.5851423889077666
CHQ4117,0.5230227687413832
XID9340,0.4959145809430558
PEC4135,0.47211175573726
ADP3518,0.44805187324344914
WUD9379,0.40387938620411723
RCT6710,0.4913429876244277
YPK9577,0.3321392532566492
KOX2113,0.147818992666975
UJG4961,0.4789131579683375
HAY5847,0.7220409590539125
PHI6345,0.3189071604968501
PEQ3550,0.4580744173754236
KAJ4969,0.7747415786475085
UEE9718,0.538967827748689
FNT7313,0.6069713783560502
OQO5683,0.44304017894583475
NWQ3973,0.45809441189266786
GTI1384,0.48396221456647165
AHK9950,0.2759110203986294
GPZ4054,0.5888610732403681
HFK9029,0.4469175037054729
PXA5874,0.3592074569583782
QQK0987,0.7191667266529985
KOB6393,0.3356000241973374
UCS9907,0.7285151137683066
ZUD7019,0.7147687877268464
JUM0665,0.358256411509477
TPP9015,0.4766261273344926
MXR4724,0.3629989872365
HOD5285,0.4927197992134259
DHM7054,0.5979483991083089
CQJ0272,0.2749327333802799
KLO3196,0.48320444806608764
GFB1649,0.6347821230219699
NOQ5877,0.29895465291171347
CYI8589,0.2485898590396315
FWO7157,0.572995665897943
OWE0183,0.574927159375897
QXU5403,0.3733643909142558
MWK4766,0.8286346999431147
XLG8768,0.39324166803680305
VKS3432,0.30912855558922075
GMC1606,0.4036813908003763
PNE3192,0.5551260977764849
ZDH0081,0.5724292043725193
BUQ0384,0.4974857101881737
SDJ1245,0.663039093615523
YHI0373,0.18935851601732717
HTB2148,0.5965310604343242
ESJ8744,0.3813289127945703
OKZ6934,0.6274465993835462
IWJ2087,0.19330571837387425
YQW6666,0.19989752169597608
DRL1639,0.4209642883251419
HSB5951,0.8328659980636395
RLN3664,0.355347615835713
DQX4439,0.3683708716679815
BRL1853,0.533718164811102
WTV4777,0.5787472908784628
UYI1073,0.6450213309116911
EZM9046,0.6333319610127307
NGH1312,0.5683627973927932
ZPJ3568,0.28962286222130235
GCU3692,0.34981020565718046
KQP8149,0.29915756500639606
XRE6790,0.43308766146964867
WOB4424,0.373840801428435
TZX2171,0.5105869538168147
KLB6758,0.7172921825995
NJZ1004,0.3757016810171053
SLC8186,0.42240515760925307
ESD3201,0.5539951773791317
GIL8255,0.49712279154990646
VIA2238,0.48244899286349563
BIK2002,0.3217980950541966
IGN2069,0.3726972096580043
WDC3985,0.29001739907951957
GTD3498,0.21067575623140072
ZRR6014,0.2278167316254735
FUQ8627,0.7196731206827583
RUY4061,0.5517181724130029
DDH0817,0.3952294164369966
DKE5313,0.40390916296843693
GQB8062,0.2719274949853601
MJW1038,0.7490253383248493
MGE4928,0.5057828207528409
WMX3148,0.467125493895135
BCL4088,0.2914814247347633
POH1215,0.5339029219004883
DBJ2669,0.3441502725106416
ZTQ2278,0.6242248284127229
QPC2404,0.7265234933319138
FOA9641,0.22131087233649832
UZR2198,0.3181548325863382
RJD8220,0.5990617296947328
YPO7168,0.6249249575595243
ZSO7284,0.5852305472745494
YKC3947,0.43139150290793354
RAX5623,0.6056048590382128
NDN3928,0.6306740311762493
XBG4294,0.308382073487045
URI6844,0.26412039322073644
LPC1008,0.294203730643326
MQN7236,0.3105493956551694
FTS0705,0.3955057549850646
XRV5896,0.22917314159153973
FNK1549,0.2271551625748575
QVG3369,0.30279248029399336
UEF7361,0.18806863331372667
OYI0421,0.17348722001419647
RGN7073,0.5794127758719164
DTB7149,0.35939005224903803
WAS9056,0.6114975805596632
ZDM4647,0.5596161103479697
TVA1688,0.5579990543418087
AUN6131,0.6887465458569224
WLN1597,0.8121355642917747
QJD7373,0.23743940084028148
PUS0461,0.24397741057327885
VHL5519,0.5185028080052162
DGF8059,0.35069655843165637
ZDP8152,0.35713012615745876
KIT9995,0.3913502678866862
HXV5931,0.17694864905599791
COI0100,0.36272948457285453
CMW1744,0.4376130194951649
NLQ4471,0.18483262852589988
TKC3707,0.40050503299681267
IEX1198,0.3817134955372308
ELK8724,0.36214014663086946
MXV3637,0.23879899588631812
WCJ6522,0.7404316118314526
OEQ6921,0.4670672892234382
HHM4121,0.5308533004341724
LOH3133,0.5802795041237293
WGF4780,0.500006662264844
IED5984,0.5867573588116959
PLN6758,0.5353802281569165
OLC5808,0.12923499730228485
CJW9798,0.2774104576918051
GAI6119,0.4632873571323293
BKC5625,0.7308842165464302
YSD5776,0.5865209955463105
XTN1465,0.6866634529080371
YST8825,0.478303073998099
PWA9731,0.3133090689425279
WZF0204,0.44347579721480707
JOO6585,0.1953120125202084
FAY5510,0.3435980395040896
HLI5171,0.21482481027773032
HXG8092,0.3753873154967609
KKM2246,0.5562600425498226
LPR8244,0.3474394479997728
VDY3830,0.5714282662432624
SCQ8086,0.2646073622428468
SLB2171,0.7926564357218745
NRH4257,0.2898223601295606
CNC6073,0.22405915087609365
ZOU1261,0.12460976383831456
SPT2697,0.5168574549544145
ZQW1536,0.7500221401720296
ATU6677,0.3376123229164972
KLW4229,0.3264084835596609
HVE5828,0.5165621975777608
GBI3333,0.4386786208960762
LVX7085,0.43120971486085535
GQQ6522,0.3145595300374638
CHQ1313,0.5952857199229421
IUD5304,0.3716088155937436
UPF0845,0.5015873053315044
DFN3122,0.5128019776055351
WSE2433,0.6240670073439185
FXK1875,0.2768084456013454
XQO2229,0.1400008076656039
EHE2388,0.34976381458663897
DFO2542,0.34565062990508816
VYB8146,0.5711168021766688
UPI6716,0.19743469731038704
AZV8887,0.5902818908303663
IIT8345,0.27211062756336707
NSR4067,0.37563304863933566
UND4463,0.2711460871303428
DJH5832,0.4709084522678835
RPJ8255,0.5156324645171106
BXX3872,0.8435138482879327
YMQ3196,0.2538760469609307
ZDV7390,0.17688322500544532
PIP9062,0.4666096806265759
LNL0304,0.548440499418479
WYQ6546,0.40494008480101457
NET5300,0.28222820355323236
WGH1231,0.3111566620626478
HAL3239,0.26490810561140826
LBR9014,0.1944429570835927
ITU9867,0.3112392530922855
KIJ7291,0.5490208940478178
FVP7293,0.5606286285536929
TNR9657,0.3754733445430339
XSE5958,0.2878056438449347
MAQ1010,0.32642374064681745
YSJ0631,0.676057619942004
SGE9558,0.273306412309842
BDN2933,0.45038422957338325
LLT6330,0.7136767318104603
HRY3373,0.318307538604944
UHW9589,0.3610619472759816
NWK7279,0.48872138752942745
LQT5241,0.7195046485020946
SNZ7816,0.5194185580170799
VWP2460,0.5539084691688092
VSV7263,0.5288960438204143
PAI2981,0.7076956452241888
AAT2571,0.39209128412652794
XNM3039,0.1823035705121119
OYQ3855,0.4629500342839883
OXT6838,0.6106932163777111
MIO5543,0.2128025093337929
BOM2763,0.5932948765713241
SFZ9405,0.5636239167135146
ACB8398,0.31640366665888525
CYD6578,0.5401747905495488
OCJ4962,0.3035410563701859
QEA6309,0.5618223460249134
SUI4465,0.801947389777925
FMR3924,0.1595267442500024
PTI8284,0.6906993416780506
PZT1362,0.4580062253505089
PIK1727,0.16885476536828864
TDM7158,0.268885235478823
OFG8429,0.45837134390073736
YGQ0653,0.6432374705572836
CRQ3454,0.23672328355045452
LZI6201,0.6071853177232572
DUN7031,0.597332006259865
EAF4040,0.35019119789641384
AEY6897,0.2767428649301681
SCZ3033,0.2333508975452478
BHB5455,0.6020347661506513
DMA3129,0.381450845874398
EPJ7195,0.4560847111929136
XXL9376,0.4102247408538065
FXG1204,0.428690163460811
SCJ5893,0.2589392663942347
JAB5413,0.37230045964686675
ECI4724,0.7236397518009986
VJW5200,0.3626619235272687
GPQ7753,0.19479138254680942
MGM0506,0.4019242213469583
IJF8157,0.39511377886902144
UAJ6492,0.4751124521536607
OMN7687,0.45490877906288946
UJE0913,0.5565063947732349
EYQ7148,0.6411539987961935
PLJ2057,0.24016736161597438
VWC6238,0.1265066139404023
JAZ3904,0.25894961552360535
SLF2540,0.40143903919102225
ACW2850,0.2368361773425484
IAO0540,0.5851475826927186
UZW5012,0.4251944598795302
UMB1656,0.42922332996418233
JYZ3579,0.5345468588711579
NQE6140,0.6332099490521568
TNN1819,0.6263458412447382
LQE8452,0.5572510310038586
DDO6847,0.3276053596479064
RPF7802,0.2825811627065619
FNE2013,0.24613435708041506
WWQ2829,0.49123672559811365
FPZ8406,0.5443240368325357
THE2609,0.29661150066422604
YFV2493,0.5179382106033783
TPG5056,0.5123750464965575
CKT1474,0.7003549674656243
UWN8033,0.6330485053909
VZZ8105,0.6773432519614896
CQB7810,0.8223454615149977
RPA2932,0.6031569137621133
HVN2303,0.5402996352043424
DNE2280,0.3325656991994267
QZS6625,0.43554344236180337
IXJ3391,0.42913620708621586
IBJ7457,0.23691611142168423
QWK4411,0.23434978596097905
THI8299,0.25775946745098305
WQI8618,0.41042932746732075
EHL5492,0.4037976560482851
DCE6168,0.25618944136359895
NQJ8766,0.5194554578262432
VTG2380,0.4552104944521986
LNF2835,0.46754410745211755
JJR4127,0.3145932465141758
GJW8107,0.5791608492759157
WOT4362,0.607958091843353
LTV7533,0.3079063817263505
HLS3172,0.590637730625297
BCV9335,0.271375388954758
VKX7361,0.09506939114517347
UPR0212,0.34146876761231537
GAD7822,0.3688754965992481
FTY3806,0.3326653665506039
EQY7009,0.20082294109204488
EDS6036,0.6979862428199272
ANI4768,0.5005362479653173
BTQ2124,0.25696123724986836
YQT0133,0.40039261821892946
WCL2270,0.522094129737947
UMS8559,0.5720142253677902
GFR4574,0.7164611860946788
SEY9322,0.23709912482787202
VZZ3704,0.5013264637401782
RCA7209,0.6051801188375184
WMT0282,0.26771045617351985
ZGZ3238,0.3144467488973069
PCH5579,0.6927239948429599
KVQ5659,0.6954568291298038
DXW7491,0.41455862959693346
UGO5322,0.3488728896558928
ZFA1134,0.20553314971802222
PMA9220,0.39801487692248333
EXB8441,0.5250203040290188
ZEY4073,0.2815224939832
VRB9328,0.07864183832652083
IXY2561,0.36280319613066203
TCC6535,0.20954235363093332
OJU3724,0.7038574559939984
XDL7709,0.4291095627756886
ORF5661,0.31046833952722913
FLD1463,0.42421476172875566
BJP9208,0.7479597003949252
TAC9100,0.29355348931264713
SBF6739,0.343295704834113
TXT2079,0.280914538494952
KKH5705,0.37367527995432154
QSJ1521,0.3253080881703797
SPZ2638,0.5768489779975147
QKS3066,0.4389662069306593
HLI8086,0.2829447519568621
RVP4550,0.6664743449042846
HNJ9495,0.2310367338532298
YOJ3693,0.4787001212758685
GJS0697,0.7328181546554019
EQR1972,0.4036034397713739
OND0210,0.5354494408373001
ZKT9269,0.291650810241363
UOP5878,0.5641351240622927
LHQ8463,0.2205179970881602
VTK5721,0.2896830068568758
DFT1373,0.4009749902011046
ZZQ4322,0.6430143837452106
TEG7575,0.8578772278379586
ZDN8364,0.385388423323446
PMH3356,0.5819991214062659
ZKC0601,0.48323462997502836
WCE9841,0.5738581131844344
MQZ4133,0.7677351894537013
QUJ2416,0.604382619260575
UIQ1872,0.3224525924511771
TPR4093,0.6824763811740558
UNY6653,0.6400054457045609
KED9088,0.22457811792983406
GJV9147,0.1170407976866379
YYK1409,0.28415274219701925
BDP1730,0.17852638409948748
IIS1162,0.5299371547800567
QDK0707,0.5257303529871611
SBM6710,0.34892496357612907
LZD3025,0.2543557432064956
SCN0463,0.5225576891533894
WYZ3750,0.07587815307557087
WJE7625,0.5852689437150964
LVH9493,0.6206836372728736
OGP3197,0.30817018733703727
VVY0930,0.501267231335797
PVD6484,0.5129611605801813
VFA1552,0.7080242893955435
IGX6687,0.26162807388744236
VGB9010,0.3457224384430875
GRG2410,0.29775579511326783
UGC8879,0.4867895218505775
WUZ4473,0.45482173334872117
XSF5046,0.45314374551807124
TCF1709,0.6207788933941119
QGP8200,0.6423583635310408
TWD0882,0.6064882394063725
XXL7278,0.29351968752373536
UBQ9279,0.42702565216118216
YIL3942,0.548233000065752
BFA1695,0.5244345577205057
GKS6057,0.7002924763395518
CEN5283,0.46078135798658176
URI5280,0.25735807913652575
ERO9064,0.17451657622254857
WSF6571,0.599987834273648
BVH9547,0.21639260868292515
ZJS4141,0.43411490596827507
RBF2204,0.19363356433562223
ZZV5719,0.36691425998358096
PBW0578,0.47391297689198003
OJH9892,0.39580907885647054
IEW3033,0.4523574227599547
VRF2412,0.4723125665362211
AEC5051,0.44006293640006167
FGL7789,0.24470843606722675
MJZ4395,0.4732325063028292
DUX4345,0.42583019441877523
CSQ8628,0.5413211740769374
TOT1468,0.6004898846665001
YCS1207,0.4124941120921228
UVT9591,0.3559454493976567
KOY5019,0.6109879402483491
NSL3572,0.2107702579082636
UIC6064,0.5621365400437247
RFW6714,0.5434568868931496
EAJ9097,0.28880413898607016
JOU4957,0.6050185620014644
TEE7042,0.6542753642202488
KJD2151,0.22246534905448093
XQL4738,0.7063045565929105
BFU8118,0.23181060225089375
ZET2122,0.39335540499265437
FUK4311,0.3863873098887624
QUE3466,0.23591206947723564
SWM1601,0.5783869077896461
JDO4667,0.1618752821542953
KLB4904,0.4995322810371739
MNL4989,0.20280977213262616
PIK2814,0.48735395692304634
SJU8294,0.5078440165116752
HLB3116,0.6642821679992537
ZCR4661,0.673356566816129
HRT2532,0.4238691444897359
QPI4398,0.47584706647364994
BHE2901,0.6545976916369739
BGA4649,0.4945245830388193
BIE1986,0.32469573485883496
CWT0763,0.7110430464519156
WPR4507,0.42719750426114206
PAR8871,0.6128262729980888
VPV9675,0.6459378713620686
ZCN4019,0.7195599659919473
QXH9868,0.5513123106322672
IGL2036,0.20709243494652244
PXG0071,0.7119187149574893
JKJ4473,0.5185771868989035
JDM0244,0.33500823562872745
NFS4819,0.4949385308083676
VGF0668,0.29955262884612494
XEU5703,0.38858453822279565
RUO0833,0.2512179393553439
EQV2141,0.7161489495348115
GBO6128,0.39888088387640575
ICW7329,0.3330768251052705
PPR4284,0.6278069228260991
EWD8008,0.3803228105670341
WII0655,0.604102779865904
RTW5196,0.37820625968410154
PXK4242,0.5722315263765845
FBW4362,0.6508010479105907
NKX1957,0.33100442592287643
FPX9711,0.41072555849035214
BDR5063,0.24409323536302233
ALG5020,0.3958696580624751
UPU4766,0.426461436517626
NJD9805,0.17087729126494713
OXI7734,0.21637794745565472
LCI2089,0.646348220334882
DMF6569,0.4164240982192243
GYS8804,0.6407130274131653
RXQ7168,0.566295315917527
AXU3149,0.2836640108447717
QQV1056,0.6701487966020864
UDI7181,0.5188403932324829
ZTG9882,0.3928459919552389
XKZ3080,0.19963942161765758
WXB4285,0.33663058441077304
ZFP0139,0.4186062687027345
RKY6757,0.30116756377728177
RNL9971,0.2214846210989396
MOV1007,0.3657893226198816
EUF9193,0.583825409441505
ATY5952,0.5700917462278773
HDI2450,0.5303992812085854
DCP3341,0.6767859851971978
YVW2924,0.4675973660038079
AMQ9367,0.12496423955899641
QRH8014,0.23783832916789388
NDQ2138,0.7866011402931473
TTO9585,0.3094062159120116
XIT6623,0.2551317906346436
VFW0657,0.4352302339733917
BZD1767,0.4319030914094588
LJL3808,0.2782539609003769
ALN1220,0.509118243787648
EGO9071,0.20442896550028683
JOC9153,0.37388270040573784
INT7734,0.1871087487167569
NID3881,0.16912926186360858
VSR9271,0.2644037720409157
CNJ2189,0.41635279489259336
WQX1820,0.4977238741525135
DFR9329,0.4302785629267798
ZPL9559,0.5336517643592945
VEB5415,0.26837989985202426
NDJ1733,0.5060969697361468
ZGR2446,0.3813395396217771
AQZ9907,0.579763165637072
HKN3098,0.3752438988967537
GQE7545,0.5005330835556973
APS8818,0.49727480676099944
SYB1914,0.31943988133289575
SWB2082,0.3081022981752804
LLU8086,0.6383642911072626
NXQ5035,0.42957126318596134
GJX2850,0.3182184255207543
YKM9772,0.37946990223000504
CNZ8777,0.3694341260328484
UOG5029,0.6587767550888832
KTY2647,0.14545357748729962
ZYR9156,0.2914685447714192
RHH0385,0.7830843447458805
LOH9986,0.6939053370469905
OLB3222,0.5937233296552887
TGM6913,0.30360318655000396
TRM5291,0.20579007832756674
JSH2786,0.18649025938641522
FAG8343,0.6857587788464387
XXI9968,0.5341835872488586
XVX0630,0.3359738880121217
ZGL2012,0.4307389376975444
CMY3122,0.8151470258214984
RHA7400,0.6328278096669131
WOT8084,0.6893291512030324
RMI9464,0.4500123901144683
ZRL2727,0.5678487726702321
JSC4855,0.5481407852862558
PIU6931,0.49208458551167916
WAI8374,0.36335316924181355
XQU0774,0.6882944149446054
HLP2424,0.47793436921737487
HRM1429,0.5121475165556973
VVC1093,0.3726669058108072
LZJ5353,0.21349092745837445
RIQ9136,0.4281166548755304
TYC4355,0.47519104259858913
USX4346,0.26074317495651106
JCD4951,0.1829489953104363
AQE0764,0.3226131999752982
JBG8345,0.5982453679311273
LRK3576,0.21918611373945968
ZLR7960,0.4175705530263331
LQG5244,0.13242378084808315
MHK1073,0.5894969949017882
RCZ7157,0.4283376070723341
SSB7551,0.5441522133412653
PXO5302,0.1197688054682182
JPI9674,0.5537336259730646
BLY7604,0.23860240363263457
OWQ7804,0.7212401892974395
KTY3963,0.3270153842466097
PPM4319,0.25286261923749126
JLP1821,0.14651872076270217
MPR4339,0.6117555253884739
SPE3315,0.3526511897200955
GSQ2343,0.4230944277427252
RRD2557,0.4815628723093459
SEH3346,0.3943195569427694
OMZ7979,0.6936914705203358
TVX0902,0.37328423816847
QMD7998,0.39261972812429763
GIY7765,0.4770434771633962
WRA8283,0.5287323090526923
VRN2912,0.46125398865827155
WOW0457,0.19542899403673336
AAY9915,0.39272301575788054
MCV8852,0.3827758241084551
ZKK0483,0.43971139713257645
IUV2370,0.21247452137689607
BQT2347,0.29935778631301774
RAB0460,0.4276949981396944
VYY2503,0.13768969742173065
BQA4119,0.37550296477049644
OBX3043,0.5364110500331128
AWJ8508,0.17194882227055489
XTH2006,0.40262472105217034
LOS6758,0.2814340254879128
FNG5006,0.357030659003136
PQA3617,0.20100584365046867
TMK1023,0.3295958303008348
KUG7819,0.7638383411995822
GEM2691,0.5086379444173668
XYK0485,0.4936869694753148
KDG4735,0.521029531636781
WGV0890,0.379901683960739
YWM6922,0.4241561916724847
XMW6050,0.20728464534504354
FVR5417,0.5417471717533253
TWB8895,0.48041114094080933
PER0203,0.21501986360789005
DAD8582,0.3315061464333426
QVW5666,0.24644440920549196
XTU3993,0.22358113149228048
QJS0135,0.7363271291744637
SVI6098,0.21337799909857946
OXA0211,0.41046279804848107
MSD2642,0.19213784374555495
GAJ7911,0.7597548574910284
RNJ5292,0.41785990267040685
XUF3740,0.46795872047833476
MTP2791,0.4374516272515987
LDJ8976,0.5864687689502815
TUZ5834,0.5800381048948987
BWA2307,0.4828577874287262
YWO6436,0.27593182845532804
OKM6664,0.21544442231411054
TGG6922,0.2491558217963405
TGG8868,0.4684612755538287
KMH3623,0.202815722514472
SHU4421,0.48035282171117377
AWU4246,0.26854993395561
TKC7338,0.08654535593323279
DXZ1314,0.59301207472543
RAC3921,0.47553036758456063
TJN6899,0.3773006405559794
NUE6631,0.513187825597925
SPK2793,0.1727526930336957
EEV4381,0.42597306092958614
YLP6088,0.35522039922393844
DUL2848,0.4346326935890141
USU5289,0.5019129193954003
KNZ9821,0.5817400067808732
ALO7156,0.2635471812862168
QHH4547,0.5683778588876801
LIX0583,0.4060457547471758
DVI1262,0.6474396199202274
SPU6876,0.5499397525557809
FYF1334,0.47881776352377553
HGT5795,0.850708403754794
IMP8425,0.48222995326903856
JXZ9197,0.6323210321918763
VVQ4339,0.22982928999861593
DAO4421,0.2528232877459623
TOK7160,0.5339032903292709
YJS6181,0.6123620669703542
XFJ4423,0.2461062014437413
TZR7612,0.38179940779029725
OCB0159,0.18866351570135695
NKL4707,0.4073242441848738
IDS2174,0.1464611256086165
DRZ5494,0.5366708762742829
DDI6072,0.5238563996354171
ZZH9609,0.26397988317600274
ZVP2569,0.668507502036693
CUD1746,0.4432169583434546
YCV2081,0.24675138596161164
BQP9020,0.4243259870954181
YGK2060,0.36670258614273377
YKW5527,0.8114868403499609
ACX5115,0.4190011216888881
SCM0059,0.3718814663373289
LQI8710,0.26916129735867905
AGB9768,0.6454714795235444
ETJ7781,0.2653803913774227
BPL9331,0.3745489424004463
OMU8839,0.5100585661680898
DFP5387,0.22198498713982934
MHX5145,0.18367284070216786
GCH3336,0.1732276319558809
PON4432,0.5116829488305993
MLF6966,0.3381606395333491
HZY4130,0.7044303715476075
ARZ2060,0.44868325812700016
LKU6595,0.30328416350921594
PLL5967,0.14447686080410335
SLK2959,0.406191809155721
DHN1111,0.6669492532933171
MPP7301,0.38465890819729687
ZZB8437,0.49529658433986257
NQF3212,0.627848308008872
MNK0960,0.20387058621941076
PWU1684,0.39799995968559493
LWL2689,0.6949149622429124
QYI7393,0.1823906104430057
CMX2357,0.27123590139053194
SOH8850,0.576218151590986
ZGL1552,0.2449400685041613
GNU1789,0.7282088930639667
CBT8745,0.5930786214011807
GGC9923,0.5912538410593986
TCU0568,0.20944371907378262
DXR6816,0.5574016233972868
BYZ3907,0.35432792256716783
CNT5049,0.7449954810456886
BFM2923,0.40710194692832
QUO8903,0.3585809338808116
GLN2683,0.546826553420175
DXZ7938,0.47853228990603264
QXH6973,0.553319201093673
VDP1152,0.8415570612624009
CLT4807,0.42806523325420437
LVU3472,0.3668917087458966
IZE7631,0.33263717898921263
CNO7276,0.14124813099729613
CUU7270,0.6662081748526504
VKX4593,0.28806349955927973
UCG4902,0.6515723551419108
ZDS1307,0.5674022913359431
GKK5693,0.5512446723133695
YUJ8464,0.546613242836438
MMY8083,0.49281738438211875
EWU1072,0.42620839154853435
TXS7897,0.5774089612891454
RDH3093,0.6534291870705285
DOQ0911,0.346641487020838
DHD4872,0.6002854351961993
NOE2039,0.21301009196421794
GFZ2202,0.3341586766831284
TPY4290,0.346257352436985
YOH9978,0.3593546790645843
ETP6944,0.30124123428529676
WBK0769,0.19106806204389157
JKS7151,0.4373385144216438
BLR6983,0.16404731069065462
OCR6516,0.6815015534339155
XUK8738,0.4341354489720184
TXE9195,0.3388030101936028
WTE8394,0.2710665346566607
NDJ9703,0.3482746729116673
FUY4600,0.6066623840147124
JMN9165,0.7415057194716264
DLW2837,0.8336400489369681
BBU2488,0.5908740115694121
GQX3493,0.2521167208811107
LTK8258,0.40555201574154226
FAI4079,0.5917903357313294
VGW8609,0.2871507459703612
XEC8503,0.2822697245169339
YIB2036,0.47109911239125785
RBG7787,0.7873564903491712
QUG9785,0.34126963148016004
AYM1556,0.35837516935971986
DCI8918,0.3971966412260692
SFC3662,0.4411527701124726
YZE2133,0.33022813075790897
YYF5693,0.6295227523819407
YIR0910,0.6372320457954396
RTC0158,0.4352782928243426
CYF8027,0.27054642779812077
JVA6010,0.5060158116064292
VMR7339,0.49724281716628127
ZVQ7756,0.5176441786229489
EPB1902,0.6775781848755953
HMA1683,0.522052912906479
UDW9896,0.7963142644876579
INJ2839,0.543471260007305
XPW5468,0.3790240333306104
EWN3886,0.2844236048486534
RLG4571,0.35860133286782975
YRT9372,0.4582458343044294
YRH8201,0.701843878299332
BRU3883,0.41743844199289276
SKZ8473,0.25224148320548795
XRY4887,0.3382956590920711
ULE8976,0.6769780049821917
PNW3961,0.0840647027165104
ZLV4477,0.13420674277368286
EME2296,0.2529220630667632
OJE7672,0.3417951394583323
UFA2792,0.33128827459195526
HYK2764,0.4026179458778686
EMJ4193,0.762014004671012
TRY9793,0.18479998216309465
UND8104,0.46609789802612006
INW7518,0.521572973394779
YSQ4508,0.4083619601155253
KWU5608,0.7717450870527774
MKP8589,0.5364594733029522
LWG9686,0.3156459542615533
KUJ8182,0.43215577586729015
DPR0998,0.2708060486008013
SST6383,0.41820628157780415
KJK7433,0.5560968024906779
RYF9809,0.6114252878194117
WSG6782,0.4999098235028725
XHZ3894,0.8406860560578664
CRW6764,0.33973385086145425
IHK0142,0.15897136943351953
KPI1673,0.4237273509654764
VJJ0920,0.5078961797205287
QHN1317,0.5442761959471923
QVL0117,0.35468913976556793
CYG6976,0.39571520084322265
WQJ5266,0.7148773266355339
EFV8152,0.341112277119969
EYR8430,0.2221078263134717
CSS3873,0.4033062358117344
DAF1550,0.33074753706810955
ARG3013,0.12890108821530927
ZQR7323,0.4281557985598318
PSP9513,0.1571285072966125
QOI4229,0.5053274572090686
RKU4120,0.5282731622758666
AYL9666,0.3689979538444691
LIG8137,0.2518531586415027
TLN4120,0.4211199062850884
PII4855,0.39215262740085927
KKC4781,0.6104680105644159
UGJ9148,0.6552551805477357
NAH1937,0.7358603859898472
IBS6724,0.25745710025350926
YOM1813,0.6258158404821528
UQB5928,0.2392330523116727
EXM5263,0.3204605560733374
SKZ9545,0.3919765770617562
YXX8481,0.5142625020940441
EKE1509,0.5761593223518867
XFH9691,0.33439630396094383
YSC6667,0.5570062182674844
HJA8242,0.6180876851017224
MMG4678,0.7599153226006982
GHM3350,0.22142266944183264
CPH4470,0.2685887752298954
RVE8333,0.5678603613405497
BJQ8824,0.603476239644761
APV4434,0.5491030137791446
GQX9495,0.5701381825444988
LFE6178,0.521116153572905
SUR5735,0.5122761384602744
SOU2853,0.501690508238247
MYB4068,0.3110184143571326
HOI6711,0.37912590976516886
IVQ9537,0.4679911458248028
APQ9887,0.43736403898034865
OYI5611,0.4760901663279021
SQP0394,0.3166110750037344
OAD9860,0.663161274508468
XQI3680,0.5617265814005644
CQA0273,0.39252339877944903
JZE7318,0.37405534468273494
ASS2736,0.35845980306239833
BWM4784,0.7847439487185337
HOZ0409,0.48974030915236944
MQR7431,0.5840428469287418
XHM8073,0.41259135811269987
XJP0014,0.41674069654784873
TZC5853,0.6388352330412519
GOO7415,0.6176822905792433
JHN1039,0.6449235872312346
GJC1812,0.641592212041787
NGR7410,0.3733120438272263
JOP3400,0.3745916704879311
IAQ2910,0.5994640365114918
NKK9441,0.24943917800350504
JWQ2070,0.30863532003695354
FUA2972,0.319727623659533
OBK8154,0.44709504587182547
LTX0849,0.6205180954564052
RYG2522,0.5503011742709365
ALN2547,0.43774562573533693
VQR5900,0.5153763870653327
YXW0430,0.19950279938397802
QIF1562,0.5951945630069511
ENC2948,0.7054760469991649
TYA6116,0.2863296804020231
MYN2101,0.80976692534555
MPH1858,0.26334669737304883
PVD2935,0.2489195961096407
PQA1895,0.49188614127808744
ZXL4357,0.6100865059829633
FWN0813,0.2546518801753775
FJQ4108,0.3206662911751682
OOX8926,0.1444176054360679
XCI6898,0.3856338279871028
JLT2782,0.4034044127100044
GXY9486,0.6612854562521012
QSF6937,0.45331914905279364
DNL4265,0.3504650514885612
HXK2025,0.5152053426464013
UCF6307,0.8780746800694934
TZZ4995,0.5798645022331158
VPW8963,0.42854372603779456
SZC7086,0.215187531102023
RKI4428,0.7738347613286733
DSE7424,0.5719089529776921
BYK2560,0.4743928503189692
HCV6851,0.5525941372805369
MCN6330,0.27418400571067153
QHX3606,0.5375728255380282
LIG7352,0.5905426169335052
OCB7121,0.09233558328314119
RND2956,0.32674451325283943
VJM9312,0.5343245460927275
CNI4759,0.4288045597621346
XGX8361,0.6101707987831778
RSN8872,0.6552047100782676
WUJ9752,0.5469894567601081
ECJ7109,0.26836888804641246
VKN0521,0.5810533716357682
FMF2687,0.7191132830509707
QRN3278,0.4701296390889728
OIK7662,0.670908029502116
WFS5713,0.34431338047957183
RKK1023,0.35399208298370605
JAC6138,0.5150759266988967
YLK5805,0.4099269439036648
CJI4621,0.5128275521954307
QAD4256,0.7969761956438658
FMS5517,0.6043684659294375
QEI8904,0.2914617490281174
FKQ4280,0.4532140204220876
DNM6555,0.20941747235709443
FXD2467,0.28651310495345794
MAA1936,0.5481616522457247
LCQ0642,0.309811409181811
IYR9562,0.21006847852913413
ARI3219,0.28143794675857664
YQX8862,0.7551975022403697
QNC6999,0.48362903466154605
FLM8038,0.5748884192525309
EOW9067,0.595188417910404
DIY7061,0.7504591649857115
CMJ9389,0.39773648324990357
FKB4069,0.09398830399887888
CGT6928,0.556217072839101
TLQ3658,0.45737848709799284
MHQ0302,0.6118065482998103
AFK3676,0.32940908509441225
QRB7722,0.6564451808780806
SJC0158,0.5153126227011459
RCH3812,0.6439771982392463
GEN6842,0.3587587729880861
FNE4328,0.4699865270017005
WXG9684,0.5247296619833839
FCV8286,0.5290426709398465
RVQ0084,0.19618151974021922
PGF1168,0.5521591884542115
FTZ5809,0.45950626169417186
ZTK7324,0.47199788420929456
XRZ6099,0.5171970028090533
IPD6107,0.5191575635404978
PQY5066,0.3301138179883339
PRU0629,0.6775364362327401
AYP8708,0.7409182157240198
OBQ4700,0.20921803096974376
UJR8468,0.18115507475640724
PXT5309,0.2930405603423481
POT6788,0.676084758507351
JVW1000,0.5063354926567146
NSK0652,0.6776776851349317
ICA3637,0.17977578740231628
DCP1085,0.31445195654999025
DCZ6187,0.40602006365876003
DFZ5791,0.7904264873032707
DUI8399,0.4376126404229574
TGF8462,0.39368460893635837
STK2892,0.23064688560720692
KGC2143,0.556641641241906
MRJ5417,0.7118247180859665
KNE4875,0.26505819973625605
WWU8717,0.3358139209422699
XBA1009,0.37153736886684147
URC7565,0.42455069217321373
FGH8879,0.40478261883971955
TDY8258,0.36009929522584305
XYG9380,0.14181764367593636
VXC2814,0.39652276598310127
LIX0857,0.4118331063940131
WIV1316,0.427512134106611
WJB0796,0.41877189395504305
WDF6414,0.44410951982763053
RMW4668,0.5527407793235236
FUU6581,0.18846339723799985
XMJ4060,0.5054067844488067
SOY6474,0.5204376868670607
ZRZ7446,0.6952717234204473
WUN0078,0.2834339686217166
ZQD0286,0.46853812482968976
PUK7832,0.37554649380179606
CBW5745,0.8174327592064292
CZN9299,0.3383583642416535
WRT2255,0.5036540593692604
UQF2952,0.2899285281641819
RVM1295,0.36825962627220293
PRO7906,0.2629291052416457
QCH0078,0.7525687375289495
XYW3022,0.4209187551178361
UDJ1243,0.6221577867451892
LSM4498,0.4183283626109421
PHI3536,0.612147289959388
MPU6302,0.369797535164326
LYN7774,0.09831556248202677
QUS1468,0.7910893956698917
OTC5448,0.28734917874331545
XKE5180,0.3220366913379248
URN0347,0.13989737552895312
FZE4687,0.47267938315805935
BVQ7673,0.6705061338900169
EZM9452,0.17040872623500347
GPS3302,0.34736376499180516
GUN5844,0.2711027968643545
AYN8791,0.3996821850871335
LGX8830,0.34871823956044495
PIY9509,0.3604018473047834
RUW9586,0.6919515932870757
LQL5669,0.38699211739629163
PLO8760,0.45676908833872865
BGZ2838,0.3841638871310826
WHS1751,0.7114197631834095
LDC1774,0.8273234914285416
AXJ6702,0.34441850341644725
HCL1779,0.5527144884041594
EFH2183,0.18502223125778625
XOA3736,0.5506637802994476
UGK6327,0.43121468718933603
ESV8661,0.6751424544018217
MZE3278,0.3492184697078553
CTL6582,0.596158007524952
BZD1651,0.5622735343683919
SOM1304,0.19266505829405492
GTQ0095,0.526814292518012
YYP6016,0.37043332009528723
ZLW8020,0.45317039729632586
LGF0331,0.6270158286528992
WRY2911,0.5564452719170513
INE9421,0.09098613345135978
ZYZ8989,0.7665594731018524
TBI2765,0.3854368436284684
ITS7667,0.3170413022123154
ICK6739,0.3741875287683453
BXK4237,0.40913184081649595
VNI7499,0.3070919286234221
GCU1033,0.5415122864547511
HUG5452,0.8340685267201184
VWA6897,0.5427128350330196
FVT7281,0.5669806766006652
LMY8193,0.8264046119279147
NRR7838,0.537610165657873
JXS1528,0.43693221647975966
GTJ5916,0.4775891425317833
ZVO6581,0.4269399665727528
CRM6164,0.6196692029350116
TFC8917,0.2571477817497747
LTP2350,0.33851593000739005
CCJ8697,0.5060630093251198
VUR3194,0.35893164795042004
MEG1780,0.5323611883268513
ZAA9723,0.3711172320988677
RPX4079,0.2753972978333873
SOM0507,0.39320035044430396
LCS1549,0.371153391629361
CCV0759,0.35032735065692355
QAN7266,0.5200778897802087
PNL4797,0.3208649107240168
RJQ1884,0.1267779410337862
DQZ4278,0.38504199360856267
WFG7626,0.3677858876527785
POT0131,0.5690061553562271
JMS5345,0.4876918575202562
RGD9707,0.37614683621419037
TGT3516,0.5473719930270019
CBI0263,0.37816139346442956
FTN7519,0.2784733713958667
TWG7257,0.4434723182557331
LCN4343,0.40021792049589
ZVL6847,0.590554986013141
CZO8241,0.3911902649813486
CDO0664,0.37422462945144075
IEI2406,0.21394941543426085
JTE2790,0.13707341202143605
PLX0698,0.5559910501834224
GQF0238,0.30674397801402903
DWC7982,0.396357669637156
FTO3822,0.1968715577096288
WEG6221,0.34300537690228855
AZG2944,0.7768971901503923
XMV0741,0.2527676551107597
UGH1295,0.4578171664092561
HQR9335,0.3819458845374124
NKQ9327,0.800435632307904
XTY9372,0.46728732467997663
EYB1405,0.5141570788384289
AGO5581,0.22515538777874794
QCB4606,0.6235952232295742
XPY7960,0.4868726790178568
SEC6669,0.32795466086852726
QLW6555,0.5469989417194174
XLG1609,0.43621084234674284
HPI2607,0.5208888888401821
EVB4443,0.787567374571253
ODN7655,0.3718590400346673
RPG2644,0.5633357687748011
OYL2687,0.5815375660907648
GTM6270,0.4084735070362044
BHF6755,0.26077936813087216
GJK9666,0.4485406158495698
CYF6186,0.34720471544918863
FAX1132,0.28283509314423555
OND2893,0.595737551347387
MWW1847,0.37246957687285986
EDM4225,0.4763127361043701
PHR9695,0.5951779287408129
AEH6740,0.4580428452684281
ZMQ3615,0.5273607314149388
GOT7201,0.5685017835861338
ZLQ5494,0.7012830934244411
KHZ2516,0.39543422345775886
BVJ4973,0.49250859768025523
CWX4561,0.7084177523810278
GJI2743,0.4285296764950998
OMG2647,0.5735119655420232
FUR1115,0.22304372828917698
FCZ9083,0.43651278249793424
UFL4356,0.2299627325397287
ZBS4925,0.3727724173945273
HPB5006,0.09467006824794842
RSG0748,0.5019828807946276
CBF6533,0.2974384726734303
EKV4020,0.39965821868105017
EWQ4926,0.09333923132274666
MSK3451,0.3378481868307699
YQE8855,0.2062618323206569
OXR3527,0.772016378111186
DOZ1481,0.5912000552790151
OXP9987,0.2658545923931514
ANN7983,0.3844078932376964
HLD8743,0.6440644267376329
VTK6628,0.7092544104086664
SRO9037,0.2964586997257868
UBQ9686,0.6782860694179178
MVG6267,0.2640852035184941
EMO1696,0.6636207075946357
TGD1798,0.355843575118336
FHK2988,0.32623095180345746
XNR9052,0.8169547565172987
AXR4132,0.29984384147735016
WGH6565,0.45828953108001125
FML6794,0.46972586914188597
DVJ9838,0.6872277336798838
DIC6615,0.42472929340575055
RBU0373,0.49361123280217384
LVE5589,0.6389926117174088
ILK9645,0.2437676383443845
QNO7435,0.7174778220073668
LPL3544,0.13555102252404774
DZS1655,0.48494327702342105
BMZ5036,0.19785615027319015
ENQ2648,0.05401452642022657
QHS5121,0.23888932128221513
JRU0425,0.11858303242959516
AJC1854,0.5475259495193899
BCI8265,0.4458910432257929
LAP7008,0.44422373684798894
PRQ8360,0.6364411019009215
WRO2076,0.4884969740915761
NBP8599,0.556517948298383
HXZ6061,0.45958979956529533
RQB8738,0.5932262760498179
WQX3133,0.44977756984162
OFG6256,0.3467904869006481
CDG2022,0.5258465763996979
TFP6421,0.251885202475871
OWX9646,0.37924747832617134
LTT8237,0.470104706884268
BOF3129,0.224457154820287
VOW9109,0.5639660768242996
CWN0691,0.48616588090614005
HYS1355,0.37093867041437373
NZJ3062,0.6578248685830917
LRT8091,0.28572988275832045
QSG6295,0.6620705896719984
RWL6854,0.2278497083596663
MNM3630,0.6138929874220654
YUI6791,0.23188222517475443
FJX0190,0.3943090152970227
QQF5096,0.5941490952014788
AJS6206,0.7187304688616291
STF2875,0.801139278806479
OUS3364,0.19144338559840057
GUC8571,0.21923109471214433
FXH1573,0.35835538262230804
CTI4900,0.5297012164211868
BAF9737,0.5620553057529991
XPJ2696,0.43883437999825853
HXT1930,0.47959927075454994
WMQ8645,0.7122459578102047
XZF3932,0.38189017148587917
EHC2456,0.539698063908021
WLR3209,0.33547089459581697
TMW3776,0.4819335823701286
BYI9884,0.43223633863422606
TVL4976,0.5095308650900643
JMS3751,0.41518614584793545
EHD8569,0.5342531749610293
UXK4747,0.486308265885482
KWC7487,0.2765440517269614
LME1343,0.17947662505011053
SJS5024,0.4518234465658257
EBP0107,0.47262531629383325
MXW7089,0.5079921741115249
XLW7075,0.5195488611277151
VLE0044,0.1995505806997823
MVW2125,0.716762659729386
ROL3261,0.7380644954816307
NEF0732,0.6064984035014308
TNH4937,0.4130694641132297
NHD9630,0.5171705874178676
VBV1330,0.2722317268995144
NGK5798,0.2593006555250496
TIB3609,0.6663634082373561
CQX9257,0.7068929878233775
JJB2918,0.6000074657395785
QGE0385,0.18613172342288803
XPH3100,0.1602685622079639
MXQ1607,0.19726417216746128
WQB9441,0.45941978492050695
IFX4669,0.6298498438868548
LTE9151,0.47836049181738827
QXD6741,0.3741292114957034
BTJ7572,0.3229802387560933
ILG3077,0.5888665141310312
IQM1201,0.3415927413497637
BLE7111,0.20859976714815984
KAW7370,0.3089542207018859
OAI3127,0.5904283550912665
IOJ5332,0.4113850597023344
ZSF3534,0.16815036709379028
RQU4937,0.3832133729562944
MPZ5602,0.2628492414596828
ZOD9642,0.5523414619203929
TEO8067,0.5363949334426504
TKM5696,0.46174693619758767
AOD2802,0.21408960538940977
HUK7613,0.34957459932064144
JGD9511,0.35170782882294055
AYZ8798,0.5776806537229217
ZDM3945,0.35556390539937227
LTH5029,0.38049525192742417
MXT2148,0.5231398324258242
GVM6956,0.3572066557826725
WDW2862,0.41733405548724756
QJQ9522,0.3297821980006236
FRU3187,0.72034918494779
DPK0141,0.6881797399999819
LTR5585,0.40467587590028115
XJF5775,0.2967635615431395
TOQ6204,0.7406963221322146
QXS0144,0.5594596236963881
TBX5804,0.1874016364695406
PMY9951,0.2513333450852598
EIV4595,0.5553945373988335
YUU6633,0.41175350807672323
UGJ3843,0.4447141052567327
UWK0037,0.775571733550008
VNK7348,0.32630073104601276
CPA3848,0.8771189496954255
KPD9994,0.661367654260692
KCJ9439,0.16128526235746327
PEW6534,0.2307236251355975
RSC8075,0.5030217957024209
YCJ9085,0.2056701673124398
PRL0472,0.6979211167193983
FWK6361,0.42781634550270564
YLG8442,0.3405180974169689
GEH5854,0.4941275615675531
SAL7389,0.21099485711927637
YMS7341,0.4225808961252467
IKD2768,0.2943673797931221
TJF3331,0.5530555351828454
KWE2891,0.3012916745950774
ZKN1526,0.7123295030285401
FYN0193,0.42321756538041955
LDW7977,0.5325063550671548
UHQ3906,0.39852731141236636
AZQ5561,0.3547674890166696
PJH4687,0.528566588736386
XKX6806,0.598211764971505
HAM9575,0.35285565214428694
NAT7573,0.4610352484177952
EYL8899,0.17416045926013032
GTH7212,0.3701709327196196
QID8015,0.263828293962862
RNN0054,0.5023574832043504
CSG0726,0.7673642819325224
ATT3526,0.4322170773894111
EFF5669,0.451414108287149
YZY4981,0.6606322146132443
NKD2183,0.41580976891462434
ZRM7482,0.37042300654721944
SJK5331,0.36110148360519345
GUB3614,0.5403153492890136
NTC7862,0.8509408039621514
ICO2684,0.2124599919810582
MVW8128,0.1724275432429478
BDS8123,0.3730206617245742
YVT3141,0.14363243660439193
RGI2704,0.5490524130367707
HTP8585,0.5953916949308886
HZU3585,0.6859111953662939
XSF9432,0.5827027182433233
NGC0638,0.7270538890039413
DZE7578,0.3940175250707333
YDC3343,0.658395333340901
FDG5520,0.5341325930163329
VEP9395,0.3371861304023098
GGK4791,0.26217472218075394
WZS8541,0.28291989591661887
QHX3936,0.5323994627972378
QDG4818,0.5207591997513432
ZUQ7887,0.5716573098980828
AGY1309,0.41507988969350074
UVW4100,0.43388335958709845
BWN9219,0.7564599434516415
FHL4572,0.6921273387335806
HWT7241,0.38179496755963005
UOV5896,0.24306861620492237
RMW6133,0.21208918803981597
QXR6850,0.07927466753763816
YFQ4304,0.15451312514493654
BYG6143,0.3638241653395055
UCW0671,0.4932132434107475
QDL1220,0.2727198874509628
RPC9516,0.508806119082317
LIX2357,0.6732834857727634
ARW4463,0.6950922531323989
NER5135,0.37796152224404456
TIT4262,0.3661583536644124
KOP8740,0.35176340711205
ENR5341,0.29116883743429256
SVI1672,0.6268844133136873
NJA0713,0.19042743279247476
CZY8688,0.359182345199855
FMS2015,0.15652702514658526
QHK0296,0.3734546165311931
TIB0285,0.18995368627711945
KWF8147,0.37253521993970845
MKT7416,0.5361189286460071
BAS7787,0.5806066826762993
WBA8393,0.45107735655359155
BPN3486,0.4114288960847851
HMG0854,0.634344768803608
BZA4231,0.4640358800079507
OPQ4102,0.7091893908536485
LUR4054,0.27924902097705573
UKX7997,0.26259786139058316
BAT8245,0.49602698400100953
GUE9488,0.6335236790738608
DNG9558,0.7799223523666786
NEP1395,0.13766033510612283
YFU0433,0.3471297006672133
OWG0002,0.2115834230754105
XYQ1238,0.23231592824251235
MTZ3600,0.2712805673928889
LUB2819,0.658827884813725
XYG6240,0.6585849381902468
BYU2818,0.19735114589736297
YNE0190,0.4256738939415372
XPB8615,0.404743691166547
ANV7632,0.36932161776091177
UBK9497,0.22652205632547837
QRB7048,0.427360889065594
SUJ0543,0.6607535171007884
OUY4612,0.7930484692795573
CEY1822,0.14341019679470712
BAU8123,0.34133520823629426
IJY1244,0.3730664907137672
JAL3784,0.6671790158354491
NMJ4281,0.5421729170863879
MEE9328,0.2754645122306975
WJK2404,0.47660725020269273
AKW2898,0.4667375191499514
RDN5018,0.3507653275320822
YDN6409,0.7653856057351902
HYA0471,0.5776020745507968
KAZ7187,0.14167931633983313
TYM3126,0.41941502653281926
KOA5634,0.2604795073422798
EMR5325,0.5598928036544006
PFV6163,0.42037518519503797
UNY3920,0.29119778427235693
KUT6020,0.2539818508908988
LJG4273,0.41695761156106254
SDC1469,0.24661950725200563
CMU0635,0.4383633058514612
OSN6352,0.47595105478710403
TME9410,0.5724948570658516
WDI8148,0.13530227638531464
PPQ8383,0.5019038466982065
HXN4016,0.694126031297404
EPG2440,0.6766834196382141
DFC0443,0.4880804634559755
NQL4457,0.5935637802499876
