ID,Target
DFO6773,0.4693410299680758
ACG1537,0.5855947679393333
DQL8503,0.5520146951443343
SIM5667,0.28762285563753204
CGP5642,0.1744388974704121
RPR2789,0.22066693291602077
HGL6434,0.3429826128165945
PUI8765,0.5359226206270755
RQE9284,0.5352777041280989
IBC5636,0.6173094303390401
ROD6708,0.6721313913582795
PVG1848,0.48569461439244965
THG3807,0.35977310309356186
VAU3040,0.6385940314926849
DWL2697,0.29743752584897165
ZAN7304,0.7193501436689023
TVE9995,0.21284474999480577
PCF6080,0.5551401603057668
UPT5060,0.4906766046749857
HKP8843,0.5293664997110991
QJU1928,0.34793306020451503
ZON6991,0.3585412077122401
RAE1398,0.3302762571033304
SWH4514,0.4743954177649494
IIG1667,0.44199982667565957
VMS8326,0.4458198867635294
GRQ7156,0.44487877225157135
CAE5003,0.4655941706321341
FRS9838,0.303045267848006
DFN4452,0.7068372926573142
GZO1321,0.1414003506128709
RGA5708,0.6144190450950452
ZJV4081,0.4744791050766679
WXI1643,0.28846668690819677
SBD7132,0.38914546140727596
HZL3502,0.7589452320144435
WKR0537,0.2541587744248442
XLB2397,0.15732090612316885
ACA6327,0.4310689324181951
IOC0400,0.5513101869841316
UCF3461,0.2030052545827498
EAH5172,0.5549015972522793
ZMH9077,0.7166899289688632
ETP6377,0.5069834170009103
BRN1398,0.6127013837499199
PFW7493,0.6260484473964064
DTB4517,0.8308369866990386
ILK1949,0.43584573033884305
PBE7941,0.5312207057124583
HJR0365,0.7002402513374699
ZMC9606,0.7609946152157815
FLT3646,0.43671754388496764
PYI1436,0.5099812355025982
MJQ4939,0.3376527224242965
TSY2603,0.8183479403509932
YDG0242,0.7783267186113912
SIZ1523,0.4797483982658851
HSD3272,0.5739613891942281
QGG9170,0.3463885098361039
KUP3285,0.24618968217540824
SRM1677,0.5648042397318617
WUA7908,0.4109978193156141
SID8395,0.19952837026119138
VOK2057,0.6791288649775848
XZK8217,0.6544710631067393
NNT9148,0.29152548842183257
TMJ9163,0.48444541418045844
CNL5625,0.2894645305978938
LDU1725,0.3581656805172719
MCZ6471,0.4827455405606061
CLT8952,0.4699859684040043
ELK6989,0.6141200367826167
BBW4784,0.21799058544634634
QAY3817,0.7455786943768679
AYC4715,0.42138568661197445
BEM7158,0.7498199126319758
BWZ1441,0.4242718860372368
UBF2009,0.38112742821172496
LRC6071,0.7516590623447891
ODN6164,0.6926647205350436
AMQ8363,0.7731341725245395
XZQ0660,0.5200540292616066
BZN0084,0.52767939436654
PMP2691,0.3930561316444037
ETA5284,0.611098806618779
OJY4163,0.46345526155813926
IFE1361,0.6028793861107167
GIZ8603,0.7014386403672536
OZI7954,0.3709808496759139
XLJ9298,0.6219851458314923
EPS9448,0.688128247268183
DKV5123,0.5302209697073892
JMM7357,0.16376629141359988
BSP2705,0.6740195588979603
NNH3400,0.3953939993128969
WYY4670,0.40386943821318216
PNS7835,0.3778988020099638
ZJU6296,0.23578393458163155
FBV1095,0.6322413054505903
AQY6650,0.5416055502602516
WWO8325,0.2919849919683402
UAR0401,0.2941934928746541
FFJ6554,0.23965245987356745
HQA2546,0.5229479841203244
TIO2245,0.5320961125444068
UYC8813,0.3450443164494629
TFZ3535,0.7339136377055752
WET5158,0.3861375163650865
TYB4328,0.5955503464555989
DJW5769,0.5618878380185669
TFJ7526,0.6454929224210434
IME8210,0.5696249156591766
XAC2820,0.28605806246203597
BCN1457,0.3388783058493806
ZXL1102,0.8085966366782426
NNR7100,0.4719348353368321
LZL5785,0.6084485434733585
HOJ4432,0.3739065649115315
QCK4637,0.3323355802531952
ZVA9791,0.4409045046047956
QRJ4411,0.5453402254860873
UCZ8863,0.43440891406290316
MKX7122,0.3330141948147644
GXA8899,0.49236736814439763
EAX7700,0.23333878619773638
QOH3789,0.6141020252069046
NGC4355,0.4734075566727045
VJQ4277,0.33153166145286117
QZM9978,0.29290242391853394
TAQ3968,0.4746707014133515
XBQ7957,0.6600514342590983
GUP9966,0.7259722866800542
IZD6170,0.13044805133029136
TME9261,0.24372520442769618
DJO2039,0.4006246274457827
RSA0679,0.280993403110054
SBW0791,0.8589180260365323
QSV7106,0.46376763806305116
JMP1245,0.554483220670946
GUD9321,0.5377169158560281
LXM2954,0.6198016040480538
LGI4642,0.5769516051016232
BQS7913,0.4588634417795456
XJS3739,0.6015387045230919
BUF1276,0.5240766565457093
JTC1315,0.31036259925334536
WCG0333,0.16945568907246333
AKV2947,0.2068837307015131
BTW7748,0.5075956695376018
OGY1474,0.35909322033671226
SSC6417,0.08699825596864183
RIO4406,0.6589338845241446
RWS6732,0.3678843561842653
PAY3626,0.38468324062878667
IWQ0772,0.43015031923968916
CQC7476,0.37264787048858594
FRA2470,0.43269652891275384
LBI8368,0.33946283740492356
VBO9478,0.39095885489945603
XRQ6385,0.3516248408016063
ILW4257,0.2769978564050255
GDS1490,0.43312504133474455
PXX0426,0.6488454967185602
XJM2247,0.20609918751486578
DOL0347,0.6131655223097888
WFV1019,0.2521436060574231
UVT5968,0.25106166823094617
BLH0526,0.4097847835890515
JTN3703,0.7799115159641384
BCU6206,0.7620852726002687
UTW6518,0.44842284620195505
AQN4052,0.17722390893875278
TMU2581,0.33994471185816605
EDJ3712,0.5386462163373603
VTR3659,0.5771943536825843
FDI2651,0.2624237372224071
OHH3383,0.4869197809533298
XVH7995,0.29994696847790386
IVY6009,0.519509856884178
YDN1128,0.20156948613615563
NEF1312,0.6013770466127584
QEA4547,0.4737781284818744
YKQ7318,0.5968922035646019
ZKQ2426,0.6854536524386677
YJQ6360,0.4833354382409589
YDZ5100,0.28989927913229024
LTT2841,0.5927416104345221
TWU6658,0.16853169463398174
LCW9731,0.31018138178304905
MKT5578,0.35003454523949756
DVK9351,0.5082397160375451
ZMP8248,0.2349562756762279
KYY7821,0.2410224841729309
AVJ8974,0.515496196906074
DOK9100,0.2804900982122757
ECD7626,0.486895862547477
YNF2554,0.3755549583355632
CTU6321,0.7477427327002774
GMF7103,0.3174487537117508
BRF3061,0.2969001236110717
RJB8313,0.6969209877602224
KMC2649,0.3736198357327303
AAL3606,0.6323637224778783
KIF3467,0.602129982423934
YBI5203,0.568149924899701
WLI2207,0.48423270236848487
NXE2716,0.1409045329686381
QDS5954,0.3303538677256676
EKN9573,0.3773814160365894
FNC0226,0.41945321594705887
SJU0287,0.4100644393200209
EFB6786,0.7125702147621266
UVC2479,0.2261083010227254
GST7887,0.22401447158910445
IOM4923,0.19684450753392638
SZO9257,0.48682811420873906
FSX6639,0.3261216764278006
EIH7872,0.5870064246498686
DYV7545,0.46074959624270895
SQW3453,0.4040292496541296
ELA4440,0.5077301796971367
VOX5185,0.4371290044764038
ZKK2844,0.4619138043574869
OOC9500,0.5001293048798516
HIG7345,0.5847544499441802
UVQ0146,0.40870641600338187
PSS9989,0.42584671938961827
VQN9394,0.7365033829905083
UGY8965,0.6545664471157667
VDG8451,0.649408766726535
OLT9843,0.6091418711225391
LOG2264,0.33376668631770984
YFS9689,0.7068977716069827
GBE3000,0.3946990167764745
CBK7888,0.33333651935782493
MSJ3134,0.36156739004392113
MJH6242,0.25664951216095044
YZU8809,0.7470141617246819
CWG0188,0.6866566458438129
SYG1986,0.6910505257405343
NBC1180,0.32188253056612065
SLW9447,0.47934380401435983
WYY2045,0.6247551068920036
MFT2817,0.3684854002321119
ZGJ2969,0.7655719040789469
CUA0202,0.3309859465135926
GGT6416,0.6021191150589158
LZU5185,0.5248465947215456
XNX2676,0.4103611316614203
CFI1200,0.7589616147154141
PAP1874,0.3275254301341837
UPZ5905,0.5587806927298319
DQX4472,0.780033829331371
BZS9230,0.18712106610669293
KQE7116,0.475003319236023
VBA8686,0.788222492135704
PKJ0136,0.4222689676037104
TDE1710,0.21895964277408422
UDL9511,0.48246179679519874
OJA7544,0.6106587062642855
WID8415,0.6925817961628901
IXL1208,0.577064579933141
UWT3931,0.6467040474857351
QGG5977,0.2289490116056259
ANA7964,0.49431697851268774
HEF4116,0.700311970771654
JXQ5032,0.28114402857608534
XRU6956,0.5946594798126794
SME8030,0.40957983469009984
IRZ5669,0.701620205304281
FFX2740,0.6019175834156498
JXE7156,0.3144544136981837
EOJ6968,0.42187993156508513
UKH4457,0.3290242906636556
QSD0662,0.4624017312751354
CDH8767,0.43221900227829396
NCZ1766,0.5099693000810623
CBE7721,0.6062463542784505
JAF1807,0.688933429315463
VZE9639,0.26299258273501197
QVH2896,0.3360242132427248
SUF9796,0.3714640525713016
KQD2227,0.3125263700990979
OXN3636,0.4044540516776765
EKX7884,0.44317923740567855
UBB3172,0.314330784041442
AWZ8951,0.26812279149365686
COQ6853,0.5081088181523807
LHK8813,0.4628321278807891
MMJ3810,0.5425313190484633
DQZ9725,0.19865404046440818
CVH0937,0.46905445860418377
MMZ6751,0.5710753831648256
PVN8363,0.31723231451771294
XWI0820,0.7366547433471607
FSR2001,0.738715649041431
JYN3021,0.4804663662612643
KPY1302,0.6096032076156043
IDR0248,0.6345204074764061
LHN8416,0.4392515530734278
XRI5806,0.7039362612024859
TAE6093,0.48176775344867456
BUU8360,0.8438295324643912
FJP4956,0.6153538612199774
VIG6768,0.6340959570998023
WYD1366,0.5428724918385822
EHS7518,0.5793352976106908
QJA1196,0.5288775911069958
WCP9282,0.7160811406117595
ELK3640,0.6725107454320354
IRY8613,0.7746412288297102
IGR0423,0.41513570239852265
YAH1716,0.57274771796093
OBG5674,0.1595031077139955
OQQ8607,0.42821696622876854
LXD9398,0.3602175176469574
NGV1153,0.5126440371575922
IRE9130,0.23634434133191456
IWL0174,0.3374485851160091
NCY2045,0.22437909284158375
XFE8683,0.3294899747509005
FPB0008,0.5133014527473833
VIP0940,0.4901428618987978
JQR1894,0.7023531248453507
ROX1611,0.17928054374398825
ALM5771,0.2307432591261183
LEY6688,0.11246117052489564
VGG4396,0.32940368756335836
RHU7416,0.451460638754951
MWJ5507,0.7262019659789685
ULY9181,0.5516756870934674
IMG2600,0.6382809602220958
OUP9451,0.5800441990269439
MIR9240,0.5815844456907959
ZRL9800,0.7855531666400873
NWC1345,0.19831911910493327
VNH1391,0.3835617594733832
JXW4828,0.44678682165046035
VBZ7199,0.3791606097346458
WLF0421,0.3160400990809209
UKR0792,0.7345772592539823
QJF9545,0.26731544564411414
LEO5692,0.4747860262550694
DJG6508,0.7022133530995891
AOE3363,0.38003404817450787
OSU3876,0.4766477183190581
WMS2804,0.3496171618170579
KRN6708,0.6301776209545644
IFE5408,0.19410372171107573
ASP4223,0.5009845392237549
ACI7391,0.36825632302871425
DDA0281,0.2993060522365328
LIH6429,0.10483606370621511
HWP8777,0.7232619486302165
LFJ4299,0.31284248406262827
AIY6599,0.4930085946951629
QRB3811,0.5145379400848313
FUE9670,0.6000587235698717
JBM8920,0.3863948762909447
MYX0246,0.4826901181786403
CTC5913,0.7983188410884935
RZN3717,0.38216690257989144
NXF0575,0.5223119879782666
QJQ5816,0.2051949835459313
SMN2492,0.49685292526637026
YNS1825,0.13897791408651947
GDM4311,0.31945652737887514
MPQ9948,0.4782462839438266
BSI2741,0.4530177425889898
MHT9814,0.3962980430986081
KQW4336,0.6738840796902915
SGK9596,0.5585467088494724
WYI2584,0.2083744678592636
JPM3125,0.19793940406074437
TWO6625,0.5788911780886373
ZYR9195,0.26588445608703193
UBX3089,0.3294104828043647
HIY3832,0.20698300460342628
RSQ2014,0.5269363129478273
HBN5862,0.2925579662755737
PWI1151,0.5705883595035809
VHV9062,0.33148285263219524
TNG6275,0.6364406897365904
ZGT7648,0.8550080693292976
BTJ5094,0.7264894370609697
OWQ1317,0.6819890289386392
FZJ8283,0.7117729743138839
AAU0759,0.6736171637549079
NXH5986,0.7174708693235965
UAC7517,0.6524855069094003
HQD4364,0.6373790095872737
SRF2584,0.42397533402737186
YYA8087,0.37718050563193384
NBA4065,0.312203827788059
NZT0627,0.11690765450800074
OEB8359,0.31674571236622506
YPR6624,0.4214483548321109
KCH5008,0.39066318247059
STC3523,0.6499799008387737
MGY3123,0.5667892350826887
LRY1938,0.5243129532788129
SVA7219,0.12945750006977666
DNC9467,0.6835326072285612
LRC2676,0.454881120816421
APM1038,0.556688307459638
YJZ9859,0.4227503527413837
VYX7142,0.5147378278027879
MFK2019,0.3413625682116238
FPE6810,0.5286998965174858
XBT9674,0.48510485970484685
ZPG6061,0.4555344510357815
FCG9088,0.3997961797936207
URC2367,0.17521381573299646
EHT5699,0.5364397192380738
XAJ0279,0.5282268365089163
ORX2274,0.6904629889898305
HJO8517,0.5031473515833976
MIU6675,0.5181797089838898
GWB1362,0.6501424043204758
GJB8260,0.3241234797107767
UWX1200,0.6895257146358559
JXP2884,0.28318925091150143
PNU7995,0.2987271168220344
ICK8620,0.7778927891598862
YVG7100,0.4158911641131279
ZQA6204,0.5810522977416315
PNP3590,0.43657598506444073
CTN4936,0.7351682005743269
AFE9344,0.364110438805242
HJG7797,0.3995374953219181
IMN9206,0.5801330513179315
JAD4840,0.5883535177755855
KKE4285,0.5088903920382868
HDB0095,0.685683263840273
RCS8492,0.40444155879519045
GNF9509,0.3777631285910658
AAL3161,0.39844285762492976
TGQ7962,0.5064005749485785
CFF9202,0.3062288901084433
CMF9347,0.6719641158114295
CIB2416,0.4045789925218551
CBK7203,0.5212237079639447
MRF2491,0.35657297598054377
JMG7680,0.35415619055721276
RTC6762,0.6667504592812479
ZVD2009,0.6840923010565592
WFP9497,0.5905605465156172
PEX7134,0.3067356115055029
FHA1852,0.529452770605519
UAO4501,0.3362080495883591
IQJ8723,0.5452580710019005
BQL5404,0.46328765071077516
KLN7250,0.2892673156733055
BNW3280,0.6664018209828083
AAN8609,0.3848062790173713
MEL1982,0.36430723736316817
QVT9418,0.5431602427603553
FNV8858,0.4807049697542095
KIO8299,0.2581422157063551
RSJ4654,0.127901307996101
BCH3690,0.5322410319129762
SYC9531,0.40285962052626717
KIL6229,0.4771780967427936
NBO4677,0.3429580754240239
EKA8324,0.6739904073350922
ZSQ6837,0.5520918297737166
WXK5001,0.3738855465757072
RUC4832,0.4134289284635706
KJK0672,0.4495399533265176
IQM0593,0.2984588696226618
LPK7313,0.7749780967853934
ZTQ2325,0.3660356309283372
GDC5285,0.6993335298537525
QUR5370,0.2710146268728133
SHR0678,0.5933483888964237
YES8392,0.6622793147801753
TOB4763,0.3960969644645624
YOU7542,0.32646632135020504
GSH8987,0.7473071041883281
WWZ2281,0.608968345125336
ALA9742,0.6434065702963038
GCN5077,0.46622710240933474
ROO7648,0.36959175996165977
NVR0886,0.4215758956708522
RJF5346,0.5191651675441775
XLF9962,0.4105245954912809
ZGA9831,0.3967672449140823
WOC8918,0.7155403749299678
AHI6284,0.29374963660590636
NIU4213,0.7262623613490254
SQK5201,0.4503729018870204
AJO3590,0.3986025665652501
WZV6293,0.4918265525533276
NWA5890,0.41203013025324253
WVE5452,0.49367116924221927
YGS6044,0.4840283419647608
SUY4237,0.304325435182122
PWC4767,0.4973468508118585
BPZ0803,0.27128015266724254
KJX2470,0.5195109843245537
KIE5395,0.6684877464000855
SLX0697,0.15501739360164962
UUK9663,0.3767894877502571
IUG5399,0.24747101229768068
ORV6100,0.408074306782057
OFT6653,0.6105472353293481
XQY9087,0.15683891359040045
KTO5138,0.5630639676813258
JXM1524,0.42444354700702064
PWB2146,0.7438479696092399
FVU2525,0.2995795164047516
LYD1152,0.5557375671470853
QTA7916,0.6514895870870869
OIR6331,0.5499355258365769
EYU4023,0.543035431088741
QPP4425,0.6211189292511536
EBZ2462,0.7455330712684962
PEC0913,0.3483157349904706
RZW4685,0.30866956291066777
ARL1855,0.34570048117683133
GNM5799,0.2982549126838221
UWZ6120,0.7228915760144003
HHH9210,0.2567326425411534
AVB0694,0.2431836785266071
TMT4597,0.401121471312682
UBS1325,0.27981578583780586
AGL0230,0.43391298610670526
RAY1338,0.7303320425425431
UBO3797,0.2611824961164321
CQF7521,0.23158592102363953
KDP1198,0.5062050138304768
INL0868,0.577759650821675
GTK3189,0.3477935479419459
WTM4005,0.7245206545556991
FIP8993,0.7695085392425114
FCZ9834,0.4487567138868965
RML3792,0.5120323505671519
PMZ1560,0.5026400136256278
EGE4577,0.25578528298347686
AGD9018,0.25476535109534043
DAK7002,0.7880776545057697
RYM2412,0.5061151457364423
GQK3574,0.3825636227318718
KDJ3912,0.44461196854682433
LWS1614,0.23233511595292178
CWL5798,0.5710276906154874
GOY7408,0.474863944321949
MDY5140,0.4815683216753899
HHY3374,0.6601679659149445
BUJ9611,0.6532605651897496
QIF4923,0.6960541668863238
PAT5605,0.29582986352132357
ZVB1813,0.6193659432901969
SXC2843,0.5634057180131167
HBA6381,0.322583084140448
RII5546,0.18654560176551693
HXS4855,0.4869151949338746
XBZ6752,0.3396785085979126
LWF5773,0.6264447395659357
DUQ8476,0.3216470432956306
SEU1555,0.5630433206342537
RNP9751,0.4550471014540171
WIQ8770,0.4571935260194096
JSG5695,0.2974689887814294
FKO1241,0.3466307868037743
PCC3793,0.479356084502776
CWD4541,0.26743838228915096
ROG9695,0.723775785807699
MVR4037,0.6878029040147164
FMM6372,0.48044962185657536
BGB3523,0.8204686642782022
TTF6509,0.34353239817197134
ALW9297,0.4667539427590143
ZOS7568,0.7838597486673358
ABH8279,0.35089599738624144
UEK6628,0.31540740310684295
HNC0717,0.2924468391097853
JGT4554,0.504516652820809
IJS7638,0.5440863828670581
ZZN6544,0.6388142495322584
YZA9256,0.5685040294514452
GZU9440,0.24363127863100675
ZLK8905,0.7068328331876136
ZWC9267,0.6023132793293569
BVE8079,0.1997403336377106
OYH5249,0.25836918615355003
KYH8521,0.4401903476019914
MZE1888,0.319820057712279
CDN4250,0.6035994813747099
UWE7463,0.6129825923526119
GZN3833,0.4853889878291986
BAO8553,0.6696618356450705
ACB4517,0.5788151239932553
SPU3212,0.5817366004174628
BEH3042,0.3111425750591588
RQL3472,0.1837673325189847
MAW0136,0.5505302423890515
KLE0471,0.46609022279784457
ZAY0157,0.4753924534958082
SWT8253,0.6742461625043431
MPI6855,0.49966665402061244
FWG3117,0.39268082650297315
CVS0423,0.21242299447093654
GOU2454,0.2665370646645715
PYB3720,0.3127223174096337
JZW5332,0.6873029067083922
ETY4656,0.5753598375645099
ETA7123,0.3857258670177657
MOE5691,0.5344593604187255
LDA8763,0.7127663774029793
ZRX5373,0.4775485184659443
IJW7879,0.6836861312424808
UZW0758,0.48625369455800516
OAG6186,0.4089967062047983
UAM1818,0.6214265251159
FNN9065,0.6005976347588731
JLF1780,0.24008313141498966
YEY0893,0.39609827136876485
THB3713,0.34849396535173577
DVN6545,0.3687306555406749
TOM6543,0.4698673067284182
ZVO4515,0.29089277509471184
CYN2809,0.2258489965271147
XKB8356,0.2598468807442928
QPH0628,0.5307053341081934
BMM5092,0.2835579227751879
GYU8973,0.5077158973328003
XQI4092,0.5744296809997457
GSW2383,0.4353992972376552
RTU0647,0.5197333597969063
NRO6275,0.495865493076301
WHT4713,0.43559887176950274
PSS5199,0.4314330555531464
HES2744,0.2995896727424647
GEJ7100,0.320788930071468
JDD9640,0.16226410492952284
YTK9530,0.5536290490822866
FVE2799,0.31329251491104676
TSZ4979,0.4090734188969324
FEE4563,0.6509571093045394
VNQ7798,0.35796557315336436
QTG4449,0.3786505433873659
GCJ5619,0.2284609062508314
VCM2564,0.13831462019136215
XZG3618,0.5921048187076264
XBU8194,0.2796462921501792
JUF6933,0.20779035713447092
XVI8728,0.6431027569010875
RIN7079,0.5047966807680214
SNK1073,0.40574519427212774
WMR9670,0.5183100544006488
PZX8160,0.28128260138726097
TXS9808,0.1260324504014358
MEJ8315,0.4891414943603668
FRQ1522,0.40599145786356233
EGS6505,0.30205993521444763
UZR6300,0.44919335623423795
LVL0476,0.3969539303121846
TZL5867,0.3214806254007758
RCS5132,0.12831434946854808
LTI5885,0.6980678839954889
YPS4288,0.3889053417371367
EHB7328,0.4689052944737357
HON1536,0.6885356524166848
GHL5700,0.24920628262921535
ACW4420,0.41628119257566526
GBT3538,0.37879193124103133
YID4243,0.21337897622961954
AYS9891,0.4308734964249865
KVT5468,0.42664488378466053
XRW8396,0.7497132867345022
NPA1002,0.5792091125882678
LQR3842,0.598577317242848
WRB9722,0.3182067549727399
WEC1460,0.6048613867482882
XFU3132,0.36493997193710087
HTE2743,0.6615713545400013
ISN9613,0.4069991290350663
JEQ0297,0.22447397857209328
ZJY4720,0.1778974152484822
EOA8137,0.5114459043999969
LTW8046,0.6414700542136594
YQH3278,0.6209214810936544
CLX9204,0.7841191574921553
QRT0197,0.7129833619566307
OTW0820,0.13059604971006786
NNE6919,0.36272761830783523
LSO4428,0.3288325030811181
LZP5655,0.23812717640329428
LLT3946,0.5935517213179817
NPM5272,0.5896411213364722
MVF7543,0.3572207426294578
XJP2259,0.722467595719636
FSO3741,0.37562866529188293
OOO7653,0.4963564527192632
UON4433,0.42996306768525583
MUF3433,0.7312358558300986
RZD7599,0.5628627339862741
RDM3372,0.6312316835611094
LYQ4178,0.15888947359143527
FZE9079,0.5330637282825363
JMS7931,0.7613896496633362
BGQ3650,0.13136571468930053
ZFY7024,0.3285431425536778
JNV0033,0.26755417445312024
SNV8933,0.4055234765235048
XQQ5448,0.5254699693385099
JVI6426,0.22420752794125165
AJG2925,0.25460780769632335
XHP0971,0.29755085433899653
TRL3273,0.7480165116711983
INO5257,0.4757492409847454
KTX9283,0.30485226342751215
WAN2047,0.38962427662191473
EZW4173,0.5917709878712466
GVA8261,0.2511117094724178
TRN7688,0.38905624476837203
XXQ2067,0.4981791503912451
TLE5689,0.5706466914479912
XSO7171,0.2691337719154167
SWG9948,0.4501101795288055
EFH1289,0.5987586077120118
IHI0179,0.7524233627111379
CKT9987,0.342977636904283
NEY7960,0.5553122143300825
IAN9597,0.5015182230529088
HUI4628,0.24120213145200226
RPK2559,0.2356996828714748
ISQ5968,0.6037833456021386
GPO8313,0.41408271355517473
BTM1480,0.5555417859464249
CPA4097,0.5413025746143548
YBU6951,0.4316032734269966
NZP5864,0.6195822683729969
GUG5402,0.39248296780199043
ANG8993,0.2176255804076892
HAZ8153,0.4596703716902868
RIY8056,0.30020630001581194
VXL6740,0.37174541145944334
KKD2286,0.27298442020293157
OZJ2377,0.40088614029155645
TPY2223,0.41213835025301493
UGB7070,0.5488765259222483
XMQ6320,0.6126335225950328
WXJ6113,0.2563142113284786
DNT5997,0.44807966888161255
GTN8407,0.20725657137703085
OPX4184,0.3359352889412882
OOO9002,0.6334132465645714
SJM2211,0.5017193277809897
NHI6465,0.5308278239655587
DST5945,0.2389608312248957
IQD1148,0.3664054197036863
SHE0851,0.39345626423742563
BEW4511,0.23952947305956065
JPI0719,0.6710467359825819
ZRE3751,0.809340195489905
PAP1748,0.4755127409174044
SWM4204,0.3408674087020432
MDB2345,0.41997317302654963
IXT9815,0.39055489498661927
XZX1851,0.7212067949305546
ODL4468,0.576930073315986
VMV0614,0.4575971608162009
FFQ0287,0.3943681873439144
JJA5635,0.3200481541709645
QDZ8109,0.44722809028268845
UDK4641,0.6984026243119751
AUA7593,0.5564782213116657
JRT5690,0.5583956099541797
SAY0372,0.1734598086225239
DAP2327,0.49423158779533716
POB2969,0.41393163418529
WMM5493,0.8308532800474617
ATA8626,0.3200111776048236
RYK7124,0.25832766235653437
WHQ9704,0.5782707032202915
SMI5794,0.6452200376272849
TVK7202,0.5735516690086514
EHX2873,0.5977589109265955
AVI7437,0.18557332457962927
UUX6205,0.803312059889595
LYV7047,0.4751984761166457
XNK8631,0.5976424938324845
RCU0089,0.21597908644628847
PYY2224,0.24618894194381133
CMY6767,0.5056817227820332
LKU2429,0.2308858948760879
GGL3050,0.2941977226977516
UEB5168,0.6106276035432233
LEQ1966,0.30607528435204934
NPA0528,0.2886396510920676
FKR5763,0.4512468841496769
RVG9026,0.3961317438454896
NDD9993,0.4434062736135859
QNU5649,0.37006172061394643
UMN0855,0.5221789883819968
ZSC7988,0.6037675039659599
YJJ5065,0.33787157934529305
OQJ8732,0.5632715083258952
IGA4476,0.3817596966228013
BTU5140,0.3101067203481486
RDA0342,0.22970440176469978
EUE3994,0.35660818881047923
SCV4186,0.35162004985395273
CQL4046,0.8004493785045168
GUY2358,0.4525256825994104
URW9904,0.48004124532510645
WRG7171,0.40199657267042965
ACD2246,0.7622631541960321
INO4142,0.22307566191892036
PTY9539,0.17781246931902023
QAS7910,0.560933467265918
RZJ5292,0.661679112094816
ZYW0866,0.23303165579611024
EMR1813,0.6693648351131691
GRQ2002,0.476657832073172
SQN7208,0.260612154215486
HUT1144,0.44895601792798834
LHE5009,0.3318148773874619
EZB0785,0.5929462500442327
PQM0525,0.7159784697068643
STT0519,0.17523980281586377
ZWO2588,0.5708154784233805
RDH0021,0.34455274869518077
THM1978,0.6525666931795229
AIR4332,0.5259966811780429
PGH1161,0.5019232710231241
SXM4608,0.6529625057251286
WJW5812,0.8087138960465219
RHX5336,0.4380136772973765
HYM1546,0.6563975139483351
KEC8696,0.43407487805625916
OQG2549,0.16971397559588425
XUU0192,0.3244751574595669
AQQ9230,0.500560952206991
YPM4680,0.41049443212905173
MWF7718,0.6085184159010569
MXD5779,0.18666853496055938
UTB8959,0.33199722014534955
TOO8154,0.5100889056747376
LJL8197,0.38909382624249655
CHA3496,0.44917339364199776
BBU5421,0.17963152640991475
GSC0915,0.3741947907726342
QDK9607,0.32051801825526804
QIW0738,0.4191272863996554
OZO7612,0.5347293631238131
YSY9501,0.37170472471959076
UEI3008,0.5160460843844775
ULS8507,0.4613396225922901
AHS0758,0.4273986089365516
ENH4743,0.48279457814025234
CQZ5056,0.1373225959409152
JJM8301,0.49672069020054493
KQP7442,0.6885303670745818
QUQ4381,0.715652481293909
LBT0298,0.5494702428178277
QUB5329,0.2655922095096243
WCG2324,0.6368063603161787
YXH8003,0.4019110571807648
GEF3744,0.5044640487880795
JGC7613,0.3944316031919367
YDL6245,0.5815705931223967
MND3837,0.37452216377821207
QSU9207,0.23817928249620898
FID2110,0.5331989942774976
ZFK9137,0.45784954911360737
BZK3777,0.4206669187952789
VEZ6817,0.48881518651316486
JTU0326,0.22445958703658067
BXL4785,0.49683411193099736
UCK4966,0.544820523261689
WRA0082,0.32952660882506424
GOF4110,0.2846785855399724
XLS6633,0.5123103894286055
DGS1210,0.3483420648812809
QWA1794,0.21461154165807986
XFC5853,0.6949410868488625
HGK5319,0.2547054002852963
KQS8229,0.7034594826145877
BLV2818,0.39984604194275025
LZE5011,0.6532021243979029
PYN1910,0.48337985184055127
GUH7132,0.22596224536881004
PBW7602,0.5956757058800094
CNW2475,0.6877270921479239
VXK9874,0.6878396364554675
UFZ8218,0.6637144874918349
ADV6084,0.22511985620160985
PFD3487,0.3094893986938054
CRM0707,0.5254324842745159
YLQ2622,0.4523745862991398
FJZ7605,0.4678444570430097
ABU4286,0.20339950437595428
ELP7252,0.3353401646833093
RFT7225,0.6897467730314314
PPK4577,0.414924237062828
BWE6905,0.567482154774668
VBQ4322,0.3581304986241548
HXS7343,0.2813836844468248
YSK9022,0.657567340300241
LZJ3939,0.24890791672735071
WCD6269,0.5667310713327306
CLY6856,0.44732472252369065
PDU3383,0.4170852476329052
VOF4824,0.6078965596664904
QRA5442,0.2594911514039106
YAB0608,0.38385679739847633
PRL3116,0.6475421438239937
RRQ3897,0.6838911856446692
GXP3168,0.7227921460513151
GGS2005,0.37801484362607546
TOO3590,0.584205222082481
TPB1864,0.7473598347110398
NVN5302,0.266788462994386
EHI6232,0.324844763792692
VLP9905,0.4418198369053297
AGA1325,0.740580673491682
ICE4902,0.1865618540445565
WWX6392,0.45041452421973294
RQB4428,0.44800433313652427
QYN8884,0.49009556594829123
EUS1159,0.37021949731570697
NKR5443,0.39094894139608166
HPC3138,0.41487726651041756
TKQ9049,0.649026087883483
FBP3340,0.8104081110832188
NOO3967,0.5873724197520478
GSQ4526,0.2577324247759631
ANW1028,0.34739430350658074
LHA8316,0.7339406531875013
WBW1659,0.4322423683174785
XZO3969,0.4250516114748087
TEU4321,0.48658078720423675
XPQ6910,0.44929930621200925
VTQ6246,0.3522662382544173
FSA7655,0.6312924863533882
CSY0853,0.31970735490305074
VCY4269,0.5621402228588649
UHD9364,0.6211737806042266
HIN9530,0.26191487131872065
GOG2550,0.5689054142165835
ZMG6475,0.5479351309538978
QYI6167,0.41170035139216365
LVO7124,0.38839554301299123
JWP6949,0.5222410101347575
DZU1118,0.4300735669479846
AIW0610,0.46961272762626477
QXQ4841,0.618397620912856
SEZ8373,0.5774409574233796
EQR3786,0.43123722526477976
RPG9584,0.3779436552283285
VIX8570,0.5705126336231812
YQR6271,0.6118837106701253
FYN8286,0.34800902700586245
JVF7588,0.5317531796119221
KPC3382,0.6704913625396888
FHE5153,0.40687126236136495
WTY4874,0.2917306855590623
QAB7266,0.6478236949415843
NFH9054,0.7108917824650481
YKB6244,0.6129862052737752
GZZ3339,0.567668083328464
BBY9981,0.5930952457983287
LSY9026,0.4415082892951339
DUJ3056,0.443239042881223
FUC1582,0.7540217253964762
XOY2362,0.6786234762903846
LOG9950,0.307177722099389
ZXN5891,0.5868329979899372
CXV8222,0.6666832931163142
WOH4538,0.24688479879820605
VWD8860,0.3054966920367266
EOP7001,0.4459408781100649
GSX1302,0.5996373081171957
OCT0968,0.5025713268041855
WHL5554,0.5430775953689784
YJE3037,0.3584104369568816
FNN4968,0.5521204649342376
WWY7679,0.4142098170594963
QZD1717,0.816809982616954
VOB6197,0.2607266012399283
TBA9548,0.11161432507185208
RLU9697,0.587232600253884
BAS8697,0.5115619332620414
LJR4460,0.7038918894187169
HGO6222,0.5580491683235493
HXW2166,0.6535236362282945
OVP3632,0.12045413715027338
MCQ2270,0.31948844640193325
ICD6182,0.5353154430611836
BFQ5435,0.22350923958206095
DPF3505,0.391541117572037
SZS2580,0.5566603925462199
LBK8500,0.27776600779265304
TXZ7775,0.5427924857445531
BKG3252,0.28487270705011997
ZFB8258,0.4952990198751148
PHV2247,0.40023298335517415
RRK8430,0.3024789840366951
AMH6780,0.43913899258388567
OSH5574,0.49119705926076196
DFI9099,0.5917785794603438
FKU3482,0.4269572768053236
VNO3261,0.5400690486225449
BED5373,0.47707811548316226
MJE9253,0.4348513559579541
HKX3204,0.5052413323091256
VQJ2963,0.5021749731269195
ZBQ9287,0.5272754055513987
MZX8398,0.551377187599852
QEG6705,0.33601030337121013
PQK6783,0.3814423550968965
MBE7976,0.4641599777245087
ALL3849,0.3858625865439274
KXB4677,0.38998648504945094
XOP0754,0.4867349698107698
MLL3293,0.4093824502607699
JSX3868,0.537411876912367
DIZ5799,0.5802411440745461
NIK8885,0.6028042736912206
GJJ5386,0.5677627368871244
ZAT1651,0.5396783542945847
GMP0039,0.2506941072586705
ITI1428,0.5218102262114783
TRY8812,0.7292527225701921
UEG2101,0.7544326225908485
ODG6850,0.5369897307571486
VLE3171,0.23316786114092347
RRD3841,0.42592022052427236
YXY8101,0.5729653165487895
OZK6228,0.27319964815424047
SBD5545,0.508732066301541
IDC8637,0.6678431686162444
VZW5146,0.26435534457621357
PTQ8057,0.5142068797861581
OEF4340,0.589058278553053
KVD8305,0.540996969891227
MGZ9268,0.2579660803143176
AQJ8176,0.21021793403445485
UXS0840,0.5470837766992058
TCI5572,0.47976663024555166
SHM7627,0.38267575709793683
QMA0181,0.8318899926427878
TSV5611,0.7676049437750676
PGW5092,0.32586853486662365
BSD1651,0.6161265620262846
IQJ6229,0.7112112482678741
PPE8142,0.7333274016664131
HVE1566,0.28270431029761733
JPB6828,0.3680631533634258
LMS8961,0.3129750633449953
EGQ8831,0.3093918183846816
YLP6900,0.5545367459968699
TBE2482,0.3342192719180444
YPJ1369,0.7493959531729498
NAX1253,0.37191531446049736
PIP7566,0.37516545999025264
DKU9301,0.7057555392881109
KVA9530,0.48278880188357604
CQV1702,0.7669558092151166
OBG7598,0.42538340551363435
VNB1149,0.24553306761751156
HMI2014,0.5813491026000439
YMG8950,0.4458445062871875
JNQ2962,0.34503104525552636
ANK6820,0.4384485770180039
ZFE0439,0.3222647333513779
CZQ9593,0.36375507518040384
PCJ1585,0.28647283270134277
PBU9519,0.6072845438187003
ENJ8537,0.559475017834504
RPM5143,0.4509095575551915
SUD6466,0.3589315641143154
HFF5761,0.6850634557155353
SCF5953,0.2439322357164199
HAQ3115,0.2066860063602482
BUK5097,0.7073062767828867
YVA5755,0.4703281726198301
QHD6039,0.5898829249514188
ONT2622,0.41674788154014747
OGF3946,0.3501369064763423
NGV7466,0.4242516264025886
SKM5604,0.6657620919271743
KTE1007,0.3211070396784667
QHE6351,0.4281842139979104
OQM4860,0.675366390424198
LOQ2210,0.4464489173778989
EXL3021,0.6036173569331162
ASY9425,0.6169378758404797
EFI4290,0.5545522499729436
EJH6568,0.40333824110738936
ESK8758,0.1816405574765482
WPW4521,0.22729671479271868
IEP4997,0.49662531835847684
FCY8976,0.4069721759882727
SNM5031,0.4320831064983203
ZOD3613,0.38866360697855556
NJW9796,0.25214715961223155
BFM6246,0.2525708662278481
MLI2180,0.6076866646464897
FHR9764,0.5299983215505505
BOC1640,0.6321525290052639
EDV0533,0.3310793345504092
DVT4971,0.4385116825143438
FQS6688,0.6421806145001847
TIY6714,0.3935767366259092
BBG5427,0.6651434146515224
VVY0236,0.2601284160458142
AGY7111,0.2472551783792898
YIH4148,0.47778300264034756
BPA2613,0.2517953033007576
XGN0040,0.5010232548011205
XIY9154,0.5646996549302427
UBT3433,0.6558880627767666
YNC1880,0.7888207264852172
RQV5395,0.3073475104323217
QYR1720,0.6109320317208642
AGJ5776,0.3691157345716967
YIA9506,0.5776815101303001
IWU6149,0.43688766454752914
KAX4382,0.7054324427768167
ZEN3760,0.6131733845402142
UGP0922,0.38245022901611686
MJX0269,0.5721835717687923
WUQ1092,0.18677760404462912
KLK2362,0.5178368851413535
NHW2173,0.47340971385846153
ECQ4722,0.2623319729727139
DXQ4983,0.5495079808631806
TGH4720,0.7471844252267569
RVV4718,0.5986485008350936
RMN3173,0.7043242527582714
NXZ8964,0.5348338541146571
UYF0960,0.6192605353816153
GFY0485,0.45292956417526753
ELW4685,0.6377723602425105
MTK9048,0.5133750830414242
UVG9381,0.4777334436579935
YHY5021,0.41670553658947335
MML5987,0.6553336035916247
EAJ7823,0.4974449251063041
TIZ1361,0.599303898000405
YLC2019,0.6629888855168576
JFH0021,0.14670032451796144
LXV4773,0.8429585411255278
XDV4102,0.23940074511907483
GOA5098,0.818424328092293
MYV6648,0.30566579217374534
CTJ2639,0.5005166291626701
KQB2667,0.34210379421453596
RCQ9055,0.564943082587902
AMR3084,0.5876664848888963
AWS6964,0.24878715288443087
PXX3164,0.5690555021822065
OTJ7222,0.47274717642228803
HLT8409,0.4234829311120845
XBZ1903,0.2200995557132556
DVD1043,0.10029791281382676
YMN8454,0.37482455771935347
NZH9363,0.691912085937694
VEV2993,0.38509903841759796
GTV0004,0.6359183238707695
FRY6602,0.5701448370533958
SPC8953,0.21829508915899642
PJO2885,0.6899040328454983
KQQ4757,0.5946543952892338
OUG4136,0.31544432341228895
WVY1999,0.5625490958259728
NNY7188,0.4920900051630136
BIR3043,0.6274568401211235
CVQ0610,0.6925926486828976
NLO7554,0.5500369615662507
FHH6565,0.5856764991605564
QSY4897,0.6359344680041205
RBJ5665,0.47959302441307794
OCA7850,0.5000966738306557
SAT0260,0.4092786087506202
PNM7458,0.37442997470345624
ZQL6865,0.4466787899609469
BYX0793,0.43823677812107625
UOJ8877,0.3720854399759918
LGY1944,0.4956073002682707
WTO1199,0.5739445251796819
WZJ6108,0.427627762637847
YAJ5633,0.34652805145404886
LLO9138,0.4935728929207656
LGR1397,0.375519196950999
ADT7244,0.4047991526624509
HZI6879,0.2979414327178953
JMD4429,0.5858344870136707
YNU8823,0.5208700888259308
PEU5781,0.750354447957678
VXW5951,0.3960859696862008
DOI4745,0.5407920697271136
XRP0508,0.26348808509402366
BUP7237,0.32827524910761835
XZF0997,0.38337299403169317
ORE1289,0.6241848788292536
SUJ0824,0.4679111912990018
QZQ8912,0.41064738143135815
IVK8543,0.5453515358626371
KLT0884,0.7433498560691769
ZBB6007,0.35703279519872244
STV1844,0.6118166223474503
AIM8162,0.24907575169812052
BHN2674,0.411969183609082
BHF2762,0.7128281548670374
FBA9492,0.4015157240235363
PNV0987,0.6241183204608384
XRS8392,0.6438495121779744
FJR4109,0.3335029107472169
REP5450,0.47070374769653806
VDS3487,0.3214715101985344
MFT3114,0.8298046740187278
TRE7039,0.4900652082970448
RRP7437,0.6818109710124121
UBN9469,0.4131964903231454
ERD6851,0.3133735230646391
QOF2168,0.4448726248666458
PRF9554,0.4924273960173535
LVX2306,0.4623099698749509
MKR1698,0.22338394549616925
CTP1782,0.3335367693351897
YUX4991,0.5716190030084648
WKU8308,0.22846119521330974
KLM9826,0.3384584913623882
IMJ8928,0.18407724975129172
FFX0134,0.4949087616939203
FPJ9006,0.698365016449386
UUH5167,0.6355931834758116
VGA6455,0.2104365149767725
CDT3301,0.7567317971115441
KEP8508,0.20903022791038922
PNX5528,0.46576385590767816
DMC3452,0.5474746463924632
YPX7333,0.43655471839528076
CSI8065,0.6863965955505871
JGW6825,0.35322512178680726
JBC6586,0.5593622376922094
PYB9757,0.6477390607108219
VBB5768,0.4929467097938779
XNQ8052,0.29940040679594676
KCJ8578,0.5483067795009411
RAT6428,0.6239780581540787
ECA9346,0.1446781394209795
FIN5470,0.528564249860109
INH2355,0.2861050145203131
OFC0099,0.6936924058812488
LAF5061,0.656459157709384
CZL8124,0.5378905242477031
DXI7734,0.34851732841870486
UZE5266,0.25422179639156733
NQT7169,0.47817922693483683
ZGI6456,0.5770882439483833
ALD4699,0.6303857914355179
MPP9322,0.5957034111781102
HHZ9924,0.506798253433547
IOY1053,0.40099837869467414
QFA8583,0.5863512267404332
NON7673,0.7582959504783146
GUG3740,0.6744496389865545
BWT9777,0.4576352398594213
YZZ8955,0.19355245864935153
QTQ0151,0.3404304484600366
MQD0086,0.28235261508485215
IEP8756,0.2938204139179006
HLV4294,0.4775820571551278
IWW1700,0.34294385635666097
LMB1742,0.558125091266454
IZN0947,0.8224839390444195
UGS7726,0.47273819231859643
TGD8975,0.42713574506993696
DNP1343,0.31636670214129015
RZJ7547,0.4419993487597874
DGD5941,0.37803146765433426
YAN5151,0.7174717096441361
MSV2708,0.44498476307157614
WFW6623,0.2760382369774188
QPH7678,0.6947037709788826
RHF7227,0.6029655816973853
QGG1694,0.25375884839649965
LCP5425,0.589503026634926
RNR1236,0.42907271394669766
CZR9446,0.3704144108159545
CWM6629,0.4311081825133488
OHR2811,0.7096997207767263
DOB2836,0.48476115154108756
WSR4692,0.33573291032124425
UJX1851,0.5430055427487385
CLF3763,0.5980332936891642
YKY6460,0.6409320860157242
YEE0005,0.5631981940422431
LRK1521,0.3917454484746106
FOB8975,0.6131787634878753
ZJC6844,0.524623482224505
SQO4595,0.5228282831315025
YJU4611,0.6002663517120329
PKJ5453,0.18028497417085176
NRJ9279,0.6288078943568453
ZLB3853,0.33579941353515347
YPE2843,0.5755740738153778
OMB2404,0.3492184032912548
QXQ5371,0.3489856856944665
DWP4776,0.7629995209389342
DYC3729,0.6269207874969445
SYA5630,0.7689347801137001
FSZ0753,0.35138932908702136
IKJ9927,0.6273525418694804
LLO0013,0.6372369913488724
LJC9413,0.6601024189565509
GZR7220,0.544682771176086
MLF4890,0.38746554066926264
HKX2217,0.6701570643195925
HLP8891,0.398093485611882
YSD8942,0.8002749339095974
VJC3345,0.4236197989897974
JQU6225,0.5947570420439935
YXV2150,0.8134053886671083
NVJ1683,0.4106849139644403
OFD9452,0.6564564172818059
NII5419,0.46962800625788437
JWC1566,0.37671382959577376
AXY5191,0.6776469769844964
DDA3048,0.466250534500531
AEU2727,0.6161517770701214
MXK4708,0.6725991088140749
WMU7184,0.5053810990229323
QLP8362,0.6198491028432057
WQS3967,0.33950370498800425
RTU5105,0.21708613137264485
VBA4441,0.401240635121499
CYN3583,0.39789317481599257
BDO4886,0.40738662590853264
YVV6051,0.2036419234938543
WGP1526,0.7127756190178657
UDV5640,0.3204187802577859
WVT1418,0.5753119356036657
BLC0999,0.6358325386861395
ENP7533,0.5853677175197116
AEY8698,0.5585157202626188
NHP0064,0.5577321090388689
AYD3935,0.6343070244159115
UEM2638,0.21559147337031326
GKK6297,0.22936697704658018
PTR1163,0.1726340662460644
GBT2034,0.5590546094800984
WJY4048,0.47251441735092825
TCH2635,0.2682678298908455
NLF0803,0.4793376118611848
RPI7686,0.4103644243092555
GNY5436,0.38913358953604704
EXQ5477,0.31639829872529784
IOS5691,0.47979428971612537
VUC7832,0.6768966328709681
SXL6599,0.24902979657575372
KIS6550,0.46399336888149795
IFX6470,0.3637431273796052
QDG2834,0.7702185310390565
TML4354,0.4545844707532692
VOU6894,0.21798286207123257
LMW5498,0.22044678725880698
IRR9834,0.527526215533122
XUU3875,0.29400045323488466
PPN1291,0.4190649677846193
GPS4832,0.34718293536279937
BBY4907,0.3096367011605212
XWH0239,0.5425746396441442
GCY7299,0.663488537128485
SFL0656,0.3963650011435744
ROG6364,0.5518113517007521
CJP1826,0.688820863846998
XNB4879,0.32858564538276125
GHW7497,0.38808310311683375
CIA7291,0.4066311075634829
JHN6870,0.6533250388832018
UHA4462,0.2712358287687031
WHC6939,0.32376148450345876
LDR6471,0.1910981224474157
PMR0233,0.5796132608152706
MQL6945,0.7774589228625304
DWV0912,0.46366576126200654
UPA3518,0.6835203651896696
BHB0424,0.2316771610376085
AST9794,0.30487422400043385
GSY3503,0.5323664538219204
ECI4878,0.6285243277776176
IOB3543,0.3566258535642499
SLM3548,0.3632613499007556
HBR8681,0.6743246486572033
AIG2884,0.319101032848855
YBL4627,0.43605103721326005
TCE5274,0.4144430720667661
YWD6282,0.46133754958245693
GYW7356,0.6158003612030808
UOF5714,0.3801399889695302
ACU1723,0.3530614647346316
JYB7426,0.6482947744153551
IAD5127,0.4483764245642241
LQY2307,0.4114464978041737
QNB0256,0.33701638621255947
CNN9280,0.3262192912925564
LJL4826,0.3454321103579307
RLE6077,0.38697249865480116
UBZ8854,0.8000584681731349
PBL9060,0.4228530180860805
HON4195,0.5928000876123171
LKE7887,0.3030282115098113
HOA3501,0.6332877025118898
YSN0341,0.6517128797656148
JKS9027,0.39962280565535413
DSJ0790,0.3066084269845151
RVK7955,0.24436393210703208
GGI6941,0.4608536093764681
BRF3111,0.54268369598867
WLO6029,0.8277136700010362
HFC6052,0.32052505206395643
CSS4641,0.23047819219668367
HBX0135,0.3358783568316771
CGZ0900,0.6719364309046602
FWF7177,0.7746269334602471
WLX5928,0.6748686015680417
EQD1778,0.14405878800328473
GSQ3416,0.4025846935922893
YUA8278,0.5840848127667919
DKX2794,0.19412136235739538
HZW1287,0.6096694498985761
XMC6471,0.5410814437694977
PXA5342,0.45616015073566274
RXW1741,0.07064723584754808
FZX1294,0.2226035848134225
IUC5486,0.6368149398606002
ZZJ2708,0.2801634714565452
DJD5560,0.36504791202265224
OYQ4478,0.6747071728466161
MOA3063,0.5473855033358012
BNA3251,0.44169141713347393
TBJ4149,0.49875567941305815
AOD5592,0.2978009856241727
SYU7567,0.17012933258694624
PXB3114,0.5498223636528489
BDQ3004,0.20656085437295593
WVU7296,0.5801567493034205
BRQ8431,0.5100635088518953
UHL1758,0.2450694456505258
OYP0446,0.6150538972602987
ILE7594,0.38088235302615897
QUR5960,0.5102810934349039
GWX1065,0.1764813347421774
GWE7702,0.19290354569101234
POZ1462,0.5243400651158925
GQG7927,0.8250434337437554
YNP6209,0.6780550901426787
HNR4579,0.4487382026141729
MRX4488,0.4203643967414963
UQM9355,0.7273099244951475
JZQ8372,0.5440951744733529
RPL7113,0.39681944107114714
IBK2170,0.4770490370333653
NFR8627,0.19683694704871174
PUV5957,0.7756194361291203
FAY4381,0.3909802085122551
ZYZ8976,0.5267063863354934
INI0968,0.5047161919162938
POW3290,0.18248655570063269
YUZ6503,0.4754714254025842
MVX2963,0.1562969091118553
JIY3246,0.39932626896404677
JMO6098,0.36526416481139157
CTA9349,0.6283711705370653
MQD7143,0.5194764168199228
LLY6471,0.669359387323688
CMD5926,0.3025544423140374
WZS7051,0.2834436704083244
CPZ3691,0.528895755215837
ZZQ6371,0.43863156267624254
JTF5577,0.3950510326949435
IYA4493,0.5828860869135927
HJA2325,0.21458956950270974
OXC2277,0.27509025083985605
XDP8467,0.5226089395507943
THA7110,0.518812731140234
UQI8975,0.1411423240916534
VMD6254,0.6059518243503146
JRV5262,0.6335254024173587
CSC1612,0.5314744157376446
TJG5921,0.6687270135845945
DLZ2704,0.6527250087713958
IOV1951,0.3798778501410229
AXC7047,0.27052621855098163
PMO7295,0.35194350147770465
UNB8295,0.24199971762244224
PIM9503,0.4318824153064692
FIX9786,0.6214394474463751
JJG8011,0.5410370875842888
EDD2054,0.326918221126853
YXD5569,0.8031875767467455
GXZ9714,0.3670201589744911
GAV4283,0.35606870523019607
BVO5697,0.6290842055228169
TBF8496,0.29060058185315263
WNJ2132,0.5674810072930018
DBE8617,0.628496381345728
SUB9272,0.46625448442255996
PLD0627,0.4322604581171584
URA1140,0.5304233830957211
BQO0470,0.5997485678584196
WPZ4520,0.5287783250135492
BPI1396,0.5340489824966909
NNT9739,0.5097183690347221
NLT1918,0.8033211852780977
OPB5945,0.46483709456246225
BQV1931,0.4180497499458029
TNN9944,0.4476856637385832
NIT8064,0.19705776148706808
KTZ6082,0.5120310563752857
TDC8192,0.3021038801722618
UCP3108,0.5042040183854686
VBU2662,0.7085959801672093
BNR2978,0.3588540337178597
TFI3921,0.5533164671014646
LQA2399,0.2861638628347444
WZZ0574,0.3559587067684353
LNP8330,0.5549115470762596
UFP6156,0.36209346806272963
VLG0744,0.6437836928728949
CRG3282,0.5102932742838591
KYV0097,0.1861258130918336
FWW9362,0.6216917850490343
DJS0404,0.29865224599939605
ZNM0264,0.5292004719127846
MFS9438,0.24253299664725397
LHG4907,0.5640531916182494
LLV9401,0.15709196847475063
BLO7629,0.5549845407119064
RLY0794,0.3577273421328826
VQI9198,0.19509029688598492
GTA5475,0.3222484913131934
SSQ8389,0.6330060948544779
ZSF4237,0.4520302725350516
WYW9187,0.49070777587139497
CZJ2345,0.5218674493712464
BZL7046,0.5165429155405423
CYS9250,0.297330784796041
LUR2157,0.49318138926970495
AOH2742,0.3639823001339187
QEL3121,0.3130595962363045
ZFT6399,0.5932551922643343
FDD4728,0.6810384678580931
KPM4245,0.6818805442761398
FQB2129,0.3204256455503877
WGS8262,0.5972332215645242
OWX4064,0.3527339498736516
OUD8979,0.6179726378299779
FJE9369,0.7152663333599562
AML3227,0.371026141828922
PRS9586,0.3179531141482075
OFJ0120,0.745312036755312
ZCN0986,0.24277992515499489
ZRK6279,0.32344429874785857
GQO4179,0.6138865384083907
BON1340,0.45896649989620114
LKG0694,0.20165187273426766
VXZ0803,0.46723333184127824
HHH6742,0.4625336402779233
VPM6117,0.8102298989291818
YTS3483,0.38009281005056383
BYK1773,0.3176660709429021
WIC2466,0.4995236378809766
UCC9614,0.4617491470662272
PJV4989,0.4598641574196231
HTJ6371,0.5192871691506972
HNT9637,0.3182718457978802
MAY3073,0.23734620063299158
PTJ7520,0.49278172925950325
HMO6264,0.41907251357925585
GJC8706,0.5128720397452504
AHC5700,0.4026099799076965
NXW4848,0.5249499636973625
BOB1940,0.16318496175189576
IQJ4126,0.2800802159601843
MVI9716,0.6736046826708922
GJP5178,0.3751040418115081
YZM8152,0.3387174103715731
GGT3124,0.45250281459458724
HVW0323,0.4610489961193576
LRA3844,0.1801453066678515
QJS4465,0.4415273433632143
PQX3659,0.2233167760768348
PJP9645,0.3051316197302103
HRL1242,0.5713011688220535
IYR9842,0.4359442079771785
YNH7590,0.16673811485606724
RCR4057,0.5049749387059931
FNQ5041,0.49791614904180187
ORO7997,0.28984014839492195
TBG5645,0.35226817205151106
EPD9107,0.2302633740650832
PXN8761,0.2907539555290944
ETZ4935,0.16366913203947997
OQH2910,0.32998695161639646
PCK2606,0.48678353442772704
XWX8755,0.7278465848883153
MLO6978,0.6296646363089229
WLZ1157,0.1476511734666706
UPS0344,0.22288378316580337
NBO8038,0.3908636827451594
DIB6753,0.3849534368649459
UZE1684,0.46164544667705065
QQG6149,0.40951781602649223
QAU8104,0.31486558223380734
QGA9213,0.32119438256795163
CWO6851,0.2749013417378174
JTM4958,0.37402178687336274
YQS9295,0.5668059172521889
ESJ3848,0.7040486017400249
IWU2032,0.3788598459593415
KPH7842,0.19340445498756098
LRN8162,0.7346328189002417
AXE1699,0.5803343288919146
XKB4966,0.5025641215036603
STK2218,0.3741558121980016
HYQ6433,0.7563854493998705
GTU7140,0.13902998773465258
UNR5657,0.2716524524221544
TTM2253,0.6436651721409887
YNV2699,0.4351319300152596
YIY6671,0.33239915174546514
FRE3263,0.3439759843759767
KMF7808,0.17085829362580465
ROL0904,0.32688029857732614
PZK7451,0.43293048306259696
KIH0254,0.4404387114703173
LWI9052,0.40168160921298995
BVC9479,0.270494416978898
URY0635,0.38073184992366665
XPZ4576,0.425519831326625
XKZ9102,0.6266117407245495
ZUW9102,0.6451381073344276
UBN0486,0.5244123685464139
BDO4948,0.5186171454638593
UMK7105,0.10697870848650352
BPN3689,0.5639407599085561
LCY3691,0.5579543812600557
DAB1719,0.665597519995384
VOD9149,0.2405233802705581
ADN0299,0.3972684164733242
VWW5498,0.48582299682091545
IDO0436,0.302287217619324
CSE1995,0.7098478752843401
ZZJ1691,0.40685038922976624
DOT7701,0.41372873148725536
MGZ8737,0.25068518579381815
HZX3153,0.3131016273205362
QNL1418,0.5248722538688433
OMF7498,0.2365894673090261
XHX7072,0.7081487364552514
GSB7562,0.3273992282658872
GAE6243,0.22026980354242362
LNJ0511,0.5375439428044666
XIW7209,0.2132933507689368
OFS9244,0.503588454056808
ZTU5066,0.5574336756727093
TUL1265,0.2830632564180075
SUB8522,0.22055080922748937
CIN9277,0.23282177253964
SXQ4671,0.39572231245524064
UFN3622,0.5584808618906879
VZV4722,0.8215500941108919
VLQ2390,0.22303005097186665
SLY4655,0.38274596378314263
VCP3342,0.12467432485128659
OGX1137,0.5427822864638028
ABY7970,0.1938253750879608
LTT4359,0.49740619901688765
RGP6696,0.5411468543734981
ETT3134,0.24455072724980345
VQK5360,0.3162477855906291
TAQ5167,0.6715624888461705
TWG2069,0.12424696559148425
OLL1043,0.5975617244700638
RMR6916,0.5731864080078243
CWW9082,0.26384312433552903
DIS1533,0.33113633282611854
UDW1446,0.3678100014876941
NEY9288,0.38053604902729665
GEQ3261,0.4881286093932501
DDE0864,0.6544191526988969
HRW8057,0.7477694731875515
EDZ5434,0.32005455379187947
XDU4447,0.609445059660626
HDQ1554,0.290350943529093
ICD4170,0.6793963044309762
ACN2803,0.5537714985303201
FLB0567,0.5509303869750596
AFW8735,0.4194643492998049
QHF2663,0.6626363123944824
SIS4056,0.6094714956599162
BFB7024,0.15917560398419786
FFD2187,0.5634297256230834
LTU4222,0.7606728183564295
HTJ6857,0.35382003155474945
KCJ8116,0.5412654560680819
EBF4220,0.740378315554301
VKE7153,0.6222058164288921
RDY5024,0.3483250848343061
BYR5509,0.20982127096002087
RJH2016,0.3620339545696624
IKG5514,0.6925504991124584
NVR5085,0.4775682827056572
INF3715,0.6199122394597707
IGM6607,0.4882585343884099
AMP6369,0.3922301767230885
YVK1582,0.31846756128249154
JZB2864,0.22664190702413903
LDO6927,0.5494828167148893
WCG6571,0.5652087203359475
MXU4187,0.5731912641249257
DCZ7738,0.3234916103588503
KWG2188,0.5412936360488548
FTK2655,0.19832710086692684
FBF9527,0.4235057951138904
OJR2867,0.18703934674396605
LZM7871,0.7361455324812707
REQ1736,0.4168844520224273
PSQ9989,0.5981461160441623
OJG0594,0.4595535669139631
PMQ4178,0.617057103884543
ZMJ4726,0.2724050718906718
CYF4956,0.6764174693071066
PVF6811,0.6367212742312058
UYG7466,0.6685039949397359
IRM5695,0.49006357521120425
YJL8439,0.31197245921168126
XEZ1743,0.45956605414076207
WAH5084,0.3477529820888114
PHY8772,0.29518327292197627
AXR6112,0.50941354539816
OUC5425,0.16567296958996094
NJK5446,0.3871379186329639
RKP0540,0.4819286270786617
JIJ1460,0.4413189788793704
PTK6472,0.42059006983166247
OXS3977,0.40630564852454193
AOM8900,0.29406780585516895
VNR0359,0.4229798781222918
IYU3895,0.5305844576927693
LIH7939,0.6721421124320259
MWB3044,0.16304833680352562
GWW0191,0.2524649632050741
YYZ2592,0.5492484349988612
AMV8743,0.34926400360164594
VGR4206,0.19856143727932865
QQB1582,0.7044340645459176
AIS6545,0.5536947987719506
ENG3349,0.42991809784256607
GLG3671,0.5447140707011423
ESG7838,0.4289686635788184
VJE5970,0.635066112369281
TJV4032,0.551704894450285
NPZ0320,0.563324414524785
GLH8560,0.6300601967174769
FCK6397,0.45139396055624154
ZND7829,0.6173930572404575
WGY6041,0.7247609150310128
FDI2501,0.5077952677129005
BMN3470,0.401474477561963
HBW4130,0.3899240260972176
PWK7987,0.4896281919289653
WHO1663,0.3488998753584461
NWK2342,0.8343047137974754
UJS7468,0.5061458493854081
BEX0285,0.6122533092296104
UWS5984,0.5666907669526388
WTF7343,0.6885789317169121
RRZ0390,0.5019405183572001
GDN8780,0.4174912271914651
MNU7249,0.4188087193718211
GDI9499,0.24248105315986468
IIU5693,0.6462749836326279
OIP2054,0.4136923233698915
LFJ8326,0.4251230706341814
CZN4189,0.6205689744827663
UXP6651,0.6229965462149194
RGY6659,0.4324205469139003
PDN4232,0.746937978583927
VND3934,0.1721343613949238
THN8314,0.5331212090571503
NLD9324,0.5633246429068969
UXS8258,0.45048708710450525
KBY6262,0.5358219877923712
CEB8766,0.7193510372344465
EVF6778,0.6314238977097656
QSN4123,0.17123998599143825
NRU6209,0.5715157112370319
ZFI2630,0.44206342679511723
PBE7043,0.5382746586503081
WKK0810,0.3314633612786011
JGW0377,0.6571535778253677
JPE7891,0.2853840109926395
OGK4654,0.7426066103756568
EUP8882,0.4890753462731648
ZZP9215,0.5279365088679345
UJK4511,0.5642844947672263
RIO7274,0.5025112717992856
CVK7281,0.44428453859793154
YFN6083,0.4617181962927463
ZWB0653,0.5954386800541482
XJF4320,0.20437100951304682
DRZ0501,0.33571878745358635
UUS9592,0.3812854130198843
GYT3367,0.5755266286565218
YOW0478,0.4059092544367161
ETM8048,0.38866994216365214
VHI3955,0.2721914977890116
JWY3546,0.21546332839189533
YGE8169,0.16042284066802456
RBG9621,0.44865327235022906
KFH8046,0.48613066855041276
NKO9494,0.4648366694747418
PXL7755,0.41978770477077837
ZEO6020,0.4742492505061392
RNI7236,0.6583145529701242
NVM5624,0.40034028083113965
LYF0002,0.6819968614838312
DPI0552,0.3238272436907897
VFL2098,0.32576102584938754
HPU5706,0.700379172537082
IOG1292,0.5035276141556907
VCG0006,0.19765338804740606
VDT8680,0.7712256904954021
PHN9134,0.46994032137239533
QLY8408,0.49315416765792985
GQF3229,0.5017516112143092
QRU5190,0.44082880942376224
JDY8653,0.2849902623334186
LXP2696,0.16528035078322387
DAU1948,0.3272923442587951
ZKB6852,0.6438028297583099
JOC8182,0.39125963022659704
WPU7243,0.565031557165453
DHM8155,0.38097372382373074
BKV4337,0.7097567555315856
DJZ1621,0.4511456262813272
RHE8232,0.20354119436704626
RZA3300,0.5453864830851763
RWJ2599,0.7600239221829286
NXU0486,0.38143389849198556
MTJ8168,0.5235046895340889
RUK3184,0.35968079338787473
THX8305,0.3730635501852118
FUE9305,0.5185702049946485
CLR6222,0.5137028091333707
GEH2238,0.4668351194782416
VMC7749,0.5079462035562645
UVC7051,0.6020937610888148
IQM6307,0.20475938283730946
NQZ4921,0.389310977043354
KAD0889,0.5162899204550424
FQS6563,0.09227684209797316
TJU1657,0.3644557396363418
XRQ2866,0.6486748644608458
YSB7616,0.2990007954191276
CMF8636,0.3582571224449741
AYU6254,0.5787760110574884
VND3349,0.5060612247718114
ALF0873,0.423282346542561
WEX6547,0.2820918471913436
KZH4174,0.46839892115541787
HHL1028,0.5105197141596205
FAU4783,0.34040964999947526
RIP7417,0.8668606407186363
CQB2052,0.7983177611087988
QHR3186,0.7272854592791513
CGJ4146,0.46667202104046795
PQE8422,0.3086734002155626
KRB7101,0.5608070958111215
HPZ4991,0.2722146276501665
RBP6977,0.5076030934800819
XGJ5317,0.2452079170489283
IAN3692,0.5957477497810458
NUM4282,0.5557532541949892
YDE7220,0.4497538835783585
GTX0308,0.1994853028239956
RHG0618,0.3680941342097663
QTK3234,0.6760723503957771
XFV6894,0.3446334275675337
CSB8399,0.5599217183661672
NOR4701,0.6057012543609542
NLJ3968,0.4864497988994043
ANW2628,0.4156482242632
DAI3533,0.7825745687304078
YBI9285,0.4372471466719305
CSM7170,0.20876456835232352
ZQW4008,0.28594815830159553
HIK4516,0.3419186649879831
EXB5481,0.24359052946005594
POP9861,0.6879355961773694
ZCD8647,0.43120667597367635
MMW3189,0.14691791620960798
FZX1386,0.22832010922484963
XJW6981,0.615875603079594
IDH4923,0.6347194188836928
TMQ7955,0.4127546598262484
NNO2893,0.31784603722190596
OCP7865,0.35818356304157645
FSV5399,0.5304314215160637
IPV8950,0.4019579460488377
OVV9534,0.4167268330593837
HJV5406,0.10753500576563398
NRX3458,0.4861476273923274
KKR6119,0.3763522867618216
VBK0052,0.2785271032789953
ZPW0742,0.7298898861789441
IXO4783,0.3181586248426557
OLE9164,0.8020932977030943
FDO9514,0.25342369386099195
WCY9603,0.3568818082327786
OLP9314,0.4450747015684018
XKS6868,0.13924940111091139
AUA0544,0.20959468462493708
TKO6061,0.37457419021469385
ZQI6616,0.2858926247093769
YFX8262,0.47348689814520384
SCQ8450,0.313683147027393
ILX6428,0.41672913623951363
VYM8610,0.6390967619846154
WJQ5273,0.17802514337527253
HSP3866,0.3141002097841209
COM4021,0.6126133168714868
KTI4978,0.30137846910584426
UNS9134,0.3804346812360089
GZN1159,0.693258948649932
FEL9461,0.42603450052669506
IOW9233,0.5160722825085534
WHA4761,0.806037447752651
ZLG8983,0.38731838157586956
QVL5196,0.7510098845667934
XNL8446,0.4379014468358752
FIX0268,0.6317536219852674
MXI1482,0.19168477537167847
SMT7267,0.29450818453149247
SAU4456,0.5150297405384179
LMZ6995,0.37068572814589273
EGW7117,0.1768046175539964
OOU1184,0.7327855838250789
PYN2702,0.3348070355448921
ZGF0892,0.4487121003028806
ZOE9846,0.5349616171630924
DWO7481,0.6090775982391502
LPO4681,0.3388711460778422
EPZ9944,0.3149794604377288
VDK9305,0.5633954575242898
FWQ3053,0.6838014427657265
YVX1629,0.4277433936520782
IZU3946,0.3733604494242531
UTO2381,0.8084341721512371
OFL6647,0.36508989212390985
RNB2889,0.6572403059337932
OVM6008,0.47374482056536427
ONB6887,0.42729766619715537
FBZ2743,0.2810026536359211
FLW7842,0.6150054034358791
TGR6277,0.6586339713317705
JRW7214,0.5774558521810917
XRX2449,0.12105542858646241
KZW1071,0.5102299274398788
XLB1971,0.442524856008729
GQG1121,0.3311117254282679
JPH2255,0.6486250450904196
RUA0004,0.4016377715932508
YWA6586,0.3531849967820655
GQB7841,0.29343051226859246
STM7106,0.6333018633559926
AZB5440,0.46123263977646445
XHV9925,0.6316257738101205
QDH6299,0.4191598124830961
WDP7476,0.3394221452743523
NMT6166,0.43776360914703955
VGG1549,0.40513779847579057
RXS1106,0.3268517871461195
XLY3335,0.3970357644414637
GGQ1618,0.5055059228200289
IUQ7048,0.23525853668885735
UYK0965,0.7382527518252606
WMR4750,0.3757575330393749
OQS3013,0.737691278416322
LLN9525,0.35746042287233487
WFH8896,0.5880182034326604
VOI1089,0.30956719224844237
ALK1216,0.461171109393946
VYW8970,0.3556381581369986
HRG6795,0.38505064236299874
WAA4157,0.5239088141120994
BMB1791,0.4947048398120388
KQB1175,0.4456138156547144
TIV9623,0.2589442780038862
KYI2691,0.5816588079361552
JWC4499,0.6265151217481324
ODO8213,0.5622659947795186
BYA8224,0.5781416534046724
JBA5116,0.7031564634748609
IHD4177,0.47276732472863187
TVR2929,0.49495558525301003
USI4915,0.30481882912463343
XFA6190,0.4075899598307234
BLS9176,0.7498964750751479
MOR8223,0.7075356819920894
SPY1026,0.7978716705775183
VEW0881,0.48603375779359137
EMW8362,0.17658408355675168
OEJ6592,0.6738603416516555
CXM9033,0.3428610843293007
COZ8513,0.43795915988090134
VAZ4436,0.4560341391631161
RJP2369,0.3828822764383631
XKK0547,0.339446378443124
CFU5890,0.46900329488432974
KMA1753,0.4920934430593153
AUG1693,0.2880782318308026
UCV9795,0.19207351639073283
RJS4002,0.47747110288214517
NEZ2618,0.24661319526687525
HAB9276,0.4956924996793595
ACJ7471,0.44476181086328237
JOF0586,0.5877575059501946
IDU0788,0.13017663143727498
ABN2881,0.39726141332391024
DGE2915,0.2865211287367283
YWU0331,0.5557065787724542
BBW3982,0.5814558692939084
KYI3863,0.5643361195010623
QKM0486,0.3987274442561738
PEW4437,0.3544152968395761
UYE5984,0.4077231378979413
TCF7202,0.37107532408945826
NEW7492,0.5416781076070424
CCD4905,0.5078530675131907
AHF7381,0.5180035404974784
BXP2360,0.5372761924441675
VVS8339,0.4561447483679664
HRI1575,0.7242714235593932
EDY7938,0.6781692011667573
JPA9779,0.6988833766848315
VHM8071,0.3041638957904972
LVJ5056,0.6936631695799107
SPX8793,0.2458756536769801
UUH9741,0.6245486089580596
IXG2935,0.4166920262027703
GZB7607,0.533248210587674
EEY2062,0.30341116198832674
ULW0305,0.33552104816008915
NSY1800,0.5820898055916838
KJU0911,0.5444244469474449
NXR5741,0.5823368054402602
NVN2979,0.360854746852562
DNW3213,0.33218239559531776
PPD5223,0.5841480437637842
GOY4787,0.35387490780787006
IFE6896,0.26298292551355035
NNS7901,0.3260386915613891
BYC8082,0.3542833727913903
WWP2211,0.6765544651055863
FCD5461,0.3344964322765983
JOV0932,0.6257558287706473
UXG2063,0.61168261491652
AUC0946,0.5668468187919423
ZQW0645,0.30892323427785234
AJX1894,0.4377728354540452
TRF1830,0.2583032936315936
LXF8692,0.7540133383862301
DRW6350,0.288330133857359
TWC5720,0.5316315573215913
OUB8072,0.3679798505420266
OSL9110,0.4907249992440876
AHA5047,0.5502227476702689
ESM5253,0.17824096054639393
RKL5421,0.5510809871011763
IVK9421,0.7834256553489716
GST4391,0.15607024497352004
RGI8636,0.2732230447320437
IOE1286,0.7505531513802592
AGH1193,0.3397154528373081
HBF9445,0.6077932341150026
NSO0462,0.7897565856471711
INQ4034,0.45175473463161586
FOL4515,0.293520984214167
WKR6036,0.19412623337484344
QKT5763,0.4543593396830346
LFZ7306,0.7519571752992606
RZB9651,0.41697867198192523
YHL0162,0.4351038713520336
UNE5104,0.6549541422067899
DEC3967,0.607144397805101
JAE7915,0.47918891378899603
CEM5682,0.7978148035095067
WXG2815,0.28020304138660956
YQN3117,0.5683578815048184
ZLK9610,0.5632553728974418
ABH3755,0.3082283959108867
BUB8347,0.5924066461792815
XGX1909,0.42561909450199037
FHU9085,0.425975806194406
MZE9843,0.3528823170333358
QNW8864,0.34910547911182854
EAV0422,0.32780392205280207
PQD3932,0.6002060290324228
ZKD9795,0.40746460546615815
INJ6803,0.3332662800773462
RIW5780,0.3567581176428265
PNB5177,0.33148258464717684
SGU6485,0.2311519352355871
JNJ0531,0.4665783768487618
PHN7709,0.6861013180405093
HWB4033,0.3229454280059094
FGK3267,0.3357279552056308
RWV2020,0.4306407203107391
ENU6205,0.5488227078085982
CBX9036,0.4717988680050333
YAZ2550,0.5998324594628195
CBG7468,0.4615476409176854
ZFZ1089,0.40384701461347533
VXJ6073,0.309334587251868
CXS5682,0.1726867276254301
XXG7687,0.6798281561309625
NPB7952,0.51336619545208
LPU0502,0.46075013687775623
NOG9482,0.5453600160912038
DMA0770,0.5536504738930507
WFA8111,0.3773920836104874
MRD7341,0.51804050743233
RAC0923,0.178007194905196
CGI4064,0.246452342224771
BHF5913,0.5667822280934625
TQT9316,0.7459785574823574
XTE7211,0.3558786456630152
OSL5694,0.4650129358974508
HLU2560,0.605456039124734
NJT6734,0.4414338284549104
PDQ6018,0.6142392441170972
VQX0152,0.5887096112182386
RDZ2697,0.628781959282508
WJH5077,0.48628219807006773
HHI5726,0.5857785224302602
BOS7836,0.21656014188824252
APX2161,0.294602833124061
GWM1482,0.2761545747628902
LCA9291,0.682913165379923
ZHQ3679,0.29731962663275435
PLD2249,0.26366688801942934
IEA9841,0.34078596210107853
GEI0319,0.6991725967869068
JQE4987,0.14360328247586543
SZL5463,0.1830893646350317
MCI0240,0.32601399794911373
FVT7225,0.2610033909354915
UJV3631,0.29672038721753957
QYO1346,0.6673081913122183
VIV4576,0.808477565429657
CUB7496,0.4089579876685699
KZQ6126,0.3172468716634473
VFK8134,0.3923874256240488
YCN7326,0.4241309744355865
HLB3847,0.3581340765374706
TDW6663,0.5034882295909703
KBK7769,0.7706138372999201
IJP7584,0.412376325355961
VVI7960,0.4163432881405971
FWL5818,0.8450695256914339
XAK6948,0.7370552603513308
SQG1144,0.48756096280307476
VVA0065,0.5568680505798753
ZOZ0391,0.6197834782671793
MPH6874,0.3997944756510869
ZEY1074,0.16963114474474736
UMA9410,0.42106725140814477
VQC0943,0.40602255923972236
DZL6452,0.45485903828112967
BOM1302,0.4834057759828423
VVJ8185,0.30769331449236514
KNV7050,0.3176092557343892
YWN7078,0.40569563716210033
YTO5069,0.4649164305584671
HUT5107,0.6016547294344876
HBI9011,0.16707035224717734
EJP1062,0.5914242152527663
BLE1407,0.6492844560695344
DOW7737,0.646899231894045
GWJ0731,0.22615915953575155
DVK0525,0.679061047774207
ABT0755,0.2194216821922847
KDQ3420,0.6668745881316961
GRV3964,0.5127282556189647
TAZ7275,0.43227015172639055
FYQ9788,0.3928462611258803
OYV9502,0.26153600969836693
RZR0683,0.3912621388271698
KIS1920,0.33152963113310313
AIZ4304,0.6871703692833852
MNC6867,0.46767077079553576
JHT2975,0.569086263308549
AWN2202,0.4759040322201121
UXA7661,0.40892584630444057
YHG0100,0.27717923726193444
BGQ6413,0.2824884417284036
OSV9923,0.22999155041507105
WGA1952,0.43115922993729894
ICN2500,0.52606223148933
GZT7277,0.561214549368139
PBP4048,0.7015703294623832
XMQ9215,0.523166051136122
NEK4446,0.2016275202272761
DPN4713,0.5302759894677962
JBG9700,0.5215560857641164
VLK0975,0.15270529719958376
KSE1752,0.8475000487372137
UAL0333,0.7346837557701181
HNJ0861,0.8199585199232329
YNE3686,0.8311301343473807
FKI0101,0.6649727842480613
WUP8684,0.480271219565443
ZPX2126,0.4479801865667606
CTP4152,0.28196458021817045
QLX4092,0.572122178691079
AOK5541,0.60771986287402
AAW0413,0.22629299996407207
NGW7719,0.5851092775566775
FIH1903,0.7471363193000239
TAU8457,0.2789501125266139
COG3558,0.7090342456372264
OBP5338,0.3615374081099519
RHK6186,0.5925997273423503
IMJ7164,0.5834854229280294
YLB6270,0.4483380521834172
QFA8280,0.2488854336321046
OUS9118,0.7814370265813613
HYO2274,0.30712712791763863
CSE9609,0.5262490429819409
UOE3068,0.7419767157160891
JCC9986,0.41049250225886275
KOB3118,0.35893502827839535
SVC9307,0.6878929954103837
EAM6064,0.19873931141730555
UVN5572,0.5301817827022799
ZHN4479,0.5218084451468306
ING8369,0.5129080960505312
KDF4616,0.3753075227601405
DEJ9407,0.29266507754523474
CXT4128,0.11248362928618703
TCT6480,0.23928242890053003
UNZ3586,0.648670995871803
CEL0672,0.6906676735322996
WMW9321,0.24898047955537725
MIU4874,0.818931240915957
GHY7900,0.17647024971809414
QXY3232,0.42072870735805656
JQT4476,0.531999348244443
NDK8564,0.42688614162430805
YMO6206,0.3575105099403649
XMJ5924,0.7013218627860168
XVR8871,0.11760565746061656
XEH9534,0.5655090542184851
CYV3256,0.3754806455543173
TJH9274,0.2079701674999403
VTT0304,0.7102454292457074
RMW3853,0.4939416416761454
JDY9215,0.3902938946057497
PZY1904,0.7086904627124582
XHT3697,0.7827688424320292
YBC8532,0.4042732868607323
FBJ2223,0.605950196535641
EON2993,0.6117995724877203
URV6265,0.7014605911663668
XBY8963,0.274268715782462
VQS0169,0.33789342261542255
ELA8839,0.46188777020105093
GWS0703,0.47081024088097906
TOX8176,0.34161732930257804
ONB3244,0.5016180820869004
PXX6146,0.2462559998460265
YUX0481,0.3345194553574255
EFI0965,0.345776481692353
DRD0479,0.29437408524552694
DWY6364,0.31516393009134414
ONI0884,0.27773154969579084
MCN8344,0.49542535197843046
YKS4319,0.49858788244554736
XZO0245,0.5296004069391317
GEI0522,0.7686507508123627
IKZ9484,0.4266893447446987
DBN4342,0.5433240921493079
NJP9989,0.6160007036405595
UTX9521,0.6157178685689023
AUK8540,0.6358962214244475
PUI1246,0.1012867981782433
PDM0256,0.5328821135645773
YZK7499,0.4003583243356283
GNW4349,0.26991547988687087
CVF1019,0.4641700369191084
ELP7845,0.3861861586139502
YCN2884,0.429916549834552
BWS7092,0.5526929375822722
KZK3699,0.3109427210949549
XYO7986,0.43614861114286463
IRY7916,0.180096825090006
LQA1132,0.3757838086558286
FTW5458,0.5676026561907044
MIB5596,0.35445319920516755
GMH8226,0.503773291221551
EOQ6675,0.10245608047286885
QSE8298,0.35480274145111557
VLZ1739,0.6072754666799183
OMO6127,0.14288834124047645
ATF1687,0.4415284961184551
LBV6765,0.4560905383062139
CGB8675,0.710654743297992
ZFX4279,0.5820262339897753
ELF2926,0.4686361170236595
DNN9040,0.46139962607123425
NMT3661,0.3136012710473602
UEO6191,0.5938648828291446
IVQ2334,0.3627294489577554
KNW2940,0.43563933083874273
QNB3273,0.4202873229874653
FNH7242,0.21564545625048814
VVS3655,0.3555736961062285
XZA6769,0.5330753897678951
UOM6424,0.6036925591751992
FBO3201,0.4337905711877012
SLY2701,0.3155038605718514
KXS2731,0.4433358452381194
XBW9703,0.22977210640642584
OSW9461,0.4680252717271213
LYU5526,0.6640863092618999
NJU2479,0.4140187808905294
KYM8332,0.655102472952451
MAB7407,0.3180019573817467
YPZ2854,0.8179387135642764
JBF7199,0.6261803241272884
JZD8433,0.3989200598183846
MFP6362,0.6335801751177622
JKW4520,0.6791623934290802
QGD7776,0.6210001133098888
CHA6808,0.4924240036955413
UBS9220,0.5423350987346132
WMY0640,0.4765388892116804
CRC2190,0.3489734203648471
AVW9491,0.4173076599582628
NGN1485,0.7082221136320237
QQN9296,0.6803320062699194
NGR5046,0.4444167340658884
LAN8432,0.5146190851831883
TAQ4819,0.32930671062906575
CPI9822,0.3570632202464901
AER6514,0.11301898180108397
SEH8603,0.8636652890362186
ILT4241,0.4236825585974627
HKE8304,0.7081231003773444
TRW3403,0.40431436400376225
RZY1654,0.4115098060838174
NWK2633,0.2576881171583726
CFS3204,0.45849272898925963
NSH7795,0.5965671072848238
UDJ8583,0.4701317822756011
JMO1835,0.6817370492383817
REJ3686,0.2607788735898966
GDF5664,0.682723201082876
NVV4484,0.575005697476068
DDP7484,0.1555142660803213
XSF7421,0.21081455063742965
NLT2046,0.6439780345001849
SIQ0790,0.41640020265524547
FZD1147,0.15932617844890617
SAA8955,0.5324161478824248
VCE3631,0.5846836629536175
ECP4298,0.5404422594466243
XIU0799,0.7575288286974372
RBL6086,0.7845519368759729
YBP3161,0.5125619099180398
KMY5612,0.49189113877035184
ZBM7911,0.27818471107172704
OCE7294,0.6539786742436072
TZE4540,0.5036604711151701
OYY6449,0.4845017777428464
IJK1308,0.6211648370226553
KPT6842,0.5230841275727143
UKW0215,0.40738331753733276
LRN0774,0.6276119766530708
VCE2379,0.2805528433647831
FMI2837,0.22443044306163226
XLW5979,0.5000656794435422
GOV8873,0.5056509322137521
DNF0823,0.700216238575746
HPH5240,0.5361020935355552
AMU4525,0.4618081841676078
RAZ4524,0.679438836062077
CJX7660,0.5759995709141676
KRD7992,0.5828674235498006
CPT9754,0.25880212720358936
MQZ8423,0.7058889995422925
XZS3817,0.6195302359205048
VCT1670,0.360311399674498
MPQ8940,0.5077273999824913
QTT2590,0.25008196628211926
RDH4737,0.5457834109003742
TGY9004,0.3081454692852224
QQO7458,0.7945548939918112
LOI8195,0.5553770596167938
XNK4649,0.6257118944259419
ISE5644,0.14206514050198382
QQK7127,0.5436792259574296
TJP4799,0.39747233449784297
OXJ4842,0.10656989898616652
RNA7496,0.5591317150689165
OGL8285,0.48996386702359646
SWE3610,0.34271383489009066
UJB6693,0.6041798183178959
DGQ0428,0.43551981155767044
UAF2108,0.7437838191933236
XSY0056,0.34127432749161407
HLU0539,0.15845718327664446
ODQ9274,0.3032040052802134
KFX6128,0.31542066735698354
YEG5478,0.4707287056602318
HRD5727,0.2341884219838746
ZGE3625,0.35755455615420656
UMD6920,0.407518470175412
MUJ4332,0.4366075178893111
KIF1692,0.7123750743811843
DFL1502,0.5874086515665444
CHL2034,0.7122202032055484
WLT7867,0.4895923439849552
PXZ3818,0.4376839776684679
FYM9226,0.7365564435391387
DAC6061,0.5565052508919099
RHB1657,0.5305087626044397
NXO2283,0.5785224397101805
RLR7250,0.7442824904112055
YWK2082,0.5978239270176654
BYK5591,0.3941321349140062
ACB7270,0.6843899991872757
EAM2579,0.47050899576218064
HHR7325,0.6360729692842757
VHG9675,0.5650214620794829
RRO6606,0.4313251629024511
ERV7117,0.3528880430379399
MBE3268,0.5620627913222036
VWD2016,0.47021345814978127
UDG0132,0.6521697403010515
ASO9327,0.3768874248675713
YFX3025,0.4161930026007813
YHO3350,0.5962177464921844
RDJ0057,0.6936111629453442
OVI5461,0.6809270711018841
IIE9717,0.3236345403376483
MQU9813,0.21378335649579874
QBK6167,0.35910889435797716
MQD9120,0.39371059189309976
MPN1782,0.3771953413388434
IAZ0582,0.6140998260591882
WER3297,0.5914615824188689
DKU9622,0.24379090336490358
XZU1389,0.5301206252728337
JIV3958,0.43015890485327163
OUU8805,0.3036106136452696
HEA7369,0.1851169489825015
XVP2264,0.27305234246756377
DFR6067,0.37260458257283674
FBL4503,0.5092839038729632
LNE6682,0.49718239408002723
ZNT6954,0.15154788629571678
FNV1771,0.686444778400038
ADK2106,0.2533752796496442
AEZ9340,0.44404560543324384
VFQ4319,0.23180766241659234
XSZ4118,0.6821430529106703
EGA6616,0.6587465418587192
MIZ1027,0.5287315363829455
SRS6744,0.37024881397406595
JQM1187,0.43662495660475475
ZHL3139,0.7951065374428071
NEW6706,0.22534797308175683
MQP7394,0.4086992332764933
RUD5319,0.6407364148369408
GJO6846,0.5918576655405038
NWG7741,0.4204894527170884
QRJ9739,0.5335702659401419
UKG2642,0.5505150740760646
UZE6034,0.41307105613504647
JVA3845,0.770492940732871
SQF8086,0.3631166372697579
ANJ5892,0.3201455746065366
UXX1393,0.4659130882023052
QWT8893,0.2892354213492898
IPI3012,0.2817892134783124
BFJ0934,0.3895010108523651
EGP1636,0.2326891042474365
JOB6556,0.8087868049639976
QRG4068,0.726458906509784
MKK2644,0.8138525810237933
NOT8646,0.46918699929590424
BNU2999,0.48397010890113706
JNR6923,0.7724981853846916
WYV8264,0.7031385125974575
MYX1892,0.7636449285702214
MEB3676,0.5868041031921658
XQZ3311,0.42916557532163235
JJX6807,0.31392458508275495
WXK6036,0.11294040384633332
NGT4741,0.397778596812457
LXO3834,0.7430333981631967
HTC2895,0.701795046560798
SAX0105,0.26368630860316844
DTR6300,0.45381789379520765
DPE0579,0.12613900489472502
WNX2417,0.2612946334384537
XZM4055,0.10288243547508351
LHX7184,0.6445280578311268
KSO6598,0.577921389574002
OLE4506,0.48240361921465563
NWZ7800,0.7826733151714557
LIU4069,0.35588850808255873
JKO7105,0.6013298561510504
HHU9275,0.7272314323138672
TNV6516,0.4412734093038037
LYT6293,0.47701424826933514
LKU6285,0.5389818213867266
YHL4141,0.16673291997012504
KEH4496,0.40249845608472434
DAG2617,0.23540321537281303
LWL1497,0.5502022926577094
OQC7661,0.5164726824428217
JJQ5903,0.4570289427482461
QNA7565,0.5685447278146648
GHC8140,0.4576070567065645
SWJ3811,0.42770827015966484
BJI4095,0.639811351349732
AEA8629,0.2483634814835205
OAX5074,0.47789064202209697
MHX3492,0.25381680494130626
WSM4668,0.3531935822964332
ZVE8493,0.313554244509339
HNI2057,0.5902540342134963
KYB7279,0.32387267696017424
TNR6519,0.4188608591096942
ZAF6488,0.7226348888088517
GFR6971,0.4147103430623339
VEY1968,0.24696967908284834
CQF6416,0.24620965402818762
TUG3248,0.45013609168319896
LEC4955,0.717664871770391
OQR5476,0.3747589413192978
UHA2449,0.4438656065770743
GRP2675,0.28528775286237024
ELA3131,0.3731136552413971
UZT2014,0.2873625016512496
NOR0351,0.7395349640825543
SQV1536,0.7104228274127662
MWO2395,0.4213355635049088
JKI8422,0.2305100480149886
CSM3282,0.7626967783340951
MKA1884,0.24853876092104307
OAT4775,0.6408296268504993
WAE6729,0.2299073349720758
PUU7424,0.24260884023668725
BVD6400,0.665369593222046
FNA8904,0.3789175849136867
VJE0900,0.48743940614327724
TOH5347,0.4373593998693199
FVT9140,0.42130967573051875
GRH5559,0.30882184748666364
UBD8889,0.7801951143468632
GFM8976,0.22175442148808322
SNB8067,0.33706720397527457
JAN6657,0.6587985444889191
ZGO5482,0.5802969374670243
WAI7897,0.27830832803969124
TQQ8810,0.5903618738374834
PPR0538,0.587164965551629
IQD3049,0.44728434484848034
EVW3261,0.39287639946961767
QTP0829,0.26100269867877646
ZAR1668,0.7114060157573271
YNM5067,0.23600700027943902
ITH8224,0.1828795878442342
REM1332,0.23325570082925337
SPS6604,0.28842144675960524
AAE3132,0.5468955256422047
HOU6184,0.3738678821808187
CZP4309,0.2895062723486277
LEL3646,0.4655240369082307
KLS2376,0.5705877851009856
SCX6724,0.42474195276823834
JDX2248,0.46383496085400827
CSQ5122,0.290808661939267
NCV4201,0.6544626949145459
RFX4239,0.726280819614894
MHR9246,0.8041578141405517
GBZ6626,0.49980153786165715
RPD5488,0.2893516589819341
HYI3434,0.6325176246559485
MRS2505,0.6791058936330316
AMB4315,0.53043661788576
PMG9403,0.5024028792605187
PJB5201,0.5124081195377106
WNR1849,0.2293054596823153
WIH5320,0.6348405547450044
ZNM8480,0.6445861857515797
XXT0474,0.85674307339932
QIG9493,0.19721915986368066
AFN6386,0.1523238819211008
PRR9621,0.6382596701549533
XCB9683,0.34351522529696266
DZT6788,0.5057379815720305
WWG8089,0.2634035665086143
UKQ0153,0.5059165286228199
BCZ3036,0.555039958364588
NVZ9450,0.5809827996078639
CCZ0625,0.4189227676389423
ZLP2972,0.21560750394427397
ZJB5926,0.5090900585792467
CMG8982,0.5017916199995419
WTU0545,0.3454228295989759
FKL8364,0.7133753810270692
PLX5842,0.2648620805270955
JUN3444,0.3390501035802807
SKE9305,0.4513418966732285
ITL4779,0.5037814006144666
JJO0795,0.39017701637397156
NXU9005,0.2749679580389005
QGC9923,0.7780905002354183
MRQ3624,0.2802252901150602
DGH6557,0.5371561505842455
HDE8710,0.3466641506546444
AMV2337,0.3778135907310342
UNQ8256,0.5985246105904239
LOH5505,0.5986925790848872
IQY9989,0.32426449245777256
PLQ0927,0.7059298663472958
ZVH1070,0.49594558171819214
QWM7774,0.7886535307322994
LCA6145,0.4341496899058199
CXS9262,0.5957973448606766
FBG7333,0.5509691974383039
OEE9697,0.290496312536532
VXD2888,0.5247097494375573
JWU4615,0.2153881826119149
PIM7408,0.4817512521725343
KOH1629,0.4535693675821687
FNX6879,0.20921845608868841
JEQ9499,0.6489174835332282
UYE7582,0.6410170205552382
MFM9712,0.5505523729402857
CIW9280,0.6687324407846296
BIH6763,0.4748101056359501
IVR4724,0.32359289066653835
JMG2675,0.2784079602678541
PAL7750,0.2797222403124373
EGQ5337,0.27711301725195486
HNM5599,0.5185977191000013
WWK2226,0.40285959516803804
XMD5380,0.20936439253988542
CMT4787,0.2945576764713058
OTN1938,0.508285488200707
VIT1701,0.32908218081206925
WMK4466,0.3610427230239955
JJY8197,0.607297025051235
XCA6285,0.4645841311404406
LSX1698,0.7041627817057362
LIY7658,0.7003147929174927
AWN0993,0.46328854639385914
GJQ8756,0.4872417899629902
UQA9509,0.5726559473931381
YMN9110,0.48208389741573193
TPV6824,0.35888673498354895
BHD6476,0.7883812711257248
JSQ7862,0.5963244493368751
IBD7350,0.399077075872591
WVG9491,0.5244742259111178
ERM6024,0.35216276464902224
EVY4906,0.6721487016142647
HZA1744,0.39039495660522544
JCT4386,0.4799499020878283
GPO6473,0.31281473812721544
MFJ1189,0.399946644945011
UYB8567,0.5826720834596134
TOE0201,0.34995979647621034
PZV6692,0.36495290124593455
UUY0456,0.5562390171675576
XDE4403,0.3988687118300141
RAY0990,0.7560704811625093
YXS9979,0.32386836275300557
BFQ1956,0.27133417440982904
BNT0970,0.5537062513433265
ILM6904,0.35687543345171885
TTD5928,0.31879363314557646
LRK6522,0.2946965588362808
NWI7548,0.5283256295946683
SBO1935,0.3677437729965031
ANF1816,0.4389202427007642
KOO2576,0.3897840453749726
XJK2683,0.2646440177979155
KXO3550,0.26014393750892023
PXC5758,0.6542251098314587
NQY7197,0.6229859400129583
EWQ8929,0.7981106615677208
ULV2580,0.6947924076039264
TCG3740,0.3485225667850553
HLQ7927,0.3738691577031043
RBI8043,0.4100201708045758
XUB9735,0.3122726987474962
YPZ4317,0.3046920041353373
QXZ4385,0.46022280323888165
JBY3887,0.6741143583114421
PMQ9284,0.4992377227947614
WPD6992,0.37139955163448046
OHO9405,0.67712080233695
JXZ7487,0.3765505914573818
YBC1242,0.3855282019908287
GNC0544,0.3962540478792996
DWG6506,0.27965886454847644
GHE4135,0.2832294205509306
YTY8763,0.5713385052829316
KBN2378,0.5590440839261384
AXT5962,0.8221836407727171
BOG9757,0.2958415751411197
JWU4504,0.3387256573840216
WFW3920,0.7981658985347104
NUT5984,0.29245693756412877
SRM0734,0.3108184447196448
SXM1210,0.7492265281598317
MNP1285,0.3751795604906417
OLN6828,0.6994499561246251
PND8015,0.7331811820220365
OGX2067,0.6009266865443796
NGW4148,0.36982699052632767
XNQ9739,0.512343235414836
PVC0396,0.08402762306288587
YQU4379,0.19371199096560252
QCZ9183,0.2358916499602496
HEK1976,0.5986163712940816
IGG2798,0.45254448171981687
LVB5412,0.49270289178273013
GJT0245,0.43966816721387364
UKH9382,0.4588971557668181
MSI8579,0.6414541151001135
ZLG0202,0.5067845138173666
JLT3081,0.23228158967308102
QUS9552,0.23763094836309312
YTA1880,0.5130435868586702
CDK2415,0.3814006284605349
GDK7008,0.43249080036409826
XHB5695,0.5534051424476268
CEL0699,0.45455300148838984
EIU7027,0.31704248474046337
HTM0146,0.41677112542235023
FZO5757,0.5016144431127795
TDL1068,0.5448634901114225
NIW2607,0.5142909019910464
HEO0125,0.2709071396214542
MEX7417,0.3969159737767834
OEN4472,0.3552602925722606
BRT3771,0.15878258103298684
GUG8607,0.7565063800489131
ZOA7096,0.45747994432054284
SDH8992,0.6351200690687961
JMD0120,0.44775464540577026
BMO6026,0.3650621162281401
ENV4544,0.6898262024891177
JQH9915,0.2519280795671568
GMK2427,0.5743519629739539
FPA0677,0.4734682807806429
ZVL0171,0.7404680177731733
SYC0712,0.7878926873417019
MHD9822,0.48281846801291395
HPD7237,0.8375857276971244
FEL2808,0.531372213443774
MMC8838,0.33361692642721147
NHK5621,0.43289080860731016
LDO7056,0.5940869106660278
RJU2365,0.4833692930659987
WUT2469,0.17796841468746372
YMA0571,0.1598418872913908
STT6043,0.5628288075963318
YGZ8268,0.4013523668098809
TZR7334,0.6589481637296897
KVM0019,0.5456800332887539
KCI1006,0.5284464260096757
RJR2607,0.30199388200054644
DNK7474,0.47251323377032445
PMY6529,0.368811233966856
JAT6175,0.5585154705263001
GRH8210,0.7480429904411849
KFU3441,0.7274673921580718
KVB7435,0.289703993362679
IYP0080,0.5336477791528839
VBV5453,0.4122066663059223
DUA8888,0.5857678623826578
SKS3637,0.26212240948200677
JJK7748,0.5092102779982471
IWD6431,0.4189339632985054
BZE5384,0.29709097661300105
KFY4089,0.2843638298524387
JBZ4242,0.33466218651107504
JMI3553,0.5698629231983267
VJM1864,0.15753660887801393
SVH8709,0.6966359061668681
SOY3070,0.45425937791732246
TUE3956,0.7413160443358734
XIX5596,0.2789468809076689
CZS7133,0.624519671709459
FIX2641,0.40957754963170306
UXD1841,0.49574118488354435
XIX9094,0.5455279025207183
ZVV5799,0.670824860219236
VBT2621,0.229563415960383
SGP4291,0.321672696621826
VWE1468,0.5394893945472764
QUX9721,0.28127560874860635
OYI6805,0.5421482583225868
PHQ4045,0.4327508345704174
IRE1258,0.5585808703664947
TQY2059,0.41358522938238723
CIN7912,0.6272179044612337
BFT1621,0.24618553523639422
XTV8065,0.6871507542745413
JBN7458,0.22031429452483994
ECA7340,0.6281758218408058
FJV6411,0.43822006447541917
LBI3544,0.31699098446202056
IHF4906,0.7195503787696719
BCF2737,0.6991193197693231
VOX5055,0.29619150624764756
OHX8131,0.6202210492747405
OOJ2242,0.4768493233709113
OYF8344,0.47391920327027953
BDP4806,0.3113863500531556
XHM8420,0.5217345933543664
HAJ9645,0.8173988340244648
PDE8624,0.46523148253263824
NLT2148,0.3113101178112514
UHI7991,0.5896322694481434
FWX8897,0.3959008788495982
OWB7178,0.6533074771655796
REU1247,0.49491882111280194
CRO1769,0.46757277745636944
TLD5484,0.3759892614625243
PTV8574,0.40952839337594155
BWS1336,0.2121976125417464
OII8763,0.3045785251385948
LPO1321,0.5275588784447712
NHW7391,0.32352387432372326
JUC7750,0.2538339688960184
CZF4822,0.3134256670058079
KBN3400,0.7327374982289869
SNF1740,0.24702547338205172
DXF7268,0.6188758137925389
EEV9383,0.24658184758827215
WJQ3332,0.46569633630469826
ORN5586,0.5271770483438653
JNZ7774,0.43540721430899143
KGI8277,0.42417241737574185
UQV0433,0.3490832159782345
CDJ1262,0.6224065726043186
ELI3656,0.2580062427699701
CJF9592,0.861741502250941
IFV9314,0.47673421108975667
VDJ1118,0.37047348721980794
DTA8682,0.8063064472320319
TGJ4666,0.6556239211619772
IZZ3291,0.5038241024548662
ZWT7505,0.3091421538806238
LTK9250,0.24559974100363346
DVP8940,0.37822195289157823
OJP1964,0.3038984594966369
WNA2120,0.41715905414650517
MSO0106,0.4944728957864455
XNB8483,0.28541979324041017
PZM1761,0.32347337072582605
ENW1475,0.44606802684334507
AJL7031,0.6986031467734436
LWS0585,0.6344088935914295
TXW9164,0.5605014243593561
EXD4634,0.6263376423071582
KJW6467,0.6758435709969407
EZD2570,0.22922659178063923
ZJV2396,0.535552009627757
OFC1459,0.5655670834706101
VFR3116,0.48966962585092033
GMO1024,0.7006250830076209
BWM2061,0.39017154253439135
QTD8623,0.5890896663251536
KUM5250,0.16784981571028249
RJI3984,0.35140534373364707
VCS6618,0.3534521815580629
XRI7782,0.5779309119534091
TLU8006,0.3521373494901324
KIP1222,0.43118118932284943
ZYW6392,0.8539459322745355
LQG6833,0.37286789377382773
YZS6822,0.37646455183620603
WYB4183,0.7483345535418966
JTZ2381,0.597437850836109
WOI6716,0.1846892937878234
CAH3623,0.39031605938898783
DHO8082,0.30154697967284566
WBZ5686,0.5165450599638122
PTJ3034,0.4883901880932662
GOH6841,0.3008728151880096
IFK4684,0.3511162004199406
NUC6904,0.5634797825798377
VGA5416,0.4575897438250075
YLK9460,0.5015017082259066
DQW1972,0.669867608720978
FTN8264,0.6378413021924806
IGT3880,0.5588761019843094
FUA6770,0.6425976331605172
TLV7456,0.25697346507016827
WWE3484,0.5608588612606407
DTR9952,0.7174300877041404
YNO1665,0.32377812109393417
VGE9961,0.396285632072815
RUA4176,0.13524412859627158
IKF0037,0.2931538178610429
YRO9974,0.3827833284420787
GWY9006,0.43930817944746337
FVD7466,0.3006320744516256
UHF3142,0.3046413060636702
DEX6242,0.21465128858625177
QXR3196,0.2391778549634121
IYU8091,0.33971332655932995
BCP0378,0.5577674061407705
IKD6628,0.27678045639511195
NEA8008,0.3909730580068834
IFL0400,0.2982076396822635
OWR3438,0.28450434236469024
YTR7954,0.5850139378130361
UAG7922,0.26942551079837646
MWS4567,0.7184623907671897
HYP0579,0.4159509780054855
CWP1122,0.35334034253030144
GRI5844,0.7136010646480997
ZNJ9881,0.6757419703311439
AND9132,0.5324258012181043
OTX1554,0.31872882193450697
JZI9321,0.3353414799096294
LLG6222,0.416593226558696
MDS9093,0.4958557951328782
QQB0215,0.5723299202410932
QQT6587,0.48592217931604564
LOK7515,0.5355279531252586
GYA7750,0.45974750738108017
MNV7286,0.7601789448978771
YRI8408,0.5882359607501269
TWE1980,0.5229693209088675
ZVU6266,0.2564740098827353
RRG0247,0.5037940020589412
HHD7862,0.6929291388515016
AJE1820,0.40671666672916357
ZDR0733,0.581340219240117
GGP3321,0.22241237167106923
CTU8248,0.3956125491908356
ETX7860,0.17861252902128086
BYX4709,0.46845370812519527
JER5258,0.29883906813070255
ATP7809,0.5031926997677436
OOS9657,0.7716705850341561
YBH8650,0.4189114885419105
VPU2235,0.42083391782347607
AJE0878,0.45419398495333496
VOM0132,0.5279363419035292
XPU7817,0.7665579683563897
MLD9068,0.6533120046583372
GAF5632,0.7520061196703656
KVJ6297,0.7120423470626152
BQD2750,0.60706258149733
XFK0812,0.19444111506794787
RBI8449,0.7884912494551158
XBJ4755,0.34798044161987784
PUG4486,0.38963199014349825
SOK6661,0.639305842760964
XXR7349,0.5950278669061904
HKP1866,0.5094615564707938
YPM4023,0.753476151566919
OZL2864,0.7417334142787839
GQA0832,0.2815046984429851
MXU2531,0.7024639061016125
QYY3922,0.18288358922313097
RZJ6026,0.7159275929406264
LCS1493,0.23018389488541235
QJP7869,0.5843749318885209
VJO6966,0.6756379820081226
OFL4209,0.4609314725510329
PFZ9129,0.39372846547595064
MZR6876,0.7915793819337714
MCV7828,0.27724209752750306
SZN7612,0.4553545764812315
HNX6356,0.4025785464468191
WKH3337,0.5158779677691548
PNI0320,0.6612215770691373
LSK2897,0.3174610312915954
AGY2805,0.3760932027132862
FEB0191,0.6759343402539857
ASI3597,0.30418394247472197
RAW3160,0.3567881317997778
SAL3837,0.3722527309416428
QMO1576,0.33262454065220876
XCJ7065,0.3220480713265547
YKO2034,0.5097194789561375
MYM0707,0.6747345887312869
GOD1525,0.48692968839727047
YGS6472,0.4968721467781157
MVR6731,0.3756911024221478
AQY0818,0.5592664965813494
GWL4324,0.5840679234954564
SAL3804,0.48541483035200067
LXN5221,0.4514811802092418
UXM8042,0.23481015651840345
GOH7601,0.28348165308319745
UOH2212,0.6323028399943623
YUH8545,0.758702280602053
UVO5135,0.40724254774442054
VGV2371,0.291149268067296
MSD1546,0.4645041176200372
QVY5202,0.5658291431136182
MDH9411,0.4295536029456058
XRP3871,0.17022015599155196
IDL4446,0.33343747499933096
SVT0852,0.41507690773416556
STW1369,0.4206650872664442
KDX8757,0.5293822330271132
OKA2718,0.4159747150821691
KGZ0857,0.6259497033384455
HXT1988,0.44686378373293834
PPL4821,0.15790540561964564
ZSA7657,0.8225016361264825
CCD7293,0.42498369738913633
XPP4684,0.20221410692503416
MYE1200,0.35232549715578343
DNA6848,0.2171914676454238
WAX9047,0.2311357763491348
JHL5576,0.535377913843694
HMH5026,0.29718911749648697
EQK7900,0.5559635760161905
THU0418,0.30863683069109993
AAN1264,0.6077663989888724
FGB5363,0.3762377127530913
CTK2833,0.7285607816553549
DVB6982,0.6014635607253644
RNQ9043,0.4523676005371599
PYH6242,0.26519624112153667
NJQ7029,0.6973199183247483
XXQ2266,0.552591262487679
TWF8468,0.6720743728387452
PBX1659,0.32568249378671715
VYE6525,0.5585378997945026
XGZ7303,0.21369860614065472
JWG0572,0.649506057260255
GCZ5567,0.28010695342257047
OEK7979,0.24990516795614667
IQR1080,0.6058481646170725
EGP3030,0.33849134848861057
KXD1325,0.701356170314754
AHW4029,0.42224581937286365
ZDL7831,0.4884614720233527
UUC1303,0.8615384737750686
JHW4195,0.6560482806240187
UQA3823,0.6803914257761264
VHB0197,0.4371655068494212
BVR4732,0.44357830974955637
MWL6209,0.17176980055578692
USW0558,0.5686074491819024
PED1745,0.38961269272060095
KZU0103,0.6638476866628729
AKF9929,0.5587032934090154
XHX5246,0.47112225448120404
SFA0308,0.5685244086175553
DVD4120,0.4238168812019391
ESO9920,0.5097866706020372
SRL6640,0.5477996142385908
CUR0551,0.22416409663450818
ZRZ9828,0.7217051114640057
JHZ8593,0.6230632671728653
NHF5531,0.5148010466507771
FQR9806,0.6508057431720775
ADB1496,0.3234282934626484
CYJ8609,0.4470740003197104
PBY4400,0.42510559113746665
LKQ7118,0.46588200701948657
PJM6055,0.5326369643305188
CDO6881,0.3014544793751506
DRF7884,0.30768946934777675
OLC5061,0.6066769294896994
AKG8619,0.3387118354779911
GES7925,0.5851279487103949
OPE3417,0.1851964230737695
TWP5888,0.39701770065301506
TNJ4880,0.5487257058997027
XYM6908,0.6649257766587429
OTV7462,0.3374877989994558
QDM0499,0.711991317264493
XXX7106,0.22776893242633145
CEY7529,0.24552810631611502
EQG7914,0.24606315518984817
HQH7800,0.6855501455022547
FDK8158,0.4053648778640252
VLN1057,0.48195024978506357
QYX1812,0.1870068847035641
UFM6656,0.3944024342700036
HIF2994,0.5512191096747531
EPT6107,0.44688690014871024
SVH5874,0.48641822004840785
GIO5888,0.37992294152932377
MPK6697,0.5422762846487492
JHJ6002,0.3763496625617791
WQB2834,0.280624230386501
QKK7312,0.45402812294907613
YJZ3677,0.7766063038343239
MBG7300,0.5051464555002309
NGX9445,0.3908195896346347
QTU8109,0.4243909739742893
OLI7614,0.31429461176678025
FSG4468,0.5625044146208199
RCH3872,0.5555139770162556
YXB5864,0.2189348579253212
HOR7464,0.7481767419122334
EIC2487,0.3317404754151568
CCJ3339,0.3106756563364264
RQJ9221,0.37449337332817295
HAO7587,0.4772527248553513
KNM1584,0.2999577587255289
WLN0973,0.5835658884481955
WER8629,0.2827029132824903
SLS0471,0.16711473027265797
RWZ7062,0.5740747048754566
HKX2986,0.5812274297718111
GCY5175,0.2874900807765393
AOT2477,0.18218163161289458
HVO1046,0.41236329658214477
NXH0170,0.43231618597147753
GZV4285,0.3693032486779459
XNV7471,0.6689323869947686
BJX4302,0.5452325455085423
VSH5730,0.3053195973532418
FDM7929,0.4926343977379316
PAU3377,0.2539868588689919
PII3257,0.34957496051640174
MMY8958,0.6073631177468449
HSJ5714,0.5898106086487955
WUX6406,0.5057246165450532
YAS4032,0.3811833064980918
QZX6944,0.49341353142244343
SBX6305,0.47475183346676764
DQH0443,0.5019106631984519
QHJ0432,0.41354804463058614
MEZ1886,0.44329361572017123
FFW5346,0.29248329048365557
GCI5754,0.6098305020283844
YWS2631,0.5942957212891028
BJE6322,0.42146644593861493
QOD5952,0.3483060092038304
PVQ0274,0.3922796486615079
RWA7760,0.4562748533412965
LBD4986,0.21731033670123376
INX2297,0.43575898177377115
SWE8062,0.2644343149513895
CDJ6273,0.31666130444761714
UVR3325,0.4060830452990804
AGA7615,0.21467713044488906
QQF6530,0.4189913187950709
VCP5164,0.378866592867747
IBJ4529,0.2989883872846817
XAP2030,0.14158576736024384
VSZ4334,0.6331456739860869
IDB3510,0.47044667144189745
CVK4116,0.10443997077338828
YRI3393,0.4114282746532623
XWJ4426,0.5865295849318559
CDL2013,0.2385657851000193
YBT2195,0.5812914441037145
XMX7085,0.46569386658865414
TMS4399,0.5267350943793314
VNW3430,0.6443020762215257
FQL9334,0.6214217847665706
BXK1712,0.3647530393359097
KVQ0997,0.23607397018095644
ARP6086,0.35424144188483725
TZA4677,0.7607199045219694
KHL2108,0.4674133966310969
KLH3876,0.4038851196760882
BVO1335,0.465925973127017
WNP1085,0.6584285738981361
RZU4330,0.4082289947163538
YNC1324,0.548096982818027
AWY0298,0.5674111623753413
PZK1558,0.3504104902767809
TTN9630,0.2897082733180799
BIL0479,0.43313489685643386
QYA2602,0.3479381950230454
UKK4307,0.5580336788765053
DMS0338,0.7343895717312421
VIP9261,0.20642404744360182
NPL9257,0.5010732229411284
POW4586,0.5487679996839887
KXL7076,0.5728644662748477
PFS5716,0.7223224621372516
AKY4887,0.548817437003178
QPB1967,0.5555720817482582
KFF3495,0.14047598913530504
ZZF6930,0.4162700689348136
NHW3925,0.5962147724226705
BRN8497,0.5145715390929647
UMJ2226,0.19122598256653178
RNJ1710,0.350984974409103
LUD5116,0.5962091920978824
OLT2214,0.3527562930149632
XXJ7220,0.2315902118480459
VPE1768,0.44992384934000496
MNR3391,0.661299869558586
JHM0984,0.5371600372933365
FAB0388,0.6371428105985291
OOR0476,0.37499119756135085
IBV7915,0.6938274136551691
YFK1866,0.4775061869891648
ZQD4890,0.3713558517647472
WDC9798,0.2897498511797695
CXG8456,0.5800956021743757
DOO3002,0.658201823297267
YID2854,0.5141759096816957
SNT8269,0.6155065453517089
AJE5284,0.37932415415231263
GLI3826,0.5398658468974137
MPN9544,0.2546136414859975
ZOL7983,0.7227025695596513
VGJ9459,0.43155547329923527
YGU7937,0.5059393135069283
ZHD4984,0.5167550911714766
TQL5044,0.3182626020687239
GZL6126,0.4990233202302995
TED4788,0.3668946303421531
QCB1230,0.5735230968708823
KCU5480,0.19679602093668455
JYA4020,0.6590456911051646
AKI9938,0.41645491559628545
CDZ5280,0.41809006611053773
IJS3257,0.7324816350813363
XHU6926,0.4714236484370231
ZQD9442,0.4363873804900088
XSW2306,0.8481997972806192
QMP1263,0.3856628281512187
LLJ3258,0.2156048838848806
GHM9007,0.2748284236112387
LUC5355,0.735932272595633
JPJ1369,0.5161527289224539
GHV5643,0.5437671916267496
JNX1312,0.7794183130467855
DNQ9370,0.5826097407761566
WXL4780,0.3693557949004499
WCO3839,0.5271552242686355
IDJ9502,0.6395206319248622
MWF4845,0.75422901028503
WIA4859,0.3155739003710733
PYN9857,0.20711883733059797
BBK1144,0.48356933371277205
SWH7163,0.2326395630631905
GMF6824,0.09347705383114244
IVT1624,0.427236985510928
PYR5155,0.725040736491738
JAN7670,0.5153434298342898
SUL6082,0.6185641587134366
GQN5525,0.46334238578498615
EPR1251,0.4413703679974193
YVF9131,0.5851560120402145
ETE9042,0.3367437276346313
RTU8397,0.4329482641174757
VQL7165,0.8719074436461013
FHF3153,0.5129988905449369
YEL7480,0.3568537457917157
QNY9983,0.3066687223246838
WLM4602,0.27980549974861535
BHV5209,0.34368862142556794
EXU2651,0.49328096147314987
QMM0719,0.4123788555713759
JCY7195,0.5810518328786938
OMG3714,0.6761454876235757
PLZ7937,0.43251931373252145
UWY1087,0.6784559123217498
KLL3321,0.6615037528593999
FRT0766,0.5433008672485655
AWI8218,0.6256720574389322
VXH3216,0.24424193085661391
USD4961,0.6048425835109376
QDE2276,0.5666292245585898
NQX8981,0.6659475254750015
LXQ3911,0.5611255907747837
JUS0617,0.24392697323694748
VPF0649,0.2940893841752784
OUU9584,0.7940834799198698
VCE9304,0.4527595905181385
NZI2126,0.19142822521173866
ZVJ8894,0.5694970790549946
EWR8128,0.20539082813574033
GKF7029,0.551609912404274
FNM7614,0.48534937952398505
FHS8655,0.4815326205425064
KMK7242,0.4864154123220844
AHA8842,0.25012857070335376
CPJ8082,0.478492050921904
DBC9627,0.5739487328090852
XJW5496,0.3861371751107343
BKG9784,0.6463722555206438
KBD8351,0.38483678350394723
EJG4853,0.37836151060950224
XKA6945,0.37806986203123544
FIS6302,0.3331894579806866
VVC7858,0.30672118713602947
RIF2689,0.6008511226422574
AUG6492,0.61519195740876
YCU0440,0.26580974302991306
UDC2578,0.29673181931482673
RHJ1529,0.3474485829697772
XFC8473,0.44736718072423004
OOA3990,0.5732661861963303
XFL8207,0.7332039728204582
ICS0547,0.4458598767747229
CSV4897,0.39659066866374665
BWU0006,0.559169564349679
ZIL6789,0.33628193039015575
ZTL2295,0.40389890532377476
ZIX0088,0.6611557742811187
MEU3717,0.2278773603507553
QEF2532,0.3633473094882218
WNE1300,0.7567047235530686
NOF3605,0.3934916677263559
BYB0853,0.33100496636388155
VLO7141,0.5445137644547051
KMY8105,0.3853443973440328
OPM4779,0.41623759327205223
JZM6435,0.28890696466891497
MHO6099,0.2400738098859919
JOV5051,0.42976927470521514
QJV9526,0.5426075380038615
HKB9998,0.7436021340596528
GML4512,0.4440732023943312
JVN6993,0.3383845941345509
KCA0947,0.7577535757139707
QRG9446,0.4573146864081667
HBG3407,0.5182032104744422
UBA6870,0.29345909542213794
WLC1148,0.4441381696752628
CBV8051,0.5845518884809646
BEY5463,0.5407955136707909
JGV3234,0.5566022819285723
SJB9840,0.4682824087700404
SSN6235,0.257377029686459
XSM0027,0.30090254513741554
MSN0593,0.6505786976094323
OQC1881,0.4774637352579332
JPY5172,0.19725686735250747
RYW5823,0.5041827813785058
DFC2221,0.3533735367830464
IKP8033,0.41330514753585235
OGM0827,0.386815121217223
ABG1050,0.7397519518229503
OST4137,0.3794588503142613
IDC7341,0.3201297677223499
XQO3065,0.4668337867253801
GPA9799,0.6212620179623354
BJY1570,0.5835943952435686
WTF3459,0.6454057984874686
PTO2678,0.48954750083535553
YTJ0953,0.6507853911199407
TPQ8776,0.55845279432947
PAU6559,0.438758812021689
GJP2053,0.4251617467044239
RWP9660,0.29319501425800487
ZSD6924,0.21881345626211585
CVN9903,0.22574945648025926
JZH4481,0.6714795949560498
TVO6484,0.684605936786272
DSW4641,0.4630450945488345
DTC6376,0.5018793817412679
NEQ1445,0.7858639506161403
MGN0204,0.15006563073421517
LFJ2299,0.5402150928908505
MBZ9428,0.41736162252628084
ERK3686,0.10349519521364357
DMU6787,0.295455962649129
MNZ9630,0.7242082214878399
PLD3289,0.6050768738875761
PYZ0091,0.6108244754319279
QYG2595,0.36447690852088793
AFI1911,0.1678354955020606
IUT6554,0.7317579373673498
IID4833,0.5896193829260716
YUM6195,0.2625120463215915
IDK5493,0.5334372407654515
RMZ3418,0.42494955388422456
YOF1202,0.533532872311624
OBH7504,0.4259415143829884
PBG3271,0.5307595919988056
GYN7033,0.4870916476543796
BRJ6883,0.5114798506964457
QBO3877,0.5327345500593977
YXZ9927,0.5014847289043851
OLD0052,0.3712222233040039
CNX1986,0.6419750557174048
JZH5443,0.30095214225546557
DYM5551,0.2717737563970258
NUK9864,0.4466156414208215
SYM9711,0.6471910642651943
TOD4932,0.6473500765869633
BTU0301,0.44177728954417184
AJA9066,0.42725194769016417
FPN7604,0.1260382466961474
IWK5748,0.3904238067933387
OSA5438,0.6533879094527368
IXV7393,0.3928601816040078
FLI2208,0.6135478070886325
WED7235,0.3164856194758809
XBF6820,0.46485968062853245
GTI2773,0.3145453191518351
ETD1365,0.5172627059447849
YBJ4724,0.3790545196821681
TPO5722,0.6647446332188108
SSW1446,0.4419317784415969
AGB9743,0.548259799203171
TUX4026,0.48738842415661704
LFH5084,0.5556160835640882
MJA0420,0.37955188432128095
OUC5158,0.5741868251925729
QBM6980,0.08345154906959537
MUP4364,0.6634963818653679
LXS8907,0.34469016278792475
TFL1336,0.5950372879360178
DAW9391,0.3637476827853601
ISS1895,0.22159351769952224
MCB6789,0.489294475925987
OXE0035,0.18190742167849783
SPM4129,0.37962119673349837
TFN9819,0.6395459102764127
ZMC3441,0.350428211137193
VEH5136,0.19730519208849268
HEO2144,0.4521495827701667
TRB9176,0.4576882448945806
FGJ1745,0.16169282148715966
XTX2547,0.45666287346987244
ICV6713,0.3127917682396374
CED7966,0.30344949553151723
SDI9954,0.37199044173222917
VLF4370,0.365270144244739
YBI1526,0.45233003974919284
AKD9529,0.7187216798943519
ZIY2949,0.28285550573213974
SHG0969,0.6689139830736497
ASJ3263,0.40585840966890363
LEB5194,0.5638328581536501
BJV3212,0.5006241680111244
VHW3643,0.1327231710591654
AIC2509,0.7013073986649837
JOD0140,0.5451990963699421
AFU6285,0.5985368600158143
BPX1480,0.35758952108992226
FOQ9360,0.39281677002743787
QRV6768,0.9159964169940787
JIO8124,0.6186016640061118
VBG8435,0.6014648313785494
UJK1395,0.49098274658358815
FYB9461,0.4344876489427464
LDQ2649,0.44454162302975486
IBD7077,0.6341354007073949
KRB5307,0.6609898192222592
YMM3305,0.34330961196786325
UPX2572,0.39894456953973606
JQH9365,0.3799076827526116
MLW7872,0.42143487690071035
FMW5804,0.3629011386075678
PEG3670,0.429810697823712
HPV6445,0.1522680351750134
DJJ0601,0.24695606035007872
NCD6920,0.6534967121407314
LHV4605,0.3118792674388853
ZQK5110,0.49577389217159695
GXJ3881,0.2621405564639339
ESS5640,0.6329603567181402
TMB8649,0.4963081209558533
PIM2851,0.16685430044352229
AAY0842,0.5109736628107961
CKF3096,0.5403289206232185
FGV1618,0.648897304134722
PVS5967,0.22742021730868145
LIM3859,0.524434551845031
RMR1331,0.18269317558245493
BEB3268,0.2702170688261585
IDY9946,0.34347818364416105
ETR4969,0.4286027576947683
PWY8113,0.408993034277039
WPT5799,0.4738185288104515
SMT5693,0.7000551221107366
MVK3353,0.4420047767832563
PUW5873,0.37251176134715197
NDR3956,0.3590072677465177
NTO7966,0.6941433822510428
TEB7405,0.6659901031069673
GTO9790,0.5232713158679706
KBB5390,0.2343996651153367
JTS4195,0.7690911764264207
FKZ6121,0.36483491220908426
ZYU0285,0.19594529387278675
MYZ6375,0.7291003873001548
YYM4394,0.8062896485205353
MOT2487,0.4868124458664514
EEA6474,0.3011388835330172
UTP6684,0.5297955716562669
KYP4853,0.2566987638171759
EMM0394,0.3522898411088757
ZAQ4179,0.22856756473790507
RFJ5349,0.5994197229154651
HRK0701,0.4035927452295078
KSR8026,0.35024752154181704
RYZ8152,0.44237285565435386
GLA5774,0.2914817281404718
CXM6380,0.6019634006229667
VKS1935,0.37930036678173523
OLY4676,0.448296320478775
CJU5534,0.36388974732029766
MSE9863,0.3432369957112584
OZM6965,0.5982913949917051
GVX1518,0.4070013306397093
NWR9800,0.4107593937594345
GKG9293,0.4292333958499124
SOI0594,0.4718907365211594
UAK9715,0.4368849053298937
HNS4860,0.5224748676331864
QQE1863,0.5866917156347043
AOM1139,0.7690329250733486
JND5222,0.6146699733954043
DUR7694,0.18621650278181806
BYJ7605,0.5093285217581955
SCA1279,0.21470674035490409
KIR1085,0.4750519020926206
WYD6141,0.217727472374311
BGT0275,0.4732330485621577
MMI2820,0.7713309781942999
BWL9777,0.2944081791058618
KSS8555,0.417003100466399
FRH0417,0.6443174282354842
CGN9405,0.16030735929788814
UKT3236,0.463069204256535
OTX7862,0.4038605223854013
BSI6803,0.3925215154340249
TTQ0940,0.4473166084768297
TWS2621,0.4470264824418041
LUR7303,0.39663881393865175
YBG1625,0.8697371182339569
FSQ3432,0.3197262121879402
JTK0613,0.46509033666764393
WYK3449,0.5217304650048167
ULH3218,0.32459084800107096
JVK5990,0.3096016880827278
FIQ0497,0.6277182161076332
TGB7149,0.17555241998394502
XAU7965,0.5878898710118836
CJF9080,0.6081395502559921
REX3620,0.6747947576755745
DXQ8472,0.5061225005645308
AMP5118,0.5889675052540753
PHN1758,0.46837031699480297
QLB7997,0.3719286058924952
FTG6947,0.43703843399090525
RBO9223,0.5528738560353551
VVN4722,0.4595932485761634
BMR4527,0.20560004067404972
IJY3353,0.24141045451088877
JSU1713,0.4513290113469539
EWB8475,0.1738305028783258
LWK5584,0.30341076894368496
VCX4463,0.5810526258061308
YOL2804,0.2439102306839789
KAF4464,0.3963563682523605
FIL5551,0.3538562323287749
KTQ5309,0.5112941919163675
UPX7124,0.6297103318861422
JRC4352,0.3191202498009435
UNY7553,0.47030484235220865
MKJ0164,0.7918486849428147
UZD1931,0.737622105484766
CKO1213,0.2923654979754168
KED8188,0.4117846638669332
ALF8356,0.46177801628104603
USK3232,0.27396095585436236
DNZ7924,0.3051657750267548
NUK2552,0.42429170197555477
TWW3741,0.3464904054333713
UHY2725,0.5855627073192197
SXG3103,0.38490162697605407
KZD5913,0.4088255450846468
LFR3187,0.415063980254208
EKV5193,0.48813141971721546
YAO3141,0.4696793646512735
GOC0400,0.5654672710138844
MVX8740,0.5840936257125112
ZVL7167,0.7138593350858833
QCL5689,0.5523702588799145
DAM1172,0.7038688314324197
ASK9555,0.4573461443571755
NPL3337,0.32854231846599286
FMY3806,0.40416899810072776
UST2624,0.4582797309031298
HCS9376,0.4533347243726614
WTW2307,0.27332853702627136
SDE7885,0.5160651786832348
IAN7977,0.4282385025906504
QEC1993,0.252714392052176
QJP1557,0.16970961920402594
IUI7963,0.33750224693120034
SDI6665,0.5658302282353093
KFV4209,0.6044529327828237
HWF9009,0.670897860660848
KKV9741,0.3966855417861791
YNH0185,0.7365241071316928
PZK4366,0.16258804321175022
UWS5455,0.40888681260992416
TRP3743,0.5490466646169557
DFO2095,0.4645243281364846
JOF5772,0.73895612265972
ETC9215,0.590021758871106
ZEH6132,0.5412882088236818
NAS2706,0.48862372704790785
TPZ3230,0.5749412971730263
WCB9042,0.38621128952689254
QIO7021,0.5714070596297981
IZV1149,0.554406351971396
CFQ8562,0.3273385492490741
VSS7607,0.4613027606011508
CJJ9855,0.3803061370828986
YTY4845,0.3818427376633892
TWC7330,0.5752404485499666
EIB8160,0.40579954311742095
HFY9382,0.41409578565482474
IEE5503,0.4360842489078881
ROO8981,0.42637683199281967
AOG8492,0.47229493588833377
VOU8833,0.588799501337457
MSB7854,0.45891774365672966
YVF6589,0.2347835954303207
RQX6209,0.6150174077449879
WZD1341,0.39866813613899377
RXG3147,0.2633744798981772
SYN3470,0.25796329835580856
DWN2532,0.8570163493871829
ASF5513,0.4544583195548558
WHS9360,0.6593306655389571
JLP5589,0.4525330775406046
OKS5692,0.6729499064368722
HNV6246,0.5640455634041175
HKL0910,0.4360794899202678
BOX2370,0.7402421892363462
AKE0444,0.4273747925124807
MHG0604,0.2735648156461985
MFQ3423,0.6333782293012723
LFK3506,0.7251002547308052
HCF4579,0.745851516550109
VWC7373,0.5463695542132252
BIV6976,0.553583953634898
NTS1702,0.37231672329971965
ZCC5163,0.4049888640524557
OGB6889,0.3203088386704884
PHW9074,0.3746723159465222
CET0786,0.6753017976489264
VEC9508,0.17575657917508214
XKS1665,0.39100943028992813
FUG9600,0.2989780985818213
KNU8936,0.6002927062113659
SHC1204,0.28444326022543537
ZPX2229,0.2730049326180958
GCT2462,0.40465731416593076
AYZ7183,0.6651906354963663
BLE2265,0.37776283929114823
BTF8456,0.4870383699038479
QRG3891,0.5589023751881232
ZEN0526,0.3346560088154537
DIU4140,0.5195669217337959
EIK8980,0.5490466669462354
KSS0055,0.5061515711452371
AZV1285,0.22430082514747843
RLG9209,0.30767011375209136
LVW1887,0.7696821273947323
TAS0098,0.5567217912028456
QKQ5346,0.36181438578327646
LFI6971,0.1917314036786626
BQX0824,0.3725748297703027
XML9945,0.6451790724316813
ZXZ5078,0.5815011046590722
IXF4211,0.558648694433578
KND6746,0.5949191079279773
QQS3620,0.3891421220921942
LVI9628,0.298257753389446
DUI7864,0.650631130174352
JUE4551,0.665625439714743
ZPL2300,0.217752502179219
YEL7564,0.23537168725763477
UGU2507,0.3370823545295657
ZOI8056,0.270078902486096
QEA8664,0.5378543357958813
QUI8924,0.2618743553996502
OQL3155,0.48011813666375924
ZAL5931,0.3421960897099929
IKV4421,0.4028894255064148
FZA4018,0.37660631857784976
KCO2495,0.3381693458827951
SVS5231,0.6800706761792349
SAW7527,0.8016059910571726
OGM2631,0.3821896402954426
CVB7805,0.3654066929954997
RLF5135,0.37382265431693706
NFE1191,0.5452435163553179
XZF7825,0.37136722627941976
ENJ1626,0.5895286310636503
EEF0190,0.33154667769635454
PTB5659,0.3708134892160964
KTA0598,0.4173567455003883
OPH7503,0.5153395191103329
PFB6052,0.5728444327492297
PQP6676,0.2558988618695528
LQY6462,0.4908762802525913
QST8666,0.5578885717589211
KWV7849,0.6104067001134538
RWP7421,0.395457512654552
LJM4775,0.4611229687294845
BKO8359,0.3287018128416851
LHH7349,0.24784987978640965
HHY5540,0.4586113017969372
VRG5107,0.3928053341337178
GTY8915,0.4339962315575505
BKP2297,0.286705644048985
FVO5750,0.6455945432461841
ECD8980,0.5769619586337768
AEA8744,0.419392033841628
DFA1094,0.44711906303197135
VNG4659,0.37961892706769107
BYJ7960,0.5045117847355178
AUX9209,0.42612164381989115
YKV9464,0.23546311766442513
ENV2990,0.35240388576790166
UDP3564,0.4176659447944191
LXG1340,0.4356273396511532
WRR3525,0.8533902843470044
ZRR0628,0.390329502958474
NOI6763,0.6001369466897809
DKT5697,0.8122225246380538
OQW8246,0.4730287971505963
EJC9467,0.6394609026951097
EZC0491,0.32807935282525963
QAJ7649,0.3751305180190291
RNR0652,0.7433278380706906
WTF2571,0.78420637623619
MVZ9434,0.3442926326061353
OJG7664,0.4159008740920287
TTH3651,0.3889379783691197
YBB8917,0.3272590597853272
PSI3002,0.5450226090363794
QFC5037,0.5685903609526217
ALZ0191,0.2668185724019824
HZI4473,0.3828834421171756
RFD1285,0.7336965222276635
BFH0789,0.3560498238866329
JZX9489,0.2590871242978681
DGS2614,0.30742344762122753
VYZ9856,0.3714344957943087
EZM2512,0.5863716686442293
DNH8453,0.3190238287251191
ZQR1786,0.34704760536974255
EUN7100,0.6220322317469648
FDH8985,0.26026819241893184
UKU6956,0.5426493845715603
WCW2836,0.16167052637196444
ENW5898,0.4896404107423123
OSP4369,0.3964957157863133
PGT1337,0.10531899595097258
LEG8297,0.7065393698252806
CEP8192,0.5344472329388898
VJO5168,0.4129053075921616
QBW2877,0.501794075028238
VIQ7083,0.1449257110096467
OQI5447,0.5721695166255004
UTM9935,0.2216019322787113
AGY4559,0.2851582419213725
JOR6780,0.4182864842393149
MPW8036,0.2917139722204748
EBS9206,0.46309792017202306
WZH8778,0.3073612155424305
SDT4780,0.21756880762419795
XEB8025,0.41306182458111534
VLP0594,0.35048894489315147
FGX8087,0.2950508371160304
NZH6934,0.5017976156832733
YME8412,0.484973673309007
RWK9524,0.40142657153575434
RPP9214,0.6085061862600101
WBK6963,0.615654369353994
DIG5398,0.37407642965103827
RXB4565,0.2613364815381265
HHK7103,0.19405808414622674
BXO5829,0.28981926484529424
TGW1447,0.5363160323259772
SCG9633,0.4810935945670492
YRH2661,0.6691918701116168
BWM0677,0.501491144603526
XMI9842,0.4152748184811172
JYV4622,0.6503375683756251
FSJ5438,0.33274894239526365
ZPZ2675,0.45167415880489586
FCT5311,0.4765006110361684
DLU3504,0.4934952656533618
ESU2238,0.8687296154517635
HEY5668,0.7439750370894638
UNN4464,0.4185426156633267
HSF2545,0.24272042101651745
JIA5527,0.17996941241863743
ZDA5112,0.7790625801111114
HPI8130,0.3964215549367588
JER8240,0.8195790889917254
TAI6687,0.3470725881264404
GHY9750,0.30545700753370175
ZMJ3632,0.39705291187329717
LNL3875,0.5072818801437461
KBN0133,0.7264064869160497
REV6314,0.4188257787199974
BJK1459,0.5833994616556063
MSF4854,0.5065579838250908
FWV0487,0.37072224122663294
RGY6197,0.5310164555706568
TSD3692,0.6952385457875757
TVS6288,0.43109797373007325
CZV6542,0.5506846637696895
NFW8789,0.40072705019960914
EEE8038,0.5919926674242206
BKX6172,0.5116777438010488
FUG8771,0.5727073660348286
GHN3574,0.26135438100121827
YSQ3489,0.48168523321447765
ARP2492,0.4458976384845814
QHT8444,0.7114562943276379
CVN0729,0.4408607239114287
EJS1772,0.5226345901158913
SUZ0883,0.1847906781097124
ZVY2197,0.6471742336029462
QDD5758,0.3406361069036117
TKX2350,0.8705984029272187
HRP1387,0.46955724440619523
MWU5491,0.2928875510539537
VBM5950,0.4597593752611348
GFK1650,0.3601669697265669
BYX3935,0.5098162595780185
SNN8579,0.6522825017815014
UTG6923,0.42466678918269835
XSZ7452,0.7782527104158669
WDB2677,0.852254976896735
GEW6229,0.34035787116424276
BCF2024,0.3428757095934566
PDL4276,0.33799527367582555
CBG3780,0.821484703384985
JBX0021,0.3771565387702507
PUC3281,0.2207857977583476
FSE5481,0.5204140188397884
XZU8058,0.5750771794188037
SNX2482,0.5094547491685855
JBY1932,0.31484617291282857
FCF7662,0.26452102340691824
CYF9743,0.34018907241146445
IXO6328,0.7117571685715922
BQJ7708,0.43186018917283464
OTJ3739,0.2347349271342709
HWN7895,0.5384501669474802
GRH0857,0.5123910966730563
BLB3672,0.46811884219295363
UJL9519,0.2630801742709063
TWS2222,0.41455363055491445
JMM6461,0.463633218259761
MIW9885,0.09275970111241981
GJD6146,0.29960880849684257
GKG8118,0.4269103688059875
WLE0388,0.22456924466596873
MNS8646,0.7639594436586228
GRN3294,0.7470044589274895
JUU9607,0.25357450146224253
HJP7251,0.29636227221500155
ZIW6118,0.24493767702748895
ZXD5535,0.7689501388205069
QKA6528,0.5970668019250946
LTG9775,0.38694296459974387
PSG8261,0.58778947565887
CFT0700,0.38813012894074217
MAQ6578,0.5524977149561816
JBJ6918,0.5529053792543835
LUR6716,0.329517646473006
LEO9229,0.7407436969243995
UWO2302,0.46844897579618927
RPZ9969,0.5414408831304567
DSD9781,0.46146267718458645
PNR9550,0.4501458332002386
VTS9332,0.3469578202821699
PLR7625,0.5261880093283186
ODC6962,0.6712801839795173
VHS8337,0.22923951234154316
WLL4766,0.6027657670938721
OLC7159,0.39624562485640824
VEQ2672,0.6801112126226077
TAM0554,0.8067904471493328
FKW9070,0.49601346298949456
DPV4648,0.6038825910124257
BWW9888,0.47855896883452176
NAY4318,0.5180194535099134
CZS0804,0.2974441377989629
UZF5143,0.3158098534487796
JLH3600,0.378652805903723
KGX5457,0.365550766911412
GSP7505,0.48358068750285715
YZX4763,0.37611144402884705
XTX1712,0.4452780937319794
VDI9052,0.7410132383415656
JCG6240,0.6027779752169189
HNT1528,0.3727653857756513
IUV0877,0.6878855797106035
JUB7317,0.29667273629249563
MQY3342,0.5880863094764024
JUR7255,0.4545041863209951
YDH5194,0.5477479261394715
VRQ0437,0.5296510078211416
YXH2028,0.33700687402587365
SHA1662,0.43256636395465375
PDT1117,0.6806233758996779
HCW0199,0.30059507562835097
PJX7205,0.837076389070744
BZH4836,0.5785122335212181
ASG5674,0.5429957699584114
HVV8464,0.638230744981947
YSA1245,0.4041327599339057
SBV7190,0.8340659512026246
RTA4987,0.6784079892734588
SXY9677,0.8321497080836344
ROO4595,0.7765929900256362
ALO9044,0.3358773343095431
ZPB9438,0.2896404391823794
FMM1892,0.19297054088890497
LDJ7958,0.17745846430919074
BYN6337,0.382516182458443
YZY1243,0.31714975503210185
FXS0153,0.3512283449698853
DWV3734,0.46499829469670967
ZFU7858,0.5081364969393961
TZR4919,0.30998511277350616
TYW1214,0.4607369081040239
NUL8756,0.31631505615265537
GHL9084,0.3206979585374687
UGS2885,0.23076602894699386
HCZ7735,0.4340609903718973
VZR1727,0.47147597882763065
JAR8765,0.4557919375737393
BAB6072,0.5450855294769957
JHA7215,0.7261770359868905
XCF6915,0.2677290732559569
CXI7076,0.4955233366168709
CGV3552,0.7189726637820274
TPY0173,0.5525030292847374
XIC4153,0.331600153815406
ZYQ3231,0.13616148462138314
IGW8709,0.31624525057298747
SXW9627,0.8160252325033892
ODC3755,0.5461498401698455
PMG5727,0.6956470529788563
XZY3938,0.40167177625272854
MIN4748,0.337053064494076
EVC7553,0.318363257839112
IKT6186,0.4893059317273751
KDD5931,0.4477322208478966
WDW3223,0.25006969223746534
WSB0329,0.45697514938083766
EKZ7043,0.5398762192864095
QLE5254,0.5160309105215616
OCD4049,0.5599686345712666
YCL7418,0.5986280062180442
WNS4421,0.36240269665430974
NYZ4365,0.5015054439783663
WMV4422,0.31378495066432716
AKT0958,0.5311227862515967
GVA3060,0.7519570278196789
PTL6582,0.6141913414744131
BTB1426,0.6504805917135768
TMX3858,0.48235115154330543
HVS8035,0.5708476736812247
ZJD0061,0.4650186785231006
TXO8401,0.3318518833283317
HQT0893,0.31714812313613705
NNV5095,0.49630643761304305
UAR9616,0.1841689555424405
LYX6274,0.3013158678874054
WTU3373,0.25401449930442305
LRR1839,0.6766275216650683
QXY9142,0.3980746700473532
CCA1626,0.5070017210958887
QUC1235,0.3179818801656747
HPR2520,0.403322244445535
PNJ7376,0.6056218474813359
VQK3788,0.6757246901698034
EJA1949,0.40819652054310607
GOQ2092,0.43859412469464093
TBB5324,0.1123128190460446
OVD9013,0.5770295264806706
KNF0091,0.41455301262563593
GCU0368,0.24311184882484926
ZNJ5257,0.45895783674370205
TRR7591,0.3859278435661625
AQC3776,0.28308844160044117
BDK1364,0.854795012956247
XDY3049,0.5090566429087858
QLQ5347,0.5942598768737317
KLG3169,0.658107326027555
RVT7833,0.18808556721673197
JMF6722,0.18470433838178135
LHH9992,0.7450935696989717
NXQ6998,0.314791476050231
TGY4950,0.43067243731076416
HFI0890,0.5976970213162176
DJQ2888,0.5683402806852719
KJP8382,0.5704161406135061
ZRS5857,0.39970595522412306
QWK4295,0.5849998971173138
GIR9283,0.6645588595704353
OTO3264,0.6168630354150249
RIF4368,0.3907914684407005
NOD6688,0.3145128919702573
WFI8419,0.2878227048264362
PDG4790,0.5337842885152588
LHX4004,0.1299705437413284
KWB6083,0.43894702475251657
STT4648,0.7130496324809437
CQI0027,0.6461849782114166
VBL3943,0.547919194024198
VEI0635,0.4019947604448426
SGZ0280,0.5690811470311739
PCJ9550,0.607573181238064
KBK0047,0.3846389565836147
GWR5964,0.48582476592185087
VKQ5613,0.5299011893390239
KKR6240,0.2677266365171287
SLF2772,0.6224982340049435
LTV5899,0.7745227495766124
EKG3566,0.564416898096682
ACK7993,0.6673121111524142
YPZ4897,0.7328985168950632
SUD7001,0.46438854828144877
VEL3281,0.41558981872012624
ZGJ2684,0.39679909511992356
MBU1497,0.2809751544567152
AAD2883,0.6507632182950678
RMG3845,0.25857205613515344
RPO5835,0.29320889611393236
QVB0036,0.3267486623309772
SEL8588,0.4081147194770214
VND3841,0.7195160985795085
EFO4204,0.21241493721050936
PXR2287,0.28973004770585187
RIR0031,0.44481383974550026
TDB3761,0.7004732431526607
MBI8114,0.5484047331401448
HVJ0153,0.3874408146673155
ZKR1383,0.5557514547251882
YEF3573,0.41726055237336435
KEI0652,0.4364907209619947
AIZ0672,0.7575640881256009
CXX4478,0.7330669748856511
PDQ3506,0.35735467465626847
HWS3142,0.549273278094115
LIK1297,0.27661555286114115
JEK4889,0.4063653966852245
BYO6149,0.5105115385593783
FJZ2480,0.29263776129291014
RTM6715,0.5926030684955217
MUN8863,0.33580927390237025
VGK9172,0.4500330672860951
LHA2788,0.42346797601220376
MID4291,0.26699215731253434
YCK5781,0.43764013670440927
KLV7473,0.7495438199505811
QIL9125,0.41152169124643734
JMG2326,0.25348699942318537
CCL8625,0.6702387907179241
RJL8493,0.4180918777703636
ONI5068,0.6548326173247035
JPQ4370,0.3302555996296786
GMB3883,0.4345002921376573
XNS8441,0.6395075139976228
WSK2123,0.3592570129211793
XUR0775,0.19571877499393114
MGS1115,0.26198343167893284
WKK0836,0.5829965096886598
VVP6146,0.5073461619036401
PRC9059,0.5007172245653249
PIW5229,0.6395293714664615
XLN7604,0.37142640251257075
IBW8943,0.786778139162809
NYY1117,0.22544340006067615
CPN4737,0.4998700057100461
RKL6112,0.5414272039578827
JPW0197,0.2781983614873727
KVR8225,0.49818385352008476
XAH2559,0.5549524295867051
HAT9042,0.35342042055764317
OTL7926,0.27647923750887193
RGB6079,0.43338415279207165
XNQ6646,0.5694386433921701
DCQ4942,0.5790670493051496
VUH5569,0.46978731516211447
DQW9614,0.3322251004962558
LFA5298,0.3766317789156349
KUE8098,0.48833159469608634
WNQ4841,0.27708644808605243
RRH4963,0.7546155095100039
XTN9896,0.45920041698870306
YOU8712,0.43315903639870956
QNO1150,0.3091670153351734
BHL4463,0.6016124554633668
AZV1070,0.41970152734518645
CDX5736,0.23499922859071587
KZL1871,0.6882445534865881
WIN6633,0.5359543065626938
KFX7900,0.4730124054998024
MOB0956,0.5145916452018742
NOF9696,0.3851984185400558
VKN4884,0.4622833571701231
GZJ3947,0.5227340404695994
ZQB3405,0.35919419421981214
NKN4451,0.7829164321529422
IRN8112,0.388787079159913
FWE5356,0.2861694504515891
MJZ7503,0.5906907643612721
OCP4395,0.6680405542800328
CDU5606,0.35072730073863106
WZN6022,0.38731987483880864
WNF3197,0.3538823496048828
GLO3781,0.3699237870732707
UXD5028,0.12078180513963271
AYM9437,0.4100089103125992
FWG2787,0.14997189177270914
TUS9307,0.5462573814412851
WUL2593,0.6896096175114589
EGT7010,0.4947382507490548
IUW8494,0.2711471040766715
MRO5204,0.4951394968437258
IWR1856,0.3013387110716355
YYX2774,0.3242141581434694
YEZ3269,0.508613749665185
YME8681,0.31309085414161975
NGQ6258,0.30318787860007146
EXF5432,0.729276114357169
XTL1593,0.5046401151902278
AQA5089,0.18663759442009026
MVS2339,0.651836883188181
CWV2589,0.5224618899612297
NBO1176,0.5425911911165051
KMN5510,0.5438163001240162
UMU2928,0.3211097241857068
LMH1320,0.4881681474410911
PGU3527,0.49276973316164335
NWK6000,0.41811577830663604
RUR4149,0.5021794414809666
MWZ0284,0.46296840495314595
IGY3677,0.6350191828302637
KGJ9267,0.6836379845333677
TMK6440,0.46899720934418926
UNJ6623,0.27771429673168135
SRG6618,0.2156856847569432
GSJ0468,0.26695746458766206
CXP7063,0.5264132706947867
PVR1377,0.532426805789814
HTO1755,0.31568232774176497
AMS9709,0.4638123096818347
FQT0432,0.3176373479654007
GRA7225,0.128382058450643
QOW7293,0.4312355824756412
USF2198,0.6240091519670661
NIW9339,0.3936904063925798
FRG4201,0.3498495160950574
FGI4742,0.753537638046756
JFG5680,0.5586063705023735
QYN4491,0.3733014996683594
NZW6090,0.5108961780692186
SJP2560,0.5770014253693084
ZYK6879,0.5385178227756864
YMM2910,0.46942291857400686
TTO1527,0.4877163849925508
EML0665,0.3282976332937626
DPQ4018,0.6592052610028468
SSV8285,0.20031948578353026
VID4694,0.40286726571851017
BZA2279,0.47320183033673857
KNO1025,0.4450805699353453
YKT7191,0.4822933423184277
ZJC9138,0.5376244928141369
ZOK9565,0.1434411151768781
GVR4749,0.3760069024796188
FXF4569,0.6057891706963794
CAP8569,0.3164121468542809
XFP8700,0.7309618317443164
SVX6880,0.5578758925681556
NNK0785,0.37401165849872553
UIR4154,0.353878308138534
YGN9330,0.30965155646348796
EBR3020,0.6276553624299382
HCE5651,0.5087962648650147
NQC5999,0.5106735264719618
XGY8160,0.5060052140163063
UWL1133,0.44905648872452164
YKI3142,0.3639768255678377
UCB3986,0.3512762927929099
SYL2415,0.2377793056917671
IPW2222,0.7331280531181639
EVC3607,0.40600637070419926
KOV4171,0.11781338043333546
XMW0193,0.16679848714183101
YMH3925,0.49679496473560686
OZW7701,0.5385924414191661
QNF9556,0.3492851632645398
OTV9414,0.5508502144574797
MAR4449,0.6925837368682545
NFJ2056,0.5099984942848278
HCU1891,0.6502133051556275
HGO4994,0.7733243505109276
ODO6798,0.2973961541378727
PXX9750,0.6997537943515113
SCN3025,0.49312428412691006
VMM9927,0.27660492051719837
TBG8314,0.7725495592548322
URC1145,0.534593761533901
CSW3521,0.6118509343928907
JBG5644,0.7140058561808428
KXG4715,0.4547538423998559
CXQ0417,0.6889905960342226
GXD8597,0.27061396184807757
QXU3204,0.2553015244181619
KQF6775,0.7150562025457856
MGJ6981,0.14384745793636178
IQW5637,0.5580427043450262
ZXH8766,0.622413222752851
XEI8670,0.24571604263765984
CFU7715,0.34632519567956344
INK5005,0.38931647796467134
YRM0155,0.4450801406419062
VPD2395,0.6663903666355868
DCE8682,0.3578613770930576
UCG4005,0.2955112082121645
ZSI8588,0.38967726662913843
MYM1218,0.6712243160593387
MDF8209,0.177022812614066
EMG5177,0.32413656141748853
YXP1936,0.5051200870111133
IFQ4336,0.3143478536190477
RHK5615,0.4717039513655327
SBA4095,0.3093303511645025
VJA0906,0.36885308209718787
FCB2951,0.6372594203093356
DBT2207,0.3426594627043275
DZT2636,0.40995733277963264
TYD3220,0.3969680546710875
VYM7787,0.37039409843174487
REK7574,0.3135078064001337
WXF7530,0.6170352272216183
QQQ8118,0.324939330594364
HTU2108,0.3516668203116878
NFJ5599,0.5879563684626444
DBL7406,0.48655290288867786
VID4590,0.43112829100331523
UAJ4265,0.15055811341084305
EMK4872,0.5650922190878117
DLC4330,0.6074862377495642
WOP5017,0.8094880364882158
FJM0195,0.4995401111726968
LZH5232,0.6785885025811637
CBX1499,0.5301943812986154
PBI8593,0.3686450625087793
QRE2315,0.7081625647680012
FWO2121,0.428624956160891
MCH7129,0.3806710130268529
JCD3244,0.5345684851744512
GEY2384,0.3638640232121207
EOT0800,0.8509532816155861
CAG1966,0.20602981154749206
XOQ8267,0.36556395110150197
HAO2179,0.49890683114003775
YFE2987,0.3556862047642318
AQH4113,0.35840660540818653
VPC7784,0.5551289003321824
GAE4033,0.3524411575258192
HFH2832,0.3484410231163642
YNA4748,0.41493521432777103
GPY3239,0.21322157777762257
DUK5098,0.6990005571642711
EVD5179,0.4438738150310776
ETP8404,0.3267139117483976
DDH5472,0.2917917212057164
FRJ7037,0.6455119267293106
ZZN5264,0.670708286349622
AIL3984,0.5540957624060546
KXO1895,0.48204700776795717
PMS6371,0.3287001686411699
GYC2314,0.6223840995728604
TDB8324,0.2549903328603564
OOS2267,0.41164402137029105
NFA0143,0.44645939260146056
ELV9312,0.3464201771504747
MPB1578,0.41879276006730914
LQI3770,0.37750632212322266
SGE1895,0.33987243711701276
IJL5437,0.44731322493489983
THL4535,0.4211884769525116
ZKV1212,0.09946055527244946
NZM6805,0.6233434766381161
HEB0012,0.5673507684462096
CVY6425,0.2866509644825668
OHO3705,0.42715720443115207
QYL9334,0.2530477454420745
VOQ2687,0.3277904947782628
ZPM3046,0.2670784963396165
TXO7147,0.40873841768963065
BFO2223,0.24255266439090556
MYJ9670,0.39318720686788056
NDD5717,0.585682940246993
KDA4285,0.33765273528697937
XYI8525,0.4148445492456014
YCG2282,0.4498127185495856
ETL2773,0.14149600829875544
FOH2598,0.456262572348798
IDO4690,0.27634355781429126
MNG5618,0.299383672675626
ELJ8701,0.5122520927643902
OGH1319,0.7616567595343776
KYT6714,0.4412538276649605
MHT6742,0.28223687939309666
TKN3033,0.3524493646838821
ABS7187,0.5703240758521357
TVE4444,0.6189363332312205
JKT2068,0.4300750491138374
XZH2442,0.28173037663033695
QLD6078,0.3692788714105505
LJE3409,0.49886273394801717
LIS1441,0.685050904731288
NHP4867,0.6354198902001268
KPN5066,0.5687264881047074
ICU0848,0.22663624946169636
LBR0080,0.4172219865943084
CIV5777,0.3911253978263911
CCS0209,0.3933125639951899
UUT0371,0.46470976162935246
WML3891,0.6738091268451535
ASJ1462,0.2276915732926857
PUO0647,0.5867984830689874
GXH8163,0.4462316022535192
VNC0540,0.4526169986172626
AIH9575,0.5348689117867439
OQV6885,0.592005975310279
TEF4500,0.3446489637717943
PNS6387,0.26919540499532135
HIP4893,0.46037825041483066
QYD4372,0.42532316810389753
UMB7309,0.5794504555696142
UUC5284,0.5588544023746308
NEE1107,0.3094931757262883
CFX4186,0.23179490778965753
ITI2049,0.47536714000984304
PKW9888,0.36176999343329364
CUM8119,0.2272975026825097
KOQ9260,0.29228287491195154
KBD2546,0.3118302895275329
XNO2459,0.7456827880727448
OSP5135,0.38816296905724473
NUK3247,0.5109600480041789
LDP7138,0.43061395209147324
AGO9562,0.2632137565322198
EVF8193,0.4912047556503742
JLG0654,0.3501669648347921
RUI6084,0.23928012810346735
POJ2149,0.8116344060703257
ILZ5501,0.27650549927828544
IDF1632,0.6820901030170374
NTI7053,0.2831393724736732
COB7179,0.5695333583584731
IWW3189,0.41234601283323097
XZR3521,0.7052594201690829
LDX4603,0.4461326205776326
COL7939,0.28380924887392145
BAY5313,0.3837748760230425
MWQ8997,0.4457220433171225
QTK4473,0.7227807318606466
ALV8552,0.6229988645282135
VPX7439,0.6848975748430682
HLU8266,0.41339710872999036
BBH4360,0.312005579414504
KGT7542,0.15299190642235508
UKJ5118,0.49480212069543866
DHN0432,0.4050920013010225
DQT3826,0.6466534921533729
SUH9864,0.3478720845075692
SQU9444,0.580770650310146
LUM2519,0.8293011307118937
OQJ3928,0.3936871208838153
HPP1357,0.362843898462327
NFN5277,0.3112460094285971
TUV0623,0.6372042733556162
OPM2941,0.10211109285266194
KOQ5431,0.6016901484782393
GAP4265,0.6263921190069993
BNZ3638,0.29580332229104417
TBJ8716,0.4513383148380611
HWJ0779,0.3387277160718291
KRS2351,0.38570504859242516
POK7367,0.4206858451573907
WGB8580,0.47451979310343106
OBR1097,0.26027601371895864
DVA4039,0.47598085700968523
WZJ6385,0.45011919385009075
POE3029,0.40277645078506924
VBV5612,0.3927725178139051
XQL1805,0.5895564722724596
EQL6505,0.6737567387290214
YPX7414,0.39278484137152764
CIT9706,0.35253097299717184
PSE6800,0.4720100583535099
BBC9404,0.3838402644944373
JRG4072,0.3300821596751591
FTS3076,0.5008868890004741
ZSD6556,0.4507207148814579
SKO8584,0.22824173583222662
JOY1325,0.2914577306989868
YEY2871,0.6183188618060895
RVO6834,0.20711204919061302
CLY8255,0.5459391698997452
ITA1163,0.7988556304759669
OTL4174,0.2984892142151336
HSF0753,0.6306036975432001
DXH0163,0.41365277693129404
KNE4050,0.8205100168781361
WJD3556,0.2979676769156443
ZWM0368,0.6166012240935573
JVL2234,0.42317930299721745
TFL7433,0.34714870084725996
RPO5369,0.5786060199421706
PMZ0494,0.7619719416461183
AVF3622,0.3054430443838048
BNC1936,0.30066774212607067
ITO5690,0.3163496197735791
JVC1192,0.3595351145301186
WND5424,0.6329428911907211
LPV6023,0.7199515562214268
RMM5581,0.5049973839619527
MYA1487,0.2895635889802854
MQJ4227,0.30909587606938627
ZVZ0289,0.20245885069035807
BJO4950,0.3605874474780784
YJP3297,0.5835279165780094
FHK4733,0.2934407577405133
SYZ5307,0.234091747021908
VDD2367,0.4475681950622458
OZK0553,0.37345448310955887
IFM9840,0.3991883746956762
DYP9712,0.4976190307350463
UQB7091,0.5490399561522035
TKH8797,0.578826486555478
JOL1871,0.6266049685000721
ZGH3464,0.6217461150915575
CPV1788,0.8481334764305869
VCQ4561,0.7680429786868705
XVJ1667,0.42346150065634336
THF6432,0.38531945269610174
DBL9760,0.5856544933418608
TXI5549,0.6332431784934864
DBY9220,0.3387679911202168
SHM4954,0.20386500587483206
LAV1102,0.17246764510471024
IAP7997,0.2823754600828194
NML0074,0.5565399422053086
TFB2931,0.6857085680992817
KGG6179,0.40267954977592085
FHK0449,0.6319294498574937
ZYK1198,0.6996956111368584
VFY2783,0.4316742567842971
AWP9999,0.4607174116081703
SVW2890,0.21572860245352773
GQP2345,0.31653684445496416
OLK6065,0.1162175571831075
XKI5123,0.4329963720251404
EGV4508,0.40448132449303453
XIR6560,0.41964645139240964
NFK2500,0.39135285550645665
INK4396,0.6589786960597417
LNG9379,0.4556203624491275
WYG9998,0.47948185306109214
MHJ5555,0.35755233011144905
CWI6595,0.4831902434033602
JLZ3995,0.2869265944239158
GWN9320,0.5985152638462689
QLI3415,0.2921545868497316
ZAO1147,0.3856746390562269
BJA0530,0.31126512143406915
FZH5135,0.16889332944093544
ZCK8951,0.5412569742228519
UYB7252,0.1360502253700949
KYF5284,0.33021073345791735
LZZ0602,0.32380816301043164
CRE4975,0.5605167800123012
WMM8716,0.33971234189543037
VFC6338,0.34471889849980686
BOH4540,0.647219269632364
MNK3254,0.3247324872967467
BOO1830,0.2273159981522686
VLE0062,0.508902635910242
BRO3922,0.40412456097850774
MID4006,0.37172060567488757
PFU5510,0.571640778424196
AGD0324,0.25169328152195897
JMM5929,0.3981733142936374
NDN1828,0.6197042244178687
ZDG7808,0.27246358628933065
SET0702,0.6454302960529037
DFO6845,0.42936003874662326
JKN9521,0.166188666319699
SHS5892,0.1407051382650712
CUR6928,0.5334740268146634
OBK5676,0.24778975987016302
WSV6530,0.2340734328712687
CBK6753,0.6770252415290958
RMB8469,0.5162671845149089
ZLH1705,0.6675877007358648
AFN3652,0.3808320680447563
ZFW9194,0.3158324105215143
ZKJ5260,0.2750666542892256
TTT2711,0.58353374449371
BBT4470,0.6120908339426641
SFN0970,0.20684270011929054
XQN5432,0.6941745214798982
COI7295,0.3579606386293989
KLD5054,0.6097876812360317
LTC1596,0.37200416522479196
OSI7867,0.33951121627700326
HQQ0270,0.6699070363575319
FAX2339,0.3428152792355073
ZVT8721,0.2965867657721142
YPD7990,0.2891188823904635
OGM1192,0.5122630912843512
ACT7257,0.4518823388964371
UCE1234,0.31817170019269025
SUQ0374,0.23029895441810413
MVG3260,0.10683409338588636
ZNJ9314,0.28534972894387123
OND2913,0.6163758718111148
ILU2951,0.3994049767678132
ILW0381,0.31481127367738515
ZLF5237,0.7281536304879124
UNQ4162,0.5633533259413928
HCC3659,0.5722730644678927
KQR6108,0.7984769588821183
XLN8445,0.4051207390796432
EPR6798,0.19187883217653323
ROA3504,0.6199786931267866
GEC0457,0.22489481145341958
XED9607,0.47103851462131807
KOZ8984,0.5264607209050627
ZSL6084,0.5540981821966827
VQF8684,0.27706024993021583
RPO2216,0.37694177759299835
UYB8063,0.4709049087254707
EGZ4796,0.5444625621742433
SJZ8252,0.55390343181979
OTA2435,0.6900729639342658
ICK1089,0.6913229682517704
ECO1908,0.23035267937640092
XDZ9260,0.3235729737033165
XLJ0410,0.3705423390833355
LSM9312,0.7107854828457066
MMS9463,0.7280294838996563
XEI6088,0.40030076243151064
BUF7457,0.4141743745244988
QGW9320,0.5977905457916631
LKC2597,0.20944802950494742
WMD0994,0.5941075177107294
RRB4455,0.34650125305860097
YYX1233,0.1519115447335332
FTW2672,0.3079173186679811
SBJ7249,0.6881082604684267
ZJT9580,0.27594346884084464
YQA3054,0.476482516771278
JGJ8412,0.7900989649065397
UJA9657,0.37860691432644805
KSI7132,0.24254789245902944
OGF9018,0.5918316464817139
KHZ9617,0.4061242735655401
RXI4358,0.5781224186269087
QWK0300,0.18785042047364797
BLU9500,0.2957986094898457
MNG0422,0.4653503358025265
KBU8158,0.37074001320986055
LKL3006,0.818551114342693
GKL4338,0.48475962081518226
JWG6293,0.1177036109355371
QAW2515,0.7678217620107585
RRF4752,0.39892836097140066
XNT6274,0.755488490926025
GNG0750,0.3636268657089525
BYM4470,0.4166456690570345
PFI2164,0.5211389662987593
YVT0040,0.727382530758849
BIW2656,0.1746958836082682
SJY1333,0.26443612678401834
KYP7177,0.7162809649609789
HWL0927,0.3986356586559455
WZT4945,0.509372915441837
BEX3325,0.10153606959200699
QYE3536,0.3652463880704826
RSA9435,0.44432748140984407
KMX4023,0.24963932780971884
AYW7072,0.19917583391000845
THU4995,0.7400450633918584
DCW1135,0.7003032562351678
LOG2978,0.4803584084837614
PPP9475,0.34786005497265854
LVJ7546,0.2929797498704482
LOJ1062,0.6817518150762308
VRW3439,0.519304796082913
OSM8631,0.1424689174316208
DEB6956,0.2675066338019607
TLQ3678,0.5738018414463448
NIJ0124,0.5390758076864435
YVA8893,0.4924115180599743
MWM7162,0.3489145503090436
BTP4984,0.34862261959520646
QLZ5480,0.45926183205126275
MQI0456,0.2803512148565496
JZB8717,0.21994960391887863
SGS3243,0.5299377712036212
ECG1932,0.4262604537565173
IKL0922,0.37839427469535997
ZEA8656,0.6870506465857734
PQJ3332,0.4126839023956466
JPD8924,0.5339626780963833
UII2018,0.6148589602832274
VOY5170,0.30526079611864715
DIX3994,0.4172225408069171
YYN4667,0.39111319348777074
RTN3895,0.34711438900369346
HWA2899,0.5255931856638789
PFE9704,0.2634081603542149
VSQ7496,0.34171865951337727
ZFZ3363,0.36205131925259276
RQN0784,0.5859950072441926
SDA6052,0.7245630420439056
WZP4660,0.1892770543960412
LFM1956,0.6241819614525553
JGL9272,0.4636947362755993
GYE1401,0.4909035788002433
PXB0812,0.713992570999249
MHM7208,0.47299894479373333
JUL6037,0.7700713546507832
GKJ9414,0.5788471611974592
KMY2541,0.6818370925912489
ARB0479,0.211683303223727
ZOB7169,0.4825439349719644
ASW5148,0.2881030989333379
ZDA2366,0.3662870636422636
AVD0872,0.41158778886495784
CCS0420,0.27565243054811084
TTE2860,0.5485614180325806
GTY0260,0.4059145007739938
DXE4385,0.6395892158488018
KUQ6497,0.7224864686813264
SFP7730,0.6076536649392292
CMF1328,0.3414229976556766
LMA8748,0.7991043349713601
VGR6653,0.3640196711920189
RGZ9524,0.3916982617323403
FET5502,0.2575412784140223
JEM2463,0.26931729263132065
AUA6044,0.43203960046350354
HPL9647,0.6010576608768514
BPS1507,0.30170078228131947
CYN0995,0.7722154196670453
QHA8114,0.2928052884708067
FQC1777,0.5226245212342052
DBS4086,0.38935332518953447
QVF9227,0.4120008013520012
VIP6915,0.15125565373096214
MUD8340,0.7607708913452601
JQF8966,0.21111438280120542
RQI1364,0.5772440565207705
NUF4509,0.5313751192199445
SWZ3190,0.6289030818202241
KXE7933,0.417834840987291
EYA7729,0.6828899891653432
HYM8302,0.4671360652439639
GCB7154,0.5319596357907801
UUE4847,0.38395501249082764
KVU9663,0.31934242302784305
CUK3424,0.4653500341325845
NUI5688,0.5308691752720728
CTV6017,0.49881594007195346
DLV6265,0.584022010483785
JEW6037,0.36406881020580006
RVI2343,0.6356549200783567
VZD6811,0.435193117913828
NOY4863,0.5479231121558611
UCD0369,0.5499489861943995
KOQ1845,0.32497409748521733
SXK9864,0.5780583907855097
QWH1123,0.48597313220087157
KET7710,0.5602380599658919
AAA9588,0.7200099654505132
VMI7234,0.6217207690254556
MUP3281,0.4174559341052368
BVN3042,0.3065189546236889
IGH7033,0.5267958724817359
VWJ7094,0.43221044490676125
HHY5559,0.47794797142932005
ZTO9615,0.5142401113016797
TXZ7480,0.7172938867644032
IAV4641,0.7777229041606594
YTB5875,0.6177884517326915
ERO8164,0.6547186387479675
EXI5648,0.7775765891823749
ZIX0400,0.45239451100252037
ZBA8054,0.48407668794811454
IJQ0067,0.28213969222168567
MHQ5990,0.3816957389344975
BCI3337,0.20985655528691516
SEY4573,0.344575233966352
MDI7427,0.4620006592294143
EKB7410,0.5098828980219957
YMD6194,0.6550965025886698
OXP3211,0.5536115767333971
EZU4202,0.5445835003102483
QJO6550,0.44730756996057885
DBY2718,0.39268040804354376
JNH8313,0.47351732772274485
UAF9340,0.43244747623417884
EAU6080,0.3627094765618416
MNJ5531,0.5215349511265209
RNX7667,0.32642345717973337
ONU6035,0.4354824605639096
BSC8810,0.45912606095827135
FBQ9869,0.5020019881773315
RIQ7033,0.37649877943683135
LGC4819,0.36086195123058
EMS0266,0.5878783966485406
DXC6825,0.3119215607158858
TNM0466,0.5947001048704254
LNQ8961,0.2221489342289991
RUP3769,0.822437169311105
TZX3040,0.6403162231294777
EVV4409,0.7404104606614749
QRC2600,0.45354235188803926
FDA8093,0.8481371006205582
BAS5021,0.8174287503588493
URQ7179,0.5842519253334577
EGO7411,0.5472392043822654
VZE2929,0.38815152220695714
GPG9657,0.5779418810413139
UXM4472,0.5995535803403035
GYF4105,0.5125567468739993
PKN9430,0.4090612565538533
GVW3536,0.5143842198846678
MXB4178,0.39884706593824903
JZG3275,0.5641081856816651
YYO2395,0.37137262129948856
ICC2081,0.4006920280617121
DTM0924,0.5336736752598925
NYP4516,0.6605674991302726
UNA9848,0.28296992599578363
BYB5464,0.5885334134423867
DKO1294,0.44533440146279946
PCP7504,0.17919208611769116
IJT3111,0.5452714282664342
AAK9116,0.3119102761842169
XOT1298,0.5427825919455738
QZV9383,0.8473650363233595
IME2259,0.5735912445959803
GNN8970,0.7240392725844911
BQJ3332,0.4562389803956235
OXP1204,0.4478930387466308
VNJ4126,0.41331728324035044
TWG5565,0.6354979807550544
QLR5710,0.7417021864511028
VJD8728,0.5231799324695663
VXX9955,0.4117891683353113
QOX1929,0.14760866028900466
VAL7213,0.6911305211246439
PDX5198,0.3246173086285034
LMM2608,0.5332644311286951
DNE1153,0.26138251204115326
AUO0261,0.43943760409910565
ATO7516,0.5743063352680627
ZHX0628,0.6895105650887526
QJF9132,0.6655058368613476
TJY2251,0.6698252963484033
GVH1191,0.529436960143207
VNG9948,0.12714143134327038
OJN3679,0.26544228649218415
CLS3261,0.46140943973827836
LED9519,0.5167949587671202
WEQ8487,0.19976103574274298
DEK0926,0.32735768043158014
XUO6581,0.6143013161256891
NXY6607,0.8705318717355316
TBC5887,0.6039749873465913
YEN9422,0.59074661550622
IJQ1845,0.29689245745581627
PZC6928,0.5246473766464627
VUG5620,0.6688164888152995
BFK1815,0.5185423356160888
TDA1980,0.45787738550741425
TOW5003,0.2800001838202598
OMN9815,0.2108667164643571
GRE0617,0.5018166596244136
JII4592,0.57026344059061
AOO6661,0.15505810213179658
CBO0620,0.4982339356183877
SWB7719,0.19669729472012845
BIT4693,0.26499854078028084
MIG5603,0.7817369073070253
HBV4213,0.3887333112914147
OET5314,0.6061865857142648
COB3315,0.35902779135180707
RSY3697,0.4933569644897606
MSE5681,0.590888688626925
MMH4276,0.3374636477953557
PFW6501,0.4851380446726484
ZSR0004,0.2018828973300338
GKH9197,0.48926596792617205
TRV0849,0.4988044463210376
SIW4146,0.54311349484155
KRJ0667,0.2435772052239379
DJP8752,0.417363688480631
BJT9550,0.6000808807901438
VZN6590,0.42353463747286313
JWZ1931,0.5420320178173337
QIH6605,0.19756782966113634
YZF6523,0.6781746106792635
QKG9178,0.16665254202144028
QIW2111,0.19488800646279028
SQM9169,0.528246998856848
OVA8898,0.6059858529768825
YVS2362,0.2548680212597469
FVO7749,0.5265457654923847
NNU4088,0.1715019497431294
APE0586,0.22950624844788467
VSX7592,0.4287450899207209
VPF6231,0.5019447323471896
HSR9557,0.14815524137510372
ZAJ8603,0.19934940396101536
TMK2376,0.3494481079968537
GLJ6382,0.6081648256278228
ZLQ2374,0.2547308376020355
JLD2056,0.21182801965318496
MRY2653,0.3724482230499736
IKL9848,0.35834867730587033
NUU8477,0.4524155158700051
FKL4317,0.5675225812374965
PPW6729,0.5489628259984265
SQO3135,0.2113758689018684
TPG3348,0.20571848230306186
PRV3805,0.5044679958166343
FOP2376,0.36650761879643096
KWR4841,0.48996271186087614
BMJ2460,0.5214389636136085
JAO1630,0.7863528394664352
NZP0982,0.4133020789379686
IZP9673,0.34397618575300876
AXH4205,0.6030276940249986
EKY2953,0.287874627986878
ARZ7146,0.5092658815686225
AZW8658,0.40047393354959687
DVA7837,0.5440025014996623
FKH3342,0.48068170642928115
GTJ2409,0.5663941808289332
YKG5133,0.36152966179086604
HCF8656,0.21100159811252883
CJM6032,0.42358136552959375
PWL3400,0.3983334800941406
FRN6924,0.6552940529489876
JUY6087,0.5314655978153611
SES3445,0.5564890114257905
WGI1556,0.19540160514105182
JCY3296,0.6574109111997235
ZYP6649,0.26444430531557883
AED3703,0.5824184020263593
MTZ7722,0.6504936473639837
BJG7415,0.2388255006822035
QUQ6472,0.6047997255638276
ZPH0403,0.4616353484442798
TNT9669,0.40639617090111924
UPQ7495,0.8169034593726798
UQN4012,0.2587526005025249
TTO9584,0.5295695016750693
KQR3390,0.508747142854812
GWH4376,0.27025423799300563
WBC6848,0.5829416466310825
ROT5760,0.4198634470662685
ZIR1901,0.6453125034754971
ZMP0907,0.5727990504266802
EJH4064,0.7428721339012823
IAA4193,0.5091643223131685
JAV8082,0.6960703797859682
BZJ2124,0.5027855547460344
BHS3652,0.44530686083731913
QGN7269,0.3019421374904282
BQB0802,0.4124080208984848
LAN9368,0.25056122942639125
BLR4102,0.5045697325746
EJL9181,0.3770901713613147
CGJ1367,0.32694639243872997
YGM7289,0.6744302600642761
ANE4633,0.6801283028493103
RVJ5763,0.3655890167116916
EWD0068,0.43733831672317713
KIU4194,0.6302024860178704
QUK9800,0.14080599169057498
ZXV4730,0.24849847361669614
LVO3150,0.6470419044725272
AHH5972,0.42998714006354455
XCC1590,0.6214463777563907
GFT3151,0.5191021908026433
ODI5254,0.5084755842277775
OHC5461,0.16066385797776506
AAV2795,0.31576170046946067
LOZ9316,0.41922704523529025
KWR9727,0.2342546894984166
TPP8062,0.1244790406683337
AVM2870,0.6346716526225997
ODF8635,0.7436361948893682
CFI3776,0.3756815952289955
YFE4650,0.5679087670319495
BCO5854,0.7425946848476876
MMN5992,0.6309928667420316
BTQ6212,0.31135018832363476
VXN7611,0.7605079728289071
HXL0687,0.6851859927812599
HCE8316,0.4390363481804865
WZS2541,0.29415196518730263
VPU3401,0.5389367853303939
VEB8716,0.6476550751142297
CJV7406,0.5379957775382201
RJP1923,0.21590561367531885
KBN5171,0.3898273604824345
QPB1565,0.24207067650275452
SHW6134,0.374148744740829
PVV2656,0.282335976391092
GBK2327,0.7237651304562916
GSH2269,0.42259370230222565
HQH5342,0.5177234993901151
IOH7276,0.38436770227742595
EEF7466,0.27676639061873826
VGV8594,0.44755019912843264
QSY8941,0.6408327967903981
NYC2081,0.42219042579723537
EGT6687,0.6341321688711801
OEG2338,0.8041638239321784
VMK6024,0.2011045993177933
AHX1094,0.5059176294666257
SMN2302,0.7296004470124493
WBO6639,0.3475347001972201
DWE4874,0.4396398560123688
YGG2124,0.27319392680497073
DLT6927,0.5979319881888587
OMQ5213,0.499756422701458
HYN3175,0.4228254658180902
MXM1386,0.4315635781725269
YOE8273,0.4121426725703586
SXH2889,0.5376022995802178
CXY0805,0.7245075996615855
VQM5812,0.4588580276526949
DDA7524,0.5726156014267608
WOD5143,0.6472585051229545
OZJ5660,0.5259845257358848
ISX8503,0.6996490009986386
JQX8638,0.4550202512833799
YDL1970,0.6997846845652617
WFU9294,0.21725521691098076
TPM6484,0.7003276123472705
AYC1772,0.37886555300105307
KBW5416,0.18685014283701476
KAG1205,0.3161004519988562
ZVJ7299,0.17227628758333885
JLE0161,0.31884438450204405
LEA1423,0.7256574172206399
YBA3882,0.44823443938719626
UHM9085,0.5866029736061263
MIL1434,0.7982024598318971
XPQ5985,0.48701394654118135
UPN6139,0.23686008212877552
WJA4580,0.466699820132438
IMT6969,0.32669866612943826
LIO2897,0.4619244794014116
CXN6801,0.36411726997602806
BLU1556,0.7737771092065335
AWG3946,0.4919002946763363
DLQ9556,0.3731010061987282
XEU7488,0.59944322821964
FQU7276,0.5105960760022621
NCY7459,0.3786221999286912
BCV7892,0.7641828929294455
FLH4618,0.4376461805055296
ZVV3028,0.1989009417937977
QZN1601,0.6934122342829334
XJZ1637,0.6975237281712531
SYB5040,0.560474869694074
MAT7613,0.32952871707303977
NGH6801,0.4963374444143188
ZOL0059,0.5112103988683634
EXA7114,0.5036636425708539
CXM0142,0.2870288072110205
PJS4371,0.5661596317255648
JXR1657,0.7934222644529795
BEK1391,0.5919445889147541
WXU9583,0.20486962041186044
RNZ7098,0.6789339826430354
PMS0890,0.5966392676589714
AQL5980,0.7577121416036637
ERS2016,0.3610975765702768
ZOH1839,0.15436119461088788
FVX0195,0.4192778874226516
BPH3648,0.5097273182095057
ZVF6316,0.3231827605973646
BSK9724,0.7343981883264858
IBD2355,0.2460352372261758
CFW3424,0.45837445762428586
HXP4535,0.35760934811758477
CAT0625,0.5620326222986616
MTT2731,0.3751196471414255
IFO0991,0.36684037266691566
GVG1586,0.5087153210058517
CFC9673,0.20444600929021864
TEU2111,0.6794700866434854
QPS7127,0.300802060633408
YBV5242,0.6600523982601993
KOR4670,0.5214229671501566
QTM8492,0.7374208289865668
MYK8510,0.29056339986325064
NAG2773,0.5454676527955408
PEC6263,0.5026546286171707
PGD1204,0.28658551105594554
LGI3912,0.7304301048244108
GCF7357,0.5048972891512841
OQQ3585,0.5130952042066675
ARM0626,0.4150487612205398
IAI1021,0.6409927556381919
MFE2142,0.48845057636985373
KPI3589,0.34456298704921184
YKS7999,0.3973599077113727
VGQ7720,0.8290761552515281
PWY5428,0.42025120063555294
VAS9650,0.3776522794159879
VTV0991,0.5735556728901768
HQA7458,0.22414095302005438
LSI5734,0.5782543529736783
OKO3668,0.46953205705410017
GZL1877,0.571154499488097
KWN6422,0.3536107173507001
GUA2567,0.3179490124171418
RPQ6675,0.5274187093594145
YWS6693,0.4437665431733472
MKE5428,0.30881870984876236
LDN0458,0.422459355493377
GGQ9031,0.3491548581798642
EFY2280,0.18379697846277254
GHV1064,0.3078305409933019
SIT8510,0.5879597580555725
LZK5720,0.3087128186557219
EYY4984,0.2479121621416599
RTR9720,0.1326335437934442
VWC8361,0.3713581652748064
IJA4476,0.5972929863842209
DUM8709,0.4300539561985525
FFC0445,0.4843346722493247
JXW3652,0.3909390327337202
YMO3299,0.48194099515365085
NNG1473,0.4160674060504141
ZLQ9497,0.37627295619360246
CEG0886,0.24794499663803027
HDH7352,0.5173868244001422
PFY5839,0.7121464473689109
MEK8334,0.669958040897514
NMS8978,0.5281361565227299
IAK3961,0.33022993323718086
ZKC1865,0.6475472636400761
IZE0994,0.5696884663620061
IEF1735,0.6179278033897712
KRJ9966,0.195887068046899
UTW1027,0.5754497289997482
SZS6272,0.7492280144531683
EWF4567,0.6274510643064884
RPO1618,0.7320570210453542
WPH0720,0.251989305564731
RNX3075,0.6483095897627791
AEQ9742,0.633460301725701
AXU6734,0.5151136127829767
YMV2014,0.33903154605502694
DAI6955,0.3217423373914204
ZOG7564,0.28729175551074765
SEZ3317,0.4175272635915005
MUM2400,0.22016993080359593
OXQ4007,0.3476033781812515
YFW6128,0.645056416474195
JYG5473,0.349985023458879
LUO0745,0.4125030765625641
ZQF4174,0.3385427688629768
IQD9173,0.42249982008510734
GOI4498,0.5026481635531177
IEA3699,0.2296895787547242
DGM0987,0.48744941433093164
NEI7370,0.2865221654678185
ERV1656,0.29781236245459203
TKS3561,0.2934010958327551
WLW9309,0.5709113190159185
CGJ2857,0.6701327164234891
TSV9145,0.2526612633247505
UUQ1311,0.6051782878755734
UCK8281,0.6632325370763279
XPR4649,0.25116409579458343
UZC8409,0.23371033915260453
YQC1970,0.4002694969447014
DFP4363,0.18885141090887186
QZS7440,0.143845111545997
TOP7250,0.5542022283324886
GTO4021,0.46180078138311337
MAY7087,0.31029580611687274
JQE4302,0.591921927924751
CFU3071,0.41927748821877703
OLL6961,0.38157193674553347
PPP6269,0.5852008308051115
VEX9118,0.4216109807071207
NYL5099,0.6136897652677084
YGL9131,0.2686830448506008
DGS3906,0.37401099286043177
ZLO3535,0.2504025523600417
FZC9071,0.42922460843295335
WMI3939,0.3449500538707818
JPO9622,0.5638626148586755
VJO1435,0.43071450130950056
MEE0643,0.5776281296026495
FEB8548,0.6235541512912143
ZHF8378,0.41044064745439307
QLA4090,0.48250452053455595
RCB2810,0.4710928285195485
ALJ3904,0.17413535895723828
PNR8169,0.6100482660975626
PYZ1926,0.3816367346073999
UJK4426,0.3578503350995067
TSH1599,0.6262476064601896
PWK7163,0.43847106362399935
WLA4833,0.672233844400456
LDO6548,0.2581716659895224
FQC2356,0.44574136549707655
TCV7063,0.6273471054333548
RVQ7144,0.4740370169870904
CKZ0327,0.5216574994862458
PBL2066,0.46229823403628384
FWD5802,0.4423922848922427
GZL8043,0.37942792869255765
BUR8794,0.4045893629469757
LSD9958,0.500632613471494
CKP1348,0.6874829672872624
LEO6471,0.6746949104330237
DDE9666,0.2517559040712739
GLF3965,0.4217177254408533
DYX7823,0.5193650874882607
KJT7189,0.4346864994211153
BEE4902,0.3341625641455291
AUL8562,0.31073690602949305
LOU8589,0.40116102947005816
XGX4399,0.6190906777281924
EMH7843,0.26005200576857557
XVW1746,0.6976608004497228
FRA6871,0.6601093259971393
BTZ4615,0.5882484462824392
JVK0399,0.4997976101905182
FBY7439,0.22749247744298332
OIK1811,0.41410227217109447
TKN3551,0.3891420687715259
MTB6145,0.28554514837176986
TEY1076,0.5110402826370987
RPC8419,0.4744381427294638
CIT5139,0.1817833354295153
MLI3430,0.17012121809026054
RUM2934,0.39564455472146676
GKW1381,0.7015893885766222
GLY4319,0.641142285056251
JXJ8620,0.6851632178719247
BBG8561,0.6821748429066476
NYD6470,0.6431439845001187
UKF9707,0.14229982177497139
BJO0932,0.7257916291449759
HQB9105,0.8141671261018458
FGN2844,0.38279950489703257
AXN0878,0.17349140176636535
ZEL1467,0.3343772599133276
HAK5952,0.25790773782364507
UJV9692,0.5425825088235531
VAN2435,0.6211808425956146
XMK2800,0.5154784857667026
BRM4559,0.2697880876361403
VMA1079,0.6436038458128722
WVE4547,0.5323274990371223
ZXW0932,0.504754802903972
BNI5636,0.5120773285633609
JSQ5352,0.6474594714610732
JIK0732,0.5094827230153771
WCA3320,0.7618663613490317
DGH8126,0.4241396684293999
CHF7735,0.318348796408416
RVR4678,0.3158647503707449
YCN0564,0.4206963781010766
GTV8271,0.6024725551634188
VWS5640,0.7382306260212945
BVJ8966,0.32713988934255783
COP8976,0.19369132516037135
BOE9059,0.5334675862733316
SBJ6590,0.4999392907377001
UYT4403,0.2482042377987903
KZV1116,0.7201769960393883
BRG4032,0.4909454507666634
WYC4073,0.33310789987890704
IOJ2896,0.33114926934785277
LGG8684,0.4806743683959991
NTQ2843,0.449287939768771
ZMJ8643,0.3713149039446539
HCT2467,0.2628091504658068
DIA7855,0.6136231119812631
AYZ3084,0.521122817700062
RQO3935,0.4613145075891796
KFL0846,0.5273993671754498
JQO2913,0.4279300032200643
DMD1697,0.5584738582797794
GED3979,0.21593255103696707
JBS7118,0.5183630578814622
QQP9322,0.2538173920417231
QXS1157,0.39972316462586077
GNB0143,0.4600978617142868
UNZ5294,0.36409916362143097
IQC3186,0.4101192456988515
YWD1004,0.35439006371367926
GDI9314,0.42743487711506806
XEM8565,0.5851016301526462
BHJ2958,0.6953488971837541
JSS6390,0.7550912429835636
EFU6084,0.4862490986085501
ERJ1605,0.5731232911621275
MSK2594,0.6643553495790211
WKZ3834,0.473103313990273
LYR8244,0.631143036203999
AIA4353,0.25734821645971284
IJU4513,0.5410078629160895
NET1084,0.8613884077094516
FOY8002,0.6752175263482924
IVT7362,0.2138472324391686
MXX0393,0.17885503587649956
MMW2468,0.21269072991639137
EYE8405,0.5332022353737824
CFJ7271,0.5556872458534418
GXG3374,0.570433934239923
JZR1336,0.4550865694816471
OYB2502,0.41935501215858817
GQP9769,0.5041687869216852
BTM3832,0.4633975758238086
BFE5307,0.3795715066439833
DPV3741,0.6152245338204388
PQF4011,0.8575205133212869
SWH8660,0.36906314515449573
RUJ4124,0.6385631837773327
JIY3874,0.8469141744820314
YTW0738,0.45520344540987484
DAF5576,0.49406546077692837
RME9904,0.31985026058235744
WQD3637,0.4747274691530715
XRC5135,0.3915897525885565
BWV9133,0.7021120287844342
YIE0212,0.3707106894655647
FVP1386,0.32257604592438327
JEV4772,0.5024468881055393
IEQ2327,0.47168295098413626
JGS3639,0.7520057209750381
SLE5494,0.26930695719300973
FXQ4001,0.37334110177681534
BIV7112,0.6469309850599495
MJZ2835,0.3594816313149489
UWI4086,0.5973180153842905
GGL1207,0.35961293963771285
BTO9222,0.45556808447567115
UMS5559,0.3539663643194068
KXR8978,0.5481106054586736
AXU6879,0.4468195347030992
HWM4825,0.4548707930133634
KKR0210,0.465284034973743
KXI1947,0.41191959955434143
ZJA9996,0.3056428492983574
MIH9177,0.20764556158515676
DTV9213,0.4054025391514331
BNY3169,0.23529366319254932
KLP0815,0.5251193765980797
SDD4646,0.24610839860772224
RIR0329,0.8743000163902787
CBI0742,0.5480882307241589
FJW6585,0.339260436694455
IGJ0815,0.7337148607432972
HXV3170,0.6987454273793011
CCH9613,0.2766373602472424
SBD3987,0.19497876387456728
RGI4775,0.8683306519117582
BRW3605,0.4715492497713447
ETH1834,0.5769112104469676
QOH0105,0.2321857798236738
NXU2122,0.40707397971325576
SPE1936,0.24168143699325842
ILP5244,0.32150704920184614
DKB4195,0.5298905162317864
GGX6644,0.3427399700061635
HDL4118,0.8781767897984855
MUM2925,0.501089504246072
BXC0675,0.7754777028662729
VBG2014,0.2782944250266158
VLU9792,0.334700174158507
RMG6391,0.5357180440337513
GAY4087,0.4481927751145305
UJQ3777,0.38025176900665103
BII2514,0.3857039484271621
KSH2923,0.19615349245355812
QCF8781,0.4927632366722523
ZBW0966,0.5128052933971999
LAL9849,0.7362505911781544
TTF0318,0.4904703634615569
AXH4028,0.346503938335699
DDA2131,0.644903290516843
ZHV5176,0.319247002856852
JUK7771,0.6830103809846944
RMU2942,0.47276163761146905
JAY0661,0.27672651606951926
CNL5981,0.38984835685133806
RQX7816,0.2233477698553572
KUK3137,0.48322653288915574
EWA4218,0.6933396356394853
VEG7294,0.33673256141099817
ENA9649,0.17786007136426427
PND1769,0.5108827437888197
AIL9603,0.4822096362206174
PBD8901,0.2988516140399899
LRW0566,0.14995206324395172
DSG9297,0.5010947931266055
ORK8776,0.3311322610434185
RAM1246,0.4198247317834835
KQA0613,0.3596267964963604
PPV5408,0.529385594167822
GYE9182,0.47965671839853946
ZEY1691,0.31167222084136115
TNS2062,0.28729262561731356
CXA2052,0.5277031281231674
IUM9938,0.3870808878263523
KPE8453,0.562747739526687
PPK6428,0.6278725103545914
ZEZ2501,0.41483842654570036
CTP6917,0.5280403922493557
AXP8120,0.4661548588264868
DUU4571,0.4327494566998374
ZQI1951,0.23868609391183837
JEQ3602,0.520597740716293
PYC9616,0.3657194774389712
MRM9344,0.525621245356199
AZY8792,0.5448444946154603
DBM3331,0.368413764435713
MQR3184,0.684403580131659
KMG7587,0.15189551249924357
GGZ5023,0.24759237942910606
PNE9100,0.40532098271987843
KOV1191,0.8411431182259501
QDD7290,0.8354432482247104
YSB2123,0.4755335672836388
WJW3660,0.5047706793607801
YIS9227,0.10551139495309789
MXD8938,0.6718798173473848
VTK6219,0.3824891216149086
YEB3982,0.3987071727765642
SRY6422,0.8263224735179353
KWS9373,0.6333758199902215
HOV2809,0.42877841261977967
RPS2710,0.4270936401067784
AGZ7677,0.2555145959384492
NSI9711,0.46936326709606513
AYA7112,0.48061819407041306
JFE0601,0.38793217724546036
UQY5571,0.6193906364519627
RYD8898,0.29831296157911874
ROY0244,0.38869959833215495
TNQ5151,0.47954895379781143
BOV0135,0.33568881067324513
BEN5821,0.44602577672462346
JAU8428,0.3845156744893873
MTS3008,0.4480499907272893
RQF7412,0.5433112721945981
GWM5403,0.20535858655146774
TOR4862,0.8580177565301573
VXS2017,0.3379263712992944
PNG6506,0.5392079144006221
KTY1630,0.2827209700652621
NEZ0088,0.3345722066232274
AKO4410,0.4087871360683377
LGJ6361,0.735710076654412
AXY5928,0.3531541136437983
UZJ1364,0.7568698196774919
BHK9223,0.20426759662217248
ZRY6611,0.6763702438279766
SYT9117,0.3127466290494353
RHA1752,0.5293402948070027
QHG7774,0.24057281633203262
FZP1221,0.6345164934048056
CXT8185,0.49049606348866737
IYS4616,0.6695082232500881
WBG7223,0.5814707062133108
POJ1795,0.15484764694646122
BOX0998,0.6167300036241989
PCE0012,0.33676127124960603
LCF0616,0.48080943689555417
QER2016,0.43877375255359796
RGD8830,0.690454734312072
EEI1108,0.29714718723537625
QVC3142,0.5410754616813891
UBY1157,0.5483513421811756
JJR8103,0.34960506677711145
GID0753,0.4855095294466
ALQ2306,0.3695769996253152
PAZ5488,0.6334016120523852
GQD8795,0.2830416160366788
ZKF0734,0.4280174720063688
CJH0968,0.4420108501914614
ILL5777,0.6217602820452341
OCQ6817,0.6473205217470503
ZEU2990,0.5917121065603415
ARU1460,0.479879515823232
EEB7566,0.5058043254680223
WDY3934,0.6467383360753802
IRD9332,0.41797582473390615
GUW6567,0.2859709571948231
HIF0807,0.610224842561578
ZCG0051,0.6601728843350878
ZOK4964,0.41925801996338524
KRJ9215,0.15271044511559784
AJO7833,0.44673859516600056
YGZ2186,0.34690745740610707
HAS4692,0.5235388368852858
BCF1980,0.5699618909018875
CCF7489,0.28546185042525135
VYW8259,0.6574530869620044
VLO5119,0.6432421244826207
RKC1431,0.317502241051468
IZG3588,0.5183339182848313
IKZ5035,0.34132904319402163
VYV2122,0.4751973266538509
FXR8591,0.578232464614469
PQW0600,0.4598158215227529
LLB7273,0.4455474012316234
RXV9670,0.42171350235606064
CHF3116,0.5350800715906954
QEQ0559,0.4690483892051287
NEJ4604,0.30276583907117355
OAX8431,0.25352520448176374
NFL1683,0.5004886044715186
WXL7207,0.6834253251854487
KWN3865,0.5208879612239046
SEA0000,0.3511008391999773
CDV9089,0.5616879891261692
PTE9060,0.42670239898394374
EZI8293,0.5300750552949711
ZII8284,0.6741665975149339
YQL4011,0.4550452356944574
NWC3918,0.5245252023950157
PGF9316,0.34461384682988133
JMZ2846,0.44585234627789994
XXM8641,0.43909501917350807
MCO0130,0.5373689002857369
YHC4720,0.7483873563779249
JLQ7235,0.800982873225505
DAF2263,0.3385621063097659
RRP3610,0.7049915862930136
SWA4008,0.18768623241164234
NBM3100,0.6648226556786329
NOZ8348,0.8245386211000655
TPY9415,0.4212343234946538
JVH4734,0.7927491475210183
KKD8998,0.7970804497235623
MZU8145,0.4156591866797797
ODJ2354,0.6771664141588192
FPK9517,0.5948186716122308
WWT9655,0.3214988400528494
GNF3420,0.5270875500512399
HLY9063,0.6402604206306283
OMP3870,0.3453960557939262
FVB6527,0.20830645483185553
DVO5558,0.7976651180897527
DWI5691,0.375569636228604
TDT6145,0.3291440707297695
NTN6827,0.6402186104748653
RVA5934,0.4607722825953524
GFR8885,0.2923748749773202
ZCU5825,0.34847371577018105
XQV5298,0.3295966797858927
QIZ4338,0.4077324002790952
GIN1432,0.7552206541285175
RLP1548,0.2931491145319248
BLK7848,0.46494953629774055
WSC0490,0.5888883354765697
ABF3437,0.2687956543736654
HTT8114,0.3703228155467327
CXN2987,0.766655875968282
KVY1451,0.5742642762989485
ENJ2042,0.23634505371840014
LTD5596,0.6394658784749296
UAF6215,0.5743201720124791
KZS7358,0.6233636412317491
HYO5945,0.49544116522728016
JGQ5158,0.5154790720796858
PIN8218,0.7879045278443201
WCP7093,0.1867762429605156
ETJ7006,0.4239535130132291
KBX3042,0.3718826729827019
XML0008,0.5369815735543572
ZWH4164,0.7303533784343725
VKX0637,0.6730147646152378
EID2749,0.6958787473443404
OEG3398,0.5203736709884891
FSC8722,0.5196383204627589
CKX1541,0.20126852758280467
SMY9467,0.739435381939183
MTP3016,0.5773388930328596
ZPQ2501,0.4356878758060341
SIV6541,0.5144043632510783
QBA7624,0.4492260390939684
OZL5460,0.17116598245003517
CYJ3102,0.39469189458862663
GWZ1787,0.504403445103698
FTN0555,0.7860606243859536
HDZ7180,0.6917169600675013
YFY7146,0.6288675081839068
ZKV3967,0.3850508785479971
GHT0372,0.33212082900542905
RYF2512,0.37954946001004347
NVM6318,0.47950470648141613
IZS5973,0.21687601587972027
TJN9956,0.83345620009489
QLV9442,0.554685247980514
ADP7351,0.28583412453637796
ZZM2561,0.35441140248443137
HTH4326,0.6965462129885177
NNG9589,0.7140469529280521
WCC8086,0.3115325595251171
FES1274,0.5894645883238633
GFJ9304,0.4467149859409534
JKX6384,0.43868510213205986
QCS8665,0.7172774263550744
EZB6534,0.6143094664529748
NBF3809,0.4067705063648742
TYM7948,0.25084578577274413
JPW9435,0.57400142145144
YYG4777,0.22404596835425963
FME9725,0.33605595352027345
UNW9229,0.2727097311212283
OGO9969,0.38404015792996565
SOC4844,0.3848013543167235
NWJ5906,0.4643099844635064
STF1253,0.5381466513269263
TTB0785,0.2305469167774933
UQE1066,0.6280726352970031
WUP4056,0.5738777711121515
XVG5906,0.35292533694725137
VDF4156,0.14564455924543784
YUW9552,0.5431290252121069
KME7972,0.42933162001301456
XHY4917,0.3649701438640482
NJV5170,0.31245819259320723
FSX4444,0.681979632842676
YFF5235,0.36554521756922415
RZX5593,0.23370211395678916
QFS2917,0.5879975583443728
BKL5342,0.8583082603460704
VBS2012,0.34077586151980555
YUY2212,0.28531571196262495
SZR5572,0.21357003709744551
TXH2388,0.24618708804194686
TNN3693,0.45216003259949217
UZT3585,0.8148063178074647
HQK3080,0.25339172455958026
LLI6154,0.5817237736106571
ZOF1765,0.6007452814697909
RLV8929,0.41266984608281576
XHK0610,0.48637215707603365
OMO4138,0.7373420294371297
DBO3941,0.5608921165675513
NOL1049,0.567352580510651
VPE9687,0.7774254387954542
PUT1722,0.8321881585664908
LXR4166,0.41464483050306444
MRS2780,0.4035075211727227
BGO6644,0.5073434201678467
SLZ1775,0.5098956646304876
QVU4211,0.3994190852586114
ZIF3745,0.45153731221633464
QVV9581,0.13734008377176066
KMW6719,0.4437795867925221
BTY6651,0.39617683676675414
SQJ2079,0.6320456082434185
IJM3039,0.6050385732035414
QHL6081,0.5580126957610522
XYY3704,0.653845888483023
RSD8940,0.28453909164225094
MWQ9427,0.525962863964363
KDS2281,0.4393373143180345
ZGF8036,0.732153244295851
EIF1456,0.4861029749334942
GZB1521,0.1704715312908085
POI6224,0.7774113318805659
OEY3483,0.6645684805181168
QNW0395,0.6807219980810328
FXF9036,0.5586218988844193
ADE6109,0.8164692941491867
JCK1521,0.4871958944427311
PHH7643,0.3037689321935318
OTG5928,0.3708299798305395
XOP7071,0.6035464523189894
WMK3106,0.32889371809544926
EKA5575,0.5692835735319786
FVO3531,0.23719887868581
DLN0234,0.7468572066556831
UIY4652,0.48760290786319344
YRY8615,0.3805156409263083
ZDG1261,0.15313963163106453
AWD2190,0.45131756824966157
KHV6984,0.22236654711128834
RAD4091,0.6022664569234181
IGT1178,0.8566981606956389
FMF0970,0.4969574146214943
MDD3279,0.42167899416071225
FIL0048,0.4485183729670686
DNX7324,0.6090780756470148
LLN2770,0.7060677272681016
QEE6829,0.5137666911166581
AJL8427,0.13525661567074415
GHH5153,0.45516783951603906
OSM7311,0.24450618240524424
BBF2867,0.2852059102194517
WJA5248,0.1944319633042019
JFV9029,0.40473695890757416
ONY3338,0.4052104776917621
RYV7167,0.6045544739620506
XYK5207,0.28257266905406325
VQL2467,0.4938643341965602
QTV3905,0.4901307540854157
ZXC9568,0.5275002748125085
XVZ4297,0.32075778950533346
TLF4772,0.21660718897801312
VXS3827,0.4744771312923513
VKZ6866,0.30953105209648923
IHT0941,0.42757198925065903
GSQ7558,0.350723859471013
USE8246,0.3650980302552662
OUK4608,0.3124412835624918
YYY2709,0.1475676573724802
YIV4482,0.801094120339746
KUF8780,0.66483647887855
JIG2780,0.43990655090555586
KFC7566,0.7543479645431588
IVC8672,0.7908461995159979
URG7195,0.28810850292757534
LEY1887,0.4611292290190568
MTO8300,0.3025252838059176
NOY3485,0.30255939868686044
DWK1635,0.6349579681571593
VWI8259,0.4605134824025867
TVC6021,0.5178034507883398
RZS4121,0.6071852958048329
MDP9088,0.4632120198774585
IDD8680,0.5496118912435506
CJJ0067,0.36490059473074593
HXQ3855,0.7396597303115984
ARR3600,0.3244687199528825
HDG9113,0.8476613565042017
EXP2649,0.26970941952817395
COM1513,0.40787679774137403
BSI6025,0.5249338179426681
QTF2549,0.3790632098534806
DEA4939,0.29934093179632126
MEY5478,0.4683686406571737
WFN3819,0.6743639296109291
DLE7102,0.34124460734335404
SVZ7837,0.4252990713872808
JPG9474,0.6138771313128584
PST1973,0.33979227571844905
VLA2925,0.5513158210745752
GFQ6921,0.7364358384885696
SVQ3659,0.5428746647113863
HFJ5560,0.35144517572082473
TJO9482,0.34174726441772973
KEF1283,0.25731866970244743
XPE5334,0.38021842226094665
XDD4731,0.6931389933396243
DTC7666,0.4109278212161248
MAV8739,0.4412647902015325
GCG0006,0.2598811211213933
EDJ2014,0.5744824840440607
EPX8664,0.26656944714639874
POW6716,0.6238563356226926
KAZ2977,0.6591784353373306
XCX8052,0.3481487781034717
ZNV2307,0.5023457895660699
TCG4082,0.13552309981262672
NLD4865,0.3435156786292641
DRT1162,0.245196461168399
NYV8017,0.5990284999279187
YVO0721,0.861710876618671
MMN3031,0.39795485211888404
KFS4774,0.3565731240954016
CCW9949,0.23568496576125583
QZZ4039,0.13466241253845376
NKY0219,0.24257823236662726
JHT0528,0.0887136793946651
KVQ0049,0.4841516259535163
OHY5260,0.3851305720765839
MOV3618,0.5841305722564271
MUN1785,0.5075452345911499
IES0974,0.6008170678934187
FJL0266,0.6083924914367668
OQD2211,0.8309754196485188
OMC7899,0.30865355453750054
EHN2289,0.4069702063040208
YBO3438,0.534285713575269
XGC6121,0.5589044077889431
KLZ8117,0.5876272936942883
QZV3301,0.4351560573606298
KAB4183,0.5082914529284415
MJU7092,0.5634815256260044
SIG4960,0.3406880073622726
QLK5702,0.3736194848340675
WPI6483,0.5420691677618112
ZUH8446,0.5024906892302853
PPJ5717,0.48871352858556566
MAL4596,0.28284739456044583
OWN8577,0.2219198197530902
OSN2565,0.23087167935468322
FGV2111,0.15325059839268915
XYO9485,0.7722910578938141
CEJ0840,0.49046801966758147
BMZ8322,0.3779821450104749
BGS4330,0.7374651327345082
JEI1597,0.6340552653374761
ZXQ3606,0.5048645778301852
QZD2155,0.6019357086653009
ZBT7709,0.26914755729502865
QYV6318,0.6110741956242479
XDO7573,0.4160969088282417
HPM7246,0.4514120142722892
CYG6666,0.337433596404259
AVE8214,0.489463428246877
AFZ8966,0.4123322143256307
FOD9580,0.44890658780484294
AXA4301,0.39819245392840913
EKA3091,0.5702915500627853
XCJ5568,0.2540627214252023
WND2059,0.5689257765420962
SWK2288,0.17152808477973913
IWZ2880,0.3625248028690573
PIT5158,0.5896665738222718
MKF9945,0.4845798294652673
ZCG1930,0.4828047995134598
JZL2900,0.6571300715308384
GSG6048,0.4005792089602642
NVU5467,0.5513685059704123
HKW8901,0.49106535888665775
UHC9744,0.6398178159563349
RLU9682,0.5829072489635725
OIA1294,0.4449031915033458
SZE3233,0.6090256612940765
IRU4838,0.18936088101568702
JES1785,0.3942514383721103
UCY6561,0.38376062036551795
OTB5118,0.3845907863859005
JCN9706,0.7270052304640546
IOH5588,0.5483793817979895
QOW4543,0.2405598389423472
UHK7473,0.6798956255491354
BDH3448,0.48962986463616076
PXM1687,0.33485493243766995
FPU4247,0.3959755755556647
AOX3969,0.5901596762163893
MGM4489,0.6508114021529638
NSJ5694,0.5177371781694573
KHY5361,0.32678930252719296
IDE2014,0.6665283991612925
CLG4527,0.16039279349993069
PAE0187,0.4389067107038979
TZX0712,0.4669177983117013
MSI7288,0.49119371994879796
OPH1133,0.8362232502664306
GIW1153,0.7003689218645532
PNL8766,0.2353909752268022
RJE9943,0.31052201857911965
TZF9992,0.6571898476776933
OAI9854,0.20259520662682984
BMY3167,0.7171698202081415
HUA2243,0.17296848374997134
WPV5328,0.27953257222894096
CKV5562,0.7243616688943407
XTM2180,0.6622476378091635
JCE2465,0.4950295616455834
ZPG5413,0.45705480751405475
DZU7019,0.1965437394274357
VXG1725,0.4892513323607726
OPM6059,0.7502255802360908
JSB1729,0.8313650346011163
KUT3144,0.3123929363195108
AMH3165,0.16714639157412076
NFK7084,0.3776336554866153
YJN6123,0.4114868520672494
ZYV6499,0.25307330919638305
DYE9365,0.6307552329948155
CYH0071,0.6643176933485759
PLD7359,0.8624942170775416
OQB2795,0.6193277223834762
YJG4869,0.4207928972789413
VYH0021,0.41499627425779045
KIS6502,0.1269379462672858
UUY3020,0.5787585281459323
PHQ0092,0.42037493696223094
BVY0985,0.7220092643708892
YRD6672,0.4818183661988915
CVW3569,0.5111354717454171
RMR0822,0.3668445617459027
NEM7093,0.5046701504235048
AJG7697,0.25128926912773314
KDH9406,0.25080308726440736
MQS9876,0.6065664478156375
BBR0344,0.5447730296378527
MJR5449,0.6685932696833894
NKV4242,0.6221170421520686
ERZ7613,0.43225132275579353
YHF4884,0.6650696222597687
SHY3389,0.4456374844708116
DYR0315,0.5254925085994562
QRJ0474,0.23916111402931475
WSR1971,0.1452871455942275
BRJ2331,0.46474795729722085
ZNU5088,0.28403936005983876
LGB3949,0.3900781336241227
DDN0916,0.4513749373316824
VNO4744,0.6786811549811141
HAM0625,0.10164108251766847
VNS0417,0.546297790616425
ADY2431,0.47440126486653994
JHO2864,0.660869220283155
SUH1250,0.2244937834744288
TEL6348,0.8430386083150985
ANO2014,0.42428676899216433
NIH2178,0.41119570845518977
LYD9788,0.73142449952634
YMS9619,0.41560917166370737
DDJ8939,0.5347876851422103
IGY2653,0.32701509712024657
ZOE8875,0.6310373098593726
FAX4808,0.293534947736552
VMM4007,0.3006209671776194
YMD1401,0.38663300486793317
VKT1013,0.1297887333759617
YKE1591,0.33294698860171323
ZNJ7114,0.38121510619963067
JBU9048,0.42058747463089347
RPL3665,0.5043489051998047
DOZ0297,0.5497819374171041
KXW3156,0.4126114765522286
XHI3128,0.5646124297955405
PEN6055,0.634030303848283
KRV1729,0.7455490588046073
IYP8988,0.7346558135853127
NQJ5272,0.599456744488626
IAU7186,0.38978765956125067
QIS0846,0.564490589547618
WRB6555,0.703617345348871
PAO8178,0.5973916869800441
FQB3317,0.34027880352075995
XOA6073,0.19300236044583524
VYY2200,0.6519732150411702
ASL2036,0.5513305153115718
YBZ3502,0.6655365934390943
PZJ0490,0.41842366451027196
LTY8297,0.3095665299262937
YCZ1142,0.2184349815368315
TCD6914,0.6133638921325059
GLY8970,0.4432517391934686
UFH6676,0.3656399830772441
PJE8049,0.3530671884578443
ZGL9870,0.5035206532187791
JHB3243,0.36392117288739895
QCT2926,0.13475626936517196
JZB8726,0.6920277000858052
ZWI7654,0.3817081379778248
YBX9273,0.6119102179302204
ATY7236,0.2901972305349085
XPU6142,0.17129321558004337
KZS3494,0.6109686169836149
YWO4932,0.3296894837875456
VSU1745,0.42137388509021956
CUG6548,0.5066404775483843
JJI8874,0.2928802871591199
RNA2808,0.3317707095837064
FZP4826,0.43898542210723585
GYZ6456,0.33439026130896904
ZBN2884,0.5111635101077501
ZJQ0471,0.24946921652469287
DLA5530,0.26431162596287167
NUT8542,0.7343103261874112
VNK6354,0.8288055351286946
UXU8427,0.39952478213906717
GFD3985,0.5951743414790559
QQR5737,0.46738243553757775
AFC7665,0.2596009285406393
SLD5495,0.7411518700852282
VHD7317,0.6701204245302919
YAL5508,0.28590811746666367
OKH9384,0.6553953750765641
GEH9340,0.5643030542909034
KDT6136,0.40956591476643905
PGO8069,0.4039117059390755
PLJ3715,0.42561730403822184
BKM1964,0.22379056632569752
ILT1034,0.42372229342558065
NKT5664,0.3964082435425717
DFI0560,0.5837016224843155
WTZ5124,0.6796611169883742
GJP9524,0.3742527108167068
IDH3670,0.5585904714780427
LHV6715,0.7081416952284278
SOD1257,0.5937432093552312
XUT0094,0.431947843535261
WLY2791,0.5809866645472684
ZJN7497,0.3935226969961029
OTP9424,0.6607411660685073
KOG2427,0.527497076547673
DGT2607,0.3211722990817176
IGV9153,0.2451169252939759
SNK8485,0.20659342910502296
GIH8293,0.3843734874878934
ZYN4270,0.6259342035965716
HAD5689,0.4944149932610507
KGR5948,0.4476598548050673
XRO7658,0.5605754399298478
YLV9908,0.5183150627456533
EAP5638,0.7258859563881428
IFX9842,0.4544594809180869
OMU3958,0.44705337647490506
QFL6187,0.4831400800184639
FVE0231,0.4559173737064062
BYG4627,0.8772110159558755
GLU8969,0.543011263208947
IZD9452,0.4361966653097633
EYW4468,0.5426552567490645
AGT1201,0.45552415715639283
IHI9922,0.5523240344525966
QRN6335,0.1588211176978157
FZU8851,0.5312934410790817
GYP0381,0.33929279071140894
NHT4249,0.1732639926252825
FYT7747,0.5465180274136622
KMR5833,0.6675463698992774
XKY8972,0.3675858340826674
JAG2909,0.30580361306389325
CBU6594,0.43718861035294015
KUP6171,0.31008496828571863
WJC1017,0.5756569912835444
EUO4937,0.4569031999208222
CIU7319,0.6948204360147379
IHE9927,0.20999765935998824
TPK7407,0.3692948972289541
QGV7700,0.45760765921678015
YND3412,0.46504229001447744
PLP7642,0.6069801136445923
QQH3030,0.10515904229391804
XGS7797,0.4598907518885892
MAG9468,0.31318227322983655
EQK1178,0.45646316587726526
OFC1169,0.3072571245455868
ZYB3704,0.42338191750715204
TXE9669,0.3138200866579775
EDY7478,0.3508500292343231
ZRM3482,0.5972239554167331
OLR8983,0.5226729540512292
KZO2848,0.3243956291502545
YUL2449,0.33889563111591414
MQF8373,0.36229165881564157
JIO0650,0.2635128488100662
YLC8229,0.596987793246028
CIQ3019,0.7335042508701303
LID4577,0.5079114576142651
FHF4230,0.5965953991810572
VHY9741,0.5470051806880264
ACZ6656,0.7816441350275126
XPK9673,0.22090528334940693
TDS9357,0.4376249941472368
NCY1055,0.16627271125122764
YUP2078,0.3422457544182799
NFA4698,0.3535476526490821
NGC2448,0.4027997793470802
MCP9761,0.39470371580446145
OWJ2412,0.19497278153697162
PHK9684,0.6063630074277083
BOP1305,0.3951941093707529
YGK0608,0.39693946047327394
BJV3737,0.3628163661726945
QAD4506,0.32550434373753606
RCU1459,0.5540842630435522
ROB4774,0.14164380685436204
QPA1500,0.4554351676426868
ASI9484,0.46301588132984245
ADC5158,0.3297369805729191
TGI2756,0.8733107871864911
XWZ0948,0.2777883261151809
BCZ6218,0.4765206465413773
AZI6548,0.43188200498796275
NJG6414,0.2993161246840211
RYT3911,0.41199872111112645
FAH5419,0.16635041754159935
XDW3658,0.4858641074882215
YFQ7483,0.4874647926167684
OLH0534,0.3713490125841287
MOW4518,0.8419641730529908
JLR5477,0.5358363348170706
RCS1192,0.505627772485401
BPH1146,0.5007428779443531
FAG8556,0.20262649529121038
ASH8711,0.3481901211823933
OZI5872,0.5223712061069204
USZ1437,0.2883292021842966
MUX0020,0.7810113754618148
TCL8035,0.3894135104176548
FXA0346,0.8099907034190731
DGW1711,0.6454688207073409
MPI3843,0.3653767696582219
ZGJ7391,0.21445553638802572
UXU2443,0.4658837406100924
VMG4433,0.32170724093295766
YPL6662,0.5598162263657561
XZI3703,0.7529464578799357
CHM5321,0.38781768760295365
CZD0003,0.25642432377416874
UAE6199,0.418337355989946
ZHP3348,0.6175410829324187
CAY9941,0.4951552565427545
IDA0149,0.6944472620654351
ZRV0689,0.5562903658593387
KAG0964,0.32869656876823417
BIV1231,0.5698652769935135
OFY6640,0.5252255516472437
DCD9303,0.45061259944397397
BXK9899,0.5901069049936191
ZFH3397,0.42403985810493255
DWF6920,0.27370072968509557
XJB0970,0.5181487626918252
YVY7207,0.3572639915848998
NYK7788,0.76566786837353
MLS4709,0.7182268607014816
YMW3766,0.6162218469608861
GTT5147,0.430298449802881
BRO1762,0.48650903889794916
JWL9572,0.3403997146296208
WMD8920,0.7553049878113282
EAE4795,0.46207333103300535
CGY2385,0.38092860311421706
ADX0708,0.37690195189543796
JGD1227,0.5749911796055515
ZQQ0815,0.24864396018683457
LGB2539,0.6504264741905238
DIY1538,0.718737771007668
SXD0066,0.609976285655942
DHG4347,0.32244674008541496
IVL2875,0.47617291446679527
DXJ1576,0.47515182826586055
XXD3056,0.46350713332281773
FKR8136,0.24790562768005986
XHS7469,0.6489042014878353
JXY8304,0.15085251618973444
XCO8396,0.696001226986536
SJW6493,0.3665631637201224
WNW9509,0.5098064095890086
IIQ7956,0.3255466203323989
ZGN8635,0.47194296745075576
OYS1674,0.5301745450477088
LFN5026,0.5561457566025803
QFM4433,0.3327128670012599
SRP0203,0.6632745315640621
GTE8180,0.566366704799421
BUV2825,0.48923384632772005
UXO7662,0.310225383345123
FBP0568,0.5914348057827424
UDU8112,0.4361740772776755
PAO7740,0.3295426939116108
YAK8421,0.4495413299534266
GVN2038,0.6310661924858701
ZQP0382,0.1600835698428211
CNQ6513,0.4405747546407648
PUY6632,0.5348504611750503
BVP7323,0.4020782914291538
RLM4016,0.4209651917801626
YFG3055,0.3604348968962368
IWU5623,0.6376856272312124
HRN6899,0.2705370348908952
QEE6261,0.5247123702866273
MTQ0293,0.6123788997058124
MVC1429,0.5559282450843672
WRG2254,0.269552148090821
ZCN9897,0.37536551793091255
OZP4495,0.6625485629546507
DLN5343,0.3877541711260233
JEK4684,0.33942696575721465
SJL6931,0.39942368920464566
ZSW8276,0.5533737396114721
WSV2609,0.6576710640781416
MHV7737,0.4413045437902419
YRR8549,0.10387676343971909
ERV1528,0.510996774205665
NOF6559,0.6791701254090466
TBX6932,0.5356512031548334
TRM8176,0.6973437588299706
ARS4511,0.5097266342365581
HRW1770,0.3726662377925166
KBM1789,0.6889816401990041
CLS5313,0.45212510941970563
SYP7066,0.3187665652570822
BAC6711,0.27132442338025964
SKE2290,0.6052486811286136
JIQ6981,0.25130145291094813
BVO7960,0.40259111986352714
ZUA2626,0.6217218116312074
MSG8259,0.2535119160923397
PCC0360,0.3544681686744401
JFE9003,0.4259190639760538
FLS9182,0.6049963050997045
PAM1280,0.17756008409340357
BYU2321,0.3666026492437877
CXM5506,0.2895304839853129
QBY7302,0.34053476206068195
JUK1901,0.46534918079950083
BWP0584,0.21331568683323215
UXP8211,0.41082790541108016
ZAY8802,0.413545119600417
QGZ5092,0.47168160724133423
PLT2750,0.30394513160904285
RET4270,0.6496797149975362
SVB9714,0.3078664197374159
PGJ2505,0.7045676069889172
XCR2667,0.4985879420577473
RLL3403,0.3859885060463558
XMP9341,0.6975442413034404
WSF4408,0.21284860457705526
KQS5528,0.7256982703908352
ORQ2079,0.4839349934449889
DYG9890,0.3958322575090789
JCO9274,0.47674545744715263
RTZ6364,0.29455935054224636
MZW1799,0.4023455574521548
EJB1355,0.5977454966864466
DXW3959,0.1549137921715258
XBW1111,0.3453316883046477
KBU6474,0.23184062227183974
FCK8370,0.13139761099179542
DEK2690,0.5663430427531239
AHU3775,0.363788261664826
OYF9560,0.3650986102335618
PPE7467,0.2646675558241198
QFZ6666,0.33467079260725113
SND9604,0.43959920999879226
JCH0911,0.401103204318054
XCZ5219,0.3022203531600127
DFS7754,0.3685684921300287
QER0038,0.3615236568063132
PIQ5708,0.5541426743593906
SBM3940,0.1241695301068376
REU8468,0.8073539573174864
KUN9469,0.5904932738736446
FNG6130,0.3045916417617176
AMV7041,0.5525822909199811
VQC3734,0.4703004029984527
BCG6211,0.5493521627208436
FCV0094,0.44904934585858997
LJO1761,0.46632876018038205
VXQ1519,0.6008054372126178
XDG0394,0.4761920761583893
ZCA2183,0.3204635338977034
DEY5036,0.2819730195552881
DOA2936,0.16862388610503531
ZBZ1111,0.23799945364340616
KTE4563,0.3967946627960568
JHM5827,0.4545596466793303
IDF9791,0.15834272835131255
YWO8363,0.5333484324078841
ZQU9039,0.8019013225795282
RLW7170,0.7877339691152939
RXK9841,0.47659201818746166
ALU4463,0.697897874987411
SFE0721,0.7665504080809229
SQE0323,0.38090683086051724
QDZ4395,0.7656931566587462
GBJ3518,0.3962497328915682
ZGE8545,0.3452733195468855
XKA3092,0.35279801840851005
YKI5936,0.6469729814458373
PZK1377,0.5212445994095317
JLZ9491,0.3935646651628965
ZVR0041,0.49269699710870885
MJP3198,0.4767466834376164
UQE0138,0.14184180350213016
TUW0269,0.5748709123644568
ISP0465,0.4695727343695333
XAL5847,0.7654041265027552
PRM3708,0.47322797466763356
AYO1985,0.7060260001677451
EGX0726,0.23285704553916914
JDR7035,0.36498402187005313
MSS9255,0.5476624038132546
WIY7208,0.16795183632767283
VAD2698,0.43318174314554236
ITS5025,0.7959665745733455
ACG1389,0.39845067847301135
JNT1094,0.2691983236484426
SEY5120,0.5387016050218126
XDA2651,0.42335635127937377
BIL0129,0.304865924155204
TZN3360,0.7310513890064534
OHS4922,0.5263118354091461
YOJ2699,0.3272215874277341
HUM6721,0.3617031973734852
EHP7372,0.7352191356334618
MDW3871,0.6234864254212062
HAM5349,0.45410179699745895
VVV0077,0.509275884264652
JYP6084,0.42064060988783963
AZX2542,0.10170840349753815
QKX4992,0.5097339360661518
VJZ2239,0.4444690464971673
ZFT9927,0.519376625060933
EPV1130,0.38858317055596886
ESO4684,0.8058087586417776
RBA8751,0.7275062063203305
IBD6200,0.41405587606453326
TCC0838,0.2574437091609947
OTO4045,0.7887392021972938
FQZ1755,0.325496020472195
TKQ7781,0.24527119700167738
GHB9539,0.25117928336033646
QKV0677,0.6867348000142881
MDC4556,0.4689898117980403
OXD2801,0.6592971795422999
AAW5921,0.617894392179848
ZXO5432,0.5786302260880505
YKE0773,0.6466834167217077
ZQT9439,0.5308632246542556
BBX5445,0.43281010884073307
OLD3422,0.7238399348095443
HBD7837,0.3113918542275402
LII4395,0.3203279557061688
VXV0165,0.6318884022971094
IZS6375,0.44571698750180105
ZNC6270,0.5922920334928856
VEV9487,0.37879001085852665
KYX6211,0.4275679602404946
GRI7834,0.5764353222357227
BKJ6883,0.31727835130446524
NHZ4308,0.4572405265758359
IHH3352,0.5426919013323337
WGE0940,0.6443762665147013
JIY9209,0.6097324289624235
RMW4099,0.6402203139807767
ACX5394,0.6425580783917642
JMY2884,0.5972766379540677
HNN4412,0.30102855227611997
ZRE8689,0.3538432725786923
NLX7791,0.4033020634562317
NCE8146,0.7817937369112159
PAJ8142,0.5823732161132484
BXL6079,0.4809365294083438
RVE9218,0.5758880452121272
CYM7511,0.5745603882742434
ULZ7896,0.20559712291909768
VFR0394,0.730923994439271
DLM5418,0.8880643113050931
LJA7283,0.4158868618110484
VJJ7556,0.40619207785698064
MSY4225,0.3403242010738404
FGM7178,0.6297239857848979
KCA2760,0.4922337621910945
XVI9392,0.5018209141713449
ILG8180,0.7092828831339654
EJA0426,0.3313782633774125
ZYT5283,0.5852698133400338
MBD4028,0.6098323366482887
DET8036,0.25160482343419466
NPU3306,0.684667928694112
MAF5198,0.6542665045582479
YVR9937,0.7345909254288467
NPF0956,0.4080787476017667
UMZ8342,0.5657084045670226
CTA7936,0.31149124059521716
WTS5507,0.7030267160784478
YHU2823,0.5514386152575051
GCI9262,0.17569851752369833
JWG0958,0.7305466134398657
HTQ3691,0.3958275395151871
JSY8006,0.4923918095209935
BDL2992,0.6281281872973163
PPY3602,0.6470901508770858
NRH4217,0.38821776420340515
JZU9096,0.28663570821845463
BEC9902,0.5453143547713408
PUK3777,0.6683909604609981
QAI2611,0.40853694327101064
SZE9978,0.219445280836807
ZQB1293,0.3978522915237366
DLT6582,0.2162607733099264
MBP7717,0.42599516116678543
TSL7315,0.6060178117839927
ILX4971,0.8236073224089877
VUT2632,0.33476383952588934
NHI1174,0.6701036405914298
XBH4571,0.34172528570030275
ONG0233,0.7125083018974548
EOT6883,0.18827351281860188
WAA4403,0.28527994606931795
NRP5939,0.40274041925997106
CFT0261,0.11307445351808797
WBB3199,0.5023998754283979
OXW2554,0.12089156618001343
OTX8021,0.7413353229047241
HKM5973,0.23031920095509473
WOB5773,0.6987032793653155
XJP8738,0.28881087774411596
OFA9596,0.6870395259346437
YUU3704,0.7264919681772836
DAA7058,0.7486331131662715
QEI4621,0.4512708893538264
JJN0270,0.3023460831668508
VLN5464,0.26234847958311935
TKY2278,0.7941569152770975
QVB1146,0.8089784413909331
GZG9726,0.5058364505676195
WAG8989,0.5546140427131016
WYG7915,0.4142334488978855
JKR7298,0.2406458177457566
NKC9965,0.35044754295540825
OLX7030,0.4027847955653625
NUM1967,0.4439539734802797
VPG0102,0.7119897598952828
WYP6798,0.6264837947166765
XVX0001,0.4837986277500359
ENE5821,0.5245025982931782
PXT8963,0.38589266753700324
NAK6905,0.6904216860509338
ROJ5124,0.5242323792275783
EGP9963,0.3485238500486339
EJD6191,0.4051458046340118
VVI9738,0.40478140628103537
GZB6774,0.5286745768556778
ZSQ0383,0.3048387162405179
VMN2008,0.5111242711121172
VSW9307,0.4646025229324505
SXC7989,0.317436319511069
JRP5911,0.6299722109980876
FQM6684,0.6143985778259896
JTZ1972,0.43230194490318863
YRK8678,0.6384370504122611
YUX6245,0.464191872596102
OZT0083,0.5342989661404679
WWU3357,0.5679182255320462
GIP8061,0.2352586579012066
GAP2506,0.42725055891805924
MTV2911,0.5004007922084602
EYC2947,0.23297186573165019
KFJ0398,0.5336658056786016
KVP8638,0.6481700797966815
IEN7559,0.5674324729118548
ISM8366,0.4226353786313232
QRB2092,0.43577365924810907
ZEF9982,0.4231799798579092
PVQ8431,0.3064104534872047
JYR6904,0.3217347351062753
VYN2284,0.1728275363989557
RRD4317,0.42966556356864954
SIW7452,0.6585305095091876
BNK6722,0.7461813306545126
EAC3647,0.3516696864171214
UZY7255,0.18889782465415292
NJR3268,0.4544620531314118
SXJ2106,0.7836249307575934
UOL8150,0.7288680030681737
GFG8118,0.36080245414743084
BTJ8291,0.2997630004208323
IWD4843,0.29056797220264047
UJH1928,0.3171985580639375
CTQ8211,0.4027863547729709
ZBU3909,0.48288989334202653
CHH0005,0.8585002178302351
LOH2075,0.3986417241400142
SOZ9505,0.4554386346967906
IDZ8560,0.6989972759227966
XTH4023,0.31708220476897736
QWM3456,0.2356933222614459
ZWT5514,0.35752234498736596
JGY6248,0.7616383024924903
YNI9415,0.4887129630278641
YHB7736,0.7514183839897105
HRY3458,0.7271714381732522
NHO1841,0.23911528117205594
SJT4275,0.19657414979001261
JBC0455,0.49939549990913895
YSV6272,0.3969827706299418
SYR7039,0.5020845832754279
VTH8070,0.27044625925927923
CFL9774,0.2533810652771887
HWL0255,0.21220254324574891
PWW1560,0.6966120834353086
ZXV8075,0.16007516186085688
AEI0906,0.33948846703303215
ZKT4898,0.3142304471209678
OVZ2889,0.46873991356809924
JNK0707,0.3251701900046813
FHI9082,0.5897349047716921
CZC7195,0.501140617342197
EUS8425,0.7316739624292666
VQF7120,0.27199181312243437
GZF3442,0.6401559313017394
QHH8798,0.46257614944246794
SVY2210,0.754136306993443
DDE2452,0.3740565054537075
UOD1909,0.27471197364608463
LFI5893,0.3470826289099786
VFH7810,0.31074393441680986
AEA3832,0.34717280699076863
ECF6645,0.6748460300159943
KVT6536,0.40113708634050843
GJR9253,0.39089345605146764
FMI2663,0.3253242774889614
VQF2039,0.4989873908621901
NLZ7990,0.44829271856828945
QBO6904,0.36106843629512037
ZBO6514,0.5618651371423222
AMJ7143,0.3258880072543991
PPA4216,0.4400469176938212
UNG4672,0.23815420333090004
JKR1254,0.6158207270819687
VEB3556,0.21113812199424983
RMY5487,0.5692611986991803
YAL0969,0.7124352244232566
PWY2348,0.6204373927791831
IHD5140,0.28131370566922426
XAR1535,0.5298568088778257
MOI8849,0.24433859404679578
TDA1772,0.13216508450472608
FRP3664,0.5092341880176748
QXQ3920,0.4777820844626101
WZM4928,0.3695991754381217
FEI7112,0.2793609789196616
ZWH2382,0.5637195389041741
YXE2782,0.781293272232363
RYR6789,0.6023813247873252
DOY0839,0.44158082761188183
KOZ7559,0.6633046423329156
CGG3378,0.5501338316925091
MTV9217,0.37102337791899576
AEY3302,0.6596074224098826
SNN3415,0.5043789504373837
DLH2120,0.42281294109492457
LMC5561,0.3563243959277942
JVR3739,0.2125068976861653
YDK7231,0.35321355267456755
LKP2717,0.3967779156986993
NLD0288,0.7334482611491574
QWZ3328,0.6931382858897723
AQB8755,0.4523331939119585
ZPO6482,0.47990602772082624
VJA4011,0.17486793023621516
UNR1034,0.5489496745232418
JET8498,0.35011465796917535
KZM1206,0.5146870449875376
ZHM9357,0.42975110896628654
DQJ5519,0.6260746963047003
WPQ7065,0.3337181833835393
ANP6398,0.353962129798851
TWV6276,0.5028023688305301
UIG4581,0.3706439236317689
MCK4510,0.5352960697859709
WCQ8946,0.3392704523318889
VPL5439,0.3801935902519597
QUL4939,0.5458899245403719
DTB0595,0.47091507266146326
WGZ0312,0.4077511966066002
ORU3710,0.6987075010634372
BMU3842,0.6727667048631935
WAS1041,0.7427489136234701
RUV8304,0.36391821834704735
NXF7025,0.5202454078489851
SMT6291,0.4789823008146345
COY6762,0.5617231321271491
UXX8278,0.43220018215228556
QOP8824,0.2826400466851541
XVT5952,0.43743283107442915
HWE7781,0.4135548998501313
SRR9343,0.5053956646857012
FMT3981,0.4425814289675117
RWK1255,0.5056351492885619
GUX1313,0.7094366123749262
VED0121,0.8140778157155606
SQR9285,0.19285567719814162
PSQ9368,0.45493525900533727
DFU2564,0.4820490137707633
OLC5603,0.2890748268608164
ZAH6196,0.5383792668706036
GQZ5053,0.3829146745161029
NSL2545,0.3428218175846168
PRO0137,0.4826582069262579
STU0764,0.22378946554032839
KTK7805,0.15560701861980558
EYS9609,0.7018577266793059
KZG5885,0.5559909925859658
PCB8761,0.17113906150215272
WGW9568,0.7764007850560644
BEP3948,0.734637453455942
DMJ2590,0.3118404788987538
CTW5615,0.4212164253744868
OPB8278,0.5348816163035669
CWB2561,0.7230833696893761
XIJ2478,0.3200888132446949
FDX4097,0.6185679678104414
YJG5740,0.48423293420648933
SRX6811,0.13721853298400377
PRK4060,0.26589138984695976
ZSQ2949,0.23406155811927426
HES7557,0.534409577665581
UWQ9670,0.71228536743737
BAJ2081,0.483374129951782
DXX9121,0.556677110375803
VZD1340,0.6463912798564523
KCX1429,0.3519974503739459
JUZ7305,0.21687743777133345
AMD7755,0.4622997999708877
AOT6315,0.3728805568573967
YXO2209,0.4298724773217581
EWV1407,0.3677355567821232
GWG3380,0.47011623927338714
YUU4145,0.799039949193804
TZW5104,0.3786732143249281
SVI0226,0.7244311518943678
KOO3080,0.7469966561058667
RCR7780,0.7402309357214696
DDZ1864,0.43520518551488174
MSG9202,0.34659513628379446
GNC7973,0.4842473624464583
TNB6317,0.16172180501998967
CKP5184,0.7525689139183315
FAN3835,0.3023835925349292
ASP0506,0.669499953311498
XEP8902,0.3913719647296308
GFQ0333,0.31119154389886733
STU7442,0.26574427992083405
KZH7721,0.3481909818795533
QFV2858,0.7105933718341622
CNA2475,0.20191428371543835
VPQ2939,0.4193601229652773
XTL1241,0.463267385619726
RTH9839,0.7294478505700406
YVY5308,0.415411718250276
FZY1694,0.6711321456309964
YCA2616,0.6107234480567258
HMU3975,0.2596832399063727
FDU1357,0.15776171729565322
COI6888,0.7162173872844866
YQQ9816,0.49030642597564145
DCJ0598,0.12256931777361404
QAF1690,0.41753646428718727
SSF8640,0.5819896270664624
QZS7048,0.5301924157530817
UMU0017,0.12890709921767596
NHR0599,0.2850388732013906
TBH5424,0.14668017905690764
ASQ3055,0.4717036101166955
YJL2807,0.3195006976127414
REM8079,0.34835447366372946
PYI6606,0.47617977700583564
FIO0648,0.7774160249134661
KCL5134,0.42766170091685224
XFA4921,0.14663787519396962
MFS7445,0.5474815874702696
LJN7166,0.7545461643802496
ZSB8267,0.7076725699760995
NOY2382,0.22868470262762475
VID0540,0.5871767256204206
PUI7231,0.7094870732491474
DIU7827,0.32900724934527736
LMS1840,0.15157851024774974
JSI0972,0.17826892270965325
VWH4510,0.2970648336713418
XPZ8442,0.5488964946175298
IVR6080,0.4665587674903222
DAE7056,0.4762890137217527
XSF9221,0.7000652178235504
WDQ3723,0.7709074410743957
SDI9085,0.2149929959463965
SZA0713,0.6515507939635992
OHE7288,0.32308988656026144
RKN4919,0.6217589017049368
UEP2190,0.4613344376080456
CLT5723,0.13219378748602678
VJI8551,0.2904532943139381
XPK3889,0.6741198371405267
SGT3305,0.33999511102623947
SAL4070,0.2272379391529344
WVM8211,0.7420970103868428
PCS1722,0.25828473506809324
XKR6147,0.7200656567563043
XUR2232,0.5752952389585063
JKT7149,0.552953735719747
KYO3320,0.6001680275812313
BCR7281,0.44537710701405137
RGW1489,0.3485356738462544
AXN6618,0.4957692707193546
PJA2115,0.4507253193120554
OQO8884,0.6212615396837244
YNZ8560,0.4611717458187441
DHB9103,0.44591038339195777
YIO0165,0.6089468665994151
EPR3439,0.525396615103677
BXC6882,0.6108002146735102
JDH1113,0.37852184658127525
ZOI7409,0.46596832695146356
NMP2912,0.2835247824952066
GOJ4289,0.6915891775819194
XHX1364,0.7645285333636539
VVZ4851,0.6134905614715543
WTK2653,0.34602549189465226
MAE0737,0.5047749361944628
IMV3149,0.5624703246137978
KTR9193,0.6278296500642292
TOD3591,0.222029449426213
FRB8474,0.21573476642107609
QZV0518,0.45429235676993585
VIP6808,0.13408372998754425
KXI8109,0.3791664127923351
ZFJ7032,0.7826538105630279
KFB2661,0.48845299915583995
DMG4116,0.743293547260655
APL5877,0.45052759373117407
THY5809,0.3425112039073383
GJJ4558,0.41619043529967664
BPW7388,0.5162759365828138
XST7223,0.6573684249174319
JEE4921,0.18079670330667594
LLE1425,0.6059722613958991
KUE4150,0.6012704757494296
WWE1408,0.11859242015479063
RUE5821,0.5900402677047126
RUJ2756,0.7348682413848068
IXU0926,0.2972829984453104
YBZ8802,0.31108568567796174
KKN8936,0.7592390535485642
VMI2245,0.3534178721294703
SMJ0545,0.3573348019919133
DAS8749,0.44894541509589986
YER8134,0.7170010169438371
UYH0872,0.25199798713047333
ZPD2531,0.7500269815209293
KTL1545,0.5123092784334731
EKQ2049,0.6343323332186364
GJL6540,0.5966449212738418
XZV6966,0.7679045455425644
LVM7923,0.43800980467516304
IEB7788,0.6986730309395018
UJV8655,0.718386502700194
GMZ9526,0.6162085681478932
YBZ1017,0.47979084983408005
ALX8013,0.28537112262855213
GER5584,0.370626060837375
MWX9044,0.254309494374596
ERU1857,0.19147162421553682
RVZ4998,0.581081817321686
UEQ7217,0.4512850687791432
WNU3314,0.3612507034298765
FYP5922,0.40793530830558417
WEW4166,0.7131125063388499
GQL0285,0.46293258508617324
GBA5352,0.18513470818930833
WJL9492,0.349665329913172
HSM3570,0.7038515840820355
HCT5417,0.4910556418323724
HJH6473,0.6680573502965942
OGM5986,0.35482895403603376
GLG4293,0.17981325782826504
VWN3938,0.5440784920519256
GXA0045,0.3546718667057988
HYI7006,0.5469145373394989
MKZ6848,0.8993468480296176
KDF2835,0.5038493346144204
JKP5380,0.5111327277595199
OIM8727,0.7096553269714542
VUI2290,0.14337660956365128
WDW2129,0.7227932518854727
SAR8093,0.49746564732367604
RAT9039,0.3415673111124296
WIK5954,0.26757604017472447
NVL7088,0.5485963901156875
QFF2987,0.6276850643486634
WOQ3211,0.5392626388547088
GWQ2895,0.6137496590032262
XFB2979,0.5932396489229464
JUR2499,0.3712377618807643
FTD3973,0.48040375557876985
GAF1548,0.1734966995599593
CFV3986,0.700028419593198
CWY7712,0.6351167210932182
AHR9467,0.28483370933347263
MUR0716,0.5942510279380873
PZZ4271,0.5432654938603039
UMW6557,0.5124488671573905
UDL6067,0.6250861083493551
ZHI4043,0.3649232842881792
BKU7239,0.35500664682011585
AWV1442,0.41386944482030275
LTU9152,0.46347750994798037
GAA7231,0.13755541619672687
TYZ2295,0.5821942777298074
TFC7836,0.1450403156989591
GRX4717,0.38895409427263067
PHZ3014,0.1590408049830516
SQY7131,0.5008976148600746
SZP8923,0.3363385721453776
SHF8940,0.5138574085652569
SIY6976,0.5960306625628335
OUU7553,0.6210021341921589
IZY8370,0.22328393332229332
UFP6673,0.6607189731699377
YCD0298,0.7245636816861988
GYV4279,0.2452755591810336
UOH6028,0.515792466248249
URM1669,0.3716588683802296
WOK3312,0.3603933274083044
VKM9785,0.3682236246117197
DEY0553,0.3238348120776816
KOE0267,0.7524889567523482
QDY7816,0.583351048824198
VQI2890,0.4280681123926778
LRX7049,0.3658417375380464
QPV0099,0.3955763495672464
KRV8762,0.39186808092210584
VAC7571,0.5428669336096908
HZB5860,0.338679166537116
SWN2244,0.5776017340018981
LOO3134,0.2253381559102285
CJC9458,0.8342388378651134
RGQ5084,0.4844601058859675
QTL8583,0.33564133804166024
TJF9910,0.3552370258716979
ZTS7674,0.3981705818528393
CIF9346,0.6586722204083334
PLT4718,0.3685886910302236
OGH1176,0.3801330392089941
BBM2431,0.5376735042019894
MMC1438,0.3377182326140245
JLL4117,0.3128226922185808
SYK4331,0.5395034330719819
QSY9890,0.1949009589089649
DJX4643,0.304857199148685
COJ6421,0.5483848393534893
HNO4349,0.7116287583781482
XAC1384,0.7529851230779573
VQZ2493,0.827108925019159
AOO7588,0.2923804183228178
NPG6848,0.3795256974430042
COW1344,0.513109739854954
MWE5697,0.5069415443575528
VMY8506,0.33111664037103683
EML3806,0.7273203311196049
KOM3157,0.0995203154918769
OLX0382,0.46417034578685246
QAA9380,0.4975998693739868
ANW5580,0.43174293698029215
ESW6215,0.41704226669173144
ASX6995,0.19810508132981366
POP5770,0.359660766582084
BAG5404,0.6621288048528061
LYG2422,0.6384533905447866
VNF0722,0.4991481234661417
JEH6392,0.2492485446011348
UPJ1865,0.2948533630248064
FKS7618,0.6177662465458318
ILV6048,0.3088950076866607
MQI3920,0.48160523383776005
BYF0970,0.5327129266735312
WCO6481,0.39312692326992515
KLW5610,0.6158455696764118
TRL9207,0.35276722082612044
JXJ5162,0.6884752768811572
IQM4120,0.32879245301401294
FTE5233,0.4163164217362025
GUD3977,0.4053271622868797
ZPP0234,0.6379374052002846
EEF1466,0.21182393859350446
VOV8606,0.7057180012833413
HPR5191,0.4885019039788097
LYA8405,0.5684491817536719
WBU8735,0.6305136042403621
TQR2275,0.3991574238551108
JPW5875,0.8147458292889342
TLJ7924,0.563603391792861
XMY2043,0.17786516346643044
QRO2231,0.4738723756172425
HLF4845,0.4866899146522878
UJU3717,0.5878327976706832
ORB7785,0.1778884057441593
URX8712,0.45851939612602843
GFL4830,0.5112604510723215
QRI3011,0.6749064265087469
TWL7361,0.16194363487148786
GSY8311,0.4734337772516829
ZAB8662,0.386181100377767
INE5446,0.5217772963310703
NAT5345,0.42212480136980834
BUD2177,0.38776146159833436
OGP8515,0.4523653231435851
QPY6663,0.41236668170466934
RLJ9691,0.29784672999944717
UKF6131,0.4068963610986998
IGK5300,0.2072595815451992
BOA2857,0.5181351696813038
OUJ7375,0.5536817787766998
ODW2622,0.6779782712217247
EFV9929,0.8369867409064224
UMB6250,0.3586061653216819
ARY2581,0.19901338874192204
FWD1267,0.5286316024492481
QWK4961,0.5467841060249619
RWR6816,0.23983441428767718
DHZ0702,0.6322885867381095
CRC5041,0.7426441076915672
XOF2459,0.7029363360272629
WKQ9187,0.32074948572963813
AZV9085,0.366291958201188
YSZ6492,0.6895096100840846
CNK2218,0.5897927903825546
OBF4098,0.36544228120293404
LMY9061,0.3826144587491813
SPA0324,0.3819524907597143
QMB9576,0.18936366339547384
EPE0986,0.5687413317951799
YPH0413,0.5338836097257407
RWU2048,0.256901651329483
XXL3715,0.33738254544119317
LMY8761,0.7928308667113482
VZX6168,0.168501769618602
TQC6813,0.25709625396225055
UDQ1869,0.39389362811450385
DNH5723,0.6820156235128716
QXG6300,0.48500269941388696
SKP0307,0.16227571387891104
KYD6619,0.4956987322912837
UBI4597,0.4573937578053871
XJZ0694,0.4421119046846771
VCB7873,0.5698242537870545
DVP8229,0.28525544004085535
ENQ7050,0.8336937628369661
VSO8083,0.3248502914004164
IVW3734,0.4480887864018802
STS4967,0.5253978519204083
NQY3007,0.4640986135318909
RPA2336,0.2426241116243628
NKE0904,0.410853037930603
IQI3842,0.361273976162313
HKA5518,0.5769655620909143
GOS8577,0.33279906464044273
ZQE8717,0.14731312498900898
PVL0488,0.3507226565197574
BNJ8623,0.7934598642476788
GEN3250,0.5009085755850026
LWY0125,0.660319121808299
PAJ0655,0.2437781019831616
DSJ8355,0.563842747200259
ZTM3982,0.523836807707322
GTG0544,0.2799743915005359
YNX2835,0.4538907042195681
TGN2850,0.42340952842634244
BXX5261,0.41320295123098144
HSE2409,0.3653596620312862
DLZ1901,0.4680599476331329
GEJ1320,0.6309319539492863
VWQ6022,0.3870288500839404
YOK7020,0.6574872589785445
CBJ3105,0.43415867111782047
VSY3899,0.5365201237553059
VTA4221,0.5366709483665801
HHB5509,0.6158255123195226
TGZ6086,0.4425224862686745
RMP4380,0.40135740174660406
UPX5708,0.380779653523696
ENL9282,0.3492745798840579
LZH7750,0.36376769438315243
IBS9693,0.4667274014544468
PKI0279,0.44982071543301705
MNM4404,0.3357396608264627
LHG3702,0.6168274331503194
QXS2664,0.42313642573379756
ZJE8725,0.4323743408315186
OJA7001,0.4535440155219625
ZSQ7961,0.19784148794502396
YVV8348,0.24637859101120244
YEM8450,0.6731687704601691
OWZ3181,0.41674398440953875
VJT5618,0.3394146820621409
IAD0845,0.30098308774081994
KSU8228,0.628208588112037
AKD2635,0.480389010829551
DPT3746,0.2601199121060712
HBB8000,0.26769418659815847
XKS7078,0.44615248855665557
BSW6379,0.5993425316642598
NMD9061,0.3918488474016366
DQB2981,0.3924459943511969
CFD9987,0.3498574814438123
XYJ7765,0.4080693537684922
CCO6993,0.339554207137565
LMK8623,0.304404339800829
MHO6527,0.2744040873043497
MPD1810,0.49179202806132855
BTH9628,0.5455220130994799
WRF4157,0.5274157266242174
XXN2403,0.5945972387851116
FFJ6322,0.32447852220668527
WZD2412,0.31016292144640384
OEE0398,0.30612407930933216
GMF4223,0.3528869316386565
EVD1832,0.5753709539860897
EAO6665,0.6509690233197968
ZTE0996,0.3620518535949758
WJI7604,0.39318065782292283
GXB5604,0.2912282392346467
FRS8324,0.38980315068719074
ICR2183,0.7212718670207056
SQI8245,0.2448131616107093
ZEI2787,0.7416137684392407
UHX8290,0.29466309879124514
TTO8119,0.7519368965382327
EWT7697,0.42869514067322423
LKC1392,0.4243306465689538
KZA3127,0.653051934463403
FTW6416,0.6684483819729055
GFW7003,0.7006760427029614
YTT4302,0.4373414131821983
EOE9840,0.26036520364343324
RWM7830,0.507639761753008
GOB8336,0.24914609310678978
LFV9110,0.15700130931993747
JPW2124,0.3865768217106507
BKF9745,0.31282484742197797
ZRA5115,0.26250804709928466
LFH2159,0.6228936996908794
VMS1291,0.1496195538590479
PMX7872,0.7612626290281169
QXX7294,0.2762651504557417
FBP6560,0.1395775375397028
VEK2855,0.1911635545571479
ZVI3482,0.47300374790932115
WID7204,0.6216281703780497
UXR9283,0.4320210798011283
GCR0520,0.11845183008984751
ECC9768,0.40154405205761917
BPF2428,0.18200504749795385
DEJ5473,0.3231599138682944
XYO6541,0.2889712033074919
NJU1327,0.43481611135411596
WSK2569,0.6565332100143345
MEY6847,0.7114344769245119
OCI5920,0.4392317285066655
BFM7635,0.9186440942070324
XVU0737,0.25103573081124914
ZOS1822,0.41056351379735023
SKD0534,0.3456731045693032
ZBX7132,0.49072900949720855
MMO9244,0.2666283483929754
PRR0310,0.2538563610090064
TJG4761,0.567737903853988
BBN2496,0.1968384764492229
JIW5388,0.8277974818934085
KSN0005,0.4899552115214303
MOK8564,0.4394588757549333
EUB5732,0.459595490674276
NLQ5109,0.3928378483477176
ZXP4295,0.31622595428326616
PAG8472,0.4068079301814209
LXR1978,0.2905695955115764
BRZ3164,0.37117621478957313
DKT7237,0.38416790168693915
ZCE2914,0.32683383252495923
VHI6516,0.42310103503182334
UTV4967,0.47863909875666216
USJ4246,0.6228806280842041
HWH1249,0.3676987474368126
ITF4864,0.6333788978963262
KNB6126,0.3574745862082059
QYO5313,0.5039697943937567
WIJ2188,0.6039108408587511
ZBJ6751,0.2966599517107371
VST3056,0.18920375911269524
UEA4586,0.41800589661424997
QOT0490,0.26543277064715676
KAG3392,0.7831321072529339
SUX3398,0.13221790593427019
GXR5119,0.7226875071342346
WVZ9101,0.47775625257184706
XQQ6405,0.5714784250623558
ZWH9628,0.3541160219540924
OMZ6112,0.5272367818113308
LYP1066,0.7507919973317946
ERN5227,0.7003057173100775
DOA5901,0.3013234314259573
IVS2527,0.46460347989420375
LJE2834,0.37148836453894046
OPH7321,0.6469162490964454
OWH9677,0.7825746607713342
XGF4872,0.3611861488239267
PKM2654,0.3251706455900248
RVE3128,0.6986171969646571
HCZ1235,0.7230609191838183
QUZ4412,0.4655960989949039
AGT2111,0.2855946458276853
PSF8463,0.244610586507509
KBU3273,0.7437308062738757
XZD4636,0.6531686861772367
DOO2539,0.5040404647169194
HFY8294,0.14269605279032724
EFC4627,0.7473720484926368
MSV3690,0.21304971420149435
TIR2213,0.5166824539561119
OHJ3283,0.5351786821062217
TVM6927,0.7908612088183795
TCQ4437,0.47781607403621
TWF0211,0.3471472749028624
SCV6838,0.24432991933613965
DMN4994,0.5007598120709466
INI8518,0.5024229548696577
SDY1000,0.604272220086996
JXM4061,0.4764192845900514
PMA6094,0.3373211375011644
WTH9861,0.6779888603882165
XXB6736,0.4296709210747214
IJU7206,0.6266693622163584
RJZ7847,0.4179068868939196
BJK4564,0.2849443433341258
NDX0091,0.3140415922078585
NFD6321,0.17870720004235846
TEN1858,0.18863137425794269
ITC4358,0.3566326400471465
FGY4048,0.2875750931205128
CPQ0026,0.468344278878764
PZA3978,0.41971330499016907
JOR3671,0.35934181293222306
PKI3568,0.3655434477593494
TBJ6999,0.6379104451071556
ZVM0946,0.2892128658289107
OQT3041,0.8119197049209049
DJB0799,0.5013223803160339
HBV5727,0.6581717486984773
APF9285,0.3974527284914169
UXG0628,0.5495096512858383
COL6410,0.6138588255465073
QPZ9639,0.5008499709298215
UON2161,0.3143846019999293
IUA6276,0.4401475542708688
SLE2186,0.3813591837565299
TLT4666,0.39649697019681296
SCO7140,0.5854279858911094
BID4149,0.5291873330532778
BYF4218,0.29966851091583285
MNR0110,0.5349533973616625
ULV2517,0.5414850255780447
PAR5191,0.47947831776847677
YFP3399,0.5017198732337222
WUZ3632,0.3074233836206073
QDA3476,0.46045977606435157
OGF7039,0.7736933897117554
GPS1812,0.6783628583299719
ZAJ2495,0.658595047699569
CJP5768,0.6422852300261995
GYY4735,0.5506565293398454
WHD6815,0.23342999575894918
RAM3944,0.25697711453137084
AHF2562,0.4218210692077761
PHX3766,0.3210352189280647
IMO2872,0.3055905116935627
CNP5354,0.30068231315337707
CTN6782,0.3596585379077855
PTO4108,0.3682551753727977
KTY2623,0.3364676674273921
UDY4764,0.7178139174822038
DZF4635,0.4083031687141066
BCW2803,0.5067464794368797
RFG2472,0.6401371860517361
EAF3848,0.2555247104524254
CZM2079,0.28000246542109797
ZKL4083,0.5968051978974774
MIK0805,0.31629124145585
UZI2506,0.8169021787236476
XAM1154,0.5783391285314423
PVI6541,0.8570615801354927
VZG6189,0.835552413050488
BRF5316,0.6018428938488027
LHF0941,0.6259052272761425
GTE5510,0.3505699995104589
GYX6928,0.3281661747293428
QCY9581,0.30042954776837083
JDV1123,0.30143148520818996
PXK5315,0.2512462570829359
NKW7035,0.5339840010550304
VQX9879,0.40332544156280525
VAD2981,0.7275495534973208
LHV7423,0.5811939895600997
DRJ3471,0.44213017234752156
NAD7807,0.4642359804601012
JWY7649,0.42537812455382934
THO7074,0.3762825294294962
HXZ2367,0.6123524223901265
ZSW8883,0.46828825133151847
TQL1788,0.5241368403346532
MHA3207,0.6763885568301673
ESX7797,0.19058729217869955
AZN4578,0.23564424228912112
BVH2792,0.33609349596360727
EOL8504,0.5687917548820813
DLL3527,0.5182958285979707
FRU5617,0.4405874647061159
DOA2423,0.36449466583302603
LWW8841,0.4056725502287162
BGJ1341,0.4365867509973018
UWA7636,0.5602775996103263
FNS6374,0.1362012163831707
ZKU9184,0.4749150189543365
MYM9229,0.7611374033958092
CNL4026,0.45530468788282463
BGN9072,0.6236519385616122
UNQ1367,0.2236846162663116
XOQ9765,0.4842965136146592
FTD2271,0.4261610004858344
UUM5139,0.5506009685290679
EIS3052,0.5508445392271967
JKF8552,0.4528628119515149
KRN7329,0.34459832899643633
OUO2432,0.47937127176933036
QBK4624,0.6011967237499604
FGN0012,0.5450778638911903
GAI2781,0.5753239386954551
KLU5273,0.19201744811139715
YOL0313,0.7309622388034327
USN6075,0.42471149395966823
SGK7112,0.6487611507977771
YUE5724,0.3931424916033975
UAW7134,0.4100386289254495
RHQ8345,0.5158050970925353
RQF2533,0.44608826636299537
ZBT6866,0.5576382558996467
KYG8599,0.26493335478552776
UPQ9522,0.3186535225248059
UCU4704,0.46462201654098484
XAD0851,0.14369897832998454
XPT9850,0.6141110092222453
OLV0463,0.5809638632335145
CUI5604,0.2722548955127077
WQU7921,0.21692223667123223
RLI5225,0.43981041193582404
EED2034,0.2632525267547366
AKL8171,0.31620904955098006
WEE6596,0.4666898562649162
PTJ7041,0.7107021180733744
GDT0244,0.5998732801858527
RSQ4934,0.12299875246548381
VRX9705,0.5379535541162929
GPE3631,0.23886929740867602
JOW9926,0.8503465584469121
VIK1863,0.6387397093725895
NVL6534,0.5579012078389084
QHG8919,0.168314761274568
WCP7148,0.4802593851081026
TLY9214,0.3573934799119421
DJK3149,0.5989085439252273
FEZ0727,0.5162670846444585
YOM9469,0.5216895525935662
UBK5070,0.529667094325665
AAS0547,0.47074542736171315
VWD1732,0.42926880614476104
HIY9904,0.497740486486174
BVQ7153,0.5975366747868325
LGY8368,0.675581227235084
BMA3899,0.42204018018812867
VVX4694,0.21375452750860377
IMK2918,0.5813147134268465
YUZ6270,0.4422253616046288
ZYM9424,0.3640944583511528
XRJ2315,0.668788429896959
IDD7799,0.27715801534913376
FRN8579,0.3367911622979644
JHU6135,0.5178974445693647
VDS1337,0.6149956511830131
PER4129,0.346568334217839
RUC7755,0.4930064151853381
NZN0284,0.7078852702108525
UKP7195,0.7400756223337457
SEJ4725,0.3944957932323806
FTP5392,0.6610197597282871
BOQ7717,0.6785196542927082
JNM9386,0.7870260329491038
UAJ7272,0.11005244360134694
PRI5009,0.46523068743628887
SHM1712,0.30757755310626894
SWO6965,0.5573741497022316
KFB9546,0.4500813988660392
QQB4653,0.5074056378850907
PHA0404,0.17158289453945613
SSR4486,0.327252696099446
UKI2868,0.30898567558750056
AXB2199,0.4398821936723486
UOS7094,0.6784660283417806
LYF6455,0.4113375688992978
LOS3155,0.4963795090593593
AXQ3876,0.5762718651945605
GWM1097,0.7351576212081324
ZEH8158,0.8540592235454901
OBD8591,0.6902054018161189
MLR5938,0.3645960893867484
OCJ0092,0.5932341934519114
OVH4365,0.76533555950767
CYN9635,0.5319351819061723
BMN5555,0.29244619513741427
WZC6296,0.4766665124946634
DBQ3455,0.3291164874332959
OHA5515,0.39753543616272247
EHX4627,0.6877093375831338
LGJ9688,0.37157137974979987
NJN8094,0.4656262683106828
HRH3000,0.47234629520820515
THR1355,0.3543214999485847
LCC4833,0.38054605198461744
KZZ3219,0.7654806981140733
SYH8984,0.3545103382943415
NER9898,0.12250057734965951
CJD4837,0.30177050251821713
NKV5527,0.613782574883082
LKS5211,0.15528639878494915
IAF6833,0.4172385145172826
EEU4202,0.24649174175951613
XGW9909,0.6127590985445956
UPK2830,0.11681050732334752
LII6921,0.3660744272348543
BDH0866,0.3610809041108726
IIB5822,0.3700277804174176
ACM2835,0.8291550427211822
FGH1485,0.3874485302422753
HKZ7723,0.47762697605449506
UMU6066,0.6315759067843081
HXY8339,0.6179281856080293
XLD6579,0.35771812790221347
DHQ3602,0.47242957386247225
HBU7419,0.21679727725928805
HHJ7156,0.4832533579932393
LBN2287,0.3687493388645433
QTG3237,0.43472454366015706
FXH4110,0.5207909095861162
WJG4417,0.3934844943558164
RIJ0802,0.3300828218128036
YDQ3107,0.4655041155561313
UBK4003,0.5543317214575894
HVJ6067,0.39147892232848847
LUA3795,0.108665258526547
NUI3132,0.3071141258211618
AJM7387,0.6794524175762515
AZG6236,0.3221800063700105
BSI2619,0.6246970502833107
DHM1013,0.4777910873325716
XKD9271,0.19975824023849645
NMU4177,0.4409818020051743
CWJ2732,0.5593316047245445
BTH7777,0.3608999669568423
IIN3898,0.6469439551006337
YZK9083,0.332084351857061
SDC0837,0.5588242250783908
FWI2945,0.2780577466700831
OMD5376,0.13428975458171222
REO1188,0.3310776518062399
FRM7796,0.62559050613611
JWH4432,0.38299274369265207
GRQ8737,0.35770300481631206
LVV2133,0.21252344594459
QQB8724,0.2441857110561661
YUT9546,0.41320073277842734
WXC6361,0.4145390702506138
BHY1451,0.27298128543473305
ZII1542,0.4503212259832221
DOO9843,0.881853226533648
RZK1351,0.2822171983628715
YYM1312,0.4340025785081824
MMK7965,0.7208162752528933
TTU6295,0.7273845574449406
DAH6958,0.446354089695866
PCO8490,0.8298538484268586
DJP3433,0.41617988660874666
OAA6548,0.2763128646257919
SFP2263,0.5040255112082278
CJT7713,0.3075356629110945
BJB0699,0.4906243198733229
PJF0726,0.19186614553720355
HPA0283,0.44977184585469365
ZJS3044,0.6350320933590726
OPN6394,0.23005785527585948
UYM2119,0.21690779775221322
ORI6815,0.4639698444104572
PND7208,0.4706624009058457
HHH5760,0.4187081317600763
LIQ5670,0.5243130928056938
QUB2406,0.4701047586466431
MIY0143,0.3373631863066523
MCG8811,0.6265048544845689
MHW2096,0.49811579608963885
LQK0997,0.5247953430900817
OBR4658,0.47323286764009337
QZJ3393,0.6240734559680691
RTY0569,0.13511985499254023
YOB4544,0.4032914318872554
QAL2426,0.5622570756854005
PDU5166,0.4696224862216536
KUU2207,0.3457381436187082
NJX5033,0.6952849660907101
OXK7667,0.401964678264822
KLI4744,0.24531015563053438
FES2855,0.5307938453504577
ZAB8325,0.8441889353910399
CQC9277,0.36109965024183427
MBF7782,0.4396804391758048
SZZ6788,0.6107809294080663
SDR4540,0.36450169642913205
DIL7710,0.6451813928997614
TKN4878,0.6954978805181253
XGD1675,0.7519078680757345
QEL3927,0.1881069714297589
RTY6219,0.5401520258978907
WWJ6659,0.21892441668904772
ASU8300,0.23145106849379524
XYB1679,0.10774585455581363
RBU0914,0.39312689110305493
UQV8798,0.39571573601377386
JLP9320,0.3828479454419324
QWQ7004,0.42432231513437263
JSD5400,0.37218012950785595
WON5434,0.31531104442354824
YMT2795,0.3783659268854255
LIB2206,0.6351143854609784
BCP8558,0.7345185782534144
SXM4193,0.3805400037825605
XNJ3271,0.21449598540454493
WXC1747,0.39219900136439445
SKX5603,0.48267700689153853
AAJ5590,0.359094501473241
JPT4045,0.4495452047352796
TCX6417,0.34592401785587074
NND5256,0.5132542296763581
AWM4830,0.42089055395083985
CCO2782,0.6677559919003176
XYB3729,0.31707845782842403
PXP3498,0.4588667521626054
XGG7955,0.7275178502351551
LYJ5084,0.42228350501955547
ZJO9311,0.24332706625892817
DHK9700,0.2858633209416568
XVI2143,0.6882366045449783
WBP7682,0.37717238397903363
UVG9357,0.6460111162732964
FRD1898,0.3165584462604488
VQN9954,0.22112510047389
UDU8569,0.6965005260892683
GIS5379,0.4444957018443768
AQL5845,0.7210584802446122
JDA9258,0.4777739724460466
BIL6692,0.7883255769381907
WTD8139,0.37521232233292334
NNS8064,0.2582436348627541
IQT2995,0.4350831042173248
RWW1032,0.6028898317151697
KYU9106,0.522496630620427
PJL5141,0.3854747264318679
MRF9734,0.5069154450635323
TSZ1464,0.5444785155380464
VOD0368,0.5511370507103456
ZJO4648,0.5116867993756334
KUF9356,0.3170028023547587
SHA2863,0.5306445259225072
ARZ0060,0.29125128202228034
UPP9315,0.5101789513008596
JPH0891,0.2590294962419369
WJC6264,0.49776925137130545
XHB8908,0.3078314939332449
FGS1465,0.5637991812815208
TNN7189,0.27119865328017756
GBV1525,0.49050872378003896
UNM3035,0.4914220457786135
OTH4354,0.4623000594100518
MWK9161,0.5531463510148079
XBJ1523,0.5992662540713546
OTQ1307,0.7460013033375079
QUI8859,0.6922658183416429
FXA1974,0.3545771683417332
HQZ4083,0.2732582494478144
JRX8081,0.4855893218805596
SMA9339,0.452214211714612
ZRV1847,0.5275239352151565
GSY8940,0.41271615687994284
HDH6951,0.3462406739722064
OZX5767,0.7111249065204567
BKN2732,0.5121132066998447
MON4409,0.5325721987489311
VEH2084,0.5600097693447968
OXR2175,0.3842913055928714
QIT2040,0.4780147274347464
NDZ7253,0.5998379428960746
DGN1477,0.4143389890412032
XKG5616,0.3026825510717793
GFT3859,0.5596436027433835
ZEG3074,0.37834731831758983
ERC8823,0.42134652815221346
ANN1757,0.7772338682911837
HVT1416,0.5180893152340112
FNA5079,0.3746074615956622
YTT3689,0.1365924789749352
ZRB4114,0.7413640467076975
LKC5167,0.7216422462740075
QKO7079,0.4677799018430075
NXS4393,0.33321601559885144
LET0397,0.5047112227272739
XVM6189,0.4796358852306752
MDW7993,0.39238731532947096
YFY9264,0.42817650936342383
MFA0286,0.3161899587888888
TRX1943,0.4234337530952662
AVG8200,0.41503746833257815
ZFJ3116,0.6561003995073812
DKB8692,0.64960023345911
JEE2838,0.17130638508181437
EED4838,0.2508988473169432
BPP1288,0.30475910113951354
DOW2822,0.6867876254165441
NQI7015,0.7169375947481436
ARJ1652,0.5129213272042905
MKV9833,0.6667118827589302
BAG5364,0.5379654149818328
QLK0972,0.28108026518722445
QBM3534,0.3680120537226739
XXO5042,0.3158920471771429
BWD4481,0.5618455118234005
DUE1526,0.38866580079581
CNP6504,0.3497384541766114
UDL7915,0.4778032356376431
CTQ7672,0.5470068154885694
EQY5043,0.24730325489187385
RLZ1107,0.18747003367124304
DXK7889,0.7389218980778245
HOS6888,0.2746861501441145
WFP2253,0.4963747634138186
ABK1979,0.16797841624673834
NSB9683,0.34813715562048597
GQZ2156,0.37796272335251113
TNP6583,0.5924500635776239
UNX8157,0.4705992306869547
OPH9058,0.7368914056659832
ARA1083,0.7346741685042725
CPR3859,0.3239086506355667
DIT8983,0.5759103114891531
JXX4274,0.3626579904840777
DGQ2285,0.742754170231305
TEO4197,0.33138180896620184
VLS2232,0.4885035522063094
VSL3471,0.4620860563860352
VKV3009,0.45154223487905554
VQG9824,0.4377343221318644
UDZ0523,0.529812178378295
RTZ3365,0.22248906567737653
DUM4265,0.43646189691422266
OCW4594,0.5029966197641238
PNY3340,0.6711230465486485
TKO2407,0.4875013805628504
RBK7640,0.3433593177580822
VWO0656,0.2961078029122001
PVH8216,0.4038995106713379
PFV6207,0.6699254681520538
ARD6927,0.7274846119132907
BXX3179,0.18388095946582184
EJA6722,0.3513747147400172
RKB7690,0.48150004236913496
GSU7345,0.6514389609848313
MTF6536,0.3933210498808015
EEK1731,0.2943577510833524
XKE2034,0.5822814429417906
XFZ4451,0.551803851716919
DNV7450,0.15798608453823051
DBM7804,0.45113544790114396
OSN2115,0.4073800205116038
DIE2462,0.6120697365280976
NCR1938,0.5640175773402291
SLI3385,0.43281810773826856
IMV6618,0.6602560439694866
MWI9236,0.27068080826968155
CPZ7415,0.5395956645300606
GVA3046,0.44121806959201065
VCF7450,0.31227351212363874
RWR5955,0.7538888157451222
UNR6482,0.48247288779180914
ZSW6504,0.4979198020454503
WHF7797,0.30267809977974464
JRZ1587,0.351341922135319
WKN1856,0.6666898444390297
OKO5198,0.5779793463714491
ZOF6714,0.558070171776541
HOV1633,0.36050404432792144
HHL8001,0.23559923861245863
KSC5408,0.4896693462877716
RVG8305,0.6947483766342447
PXV8041,0.5017154580519605
JCG5205,0.1994561036170152
EWG3114,0.3533654880649011
AWF8804,0.4953734289896055
MRI9171,0.2645985306865155
BES4026,0.46535005715175276
PWB2790,0.2103282134282165
MKZ4027,0.6837320022343283
YRJ8304,0.30450190692605833
BJE4168,0.3807981901630713
WJI4276,0.3322030133562919
SMG2272,0.43440729267957734
SBB1777,0.5334107514095457
PQK3153,0.5296376659022675
EDF5544,0.6206432414450221
NWV3159,0.4579931754320678
OPH4418,0.5080625791214356
UVX1686,0.4278117940398471
LTL4424,0.43745965445979745
HTP9675,0.14765272437188112
JHE5718,0.5327718835901001
QWF4463,0.36660469512296706
UFC9328,0.41543810853522667
QWG8477,0.7126258286066318
FLU7651,0.441824050291089
HML6971,0.4065700186830263
JCO8536,0.33574317935808606
VJR7001,0.6921873626273982
HKE7026,0.331362282009416
NAZ5847,0.4056404526711615
DLH1235,0.433770183796966
VWC1889,0.4445725207563513
LQG2414,0.3417455311047598
BTP3447,0.4565690872060069
NIH2856,0.6160751264688944
OFF1083,0.4298504976869704
ZQA8799,0.7202528949443227
IJK6751,0.30381498013055924
BOB6176,0.4349057649479046
XFP3339,0.4316875147913431
TAS3348,0.2720834299018476
BHN6210,0.5419853654071933
GNW5149,0.5791464795468931
VVH8291,0.6038675136322438
HVW6558,0.4716219932881548
LHP6615,0.34295790761297834
RNJ4226,0.5244738027020539
IZN2011,0.2191907103316579
SLM7035,0.30533266867460934
XQJ1139,0.44477617012440734
AMJ0335,0.6721137288655241
SIB3087,0.611052945464792
NLJ4328,0.31706816060056947
LUL8746,0.4203706455455258
XTZ0050,0.540367532911263
JVQ0976,0.3031471435029296
ELW9308,0.38999821901883275
QYH1973,0.38497891154387764
AAL6035,0.47909901227902596
EQI6267,0.4378749328937675
ZNO8211,0.31274533947873623
DJG8036,0.501715579930753
LMG4322,0.46088126501268933
ZRB5371,0.4137054854112004
WPV2188,0.7397395928019382
PAP5839,0.5064503209377081
VXA5180,0.3091143225956577
GYS4742,0.3547768206984884
UTG8994,0.42929086693652113
WZJ4218,0.40066799593117053
MVR2420,0.25131885064111625
MRB5680,0.5170287442731227
WNO2118,0.552893849781752
NGV3962,0.23411581523280353
HTR2914,0.5916567321485717
PKM7354,0.3080747496012118
UAL0916,0.46067446234681225
TQM0482,0.43629148994392813
ZIB0347,0.3845070350718688
UYN6870,0.6068503121697068
GRT4611,0.6636559966141627
XFY3621,0.7511552661463654
VFC2623,0.540018614351337
WZF6184,0.6501337586457151
OOJ4678,0.4794013077814369
RJP5764,0.38568281518635694
AHZ8000,0.7116885547527474
HDE0780,0.20381366018288471
JLW1736,0.533890169147683
AWU2812,0.604914666165193
AGX4063,0.3858705512020703
XCL3451,0.5269511058981797
OVB6800,0.34539724103938324
IXQ8744,0.39538546862329205
EZP3118,0.4281155315676936
QWN0794,0.803356973242715
VEV4096,0.47664057768248635
VEU1076,0.565497377309672
YDV5701,0.5994152897982502
PMJ7354,0.4271026040858011
LSK0936,0.5432455551930148
OWL8934,0.4771432927853649
SDV7836,0.6085873364635066
QIL6179,0.26346212259084206
HSX4903,0.5536069484715627
XOU4343,0.35945155566034304
KFI1941,0.5877976494243962
QJE0535,0.5416552212303519
SLE6915,0.22227832175825846
SCO9217,0.3566842951202934
MVT7781,0.5735849343597633
TMG7575,0.8101492329750863
IHQ8441,0.46825738830351193
HXB2178,0.32841940390079977
QGW3324,0.8008535483641741
ZRV6802,0.467762739035841
UQN6219,0.4939125013844652
KSO7707,0.3252314486777025
LMG8449,0.24975462588195735
SSY7236,0.4949511722161521
AXI9652,0.4370472244565483
JWO8793,0.21364520168815365
UUB0607,0.5040805175139165
ECD6444,0.42549963038537797
BBJ5618,0.37528618006927034
MHX3291,0.4304507615927437
PZG8347,0.5002399191234619
UKO0197,0.47585426919995283
DYK7152,0.33189368351644805
DWL1376,0.4952647557621428
OMX1967,0.44135548610460035
AIV8783,0.49773992374733506
CRE5923,0.4621868116416788
HIC4011,0.43428996745777027
HOV6112,0.4868957628572369
KBF3850,0.3911722012142727
VUI9301,0.5019918792367649
XWS7934,0.5105003398469851
BEE5677,0.37179487533385475
JSY3976,0.6620945206908834
BMY1563,0.6759988845920101
HXQ4485,0.7488521056510382
TIS5890,0.4683715313329877
FKX3159,0.43133193579381546
YMK9880,0.5032238811485824
VCD5495,0.4708613452539886
FOO0472,0.596394759357372
QZU8396,0.4329577892397421
HTC6808,0.2017653462279651
BYL2752,0.3201988795179774
ZAM8218,0.5704229437914722
IXN9654,0.5250652652135287
TTL5403,0.3178490637254025
QYE5349,0.6453989482458544
EIC7153,0.5755512669577063
XTA6550,0.5894430054426567
LJX4501,0.1990610124238831
SQP2640,0.49445506425276664
IZO4596,0.434635469968102
FWI3799,0.6417629200694979
AZU7246,0.5438628031888156
ECB5710,0.6823123573292272
BQD5122,0.6615145511068831
UYU9430,0.3135225954665855
PCK7063,0.3349978923964602
IEN2498,0.464458654018651
TNY8680,0.6948297035036919
UCK0106,0.5072461596409797
AOB4977,0.4794386888336877
PPE2382,0.5862217752713818
FYU2252,0.386966924717069
SIU7145,0.5112284383548857
HVR5096,0.3030889697582446
OGB0163,0.6789539289945694
JRS7729,0.17803943877650288
IGR8562,0.30698563646262256
JEX0834,0.36196092573916805
TFN6722,0.6688147254470345
XKG8280,0.35187205080423994
FOP8068,0.4880753040410045
AYU1495,0.5297084809483911
VQP3744,0.35043279567973257
NOC9056,0.37319538188957585
DTA0824,0.4079665458307007
NPD9854,0.4692677988088027
FXK6082,0.29717660318517775
EIN7977,0.1527008898124857
FTW6027,0.7084583156828684
KBR3556,0.44310949198734706
EHC3947,0.23749423710747866
LQQ2433,0.3702733700080121
IDG2104,0.5500549282254538
UZF5415,0.4061306977648505
MBP8060,0.5513629048257241
BEV2395,0.2815077359171276
VSU6747,0.24249207648980897
BCL2284,0.28540500919863215
RAZ1360,0.40639476673503844
EWY1556,0.8155428058727752
NNE0522,0.5951161367258571
XQM5627,0.20569311853364403
AOX3558,0.6747209918505741
WUN9170,0.8464315502975595
XZJ3149,0.20729981058870942
OKL4921,0.6433499186347689
IZO0258,0.3298252463564499
WRF2650,0.6461402744190319
YZR0011,0.36964532738260547
RJO4245,0.7312621440100737
CRM2675,0.4330026065666005
DKL7615,0.4854886942108634
SQG4906,0.5389361954683155
IXO4087,0.2713128395654168
NBW4124,0.5644317440709563
SJN3966,0.3477075649815708
KKR4361,0.36938020630659646
HEK3882,0.45986850434565063
QOY8848,0.30804621393186216
ZQV3715,0.1340523586748835
UXJ9385,0.5172865713545903
VVE5601,0.5247160769448693
NHI7594,0.5460735195704434
WQW8250,0.5287815783540293
KID1021,0.342277644637426
MVW5606,0.26432404286370154
VDJ9872,0.599470393840938
TUJ6907,0.340824257756812
KVD7026,0.33176942244858904
GPM3013,0.3365681255965838
YPX1846,0.24738025769158498
DHB3654,0.8125488744273078
XXS9902,0.27632334771232475
IOY7072,0.2734950067900147
DLS5038,0.7447452717013436
NLD9930,0.21707928482571445
APM7094,0.6309522174272134
UFW9487,0.5468527770893697
LTY5277,0.6003945507567265
BNR2104,0.5335295480775847
GXQ8493,0.4262030880749856
TXJ5088,0.7642959952121438
HRQ6010,0.6787080937295107
YWN0709,0.44159137308032786
ZXE9454,0.5931586153156884
OXB8970,0.5214576381519852
TZV1176,0.3145816990469484
BTP3681,0.46426070854874707
ICO3585,0.5057888515267446
RDF9417,0.7107398143194615
VHF0605,0.2359049466145811
IAG9096,0.5191076659803876
RQF5460,0.6042695177705306
FER2233,0.3750930710964113
DDX8572,0.18226863029730278
SXI1042,0.3034069053637164
KTM2552,0.235916632696121
LXB4245,0.4762072383041538
QYH8445,0.6919349506056014
FPH7362,0.4516911654838453
WMO6968,0.34522993778613087
YVY9123,0.7129862989701857
PWI7008,0.2642063996608391
EWE8647,0.5325402538501725
UGH5821,0.5107827825868999
CCC6358,0.43812213177729814
NJM4224,0.34096891643674065
JLN8569,0.5052214034709465
SBS8635,0.3190301754772353
TCK0667,0.3350529558032554
TTJ8073,0.2541041776194786
FYM4884,0.35338188846494056
BAH6808,0.21258955213131714
SMS1066,0.6408742430427405
BZV7110,0.37490761915588916
QUC3244,0.2752437271885303
NCH5512,0.5454341615927
MWJ2009,0.30958242760855204
LMJ6900,0.5425037182722859
NRJ7601,0.6644159593688173
XHN7398,0.4601963485275545
VVK7366,0.3947830554591764
OOJ7340,0.3806187664083326
ODG4805,0.30178792005528743
TEH7221,0.5203285772611869
RVA6521,0.5249085803687129
LDO5407,0.5661553091941204
USN1312,0.4153457867621336
JPE7604,0.30233696599573334
CWI1855,0.3829504316615245
RUG6092,0.3922935512532113
YBW0147,0.6096445738323022
FOL7863,0.3689261232308426
YFD5576,0.2615829827110636
UMH1775,0.3015183982929443
ILG2801,0.6068484139527041
IYC4401,0.5474577895957442
DGU6130,0.2518053112707501
GXN6308,0.0889174207397388
VVJ6567,0.4143958565351105
QGT3401,0.6910313953790311
EHV5543,0.5899734805010621
XPH1693,0.5574019863056866
XVI6143,0.2141408311182992
MVT5363,0.4682467130416476
BJP4782,0.3443191002980092
VEI6692,0.5450032807634001
LSH8066,0.25112541990477555
OES5230,0.22364653056404235
GUS7697,0.49636207459777976
GIZ4545,0.27403492560026815
YSJ9267,0.6474823435763004
LQM2884,0.382826121164983
VXK8098,0.5207967375112134
LHQ6161,0.2875647937891481
NIB7023,0.7387748412445029
YGT5746,0.3412593204764228
OAN1929,0.7269590504427875
RSD3480,0.1915559030323817
GFU7927,0.3108550579228066
QPX8297,0.29104247667982397
MDE2942,0.4994604484884022
EMC6814,0.4939393411196895
RHB7538,0.5889714041695563
QVA1519,0.703338788198456
IYH6561,0.36828826613736887
XBT4342,0.4411976766902901
WVS5347,0.4905764478946852
RYC9887,0.3719428409441891
OWG0725,0.4284513295359101
PDQ7527,0.5841761480838791
AAA8650,0.45481193927569935
MPS1872,0.7267276823557689
XPC3180,0.5623547607428301
ERE3203,0.44985969801942827
JNS2424,0.7929849214004712
QIP5472,0.34314658659282726
KRI1406,0.4170181748458559
LCG0245,0.15957856868278994
UGQ3179,0.259143022922324
QTL9465,0.6061916963750398
WXX7131,0.3138865203893619
UBL8285,0.39202241303116453
CFN7090,0.42476394820445973
TPW2557,0.11093576822572312
FNI8664,0.20735548656614072
PIO9382,0.4841588555140086
CCZ6527,0.6606919794716216
QOK1729,0.5803892062541355
DKE8863,0.4421326121520451
CRV0203,0.7424530316411196
ZNN4201,0.4208992405665829
CDV7774,0.5132672688928315
EMG5794,0.26186052178073066
WNJ0629,0.7972219430493089
GGP7119,0.4842011715022896
PAH1172,0.4597069442943863
PJG5643,0.5293092289636522
IAM1828,0.26977567919232126
DIK3154,0.42678401122407217
CTT5887,0.6281833349494549
PLX1043,0.3566353644774776
SIJ6453,0.5011284272847011
UGI7847,0.47096229031316283
KGO6514,0.44687286175017576
ARC6739,0.29603763049415743
YAW0653,0.3729430770787479
YQM6980,0.40305705690391047
HFE2279,0.7874499748734454
VZF6216,0.3766082372391421
ZCH6489,0.45784209683489535
TVP7259,0.2756761892600513
GAV1656,0.5638715774515257
WPT0894,0.7314030492526662
YWS0422,0.6296541176243887
XUK7427,0.3680114282009714
HLU2704,0.20126472976521076
YFZ6065,0.45527379927939854
YPM4038,0.45407707445011597
XLE1332,0.29536705045694583
WWQ9108,0.22132310886874998
OBA3645,0.9151627986482106
GUE8114,0.6482140176926694
LDI5459,0.5981514875226637
SIJ7030,0.4069621307806523
SGF2166,0.4831340564224254
IUS8573,0.5456644056188237
OAV3919,0.45427151047055175
NSC7363,0.5808697751663165
BPV9497,0.3976943916437372
ILU0718,0.5283228644344939
QDB3206,0.4270433360496292
ELT3255,0.3000615908888238
XKQ2938,0.31807823067384927
AQA0422,0.6239515403505121
PLP7326,0.22030665508833155
PLY6486,0.3518489254531743
TXV3058,0.44422667339388794
HZU6833,0.8788132151584207
OYN1376,0.28377309589579924
RKZ2520,0.5509682915707849
VJK1168,0.5683892463494672
ZBV7530,0.5863191687489072
LWZ3926,0.674036105500374
OZK7168,0.1702513633331709
DIC4454,0.548115180983975
AQE1099,0.3265887295581434
FVI6751,0.6322142015775961
JHS9927,0.6304131903774229
DBB3746,0.5463588260839203
CWX6774,0.6232599830130595
JXD3194,0.5844990511320458
EWS5489,0.6551993595564614
YOO0895,0.1471900412550748
QMM3659,0.361348060695463
OKZ7721,0.5312216308815381
MZB2572,0.5403925724385895
JWR7273,0.42163997034338396
JVR1502,0.2433533764855349
BII5034,0.1430122071531629
YST1582,0.5044884934278074
FRZ2719,0.54180151981953
LJL4583,0.2772563114692254
IVK1262,0.21810407654393632
AGO2014,0.23003097099213551
VOY4391,0.48300641830374963
DIA7288,0.788047518574455
KTJ8937,0.5352665287066876
GHZ6620,0.32896707823168925
EIQ5825,0.2665359848547009
DMT3024,0.4472919412331436
NSA3551,0.271423049313181
HGA5858,0.39309582508527613
SYY9291,0.31260076780784757
ELM2280,0.8905121662075952
OVQ2692,0.29233642456421666
PRA5342,0.7931568920908294
FEX1797,0.6055715239432748
UNW1268,0.769241778842691
UNF3809,0.4502249334126137
AGW7178,0.3697366176525647
ZRE1357,0.4734365485713307
IMT4399,0.34679468842220884
MWK5375,0.3606535747119131
QVR4912,0.6776877379187708
CYK6709,0.45243498047999225
LJJ2126,0.6422677772898263
RUA9027,0.459290863244994
ACA1080,0.56345669705512
ZPH3170,0.5202715699697354
IDM4207,0.6174318442112792
ZTP7739,0.15547177442993887
YDV5815,0.8071666501330654
BQO0017,0.6734918854062232
XUA9984,0.6684377980715246
INW7958,0.637655464247579
KFQ2870,0.41457647923549434
KOY1613,0.36514535827590894
YCT7342,0.6571066989231401
QQA9782,0.4154468752499325
BAO5422,0.5392715771945599
KAS6278,0.45080429609577616
XNS2468,0.29628449347549846
VIU6714,0.5141904858261733
SMA2660,0.5777817543277186
CEZ5920,0.10537121151367886
JJX6153,0.5343435498920711
ZCT4811,0.6380299868794415
ISM2735,0.4319040488236366
KMP9746,0.41648041888341986
LLQ4055,0.42234143863647666
RRF8912,0.6023371841628881
QBW7406,0.2925543134008186
OJS1596,0.8112023389964934
RHO4507,0.5288316013043901
LKP7516,0.2444497019437948
XZH6228,0.6461905305296383
NAA2800,0.4918304421111541
BGZ5066,0.5040573221371005
CMI7750,0.5585498649393628
UWS1232,0.8303145737762098
UCU1562,0.39485605968733745
CXZ1451,0.73072498119067
XZI0704,0.5897448194473542
DQZ9741,0.7323428497117617
HHO4419,0.5470095442528934
RZA0154,0.3476169721968528
XCM7012,0.5441952958976379
SYQ5872,0.5589202566718143
WGT9197,0.6661802996667725
ZPP2318,0.6810290575586508
YNY5682,0.5549096201293062
DTI5849,0.4012192347316018
MRL8735,0.5395560084494511
NZT5187,0.44150842776933413
HBD0405,0.4299017320878379
FQS4223,0.21044342078125436
OMN1338,0.4985921931190678
TNK1463,0.37075137621399956
WJW5789,0.4310928349215101
FIM7054,0.6007169425359803
FBZ6525,0.40576393609469275
ZFM8609,0.4670198830511311
DVS8106,0.5416542922124299
WQG8515,0.5055425690529346
XMX7499,0.4815446207788311
YEM3557,0.21638592326612943
VAN8479,0.41857249709477407
EEX1705,0.18584390251829544
MLP6187,0.4716198085978165
ZZT9034,0.34751707382565855
PYC1906,0.2951583436696129
XKX0417,0.42164080442130447
IKQ1892,0.8712180100427439
JPS7984,0.47105267172190485
YJP4939,0.5566298597803423
QLY7451,0.2797708444458753
CAQ1761,0.29104427015957013
RHS3194,0.2972744375961407
URH2223,0.5360738357783493
EBV5526,0.38664089646274324
VPE7690,0.07690473625771387
MQX2555,0.5056684662824974
LGF8647,0.3905802163391155
ZZE1862,0.4507726353986252
TEL1237,0.3647956955094583
IHX5741,0.5080730188543627
QHN6664,0.481423957133276
WIH9047,0.7333819411307712
SPR8036,0.5692202754588895
XLY2971,0.3452246670415306
NFX0427,0.19869210565656661
IUO5128,0.5210210712209796
ZBK1450,0.4468278574091305
RIH8440,0.458239388174559
WZA0097,0.3431209307832755
ANN3748,0.5912300818072506
BPC0427,0.4440902592822425
NCR6054,0.7078409401974612
VEV1335,0.6331757352645379
YBY0166,0.6430635128204427
IEN9002,0.36072502927918043
EIK5210,0.2761053777415137
YPX7615,0.4434109373277438
GGN2096,0.659301082861996
ROY7283,0.6119425451630335
DBD6207,0.5460537031037893
YDH7665,0.22541014688058686
PTU4988,0.38804812359443147
HNV9512,0.3954264276611127
AJD4806,0.42534348802494765
FYX9557,0.38680492542744915
FWL1743,0.5688613921912777
OFR8910,0.7362950888140503
EPU4284,0.6009883653297532
FSX1358,0.21292679121295405
HAA2935,0.2585585975404375
DSP0219,0.28197295352961593
FBK1277,0.43926260846192455
IQQ1006,0.38456225598570304
UGB5004,0.5882136456717661
LVR9175,0.5297736797228392
KDB8963,0.3733613347774978
LNL1742,0.6329804601805915
DXT3232,0.4510254513293769
FWE5809,0.4057207280417802
WTS9172,0.607591660134274
YWE2221,0.5941809986234173
VYH7939,0.5482943554305066
CDH8864,0.6268737592616612
XLJ2088,0.2865050958684862
IXG2936,0.7315961871838796
SWZ2844,0.4592595411829669
AFK3912,0.28060322370256346
GMR8075,0.39516466626270413
JKS3370,0.2088557683058105
QUQ3329,0.6506704542809871
CTY1175,0.5269093112979493
PJW6595,0.2865644506905936
FHG7478,0.5639439145945703
PDK2198,0.4674347417153113
TLV8472,0.5032287846902783
VSE1384,0.35176330742389295
BBA9440,0.5766364763692343
ZAZ6128,0.3281812846796937
ALO3534,0.3803180418706216
ASR0646,0.119227362735159
JCY7418,0.30976057609933777
JEW5959,0.2849199070138765
WTP7859,0.4565207337896943
AVU1700,0.5139452645992124
YYU6072,0.4399917741996611
NKM6522,0.7408412641427223
MWZ9346,0.3026606558446299
GTK5704,0.34847116443513343
BXV7167,0.21092610745347024
QHC3452,0.24112001548449816
MPG2391,0.5482354962311031
BNA2789,0.6576806184044734
MVP6799,0.44202544907862
CIW8623,0.23410453002235204
VPA4812,0.48104051899531486
XOO5653,0.5346061132242301
BQL6282,0.46908052669039185
ZKI4872,0.4479530007429559
DCP6169,0.13454422486044687
RGC1823,0.4171042845606542
VHU7518,0.48484824491034967
RXK1646,0.3972027889334935
IVV1740,0.5509010931705164
VDF8766,0.6364652021682149
JQK6477,0.21582508868516298
UUP1334,0.5451604376657887
XAP8677,0.5873615420518853
MQA8873,0.3239561123779828
RYP7886,0.5303093706897025
AFW6003,0.3719829475691682
NIF1838,0.375539864434313
QKY3033,0.6109337539294186
MRI7916,0.31349481499912946
PQX0971,0.40386835947546734
XQB9992,0.7871194149949472
AGV1957,0.15494348799891255
VCH3197,0.7030770461490874
QLF7152,0.28937268767114654
GRR7219,0.4767945210922973
SVQ8097,0.17811504111510565
COL9431,0.37079834523189875
HHB8171,0.36833159334582843
BXG5131,0.34463526009742
FOF8111,0.4216011875132367
RTV2240,0.4813527079169564
LIJ5511,0.4358772957306179
KMK4275,0.5875335249619662
CPY9285,0.5326970463399472
PRO7683,0.557171598342256
QSM5588,0.30992395013274743
OQS7196,0.4428926997653454
TCA1389,0.48471998564793295
ENI0173,0.4114649798269348
EMQ6425,0.4245152390384696
ZLT9131,0.7099364184595243
DRN1504,0.31431414324841656
MZI4502,0.7887029915325704
STS6672,0.4712103594341666
WGQ4961,0.4165524983152096
PHS4900,0.6129521032772292
MFR0763,0.42048572667957956
HJC0056,0.3018208473169603
TXD5361,0.2806649117587142
ZDI7351,0.49360090939884027
MJC3046,0.5054405850299672
SPR6183,0.29908074267499496
MXO9018,0.7415326823999686
CUH7592,0.19800198910943506
PQN0513,0.3315096828604511
PZO4069,0.4936659381594683
TNX6536,0.6053953568358905
ZXZ6487,0.3601109045233961
OEY5873,0.40692962997650345
EPM0672,0.5950193517025214
UAK7607,0.5581836643548004
PUR4801,0.685478757987542
SIZ0903,0.6997064202743234
QAK5501,0.6831188604954281
ERQ1003,0.28815809494184
JHS5395,0.2274128242152256
FOP0128,0.6994069341583654
CMF5213,0.6013860409041335
QON0449,0.5823777009503021
ERS2335,0.4581552578597785
ANU9281,0.6164785732469668
ILZ7555,0.6796091503191615
MIS9792,0.1873151222311072
ZIQ7762,0.39621517274227336
NDG7924,0.30823664843411597
FQG8979,0.563091651186885
LSZ0654,0.5942044390305394
SHP1082,0.4852905815339718
WIM1278,0.541972705121565
AUR6868,0.3855775604474631
XKU0997,0.2615752006437163
VQW1327,0.6119715292604446
DSW7214,0.3605375526034315
ZOV6208,0.4472727410554523
PGR6688,0.33819646237480344
KEA8009,0.3458668671713289
LNC6328,0.3590579104870224
GMA7529,0.6114353233011945
GUY1739,0.6012458482673593
BQS3910,0.6113035384413364
IMV3273,0.4478019049387112
WUW8672,0.6978066949601143
XZZ1931,0.4025800184553252
JVK1763,0.24039043857236966
QQU7584,0.32058596077773177
RII1341,0.5578669970225738
ECF2001,0.20461046725786186
IJH8267,0.7587265876311725
GJK5821,0.6181866456277113
HNR0653,0.6956431062359909
ASA2572,0.48677520782938877
JAL4562,0.7304341177417067
KXD6314,0.5421895758757143
PFJ2186,0.24499926165532235
WES6815,0.6617733522867155
PHS6750,0.14343635319120704
RMM7844,0.32798493071001844
GDC4179,0.35407874168807657
QUK5788,0.37987015134983193
GJL4316,0.760537834829081
OEC5147,0.8411258298521855
HNT7828,0.46127158888313863
GCK6333,0.38590479616041484
HNZ5414,0.6526021636349
CVK2844,0.3518655074256333
MRZ6686,0.2678128010799864
VEB7548,0.41780242255391514
ZFK6222,0.6509221883660006
TCP7362,0.5692701588876149
AEX8842,0.749226790311335
INS6906,0.1940664654406157
XQP9889,0.21716915477561916
FNH2173,0.5201072944129325
OOI6909,0.1901025957665796
IVU7217,0.3534782141531557
TLQ5774,0.8315659275608364
OJA2961,0.45803407790052314
SEH7834,0.6984926748279804
XKI2459,0.45120501093834015
GME1877,0.5346372549375463
RKI7230,0.33414482291341846
CFQ6408,0.3485571863266141
XMG3875,0.2144752089029272
HXK3423,0.5091596446893959
JXU8966,0.12197485413944713
GAT0080,0.2970113190716235
SXJ2606,0.4573273309386488
QSF2441,0.4227304355367116
TQS5006,0.5823986432518212
DOP1780,0.25779564304498753
ESM6222,0.4861365932387259
EKA5363,0.48150914405083106
IZB3771,0.29738645224950866
XYD0602,0.10865452850291485
GNP3501,0.532138567460771
AQC9120,0.284642345201587
HNV4885,0.4209954567475193
JBX9545,0.47739778976052777
SWU3965,0.45298688339480114
YSB2339,0.20303054747475144
WDZ5490,0.7623606207938227
KYR2691,0.3160503997617191
MRF9654,0.7014796608417715
IET0507,0.6394771427677763
CXW8897,0.32842968500326775
RHO8502,0.3786677645986734
DGI5875,0.7461851763875228
CBG8496,0.19177999304115145
JMO9215,0.4283701184640049
WHH0842,0.6500456368885866
IRT3982,0.5628612845074769
ZNY3995,0.26686263469473265
RWA3263,0.4606175261933326
RRW5248,0.34001282796260207
KSX1126,0.10290685004247645
ZGP1344,0.7189787651777011
TAP0740,0.355054720828263
SBV4244,0.08979379141069302
VNM7279,0.41951272503920534
XVN5713,0.6114626166483218
PNI6616,0.42843691347031737
DHK0115,0.46790518249688867
ELZ1893,0.5687185126417343
MMD9376,0.41836581940267004
HHO0755,0.3055252899389155
AGI6103,0.4971822698361011
DSJ1568,0.3477520131621239
OGQ3745,0.5880550933064265
EWU3335,0.5746135129116383
IBI8973,0.2463568069046178
MNM0998,0.30457696620145863
ZFN4243,0.3542586975508844
TAE3942,0.7491582383279766
CEQ9038,0.11399080156510757
YDW7588,0.2500336953158866
FLB0221,0.5853462886482959
IFS3000,0.31150482617970593
GOX2033,0.3667900001130585
RCR6392,0.08263600876904523
ZMZ4534,0.8271900614413212
DPW5768,0.6594903998150159
KKG5808,0.6441788686990347
IBC0776,0.4333437480628558
QJQ0583,0.40115331141052446
YHT6044,0.560843753773493
IZD5201,0.7172759606487581
FQQ6014,0.7098473068814208
HUG2535,0.5131833683790786
AWE7337,0.47553542978752195
AFX6015,0.2946534698387619
JJA3465,0.40017543283641993
YWQ6319,0.31177627244598405
UTL8063,0.5242253357241184
IRB0365,0.4927417729532339
DQC8790,0.5587157158168946
OKS8792,0.3989808544426079
RPI9883,0.4675805107281976
KJD6196,0.5898107458646029
AVL0382,0.5082786390218937
WHR7833,0.45266914035751593
DTG7149,0.676263532777967
ZPD3564,0.6441032582852904
FOG9482,0.5990593528106806
ZFV2720,0.6245041603001206
KWX6049,0.57182340923154
UEF4956,0.5689834218079828
JEK7287,0.6005786064949825
WPG6950,0.5912057746829599
QBJ7505,0.6227414322991093
GWN8595,0.4338679680583046
BZN6603,0.5038338776924122
XFZ2764,0.44120202916340107
IGC0378,0.28348976789712305
MMP1537,0.42488899544524655
SCY5429,0.5478484569005649
SMJ5723,0.5542066589597053
SVM8665,0.601345683271478
JUC4326,0.7246330880049109
POJ2305,0.5733888531820244
TGL1412,0.5936149427182259
TLB7079,0.5002934715198547
LMR6185,0.39815850922541834
KHK7436,0.600580805520199
OGI4322,0.5868470145232066
RVZ4835,0.3760414951464592
BJN0689,0.2533012542903199
UXE5576,0.38784973292686914
RZS9370,0.5795100216230331
XFQ2974,0.20468658889963542
UZO8276,0.28946084826907126
GSL3386,0.35770723566674484
AWS3695,0.7218826339310564
IRT2345,0.41864196549295624
JLA0351,0.3791774988302135
UDG0334,0.7469102476736728
BKE8828,0.48937689383032906
BSS5927,0.7860593752065892
QFM4192,0.4285722913660642
UOL8406,0.40148910219394984
DVB9995,0.3796484940535127
ZFM1248,0.4640537583531812
FAH0757,0.6780413384496418
YNP2161,0.4665189490516715
TUH2095,0.47455521360768765
BAY9049,0.47307250802555734
SZZ4113,0.4677256960630908
IAH5734,0.35458685261444006
IWZ1372,0.4105684294354359
YBR4638,0.44978677119180027
MOB7614,0.3245965303578424
ATG7894,0.6635446179095156
QQM8288,0.3803581603399937
XMU6369,0.3373426226584845
DSD2182,0.40765695847021827
JEF9970,0.7280305054447039
BJU6237,0.4431522224294457
MCP1196,0.8381881853935972
WQZ2473,0.4933178143616704
EXP3813,0.4585117256675945
ANY6979,0.34833257568056825
MJT9896,0.33695027967772473
RZF0126,0.47902351080959543
WNT3190,0.33261989771903455
SXR8785,0.6863941078397239
VEZ9878,0.4117841290957057
IQR1803,0.5975559576058
GKP5747,0.4961956012338652
KWZ1032,0.5971524469481544
UNG2441,0.7170575732606741
DEZ7950,0.7355228397793789
LWQ5268,0.6681336020142497
ZMD0621,0.5449580847926151
LXS2378,0.31597603992159784
TNA8704,0.12960074886549844
SXG9064,0.3829268881428827
TCJ5769,0.5718039910780148
HFW8197,0.7442031594605392
GHB7075,0.40269228733327733
TXW6272,0.5276626670389825
XYC9775,0.3902690745728319
ICN4734,0.6381191806025505
ZMN0832,0.33588334091938754
IRZ8003,0.6694958537865118
HUF3490,0.4323906117925227
FCD5431,0.5731093842321142
VXK6316,0.7059954466194515
YHN4722,0.3934106554475357
RTM1575,0.5485541721797937
YSB2112,0.2058003453237077
KCM1722,0.4489872018451784
OTS8869,0.49065588546609246
NHB2867,0.42669074618111474
UTP7979,0.5630472539036669
HSM0794,0.8787397229459526
RMZ6032,0.24244732349803882
IMW1976,0.5679301053808198
NFP1572,0.49174095653132865
UMQ1245,0.5684791161474853
VPI3440,0.4803490903591493
IAR8050,0.3232416554697248
LZR8401,0.6502834469428042
SHF9433,0.5223199364255321
UJL4817,0.8317042298366936
TRR3958,0.24330045565474775
TXD8258,0.6424230512656899
FCO4051,0.33326194972697576
OSB4374,0.39459771268638577
FVW1939,0.7206673393346945
PEX5881,0.3243044624543788
UZO1865,0.6728975228246082
LWE1790,0.2418708775202208
GWB7700,0.575965735319661
ZOP8654,0.6584336035432005
XLA1817,0.4084738250957052
HWW7112,0.5461968403969797
SFB9784,0.6762732318472408
OBN4261,0.1234017160154296
VRM2547,0.4283925219579838
DOC8167,0.40850919565754634
SWJ1035,0.3653284563258573
FLF2496,0.6626598261314003
JYX8578,0.8171949540232958
AEU2982,0.5579893009897436
YVH2306,0.6751457906596068
QKL4250,0.3804799118658259
LBW6479,0.613274982292978
XQN5681,0.620724496881124
CEP4086,0.650962269972109
YGX0420,0.3790842984507924
BKB7512,0.5317534387601333
IXG9725,0.44973689009931483
BOF5544,0.3722382075801542
UYN7747,0.18794023962153905
ROF4670,0.4741641632745856
UGV7717,0.09028399076452702
OEI6069,0.2959251470086302
EZO4175,0.5497221148827489
OIF7758,0.801508254648834
JEH2919,0.4942748914800062
JCE4705,0.501488917955893
BOD3734,0.40634796648232785
HRI5660,0.40500583775752863
OOO8613,0.09913534428944919
XCU4599,0.3052429130233789
KRX9049,0.5379898615687998
JOB6245,0.3331947266320053
QNM0137,0.5654237692892521
WIM6665,0.21716280058305437
LNU5227,0.48290879776803547
YQN9605,0.45930049634777553
UQJ8425,0.34619538499294233
PSC0175,0.3323455335512451
DJY2431,0.4286292132971775
ISL8214,0.5027580987394663
IIU0389,0.3615917561272288
SZT2166,0.6727004748711778
QGG3461,0.3147753377570235
XCL2050,0.5364645018387771
QMQ1245,0.39224939078678583
DWG4532,0.2938726414520317
VPI6024,0.608472930057518
ZYV1950,0.45329094982881823
ZFG5023,0.4999890329392055
VSF0357,0.4138481283913124
OEY6081,0.20259338343554378
TUB2085,0.2294738480404201
MNC6692,0.4940532789404238
VRR1008,0.46626404466126126
YVT6450,0.33493212827639135
FAO6275,0.5209312739977502
PTD9190,0.34136884711320087
JSO5437,0.5450727518220664
MFH9979,0.5488502069125777
SLW2279,0.6254035452774435
AUZ0340,0.5417869444174702
AWU2833,0.6938782809431857
LFN0157,0.6262467703056694
GPR0346,0.7261053048072812
MMU5621,0.4505251676800694
IJC0456,0.1708898049519541
HJI0200,0.19631470547499474
PUI7508,0.516729349393806
QWI3198,0.6485910803626515
VRD3282,0.4435724056271147
IXU9829,0.5881153713049564
NSR4945,0.5980707043720723
CJY2412,0.1616474319313897
SUL1935,0.27836617357594057
WAU9525,0.41093232828199183
VAR5218,0.22885394132893494
OIQ8584,0.45221884126022316
TXN4932,0.3648907846924098
FST0470,0.6691656147470947
YVU3745,0.4623886801798316
VRX1810,0.7136320872281186
ANZ2576,0.3459389756455401
DFT7074,0.5864916048263714
GLT4950,0.5469722506915183
WBD1290,0.1346744025685218
KLD9539,0.3440961949222245
UFD2281,0.3215400992191949
AGV8920,0.33623065807575003
EZM8303,0.37071708249121244
VHB2724,0.6662948164287849
CGS7371,0.2792423684404937
KRX8325,0.3298568436694506
HQM2559,0.7243144105232714
OAS4314,0.5887187533452058
REU0208,0.46071213075559686
BCK4124,0.6901643837471593
YXF7483,0.3948479328575527
EJI6128,0.6497858668028117
ZMZ5134,0.6864199538700182
YAV1162,0.40207294407440575
NRB1641,0.5017478659162722
YBA0436,0.799891709129113
WDM4803,0.3006911017500949
APA0477,0.2451770500235452
DJJ7857,0.5044777610464736
DDO2541,0.680895658295193
DTT0915,0.48899061712668174
DIO9974,0.5083746990292811
RTS4274,0.6388165261026859
EVQ9390,0.3766417073379722
GSS9218,0.380606773848337
QPV1399,0.15055602486542838
ZGP9947,0.5317701765855103
VXZ0953,0.3849952661222898
AKN4052,0.1937716565267462
GGP3877,0.8017719534149692
AVK5211,0.4614210774918067
CBU4492,0.48176993711320537
LGY4995,0.5369907792721548
DPF8787,0.4811756744739786
ZLU0244,0.3699116591662474
GKG9739,0.47703965415148253
XWD6996,0.30270777467439297
AKF5899,0.6099804890382489
UBN8639,0.5440190138647912
UOV8935,0.600177503165121
SCV5979,0.5137629128417953
WCH0782,0.7740134211636375
ARH6872,0.27466584607251104
NMM7694,0.6186957701046782
ICX6399,0.3460396100719661
TCX4933,0.33238355497688804
UMW1034,0.6057792011478186
YYP8138,0.4458949476133171
SCB9443,0.4763516540789265
ITC6113,0.7595959312710793
FCL9477,0.5893737650642895
OXN4850,0.4450192740254638
JYD3480,0.6333662806911203
VRQ7885,0.8307448754133936
FUP7384,0.6248020223707053
QWF1930,0.3522304811785172
XJR3753,0.37527066109713486
JYQ8107,0.45713546844228153
RLK1604,0.2475122928275544
WWU5537,0.8318884334021627
HYS7523,0.6038972544625376
ZJR0568,0.3307211261504021
BRG1099,0.4914462194353059
JVW7197,0.29853015945873207
ULE4248,0.5141590109309498
FBK1312,0.5805405177638363
VSH8159,0.3766001771152763
DMQ5786,0.3461617257449905
GCB3430,0.4909082467358862
OLF0501,0.42950334336196544
JWD0044,0.6837360064133684
TJP7761,0.5152328578031036
BQX3256,0.17935897474448428
XYX5749,0.6396062566248157
MRK3909,0.3801209946553084
XEA7163,0.42971437412623964
HCW6650,0.6183338616939232
TZP4079,0.478123829971436
RYR3568,0.422857257812142
KAA8266,0.4815314326407623
EJP3492,0.6595238183020777
NGH6480,0.3897486469467315
RBK3849,0.4105790869887757
AVU5986,0.5281163006503512
BVU1715,0.40233682907087803
WDM1181,0.42119353980151086
FMT3576,0.4304772201705743
YTJ2895,0.6310505353672712
LYE8184,0.4673329393703741
TGB5296,0.39940455309295797
PAM8552,0.5372826811418886
FOB2099,0.6783807389094816
PGW0709,0.6195068056587721
WZF7186,0.6543318354987759
YZJ1826,0.3733291780504838
CUK6688,0.4960426770134223
JJL9592,0.2466698021054776
BLJ1552,0.22091016026557672
CKE5978,0.47695897175338864
KEP7251,0.7215429786873029
CWA1833,0.41511619829851715
DIG4152,0.45414178412215983
QJO2482,0.3399838991077124
QFS9248,0.31830537137966186
VPB6339,0.8169097760038182
BBN5975,0.5632237157178148
XCZ5265,0.5163871799943165
ALH6740,0.6061002470078488
VFE1712,0.16623739886959876
PBU6519,0.13983066709301054
JIL1820,0.4024642056176235
TKO3377,0.508464756169893
XOL1792,0.7318153970495622
HUQ7289,0.40125844361751983
EIH7258,0.4043453535061299
XHL3600,0.4813365937518649
BLG6557,0.36727523990177735
XOH4990,0.6090461877185958
SFG9400,0.3211077647882976
CTW0716,0.4700010628689795
EPQ1022,0.35520825921688215
DDF4807,0.253245439032897
JHE1802,0.39788085619697255
XKA0286,0.443157545263039
KJS4977,0.14449774749653094
KIX5898,0.6309656599459275
KAJ5890,0.12081919285034683
HTN5032,0.4761379608378539
XBG3646,0.7290534954886773
STF0095,0.2421660482414395
XYS3253,0.46047401400565335
YFM9412,0.5471776297985805
EIC9765,0.5741726174106244
SJW3302,0.25666241882341084
GQS6751,0.37864274623537425
VHY1313,0.5279343980161553
JFS7189,0.5773072509378937
UGC3514,0.6429347850380118
CNX2296,0.5240359831056596
FZA8058,0.28186656742745336
ITU2802,0.38189341274926514
WIJ2095,0.7605886661591668
KPD2769,0.2965055121493714
SZO7824,0.6618984419699333
VSF0918,0.2525927171347807
QPO6163,0.42753793351517266
QJG9094,0.29130502642658784
WSN4732,0.39510835737693906
QAH7760,0.4873706501113538
QJQ6048,0.5579436900135337
QSS0205,0.3618170900634482
ZJH8058,0.33161584846376774
QIP0730,0.47051518082990895
SZC2380,0.6702807812076284
RGL9560,0.2366769106264223
WBE3412,0.43144537526013904
ZRW2620,0.24576627554169753
VLM7962,0.2234570803178028
ART9792,0.17978797553519285
ZJN9258,0.7933905319358346
LSD5527,0.7664975642853801
XFA9780,0.33974219871678335
YZX0939,0.161019573557812
CYB1866,0.3799194094026265
EHO3159,0.5272874634167812
SIG0318,0.7087888848868075
VGM0574,0.3765022065354981
VHH6882,0.1576421512298127
ZNX3901,0.6359893245179103
GHC3228,0.4115547291505776
SQG0318,0.3751152314253998
IEY6901,0.37496818223671413
HUS2611,0.47437008902490635
YEH8272,0.18009857864675685
ZPJ4887,0.3941198241075835
FVM9271,0.22041613663161577
BYC7251,0.5803246284178539
VZV4566,0.4393496473214634
HJQ9078,0.4563814678657639
EGR2718,0.643310172520764
BQW0054,0.37708192396523627
NWE8918,0.2304444490441159
GWU4698,0.6198517181862809
CZX9272,0.36804427108683085
EYB9921,0.32502874626591605
XJP5950,0.3244487942507857
IFJ6475,0.5039891575130241
XNM9426,0.7022152518917103
TSQ8268,0.14404494511888766
KPO2933,0.4096246700390288
LXQ7529,0.4388255514773307
XRF7014,0.6372928840067144
DNC4443,0.5484047583647788
AXH1658,0.5287303643507039
AHZ7652,0.6484747095024459
NWH3193,0.220252477365319
TID1716,0.7860890469167222
ANP3440,0.7096646866835352
OUG4685,0.5906268437856651
MWD7907,0.5726698857236415
TPQ4836,0.495261822198107
AAJ6531,0.5482183022320755
XKG7418,0.5797356644974124
LJF8014,0.5044592328595059
IWF7341,0.24058613157116301
USH9806,0.5157260966418943
HOT8154,0.40064895087697844
DAX4292,0.4001847181846292
KYM4729,0.46403296822742673
LKI9763,0.3458688722008797
JAY7470,0.6041645183941063
VAG9407,0.1616406437031369
AXD1373,0.5550995573358394
KZV1736,0.4122711465379593
ION0603,0.5266215493985048
IBD4973,0.5251678682877895
HAX1381,0.4782385561683334
GDV3204,0.40248356542042624
GQU7798,0.6455303092459428
GAQ1597,0.5548386873548314
KVP9269,0.6145962591511568
RDH8031,0.27534464190149066
QLJ5966,0.6483802260971213
OUM7825,0.3194985257845445
OPJ7108,0.7253787630719338
XXV5331,0.6606507116911429
NIA3272,0.7118496487134935
IPQ4779,0.3247228065682122
OGH5544,0.35000292483149736
IDS6311,0.4596231660446548
ZAL6103,0.4313820724837566
QMH1755,0.3936266458854561
AXF6974,0.4805454107046678
GCI3630,0.2507223897220971
VZW2401,0.3946573838925643
OVE3990,0.6427019834366956
NOV1064,0.2522590228306312
QYK7288,0.6845968860209904
EUR5124,0.5847924683071964
UXL5796,0.5382755797011468
TDZ5862,0.6168794653950038
UNT1852,0.47485675121549936
ZQT3434,0.40255016528354604
RBL0406,0.5225366626591655
NVN3331,0.46006328895117166
QYU6181,0.2750111985801709
MCR9458,0.5649871184463314
INV8873,0.4825179107433067
CBR7213,0.3064139346433308
JHG9105,0.6226245177958232
TMB3670,0.26756526265267677
PGJ5657,0.8045215391263136
UGV5295,0.39535010348076066
OXI5106,0.661895703190203
DNV3094,0.5788716071301045
VAH0839,0.6990061599287453
CCY9074,0.5389788357820776
HSC7757,0.6154780598045437
BRT3178,0.6608753039643933
TMT4944,0.7020973237946218
XTK9260,0.554309577814226
MXU6827,0.3888256335757728
VPJ7122,0.41834334655357147
NGU4725,0.4010346150515231
XHW4190,0.4322991545452396
YAY5524,0.41700514812398115
SSM0392,0.4479219348902434
FXD1708,0.36825386270415345
MPV0672,0.5820570599232785
IGZ9386,0.2753270817980007
TOI1490,0.6719791388739838
QAZ9933,0.5652545246874952
CRM2978,0.31991556459346165
OIB9991,0.46103862505660625
KVN4822,0.46330155546664864
GCG5533,0.5745675140293357
VTK8111,0.36226097698187776
KAE9168,0.24171917926428685
RGV6468,0.4479102604477966
LWX7015,0.6398651606590317
PZK8396,0.5859713953134744
RHE1717,0.4569740034037359
VCQ2207,0.7384680367601676
VQT9580,0.7914877013019589
IOB0677,0.5480898839586599
QPJ4092,0.60704075826135
AVY1533,0.38078096041389986
QDJ1312,0.38675278608462454
XSX5863,0.7098684698297799
RNZ7687,0.7405696241343338
FUE4559,0.6278532159430786
KFB0998,0.4760605391859972
BJW4567,0.3826323303519368
KUC9637,0.5422389019396371
QLT3222,0.6315795306714597
FOK0149,0.5644548268646586
KEJ2913,0.2908889561840432
KCM5467,0.6057007548952393
RYH8245,0.6766084777426828
RUE5771,0.10351961534651916
HNH0868,0.44654987751393754
XBC4033,0.628149914826726
ZLF9201,0.6664993604722351
FKK0636,0.44267696304905113
WCN3474,0.7302349482088265
DGN9413,0.5489579613167832
ZVT9034,0.3728050528445323
GYU5540,0.22437143025281722
FDX4205,0.3217227227389276
IPD1251,0.5871888970780607
ZFT9168,0.22602112169298405
PYN3393,0.4550958213292887
FTZ6683,0.25817204065551663
AKI7936,0.5400284269217511
MPY2709,0.5179207805392383
NTP2659,0.7049955229571689
IDE2433,0.4725242836248144
SVO8258,0.48257204105001894
TNE9256,0.5474582473124986
LEG2561,0.4694575493086024
UKA9422,0.5177908341825789
MCH1289,0.3960529129034185
IND7831,0.5622160021718032
WLX0704,0.3324514590238368
NJG1634,0.12938062224782845
CBU6288,0.44784738202542484
BBK2710,0.6513530424893716
HZL9836,0.3972828140203028
CHC3948,0.44977586914622536
ZUS6740,0.25797588190054904
VFH7531,0.5316651143872677
GWE2897,0.2393907695219035
CAS5155,0.25933488596875914
GMW9681,0.484015122414731
MES0461,0.5782032349961427
TWZ5436,0.3718074892658099
TVV2529,0.3264196994561058
AQZ6865,0.7196763162577113
OIC4021,0.44509413154881816
MOQ3911,0.23133604544899997
DNS8201,0.3723335542855165
ZUI6325,0.4223636480370523
NJA8351,0.5653129182343783
ODB5040,0.796222442472201
IPW5152,0.6341450799090507
XZY2224,0.545722213690151
FZB2992,0.3043586228974525
ZRO4379,0.5936791222207859
RJI7678,0.4778247156689237
LVN5225,0.4920999174650265
OYF4788,0.45836013860143565
CIS4067,0.6062069052371625
KIR6566,0.32870752243529205
WRS7799,0.24749496571627572
ISB9210,0.42135308433502805
BKG1713,0.6959260985436209
NIG7239,0.33520899791241243
UHJ2010,0.17396412941335934
SGE7571,0.5917141484096525
DJH7886,0.476161284617721
TML0327,0.5514983793357797
JSU6205,0.815627258739637
UBA1024,0.3849033108353398
ZWM3611,0.46944922860388766
AQD1119,0.510574420214061
UHR8841,0.615964663971141
EZL8963,0.5681546279747404
VEY3609,0.4412698286252145
IMN3213,0.6218411015914412
ZFI4055,0.3905648188558436
ISJ7190,0.3328952009557441
YRK0679,0.5273774581762497
SEP9777,0.35552998199572794
XIM9647,0.2813513550956099
IJF2788,0.4982755568490601
HXU6751,0.5075047072179055
LSM8308,0.6046430557809418
FGQ0847,0.4835215283164105
MUT3329,0.2540785874238849
EVW3568,0.5536915925767019
FSK9108,0.403247878725476
EGK0077,0.7094254338661313
RTH7598,0.5801727519968866
OEZ7029,0.361033194967182
UIN0383,0.4453825165668165
NVR7308,0.47831806590564985
LFN0770,0.4036451899041438
WYE4302,0.5970978447470592
OFR1250,0.44945577891624694
HVR7961,0.41465564737536653
WDT2838,0.40138145184554325
QER6562,0.24777228684772903
ZDE4635,0.36393412088172467
BDM2485,0.5760861704093566
FIC2222,0.6472886383518429
HKB7207,0.2775502426334593
KYQ7812,0.30153589217056875
IIM0404,0.25524320739142187
XCD1483,0.4588579541205447
AVJ1401,0.44731140970610506
DZC5973,0.842678776954474
APX1161,0.8220806474372488
GOQ0389,0.4149203707125311
XAE6247,0.4731068809358161
AQX5762,0.34709295307599713
BRS9830,0.6136211216126412
PRJ3006,0.16081266969851435
UBS4074,0.37443674716963676
KAM8647,0.3938005186144405
EBX3166,0.4581500443585586
UNT5825,0.39904812549654073
ATV6282,0.36698335823708106
NFY8031,0.5642691806786069
GDC9171,0.08161819674261375
RID8507,0.3860601911752578
OEY2607,0.6955689093257645
PSW0387,0.33726977108993894
MVW4654,0.2841001571446917
EZS6596,0.7278771455155465
CVB8449,0.512512445033595
XSF7433,0.5147984009596889
SPN0794,0.3820222499818683
NAB4031,0.4772714550671283
RDP5976,0.3987459209852739
ODE7386,0.5848184941715193
MST1998,0.36148847030046827
BZM9077,0.5683648946115566
DNS0664,0.7315223314363185
NZQ2516,0.5415316441366819
MUT8357,0.683481447007894
NUL1408,0.2700626956385003
MXT6982,0.3754114294590578
ILD5756,0.35060228116924746
SNX5115,0.34422275802033997
VDE5638,0.4492661961470635
XDT6352,0.7094895997321314
ITP3953,0.49133529375081647
SJL0243,0.24483800796819033
YLU6132,0.7253104774580371
ITV2576,0.23874277915065462
OVU3708,0.4093549792798238
FHX7449,0.40464152880132853
TMT6978,0.3753727173318277
BPN2368,0.21217215077720725
HMT7274,0.5558296991137185
ULH3666,0.18213318154531186
GMU7686,0.46203983338968957
QII9327,0.284731720487318
LBF3051,0.3694146935526257
ONT8863,0.49237289659193745
ZYP5276,0.5722373926933626
LUD5291,0.27527112572799334
TDZ8382,0.26354415281460664
TPG6394,0.4502998003169946
RMR6937,0.4765720864120117
LMY0729,0.47004908150620783
AMC0445,0.49568529119099675
SSB1104,0.7684993193873043
JNF8209,0.4269632497366084
RRE2084,0.6084129377039563
WZZ5459,0.520421391574608
JNF4249,0.1915129522175106
DBO1637,0.6338498894117902
AKR7639,0.19974628956831847
QUR9661,0.4861811615218403
LUS4900,0.4702857223642525
DNT6503,0.5539946916739277
HZR5957,0.40952135486936647
XWR2281,0.3391347840840023
YST3431,0.5719271742551945
IEH3003,0.20430358328632162
NYB9148,0.7123783508320468
PII9352,0.30910876484868466
LEV9553,0.8365414970644516
OCE4351,0.17092399866187505
DNY8601,0.5141595794769052
DFL5337,0.4996828849060682
MDZ1058,0.19327103796250658
ADW7699,0.2908899545331803
BBX5076,0.46639393112617944
WUQ6007,0.42916839868317785
ZEY1800,0.4532454691754928
JOP6452,0.4668577453396602
KIT4113,0.2988790739419903
LIN3185,0.44689380900403614
QHT8208,0.31928357549228775
JJM5633,0.48966658563986465
RNT6014,0.5591612779138756
YPM1923,0.6908367498640494
HHL5681,0.1799177526825372
ABP4829,0.3205293973401225
IFX0205,0.2415984791450146
UEH3912,0.7370116150867057
TKW1098,0.32256550862579475
WYN1877,0.2031616402597691
PPN3139,0.12750301476513004
RUP9504,0.46839074173986694
TFK5517,0.7402151540353752
JEC2726,0.3418335338674238
SCP7748,0.2315916320501306
MGW6057,0.4842524716143582
YYN2755,0.15463971389400696
VNB5918,0.5617760580004848
JCG4440,0.6013526002148142
IBD2156,0.27946175788913125
VIX2519,0.4434614594469367
XZT8966,0.7185295896378409
JKW8832,0.6141310964053774
XQR4664,0.5176343012563772
HOS7277,0.5197107297115734
ZIH4509,0.4033236968991594
FZM2635,0.18086139055754677
BQQ2812,0.5550885772592131
QTT1172,0.467370622188569
EIR5523,0.43700514567958043
XZO0242,0.5306249152224108
AZV3528,0.4612900795408575
SFX1939,0.48247033454650234
WZV5563,0.28885773090943956
QZB7687,0.15885683095502182
FUH8115,0.3974098837621418
TMM9869,0.2452319206725628
NCG1476,0.20954480010493526
WJN4297,0.3369066743828316
RAT4822,0.41586121430235923
RIC5857,0.4512075156853357
VSO0563,0.6309701432399112
VMA1558,0.46241178965974505
BOL7206,0.37673126677833524
CZQ3950,0.24132318856574864
NJU4912,0.4947133781779668
GAZ8594,0.5895016489167875
FOX4419,0.2391945647073328
LBN4213,0.5919152043406256
ADA1940,0.5231902418505193
ZPG0651,0.6469105215472128
KEJ8705,0.14821946630742044
UHB5802,0.2576956808371159
KMZ7327,0.37304962114585466
NJT8387,0.5244288812558658
XAP3954,0.44787955849814426
FEL1637,0.6913279652869898
IKV7714,0.3318389518909086
DPZ1880,0.5970840439678258
RGT7421,0.19532636180155807
AEK9286,0.5487964091031361
ROM8234,0.49987892495071606
XQX7484,0.5535878447596173
OLH5732,0.32697547036800223
EXQ7424,0.41272207467599625
FVH0886,0.3873562260586161
KYL6652,0.24159971302413394
KTM5656,0.7170745887247846
MIG6527,0.5156543407537156
SVR7025,0.4130963901582442
NCJ4089,0.2865722340694701
FHS2667,0.18224985398675436
VHZ2363,0.4185842012806944
OXW0223,0.43669056735742057
PJU5928,0.35786999889972393
IKH2812,0.5150243564589254
VMA0683,0.3569132432403372
TGG9176,0.13907313859140827
NLQ2220,0.37804237462788837
JEG1496,0.6996927038714854
KDZ6336,0.40196344292616387
JQL9820,0.5309412687650429
GRD7737,0.6549280317705256
GFP8654,0.5863658752698726
SDO8567,0.3018429304941958
EZH1168,0.46829521982424105
CQI1581,0.41076260098127004
GDQ8895,0.24572192733741627
YRC6765,0.5584623855345284
OCH0693,0.32012972617561763
DRE2586,0.5096543684978396
EWP2402,0.28429654772453844
RIN1708,0.5386484792494215
LKO2402,0.6653486545331841
RHW2826,0.48828367318895266
NNX9566,0.7151829530942521
UNW5036,0.6641085453837741
SIZ4373,0.4229845050471648
XDX8398,0.27921364682529176
BVY9650,0.40470871185736945
UBZ6506,0.6828044348085053
BOP0282,0.39568616388472333
XIU8129,0.7306112308278038
NYD0344,0.6052447416862597
VVO5031,0.4696916754231662
XHV3554,0.41714859767532825
KZH9892,0.40175355498163035
TYJ4103,0.4503381171037853
ZMK7102,0.45441045969282196
FFI0442,0.671894228440941
COH3368,0.514815050049408
MID8808,0.6321125740148097
RUV2796,0.47876168795500684
QJK7408,0.34804735074919485
JRH4838,0.3336405349261037
QQX6215,0.5262713270419564
NWZ2697,0.6176737104042832
EZU1406,0.5891373972146237
ZYV2745,0.1960839364238783
SIN0801,0.6617047579032225
EJO5929,0.5448307905407553
KLU4765,0.3153858212715776
KMG1756,0.5390433752484657
XGY8792,0.5327574734595438
TZF4711,0.6062243093334702
TFO2196,0.28881368727195417
YSD2730,0.4074657091189349
UBB5348,0.13416170586413634
JKJ0093,0.300288756564019
SOS9493,0.4209510300307963
CPV1365,0.37784669313284786
BSO9027,0.6982212388120385
XJA8753,0.6697280925924917
GWN9096,0.5343700875674156
MNK4884,0.6641936927706031
PRK6362,0.6164748041412141
LQN5334,0.41808551466215255
OGJ5702,0.5006512816634452
WTD5629,0.4404531339912765
DIE4208,0.5144886551246665
GNE5232,0.3866636389094177
OZH1950,0.1568531619978
ELX6331,0.5478360663035869
NPC3191,0.2595882376079182
PAH1597,0.6928547020807461
BVJ4858,0.5692496563002027
OJP4439,0.26961435215237417
TDR3485,0.5232436170051586
AXV1661,0.3877142823568032
RGG1369,0.656697205651374
PNI7364,0.2967384807484563
OTI7000,0.5564392595618161
XRG0070,0.26819395424822445
PIP8809,0.4558160157858579
GWY1981,0.20986457286070512
VZI6264,0.35469680018907457
WVO9284,0.5162261361025031
RYX2969,0.6415541756715953
HUI0041,0.33127412908248444
REF0444,0.3140053517546244
NCF8710,0.5803868008473975
JIH5267,0.5020580378245753
SLV2360,0.6351667832187388
FCQ3915,0.3621161486459816
PYL7123,0.3424317908757259
HKH5725,0.2259527476133708
XLO3239,0.2318384171783142
OLN1336,0.27010831044963934
ECP4621,0.46440904617167156
KPS0064,0.5815865902765379
CLU5954,0.3553316282392772
UNG6284,0.19685451637648346
VYF7983,0.6062625096282355
URN1834,0.6454286257284417
OCH6913,0.6773231505031273
ACR1583,0.25312088974649655
ZYQ4775,0.14216204922825967
BNU8024,0.12564497240660755
PSC4692,0.49472861219783115
MWK1300,0.7122861747947081
VTZ7837,0.37999359241473873
GVY3459,0.45396926225465956
ZXH8781,0.3250721319776253
PCN7228,0.6112583156584717
ORQ0272,0.21811751000352833
WKW0910,0.49507816412549627
IFM5092,0.4268438066382101
HDJ4116,0.6531906944772893
OQB5335,0.266568741492469
OFX7490,0.5941613799777345
OOU2927,0.5043398974860014
WLT8543,0.5419583668874004
DYZ0643,0.42796297863937177
BHE7518,0.19831345304621326
OTE8834,0.3874931304230121
JKZ8611,0.6101511330021107
DXF2796,0.2999302136109363
BKD4940,0.5948044095538938
LJO5796,0.5017727458591166
DDJ7985,0.3699962301101384
NEG4016,0.7466905149313395
MTS4859,0.2918331982539499
ZIQ3070,0.12753589404322022
MQR1484,0.5421897433941989
SPG2102,0.4231443018533033
ZPG2396,0.5852699926091081
BWG1095,0.5048806021280279
IRG5962,0.497766566913587
EDN5025,0.46584550290609916
TLO0577,0.5003730031572857
RJM5646,0.7391717146135239
KUP5538,0.33208349280867083
ZMH6406,0.5612781413584579
TQI4631,0.7601363508380217
VRA1232,0.2493940467953108
YHS6319,0.3548085090153802
FDR8571,0.3854213933408046
UMU7047,0.2912507300864448
FCY4622,0.6896178086702718
GMN0416,0.6182760126238911
HVO6893,0.6066498399850563
ZWR3316,0.34918987531226786
FPP0788,0.3360653661061611
SBF5209,0.3849411297065188
FCJ4472,0.4305782141260012
KMK8317,0.4701320276085872
YGK4233,0.4100865585730562
VDZ0820,0.5490871421442195
EWA2578,0.5269988446238212
API8763,0.2815383643640439
NSQ5830,0.300203239008108
XIV6334,0.3481794960113656
RYE8536,0.5050514101416103
BYZ2502,0.4179877211272398
CVW3012,0.20521300789202068
XSP9376,0.9142468016427281
DPX6274,0.717616189811099
YAV7462,0.30674019626725113
TCX1554,0.4928902815694291
OSC7642,0.14029578785216038
BZL4977,0.15640651309735723
GWJ7994,0.5123175291513289
JLQ1365,0.612508213852922
BHN2813,0.44372726020800135
BKI1459,0.4908832249996774
WBD6906,0.3971620637838458
RNM5558,0.5355830838181107
OSX5974,0.500193696092644
OVX5430,0.23021561836275234
IJG8643,0.6589957531326422
MER4585,0.6248334731456948
YGH0528,0.6172009945490596
MXN5427,0.3332870615386147
IFD3298,0.6656175353866957
WNY9805,0.7193199076726177
NOL8760,0.37556711140000903
HRT4289,0.5214574812384012
FTM3729,0.4186402088425381
JPA1525,0.49265565831307384
AAC4913,0.5283780784108479
GTA1400,0.41191103420176967
ENL6464,0.8044773158412659
CHE9991,0.3090451865870362
XDY1278,0.5876496853163697
MVZ9561,0.32030975295969955
NGC4607,0.23029358537309413
BSB1812,0.7726960280132662
GCQ9238,0.753531909773953
QBW1615,0.6187409206096809
OJO8099,0.2574618893257565
OUX2052,0.2637292382170865
MWX6680,0.3475960727009672
AXZ0961,0.3461833147862714
XPN8077,0.5897611151031634
FZL1982,0.49257289202121257
WIC9070,0.5830302831760389
HDF3459,0.43297250344312277
NGD0004,0.3649258410375546
TGG3926,0.47591212536179045
IGK0243,0.20875483026533956
BGV2526,0.7513687923629819
BLC9364,0.45483291267830434
OFD7539,0.6806898079500958
OAH1823,0.26737921113079877
NQZ4084,0.4853803091192856
IYX3416,0.38721575622113197
HDQ2252,0.5107130559106641
VBY5671,0.38728623872238077
LCW1193,0.4197329535364103
TNU8061,0.48978609312120136
LKL6935,0.3003113531552184
SUS3751,0.4605753025833359
VGW0131,0.5616504415948085
WZM8088,0.5633292985075266
MYJ2040,0.6457685710235059
KPI8713,0.7421385671561155
HAY6713,0.28958713232467875
DZA1378,0.4922043322548297
KEE7365,0.21950189175892434
OWA8647,0.45085151108655885
TUJ0235,0.6556044391696147
ITC8151,0.48129897061876037
IFG6313,0.38531097199827535
MOK3205,0.7321201294082487
FTY6144,0.3965667167353247
KOA3700,0.691664366007379
PYP7703,0.6165182759569567
LHC5900,0.2930550655776285
JGZ2115,0.435669960700533
UNI1663,0.21293033162587838
ZFG6509,0.3151420696104876
UNE9379,0.2666282028322219
XYH6411,0.2351883831376444
QTW5754,0.82483418472361
FSO3694,0.6725714413072051
HOY4148,0.327190936313523
VFR5550,0.4748957629155363
RJC9683,0.4138321239227412
JMP4506,0.8549405110599556
EZN3332,0.6180735675179374
ECU2366,0.5278590533081162
OQI9772,0.5321333921067101
DEG0862,0.10191946657151675
IZU0386,0.4325313835962046
TGE4171,0.36426850392132365
HGU0195,0.5726780797897371
HYW1345,0.1402859870850666
KWJ9347,0.364938899463962
NEN7347,0.41137066512959886
FWV5794,0.5197038453517245
AME1301,0.5293521153053043
YHQ2814,0.41004626155646895
STY4964,0.22772343375313642
DRD8345,0.5960518209016353
JRK6366,0.36080953190470744
NYD0866,0.572521455741941
CFQ2102,0.29933842449657866
VOS7787,0.6470756137877124
ZGN3501,0.4392663910414996
VIU6738,0.3523920632879724
OEJ7985,0.253752941644652
QVP6329,0.3636901850840383
EJE3330,0.16619418900616303
NZV9061,0.4253205745027338
KZF6644,0.5529358866949454
OCA2457,0.7365926001385884
NKJ4924,0.5467148036330574
SLS1109,0.20747579284282577
BID8669,0.2148417932153095
AMX9569,0.47302308306263646
AKU8460,0.40660697073071733
RVB6841,0.7182312572584226
BJP9895,0.26383086682976525
NUI4528,0.6343125958168955
YLV9127,0.35227026481553264
NRU0188,0.39724732558882386
MSB7840,0.2711516065249902
OUZ2583,0.8568883741385739
IBB3805,0.7542904203826896
SAZ9515,0.22060827911505068
CVL2907,0.6458536683540095
QUY5674,0.4860762817175609
DGM8734,0.8358344828867673
EXD0090,0.3747366003968464
JLL6388,0.3669544585359614
XPI0088,0.7104961056728264
FFS4989,0.5431110345011373
FKX1094,0.43054699869588653
HOS1189,0.4875613752433726
DMC9213,0.32820812209426675
USS8184,0.5392485445481103
NLR9778,0.6493768958001189
UVB2218,0.31186070064833776
UOY1581,0.27759865562069996
YGK7391,0.5355919420847807
EGA6066,0.42980102019167327
DXI2554,0.4789762803660634
JYQ1182,0.6291948142866031
TJF7046,0.4847755509195166
HBV3751,0.4318998737644782
HIO2881,0.49446252133635576
KKW1949,0.22157711853123901
EXO5445,0.5704226167482691
SHJ8274,0.4625529076436132
PVD6218,0.4558334043232591
GBR0983,0.7479984519810575
QFH9826,0.8383109386603952
NKJ6268,0.23979146896374226
LOD1596,0.23364660432902254
KZO1947,0.18257042758719388
WJY9773,0.3025637987965665
OAB1566,0.2507353745340042
ODN6043,0.368305740569639
LQC3204,0.45758909151589006
FUG0693,0.42213893693742843
FON4316,0.3715841847418068
QRL2739,0.5319410799539681
EUV8682,0.2961322255075967
CPU0483,0.2859536884752767
DBC4185,0.33664548238316927
RHI4955,0.39131055370178713
DGP8509,0.7103677503799299
UTG5131,0.4095612206137805
ULJ6592,0.5943302992535378
BBE5979,0.6933367853844664
BBR0750,0.47710532205968775
RNF0523,0.5475005710501368
RMX0277,0.5764354473060915
FHW5229,0.6496911286777244
JAB9481,0.3333305115015895
PEX1813,0.3497017949150352
KOI3974,0.43422909864546727
TCS4563,0.5040790248579492
RBV5707,0.7508156786719501
FTH0281,0.5568426657773132
UAH5815,0.4067411831689526
EUB9838,0.514582817953289
ZMQ2617,0.5332349887442425
PXN4987,0.5966704256909325
NJW8728,0.4254870015158562
NSF4229,0.3278053665085679
SXU5601,0.5196729309335568
WCG5642,0.44175925463339033
IWH0066,0.2818895098509812
IZI8962,0.6893059333446663
ZXI3114,0.6998090594522318
TRH0877,0.3602027469480187
DWS1156,0.2925231937143927
BNU5172,0.34364909312283803
HSW5481,0.32786454295626977
KWN7089,0.4976671878428619
LFF8505,0.6037019931246234
GVX5582,0.4984157899438611
VDU0832,0.47696298385107105
VIJ4798,0.49452297833675035
YMM0458,0.2959477245488984
OGB3564,0.3657793257820017
MEQ6866,0.661750103843707
AOE6958,0.36687724013784023
VEK5561,0.2341980269502267
WLL6206,0.6285301683047513
LNR3498,0.30879885339480423
YPZ7612,0.696874031674209
GCX1531,0.6155694611141426
TXA7847,0.5286200345228221
FJZ0116,0.5458855019463359
LJZ2683,0.49679887388857724
EIM7860,0.33939144275657535
AUU3823,0.5880910703829024
CHX4581,0.6878286023647848
YRD0437,0.3883922781250055
DAB0671,0.5349217402004457
XDO5057,0.4308136449224041
ZKW5475,0.5640704352519741
CGO7243,0.4409092887617707
EWZ2252,0.5962028788775913
BWC2297,0.410054678084462
HVF8197,0.4190998560765833
AYH9061,0.592337209114495
AME3933,0.16643406597980231
XNC2032,0.231541100159608
VTH8783,0.32131986727003703
XCY4881,0.3802009499355501
GSJ8580,0.33875035284615507
WQQ5955,0.590576065423767
OMK1405,0.7292940859867039
APA3758,0.29911287080411847
LMZ3692,0.6128253180040836
CBX0707,0.3143902904993112
HUD3876,0.2569302125047772
FRU5905,0.43177322605779245
PMS6526,0.770355807624001
ZXJ7471,0.4882808186228198
ZBY6746,0.6486689152563487
NJT9868,0.7385325466251002
UVY0564,0.19237041847971686
SKW1143,0.4133088874304791
ABG2525,0.4069862229481499
UFU8390,0.6706952434577897
NGT9960,0.5702598839846325
ZRY4907,0.5512094780460001
BGA9143,0.34788037530189203
SBI9198,0.40252020819698386
TPZ2821,0.34065910350396106
ZHI2106,0.4795896233846981
GJS5356,0.7013462660045655
SAR1513,0.4947081752106496
CWB9113,0.5317772362800397
XEL8841,0.3741852372404654
ERY3718,0.2612825714296636
RJE5240,0.1510332861418799
QJG6699,0.5501568098313382
RGX4351,0.6065665640391482
KOQ1552,0.6228356542219713
DFX2670,0.2603705920552213
UTW6638,0.5073549555532564
PBX0575,0.5787309986362816
DJU8355,0.25872418264301406
OBM5317,0.7321631993561014
UHI0457,0.3333837581597
CWC8353,0.6586958385483831
GTN3770,0.414079108291087
PWP6352,0.4426790198961393
BVD4367,0.22401772292242672
EZU7351,0.5567037935503559
LMC8257,0.7227586844592182
WXD5973,0.5639904255104875
BQS8990,0.4332124201018404
LZL3343,0.3768988188817595
SMQ1462,0.5074831279208075
TFY5736,0.4917529210520626
NEW9673,0.48317867173196005
WTI0208,0.7409292341108275
GOL9753,0.636239330040428
HRK1159,0.5267974130127314
QEK9330,0.4446224411798942
RXH2280,0.3496184024461597
ZFI2141,0.5326675715740402
FBP4085,0.5848495898268875
LRW6457,0.2633212331530737
MSA7617,0.21339363846173343
HXJ0847,0.32478927396543095
FNI8232,0.23890987151705062
LRM8286,0.6161063699543345
PFV9823,0.17601276778741454
JCE3764,0.6691542282587808
ZHX8548,0.5411120062346632
QFC8467,0.4622781601956463
VNH7366,0.6328031822675273
DGR6762,0.3191762851333063
CQO4483,0.35116588261490833
JRA4800,0.580308663572074
VEL6171,0.5489378670764369
ILO6000,0.5532944549593969
UGZ3030,0.46240009529789655
BSB4917,0.3780728969614406
THD2413,0.49917646359679174
CED2110,0.5689700626175638
LOR3260,0.2778573614236609
SIO5381,0.5700751673887335
AOZ0664,0.18025130197156716
VHR7684,0.11128226873264323
TFV5435,0.6106411088014098
VNV6240,0.6564692486058832
VJM9383,0.22068604647780724
EKP3156,0.47942373955589646
CKL4208,0.7654575764391642
QMQ2073,0.1955226053186657
ODP4214,0.5495440630392271
EMQ4270,0.7053711142182668
NCO2846,0.8253430652193113
ZKW4912,0.5764725874301179
FSY0685,0.4059792667479487
PMV3303,0.6447825880487321
MHM7359,0.30231334272647375
AMU5446,0.7027021648576
VOP0406,0.2785588146919924
XWN2574,0.142242252178842
USF3234,0.33340368567600936
BWZ8496,0.7191071170880503
RGY4012,0.23240487894262332
YQH6242,0.6137220658031841
NXM9286,0.6114526329239006
VPK3577,0.4173077955873213
ANQ2382,0.6138580017131791
CXF3459,0.41058749305363146
YYD2813,0.3962823623232064
DSE7516,0.30761524955696773
BIJ6208,0.5162271242428706
HKR9614,0.7691599669189256
MBY2881,0.3382593293670605
RNM1234,0.20640984937248907
CVF5149,0.7387092977794224
DQT9935,0.6049174483434191
UXD3629,0.17397941461978647
ZPM2559,0.4356478095753737
SUF0190,0.4393275142042228
UQC7394,0.6955408776579771
MLL2713,0.274537552984858
MVW1001,0.3226336130001307
ZOL0937,0.412135332680749
ERS5113,0.34275806769808864
OIQ3452,0.6987248426267103
KFJ9679,0.20383176302184408
UOI3318,0.6577429946808764
TIL3217,0.5893295469203229
LIT9079,0.6900615517838057
MGN3958,0.459313018165735
UJS5723,0.32931478290164257
NFP4748,0.5398136103292538
SBB7768,0.6338045237029565
NBT7826,0.5585094260750175
XTT9899,0.5867643719921364
DHM3901,0.6392371693203622
UBU1016,0.6350611017885364
QEO5046,0.5390359821571475
YQK8315,0.3505751556166062
JEM8731,0.7061781398396201
TJP5066,0.4861412095873012
ZJU7735,0.1255689093702624
SDI6080,0.6533926451875373
CZV3482,0.7476268818393702
PQX5630,0.6070170277503384
NKZ0214,0.4542299664651586
HLX7206,0.39855469004947097
YZX8841,0.19746148696904017
ECQ2509,0.6413279373545011
MYL9728,0.6023519599393549
XAQ8230,0.36208497953651925
RKG9466,0.7489736906637636
GFM9961,0.43210939759187234
ECR8128,0.11047708459062705
UUR4860,0.36773140448421593
XFW2308,0.24322035717014184
EGP4520,0.480984459277724
KCR3281,0.5674723569139871
LBZ5822,0.2601635191456745
MSP5345,0.3730010332859746
UZX5829,0.48667788465528866
VLK8520,0.673281322904847
UFA7337,0.3233984288772938
NZL9708,0.5156682943491518
NPS8684,0.5301208726179768
DAB4074,0.455690369563983
KHQ2631,0.26764664212119993
LYE7723,0.5000389888345496
IGH2607,0.8365793444484734
TAI1258,0.627321884038969
BOM8677,0.37504449862465616
RIA2278,0.48341295194796957
MCP2020,0.367683123205144
DMU7521,0.40057660537761486
OAN2005,0.27956537621506156
QNX1018,0.10738937622166113
PIP0182,0.43875531084720615
GFF0570,0.1695581344531056
YXA8986,0.18960207260507517
JLU8438,0.41155149604494945
ZYW9004,0.400121467490398
NFM3278,0.39609718365551183
KIU5533,0.4989431835114481
FBW2168,0.4173287742535708
NPG4374,0.22491176014896383
FJL3478,0.25941133767628066
CFC6920,0.4850671530054542
YLG9645,0.5516768995403958
HQA1719,0.2420789027522162
AWQ8996,0.2623819580600231
ZXA8304,0.4417486939851045
UYR1714,0.5605478383570213
IWS8403,0.43130665324583606
BGN8123,0.5840128872417187
JQP2398,0.36857420922915846
XBS8326,0.31589788083463405
FNI7163,0.5682696706851663
SOP6458,0.37350127621300966
PIF5803,0.40590147972249263
MKD6010,0.42355974337761343
FMP7211,0.4658596792216116
VHF3016,0.18717430479530006
IWS3982,0.4462885297304734
TQQ4585,0.35532922065892325
ADE5557,0.27560130159053015
EGQ3082,0.5224017205646228
HQD0501,0.4497391328548202
KMK3923,0.528502847175751
DAH8950,0.3436314456461567
CYI7850,0.5173050095819856
LKI8677,0.37038253343159644
WPJ1514,0.5158447227753677
SFZ0122,0.3852748828046513
FHA4722,0.30624846612223344
WNY7098,0.583425689085167
UEP3307,0.44675526666915416
GAJ4574,0.13365769713592485
KYG4754,0.6115554179714578
BCY3028,0.462054398389602
LFF1558,0.3481239269431824
YBS7007,0.4633346915064896
NKO2158,0.718914350607427
SPX9613,0.1766256921684837
NON7604,0.6472150546152795
FFN7247,0.5402388294318938
SQG1697,0.5275819814755577
YDA3984,0.24658245122027894
DFB8435,0.48574094252063715
VYJ0443,0.28182209910041434
VCP7262,0.7001694036478111
WRN3435,0.4630465054846104
BTT2446,0.42694680206617136
LAH5377,0.41830809550493525
HSW3806,0.5202034428213661
HRO1928,0.46447970113114834
XLU8146,0.34572057491825786
SIN1614,0.5200888990658993
BLN1988,0.38459539448703645
XHK7418,0.3162800360887872
ZCA7979,0.31477188123594063
XLB2047,0.4205286161856567
QAU3695,0.4608884527938167
GOG3970,0.49202329127619926
ISN5239,0.2643986612774214
CPU1536,0.6759727668315196
MKX9001,0.38848471312590527
KOR9892,0.3732414193317152
NLU9073,0.5207318647462954
KIU5875,0.33662369512076257
WDP5238,0.7045490984973012
UDM5755,0.5905488615224047
GUK5794,0.28700774721392486
FYM8868,0.29139189794942105
BHK2487,0.5543785470685125
ZRG1286,0.7777525310584011
XUH3076,0.46445096310229206
UUM2341,0.8311910784379614
ZJX6721,0.5340382047850661
SXV7548,0.5689183634283647
ETL5828,0.39701698171814903
YBV0249,0.6997124892149419
YWV0248,0.6825705982322215
LHV5651,0.46668200335329946
PIJ2107,0.38231330591258045
BAZ2922,0.46066797267148973
BFN7414,0.13223793092704486
LCJ4382,0.3823002598350385
MSZ7963,0.8428524282624792
LLQ7511,0.5228740653130625
EZQ8929,0.39897480343111585
EYW3271,0.4961931795973977
LUR2550,0.7058265417475823
KWV5171,0.3949787865552446
BJP6002,0.5983293481179945
GAZ6352,0.4713379087262713
NOE5899,0.38361501791949904
GSO6330,0.2966736832300667
DAH7009,0.6316152010822281
SLF0607,0.5293608380071617
PSS4938,0.5261267612807121
YGX9689,0.3898624226605409
BYQ1680,0.6713782586176072
NSD5065,0.702587600109665
SBI5104,0.1504954350431397
URW5994,0.5209264577073731
LPU4091,0.48364419129436415
UVH6494,0.5239419317230011
OIA6408,0.5553777642303259
KJF9569,0.4523201336005796
XSB8188,0.7418291755718783
KPN3155,0.5261343193543188
FSZ2003,0.6640081774245059
ESE6389,0.4192932618934762
EQS2051,0.4280438436076624
JXM7806,0.6045623963082755
FAG4187,0.2020672085277389
PSW9861,0.3256630375875777
ZZA4074,0.2940632057114635
HAU2809,0.7252653747370413
VPW4006,0.5307146178719344
GEK2385,0.565988326226266
PSK0074,0.3873470881400161
JDP9071,0.5842357373493459
BJT2367,0.6224804281878392
WZL3394,0.19876955263172963
YMZ2832,0.297368948655046
CAV4415,0.2621394394616363
IWC6782,0.6397638450872856
FYS1072,0.5666821100436428
BKO8859,0.3810370655432699
XPA1096,0.18124623272118978
UTK9333,0.16418586086461978
JUH0752,0.6179189413857786
CWE4540,0.6064543493892259
GTT5772,0.4962125970035138
NMS7261,0.4366410428034419
NFC6092,0.6946475044982598
SGY9017,0.3413166380059111
IQE8101,0.5911634180816073
SCV6718,0.699938183856514
CHG1677,0.37619852190885744
FXY2129,0.14502355826700314
GDF6179,0.7480980861514125
VLB7065,0.6553446780422995
HUT0035,0.652531526809544
CQT4321,0.450934150709245
EJC5633,0.4517782650251125
XFS1411,0.26147640846401055
SZP6865,0.602338154882819
PRT5108,0.3506901579509232
MFG7332,0.7634395705356356
IES6695,0.20812169820188417
BGF6096,0.40045970942744674
KMX2095,0.5447103631991984
BXV0396,0.5963112698163926
AAS7113,0.4359162892503989
LXU4185,0.36141248620254596
AMZ2875,0.37708102686134903
VTO9083,0.5253925728543193
OYV2826,0.30458767841625395
RVB3422,0.4247400607304678
VQL8869,0.4303628606552033
FHI3975,0.5293164587395558
MRT5122,0.6456286520362314
NZT2696,0.571888001505424
UJV3086,0.4458461147768824
MWX2959,0.698454639709636
JRH4241,0.6472952491992535
WDY5282,0.6524466366651214
PFI9861,0.3955495917092806
NLH1159,0.399129994033816
UMO9863,0.5564502065765081
WUA2558,0.18415203730135915
BOV2617,0.5008831329943736
HUF8662,0.585800703216448
ZGV6167,0.7678892847652679
FJI7768,0.5310498148913242
NYX8294,0.4398340912410719
WCS2391,0.4332686087472671
YXT8825,0.4046612324785127
UYD1555,0.6278922385446538
KDE4661,0.3145759620382778
LFW3799,0.2570503343121792
BOI3325,0.3566869637376296
JBD3230,0.553014045304877
XOO2590,0.7075345941571617
VPY3256,0.500383227950381
FWK6396,0.522281426171322
AAQ3587,0.3499726315878018
USX9973,0.34072403809408724
ZFQ2099,0.6340810235600128
NSP0769,0.30336491323190434
VZW2794,0.43055444674490273
FPQ9097,0.30741703216225075
FKC0825,0.3782666349274319
RNJ6469,0.18123183013988678
FHX5987,0.5652483953099137
VKA7541,0.5096428898459313
ENB5449,0.6728236085459046
PAY7678,0.3964561755874561
KZS3695,0.20446143006143688
WNU0768,0.46392105383729376
TJL7779,0.35544178811572963
HUU6061,0.817210178717305
GIA7202,0.31626328274652593
JWY3275,0.7301081654534017
LRR3413,0.12053643513832416
PSO2484,0.8424501931144182
AMN4190,0.42376557337549625
CMM7729,0.4514813928829011
WMY3696,0.21269743379919065
VDS7382,0.3370445648657193
JCU7529,0.3615290005406047
NDV4582,0.22744009981541013
ATG3843,0.5739705263003313
BVB6806,0.5986795284942062
OVJ7342,0.5300659432363312
EWF4593,0.44188888036108004
VCY9319,0.2562053357859632
JYE6112,0.5931347982682221
XJZ7853,0.27276309753798306
ICI4338,0.32027266596604975
XMZ0098,0.7458324906535201
GEE3464,0.3531609474547287
WYH5383,0.17427072776882005
IOA7460,0.5520431325275473
BGH0751,0.24952008582697432
BZZ8446,0.5801902116174183
UAL3684,0.29145560666887094
DBG4584,0.4424303160475491
BNH6408,0.21281729862315457
ZIQ5333,0.5930756910919031
IVJ7741,0.6839850392148688
NTP5344,0.4563110909899974
GVG0103,0.4230734422037192
YJM9336,0.3644560567804401
QFS7363,0.26832487546572176
PDI2374,0.6283409227365657
KXT0789,0.3571936167297315
QFP8139,0.1784883071981853
PUN5266,0.44043485470088933
SVH2177,0.4124698097309192
YJR6111,0.4011024752479448
DSS7133,0.5455703246544875
NCL7062,0.3348878109766861
AJU0855,0.3956188106990186
XPK4890,0.6536787188315178
WIZ9924,0.40035389365989205
MGV2706,0.7773408892910245
WFZ7199,0.6865900595622156
DWL8248,0.36647103243051643
LAN6798,0.533252717866898
PFP3113,0.6546589337649575
UXE5171,0.43695962120612
BWO7771,0.7353641321397428
BCK9106,0.5935823149324827
KFE5862,0.5761536769354162
OSV8609,0.6021676109596066
GBW7920,0.7342333239150233
LKC5945,0.721216742455912
UGZ4314,0.0893827894541143
JWR3503,0.1820702914654667
JQG1138,0.4956094807378537
DVR8493,0.4448902895826727
JOT3091,0.656359579254241
QUF3899,0.7103846113985284
ISF5324,0.37223633703840825
MEC7902,0.37848418247951277
JXL4357,0.3892407466538446
LLR5129,0.31188476452095737
LLX6667,0.5479228056827167
WTI7122,0.4895191287056743
PYY3836,0.2753022744968681
CWM5708,0.5689567522877172
ZWD0729,0.5605664943565087
AWZ1380,0.49525435643177806
YUY9265,0.5928017326254236
ZOP8692,0.3217006743013633
LTZ6008,0.39211119515190146
IBA5631,0.6713263705483004
GEO1078,0.3856346621399436
MTP5467,0.2229544280884414
KFZ7463,0.31959235975830447
ULX1591,0.6410576690469049
IGH0605,0.3475114438447498
QMP2561,0.32683926026967614
OPY8179,0.7979316339626669
ONI1797,0.46323147933288694
DRK4458,0.26582210821055846
OEJ7372,0.5034492451021969
GOS8120,0.34424433754426614
WPR9475,0.707193051868686
TQS9197,0.590194285820757
KZV0779,0.3149163247934951
HYL5313,0.28578218708442854
ISD8532,0.7216317505063217
XWV4369,0.7110027066476405
YBN0441,0.5789694959965037
XJM7641,0.1265721460212821
UOL9545,0.3246659057076331
GTK2540,0.6356096300265212
OIV8849,0.2631808372323479
VEL5401,0.5462174395015643
VON6500,0.7315336588987479
QXN3582,0.4288973117756522
KCS2600,0.26446588931632115
LNL3239,0.19416470487344586
ANZ7871,0.7350063791350798
TXH4345,0.20301105863894828
IGO7620,0.7339980978420984
YUW2965,0.6673611244793699
RUS8416,0.17807518303806577
DHZ2877,0.7868826380960805
CGE1904,0.36125209405833436
DJA6086,0.5044113537862857
JVF2534,0.6406580936379721
MDR1905,0.6745535339031771
FDM8444,0.3143670051705717
MYR9045,0.8736666770230014
CHH7599,0.26275004727188633
YKM3043,0.2892249754068792
PCX2311,0.43667848807973786
BPP3429,0.4429299377006257
XLF7396,0.6989714093330747
QVD6861,0.47190082298256747
EAC9541,0.3983718973609459
JNY0669,0.7967787402572105
CMY7360,0.43947280006390804
RTG5042,0.6983810833517632
VPT3891,0.23505146678174194
WPR3809,0.6173854221214868
EZG4620,0.49498305058263076
PVO0967,0.62012590276777
APS3407,0.19369083087937355
EXM6711,0.4820742078501965
ASQ3605,0.49624643181505435
EMZ9496,0.34835692295219783
PRQ5952,0.7642954905570851
CSV0355,0.21010025914204203
OWR0811,0.27862035094699034
STE2994,0.505411043416575
UCX8064,0.2588437921478915
AEO9747,0.40869389589468147
NHE1342,0.4584436928312681
FIM2448,0.26361428318080754
VVI2122,0.37492805717385574
CHU5307,0.2989080109921233
VGS2219,0.656048543619169
SKG5089,0.43465869219197584
QZX0534,0.340053267117149
KVW4203,0.4202337458469841
BTY4771,0.5178896192263484
VWD3593,0.6711812378375733
EGA7849,0.389644401329817
NSO0204,0.4123063869196458
BII3399,0.39669423951983995
DIK3381,0.5123560296740296
ZAD0002,0.3579218551431401
FZR0923,0.21283095866920737
KFJ7839,0.43122486033446245
FDW9073,0.5425190501989938
CDA5025,0.6566523905217948
ZNO3134,0.5340687291327622
UJR5843,0.6567689715096808
BAY7500,0.5756428234301709
LBK4717,0.6413684163947477
JPW6842,0.8191777395129399
UTN7073,0.31815954108620925
PLA9363,0.40249336766278626
BHU8373,0.6588738340984583
VEL7874,0.5176735135505331
OWV4701,0.6660314824878563
YGU1647,0.395905222993598
DPR2681,0.36748070232368446
AHG3945,0.36180344461629754
HBA6797,0.4921138133009336
LIR6551,0.39158959750056443
QQA3477,0.4392386949192503
RLK8064,0.37041311471736404
FZE9803,0.2971023620502184
XHC4412,0.5603181488888157
KIC5437,0.7007508017606163
UJK6515,0.38692495193227605
WRR8006,0.5014717125553577
LIH6194,0.5222502860356503
HOM9326,0.39819534900422315
RVL6761,0.4134523414354585
OYJ9371,0.48506475770477353
PAS8310,0.6085166675621214
LWP0450,0.5369718465608302
QCO7801,0.535933270776726
VPB2229,0.23900170211781882
SFD0686,0.6884103289022184
PBN6180,0.4711703731297431
OFV4378,0.8633321743421937
RJG6648,0.40353230400056656
TJG3580,0.4205013433957494
JMD7331,0.6957480613568491
ZVK6303,0.312635835211185
GXN7069,0.46385694061293686
MVH2014,0.7822334735039368
DYT8927,0.5345762042254708
NBL0712,0.9058472699759174
GYO0155,0.4720441207209521
IAC9902,0.11689383988417511
DCT4033,0.7651331525665266
QWI7337,0.3986776544100895
TPQ6194,0.5044818316309334
CXL1729,0.38634026377678465
TQQ5065,0.15103449972785546
ORZ3223,0.4191588973287051
ZJT2723,0.273522491723268
GJX5455,0.11805575053555878
GAJ3499,0.3642325318315666
QJA2746,0.6076620167091127
IPN4571,0.5264171809669241
THG8073,0.3836562699244471
UPD6273,0.38333094221520414
JYL9827,0.459730335687768
UQX7522,0.3731901270711235
RJE7226,0.6388790800389039
PXO0226,0.5395092223441603
RVA5201,0.5430306546067974
AEV1617,0.5214928213414036
QCA6988,0.5925299144665692
BUP5917,0.355709860930765
EUC7877,0.22685060545404115
LMA1495,0.5033125684276745
DMS1343,0.28696747627446945
BEY3736,0.5814070535311644
REI3559,0.4277943037173418
VFR8526,0.5952647507480918
DXP3708,0.29008061289226994
CYB7594,0.5362583856934137
ZKB0497,0.4649804657074249
BXD9603,0.4399545694865797
TBV3936,0.7189299686805455
MEK8872,0.5835571695621118
AXR8386,0.35745717895773776
HBK0550,0.17584986518795498
MYM7993,0.1535648349555219
BFP0803,0.5224678067058222
OHY6574,0.2979707141628482
XVS7344,0.4484982190900845
FWE2319,0.5702940382735233
GGE4068,0.46625621301514897
SFQ5356,0.39066356315733686
IUR5201,0.35149577393141135
HIZ5925,0.4511903905044667
FLM9708,0.6296214745597815
LCR3080,0.565734965354967
LFV7294,0.29617978951991336
GTV8967,0.3807150351605775
XIW4088,0.6975489910876073
PDB5618,0.5683040321869036
IKW5382,0.3067970055703753
QSW5028,0.3179808091363631
PQK1609,0.40959373541409216
KFA3706,0.44716800653890615
ROG5869,0.31984804903862424
IZB7057,0.6488206493308156
UGT0576,0.46379436669296353
IKE6341,0.336785165722707
WFD0657,0.3069820628845945
NRR3437,0.1728406988474501
PON1393,0.6781455807833265
IKG9157,0.45464561425984595
STA4873,0.37553674995579356
FGT3217,0.422132023857282
DPJ2630,0.35218064490345197
XKR2285,0.3831559301250306
TGU4244,0.2403315931937609
WXE0371,0.8164758053528676
SKV1611,0.5560045822014362
WEM7796,0.27424632632840135
HKF5825,0.29834858059619923
MMB8694,0.33418586003464285
YSC5977,0.48798002791755096
ALD0226,0.4886833059386213
RUJ1149,0.6911803703198734
BIT9596,0.43416065112780056
QDY5235,0.45372847360418334
OBF2010,0.4799384571540953
DNI4141,0.34400660634653285
FIO3277,0.37425821530654796
EBU9897,0.4038693157509416
JBB1038,0.6741103893351932
HOK8117,0.4881777792571205
ATI2837,0.5545313715185148
WJN7406,0.22113597103446542
TBD3532,0.7501656444260641
NIP9564,0.8386945021916129
JFT7708,0.4366898936852369
JCX3888,0.7028273462239121
ZJT7098,0.6731705389734121
HMK4154,0.47764145405410247
UAO0030,0.2642263547278126
VUF9010,0.4497972390775782
DWT8749,0.6413125142863859
IZG9580,0.39043593853159625
NAV6508,0.3024585271414508
PVN0440,0.7474001841401865
RBV2680,0.826643645532054
KIO7475,0.2066828865434371
QIK9112,0.3769980253220368
YNP7424,0.34584818573488735
LNP2526,0.7777706149657421
JSS7069,0.6129610226837887
BOF6549,0.3386477156978174
ACZ8821,0.44853834039034596
BDE3165,0.7074748097467867
MHK2146,0.6136052539501063
CFC1014,0.708554114431248
NVF3938,0.4892309941201341
BKE1559,0.3391455797905888
XZY2744,0.274362545577271
WIA5017,0.6735368604261879
ZIX2511,0.5639443572509539
WGU1584,0.42158544254997954
HMQ7762,0.5882206010775972
DZA1512,0.3249166257121158
BZT6517,0.768512527560081
LDX9294,0.30822812427741
AVJ1407,0.6705401001853455
LVY1540,0.23030026673756893
OAQ8445,0.6019432368388825
IER3992,0.3932353658290584
GSH7565,0.2313546975639508
MZL1445,0.5438536616107117
UTR9251,0.3089251167815069
CWQ8289,0.6575088789605384
PKY0579,0.38590266872571605
BBG2676,0.3279833946777125
FJE1300,0.4744882681114783
SVU4532,0.15343992718621766
HLR5621,0.30870743227639597
ZKG2634,0.43499730825715194
EMJ4291,0.49060636736178254
KTM9004,0.3985295623137754
FEQ8164,0.4793315835772194
ZXH0943,0.3817859297755943
TYU9186,0.35600704716329656
EEB0624,0.7792270271870549
LWQ9693,0.2961447214892273
AYO6751,0.474140076677124
MEM7039,0.6731198014770146
XCJ2719,0.3493382301624473
VBI9490,0.49691871296991763
JPN6438,0.44712370386839456
YOP4022,0.27340428402985695
WIE1670,0.31316470001452096
ZZG1279,0.48221640135751026
IBY4892,0.49088690272328006
VRH3683,0.4227905986081295
KTV1619,0.328853348063518
GQB7094,0.5778718287854454
YCU3371,0.4001039987816052
DTP4491,0.49026747585375413
WIV9796,0.4221507960465194
MJI5663,0.44549493191473283
WCR3433,0.5457269002317422
VYN4221,0.3383496688871494
HVJ2795,0.6283720514894474
WTT4377,0.22522193461312529
LDS2388,0.12591557887862267
UTE4496,0.32236100203723245
VJY4583,0.5695822658986542
LSA7964,0.6560042431880097
BZV3649,0.3805389699275874
LWS1272,0.46626174861808817
VLH0947,0.3161830504367123
ZVO2998,0.2323150920642858
PBJ7693,0.7841662125824973
KQH2058,0.3882582176742766
ITP6992,0.6762772692889547
WKQ2030,0.3937426281817075
TKJ4454,0.30278496970556795
MCT7093,0.32606000372317623
LQQ6326,0.7646031290925852
RKB6395,0.21437834873267508
ZAH9261,0.5366300291476228
GZI1127,0.25235400103417416
CVV6331,0.673027583930461
XQA2811,0.5022280794799112
SYI6054,0.649741975373515
AMY0655,0.19192298287045106
HZK4281,0.19139487179440332
WNT8145,0.3361832779561517
CCX6236,0.7357532511146442
OAE2016,0.21453386920487463
HHZ0542,0.3566064814983097
DZV5764,0.44663872478724215
WXR4271,0.2963569542643871
NJL1519,0.5760803290791477
ZBX8960,0.3274059860633718
TCO1239,0.8042941159525049
IZE0277,0.49691776186809483
WXK9583,0.4207802629865476
FBE6451,0.5539604372732297
FTX0418,0.37603227965727903
UVJ1190,0.5887681968001891
ZQD5170,0.30387824553802484
MMG0954,0.22366764120182284
QTH7652,0.48166106179798307
EPL8454,0.6808566209612266
ECP8252,0.7367620731817865
ZAU0784,0.7839037071048098
ECW3835,0.6604561759506927
CMS0318,0.6655814702195143
WLW5649,0.2977107141466823
JHX5386,0.5613086443537056
PCH3333,0.5853907633039699
CJD4090,0.32531528179574504
ZHQ5954,0.6486443694985403
TFC5723,0.5303342598018926
WRQ7331,0.4455327812532656
KAN4912,0.2725747290123378
EPD8279,0.4696538712986771
PDC5099,0.6376215001191312
DPY3938,0.40139253507234446
UDO2330,0.3949151766051635
WKK8778,0.38363356814114097
KJM7083,0.48870471012489114
DCA2616,0.3658844551285038
XEH0275,0.2676985524311562
BVJ8088,0.46326893351732623
ZAQ8758,0.34286111448126394
HRF6526,0.5914553431194705
QQJ4189,0.812572873716449
ABK5848,0.7373063366106675
OEH5253,0.7351527708954824
FOT2445,0.6171423601281361
UXU8867,0.28812396738537704
HUX7982,0.5157544123873778
SMV5436,0.7107070567643367
FBQ4481,0.24354357562152446
IUV9080,0.15090278497145054
LRN0740,0.5067135623059079
CBT9092,0.5835226220798039
CQG4678,0.42858486303862964
JGQ8837,0.18038398982591333
RSE5980,0.3740428865312847
WSZ8728,0.45796026802174855
SAD7889,0.756955165153232
DPH0398,0.7689887089344097
UQR7067,0.2834045495529882
UUY9624,0.7746844330362221
PVA1710,0.8100782211492875
BOT5603,0.46855989238896795
LWY7653,0.3701173169580017
YDH2973,0.44420458028779974
MEE9924,0.5449330203149267
DFH2841,0.5400734127075725
JHI3131,0.4113538843239896
AGP6903,0.3936524515072398
RSK5328,0.37730452921214275
VWE4596,0.37808316962471666
EVB4879,0.30221315079424005
QHA7457,0.7434426848721863
BTH4717,0.701070902007557
ZYR3814,0.4180012121173901
IHS6850,0.7116240586770526
EBB5326,0.3307420048719591
UOC8757,0.47784676304845614
VGX1724,0.45990225562640463
ZZW2620,0.36966126789873116
WGP0738,0.36957302622746757
NDT9688,0.45306342462364435
RDG5759,0.1371350413734909
MBZ3219,0.5567511586402126
VOA2778,0.2839103673655221
TER1659,0.3927317731550463
CPG1677,0.38248680778839944
MTD7705,0.5782303224715605
TXG5920,0.5077704401090728
MYX1390,0.5334995825871173
XMW2906,0.5102031168546732
NVX6011,0.3783260710825833
LYR1389,0.49147846586757266
ZQS9453,0.5257860539295972
KVY6771,0.3777883313324255
JQP6097,0.39240105734858544
ADB1236,0.38557325784625773
FAA0655,0.31604041112412357
RUP3785,0.45435282135290583
VTO4977,0.38699929309080505
OWY9257,0.40710408046549357
INZ9599,0.34259857682094413
UYV9434,0.3581289293795853
QCN3988,0.6263412765052973
AIJ4474,0.3062556218488692
GMF6125,0.5361131236234851
RWZ2877,0.551967726236645
CVR4043,0.40053118941092597
RZY7054,0.4244193401082002
QPL5273,0.5645647975629473
KKO1796,0.7816338141941732
DHQ9595,0.6881081085239954
OUT6240,0.20113053871951903
LIR4665,0.39040336305987405
VBS5912,0.36340489683211635
IEK4502,0.31534952713286607
FYA8853,0.6054854174897478
FOH4659,0.8070847839042538
XNC2504,0.3505272040296835
SHN6071,0.6607842954653331
FPE9638,0.20127527694940953
MIQ2318,0.37743551880479703
NKE5145,0.547520827763601
BNP0383,0.21597690354831428
OXQ4019,0.5202278986719268
QLG7535,0.2752190555621087
NFG2213,0.3853706760889542
EWY0202,0.6063558790053252
LXZ6473,0.6559650210717511
XLJ8555,0.6750365639082764
EIU1933,0.5797620500052105
YGT7289,0.5252173517459581
YNB7874,0.49761870561633453
NTW5371,0.2882173755406796
VSN3165,0.4337121998837502
BCO5595,0.770353086336293
NZB4891,0.5623140678875319
UTK5485,0.5775638230758563
SZO8539,0.2148971208478904
DEP0199,0.5392010114452852
ULJ4832,0.44274445366508797
NLA4883,0.43104220952464434
ISZ1044,0.3766119366162411
VOD3596,0.47278608827061563
PNU9920,0.17023624845391488
VBP9681,0.5824693620728685
UFA6698,0.3175510399344283
IJP9499,0.2836418973132082
FDY6857,0.2960561892376408
LSM4366,0.30081779846637446
BSH4545,0.33363074428090495
VNF0492,0.46692928235294684
NRN3248,0.6611731958795695
CFL2795,0.4201601868544742
UPY6262,0.6966048538404984
JWA5753,0.7125741511275068
YSL7643,0.3795573205288707
IJE2413,0.6145731304634281
HMG6508,0.5555906029684561
OND1652,0.6094669875969392
RCD9204,0.5673266665671931
CVX3958,0.49165803727962676
SUD2927,0.47541236084602495
ECC5428,0.28734117730077874
VVF6053,0.6633401138515523
ZUW8629,0.41231874905996896
QCW0913,0.4953429070641954
UCQ2988,0.34545182459976015
VTI1308,0.3718963841596872
YPL6010,0.5454825208660441
FQY4754,0.6674461317679513
IMB0115,0.5803957071254523
TGG0560,0.4745556875158876
LOW8153,0.7382817675539644
PMQ6674,0.5519248313625168
ZFY4122,0.3586057987492189
GDB4295,0.4513084704381742
IXI1781,0.37458400921906165
VJW0795,0.5693047020925293
VBO9417,0.6405504525478106
NBE9866,0.20445659413410613
VGC0338,0.4553914199435506
JMS7867,0.2854410388062283
CSE8479,0.32514812792175357
BPR3060,0.8010718894900226
SWM8178,0.6386219493672806
ZAW6991,0.27913825486663285
GZW7919,0.44791968590959125
QLK2483,0.5417178731194919
FBN7235,0.5138565043395125
DPI4700,0.5283726853835139
JML5008,0.5552602609180917
EWV8051,0.5984241383069888
NAY8513,0.41373878074055026
GKN9646,0.4530963345014654
IQF6763,0.13109965683528607
QLJ2322,0.35249627795492994
EGR2384,0.3186062085094477
LDI6232,0.8834178265523841
IXP9686,0.1778240723269757
WIS5869,0.7534681280743484
QPG4120,0.656109578353344
ZFO1888,0.483621169872533
GJX9033,0.25882849236698513
HZG9332,0.3509995613077193
RIV1782,0.3921176360254078
ORG0034,0.41795088019256993
MBO0090,0.6306644712747185
JCK6531,0.1583593435412449
VYQ0919,0.683569552027964
TOC5703,0.2335081728832631
CHD7768,0.6279113599889182
TZO3960,0.25315394912361094
KYP2401,0.09899631028448222
GTU1888,0.7189127182116279
LVV0631,0.5098881037193064
NXY1801,0.42184359329391674
LDF0276,0.8375876646583588
QCD5470,0.7126801127955231
XGA1603,0.37119281263572784
BKD5139,0.602198536938039
RIV7224,0.704186461526162
HAC3956,0.6678576648613381
CIX5564,0.6723158303393514
POL3249,0.732013161333087
NVJ1952,0.561520088635821
LJP8831,0.5980554079379587
CMR3851,0.44489091719463997
BOL6020,0.7776743052701968
QOT7252,0.4037881195028434
SET4895,0.7305603212176475
AOM9004,0.1496723278731639
WRL8060,0.495467158533929
YRI9524,0.30276260154616547
LRB8922,0.5405217330225714
NCP8644,0.4702310998399552
WTS4018,0.3164935116687
DTI7426,0.436857505923662
ZGR0098,0.385455205852859
SAD4571,0.29228092233231623
KEF3478,0.5929367624704518
KVP4733,0.5371809213140911
TQW7158,0.4830857075808239
VBW5493,0.5272243962062351
MPB0399,0.21503686784809262
BYK7045,0.418925751694349
EZV1040,0.26528904329858005
LIX4967,0.40735742336516423
YPX9462,0.8092508642441499
GUC7779,0.5253934151979542
EIW0176,0.6654306207528929
JPP3633,0.24382445547066656
ICE8497,0.22377373548781979
JCB5870,0.2750896069565503
TSX8703,0.6451740863334778
WTN8881,0.42062891319120405
VTX2950,0.2590855459677273
OXO0872,0.5022800521614968
SLL9902,0.2012900917499975
CJD1628,0.2364401876490327
YME3555,0.6415743447782192
XKF9852,0.5433361029641048
DRE7767,0.4260723188684986
ZWO1818,0.46907023286047567
FEX6317,0.7747547111667429
SNQ7014,0.31051128606657
GQN3038,0.764769427271573
PFF5514,0.5135840565090193
HPV1117,0.5136735006111693
III5054,0.10876246777416727
LNW6654,0.6218539180090161
ARC6596,0.3420593577878515
IPP4620,0.6966465102326984
NLR3257,0.5331688605939373
CTB9878,0.7469818582704517
VMT5143,0.44491646537864
AHM4211,0.3120002214735609
KCL9551,0.6662943998752182
NHK4195,0.46046231328100923
INQ8214,0.3224193574855368
LAX7318,0.4917314700431694
TYJ1073,0.5945844622383223
KHR8174,0.4143650513566903
FXV0272,0.8238784226721902
QYA8718,0.20093572552260866
MGB8317,0.6003933835128693
WYJ0017,0.4263240883390481
YCB1541,0.14779758958367778
OCO9701,0.6361548730413882
QOT4213,0.5135287776613126
IZB8133,0.3383867409765097
JQT1085,0.5563214151168128
BCD5519,0.5791587676156106
XBP4686,0.48233951689103355
BUH6163,0.37154304824782547
YCL4225,0.5176760840040239
ZGN1837,0.5632487679676932
VWT7951,0.6577359781487727
WCU2909,0.2432142919416564
ECJ8667,0.22223796685420524
FIZ8807,0.20358403624012977
WEB7022,0.45188039079584635
UMV5479,0.5289844446716764
NTU3115,0.2883522475173716
OHS0889,0.2806582444142208
JRT4331,0.49661588729555267
AWU8320,0.5075180601803038
FZQ6790,0.5538300225094785
SAW2413,0.790222296867174
MBR1935,0.8415385184889761
EUM7981,0.3038780307381394
SXQ9635,0.37204963784339545
CSK8727,0.5361434699929173
BJA6633,0.28136401310894005
ZTS4215,0.19670090300988952
CXW2502,0.34080839643211963
VON6528,0.657141019187592
XBC1483,0.37953341420020525
BPK9428,0.2650285225101746
IJM2804,0.20919058999806572
JAU0056,0.6582760469413609
SKG7687,0.3492070200156639
LUE7177,0.8263784352474898
TFE7449,0.2108305516147492
KUU3033,0.20414452092193
BSC6214,0.4873910796398927
UPB6992,0.18818391283808752
LPO9433,0.3613029598290447
GRR5260,0.3485548899823052
ZYX2775,0.6541564499069165
CRR7571,0.5584591915152696
NVR7579,0.4644792165082489
TRO6653,0.41185805524126634
QAZ5784,0.4704280963368598
CSA7855,0.562168173002383
SKR7049,0.4584607282687451
VDC5945,0.2563920564409154
RQG6441,0.4372329307514699
UTK3942,0.47502097405669746
GIS5276,0.4707795747428113
LZC3931,0.2274040406202816
AQZ8439,0.457487274271744
HWR8277,0.7735458118759424
QSW7544,0.4378594805791146
QMO6786,0.4956280343259495
FFT1267,0.4343916775145157
WBL1699,0.25452432884292403
DLN4360,0.4324755715591004
QVK9371,0.7088769565128661
PAJ5923,0.7362811483874736
VXF7049,0.620950312243744
ETT8073,0.368554716192353
AVE9956,0.39733912582849157
TPT4243,0.46943588082967785
EVT5415,0.37544215583920554
NRY2349,0.6088146266961575
KPL2000,0.6244430567252699
JQC8916,0.3514990532095132
IGT4727,0.2418110783498528
FOQ4697,0.47202150668056403
JMD2554,0.6758671842655334
EWK4862,0.43234327133131883
SFG4231,0.7230228768992072
OUW6979,0.8612084583537662
PAT9207,0.23535513998951213
XTB1114,0.417606458058664
SUR8024,0.733842432220797
JMJ3446,0.15852562162184525
FLT1779,0.5196518048399829
ODI3507,0.3531832422298539
VKX4649,0.6047631561657427
LXH0711,0.6230151664399607
GOH3012,0.6898534263166481
XZK2864,0.7123261506876692
FSA2525,0.36030682177594564
OML8735,0.2668962523624972
CKW6247,0.2697104712064587
BZK1475,0.4277329424711517
BGZ3773,0.4042440167380963
IHZ1914,0.7702713826709109
XYA6636,0.6196980502184354
RWD5233,0.6825218392684156
GPV8030,0.5130955613226373
NVZ8701,0.7662754538239565
XSF4318,0.5547440993220067
WXM7923,0.4894483086571851
CVQ0880,0.461526222858427
QOQ2863,0.25559244730855996
RXX0623,0.3865014980420266
CKY6595,0.3116908847727057
EXP5590,0.4077565626622334
JWS0195,0.41140957991202565
DNV3342,0.3611712544547255
WHY0533,0.2495815743846918
IJR6798,0.4545384448644414
SVJ2157,0.5120275802566739
YLW4737,0.42836986659069337
HUH1315,0.7149624752930014
XMX5505,0.37297805067239204
TBK7519,0.2766881935075585
KXA1414,0.5640848031556771
FQH2166,0.6002809683425693
RQN7624,0.5642653614805292
EES6771,0.6568324432468611
JPZ4794,0.17746103142505737
SYU0185,0.26961012381926913
OWS0031,0.41281177238365563
NGE4427,0.5371562647206005
FGO3834,0.506914836440075
OFI9247,0.6946661870858091
AHB9803,0.7576007451149271
LXD2374,0.5813604296142416
PBZ7120,0.5747948458813655
NIF8371,0.5328171978945296
XST8100,0.16202609869766332
CPB8339,0.32646989682264016
NLP6754,0.24670541621222009
JSI2170,0.1537299933599716
QFM3680,0.1811847750067819
BHN6631,0.4455504623484789
CEL0556,0.5522707190050465
XBD4029,0.37007147041423766
RYE7752,0.48883388048339965
QOV3032,0.3797857945620634
XIL7243,0.18878781247318152
KAD8756,0.4310177606337107
UDU3246,0.4379626315411536
BKS8607,0.44827823537540745
NNH7225,0.5652214585288379
CON6996,0.4114293257883219
HXS4917,0.38150035938839416
PWS7531,0.1519113487920915
CPA8641,0.8687197097805377
RTW1393,0.6720146544138467
QRM8880,0.5757568211433748
SYU1247,0.39001037388811804
BKP7999,0.49465101821418767
RWQ2872,0.495645803167227
VET6669,0.31567265703165354
BBR8345,0.49966764815510517
FMC0185,0.4685680802170298
YWX0652,0.36295274179471015
FEU3392,0.5095152402015439
MAI9069,0.4089946108028805
KSE3648,0.6381966988583698
JRU2012,0.3655281548481572
LAG3972,0.5043538709269079
XDU6150,0.38042028510723824
BZO3678,0.7418577032851588
UUL7578,0.4812458617302287
ENT4935,0.1373369457269666
WXU2063,0.43990136917591544
MFJ3188,0.372060305554911
LFN1743,0.4561964994894802
FEB3954,0.29646283526655576
XJJ5859,0.49554572391640195
VIM4571,0.43014012822937414
EHY5432,0.427405871371555
QRH8342,0.5431068076662342
XMG1831,0.4211095996481203
TJC9764,0.4031062489549849
XUX2979,0.38639575857436664
QIX8136,0.1543272053622699
NOD6437,0.7622217132989871
JDV4500,0.5570401541527381
TSU3436,0.49870519453458656
YQE3043,0.458318435344083
PEN4600,0.2774732108929667
VXG2069,0.35769902405062526
PGV2258,0.37977698130748827
PPB0159,0.4437452764724762
EEZ5587,0.25513539633481114
NKJ6134,0.447201155709914
GNL8515,0.6262398826506308
UDB4012,0.8086889325131731
EUV8082,0.24564368973407397
FKA1499,0.37634759437796295
TDW1832,0.42362793655317854
UYL3937,0.3949516723588436
WZQ9514,0.2823281252707476
YRA1133,0.35138914814083083
AUE4212,0.48977710551135767
AIO5707,0.31890618668683957
ANY3654,0.6192511987385585
CCJ1581,0.5059671873514267
RVJ5539,0.5440174486044991
JQV8142,0.5837482752394658
LKP7864,0.46472677610699026
QYO2749,0.46930074077200373
VTS0473,0.39161333290201106
PGN4080,0.5688823093903927
BDC3366,0.3126170414236206
ZSZ5292,0.2742915496280331
RLE9918,0.2821042107006068
EXF1515,0.5499470007203175
UTE0139,0.5036983452239007
OFR2518,0.5409383828608996
JJF2590,0.41160467047900057
LJL1360,0.43786334549639644
CIC4708,0.5354370578761263
BCA4110,0.4592545985388868
YSR8537,0.1327031630869907
ESH9012,0.36375913268154747
XQW1169,0.4844416388209567
SIK2342,0.4099324579175563
EFQ6319,0.40821151752759766
XQE1526,0.4158106488153325
AKR9099,0.5789153330732888
JAI3468,0.2550236351882253
WTY4270,0.2851944010705664
COV5080,0.21157588466650196
LMM1024,0.39108628260677375
IGE2896,0.7898125077347311
JBT5109,0.4458277312360779
DST8276,0.41846241388531974
BQC4343,0.5612369989179538
FKR4884,0.21139226189277185
EEZ9582,0.30500974107104334
KEM7815,0.36634524254089695
ZIC4531,0.6020879825345506
TXY3351,0.6407253039670449
SVT4843,0.36673253748608575
MCY8318,0.22234019091918766
ZHD5694,0.6875919501859042
EYL3435,0.3334704216165937
FAK8590,0.46451331509731475
MMA6648,0.8089215979178666
ZXU7819,0.6582251452901471
TXT5173,0.6445206772177182
NOW6615,0.296109917070396
NCZ7758,0.677309663176094
REI3094,0.453189574301371
GKU4570,0.8313926325183946
QPM4563,0.5857847533064645
LIF0935,0.3937979429873142
QFT7638,0.47337094654560347
LDD7909,0.609763919196926
PMD6356,0.7065391966691162
XSM2533,0.22195936046562528
ZAA9704,0.7281830240414249
PKQ6825,0.30795678048426883
WAJ3293,0.5300274902094659
FJC4376,0.4417301845369625
WOD5328,0.5108616382644732
OOV7630,0.10885300734160507
JLE0045,0.6164765832247039
TRT6193,0.5022589279981202
WRI6749,0.5057049303758191
SKX1054,0.43962346179261713
WOT9749,0.4393721489115818
LUO0920,0.6431844631573959
FED9755,0.2694636677990994
KSC2280,0.7237670236971305
SVJ6815,0.5856955465815415
NGF1992,0.2797215475848881
PZX7839,0.22962476856265507
FQJ6322,0.34689347784408625
JNH8656,0.21808013143777372
UEK6875,0.23045726268523922
FVT7847,0.41876524804265436
VYM9686,0.6151098600868918
HUZ5652,0.4269505773068805
UGP0737,0.34655070743738814
PML3266,0.23354170010157957
SLY8923,0.6016369279773387
QBQ3841,0.4958433974610442
DRH0163,0.4441639193023111
NDQ9001,0.666755357503626
DVM2517,0.506557085312386
LDX6766,0.35489092117683374
ETF3376,0.22023346048443612
PPV8379,0.6209831271688652
GWG6827,0.3623289260386527
QPP6524,0.4489306866242043
ZMG3395,0.27798240225978543
RYA6828,0.5918892346165635
TLJ4903,0.6537766627584625
QSJ8380,0.5069142550627513
HVA7599,0.6022573930033437
INA3184,0.4626220410684092
LIC9006,0.3804002017099387
CRX5646,0.21454083034264765
CJR7973,0.43511152636049993
SIX4048,0.3118382291995403
HIJ7224,0.4593241546076498
IDF6143,0.7200138599909947
LHA4851,0.4325757201407764
DUP1250,0.1941420416751105
ETW3839,0.5542961382660517
TOS2521,0.14535142681529145
TXU5196,0.5234018150667882
UTN9806,0.2612997514892651
UPT6736,0.3425293477684392
QLO4437,0.38193627304595384
FDB4146,0.7810435732363585
CJN3294,0.43477482900848663
IGX8925,0.46393072575843164
BRN1292,0.4541241242442399
JVG5455,0.33723530136402685
OWV0422,0.32203246024747006
EUF5580,0.6182208125625178
WVI2357,0.562461703450222
GMI3091,0.23773239762463003
OKX7088,0.2945013478699688
FHX3427,0.28232287802969336
IUX3518,0.6205305455565383
XHT2960,0.5120802412009249
BFO4768,0.14108276456142166
QCZ2397,0.5061686364548016
HUY9240,0.2343983422456428
RUG7309,0.3704562777722905
VMV0997,0.4407840715672001
ADM0827,0.549981543853377
ODT3808,0.4383666470913762
CDQ3303,0.36211857885806753
GQT5475,0.49027891114160377
MAQ3766,0.19964633600912401
QJS1732,0.45153096593332653
INZ3983,0.30109942986223265
QGT0911,0.5643049216232635
VKB0890,0.5227279948847016
ZIX4904,0.6883502498932466
WNB7111,0.6379244115470823
QVL5835,0.5673609678998879
OVN3723,0.5709485371047571
ZHH4408,0.45116027318162094
AGR0025,0.2513506142655035
XBP6656,0.36710311395205125
XZV8150,0.1487466150952589
LHG6661,0.406923998431503
PMC6232,0.6523993745319895
FIF4321,0.5455949709235809
ODY3807,0.5192290559251005
RXP3675,0.3824810253577673
WDE8034,0.6157311854636045
DXW0967,0.4156492072344443
TEB1181,0.6001043199936588
GRC8180,0.42768121973154644
MYP5419,0.42203989431603844
DEH8750,0.5375730079119444
XDN9367,0.6245625851387553
LCB1865,0.331439991976605
NTT5170,0.6791991397248945
SOQ1632,0.4621532813608396
YUH9692,0.4130897541905007
JYD2074,0.3927580919430179
QQG2862,0.5294226285116354
CXM1623,0.2591671684827981
FUJ9930,0.4372551542389423
CNB6992,0.21792468157710845
ZVR3165,0.589507339424865
VIG3338,0.5878722540393351
ECX6390,0.575985869072771
CVZ4208,0.49778900124370684
NYS5963,0.5279031515600303
QYV6805,0.6238340363082534
RPM1362,0.6777550151963969
HZT5933,0.6162240725192679
HAB9073,0.5829749521750255
UMP0408,0.3029524545908654
LDP7953,0.2190932475543068
HJO5548,0.4162966508905397
SWL2951,0.6397690144907158
HQJ7509,0.35709656844238286
YXE3238,0.6043565398774818
QBA1659,0.8086494988813591
UGQ9648,0.5911496884046306
UUZ0902,0.7079345823378218
YIK0290,0.31376515958416695
TKL9885,0.7574231589794559
TAV6410,0.37970750773206824
ULZ5016,0.5309487571925433
EBN6340,0.4874837571522044
SXG4078,0.5859512266567393
RGS4046,0.7184271248399767
ZEN1745,0.3078403601050354
EQP7859,0.3587273224456401
XZG0749,0.5299889583854678
MUR1259,0.7317126020810505
GNH1572,0.35739853667947996
RNT1103,0.31829596219769235
KQP5148,0.4350052452316206
YPL9606,0.2771355138088026
GEC6684,0.6428186461451877
OJV3269,0.3485179234759012
KBU9669,0.4097114474042002
EXK0686,0.19703016842037782
TXD5026,0.6233991260585584
WBE7793,0.3111092616444588
FOW7270,0.419599593313811
SQT6432,0.5270074665095528
YZN0545,0.5025734288696828
JWG9773,0.7965655164801654
RYL1835,0.5695641602442106
VGS9426,0.38066441950539115
LLE5822,0.7661045031804508
CYU7374,0.8144821063397311
JCR4090,0.49731471569892916
SPD9900,0.4954938438517957
GDM0800,0.45407201098104566
GPN2716,0.2099051596094383
HYB7458,0.6893950935305515
YMD4662,0.8656663187187732
IGD0921,0.690826123001279
CJT1561,0.06337953569337634
DEI4249,0.5753201538149882
ZOO1036,0.4331977408137863
ZWD9803,0.5083051953306835
GUH4927,0.3525554128692599
FLS8480,0.33679508380961914
POE9287,0.47209807483852506
QFK9602,0.4505660668435189
FEF1920,0.48620436872883455
ZQK8721,0.49755069682440717
KGP5853,0.6161607016048819
HME7697,0.42923439606756075
LCF2931,0.3602937143176376
XXY7874,0.5901550452438233
ZEL2095,0.7108897011243964
GUR3247,0.37494602711283287
JDL4331,0.5119897550026437
EHE7119,0.5029307536968632
UHH0658,0.6186341155857537
END5028,0.38123243009689867
HZE4718,0.63772348929446
TPN7250,0.5299285888577444
JHI5936,0.13159358218363282
UDI6384,0.5532988038155358
RHD2687,0.38736043765752337
BXS8111,0.52227154214826
TJK7138,0.8284905526961327
JQI3533,0.5894242443611243
GNX8347,0.7373555251093571
RXD9228,0.5172542337981362
FNH3965,0.2484397417544416
EMP8062,0.7287287142705716
MEJ4356,0.3968565627225692
UIZ6838,0.6959553209447646
UMV2455,0.5635877615366696
HDQ9910,0.49417886930891536
DZK2637,0.7502759231424672
MFA0957,0.7764251884851175
FHG5382,0.1694896086257205
QCU3035,0.321469042278077
YCK3225,0.31472271487056186
VEK9874,0.4048715122782321
NTY2368,0.3107177232340754
LVT3457,0.4711395216305402
ZVH5381,0.2682590094068053
FCE1353,0.46157308182352785
WQW2081,0.27464803423953815
JUQ6158,0.44904898782565966
OHS2466,0.633067327777422
KPF2140,0.5240349801986781
BAO9938,0.30069630586127927
BEB9268,0.4871193807211641
PEP2360,0.18571789563820584
KBJ3393,0.37647482903625545
KJP8929,0.4965575852418401
IRS9319,0.7785404810073581
GNA6559,0.6275743953676065
GDD3535,0.2756394660533614
XHK3076,0.7821749655737021
OPT3877,0.45560684911626725
KDM5132,0.488425301442273
ZGH1260,0.5472086513629483
ZPC3616,0.2945907952004565
CCD7521,0.2659106738816831
RLR6078,0.4017819552307728
XHW4339,0.4458217344447591
NEA4125,0.3557184647632549
FYT9337,0.3322196142069917
MZA5737,0.34151412728074504
IWX8525,0.23655012890726512
UXY3602,0.5814657376466245
KAY9863,0.482179993318167
ICL0681,0.44208881947089373
STV8662,0.5133848381883134
NXA3158,0.5009197266692569
WUT1669,0.4099997346754996
WHX4931,0.544890151590546
QMF2498,0.6253276772700345
FAR8609,0.4647172183173989
MJN8543,0.5473213036965732
ANC1727,0.4777625579894521
CMY5018,0.49298119222606096
NUY5204,0.17502977355573054
YIR9679,0.4001174563573973
XDM6706,0.35663495042709975
ANT8269,0.3350054316312939
ZQP3525,0.5329334798092488
UKG7598,0.3216727313190033
KIS2908,0.5887339180241384
AIL7774,0.22813088243002064
WYW7672,0.6200324441740931
QCX5525,0.24223629354358409
JZV0769,0.34272085786646195
DLR0932,0.36749993502032174
VXC8863,0.6370721351860756
KOH2895,0.5711221207300375
WMY6508,0.6513806798233216
IFX7040,0.6154830218694728
KZO2590,0.20077063324454442
HLW7095,0.42910253086185185
MRQ4796,0.520101775774208
NUA9006,0.5602348426883804
BSN6358,0.5330511855822225
AAB1308,0.33634376774500885
MFD6294,0.5400158755455481
CPM1668,0.30311016543246644
ASC0080,0.561680383034632
MFS1546,0.645634582972849
GTV8803,0.2815293689047149
BTB9943,0.34266603924229294
SWM6904,0.6313918785581268
VRE5552,0.4468323249249448
PPV2663,0.7198909059823487
NPR4084,0.6228435699219214
FIN5241,0.3177005630231254
MLF9852,0.5009097138482904
PFX8404,0.41300401816496013
NZT8763,0.7298199010669463
SYP8802,0.4741069768251291
RKG6794,0.3186336348619889
HUT3552,0.7884358701440725
GHQ1739,0.3484430700941127
NHM3753,0.5246381011820602
NXA4981,0.22370879625005646
JKD5635,0.41653785636526824
NDH9283,0.1318113512023802
DRI7386,0.6383836507712581
NTM3474,0.46602589661286664
BQR0893,0.6884965395852394
EGR9812,0.7632365698300746
KLO8178,0.6134055099452032
RPY1835,0.27692027101751515
BZL8581,0.47302507637040125
QYH1854,0.5167181724197847
PGK9212,0.23923757945679403
UUE1033,0.3632721205074359
ZAP8815,0.6074405430421385
WON0228,0.5468054429859679
RSO2008,0.460175653256264
EHH7629,0.3070711911065318
ABQ4338,0.6797613450789242
EBY8977,0.40241538642721886
FWF2890,0.5664838076833539
HKI0609,0.5716753720968811
PAB5947,0.4921111570723384
HEA7016,0.6269037172226855
HDW8123,0.6166923452876293
LLZ5422,0.33744773983021725
ZPT7132,0.6327956895534471
JEU8627,0.7186954764870821
UQY3173,0.4684388965299505
BLM2089,0.5819030707872717
DCD5221,0.2177106044215359
PHS2469,0.19798743935725852
WII3386,0.2567234091756148
OSB6146,0.37289753441838114
ZYE8393,0.3898598662589522
NRS5494,0.5661481773818349
VCK3879,0.2933544075996368
QBK1287,0.6714821477115237
OOT2673,0.4605396929999451
PLD4712,0.4805005489428348
BCA6861,0.28836836439194874
BKB3148,0.21962066991473458
UYT2460,0.22383440668366933
CGV2591,0.43054089655217476
XSE3563,0.13514887728218802
HRZ3422,0.7955263673544046
WKP4106,0.19257673568742886
EOH2042,0.49955441395536065
MKW1588,0.5993654458414805
VKV4425,0.39861749264069624
JIH0956,0.680876412622594
IWV4857,0.32342223379773344
HJX5465,0.5807527426836466
YRJ6285,0.451346909098627
APA9822,0.4722773588454164
ETJ7252,0.4469757456899312
UAZ5155,0.4196240788704383
JCO5005,0.40877130911077103
PON2616,0.328899523358786
GZZ9302,0.5399810135923101
EXM0909,0.4677029825170839
YPF0123,0.525104267672022
JPO5490,0.332902533446856
SWN1165,0.7271904587666074
DTI8446,0.3554022074178456
BSX9409,0.4296246159152563
ILF8133,0.5164336772783774
TAP4650,0.8150362888972895
NQB1919,0.11800234873313982
EVN2619,0.6973174178953642
FKO1395,0.38186316459359854
KQL9739,0.3960819456954147
GTP7103,0.3429440845944583
FAB5180,0.49757701832984436
DNG5054,0.47154608533383985
PIV5711,0.35067410549072847
RDS0818,0.46220893747735464
NVL0735,0.24052156667471303
JHS0345,0.4833129626156449
AOW0183,0.4033535975876597
JWB1663,0.15686772871090698
QBI8434,0.3394987230856081
YGY5084,0.1725114919473782
LAJ2381,0.6320016114425414
MVQ8426,0.6718415065691623
XEU3341,0.39694674151866083
WBB7069,0.4418077597076988
HSV9997,0.5578654126733223
HPZ7235,0.47812282303100595
LEQ9893,0.5012629902950354
SRX0685,0.5150458891553505
TJE0525,0.5959010327903971
CBV9705,0.540788050185884
NFH7701,0.5359796526773224
MRJ7981,0.4602002563569609
LRQ4994,0.1884043320329112
TPZ2644,0.7488105687326019
DPE2366,0.3891915323492235
GSL8285,0.3973324233320646
ASE9553,0.495812215178574
GCQ4270,0.4725093124781714
JOI9750,0.17371537984809177
UTD0147,0.44666417153126103
KZW1095,0.533930017346616
GSL0577,0.7784132904552927
OTP1368,0.8195803620030585
JHZ6457,0.4289786579387836
MKI6175,0.6629063387311553
GTG8406,0.5876985520158903
VZP1954,0.6700757727442604
LES8781,0.30112151583098806
PCF0526,0.5482880612459037
WPW2050,0.7121309300172997
DTH9411,0.4957831038563096
YBA7820,0.6803286230442094
VSR8739,0.682172714541263
OOR8305,0.6665823766596536
KDF3451,0.33972808710328184
HRS7842,0.36417407650166206
XZU3965,0.5259129438943109
NWL3338,0.38197228261221805
GWS6777,0.23619689340185315
PWO4056,0.29931234330091655
XRN4973,0.2863218452984389
EJB1687,0.4178759194551953
BUT3103,0.3347551571528492
WQW1045,0.3765500267554108
MDG3445,0.19880114358427986
XUJ0717,0.3310817324420938
HXD0371,0.47719941173226765
FGD6466,0.3859646814604138
YZW8155,0.3532696749379676
YSW6454,0.3849380089126061
XRS1062,0.517497006504014
SBK5282,0.5885758442979898
UMT8393,0.20633693137572098
MLC7262,0.7182317478575664
CHE7839,0.5230005470761686
ENK0333,0.2829665262962783
WGN8449,0.34702174105616107
FAM3458,0.2001237576440975
LIJ4989,0.8298106689138324
WCJ1614,0.37381136940116333
LCJ0354,0.4704184066210103
MAS7337,0.5117049399443299
WMR6816,0.11487340314716712
QPD3244,0.5305117169456206
DYR2618,0.43457821231402255
LZY6766,0.2984980599715796
XPA5745,0.2705615629071602
OHE1207,0.7971548901197407
GMB5921,0.7466680698592489
PUN6155,0.41957297859851167
UWY5599,0.7640043583961386
BZP2422,0.6444761779791137
BFA6296,0.659305990419217
FOC9534,0.6445212730654288
NIT3559,0.5820241263966077
QWM8810,0.32791595975862164
XUO7622,0.30355557480080764
ZYR6469,0.3740154298322671
FQV3213,0.526579538214331
HMI8445,0.22101666080430946
VSX6822,0.7278847307283933
CUD3348,0.18510328968145884
OPN2109,0.624126373482679
NQD6519,0.7180629364894285
EAH9489,0.6301560994128023
PUT4775,0.47819733732866304
DQA2691,0.4108692615302099
MXS8930,0.6799040096993275
GGJ4008,0.7769838605828189
MKH2409,0.1675055871412921
UOZ4237,0.764727827033497
DSH0462,0.5766304863069834
PPZ1079,0.8259730685459985
YUO8157,0.6508909709206337
EVN8189,0.5984375743110844
BJR1526,0.5521524316325104
ZHB8179,0.6841635899073994
ZLR5824,0.336523179728823
CFC2212,0.5811791674198027
MTE3132,0.4443692004792199
RUD7931,0.5092822024034414
ZOJ5082,0.1686570189036194
VQD3919,0.23024540865287155
EFW1850,0.42178649046512234
BWX5427,0.4469716757079847
KCJ9813,0.5590848296466684
WHY7887,0.5730182375878258
LIJ6032,0.2154436279878792
YKE3129,0.4287674062914437
XNC4926,0.6202448091073665
ZVN8083,0.45555358555143644
FHS7261,0.6207547732381904
JCH6559,0.37637717396176484
XSV3662,0.32281338320525593
OFE0816,0.37568992193182377
MZK6467,0.3629616490090505
WKI8810,0.6296593244887914
QZY3155,0.6599955440328834
ZGQ3169,0.7144435603674467
BSK8553,0.2929935729545151
DPI5831,0.6720160268907162
DAN7614,0.3085842073175766
MHS4201,0.4671172152021266
LBN7990,0.17475447654526724
ZEW3244,0.317042416912168
GVI6361,0.2401934129806353
SUU7959,0.5084609324372538
KJY0103,0.30441040054001844
LSI9574,0.2797312029772042
UUI4640,0.7590960072929948
APN0763,0.45462510937999656
HTC6582,0.5623530608791327
LRJ2531,0.5405068631301315
RCX0166,0.5201631303819922
WLS1334,0.46615853667161367
GHU5711,0.5630366667386018
GXN6885,0.3811519914557977
SUL0918,0.19416191519461876
WUB3727,0.3382204704419752
RTU6031,0.5883452008459426
MOQ2182,0.589379087773459
SKU1753,0.25585985721901555
CYF7753,0.5418705074307332
TPW5388,0.6570991433769015
BNS2586,0.719805253922635
KEN2166,0.1781350811832367
OCJ6547,0.48916262691501955
NJP2923,0.4521144182372463
ZQV2760,0.4638219966837962
VWU6539,0.5735359627906468
FHB5662,0.5081126599457086
FLJ5568,0.2512619722678485
NYZ3610,0.7005778939137978
XBS0822,0.7546866297233016
CBC1282,0.5425090255537844
RJE0984,0.7096502771364563
EGL3373,0.7159447859996984
ACY6703,0.8572752572380589
RYV5129,0.2546750781289039
PEX4835,0.5781749557648286
KGZ3991,0.5401017577619247
GCP0419,0.46531733931086317
VJN5659,0.40425854374163345
XIL6278,0.44779851222072736
CSD2119,0.39359089788295704
NTC9929,0.15488736109811072
LQD1080,0.6156010442595703
SEJ9531,0.4107400047928239
RZQ0003,0.30819911838696157
PZW2114,0.282887129885787
QML3842,0.18037214316537717
TJA2905,0.46416605043894876
PIJ4611,0.5256128471645226
HAM5599,0.2131809176039408
TXM2652,0.4782216814936485
GAB3659,0.6998255278652602
KCA1906,0.4988097538992751
SVC9075,0.29189437820033803
PJV3622,0.29705233324762753
SBX7333,0.44527556861151407
HYM0481,0.7689314620988447
DFY0681,0.5740989168713102
RSF3235,0.348532384728154
PFP2410,0.39327261509911987
YZC6174,0.25206919288934276
FMI6039,0.6356688413022152
KSY3204,0.4197457248833968
JHS9734,0.2701622726758692
WKC7792,0.5223634505422211
IOY1200,0.5759200431339937
XUE4561,0.345445625942506
KCT7437,0.4778350309087485
NMP8623,0.2868211543341004
QRU9935,0.4646783240383698
DMD4641,0.5050070856762436
NCA7180,0.23787251933451745
FEY4017,0.3504151792018515
EUG2066,0.4388624764830955
XRR3806,0.3434042469432266
HVJ6716,0.5671701814440747
OLP0692,0.43552843963400933
ERC6469,0.6456517265236067
AWA4755,0.5758807718544806
YQQ9139,0.5229774928061295
OSX9492,0.4932357560414979
QGU8564,0.19582121210138945
YAO4151,0.30553693973266355
AMC9558,0.4432973830961317
VWB0124,0.24834903627422256
ZJD1609,0.32794952673904326
HVK5251,0.6982867045126845
MZL9303,0.2752562535313323
YOD6029,0.19966230390366452
CNL4438,0.5310386391496934
ZSW2054,0.41589978295473284
NXC5824,0.2572928421257165
BDO4892,0.47255247146491347
VLK0339,0.5493205166572533
XYU4157,0.21183976953014433
XMN6548,0.5016788865717694
LXW9245,0.2703084353092134
JYZ3206,0.6988925078431075
SIV3918,0.6170312191036824
RDI2951,0.6755935657945487
CKS8961,0.41175239582334605
GGD3196,0.5172510794050796
ETB0894,0.6230675333304262
MLA9778,0.6068659125583916
DWK1986,0.10078860073539142
EBT0068,0.4853571951202479
DHA1853,0.6807211847878912
HWU2594,0.19525385813483515
QPH8016,0.3876906626552609
QZI2250,0.4369985806305439
ELO0702,0.5020134891468125
FHW7284,0.45220626522810387
JXO7389,0.7619097431373701
AYC0810,0.509543218307381
GWJ3254,0.4709833222242915
IBO1945,0.3971163251795824
NSE2304,0.6816251864020971
SQB4852,0.3060850689327327
FQH0034,0.49871693877634704
QGG5280,0.623635958992812
VJB9962,0.4230035867816282
ASL7482,0.2565742214425216
YYR0976,0.334473977478911
TID4683,0.6315946474659154
MQF4406,0.6775703729992445
PXU1703,0.12095428348007094
UJM2633,0.4843604743844056
ZSC9815,0.4740379173068426
WAU6889,0.7345143367765025
IIR5545,0.6580879927973309
YWD8219,0.677359081551087
OVU5964,0.3801849768614307
SOX1774,0.7503631631674847
YMN0357,0.41667627342472185
UNK0731,0.4498105755345869
AWV4949,0.252820946234669
LIA2179,0.6004896814724567
KOJ2933,0.34359360268342354
OFN2940,0.3861389192506183
XLH4413,0.2687879562802814
CAM8238,0.28652317652829956
OUI0191,0.5165389994161563
TVZ9158,0.47470413979600384
QZU7391,0.30732281054994065
YTC8533,0.6172841529272444
ZUL9082,0.36496703809523645
QDH0283,0.8219513881449673
JOY2839,0.5666406000088621
UZE0497,0.12057148876845139
GUN6865,0.39626909479513134
OQQ7043,0.45479107915794714
QSY2045,0.5377069924243022
SNL4417,0.26128470371642126
SAH0586,0.40476433733479095
WUM7977,0.689259914674453
LUE1768,0.5433887998707808
TFG3357,0.3591466277709154
BES6653,0.5771432888497503
KLU2053,0.27694808706006396
EDZ4179,0.5962439742282852
KQO4708,0.46090028250397774
NPT4412,0.44495191318585153
HJG3099,0.5235856294240342
HZV4375,0.6324342545347729
KDS4463,0.6246995514350278
AXB4934,0.5602525397896141
GYM0773,0.47037319165862224
GJC1483,0.5903490142128046
SAF1656,0.5085869689910113
OMF0261,0.35004829101665075
WDA0383,0.759730082574004
XUQ9842,0.39111201054412537
KZA0317,0.44147828680348794
XNF1437,0.17560436669264168
BGA5764,0.5431384977298794
TKG7900,0.18729025867549484
OTV1030,0.5502745383383015
VWK2998,0.5271603236308673
QKQ6320,0.5089678228914127
WPC9633,0.35993918635924427
EKW6480,0.1723932282614052
EFQ0392,0.1736722238405178
MRZ7379,0.7906536746348988
WAC5824,0.6595247885574488
OMT9415,0.4385988296190386
XMG9583,0.23016999165079918
UFF1261,0.6716557174905564
DCP0796,0.2025216453008332
HBE8442,0.4703749315895034
YQS4458,0.4892850911820611
SQU4407,0.5456324503690568
NPS6601,0.42304889069743257
XMN8380,0.4422452974373019
PVM3035,0.7706717521686295
IWD3752,0.3484742195263087
GLF9686,0.7249364904940988
RRX0963,0.4523620121853481
UAB7848,0.3646788631636706
TDS0452,0.8032640888120051
HSK3153,0.5982554405156043
SQA3360,0.5795195948454812
ECI1955,0.45427414634243773
BTU2947,0.33760540638869285
PEZ7733,0.14107585667192282
RPE1400,0.1793506208402588
QKS3138,0.17902200105475224
WOT7140,0.6096360375337725
CIH5726,0.5594971396485082
LUE0157,0.7611868150226704
KFW0111,0.7186676901356964
OAI9172,0.5244351387931686
LAH1856,0.24306295664702773
NFK8809,0.6214684942824971
EGP0512,0.46239198827918654
BXM5911,0.6203941982162713
NWJ6522,0.5296324042457905
FAB8496,0.5315495291797149
UGD0885,0.26798677182360314
NLE4038,0.6781868674392875
RMT8564,0.5640302819282156
LPN5269,0.495876860332065
SRF1001,0.586347499526657
IPO5628,0.34644881041689174
YAB2836,0.7566397045369739
EAK7493,0.5425303190576233
VZS8779,0.5819751491019697
ZHU5296,0.5793857210675322
EHL7819,0.7042094497223973
ITI5109,0.665665554771798
ZJJ6069,0.33994140752729596
UXQ8523,0.4737272937731763
BJZ5615,0.3997816230647183
BFK8030,0.4594144430838135
NOH6334,0.4493542079816419
QCJ0449,0.30714541968702824
LGV7177,0.5819175478068778
YUU8227,0.47286685211552104
EYU5539,0.3549437333519803
FXQ9279,0.5352294671472038
KVN0414,0.48245572446301244
BWO7564,0.3979175186819146
SHA4528,0.313875949453472
LCV5905,0.6567987154424887
PPJ8929,0.46612048271200907
ZTY0059,0.13820080735110313
AYY0072,0.3676355806683071
TUR5072,0.6881258571495633
DPA2836,0.5630254159427546
MWP0809,0.5316389034559281
NIT5344,0.4845830471379734
EMF9379,0.530308507982938
FDW7329,0.3254684315951047
KAA7544,0.5733976729122967
QYA6379,0.4004039683919633
HLA1104,0.3824815300622229
ZTB7327,0.7182675535595955
VSX6645,0.7075938858523086
MKX0188,0.35182674619591014
MYK6810,0.297287022453788
UJZ3099,0.7303341036924577
NLQ6953,0.35012986864796425
THD3997,0.3708180525554419
DHW1898,0.4100832168094309
CAZ6419,0.38064435477113057
HCE9029,0.6164810555344686
BPO3584,0.4197152578790568
DCW6953,0.6165241736260586
WJW5631,0.7293839291496657
JMU4733,0.3791240816354987
AUQ3924,0.480987147828184
WOB4261,0.2754307640495152
FAA0395,0.6618607607704032
SJJ3512,0.4840419329428045
MDD5141,0.48837027221748214
UFL6151,0.5178792685913124
RNV2828,0.4569916111919278
IBG4905,0.22994981632075523
EWQ2853,0.6878776222410974
DKT1418,0.3041530873906645
RCA6055,0.5204791135010842
PTU0261,0.40756391164381706
RQM8471,0.20983116679737798
FIO1669,0.2225547673427646
RWA3084,0.5893837096650192
MWJ3622,0.3933499984143653
ZWO7580,0.3935830454386714
ZNN5139,0.3338504695690413
XKW2878,0.515424846869374
SOB1176,0.2556687816745552
XCK6612,0.6107631932059364
ASP8488,0.29893372603139395
ZJQ7036,0.5410497291821921
KSE8052,0.8182007928475845
BDQ1385,0.524803016845672
VXR0368,0.5694720096220338
ZHB4902,0.21690068847722313
POY8883,0.31588576108801125
GIQ3177,0.33326461023309595
ONY1016,0.5446549099127274
CHQ4117,0.5348691126145846
XID9340,0.5465014737117868
PEC4135,0.5122344487937937
ADP3518,0.4945092083720476
WUD9379,0.4562728359721559
RCT6710,0.5028877645698886
YPK9577,0.36504884541235805
KOX2113,0.22501250872755185
UJG4961,0.5009649077897758
HAY5847,0.7284305153171052
PHI6345,0.3501089568769531
PEQ3550,0.4912619996386212
KAJ4969,0.7583536251294705
UEE9718,0.6039861447517813
FNT7313,0.6363376033234398
OQO5683,0.43727782649099367
NWQ3973,0.45200919644332227
GTI1384,0.5312794995896736
AHK9950,0.43185231941288715
GPZ4054,0.6092304465471176
HFK9029,0.4904180339021452
PXA5874,0.3953614063853932
QQK0987,0.7233860868622248
KOB6393,0.3145356303776848
UCS9907,0.7235374370867607
ZUD7019,0.7120517571470716
JUM0665,0.39827668585734
TPP9015,0.5791853921512903
MXR4724,0.3805683052085403
HOD5285,0.487479980642
DHM7054,0.593362704327086
CQJ0272,0.33281514392497163
KLO3196,0.5152109024086668
GFB1649,0.6588216692556499
NOQ5877,0.24238889262702276
CYI8589,0.352596844397134
FWO7157,0.5522806689913023
OWE0183,0.6308674783087265
QXU5403,0.43738038116420763
MWK4766,0.8700725697086951
XLG8768,0.3996208183004916
VKS3432,0.4355420991207117
GMC1606,0.4328012027752833
PNE3192,0.5553885928944119
ZDH0081,0.6749875692333451
BUQ0384,0.520839763142795
SDJ1245,0.7301923602414065
YHI0373,0.19796487121969722
HTB2148,0.6162556913403877
ESJ8744,0.4579187725819449
OKZ6934,0.6805347773632017
IWJ2087,0.19952334123420318
YQW6666,0.21628146448873367
DRL1639,0.41960325966536016
HSB5951,0.8464277473540027
RLN3664,0.38185643962711835
DQX4439,0.38342156883057227
BRL1853,0.5063190538981114
WTV4777,0.6358896267436731
UYI1073,0.6478478673127361
EZM9046,0.6815993147674276
NGH1312,0.6344935322745872
ZPJ3568,0.2714795294891069
GCU3692,0.3614438412740045
KQP8149,0.3068655871006778
XRE6790,0.4493097481220462
WOB4424,0.442414947509524
TZX2171,0.5308651761469616
KLB6758,0.6981509456501693
NJZ1004,0.3183121081749284
SLC8186,0.43391634679927066
ESD3201,0.6322736998139303
GIL8255,0.5270636957437139
VIA2238,0.44386111004457707
BIK2002,0.3454515449421663
IGN2069,0.4072093766457553
WDC3985,0.2700230983469084
GTD3498,0.27075480050925554
ZRR6014,0.33280773436690536
FUQ8627,0.7404285888309816
RUY4061,0.5728942927874433
DDH0817,0.4107606409411958
DKE5313,0.31090813642654563
GQB8062,0.22505796170644116
MJW1038,0.712160416798263
MGE4928,0.6287661931016972
WMX3148,0.4966732658706405
BCL4088,0.32782685594475564
POH1215,0.5135650540976389
DBJ2669,0.39295290322538823
ZTQ2278,0.6602030266202418
QPC2404,0.7135927330877452
FOA9641,0.14219639533157577
UZR2198,0.30733654685404865
RJD8220,0.6076548751190546
YPO7168,0.688708513075247
ZSO7284,0.5947740166675176
YKC3947,0.4531789456998085
RAX5623,0.6521335564872871
NDN3928,0.6218538656609963
XBG4294,0.362963236556236
URI6844,0.3348714667094774
LPC1008,0.27000769813382286
MQN7236,0.3110119756983334
FTS0705,0.40195345886469086
XRV5896,0.2380778124202652
FNK1549,0.3587795992412597
QVG3369,0.3308987050705749
UEF7361,0.19520944555948838
OYI0421,0.18887459441030707
RGN7073,0.5728534464738388
DTB7149,0.3584650768955705
WAS9056,0.5791064947731669
ZDM4647,0.6311589923476282
TVA1688,0.5762644835030406
AUN6131,0.7066688898026205
WLN1597,0.8100027714966387
QJD7373,0.31746854654824985
PUS0461,0.3495269157069206
VHL5519,0.5306292479283453
DGF8059,0.3779515484387099
ZDP8152,0.3713901221763783
KIT9995,0.47424795889756355
HXV5931,0.2247922205012008
COI0100,0.3872086824960311
CMW1744,0.38926900234454415
NLQ4471,0.17179577703699656
TKC3707,0.4256826655728591
IEX1198,0.4056198309626797
ELK8724,0.39801970952023974
MXV3637,0.2732911659372729
WCJ6522,0.7697702184586054
OEQ6921,0.44747411342930854
HHM4121,0.5921531060741888
LOH3133,0.6510175931092241
WGF4780,0.5056048045379979
IED5984,0.6525702927760462
PLN6758,0.49317084846126996
OLC5808,0.19756336658463214
CJW9798,0.28912948334933397
GAI6119,0.5432398766857225
BKC5625,0.7750741975746097
YSD5776,0.631836154791037
XTN1465,0.7291904481950718
YST8825,0.5368058214338123
PWA9731,0.34772718788301316
WZF0204,0.4174162796226517
JOO6585,0.21983601732454128
FAY5510,0.4159039815009897
HLI5171,0.2705424761693851
HXG8092,0.402012833192319
KKM2246,0.600472084443909
LPR8244,0.34758680777530737
VDY3830,0.6280324164339167
SCQ8086,0.28894710889368375
SLB2171,0.8080301026658586
NRH4257,0.28781600142918995
CNC6073,0.22515909820642202
ZOU1261,0.14569370055015335
SPT2697,0.39404048960035176
ZQW1536,0.7315944577853789
ATU6677,0.3324561711482974
KLW4229,0.37370430408955096
HVE5828,0.6214924398795857
GBI3333,0.560843578038626
LVX7085,0.418366250945382
GQQ6522,0.3742463904313219
CHQ1313,0.5985709654313524
IUD5304,0.38856312834357964
UPF0845,0.523926540037472
DFN3122,0.6325338410695137
WSE2433,0.6672132537738997
FXK1875,0.2802078407687293
XQO2229,0.16176293956649818
EHE2388,0.47349123108023483
DFO2542,0.4105599837922257
VYB8146,0.6027077467956174
UPI6716,0.23016675451749155
AZV8887,0.6373731379944261
IIT8345,0.32342715690000623
NSR4067,0.45083268098668394
UND4463,0.3383384544706243
DJH5832,0.5345909376382257
RPJ8255,0.5960592215478338
BXX3872,0.862192900917618
YMQ3196,0.23248469641555836
ZDV7390,0.22366478185117236
PIP9062,0.49961467004285387
LNL0304,0.5871138989867488
WYQ6546,0.47882216162123453
NET5300,0.30938509551619764
WGH1231,0.32413293457609893
HAL3239,0.3160675867300653
LBR9014,0.21995778499572524
ITU9867,0.3092556939650187
KIJ7291,0.6160952227152053
FVP7293,0.6154940214549514
TNR9657,0.33547403202382137
XSE5958,0.30229713647169554
MAQ1010,0.41751372967195105
YSJ0631,0.6888009569315504
SGE9558,0.32087481410275376
BDN2933,0.4535084455079931
LLT6330,0.75046906123779
HRY3373,0.3037587149596423
UHW9589,0.3990492212112726
NWK7279,0.481734198721044
LQT5241,0.7591724448795377
SNZ7816,0.4059052240447048
VWP2460,0.5787680030631728
VSV7263,0.5516618300509443
PAI2981,0.7347643167704552
AAT2571,0.4883201324903277
XNM3039,0.199965474456563
OYQ3855,0.452908191571188
OXT6838,0.5815949794445818
MIO5543,0.30013759178149063
BOM2763,0.5978336604913479
SFZ9405,0.6215503593328501
ACB8398,0.2997563331424749
CYD6578,0.5955050167799274
OCJ4962,0.3260792609970657
QEA6309,0.6010732177090604
SUI4465,0.796800724667982
FMR3924,0.1329911166691897
PTI8284,0.7056829330531967
PZT1362,0.47923860894037335
PIK1727,0.19751337442579492
TDM7158,0.27478155986495795
OFG8429,0.5322003918300706
YGQ0653,0.6230435621138463
CRQ3454,0.3003526063085623
LZI6201,0.550841346558206
DUN7031,0.6394547253169173
EAF4040,0.40091420099481734
AEY6897,0.43378504796917533
SCZ3033,0.294384708615191
BHB5455,0.6069924767767267
DMA3129,0.31601742660836374
EPJ7195,0.48154087548920504
XXL9376,0.32247394258877915
FXG1204,0.4635278348764435
SCJ5893,0.29943768996557496
JAB5413,0.3513465985716253
ECI4724,0.72364355539519
VJW5200,0.30874745824821953
GPQ7753,0.21213750714425147
MGM0506,0.4336676037992004
IJF8157,0.38029349402286644
UAJ6492,0.5150899056924452
OMN7687,0.46165656803497285
UJE0913,0.5908974303721051
EYQ7148,0.6253412185571461
PLJ2057,0.29635994402688015
VWC6238,0.1838149689817818
JAZ3904,0.22351519169651526
SLF2540,0.46401765597037287
ACW2850,0.285502899767326
IAO0540,0.6173629257342467
UZW5012,0.4669194598453547
UMB1656,0.40654635787983523
JYZ3579,0.5072492310654115
NQE6140,0.6528819077765089
TNN1819,0.5850657333280764
LQE8452,0.5542482820822335
DDO6847,0.43864116647715173
RPF7802,0.34941734386112605
FNE2013,0.25508100902039604
WWQ2829,0.581010025281563
FPZ8406,0.5374141990569461
THE2609,0.3225651613210606
YFV2493,0.5134903507569757
TPG5056,0.5554207567979076
CKT1474,0.7200091064417744
UWN8033,0.6270587748885632
VZZ8105,0.7189760048019557
CQB7810,0.8244986111087593
RPA2932,0.5898615476391673
HVN2303,0.5642227846045939
DNE2280,0.3696190810827519
QZS6625,0.45980990236892966
IXJ3391,0.4488806921344218
IBJ7457,0.2556031462604086
QWK4411,0.32611282613302867
THI8299,0.2796839921369831
WQI8618,0.3601790233066519
EHL5492,0.4117280944231561
DCE6168,0.2806172115129052
NQJ8766,0.5540376599890758
VTG2380,0.5086527116257431
LNF2835,0.4462828384791607
JJR4127,0.2942091108023494
GJW8107,0.5900927645413705
WOT4362,0.6636552874419168
LTV7533,0.3654105060379218
HLS3172,0.6380456090589954
BCV9335,0.2260996998913876
VKX7361,0.18012195191269648
UPR0212,0.3417091156369199
GAD7822,0.4202415744387364
FTY3806,0.404732464965019
EQY7009,0.2513657942201133
EDS6036,0.7216908227537138
ANI4768,0.5001889853000132
BTQ2124,0.2565205984446365
YQT0133,0.503101079799299
WCL2270,0.5883096952602669
UMS8559,0.6122002641757388
GFR4574,0.6932741425305665
SEY9322,0.2712730262838295
VZZ3704,0.5291270700565983
RCA7209,0.6404956124320507
WMT0282,0.2558883351428611
ZGZ3238,0.3008776511049043
PCH5579,0.6853775018841316
KVQ5659,0.7042155281735085
DXW7491,0.45152206724725075
UGO5322,0.3201930308506186
ZFA1134,0.16126388818005674
PMA9220,0.41246879468548525
EXB8441,0.5178877276703947
ZEY4073,0.23358678854660425
VRB9328,0.07387921916535994
IXY2561,0.4127492175184618
TCC6535,0.3281215932899066
OJU3724,0.7242021001770644
XDL7709,0.3978965330265943
ORF5661,0.2506682226245103
FLD1463,0.4125028019446011
BJP9208,0.7565374270026243
TAC9100,0.39187799178106103
SBF6739,0.3736980323867412
TXT2079,0.3150194664189117
KKH5705,0.43017505782750204
QSJ1521,0.3677893244142447
SPZ2638,0.5607336394920943
QKS3066,0.398860138867442
HLI8086,0.27550308266041995
RVP4550,0.6475831747330962
HNJ9495,0.26269815259211904
YOJ3693,0.5030929480122514
GJS0697,0.6659269788107646
EQR1972,0.376882224843756
OND0210,0.4914045982841079
ZKT9269,0.224323696408227
UOP5878,0.609114438666713
LHQ8463,0.13132909204151402
VTK5721,0.30636626591873206
DFT1373,0.38365491949158254
ZZQ4322,0.6023327844528482
TEG7575,0.8612269079599872
ZDN8364,0.4243887209057747
PMH3356,0.6228221907034454
ZKC0601,0.48191817278578386
WCE9841,0.5680839982646314
MQZ4133,0.7690568856942472
QUJ2416,0.6473729846521679
UIQ1872,0.39203257923807494
TPR4093,0.6916938356139892
UNY6653,0.677765928531452
KED9088,0.258907654025237
GJV9147,0.2566986607682586
YYK1409,0.32274095784766066
BDP1730,0.2376102075867523
IIS1162,0.5431509742200563
QDK0707,0.5435776976507044
SBM6710,0.3936268107067258
LZD3025,0.4255559140962354
SCN0463,0.5966536891258408
WYZ3750,0.12214083798797101
WJE7625,0.5672402109040574
LVH9493,0.6577126756562118
OGP3197,0.32374157125826475
VVY0930,0.5644186620738443
PVD6484,0.5485574069191518
VFA1552,0.7211272427546017
IGX6687,0.2934269316777163
VGB9010,0.3272834681601545
GRG2410,0.33378740138234997
UGC8879,0.48002846345527267
WUZ4473,0.4547367897669852
XSF5046,0.5838317881711909
TCF1709,0.5904212887446204
QGP8200,0.689615468962684
TWD0882,0.6505834636394923
XXL7278,0.3562978974472428
UBQ9279,0.40373880980914884
YIL3942,0.5611230024332011
BFA1695,0.5616202038456622
GKS6057,0.6636023641997811
CEN5283,0.44467925301018973
URI5280,0.36993818036968396
ERO9064,0.17137794843823687
WSF6571,0.5990125492711814
BVH9547,0.20757823307161774
ZJS4141,0.46918974099903876
RBF2204,0.18447079678044737
ZZV5719,0.427463065094073
PBW0578,0.45477178093653603
OJH9892,0.4108082660473617
IEW3033,0.48127777241337727
VRF2412,0.5091097962239474
AEC5051,0.46881635205363636
FGL7789,0.27347568458975224
MJZ4395,0.44696204541182505
DUX4345,0.4058022219406733
CSQ8628,0.5462307384925283
TOT1468,0.6093061931036439
YCS1207,0.39537703574642685
UVT9591,0.4023298523240679
KOY5019,0.6242067966953991
NSL3572,0.24264181396540835
UIC6064,0.6253913563918253
RFW6714,0.5563147416608338
EAJ9097,0.22987240855560873
JOU4957,0.619405600293425
TEE7042,0.624429640709384
KJD2151,0.2558694027912923
XQL4738,0.7380489009188368
BFU8118,0.26695181429377635
ZET2122,0.46784046942884855
FUK4311,0.3783764258148622
QUE3466,0.21256140013233724
SWM1601,0.6078887666179685
JDO4667,0.18373760265123484
KLB4904,0.4953020096600952
MNL4989,0.22300553053451153
PIK2814,0.4956822564088979
SJU8294,0.5114540422163398
HLB3116,0.6450359698463645
ZCR4661,0.7209632101804688
HRT2532,0.41637540048381994
QPI4398,0.5190746947123924
BHE2901,0.6382108286535789
BGA4649,0.5095493218810725
BIE1986,0.3916804419699979
CWT0763,0.6663715729783202
WPR4507,0.4042552008489052
PAR8871,0.5789235811849026
VPV9675,0.6987649046944945
ZCN4019,0.7117013265490035
QXH9868,0.5586335940387621
IGL2036,0.18436132359141275
PXG0071,0.7348145949263258
JKJ4473,0.5459609025794125
JDM0244,0.3774668912813215
NFS4819,0.5161902990156795
VGF0668,0.38959306941555455
XEU5703,0.47058235052848096
RUO0833,0.3035533322193886
EQV2141,0.712438497018247
GBO6128,0.4049352183286869
ICW7329,0.3129716050575057
PPR4284,0.6580934893773337
EWD8008,0.3771271854490225
WII0655,0.6276430617432339
RTW5196,0.47445188326139937
PXK4242,0.5980184407436008
FBW4362,0.6875486106740498
NKX1957,0.4054626686645365
FPX9711,0.47312116068110727
BDR5063,0.23922968404742895
ALG5020,0.40013251784420795
UPU4766,0.47487480521291364
NJD9805,0.15903020964211914
OXI7734,0.2881866015235626
LCI2089,0.6850646454451443
DMF6569,0.40072751787427585
GYS8804,0.6106761927949498
RXQ7168,0.5672097961176131
AXU3149,0.3574132912825905
QQV1056,0.6582668912920309
UDI7181,0.5958702711437734
ZTG9882,0.43749429810638935
XKZ3080,0.17442117059248793
WXB4285,0.3207561255763158
ZFP0139,0.43083019507280695
RKY6757,0.31450436826699185
RNL9971,0.38325227038167486
MOV1007,0.43489101841797456
EUF9193,0.5678413227629624
ATY5952,0.5645392726955997
HDI2450,0.5391290980255089
DCP3341,0.6968473104332723
YVW2924,0.5260257652207108
AMQ9367,0.12290062583316802
QRH8014,0.26365420588519595
NDQ2138,0.7750964288093372
TTO9585,0.3051206425170495
XIT6623,0.30822527065026273
VFW0657,0.4014532134218575
BZD1767,0.4733501998041764
LJL3808,0.22756993693135877
ALN1220,0.5360237662854882
EGO9071,0.20842874376411893
JOC9153,0.42423054855051107
INT7734,0.20721220841745527
NID3881,0.31797464091448324
VSR9271,0.1972556823114112
CNJ2189,0.4466441890719178
WQX1820,0.5196390426193445
DFR9329,0.42802038373844203
ZPL9559,0.5486605202539468
VEB5415,0.24118863848118582
NDJ1733,0.5243681600293922
ZGR2446,0.35864756334174064
AQZ9907,0.5234776152441164
HKN3098,0.3188999138195896
GQE7545,0.5165527275637719
APS8818,0.563760403455142
SYB1914,0.3098017532008184
SWB2082,0.275101386594755
LLU8086,0.5891061740035839
NXQ5035,0.45406694045675666
GJX2850,0.4170590382019326
YKM9772,0.3683349735604376
CNZ8777,0.4102577228367082
UOG5029,0.659756932116937
KTY2647,0.18305979783853374
ZYR9156,0.2562642263497914
RHH0385,0.7596985520973794
LOH9986,0.7334759209399081
OLB3222,0.5975063950492315
TGM6913,0.3294681685017281
TRM5291,0.24921158974170174
JSH2786,0.18730783079446975
FAG8343,0.6809419853379137
XXI9968,0.536498986790716
XVX0630,0.3609399011149837
ZGL2012,0.38365241522162685
CMY3122,0.7975809316302627
RHA7400,0.5840393325351652
WOT8084,0.6301756888564509
RMI9464,0.4800075385495081
ZRL2727,0.6126395268650675
JSC4855,0.5726372667047203
PIU6931,0.4870307883204049
WAI8374,0.3419749228252539
XQU0774,0.689973261154601
HLP2424,0.568457669545369
HRM1429,0.5203554207245747
VVC1093,0.3783765850667123
LZJ5353,0.23339854736794405
RIQ9136,0.4235977589850114
TYC4355,0.4852372696280903
USX4346,0.26175667715261125
JCD4951,0.2020255286327977
AQE0764,0.31331647212056907
JBG8345,0.6025961271063703
LRK3576,0.20522888608844378
ZLR7960,0.44676427292662024
LQG5244,0.18501282517106454
MHK1073,0.6273085632262178
RCZ7157,0.37058271899005246
SSB7551,0.5155351324761603
PXO5302,0.1015181709336638
JPI9674,0.5475870333168305
BLY7604,0.43973620088548315
OWQ7804,0.7146251825907394
KTY3963,0.3490383024972148
PPM4319,0.2649122770503793
JLP1821,0.1409765533699351
MPR4339,0.6403141347636507
SPE3315,0.29300233289161587
GSQ2343,0.48554448723393506
RRD2557,0.5091176054200256
SEH3346,0.43887032255203934
OMZ7979,0.7007159206213772
TVX0902,0.4321986317198245
QMD7998,0.3708045191607111
GIY7765,0.4173568914964533
WRA8283,0.49509309938443646
VRN2912,0.4956209926709219
WOW0457,0.26615918188874144
AAY9915,0.36113568164376486
MCV8852,0.36874836050682247
ZKK0483,0.464635855922291
IUV2370,0.2908192224942613
BQT2347,0.3323484652316076
RAB0460,0.442450137635688
VYY2503,0.22770625507404246
BQA4119,0.37188650995068334
OBX3043,0.5622785020449964
AWJ8508,0.1359767967808593
XTH2006,0.39936847404805986
LOS6758,0.27891938033467206
FNG5006,0.3814021136757268
PQA3617,0.19305838783295798
TMK1023,0.31137864268472143
KUG7819,0.765789145611024
GEM2691,0.5190010492542243
XYK0485,0.515108822669015
KDG4735,0.6280506429554144
WGV0890,0.35858627860925446
YWM6922,0.4236216514768163
XMW6050,0.23217425606514724
FVR5417,0.5773199242124762
TWB8895,0.41357480726957885
PER0203,0.2678601950168974
DAD8582,0.3045281037123345
QVW5666,0.2701989574165255
XTU3993,0.39018460720676607
QJS0135,0.7844954277491757
SVI6098,0.24293811469298565
OXA0211,0.47547226048330754
MSD2642,0.2286203150772565
GAJ7911,0.7481994113722253
RNJ5292,0.43906981249192206
XUF3740,0.5031833658468555
MTP2791,0.427144108809913
LDJ8976,0.5685832851023286
TUZ5834,0.5880841813844049
BWA2307,0.51138437124975
YWO6436,0.34270596291610034
OKM6664,0.2055741584747677
TGG6922,0.33945073829829786
TGG8868,0.4787270855045288
KMH3623,0.22438810234303036
SHU4421,0.5156743512214622
AWU4246,0.2674008695284556
TKC7338,0.13655157980950774
DXZ1314,0.6779071912271013
RAC3921,0.49458457929125466
TJN6899,0.46607319638381606
NUE6631,0.5160986651947366
SPK2793,0.23421933195748906
EEV4381,0.445803460582797
YLP6088,0.3469990024293307
DUL2848,0.4078459274782609
USU5289,0.5433855093858241
KNZ9821,0.5327695317753613
ALO7156,0.3035614530197766
QHH4547,0.6042184381707684
LIX0583,0.4037399332550807
DVI1262,0.6724997906667862
SPU6876,0.5847486796359179
FYF1334,0.4741412229385892
HGT5795,0.83157281100925
IMP8425,0.489198928261291
JXZ9197,0.6458576601260333
VVQ4339,0.3388007385808346
DAO4421,0.2492644391918891
TOK7160,0.61485554436484
YJS6181,0.648713634290324
XFJ4423,0.291437597415249
TZR7612,0.44074741725075467
OCB0159,0.3250953520454054
NKL4707,0.4599335363100891
IDS2174,0.1827933049705676
DRZ5494,0.5484059807955457
DDI6072,0.5402075686081369
ZZH9609,0.4136033280247915
ZVP2569,0.6486693227525433
CUD1746,0.4311811902996216
YCV2081,0.2663024906039757
BQP9020,0.47816040090854234
YGK2060,0.3819981060089692
YKW5527,0.8001608298328573
ACX5115,0.4586623125803842
SCM0059,0.4865904950707891
LQI8710,0.397290448328307
AGB9768,0.6910081845095243
ETJ7781,0.30103430649263474
BPL9331,0.4047529851353235
OMU8839,0.5292507354970466
DFP5387,0.2021180990599233
MHX5145,0.27270667011150934
GCH3336,0.15175157525120078
PON4432,0.5681267425320945
MLF6966,0.3980943407339789
HZY4130,0.7490833619948376
ARZ2060,0.45659423124671256
LKU6595,0.3242371988560817
PLL5967,0.13129403914284532
SLK2959,0.4113218709044019
DHN1111,0.6150926160349696
MPP7301,0.4344668290508845
ZZB8437,0.5389937753822446
NQF3212,0.6311274411824946
MNK0960,0.22965548531414479
PWU1684,0.4121851168427512
LWL2689,0.6606572281165738
QYI7393,0.2799696763477158
CMX2357,0.23984096503153446
SOH8850,0.47317807736055334
ZGL1552,0.250462576575975
GNU1789,0.7172481578440693
CBT8745,0.46138465308782944
GGC9923,0.5931991473691837
TCU0568,0.18598882670212505
DXR6816,0.572630658242725
BYZ3907,0.39938501077591726
CNT5049,0.7685084384849882
BFM2923,0.40691958856647975
QUO8903,0.37435831604210645
GLN2683,0.5391868840128997
DXZ7938,0.5285176355136509
QXH6973,0.5400666185028422
VDP1152,0.8324346047269818
CLT4807,0.5266919209942824
LVU3472,0.3330891386674575
IZE7631,0.3526986742239118
CNO7276,0.16932900592471156
CUU7270,0.6840917255422858
VKX4593,0.29647974883561884
UCG4902,0.6841736707655175
ZDS1307,0.6074075586053577
GKK5693,0.5225193236659574
YUJ8464,0.593316215841073
MMY8083,0.5791111171768539
EWU1072,0.3944733836496428
TXS7897,0.6097173409664449
RDH3093,0.6841744205338233
DOQ0911,0.36572705361909585
DHD4872,0.5959116698375225
NOE2039,0.23193375948640288
GFZ2202,0.3609113459562692
TPY4290,0.311721200115793
YOH9978,0.35324460337260866
ETP6944,0.2797372128959745
WBK0769,0.1933877765828471
JKS7151,0.42931083419140337
BLR6983,0.2686125665518642
OCR6516,0.680546223638493
XUK8738,0.4686417272777246
TXE9195,0.3523020362818923
WTE8394,0.2641455730052677
NDJ9703,0.37239566976565674
FUY4600,0.5733111263128111
JMN9165,0.7540276250780863
DLW2837,0.8638444598851673
BBU2488,0.606733072873669
GQX3493,0.33099917403820917
LTK8258,0.4446731334077489
FAI4079,0.5424088118581619
VGW8609,0.2937871125625377
XEC8503,0.35356404445335166
YIB2036,0.536793002058375
RBG7787,0.7992200063020296
QUG9785,0.3312828237054001
AYM1556,0.35013499863528436
DCI8918,0.37540460518994034
SFC3662,0.46277361354821384
YZE2133,0.3107209392732778
YYF5693,0.6334214040842685
YIR0910,0.582561157476002
RTC0158,0.46528546204747556
CYF8027,0.28990371800029857
JVA6010,0.5018419903092358
VMR7339,0.5575527203959156
ZVQ7756,0.5371848792344177
EPB1902,0.6878650523811016
HMA1683,0.558743935509779
UDW9896,0.794491164099964
INJ2839,0.6105972399440938
XPW5468,0.3346301837340409
EWN3886,0.3281943856914788
RLG4571,0.4002148490545936
YRT9372,0.4952873047883819
YRH8201,0.7113067011677753
BRU3883,0.43369279191711274
SKZ8473,0.2770194055798287
XRY4887,0.3656329184624347
ULE8976,0.630228390693603
PNW3961,0.06475994115321466
ZLV4477,0.3120832061818807
EME2296,0.26559285020874834
OJE7672,0.42734521088165855
UFA2792,0.40273840169470543
HYK2764,0.4549243388513642
EMJ4193,0.7908730830655981
TRY9793,0.24424464834585607
UND8104,0.46738909618869434
INW7518,0.5460817426146052
YSQ4508,0.42535417467653863
KWU5608,0.7632843849966966
MKP8589,0.5143969293502311
LWG9686,0.22262085545494464
KUJ8182,0.3829688957541103
DPR0998,0.2988987949437064
SST6383,0.44120986289405795
KJK7433,0.6010498005018249
RYF9809,0.676508777306453
WSG6782,0.5406979068867613
XHZ3894,0.8556333812783742
CRW6764,0.4103298023832618
IHK0142,0.23259521085901388
KPI1673,0.43202858321729903
VJJ0920,0.5017342212609031
QHN1317,0.6302367605514118
QVL0117,0.4137511911433201
CYG6976,0.3007275867798734
WQJ5266,0.695055045364729
EFV8152,0.3846795020768722
EYR8430,0.1384733723043968
CSS3873,0.3681984554020306
DAF1550,0.27362166326058274
ARG3013,0.2236058765487301
ZQR7323,0.49896252867122814
PSP9513,0.18611368473482526
QOI4229,0.5333205995064992
RKU4120,0.28413518867378157
AYL9666,0.3469113742848815
LIG8137,0.2744829010759221
TLN4120,0.41305358455444613
PII4855,0.494722302321028
KKC4781,0.6098619934077748
UGJ9148,0.6340134416528668
NAH1937,0.7131747390727632
IBS6724,0.30319563740719985
YOM1813,0.649254015760501
UQB5928,0.20555705690962967
EXM5263,0.3788977231271328
SKZ9545,0.38762169644319333
YXX8481,0.6008327666195057
EKE1509,0.6152913731785563
XFH9691,0.3445399640467664
YSC6667,0.5939749713146604
HJA8242,0.5707575848177684
MMG4678,0.7661095833813099
GHM3350,0.22269072734353954
CPH4470,0.2984294733663536
RVE8333,0.5860863475861687
BJQ8824,0.584677481150065
APV4434,0.5718678990849363
GQX9495,0.5862102973701131
LFE6178,0.4714696868044927
SUR5735,0.5690454417926452
SOU2853,0.5330073397365013
MYB4068,0.31646877078947067
HOI6711,0.3686987175416541
IVQ9537,0.4888113366558445
APQ9887,0.43617981321093496
OYI5611,0.5144256794489627
SQP0394,0.45502124427530655
OAD9860,0.7105476195316666
XQI3680,0.5395689923166614
CQA0273,0.46607379302961854
JZE7318,0.3586586174686885
ASS2736,0.4270899519943915
BWM4784,0.7909014574562778
HOZ0409,0.5489880127219197
MQR7431,0.6151201237623772
XHM8073,0.5167629819575096
XJP0014,0.5426378949570126
TZC5853,0.6293591918728113
GOO7415,0.6382252621273119
JHN1039,0.6731841483819698
GJC1812,0.6576708423498011
NGR7410,0.46982590552318876
JOP3400,0.39815290013728405
IAQ2910,0.6553052849025542
NKK9441,0.275357667513906
JWQ2070,0.3092153518505752
FUA2972,0.4686254622584181
OBK8154,0.41404527766230304
LTX0849,0.6134301318794598
RYG2522,0.5545456702876385
ALN2547,0.499217426038543
VQR5900,0.5939069179108949
YXW0430,0.27525155949149316
QIF1562,0.5256561505965153
ENC2948,0.6920724032767099
TYA6116,0.3037988568498126
MYN2101,0.8294125731842454
MPH1858,0.3688984229851448
PVD2935,0.24834727155354552
PQA1895,0.5047146875801308
ZXL4357,0.6127862033625319
FWN0813,0.2231796965864734
FJQ4108,0.38818998153449785
OOX8926,0.17265328456686813
XCI6898,0.38605596584770746
JLT2782,0.44371050413441154
GXY9486,0.6363063402362223
QSF6937,0.4301935078466266
DNL4265,0.40304778697678634
HXK2025,0.4865765844090793
UCF6307,0.8968445444418085
TZZ4995,0.5753155589085535
VPW8963,0.4491824849097861
SZC7086,0.3221200141444688
RKI4428,0.7678013527181499
DSE7424,0.5748428288285197
BYK2560,0.49794000773685304
HCV6851,0.5852170039948886
MCN6330,0.23507439583139303
QHX3606,0.5967206171767185
LIG7352,0.5361433031616946
OCB7121,0.0837654311121058
RND2956,0.33918866735538755
VJM9312,0.5262768750137123
CNI4759,0.46320317714046366
XGX8361,0.6304628200463571
RSN8872,0.6948857312444531
WUJ9752,0.5465931596476798
ECJ7109,0.24711129506896343
VKN0521,0.5941176805528201
FMF2687,0.7133576980173418
QRN3278,0.47174462003175915
OIK7662,0.690238150086139
WFS5713,0.35534517806243376
RKK1023,0.2926538982319905
JAC6138,0.5978323248867237
YLK5805,0.38947564174305177
CJI4621,0.5876909791260834
QAD4256,0.8337982950985239
FMS5517,0.5915484958912561
QEI8904,0.285000646841738
FKQ4280,0.5394788744491247
DNM6555,0.2532054957803291
FXD2467,0.36371617046717014
MAA1936,0.5733832771547426
LCQ0642,0.3413101182206853
IYR9562,0.2970008094513955
ARI3219,0.2597984383605021
YQX8862,0.76903348160174
QNC6999,0.5237555211239675
FLM8038,0.40737368935643026
EOW9067,0.589183402494737
DIY7061,0.7671489588318761
CMJ9389,0.4196841623736152
FKB4069,0.1298633036514089
CGT6928,0.6094594851932551
TLQ3658,0.4857217363551544
MHQ0302,0.5871094269065349
AFK3676,0.39267236235723446
QRB7722,0.6461733521096553
SJC0158,0.5214607339635464
RCH3812,0.6685343949827461
GEN6842,0.3510311983340421
FNE4328,0.48753904435869294
WXG9684,0.5387728061714453
FCV8286,0.5133085393178565
RVQ0084,0.2591227845422214
PGF1168,0.5380809559890722
FTZ5809,0.5179849434879635
ZTK7324,0.41220206254721253
XRZ6099,0.5745430936131419
IPD6107,0.553639977477461
PQY5066,0.38041452316660473
PRU0629,0.6922165619736195
AYP8708,0.7495427575943404
OBQ4700,0.259898416527355
UJR8468,0.24258007001332968
PXT5309,0.35752527743889145
POT6788,0.698144850295428
JVW1000,0.5727043356731059
NSK0652,0.695314292062067
ICA3637,0.23957139813487674
DCP1085,0.35184506731457915
DCZ6187,0.3270173969001176
DFZ5791,0.7698026139818653
DUI8399,0.42459202119515616
TGF8462,0.42903440327986
STK2892,0.17867577139943935
KGC2143,0.5672297505098781
MRJ5417,0.6358929325533828
KNE4875,0.26958656628636885
WWU8717,0.3795183648531851
XBA1009,0.36377884802605853
URC7565,0.4802234497881932
FGH8879,0.3825905648172465
TDY8258,0.39704006722481416
XYG9380,0.14661746084375704
VXC2814,0.40667695888439326
LIX0857,0.5498066874790457
WIV1316,0.4232866349061473
WJB0796,0.47318308855312957
WDF6414,0.39778503631443873
RMW4668,0.58217673335692
FUU6581,0.22599054372668778
XMJ4060,0.5469570764543754
SOY6474,0.5595158881436356
ZRZ7446,0.7294944224540324
WUN0078,0.3610890396418865
ZQD0286,0.47652118473859506
PUK7832,0.43608885685126797
CBW5745,0.8001672418791368
CZN9299,0.2817404005233525
WRT2255,0.5741486133148809
UQF2952,0.37014144011318945
RVM1295,0.34010885342909664
PRO7906,0.33431328839707464
QCH0078,0.7175715064642995
XYW3022,0.4127544294473131
UDJ1243,0.6248051998905616
LSM4498,0.47305764761726227
PHI3536,0.6481758459260805
MPU6302,0.43091470821720945
LYN7774,0.09808501304556776
QUS1468,0.805520433861801
OTC5448,0.271526526519658
XKE5180,0.3082553151013736
URN0347,0.16397362683374367
FZE4687,0.4379896540517125
BVQ7673,0.7113501451998113
EZM9452,0.22192354580624438
GPS3302,0.37092649470631467
GUN5844,0.35226136805925534
AYN8791,0.37177262425564
LGX8830,0.34430450446547667
PIY9509,0.3649693232334645
RUW9586,0.73874904987714
LQL5669,0.42060098612137586
PLO8760,0.43140562929607007
BGZ2838,0.4277876044968081
WHS1751,0.6865662014961993
LDC1774,0.8188999561640345
AXJ6702,0.3685890022731001
HCL1779,0.6493925090234606
EFH2183,0.21500382795542253
XOA3736,0.497686667028802
UGK6327,0.41845720565716726
ESV8661,0.6979846349324679
MZE3278,0.4486612824293552
CTL6582,0.6208522195484734
BZD1651,0.5843572477938551
SOM1304,0.19090212818369756
GTQ0095,0.5666414598033388
YYP6016,0.33011638341009797
ZLW8020,0.4996486171738567
LGF0331,0.6369689854463256
WRY2911,0.5662005631778471
INE9421,0.15933910979113888
ZYZ8989,0.7968961482414746
TBI2765,0.41026828135679394
ITS7667,0.3549171911113102
ICK6739,0.4507529694436098
BXK4237,0.3766113064547699
VNI7499,0.35809413901264664
GCU1033,0.5390128421510993
HUG5452,0.8601655654259438
VWA6897,0.5742124521140566
FVT7281,0.5198895752044884
LMY8193,0.869196865826759
NRR7838,0.5889729436096808
JXS1528,0.48025536501595606
GTJ5916,0.506585766218153
ZVO6581,0.4853090326585488
CRM6164,0.5797655706845564
TFC8917,0.24166563639969404
LTP2350,0.38375289391770256
CCJ8697,0.5244590009158077
VUR3194,0.35874609807284186
MEG1780,0.5120994003017916
ZAA9723,0.4076187340209088
RPX4079,0.274725644895829
SOM0507,0.44988097927663023
LCS1549,0.4526568678738476
CCV0759,0.45432756561027826
QAN7266,0.5219824403018428
PNL4797,0.3286156465306678
RJQ1884,0.1791655508200301
DQZ4278,0.39984984494788084
WFG7626,0.4428159745235904
POT0131,0.6164406651648476
JMS5345,0.46621070845621715
RGD9707,0.43742216249334204
TGT3516,0.5624754710729598
CBI0263,0.3411081361134891
FTN7519,0.38636429518866633
TWG7257,0.48011120744417296
LCN4343,0.46712512701524567
ZVL6847,0.6340433445004937
CZO8241,0.3928988390254539
CDO0664,0.3953546482742244
IEI2406,0.23949374933858683
JTE2790,0.14039394047139642
PLX0698,0.5720995977549801
GQF0238,0.3112401805346479
DWC7982,0.4151013127710659
FTO3822,0.14415217798758534
WEG6221,0.36680533696218603
AZG2944,0.7876396851630973
XMV0741,0.3133789577522141
UGH1295,0.44811362128848103
HQR9335,0.36949990523477383
NKQ9327,0.8354411622087303
XTY9372,0.4847377655245209
EYB1405,0.6144723058135414
AGO5581,0.4415833319878579
QCB4606,0.664279930714181
XPY7960,0.5187628589785119
SEC6669,0.3250716507248504
QLW6555,0.5600078756876387
XLG1609,0.42474754476598553
HPI2607,0.563621563824017
EVB4443,0.7489410512910015
ODN7655,0.43099354417135666
RPG2644,0.574311821716543
OYL2687,0.5329970899070382
GTM6270,0.3818282260956684
BHF6755,0.25758618556646556
GJK9666,0.46756420065393034
CYF6186,0.30732715678492367
FAX1132,0.24397821319255264
OND2893,0.628273190648065
MWW1847,0.3462693727705466
EDM4225,0.4633025732166374
PHR9695,0.6484204217979279
AEH6740,0.515271136602853
ZMQ3615,0.38722940284308877
GOT7201,0.6639598011200744
ZLQ5494,0.7012924615740782
KHZ2516,0.4194527016172769
BVJ4973,0.5770214292497091
CWX4561,0.7071666692151842
GJI2743,0.45473705219883664
OMG2647,0.6060707717666448
FUR1115,0.2535193100905796
FCZ9083,0.4820662630995426
UFL4356,0.2375693923227353
ZBS4925,0.4192474723413429
HPB5006,0.10686643814589697
RSG0748,0.3776513509354439
CBF6533,0.2795885221582222
EKV4020,0.4181659289662154
EWQ4926,0.17870908627222515
MSK3451,0.433732814410295
YQE8855,0.27960529837820713
OXR3527,0.8035964985354869
DOZ1481,0.5951306913666066
OXP9987,0.2872832427251299
ANN7983,0.39616758931741064
HLD8743,0.6649039770948952
VTK6628,0.7424363952458704
SRO9037,0.2504430938840957
UBQ9686,0.6842968960189149
MVG6267,0.3220631193072231
EMO1696,0.6621683419563157
TGD1798,0.4304050188166616
FHK2988,0.3600539054859646
XNR9052,0.783351362656123
AXR4132,0.3329337860115845
WGH6565,0.4318436291408813
FML6794,0.5094178251179476
DVJ9838,0.7113511010125719
DIC6615,0.42447240984029416
RBU0373,0.47997562928101134
LVE5589,0.618030298460071
ILK9645,0.2904239188102123
QNO7435,0.7346783117998454
LPL3544,0.17818100297986414
DZS1655,0.5063526404621965
BMZ5036,0.25828401503868814
ENQ2648,0.08241471681087632
QHS5121,0.28569996651840945
JRU0425,0.12315086596908605
AJC1854,0.5103099100175167
BCI8265,0.47113371587208497
LAP7008,0.5259374859141897
PRQ8360,0.6370157235626446
WRO2076,0.48306140463941827
NBP8599,0.5761302564924583
HXZ6061,0.4726217935232056
RQB8738,0.6143977839165122
WQX3133,0.5250217033056944
OFG6256,0.31920652366832636
CDG2022,0.48113809895968185
TFP6421,0.2647347059513505
OWX9646,0.36345320570083073
LTT8237,0.5998268296838285
BOF3129,0.32853898813177
VOW9109,0.6639935431401065
CWN0691,0.5160920777635336
HYS1355,0.4200521942646382
NZJ3062,0.6782118847155669
LRT8091,0.2997542268337922
QSG6295,0.715176247612053
RWL6854,0.2381268938308269
MNM3630,0.6551666288833145
YUI6791,0.34936887829764907
FJX0190,0.39342383934153796
QQF5096,0.6423673113845376
AJS6206,0.7587481434370389
STF2875,0.7613516953837406
OUS3364,0.29972554522033795
GUC8571,0.24100585272117833
FXH1573,0.37054483181109027
CTI4900,0.4979349564472368
BAF9737,0.6569482734592748
XPJ2696,0.4231967288125831
HXT1930,0.45404888680246147
WMQ8645,0.7061035457438832
XZF3932,0.40553668221665323
EHC2456,0.5339952383746461
WLR3209,0.36892624366396704
TMW3776,0.5130379306178259
BYI9884,0.4759772590094526
TVL4976,0.545300957905572
JMS3751,0.5086574826316839
EHD8569,0.5543814623034662
UXK4747,0.5640020803507442
KWC7487,0.21128757430018466
LME1343,0.1882684603926985
SJS5024,0.5259096944973441
EBP0107,0.47991153274430537
MXW7089,0.46426134456799784
XLW7075,0.54543560277634
VLE0044,0.21982928167260402
MVW2125,0.7362954665363294
ROL3261,0.7582559140511816
NEF0732,0.6358391045217651
TNH4937,0.3565753785572691
NHD9630,0.5396369094975393
VBV1330,0.2890819568066539
NGK5798,0.28707784065273034
TIB3609,0.694710587300267
CQX9257,0.6862803065991334
JJB2918,0.5711177632762455
QGE0385,0.21730252833554006
XPH3100,0.25535193628428576
MXQ1607,0.19983136871570334
WQB9441,0.4842094322877155
IFX4669,0.6111674922874095
LTE9151,0.4140277426253393
QXD6741,0.43226570106416357
BTJ7572,0.3517891148310366
ILG3077,0.6373131457998779
IQM1201,0.38209081698976066
BLE7111,0.19181014980938083
KAW7370,0.3039176091207256
OAI3127,0.6001142596868977
IOJ5332,0.41878262516122305
ZSF3534,0.22108029101382928
RQU4937,0.4162346164142177
MPZ5602,0.3256239200100015
ZOD9642,0.539794342214801
TEO8067,0.6012892329530931
TKM5696,0.5055752217151496
AOD2802,0.27192321342774317
HUK7613,0.3791494368306778
JGD9511,0.4896880486672304
AYZ8798,0.6319216879709167
ZDM3945,0.39300500483191253
LTH5029,0.4557565015415233
MXT2148,0.5525830702221742
GVM6956,0.4105598475800538
WDW2862,0.42700039109088983
QJQ9522,0.3504601998973353
FRU3187,0.6992481877877583
DPK0141,0.6685005480352902
LTR5585,0.38916734417079263
XJF5775,0.3443258649190893
TOQ6204,0.7278530575701883
QXS0144,0.5952814020720206
TBX5804,0.2633975375418521
PMY9951,0.28088011639149346
EIV4595,0.523453536790449
YUU6633,0.4231059757781645
UGJ3843,0.4448663692029348
UWK0037,0.7550982850501134
VNK7348,0.3626399415454877
CPA3848,0.8858146851002184
KPD9994,0.6778133024327793
KCJ9439,0.14272707754023978
PEW6534,0.40214515497957554
RSC8075,0.5651752753001142
YCJ9085,0.1951770773232363
PRL0472,0.685446312984719
FWK6361,0.4708000050358149
YLG8442,0.37686655897450666
GEH5854,0.4868535380020279
SAL7389,0.25760432418991264
YMS7341,0.371763564974173
IKD2768,0.3880275885014967
TJF3331,0.5029019786869066
KWE2891,0.2991180495460059
ZKN1526,0.7211466890571733
FYN0193,0.5944997164477185
LDW7977,0.5841761885824571
UHQ3906,0.3941526536112416
AZQ5561,0.44239844682967217
PJH4687,0.5950872210324597
XKX6806,0.6783854428951098
HAM9575,0.34605196134738103
NAT7573,0.3732943736438094
EYL8899,0.1878894147674056
GTH7212,0.41235998989914296
QID8015,0.30421797260355976
RNN0054,0.5368678580973617
CSG0726,0.7990598151543952
ATT3526,0.42652750159309927
EFF5669,0.4366741872464985
YZY4981,0.674611981543962
NKD2183,0.41888582369264465
ZRM7482,0.40630675970778074
SJK5331,0.405697226576064
GUB3614,0.5969603179043936
NTC7862,0.8501800696839842
ICO2684,0.23440616095513334
MVW8128,0.20438699319695106
BDS8123,0.36842924031735275
YVT3141,0.1471474755885054
RGI2704,0.5037257203692308
HTP8585,0.6476452837724088
HZU3585,0.5807750065957926
XSF9432,0.5986503804141534
NGC0638,0.705276057877502
DZE7578,0.41026592830161585
YDC3343,0.6751379063621896
FDG5520,0.5591894736604018
VEP9395,0.3670250936032465
GGK4791,0.27017201202656105
WZS8541,0.260706827309333
QHX3936,0.5329864355155051
QDG4818,0.5326891171432451
ZUQ7887,0.5623718389500056
AGY1309,0.5079003386506691
UVW4100,0.4054993125279994
BWN9219,0.7540887518497809
FHL4572,0.7146300482714423
HWT7241,0.4674838613846381
UOV5896,0.2281188622551063
RMW6133,0.19516776498052216
QXR6850,0.11762355139914156
YFQ4304,0.1725836238166538
BYG6143,0.4669524419259411
UCW0671,0.5568676686029753
QDL1220,0.3098277843012085
RPC9516,0.5105084024342624
LIX2357,0.7204150534674386
ARW4463,0.7132332560964842
NER5135,0.37164959594050934
TIT4262,0.37235241204102015
KOP8740,0.3617785088643143
ENR5341,0.38587586320504547
SVI1672,0.6419528710270365
NJA0713,0.25360888917297536
CZY8688,0.3724085650456425
FMS2015,0.18654715805718725
QHK0296,0.39577705579611533
TIB0285,0.2913437253849393
KWF8147,0.3785609211202418
MKT7416,0.490235048828705
BAS7787,0.6270600246292196
WBA8393,0.4507039344349202
BPN3486,0.41457025210918
HMG0854,0.6744625068832174
BZA4231,0.5052536153878188
OPQ4102,0.7142008300581153
LUR4054,0.26944546903527655
UKX7997,0.32293604821380756
BAT8245,0.46658403441511054
GUE9488,0.6223973941830465
DNG9558,0.7698859993138343
NEP1395,0.1891563528119845
YFU0433,0.3435737180653638
OWG0002,0.24242009838666104
XYQ1238,0.22998745667776782
MTZ3600,0.4286092215531782
LUB2819,0.6515063480573664
XYG6240,0.7164144459889097
BYU2818,0.27232224910378855
YNE0190,0.3978293565623756
XPB8615,0.42835653604796925
ANV7632,0.37305496411342953
UBK9497,0.27888643630585136
QRB7048,0.45543826838755574
SUJ0543,0.6563469467994785
OUY4612,0.8452519509546706
CEY1822,0.14306100015249337
BAU8123,0.3394530426618286
IJY1244,0.41206026971972376
JAL3784,0.6691262752894749
NMJ4281,0.5638567277649619
MEE9328,0.41314609538269226
WJK2404,0.4919176015910969
AKW2898,0.6132135238191799
RDN5018,0.31459683700145696
YDN6409,0.7335812641367616
HYA0471,0.6885626353529878
KAZ7187,0.17681005581964274
TYM3126,0.4553484073501313
KOA5634,0.3559328997643824
EMR5325,0.5910415830101865
PFV6163,0.4469160364742545
UNY3920,0.3546765702730054
KUT6020,0.29923218641017735
LJG4273,0.4163925729264752
SDC1469,0.19419329220019008
CMU0635,0.42413997139435355
OSN6352,0.4425214349573555
TME9410,0.5491095670801962
WDI8148,0.31825883582801645
PPQ8383,0.4933216727748425
HXN4016,0.7223103171839284
EPG2440,0.7164339358100913
DFC0443,0.5149602741201211
NQL4457,0.6226406151790204
